Name,Species,X,Y,Z,Yaw,Scale
R0,elm,3984.7,-8155.5,1395.6,-70.11,0.899
R1,elm,1860.3,1220.6,1399.7,-19.98,0.968
R2,willow,2356.3,-11981.2,1411.1,-88.11,0.849
R3,elm,3605.1,4518.1,1400.9,-72.21,0.915
R4,jujube,6277.4,-13473.6,1405.2,-25.84,0.934
R5,elm,12570.1,-13947.6,1405.2,-30.13,0.908
R6,poplar,-54006.8,3637.8,1999.7,-258.49,1.02
R7,elm,-52958,3596,1952.2,-249.83,1.096
R8,elm,-52719.4,4589.6,1852.8,2.35,1.035
R9,poplar,-58323.4,5028.5,2801.1,-30.41,0.944
R10,poplar,-53881.4,5225.6,1831,-125.54,1.114
R11,elm,-51599,5517.4,1923.6,-161.86,1.108
R12,elm,-53863,5993.9,1906,-182.19,0.896
R13,elm,-52537.7,5896.7,1942.6,-7.13,1.01
R14,elm,-50454.3,5953.8,1781.1,-198.16,0.844
R15,elm,-44045.7,6279,1341,-268.61,0.963
R16,poplar,-43494,5955.7,1409.4,-81.73,0.954
R17,elm,-59095.5,6508.4,2909.6,-97.69,1.022
R18,elm,-57813.9,6499.7,2439.8,-262.56,0.996
R19,poplar,-53840.7,6992.3,2025,-82.63,1.071
R20,elm,-53007.1,6468.9,2025.1,-157.8,1.127
R21,poplar,-54147.3,7259.6,2039.5,-152.9,1.126
R22,poplar,-51967.3,7214.3,1917.1,54.59,1.02
R23,elm,-50949.5,7767.9,1599.3,-255.32,0.822
R24,poplar,-49681.1,7338.9,1443.4,-198.71,1.052
R25,elm,-43408,7250.4,1363.6,-135.25,1.168
R26,elm,-60943.9,8335,3967.3,-29.43,1.172
R27,poplar,-57612.8,8525.5,2353.2,-258.45,1
R28,poplar,-54768.1,8356.2,2110.8,-199.3,0.888
R29,elm,-53016.8,8117.1,2149.7,22.53,1.053
R30,poplar,-50746.8,7989.8,1530.6,-237.16,1.164
R31,poplar,-45714.1,8480.4,1092.9,-115.12,1.094
R32,elm,-44039,8517.3,1132,9.58,0.979
R33,poplar,-43734.4,8002,1249.6,-91.38,1.022
R34,elm,-64290.4,9202.5,5341.4,-90.03,0.887
R35,poplar,-59433.2,9201.5,3206.2,-0.63,1.178
R36,poplar,-57778.9,8801.2,2415.3,-94.06,1.056
R37,poplar,-55217.2,8726.2,2110.3,-188.11,1.152
R38,elm,-54611.3,8762,2117,55.61,1.125
R39,poplar,-54022.9,8964.1,2248.6,68.46,0.891
R40,poplar,-53299.7,9040.4,2273.8,-40.24,1.142
R41,elm,-50763.6,8802.8,1516.2,-204.36,0.967
R42,poplar,-48824.5,9163.1,1319.3,-228.64,1.129
R43,poplar,-46418.4,8895.8,1144.3,-1.15,1.163
R44,poplar,-44931.9,8896.3,1037.5,-170.91,1.098
R45,elm,-41461.9,9210.1,1335.2,-29.54,0.821
R46,poplar,-64048.1,10038.4,5306.4,-150.17,0.851
R47,poplar,-62484.6,9474.9,4806.5,-187.85,1.037
R48,poplar,-57916.1,9570.6,2552.3,41.08,1.16
R49,elm,-57045.3,9990.4,2487.3,-101.95,1.048
R50,poplar,-50286.7,9586.8,1365.7,-97.6,0.943
R51,elm,-47031.8,9681,1089.5,-204.64,1.059
R52,elm,-45282.2,9888.5,1009.9,-164.97,1.135
R53,poplar,-62952.3,10594.8,5084.8,-90.48,0.947
R54,elm,-62505.5,10590.2,4951.2,-127.17,0.906
R55,elm,-60793.3,10251.7,3834,-210,0.947
R56,poplar,-60029.4,10794.8,3547.3,-161.93,0.809
R57,poplar,-55969,10279.8,2334.2,-222.85,0.927
R58,elm,-54931.3,10520.1,2438.1,-175.72,0.872
R59,poplar,-53407.2,10703.3,2431.6,-205.03,1.071
R60,poplar,-51791.7,10787.4,1558.4,-166.75,0.998
R61,elm,-48804.4,10500.8,1193.9,-80.49,0.811
R62,elm,-47446.3,10598.3,1050.6,-52.95,1.073
R63,poplar,-46738.6,10758.8,1019.8,-215.47,0.882
R64,poplar,-44829,10599.1,962.6,-15.71,0.94
R65,poplar,-44206.4,10421.3,962.8,-21.75,0.908
R66,poplar,-43208.8,10603.5,1010.6,-205.89,0.946
R67,poplar,-42182.6,10208.1,1192,44.32,1.034
R68,elm,-62114.1,11438.4,4404.5,-214.49,0.902
R69,poplar,-60275.6,11389.1,3611.7,54.82,0.867
R70,poplar,-59270.1,11032,3229,-118.53,0.987
R71,elm,-56712,11495.6,2638,-195.35,0.818
R72,elm,-56433,11152.9,2628,-264.19,1.05
R73,elm,-55548.2,11447.2,2695.7,-121.23,1.013
R74,poplar,-54515.4,11144,2570.3,-129.05,1.088
R75,poplar,-52295.4,10952.7,1744.7,71.14,0.807
R76,poplar,-52046.2,11002.4,1610.3,69.1,1.125
R77,elm,-50312.7,11177.9,1196.5,-150.05,1.157
R78,poplar,-47787.1,11384.1,1045.9,-219.66,1.103
R79,poplar,-47322.9,11414,1011.2,-228.11,1.076
R80,elm,-46246.2,11396.9,992.5,-204.93,0.841
R81,elm,-45881.7,11118.7,997.7,47.7,1.157
R82,elm,-43765.3,11287.6,971,-109.71,1.191
R83,poplar,-61490.4,11738.3,4167.1,13.8,1.006
R84,elm,-60665.6,12097.6,3782.1,-198.5,0.981
R85,poplar,-59878.8,12042.5,3419.7,-65.16,0.978
R86,elm,-58576.7,12006,2848.2,10.48,0.99
R87,elm,-56225.4,11862.1,2690.8,-77.98,1.181
R88,poplar,-55634.8,11945.1,2678.9,-196.68,1.173
R89,poplar,-54485.5,12192.6,2407.6,-54.01,1.116
R90,elm,-52572.1,12063.8,1749,-207.16,0.993
R91,elm,-51868.6,11840.7,1497,-34.94,1.146
R92,elm,-51033.5,11953.5,1390.2,-239.17,1.028
R93,poplar,-50169,12050.8,1267.3,-91.16,0.925
R94,elm,-49543,11874,1171.2,69.97,1.056
R95,poplar,-48485,12267.9,1155,-117.91,1.138
R96,poplar,-47479.1,11717.7,1045.5,-235.85,1.016
R97,poplar,-46403.9,11989.2,984.6,-43.43,0.953
R98,elm,-45742.9,11751.6,939.9,-134.06,0.893
R99,elm,-61669.1,12574.4,4179.9,-107.92,0.83
R100,poplar,-55988.8,12486,2787.7,-150.24,1.03
R101,elm,-55631.3,12816,2620.4,-235.32,1.11
R102,poplar,-54556.7,12641.9,2323.1,68.88,1.075
R103,elm,-51512.3,13047.7,1823.2,-184.07,0.834
R104,poplar,-50511.8,12477.2,1442,-30.9,0.856
R105,elm,-47700.5,12530.4,1120.7,-162.97,1.097
R106,poplar,-47416.3,12717.8,1108,-35.08,1.191
R107,poplar,-46668.9,12670.4,1011,-148.03,0.864
R108,poplar,-45593.1,12889.3,1003.7,43.15,0.984
R109,elm,-45143.7,12713.9,1067.4,74.84,0.812
R110,poplar,-43496.8,12785.6,1067.4,53.57,0.851
R111,elm,-65307,13727.5,5769.2,-27.73,0.983
R112,elm,-64480.6,13371,5785.9,-106.18,1.057
R113,poplar,-61352.7,13657.7,3938.6,-167.95,1.092
R114,poplar,-61016.4,13387.1,3840.1,-79.2,1.005
R115,poplar,-59175.9,13501.5,3320.7,81.99,1.162
R116,elm,-58029.4,13384.4,2813.4,-229.93,1.108
R117,elm,-57116.2,13211.2,2842.5,-20.46,0.888
R118,elm,-54943,13205.2,2418.5,-258.26,0.804
R119,elm,-53966.8,13620,2264.7,-121.51,0.887
R120,elm,-52001.7,13533.1,1894.1,-68.46,1.011
R121,poplar,-51109,13588.8,1936.8,-246.43,1.122
R122,poplar,-49233.9,13451.6,1325.2,-138.68,1.131
R123,elm,-48859.3,13536,1270.2,-150.15,1.054
R124,elm,-47412,13447.5,1144.2,-110.29,1.031
R125,poplar,-45190.6,13340.9,1044.2,-237.43,1.047
R126,poplar,-44419.4,13715.7,1037.3,-194.93,1.183
R127,elm,-42769.3,13659.5,1132.5,-214.67,0.921
R128,elm,-39561.4,13633.1,1319.6,38.27,0.877
R129,elm,-67650.8,14305.6,6179.8,-250.44,1.002
R130,elm,-62836.3,14508.7,5311.3,55.75,0.879
R131,poplar,-61458.3,14133.7,4155.8,43.29,0.939
R132,elm,-60008.1,14492.2,3581.6,84.51,1.106
R133,elm,-54494.2,14245.8,2689.1,-72.55,1.133
R134,elm,-53763.3,14400.5,2495.9,-51.41,1.022
R135,poplar,-50357.6,14107.1,1911.4,21.69,1.096
R136,elm,-48011.8,14072,1223.3,-160.18,0.815
R137,poplar,-47044.2,14539.1,1186.8,-228.62,0.983
R138,poplar,-44337.3,13950.3,1058.1,-88.34,1.193
R139,elm,-42191.4,14201.7,1157.7,-263.83,1.128
R140,elm,-41214,14267.8,1189.7,-105.05,0.994
R141,poplar,-40587.7,13969.1,1229.9,-36.62,0.913
R142,elm,-39686.9,14229.8,1319.5,-254.4,1.018
R143,elm,-39104.4,14399.6,1385.3,-21.96,0.821
R144,elm,-60536.4,14734.1,3837.2,-260.8,0.988
R145,poplar,-58578.5,14827.3,3440,-5.18,0.86
R146,poplar,-57980.1,14723.5,3412,-243.9,0.805
R147,poplar,-56838.3,15161.7,3420.6,-136.99,0.812
R148,elm,-55346.2,14964.3,3146.5,-24.6,1.179
R149,poplar,-54786.4,15264.3,3090.2,-159.43,0.816
R150,elm,-53251.3,14891.1,2381.7,-232.15,1.168
R151,elm,-51896.2,15082.2,2349.8,-142.3,1.159
R152,elm,-49614.2,15089.9,1980.7,-269.68,1.168
R153,elm,-49022.1,14830.6,1628.8,28.25,1.174
R154,poplar,-47762.5,15199.7,1269.4,-75.37,0.936
R155,elm,-44090.6,14717.5,1105.2,39.53,1.099
R156,elm,-64982.9,15978.4,5318.6,-240.66,1.131
R157,poplar,-64566.8,15756.8,5274.9,-196.29,1.123
R158,elm,-62312.1,15574.2,5297.4,-66.89,1.022
R159,elm,-61277.6,15470.4,4622.9,73.61,0.99
R160,elm,-59823.5,15739,4047.2,13.86,1.138
R161,poplar,-59171.9,15511.3,3691.9,-158.24,1.133
R162,elm,-58672.1,15556.7,3722.7,-105.24,0.837
R163,poplar,-57748.3,15598,3699.6,-42.75,1.189
R164,poplar,-55675.1,15916.8,3468.7,-24.9,0.855
R165,elm,-54908.7,15810.8,3158.1,-6,0.974
R166,poplar,-53087.6,15774.2,2594.2,14.58,0.984
R167,poplar,-52028.4,15976.2,2527.6,-46.5,0.95
R168,poplar,-49603.8,15726.6,2064.8,82.49,1.157
R169,poplar,-49004.7,15613,1801.6,66.59,1.088
R170,elm,-48244.5,15961,1521.2,-178.21,0.992
R171,poplar,-46764.8,15625.1,1253.9,54.12,0.842
R172,elm,-45650.3,15819.5,1219.8,-254.89,1.186
R173,poplar,-42601.2,15553.9,1155.3,-103.32,0.834
R174,elm,-41210.2,15667.9,1351.5,15.74,0.852
R175,elm,-40288.4,15674.7,1466.7,-214.43,1.132
R176,elm,-39938.8,15893.5,1497.1,35.22,1.045
R177,poplar,-65862.5,16562.3,5188.6,-19.06,0.88
R178,elm,-61218.7,16431.4,5149.4,-118.72,0.929
R179,poplar,-59939.9,16384.7,4377.3,-17.06,1.02
R180,poplar,-59099.9,16631.2,4090.8,1.03,0.95
R181,poplar,-57843.8,16300.4,3932,-48.28,0.891
R182,poplar,-56048,16370.7,3633.3,-209.49,0.881
R183,poplar,-54796.7,16412.2,3202.9,76.42,1.102
R184,poplar,-52975.9,16717.7,2717.9,-137.56,0.985
R185,poplar,-52393.4,16314,2592.8,-231.76,1.182
R186,poplar,-49340.7,16338.2,1972.2,42.48,1.037
R187,elm,-48801.8,16779.8,1855.9,-84.72,0.842
R188,elm,-47194.6,16231.6,1346.9,-238.05,1.041
R189,elm,-46697.7,16774.2,1307.7,38.8,0.868
R190,poplar,-44127.5,16430.7,1193.3,-47.9,1.056
R191,poplar,-43615.2,16754.2,1191,35.51,0.847
R192,elm,-42040.4,16318.3,1298.1,-75.45,0.938
R193,elm,-40301.2,16716.1,1513.6,15.5,0.838
R194,elm,-38749.7,16405.1,1547,-194.85,1.168
R195,poplar,-65330.5,17127,4942.5,-74.96,0.973
R196,elm,-62132.6,16966.8,4817.1,-111.88,1.089
R197,elm,-60555,17187.5,4573.9,-69.78,0.874
R198,poplar,-60220.7,17074.7,4443.3,-44.98,1.014
R199,elm,-48096.2,17386.7,1637,-120.54,1.076
R200,elm,-46404.7,16955.7,1255.4,-185.54,1.105
R201,elm,-35335.1,17172.8,1468.8,-22.51,0.866
R202,elm,-65075.1,18195,4668,-16.65,1.092
R203,elm,-63513.9,18062.2,4671,-31.68,0.902
R204,elm,-61795.4,17738.8,4460.3,-8.29,1.068
R205,poplar,-60682.4,17844.2,4354.5,-178.06,1.102
R206,poplar,-58985.3,18109.5,4277,29.74,1.13
R207,poplar,-57889.7,18295.6,3892.2,-200.11,1.039
R208,elm,-55995.2,18299.2,3362.6,-234.46,0.927
R209,poplar,-53702.6,18003.9,2633.5,-13.84,1.088
R210,poplar,-52206.6,18060.3,2256.8,29.04,1.08
R211,poplar,-51809.4,18266,2225.6,56.92,0.842
R212,elm,-50538.4,17735.6,2185.4,-234.75,0.815
R213,elm,-47474.7,18102.6,1442,-192.08,0.859
R214,poplar,-45218.9,18261.8,1189.7,-68.56,0.895
R215,elm,-43789.1,18073.6,1197.3,-12.49,1.096
R216,poplar,-42222.9,17873.3,1368.8,-223.2,0.917
R217,poplar,-40227,17817.4,1554,-117.54,1.077
R218,elm,-62885.2,18633.2,4498.5,62.92,0.869
R219,elm,-62006.7,18592.6,4200.5,2.9,0.864
R220,elm,-60912.3,18515,4184.3,23.72,1.001
R221,elm,-60038.2,18853.4,4539.6,-176.78,0.836
R222,elm,-59549.8,18880.5,4547.5,68.39,0.956
R223,elm,-57450.6,18628.5,3659.7,-253.77,1.12
R224,poplar,-52515.9,18731.9,2185.1,-155.75,1.185
R225,elm,-49624.2,18528.8,2079.5,-119.81,1.159
R226,poplar,-48457.8,18676,1637,-195.71,1.199
R227,elm,-47544.1,19000.5,1381.2,-221.96,1.111
R228,poplar,-46536.9,18887.7,1153.9,-230.68,1.162
R229,elm,-45098.5,18973.5,1220.5,-54.79,1.198
R230,poplar,-44353,18975.6,1228.5,-191.34,0.934
R231,elm,-43240.3,18601.2,1268.9,-144.7,1.004
R232,elm,-41822.2,18515.8,1388.9,-210.05,0.89
R233,elm,-41545.7,18528,1413.5,60.81,0.908
R234,poplar,-39835.4,18852.1,1522.7,-75.58,0.993
R235,elm,-65004.5,19452.7,4644.2,-200.97,0.83
R236,poplar,-64016.6,19797.4,4328.7,51.95,1.181
R237,poplar,-63150.2,19571.8,4058.2,-28.22,1.108
R238,poplar,-61498.3,19288.6,4034.2,-39.95,1.115
R239,elm,-60655.7,19753.7,4133.7,-28.96,0.819
R240,poplar,-56965.5,19496.5,3444.6,-0.11,1.071
R241,poplar,-56165.9,19276.3,3236.4,-20.77,1.146
R242,poplar,-55222,19200.1,2751,11.75,0.88
R243,poplar,-54835.6,19754,2625,71.82,0.814
R244,elm,-53814.4,19501.8,2313.9,-73.84,1.199
R245,elm,-52348.2,19205.4,2129.7,-253.06,1.053
R246,elm,-49987.3,19743.5,1990.2,-26.89,1.04
R247,elm,-48663.3,19204,1606.5,-7.13,0.976
R248,elm,-46979,19437.6,1240.2,45.73,1.015
R249,elm,-45931,19531.2,1096.8,-25.17,1.129
R250,elm,-44911.6,19769.9,1252.8,-128.37,1.136
R251,elm,-43555.3,19767.5,1284.2,51.9,1.14
R252,poplar,-42619.7,19289.3,1328.8,-241.83,0.952
R253,elm,-42029.3,19393.9,1308.5,33.9,0.882
R254,elm,-41106.8,19560.7,1368.3,-266.8,1.086
R255,elm,-39659.4,19633.7,1432.7,-191.03,1.023
R256,poplar,-39194.3,19576.5,1397.7,37.97,0.973
R257,elm,-68117.9,20330.2,4825.3,-199.08,1.046
R258,elm,-65775.1,20156.8,4562.1,-28.24,0.924
R259,poplar,-64591.1,20444.1,4413.1,-229,0.896
R260,poplar,-61292.7,20501.4,4083.5,-261.56,1.125
R261,poplar,-60774.5,20175.1,3982.3,-236.25,0.88
R262,elm,-59724.6,20088.2,4099.2,67.8,1.035
R263,poplar,-59134.2,20155.9,3969.1,-237.67,0.96
R264,poplar,-58596.8,20367.2,3829.4,-86.83,0.857
R265,elm,-57490,20056.4,3742.8,-118.28,1.115
R266,poplar,-57168.2,20304.5,3715,71.38,1.053
R267,poplar,-56242.8,20491.6,3334.9,-199.6,1.193
R268,elm,-54797.9,20329.1,2519.7,-142.49,1.113
R269,elm,-53355.8,20341.8,2187.2,-252.72,1.159
R270,poplar,-52737.3,20388.7,2182.1,0.61,1.059
R271,poplar,-50787.4,19998.2,2115.4,-92,1.157
R272,poplar,-49739.8,20294.9,1789,-179.34,0.812
R273,elm,-47850.4,20238,1279.9,-47.74,0.985
R274,elm,-47325,20519.2,1161.6,-90.73,1.125
R275,elm,-45285.5,20017.4,1230.8,0.64,0.949
R276,poplar,-41087.1,20252.7,1279.9,-65.15,0.99
R277,elm,-40264.2,19957.7,1394.3,-72.47,1.119
R278,elm,-38837.8,20546.4,1389.9,-100.99,1.176
R279,poplar,-62899.5,21253.1,4074.7,-140.56,1.011
R280,poplar,-58685.9,20920.1,3805.9,-14.62,0.851
R281,poplar,-57729.7,21247.3,3867.2,29.78,0.851
R282,poplar,-57121.3,20845,3768.7,-59.29,1.134
R283,elm,-56148.7,20797.9,3256.7,-234.08,0.939
R284,poplar,-55226.4,20929.6,2618.2,-195.58,1.073
R285,elm,-54230.5,21275.4,2247.9,2.83,0.98
R286,elm,-52310.6,21256.7,2143.8,-179.02,0.832
R287,poplar,-50179.8,21114.7,1729.1,-119.16,0.929
R288,poplar,-49616.9,21141.6,1522.8,85.4,1.078
R289,poplar,-48254.9,21178.6,1270.4,56.01,1.106
R290,elm,-47267.5,21172.6,1112.8,-108,0.861
R291,poplar,-46408.7,21246.1,1136,13.03,1.006
R292,elm,-45687.4,20844.4,1207.6,-159.97,1.019
R293,poplar,-44955.2,20985.7,1296,-16.86,0.845
R294,elm,-43666.2,20829,1386.7,-73.93,1.078
R295,poplar,-41902.9,21016.3,1272.9,-199.75,0.919
R296,elm,-41362.9,21289.2,1279,87.35,1.025
R297,elm,-40299,20858.3,1302.2,-79.56,0.921
R298,poplar,-37679.4,21089.9,1351.1,-165.2,0.869
R299,poplar,-69012.4,21473.3,4915.6,-136.33,1.129
R300,elm,-66883,21586.6,4627.3,-255.85,0.885
R301,poplar,-65276.1,21759,4442.6,-258.29,0.926
R302,elm,-59024.5,21818.4,3639.9,-233.64,0.972
R303,elm,-56095.2,22029.5,3042.9,-204.18,0.909
R304,elm,-55563,22015.5,2755.3,-256.93,1.038
R305,poplar,-54848.7,21799,2430,-102.33,1.098
R306,poplar,-52700.2,22014.9,2136.6,-100.4,1.148
R307,elm,-51836.6,21789.3,2004.1,-62.53,0.88
R308,elm,-47975.7,21778.8,1217.6,-71.38,1.197
R309,poplar,-46325.5,21603.3,1165.3,85.98,1.013
R310,poplar,-45677,21605,1237.1,-79.21,1.072
R311,elm,-44519.6,21555.1,1330.1,76.35,0.987
R312,poplar,-41917.9,21953.9,1223.9,-38.63,0.893
R313,elm,-40592.4,21966.8,1235.2,-265.25,0.977
R314,poplar,-38423.5,21891.5,1287.7,-35.2,0.91
R315,elm,-36109.7,21988.5,1359.8,-139.17,0.902
R316,elm,-59830.8,22383.6,3650.7,-58.44,0.892
R317,elm,-56052.3,22453.3,2928.9,79.58,1.107
R318,poplar,-55530,22519.8,2714.4,-13,1.101
R319,elm,-54760.7,22476.1,2337.3,-266.99,0.977
R320,poplar,-53096.6,22408.1,2135.9,-203.72,1.171
R321,elm,-52392.8,22615.4,2156.7,-200.78,1.18
R322,elm,-50984.1,22629.3,1790.1,38.59,0.96
R323,elm,-48039.7,22361,1173.2,-211.87,0.986
R324,elm,-46547.3,22414.5,1196.4,-106.03,0.842
R325,poplar,-44809.3,22650.5,1301.5,-66.8,0.852
R326,elm,-44185.8,22752.5,1252.7,-4.25,0.964
R327,elm,-42689.1,22445.1,1232,67.31,1.032
R328,elm,-40983.6,22437.7,1208.3,-119.71,1.091
R329,poplar,-40457.7,22327.4,1208.7,-215.8,0.861
R330,poplar,-39193.2,22459.5,1162.9,-30.38,1.032
R331,elm,-64441.9,23423.4,4033,-111.52,1.158
R332,poplar,-63265.5,23171.5,4052.7,-259.36,1.016
R333,elm,-60927.1,23466.3,4027.2,68.34,0.833
R334,elm,-60203.4,23331.4,3907.4,7.96,1.137
R335,poplar,-58622.1,23174.4,3689.4,-127.37,1.072
R336,elm,-56459.5,23373.6,3116,33,1.058
R337,elm,-53958.6,23428.2,2190.7,44.27,1.127
R338,elm,-52450.2,23412.3,2234.8,11.96,1.107
R339,poplar,-51128.4,22983.2,1862.9,-266.88,1.008
R340,elm,-50323.6,23106.2,1721.7,-67.81,0.983
R341,poplar,-49630.1,23465.6,1628.6,-219.59,1.178
R342,elm,-48915.8,23141.9,1425.6,-24.71,0.896
R343,poplar,-47800,23210.7,1093.1,-113.92,1.07
R344,poplar,-47309.7,23261.2,1127,-16.54,0.916
R345,elm,-43542.4,23259.9,1174,-252.34,0.903
R346,poplar,-40984.6,23197.7,1218.2,-133.73,0.851
R347,poplar,-39259.8,23144.4,1131.2,-29.5,1.132
R348,elm,-64606.4,23967.6,4054.1,-39.89,0.92
R349,poplar,-63789.9,24173.8,4325.2,-10.62,1.137
R350,poplar,-60724.2,23821.4,4177.8,38.92,0.893
R351,elm,-55549.3,23859.3,2857.1,-137.95,0.939
R352,poplar,-54839.8,24018.8,2513.8,-167.82,0.877
R353,elm,-50763.2,24058.2,1988.5,-106.87,0.822
R354,poplar,-48799.8,23706.1,1344.6,26.19,1.044
R355,elm,-45835.1,23817.5,1281.8,-125,1.173
R356,poplar,-44791.7,24021.7,1225.5,-29.07,1.141
R357,poplar,-58483.5,24750.3,3818.6,-268.41,1.061
R358,poplar,-57549.7,24824.3,3604.3,-201.19,1.071
R359,poplar,-57109.2,24461.6,3338.4,-130.48,1.107
R360,elm,-56314.3,25015.1,2952.3,-87.86,0.935
R361,poplar,-55214.2,24691.9,2577,-268.87,1.028
R362,elm,-53270.2,24708.9,2300.3,-102.44,0.848
R363,poplar,-51164.3,25008,2116.4,-265.98,1.074
R364,elm,-49278.5,24696.1,1596,-167.01,0.97
R365,elm,-48541,24660.7,1376.1,-19.97,0.958
R366,poplar,-45770.8,24479,1260.8,-259.62,0.939
R367,elm,-45225.5,24689.3,1230.6,-72.99,1.15
R368,poplar,-43980.8,24733,1089.1,-146.38,0.862
R369,elm,-43697.9,24786.1,1054.1,-269.41,1.182
R370,poplar,-42630.7,24519.3,997,-130.36,1.01
R371,poplar,-41934.7,24532.6,1029,49.84,1.109
R372,poplar,-38871.5,24628.9,1103.7,-38.28,0.839
R373,poplar,-63669.8,25602.9,4521.5,-51.23,1.097
R374,elm,-59939.6,25745.4,4452.5,12.64,0.927
R375,elm,-56828.3,25203,3187,-251.34,0.952
R376,poplar,-55970.2,25536.6,2807.7,-116.58,0.971
R377,poplar,-54982.7,25217.5,2420.1,-197.18,1.023
R378,poplar,-53830.9,25694.2,2385.6,-197.63,0.964
R379,poplar,-51490.1,25700.6,2155.9,-214.44,1.016
R380,poplar,-50838.9,25253.8,2043.6,-44.71,0.924
R381,elm,-50342.6,25742.5,1872.4,-11.64,1.098
R382,elm,-48661.7,25203.2,1479.4,9.64,0.967
R383,elm,-46008.1,25368.2,1114.4,-204.94,0.974
R384,poplar,-42865.9,25579.2,1001.6,9.49,1.037
R385,elm,-41717.3,25473.4,1035.9,-217.65,0.98
R386,poplar,-39715.4,25677.5,1087.1,73.8,0.908
R387,poplar,-61307.2,26210.3,4831.2,39.53,0.964
R388,poplar,-59408.8,25984.2,4436.9,68.08,1.105
R389,poplar,-58608.8,26081.9,4123.4,-107.22,1.014
R390,elm,-56810,26304.3,3250,-121.2,0.906
R391,elm,-56174.4,26497.9,3078.4,-214.93,1.045
R392,elm,-53796.2,26290.4,2564.5,-139.98,1.07
R393,poplar,-53301,26294,2623.5,-261.75,1.106
R394,elm,-51473.9,26183,2134.4,-158.42,1.171
R395,poplar,-51183,26360.7,2055.3,-141.16,1.146
R396,poplar,-49529.1,26416.7,1761.3,-155.73,0.807
R397,poplar,-48870,26247.7,1647.4,-265.16,1.065
R398,elm,-47908.1,26318.2,1414.6,-239.79,1.144
R399,elm,-44383,26292,1098.9,24.65,1.022
R400,poplar,-43529.6,26120.8,1040.2,46.98,1.162
R401,elm,-40770,26229.9,1091.3,-185.18,0.815
R402,elm,-35229.7,25975.4,1341,-32.22,1.094
R403,poplar,-67630.6,26924.8,5195.1,-38.84,1.182
R404,poplar,-62397.8,26903.7,5300.5,-183.31,1.165
R405,elm,-61432.1,26762.1,5051.6,-197.87,0.947
R406,poplar,-60840.8,27038.4,4892.1,-230.62,1.035
R407,poplar,-56200.9,27267.5,3249.8,17.78,1.017
R408,poplar,-55273,26969,2884.8,-236.06,1.033
R409,poplar,-53161,26820.2,2669,54.53,1.025
R410,poplar,-50294.6,26738.2,1879.6,22.91,1.129
R411,elm,-49723.1,27284.5,1649.6,-267.13,1.149
R412,poplar,-48044.9,26844.2,1441,-222.2,0.871
R413,elm,-44866.4,27223.9,1071.1,26.21,1.083
R414,elm,-41797,27231.1,1017.6,-19.32,1.154
R415,elm,-41460.9,26792.2,1060.7,-73.03,0.947
R416,poplar,-61229.3,27747.1,5134.9,2.25,1.072
R417,elm,-60884.6,27504.3,4957.1,86.31,0.819
R418,poplar,-57542.1,27851.4,3424.5,-220.98,0.956
R419,elm,-57021.7,27804.2,3419,78.28,1.147
R420,elm,-55022.6,27921.1,3154.4,-235.75,0.986
R421,poplar,-52382.1,27506.2,2692.5,23.22,1.02
R422,poplar,-51492.7,27603.1,2380.6,-240.78,0.993
R423,poplar,-51111.1,27622.1,2197.6,-20.79,1.123
R424,poplar,-49644.7,27559.4,1569,-117.43,1.103
R425,elm,-47189.1,27842.8,1224.8,-228.42,1.191
R426,elm,-44761.9,27546.9,1085.5,-4.11,1.169
R427,elm,-41976.2,27741.5,970.3,-65.4,1.079
R428,poplar,-66817.2,28357.2,5587.5,-121,0.921
R429,poplar,-65833,28296.5,5486.1,-225.12,1.042
R430,elm,-62415.4,28703.7,5490.5,-179.6,0.877
R431,elm,-60550.1,28796.4,5154.9,-187.16,1.096
R432,elm,-58289.9,28396.5,3782.5,-77.48,0.951
R433,poplar,-57856.4,28590.1,3597.4,-25.57,1.155
R434,poplar,-56439.5,28578.5,3633.7,32.78,0.856
R435,poplar,-54620.3,28531.5,3316.4,-35.31,0.829
R436,poplar,-52778.9,28612.5,2822.5,-211.98,1.129
R437,poplar,-50918,28257.5,2044.5,-131.38,1.093
R438,poplar,-49995.9,28513.2,1598.2,-39.48,0.874
R439,poplar,-45186.5,28461.9,1090.5,-46.98,1.007
R440,poplar,-44100.8,28385,1063.7,14.68,1.056
R441,poplar,-37664.2,28332.1,1200,-7.48,1.033
R442,poplar,-66247.6,29410.1,6115.7,14.81,0.96
R443,poplar,-55273.7,29533.7,3375.4,58.38,1.025
R444,elm,-54973.8,29377.5,3329.7,64.06,1.043
R445,elm,-53936.6,29159.9,3174.4,71.84,0.865
R446,elm,-52527.9,29230,2753.6,26.9,0.945
R447,elm,-50924.2,29313.4,2072.5,4.31,1.159
R448,elm,-50087.7,29135.6,1705.3,44.06,0.991
R449,elm,-48699.8,29376.7,1301,-206.52,0.928
R450,elm,-48271.6,28977.2,1181,-164.1,1.143
R451,elm,-42926.2,28975.3,968.7,79.18,0.956
R452,poplar,-54099.1,29823.2,3165.4,-183.78,0.974
R453,elm,-52375.8,29969.5,2907,62.15,1.172
R454,poplar,-51912.9,29959,2687.3,0.35,1.034
R455,poplar,-49314,29855,1475.7,-236.27,1.061
R456,poplar,-48299.7,29936.1,1350.8,-218.62,0.989
R457,elm,-47148,29950.3,1247.5,-115.32,1.077
R458,elm,-41275.1,29817,979.3,-234.38,0.966
R459,elm,-38168.3,29828.2,1186.7,-24.62,1.099
R460,poplar,-60280.7,30476.6,4851.2,-31.64,0.983
R461,poplar,-56016.6,30526.6,3638.3,5.97,0.936
R462,elm,-55272.4,30547.5,3363.4,-29.27,1.016
R463,elm,-51600.3,30732.4,2607.1,-190.79,1.097
R464,poplar,-50075.3,30568.6,1924.8,-157.29,1.19
R465,poplar,-48890.5,30873.8,1588.7,52.35,1.159
R466,poplar,-46325,30455.6,1219.1,-1.59,1.187
R467,poplar,-42754.6,30655.2,1006.5,-263.06,1.136
R468,elm,-56980.5,31256.5,3766.6,62.51,1.163
R469,poplar,-56053.8,31507.9,3371.2,-106.42,0.904
R470,poplar,-55696,31703.3,3238.9,-105.4,1.144
R471,poplar,-54618.1,31626.7,2978.7,-246.66,0.955
R472,elm,-54201.8,31591,2949.6,-21.59,0.825
R473,elm,-53472.9,31495.5,3015.4,-65.03,1.141
R474,poplar,-50162.4,31597.6,2096.8,-144.41,1.015
R475,poplar,-48589.1,31611.6,1566.8,-183.45,0.972
R476,elm,-55385.1,32540.9,3036.1,-128.09,0.908
R477,poplar,-53218.7,32170.6,2744,-172.92,1.196
R478,elm,-52547.4,32449,2525.9,-0.26,1.07
R479,poplar,-45960.2,32397.6,1165.9,-127.05,1.069
R480,elm,-45109.3,32151.1,1117.4,-87.34,1.119
R481,elm,-44320.8,32462.5,1141.2,54.92,1.113
R482,poplar,-54877.7,32881.1,2831.7,20.73,0.816
R483,elm,-52591,32727,2427.1,-235.45,0.921
R484,poplar,-51497.3,32963.4,2350.5,-220.4,0.877
R485,elm,-46443.4,32991.4,1209.1,-168.05,1.117
R486,elm,-53972.8,33925.7,2377.2,-26.93,0.847
R487,poplar,-52717.1,33596.7,2387.1,-58.38,0.854
R488,poplar,-46743.4,33911.2,1259.4,-145.13,1.116
R489,poplar,-45664.4,33708.1,1150.3,-257.78,1.004
R490,elm,-47760.8,34460.3,1321.9,71.14,1.174
R491,elm,-44719.9,34375.3,1122.8,-202.11,0.85
R492,elm,-44423.5,34489.3,1111.6,-8.07,0.967
R493,elm,-55222.3,35062.4,2391.3,-141.87,1.004
R494,poplar,-54137.2,35087.5,1912.4,-215.82,0.842
R495,poplar,-47107.8,35480.3,1203.1,-162.8,0.879
R496,poplar,-45606.7,34962.8,1078.9,-78.07,1.094
R497,poplar,-47532.2,35774.5,1174.2,-92,1.05
R498,elm,-56414.2,36957.4,2959.1,-255.42,1.021
R499,elm,54531.8,-36704.1,2080.8,-148.77,0.968
R500,pine,45246.3,-36473.7,1368.6,-116.52,1.016
R501,pine,45567.9,-35617.1,1098.4,-107.52,0.957
R502,elm,50948.2,-35223.2,1056.3,-205.62,0.965
R503,pine,55483.9,-35447.6,1359.1,-184.49,0.803
R504,elm,47909.1,-32560.4,1055.7,-217.3,0.943
R505,pine,50264.6,-32270.3,1059.5,-17.71,0.969
R506,elm,51670.5,-32354.8,1057.5,-172.65,0.846
R507,pine,53101,-32224.6,1050.2,-60.93,0.835
R508,pine,53804.6,-32228.5,1032.9,-265.09,1.104
R509,elm,48005.6,-31595,1145.4,-112.99,1.137
R510,pine,49536.5,-31590.2,1173.6,-76.42,0.842
R511,elm,50071.5,-31837.4,1161,-55.34,1.164
R512,elm,51747.5,-31911.1,1147.3,-165.47,0.874
R513,elm,52523.6,-31862.6,1243.8,-137.95,0.919
R514,elm,58000.9,-31866,1089.6,-206.06,1.179
R515,pine,47202.9,-31108.7,1250.9,-75.88,0.975
R516,elm,50211.6,-30854.4,1287.9,-117.63,0.841
R517,elm,54461.8,-31100.7,1851.5,-257.79,1.095
R518,pine,41501.7,-30544.2,1409.4,3.77,1.139
R519,elm,42248.2,-29950.5,1333.3,-85.68,1.101
R520,elm,44064.4,-30306,1402.2,-213.09,0.999
R521,pine,44707,-29984.4,1378.4,-7.71,0.891
R522,pine,49133,-30442.9,1286.6,66.24,0.946
R523,elm,49983.8,-30231.5,1312.7,-147.38,1.008
R524,elm,51517.4,-30537,1478.3,-27.67,0.99
R525,elm,54312.8,-30343.1,2413.1,64.69,0.837
R526,elm,55021.5,-30273.8,2609.2,1.16,1.182
R527,pine,56546.8,-29971.5,3287.1,57.52,0.843
R528,elm,46047.1,-29210,1328.3,9.73,0.811
R529,pine,48596.8,-29413.7,1263,-217.98,1.162
R530,pine,50131.1,-29615.8,1324.7,-250.7,1.015
R531,pine,53192,-29781.8,1945.1,-191.08,0.984
R532,pine,53669.8,-29622.3,2130.2,-189.31,1.089
R533,pine,57034.2,-29391.7,3606.9,7.03,1.058
R534,pine,57232.6,-29637.3,3550.9,-33.11,1.168
R535,elm,59937.5,-29502.6,4031.5,-255.33,1.198
R536,elm,61471.9,-29300.1,4741.2,-63.1,1.19
R537,elm,61928,-29764.2,4057.7,-133.29,0.92
R538,pine,40440.4,-28786.7,1283.1,-150.28,1.171
R539,elm,41180.7,-28920.6,1311,36.41,1.167
R540,elm,44257,-28640,1311.4,81.21,0.893
R541,elm,46274.8,-29001.1,1328.8,54.71,0.934
R542,elm,47199.7,-28709.2,1372.8,-100.93,1.119
R543,elm,50035.2,-28797.8,1276.8,-108.66,1.067
R544,elm,52766.4,-28743.6,1509.6,-49.38,1.004
R545,pine,53933.3,-28802.9,2072.3,-150.41,1.052
R546,pine,55104.6,-28640,2729,-117.76,0.935
R547,elm,56061,-28773.1,3103.1,-105.03,0.995
R548,elm,58253.6,-28957.6,3949.3,84.6,1.091
R549,elm,59111.3,-28475,4172.3,-65.06,0.919
R550,pine,61506.8,-28956.5,4779.6,-184.04,1.088
R551,elm,63451.9,-28488.1,5618.9,-242.65,0.912
R552,elm,39292.2,-27948.6,1205.5,-39.78,1.035
R553,elm,41168.2,-27944.1,1269.1,73.1,0.943
R554,pine,44623.6,-27915.2,1336.2,-248.87,1.001
R555,pine,46110.9,-27781.1,1349.3,-61.11,1.161
R556,elm,47452.5,-28047.1,1338.4,-255.43,0.84
R557,elm,48708,-27961.9,1265.7,58.2,0.846
R558,elm,49849,-27725.8,1244.9,20,1.021
R559,pine,50999.4,-27703.9,1263.9,-62.58,0.835
R560,elm,52816.2,-27858.8,1429.3,-120.94,0.979
R561,pine,53758.7,-28281.4,1806.9,-105.62,0.954
R562,elm,55516.5,-28004.9,2655.5,21.12,0.894
R563,elm,56140.8,-27975.1,2865.5,-132.77,1.028
R564,pine,57404,-28230.4,3525.3,-70.99,1.177
R565,pine,60393.4,-27725.3,4667,-260.59,0.878
R566,elm,39587.7,-27205.5,1108.7,-53.45,1.147
R567,elm,42013.7,-27102.3,1214.5,-267.3,0.962
R568,pine,43374.2,-27468.1,1192.4,-108.97,0.9
R569,elm,46276.5,-27491.6,1326.8,-33.69,0.821
R570,elm,47254.5,-26992.7,1307.9,-141.05,1.193
R571,elm,49888.2,-27460.3,1270,-129.6,0.991
R572,elm,50938.8,-27507.5,1276.1,-198.95,1.049
R573,pine,52167.1,-27412.8,1282.5,-231.48,1.024
R574,pine,53626.4,-27549.4,1543.5,10.29,1.017
R575,pine,56752.9,-26979.6,3219.4,3.04,1.117
R576,elm,58125.6,-27435.6,3968.5,-24.47,0.854
R577,elm,58872,-27103.4,4367,-52.84,0.849
R578,pine,60249.7,-27272.3,4893,-9.82,0.964
R579,elm,64473.1,-27235.1,5963.3,8.44,0.914
R580,pine,66441.8,-27262.1,6194.5,-44.11,1.135
R581,elm,40304.6,-26478.6,1223.6,-84.9,1.118
R582,elm,41759.8,-26661.1,1190.6,54.46,0.952
R583,pine,45535.9,-26725.5,1329.1,11.96,1.132
R584,pine,46398,-26692.8,1306.2,-182.97,1.087
R585,elm,46958.7,-26372.4,1314,-58.29,1.022
R586,elm,48764.8,-26268.9,1389.9,-79.99,0.864
R587,elm,50740.3,-26335.9,1359.6,-230.68,1.132
R588,elm,51683.1,-26643.1,1298.1,-234.21,0.988
R589,pine,53174.6,-26591.4,1322.6,52.96,0.802
R590,pine,53664.1,-26218.6,1500.9,57.78,1.052
R591,elm,56208.2,-26246,2964.1,-88.23,0.896
R592,elm,56646.3,-26374.5,3230,-2.87,0.949
R593,pine,57977.4,-26712.7,4112.8,71.11,1.01
R594,elm,61118.7,-26218.8,5349.9,-134.95,1.007
R595,elm,62042.3,-26247.7,5814.7,13.91,1.186
R596,elm,62493.7,-26483.9,6017.5,-251.6,1.075
R597,elm,63957.2,-26684.8,6006.6,39,0.992
R598,pine,65161.8,-26209.6,6135.9,-260.98,0.82
R599,elm,38601.2,-25942.2,1118.9,-222.08,0.991
R600,pine,42031.6,-25621.9,1149.9,-122.36,0.959
R601,elm,42979.1,-25652.4,1080.4,52.46,0.84
R602,pine,43937,-25878.5,1163.6,-169.13,0.891
R603,pine,44683.8,-26029.3,1248.8,74.77,0.937
R604,pine,45360,-25568.1,1177.1,-1.85,1.054
R605,pine,46512.7,-25973.8,1290.2,-225.32,0.863
R606,pine,48365.3,-25784.6,1424.9,-37.23,1.06
R607,elm,53862.1,-25936.9,1593.2,27.56,0.888
R608,elm,54292.8,-25629.9,1882.5,-167.86,1.163
R609,elm,54950.6,-25672.3,2388,28.87,0.83
R610,elm,56888.4,-26003.9,3351.2,-80.98,0.877
R611,elm,57325.8,-25784.4,3527.6,-13.75,1.115
R612,elm,58429.4,-25708.3,3743,-27.48,0.893
R613,elm,64405.8,-25611,6045.6,-261.47,0.832
R614,elm,65461.6,-25865.9,6225.4,-91.04,1.131
R615,elm,40789.4,-25038.7,1188.2,67.67,0.885
R616,elm,41969.9,-25110.9,1116.2,-195.15,0.935
R617,pine,44287.1,-25050.7,1115.9,-204.25,0.927
R618,elm,49463.8,-24889.8,1410,67.1,1.103
R619,pine,51537.6,-24827.4,1190.7,-102.58,1.025
R620,elm,53868.7,-25075.4,1572,44.5,0.861
R621,pine,54774,-25031.8,2081.7,-42.41,1.198
R622,elm,58962.8,-24715.2,3841.5,-46.16,0.834
R623,pine,63215.8,-24948.8,5827.1,34.13,0.977
R624,elm,68580.1,-25116.5,6596.5,-22.27,1.009
R625,pine,38586.2,-24092.2,1163.4,-28.07,0.974
R626,elm,40992.9,-24125.8,1109.4,-100.98,1.116
R627,elm,43811.1,-24148.5,1125.5,-266.7,1.107
R628,elm,46375.8,-24255.7,1062.1,-128.42,1.147
R629,elm,47280.6,-24246.6,1260.8,89.07,1.165
R630,pine,49725.8,-24492.1,1392.3,-206.26,0.978
R631,pine,51550.8,-24390.1,1185.5,-144.67,1.195
R632,pine,54762.1,-24003.7,1803.7,14.01,0.829
R633,pine,57406.9,-24402.9,2872.7,-161.46,1.196
R634,pine,57976.2,-24266.7,3018.1,-98.19,1.199
R635,pine,59219.5,-24368.6,4110,0.46,0.915
R636,elm,60261.3,-23968.7,4873.4,-178.74,0.893
R637,pine,64326.8,-24317.4,6176.5,-258.48,0.922
R638,elm,65966.7,-24383.2,6191.6,-5.56,0.917
R639,elm,42777.5,-23223.4,1101.7,-169.08,0.924
R640,pine,43276.2,-23603.8,1146,88.92,0.838
R641,pine,44282.9,-23534.3,1082.8,-229.94,0.934
R642,elm,44652.5,-23309.5,1083.6,79.98,1.184
R643,elm,46830.8,-23755.5,1150.2,-159.61,0.836
R644,elm,47493.2,-23422.3,1222.8,-238.53,0.977
R645,elm,48672.5,-23228.5,1291.1,-148.94,1.182
R646,pine,49049.4,-23561.2,1315.7,-60.74,1.189
R647,elm,50758.3,-23443.9,1265.9,59.03,0.914
R648,elm,51282.9,-23680.1,1220.8,-94.92,0.971
R649,pine,53804.7,-23442.1,1390.8,-100.99,1.162
R650,pine,54667.1,-23684.6,1695.6,6.48,0.943
R651,elm,55174.2,-23776.8,1867.8,-74.65,1.15
R652,pine,57351.1,-23496,2578.2,-61.89,1.146
R653,elm,60619.3,-23541.8,4810.8,-81.25,1.041
R654,elm,61018.1,-23635.4,4841.1,78.52,0.874
R655,pine,62132.5,-23489.6,5456.8,-90.81,1.031
R656,pine,62776.4,-23280.4,5675.5,-33.14,1.183
R657,elm,36411.1,-22803.2,1171.4,-160.97,1.122
R658,pine,40824.4,-22808.8,1148.7,-184.8,0.834
R659,elm,41713,-22791.6,1065.1,-199.87,0.895
R660,elm,44536.6,-22908.8,1123.3,-122.28,0.936
R661,elm,45659.2,-22649.8,1034.8,60.09,1.038
R662,pine,46413.4,-22819,1034.2,-231.03,0.98
R663,elm,47195.1,-22918.4,1119.4,-120.49,1.089
R664,elm,47966.6,-22972.1,1248.6,68.08,0.935
R665,elm,49185.8,-22785.4,1230.6,-153.13,0.84
R666,pine,51598.6,-22909.2,1124.9,-7.62,0.994
R667,pine,53669.3,-22636.5,1300,-162.81,1.158
R668,elm,54644.6,-23041.2,1566.6,78.11,1.081
R669,pine,58365.3,-22597.6,3042,61.86,0.957
R670,pine,60622.1,-22499,4740.2,-134.35,0.811
R671,elm,61406.8,-22973.6,5039.3,82.98,0.919
R672,pine,40718.5,-21973.2,1216.3,-177.05,1.141
R673,elm,44079.8,-21768,1128.6,-77.41,0.989
R674,elm,49351.8,-22216.8,1231.7,-159.77,1.095
R675,elm,50990.6,-22271.8,1173.4,-97.47,0.816
R676,elm,52341.1,-21833.3,1154.4,-8.16,1.151
R677,elm,55845,-21717.2,1557.4,27.54,1.175
R678,pine,56722.4,-21977.9,1882.1,-72.67,0.813
R679,pine,57606.6,-22100.1,2488.2,-88.34,1.076
R680,pine,59255.1,-21959,3963.2,-50.02,0.921
R681,pine,59800.7,-22281.1,4604.6,-2.35,0.983
R682,pine,60620.9,-21981.1,4954.8,-55.2,0.991
R683,pine,62108.2,-22219.9,5533.9,-130.09,1.006
R684,elm,38478.6,-21415.2,1246,-102.74,0.951
R685,pine,39562.6,-21024.2,1292.3,-129.47,1.031
R686,pine,39956.3,-21053.5,1266,-127.12,0.945
R687,elm,40852.2,-21234.6,1216.8,-211.99,0.967
R688,pine,41762,-21332.5,1193.8,-35.46,0.986
R689,elm,43527.2,-20979.2,1134.5,-174.64,0.878
R690,elm,43741.8,-21292.4,1146.4,-3.05,1.081
R691,pine,44908.9,-21302,1136,77.72,0.842
R692,elm,46531.1,-21121.8,1163.9,-179.24,1.073
R693,elm,47076.1,-21266.3,1172.7,-209.8,0.983
R694,pine,47772.8,-21273.8,1187,-48.37,0.975
R695,elm,50489.1,-21171.1,1171,-263.15,1.191
R696,pine,52522.2,-21355.3,1163.5,-29.78,1.129
R697,pine,52833.3,-21178.4,1154.9,-205.66,1.054
R698,elm,58364.7,-20963.9,3175,-17.07,0.965
R699,pine,58723.9,-21206,3463.6,-268.21,0.975
R700,elm,61259.6,-21505.5,5456.3,-175.6,0.878
R701,elm,61896.5,-21080,5577.6,-22.28,0.853
R702,elm,62782.7,-21068.1,5648.7,-55.71,0.961
R703,elm,63594.1,-21526,5952.3,-103.66,1.06
R704,pine,67976.5,-20954.1,5848.4,67.84,1.116
R705,elm,37472.4,-20567.5,1318.6,-101.51,0.918
R706,pine,38486.2,-20264.3,1345,38.39,1.057
R707,elm,40191.7,-20296,1239.9,-94.65,1.133
R708,pine,43332.6,-20285.6,1079.9,-157.91,0.988
R709,elm,47775.4,-20347,1145.8,-130.32,0.85
R710,pine,49056,-20708.2,1229.5,-220.93,0.99
R711,elm,49727,-20385.8,1219.6,-101.6,1.157
R712,pine,55484.4,-20599.4,1570.8,-23.73,1.081
R713,pine,55949.7,-20201.9,1706.4,-127.96,1.002
R714,elm,56450.8,-20346.1,1788.7,29.61,1.022
R715,pine,57462.9,-20718.7,2363.5,-21.47,0.972
R716,elm,58877.5,-20363.4,3540.5,-256.65,1.131
R717,elm,59785.2,-20406.7,4183.3,-257.42,1.154
R718,pine,61045.5,-20256.4,5075.2,-103.13,0.996
R719,elm,62188.6,-20413.1,5380.1,-49.88,0.965
R720,elm,63285.5,-20252.4,5474,-165.41,0.883
R721,pine,65720.4,-20649.1,5547.6,-255.98,0.894
R722,pine,66340.2,-20646,5415.5,-161.45,1.018
R723,elm,36710.7,-19976.1,1333.4,12.23,1.154
R724,elm,39555.5,-19911.7,1225.9,1.47,0.82
R725,elm,40996.3,-19832.3,1191.5,-25.59,0.935
R726,pine,41548.2,-19593.3,1137.5,-262.64,0.979
R727,elm,42443,-19978.7,1091.1,-25.24,1.072
R728,elm,43279.7,-19857.5,1070.9,-251.58,0.838
R729,pine,47128.2,-19764.4,1079.6,-262.25,0.983
R730,pine,50021,-19750.4,1191,-228.06,1.182
R731,pine,51028.6,-19967.6,1095,-185.62,0.966
R732,pine,51684,-19675.5,1129.2,-205.25,0.986
R733,elm,52139.7,-19851,1071.2,-220.75,1.006
R734,pine,53134.7,-19955.8,1113.3,70.49,1.103
R735,elm,54469.7,-20045.3,1488.6,-64.21,0.951
R736,elm,55029.1,-19906.4,1615,-27.18,0.803
R737,elm,55950.5,-19626.5,1784.9,-51.02,0.81
R738,elm,67772.3,-19795.2,5507.4,-64.37,1.092
R739,pine,35873.9,-18726,1362.3,30.41,0.863
R740,elm,43370.9,-18710.8,1032,65.84,1.149
R741,elm,46715.9,-19275.2,1084.3,-38.58,0.995
R742,elm,47630,-19017.1,1100.4,-20.59,0.984
R743,elm,50073.5,-18778.1,1090.7,-204.34,0.85
R744,pine,50822.2,-19283.2,1132.7,-155.71,0.947
R745,elm,53155.2,-19162.9,1172.3,-255.86,0.877
R746,elm,54224.7,-19171.6,1344.3,-95.78,0.878
R747,pine,55365.5,-19163.5,1679.6,81.17,0.867
R748,pine,56744.7,-18839.1,2131.8,-105.41,0.809
R749,pine,60282.6,-19143.1,4111.6,-16.79,1.16
R750,pine,61727.7,-18993.8,5210.9,-19.8,1.129
R751,pine,62786.3,-18812.4,4985.6,-236.29,1.164
R752,elm,63651.2,-18846.3,5076.3,25.69,1.054
R753,pine,37043.5,-17966,1294,-106.45,1.012
R754,pine,38172.3,-18511.8,1243.5,31.4,0.808
R755,pine,39686.8,-18205,1102.9,66.13,0.824
R756,pine,40864.6,-18311.9,1052.1,-85.33,1.14
R757,pine,43836.1,-17960.9,1020.4,14.15,0.868
R758,pine,44468.6,-18468.5,1061,-233.12,0.887
R759,pine,45585.5,-18078.2,1087.9,-148.42,0.933
R760,elm,49322.5,-18422.2,1077.9,-213.68,1.005
R761,pine,50055.8,-18067.2,1009.7,52.94,0.948
R762,elm,52069.5,-18235.5,1107.6,-88.62,0.88
R763,elm,53746,-18224.3,1268.3,-249.54,0.826
R764,elm,54789.4,-18302.6,1525.2,-241.78,1.005
R765,elm,56083.8,-18052.2,1918.6,-41.01,0.967
R766,pine,57518.5,-18323.7,2636.9,-157.96,0.899
R767,elm,59106,-18031.6,3598.7,38.78,0.912
R768,elm,59669.2,-18451.8,3792.8,-209.12,1.162
R769,pine,60726.2,-18270.7,4386.3,-155.06,1.052
R770,pine,61284.1,-18408.5,4905.9,63.12,0.848
R771,elm,62773,-18193.1,4924.3,-138.99,0.928
R772,elm,38207,-17331.1,1243.3,21.65,0.963
R773,elm,42552.4,-17750,956.7,-78.41,0.839
R774,pine,43396.9,-17277.3,989.4,-117.71,0.962
R775,pine,45437,-17571.4,983.8,13.82,0.876
R776,pine,46430.1,-17239.7,988.1,73.66,1.089
R777,elm,47687.4,-17650.9,1061.1,-121.11,1.078
R778,elm,49177.3,-17511.2,1054.2,33.21,1.055
R779,elm,51546.5,-17585.3,1094.5,-266.74,0.835
R780,elm,53858.8,-17672.1,1369,84.62,1.131
R781,elm,54487.4,-17290.4,1554,61.96,1.125
R782,elm,55002.3,-17405.3,1665.7,-96.23,0.826
R783,pine,56157.1,-17358.6,2041.5,-13.06,0.859
R784,pine,57338.9,-17514,2409.6,-146.07,1.014
R785,elm,59037.7,-17532.6,3420.2,-129.8,0.852
R786,elm,60612,-17663.7,3967.6,-180.7,0.922
R787,elm,66404.7,-17316.7,5746.3,-102.27,0.813
R788,elm,67082.6,-17317.3,5677.1,-14.02,1.097
R789,elm,40493.7,-16536.1,1010.8,18.84,1.107
R790,elm,42795.8,-16522,983,-242.76,1.02
R791,elm,43747.3,-16665.3,977.6,-0.9,1.157
R792,pine,44606.8,-16818.1,963.7,2.06,0.862
R793,elm,46383.1,-16939.7,960.3,-199.01,1.058
R794,elm,46716.5,-16978.2,986.5,-247.38,0.803
R795,pine,48271.7,-16997.5,1019.3,-115.93,0.832
R796,elm,50668.3,-16755.4,934.9,60.05,0.871
R797,elm,52129.6,-16859.9,1064.6,21.83,0.832
R798,pine,58037.1,-16499.7,2656.1,-133.85,1.05
R799,pine,58884.4,-16572.9,3050.2,-44.46,1.035
R800,pine,60031.3,-16704.8,3435.8,-33.62,0.81
R801,pine,60342.4,-16655,3466.3,-253.08,0.804
R802,elm,61122.3,-16977.9,3941.3,49.86,1.09
R803,pine,62722.5,-16881.6,4649.3,79.21,0.939
R804,elm,63626.5,-16610,4742.3,16.94,0.902
R805,pine,64266.4,-16570.7,5030.1,37.13,1.182
R806,pine,65756.2,-17014.3,5696,-127.14,1.13
R807,pine,67250.8,-16455.6,5780.6,44.88,1.027
R808,pine,67987.1,-17041.4,5648.7,-68.53,0.964
R809,pine,39223.4,-15812.3,1263,-239.17,0.919
R810,elm,42729.2,-15769.6,1079.9,-53.07,1.181
R811,elm,43835.1,-16241.3,1003.7,10.84,0.853
R812,elm,45012.5,-15996.3,917.8,63.97,0.923
R813,elm,45540.5,-16290.6,877.8,-230.9,1.114
R814,elm,47864.2,-15816.7,966.5,13.05,0.851
R815,elm,48547.9,-15941.5,949.4,-206.06,1.198
R816,pine,48990.8,-16069,916.8,-127.63,1.14
R817,pine,50973.4,-15798.8,933,-207.4,1.102
R818,elm,51970.3,-16083,1033.5,-23.35,0.866
R819,elm,54276,-16037.6,1472.6,60.22,1.189
R820,pine,60691.5,-16008.9,3376,-40.39,0.84
R821,pine,62188.5,-15821.2,4088.1,-151.22,1.042
R822,pine,63247.5,-15878.4,4454.7,-230.67,0.874
R823,elm,68753.2,-16190.8,5685.7,52.75,1.05
R824,pine,44721.9,-15293.9,987.9,-151.32,0.898
R825,pine,46426.1,-15067,925.6,-49.07,1.109
R826,pine,46993.6,-15281.8,907.3,-151.85,1.102
R827,elm,47500.6,-15345.1,913.5,-260.47,0.879
R828,pine,48366.1,-15419.9,940.2,-52.6,0.8
R829,pine,50555.9,-15486.9,962.6,-211.61,1.08
R830,pine,51329.6,-15196.1,972.6,-236.71,0.935
R831,elm,53172.8,-15231.5,1120.7,-75,1.076
R832,pine,54036.8,-15527.7,1274.4,-147.78,0.872
R833,elm,54207.6,-15266.7,1284.1,-83.31,0.815
R834,elm,54969,-14993.3,1444.8,-263.04,1.019
R835,pine,56571.8,-15259.7,1866.7,46.93,0.912
R836,elm,62665.7,-15504.2,4119.6,-194.94,1.083
R837,pine,64209,-15010.3,4687.5,50.53,0.826
R838,pine,65519.6,-15319.5,5215.1,-203.17,1.069
R839,elm,43059.6,-14513.3,1092,-258.08,0.921
R840,elm,44965.5,-14329.4,1043.8,14.66,1.01
R841,pine,46089.9,-14603.3,926.1,57.39,1.129
R842,pine,46732.1,-14337.1,934.7,-261.14,0.802
R843,pine,47986.5,-14593.3,949.5,-2.8,0.817
R844,pine,48709.1,-14406.3,952,-257,1.079
R845,pine,49822.1,-14619.8,975.1,-81.82,0.927
R846,pine,51013.5,-14751.2,997.5,-45.6,1.163
R847,pine,51495,-14629.8,1052.3,29.81,0.842
R848,pine,54518.8,-14787.2,1317.5,42.92,1.062
R849,elm,54980.3,-14282,1361.4,-260.33,1.114
R850,pine,56285.7,-14687,1610.4,2.72,0.814
R851,pine,60226.5,-14405.9,2987.5,-36.82,0.872
R852,pine,42984.9,-13588.1,1170,-64.75,0.913
R853,pine,44141.9,-13798.6,1137.7,42.38,1.192
R854,pine,44985.8,-13621.4,1095.9,-224.72,1.108
R855,elm,45448.1,-14026.3,1030.8,13.42,1.05
R856,elm,46948.9,-13989.9,983.5,0.22,1.006
R857,elm,49130.5,-13889.2,964.1,-139.58,0.954
R858,pine,50276.2,-13491.6,1032.1,-84.89,1.159
R859,elm,52982.2,-13592.6,1112.3,27.96,1.155
R860,elm,54240.9,-13987.8,1242.3,-175.48,1.079
R861,pine,55734.1,-13933.1,1405.9,-158.93,0.974
R862,elm,62794.3,-13480,4443.4,-182.67,0.812
R863,elm,64523.5,-13863.3,4920.2,10.01,0.983
R864,pine,35890.5,-13069.7,1519.4,11.81,0.802
R865,elm,39297.3,-13167.2,1605.4,-263.5,0.909
R866,elm,44035.7,-13024.6,1163.1,-50.3,1.031
R867,elm,45503.6,-13257.1,1027.4,-44.42,1.064
R868,elm,46528.9,-13075.1,1000.9,64.63,0.965
R869,pine,48689.1,-13130.3,956.6,-248.07,1.107
R870,pine,55391.4,-12897.6,1289.8,-64.14,1.003
R871,elm,56468.9,-13093.2,1529.3,-222.54,1.057
R872,elm,58273.3,-13097.9,2271.5,-110.35,0.996
R873,pine,59093.5,-13127.6,2549.6,-136.84,1.081
R874,pine,59531.8,-13207,2691,-179.51,0.864
R875,elm,60576.6,-13277.6,3179.9,-41.84,0.801
R876,pine,62453.5,-13128,4169.5,-70.61,1.11
R877,elm,64980.7,-13164.5,4919.9,-58.14,1.079
R878,elm,41257.6,-12451.8,1406.5,-263.13,1.064
R879,elm,44639.3,-12111.1,1155.7,-253.79,1.129
R880,elm,46308.4,-12486.7,960.7,-138.71,1.152
R881,pine,46891,-12043.7,980.8,-232.01,1.118
R882,pine,48667.5,-12013.6,965.8,-214.66,1.023
R883,pine,49830.1,-12213,996.5,17.58,0.93
R884,elm,52990.4,-12459.7,1183.2,-142.14,0.888
R885,elm,54227.5,-12431.5,1206.1,86.52,0.809
R886,elm,55198.1,-12351.8,1282.2,-232.86,0.888
R887,pine,55917,-12195.2,1510.4,-179.43,1.061
R888,elm,57422,-12073.3,2172.1,-266.6,1.161
R889,pine,59120.2,-12139.9,2872.9,-81.22,1.114
R890,elm,59743.2,-11994.3,3100.3,-179.66,1.103
R891,elm,63734.4,-11955.6,4323.8,34.47,0.976
R892,pine,36996.3,-11714.2,1705.7,-198.81,1.182
R893,elm,43506,-11477.3,1205.9,-42.28,1.047
R894,pine,45017.5,-11686.2,1129.9,-11.67,1.039
R895,elm,46138.1,-11610.8,1014.7,-256.04,0.912
R896,pine,47645.7,-11610.8,983.2,-53.85,1.062
R897,elm,48488.5,-11740.9,958.4,-235.92,0.813
R898,pine,51307.5,-11209.1,1215.1,-100.8,0.867
R899,elm,52055.8,-11243.1,1222.5,-93.32,1.139
R900,elm,53988.6,-11723.2,1146,-129.07,0.951
R901,elm,55004.1,-11705.1,1336.1,3.67,0.838
R902,pine,56297.5,-11542.6,1877.8,-157.36,1.179
R903,elm,56659,-11765.6,1969.7,-202.75,1.129
R904,elm,57341.1,-11283.9,2323.8,-165.36,1.098
R905,pine,60714.8,-11391.6,3605.1,-255.24,0.878
R906,pine,60976.9,-11552.5,3722.4,-43.11,1.148
R907,pine,61923.9,-11504.2,3979.1,-181.3,0.953
R908,elm,41530.1,-10943.9,1405.1,-9.27,1.058
R909,pine,42393.7,-10573.5,1297.2,-170.95,1.082
R910,pine,45535.5,-10600.1,1089.9,-178.27,1.199
R911,pine,46148.2,-10499.5,1097.3,-36.36,0.851
R912,elm,47129.8,-10668.1,1062,-222.74,1.142
R913,elm,47663.7,-10482.2,1015.8,-22.88,1.022
R914,elm,49255.8,-10754.7,1062.1,-78.95,1.122
R915,elm,50577.4,-10811,1127.6,-17.34,1.111
R916,pine,52125.3,-10638.3,1215.3,-144.92,1.178
R917,elm,54239.8,-10843.8,1175.2,-63.05,1.197
R918,elm,56265.8,-10637.8,1915.4,-44.26,0.935
R919,elm,58187.9,-10909.3,2926.6,-231.21,1.117
R920,pine,59184.9,-11041.6,3233.3,-226.31,0.896
R921,pine,61938.5,-10561.9,4262.6,-235.36,0.952
R922,elm,62803.5,-10969.6,4308.9,-122.88,1.142
R923,pine,64047.3,-10737.4,4252.1,-101.11,1.045
R924,pine,43185.2,-10216,1176.7,-187.86,0.905
R925,elm,45667.2,-10235.6,1119.4,-243.95,1.108
R926,elm,47211.7,-10252,1036.1,-61.36,1.182
R927,pine,48756.5,-9705.4,1054.2,-106.57,1.055
R928,elm,49313.3,-9874.8,1104.6,-234.09,1.098
R929,elm,50631.1,-10017.4,1176.6,-192.08,0.906
R930,pine,51276.6,-9902.5,1199.1,74.31,1.158
R931,pine,53204.3,-9749.2,1247.2,-176.71,0.91
R932,pine,55111,-9764,1571.8,60.45,1.038
R933,elm,42609,-9139,1428.2,-38.16,0.873
R934,elm,45718.2,-9504.3,1201.3,-112.72,1.152
R935,elm,46818.2,-9144.7,1155.5,-6.1,0.842
R936,pine,48263.8,-9316.3,1115.9,-221.4,0.856
R937,pine,52709.9,-8987.9,1301.3,-225.39,1.178
R938,pine,54034.8,-9121.9,1367.6,33.28,0.91
R939,pine,57017.7,-9060.9,2335.3,81.73,0.968
R940,pine,60435.2,-9306.5,3988.6,71.08,1.173
R941,pine,61394.6,-9014.6,4336.7,60.69,0.894
R942,pine,43077,-8377.4,1503.9,-257.37,1.174
R943,pine,47680.5,-8623.7,1255.6,8.73,1.163
R944,pine,48368.1,-8676.5,1209.9,56.08,1.167
R945,pine,50663.9,-8539.2,1166.4,64.19,0.848
R946,elm,51266.3,-8415.6,1155.2,3.64,1.113
R947,pine,54795.6,-8559.1,1593.5,-214.1,0.852
R948,elm,56157.4,-8435.9,2021.9,-15.42,0.88
R949,elm,61289.6,-8654.3,4385.4,-80.65,1.133
R950,elm,40021.5,-7932.9,1612.3,89.82,1.165
R951,elm,48590.2,-8044.7,1242.7,-88.61,1.154
R952,pine,48987.3,-7773,1224.7,37.3,1.141
R953,elm,52249.4,-7841.9,1219.8,-45.89,1.092
R954,pine,54586,-7927.2,1580.8,-151.13,0.862
R955,elm,46448.6,-6834.7,1530.1,-87.6,0.829
R956,pine,47029.4,-6952.1,1484.4,13.4,0.949
R957,pine,48527.2,-7171,1359.1,-179.55,0.823
R958,pine,50528.9,-6717,1215.6,-107.14,1.155
R959,pine,54254.7,-7041.3,1531.6,22.39,1.067
R960,elm,56142.5,-6709.5,1992.8,-120.98,0.855
R961,elm,56817.3,-7167.4,2421.4,48.19,1.176
R962,elm,58121.8,-7105.2,2724.2,47.81,1.025
R963,pine,46423.8,-6302.9,1604.4,-15.38,1.191
R964,elm,50689,-6421.1,1235,88.73,1.155
R965,pine,54756.9,-6001,1696.3,-208.47,0.878
R966,pine,54975.1,-5577.5,1774,42.82,0.908
R967,elm,55773.1,-5676.4,1803.5,-217.68,0.88
R968,pine,44241.7,-4516,1741.7,-48.11,0.801
R969,elm,47810.6,-4716.2,1547.6,-189.4,1.128
R970,pine,-66216.7,-69272,5344.2,-220.74,1.025
R971,pine,-62810.7,-69483.7,5476.4,-16.04,0.894
R972,pine,-62175.8,-69388.6,5486.8,-257.64,0.812
R973,pine,-59857.1,-69310.8,5805,16.82,0.946
R974,pine,-59530.3,-69478.2,5915.3,-21.26,1.177
R975,pine,-58440.8,-69288.5,6037.8,78.79,1.076
R976,pine,-49912,-69307.9,6346.4,-193.1,1.188
R977,pine,-48630.8,-69315.7,6000.9,-46.21,0.998
R978,pine,-47970.1,-69267.1,6097.8,-9.74,1.115
R979,pine,-46919,-69332.6,5624,-157.62,1.007
R980,pine,-45180,-69289.3,6043.3,-211.71,1.112
R981,elm,-42594.9,-69358.1,6073.3,-268.06,0.863
R982,elm,-40386.4,-69485.8,5435.4,-238.72,0.84
R983,poplar,-20071.2,-69488,6295.2,-151.41,1.016
R984,pine,-15288.7,-69400.4,5976.8,-230.21,0.895
R985,pine,-14520,-69339.9,6246.4,-228.22,0.871
R986,pine,-12929.3,-69506.2,6447.5,-268.51,1.083
R987,pine,-12309.8,-69525.2,6445.6,33.98,1.027
R988,elm,-10957.3,-69558.6,6351.7,-182.35,0.887
R989,pine,-10365.3,-69220.6,6421.9,-186.86,0.988
R990,pine,-9443.7,-69510.8,6435.3,-266.68,1.247
R991,pine,-7811.8,-69221.3,6716,-182.68,1.012
R992,elm,-7567,-69264.8,6822.8,62.26,1.206
R993,pine,-2209.6,-69399,6255.3,-167.71,0.814
R994,pine,-1971.1,-69563.9,6135.7,45.63,0.942
R995,elm,2340.9,-69367.7,5149.8,-47.92,0.878
R996,elm,3593,-69434.1,4863.2,-89.66,0.906
R997,elm,3738.6,-69314.2,4826.6,-237.01,1.098
R998,pine,5727.9,-69439.9,4672.1,-86,1.072
R999,pine,9502.9,-69416.5,6317.8,-255.12,1.051
R1000,pine,10618.2,-69573.8,7085.3,-143.7,1.062
R1001,pine,11297,-69380.3,6514.5,-166.66,0.948
R1002,poplar,11861.4,-69236.3,6184.7,-25.42,0.893
R1003,elm,37674.8,-69246.2,6010.9,76.71,0.875
R1004,pine,38059.8,-69434.9,5833.4,-158.54,1.157
R1005,pine,41932.2,-69505.4,4916.7,49.08,1.2
R1006,elm,44429,-69284.2,5197.1,-12.05,0.98
R1007,poplar,46694.6,-69589.8,6704.3,-61.04,1.179
R1008,pine,60859.1,-69246.9,6417.5,-47.82,1.101
R1009,elm,66596.4,-69330.7,6436,-13.2,1.102
R1010,poplar,-69400.5,-68890.4,5858.2,-93,1.131
R1011,pine,-68600.2,-68825.5,5542.5,-32.7,0.886
R1012,elm,-66831.6,-68888.7,5279.9,-71.7,0.819
R1013,poplar,-66706.8,-68961.8,5310.9,-171.24,0.837
R1014,elm,-65741.2,-68498,5388.5,45.19,1.04
R1015,elm,-64595.7,-68716.2,5585.1,-126.86,0.87
R1016,pine,-63942.4,-68802.1,5531.6,44.1,1.08
R1017,pine,-63443.6,-69049.8,5436.4,-135.59,1.077
R1018,pine,-62049.3,-68973.5,5347,-265.77,0.992
R1019,poplar,-61552.2,-68440.9,4955.5,-172.78,1.179
R1020,poplar,-60594.7,-69183.3,5592,-178.34,1.221
R1021,pine,-59840,-69114.1,5767.5,-24.26,0.99
R1022,poplar,-58825.4,-68759.5,5895.1,35.65,1.242
R1023,pine,-58252.4,-68618.8,5936.2,-44.23,1.12
R1024,pine,-57646.4,-68867.8,6185.5,89.01,0.998
R1025,pine,-48678.7,-68441.1,5802.1,74.59,0.81
R1026,elm,-47724.3,-68420.5,5693.4,-130.12,0.968
R1027,pine,-47597.7,-68582.1,5653.4,61.27,0.987
R1028,pine,-44949,-68861.9,5926.9,-68.78,1.06
R1029,poplar,-43692.8,-68450.8,6191.3,-173.48,0.878
R1030,poplar,-43283.5,-69175.5,6453.5,-113.77,0.934
R1031,elm,-42025.3,-69144.2,5865.5,43.16,1.186
R1032,poplar,-41508.6,-69125.6,5565.7,-223.85,1.118
R1033,pine,-40685.3,-68432.2,5403.9,-119.98,1.064
R1034,elm,-39631,-68837.2,5222.1,-199.85,0.931
R1035,pine,-39010.9,-68861.6,5320.7,-35.94,1.149
R1036,pine,-26802.3,-68621.6,4575.8,-180.47,0.913
R1037,elm,-25124.7,-69124.1,4842.4,77.73,0.882
R1038,elm,-18406.3,-68791.1,7076.9,-67.46,1.228
R1039,pine,-17304.2,-68448.4,6243.7,-69.59,1.229
R1040,elm,-16860,-68921,6230.1,-72.93,0.959
R1041,pine,-16149.5,-68744.5,6133.9,-249.64,0.836
R1042,elm,-15406.3,-69078.6,6034.6,-194.51,1.196
R1043,pine,-14326,-69161.6,6305.5,-99.06,0.948
R1044,pine,-13981.1,-68823.2,6346.8,-166.3,0.82
R1045,pine,-13136.5,-68508.5,6527.5,-69.98,0.948
R1046,elm,-11641.5,-68603.1,6542.1,-60.22,1.141
R1047,pine,-10909.6,-68724.9,6512.2,89.65,0.988
R1048,pine,-10258.7,-68764.9,6508.7,-96.84,1.068
R1049,elm,-9652.1,-68511.6,6475.8,-216.39,1.1
R1050,pine,-9151.5,-68624.1,6606.2,32.62,1.169
R1051,pine,-7669.9,-68906.3,6816.9,-2.99,0.991
R1052,pine,-6775.6,-69049.6,6992.3,-76.81,1.094
R1053,elm,-3984.9,-68575.5,6764.5,-15.02,1.234
R1054,pine,-2565,-68608.3,6571.2,-259.96,1.153
R1055,pine,-1987.2,-68790.2,6114.2,-97.34,0.888
R1056,poplar,974.7,-68661.9,5304,-6.51,1.208
R1057,elm,1849.2,-69152.7,5162.2,-233.67,1.25
R1058,pine,2221,-68542.6,5076.1,-85.67,0.874
R1059,elm,2913,-68813.9,5119.1,-140.13,1.156
R1060,elm,4386.8,-68811.4,4666.2,-119.2,0.899
R1061,poplar,5386.4,-69074.5,4523.5,-197.87,1.225
R1062,pine,6469.3,-68723.4,4816.7,84.19,1.104
R1063,poplar,7505.2,-69031.1,5350.2,-173.17,0.961
R1064,poplar,8379.9,-68638,5912.2,-242.1,1.091
R1065,pine,9167.4,-68648.1,6658.6,-234.92,0.865
R1066,pine,9379.9,-68473.5,6791.8,-93.56,0.971
R1067,poplar,10663.4,-68740.3,6516.5,-113.65,1.185
R1068,poplar,11202.1,-68779.9,6248.8,-40.41,1.004
R1069,elm,12234.7,-68774.2,5648.2,-148.88,1.134
R1070,poplar,12642.9,-68835.1,5565.8,-188.6,0.893
R1071,pine,35848.2,-68525.4,6233.5,-77.74,0.979
R1072,elm,37743.5,-68996,5940.8,-35.06,1.048
R1073,pine,38047.3,-68771.6,5782.4,-9.65,0.823
R1074,elm,38996.2,-68754,5407.5,-210.7,0.806
R1075,pine,39718.9,-68402.2,5250.2,-92.94,0.891
R1076,pine,40701.9,-68903.9,5154.8,-3.41,1.186
R1077,poplar,41444.4,-68429.5,5025.7,-196.92,1.012
R1078,elm,42185.9,-68577.8,4987.8,-228.44,0.86
R1079,elm,42989.9,-69093.5,4893.7,-114.33,0.966
R1080,pine,43943.6,-69176,5102.4,-86.86,0.87
R1081,pine,44570.7,-68716.9,5031.3,-182.38,0.811
R1082,pine,45833.5,-68514.3,6026.1,-183.12,1.049
R1083,elm,46412.5,-68936.7,6481.2,68.04,0.802
R1084,poplar,60389,-68868.3,6298.7,21.79,1.222
R1085,pine,61305.8,-68514.4,6947.1,-57.35,0.853
R1086,poplar,62690.3,-68505.1,6556.8,-145.14,1.141
R1087,elm,63080.4,-68480.5,6422.7,-45.07,0.973
R1088,pine,63921.5,-68550.4,6457.3,-243.99,0.84
R1089,elm,64546.4,-68465.4,6588,79.43,0.985
R1090,elm,65475.7,-68732.8,6207,-266.03,1.18
R1091,pine,66068.6,-68583.1,6341.9,2.94,1.042
R1092,elm,66891.9,-68531.5,6611.3,-74.65,1.233
R1093,pine,68068.3,-69181.4,6133.2,14.76,1.195
R1094,elm,68748.1,-69053.9,6312.9,-230.8,0.926
R1095,pine,69380,-69087.5,6458.6,-30.29,1.053
R1096,pine,-69561.3,-67873.9,5494,62.2,0.875
R1097,pine,-68098.3,-67934.8,5234.4,68.15,0.981
R1098,pine,-67507,-68362.2,5238.6,-132.58,0.903
R1099,pine,-66568.4,-68041.1,5339.2,5.35,0.861
R1100,elm,-65543.5,-67943.6,5171.9,-0.74,1.06
R1101,poplar,-65184.5,-67623,5053.6,4.15,0.987
R1102,pine,-63786.1,-67748.5,4901.2,31.14,1.226
R1103,pine,-62878.4,-67815.7,4969.5,-119.23,0.968
R1104,pine,-62493.7,-67983.5,4964.6,-211.04,0.837
R1105,pine,-61869.2,-67902.2,4867.4,-237.42,0.924
R1106,pine,-61035.6,-68238.6,4941.9,41.26,0.976
R1107,elm,-60024.9,-68066,5163.1,-152.38,1.085
R1108,poplar,-58876.2,-68343,5758.2,59.16,1.067
R1109,pine,-53669.1,-67810.2,5689.2,-20.27,0.98
R1110,pine,-48598.4,-68212.8,5773.2,-144.81,0.995
R1111,elm,-48345.7,-68307.6,5794.3,-164.72,1.16
R1112,pine,-46835.2,-68025.6,5370.5,19.65,1.037
R1113,pine,-46508.7,-67785.4,5164.7,89.77,1.111
R1114,pine,-45383.4,-67936.9,5469.3,-167.47,0.941
R1115,pine,-44720.7,-68319.5,5878.4,-253.49,0.903
R1116,pine,-44171.5,-67772.6,5873.3,25.51,0.961
R1117,pine,-43090,-67761.4,5805.1,-76.12,1.019
R1118,pine,-42199.4,-67650.6,6012.6,-44.32,0.845
R1119,pine,-41505.2,-67613.6,6000,-49.67,1.169
R1120,pine,-40858.1,-68226.9,5459.1,2.44,1.033
R1121,elm,-38776.1,-67782.4,5288.9,-176.2,0.971
R1122,pine,-25383.2,-68348.1,4905.2,-7.78,0.833
R1123,elm,-19648.4,-68356.3,6628.8,-144.38,1.129
R1124,elm,-19139.4,-67740.7,6904.2,-153.39,0.97
R1125,elm,-18265.7,-68080.4,6798.2,-185.87,1.059
R1126,poplar,-17557.5,-67727.6,6321.3,-45.8,1.184
R1127,elm,-16826.7,-67790.9,6087.4,-55.73,1.222
R1128,pine,-16212.1,-68179.2,6068.8,-119.76,0.877
R1129,pine,-14884.9,-67927.7,6136.5,-151.35,1.082
R1130,pine,-14271.9,-68188.1,6263.7,-77.66,0.803
R1131,elm,-13925.6,-68289.3,6377.6,-161.51,1.17
R1132,elm,-12672,-67962.9,6779.6,74.05,0.886
R1133,pine,-11942.8,-68064.5,6756.6,-138.76,1.095
R1134,elm,-10980.9,-67705.8,6891.1,16.64,1.238
R1135,poplar,-9965.1,-67784,6809,-264.63,0.988
R1136,pine,-7353.7,-67760.8,7413.2,35.16,0.83
R1137,pine,-5955.8,-67956.8,6788.4,-69.24,0.914
R1138,pine,-3552,-67890.4,6453.1,-89.42,1.22
R1139,elm,-2587.1,-68040.8,6620.5,-167.57,1.249
R1140,pine,-1361.9,-68043.4,5871.5,-45.08,1.085
R1141,pine,-1135.2,-67611,6017.2,-134.43,1.134
R1142,elm,572.2,-68366.3,5447.7,-205.51,0.84
R1143,pine,1587,-68178.4,5351,-29.56,1.241
R1144,elm,2188.4,-68330.5,5090.4,-39.12,0.876
R1145,pine,3086.6,-67854.2,4972.6,-229.8,1.081
R1146,poplar,3983.2,-67922,4794.3,18.28,1.144
R1147,elm,4830.9,-67896.4,4662,-171.46,0.945
R1148,elm,5252.4,-68339.2,4628.4,-71.52,1.155
R1149,pine,6656.8,-68330.5,4851.9,36.73,0.853
R1150,poplar,7388,-67731.9,5503.8,-105.77,0.882
R1151,elm,8104.2,-67964.3,5964.3,-252.3,1.104
R1152,pine,9104.2,-68174.5,6657.1,-73.53,1.073
R1153,pine,9889.4,-68359.7,6689.9,-81.65,1.129
R1154,pine,10344.2,-67641,6069.3,29.58,1.154
R1155,pine,11274,-67863.6,5668.3,-57.82,1.152
R1156,pine,12557.3,-68203.1,5404.2,22.98,1.113
R1157,pine,22890,-67897.9,6250,-158.58,1.121
R1158,pine,23838.8,-67794.3,6362.3,-67.86,0.847
R1159,pine,36370.6,-67959.6,6402.2,58.19,1.092
R1160,pine,36638.8,-67773.9,6417.7,49.23,1.224
R1161,elm,37805.4,-68237.6,5823.2,-10.58,1
R1162,poplar,38490.4,-68104.9,5542.2,-149.9,1.241
R1163,pine,39115,-68097.2,5386.3,-184.87,0.83
R1164,poplar,39976.2,-68288.5,5105.9,-16.89,1.218
R1165,poplar,41143,-68193.2,5050.1,-86.57,0.882
R1166,elm,41389.7,-68132,4965.6,-48.72,1.012
R1167,pine,42178.8,-68042.7,4786,-113.63,1.087
R1168,elm,43318.5,-67600.5,4739.8,-166.57,1.079
R1169,elm,44338.8,-68158,4913.2,78.61,1.185
R1170,elm,45165.1,-67654,5278.1,-177.33,1.231
R1171,poplar,45910,-68013.7,6137.3,-261.65,1.196
R1172,poplar,46422.3,-67869.2,6432.1,28.94,1.137
R1173,poplar,60052.2,-67744.9,6313.3,-57.67,1.146
R1174,pine,61134.7,-67935.4,6968.9,54.31,0.807
R1175,elm,61762.5,-67866.3,7008,-0.67,1.009
R1176,elm,62550.5,-67991.2,6713.9,-27.15,1.207
R1177,pine,63246,-68356.6,6418.6,7.1,0.989
R1178,pine,64262.5,-67812.7,6904.9,-157.51,0.986
R1179,poplar,65055.9,-67666.9,6437.6,12.34,1.008
R1180,pine,65473.6,-67826.1,6343.1,-118.48,0.991
R1181,pine,66314.2,-67878.2,6352.8,-73.98,0.937
R1182,elm,67201.4,-67881.7,6447.7,-46.4,1.242
R1183,poplar,68172.9,-68199.8,6530.9,-173.3,1.036
R1184,pine,69141.7,-67602,6213.3,-239.71,0.925
R1185,pine,69582.1,-67772,6194.7,62.85,1.099
R1186,elm,-68504.9,-66811.8,5307.8,-201.78,1.136
R1187,pine,-67826,-67440.4,5065.3,-181.53,1.057
R1188,elm,-67076.5,-67141.1,5143.5,72.08,1.147
R1189,elm,-66252.3,-67018.1,4923.5,32.25,1.092
R1190,pine,-65854.1,-66832.7,4728.4,23.32,0.911
R1191,pine,-65145.7,-67002.6,4505.7,2.85,0.852
R1192,pine,-64213,-67386.2,4703.3,9.13,0.908
R1193,pine,-63286.4,-66995.6,4658.6,-139.3,0.863
R1194,pine,-62045.5,-67264.8,4727.1,-105.05,0.972
R1195,pine,-61494,-67329.8,4761.2,-230,0.844
R1196,pine,-61160.3,-67221.1,4862,-123.52,1.045
R1197,pine,-60306.2,-66917.2,5205.6,-132.53,1.201
R1198,pine,-59514.3,-66920.5,5407.2,5.33,0.995
R1199,pine,-58721.2,-67405.9,5719.8,-183.72,0.826
R1200,elm,-56529.3,-67022.4,5547.7,64.13,0.857
R1201,pine,-55660.1,-67213.5,5436.8,38.15,1.054
R1202,poplar,-55162.7,-67296.3,5438.5,25.96,1.152
R1203,elm,-50251.7,-66808.9,5684.1,-50.53,1.095
R1204,pine,-47314.8,-67034.2,5176.2,48.69,0.879
R1205,poplar,-46329.2,-67075,5150.8,-83.25,1.009
R1206,pine,-45527,-67370.6,5411.9,67.55,0.876
R1207,pine,-45116.8,-66990.9,5561.9,42.29,1.167
R1208,elm,-43850.5,-66883.3,5348,38,1.099
R1209,pine,-43008.8,-67556.8,5651.5,-92.13,1.218
R1210,pine,-42186.7,-66828.8,5528.7,-31.07,0.861
R1211,pine,-41930,-67034.2,5815.4,-221.89,1.207
R1212,elm,-40445.2,-67244.7,5542,-179.33,0.838
R1213,elm,-40007.7,-66963.8,5571.1,-178.88,0.843
R1214,pine,-39326,-67455,5295,-127.09,1.105
R1215,elm,-24373.6,-66969.6,4951.6,-156.95,1.171
R1216,pine,-23460.5,-67535.2,5423.7,-98.34,0.832
R1217,pine,-22776.7,-66999.3,5287.6,-141.47,1.217
R1218,poplar,-20162.9,-67527.4,6195.2,-200.02,0.833
R1219,pine,-18497.8,-67484.1,6691,-74.54,0.937
R1220,elm,-17757.7,-67154.4,6395.3,-212.75,1.208
R1221,elm,-16819.7,-67061.8,6152.3,-170.97,1.059
R1222,elm,-15601.6,-67234.8,5958.6,-56.93,0.98
R1223,pine,-15250.1,-67303.8,6018.4,-15.96,1.055
R1224,poplar,-14429.1,-66805.9,6036.4,43.8,0.956
R1225,elm,-13965.8,-67474.3,6212.6,-176.94,0.982
R1226,pine,-12668.2,-67112.7,6451.4,21.24,0.903
R1227,pine,-11957.6,-67350,6451.9,-128.88,0.943
R1228,elm,-11083.2,-67487,6683.7,-107.8,0.821
R1229,poplar,-9349.8,-66998.4,6719.4,-256.5,1.155
R1230,pine,-7060.4,-67223.8,7200.5,-77.12,1.115
R1231,elm,-2427,-67579.2,6615.9,-107.72,1.077
R1232,pine,-1028.2,-67109.1,6321.4,-80.27,1.193
R1233,pine,789.8,-67361.5,5551.2,-83.39,0.871
R1234,elm,1205.4,-67465.4,5397.1,-22.99,1.048
R1235,pine,2518.3,-66818.3,5393.7,65.78,1.068
R1236,elm,2833.3,-67129,5239.4,-24.66,0.87
R1237,pine,3901,-67038.7,4746.7,-255.86,0.806
R1238,elm,5194.3,-66840.2,4827.3,72.02,1.123
R1239,pine,5491.6,-67133.9,4803.8,-21.49,1.157
R1240,pine,6085.3,-67101.7,5208.7,-70.66,0.922
R1241,pine,7154,-67114.9,5451.1,34.15,1.215
R1242,pine,8398.5,-67535.7,6508,-210.09,1.129
R1243,elm,8984.2,-67388.9,6568.6,-180.1,1.157
R1244,pine,9623.1,-67586.1,6450.3,-73.47,0.8
R1245,poplar,10537.5,-67185.2,5815.8,-185.94,1.147
R1246,pine,11573.1,-66897.3,5358.6,28.97,0.819
R1247,pine,11702.3,-67299,5390.2,47.77,1.019
R1248,elm,12849.2,-67147.5,5383.6,-195.08,1.216
R1249,pine,23571.7,-67504.7,6416.1,-145.21,1.091
R1250,pine,25071.6,-67027.8,6103.9,34.6,0.991
R1251,elm,35874.2,-67508.1,6101,-197.7,0.891
R1252,poplar,37883.7,-67202,5797.3,38.33,0.904
R1253,elm,38011.8,-67233.3,5740,-107.13,1.125
R1254,elm,39062.9,-67384.4,5128.2,-67.24,1.152
R1255,pine,39643.6,-67461,4967.4,-240.13,0.861
R1256,poplar,41097.9,-67155,4951,35.02,0.885
R1257,pine,41251.1,-67596.1,4867.8,-113.63,0.817
R1258,pine,42525.7,-66986.1,4558,-50.66,1.24
R1259,pine,43050.2,-67023.7,4577.8,49.81,1.214
R1260,poplar,43716.2,-66864,4660.3,-44.91,1.145
R1261,pine,44887.5,-67339.8,5071.8,-234.86,1.06
R1262,pine,45669.8,-67040,5673,-59.7,1.104
R1263,elm,46257.8,-67223.5,6095.8,81.09,1.123
R1264,pine,56727.1,-66859.9,5246.1,-225.34,1.168
R1265,pine,57606.1,-66842.6,5411.8,-211.03,1.222
R1266,pine,60338.9,-67343.2,6393.2,-129.5,1.069
R1267,pine,61417.9,-67235.8,6688.8,33.93,1.222
R1268,pine,62243.7,-67299.2,6966.5,-89.06,1.117
R1269,pine,63536.3,-67289.5,6802.4,60.2,0.877
R1270,elm,63615,-67543.5,6677.1,-70.54,1.121
R1271,elm,65136.1,-67027,6294.7,88.03,1.011
R1272,poplar,65731.4,-67063,5975.7,3.39,1.117
R1273,pine,66118,-67368.1,5971.9,41.59,0.893
R1274,pine,66962.9,-67160.2,5880.5,50.13,1.247
R1275,elm,69141.5,-67050.7,6125.7,-189.36,0.94
R1276,pine,-69463.2,-66797.6,5497.3,82.05,1.194
R1277,pine,-69098,-66432.1,5495,-161.42,0.806
R1278,pine,-68355.6,-66335.6,5290.4,-133.43,0.984
R1279,pine,-67259.5,-66414.6,5062.5,-268.23,1.156
R1280,pine,-66125.6,-66546.4,4649.1,-205.92,0.846
R1281,elm,-65725.5,-66661.9,4523.9,-233.94,0.883
R1282,elm,-63738.4,-66730.1,4641.2,76.69,1.081
R1283,elm,-62979.2,-66111,4602.2,-92.6,1.091
R1284,elm,-62647.3,-66741.1,4647,-0.25,1.195
R1285,pine,-61466.8,-66655.8,4732.1,-149.45,0.912
R1286,elm,-60757.8,-66032.3,4568.8,69.74,0.996
R1287,poplar,-60052.9,-66405.9,4975.1,-162.83,0.913
R1288,elm,-59006.1,-66065.2,5236.8,0.53,0.909
R1289,pine,-58548.3,-66075.3,5264.1,-178.62,0.971
R1290,pine,-57523.6,-66002.6,5366.7,-200.59,0.957
R1291,elm,-56936.1,-66646.6,5474.9,-101.76,0.817
R1292,pine,-56047.8,-66756.5,5376,-123.67,1.108
R1293,pine,-54999.9,-66748.9,5353.3,9.39,1.194
R1294,pine,-48555.1,-66051.7,5103.5,-263.43,1.117
R1295,pine,-47651,-66359.2,5081.3,-40.2,1.188
R1296,pine,-47415.7,-66605.2,5181.4,67.77,0.85
R1297,elm,-46432.7,-66128.5,5216.3,-240.1,0.959
R1298,pine,-45229.3,-66471.4,5586.5,-243.79,1.008
R1299,poplar,-44511.7,-66615.7,5769.3,-73.84,1.085
R1300,elm,-44287.9,-66654.8,5586.1,-117.96,1.117
R1301,elm,-43019.4,-66584.7,5162.2,0.22,1.217
R1302,pine,-42366,-66583.1,5318.5,34.49,0.897
R1303,poplar,-41642.3,-66108,5410.9,66.49,0.937
R1304,elm,-40546.3,-66044.8,5940.7,-5.69,0.968
R1305,elm,-40358.6,-66434.4,5988.3,-209.41,0.972
R1306,poplar,-39431,-66490,5710.7,-41.39,1.233
R1307,poplar,-38419.9,-66291.2,5688.3,-99.3,1.057
R1308,elm,-37272.1,-66407,5580.1,73.75,1.075
R1309,pine,-22718.2,-66433.9,5309,-53.53,1.186
R1310,poplar,-20748.2,-66476.5,5504.5,62.95,1.196
R1311,pine,-18418.1,-66164,6481.6,-267.14,1.198
R1312,poplar,-17998.4,-66042.6,6318.8,73.15,1.181
R1313,pine,-16449.2,-66319.8,6091.1,-247.39,0.921
R1314,elm,-16025,-66273.4,5942.1,32.99,1.118
R1315,pine,-15086.4,-66724.1,5936.1,57.06,1.092
R1316,pine,-14154.3,-66137.3,6151.2,-160.45,1.088
R1317,pine,-13484.2,-66733.7,6366.2,-207.04,0.865
R1318,elm,-12089.4,-66275.1,6164.5,62.17,1.057
R1319,pine,-8627.2,-66591.4,6978.3,79.95,1.111
R1320,elm,-5092.5,-66263,6256.3,-23.38,0.822
R1321,pine,-4002.9,-66729.3,6168.4,-160.51,1.157
R1322,elm,888.7,-66101.1,6102.9,-10.17,1.218
R1323,poplar,1765.6,-66244.4,5743,71.67,1.195
R1324,pine,2153.9,-66653,5504.5,-180.98,0.955
R1325,elm,3576.4,-66545.4,5084.4,-10.17,1.163
R1326,elm,5090.7,-66738.8,4893.1,-147.05,0.94
R1327,pine,5535.4,-66355.7,5207.8,-132,1.117
R1328,elm,6124.6,-66380.8,5466.7,-95.91,0.847
R1329,pine,6815.1,-66186.6,5768.2,-217.56,1.212
R1330,elm,7618.6,-66161.8,5853,-42.64,0.961
R1331,elm,8973.2,-66773.1,6190,-144.77,1.245
R1332,poplar,9888.9,-66257.4,5611.8,-246.03,1.013
R1333,elm,10258.8,-66003.9,5352.3,-28.25,1.121
R1334,pine,11556.9,-66714.9,5364.3,20.75,0.803
R1335,elm,11637,-66370.2,5401.8,-219.37,1.219
R1336,poplar,12712.9,-66707.2,5374.1,-111.94,0.923
R1337,poplar,13733.6,-66200.1,5296,-10,0.924
R1338,pine,23506.2,-66470.7,6348.4,-169.27,0.897
R1339,pine,23661.2,-66117.4,6355.2,-50.13,1
R1340,pine,37949.6,-66306.2,5680.8,-115.04,1.019
R1341,pine,38736.7,-66674.6,5227.5,-197.54,0.966
R1342,elm,38943.6,-66603.1,5091.5,-91.65,0.876
R1343,pine,39649.9,-66319.8,4877.1,81.35,1.021
R1344,pine,40408.5,-66023.8,4898.9,-263.78,1.03
R1345,elm,41677.8,-66775.5,4662.1,-3.45,0.979
R1346,elm,42792.3,-66268.4,4678.9,-111.92,1.117
R1347,pine,43284.1,-66651.3,4618.2,-225.51,1.202
R1348,pine,44242.7,-66299.6,4775.7,45.2,1.017
R1349,poplar,44835,-66779.8,5035.6,-165.83,1.167
R1350,poplar,45668,-66415.1,5770,-160.65,1.13
R1351,elm,46329.2,-66213.5,6097.7,42.53,0.868
R1352,pine,47456.4,-66715.6,6347.6,45.51,0.887
R1353,pine,47739.3,-66395.6,6466.8,-134.4,1.131
R1354,elm,48424.3,-66229,6230.6,44.4,1.061
R1355,pine,55600.1,-66023.5,4946.6,-40.87,1.003
R1356,elm,56693.6,-66738.2,5240.2,-251.64,1.075
R1357,elm,57956.5,-66740.9,5481.3,24.47,0.969
R1358,pine,59349.1,-66494.9,6021.3,10.17,1.114
R1359,pine,60503.4,-66350.5,5913,-226.37,0.85
R1360,elm,61799.4,-66256,6404.4,-37.86,0.89
R1361,elm,62706.9,-66463.2,7080.8,-111.16,1.123
R1362,pine,63056.9,-66260.1,6959.7,-3.96,0.989
R1363,pine,64127.5,-66619.2,6864.6,-68.92,1.098
R1364,pine,65096.7,-66278.1,6233.8,-222.15,0.857
R1365,pine,65884.9,-66401.9,5905.8,59.45,1.146
R1366,pine,67148.5,-66777.7,5727.3,5.01,0.816
R1367,poplar,67724.1,-66369.5,5589.9,-6.07,0.996
R1368,poplar,-69286.1,-65302.5,5780.4,38.14,0.969
R1369,pine,-68489,-65876.9,5445.9,30.36,0.986
R1370,pine,-67738.4,-65551.5,5372.4,-117.12,1.064
R1371,pine,-67423.6,-65422,5242,-95.47,1.245
R1372,elm,-66095.5,-65690.7,4362.6,-232.02,1.056
R1373,elm,-65372.9,-65616.9,4326.4,82.02,0.967
R1374,poplar,-65084.3,-65295.9,4238.1,-23.12,1.246
R1375,poplar,-63741,-65949.7,4645.5,-176.87,0.926
R1376,elm,-63479.2,-65712.1,4652.5,-127.94,0.877
R1377,pine,-60778.8,-65896.1,4503.7,22.53,1.068
R1378,pine,-59655.6,-65671.5,4988.6,44.96,0.957
R1379,pine,-59364.7,-65689.1,5054.3,-69.24,0.836
R1380,elm,-58336.5,-65767.3,5320.1,-52.24,0.974
R1381,poplar,-57328.8,-65602.7,5260.2,-3.13,1.124
R1382,pine,-57077.7,-65555.8,5263.2,-228.22,1.163
R1383,pine,-48701.1,-65617.5,4953,81.18,0.957
R1384,elm,-48023.7,-65518.8,4837.4,-127,1.198
R1385,pine,-47521,-65797,4904.3,-265.71,0.807
R1386,elm,-46514.8,-65730.2,5223.9,67.23,1.218
R1387,elm,-45400.9,-65494.3,5439.4,-81.76,1.24
R1388,pine,-44917.2,-65872.9,5633,-159.53,0.919
R1389,pine,-44125.5,-65786.7,5334,-118.01,1.069
R1390,elm,-43096.8,-65309.8,4993.6,-241.78,1.031
R1391,elm,-42553.1,-65839.5,5021.3,-238.77,0.953
R1392,elm,-41599.5,-65815.4,5217.9,59.79,1.19
R1393,elm,-40076.8,-65738.4,5973.5,-124.65,1.048
R1394,pine,-39548.5,-65763.8,6167,37.06,1.002
R1395,pine,-38596.8,-65544.4,6380.4,-195.31,1.239
R1396,pine,-21505.4,-65577.4,5224.6,47.79,0.878
R1397,elm,-20699.3,-65226.6,5403,-158.95,1.068
R1398,elm,-17633.9,-65224.5,6086.1,-220.95,1.194
R1399,pine,-16702.9,-65389.6,6079.1,-167.88,1.249
R1400,pine,-16321.4,-65873,6100.9,-84.06,0.894
R1401,elm,-14951.4,-65243.7,6155.7,-85.73,0.932
R1402,pine,-14777,-65682,6207.5,-108.62,0.821
R1403,elm,-13445.6,-65925,6437,-191.34,1.108
R1404,pine,-13008.4,-65501.2,6501.3,-28.62,1.152
R1405,poplar,-11788.2,-65988.9,6184,12.7,1.179
R1406,pine,-10819.2,-65427.8,6465.5,-25.47,0.951
R1407,elm,-10444.3,-65631.6,6480.1,-99.88,1.215
R1408,poplar,-9997.7,-65928.3,6471.1,-222.19,0.996
R1409,elm,-5764.3,-65285.7,6030.1,-109.23,1.242
R1410,elm,-4572.1,-65421.4,6002.5,-61.59,0.8
R1411,elm,-832.1,-65306.7,6132.7,39.9,1.192
R1412,pine,526.8,-65428.4,5990.2,-172.12,1.11
R1413,poplar,1497.6,-65734.5,6069.8,-240.58,1.117
R1414,pine,2342.1,-65413.8,5911.5,-103.19,0.969
R1415,pine,3373.6,-65248.3,5777.6,-269.51,0.844
R1416,elm,3867.8,-65671.2,5656.2,-204.37,1.135
R1417,pine,4794.9,-65646.4,5493.4,-214.25,1.247
R1418,pine,6572.2,-65702.1,5909.7,-173.12,0.894
R1419,poplar,6842,-65878.7,5859.7,39.88,1.045
R1420,pine,8228.5,-65906.2,5925,-154.79,0.96
R1421,elm,9153.3,-65732.2,5701.1,1.76,1.101
R1422,poplar,9704,-65941.4,5540.6,-268.72,1.086
R1423,pine,10661.5,-65994.5,5317.4,-229.32,0.804
R1424,pine,10929.4,-65344.5,5204.3,-204.83,0.874
R1425,poplar,11715.6,-65224.7,5410.9,-16.99,0.953
R1426,elm,12799.7,-65788.2,5340.4,-223.38,1.15
R1427,pine,23755.4,-65737.9,6377.7,-267.7,1.216
R1428,poplar,24928.4,-65673.2,6126.6,-111.24,1.087
R1429,pine,38531,-65425.3,5363.1,-100.63,0.948
R1430,elm,39057.9,-65515,5238.8,-38.6,1.168
R1431,elm,39703.8,-65242.5,5168.8,-247.92,1.171
R1432,elm,41080.3,-65989.5,5051.6,49.21,0.812
R1433,pine,41539.7,-65892.9,4843.5,-18.41,0.901
R1434,pine,42468.2,-65635.3,4693.2,-141.33,1.152
R1435,pine,43512.2,-65773.5,4850.7,0.99,1.093
R1436,pine,43868,-65304,4974.7,-98.65,1.187
R1437,pine,44945.2,-65709.9,5210.3,-248.38,0.974
R1438,pine,45220.9,-65292.1,5212.6,15.97,0.978
R1439,pine,46035.4,-65693.5,5812.5,-228.79,1.113
R1440,poplar,47450.3,-65971.6,6398.2,-215.79,0.87
R1441,elm,47978.5,-65835.5,6552,-196.28,1.198
R1442,poplar,48783.2,-65370.8,5887,-53.67,0.983
R1443,elm,57003.9,-65670.9,5136.4,26.74,1.186
R1444,elm,58557.6,-65953.8,5701.3,-35.43,1.192
R1445,pine,59765.3,-65953.7,5651.1,-47.1,0.81
R1446,pine,61164.7,-65745.2,5943.8,-109.48,0.892
R1447,elm,61472.5,-65966.9,6142.5,-219.03,0.869
R1448,pine,62303.4,-65263.3,6416.6,56.06,1.02
R1449,pine,63110.7,-65349.6,6657.7,7.7,0.958
R1450,pine,63721.4,-65847.1,6936.5,-153.79,1.041
R1451,elm,64720.9,-65327,6262.9,-178.38,0.82
R1452,poplar,65985.7,-65782.2,5692.3,-27.64,0.834
R1453,pine,66062.7,-65543.1,5569.9,-48.7,0.954
R1454,elm,66872.7,-65802,5411.2,-45.13,0.812
R1455,pine,69033.2,-65333,5972.2,-16.84,0.936
R1456,pine,-68436.2,-65016,5634.8,61.56,0.923
R1457,pine,-68360.3,-64571.1,5598.5,-195.63,1.004
R1458,poplar,-67314.9,-64831.9,4911,-61.15,1.142
R1459,pine,-66759.3,-64954.2,4565.7,9.25,1.029
R1460,poplar,-65953.6,-64834.4,4180.7,65.2,1.22
R1461,pine,-65194.1,-64886.4,4164.4,78.99,0.879
R1462,pine,-63789.1,-65162.1,4626.1,-54.27,0.941
R1463,pine,-62869.7,-64431.7,4512.8,-179.75,0.963
R1464,elm,-62207.9,-64848.5,4281.8,-180.11,1.073
R1465,poplar,-61493.4,-64688.5,4339.7,-204.83,1.167
R1466,elm,-60519.7,-64558.5,4463.7,50.3,0.837
R1467,pine,-59639.4,-64477.8,4835.1,45.17,0.898
R1468,pine,-59191,-65145.2,5044.3,-59.75,1.066
R1469,poplar,-58147.8,-64590.7,5364.4,58.31,0.967
R1470,pine,-57577.2,-65088,5295.2,50.89,1.136
R1471,pine,-56463.1,-64679.7,5651.1,-178.15,0.966
R1472,elm,-55164.1,-64635.1,5466.2,-129.33,1.015
R1473,pine,-50555.4,-65096.3,5415.2,83.05,0.948
R1474,poplar,-49072,-64796.1,4932.5,-114.95,0.84
R1475,poplar,-48003.9,-64818.9,4749.2,-78.2,0.919
R1476,pine,-46915.6,-64686.6,4896.7,-109.29,1.242
R1477,elm,-46609.2,-64887.8,5078,-95.13,0.818
R1478,pine,-45890.9,-64601.1,5211.4,-210.02,1.086
R1479,pine,-44606,-64649.8,5271.8,-83.66,1.202
R1480,pine,-43637.7,-65148.6,5035,-95.04,1.043
R1481,elm,-43592.2,-64950.2,4990,22.66,1.245
R1482,poplar,-42770,-64843.8,4953.3,-102.53,0.92
R1483,pine,-41552.4,-64472.1,5196.8,-269.44,1.204
R1484,pine,-40922.9,-64938.3,5425.3,-96.45,1.223
R1485,pine,-40369.6,-64483.7,5479.6,-90.05,1.249
R1486,pine,-25290.6,-64618.2,4749.3,-70.4,1.176
R1487,elm,-23245.5,-64546.2,4943,-262.46,0.974
R1488,pine,-17415.4,-65005.8,5983.6,-197.92,1.104
R1489,pine,-16901.4,-65157,6042.3,-132.51,1.164
R1490,poplar,-15987,-64717.7,5973,-105.65,0.89
R1491,poplar,-15508.2,-65031.1,6026.7,-268.88,1.202
R1492,pine,-14283.3,-64822.3,6209.4,-70.31,1.033
R1493,poplar,-13860.7,-64585.1,6256,-238.69,1.19
R1494,elm,-12463.3,-65061.2,6565.9,-232.74,0.902
R1495,elm,-12112.4,-64808.4,6500.2,-33.24,1.102
R1496,elm,-11020.4,-64601.6,6499.8,-63.35,1.011
R1497,pine,718.3,-64749.2,5744.1,-41.88,0.883
R1498,elm,1937.6,-65058.3,6100.9,-216.61,0.963
R1499,poplar,2113.5,-65044.8,6172.5,-242.7,1.209
R1500,pine,3114,-64506.1,5962.3,-153.15,0.974
R1501,elm,5096.9,-64831.4,5827.6,-71.06,1.146
R1502,elm,6533.1,-64931.7,5986,-174.57,0.893
R1503,pine,6997.4,-64872.3,5922.3,-141.32,1.051
R1504,elm,8803.4,-65025.9,5514.3,56.69,1.175
R1505,pine,9994.9,-64850.5,5157.3,71.85,0.978
R1506,pine,10522.3,-64905.1,5098.8,-162.02,0.851
R1507,poplar,10826.5,-64748.2,5103.2,-180.48,1.223
R1508,elm,20906,-64982.3,6105.4,10.1,0.812
R1509,elm,22542.1,-64871.3,6048.2,-59.73,1.056
R1510,elm,23937.1,-65172.7,6186.4,-221.35,0.937
R1511,elm,26689.4,-64735.2,5797.4,1.94,0.906
R1512,pine,38350.1,-64951.5,5603.6,-219.13,1.174
R1513,elm,38813.5,-64570.9,5580.1,65.39,0.958
R1514,poplar,40168,-65182.2,5187.1,50.89,0.973
R1515,poplar,40640.2,-65135.9,5073.3,-118.35,1.153
R1516,elm,41630.8,-65155.1,4940.9,-7.05,1.19
R1517,poplar,42363.6,-64483.2,4980.6,-66.06,0.841
R1518,elm,43262.9,-64737.1,4997.2,-252.48,1.158
R1519,pine,44265.4,-65035.3,4895.7,-27.97,1.151
R1520,poplar,44715.9,-65091.3,4986.6,83.67,1.105
R1521,elm,45894.5,-64756.9,5342.6,-246.35,0.974
R1522,poplar,46641.7,-65099.2,6034.5,38.15,0.983
R1523,pine,47449.2,-64947.4,6346.2,-47.43,0.824
R1524,pine,48181,-64817.6,6282.6,-240.27,1.143
R1525,pine,49359,-64569.3,6000.5,-116.1,1.219
R1526,pine,50314.5,-64524.6,5725.5,-251.09,1.207
R1527,pine,55279.2,-65124.1,4523.7,45.81,1.08
R1528,elm,56852.7,-64489.8,4793.8,-198.07,1.167
R1529,elm,58515.5,-64638.7,5090.7,-258.65,1.07
R1530,pine,59840.8,-64716.2,5411.3,-148.64,0.899
R1531,poplar,60682.5,-65133.6,5802.8,26.12,0.881
R1532,pine,61767.9,-64504.8,5998.9,-142.73,1.064
R1533,elm,62589.5,-65163.8,6568.7,-189.73,1.008
R1534,pine,62822.7,-64757,6490.3,-14.36,1.029
R1535,elm,63770.2,-65019.9,6626.2,-181.46,1.172
R1536,poplar,65035.3,-65017.3,5924.1,-130.29,1.003
R1537,elm,65895.3,-64711,5165.6,-120.15,1.107
R1538,pine,68993.5,-64920,5960.9,-112.13,0.952
R1539,pine,69448.8,-64766.8,6018.2,26.43,1.242
R1540,pine,-68740.7,-64137.6,5702.6,84.71,0.969
R1541,pine,-67952.8,-63905.3,5243.4,-129.16,0.981
R1542,poplar,-67490.5,-63696.5,5135.8,24.25,1.118
R1543,pine,-66114.5,-64270,4342.9,-209.17,0.801
R1544,elm,-65740.6,-64132.3,4315.9,-158.97,0.8
R1545,elm,-64714,-63667.6,4458.6,-119.31,0.807
R1546,pine,-64293,-64091,4332.1,-192.32,1.063
R1547,pine,-62807.8,-63951.9,4590.5,-138.07,1.194
R1548,elm,-62696.8,-64079.7,4533.5,-78.91,1.158
R1549,pine,-61278.1,-64123.9,4435,-117.33,1.219
R1550,elm,-60899.6,-64215.3,4455.3,-75.78,1.107
R1551,pine,-58833.2,-64229.5,5185.2,-242.31,1.198
R1552,elm,-58389.6,-63648.4,5257.4,-236.69,1.058
R1553,pine,-57499.9,-64312.3,5595.9,-249.5,1.05
R1554,poplar,-56683.5,-63952.6,5953.4,-117.67,1.007
R1555,elm,-55855.7,-64264,5606.5,-204.32,0.845
R1556,pine,-50214.4,-63729.9,5210.6,-253.16,1.234
R1557,poplar,-49981.9,-63792.9,5179.9,-58.56,0.853
R1558,pine,-48664.3,-63973,5117.3,-126.91,0.952
R1559,elm,-47972.3,-64158.1,4881.4,-249.75,1.066
R1560,pine,-47200.6,-64335.5,4782.5,-83.54,0.882
R1561,elm,-46443.3,-64122.4,5084.4,-80.88,0.992
R1562,pine,-45330.1,-64347.5,5166.9,71.48,1.085
R1563,pine,-45092.3,-63651.5,5010,-181.34,0.838
R1564,pine,-44295.5,-64031.8,4923.5,-94.11,0.954
R1565,pine,-42865.1,-63995,4892.3,39.33,0.902
R1566,pine,-42260.1,-64256,5003.6,-185.8,1.139
R1567,pine,-41477.6,-63918.5,5185.5,84.34,0.861
R1568,poplar,-40607.7,-63728.7,5520.7,-203.68,0.851
R1569,elm,-38171.4,-64219.1,6238.9,68.03,0.971
R1570,pine,-25982.9,-64040.5,4764.2,80.51,1.151
R1571,pine,-23725.7,-63903.6,4688.8,-32.02,1.205
R1572,elm,-17461.7,-64263.3,5909.1,-8.45,1.028
R1573,poplar,-17027.8,-63620.6,6151.3,-268.8,0.876
R1574,poplar,-15967.5,-64129.1,5821.6,-165.07,1.168
R1575,pine,-15201.7,-64362.7,5840.8,10.27,1.111
R1576,pine,-14474.2,-63684.6,5861.5,-14.28,1.184
R1577,pine,-13283.9,-63804.5,6442.8,-239.44,0.84
R1578,pine,-13129.7,-63684.1,6531.4,-107.18,1.053
R1579,pine,-12144.3,-64107.9,6675.4,-265.57,0.895
R1580,pine,-11545.7,-64248.1,6554.8,-95.73,1.141
R1581,pine,-10728.3,-63811.6,6317.6,-211.98,0.965
R1582,pine,-4965.8,-64299.2,5625,49.4,0.984
R1583,pine,-4120.9,-63932.1,5494.3,-132.99,1.076
R1584,pine,-2580.4,-64006.8,5497.8,-55.85,1.113
R1585,pine,-1739.5,-63612.6,5352.7,68.16,0.815
R1586,elm,1028.5,-64044.1,5601.7,-24.01,1.238
R1587,elm,1907.6,-63806,5637.5,-255.27,0.881
R1588,elm,2967.6,-64018.9,5740.1,-22.37,1.094
R1589,elm,3742.3,-64175.8,5805.9,-43.98,1.088
R1590,poplar,8396.1,-64284.1,5308.8,-192.29,0.853
R1591,pine,8839.2,-64300,5352.7,-90.6,0.899
R1592,pine,9735.9,-64314.4,5232,-44.17,1.098
R1593,poplar,10288.9,-63950.3,4928.4,-70.89,0.952
R1594,elm,11392.2,-64111.7,5171.9,-152.06,1.006
R1595,elm,12688.9,-63902.1,5529.2,85.06,0.939
R1596,pine,24358.3,-64213.1,5978.6,-93.63,0.981
R1597,pine,24872.9,-64226.5,6121.1,3.63,1.247
R1598,pine,25975.2,-63958.4,6183.6,-143.74,1.185
R1599,elm,26933.2,-64218.4,5633.3,-252.36,1.186
R1600,poplar,38312.7,-63840.7,5826.2,46.65,1.028
R1601,pine,38992.2,-64312.7,5633.2,19.47,1.184
R1602,elm,39607.2,-63635.6,5490.2,41.65,0.971
R1603,elm,40497.4,-63933.6,5444.3,-204.48,1.207
R1604,pine,41287.6,-63921.6,5156.7,-133.59,0.932
R1605,pine,42115.5,-63831.7,5042.1,-10.36,0.979
R1606,pine,42957.8,-63756.3,4952.4,-105.02,1.109
R1607,pine,43772.5,-63870.9,5029.4,-33.67,1.149
R1608,pine,45071.7,-64129.5,4763.4,-123.8,0.993
R1609,poplar,45474.2,-63927,4833.2,-58.3,0.823
R1610,pine,46299,-64028.1,5232.7,10.05,1.211
R1611,poplar,47529.5,-64399.6,6175.7,-130.86,1.083
R1612,pine,47801.7,-63979.9,6135.9,-219.3,1.034
R1613,elm,48429.1,-64125,6265.7,51.86,0.946
R1614,poplar,51635.3,-64233.3,5300,-135.64,1.138
R1615,elm,57569.4,-64304.9,4912.3,-190.16,1.125
R1616,pine,58433,-63960.5,4942.9,-234.08,0.987
R1617,elm,58857.4,-64158.6,5037.7,-184.23,0.878
R1618,elm,59957.2,-64378.2,5389.3,-208.88,0.821
R1619,elm,60780.8,-64112.1,5598,-73.23,1.026
R1620,pine,61520.6,-63753.1,5833.6,-91.87,1.02
R1621,pine,62563.2,-64380.5,6281.1,83.96,1.185
R1622,elm,63377.3,-64245.2,6234.5,-262.17,1.147
R1623,pine,64221.9,-63699.9,5776.4,-0.92,0.874
R1624,pine,64513.9,-63968.8,5655.6,-48.27,1.097
R1625,pine,65758.3,-63658.1,4813.2,-35.77,0.811
R1626,pine,67080.6,-64328.7,4885.3,-80.04,1.109
R1627,pine,68406.3,-63797.2,5666.6,-77.53,1.1
R1628,elm,69533.1,-64104.8,6280.8,-204.82,1.226
R1629,pine,-68462.5,-62984.2,5553.6,-104.78,1.168
R1630,pine,-68066.7,-63452.8,5304.4,-102.09,0.954
R1631,elm,-66965.1,-63280,4886.6,33.07,1.182
R1632,pine,-66636.2,-63388.1,4750.9,-69.18,1.217
R1633,pine,-65863.2,-63041.8,4798.4,31.08,1.204
R1634,pine,-65069.2,-62931.8,4824.5,-263.22,0.923
R1635,pine,-64122.9,-63003.5,4695.6,-259.65,0.904
R1636,pine,-63037.2,-63083.7,4777,-205.03,1.102
R1637,pine,-62644.8,-63106.4,4613.6,-60.76,0.959
R1638,elm,-61382.9,-63534.4,4470.8,89.78,1.023
R1639,poplar,-61148.4,-63062.8,4456,-16.84,0.818
R1640,poplar,-59040,-63095.8,5134.5,-156.74,0.868
R1641,pine,-58369.3,-63333.9,5290.5,53.77,0.912
R1642,elm,-57458.3,-63303.1,5773.6,-20.91,1.233
R1643,pine,-56763.3,-63296.6,6122.7,-262.62,1.061
R1644,pine,-55894.9,-63277.8,5454.4,-214.11,1.054
R1645,pine,-53007,-63487,5089.4,-193.86,0.913
R1646,pine,-49475.8,-63396.4,5498.9,-230.38,1.056
R1647,pine,-48521.9,-63453.5,5368.1,-216.9,1.034
R1648,pine,-48167.2,-62961.8,5556.5,50.35,0.85
R1649,pine,-46880.8,-63569.1,5157.8,13.13,1.231
R1650,elm,-46037.8,-63256.4,5055.2,50.84,1.239
R1651,pine,-45490.2,-62820.1,4892.4,-200.72,0.936
R1652,pine,-45149.5,-63390.2,4910.9,58.92,1.12
R1653,elm,-44087.8,-62918.9,4893,-25.68,1.192
R1654,pine,-42940.8,-63454.3,4804.9,13.7,0.953
R1655,poplar,-42480.6,-63330.4,4935.1,-182.02,0.95
R1656,elm,-41564,-63173.7,5257.4,-72.26,1.064
R1657,pine,-40429.4,-62957.5,5467,17.02,1.208
R1658,elm,-39856.9,-63444.8,5638,-14.18,1.011
R1659,elm,-39437.6,-63340.3,5462.6,23.37,0.975
R1660,poplar,-38704,-63321.7,5496.5,-250.87,1.032
R1661,elm,-27276.7,-63538.6,5166.4,-32.01,0.844
R1662,pine,-25397.2,-62813,4455.6,-109.25,1.016
R1663,pine,-24498.3,-63000.9,4490.7,53.16,1.086
R1664,pine,-24370.4,-63318.7,4533.3,64.02,0.907
R1665,pine,-17156.9,-63497.9,6157.8,-123.47,0.863
R1666,pine,-15962,-63542.1,5737.4,-50.68,0.938
R1667,elm,-15217.5,-62943.1,5881.1,-62.64,0.935
R1668,pine,-14375.7,-63563.5,5898.2,-219.85,0.954
R1669,poplar,-13204.5,-63592.4,6459.7,-229.47,0.862
R1670,elm,-12099,-63059.7,6606,79.87,1.195
R1671,elm,-1637.2,-63246.7,5196.6,71.4,0.882
R1672,pine,-927.9,-62940.1,4980,-201.87,1.105
R1673,pine,983.1,-63458.9,5262.4,-16.35,1.186
R1674,poplar,1919.2,-63000.6,5407.7,-208.75,1.007
R1675,elm,4918.5,-63264.9,5226.1,-145.92,0.9
R1676,elm,6155.6,-63292.1,5601.7,-106.54,1.158
R1677,pine,7270.3,-63489.4,5435.5,-11.9,0.909
R1678,pine,9821,-62811.9,4942,-6.33,1.213
R1679,pine,20436.4,-63401.1,5281.1,48.8,0.978
R1680,pine,21876.2,-63088.7,5557.2,-125.57,1.199
R1681,pine,23013.5,-63035.9,5545,69.4,1.22
R1682,pine,23689.5,-63228.4,5671.9,79.76,1.106
R1683,pine,24576.2,-62834.3,5418.1,-236.77,0.919
R1684,pine,26102.2,-63563.6,6093.3,34.48,1.212
R1685,elm,27636,-63149.9,5141.6,80.8,0.966
R1686,pine,37752.5,-63052.8,5901.5,-210,0.844
R1687,pine,38373.4,-63251.7,5674.2,49.1,0.9
R1688,pine,39488.1,-63104.2,5535,5.33,1.22
R1689,elm,40158,-63041.6,5306.2,-195.69,1.157
R1690,pine,41163.6,-63026.2,5183.6,64.98,0.907
R1691,elm,41764.7,-63480.6,5080.7,-167.29,1.138
R1692,pine,42193.3,-63015.6,4807,-173.11,1.172
R1693,elm,43132.5,-63342.2,4881.9,-68.31,0.992
R1694,poplar,43830.1,-62928.8,4820.8,0.09,0.88
R1695,elm,44944.1,-63531,4716.2,-175.25,0.887
R1696,elm,45502.2,-63586.8,4881.1,-214.63,1.017
R1697,poplar,46758.1,-63379.3,5191.3,-99.03,0.916
R1698,elm,47269.5,-62949.2,5367.4,-212.54,1.234
R1699,pine,47910.6,-63189.3,5771.7,-0.56,1.11
R1700,pine,48621.3,-63449.2,5928.4,-26.85,0.892
R1701,pine,49346.8,-62924.2,5694.6,-266.51,1.192
R1702,elm,50903.8,-63050.2,5648.4,75.88,0.972
R1703,pine,54784.8,-63597.1,4130.4,-62.67,1.209
R1704,pine,56716,-63489.5,4647.1,-15.05,0.996
R1705,poplar,58088.1,-62912.1,4873.4,7.37,1.221
R1706,poplar,59546.7,-63337.9,5292.8,-247.93,1.104
R1707,poplar,59809.9,-63172.5,5389.6,76.42,0.997
R1708,elm,60970,-63255,5621.8,-70.83,0.82
R1709,elm,61683.8,-63366.4,5793,66.81,1.024
R1710,elm,62004.9,-63393.7,5721.5,-167.88,1.237
R1711,elm,63552.1,-63283.3,5804.7,-139.07,1.209
R1712,poplar,63685.8,-63009.6,5512.4,29.58,0.998
R1713,pine,64715.1,-63562.5,5212.1,-185.71,1.182
R1714,elm,65284,-62804.2,4621.2,-84.49,1.127
R1715,pine,66166.6,-63057.5,4613.5,-121.09,1.007
R1716,elm,67276.1,-63442.4,4885.6,-200.3,1.019
R1717,poplar,67941.3,-62957,5213.7,-198.23,0.831
R1718,pine,69489.5,-63478.8,6492.5,20.53,1.009
R1719,elm,-69164.3,-62748.6,5590.4,42.79,1.078
R1720,poplar,-67774.5,-62617.7,5274.4,-38.99,1.166
R1721,pine,-67422.5,-62297.4,5089.1,-91.35,0.852
R1722,pine,-66342.4,-62643.2,4776.7,-215.96,0.938
R1723,pine,-65746.5,-62507.8,4748.5,-188.09,1.013
R1724,pine,-64699.4,-62510.7,4952.5,38.78,0.856
R1725,pine,-63981.2,-62515.1,4759,-86.71,1.133
R1726,elm,-63164.1,-62298.6,4576.1,26.05,0.806
R1727,poplar,-62649,-62082,4636.2,-28.08,1.052
R1728,pine,-61947.9,-62389.7,4793.2,-114.01,1.235
R1729,elm,-60895.5,-62014.9,4684.9,-117.48,0.906
R1730,poplar,-59882.9,-62438.1,4875.3,-181.13,0.911
R1731,pine,-58872.1,-62229.9,5250.4,-125.47,0.876
R1732,elm,-58381.9,-62006.4,5597.6,-74.63,1.231
R1733,poplar,-57353.9,-62706.4,5941.6,-61.78,1.247
R1734,elm,-56733.2,-62152.1,5719.7,43.46,0.824
R1735,poplar,-56299.8,-62790.7,5651.4,0.56,0.95
R1736,elm,-54917.1,-62634,4865,-6.17,0.987
R1737,poplar,-49696.3,-62414.3,5709,-173.87,0.861
R1738,poplar,-49184.2,-62798,5686.8,40.81,1.115
R1739,poplar,-48166.1,-62329.4,5555.4,-45.49,1.056
R1740,elm,-47077,-62704.7,5346,-144.36,1.246
R1741,pine,-46461.9,-62182.5,5001.9,-33.54,1.211
R1742,pine,-45889.4,-62549.6,4991,-53.3,0.998
R1743,pine,-44669.1,-62099.9,4895.3,-119.68,0.993
R1744,elm,-44215.2,-62733.3,4929.1,-126.81,0.897
R1745,pine,-43393.3,-62712.2,4865.9,42.16,0.947
R1746,elm,-42385.2,-62698.5,5082.6,-88.68,0.988
R1747,elm,-41480.9,-62514,5409.7,62.49,1.195
R1748,pine,-40601.2,-62318,5293.1,16.93,1.082
R1749,pine,-39669.8,-62585.1,5220.8,-227.86,0.815
R1750,pine,-39007.5,-62500.3,5134.5,70.64,0.833
R1751,elm,-38088.7,-62015,4929.5,-193.96,1.046
R1752,poplar,-37347.6,-62202.8,4880.2,-88.72,0.8
R1753,elm,-36780.2,-62682.1,5262.4,-20.44,0.989
R1754,poplar,-32762,-62180.1,4883.3,-194.63,1.037
R1755,elm,-31904.1,-62754.4,4807.4,-23.6,1.013
R1756,poplar,-30291.8,-62586.3,5000.3,-9.31,0.882
R1757,elm,-27844.6,-62075.6,5275.6,-114.78,1.034
R1758,poplar,-26190.3,-62559.7,4539.9,-40.06,1.068
R1759,poplar,-24677.4,-62614.3,4521.4,-85.65,0.988
R1760,pine,-17348.8,-62109.7,5465.8,-176.05,1.007
R1761,elm,-16472.6,-62206.5,6005.3,-194.15,1.238
R1762,pine,-16163.6,-62046.6,5915.8,-163.69,0.906
R1763,pine,-14981.8,-62733.2,5932.3,-194.09,0.844
R1764,elm,-14671.2,-62344.5,5890.1,-182.77,1.164
R1765,elm,-13947.8,-62169.8,6198.2,-6.54,0.84
R1766,pine,-12842,-62511.5,6168.2,12.14,1.153
R1767,elm,-11338.8,-62330.3,6136.8,-71.44,0.977
R1768,elm,-10435.5,-62475.6,5703.3,45.7,1.045
R1769,poplar,-8799.5,-62059.3,5258.5,24.42,1.07
R1770,pine,1581.8,-62744.7,5132.4,-155.23,0.899
R1771,pine,8627.5,-62265.4,5185.1,-257.57,1.166
R1772,pine,9269.6,-62250.5,5029.2,-208.81,1.025
R1773,pine,10995.5,-62031.4,4757.5,-209.42,1.03
R1774,pine,13767.9,-62308.4,5531.6,89.72,1.121
R1775,pine,14734.7,-62713.8,5824.7,-51.21,1.093
R1776,pine,15409.2,-62193.5,5618.2,-94.68,0.885
R1777,pine,16752.5,-62534,5144,-10.23,0.987
R1778,pine,22275.8,-62041,5346.1,-266.83,0.851
R1779,pine,24241.5,-62298.8,5351.3,57.74,0.847
R1780,elm,24793.1,-62279.2,5320.4,-145.6,0.896
R1781,pine,25670.3,-62131.2,5479.1,-262.43,0.923
R1782,pine,28073.8,-62321.1,4970.3,-7.3,1.098
R1783,pine,28980.6,-62470.1,4446,-161.11,1.043
R1784,pine,36217.3,-62002.1,5749,-228.5,1.067
R1785,pine,36711.6,-62116.5,6156,-262.61,1.129
R1786,pine,37788.3,-62630,5745.5,-203.41,1.039
R1787,elm,38280.3,-62406.1,5466.3,-156.91,0.834
R1788,pine,39194.6,-62739.4,5479.8,-174.92,0.969
R1789,poplar,39993.5,-62073.9,5123.6,-58.18,1.055
R1790,pine,40538.4,-62355.3,4956.2,-201.87,0.881
R1791,pine,41320.2,-62228,4785.2,-251.7,0.999
R1792,elm,42292.3,-62387.5,4701.3,5.14,1.207
R1793,pine,42805.4,-62701.6,4670,-161.11,1.196
R1794,pine,43862.6,-62205.4,4710.5,54.31,0.899
R1795,pine,44550,-62407.7,4895.4,-64.11,0.948
R1796,elm,45859.9,-62364.3,4917.2,-166.44,1.131
R1797,poplar,46219.6,-62164.9,5048.7,-139.69,0.886
R1798,poplar,47184.6,-62673,5213.3,61.64,1.095
R1799,elm,48260.3,-62665.1,5523,-154.63,0.982
R1800,elm,49715.5,-62456.9,5430.7,-77.87,0.865
R1801,poplar,50211,-62179.5,5262.8,-257.15,1.147
R1802,elm,55570.8,-62598.7,4638.8,-147.74,1.1
R1803,pine,56615,-62039.4,4596.7,41.22,0.925
R1804,elm,58573.4,-62548.5,5006.7,-228.11,0.889
R1805,elm,59654.3,-62317.5,5351.8,-259.5,1.126
R1806,pine,61442.2,-62170.2,5493,-230.15,1.162
R1807,poplar,62772.2,-62290.6,5178,-181.64,1.236
R1808,pine,63296.6,-62519.7,5152.4,-199.56,1.202
R1809,elm,63947.1,-62689.9,5218.8,-10.62,0.99
R1810,pine,64982.8,-62467.9,4535.1,-53.08,1.13
R1811,elm,65764.7,-62120.9,4458,-53.14,0.847
R1812,pine,66014.4,-62648.5,4607,-218.82,1.059
R1813,poplar,67011.1,-62595.8,4802,-179.29,1.043
R1814,elm,68190.7,-62578.4,5255.2,-261.27,0.888
R1815,elm,68955.5,-62042.9,5646.4,-171.24,1.013
R1816,pine,-68937,-61324.1,5478.7,17.47,0.904
R1817,pine,-68105.4,-61339.2,5520.5,-85.52,0.88
R1818,pine,-67147.6,-61856.4,5114.4,-256.12,1.02
R1819,pine,-66502.1,-61245.5,5156.1,56.86,0.938
R1820,pine,-65501.5,-61748.8,4844.5,-92.03,1.191
R1821,elm,-65093.2,-61230.2,4863.6,-259.05,1.212
R1822,elm,-64081.2,-61507.4,4853.4,62.77,0.87
R1823,pine,-63095.8,-61452.8,4736.5,52.55,1.195
R1824,pine,-62634.6,-61758.2,4625.5,-183.29,0.878
R1825,poplar,-61219.2,-61519.3,4866.9,-17.51,0.826
R1826,elm,-60738.8,-61212.5,5169.1,-41.53,1.238
R1827,elm,-60376.7,-61321.7,5150.2,-181.12,1.165
R1828,pine,-59177.6,-61832.1,5356,-247.73,1.144
R1829,elm,-58390.4,-61438.3,5607.9,-160.06,1
R1830,elm,-57584.6,-61600.7,5551.7,-158.95,1.115
R1831,elm,-52048.5,-61643.3,4639.5,-101.83,1.014
R1832,pine,-49942.6,-61347.2,5940.9,69.99,1.002
R1833,poplar,-48444.1,-61544.2,5540.7,25.87,1.061
R1834,pine,-47836,-61882.4,5383.4,-117.74,0.826
R1835,poplar,-47241.7,-61899.6,5239.2,-102.83,0.908
R1836,pine,-46688.7,-61337.3,5133.1,4.72,1.031
R1837,pine,-45942.4,-61944,4914.2,-35.38,0.975
R1838,elm,-44873.7,-61944.5,4930,-149.82,1.15
R1839,elm,-44325.3,-61991.1,4826.6,-192.15,1.146
R1840,poplar,-43502.9,-61231.8,4480.5,-160.84,1.06
R1841,elm,-42190.3,-61201,4687,32.01,0.861
R1842,pine,-41891.9,-61595.6,4914.4,-127.18,0.914
R1843,elm,-41164.8,-61942.4,5452.2,82.95,0.906
R1844,pine,-40304.7,-61294,4864.3,-170.48,1.066
R1845,pine,-39392.2,-61981.2,5067.1,-110.7,1.07
R1846,pine,-37633,-61229,4801.6,86.45,1.177
R1847,poplar,-36654.8,-61873.7,4848.6,-128.51,1.155
R1848,poplar,-35259.8,-61240.9,4787,-34.95,0.983
R1849,pine,-32328.4,-61810.2,4514.3,-204.56,1.008
R1850,elm,-30231.8,-61245.6,4713.4,-119.84,1.047
R1851,pine,-28700.3,-61807.6,5231.1,-157.69,0.904
R1852,elm,-27065.6,-61648.2,4651.9,-114.17,1.222
R1853,pine,-24532.1,-61332.7,4231.5,-169.18,0.914
R1854,poplar,-18433.5,-61638.4,4744.6,-77.94,1.236
R1855,pine,-17067.4,-61896,5567.5,-58.18,0.918
R1856,pine,-15724,-61435.4,5726.3,-141.41,0.899
R1857,pine,-15496,-61308.7,5663.5,28.33,0.934
R1858,pine,-14087.8,-61693.3,5948.6,-177.64,1.063
R1859,pine,-13458.4,-61267.8,5517.9,-228.47,0.925
R1860,poplar,-12670.8,-61309.4,5360,-182.12,0.841
R1861,pine,-12143.2,-61737.5,5514.5,-142.3,1.058
R1862,pine,-10855.8,-61895.3,5676.8,68.15,1.047
R1863,pine,7905.7,-61987.2,5232.5,57.49,0.871
R1864,pine,9934.8,-61315.7,5042.3,-234.34,0.944
R1865,elm,10512.9,-61241.8,4965.3,-5.47,1.052
R1866,pine,11190.1,-61685.7,4869.3,19.27,0.861
R1867,pine,12154.3,-61525.6,5105.3,-65.27,0.947
R1868,pine,12451.7,-61518.5,5135.5,82.06,1.201
R1869,pine,13591.3,-61883.5,5518.2,-180.52,0.978
R1870,pine,14159.3,-61212.1,5167.7,-174.71,0.93
R1871,elm,15119.8,-61925.4,5823,-45.31,1.242
R1872,elm,15910.3,-61953.1,5507.2,-227.09,1.164
R1873,elm,16829.5,-61415.4,5345.5,67.96,0.831
R1874,pine,17385.3,-61410.7,5258,4.23,0.926
R1875,pine,23240.6,-61602.2,5231.9,-231.68,0.896
R1876,pine,24246.9,-61273.4,5182.8,-124.24,1.185
R1877,elm,25037,-61712,5146.8,-243.84,1.062
R1878,poplar,25357,-61330.5,5193.9,89.83,1.201
R1879,pine,26540.2,-61990.2,5529.9,-230.49,0.998
R1880,elm,26881.1,-61891.5,5348,7.27,1.035
R1881,pine,27829.1,-61385.8,4979.1,-172.34,1.005
R1882,elm,37530.4,-61743.3,5603.1,17.43,0.9
R1883,elm,38106.7,-61655.8,5355.5,-210.23,0.892
R1884,pine,39121.3,-61350.3,5243.9,-136.14,1.223
R1885,pine,40155.9,-61979,5077.8,-37.04,0.979
R1886,poplar,40424.4,-61968,4955.5,-158.81,1.074
R1887,elm,41520.3,-61452.6,4759.7,73.75,1.172
R1888,pine,42422.7,-61228.2,4839,-138.13,1.005
R1889,elm,42880.1,-61369.5,4900.2,-259.98,0.836
R1890,pine,43884.3,-61486.6,4919.2,-30.12,1.059
R1891,poplar,45008.2,-61733.3,5106.4,-208.21,1.184
R1892,elm,45957,-61569.2,5271.7,23.78,1.027
R1893,poplar,46033.1,-61729.9,5225.5,81.22,1.179
R1894,pine,47045.1,-61744.6,5253.3,-245.56,0.9
R1895,pine,48362.6,-61741.9,5592.2,-199.03,1.014
R1896,poplar,48803.8,-61863.1,5487.7,22.51,1.014
R1897,elm,49543.3,-61276.4,5171.7,-158.89,0.907
R1898,pine,51401.7,-61409.5,4817.6,-104.88,0.893
R1899,poplar,52823.1,-61387.1,4486.6,19.53,1.165
R1900,pine,53950.7,-61700.5,4611.9,56.81,0.829
R1901,poplar,54436.9,-61758.4,4602.1,29.99,1.003
R1902,poplar,55138.1,-61928.4,4511.6,7.17,0.99
R1903,pine,55713,-61952,4421.9,-58.04,1.128
R1904,elm,56487.1,-61534.9,4498.9,-103.61,1.081
R1905,elm,58145.6,-61803.9,5082.3,8.24,0.869
R1906,pine,59003.8,-61880.2,5228,-46.14,1.172
R1907,pine,60004.3,-61316.2,5295.4,49.77,1.169
R1908,elm,61197.8,-61630.1,5389.4,38.73,1.106
R1909,elm,62376.8,-61900.8,5121.2,-135.59,0.875
R1910,pine,63401.6,-61641.2,4756,-20.99,1.107
R1911,elm,63953.6,-61405.7,4682,-251.22,1.188
R1912,poplar,65035,-61724.2,4279.4,52.56,1.096
R1913,pine,66927.3,-61981.5,4928,74.37,0.81
R1914,elm,67929.5,-61455.6,5069.6,-219.21,1.148
R1915,pine,68579.1,-61283.6,5391.4,43.36,0.89
R1916,poplar,-68539.9,-60849.4,5228.9,-48.35,1.129
R1917,elm,-67656.7,-60628.8,5355.3,-222.09,1.154
R1918,pine,-67264.7,-60695.7,5694.6,-185.23,0.84
R1919,pine,-66744.3,-61064.5,5360.9,-181.71,0.956
R1920,elm,-65678.9,-60752.7,5088.1,59.55,1.242
R1921,elm,-64495.3,-60617.5,5170.9,-116.27,0.912
R1922,poplar,-64224.8,-60598.3,5101.6,-90.89,1.074
R1923,pine,-63490.9,-60861.6,4862.5,-162.14,0.976
R1924,pine,-62681,-60458.4,4768.2,-227.05,1.228
R1925,pine,-61727.1,-60860.8,4735.9,23.52,0.99
R1926,pine,-61082.3,-60724.1,5107.4,15.32,1.136
R1927,elm,-59915.5,-61147.6,5345.2,-159.64,1.117
R1928,elm,-59201.9,-61064.9,5669.9,52.08,0.806
R1929,elm,-49399.2,-61089.5,6066.9,45.72,1.216
R1930,pine,-48882.9,-61029.2,5875.2,-186.2,0.87
R1931,pine,-47879.6,-60913.7,5461.9,85.86,1.019
R1932,pine,-47397.4,-60934.3,5405.2,-184.63,1.239
R1933,pine,-46248.7,-60843.2,5027.1,-143.36,1.135
R1934,pine,-45325.2,-61022,4830,-172.57,0.844
R1935,elm,-44601.4,-61040.1,4683.5,-166.7,0.812
R1936,pine,-43764.2,-61157.8,4442.5,-183.23,1.111
R1937,elm,-43469.4,-60925,4375.1,-61.75,1.036
R1938,elm,-42683.7,-60859.7,4374.2,-210.44,1.057
R1939,pine,-41502.9,-60487.3,4757.4,-211.14,1.187
R1940,pine,-40957.2,-61025.8,5038.6,-95.85,0.973
R1941,pine,-40198.5,-60428.8,4660.5,-49.67,1.201
R1942,pine,-38950.1,-60953,4591.3,-205.29,0.826
R1943,pine,-38165.1,-60808.9,4590.2,-159.4,1.034
R1944,pine,-37881.2,-60441.1,4702.4,-24.55,1.149
R1945,elm,-37188.5,-60505.5,4725.3,-58.47,1.118
R1946,pine,-35782.8,-60822.7,4761,-35.21,0.997
R1947,elm,-33650.3,-60650.2,4552.4,-253.24,0.828
R1948,pine,-32166,-60600.2,4244.6,9.11,1.079
R1949,elm,-29262.9,-60432.7,4886.3,-263.49,0.838
R1950,pine,-28535.7,-60423.5,4703,-248.6,0.898
R1951,elm,-26866.9,-61103.7,4458,-197.38,0.9
R1952,elm,-16243.4,-60966.3,5581.5,-264.89,0.864
R1953,pine,-14879.9,-60811.4,5186.7,-148.76,0.913
R1954,pine,-14101.1,-61072.2,5459.8,-82.68,1.058
R1955,pine,-13946.4,-60719.9,5141.7,-107.98,0.935
R1956,poplar,-12159.6,-60532.9,4724.4,-102.86,1.181
R1957,elm,-10963.1,-60614.7,4883.9,-39.99,0.824
R1958,pine,-10106.1,-61037.7,4955.3,-200.36,1.021
R1959,elm,-9029.1,-60924.9,5095.8,-23.18,1.049
R1960,pine,-1583.2,-60950.5,4413.9,55.97,0.924
R1961,pine,7657.9,-60953.7,4747.7,87.01,1.061
R1962,poplar,8995.7,-60584,4926.2,-254.41,1.126
R1963,elm,9435.3,-60993.3,5050.4,26.2,0.87
R1964,pine,10651.7,-60818,4664.9,-142.97,1.112
R1965,pine,11498.1,-60484.8,4195.6,32.36,1.175
R1966,pine,11914.8,-60827.9,4462,69.11,1.175
R1967,pine,12926.5,-60697.4,4699.7,-6.63,1.096
R1968,elm,13828.6,-60508.2,4630.8,-194.11,0.978
R1969,pine,14179.8,-60670.3,4769.7,62.85,1.108
R1970,pine,15526,-60798.5,5076.2,28.58,1.223
R1971,pine,15772.9,-60471.3,4785.6,-4.25,1.032
R1972,elm,16923.3,-60466,4817.7,-191.31,0.993
R1973,pine,20162.2,-61119.2,4670.8,-70.95,1.237
R1974,pine,20485.1,-60935.4,4748.4,-8.03,1.226
R1975,elm,21931.1,-60554.9,4836,76.73,1.021
R1976,pine,22151.3,-60935.3,5011.2,-164.03,1.175
R1977,pine,23104.1,-60699.3,5081.8,-50.88,0.966
R1978,elm,24260.3,-61032.8,5152.1,-52.23,1.196
R1979,pine,24926.1,-60417.1,5293.6,-66.61,0.806
R1980,pine,25765.7,-60851.4,5090.4,-249.04,0.971
R1981,pine,26086.2,-61024.4,5083,-241.45,1.062
R1982,pine,27123,-60885.3,4886.8,17.49,0.849
R1983,elm,29114.3,-61180.8,4281.2,-21.36,1.097
R1984,pine,35238.4,-60917,4708.2,-184.14,1.067
R1985,pine,35694.6,-61025.4,4946.7,-112.51,0.873
R1986,elm,37556.5,-61041.6,5511.3,27.52,1.196
R1987,poplar,38043.6,-60977.1,5335.6,-124.31,0.852
R1988,pine,39023,-60572.7,5060.5,-260.4,0.945
R1989,poplar,40195.3,-61001,4990.9,38.32,1.026
R1990,pine,40485.9,-61160.4,4896,31.56,0.999
R1991,elm,41222.3,-60536.2,4902.6,-206.68,0.957
R1992,pine,42603.4,-60423.9,5259,-5.27,1.113
R1993,pine,43182.1,-60429.3,5366.2,2.41,1.171
R1994,pine,44198,-60941,5073,-91.62,0.995
R1995,elm,44691.4,-61157.7,5081.3,-182.81,0.892
R1996,pine,45298.1,-60484.3,5115.8,-45.13,0.952
R1997,pine,46222,-60651,5250.5,55.64,0.894
R1998,pine,47400.4,-60753.3,5284.6,-65.72,1.012
R1999,pine,48000.5,-60621.9,5539.7,-222.95,1.051
R2000,elm,49199.6,-60739.4,5206.5,-34.86,0.937
R2001,pine,49870.7,-60570.1,4979.8,32.48,0.835
R2002,elm,50076,-60538.6,4837.1,-168.48,1.053
R2003,pine,50876.4,-60736.3,4538.4,23.82,0.948
R2004,pine,53998.9,-60923,4053.8,-134.14,0.866
R2005,pine,54526,-60750.5,4012.9,-138.83,1.067
R2006,elm,56130,-61025,4124.1,-153.36,0.866
R2007,pine,57648.3,-60518.4,4482.3,-27.68,1.249
R2008,elm,58047.1,-61198.4,4887,-225,1.186
R2009,elm,59294.4,-60509.9,5004.6,37.42,1.103
R2010,pine,59954.4,-60931.4,5070.8,54.71,1.243
R2011,elm,60681.1,-61157.5,5176.9,-19.3,0.84
R2012,pine,61908.1,-60650.2,4662.5,-99.13,1.058
R2013,pine,62586.5,-60757.7,4566.4,-145.05,0.854
R2014,elm,62960.1,-61039.1,4634.7,-70.94,1.213
R2015,elm,64258.6,-61142.3,4465.4,-234.94,1.189
R2016,pine,65117,-60622.1,4305.4,28.7,0.887
R2017,pine,65603.5,-60600.1,4337.4,37.91,1.017
R2018,pine,66479.2,-60759,4395.6,85.34,0.985
R2019,pine,66925.2,-60456.7,4548.7,-236.46,0.99
R2020,pine,68034.9,-60698.5,5020.4,10.06,1.088
R2021,pine,69083.8,-60473.5,5650.4,50.81,1.15
R2022,pine,69403.7,-60586.6,5609,41.23,1.249
R2023,pine,-69567.7,-60109.4,5610.7,-117.81,1.075
R2024,elm,-68920.8,-60337.5,5316.1,-18.95,0.987
R2025,pine,-68279.2,-60241.7,5181,-254.06,1.156
R2026,pine,-66963,-60396.4,5804.7,-239.94,0.997
R2027,poplar,-66005.6,-60329.6,5418.8,76.54,1.074
R2028,elm,-65646.9,-59690.8,5850.1,-248.85,1.194
R2029,poplar,-65147.4,-60270.5,5335.5,49.8,0.999
R2030,elm,-64380.7,-59949.9,5459.3,-105.66,0.807
R2031,pine,-62814.2,-59837.2,4980.2,21.69,0.928
R2032,pine,-62062.9,-60329.2,4923.3,-2.87,1.173
R2033,pine,-61906.8,-60142.6,5048.8,69.54,1.116
R2034,pine,-60512.6,-60274.9,5274.1,38.93,1.121
R2035,pine,-60292.9,-59665.7,5162.8,-55.28,0.815
R2036,elm,-49007.3,-59969.8,5238.7,3.93,0.874
R2037,pine,-48381.1,-59673.8,5093.1,-244.35,1.055
R2038,elm,-47304.9,-59700,4998,-94.43,1.126
R2039,pine,-46452.5,-59933.4,4890.1,-74.12,1.21
R2040,pine,-45284.4,-59757.3,4778.3,-8.25,1.177
R2041,elm,-44925.5,-59990.7,4734.2,15.42,1.014
R2042,elm,-44396.4,-59621.9,4745.9,-4.74,1.17
R2043,pine,-42603,-60339.1,4277.5,-147.66,1.041
R2044,poplar,-41775.2,-60130.8,4530.2,7.78,0.984
R2045,elm,-41199.4,-59836.1,4736.1,-232.58,1.183
R2046,pine,-40344,-59909.2,4850.7,-268.69,0.838
R2047,elm,-39212.6,-59937.8,4657.5,-84.51,0.883
R2048,pine,-38081,-60181.1,4724.9,69.45,1.223
R2049,pine,-37718.8,-59841.9,4799.8,-246.39,1.108
R2050,poplar,-36623.9,-59819.8,4810.3,62.91,0.88
R2051,elm,-36235.5,-60052.1,4782,-194.42,1.167
R2052,elm,-35224.7,-59857.7,4653,-248.38,0.818
R2053,elm,-34414.3,-60248.4,4677.2,-49.48,0.971
R2054,elm,-33041.1,-59668.5,4407.4,-0.11,1.071
R2055,poplar,-32377.7,-60019.4,4238.9,-110.21,1.219
R2056,pine,-31014.4,-60212.5,4555.1,-18.65,0.822
R2057,elm,-30135.4,-60148.9,4780.5,-175.23,0.932
R2058,pine,-29533.6,-60106.1,4872.7,-137.73,1.18
R2059,elm,-28722.2,-60369,4721.5,-160.08,1.127
R2060,poplar,-27605.2,-60347.6,4439.8,-202.03,1.044
R2061,elm,-26726.6,-60168.3,3959.7,-237.47,0.935
R2062,pine,-25530.8,-59850.8,3780.7,-53.92,1.182
R2063,elm,-15647.5,-60308.1,4976.8,69.85,0.987
R2064,pine,-14966.6,-60206.7,4722.2,-122.37,0.985
R2065,elm,-14372,-60213.6,4607.6,-80.48,0.998
R2066,elm,-13905.7,-59815.7,4382.9,58.42,0.882
R2067,pine,-12897.9,-59983.5,4407.8,-171.59,0.862
R2068,elm,-11872.2,-59701.1,4148.5,-246.17,1.129
R2069,elm,-10989.7,-60076.4,4598.8,-180.36,0.931
R2070,elm,-10247.6,-60084.4,4788,17.36,1.114
R2071,pine,-9597.2,-60348,4981,-203.27,0.951
R2072,elm,-3590.6,-60249.5,4613.4,-85.67,1.073
R2073,pine,5421.4,-59884.2,3900.1,-155.39,1.185
R2074,pine,8350.5,-60306.8,4772.6,-216.89,1.194
R2075,pine,8947.1,-59864.3,4256.5,-95.58,1.098
R2076,elm,9785.5,-60262.9,4456.5,-173.97,0.854
R2077,pine,10258.4,-59780.7,3943.7,42.39,1.172
R2078,pine,11260.7,-60061.2,3974.6,-35.56,1.113
R2079,elm,12874.9,-59878.4,4201.7,46.31,1.207
R2080,elm,13784.3,-60286.9,4460.6,-90.99,1.062
R2081,pine,14058.5,-59915.7,4300,59.06,1.213
R2082,poplar,15141.8,-59949.7,4386.9,-38.5,1.085
R2083,poplar,15906.9,-60166.5,4636.8,9.23,0.841
R2084,elm,16428.9,-60012.2,4656.1,-69.15,0.91
R2085,pine,19976.6,-60376.5,4244.2,-191.47,0.89
R2086,pine,20848,-59958.5,4318.9,-99.81,0.841
R2087,elm,21463.6,-59696.9,4436.5,-120.36,1.133
R2088,pine,23563.6,-59898.9,4953.3,-180.73,0.997
R2089,elm,24166.1,-59868,5042.2,35.9,0.879
R2090,poplar,24492,-59766.6,5091.9,-88.35,1.116
R2091,elm,25327.4,-60047.5,5436.4,58.39,0.998
R2092,pine,26374.8,-59761.2,5054.5,25.3,0.939
R2093,elm,27132.7,-59924,4931.6,-239.58,0.85
R2094,pine,27794.8,-59981.9,4642.7,-19.42,1.039
R2095,elm,28694.2,-60086.2,4465.1,-52.31,1.144
R2096,pine,29378.4,-59711.6,3921.1,-42.41,0.86
R2097,pine,36225.8,-60274.4,4879.1,-227.22,0.852
R2098,pine,36912.7,-59739,5202.2,-268.08,0.868
R2099,elm,38605.4,-59711.9,4825,-45.03,1.154
R2100,pine,39214.4,-60247.3,4909.7,-188.92,1.234
R2101,elm,39915.9,-59603.7,4748,-26.48,0.858
R2102,elm,40857.6,-60114.4,4904.5,-257.77,1.231
R2103,pine,41826.8,-60162,5051.6,-173.24,0.85
R2104,elm,42631.6,-59805.5,5155.3,-66.4,0.892
R2105,poplar,43317.4,-60023.2,5419.5,-198.21,1.076
R2106,pine,43722.5,-59766.2,5310.9,-10.34,1.013
R2107,pine,44776.1,-60370.3,5151,65,1.144
R2108,elm,45592.9,-59960,5310.8,-81.35,0.886
R2109,pine,46138,-59697.8,5271,26.25,1.059
R2110,pine,47513.5,-60254.5,5386.9,-170.13,1.225
R2111,pine,48376.8,-60197.2,5297.7,-259.23,1.114
R2112,elm,48840,-60052.5,5165.8,-88.6,0.846
R2113,pine,49256.2,-60207.3,5062.1,61.59,1.04
R2114,pine,51716.3,-60150.2,3845.2,-235.47,1.157
R2115,elm,52571.2,-60090.4,3623.5,-239.46,0.863
R2116,pine,55386.4,-60369.7,3919.4,-229.02,1.054
R2117,pine,55790.8,-59752.1,3860.9,-237.84,1.011
R2118,pine,57776.6,-60352.6,4498.4,-234.05,0.906
R2119,pine,58755.5,-59668.3,4566.4,-20.58,1.042
R2120,pine,58945.1,-59847.3,4666.2,19.06,1.127
R2121,pine,60091.8,-60277.2,4819.1,-179.76,1.069
R2122,poplar,60546.2,-59730.1,4470.7,-265.93,1
R2123,elm,61883.4,-59965.7,4400.4,-259.41,1.178
R2124,pine,63128.4,-60275.7,4364.3,48.41,0.891
R2125,poplar,63664.3,-60287.5,4343.8,44.82,1.018
R2126,pine,67386.9,-60233,4739.3,23.17,0.982
R2127,elm,67654.4,-60014.4,4830.5,-1.67,1.097
R2128,elm,68882.7,-59820.2,5568.8,-128.25,0.874
R2129,elm,-68444.9,-59514.3,5278.6,-171.26,1.193
R2130,elm,-67793.9,-59436.6,5272.8,45.7,0.852
R2131,elm,-67460.3,-59468.2,5390.8,-110.71,1.116
R2132,pine,-66439.2,-59497.2,5770.7,-136.26,1.155
R2133,poplar,-65743.9,-59156.6,5788.9,-157.92,1.172
R2134,pine,-64779.4,-59431.7,5848.4,-32.48,0.986
R2135,pine,-63781.6,-59568,5282.3,-27.54,0.869
R2136,pine,-63255.4,-59039.6,5440.6,-26.21,0.948
R2137,poplar,-62756.7,-58803.3,5403.5,-202.41,0.991
R2138,elm,-61415.3,-58944.8,5534.8,59.38,0.801
R2139,elm,-60725.6,-59136.5,5119.3,-88.91,0.984
R2140,elm,-50488.5,-59134.4,4915.8,-162.85,0.907
R2141,elm,-49219.8,-59481.5,5341,-255.18,0.869
R2142,pine,-48945.9,-58890.9,5410.3,72.14,1.071
R2143,elm,-48194.2,-58802.5,5241.8,4.46,1.192
R2144,elm,-46928.3,-59210.7,4932,-240.39,0.809
R2145,pine,-46361.2,-58837,4931.4,-228.11,1.091
R2146,pine,-45414.6,-59372.1,4671.1,-226.98,1.177
R2147,elm,-44712.4,-58803.6,4568.4,-40.53,1.03
R2148,pine,-43868.9,-59096.1,4520.9,-196.83,1.21
R2149,elm,-43308,-59361.6,4441.8,-66.45,0.934
R2150,pine,-42371,-59235,4342.8,20.93,0.877
R2151,elm,-41626.6,-59155.5,4345.7,-235.18,0.9
R2152,pine,-40537.7,-59333.2,4847.7,-217.44,0.841
R2153,elm,-40373.2,-59053,4803.5,-93.09,1.25
R2154,elm,-39130.6,-59256.5,4866.4,-99.09,1.193
R2155,poplar,-38566.5,-59370.5,4795.7,-121.67,0.836
R2156,poplar,-37238,-59115.6,5015.6,-179.3,1.146
R2157,pine,-36410,-59082.5,4729.4,80.69,1.028
R2158,elm,-36390.3,-58911.4,4734.1,-163.63,1.076
R2159,poplar,-35025.1,-59449.8,4459.3,-13.48,1.225
R2160,pine,-34006.5,-59434.2,4503.6,10.49,0.816
R2161,poplar,-33460.6,-59158.7,4554,-183.38,1.232
R2162,poplar,-33107.6,-59348.8,4469.3,11.19,1.105
R2163,pine,-31804.7,-59491.5,4393.6,-52.71,1.243
R2164,pine,-31410.9,-59367.1,4431.9,89.49,0.994
R2165,pine,-30343.5,-59467.2,4670,-195.37,0.868
R2166,pine,-29852.9,-58844,4564.4,-163.59,1.214
R2167,pine,-28176.3,-59375,4206.1,-116.43,0.917
R2168,pine,-24614.6,-59553.2,3698.2,-106.59,1.107
R2169,poplar,-23693.6,-59378.8,3933.7,25.3,1.187
R2170,pine,-13254.5,-59117.3,4135.8,10.88,0.853
R2171,pine,-12998.4,-59352.5,4135.2,36.73,1.009
R2172,pine,-10350,-58929.2,4645,-31.93,1.029
R2173,pine,-9711.2,-59192.2,4797.3,-125.21,1.208
R2174,elm,-8391.5,-58829.4,4924.4,-267.21,1.16
R2175,poplar,-5821.8,-58946.3,5127.6,-204.47,0.889
R2176,elm,6407.4,-59021.2,3878.7,-121.29,0.863
R2177,pine,7025.1,-59290.4,4097.1,5.81,0.867
R2178,elm,7711.7,-59433,4205.3,-15.03,0.93
R2179,pine,8931.2,-59539.7,3981.3,38.65,0.892
R2180,pine,10022.7,-59437.8,3735.2,74.67,1.237
R2181,pine,11054.1,-59202.4,3579.1,-24.61,1.011
R2182,elm,12984.4,-59208.9,3949.7,4.45,0.857
R2183,pine,13977.5,-59442.5,4148,-69.55,1.207
R2184,poplar,14937.4,-59178.4,4096.2,-1.9,0.885
R2185,poplar,15739.5,-59189.1,4061,47.6,0.936
R2186,pine,19465.5,-59583.9,3897.1,-232.96,0.898
R2187,pine,20685.1,-59192.5,4201.1,-157.41,0.939
R2188,pine,21416,-59439.8,4354.7,26.74,1.212
R2189,pine,22336.9,-59031.3,4591.1,-107.69,1.157
R2190,poplar,23033.2,-59465,4807.7,-93.59,0.929
R2191,pine,24184.2,-59243.8,4950.8,-214.66,0.995
R2192,pine,24712.2,-59258.9,5123.8,-178.72,1.226
R2193,pine,25680.2,-59148.1,5065.5,-224.78,1.134
R2194,pine,26567.4,-59525.7,4842.8,-218.78,1.187
R2195,pine,27868.6,-59460.3,4578.6,49.13,1.11
R2196,poplar,28765.1,-59207.6,4173.2,64.41,1.038
R2197,elm,35959.2,-59288.5,4424.3,-169.68,1.165
R2198,poplar,37999.5,-59373.6,5062.1,-189.38,1.02
R2199,elm,38015.5,-59514.4,5082.8,-236.78,0.815
R2200,elm,40127.3,-59205.6,4808.5,23.27,1.005
R2201,elm,40968.9,-58895,5099.1,22.29,0.839
R2202,poplar,41604.8,-59297.4,5025.8,-221.13,1
R2203,pine,42610,-59548,5108.3,-149.93,0.857
R2204,pine,42922.4,-58930.2,5108,59.38,1.108
R2205,pine,43873.3,-59188.5,5267.7,-149.97,1.008
R2206,elm,44978.1,-59557.7,5449.2,-266.38,1.072
R2207,elm,45666.3,-58840.6,5623.4,-225.17,1.195
R2208,pine,46555.3,-59348.2,5383.6,66.28,1.132
R2209,elm,47235.4,-59267.4,5463.4,-241.73,0.878
R2210,pine,47865.7,-58960,5404,-144.09,1.096
R2211,elm,48906.5,-58983.6,4694.5,-194.66,1.207
R2212,pine,49880.2,-59269.9,4339.9,-5.98,0.939
R2213,pine,50306.3,-59077.9,4123.6,-170.57,0.838
R2214,elm,57684.1,-59338.8,4095.4,-248.52,0.932
R2215,pine,59187.7,-59026,4389.2,-66.88,1.173
R2216,pine,59735.3,-59179.1,4356.9,-9.28,0.975
R2217,pine,60578.1,-59021.3,4154.9,-212.79,1.09
R2218,elm,62774.5,-59449.1,4046.9,-142.65,1.025
R2219,pine,62936.2,-59505.9,4062.2,-120.25,1.126
R2220,pine,64618.3,-58810.4,4458.7,-207.84,1.231
R2221,pine,65736.2,-59113.8,4408.1,-189.93,0.863
R2222,elm,66405.7,-59308.1,4514.8,-78.55,0.94
R2223,elm,67482.3,-59549.9,4860.9,-42.73,1.248
R2224,poplar,67830.9,-59079.6,5085.5,-117.02,1.108
R2225,elm,69077.9,-59001,5570.9,30.2,1.247
R2226,elm,-69233.8,-58490,5787.9,-165.9,0.854
R2227,poplar,-69062.9,-58455.2,5695.2,-155.74,1.149
R2228,poplar,-68058.5,-58718.6,5448.1,-214.57,1.104
R2229,pine,-67256.5,-58090.3,5795.9,-3.3,0.82
R2230,elm,-66501.9,-58651,5754.3,-156.13,1.139
R2231,elm,-65920.6,-58447.2,5772.4,48.4,1.046
R2232,pine,-65145.5,-58071.7,5896.2,86.39,1.155
R2233,poplar,-64070.4,-58467.9,5804.4,75,0.812
R2234,pine,-63004.4,-58226.2,5841.8,-196.27,0.84
R2235,elm,-62095.9,-58640.3,5477.4,50.28,1.09
R2236,poplar,-50165.4,-58091.3,4948.4,-207.18,1.217
R2237,pine,-49733.1,-58664.6,5226,-96.24,1.173
R2238,elm,-48629,-58093.6,5917.1,83.38,1.1
R2239,pine,-48227.3,-58475.3,5545.7,83.02,0.903
R2240,pine,-46957.7,-58385.5,5182.9,-64.46,1.153
R2241,poplar,-46475.7,-58015.3,5370.3,-181.74,0.988
R2242,poplar,-45636.8,-58060,5093,-171.88,0.906
R2243,pine,-44918.2,-58205.8,4781.4,-96.79,0.818
R2244,pine,-44095,-58791.2,4548.6,-7.66,1.194
R2245,poplar,-43550.5,-58168.2,4581.7,-24.79,0.981
R2246,poplar,-41823.2,-58377.6,4186,-78.99,1.059
R2247,pine,-41156.8,-58532.2,4281.1,-93.52,1.08
R2248,pine,-39881.8,-58780.7,4895.2,53.44,0.915
R2249,elm,-39119.6,-58243.8,4699.8,50.83,1.226
R2250,pine,-38388,-58264.8,4680,46.13,0.907
R2251,pine,-37767.5,-58115.9,4795.4,41.86,1.226
R2252,pine,-36940.4,-58312.3,4934.8,-48.07,0.908
R2253,elm,-36316.6,-58147.8,4707.5,-110.88,0.921
R2254,elm,-35189.7,-58176.2,4295.1,27.95,0.963
R2255,poplar,-33127.5,-58638.1,4580.4,-243,1.129
R2256,pine,-31043.5,-58648.5,4357,-5.23,1.167
R2257,elm,-29233.2,-58561.7,4352.5,81.58,0.938
R2258,pine,-29033.2,-58275.4,4088.2,-145.09,0.815
R2259,elm,-27934.6,-58193.6,3850.4,-230.12,1.204
R2260,pine,-13999.2,-58201.7,3965.9,38.63,0.93
R2261,pine,-9824.5,-58265.2,4673.2,-112.25,0.828
R2262,pine,-9099.8,-58302.7,4759.4,58.42,1.155
R2263,elm,-7367.7,-58420.8,4816.5,-97,1.229
R2264,pine,-5656.6,-58771.3,5160.7,10.26,1.148
R2265,pine,5760.7,-58478.5,3734.8,-89.18,0.826
R2266,elm,7195,-58273.4,3623.7,-12.42,0.973
R2267,poplar,9807,-58199.3,3422.3,-140.04,1.129
R2268,pine,18654,-58579.7,3796.4,-43.81,0.808
R2269,elm,21737.3,-58138.4,4622.7,-194.4,0.967
R2270,elm,22102.2,-58597.7,4655.2,-138.5,1.173
R2271,poplar,23562.9,-58627.2,5151.7,-104.83,0.815
R2272,pine,24086.2,-58524.8,5124.2,-217.28,1.013
R2273,pine,25956.3,-58453,4792.3,84.77,0.891
R2274,elm,34883.6,-58328.5,3655.9,-12.94,1.221
R2275,elm,36933.1,-58511.4,4813,-266.57,1.165
R2276,poplar,38289.4,-58033.6,4573.3,70.86,0.907
R2277,pine,39096.8,-58474,4600.8,-46.61,1.153
R2278,elm,39828.7,-58469.8,4748.9,-83.42,1.013
R2279,poplar,41000.6,-58671.3,5159.6,-257.56,0.831
R2280,pine,41873.6,-58549.8,5082.3,-3.52,1.018
R2281,elm,43119.8,-58685.9,5190.7,-266.12,1.181
R2282,pine,44143.8,-58755.3,5391.9,51.45,0.895
R2283,elm,45040.8,-58112.8,5375.1,-188.01,0.921
R2284,pine,45957.9,-58104.3,5500.8,35.62,1.199
R2285,pine,46316.9,-58332.5,5496.2,-141.4,1.06
R2286,pine,47059.1,-58756.2,5439.8,66.7,1.189
R2287,pine,48360.6,-58048.6,4658.3,-138,1.189
R2288,pine,48948.7,-58550.7,4544.7,-266.29,0.969
R2289,elm,49508,-58524.8,4387.6,-138.79,0.817
R2290,elm,57873,-58360.9,3766.6,-179.29,0.818
R2291,elm,61773.6,-58393.6,4005.1,-1.8,0.972
R2292,pine,62295.6,-58261.9,3887.8,-123,1.015
R2293,pine,63491.3,-58347.9,4140.9,-266.84,1.081
R2294,elm,64148.8,-58463.4,4516.4,-88.86,1.112
R2295,pine,64590.2,-58418.3,4562.9,-185.75,0.926
R2296,pine,65788.3,-58446.6,4597.7,-224.01,0.999
R2297,pine,66741.5,-58516,4546.2,-111.92,0.856
R2298,pine,67456.3,-58367.9,4824.6,-10.88,1.243
R2299,pine,67765,-58248.8,4865.5,54.43,1.215
R2300,pine,68996,-58692.2,5528.2,-144.7,1.171
R2301,pine,69583.1,-58140.5,5691.5,-208.81,0.864
R2302,elm,-69242.9,-57500.7,6342.3,58.38,1.134
R2303,elm,-68748.4,-57372.4,6249.1,-2.24,1.231
R2304,pine,-67737.9,-57419.1,5885.1,-36.18,0.965
R2305,pine,-67465.4,-57911.1,5852.9,-198.24,0.873
R2306,pine,-66660.1,-57250.9,5799.4,-18.9,0.832
R2307,poplar,-65308.2,-57803.4,5961.9,-154.07,0.865
R2308,pine,-64803.1,-57485.2,6066.3,-183.02,0.905
R2309,pine,-64165.8,-57599.8,6114.2,-188.39,1.195
R2310,elm,-63245.1,-57257.7,6298,-207.59,1.232
R2311,elm,-62773.7,-57370.4,6232,-116.19,1.184
R2312,pine,-48725.7,-57995.1,5957.3,-91.65,0.871
R2313,pine,-47722.7,-57892.8,5842,-36.92,1.145
R2314,elm,-47424.9,-57841.1,5748.5,82.92,0.876
R2315,pine,-46425.5,-57207.2,5380.3,-241.97,0.863
R2316,pine,-45598.4,-57887.2,5168.4,31.56,0.942
R2317,pine,-45052.2,-57432.3,5112,-96.24,0.882
R2318,elm,-43773.9,-57474.3,4634.9,-45.23,1.002
R2319,pine,-43499.8,-57389.9,4549.4,-62.44,1.15
R2320,poplar,-42762.7,-57834,4443.1,-81.07,0.818
R2321,pine,-41686.7,-57745.2,4221.1,-56.4,1.111
R2322,elm,-41012.5,-57933.4,4224.6,5.44,1.004
R2323,pine,-39182,-57847.3,4450.7,-262.01,1.151
R2324,poplar,-38517.4,-57787,4420.6,-245.36,0.965
R2325,poplar,-37717,-57901.2,4741.3,40.36,1.139
R2326,pine,-37100.3,-57445.9,4601.4,-17.52,0.851
R2327,poplar,-36233.8,-57849,4594.1,-126.66,1.226
R2328,pine,-34667.6,-57888.5,4284.9,-15.53,0.929
R2329,pine,-33714.2,-57754.9,4369.7,48.23,0.802
R2330,pine,-32522.1,-57874.7,4355.7,84.76,0.813
R2331,pine,-32395.5,-57302.9,4205.3,-71.23,0.978
R2332,pine,-31363.5,-57767.3,4422.7,-223.45,0.996
R2333,poplar,-30196.7,-57793.7,4332.3,29.99,0.966
R2334,elm,-29302.8,-57668,3923.9,-257.96,1.141
R2335,elm,-26751.5,-57970.2,3535.3,-220.09,1.116
R2336,elm,-14178,-57887.4,3908.4,-181.37,1.213
R2337,poplar,-12105.2,-57716.4,3420.2,35.25,0.838
R2338,pine,-10629.6,-57649.3,4008.3,-240.97,1.177
R2339,pine,-9911.9,-57305.4,4319.1,64.65,0.921
R2340,poplar,-8965.4,-57707.5,4434.2,86.14,1.107
R2341,pine,-7794.6,-57851.7,4608.3,-259.5,0.972
R2342,elm,-6195.8,-57801.6,4719.5,-26.41,1.225
R2343,pine,-5896,-57765.3,4787.2,-17.44,1.165
R2344,pine,-4461.5,-57760.6,5132.6,73.5,0.89
R2345,pine,-3801.4,-57729.1,5203.4,-193.84,0.808
R2346,pine,5145.4,-57355.3,3442.6,45.84,0.82
R2347,pine,7061,-57513.2,3469.2,-3.12,0.923
R2348,elm,20574.1,-57623.4,3868.4,-113.6,1.219
R2349,elm,22640.8,-57632.7,4699.4,31.29,1.044
R2350,pine,23054.1,-57718.4,4805.7,-215.97,0.93
R2351,pine,24141.9,-57838,5255.5,-101.23,1.061
R2352,pine,24603,-57723.3,5242.7,-211.39,0.869
R2353,pine,25500.3,-57582.8,4818.9,-38.74,0.865
R2354,pine,26430.9,-57856.5,4634.1,34.36,0.824
R2355,pine,27473.4,-57355.8,4223.1,38.4,0.886
R2356,pine,36378.8,-57713.2,4262.2,-149.47,1.194
R2357,poplar,36645.7,-57970.8,4434.4,-168.66,0.812
R2358,pine,38480.1,-57490.7,4517,62.53,0.804
R2359,elm,38926.9,-57496.8,4616.6,-12.32,1.174
R2360,elm,40082.6,-57762,4816.3,-62.2,1.003
R2361,pine,41144.1,-57456.9,4993.8,74.75,1.12
R2362,pine,41259.9,-57398.2,4978.3,7.25,0.981
R2363,pine,42434.3,-57405.6,4788,87.22,0.928
R2364,poplar,45501.6,-57669.8,5167.8,-73.24,0.899
R2365,pine,46143.7,-57717.3,5213.5,-24.96,1.049
R2366,pine,47436.8,-57785.2,5029.2,75.2,1.091
R2367,pine,47886,-57636.9,4744.6,-10.64,0.895
R2368,pine,49720.8,-57417,4057.4,-36,1.027
R2369,pine,58623.4,-57477.9,3744.3,66.97,0.95
R2370,elm,63474.6,-57882.8,4130.5,-59.42,1.08
R2371,pine,63883.1,-57861.4,4298.7,-26.67,1.162
R2372,pine,64869,-57881.4,4655.6,-49.16,1.018
R2373,pine,65287.7,-57366.7,4720.5,-45.93,1.087
R2374,pine,66335.9,-57965.5,4590.4,-227.78,1.133
R2375,elm,67136.4,-57939.2,4618.1,89.29,0.928
R2376,pine,68350.8,-57204.8,4852,-0.62,1.156
R2377,pine,68501.3,-57965,5127.1,-225.28,0.966
R2378,pine,69410.2,-57264.4,5393.3,-64.26,0.902
R2379,pine,-68722.1,-56863.4,6563,-78.76,1.094
R2380,pine,-68178.8,-56655.3,6116.5,49.03,0.954
R2381,elm,-66968.3,-57107.9,5789.6,-182.97,0.862
R2382,elm,-66022.4,-57153.6,5819.7,-66.42,1.109
R2383,elm,-65592.6,-56687.5,5927.6,-23.59,1.066
R2384,elm,-64687.3,-56487.1,6198.7,-211.28,1.216
R2385,pine,-64377.7,-56624.2,6260,31.69,0.842
R2386,pine,-61608.9,-57092.2,5477.8,-49.12,0.802
R2387,pine,-50335.4,-56744.5,4747.8,-259.39,1.068
R2388,pine,-49303.2,-56418.8,5898.7,-14.87,0.929
R2389,pine,-47925.3,-56976.1,5915,-51.02,0.991
R2390,pine,-47128.6,-56937.2,5558.9,45.57,1.034
R2391,pine,-46653.8,-56444.8,5379.8,-126.35,1.078
R2392,elm,-45549.4,-57158.3,5305.8,-95.45,0.819
R2393,pine,-44986.7,-56760.7,5310.6,-224.19,0.824
R2394,pine,-43778.2,-56949.1,4725.8,-161.13,1.142
R2395,pine,-42876.8,-56413.3,4226,-1.19,0.937
R2396,elm,-42145.9,-56479.7,4032.5,77.47,1.119
R2397,poplar,-39966.3,-56981.4,4049.4,-144.3,0.88
R2398,poplar,-39457.8,-57071.7,4104,-173.04,1.19
R2399,pine,-36528.5,-57157.9,4403.2,-136.76,1.007
R2400,elm,-9163.8,-57130.2,4130.2,16.13,1.015
R2401,poplar,-7797.7,-56929.7,4250,-261.67,1.096
R2402,elm,-6829.4,-57191.6,4472.7,12.29,0.894
R2403,elm,-6250.6,-56964.2,4420.5,-161.31,0.876
R2404,elm,-5781.4,-57108.3,4533.8,-46.5,0.829
R2405,pine,-2082.1,-57008,4265.7,74.39,1.178
R2406,pine,3802.8,-56719.3,3351.5,-226.25,1.189
R2407,poplar,6597.6,-56969.2,3455.1,-218.05,0.941
R2408,pine,20160.2,-56482.6,3360,-216.85,1.004
R2409,pine,21225.1,-57025.7,4024.2,13.43,0.967
R2410,pine,22493.5,-56905.2,4507.6,19.86,1.082
R2411,poplar,23501.5,-56997.7,4753.8,23.38,1.081
R2412,pine,23601,-57092.4,4798.6,-250.48,1.144
R2413,pine,24492.3,-57186.3,5113.5,-98.36,1.204
R2414,pine,25863.6,-56991.5,4558.4,-117.76,1.084
R2415,elm,26748.6,-56837.4,4251.3,-153.99,0.976
R2416,elm,38544.2,-56821.3,4699.7,-84.57,1.207
R2417,pine,39228.4,-57194.5,4684.3,0.92,0.954
R2418,elm,40249.5,-56958.7,4669.1,-94.16,1.138
R2419,pine,40953.3,-56516,4609.4,-247.95,0.991
R2420,pine,42758,-56918.4,4678.6,36.87,0.953
R2421,pine,44072.8,-56405.6,4436.8,35.83,0.916
R2422,pine,44680.4,-56537.5,4388.8,18.91,1.02
R2423,pine,46648.2,-56606.3,4256.8,31.63,0.903
R2424,pine,48372.7,-57095.1,4479.5,-104.93,1.237
R2425,elm,48685,-56717,4271.5,-176.31,1.131
R2426,pine,49696.5,-56572.5,4052.4,23.1,1.062
R2427,poplar,50239,-57114.4,4035.3,-140.18,1.111
R2428,pine,61779,-56493.5,4189.5,89.79,1.143
R2429,pine,63718.5,-56739.9,4302,-78.51,0.84
R2430,pine,65087.8,-56481,4704.2,-254.46,1.172
R2431,pine,65355.2,-56426.6,4770,-56.83,1.13
R2432,elm,66262.7,-56734.5,4849.7,47.5,1.157
R2433,pine,67399.1,-56756.2,4737.1,-175.27,1.23
R2434,elm,68126.6,-57127.5,4811,-31.83,0.839
R2435,elm,68487.6,-56793.7,4897.4,57.34,0.801
R2436,pine,-68472.2,-56114.9,6546.2,-263.9,1.087
R2437,elm,-68178.1,-55823.8,6390.4,-130.22,0.81
R2438,pine,-67041.3,-56356.7,5903.7,17.5,1.248
R2439,pine,-66321.1,-56131,5876.7,-113.07,0.96
R2440,pine,-65858,-55664.7,6070,-202.79,0.801
R2441,pine,-65073.2,-56001.9,6343.7,-143.93,1.084
R2442,elm,-64287.3,-56133.2,6395.6,1.01,1.194
R2443,poplar,-63274.2,-56302.3,6035.2,-223.26,1.075
R2444,elm,-60376.8,-56398.3,4906.5,-145.54,1.199
R2445,pine,-50184.7,-56205.8,5088.4,-214.58,0.822
R2446,pine,-49743.3,-55974.9,5855.5,-164.13,0.895
R2447,pine,-48003.9,-55773.1,5840.6,-160.62,1.247
R2448,pine,-47595,-55979.7,5702.2,-116.62,1.146
R2449,pine,-46190.3,-56190.2,5308,-107.6,0.976
R2450,pine,-45790.2,-56138.9,5325.8,-16.68,1.216
R2451,elm,-44541.7,-56095.7,5134.6,88.83,1.173
R2452,elm,-43780.8,-56295.9,4859.9,3.68,1.204
R2453,elm,-42954.5,-55826.1,4267.4,-157.71,1.154
R2454,pine,-40860.8,-55944.1,3897.8,-103.49,1.041
R2455,pine,-39090.4,-55910.8,3861,-31.3,1.212
R2456,elm,-31547.1,-56141.1,4241.8,-232.22,0.826
R2457,pine,-27978.1,-55908.8,3988.4,-238.52,0.877
R2458,poplar,-27521.8,-55942.9,3868.1,53.23,0.914
R2459,elm,-9060,-55629.4,3547.7,79.5,1.063
R2460,elm,-7877.2,-56380.7,4062.3,24.58,0.943
R2461,pine,-5297.9,-55732.2,4096.3,-88.71,0.987
R2462,pine,-4989.9,-55731.5,4177.2,88.48,0.914
R2463,pine,-4172.2,-56357,4692.5,-155.17,1.094
R2464,pine,20340.7,-55920.1,3410.6,-68.09,1.097
R2465,pine,21355.4,-56305.1,3945.9,-113.59,1.043
R2466,elm,22443.2,-55622.8,4242.3,-33.95,1.233
R2467,pine,23072.6,-55983.7,4553.2,-221.11,1.105
R2468,pine,24275.2,-56230.6,4837.2,70.7,1.233
R2469,pine,24812.1,-56151.2,4533.8,-104.44,0.812
R2470,pine,37500.2,-55839,4090,-143.39,1.185
R2471,pine,38161.1,-56069.6,4480.6,-197.81,0.965
R2472,poplar,39300.4,-56263.2,4621.4,41.57,1.007
R2473,pine,39634.9,-56015.3,4622.8,-131.02,1.21
R2474,pine,40540.4,-55983.4,4507.7,-5.38,1.059
R2475,pine,41779.3,-56352.3,4520.2,-111.18,0.839
R2476,elm,43976.5,-56396.4,4446,-231.72,1.114
R2477,elm,46147.9,-56211.7,4016.7,-246.46,0.831
R2478,pine,47373.7,-56386.6,4206.4,-1.37,0.977
R2479,pine,49027.4,-56006.8,3861.3,-160.62,0.885
R2480,poplar,49570.6,-56289.3,3991.4,-210.75,0.926
R2481,pine,50243.9,-55871.2,3749.2,-35.58,0.84
R2482,pine,61062,-56020.9,3919.1,-187.08,1.064
R2483,elm,61295.4,-56105.6,4038.9,-146.59,1.131
R2484,elm,63339.1,-56021,4143.9,-176.23,1.194
R2485,elm,64185.4,-56047.6,4351.7,-61.83,1.044
R2486,pine,64999,-56208.4,4701.1,-203.47,0.878
R2487,elm,65971,-55963.5,4951.5,-13.02,0.847
R2488,pine,66211.1,-55769.7,4883.7,-54.57,0.873
R2489,pine,67314.7,-56272.2,4880.1,-144.92,0.819
R2490,pine,67749,-56246.2,4869.9,84.75,1.16
R2491,pine,68722.8,-55892.2,5008.2,-215.15,1.048
R2492,pine,69415.5,-56234.5,5312.7,-240.41,1.201
R2493,pine,-69220.1,-54852.6,5994.3,-74.04,1.213
R2494,poplar,-68529.1,-54932.2,6001.9,76.34,1.204
R2495,pine,-68057.2,-55283.6,6408.9,-191.26,0.95
R2496,pine,-67293.8,-54992.4,6343.6,-139.74,0.929
R2497,elm,-66768.9,-55167.9,6275.7,-246.8,0.854
R2498,elm,-65954.8,-55512.3,6088.9,36.75,1.017
R2499,elm,-65180.6,-55342.2,6335.4,-176.25,0.869
R2500,pine,-61346.7,-55587.6,5512.7,-152.75,1.034
R2501,pine,-49306.4,-55547.6,6397.1,11.81,0.801
R2502,pine,-48467.9,-55540.5,5954.9,-12.82,0.947
R2503,pine,-48370.9,-55097.3,5744.9,-64.2,1.225
R2504,poplar,-46943.9,-55501.9,5484,81.93,1.211
R2505,elm,-46318.7,-54905.6,5450.1,-100.52,0.909
R2506,pine,-45232.7,-55178.1,5469.2,-122.41,1.028
R2507,elm,-44473,-55079,4985.3,-116.75,0.866
R2508,poplar,-43709.2,-55129.4,4725.8,-75.59,1.135
R2509,elm,-43398.1,-55385.5,4657.6,-193.89,1.212
R2510,pine,-42338,-55553.9,4027.5,-109.78,0.897
R2511,pine,-40079.2,-54861.8,3859.7,-80.66,0.817
R2512,poplar,-39299.3,-55467.7,3857.7,-123.57,1.063
R2513,elm,-37334.4,-54959.2,3559.8,-60.46,0.844
R2514,elm,-32420.9,-54916.8,3596.4,28.42,0.885
R2515,pine,-28748.6,-55335,4196,-156.43,0.861
R2516,pine,-5151.3,-55014.6,3538.3,-51.58,1.042
R2517,elm,-3032.4,-55528.9,3994.8,-29.41,0.951
R2518,poplar,-2634.1,-55171.1,3731.1,15.31,1.205
R2519,pine,22145.8,-55530.5,4134.1,-108.27,1.062
R2520,poplar,23030.9,-55117.2,4571.5,-266.74,1.052
R2521,elm,24308.3,-55551.6,4570.1,73.33,0.898
R2522,pine,24677.5,-55014.8,4338.3,-176.74,1.218
R2523,pine,37450.7,-55261.4,3783.2,-41.03,1.228
R2524,pine,38282.1,-54925.9,4010.9,-142.69,0.853
R2525,poplar,39422.7,-55336.9,4471.1,-195.43,1.025
R2526,pine,40063.6,-55350.2,4415.8,37.21,1.203
R2527,elm,41164,-55228.4,4202.8,-91.21,1.246
R2528,elm,43835.5,-55320.7,3924.7,-183.91,1.167
R2529,poplar,45486.1,-55357,3636.9,-203.11,1.208
R2530,poplar,48759,-54851.2,3321.1,-135.65,0.853
R2531,pine,51896.1,-55229.7,3619.4,15.84,1.24
R2532,pine,57420.4,-54980.2,3284.4,-129.42,1.223
R2533,pine,58569.6,-55357.4,3064.2,51.02,0.834
R2534,elm,62506.3,-54861.5,3607.1,39.91,0.864
R2535,pine,62942.2,-55411.4,3843.7,-31.52,1.223
R2536,elm,64795.6,-54850.4,3806.3,-106.98,0.996
R2537,elm,66659.6,-55484.5,4871.1,-11.18,0.995
R2538,pine,67361.3,-55277.6,4923.7,-191.28,1.01
R2539,poplar,68048.7,-55465.6,5028.1,-142.16,0.885
R2540,elm,69190.2,-55527.3,5245.3,-120.47,1.043
R2541,pine,69223.3,-55393.4,5267.3,-223.66,1.204
R2542,pine,-69414.1,-54134,5712.9,-64.26,1.126
R2543,pine,-69141.2,-54409.6,5740.7,-104.7,1.152
R2544,elm,-67981,-54045.3,6145.7,-258.46,1.08
R2545,elm,-67443.7,-54249.4,6301.1,3.26,0.856
R2546,poplar,-66045.2,-54449.6,6499.6,0.92,1.189
R2547,pine,-65294,-54619.8,6433.8,-189.33,0.876
R2548,pine,-65037.1,-54749.1,6340.7,-40.47,1.195
R2549,pine,-63834.4,-54723.5,5821.4,-51.99,1.205
R2550,elm,-63535.8,-54083.9,5678.7,16.68,1.053
R2551,poplar,-50788.8,-54354.6,5699.5,44.99,1.23
R2552,pine,-49533.2,-54301.5,6425.5,-246.44,1.249
R2553,elm,-48716.1,-54272.2,5990.1,-215.54,1.22
R2554,poplar,-47755,-54178,5531.7,7.71,0.983
R2555,pine,-47194.1,-54549.8,5468.5,-263.51,1.241
R2556,pine,-46156.3,-54482,5265.9,-54.67,0.978
R2557,pine,-45268.7,-54225,4894.4,-162.9,1.082
R2558,pine,-44429.5,-54392.2,4847.2,-156.46,1.121
R2559,elm,-43615.4,-54142,4511,-187.67,1.13
R2560,pine,-43351.6,-54696.8,4635.2,58.84,1.189
R2561,elm,-42391.6,-54614.5,4529.5,72.68,0.862
R2562,elm,-40713.6,-54424.9,4095.7,-21.87,0.926
R2563,pine,-36193.7,-54407.9,3680.5,-258.25,1.093
R2564,poplar,-30098,-54093.1,4084,-263.61,1.073
R2565,elm,-28265.7,-54452.8,4281.3,1.68,1
R2566,poplar,-27088.4,-54140.4,3949.9,33.65,1.162
R2567,pine,-3807.8,-54548.5,3499.8,-191,0.927
R2568,pine,21241.3,-54613.5,3558.3,-107.74,0.896
R2569,pine,23462.3,-54125.6,3779.1,-198.99,1.169
R2570,pine,24156.9,-54657.7,4205.3,6.65,1.018
R2571,pine,39413.9,-54283.1,4302.6,-219.93,0.933
R2572,poplar,40108,-54154.6,4104.3,-222.78,1.028
R2573,pine,40738.6,-54743,4139.3,-70.98,1.087
R2574,pine,45472.5,-54627.6,3403.3,-42.4,1.191
R2575,elm,46740.6,-54053.1,3148.8,-132.89,1.027
R2576,pine,51840.4,-54721.4,3530.3,-163.77,1.099
R2577,pine,61390.8,-54629.7,3839.6,37.94,0.978
R2578,pine,64114.1,-54336.5,3520.9,-206.76,1.02
R2579,elm,65380.7,-54327.3,3921.5,19.06,1.029
R2580,poplar,66362.6,-54417,4658.5,-237.69,0.803
R2581,pine,67344.7,-54058.9,4833.8,11.7,1.105
R2582,elm,68228.3,-54144.4,5213.3,-150.07,0.911
R2583,pine,68666,-54451.5,5176.7,20.39,0.815
R2584,elm,-69449.4,-53904.3,5720.8,-200.91,0.822
R2585,pine,-68581.8,-53649.2,5897.8,63.35,0.824
R2586,pine,-67954,-53620.5,6199.2,-117.22,1.011
R2587,pine,-66945.5,-53880.5,6377.6,28.37,0.912
R2588,elm,-66350.6,-53464.5,6589.5,23.27,1.128
R2589,pine,-65493.8,-53243,6396.9,-202.36,0.865
R2590,poplar,-64760.1,-53849.7,6046.4,-128.73,1.122
R2591,elm,-64259.7,-53872,5851.8,-255.54,1.03
R2592,elm,-63237,-53590.3,5653,-184.99,1.225
R2593,elm,-51464.8,-53527.5,6119.7,-155.05,1.159
R2594,pine,-50244,-53392.7,6610,-213.88,1.065
R2595,pine,-49946.7,-53268.6,6450.8,-53.27,0.861
R2596,elm,-48938.8,-53563.6,5923.5,-223.09,1.105
R2597,elm,-47764.3,-53485.8,5675.4,77.87,1.067
R2598,elm,-47088.7,-53218.3,5473.8,-74.77,0.806
R2599,elm,-46570.9,-53840.6,5292.9,-21.32,0.895
R2600,pine,-45642.8,-53462.3,4958.5,-39.38,0.987
R2601,poplar,-45122.8,-53353.4,4674.6,79.34,0.952
R2602,elm,-44146.1,-53953.1,4647.4,-145.14,0.837
R2603,pine,-37291.5,-53451.3,3656.9,-131.04,1.154
R2604,poplar,-32093.1,-53523.2,3582.9,39.94,1.09
R2605,pine,-29650.8,-53880,3942.3,-97.26,1.22
R2606,elm,37788.2,-53776.8,3730.9,-26.91,1.053
R2607,pine,39109.5,-53757.7,4210.7,35.7,0.833
R2608,poplar,40608,-53813.3,3948,-50.92,1.15
R2609,elm,42420,-53735,3627.4,-8.01,0.856
R2610,pine,59946.7,-53591.3,3414.3,28.92,0.96
R2611,pine,62582.2,-53321.4,3710.6,52.08,0.968
R2612,poplar,66065.4,-53972.6,4277.2,33.46,1.119
R2613,pine,66951.1,-53835.5,4823.6,-233.35,0.875
R2614,pine,68076.4,-53505.8,4973.2,77.88,0.802
R2615,pine,68813.9,-53853.3,5488,10.41,0.884
R2616,elm,69517.9,-53215,5675.3,-176.67,1.075
R2617,elm,-68601.9,-52774.4,6063.8,59.66,1.102
R2618,pine,-68103,-52884.9,6284,-6.71,0.816
R2619,elm,-66846.8,-52810.4,6485.2,38.28,1.08
R2620,poplar,-66574.4,-52794.4,6449.9,30.32,1.077
R2621,pine,-65238.7,-53031.7,6304.8,-184.18,0.858
R2622,elm,-64730.6,-52449.1,6175.6,70.23,0.888
R2623,pine,-63109.7,-52899.1,5671,-180.23,1.187
R2624,elm,-62641.1,-52582.2,6042.1,-254.46,0.998
R2625,pine,-61902.1,-52564.4,5864.7,6.02,0.83
R2626,pine,-51263.2,-52791.8,6803.9,-130.65,1.043
R2627,pine,-50086.7,-52490.7,6429.2,-186.9,0.886
R2628,elm,-49605.9,-53047.7,6146.4,-111.37,0.849
R2629,pine,-49077.9,-52839.1,6052.1,-125.13,0.806
R2630,elm,-48367.2,-52690.3,5529.9,-242.55,1.208
R2631,elm,-47257.3,-52854.1,5203.1,-169.44,1.203
R2632,poplar,-46507.5,-52588.4,5094.6,-83.59,1.083
R2633,pine,-45678.7,-52767.7,4829.9,-172.88,0.96
R2634,pine,-44846.5,-52738.5,4393.6,-135.09,0.829
R2635,pine,-44317.7,-52614.6,4152,-40.89,1.036
R2636,pine,-41790.2,-52674.5,3762.3,-31.6,1.008
R2637,elm,-40599,-52451.5,3990.6,-202.42,1.022
R2638,pine,-40123,-52687.5,4112.3,-43.1,1.192
R2639,pine,-37623.1,-52420.2,3380.7,-267.9,1.142
R2640,elm,-30684.6,-53049.1,3678.1,-68.06,1.019
R2641,pine,-28237,-52471.2,3545.6,-173.92,1.185
R2642,elm,37471.1,-52549.4,3734.9,43.11,1.089
R2643,elm,39690.5,-52692.4,4019.6,-251.69,1.222
R2644,pine,60999.6,-52962,3784.8,-93.31,0.805
R2645,pine,62483,-52545.7,4067,76.43,0.835
R2646,poplar,63853.9,-52828.6,3585,-36.85,0.822
R2647,pine,66563.3,-52413.3,4242,-16.6,0.925
R2648,pine,67029.7,-52671.5,4641,-21.23,1.243
R2649,pine,68379,-52735.3,5038.4,74.08,1.155
R2650,elm,68887.2,-52409.4,5326.1,-123.09,1.244
R2651,elm,-68680.8,-51627.4,6043.2,-219.59,0.949
R2652,pine,-67921.1,-51608.2,6595.1,-57.3,0.906
R2653,elm,-67157.7,-51671.3,6471.6,-132.66,0.888
R2654,pine,-66770.4,-51888.7,6338.7,-19.12,1.037
R2655,poplar,-65586.8,-52356.6,6117.3,39.68,1.007
R2656,pine,-64878.7,-52199.1,6136.4,-37.65,1.063
R2657,pine,-63851.7,-52396.2,5855.3,-246.17,1.061
R2658,pine,-63376.2,-51895.7,5978.3,50.47,0.913
R2659,pine,-62116.4,-52222.8,5966.4,70.92,0.973
R2660,elm,-61291.6,-51654.7,6110.7,-40.16,1.135
R2661,pine,-53472.5,-52320.3,5696.7,-229.87,0.944
R2662,poplar,-51763,-51961.5,6278.5,43.74,0.856
R2663,poplar,-51415.2,-51827.1,6453.6,-241.62,1.105
R2664,pine,-50607.6,-51996.5,6624.9,4.22,1.117
R2665,pine,-49218.4,-52101.3,5926,-218.34,1.186
R2666,pine,-48802,-51801.6,5400.9,-139.92,0.903
R2667,elm,-47887.8,-52289,4954.8,-124.91,1.203
R2668,pine,-47387.4,-52287.5,4810.7,57.17,1.06
R2669,elm,-46645.4,-52147.9,4906.8,-78.01,1.231
R2670,pine,-45349.8,-52207,4701.5,58.84,0.96
R2671,elm,-45052.3,-51834.4,4292.9,-251.51,1.113
R2672,pine,-43599.5,-52106.6,3793.2,-120.58,0.902
R2673,poplar,-42792.8,-52068.4,3653.3,-74.72,0.936
R2674,elm,-40504.5,-52225.9,3895.2,-104.8,1.219
R2675,pine,-38747.7,-51845.1,3615.1,-66.72,0.984
R2676,pine,-31786.6,-51717.7,3522.4,-88.99,1.129
R2677,elm,37617.8,-51640.6,3827.6,-124.92,0.846
R2678,poplar,61411.5,-51879.2,4076.2,-0.05,0.998
R2679,poplar,62607.1,-51823.3,4201.4,5,0.805
R2680,elm,65081,-52081,3345.7,-182.45,1.218
R2681,poplar,66003.3,-51924.3,3832.6,-194.3,0.876
R2682,pine,67520.2,-51929.1,4814,-159.47,0.819
R2683,poplar,68225.2,-51987.3,5170.6,-262.54,1.106
R2684,elm,69199.8,-51945.4,5462.1,-146.51,1.078
R2685,poplar,-68882.5,-50865.8,6541.7,66.62,1.041
R2686,elm,-67941,-50841.8,6604.5,39.14,1.225
R2687,poplar,-67110.4,-51496.3,6478.8,-7.85,0.873
R2688,pine,-66718.7,-50838.9,6231.1,-102.81,0.898
R2689,elm,-65992.6,-51448.7,5979.6,88.13,1.126
R2690,pine,-65043.3,-51005,6047.6,-135.53,1.172
R2691,pine,-63653.8,-51186.6,6371.3,-28.31,1.03
R2692,pine,-63544.5,-50992.1,6445.5,-183.48,1.19
R2693,pine,-62201.3,-51414.7,6435.6,-262.91,1.041
R2694,pine,-52601.9,-51092.3,5799.3,-221.64,0.984
R2695,pine,-52019.2,-51097.1,5851.1,-165.84,1.145
R2696,pine,-50836.4,-51240.8,5972.4,-191.82,0.944
R2697,elm,-50069.8,-51499.8,6154.7,-129.12,1.145
R2698,poplar,-49477.2,-51049.4,5508.6,67.17,1.171
R2699,pine,-48581.2,-51522.4,4984.8,-80.4,0.812
R2700,pine,-47945.4,-51039.9,4709.2,81.4,0.931
R2701,elm,-46809.6,-51235,4752.3,19.11,1.158
R2702,poplar,-46438.6,-51385.1,4726,-154.39,1.166
R2703,pine,-45304.5,-51225.5,4245.3,34.42,0.849
R2704,elm,-45128.2,-51403.4,4283.7,-52.74,1.16
R2705,pine,-43242,-51068.6,3697.3,-267.4,1.153
R2706,pine,-42393.5,-51180.6,3819.2,18.83,1.225
R2707,pine,-38418.6,-51449.5,3431.1,-22.8,1.11
R2708,elm,-31628.2,-50895.9,3245.3,-159.13,1.051
R2709,poplar,37370.7,-51294.9,3660.4,-242.41,1.106
R2710,pine,38860.6,-51481.7,3890.7,-212.19,0.868
R2711,pine,60089.3,-51233.6,3552.4,-162.5,0.961
R2712,elm,61603,-51389,4190.4,35.64,0.997
R2713,elm,62234.2,-51340,4134.9,-225.68,1.002
R2714,pine,63145.1,-51582.3,4000.5,-112.08,0.942
R2715,pine,63786.1,-51379.6,3668.9,-152.2,0.832
R2716,elm,66600.3,-51173.7,4404,-21.77,1.143
R2717,pine,66857.1,-51065.9,4601.2,-260.42,1.072
R2718,elm,67628.7,-51503.3,4996.1,-129.1,1.033
R2719,pine,69113.9,-51076.2,5997.9,7.89,1.099
R2720,elm,-67951,-50657.5,6651.9,21.19,0.982
R2721,pine,-67354.3,-50599.7,6614.5,68.53,1.235
R2722,poplar,-66327.3,-50454.4,6293.6,-239.39,0.969
R2723,poplar,-65629.7,-50279.2,6138.3,42.12,1.087
R2724,pine,-64805.7,-50793.1,6180.1,-48.38,0.848
R2725,elm,-64090.3,-50579.3,6293.4,80.01,0.871
R2726,elm,-63521.1,-50407.9,6648,-210.84,0.932
R2727,poplar,-62347.5,-50726.6,7083,-0.31,1.19
R2728,elm,-60788.4,-50333.9,6925.6,-209.64,1.218
R2729,poplar,-59776.3,-50703.8,6272,50.28,1.224
R2730,elm,-55125.7,-50218.6,6726.7,23.53,1.046
R2731,pine,-53583,-50081.5,6246.1,-245.9,1.215
R2732,elm,-52588,-50361,5662,-194.87,1.019
R2733,elm,-51805,-50306.2,5537.1,-167.82,0.87
R2734,pine,-51432.9,-50601,5522.8,69.42,0.951
R2735,elm,-50288.7,-50380.6,5632.1,82.78,1.187
R2736,elm,-49539.3,-50152.1,5620.4,-236.61,1.059
R2737,poplar,-48430.6,-50311.3,5107,-262.4,0.856
R2738,elm,-47722.3,-50791.7,4689.5,-66.96,0.812
R2739,pine,-47367.6,-50093.5,5013.6,-152.12,1.127
R2740,poplar,-46073.6,-50621.6,4243.3,-133.24,1.18
R2741,pine,-45537.5,-50431.4,4278.5,-84.98,0.935
R2742,pine,-45172.4,-50013.6,4564.6,73.83,0.846
R2743,pine,-39903.1,-50518.3,3525.2,-231.23,0.845
R2744,pine,-39562.5,-50228.1,3391.2,-247.68,0.907
R2745,pine,61363.2,-50711.4,4334.6,-180.69,1.186
R2746,pine,62484.2,-50166.1,4193,-42.02,0.865
R2747,poplar,64627.2,-50252.1,4158.7,64.12,1.149
R2748,pine,65542,-50597.6,4055.1,-107.26,1.029
R2749,pine,66760.2,-50025.5,4676.9,83,0.953
R2750,pine,67447.3,-50200.9,5060.4,-177.8,0.892
R2751,elm,68101.9,-50278.5,5549.1,36.51,0.843
R2752,pine,68440.1,-50725.8,5691.6,-231.5,0.804
R2753,elm,-69421.5,-49477.4,6732.9,-137.14,1.169
R2754,pine,-68835.4,-49998.9,6641.3,-96.1,1.114
R2755,pine,-67921.8,-49247.1,6529.1,-237.99,0.865
R2756,poplar,-67241.8,-49329.8,6687.1,-16.88,1.11
R2757,pine,-66077.2,-49585.6,6299.7,41.57,1.187
R2758,elm,-65393.1,-49219.7,6278.4,-44.36,1.175
R2759,pine,-64992.2,-49356.9,6152.4,-141.14,0.877
R2760,pine,-64249.7,-49578.2,6246.5,-176.93,1.114
R2761,pine,-63206.1,-49428.3,6624.5,-155.26,1.24
R2762,pine,-61782.1,-49897.4,7263.3,-232.14,1.207
R2763,pine,-59533.3,-49596.6,6225.7,57.04,1.107
R2764,elm,-54882.5,-49297.8,6584.6,-20.56,1.162
R2765,elm,-54276,-49415.3,6851.7,-139.44,1.23
R2766,elm,-53420.7,-49494.1,6468.8,39.45,1.214
R2767,poplar,-52833.8,-49592.5,6018.2,-96.65,0.825
R2768,elm,-51937.8,-49429.9,6158.9,-175.53,1.007
R2769,pine,-51024.8,-49426.5,5497.6,68.73,1.122
R2770,pine,-50250,-49335.7,5101.6,-136.47,1.154
R2771,elm,-49708.8,-49509.4,5208.3,-42.31,1.239
R2772,pine,-48539.5,-49955.4,5234.8,-237.99,1.154
R2773,pine,-47901.9,-49597.8,5263.7,-171.88,0.921
R2774,elm,-47367,-49217.7,5159.4,-23.75,0.99
R2775,elm,-46503,-49287.7,4743.2,-222.95,0.936
R2776,elm,-45760.2,-49593,4676.5,-112.1,0.974
R2777,elm,-45091.4,-49314.9,4498.6,-259.44,0.994
R2778,elm,-43836.7,-49989.6,4291.5,-217.19,0.881
R2779,elm,-41191.4,-49689.1,3852.8,-135.25,0.863
R2780,pine,-40017.2,-49366.5,3340.9,-162.59,0.905
R2781,pine,61024.2,-49777.9,3902.1,-101.81,1.168
R2782,elm,62669.8,-49754.5,4222.2,-160.5,1.099
R2783,pine,63359.9,-49205.2,4429.5,-227.2,0.82
R2784,pine,64259.2,-49445.6,4771.3,-189.43,1.1
R2785,pine,64607.3,-49944.7,4323.1,-227.91,1.146
R2786,elm,65912.9,-49701.2,4429.3,-57.86,0.806
R2787,pine,66050,-49528.4,4488.5,39.24,0.896
R2788,pine,66859.8,-49823.7,4749.8,74.5,1.1
R2789,elm,67822.8,-49445.7,5294.5,-64.89,1.103
R2790,elm,68603.3,-49549,5924.5,-73.48,0.902
R2791,pine,-68638.1,-48437.1,6568.6,-258,1.128
R2792,pine,-67893,-48830.9,6624.4,-37.63,1.024
R2793,pine,-67033.4,-48453.6,6681.3,-84.97,1.243
R2794,pine,-66511.6,-48846.2,6662.5,-108.54,0.801
R2795,elm,-65490.9,-48880.1,6283.2,54.76,1.244
R2796,pine,-64986.5,-48496.3,6332.4,85.89,1.218
R2797,pine,-64182.5,-48439.2,6377.3,-109.61,0.809
R2798,elm,-63586,-48697.5,6701.1,-43.3,1.152
R2799,pine,-62681.5,-48706.7,7098.7,-68.2,1.003
R2800,pine,-58801.8,-48798.8,6493.9,49.14,0.99
R2801,pine,-54342.4,-48499,6616.4,-206.5,1.079
R2802,poplar,-53766.6,-48564.9,6581.2,16.74,1.081
R2803,poplar,-52757.3,-48688.5,6654.4,-71.1,0.941
R2804,elm,-52312.5,-49070.3,6614.6,29.49,0.864
R2805,elm,-50970.7,-48626.2,5431.2,-184.52,1.235
R2806,elm,-50080.9,-48793.2,5006.7,-84.06,1.166
R2807,pine,-49702.1,-49189,5122.7,83.05,0.994
R2808,pine,-48839.6,-49136.4,5517.8,-208.59,1.124
R2809,pine,-48048.5,-49100.4,5526.7,-15.8,1.162
R2810,pine,-47568.6,-48556.6,5285.2,34.7,0.912
R2811,pine,-46038.6,-49139.3,4763.9,-82.24,0.878
R2812,elm,-44714.8,-48669.5,4296.2,60.45,0.908
R2813,poplar,-42769.1,-48820.8,3865.5,-56.26,1.144
R2814,pine,61455.7,-48806.3,3818.1,-151.02,1.183
R2815,poplar,62009.6,-49063,3956.7,-2.63,0.823
R2816,pine,63992.8,-48878.4,4638.3,-7.34,1.232
R2817,pine,64706.4,-49102,4663.9,2.19,0.826
R2818,elm,65212.9,-49083.6,4589.2,64.63,0.888
R2819,elm,66550.3,-48601.1,5021.2,-35.66,1.182
R2820,poplar,67463.9,-48617.8,5412.1,-58.71,0.946
R2821,pine,67829.7,-49064.9,5437.4,46.3,0.817
R2822,pine,68958.7,-49015.7,5955.8,46.83,1.117
R2823,poplar,-68929.8,-48025.6,6698.3,-243.16,0.989
R2824,pine,-68029.3,-47657.1,6141.9,48.59,0.861
R2825,pine,-67452.6,-48000.9,6391.7,-78.37,0.866
R2826,pine,-66416.6,-48295.8,6595.3,-29.12,1.03
R2827,pine,-65783.6,-47620.1,6700.2,30.17,0.88
R2828,pine,-64588.7,-48259.5,6401.8,39.47,0.869
R2829,elm,-64226.2,-47896.2,6474.3,-159.8,1.166
R2830,elm,-60118.3,-47719.8,6336.6,-0.19,0.983
R2831,poplar,-58283.9,-47766.6,7277.2,-143.39,0.943
R2832,poplar,-55528.5,-48357.5,6694,-153.02,0.896
R2833,poplar,-54297.8,-47907.1,6513.9,-253.09,1.06
R2834,poplar,-52948.3,-47769.9,7141.8,-89.97,0.998
R2835,pine,-52239,-47793.6,6767.9,-181.04,0.88
R2836,pine,-51581.6,-47602.3,5922.7,-154.54,1.032
R2837,elm,-50420.6,-47863.2,5472.3,46.18,1.123
R2838,pine,-49904.8,-47952.5,5582,-96.39,1.249
R2839,pine,-48851.1,-48260.2,5044.4,-93.94,1.188
R2840,pine,-47667.3,-48384.7,5405.1,-192.28,0.993
R2841,elm,-46982.3,-48298.9,5451.8,-41.98,1.045
R2842,pine,-46237.7,-47731.9,5550.3,33.74,0.825
R2843,pine,-44981.6,-47835.7,4102.9,-252.15,1.074
R2844,pine,-41852.5,-48061.1,4037.5,-44.73,1.2
R2845,elm,61242.1,-48166.3,3871.9,80.91,1.002
R2846,elm,62799.5,-47745.7,4152.8,-23.1,0.843
R2847,elm,64331.8,-48059.8,4479.8,-105.53,1.206
R2848,pine,64853.7,-48287.4,4627.2,-26.05,1.052
R2849,elm,65293.4,-48246,4673.3,-73,1.051
R2850,pine,66411.8,-48063.2,4910.9,-252.56,1.08
R2851,pine,67092.4,-48235.1,5091.8,55.58,1.224
R2852,pine,68351.2,-47945.7,5693.2,38.44,1.099
R2853,elm,69039.3,-48328.3,6199.4,37.14,0.823
R2854,pine,69552,-47748.4,5911.2,-43.05,0.865
R2855,pine,-68666.1,-47104.7,6146.4,-147.92,0.872
R2856,elm,-68010.9,-46884.4,5976.9,-251.09,0.933
R2857,elm,-67531,-47514.8,6137.1,-173.53,0.901
R2858,pine,-66256.1,-47433.3,6765.9,-261.8,1.095
R2859,pine,-65717.1,-47169.5,6809.8,-68.4,1.184
R2860,elm,-64895.8,-47215,6545.3,-178.73,0.925
R2861,poplar,-64354.5,-46864.1,6606.7,-254.96,1.077
R2862,pine,-61997,-47002.7,6492.5,8.97,1.232
R2863,elm,-58646.2,-47433.6,7266.6,-203.98,1.041
R2864,pine,-57980.9,-47145,7152,-49.56,1.118
R2865,poplar,-56596.8,-47362.3,7317.1,85.96,0.894
R2866,elm,-54932.5,-47318.7,6811.8,-121.78,1.24
R2867,pine,-54029.9,-47574.6,6657.3,-208.23,1.002
R2868,pine,-53363.1,-46884.9,7571.3,87.9,0.95
R2869,pine,-52872.5,-47156.1,7415.3,72.17,1.071
R2870,poplar,-51972.2,-46835.3,6796.4,-145.82,1.087
R2871,poplar,-51167.6,-47300.8,5880.7,-89.2,1.08
R2872,pine,-50125.1,-46905.9,5431.8,85.58,1.1
R2873,pine,-49369.8,-46947.8,4915.5,-231.54,0.962
R2874,pine,-48882.4,-47531.3,4799,-157.8,1.222
R2875,elm,-47867.3,-47443.6,5101.4,-205.59,0.857
R2876,elm,-47048.2,-47342.3,5452.3,-135.8,1.238
R2877,pine,-46413.4,-47132.3,5616.3,-247.37,1.211
R2878,pine,-44591.4,-47033,3921.1,53.31,1.047
R2879,pine,-41701.8,-46841.2,3764.7,-116.8,0.831
R2880,elm,61158.3,-46827,4316.3,-120.42,0.846
R2881,poplar,62172.4,-46966,4335.5,4.5,0.935
R2882,pine,63250.6,-47480.7,4268.2,81.4,0.806
R2883,pine,64353.7,-47022.7,4341.2,-219.92,1.119
R2884,pine,64687.2,-46888.6,4460.5,59.23,1.061
R2885,pine,65583.3,-47257,4572.1,35.62,1.127
R2886,pine,66305.9,-46844.6,4580.7,-152.97,1.159
R2887,pine,66920.6,-46946.3,4919.6,-90.22,1.219
R2888,pine,68396,-47439.5,5567,-139.86,1.025
R2889,pine,68586.7,-46981.8,5611.5,-48.19,1.184
R2890,pine,-69459.3,-46582.7,6385.1,-179.86,1.022
R2891,poplar,-68480.8,-46376.2,6069.5,-246.08,1.043
R2892,poplar,-67873.5,-46206.9,6007.5,-191.62,1.024
R2893,pine,-67370,-46206.1,6106.7,-127.44,0.948
R2894,pine,-66104.1,-46789.9,6902.6,-266.49,1.161
R2895,elm,-65296.7,-46271.9,6804.1,-226.69,0.952
R2896,poplar,-64744.4,-46016.1,6416.5,-118.25,0.914
R2897,elm,-64023.8,-46509.3,6459.4,-129.51,1.01
R2898,pine,-63403.5,-46062.6,6333.1,-165.08,0.952
R2899,pine,-62178.7,-46105.9,5921.2,-4.54,1.142
R2900,elm,-61094.5,-46289.8,6332.2,-5.31,1.066
R2901,pine,-59363.8,-46682.2,6861.5,-90.88,1.226
R2902,elm,-58247.4,-46234,6628.1,-227.46,1.092
R2903,elm,-57877.3,-46776.1,6801.4,-241.29,0.816
R2904,pine,-57140.2,-46626.6,6869.3,-153.8,1.003
R2905,pine,-56023.6,-46752.5,6880,-21.99,1.243
R2906,pine,-53815.6,-46403.6,7421.5,-50.18,0.916
R2907,pine,-52968.5,-46609.1,7445.8,82.79,1.087
R2908,poplar,-52074.9,-46705.3,6793.3,23.53,1.07
R2909,pine,-51560.4,-46665.5,6682.9,-193.05,1.082
R2910,poplar,-50244.3,-46103.5,6085.6,-19.37,1.035
R2911,elm,-49411.6,-46013.7,5277.7,-7.25,1.108
R2912,pine,-49049.4,-46154.3,5067,-194.55,1.154
R2913,elm,-47644,-46686.5,5446.3,18.12,0.874
R2914,pine,-47063.3,-46582,5318.9,-28.76,1.114
R2915,pine,-45667.9,-46614.4,4691.4,-154.05,0.851
R2916,elm,-45197.5,-46260.1,4189.4,-24.42,1.224
R2917,pine,-44110.3,-46466,3830.5,-71.05,1.238
R2918,elm,59797.5,-46726.9,3647,88.94,1.238
R2919,pine,61550.6,-46071.7,4099.8,-31.14,1.249
R2920,elm,62081.7,-46638.1,4271.5,-94.28,1.04
R2921,elm,63085,-46454.4,4321.5,-130.36,1.053
R2922,poplar,65132.5,-46495.8,4247.4,78.97,1.187
R2923,poplar,66223.8,-46398.8,4371.3,65.52,0.99
R2924,pine,67315,-46120.8,4909.5,-103.52,0.839
R2925,pine,68007,-46103.2,5234.6,31.44,1.132
R2926,elm,68655.8,-46020.7,5535.6,-214.16,0.886
R2927,pine,-69399.2,-45999.3,6543.9,-84.4,1.067
R2928,pine,-68403.9,-45258.2,6475.3,49.24,1.203
R2929,elm,-68377.8,-45416.9,6356.3,-113.57,1.184
R2930,elm,-66949.7,-45564.4,6327.8,-252.01,1.125
R2931,elm,-66690.4,-45612.4,6465.3,-34.9,1.183
R2932,pine,-65370.7,-45728.6,6898.5,20.72,0.959
R2933,elm,-64896.9,-45915.3,6520.3,-2.17,0.927
R2934,pine,-64134,-45815.6,6264.3,-195.63,0.912
R2935,pine,-63528,-45382.8,6257.9,-232.33,1.144
R2936,poplar,-62569.3,-45533.4,5878.2,-232.72,1.207
R2937,pine,-60869.9,-45578.8,6458.5,60.54,1.003
R2938,pine,-60049.6,-45521.1,6872.8,-245.9,1.015
R2939,pine,-58953.1,-45723.7,6690.3,-43.49,1.148
R2940,pine,-58374.1,-45256.7,6596.5,-241.52,0.859
R2941,pine,-57215.3,-45420.1,6314.7,-125.1,1.086
R2942,elm,-56479.5,-45416.6,6730.9,6.48,1.139
R2943,pine,-54259.8,-45832.4,7299.9,-249.84,1.184
R2944,pine,-53519.7,-45881.4,7779.8,-218.95,1.139
R2945,elm,-50863.4,-45759.6,6856.9,-221.4,0.968
R2946,pine,-49109.8,-45580.3,5539.6,-96.6,1.009
R2947,poplar,59582.8,-45292.4,3877.5,30.58,1.013
R2948,elm,59848.2,-45842.8,3965.1,-256.6,1.128
R2949,elm,61862.3,-45206.7,3927.4,-113.68,0.89
R2950,pine,62010.9,-45999.5,4170.2,-90.1,1.122
R2951,pine,62955.4,-45972.4,4161.8,-234.52,1.1
R2952,pine,65964.8,-45209.1,4046.2,-2.16,1.154
R2953,elm,66710.9,-45662.5,4311.9,-19.78,0.813
R2954,poplar,67368,-45744.6,4715.8,89.95,1.222
R2955,pine,68260.6,-45381.9,5364.4,-155.78,1.082
R2956,elm,68654.9,-45620,5549.2,-253.48,1.012
R2957,elm,69585.1,-45580.2,5444.9,-257.55,0.969
R2958,pine,-68442.1,-44913.4,6557.2,55.28,1.18
R2959,elm,-68067.9,-44504.5,6468.2,-78.54,0.891
R2960,pine,-66840.9,-45049.6,6501.7,-97.88,1.144
R2961,pine,-66472.1,-44814.2,6915.2,-32.41,1.075
R2962,elm,-65864.6,-44577.8,7182.6,-97.02,0.848
R2963,elm,-64577.4,-44583.5,6777.6,10.98,0.926
R2964,poplar,-63667,-44748.9,6474,-16.48,0.831
R2965,poplar,-63476.6,-44862.4,6420.5,69.16,0.914
R2966,elm,-62508.3,-44816.9,6195.1,-158.62,1.181
R2967,pine,-61858.4,-44531.7,6313.8,-149.58,1.022
R2968,pine,-60578.8,-45144.1,6808.3,45.09,1.181
R2969,poplar,-59924.7,-44672.5,7084.3,-200.98,0.973
R2970,pine,-59151.4,-44871.2,6986.2,-50.66,0.94
R2971,pine,-58395.5,-44786,6730.4,-59.55,0.907
R2972,pine,-57846.6,-44634.4,6647.9,-96.11,1.06
R2973,pine,-56540.9,-44638,6902.3,70.51,0.854
R2974,poplar,-55752.3,-44836.2,7301.6,-44,0.971
R2975,poplar,-54841.1,-45027.1,7271.5,-257.81,0.864
R2976,pine,-54447,-45138.1,7404.3,-139.81,0.903
R2977,pine,-53894.2,-44785.7,7597.6,-240.75,1.167
R2978,elm,-51046.2,-44865.5,6526.3,-54.44,0.804
R2979,elm,-49683.2,-44817.9,6464.6,31.51,0.968
R2980,pine,-48144.5,-44415.9,5053.7,18.25,0.859
R2981,elm,-47189.9,-45084.3,4953.6,-70.09,1.13
R2982,pine,-46241.1,-44898.3,5306.3,-242.36,1.195
R2983,elm,-45859.2,-44429.8,5306.9,-40.23,0.878
R2984,elm,-45004.1,-45127,4246.8,-256.84,1.18
R2985,pine,60368.8,-44979.5,4217.1,-148.52,1.16
R2986,elm,60554.4,-44675.3,4159.4,76.63,1.152
R2987,elm,62498.5,-44920,3977.9,-67.86,1.063
R2988,elm,65185.9,-45137.6,4142,-79.73,1.187
R2989,elm,66767.8,-44782,4387.4,-35.86,1.214
R2990,elm,67124.9,-44778.5,4555.6,-251.85,1.135
R2991,pine,68303.9,-45140.4,5370.4,73.75,0.977
R2992,pine,69107.7,-44664.7,5609.8,-52.31,1.131
R2993,pine,69278.8,-44929.2,5637.3,-114.69,0.858
R2994,elm,-68995,-44186.3,6456.9,-174.03,1.123
R2995,pine,-68096.2,-43922.4,6376.5,-99.72,1.085
R2996,elm,-67562.6,-44082.8,6609.5,-248.63,1.14
R2997,pine,-66729.5,-43803.2,6978,-260.64,1.085
R2998,elm,-65487.5,-44045.8,7097.5,-92.79,0.905
R2999,pine,-65174.6,-43694.2,6949.9,14.26,0.978
R3000,pine,-63904.6,-43980.2,6511.3,-264.96,0.886
R3001,pine,-63197.3,-43728.3,6448.8,-255.61,0.909
R3002,elm,-62441.6,-43731.9,6730.4,-216.59,0.892
R3003,pine,-61834.6,-44324.1,6480.9,51.18,0.836
R3004,pine,-60761,-44364.7,6818.4,-66.04,1.005
R3005,elm,-59939.9,-44119.2,7221.6,-141.89,1.001
R3006,pine,-59124.7,-43732.7,7435,-73,1.081
R3007,pine,-58193.1,-44075.4,7217.4,-239.8,1.06
R3008,pine,-57753.3,-43651.6,7830.4,-66.66,1.045
R3009,pine,-56747.7,-44175.4,7327.9,-81.2,1.196
R3010,pine,-55784.6,-44138,8057,-80.23,0.99
R3011,pine,-55500.1,-43767,8490.4,-93.43,0.975
R3012,pine,-53524.9,-44028,8093.5,46.57,1.022
R3013,pine,-52978.3,-44103.8,7908.1,-254.16,1.157
R3014,elm,-50818.9,-43905.7,6691.9,55.52,0.901
R3015,elm,-50722.7,-44268,6549.9,-251.67,0.946
R3016,poplar,-49386.2,-44266.9,6101.9,9.67,1.102
R3017,elm,-48990,-43633.6,5869.2,-28.75,1.182
R3018,pine,-48221.8,-43634.2,5538.9,19.09,1.212
R3019,pine,-44256.3,-43973.4,3852.2,-168.14,1.18
R3020,elm,-43104.8,-43850.5,3510.4,-54.17,1.152
R3021,pine,-42793.1,-43764.7,3795.5,-249.22,1.129
R3022,pine,60144.2,-43674,3830.9,-48.21,1.216
R3023,elm,61597.3,-43970.6,3997.2,8.8,1.017
R3024,pine,62731.1,-43827.4,3969,-265.99,1.242
R3025,poplar,63841.1,-44343.6,3922.1,-81.11,1.184
R3026,pine,64649.6,-44260,4038.2,19.02,1.206
R3027,elm,65860.6,-43703.8,4359.4,-38.96,0.827
R3028,pine,66146,-44163.5,4198,-240.08,1.089
R3029,pine,67076.9,-44339.7,4518.5,-40.33,0.83
R3030,pine,68360.8,-43896.4,5000.8,-51.6,1.076
R3031,pine,68980.5,-44397.3,5432.8,54.43,1.245
R3032,elm,-68769.3,-43025.9,6225.1,-228.49,1.08
R3033,elm,-67725.7,-43386.5,6547.8,-203.01,1.187
R3034,pine,-67414.4,-43158.7,6715,-122.93,1.017
R3035,pine,-66700.6,-43056.1,7011.7,68.74,0.926
R3036,pine,-65355.3,-43554.8,6969.4,-64.93,1.13
R3037,pine,-64548.8,-42841.4,6842.2,-14.46,1.201
R3038,elm,-64377.4,-42869.1,6712.3,-190.63,0.992
R3039,poplar,-63268.1,-42847.9,6402.9,-237.37,1.219
R3040,pine,-62201.7,-43563.6,6795,-210.99,1.054
R3041,elm,-61403.2,-42966.6,6585.7,17.36,0.864
R3042,pine,-60859.9,-42905.5,6783.6,-131.91,1.026
R3043,pine,-60024.3,-43431,7213.4,79.6,1.192
R3044,pine,-59055.9,-43517.4,7536.8,-245.62,1.231
R3045,pine,-58364.7,-43101.8,7550.2,-238.94,1.247
R3046,pine,-57265.3,-43224.5,7401.1,-130.65,1.006
R3047,pine,-57157.3,-43219.7,7424.8,-235.53,1.119
R3048,pine,-55788,-43595.8,8297.9,-78.03,1.1
R3049,pine,-53868.5,-43036.1,7782.4,-159.39,0.95
R3050,pine,-50843,-43351.1,6332.3,-241.08,0.983
R3051,elm,-48507.6,-42847.5,5929.2,-242.63,0.932
R3052,pine,-46925.3,-42985.8,5039.9,-73.84,0.834
R3053,elm,-46769.8,-42860,4960,-123.25,0.988
R3054,pine,-45947.3,-43070.6,4993.2,25.08,0.901
R3055,pine,-45003.3,-42879.3,4711.8,-115.25,0.921
R3056,pine,-43748.7,-43166.5,3704.6,-88.78,1.169
R3057,elm,-42664.9,-43250.2,3888.3,61.33,0.847
R3058,pine,61025.6,-43357.8,3971.4,-213.51,1.1
R3059,pine,61626.7,-43094.9,4032.6,5.29,0.92
R3060,pine,62227.1,-42841.5,4066.2,-51.85,0.853
R3061,pine,63376.8,-43112.8,3810.7,89.79,1.231
R3062,elm,64273.7,-42958.4,3857.6,-192.14,0.821
R3063,pine,64884.7,-43040.2,4134.5,-163.76,0.868
R3064,poplar,65637.5,-43314.6,4366.1,5.99,1.179
R3065,pine,66626.8,-42956.2,4485.4,-172.63,0.854
R3066,poplar,67145.1,-43061.6,4680.2,-118.15,0.986
R3067,pine,67714.4,-43067.6,4976.3,-264.02,1.106
R3068,pine,68686.5,-43551.6,5194.8,-184.54,1.21
R3069,pine,69528,-42836.6,5191.4,-53.16,0.859
R3070,poplar,-68745.9,-42522,6317.3,-143.89,1.176
R3071,poplar,-68038.8,-42355,6385.3,77.21,0.81
R3072,pine,-67480.4,-42382.6,6740.4,-220.96,1.005
R3073,elm,-66080,-42769.8,6789.5,-255.38,1.12
R3074,poplar,-65708.3,-42588.1,6701.6,-67.43,0.876
R3075,elm,-64531.7,-42195.9,6876.8,28.12,1.01
R3076,poplar,-64020.8,-42113.1,6684.1,-262.96,0.821
R3077,pine,-62800.6,-42265,6637.9,-6.97,1.086
R3078,pine,-62798,-42789.9,6473,33.1,0.944
R3079,pine,-61215.1,-42111.7,6622.7,42.63,0.826
R3080,pine,-60494.2,-42341.2,6882.7,66.82,0.881
R3081,elm,-59703.5,-42783.7,7173.4,19.87,1.162
R3082,pine,-59385.4,-42292.3,7401.5,-146.03,1.12
R3083,poplar,-58259.7,-42225.1,7086.8,-233.32,1.083
R3084,pine,-57385.4,-42382.9,6909.6,-201.99,1.24
R3085,pine,-56745.2,-42013.9,7034.5,-250.33,1.028
R3086,pine,-55206.3,-42291.7,7418.7,-220.35,1.131
R3087,pine,-50712,-42564.9,5843.7,13.93,1.025
R3088,pine,-46968.4,-42744.4,5032.7,-184.15,1.158
R3089,pine,-45474.7,-42265.2,4561.8,-40.63,0.813
R3090,pine,59778.2,-42395.9,3779.3,-119.75,1.025
R3091,poplar,60934.5,-42741.2,4041.4,-100.17,1.234
R3092,pine,62045.7,-42463.5,4107.8,-174.57,1.103
R3093,pine,63062.4,-42415,3986.4,-6.24,0.945
R3094,pine,64386,-42582.6,3983.7,-87.26,0.948
R3095,pine,65577.7,-42679.4,4213.5,71.69,0.846
R3096,pine,66596.2,-42519.1,4467.1,-19.02,1.175
R3097,pine,67443.4,-42558.9,4830.4,53.83,1.112
R3098,pine,67725.6,-42381.1,4865.4,-126.26,1.19
R3099,pine,69182.4,-42333.5,5248.6,-18.23,1.247
R3100,pine,69436.8,-42706.7,5183.6,25.37,1.077
R3101,poplar,-68473.5,-41233.1,6706.8,61.39,1.11
R3102,pine,-67683.4,-41731.1,6858.3,-40.15,1.208
R3103,pine,-66967,-41545.3,7022,-225.74,1.051
R3104,pine,-66779.6,-41408.5,7024.7,-110,1.16
R3105,elm,-65970.8,-41225.4,6685,-194.46,0.903
R3106,elm,-64573.9,-41529.2,7014.3,-92.44,1.051
R3107,pine,-64255.1,-41532.6,6867.5,-83.87,1.029
R3108,elm,-63575.2,-41334.4,6671.7,3.69,0.873
R3109,pine,-62169.1,-41418.8,7112.2,-237.65,1.217
R3110,pine,-61882.3,-41786.3,6754.6,-121.5,0.936
R3111,poplar,-60423.8,-41755.3,7218.4,-93.04,1.033
R3112,pine,-59989,-41370.8,7725.3,-254.02,1.246
R3113,pine,-59008,-41486.2,7177.7,-106.6,1.143
R3114,elm,-58402.8,-41204.3,6953.4,-202.12,0.904
R3115,elm,-57415.8,-41504.9,6704.3,-27.89,1.192
R3116,elm,-56542.8,-41917.3,7074.3,-173.78,0.95
R3117,elm,-56081.3,-41416.4,7045.9,-141.62,1.059
R3118,poplar,-55030.2,-41620.4,7135.4,-128.22,0.945
R3119,elm,-54550.4,-41306.6,6756.8,-190.9,1.199
R3120,elm,-48791.4,-41557.7,5423.3,-231.41,1.063
R3121,elm,-46934.9,-41906.8,4473.3,-153.9,1.166
R3122,poplar,-46415.3,-41991.3,4524.6,-37.68,1.149
R3123,pine,-45270.3,-41871.2,4278.5,-48.83,1.029
R3124,pine,-44985.5,-41732.3,4177.9,-249.55,1.182
R3125,pine,59651.1,-41302.3,3615.9,6.58,1.046
R3126,elm,60562.7,-41365.6,3763.7,-186.21,1.113
R3127,poplar,61332.5,-41810.1,4058,82.67,1.206
R3128,pine,62344.7,-41843.2,4159.6,74.43,1.193
R3129,poplar,65373.9,-41806.9,4203,-160.66,1.105
R3130,pine,66359.1,-41517.3,4603.9,-117.17,0.812
R3131,poplar,67261.9,-41201.7,4736.4,-207.61,0.864
R3132,pine,68037.8,-41404.7,4922,-57.69,0.984
R3133,poplar,68669.5,-41665.1,5238.9,-185.14,0.837
R3134,elm,-68916.8,-40842.7,6779,42.88,0.984
R3135,elm,-67330.7,-40771.8,7141.7,-176.76,1.128
R3136,pine,-66426.6,-40687.4,7068.2,-126.18,1.109
R3137,pine,-65917,-40703.8,6835.1,-58.53,1.15
R3138,elm,-64878.5,-40746.1,7169,-142.94,0.962
R3139,poplar,-63859.9,-40771.3,7052.2,-54.94,0.972
R3140,pine,-63258,-41013.7,6883.1,-1.8,1.029
R3141,pine,-62265.1,-41144.3,7111.4,-6.17,1.168
R3142,elm,-61808.3,-40459.4,7272.7,-102.2,1.249
R3143,pine,-60788.6,-40942.6,7438.2,49.04,1.167
R3144,pine,-60151.2,-40984.9,7674.4,-262.19,0.888
R3145,elm,-58999.4,-40698.1,7342.7,57.89,1.005
R3146,poplar,-58642.5,-40931.5,7096,41.39,0.9
R3147,elm,-57526.8,-41057.2,6883.3,8.7,1.027
R3148,elm,-56677.1,-40911.1,7165.8,-27.85,0.954
R3149,elm,-56178.3,-40948.9,7002.7,24.17,1.112
R3150,pine,-55201.9,-41047.9,7007.2,77.24,1.202
R3151,elm,-54214.4,-41094.9,6450.8,-232.5,1.053
R3152,elm,59492.7,-40587.2,3374.9,-191.57,1.036
R3153,poplar,60912.5,-40590.6,3843.3,-81.92,0.884
R3154,pine,63338.3,-40494.6,3917.2,66.74,1.097
R3155,elm,63825,-40939.4,4219.3,-246.56,1.197
R3156,pine,65023,-40628,4329.5,6.99,0.84
R3157,elm,65723.3,-40575.8,4585.8,-236.12,1.103
R3158,elm,66199.7,-41059.5,4638.7,-190.09,0.809
R3159,pine,66842.7,-41158.5,4699.7,-50.43,1.024
R3160,pine,67610.6,-40768.1,4926.2,-120.8,0.868
R3161,pine,69020.5,-40490.1,5353.5,-225.79,1.085
R3162,pine,-69404.9,-39858.9,7256.3,54.51,1.216
R3163,poplar,-68422.8,-40020.6,6966.8,-83,1.163
R3164,pine,-67403.5,-39607.6,7179,-195.23,1.237
R3165,poplar,-66529.7,-39694.5,7167.9,-161.41,0.815
R3166,elm,-65718.8,-39981.3,7290.1,57.4,1.002
R3167,pine,-64422.8,-40320.9,7252.5,84.86,0.831
R3168,pine,-63631.1,-39984.3,7442.5,-28.36,0.93
R3169,poplar,-62963.8,-40322,7248.2,-28.86,0.969
R3170,pine,-62082,-40361.7,7395,-35.52,1.032
R3171,pine,-61344.9,-40044.7,7501.5,16.79,0.902
R3172,pine,-60652.7,-39987.9,7764.9,-95.25,0.89
R3173,pine,-59653.2,-40334.3,8072,-251.9,1.199
R3174,pine,-59317.6,-40072.4,7707,81.78,1.199
R3175,pine,-58626.8,-39615.8,7088.7,89.71,1.231
R3176,pine,-57293.1,-39930.8,6924.8,-127,0.92
R3177,elm,-57195,-39849.2,6941.4,-77.45,1.248
R3178,poplar,-55544.8,-40176.3,6392.5,-170.53,0.866
R3179,poplar,-44601.6,-40146.7,3332.2,-53.08,0.813
R3180,elm,62059,-39898.8,3814.2,-122.87,1.097
R3181,poplar,64189.3,-39977.8,4027.6,-220.66,1.134
R3182,elm,65522,-39773.1,4476,-62.76,1.045
R3183,poplar,66385.2,-39601,5139.2,-65.9,0.824
R3184,pine,67096.5,-40070.5,5129.4,28.06,0.957
R3185,elm,68391.7,-39765,5365.2,-66.03,0.929
R3186,elm,68999,-39628.5,5399.1,-160.6,0.829
R3187,pine,-65814.6,-39164,7001.4,-130.4,1.106
R3188,pine,-65039.3,-39407.3,7641.4,85.34,1.198
R3189,pine,-63556.4,-39413.2,7624,-77,0.88
R3190,elm,-62148.8,-38852.9,6631.8,-240.27,0.9
R3191,pine,-61329.6,-38974,6790.5,-29.76,1.186
R3192,pine,-60488.2,-39423,7659.1,25.46,1.245
R3193,pine,-60176.1,-39121.2,7498.2,-138.17,0.821
R3194,elm,-59284.4,-39456.7,7338.1,-138.84,0.977
R3195,pine,-58017.3,-39360.9,6968.1,-155.53,1.217
R3196,poplar,-57392.9,-39155.7,6992.5,26.83,0.965
R3197,poplar,-57190.8,-39231.1,6961.3,-6.61,0.867
R3198,pine,-56170,-39490.8,6654.7,-82.27,1.111
R3199,pine,61101.4,-38834.1,3812.9,-208.08,1.078
R3200,elm,61847.3,-39597,3874.8,21.02,0.971
R3201,pine,62722.2,-39363,3734.1,-125.95,1.077
R3202,elm,62816.1,-39052.9,3813.3,-18.43,0.832
R3203,poplar,64440,-38991.1,4027.9,33.91,0.906
R3204,pine,65700.7,-39074.2,4790.6,-37.63,0.855
R3205,elm,66333.7,-39215.3,5219,61.17,0.977
R3206,elm,67260.9,-39362.9,5293.8,-198.86,1.121
R3207,pine,67986.5,-39247.9,5412.6,-259,0.84
R3208,pine,68409.4,-38986.7,5540.9,-263.91,1.115
R3209,elm,-66380.1,-38421.9,6807.8,-10.11,1.013
R3210,poplar,-64200.6,-38378.3,7315.1,-169.63,1.191
R3211,pine,-62043.8,-38460.8,6466.8,44.91,1.18
R3212,pine,-60782.9,-38653.6,6748.2,-193.33,1.181
R3213,pine,-59804.1,-38196.7,6585.9,-197.78,1.074
R3214,pine,-59220,-38506,6673.6,-75.89,1.219
R3215,pine,-58777.8,-38134.8,6560.2,-109.19,0.983
R3216,pine,-55503.4,-38392.8,6336,45.04,1.213
R3217,elm,-54353.4,-38231.9,6513.5,-245.52,1.106
R3218,elm,61328.8,-38144.6,3832.9,27.27,0.877
R3219,pine,62488.8,-38426.8,3927.7,-111.61,1.091
R3220,pine,65189.9,-38763.3,4520.4,-33.11,1.062
R3221,pine,65407.5,-38445.3,4769,77.48,1.193
R3222,poplar,66770.3,-38694.9,5521.2,-137.07,0.887
R3223,pine,67357.8,-38082.6,5818.3,7.94,0.81
R3224,elm,67763.4,-38077.7,5910.6,49.51,0.997
R3225,elm,68517.3,-38757.3,5556.5,-213.93,0.834
R3226,elm,69507.4,-38717,5479.6,-49.14,0.809
R3227,elm,-63093.9,-37233.2,6892.1,19.53,0.844
R3228,pine,-61346,-37312.1,6571.9,-227.59,1.137
R3229,elm,-60463.2,-37366.2,6810.3,13.73,0.97
R3230,pine,-59985.7,-37320,6713.1,-184.61,0.879
R3231,pine,-59464,-37746.5,6470.7,-189.35,1.083
R3232,elm,-58408.6,-37603.3,6175.8,32.97,0.852
R3233,elm,-56411,-37581.2,6386.2,-246.4,0.963
R3234,poplar,-56000.2,-37384,6206.8,21.91,0.824
R3235,elm,-53415.6,-37334.8,6655.8,-115.37,0.813
R3236,elm,60719.6,-37878.4,3703.6,-58.05,0.862
R3237,pine,66707.5,-37861.3,5725.8,-34.31,1.018
R3238,pine,66842.7,-37610.6,5811,-111.08,0.922
R3239,pine,68120.7,-37259.4,5983.5,-136.71,1.215
R3240,pine,68935.1,-37358.9,6080.2,-239.29,0.995
R3241,elm,-61604.4,-36880,6592.9,-168.7,1.226
R3242,poplar,-60728.3,-36652,6481.1,-213.05,1.163
R3243,elm,-59870.3,-36472.9,6330.7,-144.25,0.849
R3244,poplar,-59328.9,-37018.3,6304.9,-72.9,1.184
R3245,pine,-58518.4,-36853.5,5860.8,-192.41,0.944
R3246,pine,-57435.8,-37079.6,6100.2,69.73,0.938
R3247,pine,-56731.6,-36601.4,6112.8,15.22,1.151
R3248,elm,-55757.1,-37014.9,6071.2,-34.06,0.943
R3249,pine,-54747,-37017.4,5997.7,77.75,1.022
R3250,pine,60354.5,-36814.3,3992.1,-261.08,0.819
R3251,pine,60521.6,-37018.2,4018.2,-143.08,0.869
R3252,pine,61378.1,-36403,3792,-123.01,0.957
R3253,pine,62567,-36455.2,4079.3,-154.71,0.962
R3254,pine,64845.6,-37061.7,5215.6,31.81,0.978
R3255,elm,66954.5,-36833.8,5720.4,-87.47,0.963
R3256,pine,68318.7,-36726.9,5957.1,-62.51,1.064
R3257,elm,68937.4,-36718.1,6109.1,-197,0.966
R3258,poplar,69492,-37013,6280.3,-113.14,1.212
R3259,elm,-59752.3,-35681.3,6064.1,-62.57,0.855
R3260,pine,-59321.9,-35960.7,5981.4,-90.63,1.247
R3261,elm,-58642.3,-36228.8,5809.3,-36,0.892
R3262,elm,-57228.8,-35919.2,5690,-126.41,1.088
R3263,poplar,-56543.9,-35633.9,5760.5,-167.2,1.148
R3264,pine,-56102.3,-35978.7,5979.3,-260.84,0.972
R3265,pine,-55251.9,-35997.7,5920,46.66,1.103
R3266,pine,-53603.5,-35805,5874.3,-163.33,1.001
R3267,pine,-48704.3,-35996.8,3585.4,85.23,1.109
R3268,elm,-47914.9,-36236.5,3597.7,-218.57,0.871
R3269,elm,60127.2,-36381.3,3665.8,-140.17,1.068
R3270,pine,66782,-36096.8,5409.5,-193.7,0.906
R3271,pine,-61161.9,-35466.4,6149.4,29.38,1.19
R3272,poplar,-59217.8,-35022.1,5800.3,-229.58,0.981
R3273,elm,-57248.3,-35249.3,5552.7,-269.54,1.249
R3274,pine,-55815.2,-35340,5899.7,-228.13,0.927
R3275,elm,-54925.1,-35499.1,5832.3,-7.34,1.211
R3276,pine,-54055.9,-34853.1,5588.9,-178.86,1.208
R3277,pine,-53751.7,-35486.3,5666.3,44.08,0.991
R3278,pine,-53136.5,-35026,5626.8,-131.66,1.068
R3279,pine,69114.5,-35477.3,5205.6,-14.62,0.905
R3280,pine,69402.8,-35486.6,5178.5,-258.09,1.17
R3281,poplar,-60223.9,-34799.8,5881.5,-175.6,1.041
R3282,pine,-59008.3,-34689.4,5719,-204.33,1.018
R3283,poplar,-57317.5,-34331.1,5575.8,4.4,1.079
R3284,poplar,-56997.2,-34390.5,5614.6,-68.75,0.825
R3285,elm,-55683,-34103.1,5892.5,71.29,0.904
R3286,poplar,-55560.2,-34624.9,5904.4,-117.55,0.945
R3287,poplar,-54590.6,-34520,5832.1,9.81,1.213
R3288,pine,-53407.9,-34607.5,5597.2,58.24,1.173
R3289,pine,-52517.1,-34521.9,5190.4,-85.8,0.817
R3290,elm,-52128.5,-34183.5,4965.8,-58.67,0.814
R3291,elm,-51497,-34680,4842.3,-232.49,0.86
R3292,pine,-59977.5,-33605.2,5353.8,-95.31,1.155
R3293,elm,-57903.8,-33970.4,5581.4,-99.4,1.069
R3294,elm,-56531.2,-33943.7,5635.9,28.75,1.241
R3295,poplar,-56078.2,-33579.6,5596.1,59.84,1.123
R3296,pine,-54897.5,-33570.5,5716.4,37.54,0.994
R3297,pine,-54582.5,-33815.5,5773,-167.71,1.013
R3298,elm,-53454.8,-33517.8,5327.9,-102.2,0.814
R3299,pine,-53094,-33843.8,5409.6,-56.53,0.822
R3300,pine,-52187.6,-33599.5,4837.1,-92.36,0.832
R3301,elm,-51599.3,-33914.9,4475.8,-3.4,1.089
R3302,pine,-62005.7,-32552.8,5953.8,-175.89,0.883
R3303,pine,-57305.9,-32499.9,4880.8,-124.46,0.998
R3304,pine,-56354.3,-32426.7,5276.3,-228.8,1.052
R3305,pine,-54920.8,-33133.6,5751.6,60.02,0.887
R3306,pine,-54385.8,-32751.1,5318.8,-138.89,1.002
R3307,pine,-53524.8,-32591.9,4904.5,-21,1.231
R3308,pine,-53070,-33041.5,4905.2,75,1.219
R3309,elm,-51981.7,-32408.1,3936.4,64.43,1.218
R3310,elm,-51499,-33119.7,4050,-215.88,1.105
R3311,pine,-60663.7,-31974.9,5617.1,-148.71,1.162
R3312,poplar,-59974,-32011.4,5415.8,46.54,1.125
R3313,elm,-56518.7,-31999.2,4982.9,79.86,0.837
R3314,poplar,-55848.6,-31916.7,5352.2,55.56,1.07
R3315,pine,-55436.5,-31854.5,5314.4,-1.94,1.117
R3316,pine,-53684.7,-32303.2,4768.3,-171.94,1.213
R3317,elm,-51669.6,-32056.3,3582.9,-11.68,0.936
R3318,pine,-61828.8,-31216.2,5630.2,-245.23,1.156
R3319,elm,-60873.3,-31238.1,5544.2,48.53,0.805
R3320,pine,-56781.9,-31148.2,4677.8,-236.35,1.049
R3321,pine,-54493.7,-31410.1,4537.3,-175.11,1.183
R3322,pine,-53346.5,-31527.8,3916.5,-241.95,0.885
R3323,pine,-60817.6,-30201.9,5354.5,87.23,1.082
R3324,elm,-60366.1,-30677,5159.6,-50.12,0.902
R3325,poplar,-54578.6,-30760.5,4002.1,-253.36,0.895
R3326,elm,-53949.6,-30276,3559.2,-51.1,1.189
R3327,pine,-55936.6,-29879.4,3977.8,55.36,1.185
R3328,elm,60012.1,-29630.6,4013.3,-41.13,1.224
R3329,pine,67911.3,-29214.3,4960.6,59.8,1.035
R3330,pine,66562,-28456.8,6020.7,58.81,1.027
R3331,elm,68964,-28589.3,5427.9,-211.32,1.143
R3332,pine,-69203.4,-27647.2,6883.1,-7.57,0.837
R3333,pine,-68976.5,-27775.3,6958,-222.52,1.186
R3334,poplar,-67968.3,-28267,6903.1,-177.7,0.914
R3335,pine,-66565.9,-28021.3,6919.2,69.67,0.827
R3336,pine,-65484.3,-28118.1,6685.9,-44.48,1.103
R3337,poplar,-64693.5,-27710.9,6501.8,-225.62,0.89
R3338,poplar,60095.1,-28119.5,4425.5,77.13,1.202
R3339,pine,68100.4,-27651,6074.1,-140.28,1.003
R3340,pine,-65538.9,-27566.1,6818.9,-95.03,0.882
R3341,pine,-64501,-27165.7,6665.5,19.17,0.987
R3342,pine,-63910.8,-27086.8,6579.6,-87.71,0.902
R3343,pine,-62864,-27555.3,5983.3,-32.49,1.168
R3344,pine,-62046.4,-27033.3,5784.7,-26.93,0.879
R3345,pine,-61310.7,-26830.8,5590.2,-210,1.22
R3346,pine,-61029.5,-27179.9,5347.4,-19.41,0.951
R3347,pine,61518.9,-26861.7,5364.7,-159.35,0.929
R3348,poplar,68372.3,-26939.4,6352.9,55.06,1.124
R3349,elm,69248.3,-26859.5,6059.2,-87.13,0.84
R3350,poplar,-64996.6,-26354.4,6684.8,-88.93,0.87
R3351,elm,-63830.4,-26757.3,6625.8,-190.46,0.919
R3352,elm,-63515.3,-26719.7,6500.8,-50.85,0.85
R3353,elm,-62690.9,-26523.4,6083.2,-164.04,1.108
R3354,elm,-60547.2,-26664.2,5181.6,23.69,1.239
R3355,elm,-60305.2,-26250.3,5056,-15.99,1.098
R3356,poplar,59778.6,-26007.5,4843.2,-14.8,1.142
R3357,pine,60701.4,-26505,5195.5,-261.7,1.019
R3358,pine,61398.5,-26431.7,5532.4,-99.64,1.17
R3359,pine,64040.3,-26419.2,6108.4,-256.88,0.957
R3360,pine,64497.4,-26395.4,6075.2,-224.5,1.082
R3361,elm,65984.7,-26158.2,6338.2,-42.05,1.068
R3362,elm,66350.4,-26052.1,6312.6,-40.23,1.155
R3363,pine,66825.5,-26136.7,6370.5,-115.94,1.2
R3364,elm,67900,-26729.7,6667.7,-199.51,0.989
R3365,pine,-68864.4,-25250.6,6239.4,86.02,0.822
R3366,pine,-66244.2,-25253.9,6196.5,-177.54,0.827
R3367,pine,-64455.7,-25712.4,6446.3,-153.56,1.055
R3368,elm,-64034.8,-25890.9,6420.4,10.84,1.009
R3369,pine,-62965.8,-25626.6,6394.9,-126.19,1.111
R3370,pine,-62059.8,-25639.6,5924.4,-78.11,1.214
R3371,pine,-61357.2,-25492.5,5593.1,-44.46,1.185
R3372,pine,-60978.2,-25704.7,5392.5,-26.68,1.232
R3373,elm,59351.7,-25547.4,4304.2,53.37,1.178
R3374,pine,59654.9,-25815.7,4669.4,-29.35,1.12
R3375,pine,61086.1,-25776.9,5159.7,-135.08,1.001
R3376,poplar,61247.4,-25419.1,5133.4,-210.45,0.936
R3377,elm,62507.6,-25506.6,5698.5,-155.14,1.241
R3378,pine,65072.5,-25221.7,6239.9,-54.88,0.91
R3379,pine,66450.7,-25597.3,6405.3,-56.33,1.133
R3380,pine,67042.2,-25396.9,6310.9,30.87,1.109
R3381,poplar,68210.9,-25472.7,6551.5,5.34,0.984
R3382,elm,69029.5,-25995.1,6590.1,8.14,1.168
R3383,pine,-69485.9,-24967.1,6276.3,-10.41,1.206
R3384,pine,-68623.8,-24712.4,6189,-64.87,1.232
R3385,poplar,-67723.6,-24998.7,6102.9,-173.44,0.985
R3386,pine,-67544.5,-25093,6109.3,-226.36,0.987
R3387,poplar,-66040.7,-25156.4,6227.7,-173.76,0.885
R3388,pine,-65523.2,-24879.2,6329.9,-260.58,1.026
R3389,pine,-64469,-24861.6,6257.8,-79.36,1.1
R3390,pine,-63979.9,-24831.9,6130.9,-220.48,1.069
R3391,pine,-63538.1,-25073.7,6181.5,-15.99,1.17
R3392,pine,-62084.2,-24752.4,5831.3,5.4,1.056
R3393,pine,-61427.6,-25120.8,5564.6,-264.09,0.883
R3394,pine,-60815.3,-25109.8,5181,-19.27,0.983
R3395,pine,60761.5,-24482.9,4916.8,-237.97,0.971
R3396,pine,61752,-24532.8,5162.8,-66,0.821
R3397,elm,62454,-24895.5,5593.5,-149.89,1.232
R3398,pine,64012.8,-25126.1,5965.2,-128.32,0.918
R3399,poplar,64861.9,-24884.6,6311.6,-264.63,1.193
R3400,poplar,65853.6,-24552.4,6305.5,-96.53,0.942
R3401,pine,66719,-24571.1,6022.4,79.37,0.98
R3402,elm,66878.5,-24739.8,6174.5,-28.47,1.093
R3403,pine,68371.7,-25170.7,6675.3,-51.21,0.981
R3404,pine,68842.6,-24481.4,6246.4,-251.51,1.227
R3405,poplar,69566,-24407.1,6337.4,69.92,1.189
R3406,elm,-68745.1,-23770,6369.9,-96.47,0.963
R3407,pine,-67714,-23970.3,6451,20.74,0.938
R3408,elm,-67258.5,-24167.9,6344.6,-66.08,1.2
R3409,elm,-66081.9,-23722.8,6277.4,-205.72,0.956
R3410,poplar,-65726.3,-23790.2,6271.6,-54.53,1.081
R3411,elm,-64864,-23731.9,5993.2,-217.54,0.818
R3412,pine,-63713.1,-23717,5928.4,-195.27,0.904
R3413,pine,-62991.8,-23763.8,5858.4,-192.92,0.988
R3414,pine,-62368.6,-23615.2,5611.4,-49.09,0.856
R3415,elm,-61372.3,-24106.6,5029.7,-227.08,0.864
R3416,pine,-59808.2,-24068.4,4218.2,20.45,1.071
R3417,elm,-58830.4,-24232.1,3988.8,-126.82,1.171
R3418,pine,61372.7,-23686.7,4966.7,-209.2,1.138
R3419,pine,62193.5,-23970.7,5452.2,-252.53,1.196
R3420,pine,62996.7,-23734.1,5860.7,-242.95,0.843
R3421,pine,64261.7,-23935.3,6050.7,18.48,1.101
R3422,elm,64707.9,-23684.5,6119.6,-85.93,0.848
R3423,pine,65626.8,-23646.3,5988.4,-228.41,1.015
R3424,pine,66348.1,-23707.7,5879.9,19.66,1.035
R3425,pine,67080.5,-24376.3,5949,22.43,1.097
R3426,pine,67821.3,-24375,6078.8,-180.9,1.161
R3427,pine,68431.9,-24188.6,6105.4,73.61,0.966
R3428,poplar,-69392,-22867,5910.4,1.37,0.959
R3429,pine,-69172.6,-22972,5976.9,-154.81,1.217
R3430,elm,-68302.9,-23411.9,6669.1,-32.76,0.966
R3431,pine,-66811.7,-22803.8,6363.2,-25.2,1.005
R3432,pine,-66414.8,-22882.1,6449.8,-21.01,1.016
R3433,poplar,-65931,-23207.5,6333.3,56.38,0.977
R3434,elm,-64702.3,-22832.3,6037.4,-268.14,0.843
R3435,pine,-63640.4,-23432.1,5927,-153.67,1.12
R3436,pine,-62898.9,-22848.7,5729.3,-60.03,1.071
R3437,pine,-61607.9,-23350.1,4989.2,40.3,1.193
R3438,pine,61075,-22960.7,4914.8,-56.79,1.22
R3439,elm,61363.6,-23406.9,5007.5,-204.14,1.232
R3440,pine,62331.9,-23263.9,5478.1,-44.73,1.189
R3441,elm,63153.3,-23344.7,5788.9,22.83,1.175
R3442,pine,63767,-22814.8,5635.8,-187.91,0.929
R3443,elm,65079.2,-23250.4,6096.9,81.52,1.188
R3444,elm,65835.2,-23302.3,5936.5,-101.78,1.097
R3445,pine,66186.5,-23401.2,5830.4,-109.67,1.211
R3446,pine,66884.2,-22801.1,5763.6,-164.03,0.997
R3447,pine,68108.1,-23500.7,5951.5,-18.7,1.022
R3448,poplar,68893.8,-23136.1,5875.8,-168.97,1.126
R3449,poplar,-69478.6,-22453.6,5911.5,-42.39,1.147
R3450,elm,-68944.6,-22070.6,6064.1,38.57,1.182
R3451,elm,-67910.7,-22521.8,6380.4,-139.83,0.838
R3452,elm,-67340.4,-22476.6,6457.1,-50.96,0.983
R3453,elm,-66173.2,-22532.2,6346,-137.35,0.874
R3454,elm,-65714.4,-22523.8,6271.8,-162.28,0.953
R3455,poplar,-63771.2,-22713.1,5881.4,-115.03,0.926
R3456,elm,-62238.4,-22359.6,5220.7,-202.93,1.196
R3457,elm,61041,-22799.8,4895.1,-57.92,1.205
R3458,elm,61763.3,-22364.8,5448.3,9.7,0.901
R3459,pine,62590.8,-22628.7,5533.7,-59.96,1.146
R3460,pine,63417.6,-22278.8,5756.9,-193.77,0.891
R3461,pine,63680.1,-22578.8,5631.3,-44.63,1.014
R3462,pine,64976.5,-22567.2,5583,48.93,0.922
R3463,pine,65214.9,-22311.2,5549.1,-229.32,1.183
R3464,pine,66335.3,-22115.5,5965.7,8.46,1.101
R3465,pine,67046.8,-22337.2,5823.9,-13.18,0.804
R3466,elm,68137.9,-22733.4,5735.3,23.04,1.032
R3467,pine,69153.9,-22067.5,5970.8,-75.31,0.923
R3468,pine,69455.2,-22619,5962,-229.83,0.875
R3469,pine,-69360.9,-21587.3,6102.6,4.45,0.921
R3470,pine,-68802.6,-21991.3,6104.1,3.96,1.013
R3471,pine,-67810.3,-21626.2,6434.1,-166.18,0.849
R3472,pine,-67201.2,-21667.9,6411,4.82,0.935
R3473,pine,-66308.2,-21341.9,6175.6,-101.91,1.162
R3474,pine,-65323,-21500.7,6155,42.53,1.004
R3475,pine,-63849.2,-21701,5734.2,-233.81,0.858
R3476,pine,-62736.5,-21983.2,5496.8,-122.27,1.084
R3477,elm,61097.5,-21357.7,5334.1,-22.35,0.941
R3478,pine,61648.1,-21917.1,5534.4,86.87,1.015
R3479,pine,62483.7,-21295.8,5763.2,-26.09,0.875
R3480,elm,63249.5,-21277.7,6002.7,-33.22,1.194
R3481,elm,64970.7,-21597.2,5489.3,-203.03,1.182
R3482,elm,65694.2,-21461.7,5537.7,-100.87,1.169
R3483,pine,66702.2,-21259.5,5729.5,-4.46,1.207
R3484,elm,66893.7,-21362.3,5909.1,-205.74,1.109
R3485,pine,67617.9,-21531,6011.5,-44.29,0.976
R3486,elm,68960.2,-21608.4,5976.1,56.32,0.921
R3487,pine,69595.8,-21723.2,6071,-43.65,0.911
R3488,elm,-69086.9,-20553.2,6405.6,-9.67,0.988
R3489,poplar,-68188,-20769.6,6558.7,-174.07,1.007
R3490,pine,-67454.2,-20753.8,6391.5,-89.3,1.002
R3491,pine,-66117.5,-21043.4,6042.7,-39.83,0.888
R3492,elm,-65221.8,-20985.2,6028.3,-32.08,1.18
R3493,pine,-64950.2,-20985.4,6046.2,-58.59,1.054
R3494,poplar,-64054.5,-20866,5781.7,-253.12,1.197
R3495,poplar,60413.8,-20981.1,4787.2,-134.37,1.241
R3496,pine,61999.6,-20617.9,5451,-22.79,1.028
R3497,pine,62467.1,-20659.3,5323.5,59.93,1.246
R3498,elm,63452.1,-20948.3,6045.8,89.17,0.906
R3499,elm,64291.8,-20460.5,6006.2,-154.07,1.155
R3500,elm,64836.1,-20936.7,5674.4,-88.95,0.843
R3501,pine,65488.2,-20497.1,5637,-140.66,0.953
R3502,elm,66152.9,-21022.2,5455.4,-88.5,0.888
R3503,pine,66898.5,-20456.9,5599.2,-45.31,1.012
R3504,pine,69124.2,-20584.9,5727.6,-245.62,0.971
R3505,poplar,69348.4,-20583.4,5696.2,-68.86,1.091
R3506,pine,-68879.2,-20056.6,6678.4,-85.34,1.226
R3507,pine,-68314.2,-20277.1,6698.4,-181.34,0.87
R3508,poplar,-67065.3,-19719.3,6220.5,-62.45,0.814
R3509,pine,-66486,-20150,5958.4,-176.94,0.999
R3510,elm,-65954.6,-20130.6,5877.9,89.82,1.144
R3511,elm,-64563.5,-19687.9,5727.4,-158.54,1.146
R3512,elm,-63083.2,-19788.1,5342.9,67.42,0.963
R3513,pine,-62215.4,-20199.6,4944.2,29.76,1.207
R3514,elm,62279.8,-19893.9,5344.7,-137.49,0.801
R3515,pine,63745.6,-20141.3,5610.5,17.66,0.975
R3516,pine,64404.5,-19708,5737.7,-68.3,1.121
R3517,pine,65990.8,-20082.1,5576.1,-75.63,1.048
R3518,elm,66513.8,-20273.9,5557.4,-143.47,1.222
R3519,poplar,66830.6,-20386.7,5598.1,-253.43,1.18
R3520,elm,68213.4,-19668.9,5475,-242.74,0.961
R3521,elm,68748.3,-19903.2,5558.1,-160.12,1.161
R3522,elm,-69364,-19031.9,7169.6,-164.61,0.897
R3523,poplar,-68460.9,-19534.3,6718.3,-41.43,1.092
R3524,pine,-68085.6,-19063.2,6703.5,22.47,0.917
R3525,elm,-67426.9,-19475.8,6429.4,-245.02,1.238
R3526,pine,-66604.2,-18992.5,6241.2,-60.77,0.824
R3527,elm,-65607,-19520.4,5705.6,-43.81,1.214
R3528,elm,-64751.8,-19260.4,5642,-130.66,1.044
R3529,poplar,-61085.1,-19565.9,4748,-22.18,1
R3530,elm,60135.5,-19350.8,4064.8,-257.1,0.871
R3531,pine,63214.5,-19387.4,5072.1,-244.51,0.994
R3532,elm,64616,-18914.7,5411.6,45.7,0.881
R3533,pine,66643.3,-19306.7,5463.9,44.23,0.911
R3534,elm,66986.5,-18807.2,5441.5,85.93,1.236
R3535,pine,67672.8,-19071.6,5362.6,-235.36,0.982
R3536,pine,68685.9,-19112.6,5529.8,-206.95,1.213
R3537,pine,-68630.5,-18452.4,6565.4,-207.91,1.023
R3538,pine,-67956.7,-18735.6,6545.3,-73.86,1.198
R3539,pine,-67219.2,-18565.9,6361,-238.12,0.979
R3540,elm,-66417.3,-18740.6,5970.8,-179.09,0.881
R3541,pine,-65112.1,-18521.7,5517,-224.31,1.085
R3542,pine,65065.1,-18432.3,5754,27.72,0.81
R3543,pine,65460.2,-18028.5,6001.5,-161.72,1.137
R3544,poplar,66426.9,-18763.5,5601,-198.84,0.998
R3545,pine,67506.5,-18071.9,5457.7,1.69,1.221
R3546,pine,67753.3,-18380.7,5328.9,-16.04,0.891
R3547,pine,68587.7,-18580.8,5529.6,-188.11,1.059
R3548,pine,-68305.4,-17382.5,5802.1,24.7,0.844
R3549,pine,-66943.9,-17205,5535.6,-101.07,0.871
R3550,pine,-65668.7,-17806.4,5582.2,9.09,0.871
R3551,pine,-64502.7,-17959.7,5497.5,-148.24,0.89
R3552,pine,63275.7,-17959.1,4967.1,-183.4,0.999
R3553,pine,65790.8,-17516.8,5954.3,7.03,1.188
R3554,poplar,66615.2,-17687.1,5702,-13.22,1.166
R3555,elm,66818.5,-17942.7,5603.6,-158.71,1.243
R3556,elm,68183.6,-17518.6,5581.2,71.74,0.804
R3557,elm,68596.7,-17262.8,5674.3,-3.78,1.172
R3558,pine,69513.2,-17880.9,5561,49.07,1.122
R3559,pine,-67858.7,-16954.4,5566,-28.7,0.86
R3560,pine,-65748.8,-16940.8,5453.4,-41.23,1.202
R3561,elm,-64845.6,-16816.4,5579.2,43.1,0.881
R3562,pine,-62366.4,-16740.2,5106.4,-175.05,1.218
R3563,pine,62516.4,-16905.5,4609.4,-177.07,0.821
R3564,pine,63596.3,-16923.8,4825.9,-160.74,1.116
R3565,elm,64357.5,-16465.7,4993.1,-247.39,1.115
R3566,pine,64439.7,-16912.1,5288.7,-183,1.028
R3567,elm,65740.9,-16496.7,5573.1,-208.43,1.087
R3568,pine,66733.3,-17066.6,5725.3,-86.65,0.94
R3569,poplar,67430.7,-16959.9,5762.6,57.83,0.836
R3570,elm,67812,-16687.3,5758.9,-121.32,1.089
R3571,elm,68449.5,-16769.2,5614.9,-72.78,1.106
R3572,elm,-67817.7,-16328.7,5368.4,-245.15,1.077
R3573,elm,-66444.3,-15627.5,5107.1,-174.49,0.998
R3574,pine,-65113.3,-16101.1,5591.4,-77.08,1.052
R3575,pine,62607.3,-15624.9,4129,89.46,0.98
R3576,pine,63357.4,-15970.5,4526,53.18,0.918
R3577,elm,65074.9,-15929.2,4997.9,-77.74,0.847
R3578,pine,65369.4,-16275.6,5256,-247.46,1.124
R3579,poplar,66429.8,-15668.9,5859.9,-78.89,0.819
R3580,pine,67294.1,-16317,5815.3,-0.22,0.804
R3581,elm,68263.3,-16355.1,5634.9,-256.9,1.023
R3582,pine,-65952.8,-14874.9,5525.3,80.74,1.137
R3583,elm,-64386.9,-14825.6,5375.2,-119.15,0.914
R3584,pine,61883.3,-14838.7,3699.5,-99.57,0.809
R3585,pine,63948.9,-15134.1,4531,-171.54,1.232
R3586,elm,64724.9,-14930.7,4940.8,-216.93,1.105
R3587,pine,66261.8,-14974.5,5687.5,12.79,0.889
R3588,poplar,67313.5,-15135.4,5971.8,-59.54,1.173
R3589,elm,68147.5,-14943.4,6151.4,-135.63,1.073
R3590,pine,69137.4,-15222.1,6046.5,-81.98,0.889
R3591,pine,69326.1,-15531.8,5964.6,-223.49,1.066
R3592,pine,-64787.1,-14325.1,5123,-73.77,1.009
R3593,poplar,-64362.3,-14493.8,5224.2,64.25,1.228
R3594,elm,62956.1,-14324.5,4222.6,-54.09,1.24
R3595,pine,64198.8,-14790.2,4741.9,74.68,0.99
R3596,poplar,64770.6,-14647.5,5110.5,59.31,1.051
R3597,pine,65617.2,-14145.1,5294.9,-208.27,0.845
R3598,pine,66416.7,-14449.8,5508.7,8.36,1.048
R3599,pine,67168.7,-14013.6,5594.8,-36.48,0.931
R3600,pine,67830.7,-14018.2,6009.1,-79.59,0.919
R3601,pine,68600,-14740.5,6253.9,-205.13,0.88
R3602,pine,62153.8,-13693,3883.2,-67.44,1.132
R3603,elm,63525.8,-13832.9,4570.7,-137.05,1.017
R3604,pine,63841,-13925,4650.4,-0.91,1.071
R3605,pine,64917.1,-13303.4,4941.8,-7.06,1.217
R3606,elm,65216.1,-13892.1,5135.5,77.83,0.958
R3607,pine,66653.6,-13209.2,5358.5,-226.48,1.164
R3608,pine,67000.7,-13259.4,5549,-210.79,1.096
R3609,elm,68697,-13992.6,6046.3,28.82,1.145
R3610,elm,-61454.9,-13124.6,4249.5,8.36,0.998
R3611,pine,62565.8,-13067.9,4241.7,-40.94,0.821
R3612,pine,63292.1,-12472.2,4470,62.16,0.953
R3613,pine,64126.9,-12900.2,4528.7,-187.71,1.182
R3614,pine,65072,-12868.6,4864.6,-27.12,0.856
R3615,pine,65945.7,-12869.8,5048,-164.53,1.053
R3616,pine,62527.7,-11683.8,4138.3,-151.21,0.82
R3617,pine,63282.7,-12339.9,4438.9,13.89,1.044
R3618,elm,64226.2,-11616.7,4346.4,51.09,1.045
R3619,pine,65806.8,-12321.5,4958.3,1.52,1.227
R3620,poplar,66767.8,-11796.4,5301.9,-207.63,1.036
R3621,pine,68137.2,-11883,5941.6,-185.3,0.994
R3622,pine,68517.1,-12316.8,6042.5,-199.99,1.179
R3623,poplar,69435.8,-12078.4,6436.1,-155.74,1.196
R3624,elm,61455.7,-11046.9,4010.9,-63.37,0.835
R3625,poplar,62533.6,-11061.6,4308.9,-224.91,1.011
R3626,pine,63104.9,-11108.8,4239.8,-194.14,0.854
R3627,pine,64530.1,-11218.4,4321.1,-31.22,0.887
R3628,elm,60054.1,-10798.2,3415,10.01,1.142
R3629,elm,61136.7,-10181.9,4068.2,3.85,0.812
R3630,elm,61884.4,-10464.8,4282.2,-212.65,0.809
R3631,pine,62080.6,-10135.9,4456.4,39.65,1.142
R3632,elm,63480.8,-10740.4,4294.6,-31,1.224
R3633,pine,64261,-10700.2,4259.9,-99.59,1.106
R3634,pine,64820.8,-10040.9,4682,-191.93,1.163
R3635,poplar,66618,-10019.5,5345.6,15.76,1.16
R3636,pine,67264.6,-10052.9,5578.2,-206.71,0.839
R3637,pine,68427.6,-10616.5,6126.8,-207.32,1.244
R3638,pine,60013.6,-9925,3670.7,1.78,0.867
R3639,elm,60571,-9916.7,3846,-61.11,0.978
R3640,elm,62607.3,-9203.4,5011.6,61.79,0.969
R3641,pine,63291.6,-9221.6,4990.7,16.87,1.209
R3642,elm,63607,-9406.2,4852.8,-200.12,1.241
R3643,elm,65106.4,-9471.9,5093,-181.53,1.184
R3644,pine,66862.8,-9349.6,6033.1,-157.68,1.211
R3645,elm,69437.8,-9411.9,6967.6,3.3,0.892
R3646,pine,-68790,-8441.1,6123.7,43.84,0.845
R3647,pine,59990.9,-9029.4,3853.7,-258.57,1.244
R3648,poplar,60952.8,-8847,4221.6,-224.44,0.859
R3649,pine,61752.1,-8701.3,4617.7,-95.41,0.907
R3650,elm,62016.1,-8838.3,4804,-185.3,1.043
R3651,pine,63281,-8874.8,5173.1,36.42,0.927
R3652,pine,64282,-8944.8,5316.7,-105.86,0.902
R3653,poplar,64913.4,-8400.1,5798.8,-182.08,1.133
R3654,poplar,65349.7,-8561.7,5793.2,-252.97,0.812
R3655,elm,66183.5,-8551.6,6136.5,-68.99,0.891
R3656,elm,68896.6,-8627.2,6903.5,-265.19,1.227
R3657,elm,-67947.8,-7691.1,5999.7,-131.11,1.128
R3658,elm,61858.3,-7618.7,5009.6,-192.18,0.927
R3659,pine,62260.8,-7832.2,5202.1,-153.01,0.85
R3660,pine,63133.1,-7760.6,5848.8,-31,1.109
R3661,elm,63805.7,-8298,5509.5,-219.11,1.109
R3662,poplar,64705,-7929.2,6081.1,-80.5,1.002
R3663,poplar,65596.1,-7637.4,6268.5,-258.71,0.871
R3664,pine,66070.4,-8027.1,6315.2,-79.74,1.116
R3665,pine,67603.1,-8327.8,7060,-237.93,0.921
R3666,pine,69150.2,-7666.5,6818.1,16.64,0.831
R3667,elm,69266.6,-7967.1,6747.4,42.39,0.817
R3668,pine,-67466.8,-6831.6,5677.7,70.48,1.056
R3669,poplar,60987,-7537.8,4148.8,40.03,1.156
R3670,pine,61698.7,-6981.5,4743.9,-235.94,1.098
R3671,pine,62720.4,-7023,5720.3,-158.64,0.901
R3672,pine,62828.7,-7483.8,5632.6,-91.88,1.125
R3673,pine,63659.7,-7068.2,6278.5,-218.88,1.053
R3674,elm,65102.8,-7417,6348.8,-118.18,1.194
R3675,elm,65530.5,-7006.7,6684.3,-199.15,1.16
R3676,elm,66026.2,-7154.3,6775.4,66.54,0.839
R3677,elm,66995.5,-7470.8,7074.3,-169.89,1.041
R3678,pine,68324.3,-7057.3,6679.9,-164.08,0.837
R3679,poplar,-69592,-6056.8,5940.1,-184.47,1.213
R3680,poplar,-69175.8,-6024.2,5890.4,-224.14,0.814
R3681,elm,-68006.6,-6456,5572.9,-103.39,1.124
R3682,elm,-67455.8,-6063.7,5586.8,-269.2,0.828
R3683,poplar,60420.5,-6149.7,3670.7,50.83,0.826
R3684,pine,61790.3,-6612.9,4853.8,-54.98,1.135
R3685,elm,62324.9,-6574.7,5482.4,15.59,0.885
R3686,pine,63352,-6152.8,6434.6,-72.53,0.98
R3687,pine,63645.6,-6290.1,6516.3,-24,0.926
R3688,elm,65732.8,-6454.5,6855.3,-176.44,1.057
R3689,pine,66443.3,-6629.7,6802.7,-85.52,1.09
R3690,poplar,67038.1,-6345.9,6721.5,-244.32,1.155
R3691,elm,68131.6,-6501.1,6440.8,51.07,1.21
R3692,poplar,68677.1,-6160.8,6100.7,-32.81,1.069
R3693,pine,69374.3,-6035.4,6021.2,-77.58,0.884
R3694,pine,-69585.5,-5538.8,6074.4,-87.78,1.07
R3695,pine,-69145.5,-5841.3,5924,-102.23,1.128
R3696,pine,-68110.6,-5821.6,5622.7,-143.71,1.182
R3697,pine,-67301.3,-5354.2,5626.6,-216.41,0.814
R3698,poplar,-59400.8,-5680.7,3468.5,-229.87,1.165
R3699,pine,-55256.3,-5833.2,4047.9,-64.26,0.936
R3700,poplar,61958.3,-5944.9,5071.3,-126.31,1.088
R3701,pine,62751.2,-5718.2,5883.7,62.61,0.95
R3702,poplar,62805.8,-5470,5991.7,-112.07,1.082
R3703,pine,64020.6,-5272.9,6357.6,49.7,1.233
R3704,poplar,64805,-5801.3,6488.5,-111.15,1.242
R3705,elm,67581.2,-5733.3,6336.8,-70.74,0.858
R3706,pine,68882.9,-5860.4,5996.5,40.38,1.002
R3707,pine,-69035.3,-4767.9,5926.1,-65.05,1.12
R3708,pine,-67897.2,-5040.2,5686.1,-44.97,1.034
R3709,pine,-67000.2,-4531.1,5344.7,-165.3,1.187
R3710,poplar,-66736.4,-4500.9,5255.6,-213.42,1.042
R3711,pine,-60565.6,-5085,3992.2,47.79,0.811
R3712,poplar,61193.9,-4800.5,4662,-226.16,0.896
R3713,poplar,62506.6,-4507.4,5687.7,-28.19,0.848
R3714,pine,64516.3,-5052.2,6225.8,68.97,0.804
R3715,poplar,66469.2,-4801.6,6259.5,-258.41,0.986
R3716,pine,67866.1,-5196.8,6129.2,-56.53,0.823
R3717,poplar,-68774.5,-3704.9,5795.6,74.08,0.979
R3718,elm,-68320.3,-4224.5,5741.8,-223.47,0.956
R3719,elm,-66930.5,-4162.3,5284.8,-118.53,0.813
R3720,pine,-65626.9,-4293.8,4964.9,89.64,1.225
R3721,poplar,-55561.5,-4063.7,4189.3,47.78,0.832
R3722,elm,62772.6,-3639.1,5364.8,-123.62,1.005
R3723,pine,65755.3,-3763.1,6348.6,-178.51,1.229
R3724,elm,-69113.3,-3059.7,5654.9,62.29,1.081
R3725,pine,-68108.6,-3380.3,5552.5,-40.22,1.112
R3726,poplar,-67417.3,-3554.7,5365.6,26.61,1.02
R3727,pine,-65951.3,-2812.2,5400.8,-13.23,0.977
R3728,pine,-60603.7,-3531.8,4603.4,-184.01,1.12
R3729,pine,-59891.4,-3345.7,4287.5,-23.04,0.881
R3730,elm,-59161.6,-2900.8,4179.4,-166.18,1.016
R3731,elm,64308,-2850.4,5694.3,47.4,1.123
R3732,pine,64639.9,-3383.1,5848.8,-47.41,1.168
R3733,pine,67573.6,-3050.8,6830.2,-57.54,0.817
R3734,elm,69369,-2842.8,7150.8,-76.93,1.06
R3735,elm,-68490,-2584.5,5523,-52.72,1.057
R3736,elm,-68330.4,-2029.1,5501.4,-213.68,1.047
R3737,pine,-65589.2,-2187.8,5228.3,52.27,1.088
R3738,elm,-59949.8,-2034.8,4770.9,-81.61,1.172
R3739,pine,-56495.2,-2178.6,4297.9,-71.83,1.109
R3740,pine,63470.6,-2664.5,5169.8,-213.41,1.21
R3741,elm,65292.3,-2512.3,6036.3,-187.43,0.95
R3742,pine,-69377.9,-1308.8,5777.6,-254.92,1.027
R3743,pine,-68829.7,-1318.9,5640.8,67.85,1.233
R3744,elm,-59068.6,-1237,5074.7,-109.39,1.058
R3745,pine,-57260.6,-1230.6,4643,-35.46,1.178
R3746,pine,68557.4,-1999.9,7480.4,-198.97,1.089
R3747,pine,-58092,-826.9,4858.6,-256.8,0.822
R3748,pine,-57668.7,-1085.5,4774.2,-248.94,0.839
R3749,pine,-56137.4,-755.9,3706.6,-95.59,1.233
R3750,elm,68682.3,-403.5,7355.5,-148.42,1.119
R3751,pine,-69187.6,-43,5950.8,-244.97,1.126
R3752,pine,-60001,-203.6,5513.6,-88.87,0.836
R3753,elm,-58416.7,-52.7,4598.1,-121.84,1.109
R3754,elm,-57817.1,-227.2,4417.4,-145.73,0.813
R3755,elm,66646.7,-237.5,7117.3,-217.03,1.179
R3756,elm,67652.4,157.1,7119,44.3,0.971
R3757,pine,69353.9,-122.7,7303.1,66.13,1.159
R3758,pine,-57133.2,541.9,3617.9,-257.81,0.995
R3759,elm,61310.6,1035,4197.3,-253.18,1.009
R3760,pine,65824,785,7188.7,-103.21,1.131
R3761,pine,67637.9,531.4,6937.9,-240.49,1.068
R3762,elm,68552.2,888.3,6729.9,8.51,1.056
R3763,pine,69206.1,777.1,6775.7,-13.14,0.941
R3764,pine,-60677.5,1540.2,5823.8,-19.4,1.191
R3765,pine,-57066.8,1454.2,3290.7,-237.58,1.195
R3766,elm,59581.9,1946,3573.3,62.38,0.92
R3767,elm,61845.2,1916.3,4589.5,-72.42,0.931
R3768,pine,62156.4,1998.7,4712.2,-267.6,1.242
R3769,poplar,63803.5,1962.4,5550.2,-25.78,0.995
R3770,poplar,65717.4,1700.2,6945.9,-164.75,1.114
R3771,pine,66059.8,1898.5,6912.2,74.69,0.815
R3772,pine,67446.6,1289.3,6805.1,70.22,1.081
R3773,pine,67910.7,1718.6,6749.8,-80.37,1.113
R3774,pine,68813.2,1308.7,6626.4,5.64,0.914
R3775,pine,69506.5,1346.7,6740.3,73.69,1.243
R3776,pine,-59236.7,2236.8,4196.3,-34.25,1.235
R3777,poplar,-58066.1,2735.1,3510.2,-148.42,1.121
R3778,poplar,65198.7,2437,6480.4,-207.32,0.977
R3779,pine,65299.1,2114.6,6625.2,-119.61,1.25
R3780,poplar,66040.3,2256.9,6718.8,-0.74,0.96
R3781,elm,67201.6,2101.6,6800.2,-72.14,1.182
R3782,pine,68309.6,2133.6,6683.1,73.77,1.03
R3783,pine,68942.4,2419.6,6798.7,87,0.931
R3784,elm,69410.3,2543.8,6990,13.12,1.234
R3785,pine,-61425.9,3523.3,5455.6,37.3,1.058
R3786,pine,-58818.5,2999.9,3734.9,77.08,0.898
R3787,poplar,-58355.5,2808.2,3589,53.71,1.183
R3788,elm,59281.5,3289.9,3700.5,-52.48,0.821
R3789,elm,59791.3,3258.3,4059.6,-5.52,0.906
R3790,elm,61081,3185.9,4558,-244.6,1.039
R3791,poplar,62455.8,3055.9,4799.8,-27.48,0.846
R3792,pine,64689.9,3378.2,6165.3,-23.55,1.068
R3793,pine,65463.5,3015.6,6199.5,-69.06,0.889
R3794,pine,66314.8,2838.5,6329.5,-249.84,1.055
R3795,pine,67052.6,2886.3,6312.6,-1.45,1.085
R3796,poplar,67810.7,2999.9,6200.9,-236.16,1.179
R3797,pine,68937.4,3336.1,6567.4,-46.9,1.193
R3798,poplar,-62351.9,4281.2,5538.3,-25.15,0.866
R3799,pine,-61902.9,3941.4,5419.7,21.9,0.846
R3800,pine,-60697.8,3785.3,5001.6,-229.9,1.24
R3801,elm,-59803.8,4337.3,3955.3,23.34,0.851
R3802,pine,61918.5,4174.8,4570.5,-159.48,0.965
R3803,elm,62454,4157.5,4946.7,-52.21,0.894
R3804,pine,64260.6,3954.7,5807,-130.51,0.941
R3805,poplar,65113.1,3629.1,5921.8,70.99,0.846
R3806,pine,65965.2,3839.2,5836.2,-67.19,1.068
R3807,pine,66765.6,4291,5688.8,-256.18,1.097
R3808,elm,67112.1,4232.4,5915.9,-207.35,0.822
R3809,poplar,67887.5,3961.9,6115.8,-262.05,0.919
R3810,elm,68832.9,4365.5,6550.8,-191.84,1.109
R3811,elm,-63265.2,5181.6,5709.4,-202.14,1.167
R3812,pine,-60793.7,4424.6,4848.1,-188.61,0.844
R3813,pine,-60305.7,5115,4132.7,-76.96,1.21
R3814,pine,61764.6,4907.7,4077.2,-203.31,1.239
R3815,pine,62926,4634.7,4951.1,-155.94,0.966
R3816,elm,64162.3,4536.7,5522.2,-192.06,0.92
R3817,pine,64717.5,4762.6,5512.9,-216.69,1.118
R3818,elm,65793.8,4916.2,5571.2,-70.22,0.801
R3819,elm,66587.4,4845.4,5597.6,-20.98,1.118
R3820,elm,66879.2,4945.2,5685.5,81.32,1.102
R3821,pine,67940.8,4668.1,6382.4,-190.94,0.971
R3822,pine,68502.9,4473.4,6377.1,-260.31,1.185
R3823,pine,69384.9,5034.7,7037.6,28.21,1.198
R3824,elm,-63333.3,5289.4,5739.2,-52.27,0.913
R3825,pine,-61452.4,5202.3,4581.3,-113.23,0.987
R3826,elm,-60828.8,5810.1,4087.6,-179.75,1.185
R3827,pine,-60146.3,5492.3,3772.2,-193.17,1.068
R3828,pine,61081.5,5254.1,3655.3,85.78,0.86
R3829,pine,62083.5,5544,3941.9,-25.83,1.215
R3830,pine,62841.5,5980.1,4326,-238.43,0.957
R3831,pine,64298.4,5422.3,5140.6,-266.28,0.895
R3832,pine,64587.8,5868.7,5189.1,-123.53,1.238
R3833,poplar,65987.8,5351.7,5474.1,42.37,1.103
R3834,pine,66434.8,5751.7,5421.8,-99.48,1.068
R3835,poplar,67486.5,5541.3,5999.3,-53.55,1.007
R3836,pine,67728.2,5248.1,6242.9,-73.11,1.194
R3837,pine,68419.7,5440.6,6989.2,-265.97,1.24
R3838,pine,69221.4,5614.1,7277.3,-98.01,0.996
R3839,elm,-64349.2,6596.6,5763,-265.24,1.011
R3840,elm,-62413.7,6070.2,4769.5,-90.33,1.144
R3841,pine,-60780.1,6527.6,3855.3,-39.19,0.843
R3842,poplar,61010.2,6024.2,3493.6,-16.07,0.846
R3843,pine,63255,6445.8,4542.5,-83.06,1.211
R3844,poplar,64276.6,6655,4959.6,51.06,0.974
R3845,pine,65122.4,6500.2,5345.1,-119.49,0.889
R3846,pine,65843.9,6495.2,5525.8,-65.41,1.013
R3847,pine,66016.6,6358.3,5457.6,-142.48,0.858
R3848,poplar,66917.5,6578,5959.1,-23.85,0.981
R3849,elm,67718.3,6194.5,6387.9,-233.61,1.12
R3850,poplar,-62992.8,7057.3,4895.7,78.15,0.946
R3851,poplar,-62639.9,7569.8,4809.3,-209.39,1.132
R3852,elm,63437.6,6991,4683.5,-42.47,1.104
R3853,elm,64239.5,7117.6,4906.7,71.81,0.908
R3854,poplar,64616.3,6839,5069.1,13.54,1.043
R3855,pine,65672.8,7111.6,5627.6,-83.93,0.96
R3856,pine,66151.8,7417.6,5548.7,-5.42,1.067
R3857,pine,66949.4,6898.6,5968.8,-153.87,1.236
R3858,elm,68848.3,6873.9,7316.9,-122.37,1.01
R3859,pine,69527.8,7175.1,7224.3,46.63,0.906
R3860,pine,-64436.8,7947,5570.3,60.45,0.867
R3861,elm,-63654.1,7837.9,5169.7,-165.69,0.84
R3862,elm,-62864.7,7887.1,4944.7,15.77,1.117
R3863,elm,-62413.1,7747.3,4802.7,-6.87,1.149
R3864,elm,-60105.7,7867.6,3563.8,-75.54,1.215
R3865,pine,59679.2,7778.5,3484.2,-235.27,1.211
R3866,pine,61272.3,8378.4,4095.7,-250.98,1.026
R3867,poplar,62127.3,8037.1,4209.4,38.05,0.959
R3868,elm,64218,7945.1,4996.3,-77.62,0.828
R3869,pine,64944.1,7997.9,5084.6,80.69,0.933
R3870,elm,65979.4,7885.5,5259.6,-121.73,1.184
R3871,elm,66205.9,7785.3,5273.6,-159.29,1.037
R3872,elm,67279.9,8220.7,5519.1,22.4,0.932
R3873,elm,-65914.5,8896.9,6669.5,63.73,1.075
R3874,pine,-64278.5,8507.5,5388,-156.84,1.22
R3875,pine,-63474.5,8471.3,5095.9,-266.17,1.159
R3876,pine,-62578.4,8497.8,4760.4,81.65,0.954
R3877,pine,-61544.9,9104,4247.3,82.76,1.054
R3878,pine,-60583.4,8983.9,3795.6,-187.62,1.06
R3879,pine,59973.9,8483.8,3795.2,-192.1,1.206
R3880,pine,60952.9,8790.2,4065.9,-260.51,1.063
R3881,elm,61462.6,8880.5,4251.9,-120.5,0.848
R3882,pine,62157.8,8954.1,4292.4,-197.35,0.966
R3883,elm,62919.4,8581.5,4635.4,22.51,0.933
R3884,elm,64830.5,8728.7,4877.7,46.79,0.904
R3885,poplar,65667.8,9031.1,4675.7,-88.7,0.876
R3886,elm,66006.9,8900,4782.5,-135.75,1.001
R3887,pine,68963,8650.3,6064,-96.52,1.163
R3888,pine,-64478.2,9415.7,5446.8,-265.34,0.853
R3889,elm,-64349.4,9851.5,5460,55.35,0.862
R3890,elm,-63570.2,9388.1,5086.8,11.57,0.959
R3891,pine,-62470.5,9941,5019.2,-73.63,1.228
R3892,elm,-61698.9,9498.7,4472.4,-16.59,1.145
R3893,elm,-60815.2,9465.6,3900.7,-10.77,0.836
R3894,elm,60858.1,9618.9,4222.2,19.86,1.09
R3895,pine,62318.4,9419.4,4340.7,-39.81,1.043
R3896,pine,65090,9222.4,4516.6,-158.14,0.971
R3897,pine,65652.7,9699.9,4456.2,-109.41,0.979
R3898,elm,66014,9548.1,4587.1,-245.83,0.899
R3899,elm,67590.5,9910.7,4792.5,-97.94,1.054
R3900,elm,-68580.9,10791.3,6556.8,57.92,0.882
R3901,elm,-63915.2,10774.5,5483.1,-130.54,1.084
R3902,poplar,-63126.7,10143.4,5052.5,16.22,0.952
R3903,pine,-62341.2,10784.6,4768.1,18.95,0.824
R3904,pine,-61704.7,10349.4,4497.7,-164.25,0.852
R3905,pine,59992.4,10124.2,3623,-236.73,1.016
R3906,pine,61108.5,10068.9,4143.4,-269.45,1.138
R3907,pine,61495.3,10572.4,4226.8,-109.02,1.191
R3908,pine,62422.1,10564.8,4396,59.24,1.239
R3909,elm,62976.9,10072.8,4615.5,-221.35,1.236
R3910,poplar,63806.9,10263,4548.7,9.38,0.836
R3911,pine,65119.6,10272.1,4380.6,-265.14,1.203
R3912,pine,65815.9,10798.7,4174.5,-119.53,1.062
R3913,pine,66810,10451.8,4635.1,-244.6,0.985
R3914,elm,67757.2,10025.1,4805.2,62,0.921
R3915,pine,69595.1,10538.3,5351.5,-29.27,0.991
R3916,pine,-67445.1,11189.4,6793.4,-125.25,0.901
R3917,elm,-66119.9,11191.2,6758.3,-160.21,0.919
R3918,pine,-65335.6,11394.2,6438,7.72,0.839
R3919,elm,-65103.7,11003.5,6134.2,-251.75,0.926
R3920,pine,-63826.6,10949.9,5425.8,-228.76,1.063
R3921,poplar,-63370.3,11454.4,5176,-57.28,1.223
R3922,poplar,-62220.5,11113.6,4561.2,-245.21,0.994
R3923,pine,-61000.2,11102.9,3987.6,26.85,1.122
R3924,pine,61072.2,11242.7,3954.1,-225.71,1.199
R3925,pine,62011.9,11490.5,4594.1,-69.14,1.026
R3926,elm,62911.7,11235.8,4564.5,-262.98,1.215
R3927,elm,66069,11386.4,4312.8,-118.48,0.923
R3928,poplar,67365.2,11411.4,4853.3,-0.4,0.921
R3929,pine,68105.4,10840.6,4947.5,-188.84,1.11
R3930,elm,-69398.3,12349.7,6273,-202.77,0.874
R3931,elm,-68936.5,12175,6374.4,-91.78,1.108
R3932,pine,-65559.9,12168.4,6453.9,-70.79,0.932
R3933,pine,-62846,11807.9,4883.5,58.25,0.922
R3934,poplar,-62391.3,12149.3,4631,-7.38,0.858
R3935,pine,60613.8,12026,3834.4,-260.62,0.821
R3936,elm,69485.9,12014.6,4731.2,0.61,1.061
R3937,pine,-69419.4,12785.4,6411.2,-203.3,1.199
R3938,elm,-68479,12639.2,6444,-237.8,0.965
R3939,poplar,-68048.4,12653,6438.6,-19.17,0.823
R3940,elm,-65331.9,12816.5,6107.5,28.32,0.878
R3941,pine,-64933.5,12505.5,6116.3,-68.05,1.187
R3942,pine,-63678.6,12650.9,5232.2,-5.21,0.981
R3943,pine,-63082.2,12536.9,4929,62.41,1.025
R3944,pine,-62643.8,12810.5,4626,-214.88,1.168
R3945,pine,-61613.1,12992.7,4025.3,16.54,1.192
R3946,pine,-60642.1,13047.4,3759,-24.14,0.87
R3947,pine,59250.4,13013.1,3896.9,85.57,1.116
R3948,pine,64177,12488.3,4590.8,-106.22,0.981
R3949,elm,-69206.5,13737.2,6267.7,-240.11,1.21
R3950,pine,-68618.1,13475.9,6582.5,-213.15,0.958
R3951,pine,-66546.3,13870.7,5810.1,-49.08,0.931
R3952,pine,-65809.3,13739.5,5780.6,-89.98,0.848
R3953,pine,-64883.9,13449.6,5857,-74.15,0.872
R3954,pine,-63870.4,13503,5448.6,-243.07,1.184
R3955,elm,-63064.1,13887,5172.9,-2.41,0.995
R3956,poplar,-62733.3,13208.2,4692.4,-74.73,1.019
R3957,pine,-61744.4,13828.6,4206.3,-77.52,1.232
R3958,pine,-68166.8,14288.5,6201.8,-57.79,1.013
R3959,poplar,-66040.5,14128.7,5671.7,-207.24,1.125
R3960,pine,-65304.2,14467.7,5623.4,-136.81,0.808
R3961,pine,-64905.4,14377.2,5677.6,18.02,0.912
R3962,elm,-63653.8,14104.7,5639.5,66.19,0.89
R3963,pine,-63440.8,14541.5,5730.4,-84.05,1.055
R3964,elm,-62118.7,14474,4699.3,-125.94,1.055
R3965,pine,-61086.1,14025.1,3926.6,-137.45,1.068
R3966,pine,-66854.1,14982.6,5853.4,11.82,1.109
R3967,pine,-66164.3,14818.1,5619.8,-76.58,1.04
R3968,pine,-64510,15269.4,5400.8,-88.68,1.208
R3969,pine,-64019.9,15497.2,5357.3,77.51,1.168
R3970,pine,-63105.6,15472,5289.2,-36.41,0.951
R3971,poplar,-62132.4,15182.8,5013.7,-170.59,0.983
R3972,pine,-61465.2,15556.1,4785,-222.8,0.938
R3973,pine,-60485.7,15541.3,4264.6,24.4,0.946
R3974,elm,-58328.8,14903.8,3428,51.68,1.054
R3975,pine,-56704.3,15469.8,3459.8,53.87,0.873
R3976,pine,-63704,15665.8,5258.1,65.92,1.091
R3977,pine,-62360.5,16080.1,5253.2,-112.92,1.075
R3978,pine,-61720.1,16067.7,5205.7,-196.53,1.181
R3979,pine,-60791.6,16072.4,4840.6,41.82,0.847
R3980,poplar,-58470.2,15864.2,3845.4,36.99,0.811
R3981,elm,-56806.7,16157.5,3678.5,81.98,0.952
R3982,elm,-61738.8,16636.2,5076.4,84.99,0.854
R3983,pine,-60572.2,16721.3,4681.4,32.69,1.047
R3984,elm,-59734,16680.8,4295.8,-237.83,1.149
R3985,pine,-58305.1,16518.2,3957.8,-39.83,1.136
R3986,pine,-57002.2,16620.9,3821.1,-35.91,1.115
R3987,pine,-67299.7,17986.9,5012.9,37.44,1.03
R3988,elm,-59184.9,17985.1,4356.7,-64.19,0.872
R3989,elm,-56308.2,17702.6,3630.2,-1.09,1.208
R3990,poplar,-59975.1,18336.4,4559.5,-87.44,1.073
R3991,elm,-59061.5,18512.2,4422.1,-10.4,1.087
R3992,poplar,-60353.2,19151.4,4326.1,-92.46,0.801
R3993,pine,-58827.1,18841.3,4304.4,-200.06,0.836
R3994,elm,-68858.5,19974.5,4931.9,-65.52,1.044
R3995,pine,-58336.3,19751.7,4022.5,-137.42,1.137
R3996,pine,66623.6,21684.3,4214.6,-11.88,0.802
R3997,pine,65707,22183.8,4284,74.94,0.986
R3998,elm,67061.1,22671.1,4529.3,-129.1,0.845
R3999,pine,67900.7,22543.1,4692,-215.44,0.939
R4000,elm,68845.5,22337.9,4813.9,-180.05,0.918
R4001,pine,63920.9,23427.1,3624.9,-15.44,0.852
R4002,poplar,66695.7,23508,4839.1,34.01,1.079
R4003,elm,67117.6,23192.8,4681.2,33.44,0.923
R4004,elm,68078.1,23272.6,4526.8,72.97,0.86
R4005,pine,69207.8,23159.5,4653.2,-223.28,0.924
R4006,poplar,-69495.7,24361.4,5678,-261.52,0.935
R4007,poplar,63379.9,23841.3,3741.1,-247.23,1.036
R4008,pine,64988.3,23845.1,4335.5,-18.22,0.987
R4009,elm,65398.3,23889.8,4796.7,64.64,0.959
R4010,pine,66145.1,23887,4870.8,-35.18,1.066
R4011,pine,68363.2,24072.2,4188.9,-128.79,1.036
R4012,pine,69564.2,24268.8,4401.2,-238.36,1.231
R4013,elm,-57144.2,25011.9,3322.5,-201.17,1.086
R4014,elm,63320,25118.9,4315.8,-180.88,1.171
R4015,elm,63609.3,24855.7,4313.5,-6.22,0.976
R4016,elm,64911.9,24830.7,4931,-65.92,0.887
R4017,elm,65682.8,24887.3,4975.6,-101.39,1.009
R4018,elm,67162.5,24607.5,4386.3,-177.94,0.963
R4019,elm,68757.1,25107.4,4360.3,-208.61,1.116
R4020,pine,69539.7,25189.9,4559.8,-121.42,1.155
R4021,pine,-63116.7,25775.4,4802,11.34,0.825
R4022,elm,-62457.2,25973.7,5212.8,-122.2,0.954
R4023,pine,-60258.4,25236.9,4354,-171.7,1.09
R4024,elm,-59297.4,25470.4,4323.7,-6.28,0.963
R4025,pine,-57881.8,25865.9,3687.2,-195.98,0.851
R4026,poplar,62194.2,25227.3,3706.9,-213.9,1.052
R4027,elm,63396.3,25639.3,4231.4,-24.7,1.088
R4028,elm,63801.1,25634.5,4374.4,-108.75,1.217
R4029,pine,64594,25485.6,4754,-64.69,0.993
R4030,elm,65293.9,25277.3,5050.1,-120.3,1.105
R4031,pine,66722.4,25329.1,4540.6,-233.09,0.965
R4032,elm,66807.2,25920.3,4582.4,-252.48,0.998
R4033,poplar,68698.9,25887.1,4562.7,-40.14,1.012
R4034,pine,-62966.6,26787.7,5156.5,-82.44,0.918
R4035,elm,-62440.5,26606.7,5310.4,-232.33,1.022
R4036,pine,-61310,26460,4890.3,19.9,0.871
R4037,elm,-60509.3,26435.4,4666,-120.63,0.966
R4038,pine,-59762.5,26485.4,4437.8,-73,0.972
R4039,elm,-59189.8,26737.1,4200,-200.51,0.807
R4040,elm,63346.3,26338.7,4139.1,-5.91,0.939
R4041,elm,63697.5,26225.1,4302.6,87.86,0.832
R4042,pine,64724.5,26218.4,4818.6,-160.8,0.988
R4043,pine,65961.7,26680.9,4984.9,-141.96,0.981
R4044,pine,66057.2,26285.7,4946.8,-139.53,0.908
R4045,pine,67007.5,26662.8,4704.8,-141.68,1.182
R4046,pine,68232.2,26062.4,4445.3,-68.36,0.973
R4047,elm,68636.8,26493.1,4632.9,81.99,1.127
R4048,pine,69345.6,26427.5,4527.7,-219.14,1.025
R4049,pine,-63907.9,27195.3,5156.1,-98.92,1.032
R4050,poplar,-63455.2,27295,5194.5,11.43,0.848
R4051,pine,-62307.3,27427.7,5359.1,-73.12,0.971
R4052,pine,-61528.1,27213.3,5062.4,-77.12,1.232
R4053,pine,-61009.8,26860.4,4899.4,-66.6,1.146
R4054,poplar,-60361.7,27402.8,4789,-213.07,0.933
R4055,elm,-59568.3,27466.9,4521.5,67.68,1.052
R4056,pine,62953.5,27010,3965.8,36.77,0.967
R4057,elm,64281.3,27251,4262.3,-236.7,1.091
R4058,poplar,64908.5,27185.9,4532.6,-251.48,0.984
R4059,pine,65640.6,27273.4,5017,15.51,1.028
R4060,poplar,66345,26900.2,5022.7,-43.48,1.02
R4061,pine,67551.9,27570.4,4654.2,-129.09,1.027
R4062,elm,68015.9,27191.3,4578.7,-14.38,1.163
R4063,pine,68913.5,27178.2,4505.5,-243.93,1.161
R4064,pine,-65321.5,28072.5,5255.7,-157.15,0.839
R4065,pine,-64452.8,27712.9,5108.3,-191.45,0.931
R4066,elm,-64147.9,28198.2,5047,39.63,0.857
R4067,elm,-63540.3,27855.4,5211.4,-245.94,0.977
R4068,poplar,-62608,27812.3,5388.8,-113.3,1.241
R4069,poplar,-61996.6,27969,5539,-87.42,1.14
R4070,pine,-60705.5,27760,4970.6,-107.41,0.867
R4071,pine,-59618,27996.7,4589.5,26.69,1.222
R4072,pine,-59143.8,28374.5,4418.8,-46.44,1.061
R4073,elm,62980.6,27655.4,3890.8,-86.54,0.829
R4074,pine,65176.7,28341,4477.8,-13.67,0.958
R4075,pine,65314,27961.2,4635.6,-23.58,1.18
R4076,pine,66065.5,27611.6,5179.3,-190.87,0.869
R4077,pine,66986.5,28339.2,5091.5,44.92,1.106
R4078,elm,67856.3,27713.9,4653.4,0.35,0.815
R4079,elm,68751.5,27733.7,4796,-57.94,1.042
R4080,pine,-67677.4,28652.4,5482.3,-236.92,1.053
R4081,pine,-66679.6,28863.1,5767.1,-67.68,1.235
R4082,elm,-65486.2,28442,5601.2,-39.88,1.079
R4083,pine,-64433.9,29017.3,5193.8,-24.54,0.894
R4084,pine,-63702.6,28949.7,5141.2,-132.54,0.862
R4085,pine,-62961,29029.6,5265.2,-181.09,1.139
R4086,poplar,-62597.9,28665.1,5425.7,68.29,1.151
R4087,pine,-61849.5,28506.5,5658.9,75.5,0.986
R4088,poplar,-60918.7,28561.3,5309.5,-103.95,1.093
R4089,poplar,-59688.5,28749,4863.3,39.48,0.935
R4090,elm,-59148.9,28957.3,4572,-269.04,0.994
R4091,pine,64136.8,29122.8,4015.6,-234.4,0.857
R4092,elm,65108.5,28627.2,4351,-178.19,1.064
R4093,pine,65714.6,29028.8,4536.8,-24.53,1.105
R4094,elm,66250.4,29187.4,4764.3,-128.73,0.852
R4095,elm,67508.5,28707.7,5084.3,-135.2,0.875
R4096,pine,67728.9,28853.1,5108.6,-194.68,0.982
R4097,elm,68703,29126.1,5097,64.73,0.872
R4098,pine,69435.4,28735.8,4951.7,-87.84,0.882
R4099,pine,-68255.9,29256.9,5748.2,53.55,1.087
R4100,elm,-65687.7,29607.1,5957.1,-80.28,1.107
R4101,pine,-64067.7,29725,5074.5,-125.37,0.843
R4102,pine,-63407.7,29856.2,4994.2,-142.65,0.9
R4103,poplar,-62386.5,29213.9,5383.8,-57.64,0.842
R4104,pine,-61898.3,29594.2,5161,-55.19,1.115
R4105,pine,-60447.4,29435.2,4997.2,-74.89,0.981
R4106,pine,-60278.3,29376.5,4997.3,7.3,0.817
R4107,pine,-59018.8,29705.3,4656.7,-195.38,1.143
R4108,pine,-58641.5,29403.9,4350.6,-196.46,0.898
R4109,pine,-57390.7,29871.8,3869.4,-58.2,0.842
R4110,elm,63523,29724.8,4080.8,-229.84,1.015
R4111,elm,64853.1,29871.4,4166.6,-217.56,0.815
R4112,elm,65581.8,29679.4,4396.9,-123.36,1.21
R4113,pine,66573.6,29867.8,4806.1,-44.73,1.022
R4114,pine,67247.2,29515.7,5004.4,7.78,1.033
R4115,pine,68119.2,29879.5,5296.8,-77.1,1.046
R4116,elm,68472.6,29736.5,5252.6,-67.13,0.851
R4117,elm,69486.6,29222,5091.1,-177.95,1.078
R4118,pine,-67844.7,30182.1,6135.9,-57.18,1.245
R4119,elm,-66028.6,30401,6184.9,60.98,1.23
R4120,pine,-64933.1,30207.1,5444.8,-91.27,0.809
R4121,pine,-64162.6,30800,5451.9,-144.35,0.91
R4122,pine,-63280.3,30700.5,5337.2,-203.01,0.939
R4123,elm,-62588.4,30197.3,5113.9,35.44,1.162
R4124,elm,-61576.3,30714.1,4964.3,-199.23,0.866
R4125,poplar,-61142.2,30387.8,5021.7,-241,0.899
R4126,elm,-59636.4,30664.2,4669,64.86,0.968
R4127,pine,-59486.1,30564.3,4614.5,76.23,0.996
R4128,pine,-58695.5,30280.2,4591.8,-219.36,1.235
R4129,poplar,-57163.3,30145,3838.8,3.45,0.996
R4130,pine,63512.1,30407.6,4150.5,-66.62,1.184
R4131,pine,64649,30168.4,4221.9,-35.56,1.073
R4132,poplar,65347.3,30384.4,4249.6,-205.65,0.851
R4133,pine,66470.2,30677.5,4683.8,-190.26,0.852
R4134,elm,67424.7,30368.9,4747.8,-191.3,1.123
R4135,elm,68048.8,30611.7,4903.8,-124.08,1.241
R4136,pine,68785.5,30269.1,5195,-129.82,1.037
R4137,pine,-66214,31340.7,6523.2,-244.8,1.013
R4138,pine,-65964.7,30824.4,6192.9,60.06,0.82
R4139,pine,-64774.5,31442.4,5978.9,-164.93,1.03
R4140,elm,-64296.4,31431.9,5876.3,75.69,1.236
R4141,pine,-62810.7,31491.6,5221.4,-24.48,1.177
R4142,pine,-62404.8,31038.4,5003.9,17.96,0.812
R4143,pine,-61594.6,30810.5,5002.5,67.31,1.023
R4144,pine,-60875.2,31596.2,5396.2,64.75,0.828
R4145,pine,-60358.5,31014,5026.8,-11.76,0.883
R4146,elm,-58868.9,31024.5,4578.9,-254.39,1.116
R4147,elm,-57768.7,31425.7,4201.3,-133.83,1.207
R4148,elm,64025.7,31041.3,4064.3,-201.43,0.83
R4149,elm,64522.7,30891.2,4156.3,46.81,1.069
R4150,pine,65939.8,30831.4,4487.8,-65.82,0.812
R4151,poplar,66741,31497.9,4607.8,18.26,1
R4152,poplar,67317.5,31153.2,4663.1,-244.56,0.994
R4153,pine,67701.3,31417.9,4665.2,11.79,0.833
R4154,pine,68414.2,31050.2,4896.2,-173.89,1.07
R4155,poplar,69563.4,30876.3,5111.8,-66.67,1.129
R4156,elm,-69557.4,31944.2,6518.3,-94.71,1.091
R4157,poplar,-69186.1,32085.2,6627.4,-47.3,0.956
R4158,pine,-67617.7,32386.8,6937.7,60.82,0.973
R4159,elm,-65244.2,32096.4,6423.1,-267.76,1.028
R4160,pine,-64523.2,32194.3,6082.7,-133.24,1.095
R4161,poplar,-63912.8,32072.4,5816.5,-154.68,0.983
R4162,poplar,-63322.7,31622,5486.2,25.22,0.985
R4163,pine,-62566.3,31981.9,5406.1,-183.64,0.869
R4164,pine,-61278.8,31804.3,5294.4,-92.14,0.83
R4165,pine,-61162.8,31771.9,5323.4,48.33,1.1
R4166,pine,-60241.8,32026,5185.4,-73.97,1.114
R4167,pine,-59381.8,31751.1,4760,-53.11,0.962
R4168,elm,-58248.4,31832,4223.7,4.9,0.872
R4169,pine,60939.3,31776.4,3653.4,-191.22,0.995
R4170,pine,62092.7,32249.4,4137,-151.32,0.889
R4171,pine,63027.7,31888,4072.4,-219.66,1.193
R4172,elm,64042.2,32383.2,4258.8,33.78,0.987
R4173,pine,64960.7,31606,4257.1,-249.87,1.119
R4174,pine,65872.1,32076.8,4548.6,-209.99,0.869
R4175,pine,66389.5,31759.5,4572,-262.85,0.992
R4176,pine,66958.1,31674.6,4551.9,-139.71,0.905
R4177,elm,67966.5,32111.5,4713.7,-155.65,0.809
R4178,pine,68670,32290.4,4900.5,-226.55,1.054
R4179,elm,69250.4,32002.7,5218.3,-117.44,1.114
R4180,elm,-68983.5,33084.3,6720,8.16,1.161
R4181,poplar,-67853.6,33035.9,6911.3,-212.67,1.143
R4182,pine,-66639.8,32867.4,6843.6,-247.13,0.997
R4183,elm,-65274.7,33139.4,6537.1,-266.85,1.067
R4184,elm,-64919,32612.2,6260.1,-255.47,1.206
R4185,elm,-64381,32739.2,5851.4,-98.9,0.939
R4186,poplar,-63061.9,33150.8,5427.8,-52.05,1.237
R4187,pine,-62333.9,32695.7,5417.9,84.71,0.881
R4188,elm,-61549.3,32761.4,5489.3,-186.76,0.99
R4189,pine,-60873,32477.6,5392.2,-83.85,0.96
R4190,pine,-59735,32717.3,4855.7,-212.03,0.908
R4191,elm,-59028,32944.3,4429.4,-22.94,0.868
R4192,pine,-58632.6,32626.6,4168.9,-167.72,0.943
R4193,elm,61083.4,32752.9,3870.3,-184.71,1.217
R4194,pine,61307.1,32695.3,3912.6,-91.37,0.931
R4195,pine,62418.9,33154,4234.4,-59.58,1.062
R4196,pine,63686,33097.5,4522.9,-197.66,1.024
R4197,elm,64972.3,32526.7,4605.8,-3.59,0.857
R4198,pine,65671.9,32729,4721.2,84.71,1.142
R4199,pine,66415.7,32415,4610.2,18.46,1.108
R4200,elm,67176.4,32848.1,4756.9,-185.07,1.054
R4201,pine,68145.7,32870.4,4905.1,36.69,1.188
R4202,pine,68544.3,33120,4880.1,-182.33,1.061
R4203,pine,-67877.1,33976.3,6913.1,-37.26,1.015
R4204,pine,-66495.9,33715.5,6943.8,79.24,0.827
R4205,pine,-65725.2,33536.9,6753.6,-72.21,1.1
R4206,elm,-65152.3,33656.6,6241.8,-269.87,0.918
R4207,pine,-63809.6,33281.3,5614.3,-130.85,1.206
R4208,poplar,-63241.8,33934.6,5549.4,-120.54,1.069
R4209,elm,-62645,33354.6,5343.6,-4.02,1.124
R4210,pine,-61349.3,33366.8,5425.3,-179.69,0.819
R4211,pine,-60584.5,33258.4,5108.1,23.49,0.917
R4212,pine,-59668.3,33456.9,4795.8,-162.69,1.108
R4213,elm,-58975.8,33829.1,4272.1,69.26,1.039
R4214,pine,62400.4,33676.3,4311.4,-16.08,0.81
R4215,pine,64154.9,33332.8,4739.4,-42.33,1.225
R4216,elm,64750.3,33449.5,5177.2,-254.75,0.938
R4217,pine,65859.2,33619.1,5013.2,-240.4,1.166
R4218,pine,66547,33395.8,4856.1,73.7,1.22
R4219,pine,67195.1,33453.8,4890.5,-119.73,0.983
R4220,pine,68205.8,33997,5389.7,-65.35,1.056
R4221,pine,68673.7,33599,4948.3,-189.25,1.175
R4222,elm,-69289.4,34144.6,6645.6,-89.3,0.933
R4223,pine,-68211.9,34299.1,6874.8,-113,0.838
R4224,elm,-67259,34200.7,7177.6,-129.49,0.859
R4225,pine,-66495.3,34382.2,6984.2,-85.65,1.022
R4226,pine,-65399.8,34156.2,6256.3,82.06,0.913
R4227,poplar,-65108.6,34655.6,6101,53.22,1.042
R4228,pine,-64070.7,34234.5,5783.7,-102.08,1.002
R4229,elm,-63528.4,34162.1,5598.4,-254.12,0.949
R4230,pine,-62594.6,34603.8,5285.3,-236.35,1.024
R4231,pine,-61778.8,34510.8,5207.4,16.58,0.94
R4232,pine,-61033.8,34368.6,5134,-255.89,0.949
R4233,poplar,-60126.8,34059.6,5000.7,-156.98,1.196
R4234,poplar,-59149.5,34155.2,4355.6,-253.01,1.006
R4235,poplar,61028.4,34350.3,3746.2,-215.35,1.05
R4236,pine,61900.4,34248.4,4115.7,-175.63,0.891
R4237,pine,62116.2,34548.4,4132.5,-249.93,1.173
R4238,pine,63472.3,34395.2,4582.2,-77.16,0.933
R4239,elm,63781,34777.1,4716.6,56.74,1.076
R4240,pine,64720.9,34772.1,4825.3,-267.58,0.829
R4241,elm,65844.3,34214.4,5130.5,-149.43,1.026
R4242,pine,66015.3,34251.6,5159.3,19.95,0.973
R4243,pine,66920.1,34709.4,5390.5,-156.9,1.132
R4244,pine,67682.2,34729.9,5505.3,40.08,1.244
R4245,pine,68981.6,34700,5545,1.95,0.95
R4246,poplar,-69474.5,35389.3,6329,-194.02,0.808
R4247,pine,-68778.4,35577.9,6721.6,-124.86,0.935
R4248,pine,-67650.9,35183.8,7043.2,-178.89,1.088
R4249,poplar,-67339.8,35118.4,7110,39.94,0.853
R4250,elm,-66469,35017.5,6853,-116.34,0.859
R4251,poplar,-65277.5,35364.9,6139.4,13.06,0.933
R4252,elm,-64855.7,35218.6,5959.9,12.21,1.125
R4253,pine,-63833,34872.9,5583.9,-253.6,0.848
R4254,elm,-63058.4,35054.6,5262.2,29.29,0.982
R4255,pine,-62339.6,35086.8,5124.3,-234.06,1.175
R4256,pine,-61828,35388.1,4827.4,47.11,1.043
R4257,elm,-60569.2,35152.7,4878.1,-27.09,0.987
R4258,pine,-59644.3,35237.6,4545.5,45.36,0.941
R4259,elm,-59250.6,34897.3,4347.7,-157.26,0.837
R4260,pine,-58323.9,35428.2,3770.3,-148.96,0.9
R4261,elm,61260,35598.6,3999.1,-113.29,1.123
R4262,pine,62872.6,35059.5,4200,-201.58,1.201
R4263,pine,63826.8,35092.1,4649.2,-23.07,1.027
R4264,pine,64677.1,35475.7,4813.8,-249.32,0.952
R4265,elm,65551.1,34825.9,4936.5,-105.13,1.142
R4266,pine,66557.9,35265.4,5107.3,-106.43,0.821
R4267,pine,67321.6,34972.6,5420.7,-241.8,0.859
R4268,pine,67911.6,35599.1,5542.7,-213.69,0.804
R4269,elm,68549.8,35515.9,5882.1,-12.89,0.973
R4270,poplar,69531.2,35146.2,5666.4,-167.75,1.132
R4271,pine,-68665.7,35949.4,6764,-19.64,1.225
R4272,pine,-67815.7,36072.5,7038.7,-216.3,0.98
R4273,elm,-66089.3,36115.7,6890.7,-121.57,1.136
R4274,pine,-65911.3,36138.1,6795.1,-148.99,1.165
R4275,pine,-65054.8,35992.7,6089.7,-96.45,1.061
R4276,pine,-63691.5,35668.6,5214.6,-118.92,0.819
R4277,poplar,-62870,36356.6,4669.1,6.99,1.238
R4278,pine,-62276.5,35907.8,4738.2,40.06,1.109
R4279,poplar,-61974,35715.3,4687.6,-249.88,1.129
R4280,pine,-60931.5,36270.5,4565.5,18.39,0.954
R4281,poplar,-60032.3,35641.6,4551.7,7.96,0.813
R4282,pine,-59081.1,35792.2,4314.7,-137.76,0.838
R4283,pine,-58646.9,36323.8,4162.7,-194.24,0.915
R4284,pine,59931.2,35833.4,3546.4,-152.02,0.914
R4285,pine,60787.3,36274.3,4008.7,-231.53,1.172
R4286,poplar,61766.6,36334.8,4318.9,-135.39,1.159
R4287,pine,62740,36081.5,4582.9,-108.06,0.947
R4288,pine,63044.6,35733,4523,29.53,1.139
R4289,poplar,63839.8,35729.9,4628.3,-258.22,0.945
R4290,pine,65199.3,36273.3,4987.2,-101.31,0.949
R4291,poplar,66007.8,36160.2,5054.6,-264.91,0.899
R4292,pine,67463.6,36284.3,5627.6,64.64,0.943
R4293,elm,68154.9,36005,5664.3,83.28,0.801
R4294,pine,68761,35945.3,6032.6,64.86,1.025
R4295,pine,69537.8,36124.4,5896.5,-268.24,1.133
R4296,poplar,-67941.4,36627,6848.5,-145.52,1.113
R4297,elm,-66689.8,36697.7,7075.7,-179,1.092
R4298,pine,-65941.3,36691.2,6845.4,-82,1.026
R4299,pine,-64263.5,37019.5,5072.6,-109.18,0.904
R4300,pine,-63078.3,36435.3,4704.7,-196.36,0.885
R4301,pine,-62499.3,36931.6,4683.5,-222.87,0.951
R4302,pine,-61697.6,37191.3,4532.3,-127.34,1.123
R4303,pine,-60599.8,36400.8,4633.9,-182.96,1.199
R4304,elm,-59603.1,37160.3,4413.4,-52.91,0.802
R4305,elm,-59585.8,36879.7,4427.1,9.87,1.193
R4306,pine,-58736.7,37023.3,4188.6,65.14,0.956
R4307,pine,61082.2,36727.5,4286.6,36.68,1.249
R4308,poplar,61852.4,36737.1,4570.5,0.65,1.193
R4309,pine,62510.5,37182.8,4662,-208.99,0.995
R4310,elm,62855.1,37168.5,4667.3,-63.06,0.85
R4311,pine,64413.3,36894.6,4955.7,-158.81,1.021
R4312,pine,65303.1,36505.9,4983.2,-232.89,1.039
R4313,poplar,66219.4,36805.2,5064.7,-40.18,1.171
R4314,pine,67131.3,37152.9,5530.9,6.96,1.179
R4315,pine,67724.4,36460.4,5777.8,59.28,1.11
R4316,poplar,68636.8,37026.6,6394.3,31.02,0.91
R4317,pine,-69090.9,37563.6,6287.4,31.22,0.968
R4318,pine,-68192.1,37580.1,6611.9,-171.87,1.16
R4319,poplar,-64463.2,37587.4,5090.6,65.44,1.128
R4320,pine,-63255,37945.9,4900.9,-61.39,1.064
R4321,elm,-62611.4,37656.6,4581.7,-25.6,0.951
R4322,poplar,-61523.2,37621.9,4580.5,-56.17,1.01
R4323,elm,-61137.9,37697.7,4745.9,20.92,0.8
R4324,pine,-59866.1,37590.9,4547.3,28.2,0.875
R4325,poplar,-59194.6,37758.9,4433.2,-98.2,1.016
R4326,elm,-58436.2,37936.4,4046.3,-212.29,0.847
R4327,pine,58425.8,37822.1,3431.7,-57.11,1.189
R4328,pine,60118.4,37895.5,4554.7,-28.46,1.044
R4329,pine,60703.3,37390.2,4650.6,-92.39,0.826
R4330,poplar,61736.8,37596.8,4907.7,-100.7,1.072
R4331,elm,63679.1,37636.4,4937.8,21.54,1.15
R4332,pine,66526.7,37862.8,5445.1,-67.31,0.859
R4333,elm,67187.6,37507.8,5528.5,-55.59,1.169
R4334,pine,68159.6,37261.8,6156,-66.53,1.226
R4335,poplar,68887.3,37373.3,6253,-160.3,0.889
R4336,pine,-68773.4,38388,6596,-252.31,1.229
R4337,poplar,-68064.7,38740.7,7030,74.39,1.21
R4338,poplar,-66364.9,38531.5,6542.1,52.97,1.232
R4339,pine,-64516.4,38398.8,5132.6,-66.61,1.043
R4340,pine,-64339.5,38324,5022.3,-70.69,1.106
R4341,elm,-63337.6,38693.4,4752.9,-136.12,0.862
R4342,pine,-62305.8,38701.8,4742,87.94,1.132
R4343,poplar,-61388.2,38668.3,5008.8,10.38,0.959
R4344,pine,-60828.9,38651.8,4998.7,-208.39,0.873
R4345,pine,-59780.6,38687.9,4579.3,-67.15,1.22
R4346,pine,-59468.1,38508.9,4418.7,67.5,0.913
R4347,pine,60111.1,38096.1,4585.8,-170.08,1.14
R4348,pine,60651.8,38656.2,4699.2,-131.27,0.826
R4349,elm,61518.1,38260.9,5068.5,-95.28,1.221
R4350,pine,62401,38652.4,5237.1,27.05,0.902
R4351,pine,64254.7,38557.6,5395.9,-224.35,1.06
R4352,poplar,65175.1,38203.4,5617.5,-171.01,1.179
R4353,elm,65204.8,38457.5,5687.7,-250.16,1.148
R4354,pine,66486.9,38705.7,5904.1,64.45,1.062
R4355,pine,67046.8,38698.5,6106,-141.82,1.03
R4356,pine,68391.6,38605.4,6351.9,18.21,0.982
R4357,pine,68962.1,38543.9,6394.3,-28.4,1.115
R4358,elm,69454.5,38781,6479,-255.34,1.216
R4359,poplar,-68675.1,39513.7,7052,-30.39,0.94
R4360,pine,-68050.2,39294.7,7101.5,-148.25,1.043
R4361,poplar,-64469.8,39350.9,5162.9,84.07,1.024
R4362,pine,-63889.8,39283.8,4788,1.84,1.249
R4363,pine,-63292.2,38949,4710.1,-255.47,1.2
R4364,elm,-62015.4,39299.3,5019.2,-53.6,1.063
R4365,pine,-61510.4,39252.7,5068.2,10.84,0.959
R4366,pine,-61179,39375.1,5067.7,41.13,0.87
R4367,pine,-60064.6,38945.1,4624.7,-240.86,0.823
R4368,pine,-58301.2,39235.6,4021.7,38.67,0.978
R4369,elm,59208.3,39156,3811.1,-68.74,0.814
R4370,pine,59834.7,39539.1,3814.2,-56.09,0.862
R4371,pine,60993.2,39043.9,4823,39.32,1.078
R4372,poplar,61355.3,39128.3,5113.1,-244.57,1.078
R4373,pine,64192.5,39158.9,5271.1,58.04,1.02
R4374,elm,65743.5,39124.1,5917.3,-36.25,0.845
R4375,poplar,66413,38850.1,5985.5,-181.06,0.938
R4376,elm,67255.2,38845,6260.7,-253.73,0.909
R4377,poplar,67723.3,39445,6642,-13.98,0.869
R4378,elm,69434.9,38969.9,6555,-180.33,0.966
R4379,pine,-69166.7,39905.2,7182.2,-6.12,1.156
R4380,poplar,-67191.8,39906.6,6960.7,-215.56,1.163
R4381,pine,-66636.4,39845,6630.5,61.85,0.9
R4382,pine,-64837.3,40229.3,5362.5,52.11,0.856
R4383,pine,-64366,39723.3,5200.5,47.59,1.104
R4384,pine,-63094.1,39853.2,5104.7,23.67,1.175
R4385,pine,-62718.7,39660.4,5080.7,-269.37,1.013
R4386,pine,-61541.7,39694.7,5097.6,-42.3,0.902
R4387,elm,-61072.4,39727.3,4799.2,-129.08,0.91
R4388,elm,-60287.8,39831.2,4286.2,80.15,0.864
R4389,elm,-58938.6,40383,4264.6,-152.48,0.949
R4390,elm,-58280.2,39783.8,4149.1,-45.97,1.241
R4391,pine,-57635.7,39808.3,3985.9,-73.73,1.038
R4392,pine,61190.2,39785.1,4715.2,-69.53,0.956
R4393,elm,62273.3,39786.4,5134.3,-151.06,0.838
R4394,elm,63285.9,39810.7,5088,-217.9,0.969
R4395,poplar,63615,39998.7,4975.2,48.29,1.052
R4396,pine,66644.5,39897.7,5980.8,-96.42,0.87
R4397,pine,66812.2,39667.2,6166.5,45.52,0.928
R4398,pine,68222.4,40367.3,6165,-255.48,1.011
R4399,elm,69001.9,39770,6845.5,14.34,1.108
R4400,pine,-69493,40486.5,7415.8,-240.29,1.171
R4401,pine,-68980.7,40834.5,7353.1,-59.66,1.165
R4402,pine,-67643.9,40781.8,7193.7,-100.73,1.234
R4403,pine,-66432.4,40835.5,6536.2,-210.41,1.051
R4404,elm,-65482.3,41166.6,5532.3,-210.3,0.908
R4405,pine,-64643.5,40502.6,5279.2,7.95,0.952
R4406,pine,-64145.7,40552.3,5388.4,82.5,0.87
R4407,elm,-62918,41143.1,5236.3,-94.58,0.902
R4408,poplar,-62270.7,40416.7,5186.6,29.36,1.207
R4409,pine,-61396.7,40463.1,4601.2,-182.05,0.995
R4410,elm,-61078.5,40490.7,4469.4,16.62,1.08
R4411,pine,-60335.8,41104.2,4382.3,-234.6,0.914
R4412,pine,-59551.5,40827.6,4139,-14.72,0.92
R4413,pine,-58514.5,40739.8,4217.4,-42.37,0.834
R4414,pine,62092.6,40634.7,4816,-34.55,1.075
R4415,pine,66705.2,40512.2,5686.7,-87.43,1.213
R4416,elm,67549,41029.1,5813.8,18.18,0.961
R4417,poplar,68207.4,40768.7,6074.2,-255.33,0.99
R4418,pine,68575.5,40675.3,6228.4,7.45,0.853
R4419,pine,69240.3,40749,6426.9,-8.27,1.217
R4420,pine,-69118.9,41873.7,6808.4,-86.57,0.915
R4421,elm,-67436.3,41806.7,7091.2,-110.83,0.855
R4422,elm,-66118.4,41555,5986.5,-129.88,0.804
R4423,pine,-65281.6,41686.7,5534.1,-134.11,1.065
R4424,poplar,-64782.8,41421.1,5412.2,-65.45,0.92
R4425,pine,-63925.8,41302.3,5393.5,-101.41,1.233
R4426,elm,-63373.9,41594.6,5195,-52.08,1.02
R4427,elm,-62342.5,41743.9,4976.5,28.13,0.911
R4428,elm,-61461.9,41883.8,4791.7,-130.08,0.954
R4429,pine,-61082.5,41308.7,4653.5,-44.84,0.891
R4430,elm,-60204.2,41954.4,4604.2,-141.14,1.183
R4431,elm,-58929.4,41963.3,4365.6,-16.16,1.128
R4432,pine,61716.9,41972.3,3948.7,-206.39,1.241
R4433,elm,63276.1,41623.6,4911,-7.4,1.146
R4434,pine,64538.5,41287,4844.5,10.74,1.027
R4435,pine,66578.7,41599.2,5615.5,54.78,0.935
R4436,elm,68276.5,41789.1,6051.1,-168.27,1.153
R4437,pine,69013.3,41375.8,6196.4,-14.21,1.044
R4438,elm,-65705.2,42487.8,5708.5,-195.5,1.016
R4439,pine,-64311.5,42583.9,5395.3,-127.21,1.142
R4440,pine,-63054.8,42174.9,5035.6,35.43,1.041
R4441,elm,-62626.9,42649.7,4991.7,-223.89,0.818
R4442,pine,-61344.2,42086.3,4753.4,78.43,0.934
R4443,elm,-61103.4,42743.3,4840.5,-11.01,1.247
R4444,pine,-59856.5,42094.2,4727.7,-131.57,1.001
R4445,pine,-59383.8,42471.9,4644.2,-217.62,1.219
R4446,pine,-58218.5,42213.9,4423.6,49.37,0.8
R4447,elm,-57607.7,42278.9,4304.2,8.13,1.116
R4448,elm,-56471.9,42159.6,3735.9,-237.76,0.899
R4449,pine,63835.7,42144.3,4944.1,-201.58,1.094
R4450,pine,65110.8,42164,5035,-68.34,1.085
R4451,pine,65870.9,42642.7,5062.7,-68.7,0.806
R4452,elm,66589.6,42505.9,5171,-252.59,1.14
R4453,elm,67499.7,42571.7,5687.9,-251.56,0.978
R4454,pine,-64707.4,42995.5,5748.3,-149.86,0.907
R4455,poplar,-64155.5,42893.4,5413.1,70.02,0.982
R4456,poplar,-63087,43340.8,5148.6,-213.89,0.922
R4457,poplar,-62670.5,42862.8,5025.1,-103.75,0.951
R4458,pine,-61412.6,43286.5,4869.3,-62.98,1.124
R4459,pine,-61110.7,43388.6,4894.7,-137.89,0.972
R4460,pine,-60105.9,43522.2,5065.2,86.92,1.131
R4461,elm,-58928,42846,4839.7,65.33,0.814
R4462,pine,-58440.7,43289.9,4974.7,89.52,1
R4463,pine,-57863.2,42988.5,4839.6,-114.24,0.82
R4464,pine,-56729,43222.5,4012.8,76.26,0.847
R4465,pine,-55199.1,42977.4,3227.5,-160.95,1.215
R4466,poplar,63410.6,43376.6,4563.7,-74.45,1.129
R4467,pine,64627.1,43032.8,4765.2,0.87,1.039
R4468,poplar,65290.9,43229.1,4781.2,-229.27,1.114
R4469,pine,67120.6,42806.6,5383.7,-14.8,0.871
R4470,pine,-68939.1,43619.3,6684.2,-46.59,1.24
R4471,elm,-66752,44266.3,5998.3,60.72,1.152
R4472,poplar,-65713.5,44203.5,6004.7,68.08,1.196
R4473,pine,-64409,43662,6007.1,-244.43,1.059
R4474,poplar,-63968.1,44390.7,6155.8,-223.82,0.863
R4475,pine,-62880.7,44382.9,5711.9,-95.65,0.913
R4476,pine,-62641.5,44180.2,5448.9,11.41,1.102
R4477,elm,-61244.3,43684.4,4993.6,-61.9,0.911
R4478,pine,-60952,44068.2,5166.5,59.83,1.202
R4479,pine,-60364.3,43618.4,5106.3,-166.06,1.116
R4480,pine,-59445.5,44187.2,5236.1,-56.57,1.155
R4481,pine,-58188.1,44225,4580.4,2.23,1.052
R4482,pine,-57933.2,43803.1,4614.5,33.5,0.881
R4483,pine,63085.8,43767.4,4344.9,80.57,0.856
R4484,pine,-68875.8,44768.1,7013.9,-214.6,1.033
R4485,pine,-64812.7,44791.7,6223.8,-132.72,1.068
R4486,pine,-64388.2,45145.1,6420.3,-36.61,1.123
R4487,pine,-63434.9,44589.4,5977.3,37.47,1.182
R4488,pine,-62164.4,45164.1,5677.1,-65.89,1.176
R4489,poplar,-61593.1,45153.8,5611.3,-159.13,0.972
R4490,elm,-60892.9,45131.5,5671.5,-182.01,0.947
R4491,pine,-60298.5,44454,5420.2,86.73,0.866
R4492,pine,-59124.9,44431.2,5268.1,-55.65,0.83
R4493,pine,-58488.4,44860.7,4519.5,-208.95,1.121
R4494,elm,62284.6,44757.8,4050.8,23.07,1.25
R4495,pine,64201.2,45000.7,4941,40.97,1.075
R4496,poplar,-69443,45541.7,6925.2,14.18,1.167
R4497,elm,-66851.2,45216.1,6274.6,-246.5,0.861
R4498,poplar,-66175.6,45702.3,6108.1,74.35,0.864
R4499,elm,-65474.5,45935.8,6055.3,-75.36,1.106
R4500,pine,-65123.8,45834,6067.6,-219.8,1.224
R4501,poplar,-63018,45752.8,5905.5,-245.62,0.93
R4502,pine,-62726.8,45338.7,5767.4,-244.31,0.935
R4503,elm,-61602.2,45838.4,5983.8,-57.99,0.883
R4504,pine,-60279.4,45684,5698.8,-76.97,1.215
R4505,pine,-58615.1,45311.2,4553.2,-147.05,1.188
R4506,poplar,-56497.9,45401.9,3873.7,-110.19,1.246
R4507,elm,63597.2,45949.7,4854.1,-13.63,1.175
R4508,pine,-68537.4,46191.3,6813.8,-97.58,1.209
R4509,pine,-68171.4,46399.9,6883.8,-6.45,0.885
R4510,pine,-67173.8,46135.8,6695.7,-180.85,1.099
R4511,pine,-66703.5,46105.7,6410.4,-237.48,0.892
R4512,elm,-65426.7,46623.3,6245.8,21.44,1.18
R4513,pine,-64887.8,46786.2,6293.9,-224.87,1.24
R4514,elm,-64111.9,46278.5,6218.3,50.05,0.976
R4515,pine,-63004.1,46664.6,6309,-40.83,1
R4516,elm,-62148.3,46293.4,6238,-261.32,1.163
R4517,pine,-61635.1,46584.1,6378.4,67.5,1.088
R4518,elm,-59557.5,46299.3,5220.9,-120.31,1.189
R4519,pine,-57249.9,46290.1,4218.7,89.58,0.984
R4520,pine,61366.3,46043.2,3757.1,-115.16,0.905
R4521,pine,63433.4,46250.1,4832.8,-74.46,0.938
R4522,pine,-69357.8,47080.4,6571.9,-45.7,1.153
R4523,poplar,-68528.8,47480.1,6364.4,-20,0.842
R4524,pine,-68068.9,47129.7,6421.8,-184.25,1.088
R4525,poplar,-67336.7,47553.6,6162.3,-55.88,0.901
R4526,pine,-66600.2,47382,6296,-127.1,0.933
R4527,elm,-65253.7,47047.2,6379.5,-128.28,1.247
R4528,pine,-65075.7,47214,6447.4,-235.25,1.208
R4529,pine,-64056.1,47153.4,6268.2,-10.75,0.839
R4530,pine,-63406.4,47268.4,6531,-156.09,1.114
R4531,pine,-62790.2,47184.6,6604.9,-81.87,0.863
R4532,pine,-61500.4,46861.8,6409.1,-222.21,1.234
R4533,elm,-59887,47437.4,5157.8,-92.29,0.857
R4534,pine,61711.6,47274.9,3870.9,31.87,0.965
R4535,elm,-68807.7,48077.1,6162.7,53.26,1.086
R4536,pine,-67834.9,48389.8,5972.7,-24.9,0.825
R4537,pine,-67129.5,48351.8,5955.8,-21.17,1.096
R4538,elm,-66240,47669.1,6262.5,-18.59,1.034
R4539,pine,-65825.2,48152,6066.2,-74.05,1.046
R4540,pine,-64762.2,47849.7,6255,-29.8,0.922
R4541,elm,-63804.4,48212.3,6679.5,-184.94,1.091
R4542,poplar,-62285.8,48092.2,6553.1,-21.28,0.943
R4543,elm,-61305,47924,6079.3,-173.19,1.078
R4544,pine,62090,47969.5,4271.8,-169.69,0.894
R4545,pine,-68864.6,48666.8,6064.7,-197.39,1.204
R4546,pine,-68245.2,48628.8,5990,-59.16,1.176
R4547,pine,-66975.9,48873.3,6135.5,-64.76,1.238
R4548,pine,-66007.3,48613.9,5959.4,-14.88,1.176
R4549,pine,-65539.1,48642.1,5929.3,48.3,1.124
R4550,pine,-64494.4,48437,6316,-94.18,0.99
R4551,pine,-63867.5,49033.4,6696.1,-201.68,1.235
R4552,pine,-63217.7,48712.5,6726.3,40.58,1.208
R4553,poplar,60018.3,48648.1,3659.8,-81.94,1.065
R4554,elm,60543.4,48906.1,4167.3,-153.69,1.095
R4555,pine,61475,48479.5,4355.8,-269.02,1.019
R4556,poplar,62579.6,48611.7,4869.2,-215.1,1.138
R4557,poplar,64146.8,48745.1,5453.9,-220.33,1.005
R4558,elm,64546.8,48943.6,5460.2,-9.96,0.947
R4559,pine,-69332.9,49418.9,6029.4,-143.03,1.112
R4560,elm,-68845.7,49465.7,6038.6,-106.34,0.821
R4561,elm,-67817.8,49501.2,6256,-39.18,1.24
R4562,pine,-67035.8,49872,6289.1,80.92,1.051
R4563,elm,-66107,49228.9,6030.1,-232.97,1.248
R4564,elm,-65699.2,49353.5,6084.6,-119.53,1.177
R4565,pine,-64469,49508.2,6483.1,27.78,1.098
R4566,elm,-63479.2,49659,6774.2,38.35,1.196
R4567,elm,-62220,49270.8,6368.7,-62.88,0.988
R4568,pine,-60662.9,49266.4,5541.9,-29.01,1.022
R4569,pine,61082.5,49416.3,4588.3,-55.51,1.133
R4570,pine,61403.2,49853.2,4450.8,-28.8,1.141
R4571,pine,62188,49372.7,4818.4,67.46,0.832
R4572,elm,63300.8,49810.1,5348.9,71.23,1.156
R4573,pine,65113.3,49790.7,5798.3,12.7,1.06
R4574,pine,65875.1,49279.9,5282.7,-164.07,0.851
R4575,pine,-69241.8,50285.9,6010,-19.98,1.247
R4576,pine,-68573.3,50008.4,6181,48.38,0.873
R4577,elm,-67763.3,50090.9,6265.9,-107.23,0.867
R4578,pine,-67157.9,50553.2,6112.4,-134.79,1.213
R4579,elm,-66071.8,50056.1,6181,59.91,1.218
R4580,pine,-65455.1,50644.1,6379.4,-155.43,1.096
R4581,elm,-64769.2,50507.3,6550.2,-129.93,1.227
R4582,elm,-64066.1,50271.8,7119,-191.29,1.175
R4583,pine,-63536.5,50533.9,6994.2,-71.25,1.064
R4584,elm,56925,50062.3,3196.4,-136.17,0.867
R4585,elm,58632.2,50446.1,3825,86.7,0.94
R4586,pine,59881.2,50765.4,4046.7,-191.82,1.057
R4587,pine,60409.3,50021.6,4300.1,78.93,1.172
R4588,elm,61786.4,50181.4,4308,-81.78,1.08
R4589,pine,62117.6,50190.5,4427.8,-37.13,0.907
R4590,poplar,63041.1,50101,5017.5,-142.03,1.226
R4591,elm,66422.9,50434.9,5670.4,-153.14,0.841
R4592,poplar,67467,50660,5899.7,-129.54,1.165
R4593,pine,-69284.3,50874.8,6218.7,-253.45,1.208
R4594,pine,-68509.9,50864.5,6178.9,-64.2,1.222
R4595,pine,-67650.6,51242.5,6076.1,-135.57,0.99
R4596,pine,-67240.7,50936.5,6136.1,51.2,1.173
R4597,poplar,-66682.7,51533.7,6167.1,68.88,1.17
R4598,elm,-65586.7,51300.3,6504.9,77.12,0.82
R4599,pine,-63961.2,51517.9,7254,65.61,1.074
R4600,elm,-62586,51472.3,6509.7,-142.92,0.904
R4601,elm,61680.7,51499,4105.2,-21.62,0.982
R4602,pine,62669.4,51187.9,4308.8,-157.67,1.241
R4603,elm,62825.6,50861.7,4473.9,-144.35,1.079
R4604,elm,63921.8,51380.7,4648.5,-52.48,0.812
R4605,poplar,66262.6,50887.4,5440.1,48.06,0.817
R4606,elm,-68598,51652.8,6071.4,-162,1.198
R4607,pine,-68094.9,52322.4,5949.9,-263.11,1.233
R4608,pine,-67361.3,52331.6,6102.4,-44.18,1.244
R4609,poplar,-66408.5,52095,6318.8,-22.24,1.07
R4610,pine,-65421.3,51765.3,6489.4,-56.34,0.956
R4611,poplar,-64880,52158.2,6539.3,-220.59,1.072
R4612,pine,-64239.2,51705.1,6948.7,-156.07,0.93
R4613,poplar,59443.6,52011.5,4052.1,42.64,1.134
R4614,poplar,59728.5,52359.7,4014.7,-116.38,0.96
R4615,pine,61063,52319.7,4032.7,-9.74,0.911
R4616,elm,61641.3,51861,4150.6,-247.4,0.957
R4617,poplar,62668.2,51763.5,4138.2,-180.03,1.136
R4618,pine,62961.5,51808.3,4204.1,-201.67,1.203
R4619,poplar,64049.9,52104.6,4513.6,-214.6,1.106
R4620,pine,65479.8,52219,4815.4,-49.63,0.973
R4621,pine,66412.9,52281,5179.7,38.84,0.944
R4622,elm,67660.1,51735.3,6006.3,-136.67,1.126
R4623,elm,68813.9,51871.8,6101.1,-135.11,1.105
R4624,pine,-69352.1,53115.5,6094.6,-10.7,1.207
R4625,pine,-68909.4,52870.8,6016.5,-81.15,1.022
R4626,elm,-68381.6,53113.9,6041,-18.82,0.807
R4627,elm,-66869.5,52511.9,6160.6,-66.19,1.065
R4628,pine,-66619.7,52595.7,6157.6,-212.42,0.827
R4629,elm,-65763.9,52587.8,6289.5,-20.62,0.803
R4630,pine,-64528.1,52468.3,6524,-152.17,1.074
R4631,pine,57762.7,52608.9,3651.8,26.7,0.816
R4632,elm,59024.8,52975.3,4259.4,-236.06,1.076
R4633,pine,59963.8,52835.4,4317.4,-0.99,0.986
R4634,pine,61732.9,52605.9,4286.3,-93.5,1.172
R4635,elm,63498.2,52972.4,4430.1,-182.94,1.157
R4636,elm,64074,52823,4618.5,-177,1.161
R4637,pine,64528,52914.9,4766.5,-199.36,1.185
R4638,elm,65256,52909.7,4804.5,28.54,0.954
R4639,elm,66288,52798,5059.8,-64.71,1.145
R4640,poplar,68069.2,53013.1,5722.4,-199.63,0.87
R4641,pine,68581.3,52874.5,5784.5,-191.55,0.881
R4642,elm,69434.9,53052.4,5883.1,-234,0.924
R4643,elm,-68617.5,53997.4,6411.2,39.08,0.896
R4644,elm,-68116.1,53248.1,6053.3,-28.21,1.029
R4645,pine,-66913.4,53689,6086.3,-190.52,1.154
R4646,elm,-66178.7,53365.5,6162.9,-166.56,1.079
R4647,pine,-65728.1,53929.7,6256,-247.25,0.986
R4648,pine,-64998.9,53737.5,6340.7,-204.12,0.954
R4649,elm,-63977,53427.8,6191.2,-24.57,1.175
R4650,elm,58037.8,53571,3695.1,-229.29,1.23
R4651,poplar,59481.8,53725.4,4534.8,-238.72,1.144
R4652,poplar,60340.5,53526.8,4809.3,-150.87,1.151
R4653,poplar,60572.7,53733.3,4785.9,-183.75,1.112
R4654,elm,61336.2,53698.7,4683,31.84,1.249
R4655,pine,63359.1,53443.3,4444.1,-172.61,1.246
R4656,elm,64071.3,53725.7,4730.5,-218.22,1.151
R4657,pine,64619.5,53422.3,4876.5,83.03,1.208
R4658,pine,65556.9,53527.3,5059.9,-61.48,1.064
R4659,poplar,66065.2,53943.1,5455,-155.12,0.805
R4660,pine,67329.8,53221.5,6016.6,8.79,0.849
R4661,elm,68394.2,53670.7,5874,-46.78,0.877
R4662,poplar,68835.3,53756.3,5721.8,-127.65,1.132
R4663,elm,69230.3,53950.9,5828.5,-93.83,0.898
R4664,elm,-69581.4,54624.4,6075.9,-216.61,0.913
R4665,pine,-68912.8,54753.4,6222.4,-228.97,1.049
R4666,pine,-68339.8,54359.9,6233.6,-141.38,0.979
R4667,elm,-67518.9,54470.4,6000.5,-129,1.09
R4668,pine,-66262.4,54617.1,6093,5.77,0.825
R4669,elm,-65998.1,54463.8,6217.9,-86.04,1.114
R4670,elm,-65067.6,54627,6426.8,-93.81,0.967
R4671,elm,-62354.6,54732.1,5052,-196.99,1.085
R4672,elm,58961.1,54244.9,4093.2,-242.78,1.064
R4673,elm,60251,54243.5,4597.7,-70.5,0.9
R4674,elm,60792.8,54257.4,4725.3,-168.78,0.913
R4675,pine,61818.9,54262.8,4760.6,-24.93,1.191
R4676,elm,62056.5,54204.1,4744.8,27.64,1.165
R4677,poplar,62835.8,54229.8,4572.9,-10.27,1.15
R4678,elm,63895.6,54461.4,4840.6,-17.95,1.158
R4679,poplar,65004,54438.9,5197.3,-49.21,1.097
R4680,poplar,65414.8,54140.5,5187.3,-239.26,0.976
R4681,pine,66036.4,54453.8,5539.3,84.95,0.902
R4682,pine,67185.9,54241.1,6148.4,-73.06,0.929
R4683,pine,68277.7,54584.1,5957.7,-141.41,1.176
R4684,pine,68933,54686,5991,18.85,1.229
R4685,pine,69468.3,54388.8,6006.6,44.34,0.854
R4686,pine,-69325.4,54845.7,6183.6,50.12,0.971
R4687,pine,-69008.6,55283.2,6215.5,54.45,1.028
R4688,pine,-68060.6,55122.9,6216,34.89,1.246
R4689,pine,-66826.6,55071.7,5943.1,70.33,0.953
R4690,pine,-66433.7,55376.8,6058,40.09,1.062
R4691,poplar,-65356.5,55319.6,6478.5,34.06,1.067
R4692,pine,-65117.8,54888.6,6454.4,-42.68,0.868
R4693,pine,-63723.5,55301,5673.2,-45.61,1.023
R4694,pine,-63407.9,55337.8,5459.5,-124.4,0.89
R4695,pine,58211,55010.9,3223.4,-208.13,1.117
R4696,pine,59027.9,55033.4,3756.3,-185.05,0.862
R4697,elm,59877.1,55161.3,4183.5,-266.55,1.066
R4698,poplar,61058.5,54979.3,4713.6,-259.58,0.82
R4699,pine,61936.5,54990.8,4615.9,-100.49,1.19
R4700,poplar,62594.2,55256.4,4740.2,-125.32,1.059
R4701,elm,63259.4,55406.8,4965.9,-190.06,1.232
R4702,pine,64087.9,55378.7,5225.4,-68.02,0.928
R4703,elm,64906.3,55203.1,5269.3,-131.27,1.113
R4704,poplar,65939.9,54835.3,5425.8,-130.46,0.888
R4705,elm,66679,55161.1,5498.9,1.85,1.195
R4706,pine,67099.2,55479.7,5596.8,-88.07,1.14
R4707,pine,68071.3,55171.8,6393.2,-55.69,0.939
R4708,poplar,68610.4,55419.9,6361.9,-265.51,0.988
R4709,pine,69546.9,55132.9,5929.3,-231.99,0.997
R4710,elm,-69376.4,55806.4,6446.5,-268.62,0.903
R4711,elm,-69067.2,56236,6460.1,-87.27,1.218
R4712,pine,-67840.5,55611.1,6279.5,63.72,1.054
R4713,pine,-67148.7,56346.6,6280.6,-226.81,0.999
R4714,pine,-66387.5,55984.6,6179.9,-111.41,1.127
R4715,pine,-65720.8,55827.8,6353.2,-250.62,0.939
R4716,elm,-64635.7,55605,6374.9,-264.41,1.014
R4717,pine,-63790.6,55671.7,5783.5,-1.26,1.158
R4718,elm,-63070.4,56187.2,5403,40.63,1.183
R4719,elm,-62408.8,55746.6,4968.6,-27.5,0.908
R4720,pine,-61508.8,55767,4408,83.38,1.099
R4721,pine,58892.8,56235.9,3595.2,-136.67,0.922
R4722,pine,61052.9,56053,4447.3,-110.61,1.086
R4723,pine,61887.5,55957,4451.6,83.78,1.205
R4724,elm,62127.5,56053.7,4472.8,-156.14,0.933
R4725,elm,62803.5,55777.1,4664.4,-69.36,0.812
R4726,pine,64171.6,56068.5,5397.4,66.64,1.188
R4727,elm,64671.4,56061.9,5202.6,-34.84,0.938
R4728,pine,65579,56256.9,5201,-201.45,1.109
R4729,elm,66783,56229.3,5269.3,-115.31,1.186
R4730,pine,67187.3,56080.3,5480.3,-153.13,1.233
R4731,pine,68227.1,56068.1,6020.3,67.39,0.866
R4732,pine,68740.6,56099.7,6459.8,59.57,0.966
R4733,elm,-69389.7,56803.6,6524.7,77.39,0.835
R4734,pine,-68458.3,56852.1,6612,-53.84,1.208
R4735,poplar,-68139.7,56875.7,6614.8,-208.2,1.055
R4736,poplar,-66969.7,56590,6329.9,78.3,0.84
R4737,pine,-66703,57161.6,6654.6,80.75,0.973
R4738,poplar,-65531.1,56635,6759.7,-240.76,1.184
R4739,pine,-64541.1,57142.8,6409.2,37.16,0.999
R4740,poplar,-63717,56604.7,5751,-121.83,0.982
R4741,pine,-62837.9,56554.2,5267.6,-61.82,1.2
R4742,elm,-62778.6,56900.3,5270.8,-83.97,1.199
R4743,poplar,-61572.1,57075.8,4673.3,-175.16,1.171
R4744,pine,60610,56519.9,4150.3,-71.89,1.148
R4745,poplar,61527.1,56644.6,4355.6,-193.65,0.919
R4746,pine,62401.7,56667.3,4320.3,-37.68,0.841
R4747,pine,63137.3,56884.7,4606.9,-205.1,1.171
R4748,elm,64218.5,56916,5121.4,-26.11,1.109
R4749,pine,64800.2,56723.9,4992.5,-197.57,0.837
R4750,pine,65869.9,56726.1,5099.2,-107.5,1.11
R4751,poplar,66226.5,56818.2,5102,-245.02,1.24
R4752,elm,66966,56757.2,5215.7,-143.13,1.128
R4753,pine,68188.5,56664.7,5658.1,-252.88,1.14
R4754,poplar,68688.9,57007.1,5917.6,-91.89,0.881
R4755,pine,69455.4,56725,6477.8,65.17,1.068
R4756,pine,-69009.3,57472.9,6873.6,23.29,1.033
R4757,poplar,-67657.1,57346.9,6842.5,-196.94,1.053
R4758,elm,-66846.7,57422.8,6683.3,-242.23,1.138
R4759,pine,-66651.5,57336.7,6684.4,-33.65,0.905
R4760,pine,-64544,57872.5,6606.1,-223.79,1
R4761,pine,-64217.5,57852.2,6312.9,-183.83,1.124
R4762,pine,-63276.5,57539.6,5615.5,-61.85,0.826
R4763,pine,-62598.8,57206.6,5191.9,-252.78,1.013
R4764,pine,-61279.7,57854.2,4503.3,1.11,0.823
R4765,poplar,4699.9,57986.2,3583.3,-246.68,0.861
R4766,pine,6957.6,57269.1,3642.6,-244.1,1.105
R4767,pine,60856.1,57534.2,3875.4,-79.42,0.983
R4768,elm,61904.4,57963.1,4172.1,59.6,0.929
R4769,pine,62567.7,57636.5,4460.4,-172.13,0.836
R4770,pine,63386.1,57596.4,4552.3,-253.83,0.884
R4771,poplar,63958.4,57573.9,4860.3,-130.49,1.002
R4772,pine,64825.1,57238.4,4887,-174.76,1.042
R4773,pine,65627.3,57610.5,5005.9,-28.03,0.925
R4774,pine,66750.6,57961,5022.5,28.88,1.164
R4775,pine,66970.9,57781.1,5111.8,-52.5,0.875
R4776,pine,68335.5,57479,5666.8,-78.52,0.904
R4777,poplar,69051.4,57544.2,6132.9,-18.91,1.222
R4778,pine,-69147.4,58005.7,6745.7,-149.41,1.057
R4779,pine,-67235.1,58647,6568.3,-163.89,1.119
R4780,poplar,-66152.6,58746.3,6570,4.83,1.153
R4781,pine,-65257.8,58157,6633.3,-237.84,1.027
R4782,elm,-64742.3,58477.5,6760.7,71.58,1.205
R4783,pine,-63645.2,58066.2,6007.1,-25.36,0.832
R4784,pine,-63491.8,58013.2,5909,-169.63,1.024
R4785,poplar,-61982.2,58088,5020.9,-84.18,1.09
R4786,poplar,-61173.7,58077.3,4492.9,-21.6,0.992
R4787,pine,370.6,58568.6,3602.3,-31.9,0.821
R4788,poplar,2623.6,58019.6,3440,38.14,1.122
R4789,pine,7255.6,58492.3,4100.1,14.28,1.076
R4790,elm,8223.4,58641.3,3926.7,-203.86,0.869
R4791,elm,59162,58507.3,3841.5,-206.4,0.884
R4792,pine,60009.9,58770.6,3765.1,-88.33,1.181
R4793,pine,61897.4,58071.4,4175.3,-159.18,0.848
R4794,pine,62245.2,58323,4182.9,-74.96,0.957
R4795,elm,64243.9,58056.4,4935.3,75.43,0.845
R4796,elm,65072.1,58165.5,4901.7,42.43,1.112
R4797,pine,65974.9,58429.5,5037.4,32.22,1.207
R4798,pine,66727.4,58602.4,5069.3,-145.89,0.988
R4799,pine,66905.9,58517.5,5035.5,53.93,0.812
R4800,elm,68104.3,58129,5511.1,21.71,1.058
R4801,pine,68909.6,58600.6,5785.9,75.31,1.051
R4802,pine,69337,58172.2,6050,-131.91,1.208
R4803,pine,-68974.7,59457.3,6389.4,-111.41,1.204
R4804,pine,-67937.7,58910.8,6532.9,-227.66,0.898
R4805,poplar,-66830.8,59108.9,6579.7,-154.48,0.87
R4806,pine,-65789.1,59235.1,6551.2,-7.56,1.013
R4807,elm,-62809.5,59102.7,5872.2,85.97,1.21
R4808,pine,-62174.5,59484.4,5533,-126.19,0.904
R4809,pine,328.3,59296.2,3776.9,-119.15,0.953
R4810,pine,1241.3,59051.8,3823,2.71,1.025
R4811,pine,5736.5,58915.3,3939.9,35.1,1.032
R4812,poplar,6691.9,59318.4,4122.4,-32.9,1.2
R4813,poplar,7523.8,59200.5,4104,-65.53,1.121
R4814,poplar,7995,59105.1,4102.3,-259.08,0.862
R4815,pine,8580,58824.5,3849.7,-232.92,0.931
R4816,pine,60710.7,59333.5,3953.1,-29.81,1.023
R4817,elm,61728.6,59052.4,3930.8,-232.93,1.179
R4818,pine,63942.3,59162.1,4388.2,12.77,1.016
R4819,poplar,64879.9,59404.5,4902.5,46.83,0.965
R4820,poplar,65898.9,59546.7,5032,-72.96,0.838
R4821,poplar,66533.1,59149.8,4934.4,-242.05,1.208
R4822,pine,67027.5,59240.5,5004.9,-78.89,0.861
R4823,elm,67706.7,59019.5,5098.8,-23.34,1.07
R4824,elm,68990.7,59357.3,5754.8,-130.62,1.212
R4825,pine,-68894.8,60028.6,6231.6,30.91,1.244
R4826,pine,-66419.2,60337.6,6028.5,-54.01,0.84
R4827,pine,-65767.1,60154,6054.5,-24.46,1.144
R4828,elm,-64132.2,59894.8,6060.8,87.57,0.907
R4829,elm,-45611.7,60243.9,3632.4,46.64,0.985
R4830,elm,-41795.1,60100.5,3726.4,-142.61,1.06
R4831,pine,-39026.7,60361.7,3579.5,85.25,1.01
R4832,pine,-1391.9,60014.6,3977.4,9.57,1.072
R4833,pine,1838.2,60078.1,3953.6,-96.65,1.159
R4834,pine,2488.9,60049.5,3992.3,-48.69,1.226
R4835,pine,4784.5,59856.8,4078,-152.82,0.918
R4836,elm,5754.6,60108.4,4129.9,-237.98,1.128
R4837,poplar,7191.3,59923.4,3998.1,87.99,1.043
R4838,pine,8169.4,60306.6,4015.4,53.36,0.805
R4839,pine,8703.7,59989,3973.3,-228.55,0.982
R4840,pine,9540.2,59869.1,3745.1,-239.73,0.918
R4841,elm,60318,59883.6,3841.7,-206.7,1.213
R4842,elm,61211.4,59909.3,3847.8,-62.92,0.931
R4843,elm,62681.3,59674.5,4047.5,-261.25,1.05
R4844,poplar,63522,59691.6,4277.4,-227.85,1.2
R4845,pine,63625.5,59807.1,4355.2,35.77,0.815
R4846,pine,64657,60275.6,4755.1,-98.48,0.977
R4847,pine,65752.6,59661.7,5027.6,-6.74,0.827
R4848,pine,66073.1,59785.8,5024.3,-145.17,0.899
R4849,elm,67151.9,59724.8,5010.1,81.71,1.129
R4850,elm,67751.4,59751.7,5113.5,-26.94,1.039
R4851,elm,68413.2,60067.8,5644,-170.6,1.047
R4852,pine,-68613.8,60495.9,6205.9,-78.19,0.933
R4853,pine,-66501.8,60845.9,5894.2,-5.05,1.001
R4854,pine,-63213.5,60886.8,5297.7,-71.78,0.939
R4855,poplar,-59704.5,60472.9,4112.4,31.23,1.059
R4856,pine,-41559.5,60795.6,3993.9,-51.32,0.945
R4857,elm,-39874.7,60827.1,3782.1,-156.31,1.173
R4858,poplar,-15273.1,61080.5,3631.9,-11.09,0.864
R4859,elm,-14273.2,61072.3,3979.8,-215.11,0.817
R4860,pine,-13903.1,60960.9,4010.1,-242.1,0.803
R4861,poplar,-12984.7,60462,3557.6,-22.45,1.017
R4862,pine,-3185.5,60943.9,3712.6,-268.1,0.815
R4863,pine,-2367.8,60876.7,4029.8,-176.2,0.904
R4864,poplar,770.8,61125.1,4027.7,10.14,1.006
R4865,elm,1588.4,61004.3,4146,39.22,0.98
R4866,elm,2908.3,61032.5,4302,-164.07,1.123
R4867,elm,4348.9,60889,4447.4,-53.66,1.194
R4868,poplar,4932.9,60494,4219.8,-218.42,0.817
R4869,pine,5664.4,60578.1,4274.8,52.59,1.1
R4870,pine,7724.1,60741.5,4142.8,-173.61,1.002
R4871,pine,8611,61139.8,4434.4,-25.83,1.087
R4872,elm,9313.1,60793.4,4197.4,75.96,1.162
R4873,elm,25428.5,60532.2,3245.8,-257.11,1.044
R4874,elm,63267,61003.2,4321.1,20.89,1.147
R4875,elm,63785,60917.8,4428.6,-206.26,0.925
R4876,elm,65596,61159.7,4950.7,-84.8,0.984
R4877,elm,66204.6,60661.4,4915.6,-67.23,1.163
R4878,pine,67289.6,60976.2,5376.9,-47.05,0.952
R4879,poplar,67979.2,60766.8,5388.3,-126.62,0.81
R4880,elm,68506.4,61030.3,5853.2,-140.39,0.936
R4881,pine,69276.9,60775.6,6083.1,48,0.889
R4882,elm,-42561.1,61825.8,4044,35.54,1.074
R4883,pine,-40288.5,61743.7,4055.9,-205.99,0.949
R4884,elm,-32900.2,61721.9,3524.7,5.38,1.034
R4885,pine,-14254.2,61362.4,4042.5,-195.47,0.844
R4886,pine,-3910.5,61397.5,3404.2,-154.96,1
R4887,poplar,-2638.8,61813.8,3998.3,-6.09,1.029
R4888,poplar,-1108.9,61534.9,4254.9,-259.23,1.003
R4889,poplar,-94.3,61905,4294.8,40.24,0.829
R4890,elm,1582.5,61600.7,4381.2,-163.11,1.205
R4891,pine,2247.2,61994.3,4608.2,-124.1,1.235
R4892,elm,2956.5,61414.6,4422.7,-32.04,1.024
R4893,pine,4382.3,61637.2,4554.9,-177.54,1.188
R4894,pine,5543.9,61878.1,4271.5,-102.75,0.907
R4895,pine,6746,61946.1,4446.1,-232.1,0.981
R4896,pine,6841.4,61663.6,4406.6,39.84,1.133
R4897,pine,8387.6,61311.3,4533,58.33,0.983
R4898,pine,8996.1,61777.9,4523.7,-25.72,1.232
R4899,pine,9453.4,61857.8,4351.8,-41.12,1.177
R4900,pine,10302.1,61522.8,3970.4,14.17,1.149
R4901,elm,27980.1,61321.9,3682.8,-222.82,0.839
R4902,elm,29248.5,61551.6,3777.2,-24.23,0.979
R4903,pine,62057.8,61641.1,4029.1,-24.47,1.085
R4904,pine,62844.9,61420.3,4307.9,-21.98,1.048
R4905,pine,64194.4,61286.8,4583.7,-191.49,1.162
R4906,elm,64468.8,61907.7,4876.8,-62.45,1.032
R4907,pine,65712.6,61533.3,5003.2,-72.57,1.035
R4908,pine,66490.3,61443.2,5266.1,-44.19,0.997
R4909,pine,67141.2,61256.6,5418.7,-195.1,1.001
R4910,pine,68146.8,61849.7,6220.6,-160.39,0.813
R4911,pine,-54237.6,62400.5,3936.6,70.27,1.147
R4912,pine,-50283.8,62552.3,3897.4,-255.48,1.024
R4913,pine,-48302.4,62479.5,4060.3,1.64,0.969
R4914,pine,-42196.1,62748.8,4335.8,-27.48,0.845
R4915,pine,-41599.2,62531.8,4465.3,85.88,0.935
R4916,elm,-40730.4,62406.8,4305,-223.56,1.155
R4917,elm,-40399.7,62691,4173.2,-124.61,1.066
R4918,elm,-15525.9,62152.6,4098.2,-265.01,1.029
R4919,pine,-2849.6,62720.6,4119,-125.65,0.87
R4920,elm,-1982.8,62776.9,4312.7,-84.63,0.832
R4921,elm,319.1,62580.7,4565.2,-107.17,1.143
R4922,pine,599.2,62629.1,4592.4,-58.53,0.909
R4923,pine,1790.9,62639.9,4718,-256.48,1.056
R4924,poplar,2086.7,62632.9,4817.7,-1.47,1.224
R4925,poplar,3585.3,62405.1,4513,-33.75,1.047
R4926,elm,5140.2,62141.3,4363.9,-139.3,1.132
R4927,elm,5887.1,62208.3,4374,-200.34,0.885
R4928,elm,6776.2,62673.8,4640.4,-201.97,1.135
R4929,poplar,7298.3,62726.3,4805.2,1.46,0.874
R4930,poplar,7687,62250.7,4732.6,-147.42,0.972
R4931,pine,9012.5,62314.2,4646.8,-199.94,1.042
R4932,pine,10282.8,62215.1,4172.1,-150.68,1.242
R4933,pine,10835.7,62171,4041.7,-230.9,1.226
R4934,elm,12306.9,62444.5,4177.3,-140,1.043
R4935,poplar,28880.1,62488.8,4018.7,-143.81,0.851
R4936,pine,29319.5,62084.2,3788.7,-191.1,0.99
R4937,poplar,38932.3,62042.8,3922.7,27.47,1.204
R4938,pine,39756.9,62724,4243.7,-110.55,1.185
R4939,elm,63581.1,62400.7,4936.8,-5.85,1.003
R4940,pine,64043.9,62445,5076.1,-251.93,0.854
R4941,elm,64605.2,62399.4,5127.7,-241.76,1.182
R4942,pine,65646.7,62412.9,5108.1,-71.53,1.246
R4943,pine,66262.3,62159.8,5166,0.48,0.969
R4944,elm,67329.1,62561.6,5894.7,-168.17,0.81
R4945,pine,68072.6,62791.9,6395.3,19.21,1.003
R4946,elm,68626.7,62750.5,6789.2,-194.31,0.98
R4947,poplar,-54234.8,63218.7,4129.8,-258.2,0.837
R4948,pine,-53449.8,63103.3,4132,-235.64,1.196
R4949,elm,-53077.6,63414.1,4240.1,-1.5,0.939
R4950,pine,-52060.2,63105.9,4238.7,-148.02,0.852
R4951,pine,-50879.7,63343.6,4257.9,-253.05,0.858
R4952,poplar,-50779.6,63176.5,4143.2,-122.72,0.882
R4953,pine,-48637.9,63274.7,4432.1,-258.05,0.925
R4954,pine,-46442.2,62948.3,3630.6,-140.74,0.81
R4955,poplar,-44528.7,63211.5,4361.3,-12.23,1.196
R4956,elm,-44337.7,63361.3,4379.1,8.6,1.182
R4957,pine,-43051.4,63554.3,4645,-58.01,1.113
R4958,pine,-42167.6,63171.1,4586.8,49.62,1.032
R4959,pine,-41922.2,63511.4,4978.7,-44.38,1.231
R4960,pine,-40741.4,62928.9,4433.5,-177.25,1.106
R4961,pine,-40250.6,63310.6,4220.2,-41.69,1.075
R4962,pine,-36891.1,62815.9,3491,71.9,0.996
R4963,elm,-35696.8,62830.8,3709.1,-243.94,0.84
R4964,pine,-34807,63538.8,4292.1,52.79,1.162
R4965,elm,-34548.3,62884.9,3964.7,-206.6,0.919
R4966,pine,-33609.1,62987.1,4200,-249.22,0.942
R4967,pine,-33192,63510,4249.4,-130,1.182
R4968,elm,-30868.9,63329.8,3932.7,-247.69,0.902
R4969,pine,-25610.6,63214.1,3542.4,-218.26,1.166
R4970,elm,-6216.3,63429.8,3974.9,-93.9,0.879
R4971,elm,-4793.4,63268,4263.4,-263.09,0.845
R4972,poplar,-2013.6,63591.5,4827.4,-34.96,0.881
R4973,pine,-1362.8,63209.7,4573.1,-153.56,1.194
R4974,elm,-1013.9,62916.7,4463.3,-15.75,0.946
R4975,pine,835,62918.7,4686,-52.82,1.182
R4976,elm,1730.7,63356.5,5029.3,79.61,1.242
R4977,pine,2124.9,63215.4,5035.3,-152.39,1.198
R4978,elm,2905.9,62958.6,4753.9,-234.34,1.228
R4979,pine,3788.2,63295.8,4483.5,39.61,1.084
R4980,elm,5742.7,62827.6,4435.1,43.3,1.063
R4981,elm,6548.2,63330.3,4835.2,-215.26,1.109
R4982,elm,7422.6,63296.1,4752.6,-111.63,1.082
R4983,elm,8314.2,63207.3,4758.3,-93.51,1.195
R4984,pine,9047.4,63261.1,4647.8,-221.92,1.098
R4985,pine,9468.6,63097.2,4500.2,-45.51,0.984
R4986,pine,12594.5,63567.7,4396,-41.59,1.094
R4987,elm,63914.6,63378.5,5473,-140.03,1.188
R4988,pine,64767.8,63482.3,5584,-129.06,0.893
R4989,elm,65429.9,63045.3,5429.4,-65.26,1.002
R4990,elm,66661.5,63208.5,5904.1,-6.7,0.985
R4991,pine,66837.7,63498.2,5975,-247.87,0.903
R4992,poplar,68111.8,62902,6456,26.61,1.235
R4993,pine,68998.1,62868.5,7062.2,-242.73,1.143
R4994,pine,69377.5,63469.9,7259,73.54,1.088
R4995,pine,-61266.6,63892.3,4220.9,-44.07,1.229
R4996,pine,-55184.3,64332,4645,-77.93,1.167
R4997,elm,-54372.7,64376.8,4691.9,-97.22,0.924
R4998,pine,-53705.4,63876.4,4319.3,-236.56,1.035
R4999,pine,-52748.1,63768.6,4396.3,-122.34,1.126
R5000,pine,-51768.6,63860.4,4609.5,-71.88,1.174
R5001,pine,-51432.9,64100.4,4629.4,-172.3,0.884
R5002,pine,-50719.3,63728.8,4492.2,-174.16,1.18
R5003,pine,-49411,64382.4,4468.3,-257.47,0.904
R5004,pine,-47715.7,63639.4,4079.7,67.94,0.966
R5005,pine,-46333.4,64157.7,4255.8,43,0.891
R5006,pine,-45287.9,63958.1,4467.8,-256.23,1.039
R5007,elm,-44670.4,63751,4404.2,64.17,0.966
R5008,poplar,-44234.6,64035,4587.1,37.5,1.107
R5009,pine,-43044.6,64140.1,4936.5,-243.71,0.999
R5010,elm,-42276,64394.1,5246.4,28.19,0.985
R5011,pine,-41871.8,63718.2,5073.4,68.63,1.036
R5012,pine,-41087.4,63756.3,4743.4,82.53,1.123
R5013,poplar,-40141.4,63877.5,4332.6,-136.2,1.045
R5014,pine,-38939.9,64376.6,4145.4,-135.12,1.077
R5015,pine,-36794.8,64322.4,4352.6,-166.4,1.085
R5016,pine,-36291.7,64326.1,4553,-219.46,1.007
R5017,elm,-35554.8,63778.9,4465.1,-26.45,1.249
R5018,elm,-34070.1,63714.9,4492.7,-7.19,0.947
R5019,pine,-33883.1,63946.3,4513.1,-1.2,0.957
R5020,pine,-32105.1,64388.4,4147.8,-189.93,1.146
R5021,elm,-30948.2,63645,4234.2,-175.39,1.236
R5022,pine,-29139.9,64276.2,3820.3,-124.55,1.201
R5023,pine,-23011.3,63997.8,3335.8,-246.4,1.044
R5024,elm,-10598.5,64253.5,4112.4,20.11,1.05
R5025,pine,-7486.8,64337.9,4513.4,-138.72,1.053
R5026,elm,-5299.8,63748.4,4558.4,-36.4,1.088
R5027,pine,-4431.5,64379,4955.8,-194.67,1.015
R5028,pine,-4040.6,63852.6,4817.3,-238.9,1.069
R5029,elm,-3226.3,63723.9,4788.6,-226.68,0.848
R5030,pine,-1256.8,63920.3,4913.6,-22.33,0.872
R5031,poplar,54,63919.4,4922.1,-27.21,1.192
R5032,poplar,1105.2,63707.3,5011.1,-16.97,0.911
R5033,pine,1247,63738.8,5050.7,-86.11,1.212
R5034,elm,2041.5,63718.2,5138.6,-200.5,1.103
R5035,pine,3005.1,63877.7,4860.5,54.09,0.912
R5036,elm,3873,64171.1,4634.7,-45.72,1.075
R5037,pine,4858,64305.9,4476.9,-18.41,0.984
R5038,elm,5971.6,64040.9,4514.9,57.16,1.091
R5039,poplar,6201,64243.5,4551,-74.54,0.891
R5040,elm,6983.3,63826.5,4865,-107.79,0.898
R5041,elm,7607.5,64103.8,4825.3,-107.32,1.195
R5042,pine,8540.3,63834.9,4660.3,-189.94,1.157
R5043,poplar,9487.9,64363.2,4878.3,-100.75,0.982
R5044,pine,11242.8,64184.8,4758.6,-258.17,0.993
R5045,elm,14781.7,64143.2,4155.8,-91.04,0.844
R5046,elm,14829.4,64290.9,4193.3,-166.14,0.896
R5047,pine,16019,64312.6,4255.6,-236.87,1.006
R5048,poplar,26911.7,63830.4,4096.5,-248.87,1.165
R5049,elm,28710.3,63932.5,3984.1,-49.81,1.142
R5050,pine,33336,64005,3545.4,-198.34,1.107
R5051,pine,38651.8,64327.8,4266.2,-36.49,0.917
R5052,pine,40453.6,64042.3,3897.6,-214.44,0.979
R5053,elm,63510,64025,5364.8,-206.14,1.206
R5054,pine,64353.1,64091.2,5751.7,-171.9,0.946
R5055,pine,65031.5,64211,5691,-137.06,1.245
R5056,elm,65880.6,64189.9,5568.4,-143.11,1.033
R5057,elm,66744.9,63971.8,5985,89.04,1.044
R5058,pine,68248.8,63625.1,6698.2,-16.84,0.946
R5059,pine,68541.5,64350.9,7101.8,-45.79,1.1
R5060,pine,69305.1,63807.6,7150.8,-197.38,1.06
R5061,elm,-64960.8,65092.5,5279.5,37.67,1.029
R5062,pine,-57144.6,64703,4400.2,75.4,1.082
R5063,pine,-55896.8,64733.6,4626.5,-206.31,1.157
R5064,elm,-54332.9,64719.9,4725.8,-153.81,1.175
R5065,pine,-53389.8,64543.4,4508.8,-57.2,1.204
R5066,elm,-53049.3,64687.6,4418.3,-185.42,1.083
R5067,pine,-52393.6,64829.2,4461.9,62.93,1.232
R5068,elm,-51402.7,64592.9,4542.5,89.98,1.232
R5069,elm,-50649,64875.6,4565.9,-52.38,1.072
R5070,pine,-49319.4,64508.4,4447.1,-181.15,0.814
R5071,elm,-49019,64867.5,4435.4,29.3,0.915
R5072,pine,-47418,65157,4702.5,-204.53,0.931
R5073,elm,-46793.9,65069.2,4748.6,84.94,0.871
R5074,pine,-45512.3,65191,4778.5,15.2,0.911
R5075,poplar,-44659.6,65124.7,4784.8,1.49,0.855
R5076,pine,-43736.4,64468.9,4834.6,-60.41,0.823
R5077,pine,-43083.8,64622,5044.5,22.7,1.227
R5078,pine,-42621.7,65053,5231.4,-64.58,1.029
R5079,pine,-41226.7,65015.4,4887.8,-58.66,1.241
R5080,pine,-41109.2,64717.3,4799.3,-63.37,1.143
R5081,poplar,-40273.5,64954.5,4518.7,79.89,0.816
R5082,elm,-39392.6,64976,4397.5,30.71,0.99
R5083,pine,-38032.8,64975.1,4421.6,-249.91,1.19
R5084,poplar,-37004.3,64491.5,4326.5,4.5,1.008
R5085,poplar,-35906.1,64854.7,5134.5,-33.15,1.238
R5086,pine,-35259.8,64963.7,5175.2,-171.14,1.007
R5087,pine,-34269.6,64727.5,4772,23.06,0.825
R5088,pine,-33386.3,65100,4614.2,-267.39,0.873
R5089,elm,-32594,65144.7,4566.8,25.52,1.205
R5090,pine,-30801.1,64560.3,4225,-244.52,0.894
R5091,poplar,-27286.2,65093.7,3691.3,-6.05,1.044
R5092,pine,-26599.5,65165.7,3641,-129.18,0.852
R5093,elm,-25586.8,64551.9,3471.8,-120.82,1.193
R5094,pine,-23113.9,64857.1,3230.9,-200.61,1.054
R5095,poplar,-17825.5,65173.1,4468.5,-234.44,1.218
R5096,elm,-16000.2,64487.9,5215.2,-253.41,0.906
R5097,pine,-8721.9,64632.8,4502,-262.61,1.13
R5098,pine,-7019.5,64711.7,4737.3,-237.9,1.204
R5099,pine,-6604.1,64886.1,4985.3,37,1.043
R5100,poplar,-5502.7,64969.6,5233.6,-222.95,1.094
R5101,pine,-4972.2,64792.5,5220.7,-135.93,1.11
R5102,poplar,-2972.4,64586.2,5198,-119.64,1.001
R5103,elm,-2663.9,64828.1,5413.8,-113.42,1.184
R5104,pine,-1426.2,65120,5424.5,-27.52,0.876
R5105,elm,-591.8,65133.5,5443.3,-117.27,1.051
R5106,poplar,279.5,64628.1,5355.4,-217.52,1.025
R5107,poplar,1042.4,65055.6,5457,-160.54,1.023
R5108,elm,1575,64982.9,5408.8,-190.78,1.13
R5109,pine,2580,65084.9,5176.9,-130.3,1.143
R5110,pine,3095,65180.1,5111.7,77.66,1.061
R5111,poplar,4292.8,64755.5,4663.9,-226.96,0.865
R5112,pine,6081.6,64957.8,4659.7,-153.78,1.067
R5113,pine,7365.7,65138.2,4748.2,-229.87,0.914
R5114,pine,8066.4,65132.3,4807.1,4.74,0.821
R5115,poplar,8873.9,64701.6,4888.3,39.36,1.073
R5116,elm,9527.5,64622.6,4987.5,15.39,0.894
R5117,elm,10357.7,65093.6,5111.6,-226.58,0.801
R5118,poplar,11113.4,64450.4,4812.9,17.88,0.828
R5119,elm,11874.2,65132.6,4494.6,-35.98,1.154
R5120,elm,12999.6,65000.9,4310.8,27.02,1.053
R5121,pine,13612.2,64619.3,4311.9,-123.74,1.117
R5122,poplar,16670.2,65180.8,4433.5,-164.9,0.806
R5123,poplar,26747.5,64701.2,4506.9,-178.01,0.89
R5124,pine,27796.5,64439.7,4424.8,-76.5,0.817
R5125,pine,29222.6,64466.3,3673.2,-119.16,0.826
R5126,poplar,30060.6,65008.4,3260.7,-263.41,0.888
R5127,pine,40155,64706,3949.6,-260.13,1.249
R5128,poplar,40603.6,65113.9,3759.3,-258.8,1.109
R5129,elm,45133.2,65144.4,4063,8.09,1.099
R5130,poplar,62317.7,64530.1,4358.4,-251.28,0.899
R5131,pine,62824.1,64808.1,4683,-226.82,1.036
R5132,elm,63714.9,64908.7,5190.1,-206.84,1.055
R5133,elm,64801,65133.8,5521.5,-79.38,1.022
R5134,pine,65585.5,64932.2,5743,-54.63,1.216
R5135,elm,66344.2,64988.1,6254.5,-139.71,0.943
R5136,elm,66803.6,64825.8,6411.5,-252.61,0.897
R5137,pine,67711.5,64952.8,7115.8,-239.92,0.898
R5138,elm,68495.2,64791,7285.4,-175.2,1.09
R5139,pine,-64447.4,65492,4832.3,-171.57,1.039
R5140,poplar,-63422.5,65526.6,4446,10.2,1.173
R5141,pine,-62721.8,65628.8,4296.6,-128.17,1.07
R5142,pine,-56720.2,65459.9,4822.6,-213.53,1.103
R5143,poplar,-55851.3,65278.9,4863.4,-143.99,1.006
R5144,elm,-55035.5,65440.2,4839.6,-138.81,1.156
R5145,poplar,-54019,65646.5,4884.3,-168.12,1.189
R5146,pine,-53864.5,65261,4692.1,-102.7,1.067
R5147,pine,-52893.4,65532.9,4416.9,-141.39,1.103
R5148,pine,-51887.3,65649.6,4422.5,-39.94,0.923
R5149,elm,-51222.3,65455.2,4666.8,-245.52,1.004
R5150,pine,-50691.9,65619.9,4667.9,-213.22,1.02
R5151,pine,-49642.7,65919.7,4674.5,-77.42,0.908
R5152,pine,-49014.7,65931.1,4780.2,-46.51,1.198
R5153,pine,-48343.5,65443.3,4614.2,-54.88,0.809
R5154,pine,-47222.9,65550,5012.7,52.32,0.947
R5155,poplar,-45601.5,65721.4,5086.1,3.35,0.899
R5156,pine,-44998.7,65288.4,4915.1,-32.61,0.887
R5157,elm,-43740.2,65984.1,5612.9,-24.41,0.998
R5158,elm,-43278.5,65311.8,5200.1,-20.11,0.826
R5159,poplar,-42324.3,65396.1,5205.2,-51.25,1.094
R5160,pine,-41581.9,65758.9,5326.5,65.58,1.156
R5161,pine,-40533.9,65762.3,4974.8,-203.58,1.181
R5162,elm,-39938.3,65329.7,4676.9,-175.3,1.124
R5163,elm,-38889.5,65644.5,4831.5,-196.44,1.189
R5164,pine,-38450.2,65485.4,4751.7,-204.36,1.06
R5165,pine,-37732.6,65514.5,4877.4,-145.49,0.826
R5166,elm,-37146.2,65642.1,5092.5,-151.11,1.109
R5167,elm,-36180.1,65458.9,5388.9,-13.9,0.847
R5168,pine,-35545.8,65266.3,5392.9,-22.41,1.119
R5169,pine,-34561.8,65220.2,4874.6,-133.55,0.834
R5170,elm,-33231.4,65719.2,4976.3,-218.11,0.887
R5171,poplar,-32748.3,65420.7,4745.6,-186.68,0.986
R5172,elm,-31761.5,65862.8,4804.4,-184.27,1.193
R5173,elm,-28743,65646.7,4451.2,-231.06,1.06
R5174,pine,-27825.3,65634.3,3971.8,-265.23,0.905
R5175,poplar,-23698.5,65845.6,3417.5,-36.73,1.087
R5176,elm,-12463.1,65280.4,5086.6,-227.24,1.21
R5177,elm,-11710.6,65678,4979.5,-253.69,0.824
R5178,elm,-11461.6,65914.6,5043,45.61,0.826
R5179,elm,-9878.2,65639,4958.6,69.43,0.98
R5180,elm,-8533,65242.1,4782.4,-132.15,1.167
R5181,pine,-7781.1,65388.6,4943.8,-203.51,0.886
R5182,poplar,-7032.4,65796.8,5265.6,-197.46,0.912
R5183,pine,-6343.9,65947.7,5573.8,-161.07,1.21
R5184,pine,-5533.4,65937.2,5292.8,-60.85,1.02
R5185,elm,-4833.6,65917.9,5248,76.07,1.052
R5186,elm,-3883,65801.6,5300.2,-202.74,0.89
R5187,pine,-3503.9,65525.7,5355.3,-261.11,0.9
R5188,elm,-2011.9,65202.9,5571.8,82.5,1.188
R5189,pine,-545.1,65371.3,5438.3,-206.43,0.891
R5190,pine,121.8,65323.5,5509.6,-123.05,0.846
R5191,pine,584.7,65951.2,5374.4,-196.13,0.873
R5192,pine,1553.1,65741.7,5294.5,-226.36,0.866
R5193,pine,2568.1,65267.4,5237.1,56.64,0.946
R5194,pine,4212.9,65994,4908.4,-28.08,0.802
R5195,elm,6253.3,65898.2,5067.5,-214.87,1.149
R5196,pine,7185.2,65481.1,4783.9,-163.29,0.927
R5197,poplar,8357.1,65228.8,4889.2,-244.15,1.205
R5198,elm,8779.4,65305,4961.6,-142.47,1.137
R5199,pine,9748.4,65986.5,5283.6,65.26,1.005
R5200,elm,10558.8,65454.9,4893.4,-72.74,1.217
R5201,pine,10847.4,65473.8,4779.2,-11.73,0.816
R5202,poplar,12879.4,65280.4,4371.3,69.22,1.24
R5203,elm,13427.1,65705.4,4654.3,-168.28,0.96
R5204,elm,14640.7,65258.2,4454.5,-104.87,1.208
R5205,pine,18451.6,65627,4217.5,-97.96,1.166
R5206,pine,25903.9,65612.9,4553.4,-45.96,1.01
R5207,elm,27626.3,65469.6,4732.5,-118.91,1.211
R5208,pine,28928.6,65309.1,4025.7,-115.15,0.861
R5209,pine,31475,65704.5,3291.4,-31.67,1.114
R5210,pine,33728.9,65319,3814.4,-74.37,1.121
R5211,elm,38561.5,65835.3,4179.6,-67.45,1.114
R5212,pine,40107.5,65606,4038,-18.77,1.123
R5213,pine,41750.7,65769.3,3682.9,-196.29,0.864
R5214,pine,63586.9,65425.9,5013.3,-92.4,1.073
R5215,pine,64371.6,65256.3,5325.8,-49.45,0.898
R5216,pine,65191.8,65930.6,5606.9,-25.57,0.923
R5217,pine,65504.9,65450.4,5842.9,-9.58,1.091
R5218,elm,66177.4,65931,6410.2,-84.56,1.079
R5219,poplar,67294.6,65978.8,7014.5,-186.79,1.159
R5220,elm,-66580.2,66356,5424.8,-63.03,1.147
R5221,elm,-63859.4,66514.6,4548.8,36.49,0.883
R5222,elm,-60530.1,66717.6,4573.7,-53.72,0.9
R5223,elm,-59301.9,66387.9,4789.7,-116.59,0.861
R5224,poplar,-58304.2,66724.2,4931.5,-116.21,1.075
R5225,pine,-57965.6,66050.2,4809.7,-14.3,1.072
R5226,poplar,-55909.5,66255.2,4901,-120,1.026
R5227,pine,-55067.3,66601.8,5027.4,-100.94,1.219
R5228,poplar,-54071.8,66643.5,4823.1,-198.22,1.07
R5229,pine,-53982.6,66603.3,4800.2,-113.89,0.968
R5230,elm,-52873,66380.1,4561,-178.19,0.922
R5231,pine,-51451.1,66200.5,4497.3,-45.37,1.107
R5232,poplar,-50658,66780.4,4535.5,-225.98,0.848
R5233,pine,-49658.1,66240.1,4835.9,-53.17,0.861
R5234,pine,-48805.1,66113.4,4857.1,45.03,1.027
R5235,poplar,-47737.3,66034.9,5230.4,-204.63,1.224
R5236,elm,-47090.7,66301.2,5200,43.18,1.247
R5237,pine,-46248.5,66051.1,5164.8,-248.04,0.949
R5238,pine,-45367.2,66766.6,5637.4,-233.93,0.822
R5239,poplar,-43447.6,66607.8,5725.7,-117.76,1.175
R5240,pine,-42240.8,66200.7,5756.8,-43.33,1.137
R5241,pine,-41746.5,66419.5,5791.2,-164.22,1.054
R5242,pine,-40978.2,66526.2,5537,-130.07,1.245
R5243,elm,-40397.3,66596.4,5353.2,-235.88,0.982
R5244,pine,-38860.1,66652.3,5318.5,-47.8,1.035
R5245,elm,-38085.3,66033.3,5130,-250.83,1.085
R5246,poplar,-37768.5,66130,5299.1,-142.32,0.827
R5247,elm,-36401.2,66152.2,5706.4,-219.02,0.942
R5248,elm,-35636,66151.4,5578.5,-268.44,1.202
R5249,elm,-35515.4,66764.1,5635.3,-48.81,1.198
R5250,elm,-34465.6,66236.4,5285.6,-161.73,1.083
R5251,pine,-33946.8,66094.3,5230,24.66,0.91
R5252,poplar,-31643.2,66516,5231.6,-12.76,0.919
R5253,elm,-28489.1,66236.3,4434.2,69.87,1.006
R5254,poplar,-28265.4,66277.6,4295.8,-75.07,0.891
R5255,elm,-27303.6,66368.1,3992.3,-93.95,1.217
R5256,elm,-25018.3,66672.5,3971.3,-247.82,1.074
R5257,elm,-23955.4,66498.4,3650.8,-43.58,1.233
R5258,pine,-19963.8,66507,3906.1,-110.23,0.861
R5259,pine,-19254,66305.4,4144.4,-181.48,0.887
R5260,pine,-18231.5,66433.1,4588.7,-258.31,0.866
R5261,elm,-17226.4,66725.5,5395.4,-189.57,0.805
R5262,elm,-16798.4,66384.1,5547,41.28,1.178
R5263,pine,-11522.6,66688.9,5309,11.99,1.23
R5264,pine,-10647.7,66573.7,5205.4,18.87,1.075
R5265,elm,-8873.5,66084.3,5054.6,-124.51,1.044
R5266,elm,-8370.6,66396.8,5194.3,-189.01,1.017
R5267,pine,-7374.9,66635.4,5452.9,2.2,0.928
R5268,elm,-6482.3,66609.5,5281.4,-115.64,1.113
R5269,poplar,-5303,66090.3,5263.9,35.7,0.882
R5270,elm,-4688.6,66692.1,5169.5,-184.55,0.945
R5271,pine,-4173.6,66494.6,5278.1,-235.76,0.853
R5272,pine,-3247.8,66618.8,5330.3,-21.13,1.072
R5273,pine,-2195.4,66778,5092.2,-89.48,1.194
R5274,pine,-1398.4,66490.5,5170,-102.9,1.125
R5275,pine,-492.2,66539.8,5232.7,89.08,0.881
R5276,pine,-159,66234.9,5369.3,-12.4,1.057
R5277,elm,597.8,66279.7,5341,-88.93,1.244
R5278,elm,1282.6,66058.8,5248.9,-34.54,0.87
R5279,pine,2090.9,66499.4,5124.1,-146.65,1.086
R5280,pine,3123.9,66678,4955.7,-44.51,1.207
R5281,pine,4015.8,66413.4,4750.1,-5.78,1.039
R5282,pine,4629.6,66510.1,4896.2,42.74,0.867
R5283,poplar,6279.6,66642.6,5272.7,-203.01,1.006
R5284,poplar,7240.8,66656,5382.8,-263.16,1.057
R5285,elm,7958.5,66084.5,5093.8,40.63,1.161
R5286,pine,9098.1,66508.5,5309.4,-266.74,1.209
R5287,elm,9652.6,66085.3,5288,-131.91,0.803
R5288,pine,10341.7,66496.4,5023.4,79.65,0.947
R5289,pine,11376.3,66258.4,4808.7,64.58,0.871
R5290,elm,12147,66332.3,4748.9,-178.8,1.056
R5291,pine,12690.8,66475.7,4988.7,18.12,1.079
R5292,pine,13689.1,66245.7,4828.6,-56.86,1.175
R5293,elm,14917,66769.6,4898.5,82.4,0.932
R5294,pine,18486.3,66735.2,4386.4,-223.5,1.02
R5295,pine,20820.3,66569.6,4464.5,-204.95,1.21
R5296,pine,27049.9,66097.9,4896.7,-96.37,1.141
R5297,elm,28085.4,66549,5047.3,-104.65,0.841
R5298,elm,28551.9,66431.3,4772.8,-9.52,0.878
R5299,poplar,30983.1,66394.3,3700.7,-148.75,1.127
R5300,elm,32194.4,66094.6,3440.3,-81.9,1.034
R5301,poplar,37643.3,66669.7,4045.1,-239.9,1.018
R5302,pine,38323.7,66517.2,4170.8,-20.1,0.902
R5303,poplar,39041.2,66026.2,4418.7,84.12,0.901
R5304,pine,39655.7,66260.2,4486.1,-122.84,0.887
R5305,pine,40802.1,66071.5,3720.1,-215.86,0.917
R5306,pine,41745.4,66265.4,3690.8,-78.45,0.879
R5307,pine,63651.7,66116.2,4915.3,-228.88,0.833
R5308,elm,64676.5,66666.4,5470.1,2.28,0.816
R5309,pine,65299.3,66087.3,5678,80.82,1.091
R5310,pine,66719,66189,6891.7,-102.3,0.838
R5311,elm,-67015.1,67584.6,5563.2,58.76,0.915
R5312,poplar,-65748.8,67222.3,5242.4,-83,0.849
R5313,pine,-64845.7,66997.7,4970.4,-223.28,0.928
R5314,pine,-64322.9,67501.5,4778.9,38.31,0.891
R5315,elm,-62955.9,66985.9,4202.8,-260.97,1.061
R5316,elm,-61548.9,67336.4,4298.7,-257.75,0.925
R5317,elm,-61016.2,67330.2,4491,-214.85,0.826
R5318,pine,-57876.8,67476.8,5260.9,-162.33,1.084
R5319,elm,-57053.2,67001.4,5257.5,-154.16,1.212
R5320,elm,-56058.1,67568,5114.4,-224.06,1.201
R5321,pine,-54231.2,67014.1,4865.4,-157.73,0.952
R5322,pine,-53851,67409.2,4800,-20.32,1.016
R5323,pine,-51798,67542.4,4425.3,82.92,1.057
R5324,pine,-50842.3,67569.6,4464.7,14.06,0.887
R5325,elm,-50595.2,67414.4,4523.7,12.66,1.101
R5326,pine,-49702.5,66962.9,4890.8,80.78,0.804
R5327,elm,-48757.1,67455.1,5102.4,1.09,0.864
R5328,poplar,-48275.7,67016.8,5166.9,33.02,0.803
R5329,pine,-47508.2,67309.3,5316.4,-98.18,1.151
R5330,pine,-46665.9,67076.2,5416.1,9.32,1.166
R5331,elm,-44699.9,67376.8,5816.4,-175.93,0.847
R5332,elm,-44007.6,66980.8,5754.7,-60.34,1.179
R5333,pine,-43265.1,67564.3,5695.7,70.16,0.967
R5334,pine,-42656.9,67035.4,5770.5,-84.83,0.813
R5335,pine,-41584.6,67250.9,5749.1,-113.79,0.891
R5336,elm,-40800.7,66829.4,5532,-100.82,0.827
R5337,poplar,-40279,67520.8,5454.4,87.22,1.105
R5338,elm,-39137,67333.6,5574,-82.56,0.849
R5339,pine,-38694.4,66862.6,5483.6,-225,0.827
R5340,poplar,-37566.3,67349,5889.8,-223.36,1.089
R5341,pine,-36528.7,67093.4,5909.2,-130.33,1.01
R5342,pine,-36190.7,66826,5862.1,-46.93,0.803
R5343,pine,-30293,67097,5261.8,-114.93,0.969
R5344,pine,-29950.1,67311.9,5200.2,-38.59,0.855
R5345,poplar,-28745.1,67524.7,4756.1,-210.35,0.824
R5346,pine,-27199.2,67324.1,4130,6.43,0.83
R5347,elm,-26439.1,66956,3869.6,12.15,0.814
R5348,pine,-23691.4,67482.5,3935.1,-94.92,0.944
R5349,elm,-22972,67085.8,3636.7,-171.15,1.095
R5350,pine,-21533.9,67530.6,3886.2,-121.83,0.873
R5351,pine,-18859,66872.3,4545,27.14,1.17
R5352,pine,-18248.3,67063.2,4746.6,16.45,1.009
R5353,elm,-17578.7,67568.2,5284,-185.15,1.075
R5354,pine,-17092.3,67474.1,5567.2,-92.94,0.895
R5355,poplar,-13866.2,67401,5792.4,-163.91,0.852
R5356,pine,-12176.2,67097.1,5436.3,-263.04,0.934
R5357,pine,-10963,67557.7,5862.7,-253.07,1.189
R5358,pine,-9737.8,67343.8,5628.5,-15.33,1.028
R5359,pine,-8723.8,67412.7,5755.4,9.13,0.875
R5360,pine,-8058.6,67584.6,5639.3,41.36,1.21
R5361,pine,-6830.9,67111.4,5297,-106.35,1.04
R5362,poplar,-6409.9,67393.6,5346.6,26.24,1.091
R5363,pine,-5671.1,67333.5,5291.2,37.27,1.217
R5364,pine,-5107.4,67338.2,5271.8,-70.26,0.879
R5365,poplar,-4033.4,67416.6,5409.3,27.15,1.245
R5366,pine,-2978.8,67374.1,5148.9,89.06,1.163
R5367,poplar,-2311.6,66857.9,5057.8,-203.75,1.203
R5368,elm,-1853.3,67309.8,4894.5,-232.96,1.158
R5369,pine,-536.9,67422.6,4910.5,-95.29,1.169
R5370,pine,-231.5,67271.4,4983,-59.94,1.112
R5371,poplar,823.7,67207.1,5297.5,77.55,0.878
R5372,poplar,1338.3,67424.8,5189.3,-119.58,0.828
R5373,pine,4277.4,66914.7,4755.5,2.46,1.21
R5374,pine,4837.1,67075.3,4993.2,-154.34,1.103
R5375,poplar,5279.2,67211.2,5031.6,-177.53,1.173
R5376,elm,6593,67117.3,5536,-37.11,1.002
R5377,elm,7596.9,67194.2,5566.1,-77.95,1.13
R5378,elm,8147.5,67014.1,5426.8,-209.11,1.034
R5379,pine,8494,67517.4,5539.7,-45.25,0.982
R5380,elm,9813.4,66869.3,5319.7,-181.63,1.095
R5381,pine,10423.8,67444.8,5146,-74.14,1.008
R5382,elm,11182.2,67148.2,4940.3,-5.28,0.831
R5383,elm,12428.6,67324.6,5180.1,-139.06,0.861
R5384,pine,13435.3,67110.5,5176.1,-150.92,1.147
R5385,elm,16669,67388.9,5232.9,-67.57,0.933
R5386,pine,18269.1,66838.7,4440.9,-71.41,0.999
R5387,pine,20875.9,66816.3,4482.3,88.65,1.147
R5388,pine,25527,67002.7,4833.3,-17.45,0.843
R5389,pine,28431.7,67593.8,5165.3,-263.81,0.898
R5390,poplar,29684.7,67578.7,4699.6,-145.74,0.81
R5391,poplar,30188,67275,4265.6,-150.38,1.188
R5392,elm,36085.5,67519.8,3691.8,-124.92,0.953
R5393,pine,38293.6,67221.4,4459.5,-256.03,0.999
R5394,pine,38866.5,67378.4,4729,-228,0.986
R5395,pine,40138,66803,4175.9,-159.39,0.853
R5396,elm,41820.8,67072.1,3881.9,31.86,0.802
R5397,elm,43029.1,67504.6,4152.1,-127.49,1.04
R5398,pine,62762.7,67585.4,4952.8,-37.14,1.065
R5399,pine,63503.9,66927.4,4917.8,-9.1,1.004
R5400,pine,63760.5,67494.9,5306.9,88.31,0.911
R5401,pine,64512.2,67333.2,5467.1,81.5,1.081
R5402,pine,65600.7,67156.3,6130.7,-123.15,0.94
R5403,poplar,66399,67136.4,6478.8,77.26,1.107
R5404,pine,67490.4,67413.6,6212.9,-129.9,0.998
R5405,pine,-65212.1,68064.7,5084.8,-191.6,0.954
R5406,poplar,-64451.9,68102.3,5216.9,-224.69,1.229
R5407,pine,-62826.4,68208.8,4648.8,-239.26,1.014
R5408,poplar,-61446.1,67794,4633.8,-263.32,0.862
R5409,pine,-57558.1,67843.1,5240.9,-172.29,1.115
R5410,poplar,-56805.5,68283.7,5098.9,-132.76,1.18
R5411,elm,-55484.7,67839.2,5081.9,-181.79,0.933
R5412,pine,-54759.4,67978.9,4896.5,-153.25,1.163
R5413,poplar,-53511,68168.7,4879.4,-99.83,1.151
R5414,elm,-52832.6,67845.8,4597.7,-22.29,1.225
R5415,pine,-51637,68089,4353.8,88.15,0.838
R5416,pine,-51275.8,67880.8,4439.3,-172.33,0.943
R5417,pine,-50055.9,67761.9,4671.1,5.2,1.041
R5418,pine,-49864.9,68098.5,4763.6,-160.58,1.079
R5419,elm,-49057,67628.9,4998.6,38.11,0.847
R5420,poplar,-48164.1,67896.6,5126.1,-130.74,1.167
R5421,pine,-47079.6,68056.3,5543.8,22.01,1.065
R5422,elm,-46461.7,68021.1,5944.2,49.55,1.239
R5423,elm,-45912.6,67857,6106.3,-131.01,1.165
R5424,pine,-44456.1,68156,5558,-65.74,1.226
R5425,poplar,-43072.9,67798.8,5653.5,-254.65,0.976
R5426,elm,-42531.2,67706.9,5636.9,-17.64,1.198
R5427,pine,-41966.3,68223.4,5390.3,-154.64,1.138
R5428,pine,-40460.3,68279.8,5562.3,-7.28,0.922
R5429,poplar,-39905.1,67666.2,5495.4,75.33,1.031
R5430,elm,-39012.8,68001.5,5487.2,-196.11,1.105
R5431,poplar,-30744.1,68202.6,4936.5,-13.78,0.855
R5432,pine,-29197.4,67879.2,4908.6,52.15,0.971
R5433,poplar,-28188.7,67749.5,4543.1,-35.48,0.818
R5434,pine,-27294.7,68295.6,4712,-142.27,0.839
R5435,pine,-26714.6,67634.3,4134.8,-178.34,0.921
R5436,pine,-25840.5,67705.8,4081,-231.89,1.136
R5437,poplar,-24867.9,68190.1,4332.9,22.17,1.033
R5438,poplar,-23644.2,68126,4093.2,-167.93,0.962
R5439,pine,-23236.9,68070.6,3910.6,76.98,0.879
R5440,poplar,-21734.3,68390.7,4227.6,-258.84,1.019
R5441,pine,-20580.5,68171.1,4623.8,-222.21,1.229
R5442,pine,-20014.6,67719.3,4593.2,-145.32,0.808
R5443,poplar,-19397.7,67640.1,4731.8,-13.4,0.832
R5444,pine,-18567.3,68370.7,5096.3,-13.24,1.11
R5445,elm,-17302.8,68109.3,5549.6,-217.95,0.845
R5446,pine,-17099.2,68310.9,5697.7,40.28,0.896
R5447,pine,-16224.8,67621.2,6129.9,-210.76,1.193
R5448,pine,-15034.7,68153.4,5843.1,-175.64,0.81
R5449,pine,-14321.2,68364.6,5994.5,14.89,0.941
R5450,elm,-13335.3,68184.5,6000.2,68.83,1.018
R5451,elm,-12527.2,68027,5993.7,-91.47,0.878
R5452,pine,-10819.3,68002.2,6186.3,-247.58,0.929
R5453,pine,-10020.5,68271.5,6231.2,-111.43,1.004
R5454,poplar,-9901.2,67844.3,5969.9,-116.05,0.881
R5455,pine,-8510.9,67601.8,5726.5,-26.26,1.246
R5456,pine,-8321.9,67754,5715,-242.25,1.16
R5457,pine,-7551.8,67889.2,5540.3,48.4,1.214
R5458,pine,-6631.6,67934.9,5368.4,-146.45,1.166
R5459,pine,-5846.8,68231.4,5197.9,-171.71,1.216
R5460,pine,-4699,68105.3,5362,-252.25,0.813
R5461,poplar,-4232.4,68124.4,5271.2,-268.87,0.858
R5462,pine,-3066.4,68166.3,4876.9,-78.83,0.825
R5463,pine,-2454.2,67627.5,4932.9,-194.38,0.929
R5464,pine,-1986.3,67888.2,4858.7,-110.52,0.95
R5465,elm,-393.4,68210.1,4856.8,-81.78,1.019
R5466,elm,907.6,68221.1,5159.1,-168.44,1.002
R5467,pine,1894.7,67900.8,5005,-215.94,0.899
R5468,pine,2099.2,68342.4,4915.4,-14.27,1.162
R5469,elm,3591.5,67671.1,4865.3,-96.01,1.209
R5470,elm,4713,68027.3,5143,-245.51,0.98
R5471,pine,7549.7,68047,5885.7,-172.54,1.086
R5472,pine,7939.1,67600.2,5684.7,-218.57,0.899
R5473,pine,8493.7,67839.9,5614.6,-40.47,0.977
R5474,poplar,10710.9,68037.5,5221.1,-128.74,1.125
R5475,pine,11522.2,68282.7,5417.6,-101.38,0.958
R5476,poplar,12158.2,68051.1,5389.3,-114.58,1.233
R5477,poplar,12896.3,68163.3,5413.8,-218.25,0.807
R5478,elm,15388.3,67681.5,5442.2,-256.99,1.243
R5479,elm,19093.5,68395.6,4929,-15.48,1.077
R5480,pine,20821.3,67993.8,4431.9,-214.38,0.851
R5481,elm,21841.4,68260.1,4636.4,-39.25,0.83
R5482,elm,22378.5,68013.3,4564.1,-127.11,1.065
R5483,pine,22857.7,67629.7,4725.3,-224.61,1.105
R5484,poplar,24034,67925,4988.7,-224.33,1.248
R5485,pine,25028.1,67829.6,4952,-151.15,1.189
R5486,pine,25875.9,67671,5131.7,-183.72,1.079
R5487,pine,28770.2,68285.4,5181.9,-138.12,0.809
R5488,elm,29378.2,68386.6,5165.4,-235.75,0.843
R5489,poplar,30031.2,67612.4,4524.3,-222.88,0.811
R5490,elm,31497.3,68136.2,4085.9,-166.47,0.857
R5491,pine,32260.4,67644.4,3865.7,11.36,1.222
R5492,pine,33139.2,68314.1,3816.8,8.63,0.96
R5493,pine,33421.9,67711.7,3932.8,-167.12,1.209
R5494,poplar,34411.6,67976.2,4138.6,-46.4,0.929
R5495,pine,35777.2,67663.5,3758.9,-251.49,0.957
R5496,pine,37772.7,68220.4,4535.7,-203.7,0.895
R5497,pine,38420.7,68350.9,4877.4,-110.09,1.231
R5498,elm,39149.4,67999.7,5007.2,0.53,1.224
R5499,pine,39881.4,68105.8,4847.1,-97.1,0.821
R5500,pine,41181,68192,4314.7,-220.39,1.201
R5501,pine,42720.5,68022.1,4319.2,38.49,1.069
R5502,poplar,43123.2,68058.5,4464.8,-232.07,1.025
R5503,elm,63474.9,68358.2,5650.4,-236.92,1.15
R5504,pine,63681.3,67634.3,5377.9,-172.86,0.961
R5505,pine,64548.7,68346.3,5977.3,77.13,0.95
R5506,pine,65944.1,68144.3,6106.6,82.61,0.851
R5507,poplar,66108.4,67957.8,6239.3,-32.48,0.953
R5508,elm,-67581.4,68794.4,5573.1,-157.5,1.19
R5509,pine,-66214.5,68978.2,5280.7,-81.13,1.066
R5510,elm,-65361.1,69153.3,5269.2,-147.01,0.91
R5511,pine,-57254.5,69096.4,5307,-9.02,0.857
R5512,pine,-56234.6,68494.5,5084.2,-95.28,0.816
R5513,elm,-54817.6,68944.3,5127,86.86,1.225
R5514,poplar,-54495.9,69068.1,5113.8,74.09,1.001
R5515,pine,-53202.9,68989.3,4717.5,-101.66,1.197
R5516,pine,-52932.6,68437.7,4767.4,-253.91,1.179
R5517,elm,-52068.8,68504.9,4469.6,-40.16,0.888
R5518,poplar,-51478.1,68481.9,4439.6,-70.63,1.124
R5519,pine,-50630.6,68591.1,4611,-98.85,0.895
R5520,elm,-49811.9,68929.3,4896.5,-110.17,1.062
R5521,elm,-49148.1,68624.7,5019.2,-221.53,0.986
R5522,poplar,-47903.8,69157.3,5645.4,-32.06,0.85
R5523,pine,-47422,68427.5,5512.2,17.51,1.101
R5524,pine,-46538.5,68444.9,6094.8,-261.62,0.813
R5525,pine,-44661.8,68844.8,5526.6,-16.14,1.083
R5526,pine,-43418.1,68591.9,5408.3,-68.59,1.024
R5527,pine,-42526.8,68581.4,5176,-107.03,0.871
R5528,elm,-41886.8,68478.9,5343.6,-207.95,1.047
R5529,elm,-29232.1,68735.4,4759.1,-55.08,1.014
R5530,pine,-27074.5,68859.3,5199.9,-61.99,1.101
R5531,pine,-26562.8,68832.8,4942,-71.63,1.099
R5532,poplar,-25252.1,68489.2,4450.2,-180.01,0.826
R5533,pine,-24546.3,69106.8,4548.3,-131.42,1.008
R5534,pine,-24194.8,69127.7,4474.6,-262,0.868
R5535,pine,-22403.9,68948.5,4111.9,-254.34,0.948
R5536,pine,-21636.5,69106.1,4279.6,41.82,1.13
R5537,elm,-20734.5,69034,4438.2,-80.54,1.18
R5538,pine,-20138.4,69036.1,4497.2,-114.16,1.056
R5539,pine,-19229.5,68922,4876.9,-164.63,0.939
R5540,pine,-18166,68479.3,5276.4,-178.86,0.939
R5541,elm,-17382.1,69108.6,5773.4,-26.65,1.083
R5542,pine,-14959.5,69055.2,6007.4,-170.97,1.02
R5543,poplar,-14323.3,68953.2,5964.7,61.69,1.074
R5544,pine,-13278.3,68679.6,6285.5,-66.2,0.815
R5545,pine,-12754.6,69112.8,6406.5,88.83,1.065
R5546,pine,-12115.2,68517.7,6106.3,75.19,0.867
R5547,poplar,-10818.4,69096.5,6366.3,-23.14,1.026
R5548,pine,-10254.1,69051.9,6009.8,-258.81,0.939
R5549,elm,-9538.2,68874,5726,-58.5,0.955
R5550,elm,-8646.9,68723.4,5485.1,38.15,1.082
R5551,poplar,-7953.9,69034.3,5306.4,81.74,1.137
R5552,elm,-7154.2,68421.5,5280.3,-12.64,0.942
R5553,pine,-6692.2,68775.5,5098.8,-213.41,1.222
R5554,elm,-5407.6,69086.1,4954.3,12.23,1.103
R5555,pine,-5166.1,68837.6,4982,-224.34,0.947
R5556,elm,-4044.5,69024.2,5049.5,14.62,1.069
R5557,elm,-2850.7,68969.1,4855.6,-28.03,1.018
R5558,pine,-2525.2,68530,4797.2,-21.63,1.099
R5559,elm,-1732.6,68586.3,4753,-247.65,0.88
R5560,poplar,-748.4,68645.2,4785.2,-184.06,0.915
R5561,elm,389.5,69094.8,4985.2,-57.76,1.119
R5562,pine,532.4,68993.7,4969,-57.66,1.085
R5563,elm,2122.2,69029.3,4893.8,-229.08,1.183
R5564,pine,2832.3,68767,5056.1,-134.22,1.122
R5565,pine,4251.3,69184.2,5062.6,-53.16,0.941
R5566,pine,5085.4,68892.5,5181.7,-156.79,0.946
R5567,elm,5839.2,69165.4,5496.2,-146.41,1.217
R5568,pine,6414.9,68416.2,5654.7,-105.55,1.05
R5569,elm,7834.8,68731.4,5950.5,-234.34,1.072
R5570,elm,8855.8,68551.7,5609.7,-51.69,0.894
R5571,elm,9664.5,68510.1,5559.2,-122.67,1.162
R5572,pine,10283.3,68629.9,5453.9,0.35,1.195
R5573,pine,11443,69198.2,5572.2,55.05,1.187
R5574,elm,11818.1,68513,5525.4,-117.26,1.117
R5575,elm,12421.3,68486.9,5500.4,-155.61,1.182
R5576,pine,14822,68621.3,5583,-260.48,1.1
R5577,elm,17112.6,68725.7,5666.7,-188.34,0.934
R5578,elm,21123.4,69012.4,4933.2,19.76,1.107
R5579,elm,21926.3,69014.1,4911.4,77.1,1.23
R5580,pine,22010.6,68932,4843.5,-128.24,1.11
R5581,elm,24367.6,68799,4956,-217.49,0.911
R5582,elm,25170.4,69076.5,5066.2,-9.3,1.161
R5583,elm,27501.4,68997,5297.9,-219.13,1.146
R5584,pine,27677,68653.5,5281.7,-113.91,1.121
R5585,pine,29004.1,69006.4,5038.1,-33.15,1.113
R5586,pine,29675.7,68838.3,5175,65.15,0.88
R5587,pine,30519.7,68632.9,4972.8,-252.57,0.869
R5588,pine,30908.6,68772.4,4825.3,-36.59,1.24
R5589,elm,31707.7,68506,4083.8,-66.77,1.094
R5590,pine,32914,68690.2,3877.9,-35.14,0.884
R5591,pine,35460.8,68471.1,4316.3,-30.19,1.127
R5592,elm,36307.7,69033.3,4295.7,66.68,1.137
R5593,pine,37159.2,68732.1,4478.9,-156.28,1.096
R5594,elm,37723.1,68439,4632.3,23.31,0.913
R5595,elm,38495.8,68561.3,4993.6,-182.01,1.097
R5596,pine,38881.2,69156.7,5171.5,-229.42,0.811
R5597,poplar,39720.2,68871.6,5288,-259.76,0.873
R5598,pine,40607,68574.6,4775.2,-172.26,1.039
R5599,pine,41597,68721.7,4527.7,-256.73,0.824
R5600,poplar,61827.4,68913.8,4706.4,-166.39,0.861
R5601,pine,62105.6,68538.8,4800.8,27.77,1.239
R5602,poplar,63651.7,68773.4,5646.2,-239.04,1.129
R5603,pine,64975.2,68845.6,5846.1,-241.64,1.12
R5604,elm,66201.1,68800.4,5611.1,8.79,0.828
R5605,pine,67493.3,68615.6,5643.6,-173.35,1.118
R5606,poplar,-62495.9,69535.2,5058.4,-107.99,0.992
R5607,poplar,-56914.9,69496.5,5135.8,66.24,1.114
R5608,elm,-56209.9,69474,5072,-254.82,1.135
R5609,elm,-54210,69260.4,4942.8,-229.01,0.838
R5610,pine,-52985.3,69490.4,4591,-80.89,1.142
R5611,pine,-52062.9,69443.3,4621.3,-249.54,1.103
R5612,poplar,-49273.3,69243.5,5094.4,7.71,1.185
R5613,pine,-48358.7,69229.5,5502.5,-269.34,0.968
R5614,pine,-27464.8,69562.5,5305.8,42.18,1.145
R5615,pine,-25270.9,69276.4,4842.4,29.75,0.932
R5616,pine,-22922.2,69434.3,4170,-58.15,0.867
R5617,pine,-21075.3,69341.1,4429,-43.02,1.099
R5618,elm,-18866.7,69282.6,5239,-236.46,0.833
R5619,elm,-18510.1,69497.9,5472.1,-37.88,0.876
R5620,elm,-17912.3,69515.4,5682.1,-228.38,1.124
R5621,pine,-14229,69303.5,6043.4,55.99,0.894
R5622,pine,-13956.9,69461.1,6153.8,19.54,1.215
R5623,pine,-12705.3,69504.2,6462.6,-99.16,1.244
R5624,pine,-10999.9,69535.5,6234.5,-170.62,1.11
R5625,pine,-8447.1,69452.5,5189.8,-187.24,1.158
R5626,elm,-6678.2,69293.8,5062.5,-177.47,0.884
R5627,elm,-4428.3,69461.3,4929.3,-84.96,0.848
R5628,pine,-509.7,69334.7,4892.5,-175.9,0.931
R5629,pine,2218.7,69280.7,4965.3,-76.86,1.139
R5630,pine,3002.1,69213.2,4990.1,-20.6,0.809
R5631,poplar,3851.8,69323.9,5000.1,56.96,0.904
R5632,elm,7238.4,69281.7,5828.2,32.54,1.238
R5633,pine,9011.5,69227,5813.9,-115.97,1.151
R5634,pine,10975.8,69277.4,5497.5,-122.42,0.946
R5635,elm,11932.8,69354,5519.9,-141.73,1.211
R5636,poplar,13980.8,69223,5715.9,-90.87,1.099
R5637,elm,17613.9,69568.8,5653.8,-49.25,0.876
R5638,pine,27706.8,69300.3,5178.7,-258.03,1.129
R5639,pine,29417.1,69234,5136.4,-101.86,0.951
R5640,poplar,30150.2,69585.5,4719.8,-96.79,1.089
R5641,pine,30811,69304.2,4798.5,-269.53,0.81
R5642,pine,32754.2,69371,4056,47.62,1.157
R5643,elm,33314.2,69445.1,4001.1,35.43,0.955
R5644,pine,34985.3,69589.7,4285.8,-40.77,1.025
R5645,elm,61486.9,69556.8,4619.1,-149.62,0.817
R5646,elm,62678.1,69545.4,5066.4,-226.18,0.919
R5647,poplar,63724.6,69460,5607.2,-149.26,0.853
R5648,elm,66078,69377.9,5359.3,-72.22,0.85
R5649,elm,67192.2,69287.2,5359.3,51.99,1.087
R5650,elm,-58057.7,-68234.9,5933.7,-10.5,0.89
R5651,elm,-53183.4,-69593.8,5941.3,15.78,1.082
R5652,pine,-27335.1,-69417.1,4743,-146.65,1.129
R5653,pine,-10807,-67898.6,6902.2,-239.1,0.861
R5654,pine,-7778.8,-68576.2,6872.7,19.21,0.971
R5655,poplar,12850.4,-68780.5,5536.3,-55.43,1.01
R5656,pine,19913,-67766.1,6049.3,-206.19,0.919
R5657,poplar,33715.6,-68363.7,5487.8,-135.76,0.807
R5658,elm,38752.3,-69443.1,5617.4,-95.57,0.923
R5659,pine,50509.1,-67454.2,4794.6,-202.63,0.926
R5660,pine,57844.9,-67974.5,5365.6,-142.3,0.96
R5661,pine,61998.8,-68199.7,6870.3,23.01,0.898
R5662,pine,65771.4,-68059.5,6426.7,-4.98,0.933
R5663,poplar,-59875.9,-67186.1,5239.6,38.16,0.997
R5664,elm,-43129.4,-67054.3,5338.5,-220.45,0.91
R5665,poplar,-35017.8,-65116,4862,-122.27,1.076
R5666,jujube,-32309.4,-66074.2,4255,23.05,0.87
R5667,elm,-26196.1,-65539.5,4853.6,-259.98,0.85
R5668,elm,1860.4,-66933.9,5525.3,-73.1,1.148
R5669,pine,8533.4,-67102.1,6461.2,-152.65,1.042
R5670,pine,18052.8,-65310.7,5233.3,76.02,0.945
R5671,jujube,27858.9,-65867,5599,80.37,1.049
R5672,poplar,38359,-66645.3,5530,-75.4,1.054
R5673,poplar,-54339.2,-64782.8,5295.4,-267.54,0.911
R5674,jujube,-50509.3,-63569,5323.7,-87.12,1.126
R5675,poplar,-36889.2,-62377.9,5089.8,-266.99,0.879
R5676,pine,-31079.8,-63246.1,4710.5,-131.51,1.144
R5677,poplar,-23438.8,-62908.2,4512.5,42.66,1.08
R5678,pine,-20950.5,-63856.2,5263.8,-247.79,0.965
R5679,poplar,-7785.1,-63803.3,5200.7,-84.22,1.116
R5680,elm,-5597.6,-63844,5543.7,-249.66,1.082
R5681,poplar,-3433.6,-64455.5,5678.2,-233.88,1.01
R5682,elm,8361.6,-63476.2,5158,75.79,1.142
R5683,poplar,15974.9,-64367.6,5261.1,75.92,1.036
R5684,poplar,22662.7,-63297.3,5580.3,-6.8,0.917
R5685,elm,27519.2,-64644.9,5483.2,-248.71,0.827
R5686,elm,29430.1,-63858.8,4610.1,-105.53,1.001
R5687,poplar,32280.6,-63552.4,4399.3,-177.48,0.829
R5688,elm,43411.2,-64098.8,5069.9,47.55,0.848
R5689,pine,50934.4,-64051.4,5734.4,-249.63,1.099
R5690,pine,65479.3,-63687.1,4916.5,-89.67,0.867
R5691,pine,69076.5,-63782.3,6223.1,-154.77,0.836
R5692,jujube,-58311.6,-60403.6,5298.4,18.54,1.008
R5693,poplar,-50518.2,-60922.2,5541,-229.62,0.915
R5694,pine,-48110,-61224.2,5513.1,-111.41,0.893
R5695,pine,-27799.9,-61139.1,4710.9,-237.48,1.064
R5696,elm,-23213,-61627.8,4288.2,-86.46,0.88
R5697,pine,-4809.2,-60014.6,5094.5,-137.8,1.075
R5698,pine,10440.4,-61935.4,4901.2,-203.42,0.841
R5699,pine,27496.2,-59794.9,4720.8,-107.46,1.148
R5700,jujube,32484.3,-60304.5,3614.5,-200.78,1.024
R5701,elm,34824.5,-61743.5,4788.5,-244.67,0.836
R5702,poplar,55159.9,-60509,3921.2,-154.61,0.851
R5703,poplar,57548.8,-62066.6,4941.8,-241.16,0.862
R5704,elm,-59643.5,-58510.8,4464.5,-20.23,1.023
R5705,jujube,-47539.8,-59251.3,5100.7,-8.8,1.033
R5706,poplar,-23230.1,-57298.6,3805.7,-220.49,0.933
R5707,jujube,-17537.4,-58281.5,3721.6,-68.27,1.033
R5708,elm,7249.9,-58743.9,3843.8,-201.86,0.912
R5709,pine,25099.6,-57315.5,5002,-76.92,0.89
R5710,elm,41925.2,-59101.8,4977.6,-84.12,1.058
R5711,poplar,49418,-58308.3,4349.2,14.3,0.864
R5712,jujube,58338.9,-59317.1,4275.7,15.34,0.93
R5713,poplar,61760.9,-57915.1,4021.7,-16.47,0.856
R5714,pine,64857.5,-58702.9,4436.7,-147.08,1.024
R5715,pine,-62558.3,-54939.7,5514.9,-245.35,0.866
R5716,poplar,-52476.8,-55232.6,4473.2,-204.26,0.877
R5717,poplar,-41691.8,-54909.1,4103.8,4.1,0.878
R5718,poplar,2811.5,-55250.3,2890.6,-65.8,1.082
R5719,elm,11048.8,-55037.4,2711.1,-160.73,1.095
R5720,elm,16705.1,-56866,2561.8,34.15,0.901
R5721,elm,25035.1,-54686.7,4207.7,-9.6,1.074
R5722,poplar,33050.3,-54974.4,3300,3.28,1.003
R5723,pine,60316.8,-56864.3,3566.5,5.55,0.913
R5724,pine,-65350,-52006.5,6083.9,-82.94,1.055
R5725,pine,-54651.3,-51949,6284.9,57.09,0.983
R5726,pine,-51943,-53032.2,6453.2,-127.07,1.136
R5727,poplar,-34230.7,-52530,3231.8,-90.69,0.926
R5728,pine,-32289.2,-54366.4,3640.9,-149.48,0.828
R5729,poplar,-23476.4,-52610.3,2787.6,25.55,0.952
R5730,elm,-21579.4,-53103.8,2548.5,-208.09,1.049
R5731,pine,-19751.5,-53730.5,2515.9,-95.56,1.06
R5732,poplar,-14904.9,-52290.5,2179.7,-7.86,1.063
R5733,jujube,17924.4,-53929.7,2601.1,86.57,1.089
R5734,pine,31708.5,-52501.7,2549.8,-237.45,1.085
R5735,pine,36202.1,-52041.5,3296.3,-186.87,0.915
R5736,pine,40818.8,-53252.7,3890,-79.12,0.912
R5737,elm,43921.2,-53959.1,3455.8,-127.54,1.025
R5738,poplar,47620.2,-52632.7,2525,25.12,0.899
R5739,elm,51017,-53395.9,3350.3,-81.77,0.876
R5740,poplar,55994.8,-51880.7,3176.1,-98.81,0.836
R5741,pine,-57104,-49568.1,6862.8,-265.44,1.066
R5742,pine,-54385.6,-50826.8,6615.1,-105.19,0.982
R5743,poplar,-50180.9,-49663,5343.4,-187,0.992
R5744,poplar,-34320.6,-50752.5,2927.8,-142.72,1.097
R5745,poplar,-26317.1,-49689.1,2101.4,-195.76,0.801
R5746,jujube,-25005.7,-50298,2310.7,-242.01,0.805
R5747,jujube,-17092.6,-51495.1,1805.2,-17.38,1.043
R5748,jujube,-8287.2,-51355.5,2147.5,-20.23,0.849
R5749,elm,872.9,-51131,1678.4,-23.41,0.921
R5750,elm,5611.4,-50332.5,2216.6,69.33,0.834
R5751,jujube,25005.6,-51306.5,1999.3,-68.64,1.133
R5752,poplar,31679.4,-49641,2394,13.9,0.978
R5753,elm,35607.4,-50051.2,2890.4,-2.09,1.077
R5754,poplar,40011.2,-49504.1,2783.1,-38.26,0.854
R5755,elm,46313.5,-50736.2,2138.5,45.46,1.027
R5756,poplar,47091.4,-50832.6,2214.5,74.08,0.966
R5757,jujube,51946.6,-49296.1,2338.8,-120.19,0.831
R5758,pine,-58567.9,-46879.9,7096.7,-155.55,0.932
R5759,pine,-54921.9,-48831.8,6515.6,-87.16,0.948
R5760,elm,-38749,-49083.4,2864.4,-248.31,0.923
R5761,poplar,-31431.1,-48173.4,2322.5,-131.67,0.858
R5762,elm,-24639.4,-47666,1304.1,-18.99,0.997
R5763,poplar,-17554.3,-48690.4,1523.6,-258.23,0.887
R5764,elm,-13307.6,-47754.6,1764.5,-74.62,0.864
R5765,jujube,-6063.8,-48606,1730.3,-122.05,0.985
R5766,pine,-4810.3,-47239,1469.7,67.36,0.933
R5767,pine,6895.8,-48291.9,2123.5,-9.91,0.921
R5768,elm,10198.9,-47896.9,1620.8,-193.19,0.991
R5769,jujube,16234,-48234.9,1551.1,-65.33,0.845
R5770,elm,29107.5,-47773.2,1597.2,-267.25,0.962
R5771,elm,35744,-47071.4,2316.9,-80.12,1.126
R5772,pine,37926.1,-48672.3,2793.6,-17.7,0.829
R5773,elm,42810.6,-46909.3,1955,-255.55,0.866
R5774,jujube,46319.8,-48518.5,1830.3,4.05,1.043
R5775,poplar,49043.7,-47207.4,2208.7,-89.9,1.043
R5776,elm,51142.8,-48650.9,2457.2,-25.44,0.908
R5777,pine,69139.3,-47644.5,5863.1,-260.66,0.801
R5778,pine,-53615.3,-44543.1,7882.5,-121.61,0.916
R5779,pine,-50484.3,-45189.4,6590.9,-235.78,0.902
R5780,elm,-18164.9,-45269.3,1435,-158.38,0.847
R5781,poplar,-12957.2,-44496.1,1516,42.3,0.822
R5782,poplar,-8074.5,-45041,1932,-248.67,0.928
R5783,elm,-7234,-44838.2,1867.3,-234.88,0.916
R5784,jujube,-3499.3,-46028.3,1452.1,-148.36,1.127
R5785,poplar,2072.8,-46569.7,1664,-155.18,1.049
R5786,elm,3916.9,-44606.8,1648.9,-105.97,1.002
R5787,elm,12681.5,-44242.4,1284.6,-137.93,0.869
R5788,jujube,20176.6,-44344.8,1233.1,-218.3,1.096
R5789,jujube,21306.2,-44032.5,1232.6,-268.3,1.093
R5790,elm,39048,-46084,2473.9,62.41,0.962
R5791,elm,43681.4,-44923.1,1847.5,25.38,1.034
R5792,pine,66663.1,-44012.4,4373.7,-69.07,0.964
R5793,pine,-48548.3,-41430.5,5273.5,-150.47,0.803
R5794,jujube,-39170.8,-41719.1,3037.5,-201.14,1.015
R5795,jujube,-36022.6,-41548.1,1960.7,-185.67,1.103
R5796,elm,-17360.7,-43743.8,1376.5,-86.11,1.041
R5797,elm,-10047.7,-43391.2,1805,-90.03,0.878
R5798,poplar,28690.2,-42276.3,1466.8,-198.58,1.063
R5799,pine,31162.9,-43534.4,1627.2,-111.95,0.932
R5800,pine,45621.8,-41500.6,1635.3,-90.19,1.105
R5801,elm,53315.7,-42316.3,1961.7,43.17,0.805
R5802,pine,58956.8,-41402.4,3558.4,-265.04,0.808
R5803,elm,69360.1,-42127,5246.4,-205.24,1.119
R5804,pine,-63420.5,-39937.7,7452.9,-71.21,0.809
R5805,pine,-58262.3,-40169,6966.3,-117.87,1.02
R5806,pine,-51408.3,-41340.6,6397.8,-206.15,0.925
R5807,poplar,-44461.7,-40754,3589.9,-46.12,0.896
R5808,elm,-36002.3,-39788.1,1847.8,-36.6,1.102
R5809,jujube,-28735.2,-39641.4,1434.5,-112.92,1.092
R5810,poplar,-25597.5,-38827,1448.2,-158.79,0.916
R5811,jujube,-19304.3,-39301.6,1525.7,-113.46,1.06
R5812,elm,-5241.9,-39772.6,1542.6,-127.98,0.886
R5813,poplar,5036.7,-40116.5,1457.9,-18.36,0.918
R5814,pine,13400.9,-40343.8,1545.9,-201.86,0.82
R5815,poplar,38118,-41199.4,1723.1,-238.1,1.14
R5816,pine,42592.8,-40452.5,1721.4,-232.48,0.979
R5817,poplar,45037.8,-39223.5,1778.3,-258.36,0.915
R5818,poplar,53868.4,-39377.3,2303.7,-94.38,0.824
R5819,poplar,62815.1,-40128.6,3751.3,-104.97,0.857
R5820,pine,-68836.6,-36730.9,6446.1,-128.26,1.091
R5821,pine,-66305.7,-36650.9,6732.2,-82.8,1.006
R5822,pine,-56589.5,-38664.2,7012.7,-129.21,1.107
R5823,poplar,-46965.6,-36811.9,3482.3,-171.48,0.997
R5824,jujube,-43011.6,-38167.3,2869.9,-17.64,0.828
R5825,pine,-27441.8,-37856.9,1457.4,-36.81,1.058
R5826,jujube,-22040.3,-36951.4,1326.6,-187.01,0.877
R5827,pine,7775.5,-36972.1,1569.8,-234.06,1.05
R5828,jujube,9723.9,-38575,1604,63.45,1.045
R5829,jujube,11013.3,-38114.1,1549.7,-129.96,0.925
R5830,poplar,21232.2,-37333.2,1443.2,72.53,1.019
R5831,poplar,26602.7,-37626.3,1250.1,-53.94,0.996
R5832,poplar,35845.5,-36995.2,1544.5,-102.85,1.058
R5833,elm,40788,-36417.8,1285.2,-240.79,0.893
R5834,elm,58548.2,-37726,2793.4,-249.01,0.916
R5835,poplar,-58163.3,-35633.8,5822.9,-92.72,0.885
R5836,poplar,-51656.6,-34390.6,4798.9,-155.13,0.899
R5837,pine,-35006.1,-35193.6,1677.6,21.8,1.048
R5838,elm,-27307.5,-35185.3,1532.3,32.96,1.125
R5839,elm,-10991.5,-33973.6,1242.9,-213.99,1.011
R5840,elm,-2754.5,-33743,1453.5,-33.62,1.061
R5841,elm,-51555.7,-32861.5,3969.6,31.84,1.085
R5842,elm,-43682.2,-32673.1,1932.6,-265.61,0.809
R5843,poplar,-23480.9,-30562.5,1347.3,-257.66,1.096
R5844,elm,-18849,-30058.7,1453.8,-70.38,0.994
R5845,jujube,20775.6,-28917.1,1387.4,-175.88,0.912
R5846,poplar,23046.1,-30295.9,1197.2,-91.57,0.897
R5847,elm,33119.4,-30174,1200.3,-267.39,0.955
R5848,pine,37171.2,-28852.1,1176.2,-161.91,0.859
R5849,elm,46666.3,-30732.9,1299.8,-162.78,0.988
R5850,poplar,52186.4,-29013.2,1410.9,-62.72,0.82
R5851,jujube,60579,-29511.5,4130,-217.57,0.977
R5852,elm,-60089.9,-27490.3,4844,0.59,1.071
R5853,elm,-27220,-27514.1,1380.9,-180.81,0.945
R5854,elm,-10875.8,-25924.7,1444,-49.26,1.104
R5855,jujube,-8816.3,-26875,1507,-100.57,0.879
R5856,poplar,19384.2,-26575.1,1683.7,-26.17,1.115
R5857,jujube,21730.7,-26890.3,1738,-180.83,1.104
R5858,jujube,56877.6,-27894.9,3166.6,2.18,1.136
R5859,poplar,65086.2,-28279.1,5864.2,-87.93,1.126
R5860,poplar,-57727.8,-23282.9,3655.6,79.86,0.99
R5861,jujube,-27826.2,-23770.4,1514.1,-28.79,0.841
R5862,poplar,-9323.3,-24318.8,1432.5,-47.15,0.888
R5863,pine,7876.8,-25202.6,1274.6,-259.57,0.991
R5864,poplar,17070.7,-24682.4,1687.8,28.61,0.816
R5865,elm,41431.3,-25310.3,1155.8,-160.39,1.033
R5866,elm,51129.6,-25053.9,1259.3,-58.48,1.115
R5867,elm,55683,-25118.6,2422.5,-139.34,0.945
R5868,pine,67388.9,-25371,6262.1,-28.95,0.801
R5869,poplar,-47763.6,-22161.4,1339.2,-54.41,1.098
R5870,elm,-35430.1,-22846.9,1188.1,-77.98,1.082
R5871,elm,-31428.4,-21631.8,1514.8,81.69,1.029
R5872,elm,-8141.4,-20748.2,1486.1,-223.4,1.082
R5873,poplar,12295.9,-21946,1505.3,-182.3,1.024
R5874,poplar,17108.9,-22960.2,1789.4,-248.07,0.891
R5875,elm,20111,-22831,1923.3,-174.8,0.971
R5876,poplar,40590.4,-20629.2,1230.2,-138.04,1.139
R5877,poplar,49567.2,-22259,1230.1,52.68,0.941
R5878,elm,59851.5,-20871.7,4412,67.43,1.074
R5879,poplar,65779.3,-22462.8,5859,-256.92,0.815
R5880,pine,-68965.5,-19818,6813.4,-136.67,0.943
R5881,elm,-51008.6,-20141.7,1568.3,-114.82,0.911
R5882,pine,-31730.5,-19074.2,1368.2,-94.28,0.981
R5883,elm,-21649.2,-19869.6,1419.3,-177.92,1.141
R5884,pine,-10574.9,-18375.2,1431.1,-152.44,0.935
R5885,pine,-7060.7,-18301.7,1395.9,-6.44,0.88
R5886,elm,2026.9,-18526.5,1340.2,4.9,1.05
R5887,poplar,3170,-19158.7,1378.6,-241.98,0.85
R5888,pine,10967.3,-20239.6,1499.5,-236.6,0.827
R5889,poplar,31824,-19417.7,1387.5,-243.79,0.837
R5890,pine,34699.9,-19749,1466.9,-106.57,0.897
R5891,elm,44748.9,-19511.4,1176.2,-198.29,1.071
R5892,elm,48585.2,-19906.5,1157.4,-172.08,1.058
R5893,elm,67532.6,-18342.2,5386,-251.68,1.069
R5894,poplar,-49501.3,-16933.1,1681.3,-6.58,1.019
R5895,poplar,-43279.1,-16338.6,1260.1,-56.58,0.972
R5896,poplar,-25629.9,-16084.3,1442.4,-205.47,1.106
R5897,elm,-10738.7,-17997.4,1420.1,-190.19,1.079
R5898,pine,26160.8,-17858.3,1606.7,28.24,1.129
R5899,jujube,27740.8,-17347.6,1550.2,-27.37,1.025
R5900,jujube,29474.7,-17731.3,1539.8,-111.92,0.937
R5901,pine,42701.7,-17238.9,949.2,-247.19,0.903
R5902,jujube,53732,-17015,1361.1,31.72,0.961
R5903,jujube,-57973.5,-14869.3,3827.8,80.13,0.96
R5904,elm,-56636.9,-13980.4,3136.7,56.88,1.004
R5905,poplar,-54219.7,-13844.5,2546,-119,0.984
R5906,elm,21063.2,-13224.9,1375.7,-54.68,0.867
R5907,poplar,31700.5,-14284.4,1472,-199.78,1.088
R5908,elm,41098.8,-14739.3,1197.7,60.14,1.137
R5909,elm,-44213.1,-12038.2,1315.7,14.71,1.116
R5910,elm,-34156.8,-10844.6,1608.3,5.49,0.841
R5911,jujube,-31767.1,-11684.5,1666.8,-220.99,0.959
R5912,poplar,-29821.7,-12780,1663.7,-40.26,1.091
R5913,poplar,-20913.2,-10824.2,1376,78.91,0.981
R5914,elm,19299.7,-11187.1,1370.4,-193.28,0.914
R5915,poplar,39486.3,-10217.7,1684.8,-29.13,0.989
R5916,pine,45404.7,-11108.7,1099.2,-101.06,0.941
R5917,poplar,47228,-10872.4,1049.7,-31.25,0.802
R5918,poplar,66780.6,-10781.1,5253.8,-48.94,1.142
R5919,jujube,-59488.1,-10116.2,3014.1,47.35,1.137
R5920,elm,-50285.5,-9958.4,2127.4,-251.72,0.96
R5921,poplar,-42349.6,-9780.1,1379.7,-216.92,1.015
R5922,jujube,23867.7,-8621.2,1455,-53.89,0.867
R5923,pine,67341.3,-8703.1,6749.7,-129.22,0.813
R5924,elm,-33926.3,-6746,1634.1,-60.73,1.004
R5925,pine,15317.5,-6408,1426.7,-12.64,1.054
R5926,poplar,26246.6,-5824.8,1683.4,-51.51,1.148
R5927,elm,28848.8,-5257.5,1829.8,-205.01,1.021
R5928,elm,31592.9,-6277.5,1763.7,-117.51,1.129
R5929,elm,-64862.4,-4055.6,4719.8,-202.4,0.878
R5930,elm,-57263.3,-4880.2,3689.9,29.3,0.864
R5931,jujube,-56340.7,-2922.5,4418.1,77.04,1.118
R5932,pine,-49140.9,-4432.9,2185,-82.84,0.971
R5933,pine,-44046,-4186,1452.4,-126.39,0.888
R5934,poplar,-40465.8,-3603.4,1528.5,-95.64,0.825
R5935,jujube,-34294.7,-4595.1,1638.7,-192.46,0.985
R5936,elm,15557.5,-3962.2,1423.7,67.87,0.826
R5937,elm,18621,-3613.6,1699.1,-145.35,0.816
R5938,jujube,22939.1,-2452,1528.9,68.72,0.811
R5939,jujube,37955.4,-3491.5,1718.1,-60.96,1.143
R5940,poplar,40177.3,-2731.8,1602.4,80.94,1.065
R5941,pine,66023,-4894.7,6430.6,-99.17,1.085
R5942,elm,-32897.9,-712.5,1773.2,-236.99,1.023
R5943,pine,23422,-703.6,1597.5,-112.09,1.099
R5944,elm,50165.4,-109.4,1380.5,-19.46,0.962
R5945,pine,63837.9,-410.9,5112.6,18.28,1.097
R5946,pine,65468.6,-1144.1,6145.7,-246.24,0.995
R5947,poplar,-42072.7,1146.9,1726.5,-189.31,0.885
R5948,jujube,-20741.9,1977.2,1558.3,35.6,0.925
R5949,poplar,-17743.1,1043.9,1740.8,-4.19,0.865
R5950,elm,17635.6,2466.9,1684.2,-61.19,0.808
R5951,elm,21184.5,517.6,1775.4,23.06,1.084
R5952,elm,26426.8,1311.5,1756.4,-33.01,1.09
R5953,poplar,43666.3,279.3,1614,-203.3,1.067
R5954,poplar,46491.1,2741.2,1442.4,-130.26,0.918
R5955,poplar,-57901.6,5219.9,2661.2,-153.5,0.944
R5956,jujube,-49737.4,4965.7,1667.3,-203.39,0.988
R5957,elm,-45520.3,4713.4,1439.1,-206.57,1.118
R5958,poplar,-37169.4,5218,1630.1,6.45,0.895
R5959,elm,-35181.1,3524.9,1629.2,26.76,0.933
R5960,jujube,-33592.4,4676.3,1752.3,-27.52,1.062
R5961,pine,-26780.4,4009.5,1514.9,46.66,0.961
R5962,poplar,-24523.6,3911.1,1435.3,-61.28,0.927
R5963,elm,-16499.7,3703.4,1499.7,-62.48,1.081
R5964,elm,15682.9,4674.8,1400.8,14.32,0.829
R5965,elm,17643.5,3013.1,1626.4,-228.88,1.147
R5966,poplar,23471.5,3286.7,1507.7,-202.58,1.02
R5967,poplar,25558.4,4248.5,1477.7,-4.81,0.946
R5968,pine,27488.1,4487.4,1469.4,-231.2,1.12
R5969,jujube,29029,3027.1,1662.6,-265.2,0.906
R5970,elm,47465.2,2817.6,1429.3,-27.19,0.823
R5971,jujube,57913.4,3304.2,2644.4,81.1,0.883
R5972,poplar,64539.1,4229.6,5766.3,-99.9,1.002
R5973,pine,-64820.2,6141.7,6177.5,82.62,1
R5974,elm,-64253.4,7089.2,5499,-125.94,0.862
R5975,jujube,-47185.3,6848.5,1351.5,-188.7,1.009
R5976,elm,-41068.1,6575,1534.1,32.91,1.109
R5977,poplar,-29134.5,6676.6,1709.1,14.1,0.886
R5978,poplar,-25800.3,7941.8,1618.6,-113.85,0.82
R5979,pine,-22166,7446.2,1590.9,63.98,0.879
R5980,poplar,19253.8,6043.3,1363.5,-269.95,0.892
R5981,poplar,31484.5,7898.8,1251.9,-9.27,0.849
R5982,elm,35307.2,6032.8,1666.1,3.51,1.081
R5983,pine,42198.8,6757.6,1814.4,-85.77,1.061
R5984,poplar,62657,6112.8,4185,-50,1.051
R5985,poplar,67012,5465.6,5628.5,-37.19,0.859
R5986,pine,67947.4,6132.7,6621,-140.39,0.931
R5987,pine,-69171.2,10405.7,6504.1,-112.51,0.96
R5988,poplar,-64856.1,8841.3,5738.4,49.05,0.867
R5989,elm,-55119,10106.8,2345.3,-97.2,0.996
R5990,elm,-43127.3,8101.2,1293.5,-138.24,0.807
R5991,poplar,-41322.7,8636.4,1421.1,-225.96,1.084
R5992,pine,-26098.3,8107.9,1631.2,39.48,0.855
R5993,elm,-25715.3,8828.2,1655.1,-114.95,1.045
R5994,poplar,17237.5,9450.7,1291.8,-145.55,1.133
R5995,jujube,19883.8,8419,1263.2,-234.77,1.051
R5996,elm,28196.7,9656.3,1105.9,-66.03,0.952
R5997,jujube,32862.9,10145.4,1227,22.71,1.062
R5998,poplar,57224,10524.8,2935.3,-38.06,0.948
R5999,elm,66468.9,10267.4,4386,59.79,1.072
R6000,pine,-69081.2,11802.2,6507.6,23.35,0.924
R6001,pine,-65998.7,12235.5,6454.1,51.96,1.04
R6002,poplar,-61172.9,12831,3903.9,29.46,0.822
R6003,elm,-35803.6,11499,1644.5,-133.81,0.923
R6004,poplar,-32406,11378.8,1626.7,-122.15,0.91
R6005,poplar,-29455.3,12169.6,1663.8,85.81,0.904
R6006,elm,-25418.4,12796,1412.8,-112.23,0.84
R6007,elm,-12285.9,10851.8,1490.8,79.03,1.142
R6008,elm,-5756.4,12889.7,1609.8,-242.41,0.841
R6009,pine,9148.4,10643.7,1416.8,48.79,0.863
R6010,poplar,11329,11521.5,1362,69.69,0.983
R6011,elm,31399.5,12670,985.5,-30.44,0.893
R6012,poplar,42071.4,12881,1398.1,-198.31,0.947
R6013,elm,46731.6,12722.1,1464.1,-178.75,1.036
R6014,elm,54198.9,11360.8,1965.8,26.78,0.832
R6015,poplar,56367.8,10766.7,2893.3,-9.92,1.026
R6016,poplar,-54547.4,13671.6,2429.5,-77.12,0.891
R6017,elm,-39366.7,13337.5,1371.4,-134.6,0.985
R6018,poplar,-35358.5,14036.7,1595.8,52.55,0.948
R6019,elm,-13316.6,15239.8,1595.5,-205.09,0.998
R6020,pine,-3687.2,13579.5,1711.3,-256.09,0.968
R6021,elm,23189.2,14670.6,1242.9,-216.28,1.032
R6022,poplar,-38727.8,18001.9,1549,-1.85,0.907
R6023,elm,-34584.5,15805.9,1557.9,37.19,1.094
R6024,elm,-11904,16454.5,1288.5,-232.92,1.081
R6025,elm,5802.1,17613.8,1569.3,-80.66,0.939
R6026,elm,9175.1,16175.3,1352.4,-238.26,1.088
R6027,pine,16079.2,18171.2,1305.9,-6.39,0.885
R6028,poplar,29623.6,16705.5,1194.9,88.95,0.995
R6029,poplar,36752.4,17708.1,1297.8,-41.68,1.12
R6030,poplar,44071.4,16528.2,1432.1,53.35,1.042
R6031,pine,57178.7,18239.9,2069,-20.31,0.861
R6032,elm,63558.6,16455.3,3855.9,48.12,1.029
R6033,poplar,-50188.1,19348.4,2098.1,23.8,0.866
R6034,jujube,-47180.3,20008.8,1197.8,-25.2,0.82
R6035,poplar,-39376.4,19000.6,1473.1,-117.52,0.872
R6036,elm,-35430.8,18753.7,1394.7,-251.7,1.117
R6037,elm,-28809.6,19447.9,1306,-125.66,1.093
R6038,poplar,-26305.1,18830.2,1296.7,77.41,1.054
R6039,poplar,-23893.3,20685.1,1270.3,69.97,0.94
R6040,elm,-15987.8,19573.4,1237.6,-149.25,1.019
R6041,poplar,-13156.8,20910,1203.4,-142.49,1.049
R6042,poplar,-11647.2,19659.1,1183.3,-181.88,0.893
R6043,poplar,-9025.3,18446.3,1195.6,-209.6,1.012
R6044,elm,-3646.9,20090,1726.7,32.41,0.839
R6045,elm,5099.5,20722.5,1341.7,-147.33,1.114
R6046,elm,8165.2,20824.4,1274.9,6.66,0.859
R6047,pine,27425.9,18726.9,1333.3,80.01,0.886
R6048,poplar,36772.7,18641.9,1315.9,34.32,1.073
R6049,elm,43007.1,18548.4,1400.2,-105.53,1.011
R6050,jujube,46630,18962.3,1396.3,-84.18,1.025
R6051,jujube,47690.7,18584.8,1315.7,12.58,0.986
R6052,elm,-24589.3,22235,1326.3,-195.95,0.837
R6053,poplar,-11347.1,21974.2,1250.4,56.61,0.967
R6054,pine,-10107,23093.1,1183.7,82.55,1.128
R6055,poplar,-1385.2,21152.8,1635.7,-77.28,0.827
R6056,elm,13112,22320.1,1433.2,-13.69,1.132
R6057,elm,16631,21979.8,1417.1,-59.84,0.84
R6058,poplar,41912.3,22380.7,1416.4,36.53,0.967
R6059,elm,46124.5,23523.7,1498.9,-264.65,0.838
R6060,poplar,48664.2,21175.9,1335.6,-175.66,1.02
R6061,elm,-65655.3,23915.1,4127.4,-150.78,1.036
R6062,poplar,-60434.1,24557.4,4196.7,-109.66,0.936
R6063,poplar,-41179.8,24993.2,995.4,47.8,0.992
R6064,pine,-34572.3,24120.6,1420.3,-18.89,1.075
R6065,elm,-2716.2,25881.7,1593.2,-101.91,1.084
R6066,poplar,3571.1,23723.9,1494.5,-210.71,0.898
R6067,pine,41419.5,25673.8,1380.8,-186.28,1.139
R6068,poplar,44826.9,23829.9,1615.4,81.93,0.892
R6069,jujube,55804.1,24265,2085,40.5,1.063
R6070,poplar,60004.1,25153.7,3085.1,-41.16,0.806
R6071,jujube,68119.6,25771.3,4338.8,-56.31,1.049
R6072,pine,-67265.2,28692,5605.8,-187.97,0.886
R6073,elm,-52551.6,26973.6,2645,-157.51,0.894
R6074,pine,-50592.6,27940.3,1922.5,-54.09,1.15
R6075,elm,-37942.6,28190,1197.3,-22.3,0.894
R6076,poplar,-23362.8,26317.8,1118.8,-89.85,1.06
R6077,elm,-18027.6,26232.4,1138.6,-123.64,1.143
R6078,elm,-15209,27309.9,1165.2,-98.68,0.997
R6079,poplar,-10650.8,26253.6,1195.4,-11.66,1.016
R6080,elm,-4180.7,26341.1,1419.2,-241.67,0.898
R6081,poplar,-2008.1,28515.6,1689.4,-19.15,1.133
R6082,pine,20690,26288.9,1122.3,-240.23,0.955
R6083,elm,23414.8,26595.6,1309.9,-48.67,0.89
R6084,jujube,28036.5,27587.5,1313.8,-154.5,0.966
R6085,elm,43444.1,28237.2,1556.5,-183.61,0.824
R6086,pine,-68171.7,30829.2,6554.7,28.55,0.931
R6087,poplar,-54745.7,30053,3293.3,-92.6,0.998
R6088,elm,-49953.1,29733.1,1724.8,-49.39,0.914
R6089,elm,-38686.8,28821.8,1186,66.78,1.093
R6090,jujube,-32228.7,30106.2,1081.5,75.01,1.08
R6091,elm,-15442.7,30742.9,1129.3,68.05,0.931
R6092,elm,-11341.8,30683.7,1160.4,69.43,0.872
R6093,pine,-7521.1,31287.9,1357,-12,0.9
R6094,elm,-2792.1,29169.1,1579.5,30.45,0.823
R6095,poplar,-2389.7,30110.6,1620.7,-36.91,0.855
R6096,poplar,9824.8,31260.2,1539.7,-130.35,1.051
R6097,pine,15684.5,29444.2,1001.1,-118.99,0.931
R6098,poplar,19218.9,28900.5,1074.9,-56.52,0.91
R6099,jujube,22700.5,30414.6,1315,-177.87,1.11
R6100,poplar,26929.5,29408.5,1344.3,-39.59,1.076
R6101,jujube,40835.3,30428.7,1349,-247.75,1
R6102,pine,42967.7,29543.4,1476,82.9,0.84
R6103,poplar,50844.9,31387.9,1480.3,-137,0.819
R6104,poplar,65673.6,30130.7,4348.9,-176.52,0.804
R6105,pine,-65899.6,31816,6579.1,63.65,0.934
R6106,pine,-64786.2,33436.7,6062.1,-6.3,1.134
R6107,poplar,-51280.5,32382.9,2381.3,9.71,0.98
R6108,poplar,-43432.8,31623.2,1114.7,-6.65,1.095
R6109,elm,-12562.7,32777,1029.4,-3.34,0.812
R6110,elm,-8712.2,32242.3,1304,-106,1.098
R6111,elm,10062,33402.9,1511.9,65.45,1.125
R6112,pine,16063.3,31523.4,930.9,52.81,1.04
R6113,jujube,42422.2,31929.4,1477.8,-39.68,0.927
R6114,poplar,50809.7,31823.2,1473.7,55.36,1.008
R6115,elm,59875.8,33374.4,3325.3,-155.13,0.907
R6116,poplar,62885.8,31473.2,4086.2,-125.47,1.015
R6117,poplar,-18889.8,34174.5,952.2,-32,1.015
R6118,pine,-7350.4,35444.4,1424.5,-228.47,0.889
R6119,jujube,-1438.8,35884.2,1731.6,-134.73,1.099
R6120,elm,9502.7,35529.9,1484,-266.75,1.088
R6121,elm,14566.5,35812.5,1158.6,-151.28,0.959
R6122,poplar,31788.7,35439,1579.6,-148.11,1.054
R6123,pine,44451.4,36512.6,1877.2,-269.46,0.868
R6124,jujube,55517.9,35287,2049.8,-195.54,0.912
R6125,jujube,-57418.9,38912.9,3762,-228.07,0.864
R6126,poplar,-55882,37172.7,2802.3,-38.15,1.031
R6127,poplar,-52265.1,36940,1690.1,89.24,0.916
R6128,elm,-49420.4,37133.9,1184.2,-27.84,0.984
R6129,poplar,-46225.6,38569.5,974.2,-49.15,0.904
R6130,elm,-41933.7,37930.7,911.9,-25.29,1.05
R6131,jujube,-19721.1,38194.2,1015.2,-267.13,0.865
R6132,poplar,9573.6,38838.2,1361.9,-227.68,1.053
R6133,pine,13108.5,38318.4,1216.9,-141.19,0.854
R6134,elm,24666.9,37661.4,1586.8,41.44,0.863
R6135,poplar,36107.9,36673.4,2051.8,-108.12,0.809
R6136,elm,40730.6,37416,1734.2,-158.37,0.954
R6137,elm,67135.5,36919.4,5484.9,-208.62,0.983
R6138,pine,68695.7,38696.9,6431.3,34.2,1.011
R6139,jujube,-57125.8,40416.1,3634.6,29.78,0.895
R6140,poplar,-48088.8,41506.1,1385.9,-202.21,0.841
R6141,elm,-45882.9,41020.6,1071.2,-141.72,1.051
R6142,jujube,-24341,39513.4,1070.2,-15.71,1.13
R6143,elm,-21407.1,41290.1,1207.4,56.03,1.023
R6144,pine,822.4,40962.8,1608.5,68.4,0.849
R6145,pine,4659.7,39315.1,1387.5,-155.08,0.968
R6146,poplar,20946.5,40039.3,1581.4,-155.22,0.973
R6147,pine,31028.3,40279.1,1591.2,-9.44,0.986
R6148,elm,38665.4,41335.4,1710.4,-121.8,0.933
R6149,jujube,39614.6,41410.8,1647.8,-37.56,1.104
R6150,elm,46755.4,40200.1,1594,88.46,0.857
R6151,elm,56706.6,39366.4,2085.3,-218.46,1.004
R6152,pine,62335.1,40511.2,4945.2,-27.07,0.988
R6153,jujube,-56119.8,42625.2,3499.5,-224.14,0.84
R6154,poplar,-51839.6,43686.7,2108.2,-208.62,0.825
R6155,poplar,-51062.9,43752.7,1969.7,-184.4,0.918
R6156,elm,-42770.8,43382.8,1241.6,27.25,0.878
R6157,poplar,-14464.1,41868.7,1326.2,-153.05,0.911
R6158,elm,-8778.6,43938.2,1569.8,-175.91,1.1
R6159,elm,-6547.7,43279.4,1693.2,-16.73,1.141
R6160,poplar,-721.8,41864.7,1641.7,40.38,1.062
R6161,pine,213.2,44349.1,1832.1,47.6,0.886
R6162,elm,3600.3,43079.9,1642.3,-105.41,0.82
R6163,poplar,9547.9,43099,1449,2.68,0.972
R6164,poplar,14657.2,43530.4,1400,-264.51,0.959
R6165,poplar,18263.9,41843.2,1337.8,1.52,1.102
R6166,poplar,27781.8,43536.3,1816.7,-207.35,1.087
R6167,jujube,42259.5,43794.5,1834.7,-193.13,1.008
R6168,elm,59410.3,41871.2,3068.8,-167.27,0.857
R6169,jujube,-39528.4,45361.1,1361.2,-262.7,1.106
R6170,elm,-36907.6,46773.3,1421.4,73.89,1.126
R6171,elm,-25886.1,46296.4,1153,25.24,1.053
R6172,elm,-16743.3,46789.6,1464.5,-18.96,0.956
R6173,pine,-3719.9,45339.7,1870.9,84.47,0.871
R6174,poplar,1867.2,45012,1890.3,87.13,1.022
R6175,poplar,10719.3,45474.5,1618.6,-64.43,0.927
R6176,pine,18680.1,46196,1538.6,-235.18,0.887
R6177,pine,24692.8,45316.2,1787.2,-30.22,1.141
R6178,pine,41808,45801.5,1681.7,-103.23,1.047
R6179,poplar,44981.9,46814.8,1365.1,79.62,0.883
R6180,elm,59708.6,46369.3,3222.9,-163.34,1.067
R6181,elm,64477.1,46855.7,5326.2,-23.94,0.934
R6182,elm,65305.7,46952,5233.9,72.11,0.908
R6183,elm,-51805.9,47474.8,2306.3,-158.69,1.068
R6184,poplar,-48454.8,48575.3,1597.8,-73.01,1.032
R6185,jujube,-41503.9,47969.5,1238.4,48.16,0.934
R6186,poplar,-39000.9,48099.1,1506.6,-222.6,0.856
R6187,elm,3887.3,47351,1788.4,-151.15,0.987
R6188,jujube,9936.3,49162.8,1758.9,-180.3,0.83
R6189,jujube,25700.4,47312.8,1742.4,58.54,1.018
R6190,poplar,38866.9,49122.8,1681.2,-53.36,0.89
R6191,jujube,53673,49537.5,1852,77.06,0.856
R6192,jujube,55915.5,49464.3,2924.5,-104.13,0.935
R6193,poplar,57800,47247.5,2482.2,-182.11,0.924
R6194,pine,-68641.2,49795.5,6063.1,-44,1.126
R6195,pine,-58047.4,51058.6,3312.6,-44.51,0.959
R6196,jujube,-41880.1,50492.9,1409.8,26.31,0.982
R6197,elm,-11686.3,50075.6,1661.6,-175.63,0.989
R6198,elm,-1661.1,51410.4,1940.1,-114.31,0.839
R6199,elm,5230.2,51585.7,1941.8,-52.62,0.863
R6200,poplar,6413.7,49845.3,1751.7,62.11,1.108
R6201,elm,15326.1,51964.1,1596.2,79.78,0.903
R6202,elm,23235.4,51869.4,1553.3,-158.19,0.914
R6203,elm,43069.4,51991.3,1264.6,-143.09,1.022
R6204,jujube,51532.5,52015.6,1351.3,20.64,1.116
R6205,jujube,66848,50481.2,5690.7,-76.04,0.852
R6206,poplar,-55989.3,53670.4,2843.1,-8.14,0.986
R6207,elm,-37563.1,53119.8,1413.6,-126.52,1.098
R6208,poplar,-36073,53498.9,1343.3,-27.26,0.862
R6209,elm,-25924.7,53295.2,1337.7,-174.43,0.828
R6210,elm,-22717.6,53348.8,1528,56.17,1.121
R6211,elm,-12391.3,54452.5,1725.4,-52.81,0.823
R6212,jujube,-3259.8,53735.8,1937.5,41.63,0.809
R6213,elm,8215.5,54199.7,1972.7,81.12,1.094
R6214,elm,12753.7,53432.4,1846.7,-55.74,1.064
R6215,jujube,15758.3,52926.6,1612.9,73.6,1.001
R6216,jujube,16654.7,52213.5,1525.9,64.66,1.044
R6217,elm,25546.1,53006.8,1572.9,-246.98,0.872
R6218,poplar,31021.2,53927.6,1892.2,-243.35,1.128
R6219,jujube,40455,54046.2,1605.6,-140.23,0.967
R6220,poplar,49410.7,53844.9,1383.1,-168.43,0.903
R6221,jujube,56815.3,52761.7,3189.9,-1.63,1.003
R6222,jujube,66492.7,54773.5,5612,-243.72,0.911
R6223,jujube,-56211.4,55447.9,2889.6,-152.28,0.893
R6224,elm,-47460.5,55527.2,1731.4,-226.6,0.952
R6225,elm,-23318.1,56550.9,1755.2,-119.51,1.067
R6226,pine,2083.4,55001.5,2220.1,-192.6,0.939
R6227,elm,11434,56166.6,2012.9,-113.5,1.11
R6228,elm,54715,57240.9,1823.9,-51.39,1.015
R6229,elm,63529.6,57134.5,4734.8,61.97,0.901
R6230,poplar,-57346.6,58093.1,3303.6,47.59,0.829
R6231,poplar,-54626.8,57516,2565.3,-240.97,1.022
R6232,jujube,-49848.5,59272.2,2358.9,-124.6,1.084
R6233,elm,-47647.5,59068.2,2799.2,-82.33,1.024
R6234,pine,-35140,58297.3,2024.9,-154.95,0.852
R6235,poplar,-25415.6,59701.2,2411.6,-151.91,0.973
R6236,poplar,-12155.1,58779.7,3018.7,70.16,1.056
R6237,elm,-9568.3,59968.8,3050.5,-133.87,0.803
R6238,jujube,-4603.5,59624.4,2804.3,85.62,0.873
R6239,elm,-275.3,57872.3,3307.8,-92.4,0.893
R6240,pine,2192.5,59133,3906.9,-242.84,1.037
R6241,jujube,6629,58966.1,4117.6,-229.68,1.007
R6242,poplar,16742.6,58107.3,2601.9,41.72,1.089
R6243,pine,20445.9,59016.9,3026.6,-174,0.809
R6244,pine,31014.7,58336.2,2883.2,-244.09,0.819
R6245,elm,38366.5,58458.9,2609.8,20.47,0.962
R6246,jujube,59615.2,58667.6,3786.2,-156.43,1.102
R6247,elm,-66171.2,61803.9,5687.3,-221.43,0.902
R6248,jujube,-62761,61087.3,5136.9,-25.8,0.928
R6249,elm,-60708.1,62033.8,4450.3,-22.42,0.887
R6250,pine,-40444.6,61051.8,3862.2,-170.52,1.035
R6251,jujube,-10845.6,61758.6,3511.7,-143.73,0.87
R6252,poplar,-281.3,61267.9,4144.2,21.8,1.121
R6253,poplar,12682.8,61617.6,3563.8,-161.96,0.863
R6254,elm,18014.9,61293.5,3276.6,-35.62,0.885
R6255,pine,22038.3,60310.6,3186,-148.35,0.997
R6256,elm,26665,61806.7,3442.1,-72.28,0.83
R6257,elm,32857.4,61371.2,2292.8,-169.22,0.878
R6258,jujube,45712.4,61798.1,3105.5,54.68,0.964
R6259,poplar,60251,60269.1,3829.2,-268.65,0.973
R6260,pine,67779.4,62457.2,6153.2,-211.08,0.938
R6261,elm,-57348.3,64486.3,4191.5,-67.06,0.926
R6262,elm,-48551.4,63557.1,4411.9,-75.71,1.055
R6263,elm,-22872.6,64690.2,3171.4,64.05,0.886
R6264,poplar,-13628.7,64624.1,5021.2,-248.37,1.119
R6265,poplar,1835.5,64152,5226.1,-216.82,0.949
R6266,poplar,4745.4,62696.1,4201.6,60.42,0.852
R6267,poplar,12839.1,63272.4,4312.2,-44.87,0.982
R6268,pine,19268.5,63355,3574,-87.1,1.083
R6269,elm,26745.4,62773.6,3749.9,-179.57,0.824
R6270,poplar,29677.2,64941.5,3422.1,-110.53,0.844
R6271,poplar,55777.6,62629.3,2973,-132.08,0.842
R6272,poplar,59533.7,64803.4,3995.3,-199.87,0.838
R6273,elm,-62733.5,66741,4194.9,-106.64,1.01
R6274,elm,-47875.6,66578.2,5164.6,58.86,1.069
R6275,poplar,-32463.9,65721.8,4847.3,-191.6,1.002
R6276,jujube,-13247.8,65457.3,5354.8,-0.5,1.103
R6277,elm,33609.3,65716.2,3857.5,-149.76,0.954
R6278,poplar,46648.1,66217.5,4572.7,-162.59,0.896
R6279,elm,54097.6,66896,3946.4,-54.55,1.022
R6280,pine,59812.5,66408.4,4335.5,-178.63,1.084
R6281,jujube,61074.7,66130.2,4486.5,-111.98,1.076
R6282,pine,67280.1,67485.9,6227.6,-162.19,0.934
R6283,jujube,-62376.8,67817.2,4451.8,-22.81,0.819
R6284,jujube,-51236.9,68603.9,4498,-20.54,1.073
R6285,elm,-36732.3,67821,5452,-116.23,1.097
R6286,pine,-15469.6,69463.4,6112.3,-257.65,0.858
R6287,shrub,-57698.3,-69425.8,6340.6,-158.78,0.734
R6288,shrub,-35175.9,-69249.9,5318.2,22.84,0.956
R6289,shrub,26552.4,-69482.6,6490,32.81,1.044
R6290,shrub,27837.9,-68943.8,6286.4,-66.01,0.702
R6291,shrub,39927.7,-69486.4,5419.4,72.34,0.811
R6292,shrub,41115,-69170.5,5170.8,11.96,0.766
R6293,shrub,48257.6,-69049.8,5305.8,-244.2,1.341
R6294,shrub,52712.4,-69229.6,4661.5,-138.79,0.756
R6295,shrub,-62851.6,-68059.4,5085.5,42.71,0.972
R6296,shrub,-61588.8,-68157,4849.2,-113.65,1.215
R6297,shrub,-48536.1,-68102.8,5757.3,76.51,1.11
R6298,shrub,-35413.6,-68853.3,5437.6,-202.02,0.777
R6299,shrub,-22764.6,-67884.2,5311.1,50.79,0.914
R6300,shrub,-8324.9,-68740.4,6605.6,-210.26,1.115
R6301,shrub,9047.9,-68839.2,6440.7,-162.14,1.178
R6302,shrub,38867.8,-68767.9,5412.2,79.91,0.905
R6303,shrub,43209.2,-67955.6,4787.7,-192.42,1.017
R6304,shrub,53704.6,-68892,4483.1,-171.7,1.132
R6305,shrub,55113.4,-68605.4,4532.8,-45.24,1.24
R6306,shrub,-60490.9,-66829.7,5170.2,77.61,1.092
R6307,shrub,-47989.8,-67306.8,5502,-110.38,1.353
R6308,shrub,-37197.6,-67347.8,5256.3,-33.72,1.043
R6309,shrub,-27776.9,-66944.3,4825.5,63.93,0.746
R6310,shrub,8986.9,-66992.6,6380.3,6.11,0.921
R6311,shrub,10314.5,-67228.8,5879.4,89.71,1.024
R6312,shrub,17428.4,-67640.8,5763.9,25.21,0.951
R6313,shrub,18709.8,-67594.3,5793,-7.64,1.253
R6314,shrub,20767.2,-67668.6,6040.4,-6.23,1.044
R6315,shrub,47000,-67266.6,6358.8,-251.53,0.985
R6316,shrub,54671,-66855.9,4657.8,-43.97,0.774
R6317,shrub,55634.7,-67448.4,4895.8,81.75,0.971
R6318,shrub,-48423.9,-66030.4,5029.7,-57.83,0.789
R6319,shrub,-23644.8,-66300.9,5050.8,-260.55,0.899
R6320,shrub,-11769.7,-66498.1,6132.7,-108.69,1.224
R6321,shrub,22213.3,-66000.3,6649.5,-122.81,1.387
R6322,shrub,44475.2,-66654.4,4772.8,-194.23,1.053
R6323,shrub,46902.8,-66397.2,6210.8,34.66,0.808
R6324,shrub,-51645.2,-64691.8,5552.9,58.5,1.253
R6325,shrub,-37993.1,-65251.3,6156.9,-137.62,0.774
R6326,shrub,-20982.8,-64779.2,5452.9,-28.42,1.237
R6327,shrub,-11895.5,-64640.9,6433.8,20.94,1.137
R6328,shrub,-11316.7,-65297.2,6355.8,-148.86,0.971
R6329,shrub,-8894.7,-65297.9,6378.8,65.8,1.244
R6330,shrub,24154.2,-64782.9,6123.4,-230.74,1.203
R6331,shrub,32659.4,-65394.9,4855.8,-26.53,1.197
R6332,shrub,34246.7,-64741.2,5140.3,-136.24,0.831
R6333,shrub,46551,-65453.9,6026.3,-245.74,0.909
R6334,shrub,53567.3,-64504.1,4543.3,-7.66,1.205
R6335,shrub,-67590.3,-64172.2,5177.6,11.83,1.124
R6336,shrub,-66269.4,-63757.9,4478.3,-233.02,1.081
R6337,shrub,-63831.6,-64272.8,4448.8,-103.18,0.899
R6338,shrub,-34920,-63853.2,4615.4,-213.06,1.397
R6339,shrub,-18348.9,-63777.4,5738.7,-173.23,1.173
R6340,shrub,7003.8,-63897.2,5551.9,-221.3,0.838
R6341,shrub,20171.2,-63603,5321.9,-149.75,1.144
R6342,shrub,27114.4,-63652.4,5453.4,-212.53,1.273
R6343,shrub,37688.2,-64094.5,5840.2,6,0.898
R6344,shrub,46593.5,-64213,5463.6,-262.77,1.323
R6345,shrub,61688.4,-64371.7,5947.2,-246.42,1.162
R6346,shrub,62308.4,-64145,6160.5,-83.41,1.215
R6347,shrub,-62044.9,-62486.3,4775,-211.97,0.997
R6348,shrub,-59588.3,-62731.8,5061.9,-62.43,0.916
R6349,shrub,-47220.4,-63372.5,5307.6,-81.56,1.224
R6350,shrub,-26922.3,-62556.5,5012,12.31,1.36
R6351,shrub,20093.9,-63231.8,5197.4,-73.82,1.391
R6352,shrub,22023.4,-62597,5479.9,-220.39,0.979
R6353,shrub,27446.2,-62887.2,5282.5,-217.12,1.395
R6354,shrub,43749.4,-62732.3,4765.8,-104.72,0.971
R6355,shrub,64904.1,-63144.6,4858.9,-110.79,0.81
R6356,shrub,-67456.4,-62163.1,5130.6,-223.74,1.326
R6357,shrub,-35498.9,-62030.3,4946.1,8.73,1.034
R6358,shrub,-9079.9,-61461.5,5067.4,-209.78,1.207
R6359,shrub,13970.9,-62264.1,5611.2,-197,1.029
R6360,shrub,33219.7,-61983.6,4165.4,-247.73,1.063
R6361,shrub,51878.8,-62099,5178.7,8.63,1.263
R6362,shrub,65567,-61664.1,4326.3,-253.48,1.049
R6363,shrub,-68454.6,-60241.9,5186.7,-266.44,0.806
R6364,shrub,-56907.2,-61115.3,5470.5,-48.24,0.798
R6365,shrub,-52538.2,-60526.3,4548.7,-60.93,1.188
R6366,shrub,-46700.2,-60633.7,5130.2,-122.51,1.295
R6367,shrub,-38856.6,-60380,4576.1,32.49,1.348
R6368,shrub,-5236.7,-61112.1,5477.4,40.05,1.337
R6369,shrub,16756,-60832.9,5037.5,-4.51,1.193
R6370,shrub,46369.6,-60902.9,5178.7,-244.26,0.745
R6371,shrub,51687.5,-60659.7,4160.7,-238.32,0.87
R6372,shrub,55504.5,-61029.9,4122.2,61.51,0.872
R6373,shrub,65353.2,-60549.4,4341,-23.52,0.88
R6374,shrub,-66061.9,-59825.2,5845.7,-70.4,1.384
R6375,shrub,-55360.2,-59046.8,4254.6,85.78,1.302
R6376,shrub,-19854.7,-59889.3,3921,-44.61,0.938
R6377,shrub,-9146.9,-60040.4,5214.9,-132.68,1.281
R6378,shrub,5914.2,-59196.1,3831.4,30.99,0.797
R6379,shrub,23814.9,-59815,5000,-259.87,0.937
R6380,shrub,29208.6,-59545.2,4015.2,14.8,0.856
R6381,shrub,32288,-59514.1,3437.9,-65.05,0.962
R6382,shrub,36864.7,-59481.5,5169.4,-185.42,1.381
R6383,shrub,40031.3,-59937.2,4800.3,-242.99,0.827
R6384,shrub,52636.7,-59996.5,3582.6,-150.23,0.822
R6385,shrub,54477.4,-59036.8,3379,-201.3,0.917
R6386,shrub,61849.8,-59191.7,4114.3,-64.65,0.827
R6387,shrub,-30739.5,-57929.5,4367.2,-169.47,1.216
R6388,shrub,-21410.7,-58315.1,4145.7,-39.98,0.902
R6389,shrub,31207.9,-58691.7,3062.9,83.55,1.356
R6390,shrub,33510.4,-58020.9,3233.7,-86.65,1.069
R6391,shrub,43540.1,-57948.9,5047.3,11.67,1.213
R6392,shrub,56560.1,-58355.2,3838.3,-10.76,1.057
R6393,shrub,-20759,-57741,3738.2,43.04,0.769
R6394,shrub,-695.6,-57002.6,3618.2,-103.26,0.902
R6395,shrub,12327.9,-56905.2,2934.9,-115.29,0.983
R6396,shrub,22961.5,-57384,4741.7,-173.33,1.131
R6397,shrub,51819.3,-57751.9,3469,87.91,1.383
R6398,shrub,-60010.7,-56348.9,4846.3,-10.48,0.83
R6399,shrub,-58383.4,-56390.2,4182.8,-222.91,0.799
R6400,shrub,34135.8,-56215,3352.4,4.05,0.907
R6401,shrub,59251.7,-56647,3423.3,-165.34,1.333
R6402,shrub,67509.6,-56334.6,4858.6,-68.51,0.829
R6403,shrub,-62759.5,-54788.6,5541.1,-29.82,1.356
R6404,shrub,-58701.1,-54629.9,5041.2,-12.66,1.386
R6405,shrub,-50564.8,-55069.8,5420.9,-20.27,0.854
R6406,shrub,-49248.9,-55296.9,6412.5,-160.02,1.334
R6407,shrub,-47220.3,-54905.4,5492.2,-119.75,1.217
R6408,shrub,-43341.6,-54928.5,4651.9,-147.24,0.822
R6409,shrub,-33428.3,-55651.4,3747.7,-256.87,1.153
R6410,shrub,-31031.4,-55159.1,4194.3,-133.34,0.996
R6411,shrub,-13304.3,-55108.5,2889.7,-38.9,0.819
R6412,shrub,42320.8,-55262.4,4249.7,-16.63,1.116
R6413,shrub,62550.5,-55680.3,3959,-216.48,1.151
R6414,shrub,-54204.5,-53838.4,5206.3,-254.96,1.277
R6415,shrub,-51430.8,-54235.3,5420.8,-223.97,1.312
R6416,shrub,-35229.5,-53581.9,3387.7,-104.81,0.898
R6417,shrub,-32496.2,-53635,3604.9,-159.61,1.221
R6418,shrub,-5458.5,-53667.2,3033.6,59.48,1.284
R6419,shrub,39401.1,-53533,4174,-223.17,0.787
R6420,shrub,41641.9,-54429.5,3840.9,-48.47,0.804
R6421,shrub,-63107,-52583.9,5858,-31.05,1.172
R6422,shrub,-829.8,-53399.7,2271.9,-155.13,1.361
R6423,shrub,31110.9,-52536.4,2501.6,-156.78,0.926
R6424,shrub,36081,-52908.3,3255.9,-94.33,0.814
R6425,shrub,48070.9,-52980.9,2632,39.78,1.073
R6426,shrub,-60909.3,-51345.7,6269.2,-208.7,1.201
R6427,shrub,-20755.4,-52145.7,1958.6,-8.23,1.023
R6428,shrub,1986.7,-51900.9,1907.3,-231.07,0.986
R6429,shrub,8085.7,-51714.2,2527,37.31,0.999
R6430,shrub,26183.5,-51923,1818,-64.97,1.214
R6431,shrub,45827,-51463.9,2302.1,13.37,1.058
R6432,shrub,49568.2,-51426.1,2545.7,30.3,0.927
R6433,shrub,-60384.2,-50672.5,6599.2,-151.32,1.041
R6434,shrub,-46925,-51197.6,4779,-189.78,0.922
R6435,shrub,-41641.9,-50826.8,3521,-5.52,1.33
R6436,shrub,-21708.6,-50627.5,1946.4,-225.58,1.08
R6437,shrub,-21487.1,-50225.4,1896.7,19.3,1.374
R6438,shrub,714.2,-50401.5,1562.6,-88.03,1.095
R6439,shrub,19208.6,-51193.5,2313.5,12.81,1.31
R6440,shrub,21747,-50340.9,1914.6,63.38,0.841
R6441,shrub,23052.3,-50915.3,2025.6,78.65,1.305
R6442,shrub,24005.7,-50990,2028.9,-69.54,1.083
R6443,shrub,34626.7,-50339,2880.4,-30.98,1.057
R6444,shrub,35637.2,-51229,3035.4,-123.77,0.923
R6445,shrub,48522.5,-51107.4,2319,-4.61,0.924
R6446,shrub,56821.7,-50914.2,3080.4,-170.91,1.111
R6447,shrub,-69242.8,-49314,6733.6,-32.52,0.85
R6448,shrub,-55561.5,-49468.9,6654.8,-260.78,0.881
R6449,shrub,-39963.9,-49960.5,3409.9,-182.25,0.92
R6450,shrub,-38276.5,-49579.5,2894.2,-248.16,0.853
R6451,shrub,-15337.7,-49239.1,1719.5,-207.97,1.387
R6452,shrub,13485.3,-49592.4,1874.3,-151.59,1.043
R6453,shrub,15380.8,-49114.5,1633.7,-115.79,0.919
R6454,shrub,17697.5,-49276.9,1676,39.47,0.746
R6455,shrub,29568.7,-49658.4,1701.5,-92.08,1.005
R6456,shrub,35829.1,-49957.7,2894.6,75.26,0.721
R6457,shrub,62926.8,-49757.6,4323.1,72.79,0.736
R6458,shrub,-27381.8,-48352.9,1938.3,-242.13,1.388
R6459,shrub,-19158.1,-48975.4,1477.2,-110.46,1.234
R6460,shrub,-2302.5,-49085.5,1708.2,52.28,1.109
R6461,shrub,1368.6,-49028.7,1457.9,31.7,0.902
R6462,shrub,9450.1,-48929.3,2043.3,-20.64,0.99
R6463,shrub,13581,-48707.6,1660.9,74.36,0.857
R6464,shrub,30156,-48963,1797.7,-68.2,0.931
R6465,shrub,32937.6,-48708.3,2513,-27.17,1.031
R6466,shrub,43226.8,-48046.9,1812.6,29.96,0.84
R6467,shrub,48744.2,-48149.6,2281.9,74.38,0.758
R6468,shrub,56255.4,-48877.3,2888.5,-34.01,1.129
R6469,shrub,56532.4,-48299.3,2826.4,-49.27,1.162
R6470,shrub,-67881.8,-47519.5,6112.6,-247.63,1.282
R6471,shrub,-64371.8,-47595.8,6482.9,33.05,0.975
R6472,shrub,-59228.2,-47225.4,6884,-98.41,1.045
R6473,shrub,-33350.2,-47361.7,1866.7,-16.78,0.889
R6474,shrub,-17436,-47503,1451,-98.43,1.055
R6475,shrub,-7260.8,-47868.3,1893,-250.87,0.949
R6476,shrub,12435.3,-47852.4,1488.2,-25.65,0.863
R6477,shrub,13558.8,-47252,1483,60.4,0.885
R6478,shrub,26120.7,-47947.4,1558.9,-186.29,1.12
R6479,shrub,44219.8,-47579.6,1855.2,-250.64,1.078
R6480,shrub,51559.4,-47757.8,2406.3,-132.01,0.922
R6481,shrub,60795.9,-47380.3,4002.2,39.23,0.82
R6482,shrub,-26626.4,-46418.1,1576.1,51.79,1.089
R6483,shrub,-2647,-46777.2,1430.9,-70.93,0.892
R6484,shrub,7126.5,-46124.2,1908.3,12.55,0.978
R6485,shrub,-65165.1,-44937.8,6933.1,-130.39,1.285
R6486,shrub,-61650.5,-45623.8,5970.6,-152.66,1.332
R6487,shrub,-52915.4,-45596.1,7852.9,-192.84,1.086
R6488,shrub,-46423.7,-44751.3,5158.6,-22.89,0.725
R6489,shrub,-34895.9,-45463.8,1971.9,-179.35,0.955
R6490,shrub,-9731.7,-44988.7,1799.9,-154.2,0.891
R6491,shrub,7966.2,-45679.4,1592,-59.33,1.269
R6492,shrub,21974.2,-45046.3,1358.4,-133.39,1.263
R6493,shrub,41210.8,-44789.1,2191.2,-159.36,1.308
R6494,shrub,57076.7,-45716.3,2094.8,35.74,1.236
R6495,shrub,-23775.3,-43758.5,1575.2,-83.07,0.928
R6496,shrub,-15762.3,-44068.4,1476.1,-108.57,0.929
R6497,shrub,-11588.7,-44045.6,1612.5,-161.51,1.327
R6498,shrub,23831,-43783.1,1447.1,19.83,1.041
R6499,shrub,30017.8,-44080.3,1565.5,-42.57,1.386
R6500,shrub,32861.9,-44282.9,1642.2,-129.55,1.104
R6501,shrub,69542.9,-43793.5,5262.5,-195.81,1.298
R6502,shrub,-66027.2,-42500.9,6703.4,28.68,0.932
R6503,shrub,-56603.8,-42607,7217.1,-186.83,1.201
R6504,shrub,-32238,-42707.4,1678.2,81.33,0.72
R6505,shrub,-26049.5,-42883.2,1485.7,1.36,1.185
R6506,shrub,-16312.4,-43141.3,1482,-187.38,1.191
R6507,shrub,14785.4,-42731.1,1450.6,-236.21,1.02
R6508,shrub,50757.1,-42785.2,1519.4,64.24,0.751
R6509,shrub,-60997.9,-42291.3,6650.1,-197.37,0.771
R6510,shrub,-47729.8,-41750.2,4762.6,42.03,1.198
R6511,shrub,-22925.9,-42239.9,1481.4,-46.73,1.36
R6512,shrub,-22374.1,-42292.4,1561.5,44.05,0.771
R6513,shrub,-19312.6,-41406.4,1516,-133.7,1.16
R6514,shrub,-11397.7,-42478.2,1635.4,-58.79,0.919
R6515,shrub,23103.7,-41763,1261.7,81.43,0.887
R6516,shrub,-45628.7,-41352,4006,50.28,0.974
R6517,shrub,-43519.4,-40767.3,3316.2,-245.08,0.713
R6518,shrub,-42211,-40975.2,2978.1,10.31,0.889
R6519,shrub,-23685.3,-41155.4,1403,-146.3,1.388
R6520,shrub,-15820.1,-40773.2,1649,77.45,1.055
R6521,shrub,15513,-40658.2,1464.2,-251.29,1.053
R6522,shrub,45125.8,-41086,1725.3,-141.72,0.988
R6523,shrub,59863.2,-40429.1,3402.4,-41.22,1.265
R6524,shrub,-46243.9,-39746.9,3616.7,-51.89,1.383
R6525,shrub,-43570,-39346.5,3024.2,-84.09,1.314
R6526,shrub,-11987.1,-39626.8,1485,-182.99,1.344
R6527,shrub,-1285.9,-40256.7,1589.2,2.41,1.137
R6528,shrub,12082.2,-40025,1463,-169.68,1.185
R6529,shrub,25894.3,-40162.7,1471.6,-204.29,1.077
R6530,shrub,37823,-40020.4,1725.8,-186.23,1.339
R6531,shrub,68873.3,-39238.7,5432.5,-174.3,0.761
R6532,shrub,-64730.7,-38307.1,7046.6,-211.97,1.181
R6533,shrub,-18431.7,-38759.5,1481.1,6.61,0.989
R6534,shrub,-14813.9,-38394,1576.9,-221.61,0.95
R6535,shrub,3752.5,-38935.1,1521.2,43.59,0.76
R6536,shrub,23458.8,-38701.5,1311.5,10.71,1.205
R6537,shrub,51476.6,-39089.7,1866.3,-246.11,0.957
R6538,shrub,52602.1,-38875.8,1975.7,69.22,1.113
R6539,shrub,54983.2,-39111.7,2415.2,65.15,1.336
R6540,shrub,56581.1,-38400.4,2592.4,-113.05,1.341
R6541,shrub,69035.4,-38308.6,5609.7,1.04,0.867
R6542,shrub,-45014.2,-37955.2,3403.7,-182.16,0.861
R6543,shrub,-42515,-37375.2,2655.9,-76.62,0.847
R6544,shrub,-40422.6,-37493.1,2395.5,-93.88,0.79
R6545,shrub,-36242,-37239,1732.3,-198.41,1.245
R6546,shrub,-26861.4,-37376.3,1503.3,-42.12,1.127
R6547,shrub,-14044.7,-37412.9,1538.6,-218.14,0.951
R6548,shrub,18907.2,-37873.7,1438.1,-123.28,0.863
R6549,shrub,39575.7,-37351.6,1592.5,-30.93,0.964
R6550,shrub,56864.3,-37426.4,2263,-88.25,1.133
R6551,shrub,-69203.1,-36805.4,6677.3,-62.5,1.048
R6552,shrub,-55141.4,-36045.9,5933.4,-211.85,0.978
R6553,shrub,-37110.4,-36924.8,1818.1,-252.67,0.837
R6554,shrub,-32655.7,-36019.5,1387.2,-192.2,0.764
R6555,shrub,-29722.9,-36675.7,1544.9,47.94,1.332
R6556,shrub,-20530.5,-36916.6,1267.6,-245.87,0.901
R6557,shrub,-19184.7,-35973.8,1267.6,88.9,1.227
R6558,shrub,20748.9,-36760,1436.1,-265.77,0.98
R6559,shrub,31839.7,-36039.6,1414.6,-250.74,0.747
R6560,shrub,58326.6,-36374.1,2394.4,-268.6,1.331
R6561,shrub,-59278.4,-35183.7,5847,-135.63,0.942
R6562,shrub,-54603.7,-35302.3,5768.4,-42.03,1.19
R6563,shrub,-14776.3,-34916,1336,18.69,0.843
R6564,shrub,-12573.1,-35125.9,1469.1,-137.3,1.354
R6565,shrub,27533.2,-35519.9,1168.8,86.51,1.353
R6566,shrub,32179.5,-35055.5,1126.4,-208.6,0.866
R6567,shrub,40518.4,-35730.5,1099.9,-106.59,0.911
R6568,shrub,51892.6,-34999.6,1048.6,-105.76,0.946
R6569,shrub,60515.2,-35067.2,1908.9,-262.06,1.04
R6570,shrub,-52317.7,-33885.6,4939.8,-89.41,1.283
R6571,shrub,-42189.7,-34621.1,2085.2,-116.28,1.35
R6572,shrub,-37785.7,-34148.3,1768.2,-101.26,1.212
R6573,shrub,-35642.7,-33747.9,1613.7,-260.14,1.242
R6574,shrub,-8882.8,-34071.4,1341.3,-73.47,1.21
R6575,shrub,26656.6,-34313.7,1230.8,-261.05,0.759
R6576,shrub,61645.3,-34401.6,1067.5,-117.33,0.78
R6577,shrub,-1133.3,-33374.2,1471.4,-169.79,1.354
R6578,shrub,-57804.1,-31887.3,4664.2,-226.99,0.817
R6579,shrub,-51819.4,-31659.7,3445.3,-224.13,1.363
R6580,shrub,-38075.6,-32099.6,1586.7,-55.53,0.719
R6581,shrub,-34139.9,-32275.8,1531.8,-119.08,1.36
R6582,shrub,43537.8,-31553.5,1324.6,-199.21,0.703
R6583,shrub,45751.7,-31879.4,1145.7,79.81,0.866
R6584,shrub,54250.2,-32185.9,1043.3,-31.97,1.117
R6585,shrub,-63209.4,-30979.9,6190,-69.17,1.382
R6586,shrub,-47290.8,-30605.4,1972.8,-194.9,1.235
R6587,shrub,-37212.2,-31095.9,1519.4,-113.03,0.898
R6588,shrub,-25684.8,-30525.1,1232.2,82.1,1.105
R6589,shrub,-22033.6,-30406.3,1462.4,-48.42,0.8
R6590,shrub,44404.3,-30956.1,1394.8,44.76,1.308
R6591,shrub,53668.3,-31237.7,1784.8,-166.78,1.101
R6592,shrub,57243.5,-30946.9,1859,-59.84,0.717
R6593,shrub,57733.7,-31095.5,1862.2,-145.66,0.963
R6594,shrub,60042.9,-30514.3,2747.4,-194.01,1.187
R6595,shrub,-52958,-30322.2,3170.2,-121.01,1.064
R6596,shrub,-46884.4,-30256.2,1773,-184.94,1.339
R6597,shrub,-41397.5,-29857,1272.8,-201.54,1.236
R6598,shrub,-34318.4,-30239.1,1194.5,-213.35,1.233
R6599,shrub,-20481.8,-29473.1,1542.7,-89.36,1.323
R6600,shrub,48166.2,-29656.8,1303.2,-248.18,0.879
R6601,shrub,52551.3,-29425.2,1573.9,-221.51,1.061
R6602,shrub,-12288.4,-29143.9,1366,-168.24,1.146
R6603,shrub,3320.6,-28243.3,1318.1,-3.13,1.243
R6604,shrub,25849.4,-29205.7,1338,-102.19,1.136
R6605,shrub,38488.7,-28373.9,1192.8,-150.66,1.182
R6606,shrub,41139.2,-28495,1271.9,-123.46,1.301
R6607,shrub,47671.6,-28311.7,1354.4,-191.38,1.244
R6608,shrub,48425.8,-28439.8,1288.9,85.46,0.854
R6609,shrub,51108,-28264.8,1267.7,-89.42,1.32
R6610,shrub,53153.3,-28385.9,1569,-252.01,1.353
R6611,shrub,54202.8,-28671.2,2214.3,-251.35,1.176
R6612,shrub,-67771.7,-27848.5,6960.6,-243.41,1.156
R6613,shrub,-1296.3,-27227.2,1380,-205.48,1.069
R6614,shrub,23392.6,-27929.3,1577.5,-81.41,0.927
R6615,shrub,25253.1,-27716.1,1436.6,36.46,1.173
R6616,shrub,41356,-27467.7,1260.1,-109.77,1.017
R6617,shrub,42785.7,-27193.9,1203.6,-56.57,0.756
R6618,shrub,43657.3,-27313.7,1231.2,21,1.277
R6619,shrub,45054.1,-27860.8,1348.8,-202.74,1.278
R6620,shrub,46698.9,-27775.2,1364.2,-183.1,1.206
R6621,shrub,50299.2,-27525.1,1266.5,-4.52,1.221
R6622,shrub,-18121.7,-26484,1541.5,4.3,1.287
R6623,shrub,-3516.1,-27073.2,1427.4,81.72,0.83
R6624,shrub,17356.7,-27024.4,1548.7,-258.26,0.971
R6625,shrub,36386.8,-26437.7,1019.3,73.55,1.345
R6626,shrub,39494.8,-26661.4,1131.7,-28.16,0.964
R6627,shrub,40516.5,-26853.9,1214.1,56.04,0.833
R6628,shrub,45512.5,-26443.9,1313.2,-6.26,1.334
R6629,shrub,60577.4,-26583.7,5173.5,-26.14,0.936
R6630,shrub,61772.3,-26342.6,5683,-124.84,0.849
R6631,shrub,64187,-26738.3,5977.6,-31.93,1.362
R6632,shrub,-24170.1,-25441.3,1440.2,-113.2,1.082
R6633,shrub,-12902,-24985,1481.8,-237.38,1.315
R6634,shrub,2618.9,-24935.5,1358.3,-126.13,1.075
R6635,shrub,23909.1,-25122.5,1551.5,48.57,1.243
R6636,shrub,33727.1,-25073.7,1156.3,-169.64,1.013
R6637,shrub,63637.5,-25377.1,5812.4,5.16,0.847
R6638,shrub,-41616.4,-24000.9,1203.4,47.19,0.751
R6639,shrub,3647.3,-24636.6,1441,-191.11,1.353
R6640,shrub,40711.9,-24765,1182.5,-195.89,1.051
R6641,shrub,42581.4,-24589.8,1075.3,-235.03,0.844
R6642,shrub,55416.2,-24168.1,2027.4,-243.9,1.333
R6643,shrub,62402.4,-23872.2,5632,-181.96,1.007
R6644,shrub,-68595.9,-23203.9,6404.5,-5.31,0.77
R6645,shrub,-63996.9,-23017,5859.1,-262.11,0.884
R6646,shrub,-58254.5,-23525,3701.5,-244.03,1.222
R6647,shrub,-50908.7,-23435.8,1803.7,85.85,1.054
R6648,shrub,-25673.4,-23770.3,1574.9,24.06,1.194
R6649,shrub,6370.5,-23039.4,1336.9,-214.42,1.234
R6650,shrub,23610.7,-23237.7,1627.8,55.54,1.15
R6651,shrub,26174.9,-23260.3,1483.7,-193.32,1.199
R6652,shrub,41087.5,-23569,1090.8,-137.59,0.851
R6653,shrub,43052.3,-23553.2,1139.9,-156.93,1.398
R6654,shrub,43634.5,-22921.5,1152.5,-95.96,0.772
R6655,shrub,46332.5,-23176.5,1057,2.99,0.722
R6656,shrub,47630.4,-23323.2,1218.5,87.09,1.312
R6657,shrub,51078.8,-22835.3,1185.3,20.5,1.116
R6658,shrub,54199.6,-23453.7,1504.9,-265.79,0.98
R6659,shrub,55350.1,-23579.9,1881.2,68.91,0.966
R6660,shrub,55980.8,-23072.9,1975.8,44.51,0.882
R6661,shrub,56912.2,-23417.2,2294.4,22.79,0.858
R6662,shrub,64876.1,-23337.8,6081.3,-23.24,0.898
R6663,shrub,66223.2,-22722.4,5926,64.13,0.769
R6664,shrub,67471.2,-23565.9,5875.8,-137.55,1.281
R6665,shrub,-43741.7,-21615,1098.4,-237.46,0.996
R6666,shrub,-16616.7,-21629.5,1581.8,-134.54,0.959
R6667,shrub,-9583.3,-22661.6,1531.2,-152.21,1.168
R6668,shrub,979,-22458.5,1426.3,50.76,0.916
R6669,shrub,6040.1,-21658.2,1326.1,-165.81,0.878
R6670,shrub,19195.6,-22667.5,1866.7,-257.55,0.941
R6671,shrub,45952.1,-22067,1088.2,45.2,1.052
R6672,shrub,48734.2,-21862.7,1262.1,-133.1,1.315
R6673,shrub,50028.5,-22488.9,1261,-65.48,1.058
R6674,shrub,51611.1,-22521.9,1126.6,30.62,1.286
R6675,shrub,53331.2,-22405,1259.2,-180.34,1.169
R6676,shrub,59216,-22461.9,3932.1,-86.9,1.122
R6677,shrub,-52069,-20923.6,1895.8,31.96,1.206
R6678,shrub,-36158.1,-20760.3,1248.4,-64.67,0.899
R6679,shrub,-9160.9,-20983.4,1517,49.31,1.04
R6680,shrub,24065.6,-21014.3,1539.3,-104,0.738
R6681,shrub,28719.2,-21485.2,1413,-44.46,1.322
R6682,shrub,36601.2,-20977.3,1334.7,-72.37,1.228
R6683,shrub,37957.1,-21291.7,1277.9,-96.92,1.384
R6684,shrub,39395.1,-20878.8,1289.2,-62.53,0.705
R6685,shrub,41030.7,-21424.9,1204.8,-76.85,1.177
R6686,shrub,42103,-20685.7,1139.5,-219.53,1.37
R6687,shrub,49834,-20946.4,1215.9,-13.59,1.313
R6688,shrub,50217,-21055.6,1189.7,-24.58,1.376
R6689,shrub,64421.8,-20955.9,5821.8,-95.1,0.747
R6690,shrub,-54496.2,-20040.1,3181,-180.09,0.706
R6691,shrub,-49759.4,-20136,1475.9,-132.22,1.075
R6692,shrub,-47521.9,-20221.3,1281.8,-223.89,0.859
R6693,shrub,-31041.9,-19827.7,1485.8,24.86,0.783
R6694,shrub,39243.9,-19430.4,1179.6,-131.65,1.082
R6695,shrub,41981.4,-19909,1118.3,-112.35,1.399
R6696,shrub,48850.2,-19486.2,1154.4,60.4,0.967
R6697,shrub,50373.8,-19509.2,1137,-32.95,1.239
R6698,shrub,52747.8,-19872.6,1087.2,-113.16,1.275
R6699,shrub,53415.6,-20222.7,1158.7,13.81,0.854
R6700,shrub,57041.2,-20398.6,2092,-149.93,0.996
R6701,shrub,63971.9,-19451.2,5324.1,-208.81,1.109
R6702,shrub,64584.3,-20389.5,6010.1,50.45,0.776
R6703,shrub,-30888.3,-19022.6,1430,-240.62,1.291
R6704,shrub,-25313.5,-18531.4,1423.8,-202.87,1.128
R6705,shrub,-23561.1,-18740,1492.7,45.14,1.058
R6706,shrub,-10352.4,-18580.8,1446.8,-214.66,1.264
R6707,shrub,13015.1,-18517,1391.1,-9.97,1.037
R6708,shrub,14479.6,-19215.4,1415.6,-103.65,0.887
R6709,shrub,17112.2,-19369.5,1510.9,-203.58,1.111
R6710,shrub,41737.7,-19360.7,1112.4,2.37,1.022
R6711,shrub,60172.3,-19093,4008.5,69.15,0.992
R6712,shrub,60907.3,-18661.4,4644.1,-92.01,1.337
R6713,shrub,64162.7,-19296.7,5315.4,-226.42,1.237
R6714,shrub,68339.5,-19349.8,5461,-149.92,1.338
R6715,shrub,-57064.8,-17435.8,3757.1,-46.45,1.387
R6716,shrub,-46370,-17645.3,1247,-24.18,1.058
R6717,shrub,-28727.9,-18102.7,1505,65.95,0.846
R6718,shrub,-25109.4,-17692,1463.3,-196.34,1.374
R6719,shrub,-18156.4,-18275.7,1587,-28.22,0.933
R6720,shrub,-6998.5,-17515,1388.4,65.54,1.391
R6721,shrub,25881.8,-17239.7,1629.1,-215.97,1.285
R6722,shrub,37720.6,-17974.4,1290.1,49.01,0.836
R6723,shrub,40915.9,-17796.7,1040.6,-258.29,1.052
R6724,shrub,51279.3,-17707.7,1073.6,-40.48,0.914
R6725,shrub,54795.2,-17368.9,1610.2,-79.47,0.986
R6726,shrub,56740.8,-17493.1,2157.2,88.11,1.131
R6727,shrub,58321.2,-17973.5,3192.5,-156.61,0.81
R6728,shrub,60935.8,-18117.2,4479.2,57.56,1.041
R6729,shrub,-68906.7,-16912.5,5657,-222.02,1.214
R6730,shrub,-52212.5,-16613.5,2403.6,-151.05,0.77
R6731,shrub,-20658.3,-17016.7,1429.2,-34.2,1.121
R6732,shrub,37987,-16748.4,1293.8,-17.36,0.971
R6733,shrub,38953.9,-16723.7,1224.5,-8.56,0.713
R6734,shrub,59445.7,-16704.7,3299.1,-160.02,1.145
R6735,shrub,-62808,-16071.1,5163,-52.62,0.78
R6736,shrub,-49935.9,-16044.4,2010.1,-207.32,1.281
R6737,shrub,-38927.4,-15236.5,1356.2,20.3,1.038
R6738,shrub,-36539.7,-15195.4,1336.5,-234.21,1.164
R6739,shrub,43289.2,-15052.8,1098.1,-140.01,0.788
R6740,shrub,57580.4,-15205.5,2177.8,87.32,1.25
R6741,shrub,65587.8,-15835.8,5234,34.16,1.251
R6742,shrub,-52060.2,-14252,2149.7,-146.17,0.787
R6743,shrub,-43750.3,-14711.4,1270.9,-119.09,0.918
R6744,shrub,-41539.7,-14190.9,1379.6,-99.98,0.888
R6745,shrub,-40748.5,-14726,1318.6,-7.69,0.94
R6746,shrub,-30815.6,-14846.7,1593.5,-108.15,1.282
R6747,shrub,-18782.3,-14562,1494.6,-42.91,0.837
R6748,shrub,15603,-14864.5,1387.1,-82.24,1.036
R6749,shrub,33142,-14433.8,1377.9,-121.71,0.814
R6750,shrub,42350.3,-14720.4,1145.2,-69.81,0.893
R6751,shrub,52348.7,-14754.9,1110.6,-87.28,0.724
R6752,shrub,54100.8,-14175,1225.7,41.73,1.177
R6753,shrub,57431.4,-14112.4,1829.9,82.24,0.782
R6754,shrub,61962.7,-14247,3600.8,-85.99,1.356
R6755,shrub,-67108.7,-13557.9,5751,-230.43,1.249
R6756,shrub,-38220.1,-13522,1318.1,17.57,1.284
R6757,shrub,-36480,-12935.8,1328.9,66.36,0.898
R6758,shrub,-35467.3,-13143.2,1332.1,-44.72,1.258
R6759,shrub,-28290.9,-13573,1646.7,-109.13,0.731
R6760,shrub,-24230.7,-12918,1387.8,-86.77,1.034
R6761,shrub,-19696.9,-13588.1,1506.4,22.01,1.259
R6762,shrub,17428.4,-12811,1426,-48.41,1.095
R6763,shrub,34015.8,-12840.5,1455.6,-52.86,1.001
R6764,shrub,46911.8,-13377.7,1013.2,-203.96,0.883
R6765,shrub,47735.8,-13250.9,994.3,-132.18,1.146
R6766,shrub,52371.4,-13585.3,1080.8,-71.81,1.258
R6767,shrub,65155,-13684.4,5086.3,-98.24,0.932
R6768,shrub,-43440.5,-12013.1,1342.9,-88.75,0.881
R6769,shrub,-31143.1,-12000.6,1708.1,77.12,1.003
R6770,shrub,33228.9,-12274.6,1485.9,18.69,1.097
R6771,shrub,34785.5,-12335.3,1558,-120.5,0.818
R6772,shrub,57225.2,-12058.2,2098.9,-187.92,0.82
R6773,shrub,60353.6,-12625.2,3206.6,-126.17,1.387
R6774,shrub,62859.1,-12731.2,4372.9,52.94,1.177
R6775,shrub,-68529.1,-11160.9,5196,-146.7,1.242
R6776,shrub,-63726.1,-11528.1,4629.6,-110.02,1.255
R6777,shrub,-62016.2,-11535.5,4246.2,-6.14,0.968
R6778,shrub,-41354.5,-11452.6,1369,44.66,1.258
R6779,shrub,-31289.1,-11456.5,1666.3,-43.59,0.757
R6780,shrub,37408.5,-10969,1728.2,-246.09,0.857
R6781,shrub,41799.7,-10967.9,1373.9,10.06,1.179
R6782,shrub,42542.8,-10898.8,1280.1,6.92,1.364
R6783,shrub,45594.3,-11463,1086.9,-259.12,1.304
R6784,shrub,48710.4,-11444.1,984.8,-161.18,0.826
R6785,shrub,53091.4,-11591.3,1164.2,-265.97,1.196
R6786,shrub,55207.2,-10927,1452.6,-262.4,1.277
R6787,shrub,58010.2,-11637.7,2572.5,-32.82,0.99
R6788,shrub,61884.6,-10943.6,4172.1,-202.33,1.277
R6789,shrub,-59258.1,-10511.3,2927.7,-226.87,0.895
R6790,shrub,-45454.6,-10336.3,1443.9,-133.84,1.055
R6791,shrub,-29714.4,-9537.3,1771.8,-31.43,1.001
R6792,shrub,-28188.1,-10494.7,1588.9,-243.85,1.018
R6793,shrub,-16479.6,-9740.9,1395.9,-10.12,0.879
R6794,shrub,31075.8,-10554.9,1788.4,-43.18,0.88
R6795,shrub,38459.1,-10250.7,1714,-226.35,0.846
R6796,shrub,43917.6,-9706.2,1229,-72.04,0.992
R6797,shrub,55969.3,-9849.3,1839,-217.38,0.727
R6798,shrub,63591.7,-10290.5,4389.9,85.77,1.144
R6799,shrub,-57610.7,-8951.7,2716.7,-146.65,1.389
R6800,shrub,-29587.4,-9361.8,1750.5,-65.63,0.854
R6801,shrub,22939.8,-8999.8,1434.1,69.33,1.21
R6802,shrub,24373.7,-8606.8,1461.5,-177.03,1.356
R6803,shrub,26221.5,-8520.5,1567.5,-239.08,1.032
R6804,shrub,42560.8,-9295.9,1402.8,-172.64,0.981
R6805,shrub,45883.5,-8481.5,1245.4,83.48,1.104
R6806,shrub,47333.1,-8432.7,1278.7,-132.29,1.375
R6807,shrub,53133,-9258.2,1291.2,-156.6,1.118
R6808,shrub,-56595.7,-7367.9,3255.1,-7.47,1.316
R6809,shrub,-21522.5,-7318.4,1485.5,-18.15,1.378
R6810,shrub,-16801.3,-8049.3,1358.5,56.7,1.19
R6811,shrub,35144,-8010.7,1816.5,-69.58,0.737
R6812,shrub,40109.2,-7857.9,1598.6,-45.03,1.315
R6813,shrub,42151.1,-8139.8,1489,-204.57,0.782
R6814,shrub,47571.4,-7362.8,1453.2,55.76,1.398
R6815,shrub,48255.8,-7912.9,1288.4,-191.49,0.721
R6816,shrub,52261.6,-8157.8,1216.8,-136.09,1.224
R6817,shrub,54402.6,-7746.3,1557.2,-42.15,1.213
R6818,shrub,59108.1,-7983.6,3207.9,-138.26,1.349
R6819,shrub,-64901.2,-7151.1,4731.8,-221.6,1.202
R6820,shrub,-40604.9,-6326.7,1296.2,-64.08,1.279
R6821,shrub,16183.9,-7252.5,1453.3,10.9,0.838
R6822,shrub,50045.6,-7220.3,1205.3,-171.7,0.832
R6823,shrub,53058.2,-6395.3,1377.7,87.18,1.278
R6824,shrub,55885.7,-6912.2,1977.1,65.73,0.936
R6825,shrub,62260.1,-7013.2,5396.8,-45.38,1.269
R6826,shrub,-55054.7,-5323.6,4154,-22.89,1.122
R6827,shrub,-52265.3,-5901.1,2761.3,-201.42,0.949
R6828,shrub,-43047.3,-5480.3,1418.2,-188.77,1.187
R6829,shrub,-33947.2,-6163,1625,27.67,1.2
R6830,shrub,16017.4,-5992.4,1444,-118.58,0.991
R6831,shrub,31680.7,-6061.1,1760.3,-235.58,1.331
R6832,shrub,55440.9,-5319.2,1799.9,-109.54,1.137
R6833,shrub,65494.3,-5514.8,6590.5,-233.56,1.133
R6834,shrub,-55419.7,-4039.2,4174,86.83,1.347
R6835,shrub,-52761,-4717.1,2873.1,-57.22,1.089
R6836,shrub,-39168,-4685.5,1468.8,37.43,0.846
R6837,shrub,-32124.8,-4637.2,1709.7,-235.66,1.264
R6838,shrub,23209.4,-4275.2,1398.4,12.53,1.153
R6839,shrub,25892.1,-4714,1629.3,-14.79,1.257
R6840,shrub,33471.1,-4393.3,1836.4,-220.32,1.322
R6841,shrub,50113.9,-4164.7,1449.6,-219.58,1.162
R6842,shrub,57818.3,-4685.2,2094.6,68.6,1.126
R6843,shrub,59092.6,-4157.4,2940.7,-194.4,0.757
R6844,shrub,-62367.9,-3956.9,4481.5,-193.58,1.338
R6845,shrub,-58484.4,-2979.1,3968.3,-2.47,0.967
R6846,shrub,20380.9,-3579.8,1553.9,41.64,0.847
R6847,shrub,27496.6,-3719.3,1803.1,-134.43,0.962
R6848,shrub,28231.7,-3658.9,1807.4,-82.22,0.722
R6849,shrub,55653.9,-3672.6,1950,-220.88,0.796
R6850,shrub,65864.6,-3503.2,6313.1,-228.5,0.952
R6851,shrub,-51820.5,-2628,3029,-30.36,0.723
R6852,shrub,21349,-2804.9,1521.5,-159.13,1.196
R6853,shrub,38836.8,-2850.6,1672.9,71.65,1.227
R6854,shrub,50507.4,-2853,1468.3,-259.45,1.1
R6855,shrub,57259.9,-2708.8,1937.2,1.85,0.867
R6856,shrub,-68160.2,-1229.6,5644.3,26.46,0.869
R6857,shrub,-48343.9,-894.9,1917.7,-146.73,0.705
R6858,shrub,-47006.5,-1764.8,1798.3,43.96,1.368
R6859,shrub,-38465.9,-1612.6,1716.5,-116.33,1.016
R6860,shrub,-23658.3,-1628.7,1606.6,-223.41,1.035
R6861,shrub,19361.1,-772.1,1884.2,-57.75,1.029
R6862,shrub,38277.1,-1219.7,1665.2,-76.26,0.745
R6863,shrub,51227.9,-1144.6,1411.9,-230.54,1.398
R6864,shrub,60238.9,-1059.4,3559.6,-66.3,1.298
R6865,shrub,-64449.2,-594.1,5798.5,45.9,1.177
R6866,shrub,-46224.7,-310.6,1485.5,-126.18,0.843
R6867,shrub,-38401.2,192.2,1689.6,35.5,1.117
R6868,shrub,-23504.6,43.2,1446.9,-110.81,0.841
R6869,shrub,-21774.3,-14.1,1564.3,-169.23,1.143
R6870,shrub,18531,-189.1,1794.1,-128.72,1.196
R6871,shrub,30353.9,123.7,1755.9,-72.17,1.367
R6872,shrub,50860,-685.5,1435,-241.09,0.837
R6873,shrub,60670.8,264.6,3711.8,78.53,1.071
R6874,shrub,-67546.3,1245.1,6134.6,18.18,1.057
R6875,shrub,-47529.5,1002.3,1551.4,-66.88,0.949
R6876,shrub,-43190.5,1181.7,1537.2,-216.01,1.032
R6877,shrub,-40555.4,822.5,1725,-137.02,1.122
R6878,shrub,-33387.6,674,1808.5,-220.62,1.258
R6879,shrub,22835.9,1089.8,1682.4,-74.58,1.032
R6880,shrub,50616,1168,1409,-13.31,1.022
R6881,shrub,64542.4,1480.8,6271.7,-241.66,1.104
R6882,shrub,-53498.3,2414.3,2407.6,-208.82,0.869
R6883,shrub,32803.5,1559.1,1840.7,-90.37,0.984
R6884,shrub,46334.3,2190.4,1476,-93.45,0.834
R6885,shrub,-59562.8,2761.5,4301.6,-33.89,0.903
R6886,shrub,-42511,2903.7,1648.4,-93.74,0.948
R6887,shrub,-39167.3,2608.2,1565.6,-242.22,1.075
R6888,shrub,-16726.5,3440.4,1537.1,21.49,0.779
R6889,shrub,21723.8,3171.5,1648,-167.93,0.978
R6890,shrub,37449.4,3527.3,1804.1,7.85,1.363
R6891,shrub,44294.1,3644.1,1436.3,-71.22,1.24
R6892,shrub,46844.1,2828.3,1451.9,-0.24,0.931
R6893,shrub,-55759.4,3706.8,2304.9,60.7,1.161
R6894,shrub,-55251.5,3824.5,2096.3,-124.39,0.773
R6895,shrub,-50186.9,4614.5,1804.5,-129.45,0.948
R6896,shrub,-31593.6,3878.2,1876.1,-14.53,1.157
R6897,shrub,-27827.1,4613.2,1668.5,-39.07,1.133
R6898,shrub,-18609.5,4508.4,1756.9,73.73,1.263
R6899,shrub,19339.7,4389,1661.5,-207.55,0.911
R6900,shrub,51404.3,4162.4,1426.1,-41.75,0.874
R6901,shrub,66271.1,4041.2,5728.4,-110.11,0.858
R6902,shrub,-64820.5,5754.5,6172.4,39.98,1.113
R6903,shrub,-60783.8,4921,4468.6,-39.26,1.225
R6904,shrub,-38312.4,5027.3,1603.2,-36.28,0.941
R6905,shrub,-35842.6,5133.2,1595.4,-24.01,1.137
R6906,shrub,-31851.3,5006,1903,32.89,1.375
R6907,shrub,-25028.6,5694.1,1481.4,-112.14,1.301
R6908,shrub,24858.6,5241.8,1397,-223.23,1.16
R6909,shrub,31685.6,5201.6,1694.4,-134.02,1.335
R6910,shrub,32804.6,5827.4,1618.5,-210.39,1.298
R6911,shrub,44381.1,5789.2,1633.9,28.54,1.248
R6912,shrub,59153.4,4994,3208.5,-97.19,1.364
R6913,shrub,68837.5,5055.6,6808.4,-172.26,0.755
R6914,shrub,-52497.1,6503,1988.4,19.73,1.246
R6915,shrub,-49613.2,6372,1432.4,-101.1,1.267
R6916,shrub,-42610.6,6678.5,1380.2,-142.76,1.305
R6917,shrub,21826.3,6543.9,1447.6,-45.81,1.128
R6918,shrub,40997.6,6194.5,1823.7,-206.19,0.777
R6919,shrub,45058.4,6399.8,1602.8,-82.45,1.039
R6920,shrub,69314.3,6322.9,7218.4,-200.53,0.867
R6921,shrub,-53942.1,7038.9,2024.4,29.47,1.114
R6922,shrub,-51419.1,7976.3,1749.3,81.67,0.787
R6923,shrub,-17062.8,7676.9,1483.2,-207.64,1.365
R6924,shrub,20749.2,7948,1268.2,54.54,0.863
R6925,shrub,27313.4,8077,1210.8,2.02,1.125
R6926,shrub,36742.2,7451.1,1632.9,-136.52,1.268
R6927,shrub,53642.2,7041.2,1098.9,-20.63,1.332
R6928,shrub,-64898.4,8463.4,5814.6,-37.39,0.844
R6929,shrub,-55154.2,8276.9,2110.6,52.75,0.973
R6930,shrub,-54020.2,9179.7,2259.8,-265.91,0.935
R6931,shrub,-35668.4,8311.7,1732.5,-62.65,0.885
R6932,shrub,-32127.2,8231.2,1820.6,-75.25,1.163
R6933,shrub,-21929,9154.6,1486.4,-240.21,1.23
R6934,shrub,46386.7,9010.4,1648.4,-134.45,0.88
R6935,shrub,61064.5,8321.6,3969.8,38.11,0.931
R6936,shrub,-55669.6,9235.5,2195.9,61.74,1.335
R6937,shrub,-54399.7,10124.1,2409.7,-103.54,1.107
R6938,shrub,-47626,9941.3,1106.3,-88.78,1.141
R6939,shrub,-46646.3,9395.6,1103.7,-125.16,1.088
R6940,shrub,-44973.5,10125.8,1006.6,-201.3,1.379
R6941,shrub,-34711.5,10005.8,1721.2,68.52,1.315
R6942,shrub,-23991.5,10206.3,1603.7,41.64,1.311
R6943,shrub,-18336.1,9704.1,1531.3,-59.88,0.91
R6944,shrub,16880.2,10101.1,1301.7,-92.34,0.709
R6945,shrub,32633.4,9572.2,1239,-68.83,0.839
R6946,shrub,35502.3,10200.5,1583.4,28.95,0.744
R6947,shrub,49542.5,9204.8,1429.4,-64.08,0.843
R6948,shrub,50031.6,9298.4,1319.6,-212.22,0.822
R6949,shrub,58164.8,9316.8,2782.3,66.03,0.717
R6950,shrub,-61817.4,10485.5,4531.7,-234.22,1.204
R6951,shrub,-59775.1,10783.1,3448.8,-153.52,1.006
R6952,shrub,-55745.5,10331,2346,-209.9,1.001
R6953,shrub,-54506,10785.5,2574.2,-186.13,0.718
R6954,shrub,-52781.1,11021,1975.7,-88.18,1.231
R6955,shrub,-50674.7,10359.8,1266.2,-46.17,1.271
R6956,shrub,-50199.8,11319.8,1195,50.07,1.382
R6957,shrub,-44255.6,11144.9,981.9,-265.93,0.97
R6958,shrub,-33290.1,11165.2,1720.5,-62.76,1.322
R6959,shrub,-19349.5,10801.4,1459.7,82.79,1.251
R6960,shrub,-15097.8,11360.5,1469.3,-176.31,1.03
R6961,shrub,26117.3,10783,1187.7,-257.82,0.784
R6962,shrub,31078.9,11023.4,1017.6,23.25,1.062
R6963,shrub,33740.2,11161.6,1339.5,-145.34,1.048
R6964,shrub,51131.2,10723.3,1296.6,-161.15,0.894
R6965,shrub,65366.7,11385.2,4222.8,-63.74,1.032
R6966,shrub,69229.5,10608,5209.4,25.9,0.772
R6967,shrub,-66232.9,11505.1,6721,71.52,0.99
R6968,shrub,-63901.6,12322.2,5481.4,-189.13,1.372
R6969,shrub,-62946.8,11886.8,4912.6,-82.72,1.246
R6970,shrub,-57332.3,11793.5,2694.2,-231.4,0.798
R6971,shrub,-55592.4,12119.3,2650.1,-226.61,1.191
R6972,shrub,-52947.9,12348.8,1868.2,-26.52,0.859
R6973,shrub,-47993.6,12401.6,1131.5,-226.7,0.918
R6974,shrub,-46633.3,12483.6,1019.2,-19.72,1.35
R6975,shrub,-43974.8,11839.1,1037.4,-245.18,1.247
R6976,shrub,-10081.1,11477.4,1465.9,-181.84,1.392
R6977,shrub,8959.5,12412.9,1354.8,30.52,0.771
R6978,shrub,47647.3,11594.6,1517.8,-38.43,0.841
R6979,shrub,54379.4,11560.8,2023.9,-134.44,1.114
R6980,shrub,-62165,12626.1,4420.3,-85.1,1.006
R6981,shrub,-60995.2,12887.8,3847.6,-215.22,0.762
R6982,shrub,-59403.4,13501,3451.8,-187.72,1.381
R6983,shrub,-58838.1,12895.1,2934.9,-189.09,0.72
R6984,shrub,-57801.8,12860.3,2658.1,-269.94,1.337
R6985,shrub,-50372.5,13282.4,1680.9,-29.64,0.917
R6986,shrub,-42349.8,12999.1,1123.5,-86.66,0.843
R6987,shrub,-18487.9,12549.3,1365.2,-16.07,0.716
R6988,shrub,2371.8,12507.2,1769.7,-90.76,0.813
R6989,shrub,8555.2,13411.5,1405.3,29.35,1.153
R6990,shrub,35328.2,12840.2,1424.9,-173.02,0.704
R6991,shrub,66505.8,13289.6,4975.4,-163.02,1.01
R6992,shrub,-61489.6,13662.9,4003.8,68.82,1.144
R6993,shrub,-60790.3,14026.3,3888.5,-250.02,1.371
R6994,shrub,-56966.4,14534.1,3254.6,-11.46,0.926
R6995,shrub,-49075.6,14685.9,1602.3,19.03,0.987
R6996,shrub,-46368.9,13926.5,1098.7,-120.47,0.808
R6997,shrub,-10203.5,13839,1336.2,-220.93,1.186
R6998,shrub,7604.9,14300.7,1466.5,75.55,0.818
R6999,shrub,15032.2,13750.7,1309.2,-87.68,0.875
R7000,shrub,33634.1,14531.7,1190.8,-215.02,1.002
R7001,shrub,36913.9,13717.1,1448,-47.63,0.994
R7002,shrub,-59754.3,14836.6,3590.9,60.83,1.13
R7003,shrub,-57068.9,15334.1,3478.4,-113.59,1.182
R7004,shrub,-44716.2,14791,1142.5,5.48,0.94
R7005,shrub,-43281.8,15105.7,1086.6,26.54,0.758
R7006,shrub,23979.5,15011.9,1234.9,-113.13,0.783
R7007,shrub,30449.4,15481.4,1080.6,-51.9,1.318
R7008,shrub,35071.3,14898.7,1221.1,-122.5,1.34
R7009,shrub,54674.1,15147.5,1802.8,-103.08,1.093
R7010,shrub,-66304.8,15963.7,5388.5,-91.72,1.072
R7011,shrub,-55707,16886.7,3489.7,-41.87,0.871
R7012,shrub,-32723.6,16809.9,1394.7,-147.21,1.138
R7013,shrub,-29455.3,15911.1,1546.1,-17.87,1.383
R7014,shrub,12410.7,16741.7,1199.4,-248.5,1.082
R7015,shrub,41106.6,16724.6,1345.4,-191.2,1.342
R7016,shrub,55991.1,16201.7,2251.2,-26.35,0.852
R7017,shrub,-64307.6,17593.4,4967.8,-32.26,1.185
R7018,shrub,-63003.3,17412.9,4700.6,-67.81,1.389
R7019,shrub,-55712.2,17166.7,3465.6,-174.37,1.038
R7020,shrub,-55216.2,16920.7,3343.6,-257.82,1.127
R7021,shrub,-54256.9,17559,2946.8,-15.05,0.751
R7022,shrub,-39866.2,16999.7,1553.3,-242.39,0.755
R7023,shrub,-33758.4,17804.2,1462.9,-262.68,1.173
R7024,shrub,2010,17955.1,1674.2,-102.88,1.385
R7025,shrub,7125.3,17425.4,1432.7,-139.16,0.783
R7026,shrub,68556.6,17195.7,4387.4,-88.09,0.992
R7027,shrub,-49345.1,18526.4,1995.2,-29.39,0.803
R7028,shrub,-44888.4,18672,1223.6,-66.75,0.775
R7029,shrub,-44647.6,18387.4,1207.6,-94.31,0.728
R7030,shrub,-41424.8,18488.6,1424.7,-1.68,0.946
R7031,shrub,-40882.2,18322.7,1490.6,-131.68,0.848
R7032,shrub,-39497.6,18697.9,1519.3,-107.09,0.974
R7033,shrub,-38587,18331.2,1515.5,-62.51,0.99
R7034,shrub,14634.1,18634.3,1302.7,51.25,1.18
R7035,shrub,41861.3,19030.3,1352,-78,0.993
R7036,shrub,52111.3,18933,1159.4,-260.6,0.899
R7037,shrub,68606.5,18282.9,4639.7,-177.18,1.32
R7038,shrub,-62080.1,19187.3,3985.7,16.96,1.143
R7039,shrub,-57995.1,19373.7,3874,53.68,1.022
R7040,shrub,-55315.7,19517.7,2799.6,-6.51,1.129
R7041,shrub,-54315.4,19208.4,2436.4,-94.82,1.352
R7042,shrub,-46595.4,19720.7,1144.4,27.5,1.171
R7043,shrub,-44082.2,20096.7,1320,-264.95,1.115
R7044,shrub,-36565.2,19375.4,1457.7,-248.62,0.957
R7045,shrub,-16038.6,19363.6,1230.3,33.73,1.268
R7046,shrub,-13773.2,19680.2,1276.1,-106.79,1.174
R7047,shrub,45906.5,19996.6,1548.5,-162.62,1.236
R7048,shrub,52791.7,19237.2,1327.2,-77.05,0.705
R7049,shrub,56621.8,19320.6,2034.8,-33.19,1.282
R7050,shrub,57849.2,19958.6,2299.4,-217.6,0.959
R7051,shrub,-64552.2,20902.5,4359.4,-155.19,0.735
R7052,shrub,-64300.8,21070.6,4186.5,39.18,0.871
R7053,shrub,-50385.9,21148,1793.5,-230.64,1.121
R7054,shrub,-49345.7,20661.3,1572.6,46.51,0.973
R7055,shrub,-45078.6,20508.8,1300,-61.71,0.957
R7056,shrub,-42822.8,21268.7,1294.2,-218.73,0.986
R7057,shrub,-38037.6,20574.5,1382,49.05,0.91
R7058,shrub,-20178.8,20761.4,1226.3,-6.4,0.846
R7059,shrub,-6557.1,20626.2,1370.9,19.84,0.835
R7060,shrub,-1924,20598,1757.5,84.2,0.897
R7061,shrub,5330.9,20365,1347,45.4,1.068
R7062,shrub,14239.2,20554.1,1350,-57.24,0.813
R7063,shrub,16221.6,20682.7,1418.7,-118.14,1.103
R7064,shrub,18474.2,21084.7,1333.4,-8.82,0.88
R7065,shrub,55483.6,21109.6,2389.9,-138.67,1.066
R7066,shrub,-67751.8,21803.1,4720.8,-237.92,0.887
R7067,shrub,-61272,21431.8,4036,47.63,0.718
R7068,shrub,-59263.7,22245.9,3603,86.71,1.037
R7069,shrub,-58460.2,21689.4,3851.1,-107.47,1.383
R7070,shrub,-57539.5,21869.1,3900.1,26.53,0.842
R7071,shrub,-54856.8,21367.1,2455.3,-262.86,1.193
R7072,shrub,-45996.4,22182.5,1222.5,-259.6,1.279
R7073,shrub,-45400.5,22207.3,1287.4,-68.87,0.848
R7074,shrub,-41681.1,21803.7,1222.3,52.79,1.386
R7075,shrub,-39992.2,22114.5,1219.4,-232.95,1.363
R7076,shrub,-39159.6,21808,1250.1,-6.03,1.385
R7077,shrub,-31024.5,21467,1323.5,-22.22,1.2
R7078,shrub,-25028.5,21901.4,1339.3,-166.63,1.146
R7079,shrub,-12378.4,21876.9,1165.1,-265.45,0.797
R7080,shrub,-7242.9,21868.1,1191,82.08,1.231
R7081,shrub,17816.9,21530.4,1380.8,-256.72,1.007
R7082,shrub,29227.1,21869,1329.5,-150.19,1.072
R7083,shrub,46656.3,22003.5,1482.5,36.79,0.781
R7084,shrub,60528.1,22224.9,3183.6,-210.04,0.892
R7085,shrub,-64010.9,23138.2,3958.7,7.37,1.396
R7086,shrub,-55877.4,23079.8,2898.1,-197.45,0.711
R7087,shrub,-55500.2,23027.9,2760,-76.77,0.73
R7088,shrub,-49681,22614,1585.4,34.17,1.343
R7089,shrub,-48044.4,23248.2,1127,-117.29,1.233
R7090,shrub,-46538.8,22878.9,1262,-268.23,0.764
R7091,shrub,-45187.1,22967.8,1303,-0.37,0.749
R7092,shrub,-44298.2,22564.9,1272.6,-216.43,1.204
R7093,shrub,-41940.8,22770.4,1238.5,-216.54,1.192
R7094,shrub,-34627.9,22881.6,1349,-19.7,1.25
R7095,shrub,-29946.2,22508.4,1267.6,-196.44,1.262
R7096,shrub,-26367.7,22699.8,1321.4,88.41,0.841
R7097,shrub,-11866.5,23348.6,1275.5,46.67,0.824
R7098,shrub,-3321.9,22767.8,1687.8,-215.04,0.872
R7099,shrub,-1906.1,23251.8,1610.7,4.67,1.008
R7100,shrub,44739.2,23199.1,1564.3,-59.05,0.901
R7101,shrub,-58552.3,23978.1,3625.9,-259.64,1.295
R7102,shrub,-51743,24545.7,2142,31.33,0.908
R7103,shrub,-51232.2,24149.6,2080.9,-135.03,0.968
R7104,shrub,-49975.3,23751.4,1724.1,-163.53,1.323
R7105,shrub,-46570.4,23581.2,1271.3,-162.85,1.27
R7106,shrub,-41437.3,23818.3,1177.5,-253.81,0.887
R7107,shrub,7491.2,24537.3,1438.2,75.92,1.14
R7108,shrub,40897.8,24210.9,1321.6,-212.17,1.392
R7109,shrub,62389.8,23695.3,3561,-167.71,1.175
R7110,shrub,-64807.4,25109.2,4420.7,-69.21,1.174
R7111,shrub,-59400.2,25573.6,4417.7,-16.24,1.086
R7112,shrub,-43755.8,25430.9,1052.9,-159.68,0.831
R7113,shrub,-43574.8,24949.6,1025.8,-236.12,1.012
R7114,shrub,-41722.6,24969.3,1021.7,-174.32,0.997
R7115,shrub,-32142.6,25452.7,1274,-260.91,1.253
R7116,shrub,-15236.8,25575.9,1090,-183.22,1.026
R7117,shrub,42905.2,25151,1552.1,-98.61,1.004
R7118,shrub,47865,24751.8,1404.1,-147.25,0.964
R7119,shrub,52433.5,24982.3,1286,-47.72,1.008
R7120,shrub,54937,25418.3,1499,-182.02,1.164
R7121,shrub,-59089.5,26250.6,4306.4,15.72,1.066
R7122,shrub,-55959.6,26234.8,2919.9,-230.96,1.05
R7123,shrub,-53081.6,26317.9,2628,-60.64,0.851
R7124,shrub,-49622.1,25847.9,1768,40.13,1.241
R7125,shrub,-45807.7,26408.3,1119.2,-87.79,1.057
R7126,shrub,-45693.2,25898.2,1128.4,-216.01,1.062
R7127,shrub,-8384.4,26246.5,1228.3,-225.91,1.016
R7128,shrub,-4217.7,26620,1410.4,-120.99,1.247
R7129,shrub,-3216.2,26604,1544.8,-50.01,1.28
R7130,shrub,12386,26389.6,1112.1,-79.63,0.707
R7131,shrub,21271.8,26755.5,1186.2,-122.83,0.994
R7132,shrub,47837,26093.5,1433.4,6.21,1.373
R7133,shrub,-67626.2,27639.1,5197.9,72.75,0.923
R7134,shrub,-62437.9,27739.6,5465,-103.18,0.987
R7135,shrub,-61122.9,27191.5,5000.7,-258.6,1.264
R7136,shrub,-56984.8,27177.9,3308.6,-31.14,1.141
R7137,shrub,-48616,26820.1,1593.1,-81.51,1.345
R7138,shrub,-47780.7,27250.6,1325.3,-257.08,0.996
R7139,shrub,-46542.3,27530.5,1144.2,56.28,1.19
R7140,shrub,59482.7,27762.2,2208.8,-158.48,0.972
R7141,shrub,-67722.6,28390.5,5385.1,-67.02,0.868
R7142,shrub,-65599.4,28300.3,5479.4,-74.22,0.979
R7143,shrub,-61273.3,28896.5,5391.1,-73.47,0.808
R7144,shrub,-58192.8,28267.7,3685.5,-143.58,0.722
R7145,shrub,-57598.2,28220.3,3456,-223.56,0.813
R7146,shrub,-49304.8,28789.3,1379.1,40.23,1.022
R7147,shrub,-42689.1,28808,961.3,37.2,1.33
R7148,shrub,-41892.4,28676.7,933.5,-51.65,1.256
R7149,shrub,-40605.5,28456.7,1092.2,-46.38,0.959
R7150,shrub,-34987.3,28303.6,1177.4,-106.05,0.972
R7151,shrub,47275.4,28644.1,1591.7,-126.5,0.82
R7152,shrub,52800.7,28603.7,1433.2,-243.57,0.756
R7153,shrub,-61463.5,29204.7,5253.7,-79.29,0.859
R7154,shrub,-53942.8,29550.5,3179.8,-99.25,0.827
R7155,shrub,-52543.9,29478.3,2814.2,-237.63,1.209
R7156,shrub,-47613.3,29696.2,1253.1,-40.8,0.821
R7157,shrub,-40151.3,29208.4,1114.9,-209.81,1.184
R7158,shrub,-15739.1,29682.5,1132.8,-200.11,1.339
R7159,shrub,-8927.4,29720.7,1240.6,-45.68,1.005
R7160,shrub,-2252.5,29726.3,1618,-75.63,1.331
R7161,shrub,-1640.5,29705.9,1628.1,19.26,0.993
R7162,shrub,10626.9,29994.9,1312,-221.8,0.783
R7163,shrub,68809.3,29032.2,5071.3,-83.06,0.746
R7164,shrub,-61102.2,30726.4,5081.4,-125.32,0.8
R7165,shrub,-58416.8,30459,4547.9,52.95,0.761
R7166,shrub,-57332.4,30734.5,3988.9,-20.34,0.896
R7167,shrub,-42505,30761.5,1006,56.13,0.918
R7168,shrub,-32206.3,30877.9,1077.6,-249.73,0.739
R7169,shrub,-29958.9,30752.9,1204.5,-15.26,1.343
R7170,shrub,-21872.8,30665.9,1039.3,-16.9,1.105
R7171,shrub,-18694.3,30140.2,1124.7,-158.72,0.777
R7172,shrub,-8036.2,30987.1,1302.4,45.88,1.254
R7173,shrub,22674.8,31127.5,1306.7,-70.87,0.806
R7174,shrub,50317,30634.9,1485,-150.6,0.972
R7175,shrub,62868.2,30741.2,3949.9,-13.3,1.276
R7176,shrub,-65373.5,32047.5,6419.8,-266.69,1.15
R7177,shrub,-53172.4,31465.1,3003.5,78.34,0.743
R7178,shrub,-47249.6,31735.7,1268.9,-102.78,1.272
R7179,shrub,-26095.5,31603.4,1285.4,-26.17,1.117
R7180,shrub,6708.2,31638.3,1670.9,-266.59,1.308
R7181,shrub,23964.6,31240.1,1345.6,80.31,1.082
R7182,shrub,55064.6,31710.6,1587.5,76.54,1.25
R7183,shrub,59724.7,32119.6,3065.9,-106.21,0.755
R7184,shrub,-65105.1,33108.4,6393,-203.64,0.895
R7185,shrub,-59578.8,32957.4,4756.1,61.25,0.976
R7186,shrub,-53720.2,32668.1,2618.9,-205.7,1.028
R7187,shrub,-53054.8,32620,2538.7,32.61,1.193
R7188,shrub,-50430,32769.8,2211,-177.47,0.858
R7189,shrub,-41329.4,33006,1032.5,-11.92,0.704
R7190,shrub,-36728.7,33154.2,1038.4,-62.27,1.147
R7191,shrub,-34374,32842.6,1060.7,-131.88,1.114
R7192,shrub,-22201.8,32430,1062.1,-86.8,1.248
R7193,shrub,-4359.6,32843,1562.2,-147.83,0.926
R7194,shrub,-3866.8,32728.5,1587.6,-222.8,0.839
R7195,shrub,4410.9,32534.3,1717.8,-67.06,0.946
R7196,shrub,47409.9,32654.9,1759.9,5.28,0.824
R7197,shrub,52656.3,32485.6,1362.7,-174.46,0.925
R7198,shrub,-51454.8,34216.8,2254.8,-226.1,1.368
R7199,shrub,-46200.5,34041,1180.8,-103.79,1.148
R7200,shrub,-45078.8,34454.4,1120.7,-95.26,0.927
R7201,shrub,-40013.6,33522.2,998.8,-204.33,1.058
R7202,shrub,-30315.4,33947.9,1358.1,-36.89,0.886
R7203,shrub,19956.3,33830.5,1144.9,-35.9,1.179
R7204,shrub,20242,33512.2,1088.1,13.4,0.735
R7205,shrub,30336.9,34389.5,1470.8,-238.22,0.742
R7206,shrub,59509.4,33752.9,3115.5,-32.29,0.831
R7207,shrub,-68769.8,34965.8,6640.6,-26.85,0.748
R7208,shrub,-61481.9,35097.8,4945,-17.54,1.074
R7209,shrub,-26583.9,35372.5,1259.8,-82.74,1.175
R7210,shrub,-15552.6,34866.4,1023.1,-125.51,1.013
R7211,shrub,-13681.6,35476.4,944.9,-0.2,1.033
R7212,shrub,28255.9,35567.6,1358.5,-48.76,0.825
R7213,shrub,48898.7,35425.1,1532.4,-40.28,1.231
R7214,shrub,-47736.2,36687.6,1101.6,-258.68,1.197
R7215,shrub,-37129.6,36016.7,1043.8,8.58,0.959
R7216,shrub,-14451.4,36587.7,993.8,-29.05,1.345
R7217,shrub,-6121.8,36136,1484.3,-116.6,1.072
R7218,shrub,27339.1,35803,1335.7,-241.95,1.282
R7219,shrub,30466.7,36157.2,1457.4,-25.13,1.244
R7220,shrub,38925.1,36542.9,1957.3,-228.97,1.26
R7221,shrub,58502.6,36092.9,3280.2,-193.32,1.383
R7222,shrub,-58857,37456.1,4271.1,-54.97,1.346
R7223,shrub,-41531.4,36721.9,881.1,-161.16,1.368
R7224,shrub,6523.8,37368.4,1460.9,-190.29,1.363
R7225,shrub,12179.8,37031.2,1321.6,-49.64,0.976
R7226,shrub,21013.2,37468,1473.8,72.84,1.297
R7227,shrub,67479.6,37297.1,5750.3,-42.11,0.737
R7228,shrub,-52490.6,38702.6,1559.2,61.6,1.31
R7229,shrub,-41348.6,37963.4,893.9,4.25,1.009
R7230,shrub,-39199.5,38245.8,1035.8,-137.92,0.901
R7231,shrub,-20211.8,38042.6,1005.2,-94.46,0.706
R7232,shrub,-11843.4,38806.2,1249.5,-83.74,0.879
R7233,shrub,-8138.1,38676.2,1310.9,-149.96,0.828
R7234,shrub,-1383.7,37945.3,1846.3,-42.46,0.811
R7235,shrub,3528.6,38183.2,1435.5,66.07,0.775
R7236,shrub,13552.8,38829.7,1187.5,47.85,0.721
R7237,shrub,22858.7,38838,1532.2,-7.4,1.101
R7238,shrub,51957.8,38746.9,1676.2,-3.26,1.326
R7239,shrub,66571.8,38371.7,5680.7,-255.46,1.135
R7240,shrub,69006.9,38869.7,6455.7,-87.41,0.903
R7241,shrub,-24279.3,39431.7,1078.7,-112.86,1.165
R7242,shrub,17908.2,39286.2,1346.1,-213.59,0.964
R7243,shrub,30067.9,39182,1550.4,-79.58,1.396
R7244,shrub,34005.5,39720.1,1772.3,-191.35,0.761
R7245,shrub,62324.8,39445.1,5257.6,-138.14,0.736
R7246,shrub,67194,39876.1,6187.5,31.57,1.339
R7247,shrub,-69210.1,40653.5,7402.3,-66.67,1.092
R7248,shrub,-63526,40942.2,5439.2,-139.24,1.205
R7249,shrub,-57932.7,40328.8,3997.2,-215.08,1.266
R7250,shrub,-57825,40289.3,3967.5,-254.35,1.162
R7251,shrub,-53967.4,40130.4,2078.1,-96.91,1.029
R7252,shrub,-52712.4,40208.6,1824.5,-95.2,1.013
R7253,shrub,-51348.5,40652,1690.3,-106.24,0.917
R7254,shrub,-44726.9,40205.2,1053.2,-189.14,0.873
R7255,shrub,-12628,40053,1262.7,-25.61,0.723
R7256,shrub,985.2,40650.2,1599.1,48.71,0.788
R7257,shrub,8769.6,40069.2,1371.2,-239.02,1.014
R7258,shrub,16803.6,40858,1251.9,-54.26,1.173
R7259,shrub,51462,40545.7,1576.2,84.61,0.835
R7260,shrub,60702.2,40403.2,3890.3,-1.79,1.196
R7261,shrub,63657.7,40866.3,4734.5,-238.85,1.122
R7262,shrub,65109,41086.8,5000.5,-260.66,0.801
R7263,shrub,-15201.9,41719.9,1292.4,-208.7,0.777
R7264,shrub,-9994.9,41538.2,1377.6,15.91,0.985
R7265,shrub,-4367,41483.4,1729.3,-4.37,0.737
R7266,shrub,42455.2,41238.7,1867.4,-49.94,1.016
R7267,shrub,44623.7,41827.9,1776.5,-61.39,1.112
R7268,shrub,50950.1,41147.6,1565.6,-7.43,1.098
R7269,shrub,69197.2,42006.6,6284.7,-18.23,0.766
R7270,shrub,-30820.9,42885,1381.3,-48.03,1.154
R7271,shrub,-29058,43210.4,1304.8,-44.7,1.147
R7272,shrub,-19299.5,42750.2,1168.3,-91.64,1.385
R7273,shrub,-7416.7,42401.4,1529,46.6,1.067
R7274,shrub,15582.7,42533.8,1359.6,-91.18,1.202
R7275,shrub,37423,42729,1748.4,-194,1.221
R7276,shrub,53480.9,42963.3,1444,88.71,0.986
R7277,shrub,55455.9,42230.9,1692.9,20.55,1.275
R7278,shrub,-49382.6,43763.4,1624.5,-217.29,0.962
R7279,shrub,-37892.3,43311.6,1425.3,-187.65,1.123
R7280,shrub,-33799.8,43514.9,1587.7,-107.96,0.75
R7281,shrub,-26563.7,44148.8,1082.9,65.74,1.275
R7282,shrub,-4558.9,43626.3,1838.1,-87.32,1.136
R7283,shrub,25194.9,43818.4,1751.5,43.23,1.349
R7284,shrub,36293.7,43846.7,1745.3,54.85,1.39
R7285,shrub,52863.4,44153.2,1365.8,-136.9,0.964
R7286,shrub,-46221,45306.6,1500.8,10.9,1.311
R7287,shrub,-45085.5,44626.4,1330.2,-264.05,0.873
R7288,shrub,-43131.2,44421.8,1201.3,-249.49,0.984
R7289,shrub,-40148.9,45397.6,1292,-213.75,1.234
R7290,shrub,-35358.6,45115.5,1522,-202.81,1.266
R7291,shrub,-33178.1,45033,1427.2,-85.8,0.74
R7292,shrub,-26214.9,44971.3,1104.3,-230.43,0.988
R7293,shrub,-24284.3,44734.1,1126.8,88.79,1.348
R7294,shrub,-16029.9,44405.8,1389.1,-51.36,0.81
R7295,shrub,-7492.1,44708.7,1608,-181.39,1.115
R7296,shrub,32064.8,44818,1778.4,56.16,0.725
R7297,shrub,-35120.1,45633.4,1466.8,-59.21,0.745
R7298,shrub,2247.9,45536,1944.8,21.6,0.916
R7299,shrub,8162.7,46202.4,1643.6,85.92,0.763
R7300,shrub,24368,46271.3,1738,-242.22,0.926
R7301,shrub,34377.1,45707.9,1840.6,20.06,1.169
R7302,shrub,-56167.6,47034.9,3467.3,-169.56,0.816
R7303,shrub,-34952.7,47687.3,1332,-126.39,1.372
R7304,shrub,-23684.2,46923.7,1099.4,-269.94,0.823
R7305,shrub,-13424.2,46922,1460.3,-139.64,1.074
R7306,shrub,765,46703,1933.7,-193.53,1.147
R7307,shrub,4010.4,47295.7,1778.6,-228.32,1.107
R7308,shrub,14874.6,47019.7,1667.7,-168.33,0.964
R7309,shrub,49581.4,46683.3,1348.8,75.73,0.707
R7310,shrub,57515.7,47246.7,2375,-148.21,0.835
R7311,shrub,-58390.8,47830.9,4183.7,-170.14,1.241
R7312,shrub,-36806.2,47820.5,1394.6,-196.1,1.081
R7313,shrub,-9422.6,48389.7,1694.7,-63.54,0.722
R7314,shrub,-4939.8,48543.5,1762.9,-55.12,0.903
R7315,shrub,15532.4,48531.4,1571.2,-81.21,1.305
R7316,shrub,21127.5,48124.3,1506.8,-170.28,0.732
R7317,shrub,33500.6,48218,1741.9,-104.88,0.716
R7318,shrub,43708.2,47806.2,1306.2,-145.19,0.88
R7319,shrub,54404.6,48134.2,1947.9,-265.46,0.949
R7320,shrub,69247.5,47803.2,5135.5,-37.88,1.236
R7321,shrub,-41448.6,49843.6,1353,42.77,1.168
R7322,shrub,-40058.9,49717.4,1482.6,-136.52,1.264
R7323,shrub,1844.4,49139.7,1866.2,54.97,1.107
R7324,shrub,3568,49192.4,1780.3,-152.3,0.845
R7325,shrub,16390.6,49365,1534.3,-145.2,1.322
R7326,shrub,50587.2,49726.9,1337.5,60.76,0.791
R7327,shrub,58696.5,49897.8,3480.6,86.44,1.101
R7328,shrub,-53078.5,50093,2679.5,-100.51,0.737
R7329,shrub,-33156.8,50126.4,1243.2,21.09,0.792
R7330,shrub,-25756.2,50026.4,1125.1,-135.35,0.726
R7331,shrub,2351.7,50163.3,1819.8,-234.24,0.708
R7332,shrub,4862.8,50171.7,1780.4,17.61,1.041
R7333,shrub,20416.8,50028.8,1608.2,-243.83,1.156
R7334,shrub,25253.5,50286.6,1649.9,-210.33,1.074
R7335,shrub,28740.4,50773.4,1634,-29.39,0.709
R7336,shrub,31553.2,50092.2,1571.7,-39.89,0.98
R7337,shrub,32592,50473.7,1577.3,-264.69,0.918
R7338,shrub,34038.8,50522.7,1674.4,-158.22,0.751
R7339,shrub,37065.1,50203.1,1636,-119.81,1.057
R7340,shrub,44747.5,50618.4,1228,51.47,0.95
R7341,shrub,-35206.7,51836.1,1457.4,-206,1.34
R7342,shrub,-30369.1,51219.4,1221,45.99,0.844
R7343,shrub,-27884.7,52008.6,1084.8,-143.49,0.715
R7344,shrub,-25216.2,51382.2,1297.5,-119.14,0.809
R7345,shrub,-14441.9,52044.1,1420.3,-242.99,1.285
R7346,shrub,32735.2,51452.8,1711.9,-176.66,0.724
R7347,shrub,56504.3,51672.2,3362.8,28.85,1.306
R7348,shrub,64040.8,51576.8,4699.2,-9.09,0.756
R7349,shrub,-64935.8,52284.4,6488.6,57.38,0.712
R7350,shrub,-54531.7,52877.9,2446.6,27.64,0.901
R7351,shrub,-11209.1,53152.2,1716.5,-257.74,0.746
R7352,shrub,13861.1,52423.4,1696.5,-214.26,0.857
R7353,shrub,27673.7,53158.3,1524.9,35.88,1.123
R7354,shrub,32796,52210.1,1771.3,-197.08,0.93
R7355,shrub,37194.1,52437.2,1662.4,-71.99,1.363
R7356,shrub,55214.1,52294,2720.9,-187.25,0.973
R7357,shrub,-22049,53500.7,1468.7,-33.5,1.049
R7358,shrub,-17874.8,53502,1403.7,-209.51,1.192
R7359,shrub,-10300.8,54003.6,1715.7,30.56,0.834
R7360,shrub,-7667.9,53287,1698.9,-45.34,0.961
R7361,shrub,-6549.5,54089.8,1795.1,-119.42,0.704
R7362,shrub,-6100.8,53610.8,1821.9,-223.34,1.242
R7363,shrub,3621.6,54294.2,2347.9,78.23,1.158
R7364,shrub,46741.4,53690.5,1798.6,50.55,1.142
R7365,shrub,53281.3,54136.7,1324.1,-84.06,0.705
R7366,shrub,57605,53692,3293.1,-30.41,0.956
R7367,shrub,-16504.7,54518.8,1526.7,-13.94,0.888
R7368,shrub,-14474.6,54699.2,1540.4,21.78,1.262
R7369,shrub,3687.4,54537,2451.4,-26.51,1.276
R7370,shrub,12646.6,54458.1,1871.7,-216.77,1.123
R7371,shrub,16790.8,54708.3,1718.7,-17.86,1.331
R7372,shrub,52008.4,54541.6,1188.1,-31.2,1.322
R7373,shrub,-64454.7,56187.2,6105,-87.99,1.271
R7374,shrub,-62003.8,56473,4828.3,-256.42,0.827
R7375,shrub,-58470.6,55573.3,3561.7,-113.4,1.127
R7376,shrub,-49626.3,56377.4,2157.7,88.95,1.099
R7377,shrub,-44942.5,56410.4,1983.4,-33.44,1.069
R7378,shrub,-34835.2,56194.3,1552.9,-142.46,0.785
R7379,shrub,-32976.3,56446.4,1492.8,-106.84,0.824
R7380,shrub,-28345.5,56136.4,1303,-2.69,1.306
R7381,shrub,-12923.7,56132.5,1922.4,-81.79,1.139
R7382,shrub,-6574.1,55659.8,1949.7,-169.95,0.757
R7383,shrub,3786.2,55810.3,2860.5,-156.89,0.812
R7384,shrub,7925.5,55514.6,2262.9,-112.93,1.394
R7385,shrub,14518.8,56454.7,2204,-184.97,0.73
R7386,shrub,18737.5,56184.1,2332.6,59.31,1.032
R7387,shrub,-58145.8,57411.4,3570.2,-126.46,0.902
R7388,shrub,-38633.5,57128.9,2171.5,53.57,1.391
R7389,shrub,-30302,56687.5,1581.2,-103.53,0.826
R7390,shrub,-12556.7,57387.1,2353.8,-196.75,0.951
R7391,shrub,8089.3,57116.8,2806.5,1.6,0.964
R7392,shrub,12722.1,56545.8,2079.2,-162.2,0.735
R7393,shrub,22854.5,57405,2755.2,-181.6,0.751
R7394,shrub,51231.5,56542.1,1418.4,12.57,0.744
R7395,shrub,52641.5,56634.4,1681.5,-203.56,1.221
R7396,shrub,-68160.1,58016.9,6670.2,-129.35,0.781
R7397,shrub,-34052.3,58221.5,1997.8,82.12,0.726
R7398,shrub,-31100.4,58410.1,1671.5,30.27,0.715
R7399,shrub,-24051.4,57798,1866.7,-107.13,0.968
R7400,shrub,-22612.7,58695.3,2209.4,-86.37,1.384
R7401,shrub,-10606,58209.7,2815,-95.56,0.96
R7402,shrub,-14,58461.9,3442.3,-28.49,1.074
R7403,shrub,10282.6,58493.9,2997.4,-192.66,0.81
R7404,shrub,22847.8,57963.6,2754.7,-54.43,0.806
R7405,shrub,33942.3,58455.5,2303.7,19.18,1.035
R7406,shrub,40382.8,58237.7,2891.5,66.95,0.721
R7407,shrub,56471.5,57870.4,2015.6,-231.35,0.709
R7408,shrub,67867.4,57752.1,5409.8,-269.35,0.803
R7409,shrub,-62831.4,59714.3,5770.4,-166.8,1.141
R7410,shrub,-47159.9,59046.8,2954.9,-2.11,0.996
R7411,shrub,-46554.8,59268.9,3230.4,17.3,1.377
R7412,shrub,-36122.9,59294.1,2406.3,-61.32,1.334
R7413,shrub,-33186.1,59184.4,2191.4,-7.22,0.82
R7414,shrub,-22426.8,59148.3,2270.2,-210.28,1.344
R7415,shrub,-6826.3,58734,2246.1,-196.14,0.919
R7416,shrub,636.9,59160.1,3792.5,-28.78,1.136
R7417,shrub,3656.4,59768.8,4066.7,-12.24,1.038
R7418,shrub,11195.4,59102.4,2892.5,84.3,1.106
R7419,shrub,39506.5,59360,3095.5,-72.67,0.742
R7420,shrub,44470.5,59572.6,2258.8,-71.95,0.979
R7421,shrub,50458.8,58701.5,1717.5,35.73,1.22
R7422,shrub,65947.4,59379.7,4960.2,-257.81,1.196
R7423,shrub,-46489.9,59826.3,3439.2,32.6,1.154
R7424,shrub,-42824.4,59892.7,3554.5,88.75,0.97
R7425,shrub,-15177.6,60038.7,3090.4,-76.75,0.983
R7426,shrub,-7157,60153.4,2274,-79.65,1.167
R7427,shrub,10190.9,60841.5,3957.4,-97.15,1.337
R7428,shrub,15296.1,60155.4,3525.2,-121,0.901
R7429,shrub,26229,60761,3358.8,-52.98,1.261
R7430,shrub,45297.1,60099.9,2364.2,-51.18,1.011
R7431,shrub,-38192.2,61836.1,3620.4,-134.6,0.898
R7432,shrub,16616.4,61575.1,3282.9,84.96,0.771
R7433,shrub,19044.7,61297.1,3385.1,-166.98,1.03
R7434,shrub,47248,61577.6,3260.6,-268.71,0.77
R7435,shrub,-58365.9,62790,3498,-70.99,1.074
R7436,shrub,-40188.5,62311.4,3990.7,-250.98,1.296
R7437,shrub,-13277.4,62496.7,4147.1,-161.79,0.864
R7438,shrub,21442.8,62998.3,3938.5,58.59,0.841
R7439,shrub,64197.4,62542.1,5092.5,-119,1.013
R7440,shrub,-64822.9,63673.7,5603.6,-110.28,0.753
R7441,shrub,-63201.7,63104.9,5173.2,-167.44,1.086
R7442,shrub,-42016,64027.6,5134.6,14.6,1.066
R7443,shrub,-34695,63608.9,4346.2,-78.29,1.147
R7444,shrub,-16268.8,63567.3,4734.2,-217.46,0.715
R7445,shrub,-16037.3,63995.3,4970.6,-252.11,1.171
R7446,shrub,24433.1,64054.5,4257.8,-149.35,1.021
R7447,shrub,33616.8,63746.9,3502,-42.74,0.895
R7448,shrub,46713.3,63843.9,4076,33.78,1.214
R7449,shrub,-53221.6,64536.5,4453.1,-81.82,1.162
R7450,shrub,-50287.3,64389.9,4436.3,-95.41,1.255
R7451,shrub,-48385.7,64418.1,4344.2,-148.02,0.885
R7452,shrub,-46345.7,64622.6,4560.3,-62.07,0.747
R7453,shrub,-43099.9,65079.3,5129,-13.83,1.39
R7454,shrub,-5596.6,64295.9,4952.2,-53.55,1.161
R7455,shrub,13680.2,64402.8,4241.5,74.11,1.398
R7456,shrub,20876.4,64426.4,4218.4,-209.28,1.34
R7457,shrub,24182.8,65067.9,4763.1,-200.2,1.164
R7458,shrub,25083.3,64399.1,4433.7,55.53,0.713
R7459,shrub,-64608.8,66018,4897.2,-13.39,1.215
R7460,shrub,61998.3,66021.3,4437.6,-115.81,1.107
R7461,shrub,63739.5,65861.7,4963.4,39.61,1.348
R7462,shrub,-60515.2,67054.4,4683.7,27.59,1.236
R7463,shrub,-37330.9,66455.8,5658.5,-216.21,1.153
R7464,shrub,-34587.6,67015.4,5809,-196.11,0.909
R7465,shrub,-19189.5,66937.8,4426.2,-61.44,1.008
R7466,shrub,-5677.4,66705.2,5191.7,-157.95,1.275
R7467,shrub,-3455.5,66504.8,5430.8,-148.42,1.375
R7468,shrub,35064.7,66540.3,3670.4,-229.8,0.867
R7469,shrub,68512.1,66556.3,6595,-35.91,0.911
R7470,shrub,-61076.4,67676.6,4641.5,26.36,1.291
R7471,shrub,-46263.4,67714.1,5864.1,85.23,1.111
R7472,shrub,-18538.2,67782.1,4872.7,66.06,0.854
R7473,shrub,23060.8,67579.4,4741.8,-11.55,1.207
R7474,shrub,28890.3,67545.4,5075.1,-2.56,1.249
R7475,shrub,33123.8,68063.4,3817.6,-55.11,0.952
R7476,shrub,49927,67894.8,4460.4,-67.74,1.06
R7477,shrub,62176.6,67720.3,4746.9,-41.2,0.996
R7478,shrub,-48088.7,69096.9,5574,-164.35,1.363
R7479,shrub,-44753,69080.6,5524.1,-133.51,1.257
R7480,shrub,-40498.6,68696.8,5487.5,-108.65,1.252
R7481,shrub,-34392.5,69496.4,5050.1,-244.62,0.982
R7482,shrub,-27001.8,69504.1,5301.2,-173.6,1.073
R7483,shrub,42103.7,69599.8,4654.7,-232.25,1.03
R7484,shrub,56772.7,69043.3,4851.5,-17.39,0.862
R7485,poplar,63158.6,-9564.7,4785.3,-35.62,0.876
R7486,shrub,63301.6,-10772.4,4290.3,-181.89,1.086
R7487,shrub,62298.5,-10310.7,4444.7,-148.75,0.88
R7488,poplar,62897.9,-10031.3,4523.8,-211.94,1.101
R7489,poplar,63399.5,-10142.8,4435.6,-76.74,1.044
R7490,shrub,61304.4,-10946.2,3948.7,-242.14,1.099
R7491,poplar,63233.5,-11345.5,4212.4,19.72,1.061
R7492,poplar,63643.4,-11166.4,4196.3,-4.96,0.86
R7493,jujube,-60405.3,54137.2,4121.6,-34.99,0.874
R7494,jujube,-60397.6,52590.4,4166.4,-251.67,1.125
R7495,jujube,-62214.4,52965,5886.7,36.7,0.855
R7496,shrub,-61482.4,51641.3,5472.4,61.2,1.057
R7497,shrub,-62868.3,51221.5,6621.1,-151,1.022
R7498,shrub,-62638.7,53432,5713.8,17.1,0.959
R7499,jujube,-60171.8,53107.2,4078.5,-260.38,1.01
R7500,jujube,-62874,53267.7,5881,27.01,0.921
R7501,shrub,-61494.4,53467.7,5150.9,48.92,1.044
R7502,shrub,-63247.2,53531.8,5848.9,79.83,1.028
R7503,jujube,-62372,53738.8,5480.2,-142.6,0.879
R7504,jujube,-62188.7,54230.9,5118,-187.29,1.069
R7505,jujube,-61073,52142.5,4906.8,-23.09,1.167
R7506,shrub,-60324.9,52442,4116.4,-261.52,1.008
R7507,jujube,-62456.7,53236.5,5788.5,79.87,1.162
R7508,jujube,-62234.9,53118.9,5821,-101.77,1.17
R7509,jujube,26227.6,43573.6,1811.8,-204.01,1.104
R7510,jujube,24318.5,43962.8,1723.7,-45.23,0.859
R7511,jujube,25063.5,43438.7,1715.7,-169.41,1.145
R7512,jujube,24338.8,45223.3,1771.2,-255.03,0.897
R7513,jujube,23225.2,42706.1,1612.4,-106.4,1.192
R7514,jujube,24707.9,43420,1697.8,-227.23,1.083
R7515,jujube,24016.2,45225.3,1781.6,-108.58,0.916
R7516,shrub,22415.6,43880.8,1618,-205.64,0.956
R7517,jujube,23075.1,45020.1,1708.1,-22.34,0.905
R7518,jujube,24633.4,45899,1762.8,19.24,1.075
R7519,jujube,25081,42787.1,1716,-253.64,1.1
R7520,jujube,23522.1,43285.8,1633.7,30.68,0.93
R7521,jujube,24948,44605.5,1828.2,-46.33,0.862
R7522,jujube,24646.8,44915.8,1782.3,-92.19,0.957
R7523,jujube,24982.5,45492.6,1813.8,-12.56,1.012
R7524,shrub,23787.3,43802.7,1664.1,-16.33,1.156
R7525,mulberry,-5436.9,38538.5,1704.9,32.15,1.117
R7526,shrub,-4550.1,38701.5,1832.6,-205.5,1.027
R7527,shrub,-5627.8,39798.2,1758.3,23.5,0.957
R7528,mulberry,-5210.8,39536.8,1783,-132.07,1.06
R7529,mulberry,-5188.5,38589.1,1736.3,-77.38,0.996
R7530,mulberry,-3947.4,39184.1,1883.1,82.52,1.004
R7531,shrub,-6848.8,40701.3,1489.5,-166.71,0.971
R7532,mulberry,-4288.1,38871.9,1859.4,-250.32,0.873
R7533,poplar,22293.6,55308.8,2857.2,39.34,0.929
R7534,poplar,21350.8,54944.1,2528.9,54.68,0.943
R7535,poplar,22310.3,54668,2734.4,-57.55,0.888
R7536,poplar,21320.5,56605.3,2570.7,-124.96,0.946
R7537,poplar,20969.6,54876.3,2437.2,-12.09,0.933
R7538,poplar,21838,55565.8,2765.8,16.13,1.003
R7539,poplar,22546.4,54867.7,2802.9,-126.94,1.047
R7540,poplar,22352.7,55049,2835.6,-27.66,0.884
R7541,shrub,22899.2,56039.7,2721.1,-7.16,1.134
R7542,poplar,22532,55058.3,2838.7,-263.6,1.187
R7543,elm,-61435.4,-4933.2,4174.4,-21.22,1.088
R7544,elm,-60304.7,-6533.7,3834.1,-103.94,0.985
R7545,elm,-62630,-4554.1,4291.5,-14.04,0.912
R7546,shrub,-61454.4,-5525.9,4209.7,-121.59,1.162
R7547,shrub,-61719.4,-5233.8,4155.9,-244.37,1.175
R7548,elm,-62650.1,-5239.3,4238.5,79.58,1.09
R7549,elm,-60367.9,-4480.3,4036.9,-119,1.168
R7550,shrub,-60223.5,-3913.1,4187.8,49.82,1.035
R7551,elm,-60613.4,-5670.1,3960.5,11.15,1.177
R7552,elm,-60095.2,-5178.4,3799.1,-81.31,0.884
R7553,shrub,-61064.6,-5314.5,4112.2,-265.66,0.889
R7554,shrub,8911.4,23749.5,1343.9,-104.28,1.063
R7555,shrub,8465.1,26958.6,1458.3,-73.02,0.977
R7556,shrub,8046.1,23591.6,1331.3,24.14,1.061
R7557,mulberry,7507.3,23821.2,1354,-46.95,1.077
R7558,mulberry,51358.2,8938.3,1160.9,-18.21,0.869
R7559,shrub,50883.3,6186,1270,-13.51,0.882
R7560,mulberry,51342.4,8068.3,1248,-128.18,1.114
R7561,shrub,49667.9,7918.8,1417.7,-8.98,1.081
R7562,mulberry,50894.2,9485.5,1184.1,-98.9,0.919
R7563,mulberry,50344.3,9205.8,1263.4,-125.86,0.873
R7564,mulberry,51905.1,9226.5,1166.2,-151.5,0.979
R7565,elm,23640.1,-44632.8,1490.6,-154.3,0.876
R7566,elm,22453.3,-43312.1,1233.9,-69.01,0.927
R7567,elm,23386.5,-46576.9,1647.7,-210.95,1.064
R7568,elm,22557.4,-46220.8,1545.8,65.31,0.858
R7569,elm,23252.4,-43906.7,1368.9,-113.84,1.047
R7570,shrub,23477.7,-44387.1,1453.1,-114.61,0.872
R7571,elm,24508.2,-44952.8,1488.3,-126.89,0.996
R7572,shrub,22923.3,-44409.1,1362.3,-196.72,0.987
R7573,elm,-17424.7,31316.4,1029.2,-257.37,1.103
R7574,elm,-16645.6,31141.8,1047.7,86.56,1.115
R7575,elm,-17959.5,32291,931.7,-211.79,1.109
R7576,shrub,-15618.5,32009.7,1078.8,-199.8,0.994
R7577,elm,-18218.4,31137,1032.7,-265.51,1.123
R7578,elm,-16270.2,31720.7,1033.2,-73.66,1.105
R7579,elm,-17856.4,30913,1040.8,50.17,1.01
R7580,elm,-17226.3,29720.9,1132.1,-233.29,1.105
R7581,elm,-16420.1,33067.3,1026.6,-138.61,0.925
R7582,elm,-17353.1,29165.5,1161.8,-224.43,1.04
R7583,elm,-17720.4,31671.3,988.6,-187.34,1.183
R7584,elm,-16464.9,31523,1028.3,73.23,1.011
R7585,shrub,-3676.9,51457.3,1896.2,87.54,1.077
R7586,poplar,-3517.2,49939.7,1959.6,-150.25,1.001
R7587,poplar,-4371.7,50077,1815.3,-22.1,0.983
R7588,poplar,-3948.1,51775.2,1841.4,-231,1
R7589,poplar,-5453.7,52096.5,1818.5,79.08,1.108
R7590,poplar,-4018.4,52102.1,1835.7,-158.73,1.124
R7591,poplar,-4557.4,51001.5,1778.8,-133.8,0.913
R7592,poplar,-4678.2,51194.3,1788.6,-81.21,0.907
R7593,poplar,-4996.7,51347.8,1776.2,-15.81,1.11
R7594,poplar,-3474.2,51108.6,1944,-85.75,0.869
R7595,poplar,-4189.9,53184.1,1874.8,-117.81,0.983
R7596,poplar,-2303.5,50823.4,1948.9,-115.93,1.191
R7597,mulberry,-56676.3,-3562.7,4316.2,8.71,0.895
R7598,mulberry,-57481.9,-5546.1,3629.7,89.21,1.126
R7599,shrub,-56905.3,-5494.5,3774.5,-124,0.979
R7600,shrub,-56615.1,-4986.7,3912.5,-261.01,1.065
R7601,mulberry,-58090.2,-5391.2,3471.9,47.25,0.861
R7602,mulberry,-59344.4,-6339.8,3496.1,-249.34,1.128
R7603,mulberry,-58330.6,-4905.6,3403.1,-171.56,1.071
R7604,mulberry,-58040.2,-4806.3,3495.4,59.32,1.061
R7605,mulberry,-55736,-5485.1,4064.1,21.26,1.129
R7606,mulberry,-58634.5,-7041.8,3360.9,29.07,0.938
R7607,mulberry,-58184.8,-4100.1,3583.4,4.84,1.154
R7608,mulberry,-57579.1,-4716.2,3606.1,-20.51,1.009
R7609,mulberry,-58818.4,-5795.4,3451.5,-21.25,0.911
R7610,mulberry,-35492.1,-33652.8,1591.7,-249.24,1.072
R7611,mulberry,-35098.4,-31972.8,1530.3,82.73,0.985
R7612,shrub,-35405.5,-35569.5,1701.9,-19.05,0.943
R7613,mulberry,-35521.6,-32211.2,1553.1,-148.64,1.075
R7614,mulberry,-35616.1,-34625,1645.2,-60.91,1.184
R7615,mulberry,-34968.6,-34067.3,1526.7,-265.07,0.882
R7616,mulberry,-35866.7,-33703.9,1656.9,57.82,1.042
R7617,mulberry,-36647.6,-33157,1659.3,58.05,1.151
R7618,shrub,-34877.9,-34976.4,1626.8,-77.1,1.076
R7619,mulberry,-35346,-31987.5,1534.4,-75.25,1.084
R7620,mulberry,-35776.9,-33230,1600,-89.11,0.985
R7621,shrub,-36028,-32189.8,1545.6,-172.24,1.035
R7622,mulberry,-36345,-34614.9,1669.3,-171.81,0.868
R7623,shrub,-35314.2,-33073.2,1571.5,-88.37,1.081
R7624,elm,49433.8,8658.2,1435.6,-197.91,0.859
R7625,elm,47981.1,6917.9,1493.1,80.99,1.061
R7626,elm,49743.4,7425.7,1374.5,-204.33,0.909
R7627,elm,47847.7,5957.9,1535.2,-201.61,0.921
R7628,elm,48552.3,8522.6,1503.8,-178.59,1.196
R7629,elm,48569.6,7524.9,1472.7,-219.72,0.994
R7630,shrub,48226.4,7735.1,1511.4,-138.5,0.936
R7631,elm,48784.5,5713,1530.2,-41.96,1.074
R7632,elm,49916.5,6346.3,1302.4,-115.42,1.076
R7633,poplar,33255.1,-46795.7,2086.3,34.12,0.96
R7634,poplar,32940.5,-45670.1,1841.6,-55.63,1.196
R7635,poplar,33416.1,-47882.5,2320.1,-194.21,0.927
R7636,shrub,32890.8,-46925,2128.5,-173.21,1.054
R7637,poplar,34032.4,-45005.3,1810.9,47.54,0.997
R7638,poplar,34443,-47371.9,2283.9,17.07,1.007
R7639,poplar,32414.6,-46087.4,1887.3,-162.01,1.057
R7640,shrub,34650.9,-48035.8,2514.3,78.31,1.056
R7641,poplar,34630.2,-47748,2455.9,-60.54,0.933
R7642,poplar,34560.7,-47562.4,2387.8,-73.35,1.036
R7643,poplar,32982.7,-47897,2340.7,-168.56,1.025
R7644,shrub,32628.4,-45256.5,1761,-176.83,0.897
R7645,poplar,33804.3,-46490.3,2044.1,-119.23,0.992
R7646,elm,-59248.4,12869,3198.6,-158.7,1.001
R7647,shrub,-59384,12708.6,3270,73.65,0.915
R7648,shrub,-58146.8,13238.1,2783.6,-89.59,1.175
R7649,elm,-58479.5,13221.1,2882.5,-234.87,0.921
R7650,elm,-59500.5,13224,3482.7,-142.34,1.062
R7651,elm,-59050.3,12708.9,3016.2,-173.44,0.981
R7652,elm,-61239.5,13455.5,3895.2,-34.47,1.062
R7653,elm,-59307,12596,3185.4,-213.37,0.999
R7654,shrub,-59868.3,11307.7,3475.3,-38.97,1.067
R7655,elm,-59685.7,12515.2,3350.4,25.66,1.134
R7656,poplar,25853.3,34162.2,1340.5,-73.24,1.173
R7657,poplar,24485.9,35388.6,1388.5,55.74,1.042
R7658,poplar,26789.3,36086.2,1392.2,1.48,1.163
R7659,poplar,25962.2,34999.4,1392,6.06,1.131
R7660,poplar,24574,33560.6,1337.5,7.19,1.062
R7661,poplar,27575.9,34165.9,1344.7,-191.37,1.155
R7662,poplar,25635.2,34964.2,1389.4,52.75,1.124
R7663,shrub,25908.4,33803.2,1345.7,-151.21,1.085
R7664,poplar,24640.1,36524,1542.9,-107.24,0.947
R7665,poplar,24518.7,34664.8,1341.7,-111.33,1.039
R7666,poplar,24068.9,35121.3,1338.4,0.27,1.131
R7667,poplar,26250.9,34755.9,1362.3,-145.05,0.93
R7668,shrub,-45306.1,40617.7,1066.6,-131.55,1.068
R7669,elm,-44179.1,41796.5,1245.4,-58.88,1.056
R7670,elm,-43784.9,40576.7,1122.3,34.68,1.154
R7671,elm,-46074.4,41543,1112.4,-218.47,1.003
R7672,elm,-43425,43507,1251.7,-244.64,0.963
R7673,shrub,-43492.4,42397.7,1289.1,-150.7,0.964
R7674,elm,-43977.7,41826.3,1233.6,-169.54,0.905
R7675,jujube,-986.4,-62277.1,4725.6,-210.88,0.963
R7676,jujube,-1516.6,-61983.4,4577.7,-259.91,0.929
R7677,jujube,-1263.7,-62281.8,4691.5,-180.09,0.983
R7678,jujube,-2283.1,-61434.4,4462.2,-239.11,1.176
R7679,jujube,-655.2,-63171.4,5166.7,-189.37,1
R7680,jujube,-1140.7,-62452.1,4761.4,48.51,0.915
R7681,jujube,-803.4,-61410.6,4701.6,68.57,1.176
R7682,shrub,-52545.2,58491.6,2171.2,84.47,1.073
R7683,jujube,-52203.5,58241.9,2091.6,-85.15,0.969
R7684,jujube,-52929.1,59085.2,2337.6,-248.03,1.119
R7685,jujube,-54839.7,57896.7,2736.3,-167.43,1.072
R7686,shrub,-53256.3,58729.7,2246.5,-235.05,0.903
R7687,shrub,-53839.5,59990.1,2925.8,-111.63,1.113
R7688,jujube,-53263.5,58501.9,2225.6,-259.27,1.025
R7689,jujube,-54585.9,59197.8,2722.5,-135.38,0.897
R7690,jujube,-54258.7,57767.9,2596,-246.78,1.179
R7691,jujube,-51174.2,58418.3,2218.8,82.2,0.894
R7692,jujube,-54148.8,57395.1,2474.6,50.58,0.885
R7693,jujube,-54080,59065.6,2578.5,-167.39,1.051
R7694,jujube,-52658.6,57721.7,2197.8,-146.96,1.12
R7695,jujube,-54522.9,60026.7,2899.7,85.06,1.03
R7696,jujube,-53003.7,58615.3,2194.2,-73.34,1.192
R7697,poplar,47034,26393.3,1494.4,43.51,1.196
R7698,poplar,44475.5,27402.8,1594.9,5.41,1.023
R7699,poplar,47284.1,28476.7,1587.3,-0.51,1.114
R7700,poplar,46255.6,28367.9,1582.5,-184.55,1.034
R7701,poplar,47127.7,26059.7,1487.7,-110.25,0.947
R7702,poplar,46106.8,26692.4,1518.2,85.31,1.2
R7703,shrub,46268,26148,1496.6,-257.55,0.908
R7704,poplar,44755.9,28263.1,1597.6,27.21,0.853
R7705,shrub,48104.4,27464.4,1492.7,-158.4,1.183
R7706,poplar,45172.1,27886,1592.2,-207.43,0.874
R7707,poplar,46064.6,25509.3,1548,-217.1,1.143
R7708,shrub,47194.7,25811.3,1476.9,19.49,1.007
R7709,poplar,44397.9,26341.2,1624.6,-246.15,0.975
R7710,shrub,47831.6,27400.1,1484.2,-200.59,1.032
R7711,shrub,47642.7,26234,1461.4,76.97,1.129
R7712,shrub,6701,12105.6,1419.4,-124.09,0.969
R7713,shrub,5826.4,14174.8,1558.5,2.03,0.941
R7714,poplar,7362,11613.4,1385.6,-144.32,0.875
R7715,poplar,4146.7,13599.5,1613,-43.83,1.18
R7716,poplar,8052.3,12838.6,1429.7,-45.07,1.06
R7717,poplar,6153.7,14439.9,1595.2,-137.27,1.184
R7718,poplar,6271.3,13572.9,1555.2,-135.89,1.018
R7719,shrub,6360.3,11309.5,1438.5,54.98,1.175
R7720,poplar,5287.3,11637.7,1496.9,22.35,0.945
R7721,poplar,6400.9,13232.5,1524.6,-223.84,0.864
R7722,shrub,6262.7,12228.6,1422.7,49.75,0.993
R7723,poplar,4906.3,14077.3,1561.3,-231.27,0.868
R7724,jujube,4662.1,-40424.9,1452.9,-260.99,0.977
R7725,jujube,4316.9,-37015.9,1570.4,-17.77,0.959
R7726,jujube,3339.4,-38792,1530.6,85,1.108
R7727,jujube,2756.5,-36789.9,1648.7,-231.53,0.955
R7728,jujube,4029.1,-38374.1,1569.3,-180.64,0.942
R7729,jujube,3935.8,-39067,1501.6,-60.3,1.187
R7730,shrub,4484.6,-40199.2,1458.5,-193.89,1.055
R7731,shrub,4010.9,-39378.8,1482.9,-262.95,0.889
R7732,jujube,3835.6,-38022.2,1568.9,-261.73,0.971
R7733,jujube,3106.1,-37987.3,1577.5,-26.46,0.956
R7734,jujube,-5125,-54166.6,3193.8,-210.73,0.99
R7735,shrub,-4255.6,-56077.2,4581.9,-262.26,1.073
R7736,jujube,-7025.2,-55039.5,3219.3,5.05,1.114
R7737,jujube,-4846.7,-55375.8,3887.2,-165.98,1.071
R7738,shrub,-4183.6,-53760.7,3061.9,-133.75,1.029
R7739,shrub,-4823.2,-53327.7,2931.4,78.02,1.128
R7740,jujube,-5288.7,-55184.7,3586.1,-43.38,1.115
R7741,jujube,-5371.7,-54174.8,3171.3,-135.66,1.049
R7742,jujube,-4475.1,-54706.5,3618.8,-211.46,1.047
R7743,poplar,-39887.3,8627.9,1667.2,-10.39,0.885
R7744,poplar,-39474,5638.6,1608.1,-54.72,0.855
R7745,poplar,-38597.8,6029.3,1648.3,65.62,1.018
R7746,poplar,-37605.9,5818.9,1644.1,-119.4,1.198
R7747,poplar,-38919.3,8026.6,1777.7,82.84,1.029
R7748,poplar,-38757.8,6910.9,1643.2,-70.13,0.853
R7749,poplar,-38472.1,7481.7,1719.4,-233.21,1.027
R7750,shrub,-37377.3,7356.4,1695.5,3.32,0.887
R7751,poplar,-36736.4,7498,1725.3,44.95,1.076
R7752,poplar,-39000.4,6259.9,1656.4,-59.05,1.092
R7753,poplar,-38516.2,5646.4,1629,8.81,0.997
R7754,willow,-69176.4,-31348.6,6901.7,-239.23,1.092
R7755,willow,-61377.2,-27512.2,5469.3,-225.02,0.936
R7756,willow,-59493.5,-30873.5,4856.2,-111.97,1.161
R7757,willow,-56270.4,-30615.8,4360.9,29.67,1.003
R7758,willow,-49770.9,-30170,2072.4,-14.06,0.937
R7759,willow,-42468.8,-29470.8,1243,-53.88,0.998
R7760,poplar,-40130,-30185.8,1323.7,-52.87,0.878
R7761,poplar,-38127.8,-26524.8,1266.9,-62.18,1.1
R7762,willow,-36418.6,-26412.8,1298.8,-199.14,0.985
R7763,willow,-33499.2,-27332.9,1281.6,-209.97,0.898
R7764,willow,-33476.1,-31537.8,1412.1,-156.27,1.017
R7765,willow,-32278.2,-31825.4,1367.3,-259.27,1.092
R7766,willow,-27548.8,-33778.6,1382.6,-131.48,1.008
R7767,willow,-23825,-30384.6,1346.5,-168.49,1.154
R7768,poplar,-19896.1,-34844.8,1262.6,-89.88,0.906
R7769,poplar,-16014.9,-35074.9,1309.5,26.52,0.902
R7770,poplar,-6883.2,-29592.5,1369.8,20.3,1.178
R7771,poplar,-5412.1,-29521.4,1335.7,-191.12,1.021
R7772,willow,-3358.6,-33164.7,1285.8,-242.56,1.163
R7773,poplar,-1946.6,-32667.1,1249.8,-29.02,1.164
R7774,willow,964.3,-32317.6,1257.8,29.9,0.933
R7775,willow,6484.3,-28573.7,1257.9,-203,1.015
R7776,willow,9406.6,-28105.8,1288.9,53.49,1.119
R7777,poplar,13719.7,-28127.6,1379.7,-153.83,1.063
R7778,poplar,15080.8,-28780.6,1263.8,-209.4,0.9
R7779,willow,16480.6,-28944.3,1234.8,-58.95,1.197
R7780,willow,17381.2,-32501.6,1318.3,-169.79,0.946
R7781,willow,22047.5,-29694.9,1278.7,-88.92,0.945
R7782,willow,22757.8,-33526.4,1295.5,-12.93,0.89
R7783,willow,26181.4,-30388.6,1245.2,-62.91,0.979
R7784,poplar,26931.2,-33974.7,1211.2,47.09,0.999
R7785,willow,34432.6,-31328.6,1197.2,-127,0.874
R7786,willow,44129.4,-36109.2,1211.9,-242.77,1.023
R7787,willow,48700.8,-32212.5,1068.1,49.34,1.095
R7788,willow,51883.6,-31655.6,1230.4,-268.75,0.86
R7789,willow,53528,-32027.8,1182.6,-211.15,0.865
R7790,willow,56976.3,-34831.1,1101.4,76.59,1.167
R7791,willow,60129.5,-34731,1395.4,-77.18,0.93
R7792,willow,61349.2,-31339.6,1421.9,1.9,1.097
R7793,elm,10927.8,24400,1286,-68.41,1.032
R7794,poplar,18000,24400,1218.5,-69.24,0.855
R7795,elm,21844.9,24400,1206,-50.39,0.991
R7796,poplar,650,-25473.6,1323.2,-59.12,0.916
R7797,elm,-650,-29160.2,1204.5,3.95,0.958
R7798,elm,650,-36899.4,1747.2,-263.36,0.979
R7799,willow,-650,-47440.8,1478.2,-77.06,1.087
R7800,elm,-650,-51250.8,1848,-142.73,1.059
R7801,poplar,650,-55111.6,2982.7,89.73,1.037
R7802,willow,-650,-58879.4,3908.1,44.07,1.066
R7803,elm,650,-68188,5401,31.52,0.938