Name,Type,Asset,X,Y,Z,Yaw,Scale
R0,building,tiled,4500,-9800,1273.6,90,1
R1,building,tiled,2700,-8200,1292.8,0,1
R2,building,tiled,6300,-8200,1285.6,180,1
R3,building,twoStorey,-4000,-5400,1291.4,90,1
R4,building,tiled,-7000,-11000,1266.7,90,1
R5,building,tiled,-7000,-9200,1266.7,-90,1
R6,building,tiled,1500,-2100,1259.6,90,1
R7,building,tiled,4700,-2100,1266.7,90,1
R8,building,farmhouse,7500,-1900,1265.1,90,1
R9,building,twoStorey,1900,3300,1271.5,-90,1
R10,building,tiled,5100,3500,1284.9,-90,1
R11,building,tiled,7700,3300,1281.2,-90,1
R12,building,tiled,-8900,-5017.9,1293,90,1
R13,building,tiled,-7725.6,-5035.2,1279.5,90,1
R14,building,twoStorey,-6494.1,-5028.9,1275.9,90,1
R15,building,tiled,-5441.1,-5032.6,1288.1,90,1
R16,building,tiled,-1870.4,-5011.5,1263.9,90,1
R17,building,tiled,5359.9,-5010.7,1263.1,90,1
R18,building,tiled,6417.2,-5004,1277.4,90,1
R19,building,twoStorey,7652.1,-5003.2,1277.5,90,1
R20,building,twoStorey,8890.5,-5020.3,1264.9,90,1
R21,building,tiled,-8900,-2973.6,1282.3,-90,1
R22,building,tiled,-7808.6,-2983.3,1278.5,-90,1
R23,building,twoStorey,-6678.3,-2997.3,1286.2,-90,1
R24,building,twoStorey,-4509.1,-2975.6,1281.7,-90,1
R25,building,tiled,-3271.8,-2969.4,1287.9,-90,1
R26,building,tiled,-2077.8,-2970.6,1279.7,-90,1
R27,building,tiled,-1037,-11900,1291.9,0,1
R28,building,tiled,-1019.3,-10796.5,1288,0,1
R29,building,tiled,-1045.6,-9610.6,1267.3,0,1
R30,building,tiled,-1027.1,-8420.8,1272.8,0,1
R31,building,twoStorey,-1010.8,-7244.8,1293.5,0,1
R32,building,tiled,-1040.7,-6037.6,1271.6,0,1
R33,building,tiled,-1014.3,-2507.6,1265.8,0,1
R34,building,twoStorey,-1042.9,-1442.8,1265.1,0,1
R35,building,tiled,-1045.7,-328.3,1284.2,0,1
R36,building,tiled,-1031.6,916.1,1284.3,0,1
R37,building,tiled,-1015.5,1966.7,1269.2,0,1
R38,building,twoStorey,-1020.5,3098.2,1269.5,0,1
R39,building,tiled,1011.9,-11900,1276.6,180,1
R40,building,tiled,1035.9,-10812,1287.8,180,1
R41,building,tiled,1029.8,-9608.8,1277.7,180,1
R42,building,tiled,1002.1,-8415.6,1286.9,180,1
R43,building,twoStorey,1034.3,-7253,1277,180,1
R44,building,tiled,8680.4,-12215.2,1284.3,90,1
R45,building,farmhouse,-4725.7,-10696,1287.4,90,1
R46,building,farmhouse,-3260.3,-10774.2,1268.9,90,1
R47,building,tiled,8682.1,-10686.8,1276.8,90,1
R48,building,tiled,-3377,-9000,1289.3,90,1
R49,building,twoStorey,8768.2,-9040.4,1282.3,90,1
R50,building,tiled,-9256.3,-7406.3,1293,90,1
R51,building,tiled,-7815.9,-7433.4,1295,90,1
R52,building,farmhouse,-6246.3,-7452.2,1272.3,90,1
R53,building,farmhouse,-4773.7,-7417.8,1273.3,90,1
R54,building,farmhouse,-3308.8,-7431.6,1283.6,90,1
R55,building,tiled,8716.6,-7588.9,1280.9,90,1
R56,building,farmhouse,-7778.4,-1173.5,1264.5,-90,1
R57,building,farmhouse,-6282.3,-1048.5,1283.3,-90,1
R58,building,tiled,-4788.4,-1153.2,1287.1,-90,1
R59,building,farmhouse,-3291.8,-1142.6,1292.1,-90,1
R60,building,twoStorey,-7810.2,460.5,1270.6,-90,1
R61,building,tiled,-6324,585,1276.9,-90,1
R62,building,farmhouse,-4838.2,568.4,1288.3,-90,1
R63,building,farmhouse,-3339.9,492.9,1294.2,-90,1
R64,building,tiled,-9275.9,2012.6,1287,-90,1
R65,building,farmhouse,-7883.8,2172.8,1276.4,-90,1
R66,building,tiled,-6357.4,2076.8,1274.6,-90,1
R67,building,tiled,-4752.7,2067.4,1292,-90,1
R68,building,farmhouse,-3237.3,2171.9,1281.3,-90,1
R69,building,tiled,-7859.8,3746.7,1277.5,-90,1
R70,building,tiled,-6243.9,3623.7,1288.1,-90,1
R71,building,tiled,-4769.2,3684.6,1278.6,-90,1
R72,building,tiled,-3352.8,3711.7,1274,-90,1
R73,building,farmhouse,-31200,35000,1100.5,90,1
R74,building,farmhouse,-34200,39400,1096.7,90,1
R75,building,farmhouse,-36500,35500,1094.5,84.27,1
R76,building,farmhouse,-34000,34800,1091.3,87.14,1
R77,building,farmhouse,-28500,34200,1112.2,95.73,1
R78,building,farmhouse,-37500,39000,1116.8,78.54,1
R79,building,farmhouse,-27200,37200,1097.1,98.59,1
R80,building,farmhouse,-36800,42000,1097.7,84.27,1
R81,building,farmhouse,-31000,41000,1096.9,90,1
R82,building,farmhouse,-28200,41500,1084,101.46,1
R83,building,farmhouse,-33500,43200,1094.7,87.14,1
R84,building,farmhouse,-25800,41000,1058.6,107.19,1
R85,building,farmhouse,-38800,36000,1085.3,75.68,1
R86,building,farmhouse,-29500,43800,1107.8,84.27,1
R87,scatter,fallenPine,-57900.3,-31986.3,6945.4,82.96,1.054
R88,scatter,fallenPine,-47990.7,-31793.8,3535.6,-55.65,0.971
R89,scatter,fallenPine,-49310.7,-31094.3,3834.3,10.97,0.912
R90,scatter,stump,-58279.7,-30144.3,5936.2,26.7,1.039
R91,scatter,fallenPine,-55206.8,-29707.5,4181.1,-222.39,1.088
R92,scatter,stump,-67250.2,-29041.9,6480.8,69.82,0.89
R93,scatter,stump,-46728.3,-27321.7,2109.3,-152.87,1.028
R94,scatter,fallenPine,-49393.8,-26434.9,2385.8,-121.05,1.11
R95,scatter,fallenPine,-59851.7,-25849.3,5581.4,-25.41,0.989
R96,scatter,stump,-60992.8,-24213.2,5223.8,66.1,0.937
R97,scatter,fallenPine,-45752.8,-24057.9,1661.6,-170.16,0.93
R98,scatter,stump,-55032.5,-23516.6,3053.7,-175.99,0.906
R99,scatter,stump,-57570.1,-22773,4318.7,-42.43,1.022
R100,scatter,stump,-44410.3,-22554.1,1452.3,-63.83,0.931
R101,scatter,stump,-52473.2,-22154,2825.7,-146.79,1.042
R102,scatter,fallenPine,-63831.5,-20302,6484.4,-79.03,1.126
R103,scatter,fallenPine,-48607.7,-20204.8,2165.5,-268.39,1.045
R104,scatter,fallenPine,-54589.1,-19873.3,3057.1,76.78,0.94
R105,scatter,stump,-47214.6,-19479.2,1617.2,-115.82,1.066
R106,scatter,fallenPine,-65509.3,-18099.8,6038.1,-75.64,0.905
R107,scatter,fallenPine,-57768.4,-18067.1,3835.9,-143.43,1.11
R108,scatter,fallenPine,-44337,-18166.2,1208.8,-34.04,0.881
R109,scatter,stump,-40462.8,-18272.7,1448.8,-182.33,0.971
R110,scatter,fallenPine,-56401.5,-17787.3,3410.3,89.24,1.099
R111,scatter,stump,-45113.4,-16692.7,1142.1,67.55,0.892
R112,scatter,stump,-51067.7,-15241.8,2672.7,25.64,1.038
R113,scatter,fallenPine,-48696.6,-14343.4,1797.1,-188.18,0.897
R114,scatter,stump,-60723.8,-13452.5,5243.2,84.11,0.975
R115,scatter,stump,-52360.3,-13256,2585.8,-171.84,1.092
R116,scatter,fallenPine,-50407.5,-12230.3,1534.7,-112.18,0.9
R117,scatter,fallenPine,-45014.4,-12426.6,1165.2,80.22,0.951
R118,scatter,stump,-49789.2,-11791.1,1486.4,-197.84,1.044
R119,scatter,stump,-48679.5,-9242.8,1484.5,-165.45,1.01
R120,scatter,fallenPine,-46966.3,-8013.4,1246.2,-140.12,0.956
R121,scatter,stump,44477.5,25927.3,988.5,-9.48,1.139
R122,scatter,fallenPine,51479,27039.9,1398.5,-34.57,0.978
R123,scatter,fallenPine,47616,29208.4,1300.4,-189.28,1
R124,scatter,stump,54385.9,29681.3,1797.5,-243.05,1.041
R125,scatter,fallenPine,53165.3,30924.7,1612.7,-16.63,1.086
R126,scatter,fallenPine,34863.8,31647.4,978.4,-80.86,1.113
R127,scatter,stump,59694.5,31556.6,3568.9,-269.17,0.953
R128,scatter,fallenPine,46859.4,32556.5,1484.1,75.96,0.99
R129,scatter,stump,48705,32461.6,1467.5,-61.83,0.858
R130,scatter,stump,52477.9,32690,1592.9,-80.69,0.987
R131,scatter,fallenPine,40212.8,35968.9,1352,-9.82,0.948
R132,scatter,fallenPine,56486,37479,2214.2,-217.27,0.898
R133,scatter,stump,36628.2,38988.9,1592.6,-46.92,1.023
R134,scatter,fallenPine,37512.7,39428.1,1706.9,-269.22,1.016
R135,scatter,stump,42490.3,39170.2,2501.2,-99.42,1.148
R136,scatter,stump,54594,39174.5,2574.1,-208.47,0.886
R137,scatter,fallenPine,40186.3,39915.5,1973.6,61.9,0.904
R138,scatter,fallenPine,52932.6,41335.5,3804.6,-53.19,0.902
R139,scatter,stump,53128.1,42529.3,3597.6,-226.61,0.896
R140,scatter,stump,47054.4,43936.3,3880.4,39.15,1.06
R141,scatter,stump,54287.6,44624.4,3192.6,-112.29,1.046
R142,scatter,stump,46161,47272.1,3952.2,-88.46,0.902
R143,scatter,fallenPine,52959.5,47407.9,3952.7,-72.76,1.006
R144,scatter,fallenPine,54960,49522.9,4117.5,-42.5,0.896
R145,rock,1,-71223.5,17069.7,5802.4,66,0.497
R146,rock,0,-71206.3,15125.9,5585.5,-75.86,0.383
R147,rock,2,-70723.9,17067.5,5802.1,-97.36,0.425
R148,rock,1,-70747.1,14711.5,5719.7,-25.41,0.466
R149,rock,0,-69662.5,16602.2,5591.7,-115.13,1.511
R150,rock,2,-69623.6,14562.8,5599.3,-126.28,0.435
R151,rock,2,-69040,16648.9,5446,-140.42,0.612
R152,rock,2,-68344.6,14438.7,5356.4,11.76,0.512
R153,rock,2,-67066.5,16044.2,5161.4,-114.91,0.519
R154,rock,0,-66703.3,15996.3,5158.7,-245.48,0.665
R155,rock,0,-65568.4,15878.6,5172.8,-110.78,0.596
R156,rock,1,-65128.6,16197.5,5348.5,-48.12,0.904
R157,rock,0,-64620.7,13949.6,5319.1,-255.16,0.318
R158,rock,0,-64176.5,14167.7,5210.3,-126.9,0.552
R159,rock,2,-63143.8,15571.3,5178.3,-224.35,1.459
R160,rock,2,-60995.5,15265.2,4923.3,-254.63,0.339
R161,rock,2,-60500.1,15624.5,4692.7,-50.8,0.984
R162,rock,1,-58294.4,14979,3088,-229.8,1.405
R163,rock,0,-58059.4,13092.1,3174.1,-67.4,0.639
R164,rock,1,-57138.2,12946.9,3190,34.9,0.482
R165,rock,1,-56421.5,15047.6,3145.8,-202.33,0.676
R166,rock,0,-55472.8,15145.6,3246.3,56.23,0.328
R167,rock,2,-55025.6,14950.5,3154.7,-26.71,0.707
R168,rock,0,-54551.5,14994.8,3191,-128.25,0.718
R169,rock,2,-54322.8,12762.4,3136.3,-150.35,0.67
R170,rock,2,-53364.3,12892.2,2774.4,-229.37,0.729
R171,rock,2,-52295.7,14193.9,2365.9,-246.49,1.484
R172,rock,1,-51991.8,12514.3,2279.5,-228.93,0.563
R173,rock,2,-50429.8,14411.6,2061.6,11.81,0.573
R174,rock,1,-49071.5,14445.1,1829.6,71.29,0.707
R175,rock,0,-48201.3,14218.2,1446.4,74.09,0.407
R176,rock,1,-47337.5,14089.4,1312.1,25.55,0.462
R177,rock,0,-46893.1,14340.3,1410.1,0.41,0.31
R178,rock,0,-45305.4,12406.1,1087.9,9.6,0.927
R179,rock,1,-44845.6,13796.7,1141.6,44.84,0.314
R180,rock,2,-44494.7,12095.4,1142.1,-64.97,0.534
R181,rock,2,-44046.8,14117.3,1251.8,25.82,0.729
R182,rock,0,-43695.3,12025.7,1144.5,-186.05,0.303
R183,rock,0,-42915.4,13602.3,901.7,-203.3,0.419
R184,rock,1,-41309.4,12078.5,931.6,-171.17,0.707
R185,rock,2,-39680.2,14111.5,945.4,15.29,1.408
R186,rock,0,-39130.6,12385.3,867.6,-225.18,0.416
R187,rock,0,-38821.4,13831.8,852.2,-225.36,1.351
R188,rock,0,-38237.5,12029.8,1017.5,-14.45,0.684
R189,rock,0,-37816.8,12124.5,991.2,8.98,0.459
R190,rock,1,-37387.5,12110.2,1043,-222.81,0.466
R191,rock,0,-34956.7,12811.1,882.9,-184.04,0.453
R192,rock,2,-34821.9,14588.7,883.7,-48.12,0.529
R193,rock,1,-27920.8,14126.7,895.1,-91.12,0.439
R194,rock,2,-25674.2,16492.6,919.3,-58.83,1.305
R195,rock,0,-24534.3,14929.7,922.8,-158.69,0.947
R196,rock,2,-23355.3,14941.9,938.8,-107.27,0.452
R197,rock,0,-22618.9,15176.7,957.1,-64.85,1.097
R198,rock,0,-21081.9,17412.5,940.9,-218.08,0.518
R199,rock,1,-20337.9,17746.3,956.1,-125.04,0.595
R200,rock,2,-19920.3,17669.2,899.5,-135.38,0.412
R201,rock,0,-19512.9,17650,885.5,-266.7,0.694
R202,rock,0,-17626.8,15846.5,1025.2,-19.45,0.439
R203,rock,2,-17276.2,16240.4,884.9,29.99,0.411
R204,rock,0,-16800.2,18399.3,1022.4,-125.37,0.957
R205,rock,1,-16111.4,16636.8,759.4,-166.97,0.533
R206,rock,2,-15984.4,18348,857.9,89.11,0.387
R207,rock,0,-13696.3,16893.3,658.2,-194.13,1.086
R208,rock,1,-13567,18476.3,597.5,65.06,1.088
R209,rock,2,-12449.7,16807.8,734.4,-231.48,0.6
R210,rock,0,-12108.4,17190.3,650.4,-170.94,0.522
R211,rock,0,-11262.2,17046.5,719.5,66.06,0.485
R212,rock,2,-10932.2,17486.4,575.7,-177.43,0.416
R213,rock,2,-10869.9,19401.6,731.7,82.97,0.6
R214,rock,0,-10446.1,19326.1,709.8,-18.09,1.301
R215,rock,2,-9689.8,19684.9,759.5,-26.28,0.558
R216,rock,2,-8427.7,19513.6,520.9,29.58,0.301
R217,rock,2,-7377.9,18174.5,446.7,55.61,0.567
R218,rock,0,-6863.7,19966.7,555.7,-110.54,0.406
R219,rock,1,-6499,20245,694,-2.03,0.749
R220,rock,0,-5700.3,17830.6,695.1,-231.05,1.161
R221,rock,1,-5696.7,20365.3,672.2,-104.55,0.914
R222,rock,0,-3367.8,18322.5,685.4,85.57,0.336
R223,rock,0,-2967.5,18309.2,677,-59.21,0.634
R224,rock,2,-2614.8,18660.1,524.8,-84.29,0.348
R225,rock,2,-1265.1,20906.3,638.2,8.24,1.295
R226,rock,0,-286.1,19148.6,438.6,-31.46,0.46
R227,rock,2,137.6,18821.2,652.7,51.14,0.625
R228,rock,2,350.5,21077.3,690.4,-75.71,0.496
R229,rock,1,764.4,20989,678.3,-75.7,1.193
R230,rock,1,3207.6,20648.3,463.1,-156.96,0.319
R231,rock,1,4024.2,18935.8,597.4,67.93,0.301
R232,rock,1,4796.4,18881.9,685.4,-93.77,0.477
R233,rock,0,7201.9,20579.1,441.1,10.7,0.647
R234,rock,0,7592.2,20626.3,525.1,-229.46,0.528
R235,rock,0,9441,20295.3,460.7,-91.65,0.614
R236,rock,2,9888.8,20766.8,677.8,-76.73,0.445
R237,rock,1,10624.4,18752.1,457.5,-176.36,0.471
R238,rock,1,10875.6,18242.5,631.8,-136.54,0.528
R239,rock,2,11705.8,20505.3,654.7,-255.05,0.414
R240,rock,0,11597,18329.9,586,-249.14,1.311
R241,rock,1,12926.2,17952.3,538.3,-161.7,0.679
R242,rock,1,15240.3,17104.2,655.5,-244.31,0.999
R243,rock,0,16917.4,19020.8,681,-163.34,0.355
R244,rock,2,17170.1,18568.5,481.2,-259.87,0.568
R245,rock,2,19772.5,18054.6,538.7,29.93,0.709
R246,rock,0,20465.4,16052,486.8,47.54,0.322
R247,rock,0,20764.4,15574,626.1,-244.07,1.362
R248,rock,2,21724.9,17665,584.6,44.16,0.601
R249,rock,1,24598.3,16869.4,534.4,-230.95,0.545
R250,rock,0,25128.3,14871.6,501.3,-43.93,0.727
R251,rock,2,25556.2,14576.3,616.5,-52.12,1.431
R252,rock,1,28313,16146.4,538.4,58.26,1.045
R253,rock,1,28534,14084.6,634.1,61.91,1.059
R254,rock,0,29362.9,16280.3,688.1,41.57,0.374
R255,rock,2,30047.3,14062.4,579.3,-267.32,0.925
R256,rock,1,31402.9,14160.1,479.3,5.92,0.746
R257,rock,1,32969,15401.8,488.5,-238.72,0.703
R258,rock,2,34915,15754.5,679.7,55.73,1.119
R259,rock,0,35306.9,15693.9,661.5,-169.02,0.433
R260,rock,1,35664.3,15195.1,514.5,-169.78,0.434
R261,rock,1,35931.1,13606.5,528.2,51.77,1.375
R262,rock,0,36328.3,13415.3,604.8,-136.59,0.705
R263,rock,1,37327.6,15283.7,584.5,-3.33,0.619
R264,rock,1,37988.9,12976.4,689.2,-52.89,0.387
R265,rock,1,38574.3,14829.8,461.9,-32.85,0.35
R266,rock,2,40656.9,13175.3,531.1,-262.58,0.654
R267,rock,1,42477.2,13130.5,468.7,-174.92,0.322
R268,rock,0,42923.2,12918.8,597.4,35.78,0.407
R269,rock,2,43523,14796.5,561.5,-62.06,0.428
R270,rock,0,43850.7,12897,558.4,-266.64,0.656
R271,rock,0,44764.2,12582.3,677.3,-230.99,0.999
R272,rock,2,46162.6,12359.6,689,89.15,0.56
R273,rock,0,46659.7,12706.8,506.2,61.85,0.643
R274,rock,0,48665.6,14325.7,516.1,-128.83,0.702
R275,rock,1,49152.9,14518,626.2,-58.86,0.738
R276,rock,0,49970.7,12503.4,541,-2.02,1.151
R277,rock,0,50450.4,12576.6,491,-220.1,0.317
R278,rock,2,52918.8,14234.7,586.3,-47.66,0.395
R279,rock,1,53747.3,12490.2,470.9,-16.7,0.655
R280,rock,0,55125,12203.6,529.9,-121.04,0.535
R281,rock,0,55692.9,13944.2,621.9,-188.08,0.706
R282,rock,2,57074.2,14140,679.2,-2.01,0.372
R283,rock,1,58841.1,13773.7,599.4,73.55,0.422
R284,rock,1,59261.7,13453.2,459.2,-225.85,0.504
R285,rock,1,59703,13535.9,525.4,17.58,0.654
R286,rock,0,60162.1,13979.2,676.4,-175.55,1.278
R287,rock,0,60584.8,13869.2,684.3,20.75,1.087
R288,rock,2,61405.8,13433.9,493.5,40.4,0.438
R289,rock,1,62648.1,13489.9,530.2,-169.91,0.305
R290,rock,0,63323.1,11307.6,645.9,35.8,0.598
R291,rock,0,63851,13575.9,594.8,-142.84,1.118
R292,rock,1,64501.4,11481.5,595.6,-86.17,1.108
R293,rock,0,64978.1,13142.1,483.5,-217.94,0.377
R294,rock,1,65352.7,13161.1,492.8,-233.57,0.748
R295,rock,2,66326.7,11278.8,646.6,-52.54,1.579
R296,rock,1,67785.7,12917.1,477,-148.26,0.388
R297,rock,0,68346.4,11594.5,458.3,-224.67,0.667
R298,rock,0,68927.1,11082,637.5,-266.1,0.326
R299,rock,1,69332.8,12867.3,477.2,25.41,0.698
R300,rock,1,70049.4,10898.1,710.4,-186.12,0.411
R301,rock,2,71196.6,13026.5,509,-69.42,0.696
R302,rock,2,71313.8,11327.1,533.1,-139.86,0.361
R303,rock,crag,2750.8,-60615.7,5343.4,-230.31,6.287
R304,scatter,deadTree,-37851.9,-63801.3,5038.6,-259,0.879
R305,scatter,deadTree,24591.6,-69488.9,6296.2,-6.94,0.811
R306,scatter,deadTree,-37885.6,-57275.4,3595.2,-219.1,0.735
R307,scatter,deadTree,-27639.8,-62148.5,4511.4,-191.25,0.749
R308,scatter,deadTree,20256.8,-62321.6,5431.8,54.38,0.843
R309,scatter,deadTree,24829.1,-56139.8,3117.3,31.71,0.806
R310,scatter,deadTree,34239.4,-57874.5,3390.6,-266.01,0.983
R311,scatter,deadTree,35785.5,-56610.7,3590.9,24.76,0.978
R312,scatter,deadTree,51964.2,-58852,2976.9,-64.21,0.992
R313,scatter,deadTree,-69241,-49667.8,7536.1,15.75,0.958
R314,scatter,deadTree,-44801.9,-53324.3,4404.8,-177.72,0.977
R315,scatter,deadTree,4204.6,-54077,3494,-16.83,0.882
R316,scatter,deadTree,42643.6,-52506.2,2466.2,-242.87,0.845
R317,scatter,deadTree,54390.1,-51525.1,2247,60.45,0.944
R318,scatter,deadTree,56929.8,-55249.9,3680.9,-166.61,0.722
R319,scatter,deadTree,-65605.9,-44320.6,6840.8,63.02,0.745
R320,scatter,deadTree,-36209.4,-45648.1,1949.1,-128.19,0.909
R321,scatter,deadTree,20597.1,-45982.5,1188.1,-67.18,0.801
R322,scatter,deadTree,25228.3,-46497.4,1202.6,-3.95,0.771
R323,scatter,deadTree,-44292.6,-39670.6,4104.4,-205.18,0.92
R324,scatter,deadTree,-37209.8,-39540.6,2639.8,-47.5,0.768
R325,scatter,deadTree,-16974.8,-41200.1,1180.9,-36.54,0.858
R326,scatter,deadTree,54623.7,-40933.8,1769,12.47,0.827
R327,scatter,deadTree,-2911,-33868.3,1601.7,-77.45,0.855
R328,scatter,deadTree,26200.3,-30373.9,865.8,-149.87,0.702
R329,scatter,deadTree,49082.5,-29029,1208,-99.33,0.79
R330,scatter,deadTree,-2759.2,-22148.8,1407.6,-214.2,0.918
R331,scatter,deadTree,1174.5,-27451.4,1440.2,-224.94,0.949
R332,scatter,deadTree,36317.2,-27066,1178.6,-167.81,0.792
R333,scatter,deadTree,51434.2,-22062.6,1203.7,-265.76,0.918
R334,scatter,deadTree,-31927.4,-16536.3,1572.5,26.22,0.848
R335,scatter,deadTree,-17275.5,-19634.3,1330.5,36.61,0.802
R336,scatter,deadTree,3588.3,-18067,1420,-33.94,0.989
R337,scatter,deadTree,21850.6,-19088.3,1081.2,-18.88,0.971
R338,scatter,deadTree,33009.5,-15460.1,906.9,-218.38,0.997
R339,scatter,deadTree,41005.4,-18685.5,782.1,-138.51,0.967
R340,scatter,deadTree,-58364.9,-9099.1,4326.4,-138.08,0.97
R341,scatter,deadTree,-22340.5,-10582.4,1385.5,-51.64,0.772
R342,scatter,deadTree,-16750.3,-8639.5,1620.9,-61.46,0.754
R343,scatter,deadTree,50053.9,-13372.4,1101.4,-144.23,0.841
R344,scatter,deadTree,19562,-6714.4,1175.6,-7.98,0.819
R345,scatter,deadTree,67607.6,-4341.8,3979.6,-40.62,0.786
R346,scatter,deadTree,-24023.7,944.8,963,-114.91,0.987
R347,scatter,deadTree,40317.3,5001,1391.1,-144.37,0.801
R348,scatter,deadTree,17721.3,10417,1120.9,-179.5,0.917
R349,scatter,deadTree,50117.8,9449.5,1468.6,-204.5,0.929
R350,scatter,deadTree,32739.3,19536.7,1049.5,-84.18,0.888
R351,scatter,deadTree,-54925.6,23963.2,3583.1,-95.96,0.713
R352,scatter,deadTree,-28045.8,24916.2,1234.3,-110.08,0.946
R353,scatter,deadTree,-14980,21875.7,1117.4,42.9,0.908
R354,scatter,deadTree,136.8,23199,1195.2,-230.14,0.862
R355,scatter,deadTree,16752.9,24244.8,1413.1,-134.11,0.782
R356,scatter,deadTree,36553.4,27743.2,888.1,-85.1,0.926
R357,scatter,deadTree,47033,23762.2,960.6,-107.9,0.8
R358,scatter,deadTree,61160.5,27008.1,3818.4,61.26,0.915
R359,scatter,deadTree,5913.7,33546.4,1656.5,-115.03,0.874
R360,scatter,deadTree,9038.9,31290.8,1377.3,-188.27,0.784
R361,scatter,deadTree,37286.7,34731,1056.6,-205.8,0.903
R362,scatter,deadTree,-3107.4,39375.4,1577.9,-221.24,0.952
R363,scatter,deadTree,49703.9,35111.9,1940.3,-110.13,0.793
R364,scatter,deadTree,-29425.4,44486.3,1093.8,-132.94,0.827
R365,scatter,deadTree,-15621.6,47773.7,779.5,-53.08,0.855
R366,scatter,deadTree,-9975.1,44991.2,1155.4,-260.76,0.84
R367,scatter,deadTree,3675.7,46347.2,1450.6,-35.78,0.807
R368,scatter,deadTree,32870.1,43316.2,1349.3,13.74,0.847
R369,scatter,deadTree,39705.1,46252.3,2830.6,-116.61,0.848
R370,scatter,deadTree,-31208.1,54322.8,984.8,3.79,0.864
R371,scatter,deadTree,-26402,54804.1,971.2,-153.88,0.903
R372,scatter,deadTree,62686.9,50789.3,3402.4,-111.61,0.932
R373,scatter,deadTree,64202,50752.6,3545,-72.05,0.809
R374,scatter,deadTree,10319,58995.4,1560.7,-81.64,0.762
R375,scatter,deadTree,43274,60003.8,3574.3,-181.97,0.738
R376,scatter,deadTree,-17408.9,68264.8,4567.8,24.13,0.828
R377,scatter,deadTree,-1980.1,67022.5,5381.9,-6.92,0.744
R378,scatter,deadTree,31392.2,64704,4599,56.68,0.918
R379,scatter,deadTree,35159.5,65625.3,5252.4,-18.65,0.832
R380,scatter,deadTree,44873.6,69342.5,5095.4,-259.12,0.811
R381,scatter,deadTree,56569.9,64308.6,5372.1,-141.25,0.766
R382,scatter,deadTree,64533.7,65717.5,4105.5,-256.7,0.758
R383,rock,0,-67408.6,-69299.5,5466.5,-162.81,1.074
R384,rock,1,-60240,-69770.1,6270.4,51.65,0.594
R385,rock,0,-46484.3,-69784.3,5717.1,-198.55,0.538
R386,rock,1,-43691.6,-69796.7,5687,-56.17,0.4
R387,rock,1,-38264.5,-69158.4,5607.6,-119.7,0.542
R388,rock,2,-34644.9,-69870.7,5525.5,-59.41,0.47
R389,rock,0,-18489.1,-69450.9,5596.9,12.91,0.26
R390,rock,1,-12158.8,-69865,5417.9,-16.99,0.38
R391,rock,0,-7429.7,-69416.5,6706.4,-60.84,1.248
R392,rock,1,1466.8,-69183.9,7288.3,49.19,0.559
R393,rock,2,6550,-69894.1,7187.2,-199.97,0.269
R394,rock,2,10207.4,-69253,6346,-9.27,2.535
R395,rock,0,13796.5,-69723,5756.8,-247.21,0.251
R396,rock,2,18240.7,-69569.1,5931.7,-123.41,0.608
R397,rock,0,56632.9,-69726.5,5759.4,-166.17,1.963
R398,rock,2,57465.9,-69611.5,5525.7,-263.51,0.39
R399,rock,0,66940.6,-69734.7,6534.1,11.19,0.364
R400,rock,2,68540.7,-69673,6573.7,-207.57,0.598
R401,rock,2,-60699.3,-68895.9,6096.4,-94.69,0.253
R402,rock,2,-56078.6,-68550.8,6143.9,-58.12,0.619
R403,rock,2,-52544,-68367.4,7114.7,-269.29,0.562
R404,rock,0,-41643.9,-69045.1,5654.9,24.55,0.561
R405,rock,1,-36447.9,-68497.8,4876.5,-105.96,0.7
R406,rock,1,-4350.5,-68893.9,6137.8,17.36,0.291
R407,rock,2,-2762.8,-68761.1,6258.8,-235.2,0.622
R408,rock,0,6091.4,-68848.7,7383.9,17.92,1.503
R409,rock,1,9055.7,-68967.6,7048.8,-19.26,0.404
R410,rock,2,11185.3,-68899.7,5833.8,29.29,0.26
R411,rock,0,16237.1,-68820.8,5559.5,-65.1,0.532
R412,rock,0,24037.6,-68591.5,6347.7,-157.9,0.594
R413,rock,2,37207.6,-68391.5,4851,-95.32,0.496
R414,rock,2,43180.7,-68484.1,5244,-147.77,0.297
R415,rock,2,55147.3,-68261.5,5209,19.94,0.466
R416,rock,2,60566.4,-68693.1,6625.7,-224.33,0.455
R417,rock,2,-64599.7,-67587,4730.7,-46.35,0.602
R418,rock,1,-48814.2,-67804.6,6548.2,-154.46,2.424
R419,rock,0,-40888.2,-67427.3,6048.4,-224.9,0.388
R420,rock,1,-23881.2,-67870.2,5311.6,42.21,0.339
R421,rock,1,-7678,-67705.4,6501.7,78.83,2.236
R422,rock,2,-5599.9,-67922.5,5850.6,-202.71,0.423
R423,rock,2,-4810.9,-67686.3,6110.4,-71.2,0.497
R424,rock,1,-335.5,-68154.7,6629,-239.07,2.361
R425,rock,2,3646.7,-67901.7,7533.3,-56.7,0.605
R426,rock,0,9154.9,-67961.7,6508.7,46.58,2.833
R427,rock,0,19203.6,-67960.1,6079.1,70.85,0.346
R428,rock,1,21627.1,-67857.9,6836.9,-142.71,0.596
R429,rock,2,24013.5,-67504.3,6165.1,20.64,0.44
R430,rock,2,36636.4,-67882.6,5511.1,-129.47,1.959
R431,rock,0,-65782.3,-66937.7,5376.8,-193.67,1.37
R432,rock,0,-62929.7,-67137.1,4662,60.23,0.31
R433,rock,1,-58900.5,-66500.4,5935.8,-138.46,0.487
R434,rock,1,-45708.2,-66824.3,6260.6,44.13,0.618
R435,rock,0,-44981.4,-67105.9,6000.2,-175.35,2.162
R436,rock,1,-41392.3,-66547.4,5740.3,-95.38,0.521
R437,rock,2,-32078.1,-67252.1,4323.2,-25.79,0.443
R438,rock,2,-25904,-67149.1,4747.5,-72.12,1.991
R439,rock,1,-9158,-67103.9,6145.3,-1.91,0.691
R440,rock,2,-4720.7,-66453.4,5702.9,-216.3,2.175
R441,rock,1,-1034.7,-66458.6,6185.5,-128.5,1.895
R442,rock,1,3713.5,-66962.1,7439,-22.58,2.435
R443,rock,1,6940.2,-67255.1,6226.2,-178.78,2.301
R444,rock,1,23211.1,-66642.9,6661,-43.84,0.547
R445,rock,1,33903,-66719.9,5036,-220.72,1.144
R446,rock,0,35343.2,-66801.8,5587.3,-7.32,0.637
R447,rock,1,37570.1,-66713.5,5821,44.16,0.612
R448,rock,2,43833.1,-67291.8,5014.2,-21.23,0.3
R449,rock,0,46567.6,-67150.7,5578.7,-16.18,0.664
R450,rock,2,49915.5,-66544.8,4999,0.17,0.314
R451,rock,0,65121.7,-66766.7,6392.2,-261.92,3.135
R452,rock,0,66656.5,-66865,6451.2,-222.49,0.285
R453,rock,0,67944.8,-66943.8,6252.7,-179.04,0.473
R454,rock,1,-65242,-66103.2,4735.2,47.89,0.29
R455,rock,1,-41290.7,-66259.6,5638.2,-215.9,3.105
R456,rock,2,-40528.6,-65843.9,5771.7,-125.43,2.084
R457,rock,2,-28447.5,-65906.5,4274.2,60.37,2.671
R458,rock,1,-20305.4,-65711.7,4757.8,-230.58,2.947
R459,rock,0,-8741.9,-66345.5,6337.5,-183.68,1.403
R460,rock,2,-3620,-66325,5444.6,-246.51,1.613
R461,rock,1,-2011.2,-65907.4,5600.7,-36.36,0.522
R462,rock,1,1229.1,-65802.1,6335.1,-163.15,0.457
R463,rock,2,3487.4,-66304.1,7235.5,81.6,1.049
R464,rock,2,21736.3,-66362.7,6884.1,68.86,2.425
R465,rock,2,24571.2,-66335,6072.6,-98.27,0.446
R466,rock,2,37658.8,-66352,5938.8,-215.69,2.816
R467,rock,1,41734.3,-65589.8,5507.7,-135.03,0.589
R468,rock,2,-67581,-65190.5,5738.9,33.77,1.388
R469,rock,0,-64254.6,-64927.8,4555.2,6.4,2.268
R470,rock,2,-59842.3,-65331.1,5839.8,-226.65,1.097
R471,rock,0,-52456.4,-64980.6,5991.3,9.03,2.643
R472,rock,2,-51870.8,-65105.2,6498.1,-230.54,1.43
R473,rock,2,-49869.5,-64813,6442.3,-137.55,2.279
R474,rock,0,-48647.5,-65401.7,5941.1,-118.24,0.375
R475,rock,1,-44281.5,-65094.5,5578.5,31.18,0.254
R476,rock,1,-39392.7,-65318.3,5838.6,-169.06,2.845
R477,rock,0,-34004.1,-65379.1,4060.2,57.47,1.291
R478,rock,1,-1848,-65250.7,5805.3,-237.78,0.366
R479,rock,2,-1054.8,-64856.2,6017.9,-79.39,0.305
R480,rock,0,427,-64940.4,5898.1,-63.53,0.409
R481,rock,2,3002.1,-64671.3,5955.9,28.33,0.371
R482,rock,1,16289.3,-65094.6,5291.1,-169.52,0.272
R483,rock,2,19985.4,-65039.3,6479.9,-155.22,1.218
R484,rock,2,25637.6,-64941.2,5986.8,-21.85,0.462
R485,rock,1,37861.7,-65225.4,5851.5,-176.06,0.528
R486,rock,1,39048.4,-64842.1,6021.5,-88.34,2.304
R487,rock,2,47071.3,-65062.8,5529,-2.98,0.645
R488,rock,1,52717.1,-65490.5,4661.6,-82.77,0.528
R489,rock,1,56773.4,-64825.6,4770.4,43.75,0.437
R490,rock,2,61327,-64784.8,5910.1,-110.34,0.283
R491,rock,2,62851.7,-65241.7,6408.1,-96.76,2.909
R492,rock,0,-68202.7,-64445.4,6021.9,-77.5,1.78
R493,rock,0,-53556.2,-64237.4,5253.7,-185.82,1.052
R494,rock,1,-39473.5,-64025.3,5688.4,-142.61,0.429
R495,rock,0,-38860.9,-64585,5437.5,-245.47,1.043
R496,rock,0,-38496.2,-64326,5162.1,-7.16,0.324
R497,rock,0,-33082,-64215.3,3782,-51.97,2.718
R498,rock,1,-11463.7,-64284.9,6335.6,-153.79,0.325
R499,rock,2,-6667.6,-64083.5,4985.3,-73.35,1.884
R500,rock,1,-680.1,-64572.8,5888.1,-252.49,0.535
R501,rock,1,17618.4,-64213.9,5980.9,28.47,0.393
R502,rock,1,26092.9,-64445.2,5515.1,14.42,2.603
R503,rock,2,27351.2,-63868.2,4817.1,63.42,0.444
R504,rock,0,35924.2,-63790.4,4495,-103.11,0.272
R505,rock,0,44230.7,-64003.1,5503.5,-199.45,0.388
R506,rock,2,57118.9,-64282,4909.7,88.98,2.876
R507,rock,0,63479.7,-64251.1,6002,-217.45,0.675
R508,rock,1,-51075.2,-63420,6020.6,-40.27,0.274
R509,rock,2,-34599.3,-62893,3516,-269.68,0.34
R510,rock,1,-15921.1,-63101.5,4885.4,-54.39,0.622
R511,rock,1,-11604,-62869.3,6072,-65.14,0.674
R512,rock,0,-11275.3,-63561.6,6482.8,46.12,0.428
R513,rock,0,-10317,-62802.5,4839.9,8.19,1.225
R514,rock,2,-3316.8,-63279.8,5748.2,-88.23,2.831
R515,rock,0,19791.7,-63093.4,6010.6,-46.75,1.274
R516,rock,0,29034.5,-63514.4,4107.4,-168.78,0.456
R517,rock,0,42475.1,-63686,5516,-91.27,0.508
R518,rock,0,67271,-63672.5,4903.6,27.11,0.322
R519,rock,0,-50442.1,-62561.4,6023.5,-99.59,2.679
R520,rock,1,-45536.5,-61983.7,5382.6,-73.42,0.435
R521,rock,0,-29318.7,-62501.2,4273.3,24.28,0.481
R522,rock,0,-27343.6,-62640.2,4576.2,-251.25,0.55
R523,rock,2,-23933.2,-62300.7,5484,47.36,0.267
R524,rock,1,16513.1,-62690.2,5656.8,-133.36,0.299
R525,rock,0,17768.6,-62311.5,6278.6,-87.04,0.658
R526,rock,0,42262.6,-62180.5,5165.8,-42.59,2.998
R527,rock,2,-68783.6,-61447.2,5725.9,-32.75,0.619
R528,rock,0,-49556.9,-61085.2,5442.6,-235.37,2.191
R529,rock,2,-49012.5,-61764.6,6359.5,-56.69,0.436
R530,rock,0,-48240.5,-61800.6,5814.4,-131.65,0.625
R531,rock,2,-40072.4,-61353.2,5141.1,-41.82,0.578
R532,rock,1,-25255.3,-61623.9,4999.7,-209.36,0.395
R533,rock,2,-19341.1,-61836.7,4570.3,29.54,1.306
R534,rock,2,-690.6,-61220.8,5233.2,-171.33,0.279
R535,rock,1,5315.5,-61120.3,5082.1,24.49,0.619
R536,rock,1,17696.6,-61592.7,5992.3,-151.41,0.436
R537,rock,2,24977.2,-61366.8,4431.2,48.69,0.588
R538,rock,1,54116.1,-61149.9,4308.4,-165.17,0.554
R539,rock,2,63465.4,-61227.1,4414.3,-161.41,3.152
R540,rock,0,69452.7,-61558.9,4830.6,-153.57,0.501
R541,rock,1,70306.3,-61229.4,4821.2,-253.99,0.493
R542,rock,2,-62784.5,-60408.1,5058.4,-0.74,0.473
R543,rock,0,-48692.8,-60777.6,5887.6,-134.99,2.094
R544,rock,1,-33893.6,-60831.5,3810.4,-238.65,2.753
R545,rock,0,-15792,-60979.2,5510.9,-100.81,0.48
R546,rock,0,1962.5,-60646.8,5340.6,-187.44,0.353
R547,rock,0,16355,-60617.4,6117.2,-125.95,0.377
R548,rock,0,16463.5,-60444.4,5995.4,-225.15,0.374
R549,rock,0,37321.7,-60447.2,4218.2,-153.46,0.366
R550,rock,0,53125.3,-60716.4,3755.1,-224.93,0.57
R551,rock,0,53887.4,-60271.1,3700.8,-21.08,0.587
R552,rock,2,-69425.5,-59246.2,6617.5,7.08,0.394
R553,rock,2,-69077,-59900.5,6272.3,-139.47,0.618
R554,rock,0,-47564.2,-59462,6274.6,-46.73,0.491
R555,rock,0,-222.2,-59421.1,5324.7,-47.72,0.531
R556,rock,2,20526.9,-59282.3,4557.6,-189.58,0.438
R557,rock,1,23725.2,-59242.1,4258.5,63.77,0.609
R558,rock,0,31101.4,-59335.1,3367.7,65.74,0.394
R559,rock,1,-25125.7,-58321.2,4104.6,62.44,1.227
R560,rock,2,-18525.6,-58526.3,3854,28.22,0.608
R561,rock,2,-15000.1,-59013,4203.3,-252.16,0.553
R562,rock,0,-3186.6,-58949.1,5095.4,-192.02,2.015
R563,rock,0,15590.4,-58559,4703,-177.96,0.331
R564,rock,0,17627,-58743,4578.5,-220.27,2.359
R565,rock,1,37999,-58843.3,4060.2,76.39,2.591
R566,rock,1,-25729.9,-57489.4,3673.5,-166.25,1.543
R567,rock,2,-1610.1,-57622.5,4446.7,-196.74,3.003
R568,rock,0,8831.5,-58132.6,4780.1,62.1,1.596
R569,rock,0,9261.5,-58219.8,4816.4,7.89,0.336
R570,rock,1,15375.6,-57865.7,4201.3,-203.22,0.4
R571,rock,2,25594.9,-57416.6,3521.8,-154.08,0.381
R572,rock,1,59420.6,-57543.5,4248.5,67.36,0.533
R573,rock,0,-69080.6,-56948.1,6854.5,-53.95,0.464
R574,rock,0,-66751.9,-56984.7,5891.1,-136.95,0.319
R575,rock,2,-52064.7,-56820.7,4353,-168.78,0.313
R576,rock,1,17308.5,-57256.3,4036.2,-212.99,3.111
R577,rock,2,25698.3,-56539.5,2929.3,-153.56,0.565
R578,rock,0,35201.1,-56879.5,3449.9,17.15,0.291
R579,rock,0,39553.9,-57260.5,3858.2,6.42,1.721
R580,rock,0,58013.6,-56840.3,4171.5,54.1,1.257
R581,rock,2,-67653.6,-55782,6314.3,-51.09,3.009
R582,rock,1,-63606,-56248,5679.5,-120.79,0.474
R583,rock,0,-61405.2,-55966.9,5767.1,25.71,1.647
R584,rock,0,-54936.9,-55624.2,4392.2,4.23,0.54
R585,rock,2,25184.9,-55691,2765.6,-233.3,1.611
R586,rock,2,34178.1,-56482.4,3265.5,-74.33,0.266
R587,rock,0,53794.9,-55916.8,3397,66.07,2.533
R588,rock,2,-69305,-55460.5,7381.8,61.54,1.513
R589,rock,0,-66479.1,-55362.3,6017.6,-166.75,0.548
R590,rock,0,-61004.6,-54869.8,6568.7,-206.46,0.251
R591,rock,0,-60319.6,-54970.1,6473.6,-129.92,0.479
R592,rock,1,-58597.1,-55554.6,5755.3,-255.32,2.208
R593,rock,0,-55934.7,-54801.8,4905.9,-60.89,0.325
R594,rock,1,-49051.9,-54779,4168.7,-40.04,0.48
R595,rock,0,-37559.5,-55433.7,3302,-161,0.643
R596,rock,1,827.9,-54920.5,3187.3,-124.43,0.671
R597,rock,0,1512.2,-54860.7,3197.5,62.4,2.062
R598,rock,1,3320.5,-55216.2,3743.3,-204.51,0.479
R599,rock,1,-69619.5,-53891.6,7690.7,-50.52,0.558
R600,rock,2,-68187.8,-54624.3,7080.5,-236.5,0.363
R601,rock,2,-60529.8,-54409.8,6800.1,-207.72,0.327
R602,rock,0,-59822.1,-54417.5,6486.9,-71.8,0.66
R603,rock,2,-53181.2,-54284.1,4359.6,1.72,0.492
R604,rock,2,-7104.1,-54332.6,2847.1,-56.19,0.514
R605,rock,1,9193.6,-54027.8,3483,-75.66,1.262
R606,rock,2,-69559.4,-53595.1,7811.9,-217.56,0.362
R607,rock,1,-64111.2,-53607.2,6408.5,16.72,0.283
R608,rock,0,-58807.9,-52974.7,6497.5,65.48,1.805
R609,rock,1,-57695.3,-53339.1,6088.7,-250.99,0.689
R610,rock,1,-49515.2,-53298.7,4808.9,54.88,1.85
R611,rock,1,-48998.4,-53180.9,5022.9,-110.53,1.367
R612,rock,0,8844.2,-53508.2,3324.6,49.58,3.076
R613,rock,0,21268.5,-53653.9,2526.3,-38.87,1.526
R614,rock,1,54859.1,-52966.3,2883,86.34,2.85
R615,rock,2,67086.3,-53324.5,4094.2,-116.76,0.488
R616,rock,1,-68735.4,-52105.5,7966.5,-49.9,0.32
R617,rock,1,-66874.7,-52070.4,7008.6,-70.29,0.664
R618,rock,0,-65019,-52453.5,6553.8,-233,0.253
R619,rock,0,-57471.6,-52283.2,6577.1,-213.92,0.274
R620,rock,2,-48261.8,-52293.7,5257.6,-224.4,0.556
R621,rock,2,-46162.5,-52693.9,5063.2,47.83,0.531
R622,rock,1,-36538.6,-52793.5,2789.1,-151.89,0.641
R623,rock,0,-6074.7,-52849.8,3012.7,65.06,0.507
R624,rock,2,1826.5,-52012.3,2746.7,-16.96,2.237
R625,rock,0,70388.3,-52213.6,4867,-11.99,1.772
R626,rock,2,-68431.3,-51987.8,7797.8,-13.53,3.056
R627,rock,0,-61113.1,-51215,6336.4,75.6,0.325
R628,rock,1,-48769.8,-51610.6,5823.5,-170.29,0.681
R629,rock,1,-23136.8,-51688.5,3070.7,-123.07,0.344
R630,rock,2,3128.1,-51283.1,2715,-74.74,0.405
R631,rock,0,25213.9,-51326.3,1962.9,40.57,0.415
R632,rock,1,43767.1,-51427.4,2182.1,-143.98,0.278
R633,rock,2,45308.9,-51532.8,2094.8,-123.48,0.662
R634,rock,1,65095.3,-51485.7,3338.1,-116.09,0.379
R635,rock,1,-68760.3,-50985.7,7737.2,-79.85,0.411
R636,rock,0,-67757.9,-50924.6,7303.1,24.32,0.393
R637,rock,0,-67157.5,-50700.3,6892.1,-36.67,1.455
R638,rock,2,-56289,-50451.6,6256.2,-177.85,0.533
R639,rock,0,-50242.5,-50680,5419.4,26.33,0.386
R640,rock,0,-6486.8,-50564.8,2405.4,-45.25,1.159
R641,rock,2,63290.4,-50558.5,3036.3,-166.14,0.528
R642,rock,1,65120.4,-50861.6,3544,-219.55,1.135
R643,rock,1,-60109,-49835.7,6887.3,-222.3,0.58
R644,rock,0,-58153.6,-50164.1,6665.3,-0.35,0.477
R645,rock,2,-48683.9,-49750,5989,-248.1,0.415
R646,rock,2,-47728.8,-49855.1,5304.3,59.53,2.092
R647,rock,0,-37911.2,-49371.5,2514.6,-43.15,1.604
R648,rock,1,-33483.6,-49385,2248.8,50.98,0.409
R649,rock,1,-4451.4,-49407,2211,-195.26,0.621
R650,rock,1,30457.7,-49688.3,1529.2,62.66,0.42
R651,rock,0,63291.5,-49568.7,3287.1,-155.73,2.335
R652,rock,1,-69048.3,-48840.8,7371.2,-67.86,0.518
R653,rock,1,-65360.9,-48806.8,6475.2,-9.5,1.88
R654,rock,0,-60142.9,-48791.2,6469.9,-171.96,0.644
R655,rock,1,-58287.4,-49124.3,6584.4,-98.27,0.357
R656,rock,1,-49143.6,-49035.8,6328.9,-209,1.863
R657,rock,2,-46170.8,-49251.1,4493.2,-32.25,0.253
R658,rock,0,11062.7,-48524.5,1754,-202.57,0.555
R659,rock,1,37253.4,-48951.4,2462.3,-161.65,1.616
R660,rock,0,-66902.7,-47536.6,7124,12.6,1.983
R661,rock,2,-59789,-48279.2,6248.9,-190.66,2.601
R662,rock,2,-57446.2,-47867.1,6179.3,-239.89,2.735
R663,rock,1,-56113.2,-47996.9,5754.1,-176.91,1.663
R664,rock,1,-39650.8,-48060.7,2898.9,-250.3,0.573
R665,rock,0,-31637.2,-48350.8,2270,4.54,2.787
R666,rock,1,16098.1,-47640.5,1671.6,-256,0.516
R667,rock,1,36384.9,-48303.4,2255.2,-1.77,0.406
R668,rock,2,42078.3,-47860,1948.8,-192.64,0.269
R669,rock,0,70197,-48012.5,5224.9,-225.73,0.663
R670,rock,0,-69792.4,-47374.8,6597.3,28.23,0.584
R671,rock,2,-49816.3,-46879.4,6292.1,-198.89,0.598
R672,rock,1,-46563.1,-47226.4,4981.4,-25.82,2.578
R673,rock,1,-68686.4,-45875.1,6607.8,-212.61,1.508
R674,rock,1,-61893.4,-45886.6,6463,-226.48,0.539
R675,rock,0,-59254.8,-46489.2,6738.5,-143.68,1.172
R676,rock,2,-55937.3,-46176.6,6287.9,-25.25,0.605
R677,rock,0,-53061.4,-46139.4,6737.5,6.46,2.997
R678,rock,0,-44701.2,-45871.3,4950.6,2.39,0.581
R679,rock,1,-24916.8,-45740.2,1425.4,-104.78,0.453
R680,rock,0,2805.4,-45735,1873.5,-214.88,0.511
R681,rock,1,24386.1,-45779.4,1164.7,14.31,0.547
R682,rock,0,28482.6,-46148.1,1024.7,-251.51,0.624
R683,rock,0,65967.3,-46330.2,3662.3,-18.62,0.474
R684,rock,2,-65792.6,-44983.7,7123.5,-116.26,0.517
R685,rock,0,-57692.2,-45526,7583.9,-255.44,0.642
R686,rock,2,-56136.3,-45410.1,6814.8,-107.31,0.699
R687,rock,0,-51693.4,-45304.1,6847.2,-108.75,2.679
R688,rock,1,-51088.2,-44842.2,7939.1,-114.44,0.498
R689,rock,2,-49241.3,-45593.8,6757,-142.99,1.995
R690,rock,2,-47950.9,-45281.1,6582.6,36.92,0.564
R691,rock,2,-43605.8,-45007.2,5664.9,-120.62,1.704
R692,rock,2,26423.5,-45344.8,1025.5,-245.91,0.296
R693,rock,1,-57285.1,-44394.8,7986.1,-66.52,0.499
R694,rock,2,-56049.1,-44331,7803.6,-202.74,1.838
R695,rock,0,-54733.4,-44443.5,7306.8,60.47,1.518
R696,rock,1,-45813,-43927.1,5507.4,-3.93,0.567
R697,rock,0,-43294,-44366,4806,5.11,0.402
R698,rock,1,-40905.9,-43928.3,3253.3,-205.95,2.453
R699,rock,0,-29163.2,-44528.9,1389.9,45.33,0.669
R700,rock,0,42352.1,-44597.1,1555,-154.97,0.501
R701,rock,2,-67281.5,-43874.5,6983.8,69.8,3.167
R702,rock,0,-63384.2,-43574.8,7163.8,-12.65,3.084
R703,rock,0,-59491.4,-43525,7419.9,76.75,0.581
R704,rock,0,-55443.1,-43745.5,8338.3,-102.14,2.887
R705,rock,0,-50875.8,-43872.1,7966.5,-236.08,2.397
R706,rock,1,-44222.5,-43501.3,5506.3,-105.55,0.556
R707,rock,2,25990.6,-43580,1054.6,8.15,0.629
R708,rock,1,36723.7,-43130.2,1202.1,-82.03,0.51
R709,rock,1,52773.2,-43178,1626.8,-248.23,0.636
R710,rock,1,58755.9,-43104.7,2872.7,-18.01,0.284
R711,rock,2,70175,-43200.7,4087.2,-258,0.595
R712,rock,0,-64677.6,-42931.3,6957.1,-162.43,0.608
R713,rock,1,-63654.5,-42279.5,7662.8,-112.59,0.649
R714,rock,0,-61294.1,-42857.1,7617,-142.65,2.321
R715,rock,0,-50445.4,-42177.5,6896.4,-237.38,1.893
R716,rock,0,-49905,-42762.8,6694.6,-2.67,0.418
R717,rock,2,-48253.2,-42475.4,5761.5,-155.29,0.561
R718,rock,0,-10599.8,-42602.1,1268.2,-69.36,1.991
R719,rock,1,37826.9,-42925,1215.9,-23.43,0.375
R720,rock,1,-65304.9,-41837.8,6933.1,-31.43,0.377
R721,rock,2,-58919.2,-41926.5,7166.5,88.25,0.566
R722,rock,2,-56258.4,-42007.3,7830,-43.89,0.495
R723,rock,0,-54298.8,-41256.9,7072.8,-210.19,0.489
R724,rock,2,-38730.7,-42037.7,2769.2,-247.08,2.342
R725,rock,0,-67393.7,-40616.4,6896.9,-123.49,0.316
R726,rock,1,-64244.1,-41036.4,8132.3,-134.14,0.618
R727,rock,1,-55861.9,-41171.1,8016,77.89,0.651
R728,rock,0,-55241.2,-40373.3,7884.4,-256.72,0.331
R729,rock,2,-51405,-40895.4,6551.6,-26.2,0.394
R730,rock,1,-43098.4,-41199.1,3976.1,-223.48,2.217
R731,rock,2,-40758.9,-41074.7,4086.8,38.71,1.342
R732,rock,2,-38269.4,-40397.3,2794.5,-149.54,0.643
R733,rock,1,9735.6,-40466.2,1269.7,-144.89,0.543
R734,rock,1,36993.6,-40652.8,1170.2,-122.46,3.067
R735,rock,1,-54144,-40216.3,7274.6,22.8,2.529
R736,rock,1,-53072.1,-39600.3,7288.1,-212.71,0.356
R737,rock,0,-49550.7,-39605.5,6294.9,-107.42,1
R738,rock,1,-49216,-39408.9,6838.2,-93.54,1.784
R739,rock,2,-48339.2,-39511.4,6537.1,-265.85,1.06
R740,rock,0,-45833.6,-39467.8,5012.2,-37.21,0.381
R741,rock,0,-41986.8,-40096.2,3685.8,-197.43,0.527
R742,rock,2,-64371.4,-39340.2,8275.9,44.96,0.273
R743,rock,1,-62781.3,-39025.5,7950.9,64.52,1.402
R744,rock,0,-56918.5,-38629.4,7265.6,-159.12,0.59
R745,rock,1,-55601.9,-38598.5,7548.5,-248.04,1.757
R746,rock,0,-47902.8,-39210.8,6276.8,-43.85,2.732
R747,rock,0,-45285.9,-38715.9,4674.7,-233.94,1.795
R748,rock,0,19881.6,-39267.2,791.9,51.97,1.752
R749,rock,2,64700.6,-38764.7,3478.7,26.5,1.699
R750,rock,0,-62417.7,-38266.6,7288.2,-35.64,0.309
R751,rock,2,-61584.2,-37997.3,7290.8,-235.32,1.431
R752,rock,2,-55280.9,-38489.4,7533.8,-131.65,0.6
R753,rock,1,-50910.1,-37955,5722.3,57.94,0.283
R754,rock,1,-49323.4,-37932.8,5374.7,-66.63,0.572
R755,rock,2,-48626,-38417.2,5853.2,-205.94,0.298
R756,rock,1,27036.1,-38388.9,816.4,-57.11,1.35
R757,rock,2,-69961.8,-37160.3,7037.5,-64.81,0.621
R758,rock,0,-66563.3,-37271.1,7130.4,0.08,2.988
R759,rock,2,-65019.2,-37599.6,6937.1,-202.43,0.61
R760,rock,1,-62840,-37115.8,6156.8,-39.11,2.632
R761,rock,2,-61668,-37011.1,6538.6,-161.24,2.58
R762,rock,2,-59523.6,-36845.3,6710.9,72.76,0.594
R763,rock,1,-57785.2,-37350.2,6778.4,-45.29,0.272
R764,rock,2,-55898.7,-37049.3,6743.5,-76.54,2.564
R765,rock,1,-55487.1,-36981.1,6806.7,-45.4,0.347
R766,rock,2,-36364.6,-36802,1779.9,-226.53,0.303
R767,rock,2,-34498.8,-37509.6,1807.2,-103.15,0.69
R768,rock,0,12770.9,-36919.4,1244.2,-42.51,0.482
R769,rock,1,54821.2,-37088.9,1598.4,-226.14,0.679
R770,rock,1,-64580.6,-36654.5,6273.2,-251.08,0.302
R771,rock,0,-62674.7,-36302.5,6000.2,-215.56,1.554
R772,rock,0,-59165.5,-36139.9,6640.2,-47.83,2.134
R773,rock,2,-43308.2,-36675.2,3516.9,-184.98,0.515
R774,rock,1,59948.1,-35974.8,2131.6,86.57,0.58
R775,rock,2,-58603.3,-34947,5985.9,32.6,0.471
R776,rock,0,-55650.6,-35391.7,6373,16.26,3.198
R777,rock,0,-53032,-35650,5721.7,-15.08,0.464
R778,rock,1,-45352.4,-35796.5,4916,-168.39,0.343
R779,rock,0,-65987,-34706.7,6367.6,-228.53,2.913
R780,rock,2,-60278,-34324.4,6271.1,-151.48,0.446
R781,rock,1,-37942.8,-34396.5,1937.4,-193.33,1.011
R782,rock,0,17836.5,-34650.6,804.8,-59.79,1.122
R783,rock,0,-63836.5,-33996.6,6452,-34.29,0.426
R784,rock,0,-60948.6,-33256.6,6083.9,-83.13,0.492
R785,rock,1,-45735.1,-33966.9,4208,28.3,0.436
R786,rock,1,-42733.1,-33520.1,2800.9,-220.21,2.105
R787,rock,0,-28390,-33623.5,1339.4,-26.66,0.616
R788,rock,0,23078.3,-33436.7,661.1,-1.26,0.443
R789,rock,2,54318.7,-33912,1455.4,-132.02,0.405
R790,rock,1,65158.7,-33644.1,3468.6,-166.32,0.69
R791,rock,0,-64278,-32599.3,6307.4,-140.05,0.332
R792,rock,1,-58133,-32989.1,6728.7,-29.82,0.563
R793,rock,0,-53003.7,-32872.2,5356.5,-26.46,0.418
R794,rock,1,-52808.2,-32709.8,5113.7,-120.79,2.501
R795,rock,2,7561.5,-32732.4,1274.7,-214.49,0.475
R796,rock,1,-69103.7,-32116.6,7158.6,-58.59,2.852
R797,rock,1,-55982.2,-31560.2,5741,-172.4,0.553
R798,rock,1,-55533.1,-32110.1,5886.4,-216.01,2.07
R799,rock,1,-32520.9,-31300.4,1362,-212.44,0.45
R800,rock,2,43279.6,-31437.8,1346.7,-24.17,0.403
R801,rock,0,55477.5,-32131.2,1917.5,-30.73,1.669
R802,rock,2,68656.2,-31897.5,4431.5,-88.99,0.539
R803,rock,1,-64969.8,-31073.1,5797.1,-150.13,1.963
R804,rock,1,-66355.7,-29838.4,5725.7,-269.03,0.481
R805,rock,2,-59446,-29864.5,5819.7,-60.7,0.477
R806,rock,0,-40704.5,-29806.2,1707.1,-151.34,0.573
R807,rock,1,-67219.9,-29363.4,6494.4,-10.19,0.299
R808,rock,2,-66297.5,-28992.7,5844.6,31.52,0.371
R809,rock,1,-61188.9,-29398.8,5424.1,-195.82,1.495
R810,rock,0,-56228.5,-28734.9,4558,53.48,0.483
R811,rock,1,-34185.6,-28832.8,1154.4,-194.12,0.665
R812,rock,0,36679.8,-29122.8,1103,-120.06,0.561
R813,rock,0,-68743.8,-28297.2,6388.3,-59.98,2.044
R814,rock,1,-67098.8,-27770.3,6515.6,-240.06,0.423
R815,rock,1,-58821,-28366.7,5541.7,61.53,1.227
R816,rock,0,-55825.5,-28196.5,4283,-135.46,0.395
R817,rock,0,-52413.6,-28540.4,3698.8,27.36,0.697
R818,rock,2,-44767,-28143.3,2120.8,-266.82,0.584
R819,rock,1,-42696.8,-28288.6,2137.1,50.65,0.368
R820,rock,0,50888.7,-28344.3,1362.7,-227.82,0.484
R821,rock,0,60538.8,-27887.1,3017.6,-231.81,0.309
R822,rock,1,4999.4,-27109.6,1268.3,-198.57,0.435
R823,rock,2,6618,-27036.1,1209,24.83,0.672
R824,rock,1,39123.1,-26946.9,1207.5,-236.48,0.314
R825,rock,1,51676.6,-27090.8,1174.6,71.69,0.655
R826,rock,0,-69777.6,-26570.5,6959.8,62.28,0.604
R827,rock,0,-64933.2,-26612,5821.9,-266.57,0.322
R828,rock,2,-63016,-26783.1,5734.8,-55.48,0.431
R829,rock,2,-61019,-26636.7,5657.2,-51.14,1.235
R830,rock,1,-36645.3,-26515.4,1190,-186.76,0.579
R831,rock,0,-63923.5,-25024,5610.3,-7.79,1.853
R832,rock,1,-59455.6,-25121.2,5564.5,-42.57,0.322
R833,rock,1,20321.6,-25700.7,692,48.01,0.474
R834,rock,1,60690.9,-25108.2,2578.4,-191.11,0.615
R835,rock,2,-67623.6,-24538.3,7176.3,-67.36,2.569
R836,rock,0,-57598.2,-24571.2,5057.2,-36.91,0.55
R837,rock,1,-62777,-23825.2,5764.2,84.61,0.689
R838,rock,1,-20007.2,-23569,1584,-265.96,0.632
R839,rock,1,-7402.3,-23960.5,1450.9,-250.51,0.275
R840,rock,0,57169.4,-23968.3,1277,62.04,0.343
R841,rock,2,58497.1,-23569.6,1607.5,20.83,1.401
R842,rock,0,59505.1,-23963.6,2141.1,66.74,0.682
R843,rock,1,60199.3,-23831.4,2508.9,-82.95,0.251
R844,rock,1,-64916,-22689.9,6641,-253.04,2.888
R845,rock,1,-63631.3,-22818.5,6086.5,-190.86,0.276
R846,rock,0,-35195.5,-22995.9,1388.9,-180.42,1.594
R847,rock,2,-27137,-22753.4,1643.7,-172.25,1.236
R848,rock,2,36105,-22665.6,1063.4,-157.97,2.562
R849,rock,0,58093,-21874,1602.5,-193.18,1.239
R850,rock,1,68269,-21451,3678.2,49.85,0.277
R851,rock,2,-55803.1,-20503.2,3102.4,-234.18,0.649
R852,rock,1,-18117.2,-20502.6,1394.4,-135.66,2.855
R853,rock,2,-4928,-20599.4,1541.1,-126,0.487
R854,rock,0,-61083.1,-19906.5,5568.4,67.87,2.585
R855,rock,1,-57346.3,-20012.5,3482,-61.47,0.253
R856,rock,0,-49182.8,-20441.1,2476.2,-203.92,1.821
R857,rock,0,-35876,-20042,1394.5,-27.82,2.053
R858,rock,2,12551.5,-19646.9,1147.8,-129.3,0.596
R859,rock,2,-68230.5,-18756.5,6564.4,-100.04,0.537
R860,rock,0,54780.3,-18853,1495.1,-65.82,0.555
R861,rock,0,70160.3,-19479.3,4505.6,-46.51,0.292
R862,rock,1,-64050.5,-18561.8,6147.3,1.88,0.593
R863,rock,1,-28447.3,-18504.5,1762.8,-262.39,0.36
R864,rock,0,56555.6,-17836.2,2002,-269.36,1.951
R865,rock,0,68310.3,-18328.4,4211.2,39.34,0.572
R866,rock,1,-52675.2,-17569.9,3256.9,-262.4,2.568
R867,rock,2,-48715.4,-16968.4,1794.7,-202.48,0.349
R868,rock,2,-38066.4,-17230.6,1390,64.04,0.396
R869,rock,2,-14015.4,-17085.9,1389.8,-103.82,1.861
R870,rock,2,62499.9,-17239.8,2898.2,-180.3,0.333
R871,rock,0,-67221.4,-16428.8,6080.6,60.6,0.695
R872,rock,2,-63341.8,-16623.4,5231.4,-6.73,1.803
R873,rock,0,-17369.5,-16181.3,1259.2,26.27,0.643
R874,rock,0,48735,-16541.1,1214.5,20.55,0.564
R875,rock,2,64743.8,-16299.9,3529.7,-45.67,0.451
R876,rock,0,-67736.7,-15485.9,6075.1,-215.49,0.612
R877,rock,1,-63077.1,-15734.1,5282,-186.81,0.631
R878,rock,2,65605.4,-15479.2,3478.5,-99.22,1.932
R879,rock,2,-65967.3,-15096.1,6231.6,-112.9,0.4
R880,rock,0,-59489.1,-14777.4,4902.3,-253.13,0.296
R881,rock,0,-53495.3,-14361.5,3167.9,71.47,0.341
R882,rock,0,42569.5,-14895.3,940.1,-171.11,0.696
R883,rock,1,62558.5,-14901.8,2345.9,-226.36,0.324
R884,rock,2,-55633.8,-14090.8,3314,1.77,1.725
R885,rock,0,-50914,-14065.4,2314.2,-210.41,0.441
R886,rock,1,-31782.8,-13814.1,1575.7,-176.8,0.543
R887,rock,0,-24545.8,-13368.2,1431.2,-56.65,0.599
R888,rock,1,-14942.5,-14002.3,1625.6,82.84,0.348
R889,rock,1,17046.5,-13963.8,1121.5,4.43,0.548
R890,rock,2,-69575.2,-12800.8,6581,60.57,0.483
R891,rock,0,-69014.6,-12943.9,6370.2,-11.92,0.588
R892,rock,1,-63858.5,-12493,6079,-48.23,0.635
R893,rock,0,-62030.2,-12937.6,5874.4,-5.21,1.183
R894,rock,0,-60855.8,-13092.7,5196.2,-87.73,0.614
R895,rock,0,-42729.2,-12549.7,1041.7,-52.91,0.432
R896,rock,1,39526.8,-12898.9,1173.3,-8.69,1.775
R897,rock,0,44927,-13008.1,1221.7,-138.29,0.64
R898,rock,2,-65673.7,-12342.6,6030.5,-229.14,0.531
R899,rock,2,33400.6,-11555.9,1283.9,-213.37,0.257
R900,rock,2,-68065.7,-11148.8,6310.6,2.5,0.689
R901,rock,0,-66473.3,-10717.5,6386.5,-172.84,0.384
R902,rock,2,-62467.8,-11163.3,5871.3,44.17,2.402
R903,rock,2,-53653.6,-11482.3,2310.6,-23.8,0.581
R904,rock,2,-46592.1,-11218.7,1283.5,-190.36,0.517
R905,rock,2,-63801.6,-10106.5,5883.5,33.67,3.115
R906,rock,0,-49813.2,-10502,1585.3,-147.71,0.639
R907,rock,1,-48527.1,-10532.9,1431.1,-158.4,0.601
R908,rock,0,-43274,-10232.6,973.6,-193.67,2.689
R909,rock,1,40708.4,-10108.1,1255.9,43.4,0.663
R910,rock,1,-69190.5,-9518.3,6872,-82.56,0.468
R911,rock,0,-65387.7,-9077.1,5730.9,-182.8,0.66
R912,rock,0,50031.3,-9460,1422.7,24.69,0.27
R913,rock,0,69844.7,-9407.4,3965.2,-30.02,1.662
R914,rock,0,-35417.2,-8271.8,1201.9,-154.74,0.54
R915,rock,1,-23343.2,-8287.4,1400.5,-46.31,0.414
R916,rock,0,-17276.2,-8477.8,1525.4,-135.83,0.436
R917,rock,2,66387.3,-8685.1,3124.5,3.41,0.255
R918,rock,2,-59304,-7290.8,4594.5,-31.73,0.656
R919,rock,1,-31696.2,-7813.7,1216.2,-93.81,0.564
R920,rock,0,58275.7,-7011.3,2451.8,-152.06,0.421
R921,rock,0,-67106.3,-6251.7,5665.2,62.22,0.409
R922,rock,1,-57412.6,-6534.2,4056.9,28.2,0.458
R923,rock,1,-57397,-6611.4,4019.9,-84.74,0.679
R924,rock,2,-54202.9,-6190.5,2510.1,-151.47,0.414
R925,rock,2,-30922.3,-6187.1,1188.4,-25.27,0.611
R926,rock,1,57863.6,-6127.4,2636.8,-136.43,0.413
R927,rock,0,-65154.6,-5707.3,6025.5,-239.03,0.461
R928,rock,0,-58281.5,-5263.8,5048.8,-166.8,0.502
R929,rock,0,-53899.7,-5581.6,2671.8,-18.11,0.291
R930,rock,2,-54295.5,-4987.9,3092.2,67.39,0.521
R931,rock,0,-58151.1,-3020.8,5367.3,-263.43,3.075
R932,rock,2,67830.8,-3277.7,4131.6,-159.11,1.806
R933,rock,2,-66480.2,-2073.9,6089.3,-112.41,0.304
R934,rock,0,-66756,-1354.9,5894.3,79.58,0.313
R935,rock,0,-65724.6,-1297.5,6469,-65.39,1.191
R936,rock,1,-62917.7,-1052.8,5941.1,-250.69,0.491
R937,rock,1,-59130.4,-727,5109.1,-1.39,0.58
R938,rock,1,-54761.1,-732.5,3502.8,-126.84,0.534
R939,rock,0,-26686.1,-1534.5,988.7,-78.6,0.559
R940,rock,1,-22028.9,-1063.2,986.9,-16.17,0.555
R941,rock,0,-12180.2,-1527.1,1250.1,-114.63,0.301
R942,rock,1,-61213.1,-36,5303.7,-231.43,1.495
R943,rock,0,-57438.6,151.8,4305,-223.73,0.652
R944,rock,0,-21780.4,-646.9,962.3,-185.2,0.261
R945,rock,1,-47289.6,1073.4,1263.8,-232.05,0.557
R946,rock,1,32816.2,361.5,1308.9,21.21,0.453
R947,rock,1,69639.6,610.5,3669.6,-184.86,0.62
R948,rock,2,-67296.5,1506,5579.7,-120.03,0.27
R949,rock,2,-32609.5,1736.6,851.9,-216.79,2.82
R950,rock,0,38814.2,1635.2,1348.2,-193.72,0.671
R951,rock,0,-52354.5,2540.9,2646.9,-187.43,0.296
R952,rock,2,-68549.5,3346.2,5346.9,-256.31,0.376
R953,rock,2,-54323.8,3081,3509.8,21.45,0.606
R954,rock,1,-29549.6,2966,1023.7,48.77,0.616
R955,rock,2,-29215.2,3331.7,1041,-120.18,2.19
R956,rock,2,33785.2,3105.5,1526.2,-70.27,0.592
R957,rock,1,-69511,4297.7,5114.2,7.5,0.375
R958,rock,2,34710.9,4285.1,1430.9,82.72,0.622
R959,rock,1,56264.6,4464.3,2148.3,-178.43,0.516
R960,rock,1,69961.3,4529.1,3715.1,-20.78,2.035
R961,rock,2,-33580.7,5158.3,945.7,-248.12,0.272
R962,rock,1,-62477.9,6056.5,5050.6,64.6,0.31
R963,rock,1,-43575.3,6452.3,1121.4,-210.34,0.398
R964,rock,1,67247.5,6480.8,3981.4,31.39,0.659
R965,rock,1,-66653.7,7263.2,6254.6,-0.89,0.685
R966,rock,0,-40860.6,6531.2,1261.5,86.76,0.561
R967,rock,1,29227.7,7093.7,1408.5,-116.55,0.269
R968,rock,0,59313.2,6960.8,2151.7,-219.94,0.56
R969,rock,0,-69551.2,7905.9,6465.3,-2.91,0.37
R970,rock,1,-64948.3,7882.2,6106.1,11.09,0.629
R971,rock,2,-62730.4,7730.2,5884.6,17.51,0.27
R972,rock,2,-59367.4,8149,4708,-28.94,0.43
R973,rock,2,-53997.2,8096.4,3997.3,-58.32,2.013
R974,rock,1,-50553.4,8248.7,2164.7,18.48,0.563
R975,rock,1,-49109.6,7797.5,1840.7,-39.2,0.306
R976,rock,0,33278.9,7459.8,1597.5,64.09,2.417
R977,rock,1,62476.9,7438.3,3166.9,52.96,0.397
R978,rock,1,-67976.1,8436.2,6794.4,-251.14,0.656
R979,rock,0,-54769.6,9188.7,3944.9,-6.11,0.269
R980,rock,2,-51482.3,8573.6,2758.8,-121.22,2.98
R981,rock,2,-2726.9,8844.3,949.6,-213.35,0.604
R982,rock,2,15438.9,8631.7,1234.3,78.26,0.588
R983,rock,0,61341.1,8847.6,3138.4,-82.7,0.391
R984,rock,2,-67820.4,9641.3,6700.2,22.13,2.661
R985,rock,0,60893.7,9715.9,2227.7,-19.26,1.506
R986,rock,0,62110.7,9738.9,2631,-56.54,0.293
R987,rock,0,65696.3,9988.5,2052.4,-195.15,0.417
R988,rock,0,67579,9524.4,2591.6,-267.84,0.678
R989,rock,2,68159,9657.1,2695.4,82.2,0.61
R990,rock,0,69000.5,9219.8,3065.4,-1.09,1.866
R991,rock,0,70097.9,9875.9,1904.7,79.57,0.592
R992,rock,0,-66970.1,10593.2,6072.6,-29.17,0.574
R993,rock,1,-61265.2,10855.1,5842,-57.18,2.572
R994,rock,2,51197,10819.5,1032.1,-74,1.581
R995,rock,0,63552.7,10580,1220.9,-26.47,3.138
R996,rock,2,-68446.3,11896,6223.2,73.69,0.625
R997,rock,0,-64689,11391.9,5850.3,-147.67,1.38
R998,rock,0,43088,11354.2,943.2,-229.61,0.553
R999,rock,2,-7725.3,12509.1,1002.5,57.36,0.506
R1000,rock,1,9460,12742.8,1317.3,-40.46,0.616
R1001,rock,1,33207.4,12289.8,1020.8,-253.67,0.536
R1002,rock,0,42851.4,12788,680,75.3,0.612
R1003,rock,0,-68186.8,13187.8,5608,-49.43,0.635
R1004,rock,0,-23633.2,13222.5,1220.6,56.79,0.589
R1005,rock,2,3828.8,13269.9,1039.5,38.25,0.512
R1006,rock,1,30171.8,13154.8,839.3,-1.38,2.548
R1007,rock,2,37284.1,12874.8,700.9,-251.29,2.739
R1008,rock,0,65830.8,13555.8,666.7,-93.06,0.692
R1009,rock,1,64102.3,14289.3,1107.4,-9.52,0.423
R1010,rock,0,69643.9,13918.8,999,-123.75,0.565
R1011,rock,1,55173.9,14966.1,894,50.24,2.565
R1012,rock,1,59676.6,14758.3,1179.3,-159.45,2.833
R1013,rock,1,65726.2,15025.4,2407.4,-67.89,2.727
R1014,rock,1,-42589.4,15512.4,1223.8,-9.85,0.433
R1015,rock,0,50643.4,15624.8,900,-145.76,0.56
R1016,rock,2,52774.8,15999.7,1170.3,16.92,3.166
R1017,rock,1,58953.8,16225.2,2818.3,29.4,2.536
R1018,rock,2,69733.3,15799.2,4610.1,-57.37,0.59
R1019,rock,1,-31280.2,16466.7,1198.3,-259.77,0.527
R1020,rock,0,52592.5,16524.6,1313.1,20.6,0.452
R1021,rock,2,55323.2,17284,2341.4,36.35,0.557
R1022,rock,0,-64479.6,18178.4,5615,39.62,0.564
R1023,rock,0,-44122.3,17620.5,1443.6,-85.85,1.107
R1024,rock,1,-29752,17913.5,1310.1,68.66,0.428
R1025,rock,1,9301.3,17474.8,898,-94.34,1.478
R1026,rock,2,35686.1,17929.4,1131.4,-47.65,0.612
R1027,rock,1,46607.5,18017.7,1025.2,-33.19,1.448
R1028,rock,1,-63112.8,19094.9,5774.5,-19.41,0.308
R1029,rock,0,-40494.1,18221.8,1315.8,-250.25,0.257
R1030,rock,2,21656.6,18467.4,799.6,-211.36,0.428
R1031,rock,1,-64069.6,19974.2,5879.5,-229.07,0.301
R1032,rock,1,19373.5,19510.5,902.1,-12.29,0.336
R1033,rock,2,30541.6,19665.8,1272.2,27.46,1.736
R1034,rock,2,-64545.2,20133.5,6027.5,-189.2,1.496
R1035,rock,0,-57103.9,20269.4,3397.5,-222.83,0.522
R1036,rock,0,-13795.5,20255.6,1006.4,-32.36,1.099
R1037,rock,0,-7325.2,20398.4,722,-73,0.41
R1038,rock,2,55255.8,20593.6,1821.9,-257.45,1.758
R1039,rock,0,65275.7,20758.2,3570.1,-156.66,0.539
R1040,rock,2,-65234.8,21543.8,6366.9,-91.35,0.339
R1041,rock,1,-62414.7,21028.8,5962.3,-180.92,0.662
R1042,rock,2,-45537.6,21772.7,1381.8,-32.46,0.337
R1043,rock,2,-68753.7,22546.1,5341.6,-164.48,0.335
R1044,rock,1,-67897.4,22606.2,5646.2,-238.24,1.848
R1045,rock,2,-60487.4,22451.1,5555.4,-109.73,0.459
R1046,rock,2,-56160,22059.9,3494,-177.51,0.314
R1047,rock,1,-54290.8,22076.1,3441.3,-46.21,3.122
R1048,rock,1,-51702.9,22665.5,3639.5,-130.18,0.327
R1049,rock,1,-10373.9,22032.8,917.2,-257.67,0.269
R1050,rock,2,-3631.2,22665.5,1170.1,-50.39,0.675
R1051,rock,1,1604.9,21924.7,839.2,-165.89,0.675
R1052,rock,1,20561.2,21837.8,1255.2,-11.25,0.635
R1053,rock,2,41632.5,22305,851.8,-105.04,0.464
R1054,rock,2,47621.1,22547,936.9,-46.61,0.563
R1055,rock,1,56294.7,22197.3,1782.1,-241.45,3.026
R1056,rock,1,60095.2,22566.5,3059.1,50.48,3.093
R1057,rock,1,-67073,22712.4,6121.9,7.43,1.544
R1058,rock,0,-60597,23218.5,5646.1,-72.35,0.63
R1059,rock,0,-50174,23184.3,3061.6,31.75,2.333
R1060,rock,0,-43334.8,23235,1390,-82.05,0.397
R1061,rock,2,-2335.5,22748.1,1166.6,18.18,0.645
R1062,rock,0,23019.9,23220.4,1484.2,74.54,0.562
R1063,rock,2,-64081.4,24057.1,6916.9,-193.2,0.448
R1064,rock,2,-55771.6,24238,3673.9,-199.94,0.296
R1065,rock,0,-22492.3,24161.9,972.3,-132.56,0.351
R1066,rock,0,28494.1,23628,1158.1,-63.69,0.279
R1067,rock,0,70297.8,24325.3,4777.2,-184.2,0.284
R1068,rock,2,-67789.5,24773.8,7074,-22.68,0.417
R1069,rock,2,-67231.1,25146.1,7370.3,-194.26,0.602
R1070,rock,0,57428.4,25028.7,2424.5,-136.68,1.584
R1071,rock,0,-66085.7,26198,6256.1,-22.88,0.485
R1072,rock,2,-64555.7,26160.8,6386.3,-137.19,1.18
R1073,rock,2,-56876,25727.6,3799.2,-31.98,1.272
R1074,rock,1,-30428.2,26116.6,1328.9,-139.63,0.277
R1075,rock,2,-9801.8,25400.8,1067.4,-215.44,2.504
R1076,rock,1,9598,25920.5,1275.2,33.1,0.312
R1077,rock,1,68051.7,26295.4,4059.2,-46.24,2.154
R1078,rock,0,-67147.7,26852.8,6190.1,-185.85,2.94
R1079,rock,0,-37627.9,26402,1388.2,-34.52,0.278
R1080,rock,2,-33849,26707.7,1520.6,-185.9,0.556
R1081,rock,2,-30331.9,26320.3,1323.5,-238.45,0.668
R1082,rock,1,-20125.2,26363.4,759.6,-86.51,1.511
R1083,rock,0,57009.8,26481.3,2194.3,-93.27,0.307
R1084,rock,0,61400.8,27139.6,3788.5,-8,0.471
R1085,rock,0,-62761.1,27309.5,5588.4,-190.07,0.576
R1086,rock,1,56761.2,27974.8,2227.1,-60.41,0.482
R1087,rock,2,-68525.6,28778.9,5894.4,8.46,0.367
R1088,rock,1,9391.7,28559.9,1406,-225.81,2.552
R1089,rock,1,63653.2,28890.3,3671.3,-227.84,0.455
R1090,rock,2,25904.2,29712.3,1318.3,-214.45,1.426
R1091,rock,1,-66250.2,30342.9,5427.2,44.77,0.37
R1092,rock,0,-25031.9,30558.8,1136.6,-20.06,3.157
R1093,rock,2,-36766.3,31558.5,1100.8,-109.4,0.349
R1094,rock,2,60201.5,31136.6,3788.4,-111.8,0.441
R1095,rock,1,-65177.7,31882.3,5615.2,-105.74,0.49
R1096,rock,0,-64203.7,31803.5,5147.5,-91.48,0.533
R1097,rock,1,-19714.6,32060.2,895.9,-238.59,0.45
R1098,rock,0,-8524.7,32463.1,1342.8,28.67,1.871
R1099,rock,0,-7401.5,32061,1373.7,-194.1,2.72
R1100,rock,2,7593.9,32114.5,1511,-212.26,0.682
R1101,rock,2,42122.3,31792.6,1109,-116.76,0.488
R1102,rock,0,42854.3,31725.2,1050.1,66.76,2.917
R1103,rock,0,58276.8,31939.2,3304.7,-167.68,0.678
R1104,rock,0,-60327.8,32815.3,4050.4,-52.26,1.211
R1105,rock,2,-56198.4,33286,2994.8,-53.57,0.341
R1106,rock,0,-43634.9,32970,1159.5,-75.81,0.627
R1107,rock,1,65889.4,33323,4349.5,-38.82,0.422
R1108,rock,1,67710.8,33321.4,4313,-62.17,1.098
R1109,rock,2,-69354.5,33784.3,6373.9,-56.28,1.697
R1110,rock,1,2300.9,33576.3,1695.3,-47.74,0.41
R1111,rock,0,47021.4,33807.2,1742,-35.08,2.973
R1112,rock,0,56244.5,34354.3,2319.3,-24.26,0.307
R1113,rock,2,65210.8,33867.7,4277.5,-48.87,1.248
R1114,rock,1,-67551.4,34550.8,5825.7,-70.51,0.641
R1115,rock,0,-24336.7,35030,1083.9,-106.26,1.311
R1116,rock,1,21208.7,34783.2,1442.6,44.79,0.302
R1117,rock,0,54056.8,34849,1832,-228.16,0.318
R1118,rock,1,-69110.4,35360.7,6727.8,-197.81,0.56
R1119,rock,0,-68457.1,35511.8,6855,31.51,1.502
R1120,rock,2,-16449.7,35697.1,900.1,-39.34,0.287
R1121,rock,1,35520.7,35762.5,1221.2,43.09,2.448
R1122,rock,0,-69693.3,37609.7,5759.4,-141.64,0.375
R1123,rock,0,-68483.8,37520.4,6014,-184.06,3.188
R1124,rock,1,-65812.4,37430.9,6728.6,-215.01,1.323
R1125,rock,1,-36767,37160,1110.3,-192.8,1.678
R1126,rock,2,-13849.2,37155.2,1099.5,-96.37,0.291
R1127,rock,0,-1374.4,37239.1,1639.3,-251.16,0.369
R1128,rock,2,23314,37487.4,1294,76.11,0.31
R1129,rock,2,51565.2,37537.7,2237.6,-99.92,0.551
R1130,rock,2,65451.5,37663.2,4816.3,16.49,0.618
R1131,rock,0,-68516.2,38827.9,6162.2,-254.75,0.588
R1132,rock,1,-65392.2,38216.2,6626.2,-141.27,0.655
R1133,rock,2,-62654.3,38048.1,5580,-228.28,0.511
R1134,rock,1,-59958.8,38678.9,4902.6,-118.77,0.376
R1135,rock,1,19060.7,38268.1,1354,-268.5,0.293
R1136,rock,0,61486.4,38356.4,3133.3,-257.82,0.599
R1137,rock,1,-61400.7,39007.3,5434.9,-183.24,2.66
R1138,rock,2,-57380.4,39433.9,3839.3,-92,0.578
R1139,rock,2,-4761,39009.2,1542.7,-244.05,0.547
R1140,rock,0,31268,39327.4,1284,87.11,0.627
R1141,rock,0,47220.8,39580.5,3523.9,83.15,0.628
R1142,rock,2,48433.4,39188,3272,66.32,0.341
R1143,rock,2,50041.3,39145.5,3305.4,-202.26,2.082
R1144,rock,1,-67051.3,40529.7,6268.6,72.38,0.652
R1145,rock,0,-62196.9,40510.4,6614.3,-251.93,0.488
R1146,rock,1,25752,40697.2,1271.7,-178.19,0.303
R1147,rock,2,54415.3,39811.2,2854.3,-178.64,0.583
R1148,rock,0,-66041.6,41584.4,6771.2,-182.63,0.458
R1149,rock,1,-64622.4,41114.6,6755.6,-35.98,0.436
R1150,rock,0,-58749.9,41294.4,4535.2,11.89,1.616
R1151,rock,2,-50101,40995.1,1795.5,-242.15,2.394
R1152,rock,2,8133.7,41026.7,1552.4,-47.4,0.549
R1153,rock,2,33566,41136.8,1476.8,5.17,0.596
R1154,rock,1,40761.7,40879.2,2135.5,-7.09,0.267
R1155,rock,0,-68851,42240,5562.4,-67.64,0.409
R1156,rock,2,-67503.9,41769.7,5869.4,-263.34,0.328
R1157,rock,2,-61798.9,41994.1,6363.7,-213.72,0.634
R1158,rock,2,-60229.5,41839.6,5636.4,-123.43,2.055
R1159,rock,1,-58299.3,41675.6,4452.3,-18.98,0.423
R1160,rock,0,-55472,42386,4104.4,55.2,0.411
R1161,rock,0,-53727.6,42034.2,3385.6,-259.11,2.957
R1162,rock,2,-340.2,42246.4,1507.7,-145.3,0.628
R1163,rock,1,6509.8,41901.6,1570.2,-104.12,0.311
R1164,rock,2,69479.3,41783.7,3735.5,-139.53,0.455
R1165,rock,2,6356.8,42781.8,1586.4,78.61,0.64
R1166,rock,1,18423.5,42880,1231.6,-40.67,0.544
R1167,rock,0,55710.2,42744,2950.6,-194.64,1.214
R1168,rock,0,-69876.7,43688.7,5814,-103,0.412
R1169,rock,2,-2146.7,43675.7,1380.9,-153.72,1.341
R1170,rock,2,32091.7,43740.9,1196.2,-112.38,0.319
R1171,rock,2,37878.2,44084.5,2431.5,-116.97,1.747
R1172,rock,2,42182.3,43809.8,3307.4,-8.54,0.531
R1173,rock,2,-64651.8,44794.3,6316.7,12.22,2.141
R1174,rock,0,-62961.8,44477.2,6534.5,-247.54,0.482
R1175,rock,0,6237.7,44846.2,1504.6,-205.66,1.114
R1176,rock,0,64855.7,45163.7,4105,-220.96,0.413
R1177,rock,1,-65869.4,45796.1,6031.3,46.6,0.432
R1178,rock,2,-49255.9,45969.5,1514.3,-158.09,0.387
R1179,rock,0,-14362.4,45744.4,956.7,58.26,3.185
R1180,rock,0,7198.6,45875.1,1513.7,53.17,0.32
R1181,rock,0,31333.8,45571,1250.3,58.7,2.023
R1182,rock,0,56464.8,45627.1,3815.9,-139.04,0.572
R1183,rock,2,60775.9,45655.4,3887.5,-128.07,0.642
R1184,rock,0,-63237.1,46973.9,5823.6,-93.95,0.366
R1185,rock,1,-12420.1,46589.1,1041.6,-167.37,0.674
R1186,rock,1,4199,46891.8,1411.8,-194.23,0.536
R1187,rock,1,70358.4,46518.8,3753.7,-70.98,0.514
R1188,rock,1,-64899.2,47049.6,6595.1,-187.08,0.586
R1189,rock,2,-63864.7,47080.9,6074.3,-242.21,1.884
R1190,rock,0,-60729,47732.1,4604,-187.38,0.271
R1191,rock,0,38700.4,47729.7,2565.1,-188.95,0.653
R1192,rock,2,54320.9,47619.1,4159.7,-204.18,0.258
R1193,rock,2,-69019.8,48131.7,6238.6,-194.15,0.288
R1194,rock,0,-11423.4,48385.9,1287.4,27.15,0.688
R1195,rock,0,10789.2,48258.3,1257.7,-1.21,0.262
R1196,rock,0,-62931.8,49350.1,5989.7,15.39,0.66
R1197,rock,1,-60346.4,49550.1,4080.2,-247.57,2.451
R1198,rock,0,-49959.8,49365.2,1377.2,4.82,0.341
R1199,rock,2,-38240.7,49640.3,676.1,-128.27,0.39
R1200,rock,2,-28391.2,49285.8,826.2,76.31,0.632
R1201,rock,2,-22819.5,48971.2,1045.8,-96.99,0.627
R1202,rock,1,-20458.5,48914.4,1000.7,-221.23,0.506
R1203,rock,0,42611.5,48982.2,4017.8,-249.46,2.199
R1204,rock,1,57147.2,49260.7,4072.8,17.75,0.573
R1205,rock,0,-65692.9,50245.4,6634.9,-206.5,0.541
R1206,rock,2,-65082.1,50365.6,6885,-194.08,1.177
R1207,rock,0,29679.4,50063.2,1343.7,-217.7,1.627
R1208,rock,2,47024.9,49760.6,5030.5,-192.66,0.35
R1209,rock,2,50923.3,49819.6,4355.7,-72.55,0.599
R1210,rock,1,52086.6,50497.5,4626.4,-233.83,0.3
R1211,rock,0,-67971.1,50611,6290.9,-147.21,1.055
R1212,rock,2,-3474.2,51448.6,1476,-73.01,0.37
R1213,rock,0,70091.4,50820.3,3789,-180.62,3.184
R1214,rock,2,-67950.2,51552.1,6300.7,-170.41,0.429
R1215,rock,0,-65972.9,52010.7,6398.3,-26.22,0.686
R1216,rock,0,-46133.7,51645.5,899.2,-175.33,0.603
R1217,rock,2,734.8,51717.5,1478.5,-160.89,3.167
R1218,rock,0,44758.8,52388,3522.4,-262.39,0.596
R1219,rock,1,54957.3,51668.3,4284.2,-36.73,0.363
R1220,rock,0,58346,51901.1,3792.1,-238.49,0.552
R1221,rock,0,66748.4,52111.5,3666.3,-167.73,0.264
R1222,rock,0,-17049.4,52762.4,1140.5,8.64,0.257
R1223,rock,2,-1430.9,52852.8,1591.8,-20.11,0.396
R1224,rock,1,40291.6,52743.8,3099.8,-66.9,2.097
R1225,rock,1,61868.4,52486.1,3375,-252.86,0.376
R1226,rock,0,-64587.1,53574.4,6219.5,-134.37,1.504
R1227,rock,1,-59809.2,53578.4,4493.8,-83.14,1.199
R1228,rock,1,-55295.6,53347.1,3040.2,40.19,0.685
R1229,rock,0,-33936.4,53915,858.6,-245.36,2.862
R1230,rock,0,-11915.4,54129.4,1879.9,12.7,0.41
R1231,rock,0,34688.6,53959.6,1896.6,-78.66,0.297
R1232,rock,0,38451.7,53528.4,2503.6,-235.96,0.43
R1233,rock,0,-62332.6,54815.1,6363.6,-268.17,1.033
R1234,rock,0,-61762,54960.5,6157.3,-194.07,0.541
R1235,rock,2,-20787.4,54610,1208.7,-253.31,0.619
R1236,rock,2,-10274,54382.2,1990.4,-138.39,0.677
R1237,rock,0,-5640.6,54905.7,1810.2,-143.15,0.658
R1238,rock,0,46395,54656.8,3404.2,-180.32,0.59
R1239,rock,0,50368.4,54319,3473.3,-77.74,0.574
R1240,rock,0,66099.5,54620.5,3609.9,-199.45,0.616
R1241,rock,2,-68556.5,55994.2,6739.3,-9.62,1.363
R1242,rock,2,-41758.6,55787.7,1314.5,-160.4,0.503
R1243,rock,2,-10172.7,55116.2,2221.5,45.6,0.549
R1244,rock,1,7303.1,55418,2006.3,-237,0.484
R1245,rock,0,44647.8,55650.4,3353.5,64.25,0.4
R1246,rock,2,47355.1,55466.9,3475.8,-240.48,1.868
R1247,rock,0,-68964.4,56568,6540.8,19.07,3.077
R1248,rock,2,-60558.5,56104.7,5159.7,-97.42,0.503
R1249,rock,1,-40868.4,56086.6,1217.9,-33.3,0.618
R1250,rock,1,-5111.1,56125.7,1926,-102.14,0.572
R1251,rock,1,-30582.7,57519.7,1213.8,-92.37,2.713
R1252,rock,0,-7410.4,57128.2,2418.8,-137.9,2.021
R1253,rock,2,40000.7,57173.7,3134.9,-164.48,3.114
R1254,rock,2,-67042.2,58138.1,6092.5,-44.73,0.59
R1255,rock,1,-61837.5,58401.5,6411.9,-217.44,0.425
R1256,rock,0,-53914,57862.9,3209.4,-209.51,0.676
R1257,rock,2,-36624.9,58180.2,1809.9,-117.52,0.695
R1258,rock,0,8749,58685.8,1626.4,81.82,0.427
R1259,rock,0,52631.2,58545.8,3823,36.76,0.623
R1260,rock,0,54499,58214.2,3397.1,83.23,2.281
R1261,rock,0,66741,58218,3564.6,-3.35,0.508
R1262,rock,2,-37506.5,59378,2494.6,39.97,0.631
R1263,rock,2,-13555.6,59084.3,3338.7,-129.7,0.533
R1264,rock,2,-6717.5,59538,2928.5,62.3,0.26
R1265,rock,2,17629.2,58811.9,2253.8,-117.7,0.399
R1266,rock,2,-39198.9,60233.3,3057,-80.27,0.455
R1267,rock,0,-24061.9,60009.7,2138.5,-268.04,0.461
R1268,rock,1,-16816.6,60414.4,3362.7,55.01,0.476
R1269,rock,2,-5337.6,60320.2,3013.9,-261.83,0.562
R1270,rock,0,-4769.8,60120.6,2914.4,-169.41,2.952
R1271,rock,2,-2402,60441,2816.6,67.46,1.1
R1272,rock,2,16407.9,60092.5,2222.9,-117.35,0.259
R1273,rock,1,53785.9,60460.6,3271,-3.92,0.447
R1274,rock,2,-61458.7,61198.1,5432.4,7.51,0.509
R1275,rock,2,-44876,60770.1,2511.6,-1.49,0.262
R1276,rock,0,-43551.4,61239.4,3065.5,-142.97,2.71
R1277,rock,0,-11792,61136,4188.3,-262.61,0.283
R1278,rock,2,-8967.3,60992.1,4616.1,67.65,0.273
R1279,rock,1,6755.7,60604.8,2929,-52.35,0.478
R1280,rock,1,35938.3,61360.2,4082,-220.75,0.535
R1281,rock,2,53414.8,61398.4,4161.9,31.76,1.479
R1282,rock,0,64641.4,60689.1,3628.7,-98.39,0.336
R1283,rock,0,-67372.6,62287.6,7223.8,2.8,2.873
R1284,rock,2,-65854.8,62096.4,7350.9,20.07,2.745
R1285,rock,1,-63227.3,61872.6,6388,-138.1,2.397
R1286,rock,2,-10376.5,61799.9,4893.1,-167.83,0.309
R1287,rock,0,9698,61538.4,2716.5,34.58,2.502
R1288,rock,1,12660.7,62212.6,2956.5,-250.52,0.685
R1289,rock,1,13103.7,61896.1,2748.8,-255.05,2.849
R1290,rock,2,45597.1,61684.9,3793.5,44.22,0.662
R1291,rock,0,57161,61744.7,3312.4,-114.36,0.61
R1292,rock,0,-66943,62592.8,7421.9,26.24,0.613
R1293,rock,2,-62680.2,62312,5767.6,80.21,1.961
R1294,rock,1,-48726.1,62944.6,3234.5,-258.19,3.193
R1295,rock,1,-42718.7,62928.4,3719.2,-82.38,0.564
R1296,rock,2,-41891.6,62649.9,3668.6,-103.25,0.545
R1297,rock,2,-34424,62699.8,3225.1,-212.9,0.658
R1298,rock,0,-15767.7,63097.8,3986.7,-132.46,0.262
R1299,rock,1,-8135.4,62379.5,4832.3,-77.62,1.591
R1300,rock,0,17307,63017.6,2863,-45.06,0.253
R1301,rock,1,25207.1,62555.5,2562.1,-54.54,0.52
R1302,rock,0,32571.4,62729.3,4585,54.99,0.562
R1303,rock,2,50899.2,62939.8,4480.6,-148.08,0.292
R1304,rock,0,59159.6,63015.9,3384.3,-162.54,0.331
R1305,rock,2,-66429.8,63715.5,7788.9,-235.18,0.353
R1306,rock,0,-63536.2,63832.9,6449.2,84.72,0.348
R1307,rock,0,-62417.9,63873.1,5071.3,16.83,0.583
R1308,rock,2,-49083.3,63983.2,3684,-98.37,0.511
R1309,rock,2,-24824.8,63956.4,3146,-40.25,0.253
R1310,rock,0,-14818.7,63938.7,4632.4,50.89,0.52
R1311,rock,2,-6629.5,63871.6,4313.8,31.95,3.122
R1312,rock,1,-652.5,63991,4401.2,-252.61,0.311
R1313,rock,2,4843.6,63409,4347.7,-135.43,0.504
R1314,rock,0,15419.1,63917.1,3574.9,-268.72,0.508
R1315,rock,1,45063,63311.6,4755.9,20,0.374
R1316,rock,1,58278.2,63260.4,3685.5,-62.56,0.633
R1317,rock,1,-62991.1,64626.5,5997.1,-199.07,0.261
R1318,rock,1,-62722.2,64414.6,5513,36.34,3.129
R1319,rock,0,-58386.3,64764.9,3671.3,-77.9,0.523
R1320,rock,2,-45103.2,64454.9,3395.5,-17.15,1.824
R1321,rock,1,-20529.8,64492.1,3081,-202.37,2.386
R1322,rock,1,-13599.8,64212.8,4865.7,-103.12,0.628
R1323,rock,0,-10469.4,64884.4,4932.7,67.82,0.514
R1324,rock,2,18735.4,64146.4,3006.9,-59.9,0.419
R1325,rock,2,31005.6,64960.3,4589.5,48.52,0.649
R1326,rock,0,56702.2,64485.7,5234.3,-41.16,0.315
R1327,rock,2,-56915.4,65147.1,4444.8,-260.34,1.751
R1328,rock,1,-45470.3,65153.4,3958,-121.37,0.602
R1329,rock,0,-23206,65176.9,3372.5,-133.94,2.475
R1330,rock,2,-19663.3,65319.6,3435.2,-267.89,0.589
R1331,rock,0,-19405.4,65568.8,3515.8,-192.47,0.282
R1332,rock,0,-14064.5,65414.7,4959.1,-154.18,0.673
R1333,rock,2,-11940.9,65323.3,5175.7,1.42,0.557
R1334,rock,2,-7305.4,65117.7,4796.6,-232.33,0.649
R1335,rock,2,-4273.7,65764.9,5389.6,-44.43,2.11
R1336,rock,1,9475.7,65071.9,5198.1,-108.5,0.477
R1337,rock,1,26020.5,65093.8,3185.7,-3.22,2.136
R1338,rock,0,30036.9,65632.8,4294.4,77.64,1.482
R1339,rock,2,33689,65547.7,5420,-127.6,0.318
R1340,rock,1,36451,65207.5,5157.7,-235.88,0.602
R1341,rock,1,38324.6,65884.3,5671.3,-196.45,0.321
R1342,rock,1,46120.9,65726.6,5760,-259.39,0.359
R1343,rock,1,53458.3,65054.1,5805.3,43.35,1.088
R1344,rock,2,66648.6,65767,4616.5,22.21,0.315
R1345,rock,2,-68161.1,66285.9,7732.6,65,2.781
R1346,rock,0,-57321.2,66214.9,4840.6,-222.58,0.414
R1347,rock,1,-44589.3,66246.9,4435,-84.52,2.974
R1348,rock,0,-29901.8,65982.2,3790.2,-164.26,0.693
R1349,rock,0,-16984,66628.1,4423,-25.05,0.412
R1350,rock,2,-14727.1,66031.8,4734.6,36.86,0.438
R1351,rock,1,-2529.9,66044.3,5130,-118.45,0.497
R1352,rock,2,1998.6,66600.7,5728.7,77.2,2.972
R1353,rock,0,19933.6,66624.1,3963.1,-200.61,0.551
R1354,rock,1,23354.4,66001.3,3684.3,-223.54,2.961
R1355,rock,0,31511.7,66596.4,5577.7,-176.66,0.555
R1356,rock,1,45125.9,66447.7,5339,-245.14,0.28
R1357,rock,1,45852.2,66430.1,5547.6,68.08,0.393
R1358,rock,0,46288.4,65945.1,5766,-138.76,0.369
R1359,rock,2,50201.7,66610.8,5827.8,-169.57,0.417
R1360,rock,2,51121.4,66247.4,5965.1,-99.53,0.303
R1361,rock,0,52314.5,65966,6122.1,-83.48,0.65
R1362,rock,2,53324.9,66415.7,5537.1,37.79,0.436
R1363,rock,1,-62982.3,67415.8,5132.1,-33.96,1.945
R1364,rock,0,-42532.6,67623.8,4509.9,-186.97,0.437
R1365,rock,0,-41252,67166.9,4519.6,-139.69,1.594
R1366,rock,2,-25168.1,66827.3,3925.1,22.22,1.384
R1367,rock,2,-24580.4,67566.7,4512.6,5.33,2.382
R1368,rock,2,-11653.9,67251.2,5317.9,-54.22,0.534
R1369,rock,1,-8806.8,67259.4,6234.4,81.71,0.506
R1370,rock,0,-5687.2,67639,5167.7,-13.96,0.339
R1371,rock,2,3807.3,66935.2,6039.1,-236.11,0.606
R1372,rock,0,5477.2,66851.4,6054.4,-170.51,0.501
R1373,rock,2,7748.2,67246.8,5938.5,-9.92,0.54
R1374,rock,0,10525,67665,5452.4,35.11,0.43
R1375,rock,2,33442.8,67379.4,5374.1,82,1.398
R1376,rock,0,42229.6,67672.7,5036.7,-67.6,0.543
R1377,rock,1,47714.5,67594.2,5587,-200.11,0.566
R1378,rock,0,53017.1,67371.5,5283.2,-62.6,0.28
R1379,rock,2,-69256.7,68333.4,7616.9,-162.41,0.289
R1380,rock,1,-67638.7,68407.9,6817.1,70.95,0.625
R1381,rock,0,-67095.7,68341,6545.7,-59.9,0.63
R1382,rock,0,-54294,67809.2,5526.2,-184.7,0.321
R1383,rock,0,-52797.5,68514.8,5209.9,-38.53,0.665
R1384,rock,1,-49400.3,68211.6,4777.7,76.89,0.288
R1385,rock,1,-24030.5,68437.1,4603.2,63.27,0.284
R1386,rock,1,-21690.3,67982.6,3934.7,16.73,0.64
R1387,rock,2,3351.2,67807.4,5932.4,36.68,2.071
R1388,rock,1,4238.5,68070.4,6287.2,-49.62,0.304
R1389,rock,2,4815.8,68541.8,6491.6,-134.9,2.4
R1390,rock,0,28640.1,68509.8,5014.2,44.68,1.565
R1391,rock,0,32995.8,67903.2,5189.3,-184.21,1.369
R1392,rock,1,51313.7,68528.9,5385.7,80.87,2.775
R1393,rock,0,-47564.7,68921,4946.3,-29.77,2.087
R1394,rock,2,-10098.3,69421.7,5939.3,-74.41,0.409
R1395,rock,2,-69152.6,69508.4,7958.5,-7.41,2.956
R1396,rock,0,-53472.3,69587.9,5243.4,-90.64,2.687
R1397,rock,1,-39859.5,70336.6,4776.3,-9.81,0.558
R1398,rock,2,-30225,70057.2,4380,-185.61,0.315
R1399,rock,2,-28602.7,70196.5,4601,-109.79,1.397
R1400,rock,1,-6014.1,70161.3,5672.1,-235.16,3.029
R1401,rock,2,-1279.9,70123.4,5330.2,-233.23,0.531
R1402,rock,0,6796,69795.9,5904.4,-180.53,0.666
R1403,rock,0,12913.5,70140.2,5533.3,-49.93,2.49
R1404,rock,0,13808.6,70395.9,5393.5,-32.1,0.356
R1405,rock,1,16425.7,69714.6,5399.4,-257.42,0.349
R1406,rock,2,55626.1,69895,4987.7,-40.75,0.252
R1407,rock,0,62230.9,69662.1,4430.1,-197.31,0.308
R1408,food,plate_dark,-4438.4,-4550,1370.1,90,1.1
R1409,food,plate_dark,-4361.6,-4550,1370.1,90,1.1
R1410,food,plate_dark,-3638.4,-4550,1350.5,90,1.1
R1411,food,plate_dark,-3561.6,-4550,1350.5,90,1.1
R1412,food,meat,-4438.4,-4550,1372.1,-159.78,0.9
R1413,food,meat,-3638.4,-4550,1352.5,2.04,0.9
R1414,food,meat,6935,1330,1360.1,-217.36,1
R1415,food,meat,6799.2,1290,1460.7,-89.02,1
R1416,food,meat,-4361.6,-4550,1372.1,49.92,0.9
R1417,food,meat,6795,1330,1360.1,-240.37,1
R1418,food,bread,-4400,-4566,1370.1,-189.85,1
R1419,food,bread,4386.4,-260.3,1310.4,-39.27,1.008
R1420,food,bread,4492.8,-246.7,1308.6,-197.15,0.9
R1421,food,bread,4485.4,-257.6,1315.8,35.95,1.036
R1422,food,bread,4617.3,-251.3,1314,-145.29,1.058
R1423,food,bread,5160.1,-250.2,1306.5,-20.72,1.093
R1424,food,bread,5278,-255,1304.7,25.26,1.003
R1425,food,bread,5295.9,-249.9,1311.9,-113.11,0.901
R1426,food,bread,5417.6,-251.7,1310.1,-113.86,1.04
R1427,food,grapes,-4400,-4534,1370.1,-265.65,1
R1428,food,grapes,3002.3,1321,1374.6,-281.39,1.078
R1429,food,grapes,3001.7,1326.2,1380.6,-216.7,1.093
R1430,food,grapes,2799.8,1335.9,1377.6,-105.9,0.931
R1431,food,grapes,3796.1,1338.5,1371,-110.8,0.984
R1432,food,grapes,3810.5,1322.3,1377,-447.27,1.048
R1433,food,grapes,3601.4,1324.3,1374,-419.33,1.097
R1434,food,bowl,-4457.6,-4577.2,1370.1,-115.78,0.8
R1435,food,bowl,-4342.4,-4577.2,1370.1,33.33,0.8
R1436,food,bowl,-4457.6,-4522.8,1370.1,61.89,0.8
R1437,food,bowl,-4342.4,-4522.8,1370.1,3.28,0.8
R1438,food,bowl,-3657.6,-4577.2,1350.5,-177.53,0.8
R1439,food,bowl,-3542.4,-4577.2,1350.5,74.78,0.8
R1440,food,bowl,-3657.6,-4522.8,1350.5,-19.72,0.8
R1441,food,bowl,-3542.4,-4522.8,1350.5,-97.33,0.8
R1442,props,cup,-4441.6,-4577.2,1370.1,-94.04,1
R1443,props,cup,-4358.4,-4577.2,1370.1,63.07,1
R1444,props,cup,-4441.6,-4522.8,1370.1,-159.47,1
R1445,props,cup,-4358.4,-4522.8,1370.1,82.09,1
R1446,props,cup,-3641.6,-4577.2,1350.5,-97.9,1
R1447,props,cup,-3558.4,-4577.2,1350.5,-100.46,1
R1448,props,cup,-3641.6,-4522.8,1350.5,-124.23,1
R1449,props,cup,-3558.4,-4522.8,1350.5,49.12,1
R1450,food,knife,-4387.2,-4521.2,1370.1,15.52,1
R1451,food,knife,-3587.2,-4521.2,1350.5,15.52,1
R1452,food,knife,6065,1358,1376.5,-107.19,1
R1453,food,knife,6865,1358,1361.1,-107.19,1
R1454,food,joint,-3561.6,-4550,1352.5,-232.95,0.9
R1455,food,joint,4532.9,-329.8,1363.7,45.81,1
R1456,food,joint,6065,1330,1375.5,-171.99,1
R1457,food,joint,5339.7,-327.4,1359.8,-75.07,1
R1458,food,joint,6865,1330,1360.1,-233.14,1
R1459,food,bread,-3600,-4566,1350.5,32.79,1
R1460,food,bread,4366.8,-275.2,1308.6,-232.97,1.052
R1461,food,bread,4361.3,-250.8,1315.8,-229.84,0.964
R1462,food,bread,4491.3,-255.4,1314,-259.39,1.061
R1463,food,bread,4608.1,-259.2,1312.2,14.69,1.072
R1464,food,bread,5166.8,-268.1,1304.7,-230.52,1.086
R1465,food,bread,5164.5,-251.4,1311.9,-206.87,1.047
R1466,food,bread,5305.5,-248.1,1310.1,-117.97,0.998
R1467,food,bread,5413.9,-258,1308.3,-75.28,0.925
R1468,food,grapes,-3600,-4534,1350.5,-250.8,1
R1469,food,grapes,2995.3,1329.2,1377.6,-172.57,1
R1470,food,grapes,2788.7,1328.1,1374.6,-411.07,0.951
R1471,food,grapes,2794.1,1339.5,1380.6,-271.72,0.992
R1472,food,grapes,3813.2,1329.7,1374,-382.39,1.068
R1473,food,grapes,3599.6,1321,1371,-395.7,1.056
R1474,food,grapes,3594.3,1335,1377,-304.33,0.95
R1475,food,apple,2799.2,-329.7,1380.9,-261.51,1.04
R1476,food,apple,2799.1,-324,1383.9,-107.14,1.052
R1477,food,apple,2792.6,-338,1386.9,-28.97,0.971
R1478,food,apple,2939.9,-320.5,1380.9,-89.55,1.046
R1479,food,apple,2934.9,-321.9,1383.9,-81.62,1.066
R1480,food,apple,2927.8,-335.9,1386.9,-48.1,0.959
R1481,food,apple,2780.5,-265,1315,-96.36,0.914
R1482,food,apple,2781.3,-271.1,1317.3,64.9,1.014
R1483,food,apple,2784.7,-244.7,1319.5,-125.25,1.035
R1484,food,apple,2787.1,-255.4,1321.8,-184.41,0.989
R1485,food,apple,2999.6,-269.8,1315,35.95,0.951
R1486,food,apple,3022.2,-255,1317.3,88.48,1.095
R1487,food,apple,3014.1,-250.1,1319.5,-246.22,1.078
R1488,food,apple,2997.7,-257.5,1321.8,-264.71,1.092
R1489,food,apple,3594.9,-330.8,1379.4,-133.37,1.098
R1490,food,apple,3591.7,-340.9,1382.4,-136.65,0.988
R1491,food,apple,3590.6,-331,1385.4,-143.45,0.961
R1492,food,apple,3747.3,-330.2,1379.4,-5.87,1.098
R1493,food,apple,3735.7,-328,1382.4,76.03,1.014
R1494,food,apple,3739.1,-326.1,1385.4,-111.18,0.934
R1495,food,apple,3588.7,-267.6,1313.5,-88.68,0.95
R1496,food,apple,3583.4,-264.9,1315.8,-83.35,0.952
R1497,food,apple,3575.6,-247.1,1318,-23,0.951
R1498,food,apple,3595.2,-253.9,1320.3,8.43,1.05
R1499,food,apple,3813.6,-258.1,1313.5,-201.47,1.087
R1500,food,apple,3803.3,-256.8,1315.8,-11.74,0.902
R1501,food,apple,3810.2,-252.5,1318,59.5,1.014
R1502,food,apple,3814,-262.4,1320.3,46.34,1.079
R1503,food,apple,2787.4,-328.4,1381.7,-109.1,1.046
R1504,food,apple,2785.6,-333.3,1384.7,-154.71,1.093
R1505,food,apple,2799.5,-332.7,1387.7,21.5,1.026
R1506,food,apple,2938.5,-343,1381.7,-197.9,1.006
R1507,food,apple,2927.1,-332.6,1384.7,-31.82,1.007
R1508,food,apple,2934,-339,1387.7,-24.21,0.952
R1509,food,apple,2785.7,-263,1315.6,-176.68,0.934
R1510,food,apple,2792,-259.3,1317.8,34.15,0.957
R1511,food,apple,2784.8,-243.1,1320.1,-96.93,0.988
R1512,food,apple,2785.7,-245.2,1322.3,-269.71,1.007
R1513,food,apple,3010.4,-257.2,1315.6,-178.83,1.004
R1514,food,apple,2998.9,-261.7,1317.8,-187.13,0.955
R1515,food,apple,3008.3,-256.3,1320.1,19.23,0.941
R1516,food,apple,3011.1,-263.8,1322.3,-246.99,1.039
R1517,food,apple,3608.4,-324.4,1380.2,-21.44,1.024
R1518,food,apple,3599.3,-336.6,1383.2,-163.77,1.084
R1519,food,apple,3591.7,-322.8,1386.2,61.63,0.983
R1520,food,apple,3739.6,-339.9,1380.2,-243.77,0.99
R1521,food,apple,3738.8,-334.5,1383.2,-152.46,1.046
R1522,food,apple,3737.1,-333.5,1386.2,-199.82,0.946
R1523,food,apple,3584.1,-249.3,1314.1,75.46,1.079
R1524,food,apple,3588,-262.7,1316.4,-240.44,0.954
R1525,food,apple,3590.3,-251.7,1318.6,32.68,1.005
R1526,food,apple,3583.4,-246.9,1320.9,33.86,1.006
R1527,food,apple,3800.4,-267.6,1314.1,-78.64,0.938
R1528,food,apple,3798.5,-260.2,1316.4,-29.47,0.925
R1529,food,apple,3803.6,-252.3,1318.6,-93.71,0.976
R1530,food,apple,3802.7,-264.5,1320.9,-208.24,0.929
R1531,food,apple,2796,-340.8,1382.4,19.07,0.974
R1532,food,apple,2796.1,-332.1,1385.4,27.05,0.971
R1533,food,apple,2791.8,-337.4,1388.4,-107.13,1.065
R1534,food,apple,2927.4,-333.1,1382.4,-99.72,1.055
R1535,food,apple,2924.5,-335.1,1385.4,-212.61,0.999
R1536,food,apple,2941.7,-333.3,1388.4,-208.21,1.093
R1537,food,apple,2786.7,-257.3,1316.1,77.97,1.088
R1538,food,apple,2791,-268.6,1318.4,-188.34,1.042
R1539,food,apple,2791.1,-248.1,1320.6,-104.38,1.032
R1540,food,apple,2780.1,-254.5,1322.9,74.61,1.04
R1541,food,apple,3011.7,-244.9,1316.1,-162.06,1.029
R1542,food,apple,3008.3,-266.9,1318.4,-175.74,0.976
R1543,food,apple,3012.2,-247.7,1320.6,-43,0.902
R1544,food,apple,3004.2,-246.6,1322.9,-32.6,1.052
R1545,food,apple,3599.6,-338.9,1380.9,14.69,0.939
R1546,food,apple,3604.5,-331.2,1383.9,-21.5,0.916
R1547,food,apple,3599.4,-328.5,1386.9,-205.22,0.964
R1548,food,apple,3724.1,-338.5,1380.9,-181.75,0.956
R1549,food,apple,3731.1,-322.3,1383.9,0.34,0.923
R1550,food,apple,3732.7,-322.5,1386.9,72.14,0.925
R1551,food,apple,3585.7,-269.1,1314.7,-127.84,1.095
R1552,food,apple,3598.9,-255.3,1316.9,-53.14,0.99
R1553,food,apple,3587.7,-261.3,1319.2,42.24,0.906
R1554,food,apple,3584.9,-257.4,1321.4,-256.92,1.031
R1555,food,apple,3801.4,-254.2,1314.7,-71.83,0.925
R1556,food,apple,3813.5,-257.6,1316.9,37.93,1.035
R1557,food,apple,3818.6,-254.9,1319.2,78.46,1.011
R1558,food,apple,3801,-247.5,1321.4,-135.34,0.933
R1559,food,apple,2790.9,-316.5,1383.2,0.93,1.076
R1560,food,apple,2803.1,-325,1386.2,-42.76,0.985
R1561,food,apple,2799.1,-326.3,1389.2,-143.58,1.078
R1562,food,apple,2941,-341.5,1383.2,-188.74,0.986
R1563,food,apple,2942.4,-333.4,1386.2,-146.53,0.932
R1564,food,apple,2933.9,-324.6,1389.2,-50.72,1.043
R1565,food,apple,2770.3,-262.2,1316.7,28.59,1.004
R1566,food,apple,2780.4,-267.3,1319,-21.06,0.981
R1567,food,apple,2773.7,-249.1,1321.2,-166.31,1.002
R1568,food,apple,2790.6,-254.7,1323.5,-149.25,0.962
R1569,food,apple,3000.4,-238.3,1316.7,55.96,0.93
R1570,food,apple,3016.2,-251.2,1319,9,1.052
R1571,food,apple,3001.1,-252,1321.2,74.51,0.988
R1572,food,apple,3003.2,-257.1,1323.5,-75.04,1.033
R1573,food,apple,3602,-339.9,1381.7,-90.95,1.034
R1574,food,apple,3594.7,-330.1,1384.7,-177.34,0.942
R1575,food,apple,3596.1,-333.2,1387.7,-97.34,1.08
R1576,food,apple,3724.9,-330.6,1381.7,5.25,0.957
R1577,food,apple,3739.8,-321.4,1384.7,-72.3,1.045
R1578,food,apple,3734.3,-322.8,1387.7,-51.81,0.996
R1579,food,apple,3568.2,-262.9,1315.2,-192.44,1.083
R1580,food,apple,3581.3,-242.8,1317.5,-218.51,0.956
R1581,food,apple,3584.1,-256.8,1319.7,0.44,0.969
R1582,food,apple,3581.7,-255.2,1322,10.89,1.07
R1583,food,apple,3806,-246.4,1315.2,-58.38,1.022
R1584,food,apple,3804.6,-264.6,1317.5,-261.36,1.017
R1585,food,apple,3796.2,-254.9,1319.7,-236.92,1.081
R1586,food,apple,3804.4,-256.2,1322,8.75,0.969
R1587,food,pear,2851.3,-339.2,1380.9,-258.13,1.01
R1588,food,pear,2852.2,-334.9,1382.4,-64.72,1.028
R1589,food,pear,2863.9,-331.2,1383.9,-132.69,1.019
R1590,food,pear,2872.5,-321,1385.4,-92.4,1.013
R1591,food,pear,2858.3,-335.5,1386.9,-253.77,0.998
R1592,food,pear,2866.8,-326.2,1388.4,-67.95,0.996
R1593,food,pear,3003,-343.1,1380.9,-123.8,0.954
R1594,food,pear,3010.7,-331.7,1382.4,53.39,0.957
R1595,food,pear,3014.9,-335,1383.9,-196.34,0.967
R1596,food,pear,3010.2,-333.2,1385.4,-122.04,0.952
R1597,food,pear,3007,-338.1,1386.9,-7.85,1
R1598,food,pear,3005.8,-331.4,1388.4,24.5,1.043
R1599,food,pear,3025.7,1266,1307.8,-331.79,1.023
R1600,food,pear,3026.3,1265.5,1308.9,-251.88,0.936
R1601,food,pear,3048.1,1256.4,1310.1,-113.23,0.94
R1602,food,pear,3023,1260.5,1311.2,-311.36,1.024
R1603,food,pear,3032.5,1256.4,1312.3,-156.4,0.912
R1604,food,pear,3035.4,1255.3,1313.4,-149.85,0.927
R1605,food,pear,3037.8,1262.8,1314.6,-341.91,1.027
R1606,food,pear,3030.7,1252.8,1315.7,-398.67,0.924
R1607,food,pear,2800.5,1256.1,1307.8,-425.96,0.967
R1608,food,pear,2785.7,1253.8,1308.9,-325.78,0.992
R1609,food,pear,2795.2,1252.1,1310.1,-170.36,1.054
R1610,food,pear,2782,1264.3,1311.2,-189.3,1.061
R1611,food,pear,2796.3,1248.2,1312.3,-138.65,0.986
R1612,food,pear,2788.6,1251,1313.4,-153.84,0.947
R1613,food,pear,2786.9,1247.7,1314.6,-430.83,0.914
R1614,food,pear,2788.5,1259.6,1315.7,-238.29,0.948
R1615,food,pear,3658.6,-320.1,1379.4,-166.31,1.091
R1616,food,pear,3671.6,-341.4,1380.9,41.32,0.978
R1617,food,pear,3671.3,-336.8,1382.4,-89.97,0.929
R1618,food,pear,3658.9,-326,1383.9,-2.57,0.927
R1619,food,pear,3663.3,-323.4,1385.4,41.69,1.059
R1620,food,pear,3660.1,-331.2,1386.9,-70.78,0.97
R1621,food,pear,3814.2,-323.3,1379.4,7.5,0.932
R1622,food,pear,3806.3,-334.6,1380.9,-172.85,0.904
R1623,food,pear,3801.4,-324.7,1382.4,-237.95,0.95
R1624,food,pear,3805.2,-338.9,1383.9,-222.66,0.946
R1625,food,pear,3803,-334.7,1385.4,1.13,1.043
R1626,food,pear,3804.9,-334.9,1386.9,-196.42,1.087
R1627,food,pear,3822.1,1239.7,1304.2,-175.73,0.973
R1628,food,pear,3822.7,1240,1305.3,-377.28,1.072
R1629,food,pear,3825.1,1255.4,1306.5,-385.52,0.924
R1630,food,pear,3829.4,1247.1,1307.6,-387.01,0.989
R1631,food,pear,3833.5,1263.7,1308.7,-259.57,1.064
R1632,food,pear,3834.5,1246,1309.8,-118.49,1.044
R1633,food,pear,3835.9,1249.6,1311,-390.34,0.908
R1634,food,pear,3834.9,1256.8,1312.1,-361.93,1.081
R1635,food,pear,3572.9,1250.8,1304.2,-146.48,1.075
R1636,food,pear,3602.5,1249.2,1305.3,-434.89,0.92
R1637,food,pear,3577.1,1261.6,1306.5,-429.74,0.974
R1638,food,pear,3595.1,1240.6,1307.6,-429.59,1.024
R1639,food,pear,3592.5,1259.4,1308.7,-306.17,1.065
R1640,food,pear,3603.5,1253.5,1309.8,-378.21,1.012
R1641,food,pear,3588.4,1264.3,1311,-101.03,0.975
R1642,food,pear,3583.6,1256.6,1312.1,-300.26,0.921
R1643,food,pear,2855.9,-330.9,1381.7,-170.61,1.01
R1644,food,pear,2862.3,-323.6,1383.2,86.65,0.905
R1645,food,pear,2862.8,-317.7,1384.7,-143.87,1.061
R1646,food,pear,2867.4,-320.4,1386.2,-220.01,1.047
R1647,food,pear,2867.4,-338.2,1387.7,21.66,1.011
R1648,food,pear,2865.5,-329,1389.2,51.42,1.075
R1649,food,pear,3013.7,-319.6,1381.7,-76.92,1.012
R1650,food,pear,3016.2,-337.1,1383.2,-100.74,1.082
R1651,food,pear,3005.4,-330.5,1384.7,29.74,1.051
R1652,food,pear,3011.8,-327.4,1386.2,-262.44,0.916
R1653,food,pear,2998.7,-327.4,1387.7,29.55,1.054
R1654,food,pear,3008.2,-335.1,1389.2,-26.01,0.919
R1655,food,pear,3019.8,1259.1,1307.2,-102.29,0.917
R1656,food,pear,3039.4,1266.2,1308.4,-323.1,0.949
R1657,food,pear,3029.4,1247.4,1309.5,-425.67,1.086
R1658,food,pear,3033.9,1267.9,1310.6,-124.8,0.948
R1659,food,pear,3041.2,1257,1311.7,-215.82,1.086
R1660,food,pear,3033.9,1252.2,1312.9,-317.01,1.079
R1661,food,pear,3028.3,1260.9,1314,-289.11,0.932
R1662,food,pear,3033.2,1248.1,1315.1,-255.04,1.069
R1663,food,pear,2789.9,1260.8,1307.2,-273.62,1.012
R1664,food,pear,2809.1,1248.7,1308.4,-375.72,0.975
R1665,food,pear,2779.9,1255.9,1309.5,-375.25,1.042
R1666,food,pear,2795.6,1240.5,1310.6,-226.95,1.026
R1667,food,pear,2785.5,1254.7,1311.7,-209.74,0.972
R1668,food,pear,2787.3,1249.9,1312.9,-270.28,1.089
R1669,food,pear,2789.7,1263.7,1314,-387.2,0.927
R1670,food,pear,2800.9,1251.6,1315.1,-170.04,1.057
R1671,food,pear,3670.2,-318.2,1380.2,-141.74,0.93
R1672,food,pear,3656.4,-327.6,1381.7,-34.87,0.943
R1673,food,pear,3667.9,-335,1383.2,-242.72,1.046
R1674,food,pear,3671.6,-330.7,1384.7,-75.96,1.025
R1675,food,pear,3661,-324.6,1386.2,-226.36,0.921
R1676,food,pear,3667.6,-324.3,1387.7,-148.88,0.935
R1677,food,pear,3793.6,-328.9,1380.2,-154.6,1.056
R1678,food,pear,3803.7,-320.1,1381.7,-220.55,0.916
R1679,food,pear,3793.4,-326.3,1383.2,68.48,1.033
R1680,food,pear,3806.6,-327.2,1384.7,-46.61,1.003
R1681,food,pear,3797.2,-328.3,1386.2,-221.39,0.946
R1682,food,pear,3804.4,-323.8,1387.7,-54.87,0.92
R1683,food,pear,3815.1,1253.9,1303.6,-132.97,0.961
R1684,food,pear,3833.4,1262.9,1304.8,-149,0.969
R1685,food,pear,3843,1244.2,1305.9,-245.52,1.066
R1686,food,pear,3837,1257.3,1307,-147.06,1.073
R1687,food,pear,3829.9,1243.2,1308.1,-218.85,1.078
R1688,food,pear,3831.9,1262.5,1309.3,-242.57,0.912
R1689,food,pear,3830.8,1266.2,1310.4,-363.59,0.992
R1690,food,pear,3832.8,1263.8,1311.5,-347.89,1.037
R1691,food,pear,3582.7,1254.7,1303.6,-361.97,1.071
R1692,food,pear,3587.6,1248.6,1304.8,-261.27,0.981
R1693,food,pear,3605.1,1261.1,1305.9,-328.96,1.088
R1694,food,pear,3584.9,1265.7,1307,-112.83,1.054
R1695,food,pear,3590.1,1250.6,1308.1,-168.69,0.98
R1696,food,pear,3586.9,1258.2,1309.3,-323.52,1.094
R1697,food,pear,3597.6,1259.9,1310.4,-277.71,0.925
R1698,food,pear,3593.3,1261.3,1311.5,-92.93,1.024
R1699,food,melon,2903.7,-240,1315,-160.12,0.96
R1700,food,melon,2917.7,-246,1317.3,-73.15,1.034
R1701,food,melon,2896.5,-260.9,1319.5,-99.64,1.051
R1702,food,melon,2900.3,-260.5,1321.8,-184.78,1.044
R1703,food,melon,2901.8,1266.2,1307.2,-321.68,1.034
R1704,food,melon,2902.4,1263.9,1309.5,-316.73,0.943
R1705,food,melon,2914.6,1258,1311.7,-264.02,0.982
R1706,food,melon,2912.7,1252.4,1314,-309.15,0.913
R1707,food,melon,3714.1,-269.1,1313.5,-226.25,0.907
R1708,food,melon,3705.5,-257.9,1315.8,-43.36,0.989
R1709,food,melon,3714.6,-253.2,1318,-68.5,0.911
R1710,food,melon,3712.3,-251.6,1320.3,-107.53,1.087
R1711,food,melon,3704.6,1267.7,1303.6,-232.16,0.967
R1712,food,melon,3700.8,1254.7,1305.9,-209.96,1.02
R1713,food,melon,3693.5,1266.6,1308.1,-120.03,0.921
R1714,food,melon,3704.2,1253.8,1310.4,-203.89,1.061
R1715,food,plate_wood,4395,-330,1361.7,90,1
R1716,food,plate_wood,4465,-330,1361.7,90,1
R1717,food,plate_wood,4535,-330,1361.7,90,1
R1718,food,plate_wood,4605,-330,1361.7,90,1
R1719,food,plate_wood,5195,-330,1357.8,90,1
R1720,food,plate_wood,5265,-330,1357.8,90,1
R1721,food,plate_wood,5335,-330,1357.8,90,1
R1722,food,plate_wood,5405,-330,1357.8,90,1
R1723,food,fowl,4397.6,-325.8,1363.7,66.23,1
R1724,food,fowl,5190.4,-330.1,1359.8,-8.59,1
R1725,food,bread,4468.6,-326.2,1363.7,-32.73,1
R1726,food,bread,4382.8,-249.6,1312.2,-167.87,0.944
R1727,food,bread,4507.8,-256.5,1310.4,-145.88,0.919
R1728,food,bread,4620.2,-254.2,1308.6,36.22,1.003
R1729,food,bread,4608.8,-263.1,1315.8,-260.65,0.927
R1730,food,bread,5269.5,-327.1,1359.8,-96.95,1
R1731,food,bread,5167.4,-262,1308.3,-34.09,1.032
R1732,food,bread,5300.3,-252.4,1306.5,50.69,1.007
R1733,food,bread,5407.7,-247.1,1304.7,-185.48,1.043
R1734,food,bread,5410.5,-257.7,1311.9,67.67,0.997
R1735,food,bread,4464.3,-334,1365.7,-254.08,1
R1736,food,bread,4364.1,-260.4,1314,-49.73,1.048
R1737,food,bread,4496.9,-244.9,1312.2,-229.01,0.969
R1738,food,bread,4622.9,-240.7,1310.4,61.6,0.993
R1739,food,bread,5259.3,-328.4,1361.8,-174.9,1
R1740,food,bread,5174.9,-264.7,1310.1,-15.83,0.989
R1741,food,bread,5304.4,-254.7,1308.3,-83.29,1.063
R1742,food,bread,5430,-260.3,1306.5,-112.39,1.092
R1743,food,bun,4607.2,-330.5,1363.7,-80.21,1
R1744,food,bun,4609.7,-334.7,1365.7,-151.91,1
R1745,food,bun,4610.5,-328.7,1367.7,-244.48,1
R1746,food,bun,4604.3,-332.8,1369.7,-135.43,1
R1747,food,bun,4605,-330.2,1371.7,-17.29,1
R1748,food,bun,5399.6,-333.2,1359.8,-21.69,1
R1749,food,bun,5401.1,-324.5,1361.8,-92.14,1
R1750,food,bun,5403.3,-326.5,1363.8,-193.3,1
R1751,food,bun,5405.7,-330.6,1365.8,-49.93,1
R1752,food,bun,5401.4,-330.2,1367.8,1.21,1
R1753,food,trough,6100,-330,1364.7,90,1
R1754,food,trough,6900,-330,1359.9,90,1
R1755,food,fish,5999.7,-334.5,1368.7,-10.39,1
R1756,food,fish,6000.2,-320.9,1371.7,1.68,1
R1757,food,fish,5997.4,-337.7,1374.7,-12.54,1
R1758,food,fish,6072.1,-318.3,1368.7,3.03,1
R1759,food,fish,6071.6,-333.8,1371.7,-5.57,1
R1760,food,fish,6062,-338,1374.7,10.46,1
R1761,food,fish,6137.5,-322.7,1368.7,-1.98,1
R1762,food,fish,6138.5,-320.8,1371.7,-11.55,1
R1763,food,fish,6132.7,-327.1,1374.7,14.43,1
R1764,food,fish,6202.8,-327.3,1368.7,12.15,1
R1765,food,fish,6197.4,-323.2,1371.7,-14.56,1
R1766,food,fish,6211.2,-340.5,1374.7,14,1
R1767,food,fish,5997.9,-248.8,1312.1,-129.04,0.952
R1768,food,fish,5998,-239.3,1313.6,-152.06,0.991
R1769,food,fish,6002.8,-262.2,1315.1,-162.59,0.974
R1770,food,fish,5992.5,-262,1316.6,-61.96,1.074
R1771,food,fish,5984.6,-252.6,1318.1,-72.36,1.093
R1772,food,fish,5986.1,-264.1,1319.6,9.33,1.071
R1773,food,fish,6102.3,-238,1312.1,10.73,1.025
R1774,food,fish,6095.6,-244.1,1313.6,-184.97,0.999
R1775,food,fish,6081.5,-261.8,1315.1,-49.81,0.921
R1776,food,fish,6091.4,-243.4,1316.6,11.74,1.094
R1777,food,fish,6081.4,-249.1,1318.1,-115.77,0.902
R1778,food,fish,6094.4,-260.8,1319.6,-260.98,0.971
R1779,food,fish,6208.6,-237.6,1312.1,45.01,1.096
R1780,food,fish,6220.2,-251.5,1313.6,72.39,0.931
R1781,food,fish,6212.2,-254.4,1315.1,-34.93,1.075
R1782,food,fish,6221.9,-266.2,1316.6,-72.64,1.099
R1783,food,fish,6218.1,-252.9,1318.1,-246.93,1.042
R1784,food,fish,6208.4,-251.8,1319.6,-19.89,0.923
R1785,food,fish,6792.5,-319.3,1363.9,8.02,1
R1786,food,fish,6789.4,-334.4,1366.9,-3.45,1
R1787,food,fish,6801.4,-332.8,1369.9,9.21,1
R1788,food,fish,6862.8,-330.4,1363.9,11.51,1
R1789,food,fish,6864.8,-322.9,1366.9,-16.21,1
R1790,food,fish,6860.1,-341.9,1369.9,10.89,1
R1791,food,fish,6928.7,-328.1,1363.9,18.9,1
R1792,food,fish,6937.1,-320.6,1366.9,6.82,1
R1793,food,fish,6935.5,-334.4,1369.9,16.04,1
R1794,food,fish,6997.9,-339.4,1363.9,-17.61,1
R1795,food,fish,7006.7,-331.6,1366.9,10.3,1
R1796,food,fish,6997.4,-326.2,1369.9,18.49,1
R1797,food,fish,6796.1,-237.8,1307.3,-105.67,0.954
R1798,food,fish,6801.8,-269.4,1308.8,-149.29,0.997
R1799,food,fish,6785.7,-264.8,1310.3,-42.11,0.954
R1800,food,fish,6782.4,-266.8,1311.8,-170.53,0.949
R1801,food,fish,6784.5,-257.3,1313.3,-178.74,0.966
R1802,food,fish,6795.7,-263.5,1314.8,-52.2,0.989
R1803,food,fish,6897.3,-261.6,1307.3,-6.48,1.069
R1804,food,fish,6879.2,-265.9,1308.8,-20.75,0.993
R1805,food,fish,6900.2,-245.8,1310.3,2.57,1.029
R1806,food,fish,6890,-267.4,1311.8,-134.08,1.03
R1807,food,fish,6897.2,-245.9,1313.3,-230.16,1.029
R1808,food,fish,6891.9,-249.8,1314.8,-197.64,1.093
R1809,food,fish,7022.3,-265.2,1307.3,-207.44,1.062
R1810,food,fish,7015.4,-269.6,1308.8,-128.45,0.993
R1811,food,fish,7020.5,-257.1,1310.3,-248.15,1.078
R1812,food,fish,7006.7,-256,1311.8,-230.17,1.092
R1813,food,fish,7009.8,-246.6,1313.3,-68.12,1.033
R1814,food,fish,7018.3,-249,1314.8,-56.11,1.022
R1815,food,walnut,2934.2,1322.3,1373.1,-349.09,1.013
R1816,food,walnut,2943.7,1340.3,1373.6,-174.74,0.933
R1817,food,walnut,2919.4,1331.5,1374,-359.47,0.974
R1818,food,walnut,2927.9,1321.5,1374.4,-222.44,1.077
R1819,food,walnut,2934.7,1330.9,1374.8,-343.43,0.955
R1820,food,walnut,2942.9,1339.7,1375.2,-425.53,1.045
R1821,food,walnut,2932.5,1327.1,1375.6,-355.02,0.941
R1822,food,walnut,2929.3,1330.2,1376,-246.33,0.986
R1823,food,walnut,2924.4,1328.1,1376.4,-402.19,0.995
R1824,food,walnut,2940.6,1324.9,1376.8,-401.28,1.003
R1825,food,walnut,2928.9,1324.3,1377.2,-447.43,0.924
R1826,food,walnut,2938.2,1324.4,1377.6,-401.02,0.969
R1827,food,walnut,2938.4,1320,1378.1,-429.21,0.94
R1828,food,walnut,2936.7,1329.3,1378.5,-202.43,1.049
R1829,food,walnut,2937.2,1328.2,1378.9,-174.51,0.99
R1830,food,walnut,2940.4,1334.3,1379.3,-103.4,1.079
R1831,food,walnut,2940.3,1331.5,1379.7,-300.37,0.992
R1832,food,walnut,2934.4,1335.5,1380.1,-338.05,1.084
R1833,food,walnut,2928.9,1330.4,1380.5,-430.4,0.967
R1834,food,walnut,2939.7,1334.5,1380.9,-357.58,0.968
R1835,food,walnut,2940.1,1326.7,1381.3,-274.24,1.031
R1836,food,walnut,2940.6,1332.7,1381.7,-345.01,1.017
R1837,food,walnut,3739.1,1336.8,1369.5,-198.08,1.002
R1838,food,walnut,3737.9,1328.3,1370,-341.52,1.048
R1839,food,walnut,3729.8,1343.1,1370.4,-305.02,1.012
R1840,food,walnut,3741.6,1340.5,1370.8,-394.86,1.013
R1841,food,walnut,3728.6,1332.2,1371.2,-134.51,1.008
R1842,food,walnut,3740.4,1322.5,1371.6,-431.89,1.093
R1843,food,walnut,3745.6,1322.7,1372,-423.62,0.97
R1844,food,walnut,3727.8,1328.5,1372.4,-318.11,1.01
R1845,food,walnut,3743.6,1324.5,1372.8,-387.77,1.045
R1846,food,walnut,3731,1331.9,1373.2,-268.84,0.972
R1847,food,walnut,3734.4,1339.6,1373.6,-188.23,1.035
R1848,food,walnut,3744.7,1329.5,1374,-250.53,1.03
R1849,food,walnut,3736.6,1326.5,1374.5,-299.78,0.944
R1850,food,walnut,3735.2,1339.8,1374.9,-251.56,0.913
R1851,food,walnut,3731.6,1339.4,1375.3,-333.01,1.037
R1852,food,walnut,3733.6,1334.3,1375.7,-259.77,1.072
R1853,food,walnut,3728,1324.5,1376.1,-138.75,1.09
R1854,food,walnut,3735.6,1324.5,1376.5,-283.21,0.967
R1855,food,walnut,3727.4,1327.6,1376.9,-173.07,0.96
R1856,food,walnut,3734.4,1331.4,1377.3,-373.3,1.044
R1857,food,walnut,3729.9,1331.9,1377.7,-147.34,1.088
R1858,food,walnut,3733.1,1330.8,1378.1,-293.63,1.054
R1859,food,hazelnut,2855.3,1327.7,1373.1,-409.78,0.976
R1860,food,hazelnut,2871.6,1316.5,1373.6,-257.97,0.927
R1861,food,hazelnut,2851.9,1327.2,1374,-155.17,1.041
R1862,food,hazelnut,2870.6,1332.6,1374.4,-175.14,0.904
R1863,food,hazelnut,2851.6,1329.5,1374.8,-289.99,1.095
R1864,food,hazelnut,2854,1333.4,1375.2,-271.01,0.955
R1865,food,hazelnut,2871.8,1328.6,1375.6,-311.61,0.975
R1866,food,hazelnut,2866.3,1328.2,1376,-272.65,1.035
R1867,food,hazelnut,2866.9,1335.1,1376.4,-423.48,0.949
R1868,food,hazelnut,2853.8,1324.2,1376.8,-274.71,1.052
R1869,food,hazelnut,2873.8,1322.6,1377.2,-207.42,0.9
R1870,food,hazelnut,2869.2,1326.3,1377.6,-100.67,0.941
R1871,food,hazelnut,2856,1330.7,1378.1,-107.55,0.98
R1872,food,hazelnut,2871.5,1331.6,1378.5,-194.18,1.053
R1873,food,hazelnut,2872.4,1324.4,1378.9,-335.04,1.048
R1874,food,hazelnut,2872.4,1324.1,1379.3,-217.93,0.978
R1875,food,hazelnut,2871.5,1323.2,1379.7,-130.81,1.077
R1876,food,hazelnut,2861.7,1327.6,1380.1,-111.94,1.048
R1877,food,hazelnut,2863.4,1333.9,1380.5,-176.58,0.914
R1878,food,hazelnut,2870.8,1332.8,1380.9,-270.5,1.088
R1879,food,hazelnut,2870.6,1328.2,1381.3,-413.19,1.058
R1880,food,hazelnut,2871.9,1328.4,1381.7,-101.49,1.022
R1881,food,hazelnut,3662.8,1339.9,1369.5,-133.99,0.984
R1882,food,hazelnut,3650.9,1322.3,1370,-132.24,0.979
R1883,food,hazelnut,3652,1325.7,1370.4,-383.94,0.924
R1884,food,hazelnut,3666,1328.9,1370.8,-190.41,1.019
R1885,food,hazelnut,3656.9,1317.7,1371.2,-392.83,0.935
R1886,food,hazelnut,3668.7,1329.2,1371.6,-302.39,0.931
R1887,food,hazelnut,3666.6,1325,1372,-351.94,0.963
R1888,food,hazelnut,3663.1,1330.4,1372.4,-409.94,1.051
R1889,food,hazelnut,3658.9,1333.4,1372.8,-230.73,0.924
R1890,food,hazelnut,3673.6,1333.1,1373.2,-331.27,0.948
R1891,food,hazelnut,3654.4,1327.9,1373.6,-356.19,1.066
R1892,food,hazelnut,3660.1,1321.7,1374,-340.41,0.93
R1893,food,hazelnut,3656.2,1326.5,1374.5,-420.56,0.962
R1894,food,hazelnut,3660.3,1332,1374.9,-293.33,0.948
R1895,food,hazelnut,3667.8,1324.1,1375.3,-424.59,0.914
R1896,food,hazelnut,3668.3,1328.8,1375.7,-116.25,1.092
R1897,food,hazelnut,3657,1325,1376.1,-158.58,0.975
R1898,food,hazelnut,3658.6,1330.4,1376.5,-414.12,1.045
R1899,food,hazelnut,3669.3,1333.8,1376.9,-309.66,1.023
R1900,food,hazelnut,3665.9,1329.5,1377.3,-159.89,0.975
R1901,food,hazelnut,3667.9,1323,1377.7,-411.14,1.092
R1902,food,hazelnut,3669.6,1331.8,1378.1,-281.15,0.905
R1903,food,meat,6205,1330,1375.5,-387.82,1
R1904,food,meat,6135,1330,1375.5,-418.28,1
R1905,food,meat,7005,1330,1360.1,-425.29,1
R1906,food,meat,5995,1330,1375.5,-264.66,1
R1907,food,meat,6052.5,1290,1476.1,-88.87,1
R1908,food,sausage,6201.8,1290,1446.3,-110.36,1
R1909,food,sausage,6227.7,1241.7,1322.9,-438.3,0.926
R1910,food,sausage,6089,1255.2,1328.9,-266.17,0.989
R1911,food,sausage,6901.5,1290,1430.9,-103.54,1
R1912,food,sausage,7037.4,1245.8,1313.5,-232.13,0.903
R1913,food,sausage,6769.7,1248.1,1310.5,-241.84,0.935
R1914,food,sausage,6154.4,1290,1446.3,-80.12,1
R1915,food,sausage,6231,1258,1325.9,-411.2,1.014
R1916,food,sausage,5986.6,1267.5,1322.9,-319.01,0.905
R1917,food,sausage,6846.7,1290,1430.9,-76.1,1
R1918,food,sausage,6906,1253.9,1307.5,-261.43,1.034
R1919,food,sausage,6767.7,1261,1313.5,-195.02,0.944
R1920,food,sausage,6103.2,1290,1446.3,-110.25,1
R1921,food,sausage,6235,1263.8,1328.9,-411.58,0.924
R1922,food,sausage,5960.3,1253,1325.9,-130.94,1.094
R1923,food,sausage,6898,1243.3,1310.5,-405.97,0.938
R1924,food,sausage,5999.8,1290,1446.3,-87.46,1
R1925,food,sausage,6092.6,1253,1325.9,-267.72,1.044
R1926,food,sausage,6945.5,1290,1430.9,-112.46,1
R1927,food,sausage,7026.7,1260.1,1310.5,-239.8,1.002
R1928,food,sausage,6758.1,1254.4,1307.5,-101.27,0.968
R1929,food,sausage,6085.5,1251.9,1322.9,-160.64,0.984
R1930,food,sausage,5976.1,1257.4,1328.9,-109.83,0.947
R1931,food,sausage,7003.4,1290,1430.9,-75.27,1
R1932,food,sausage,7022.4,1237.9,1307.5,-186.34,1.089
R1933,food,sausage,6875.7,1256.3,1313.5,-413.19,0.933
R1934,props,stepStones,-31328.9,35312.3,1095.4,81.95,0.459
R1935,props,stepStones,-31314.3,35421.6,1094.7,87.27,0.408
R1936,props,stepStones,-31307.9,35531.9,1088.9,86.93,0.494
R1937,props,stepStones,-31289.9,35640.7,1085.5,73.97,0.462
R1938,props,stepStones,-31262.6,35748.2,1080.7,78.54,0.46
R1939,props,stepStones,-31259.4,35859,1078.8,85.37,0.408
R1940,props,stepStones,-31256.7,35969.9,1076.8,69.19,0.4
R1941,props,stepStones,-31243.9,36079.4,1074.4,81.18,0.445
R1942,props,stepStones,-31220.4,36187.4,1072.7,100.84,0.441
R1943,props,stepStones,-31197.3,36295.5,1072.3,72.39,0.468
R1944,props,stepStones,-34325.8,39707.1,1078.9,101,0.401
R1945,props,stepStones,-34317,39811.9,1074.4,92.17,0.407
R1946,props,stepStones,-34303.9,39916,1072.7,75.95,0.466
R1947,props,stepStones,-34278.1,40018.2,1073.1,98.35,0.458
R1948,props,stepStones,-34270.1,40123.2,1078.8,72.74,0.42
R1949,props,stepStones,-34237,40224.3,1081.9,77.32,0.468
R1950,props,stepStones,-34232.1,40329.7,1086.8,87.41,0.495
R1951,props,stepStones,-34206.1,40431.9,1092.3,94.59,0.412
R1952,props,stepStones,-34206,40538,1093.8,97.36,0.424
R1953,props,stepStones,-28200,39188.4,1088.4,174.83,0.474
R1954,props,stepStones,-28310,39203.8,1093.3,179.85,0.463
R1955,props,stepStones,-28420,39200.9,1097.9,163.52,0.442
R1956,props,stepStones,-28530,39187.3,1098.7,198.19,0.488
R1957,props,stepStones,-28640,39205.7,1099.7,174.11,0.478
R1958,props,stepStones,-28750,39200.1,1098.3,187.56,0.435
R1959,props,stepStones,-36593.9,35834.5,1075.9,82.39,0.421
R1960,props,stepStones,-36559.3,35936.3,1075.1,74.51,0.443
R1961,props,stepStones,-36537.8,36041.3,1075.9,80.62,0.484
R1962,props,stepStones,-36515.5,36146.1,1080.9,82.02,0.425
R1963,props,stepStones,-36473.9,36246.2,1082.8,63.36,0.48
R1964,props,stepStones,-36454,36351.6,1086.5,82.97,0.462
R1965,props,stepStones,-36425.8,36455,1089.7,74.23,0.411
R1966,props,stepStones,-36395.9,36557.9,1090.6,65.95,0.416
R1967,props,stepStones,-36387,36666,1090.5,92.68,0.426
R1968,props,stepStones,-34130.6,35128.8,1085.9,95.48,0.421
R1969,props,stepStones,-34114.5,35231.2,1082.3,90.83,0.474
R1970,props,stepStones,-34075.6,35328.9,1079.6,63.6,0.416
R1971,props,stepStones,-34065.2,35432.5,1075.4,64.5,0.461
R1972,props,stepStones,-34033.6,35531.8,1072.2,81.43,0.46
R1973,props,stepStones,-34026.7,35636.1,1069.3,64.78,0.488
R1974,props,stepStones,-33996.3,35735.6,1068.2,86.24,0.478
R1975,props,stepStones,-33990.5,35840.2,1067.8,93.4,0.458
R1976,props,stepStones,-33961,35939.8,1068.6,93.59,0.433
R1977,props,stepStones,-33929.8,36039.2,1069.8,63.82,0.415
R1978,props,stepStones,-28644.6,34509.8,1097,98.8,0.405
R1979,props,stepStones,-28646,34609.8,1094.6,89.21,0.463
R1980,props,stepStones,-28651.7,34709.9,1094.9,107.89,0.414
R1981,props,stepStones,-28649.4,34809.8,1093.4,88.6,0.463
R1982,props,stepStones,-28642.5,34909.6,1093.2,94.74,0.467
R1983,props,stepStones,-28634.3,35009.3,1092.7,71.05,0.484
R1984,props,stepStones,-28636,35109.3,1091.2,104.63,0.49
R1985,props,stepStones,-28652,35209.6,1090.4,74.75,0.466
R1986,props,stepStones,-28644.5,35309.4,1087.6,90.82,0.498
R1987,props,stepStones,-28633.5,35409.1,1087.4,87.85,0.407
R1988,props,stepStones,-28638.4,35509.2,1084.3,78.18,0.488
R1989,props,stepStones,-37575.9,39334.2,1099,73.49,0.464
R1990,props,stepStones,-37543.7,39435.7,1095.9,59.56,0.472
R1991,props,stepStones,-37501,39533.3,1094.3,85.14,0.46
R1992,props,stepStones,-37454.7,39629.4,1094.5,58.07,0.41
R1993,props,stepStones,-37431.7,39734.4,1094.6,50.82,0.435
R1994,props,stepStones,-37385.2,39830.4,1095.2,81.52,0.429
R1995,props,stepStones,-37334.2,39924.8,1094.8,74.1,0.432
R1996,props,stepStones,-37313.6,40030.7,1093.8,81.2,0.49
R1997,props,stepStones,-37274.6,40129.6,1093.3,84.22,0.465
R1998,props,stepStones,-27385.2,37488.3,1095.3,85.13,0.495
R1999,props,stepStones,-27386.7,37594.4,1098,89.9,0.4
R2000,props,stepStones,-27384.6,37700.4,1096.5,99.35,0.442
R2001,props,stepStones,-27373.3,37806.2,1094.3,77.66,0.49
R2002,props,stepStones,-27387.9,37912.5,1094.8,76.32,0.458
R2003,props,stepStones,-27390.6,38018.6,1095.2,73.11,0.418
R2004,props,stepStones,-27370.6,38124.3,1094.9,79.89,0.429
R2005,props,stepStones,-27371.9,38230.3,1095.8,92.81,0.441
R2006,props,stepStones,-27379.2,38336.5,1098.4,98.74,0.429
R2007,props,stepStones,-36911.2,42317.6,1083.8,80.79,0.426
R2008,props,stepStones,-36880.6,42419.2,1083.8,65.16,0.405
R2009,props,stepStones,-36840,42517.9,1079.4,81.52,0.492
R2010,props,stepStones,-36809.2,42619.5,1076.1,78.31,0.477
R2011,props,stepStones,-36784.8,42722.9,1072.4,76.61,0.456
R2012,props,stepStones,-36757.2,42825.3,1069.5,93.59,0.437
R2013,props,stepStones,-36713.5,42923.1,1068.1,59.29,0.435
R2014,props,stepStones,-36699.4,43029.5,1064.6,67.32,0.499
R2015,props,stepStones,-31151.2,41310.5,1069.1,63.57,0.444
R2016,props,stepStones,-31106.6,41410.4,1066.1,95.34,0.47
R2017,props,stepStones,-31086.9,41515.1,1066.2,61.84,0.464
R2018,props,stepStones,-31086.5,41623.4,1067.5,71.38,0.442
R2019,props,stepStones,-31054.7,41725.7,1070.6,68.4,0.447
R2020,props,stepStones,-31048.1,41832.9,1074.9,96.93,0.44
R2021,props,stepStones,-31026.7,41937.2,1079.2,89.94,0.488
R2022,props,stepStones,-30987.8,42038.2,1085,74.26,0.464
R2023,props,stepStones,-28390.5,41773.1,1082,89.83,0.463
R2024,props,stepStones,-28397,41881,1088.5,101.56,0.439
R2025,props,stepStones,-28396.1,41989.1,1095,87.96,0.429
R2026,props,stepStones,-28384.7,42097.4,1098.2,95.88,0.461
R2027,props,stepStones,-28388.3,42205.4,1102.8,107.46,0.412
R2028,props,stepStones,-28400.3,42313.2,1101.1,101.44,0.415
R2029,props,stepStones,-28407.9,42421.1,1097.9,80.5,0.439
R2030,props,stepStones,-28395.3,42529.5,1092.9,99.75,0.404
R2031,props,stepStones,-33613.9,43515.8,1092.5,75.51,0.409
R2032,props,stepStones,-33590.3,43622.1,1094,61.45,0.454
R2033,props,stepStones,-33584,43732.4,1094.6,59.14,0.471
R2034,props,stepStones,-33536,43833,1093.1,61.45,0.488
R2035,props,stepStones,-33507.8,43938.2,1093.8,82.61,0.417
R2036,props,stepStones,-33483.4,44044.3,1093.8,57.83,0.414
R2037,props,stepStones,-33472.5,44153.5,1094.9,68.67,0.432
R2038,props,stepStones,-33434.6,44256.5,1096.8,78.49,0.431
R2039,props,stepStones,-26014.1,41275.6,1044.1,88.76,0.491
R2040,props,stepStones,-26022.4,41375.8,1039.4,100.66,0.456
R2041,props,stepStones,-26036.2,41475.3,1031.7,96.37,0.449
R2042,props,stepStones,-26061,41573.1,1023.4,91.77,0.46
R2043,props,stepStones,-26065.9,41673.9,1014.9,106.67,0.416
R2044,props,stepStones,-26080.2,41773.2,1005.5,88.13,0.44
R2045,props,stepStones,-26102.4,41871.4,999.4,105.58,0.498
R2046,props,stepStones,-26125.5,41969.5,998.2,103.77,0.416
R2047,props,stepStones,-26123.6,42071.3,995.9,94.6,0.489
R2048,props,stepStones,-38847.5,36340.9,1071.5,69.21,0.453
R2049,props,stepStones,-38819.2,36444.3,1073.6,83.77,0.41
R2050,props,stepStones,-38776.2,36541.7,1076.6,49.31,0.422
R2051,props,stepStones,-38743.2,36643.2,1079.9,60.79,0.473
R2052,props,stepStones,-38696.8,36739.1,1085.2,79.15,0.477
R2053,props,stepStones,-38640.3,36830.9,1091.5,67.77,0.4
R2054,props,stepStones,-38612,36934.3,1093.8,69.7,0.5
R2055,props,stepStones,-38579.7,37036.1,1098.2,64.8,0.435
R2056,props,stepStones,-38522.7,37127.7,1096.9,72.98,0.496
R2057,props,stepStones,-38490.4,37229.5,1097.1,58.1,0.494
R2058,props,stepStones,-29599,44135.3,1089.2,89.49,0.422
R2059,props,stepStones,-29558.5,44232.2,1087.3,81.12,0.453
R2060,props,stepStones,-29538.9,44333.6,1086.7,66.48,0.403
R2061,props,stepStones,-29532.8,44438,1083.3,85.16,0.448
R2062,props,stepStones,-29508.8,44538.5,1080.7,92.87,0.441
R2063,props,stepStones,-29464.6,44634.6,1077.1,67.59,0.475
R2064,props,stepStones,-29447.3,44736.5,1074.6,71.85,0.419
R2065,props,stepStones,-29429.4,44838.3,1070.4,77.58,0.46
R2066,props,stepStones,-29407.1,44939.1,1068.1,92.91,0.463
R2067,props,stepStones,-29387.1,45040.5,1066.8,71.57,0.464
R2068,props,stepStones,-29362.2,45140.8,1065.7,91.27,0.5
R2069,props,roofTiles,-36077.7,35324.3,1083.1,-5.73,1
R2070,props,roofTiles,-33514.8,34644.6,1081,-2.86,1
R2071,props,roofTiles,-28046.3,34110.8,1110,5.73,1
R2072,props,roofTiles,-26690.8,37152.3,1083.5,8.59,1
R2073,spot,xiaopeiGate_north_out,0,-14400,1280,90,1
R2074,spot,xiaopeiGate_north_in,0,-12600,1284.3,90,1
R2075,spot,xiaopeiGate_south_out,0,6400,1251.3,90,1
R2076,spot,xiaopeiGate_south_in,0,4600,1299.2,90,1
R2077,spot,xiaopeiGate_west_out,-9600,-4000,1291.8,90,1
R2078,spot,xiaopeiGate_west_in,-11400,-4000,1292,90,1
R2079,spot,xiaopeiGate_east_out,9600,-4000,1274.2,90,1
R2080,spot,xiaopeiGate_east_in,11400,-4000,1259.3,90,1
R2081,spot,yamenHall,4500,-9040,1265.3,90,1
R2082,spot,zhuoNotice,3300,-5410,1293.9,-90,1
R2083,spot,tavernDoor,-4000,-4840,1290.1,90,1
R2084,spot,tavernTable,-3600,-4430,1279,90,1
R2085,spot,tavernTable2,-4400,-4430,1302.3,90,1
R2086,spot,garrisonYard,-6200,-10100,1266.5,90,1
R2087,spot,market,4500,500,1272.1,90,1
R2088,spot,stall0,2900,-460,1283.1,-90,1
R2089,spot,stall1,4500,-460,1273.5,-90,1
R2090,spot,stall2,6100,-460,1278.6,-90,1
R2091,spot,stall3,2900,1460,1273.5,-270,1
R2092,spot,stall4,4500,1460,1289.3,-270,1
R2093,spot,stall5,6100,1460,1288.4,-270,1
R2094,spot,stall6,3700,-460,1287.2,-90,1
R2095,spot,stall7,5300,-460,1266.3,-90,1
R2096,spot,stall8,6900,-460,1279.1,-90,1
R2097,spot,stall9,3700,1460,1269.9,-270,1
R2098,spot,stall10,5300,1460,1262.4,-270,1
R2099,spot,stall11,6900,1460,1275.5,-270,1
R2100,spot,smithy,7588,-1385,1255.7,-90,1
R2101,spot,townCentre,0,-4000,1299.6,90,1
R2102,spot,xiaopei_centre,0,-4000,1299.6,90,1
R2103,spot,xiaopei_hall,4500,-9040,1265.3,90,1
R2104,spot,liuBeiHome,-31335,35383.2,1105.1,90,1
R2105,spot,playerHome,-34326,39777.1,1084.9,90,1
R2106,spot,mulberry,-30300,36900,1097.8,90,1
R2107,spot,villageWell,-32200,38450,1092.1,90,1
R2108,spot,shrine,-28200,39200,1098.9,90,1
R2109,spot,camp_gate_n,30000,-11400,1299.1,90,1
R2110,spot,commandTent,30000,-2950,1260.9,-90,1
R2111,spot,garrison_command,30000,-2950,1260.9,-90,1
R2112,spot,garrison_centre,30000,-6000,1284.8,90,1
R2113,spot,trainingGround,28000,-4600,1289.7,90,1
R2114,spot,campFire,32200,-4550,1298.6,90,1
R2115,spot,banditEast_centre,48000,44300,3900,90,1