Name,Species,X,Y,Z,Yaw,Scale
R0,elm,3095.8,717.3,1269.6,-193.07,0.872
R1,elm,-5312,2682.4,1272.1,-66.53,0.882
R2,elm,-2326.2,-5605.1,1266.3,16.91,0.909
R3,jujube,2208.8,88.7,1286.4,-59.64,0.973
R4,elm,-8695.4,-95.2,1293.5,-25.77,0.99
R5,elm,3042.2,-5950.2,1291.4,-32.85,0.935
R6,mulberry,-30000,36400,1101.6,49.89,1
R7,shrub,-31421.5,34412.8,1083.2,-244.67,0.991
R8,shrub,-30907.4,34535.2,1083.9,86.61,1.246
R9,shrub,-31306,35556.8,1099.1,-233.57,1.148
R10,shrub,-34556,39035.2,1114.8,-105.33,1.446
R11,shrub,-34257.5,39927.8,1081.3,-200.54,1.324
R12,shrub,-34355.3,38876.6,1104.8,-144.63,1.054
R13,shrub,-36778.9,36057.6,1099.1,-190.46,1.446
R14,shrub,-36520.8,34957.6,1113.7,-184.99,1.277
R15,shrub,-36814.1,35892.5,1099.3,-120.09,1.45
R16,shrub,-36202.5,35015.8,1113.4,42.68,0.952
R17,shrub,-34534.6,35243.7,1110.1,-242.48,1.369
R18,shrub,-33913.7,35457.7,1082.8,-225.68,0.939
R19,shrub,-28664.6,34661.7,1104,-101.38,1.177
R20,shrub,-38048.2,38658,1117.5,81.59,1.171
R21,shrub,-37821.2,38567.8,1116.4,16.47,1.12
R22,shrub,-37999.4,39231.8,1106.3,-128.89,1.06
R23,shrub,-37116.8,39578,1099.2,-18.81,1.052
R24,shrub,-37443.4,38473.6,1108,-159.36,0.941
R25,shrub,-27080.7,36605.9,1109.7,69.46,1.09
R26,shrub,-27048.1,36562.1,1109.9,-191.52,1.267
R27,shrub,-26878.4,37772.2,1084.6,41.71,0.85
R28,shrub,-26624.2,37011.9,1096.3,32.76,1.193
R29,shrub,-37415.8,41727.4,1094.2,-129.06,1.423
R30,shrub,-36345.6,42356.2,1115.6,39.37,0.965
R31,shrub,-36974.4,41424.2,1105.7,-130.66,1.237
R32,shrub,-31443.7,41476.3,1091.6,-247.49,1.435
R33,shrub,-30669.4,40438.2,1096.4,-101.66,0.801
R34,shrub,-31137.8,41519.6,1076.8,-188.38,1.464
R35,shrub,-27722.9,41873.7,1092,29.59,1.313
R36,shrub,-28591.9,42018.6,1104.5,50.03,1.314
R37,shrub,-34001.5,42739.6,1086.9,2.53,1.391
R38,shrub,-33661.1,43788.8,1107.7,-63.54,1.389
R39,shrub,-33146.6,42764,1112.1,-97.33,1.221
R40,shrub,-33076.9,42695.8,1113.3,-35.69,1.163
R41,shrub,-33923,43747.5,1111.3,-232.79,1.209
R42,shrub,-26006.3,40468.3,1098.6,-122.7,1.056
R43,shrub,-25446.9,40568.4,1058.8,-190.64,1.29
R44,shrub,-26261.6,40616.9,1099.4,89.93,1.283
R45,shrub,-39277.7,35782.2,1105.6,-259.32,1.219
R46,shrub,-38617.3,35479.7,1088.7,50.9,1.314
R47,shrub,-38745.7,36636.8,1090.1,-247.76,0.863
R48,shrub,-29552.2,44322.3,1095.6,2.24,1.287
R49,shrub,-29469.6,43324.8,1108.4,-262.95,1.404
R50,jujube,-37958.9,42052.7,1091.3,-30.16,0.955
R51,willow,-32097.9,35125.2,1106.9,-8.56,0.999
R52,willow,-32332.6,40936,1101.1,81.12,0.976
R53,elm,-31322.3,40197.6,1109.4,-9.56,0.865
R54,peach,-38111.8,34684.4,1092.4,74,0.958
R55,elm,-35804.2,33962.8,1087.4,-5.59,0.886
R56,willow,-29468.2,42034,1076.6,-176.53,0.909
R57,elm,-32506,35368.6,1110.2,48.96,0.963
R58,willow,-28995.2,33330.7,1090.9,81.26,1.017
R59,peach,-26244.9,35949.6,1096.3,28.36,0.863
R60,willow,-38304.1,43352.1,1102.8,-86.36,0.915
R61,elm,-30323.9,35691.9,1116.2,-84.78,0.842
R62,elm,-37462.6,37407.4,1077,-230.98,0.812
R63,elm,-32888.6,37472.7,1085.3,-6.43,0.912
R64,willow,-35754,37278.9,1084.1,-85.45,1.017
R65,elm,-29295,39608.6,1085.2,-114.33,1.01
R66,peach,-34427.8,37225.8,1093.4,-94.1,0.941
R67,willow,-28415.3,32548.1,1102.7,-206.88,1.088
R68,willow,-32949.8,36719.9,1094.2,-242.58,0.832
R69,peach,-36643.2,34687.5,1102.4,-42.99,0.85
R70,willow,-26822.8,42442.6,1049.9,-41.49,0.927
R71,pine,-46606.5,-36940.4,5353.6,-58.68,1.161
R72,poplar,-57053.6,-36180.5,6304.2,-99.93,0.86
R73,pine,-55489.3,-36057.7,6525.7,-113.39,1.07
R74,elm,-57818.7,-35546.6,6464.8,-101.89,0.99
R75,poplar,-61224.8,-34503.1,6088.3,43.47,0.908
R76,poplar,-60495.8,-34764.2,6679.1,-190.7,0.846
R77,elm,-56945.7,-34621.7,6186.4,24.57,1.006
R78,pine,-55639.9,-34758.5,6485.7,-117.34,0.902
R79,poplar,-52294.8,-34744,4834,41.78,0.934
R80,poplar,-61225.4,-34272.1,6038.1,-222.04,0.953
R81,pine,-50514.4,-33743.1,4316.4,-135.03,0.96
R82,pine,-48471.3,-34031.9,4122.1,-139.87,1.071
R83,poplar,-59939.8,-33216.4,6128.9,-163.22,1.19
R84,pine,-56225,-33420.7,6835.9,-120.82,0.925
R85,pine,-54191,-33382.1,6349.5,-246.87,0.94
R86,poplar,-51920.9,-33099.7,4602.6,-210.74,0.993
R87,elm,-50959.5,-32993.2,4307.2,-261.69,1.105
R88,poplar,-47863.2,-33053.1,3994.3,-83.94,1.095
R89,elm,-59859.5,-32593.8,6295.3,48.48,1.175
R90,poplar,-57261.1,-32778.4,6827.1,-15.02,1.106
R91,poplar,-55365.1,-32629.8,6078.9,-258.74,1.056
R92,poplar,-54698,-32236.2,5404.7,-256.24,0.918
R93,pine,-54008.5,-32348.9,5472.4,-64.04,1.041
R94,pine,-53375.2,-32542.1,5204.5,-139.88,1.155
R95,pine,-51797.9,-32787.7,4491.6,-42.54,1.105
R96,elm,-51075.4,-32341.3,4169.3,-73.43,1.005
R97,elm,-50035.6,-32778.1,3882.9,-260.98,0.926
R98,poplar,-49529.6,-32676.9,4141,-185.16,1.196
R99,pine,-48838,-32545.4,4130.6,-221.12,1.102
R100,pine,-47875.3,-32294.4,3615.8,-234.15,1.108
R101,elm,-61519.1,-31622.7,6278.9,-67.24,1.165
R102,poplar,-55262,-31618.7,5544.4,60.58,1.001
R103,pine,-54246.4,-31954.8,5229.6,-159.09,1.089
R104,elm,-53051.3,-31973.4,4649.8,-68.79,1.171
R105,poplar,-52332.5,-31612.8,4164.2,-32.65,1.127
R106,pine,-50946.8,-31589.9,4026.4,74,1.094
R107,poplar,-45730.5,-32049.9,3143.3,-44.18,1.161
R108,pine,-44421.4,-31680.4,3080.6,-26.56,1.156
R109,pine,-42052,-31809.1,2276.4,-243,0.818
R110,poplar,-59218,-30849.9,6262.5,-115.06,1.154
R111,pine,-57651,-30866.1,6225.1,-241.46,1.003
R112,poplar,-53534.6,-30716.1,4550.2,-247.22,0.834
R113,poplar,-51924.8,-31066.9,4054.9,36.98,0.815
R114,poplar,-50752.7,-30832.8,4003.6,1.65,0.982
R115,pine,-50353.8,-30700.7,3791.6,-209.05,1.047
R116,poplar,-45679.4,-30815.6,2827.2,-199.29,1.071
R117,elm,-44701.8,-31282.4,2893.6,-231.44,0.969
R118,poplar,-43599,-30893.9,2717.1,-241.51,0.963
R119,poplar,-63523.1,-30026.5,5425.4,4.76,0.828
R120,pine,-57571.5,-30232,5876.8,-180.39,0.831
R121,elm,-51935.6,-29960.8,3795.4,-37.74,1.083
R122,elm,-50853.7,-30224.9,3764.4,75.27,0.972
R123,elm,-50437.6,-30195.1,3639.2,-211.85,1.108
R124,poplar,-46483.3,-30087.8,2995.5,-180.86,1.106
R125,pine,-45003.2,-30502.8,2709.4,84.36,0.8
R126,poplar,-43624.4,-30325.9,2681,-34.33,1.137
R127,poplar,-42747.6,-30163.5,2199.6,1.48,1.105
R128,pine,-64754.1,-29537.2,5437.7,-14.19,0.987
R129,pine,-57158.3,-29738.7,5262.4,-119.61,1.097
R130,poplar,-53872.2,-29216.7,4156.1,-231.53,1.089
R131,poplar,-53514.2,-29259.5,4335.6,-262.09,0.86
R132,poplar,-50124.5,-29727.8,3439.1,1.47,0.994
R133,elm,-49206.4,-29357,3179.6,82.45,0.907
R134,poplar,-48649.5,-29477.5,3352.8,-236.3,0.823
R135,pine,-44409.7,-29567.4,2688.2,-14.41,0.809
R136,elm,-42113.6,-29501.2,2137.1,88.11,0.833
R137,elm,-41250.9,-29325.2,1839.2,-174.49,1.178
R138,poplar,-57468.1,-28770.3,5205.9,-245.54,1.173
R139,poplar,-55475.3,-28785,4280.2,-130.66,1.031
R140,elm,-52279.5,-28463.4,3571.8,-115.92,1.025
R141,pine,-51875,-28967.8,3591.5,1.31,0.911
R142,elm,-49621.1,-28791.8,2958.7,26.42,1.131
R143,pine,-48614.2,-28681.8,2845.6,-192.6,0.905
R144,poplar,-44849.1,-28773.3,2368.5,-258.73,0.918
R145,poplar,-44518.3,-28626.3,2317.9,-240,0.954
R146,elm,-43382.9,-28518.1,2419.3,-269.26,1.1
R147,elm,-42057.2,-29046.8,2029.4,52.18,1.184
R148,pine,-38718.9,-28540.8,1514.5,-129.89,1.054
R149,elm,-68096.9,-28135.5,6364.9,-44.58,1.067
R150,elm,-62781.1,-28293.5,5202.3,27.96,1.058
R151,elm,-62016.3,-27919.2,5330.9,44.71,0.895
R152,pine,-60814.5,-27764.8,5546.6,-85.51,1.176
R153,pine,-58792.9,-27961.7,5405.7,-214.84,1.076
R154,poplar,-57791.1,-28057.3,5046.3,-151.89,0.851
R155,poplar,-54943,-28042.3,4051.6,-222.44,1.175
R156,pine,-53750,-27899.3,3998.7,-99.29,1.17
R157,pine,-52424.9,-27753.9,3393.7,-162.82,0.966
R158,elm,-50904.1,-27911.4,3093.9,-142.38,0.86
R159,elm,-47373.6,-28114,2404.4,-54.19,1.076
R160,poplar,-42496,-28056.9,2002.4,-49.13,0.875
R161,pine,-62499.8,-27025.2,5655.6,10.39,1.112
R162,elm,-61231.8,-26967.9,5786.6,-222.44,1.135
R163,poplar,-56773.6,-26979.9,4404.8,26.58,0.876
R164,elm,-56240.9,-27344.2,4216.1,-33.67,0.893
R165,pine,-52956.9,-27024.9,3572.3,-148.08,0.803
R166,elm,-52627.1,-27495.3,3428.7,-208.97,1.086
R167,pine,-51541.6,-27465.2,3101.6,36.26,1.084
R168,elm,-50312.5,-27035.8,2603.6,-220.32,1.001
R169,elm,-49682.5,-27148.6,2412.9,77.27,0.86
R170,poplar,-48691.8,-27213,2339.9,-267.05,0.89
R171,elm,-47011,-27128.8,2043.1,-206.72,1.033
R172,poplar,-45526,-26962.6,1900.1,84.74,0.917
R173,elm,-44031.2,-27549.6,2199.5,-177.07,0.857
R174,poplar,-42452.2,-27424.7,1930,31.24,0.881
R175,pine,-39707.7,-27258.6,1709.4,-185.03,1.07
R176,elm,-62832.4,-26728.2,5827.4,-121.78,0.902
R177,elm,-61329.8,-26464.8,5576.9,-161.06,0.847
R178,elm,-60792.2,-26300.8,5576.3,-137.38,0.922
R179,pine,-60077.4,-26306,5621.1,-183.61,0.87
R180,elm,-58336.6,-26289.3,5269.6,-258.86,0.936
R181,poplar,-55326.3,-26464.3,3904.4,-118.84,1.127
R182,poplar,-54650,-26459.3,3607.4,-72.24,0.812
R183,elm,-53771.3,-26289.3,3443.6,-40.68,0.94
R184,elm,-52708,-26600.4,3401.5,-224.07,0.88
R185,pine,-51579.2,-26251.2,3013.6,-150.96,0.923
R186,pine,-51024.1,-26560.1,2859.4,-214.64,0.955
R187,poplar,-50168.2,-26306.8,2548.9,69.32,1.153
R188,poplar,-48560.9,-26329.1,2291.4,52.39,0.961
R189,elm,-47817.2,-26687.2,2172.2,-184.76,1.061
R190,pine,-47454.3,-26594.7,2108.5,-159.86,0.841
R191,poplar,-46567.3,-26696.7,2039.6,-183.63,1.054
R192,poplar,-45133.4,-26575.9,1889.3,-57.74,0.898
R193,elm,-44413.5,-26790.4,1988.6,-230.51,0.948
R194,elm,-42763.1,-26469.5,1808,-140.85,1.091
R195,pine,-42207.9,-26243,1680.9,-214.04,1.174
R196,elm,-41145.1,-26515.8,1608.8,-202.28,0.902
R197,elm,-63128.8,-25677.2,5781.2,-265.98,1.193
R198,poplar,-62216.2,-25942.5,5691.9,-83.76,0.924
R199,elm,-58970,-25572.9,5436.5,-75.76,1.108
R200,elm,-58647.5,-25598.6,5441.4,26.11,0.894
R201,pine,-57936.7,-25757.6,5243.5,52.57,0.805
R202,poplar,-56023.9,-25838.8,3821.1,-31.73,0.971
R203,pine,-55386.9,-25954.7,3759.2,-9.49,0.907
R204,elm,-53108.3,-25863.1,3513.7,-190.38,1.103
R205,poplar,-52326.5,-26024.1,3294.4,-236.03,0.959
R206,elm,-50943.1,-25715.3,2908.4,-256.19,1.102
R207,poplar,-47449.2,-25797.5,2039.8,-172.49,1.042
R208,poplar,-45747.7,-25882.5,1825,-268.52,1.136
R209,pine,-45289.8,-25824.7,1867.7,76.34,1.037
R210,elm,-41521.3,-25743.5,1566.6,-85.03,1.015
R211,poplar,-40677.1,-25996.5,1521.8,4.87,1.045
R212,poplar,-38060.2,-26016.9,1490.8,54.6,0.884
R213,elm,-60915.8,-24950.7,5383.3,-144.7,0.938
R214,elm,-60230.1,-24884.4,5430.3,-234.21,0.912
R215,elm,-57773.4,-25240.4,5139.2,-236.3,1.193
R216,elm,-56154,-25174.1,3847.7,37.93,0.846
R217,elm,-55373.4,-24745.1,3499.3,-91.59,1.114
R218,pine,-54705.8,-25018.6,3329,-201.82,1.173
R219,poplar,-53292.7,-24996,3330.9,-235.66,1.009
R220,poplar,-52619.6,-24792.2,3225.6,-67.42,0.888
R221,poplar,-51929.9,-25060,2995.8,-80.67,0.925
R222,pine,-46446.9,-25150.9,1789.7,68.38,0.885
R223,poplar,-45707.3,-24730.1,1724.5,-53.2,0.934
R224,elm,-61375.7,-24297.7,5320.6,-214.08,1.053
R225,poplar,-60207.3,-24314.2,5402.5,-192.74,0.909
R226,pine,-58994.2,-23994.3,5420,-99.67,1.168
R227,pine,-57765.3,-24125.1,5077.7,53.79,1.054
R228,poplar,-56099.5,-24230.2,3911.1,-30.88,1.127
R229,elm,-55756.6,-24092,3637.6,-101.74,1.138
R230,pine,-54525.6,-24355.4,3117.1,82.38,0.846
R231,elm,-53513.7,-24210.9,3163.3,43.97,0.823
R232,poplar,-51549.4,-24009,2661.8,-225.54,1.101
R233,pine,-49643.3,-24545.5,2401.3,-176.89,1.191
R234,poplar,-48486.4,-24319.9,2108.6,-90.05,1.162
R235,elm,-47991.9,-24249,2006.7,-47.59,0.963
R236,pine,-47540.2,-24104.8,1922,-125.3,0.838
R237,elm,-46243,-24307.4,1653.3,-22.31,0.968
R238,pine,-43492.9,-23959.3,1540.7,-231.67,1.08
R239,pine,-41980.1,-24151.8,1530.7,-234.65,1.075
R240,pine,-41500.8,-24429.3,1544.4,-265.59,1.16
R241,pine,-40385.7,-24076.8,1461.4,-188.58,1.047
R242,poplar,-62173.8,-23515.2,5813.3,-201.99,1.131
R243,pine,-60889.5,-23726.8,5310,-43.45,1.004
R244,poplar,-58724.8,-23225.4,5118.6,32.21,0.861
R245,elm,-57543.7,-23734.1,4821.7,54.13,1.193
R246,pine,-56970.7,-23752.6,4425.4,79.6,0.985
R247,poplar,-56257.4,-23422.6,3970.2,-125,1.042
R248,poplar,-55568.6,-23292.3,3445.8,-229.91,0.829
R249,pine,-53038.3,-23490.4,3028.2,-263.86,1.053
R250,elm,-50378.4,-23627.6,2458,-194.05,1.12
R251,elm,-48765.1,-23525.9,2196.7,-108.32,0.879
R252,pine,-47941.6,-23437.9,1969.8,-200.21,0.997
R253,poplar,-47207.8,-23330.4,1814.2,-21.34,0.827
R254,poplar,-45890,-23357.2,1681.7,-158.86,1.07
R255,elm,-43797,-23460.4,1513.1,85.98,0.944
R256,poplar,-42573.9,-23302.9,1498.1,-161.7,1.185
R257,elm,-41466.7,-23245.4,1439.7,-228.95,0.935
R258,elm,-40429.9,-23382.1,1438.2,-76.38,1.122
R259,pine,-62538.6,-22673.6,6016.8,9.93,1.159
R260,poplar,-61537.5,-22606.6,5721.9,-95.12,0.851
R261,poplar,-60968.4,-22946.3,5435.3,-218.18,0.835
R262,poplar,-59755.9,-22718.1,5145.1,39.73,1.06
R263,pine,-58580.5,-22861.2,4981.7,-253.47,0.997
R264,pine,-56725.3,-22496.4,3880.6,61.38,0.825
R265,elm,-55952.1,-22715.9,3670,-69.42,0.85
R266,pine,-55497.1,-22845.3,3393.2,7.98,0.963
R267,poplar,-54967.1,-22983,3036.7,-158.98,1.093
R268,poplar,-54248.3,-22960,2796.6,-133.18,1.114
R269,poplar,-53497.5,-22979.5,2871.7,-238.07,0.987
R270,pine,-52757.9,-22513.1,2863.4,40.31,0.844
R271,elm,-50955.7,-22686.1,2546.2,14.69,0.907
R272,poplar,-50150.7,-22641.7,2457,-207.6,0.945
R273,pine,-49614.8,-22999.1,2376,-230.02,0.978
R274,poplar,-47740.7,-22472.7,2099.8,-137.68,0.967
R275,poplar,-46267.2,-22612.9,1638.2,-155.31,0.894
R276,elm,-45603.6,-22982.7,1599,55.4,0.965
R277,elm,-44817.6,-22579.8,1447,-75.48,1.195
R278,poplar,-43584.3,-22729.6,1480.7,-67.48,0.861
R279,poplar,-42575.9,-22945.6,1457.1,-260.11,0.804
R280,poplar,-40773.2,-22827.7,1404.7,-128.72,1.124
R281,pine,-65866.1,-22002,6952.8,-101.6,0.914
R282,elm,-63939.6,-21735.2,6483,-61.94,0.967
R283,pine,-62301.2,-21783.7,5943.4,44.59,0.969
R284,elm,-61701.4,-22022.5,5613.2,-234.53,1.009
R285,elm,-60736.7,-21985,5047.5,-10.64,0.891
R286,elm,-60253.5,-22284.5,4992.2,16.9,1.037
R287,poplar,-59373.5,-22064.5,5082.4,-89.38,1.006
R288,poplar,-58311.2,-22091.8,4432.3,16.62,1.104
R289,pine,-57211.4,-22075.2,3780.8,-114.65,0.998
R290,poplar,-56047.4,-22294.8,3490.3,-222.42,0.838
R291,elm,-55519.6,-21927.9,3083.2,-46.99,1.05
R292,elm,-54031.7,-21798.1,2684.7,-259.89,1.135
R293,elm,-53005.5,-21780,2700.7,-184.77,0.827
R294,elm,-50223.9,-21769.1,2681.6,88.82,0.947
R295,pine,-49340.5,-22222,2493.7,-18.2,0.834
R296,elm,-46436.5,-22146,1641.7,-81.91,0.959
R297,poplar,-46025.6,-22149.1,1563.6,62.15,0.998
R298,pine,-44833.6,-22293.9,1405.1,-116.38,1.147
R299,poplar,-43782.8,-22012.2,1385.2,-9.73,1.133
R300,poplar,-41765.5,-21701,1354,57.48,0.903
R301,elm,-41101.6,-22142.5,1358.2,-15.48,1.1
R302,elm,-40738,-21774.8,1324.7,-64.92,0.962
R303,pine,-38994.9,-22260.3,1453.2,-26.34,1.022
R304,poplar,-37968,-21721.9,1387.1,-13.08,1.117
R305,pine,-65130.7,-21006,6634,87.66,0.858
R306,poplar,-64699,-21320.3,6623.5,-39.35,1.124
R307,elm,-60773.9,-21352.8,5128.1,-98.15,1.15
R308,pine,-57642.8,-21044.5,3597.1,40,0.907
R309,poplar,-56726.5,-21251.7,3212,15.81,1.081
R310,pine,-53360.3,-21389.6,2654,-61.16,0.942
R311,poplar,-51032.1,-21351.4,2784.6,-115.29,1.091
R312,elm,-50448.6,-21348.3,2768,-196.44,1.006
R313,pine,-48560.3,-21271.7,2407,-215.4,0.978
R314,elm,-48098.8,-21373.3,2231.2,22.18,0.856
R315,pine,-41922.6,-21500.3,1335.8,-190.61,1.06
R316,poplar,-41387.1,-21387.9,1350,-253.37,0.807
R317,pine,-39217.1,-21498,1441.6,-209.22,1.073
R318,elm,-36610.2,-21274.1,1388.2,-144.2,1.188
R319,poplar,-67675.9,-20451.8,6796.9,-7.87,1.181
R320,pine,-64955.2,-20443,6686.1,-50.29,0.934
R321,poplar,-63251.4,-20297.4,5983.1,-234.18,0.988
R322,elm,-61440.4,-20570.2,5609.1,-175.1,0.815
R323,poplar,-60925.6,-20270.1,5543.8,-136.22,0.916
R324,elm,-59079.3,-20213.3,4437.2,-63.25,1.068
R325,poplar,-58656.6,-20258.4,4152.3,-48.66,1.123
R326,pine,-57926,-20346.4,3762.1,24.63,1.09
R327,poplar,-56951.3,-20451.4,3303.4,-71.19,1.016
R328,poplar,-54160.8,-20661.7,2708.7,6.13,0.999
R329,elm,-53232.4,-20405.2,2884.3,-208.69,1.189
R330,elm,-52528,-20772.5,2968.6,53.23,0.821
R331,elm,-51623.5,-20464.3,2966.2,51.56,0.876
R332,poplar,-50152.8,-20598.8,2798.6,61.02,1.154
R333,poplar,-47814.6,-20530.7,1939.9,75.22,1.093
R334,elm,-47006,-20788.3,1773,-72.94,0.877
R335,pine,-45244.2,-20440.8,1452.2,-119.8,1.139
R336,poplar,-43966.8,-20634.7,1424.9,47.67,0.999
R337,pine,-42532.5,-20400.1,1361.2,-140.44,1.159
R338,pine,-41032,-20391.6,1336.5,-134.18,1.165
R339,poplar,-37587.8,-20411.2,1402.6,-224.97,1.095
R340,poplar,-66579.9,-19464.9,6465.3,-137.87,0.974
R341,pine,-65019.6,-19649.1,6484.4,-218.12,0.956
R342,pine,-63684.7,-19595.8,6188.5,-86.65,1.009
R343,poplar,-63173.2,-19892.7,5889.3,-169.18,0.822
R344,pine,-61300.1,-19845.7,5686.9,-212.44,0.881
R345,elm,-58009,-19704.5,3868.1,78.9,0.849
R346,poplar,-57098.2,-19806.9,3474.9,-169.94,1.168
R347,poplar,-56419.2,-19864.8,3325.8,-210.29,0.904
R348,poplar,-50070,-19797.7,2726.7,60.84,0.812
R349,poplar,-48178.3,-19836.6,1868.9,11.69,0.896
R350,pine,-46375.5,-19955.2,1536.5,-184.84,1.024
R351,elm,-45559.6,-19953,1403.5,-89.32,0.987
R352,pine,-41263.5,-19974.4,1323.5,-33.15,1.11
R353,elm,-40552.2,-19994.3,1358.5,-176.99,0.876
R354,poplar,-39666.6,-19945,1464.9,-191.77,1.124
R355,elm,-64792.8,-19233.6,6325.3,-6.87,0.837
R356,poplar,-63545.8,-19026.3,5961.8,-53.9,0.877
R357,pine,-61676.4,-18997.6,5684,-231.05,0.902
R358,elm,-60138.1,-18854.1,4942.3,-246.67,1.009
R359,pine,-59066.4,-18746.1,4318,51.95,0.991
R360,pine,-58216,-19010.3,3928.2,-78.17,1.025
R361,poplar,-57957.9,-19230.7,3824,-154.82,1.045
R362,elm,-56735.2,-18716.4,3470.7,45.54,1.185
R363,pine,-55605.4,-19045.4,3467.2,-152.6,1.101
R364,poplar,-53745.6,-18842.1,3115.7,18.19,1.115
R365,elm,-53427,-18714.7,3073.4,-41.41,0.846
R366,pine,-50409.4,-18774.9,2677,65.56,0.923
R367,elm,-47824.9,-18842.5,1617.4,-42.11,1.069
R368,elm,-47342.4,-19212.7,1595.8,-114.23,1.009
R369,elm,-46451.4,-18867.4,1368.5,-8.19,1.157
R370,elm,-45164,-18767.6,1243.9,-256.66,0.979
R371,poplar,-42827.1,-18902.2,1324.2,4.65,1.195
R372,elm,-66470.7,-18331,6215.3,-139.72,0.935
R373,pine,-64283.1,-18019,6149.6,51.47,0.913
R374,poplar,-62794.4,-18279.8,5454.6,-9.86,1.081
R375,elm,-61548.8,-18017.5,5400,10.92,0.899
R376,poplar,-61025.9,-18353.7,5251.2,-59.3,0.847
R377,pine,-59852.3,-18350.9,4669.5,6.49,0.998
R378,elm,-58499.2,-18543.3,4074,-107.1,0.812
R379,pine,-56291.6,-18415.4,3470.7,-144.64,0.887
R380,elm,-54563,-18354.1,3561.7,-170.23,0.862
R381,elm,-53248.4,-18188.3,3214.8,-249.08,1.175
R382,elm,-52617.2,-18361.5,3114.6,-9.47,1.187
R383,elm,-51784.7,-18497.5,3202.5,-103.25,0.889
R384,pine,-49672.3,-18476.2,2197.9,20.52,1.184
R385,elm,-48216.8,-18396.8,1672,-259.5,1.065
R386,poplar,-45463.9,-18133.5,1224.4,-78.42,0.963
R387,poplar,-45192.1,-18352.6,1238.5,37.05,0.929
R388,elm,-43403,-18093.1,1217.2,21.34,0.854
R389,pine,-41199.6,-18530.8,1391.2,23.09,0.827
R390,poplar,-38702.7,-18021.7,1480.2,-7.12,1.182
R391,elm,-63967.8,-17767,5917.5,-177.44,0.846
R392,pine,-60639.2,-17224.6,4979.3,-111.58,1.163
R393,poplar,-60039.8,-17552.8,4739.7,-81.3,1.04
R394,poplar,-59006.3,-17595.1,4441.3,8.61,0.914
R395,elm,-57763.8,-17689,3924.9,85.24,0.884
R396,pine,-57229.3,-17570.9,3689.9,-259.82,0.931
R397,pine,-54292.6,-17736.8,3598.3,-166.71,0.91
R398,elm,-53376.1,-17487.3,3380.2,-111.57,1.173
R399,elm,-52238.6,-17217.3,3267.7,-143.33,1.002
R400,elm,-51857.7,-17650.2,3157,56.72,1.136
R401,elm,-50977.6,-17223.1,2619.5,-109.05,0.801
R402,elm,-50170,-17778.1,2240.9,-89.01,1.084
R403,elm,-47359.8,-17468.8,1407.7,3.84,1.194
R404,pine,-46389.3,-17647.6,1246.9,-123.46,1.03
R405,pine,-43362.2,-17757.8,1159.3,-4.92,1.061
R406,poplar,-41273,-17773.1,1339.3,-103.86,0.981
R407,poplar,-40532.3,-17743,1388.2,75.66,1.117
R408,elm,-38955.2,-17623.1,1424.1,-50.26,1.113
R409,pine,-66011,-16923.4,5977.3,79.84,0.947
R410,elm,-64478.8,-16824.4,6024,-36.08,1.033
R411,poplar,-63150.1,-16927.4,5280.4,-213.69,1.17
R412,poplar,-61799.3,-16849.6,5356.7,-133.43,0.875
R413,elm,-60455.6,-16772.3,5033.4,-246.08,0.862
R414,poplar,-60124.1,-16865.5,4854.7,-195.86,0.881
R415,elm,-58587.5,-16466,4609.2,-172.17,1.116
R416,elm,-55242.4,-16827.9,3522.8,-237.57,1.115
R417,elm,-53888.7,-16709.2,3446.2,60.57,0.882
R418,poplar,-53378.3,-16855.5,3361.7,-236.67,0.823
R419,pine,-51815.1,-16621.9,3010,-96.91,0.932
R420,poplar,-50152.1,-16873.3,2353.6,-229.91,0.914
R421,poplar,-48896.4,-16569.3,1955.7,-266.12,0.805
R422,elm,-47149.4,-16568.7,1315.5,-22.22,0.848
R423,elm,-46246.6,-16768.3,1236.3,-18.82,0.802
R424,pine,-45456.8,-16722.7,1179,-225.21,0.951
R425,poplar,-44424.1,-17034,1128.5,79.04,1.059
R426,elm,-41365.3,-16619.8,1209.3,-81.92,1.062
R427,poplar,-40664.2,-16768.8,1235.7,80.83,0.941
R428,elm,-38486.6,-16971.2,1336.5,-99.38,1.098
R429,poplar,-69103.2,-16236.5,6491.2,51.96,1.093
R430,elm,-65211.3,-16106.2,6007.7,-128.15,1.074
R431,pine,-64589,-16212.6,5928.3,-77,0.918
R432,poplar,-63550.1,-16001.3,5210.7,-269,1.089
R433,pine,-63141.1,-15708.7,5280.7,-240.1,1.059
R434,elm,-62320.7,-16151.6,5205.8,72.2,1.183
R435,pine,-61780.9,-15800.3,5317.6,-80.75,1.176
R436,poplar,-60953.6,-15850.4,5454.3,-96.49,1.119
R437,elm,-60281.2,-16111.3,5418.9,-71.38,1.046
R438,pine,-58233.8,-15812.9,4672.7,-263.99,1.036
R439,pine,-55253.5,-16250,3432.4,-159.7,1.139
R440,pine,-54207.6,-15707.9,3387.4,-231.53,1.159
R441,pine,-53355.3,-16173.3,3427.3,-11.67,1.194
R442,elm,-52408.9,-15962.5,3348,-26.42,0.906
R443,poplar,-51158.1,-16160.5,2629.4,-233.51,1.15
R444,poplar,-50523.7,-15890.8,2413.3,53.35,0.84
R445,poplar,-49360,-15966.2,2210.2,50.53,1.043
R446,elm,-49001.7,-15845.5,2071.1,42.19,0.884
R447,pine,-47106.4,-16158.2,1325.2,-145.64,0.907
R448,elm,-46675.9,-16081.5,1265.8,-123.48,1.149
R449,poplar,-44418.1,-15808.4,1160,-267.35,0.832
R450,elm,-43653.5,-15931.9,1180.8,-190.35,1.073
R451,pine,-42601,-15742.6,1186.2,-100.78,0.816
R452,elm,-41003.4,-15905.5,1186.8,52.39,1.147
R453,elm,-40527.6,-16289.2,1237.1,25.99,1.124
R454,elm,-39625.5,-16188.5,1251.5,-150.44,0.85
R455,pine,-39260.9,-16225.6,1277,43.47,0.96
R456,pine,-65943.7,-15459.2,6033.2,76.42,0.863
R457,pine,-63788.5,-15257.1,5175,-166.49,0.936
R458,poplar,-62220.3,-15094.5,5523.8,-165.92,0.988
R459,poplar,-61545.7,-15079.6,5579.1,-67.36,1.047
R460,elm,-60519.9,-14996,5326.7,-225.89,0.915
R461,pine,-60189.7,-15266.2,5319.9,41.46,0.818
R462,pine,-59134.2,-15367.1,4809.5,-21.52,1.09
R463,elm,-57946.7,-15008.3,4167.8,-183.74,1.076
R464,elm,-57207.6,-15381.2,4133.1,-25.74,1.041
R465,pine,-56192.8,-15098.2,3677.5,-34.69,0.87
R466,pine,-55244.2,-15371.3,3523.4,-195.71,1.018
R467,pine,-54460,-15317.8,3416.3,15.66,0.805
R468,elm,-53809.8,-15546.5,3439,28,0.946
R469,pine,-53427.7,-15072.1,3358.8,75.4,0.92
R470,pine,-52268.2,-15245.3,3321.1,-102.79,0.919
R471,elm,-47942.2,-15217.8,1620.7,26.21,1.151
R472,elm,-46403.2,-15229,1268.1,66.03,1.152
R473,elm,-45988.1,-15077.1,1204.4,-161.34,1.061
R474,poplar,-41801.4,-15148.5,1229.2,-164.45,1.028
R475,elm,-40693.3,-15117.2,1170.3,-82.36,0.942
R476,elm,-40044,-15003.8,1228.3,-42.44,0.916
R477,pine,-67252.2,-14383.3,6222.7,-263.89,0.934
R478,elm,-64334.4,-14578.2,5457.8,-29.63,0.945
R479,elm,-63024.6,-14638.3,5461.9,-243.26,0.9
R480,poplar,-62370.8,-14662.5,5560.5,-7.89,1.003
R481,elm,-59210.8,-14636.2,4622,10.41,1.132
R482,pine,-58702.4,-14453,4224.7,-131.7,0.812
R483,elm,-53351.2,-14705.1,3293.3,-64.65,0.896
R484,elm,-52015.6,-14589.5,3133.4,-216.94,0.824
R485,poplar,-49400.4,-14738,2064.7,-51.66,1.027
R486,elm,-48107.4,-14359.2,1633.3,-82.19,1.188
R487,pine,-45739.9,-14734.2,1212.3,-269.85,1.194
R488,pine,-45113.3,-14219,1231.1,-178.03,0.97
R489,pine,-44028.2,-14488.9,1173.3,-90.76,1.008
R490,elm,-43346.3,-14346.7,1183.1,-238.31,1.026
R491,elm,-42969.6,-14494.5,1169.8,-173,0.849
R492,elm,-40272.6,-14444.9,1222.1,57.73,0.832
R493,pine,-39543.8,-14695.5,1276.2,-164.27,0.967
R494,poplar,-38349.6,-14739.2,1301.6,-250.37,1.089
R495,poplar,-64246.3,-13670.8,5429.1,-117.25,1.104
R496,elm,-59891.3,-14004.2,4841.3,-122.78,0.935
R497,pine,-58556.1,-13537.4,4006.5,-205.43,1.058
R498,pine,-57650.2,-14041.7,3794.6,-11.52,0.831
R499,poplar,-56825.6,-13608.2,3531.7,51.71,0.992
R500,elm,-55470.2,-13665.5,3084.2,-204.09,1.072
R501,elm,-54964.7,-13552.2,2913.6,-206.74,1.156
R502,elm,-52648.6,-13958.7,3081.5,-91.2,0.829
R503,elm,-50911.2,-13650.5,2112.5,-118.11,0.989
R504,elm,-50505.2,-13519.7,1867.4,-181.82,1.179
R505,poplar,-49336.5,-13848.3,1826.9,-23.23,0.999
R506,elm,-48633.7,-13680.6,1644.4,71.41,1.129
R507,poplar,-48261,-13937.2,1597.2,84.45,0.814
R508,elm,-47052.8,-13683.4,1328.8,-205.41,1.176
R509,elm,-46309.5,-13503.8,1264.2,43.74,0.932
R510,pine,-45905,-13882.3,1255.1,-134.48,1.022
R511,elm,-45161.2,-13812.6,1238.7,-38.38,1.168
R512,elm,-43206.2,-13875.5,1139.3,-253.06,0.846
R513,poplar,-42865.3,-13695.7,1091.6,-154.85,0.845
R514,elm,-41458.3,-14018,1153.6,-182.33,1.171
R515,pine,-38451.7,-13546.6,1254.5,-21.37,0.942
R516,poplar,-66747.9,-12967.4,6484.4,-160.12,1.152
R517,poplar,-64492.9,-13180.2,5518.8,-154.92,0.973
R518,pine,-60681,-12777.3,5052.9,15.21,0.866
R519,elm,-59929.2,-12757,4773.8,42.63,0.92
R520,pine,-57772.5,-12911.5,3638,46.92,0.899
R521,poplar,-57193.4,-13092.6,3563.1,-166.72,1.163
R522,poplar,-53923.4,-13061.7,2695.2,80.92,0.862
R523,elm,-51846.3,-12908.3,2074.6,34.77,1.196
R524,poplar,-50278.9,-12895.5,1654.9,6.78,0.921
R525,poplar,-47731,-12767.4,1395.6,-158.12,0.897
R526,poplar,-47473.2,-12729.7,1358.9,-124.24,1.179
R527,pine,-46300,-12751.7,1260,8.62,0.939
R528,elm,-46014,-12953.1,1236.8,-253.88,1.029
R529,pine,-44864.5,-12808.4,1179.8,-72.68,0.987
R530,elm,-42999.1,-12737.8,1049.8,-4.17,1.096
R531,elm,-41045.6,-12790.9,1009.3,-236.25,1.148
R532,poplar,-40743.7,-12993.2,1040.4,-241.02,0.891
R533,elm,-65445.2,-12484.2,5821,48.15,1.126
R534,pine,-60200.7,-12519.8,4884.7,-149.79,0.908
R535,poplar,-59503.8,-12479,4661.8,34.27,1.028
R536,poplar,-58452.9,-12348.7,3966.3,-148.43,0.811
R537,elm,-57551.1,-12327.2,3593.8,-13.58,1.108
R538,pine,-56326.6,-12273.7,3098,-149.59,0.802
R539,pine,-55536.5,-12291.9,2884.9,77.93,1.087
R540,elm,-54031.5,-12523.6,2669.4,-35.05,0.936
R541,elm,-52956.8,-12069.1,2230.8,-24.83,1.159
R542,poplar,-51940.2,-12320.5,1826.1,-153.56,0.99
R543,elm,-51090.8,-12462.8,1675.1,-21.34,0.889
R544,pine,-49231.9,-12378.4,1498.2,-264.28,0.954
R545,pine,-48523.5,-12485.2,1484.6,39.02,1.031
R546,pine,-42545.7,-11993.4,1012,-203.05,1.017
R547,poplar,-42014.4,-12223.1,1012.7,-227.16,1.011
R548,pine,-64699.8,-11544,6453.2,13.55,0.957
R549,elm,-59007.2,-11783.4,4561.3,68.75,0.958
R550,pine,-56358.5,-11281.9,3038.6,-256.62,0.865
R551,poplar,-55220.3,-11527,2640.7,-99.93,0.975
R552,poplar,-54981,-11435.1,2620.5,-149.77,0.964
R553,elm,-54060.4,-11267.3,2420.6,71.48,0.957
R554,pine,-53019.7,-11596.1,2109.9,-16.76,1.186
R555,pine,-51743.7,-11290.6,1602.2,16.08,0.989
R556,pine,-51095.8,-11254.6,1585.4,-244.3,0.87
R557,poplar,-48568.6,-11458.1,1417.6,-42.68,1.105
R558,elm,-47546.1,-11476,1360.2,-47.07,1.073
R559,pine,-46409.6,-11794.9,1260.2,-0.41,0.886
R560,pine,-44899.5,-11246.9,1162.9,49.22,0.921
R561,poplar,-44012.6,-11645,1065.6,-45.75,1.041
R562,pine,-43221.7,-11216.1,973.8,83.94,0.86
R563,poplar,-64245.8,-10859,6653.1,-7.78,0.958
R564,elm,-63969.6,-10798.3,6485.7,-226.93,1.016
R565,pine,-61008.9,-11004.3,5260.6,-91.68,1.028
R566,elm,-59343.5,-10907.6,4737.5,-210.96,1.037
R567,pine,-58324.9,-10704.4,4458.7,21.77,1.107
R568,pine,-57013,-10971.6,3588.8,-238.05,1.09
R569,poplar,-54098.7,-10677.9,2419.7,-35.6,0.966
R570,elm,-52375.5,-10565.2,1704.9,-251.21,0.846
R571,poplar,-51642.9,-10850.7,1598.6,-108.54,0.997
R572,pine,-50025.2,-10912.1,1586.9,-92.8,0.971
R573,pine,-49778.8,-10524.6,1580.1,-33.21,0.975
R574,poplar,-48881,-10513.1,1460,-217.75,1.005
R575,pine,-47909.4,-11022.5,1408,-217.08,1.106
R576,pine,-45828.5,-10591.3,1224.7,-19.92,1.181
R577,poplar,-45011.3,-10566.7,1161.2,-157.95,0.814
R578,poplar,-44310.7,-10818.5,1068.1,-217.68,1.027
R579,pine,-43479.8,-10928.3,975.5,-5.19,0.991
R580,pine,-41225.2,-10498.2,909.8,48.82,0.909
R581,elm,-60092.6,-10100.4,4806,-14.69,0.985
R582,poplar,-57798.1,-9739.1,4139.5,-52.23,0.999
R583,elm,-56497.2,-9844.4,3647.4,16.97,0.99
R584,pine,-55472.6,-10095.9,2873.5,-112.08,0.966
R585,elm,-54922.8,-9878.9,2719.9,-227.56,0.993
R586,elm,-54178.1,-9967.8,2519.9,-40.96,1.149
R587,poplar,-53368.2,-9889.1,2071,45.98,0.872
R588,pine,-51786.7,-10178.7,1654.8,2.71,0.978
R589,elm,-51124.9,-10269.8,1625.5,32.81,0.947
R590,poplar,-49339.2,-9821,1526.3,-267.81,1.091
R591,elm,-48633.8,-9886.3,1437.8,1.93,1.035
R592,pine,-41377.5,-9873.5,885.1,84.09,1.116
R593,poplar,-59318.3,-8997.6,4570.8,13.09,0.877
R594,elm,-57963,-9167.7,4233.6,-255.34,0.97
R595,elm,-55657.3,-9391.5,3028.8,54.33,0.897
R596,poplar,-54532,-8961.7,2490.3,-140.41,1.049
R597,elm,-53105.6,-9329.9,1888.9,4.06,0.888
R598,elm,-50887.6,-9002.5,1734.8,-158.02,1.009
R599,pine,-50256.6,-9345.7,1596,-210.62,0.804
R600,elm,-47435.9,-9024.9,1329.6,-251.83,0.961
R601,pine,-42713.1,-9422.2,925.1,26.63,0.923
R602,pine,-57625.4,-8363.9,4261.6,-212.36,1.191
R603,elm,-53970.2,-8396.8,2223.1,-48.01,0.858
R604,elm,-50496.5,-8231.5,1832.9,-86.71,0.89
R605,elm,-48665.5,-8343.1,1583.9,-139.71,0.942
R606,pine,-38223.1,-8796.1,853.8,-20.26,0.824
R607,poplar,-59736.4,-7822.7,4679.6,-226.74,0.985
R608,pine,-53795.7,-7723.2,2181.7,-212.84,1.069
R609,elm,-53251.8,-7544,2034.8,-201.4,1.073
R610,elm,-51987.1,-7978.8,1854.5,-67.85,0.811
R611,pine,-49463.1,-7652.6,1721.4,-211.5,1.169
R612,elm,-48195.9,-7500.4,1505.1,-165.85,0.865
R613,pine,-45566.2,-7897.3,1178.5,-237.91,0.995
R614,elm,-57816.8,-7257.5,4172,71.44,0.878
R615,elm,-54251.6,-7088.3,2325,-164.53,0.953
R616,poplar,-52775.9,-6735.3,1968.6,76.36,0.901
R617,poplar,-49652.9,-6925.2,1693.8,-267.3,0.984
R618,poplar,-54252.2,-6174.2,2530,-124.73,0.821
R619,pine,-43516.8,-6010.5,938.2,-38.85,0.927
R620,pine,-60116.6,-5756.2,5543.4,-242.41,0.862
R621,elm,-55308.1,-5788.3,3243.8,-210.41,0.918
R622,pine,-54585.5,-5545.7,2890.7,76.03,1.025
R623,poplar,-51821.5,-5274,1968.5,89.76,1.121
R624,elm,-44412.8,-5495.4,914.2,22.79,1.048
R625,poplar,-42718.6,-5706.3,872.7,-97.34,0.922
R626,elm,-54138.6,-4660.1,3121.3,-6.02,0.846
R627,pine,-50000.8,-4880.5,1738.4,-42.13,1.038
R628,elm,-54884.6,-4036.8,3644.3,-74.2,0.848
R629,elm,-49992.6,-4222,1739,-51.65,1.183
R630,elm,55171.9,23019.3,1582.9,-239.55,0.903
R631,pine,40492.9,23966.8,1045.3,19.57,1.123
R632,pine,41114.3,24330.4,953.3,-178.36,0.91
R633,pine,48600.1,24062.2,1109.4,-192.65,1.024
R634,pine,41293.2,25145.3,997.4,18.32,1.074
R635,elm,47756.9,25126,1145,-243.66,0.926
R636,pine,51542.8,24909.1,1281.3,37.15,0.999
R637,pine,52018.1,24835.4,1332.5,-148.84,1.037
R638,elm,52804.7,24756.7,1402.5,82.47,1.04
R639,pine,47539.8,25865.9,1257.9,-215.26,0.944
R640,pine,50219.1,25974.5,1269.4,-126.49,1.134
R641,pine,43407.1,26218.6,968.8,-228.31,0.905
R642,pine,44777.7,26521,1035.7,15.32,1.122
R643,pine,45444.1,26634.3,1116.1,-266.66,1.075
R644,pine,51014.8,26313,1384,52.78,1.145
R645,pine,52257.7,26755.5,1498.1,42.21,1.076
R646,elm,39574.5,27387.4,1017.8,-131.13,0.918
R647,pine,40452.3,27337.7,1055.2,-114.53,1.023
R648,pine,41841.6,27166.1,1000.9,-120.73,0.982
R649,pine,43897.9,27170.3,1084.1,-196.2,0.9
R650,elm,44457.4,27072,1103.7,21.79,1.018
R651,pine,45303.5,27273.3,1117.9,-46.03,0.871
R652,pine,46389,27501.9,1227.5,-222.07,0.938
R653,elm,49527.9,27446.4,1322.7,-264.99,0.866
R654,pine,50710.7,27109.3,1285.2,-247.63,1.055
R655,elm,52246.2,27369.3,1582.8,15.49,1.119
R656,pine,52790.2,27029.7,1600.4,-163.38,0.885
R657,pine,40934.3,28273.9,1043.1,-135.69,0.938
R658,elm,43752.1,27975.9,1070.7,-150.76,0.844
R659,elm,44467.4,27930,1115.7,-170.35,1.09
R660,pine,47553.2,27745.3,1324.2,-180.1,1.028
R661,elm,49849.4,28260.9,1295.2,-98.55,1.166
R662,elm,52109,28096.4,1675.6,-217.64,1.054
R663,elm,53005.2,27881.4,1697.6,-255,1.065
R664,elm,40285.4,28553.9,1061,-100.54,1.183
R665,pine,41843.2,28835.3,1002.7,-195.34,1.131
R666,elm,43894.3,28465.7,1058.2,-38.71,1.093
R667,pine,44526.9,28822.3,1101,-197.81,0.924
R668,elm,46954.2,28883.2,1270.3,-28.34,0.826
R669,elm,47934.8,28942.3,1329.2,-147.65,0.883
R670,pine,49056.8,28656.9,1338,-60.61,1.104
R671,pine,50904.1,28701.1,1540.9,13.99,1.179
R672,elm,57703.1,28472.8,2786.3,-125.8,0.893
R673,elm,59759.7,28463.2,3849.4,-143.93,1.065
R674,elm,42470.5,29495.7,1003.5,0.35,0.88
R675,pine,44252.2,29617.2,1100.5,-213.96,1.193
R676,elm,44703.4,29388.8,1126.8,-125.71,0.969
R677,elm,45540.5,29275,1174.8,-175.44,0.835
R678,elm,48574.5,29517.7,1404.1,-203.74,0.988
R679,pine,50871.7,29265.1,1595.7,52.63,0.879
R680,elm,53097.6,29283.1,1749,-98.86,0.957
R681,elm,53461.8,29426.1,1751.4,76.58,0.832
R682,elm,57359.2,29443.1,2909.4,-204.68,1.136
R683,pine,58200.3,29749.2,3467.6,-134.14,0.907
R684,pine,59115.5,29356.2,3894.4,-90.85,1.134
R685,pine,59819.5,29445.1,4229,-53.1,0.965
R686,elm,35214.2,30549.3,918.1,83.99,0.897
R687,elm,41024.5,30031.2,985.4,-136.68,1.12
R688,elm,41779.3,30241.7,984.5,-257.85,0.943
R689,pine,42383.3,30344.5,969.7,72.92,0.871
R690,elm,43441.1,30471.4,1083,-150.24,1.11
R691,pine,44776.5,29970.3,1163.7,41.16,1.19
R692,elm,45308.4,30095,1250.3,-99.04,0.826
R693,elm,47642,29975.4,1332.3,-245.77,0.874
R694,elm,50051,30405.2,1571.6,-189.02,0.825
R695,pine,50971,30461,1565.7,-253.31,1.112
R696,elm,51397.2,30260.7,1660.7,-236.8,1.136
R697,elm,52360.5,30274.9,1680.1,88.91,0.916
R698,elm,52787.6,30058.9,1676.3,-42.94,0.871
R699,pine,53791.4,30129.9,1722.3,78.19,1.15
R700,elm,54229.5,30293,1772.4,39.48,1.047
R701,pine,55807.7,29971.1,2301.3,-17.4,0.967
R702,pine,58771.9,30397.3,3795.6,-89.83,0.907
R703,elm,60577.2,30286.5,4105.5,-40.66,0.816
R704,elm,35628.6,31129.4,942.1,-157.25,1.124
R705,elm,42210.6,31122.9,998.3,-210.93,1.045
R706,elm,45794.9,30892.9,1233,-10.01,0.885
R707,pine,46356.7,31279,1267.2,-145.44,1.153
R708,elm,47470.2,31139.2,1398.2,-12.43,1.044
R709,pine,48225.4,31134.1,1464,-57.93,0.877
R710,pine,49378.4,31038.5,1517.6,-121.21,1.018
R711,elm,49763.8,31253.4,1559.3,-181.32,0.854
R712,elm,50520.3,30849,1546.6,35.32,1.095
R713,pine,55001.5,31223.9,1927.9,-44.79,0.876
R714,pine,56060.2,30926.3,2327.6,7.38,0.982
R715,pine,56912.2,30950.7,2764.8,20.74,0.829
R716,elm,41793.2,31803.3,1117.6,38.54,0.872
R717,pine,42407.3,31952.8,1103.2,-87.44,0.923
R718,pine,43789.9,31953.4,1159.1,-215.93,0.815
R719,pine,45763.9,31777.4,1327.1,48.47,0.829
R720,pine,45997.9,31557.6,1308.7,-62.7,0.926
R721,pine,46890.9,31825.7,1364.2,-263.9,1.047
R722,elm,47653.8,31631.7,1478.4,7.77,0.81
R723,elm,48665.3,32049.8,1438,-114.66,0.856
R724,pine,49812.4,32007.5,1598.9,-211.63,0.856
R725,pine,50580.6,31637.1,1575.3,-264.3,0.955
R726,elm,53883.3,31576.2,1665,-103.69,0.802
R727,elm,55430.4,31642,2061.2,50.82,1.171
R728,elm,36624.9,32253.3,939.6,-193.63,1.172
R729,elm,40423.6,32274.5,1025,-63.27,1.076
R730,elm,41782.5,32395.6,1185.3,-164.22,0.962
R731,elm,43165.8,32475.7,1183.3,-176.09,0.988
R732,pine,43837.7,32229.3,1183.6,-171.4,0.97
R733,elm,46212.5,32242.9,1382.4,72.36,1.033
R734,elm,49407.3,32734,1592.2,-199.04,1.069
R735,pine,51768.2,32618.6,1633.9,-80.06,1.052
R736,pine,53543.7,32207.4,1670.6,59.86,0.865
R737,elm,55798.5,32592.9,2222.8,-59.54,0.913
R738,pine,57777.9,32455,3131.2,-215.28,1.092
R739,elm,59869.6,32685.1,3117.1,-83.81,1.122
R740,elm,61501.4,32772.8,3210.7,52.38,0.898
R741,pine,61751.9,32306.6,3245.8,-225.11,1.085
R742,pine,39682,32967.7,1002.8,-207.39,1.075
R743,pine,40161.3,33166.1,1057.4,-200.1,1.056
R744,pine,40986.8,33503.9,1180.7,18.47,0.991
R745,elm,43369.2,33071.8,1324.9,-151.71,1.123
R746,elm,45760.2,33306,1564.7,-219.55,1.032
R747,elm,46874.8,33411.7,1626.3,-8.72,0.856
R748,elm,49781.8,33483.7,1764.5,-136.63,1.16
R749,elm,51693.2,33181.2,1696.7,-191.19,0.982
R750,pine,51982.4,32966.7,1665,-13.07,0.985
R751,pine,52929.9,33181.6,1679.3,-24.82,1.078
R752,pine,53950,33224.9,1622.5,-224.32,0.98
R753,pine,55105,33452.7,1905.4,-157.08,0.811
R754,elm,55777.8,33205.3,2182.8,-24.98,0.899
R755,pine,58135.9,33005.5,2968.8,-228.72,1.039
R756,pine,58908.6,33404.7,2806.4,82.77,1.082
R757,pine,59518.7,33503,2838.6,-27.91,0.906
R758,pine,38824,33906.4,957.4,-22.67,1.091
R759,pine,39616.1,33999.4,1084.4,70.39,0.962
R760,elm,40006.2,34285.6,1132.8,-168.19,0.844
R761,elm,40952.1,33859.7,1190.5,-191.41,1.136
R762,elm,42608.8,33874.6,1409.5,63.64,1.188
R763,pine,43935,34014.4,1641.6,-35.78,1.104
R764,pine,44713.6,34224.8,1655.7,18.3,0.942
R765,elm,45716.3,33708.8,1652.2,-217.06,1.071
R766,elm,49029,33891.7,1888.2,87.46,1.179
R767,elm,50204.1,34085.6,1756.6,-32.3,1.15
R768,pine,50479,34108.3,1729.2,-132.9,1.114
R769,pine,51514.4,34290,1765.7,65.72,1.165
R770,elm,52807.8,34193.7,1816,-22.42,1.11
R771,pine,53450.5,34134,1734.8,-235.14,0.863
R772,pine,54466.2,34162.3,1731.4,-37.46,1.187
R773,pine,55369.9,33977.5,1980.4,9.46,0.953
R774,elm,56973.7,34294.8,2563.3,2.69,0.839
R775,elm,57464.1,34155.1,2643.6,-248.91,0.894
R776,elm,58303.3,34269.6,2584.7,-59.23,0.873
R777,elm,60674.2,34286.1,2902.1,-112.97,1.127
R778,pine,61312.4,34096.9,3090.1,22.08,1.048
R779,pine,34509.9,34846.2,1029.4,-67.02,0.884
R780,pine,38764.9,34944,1064,-58.91,0.807
R781,elm,39386.2,34742.6,1160.9,10.78,0.866
R782,pine,41655.5,34748.1,1322.3,-43.45,1.114
R783,elm,42612.2,34956.3,1468.3,46.83,0.833
R784,elm,44193.4,34621.3,1750.2,-171.06,0.835
R785,elm,44527.8,34940,1731,-162.02,0.972
R786,pine,46844.6,34765.8,1845,25.67,0.951
R787,elm,47830.1,34696,1880.8,-31.95,1.181
R788,pine,49377,34816.1,1916.5,-8.98,0.883
R789,elm,50081.8,34682.1,1824.9,1.3,1.027
R790,elm,50843.6,34626.3,1826.2,-186.54,0.928
R791,elm,52354.3,34897.8,1884.8,-181.27,1.089
R792,pine,52839.7,34917.6,1878.5,-162.1,0.896
R793,elm,53708.1,34885,1843,37.57,0.873
R794,pine,54536.6,34681.5,1844.5,83.59,1.01
R795,pine,55258.9,34782.6,2015.4,28.47,1.11
R796,elm,55960.8,34520.9,2213.8,22.19,1.168
R797,pine,57417.7,34860.2,2478,-216.19,0.937
R798,elm,58467.5,34940.6,2407.9,-243.72,1.097
R799,elm,59878.3,34658.8,2714.4,46.95,0.918
R800,elm,33506.3,35281,1118,-90.17,1.181
R801,elm,38746.8,35593.1,1117.7,-251.73,1.042
R802,elm,40753.8,35255.2,1298.6,-3.3,1.069
R803,pine,42365.7,35298.3,1463.3,-180.28,0.812
R804,pine,43198.9,35366.4,1608,-36.46,0.908
R805,elm,44243.6,35614.1,1700.9,-26.17,1.166
R806,pine,47853.2,35460.2,1918.3,-7.63,1.139
R807,elm,48249.8,35510,1855,-167.81,1.149
R808,elm,49347.9,35464.9,1884.3,-37.67,0.979
R809,pine,51779.7,35640.1,1947.6,24.56,0.915
R810,pine,52167.5,35341.7,1884.1,-267.65,0.865
R811,pine,53024.2,35489.6,1865.1,-54.53,0.926
R812,elm,53766.1,35573.3,1891.8,-142.72,0.969
R813,pine,56284.7,35392.1,2173.1,80.71,0.968
R814,pine,56748.9,35439.4,2221.9,-195.22,0.97
R815,pine,61022.3,35408.9,3108.2,-35.94,0.894
R816,pine,61861.9,35344.5,3267,-173.33,1.041
R817,elm,33983.9,36076.9,1104.9,89.59,1.114
R818,elm,37412.9,36336.3,1279.2,-81.14,0.956
R819,pine,38827.6,36245.2,1259.3,-196.02,1.099
R820,elm,39538.3,36386.3,1339.8,-229.27,0.925
R821,elm,41714.2,36283.5,1562.2,-51.19,1.102
R822,elm,42330.9,36362.1,1558.8,-234.76,0.947
R823,elm,43110.1,36263.1,1627.5,-181.64,1.123
R824,elm,44673.7,36159.1,1686.7,-170.2,1.044
R825,pine,45365.2,36188.5,1740,-26.96,1.18
R826,elm,46122.2,36021.2,1756.5,-139.18,1.024
R827,elm,48310.1,36528.6,1863.6,-61.85,1.155
R828,elm,51242.2,36007.3,2006,-232.89,0.944
R829,elm,52221.6,36387.8,1961.9,-42.13,1.029
R830,pine,52910.3,36105.2,1917.8,20.03,0.926
R831,pine,54216.2,35996.5,1903.6,44.13,1.034
R832,pine,54971.9,36516.1,1848.3,-154.32,0.976
R833,elm,58045,36210.1,2199.4,-197.12,1.058
R834,pine,59124,36281.8,2290.5,-82.85,1.157
R835,pine,32149.3,36927.6,1311,-112.41,0.835
R836,elm,37295.2,36888.3,1396.1,89.42,0.868
R837,elm,38195.1,36735.7,1343,-94.71,0.975
R838,pine,38745.7,37158.2,1399.5,34.88,0.946
R839,pine,40159.4,36820.1,1507.5,-62,0.935
R840,elm,40906.2,36857.3,1538.2,-96.32,1.026
R841,elm,42493.1,37011.5,1623.1,-201.61,1.186
R842,pine,43850.8,36853.6,1637.3,37.25,1.085
R843,pine,44781.1,37158.5,1759.5,-253.02,0.909
R844,pine,45508.8,37249.8,1950.8,-225.85,0.849
R845,pine,47216.6,37072.7,1840.3,-191.16,0.814
R846,pine,50554.5,36920.4,2128.4,38.98,0.809
R847,pine,54975.3,36941.2,1896.7,-87.96,1.122
R848,elm,56689.3,36740.9,2253.9,-164.69,0.907
R849,pine,57496.4,37100.6,2199.1,52.42,1.144
R850,pine,32288.5,37761,1292.3,-145.61,1.138
R851,pine,32843.5,37797.3,1243.4,32.45,1.067
R852,pine,35022.4,37837.6,1372.8,-1.43,1.047
R853,elm,35693.4,37463.2,1364.4,6.24,1.154
R854,pine,37312.9,37610.3,1453.7,36.9,1.049
R855,elm,37955.2,37578.6,1494.2,-64.03,1.113
R856,pine,39519.2,37938.1,1671.1,-156.37,1.196
R857,elm,40068.9,37783.1,1648.2,-172.33,0.978
R858,pine,40793.1,37854.6,1690.6,77.91,0.986
R859,elm,41833.1,37476.1,1675,-6.1,0.97
R860,pine,42688.3,38019,1748,-219.93,1.136
R861,elm,43230.4,38047.2,1911.6,-5.86,1.004
R862,elm,47706,37916.7,2238,-20.55,1.133
R863,pine,48661.4,37616,2242.7,-155.28,0.9
R864,pine,49023.3,37640,2327.2,-114.47,0.823
R865,elm,51775.7,37984.2,2497.9,-32.18,1.126
R866,pine,51981.6,38033,2511.1,25.05,0.901
R867,pine,52962.3,37628,2191.7,-104.32,0.858
R868,elm,54015.7,37535.7,2090,-171.93,0.829
R869,elm,55456.8,37910.3,2174.3,-142.9,0.918
R870,pine,56209.1,37485.4,2138,-176.9,1.084
R871,pine,37407.9,38436.7,1498.2,-177.76,0.875
R872,elm,38008.9,38219,1633.3,-269.11,0.958
R873,elm,39033.3,38431.8,1780,-177.43,1.146
R874,elm,39520.8,38784.3,1852.5,85.67,0.945
R875,pine,40860.6,38355.6,1738.3,-43.56,0.906
R876,elm,41896,38251.5,1917.2,-86.42,1.101
R877,elm,42594.6,38346.1,1919.3,-21.72,0.848
R878,pine,43720.9,38479.4,2368.9,-133.98,1.194
R879,elm,47882.3,38474.4,2749.7,83.47,0.864
R880,elm,48365.4,38317,2734.7,-106.02,1.183
R881,pine,49776,38352.7,2852.6,19.56,1.151
R882,pine,50793.8,38767.9,3091.7,-17.2,0.988
R883,pine,51503.9,38262.3,2785.4,-269.09,1.08
R884,elm,52286.1,38629.2,2960.7,-225.27,0.868
R885,elm,52857.2,38629.9,2706.6,-66.32,1.129
R886,pine,53934.2,38575.3,2435.9,-121.08,0.959
R887,elm,54753.4,38309.6,2241.9,45.5,1.031
R888,elm,34261.3,39407.6,1473,40.44,1.11
R889,pine,37873.8,39002.4,1681,-70.37,1.031
R890,elm,40138,39012.3,1872.1,-179.03,0.967
R891,elm,41907,39530.2,2196,71.59,0.961
R892,pine,44218.9,39529.7,3245.8,-223.47,0.951
R893,elm,44916.9,39376.5,3328.2,-39.49,1.144
R894,elm,47944.4,39213.9,3334.3,-39.45,1.185
R895,elm,48662.9,39473.7,3436.4,77.2,1.128
R896,elm,49535,38962.5,3234.5,-98.95,0.864
R897,elm,50176.5,39121.1,3270.6,-125.23,0.993
R898,pine,51758.3,39198.8,3294.7,-39.92,0.954
R899,pine,53133.2,39135.8,2945.4,-204.48,1.102
R900,elm,53846.4,39226.2,2742.1,-220.73,1.099
R901,pine,55438.3,39424.5,2695,-69.77,1.086
R902,elm,58026.8,38975.7,2315.5,-267.57,0.804
R903,pine,61713.7,39529,2913.1,57.69,0.953
R904,pine,35681.6,40145.6,1541.6,20.95,0.984
R905,elm,36673,39776.5,1607.1,-221.86,1.156
R906,pine,37218.1,40085.9,1720.9,-5.04,1.18
R907,pine,39356.1,40039.3,2178.2,-222.61,0.916
R908,elm,41784.2,40200.3,2392,-5.92,0.976
R909,elm,47806.8,40252,3807.2,-95.71,1.049
R910,elm,48478,39853.4,3667.2,-85.22,1.159
R911,elm,49082.8,39963.4,3703,-93.16,1.072
R912,pine,50219.9,39779.3,3636.4,13.07,1.083
R913,pine,50459.2,39706.2,3593.9,-106.93,0.879
R914,pine,51466.5,39715.3,3557.9,-101.2,0.908
R915,pine,52347,39936.4,3498.2,-240.49,1.05
R916,pine,53485.5,40213.1,3329.1,39.49,1.011
R917,elm,55405.7,39765.1,2754.8,18.76,1.01
R918,pine,56038.7,40268.2,2896.1,67.81,1.175
R919,pine,56885,39789.1,2593.8,-152.38,0.828
R920,pine,58417.9,40064.5,2326.2,1.92,0.891
R921,elm,61394.3,39858.3,2827.2,48.67,0.857
R922,elm,35056.9,40813.1,1698.6,-88.52,1.112
R923,pine,37246.7,40914.9,1853.7,-135.08,1.168
R924,pine,38021,40761.8,2150.5,0.94,0.96
R925,pine,38967.3,40923.4,2327.8,30.38,0.947
R926,pine,39502.3,40567.4,2258.5,2.46,0.946
R927,elm,40363.9,40569.1,2131.9,-204.28,0.891
R928,elm,42556.2,40623.2,3062.5,-11.72,1.031
R929,pine,43498.3,41020.7,3581.9,-30.37,0.822
R930,pine,43774.8,41037.8,3698.2,-261.73,1.079
R931,pine,45574.1,40915.9,3868.5,-192.32,0.863
R932,elm,46153.6,40499.7,3816.4,-227.97,0.922
R933,elm,47834,40723.7,3869.3,-261.11,1.161
R934,elm,48788.5,40803.1,3860.7,74.8,1.166
R935,pine,50972.4,40611.3,3847.1,-198.77,1.031
R936,elm,51606.1,40705.9,3859.1,21.96,0.985
R937,pine,53666.5,40927,3628.5,-121.68,0.856
R938,elm,55825.2,40506.5,3047.7,-234.8,0.835
R939,pine,56927.8,40765.6,2606.1,-113.3,1.113
R940,elm,57614.5,40453.7,2300.2,-138.9,0.878
R941,elm,37338.4,41352.3,2049.6,-167.43,0.834
R942,pine,39979.8,41496.8,2241.7,-9.97,0.937
R943,elm,41782.5,41636.4,2769.2,-99.96,0.807
R944,pine,43106,41605.8,3486.8,80.04,0.968
R945,elm,44989.9,41267.2,3906.6,25.98,0.815
R946,elm,45463.6,41407.4,3879.4,-9.53,1.091
R947,pine,46319.2,41692.6,3884.3,-82.78,0.959
R948,pine,46700.5,41347.9,3874.6,-189.91,1.161
R949,elm,48484.6,41475.2,3901.1,-116.22,0.903
R950,elm,50205.6,41363.4,3910.7,-58.05,0.975
R951,pine,50864.8,41410.4,3905.3,72.32,1.026
R952,elm,53615.3,41203,3731.8,-242.75,0.943
R953,elm,56289.9,41649.3,3036.3,-239.2,0.803
R954,elm,57781.8,41241.9,2346.2,78.83,1.107
R955,elm,58717,41384.3,2311.9,-267.39,1.154
R956,elm,59669.2,41272.2,2471.9,-223.33,1.187
R957,pine,36238.5,42507.1,1846.4,56.7,1.037
R958,elm,37516.2,42108.9,2227.5,-52.1,1.112
R959,pine,39299,42350.5,2563.2,-99.04,1.039
R960,pine,40456,42121.4,2453.1,-171.09,1.175
R961,elm,42685.1,42280.8,3376.6,-41.74,1.048
R962,pine,43798.8,42300.8,3852.9,-24.23,1.038
R963,pine,44588.6,42373.9,3879.3,-24.34,0.982
R964,pine,50590.6,42358.1,3886,-242.71,0.92
R965,elm,51696,42193.6,3865.6,-96.9,1.016
R966,elm,55147.4,42280.7,3178.2,-3.24,0.924
R967,elm,56522.9,42261.8,2850.6,-91.17,0.896
R968,elm,37813.1,42979,2434.4,29.46,1.164
R969,elm,38610.7,42914.6,2603.6,87.08,0.877
R970,elm,40054.8,42825.7,2616,-77.31,0.819
R971,pine,45457.6,42752.3,3907.3,-195.67,0.837
R972,pine,50031.3,42787.3,3908.8,-41.52,0.899
R973,pine,50993.2,42995.5,3886.3,-87.4,1.025
R974,pine,51479.1,42867.1,3887.8,-236.3,0.954
R975,pine,52512.4,43172.6,3771.4,70.69,1.154
R976,elm,58386,42886.8,3029.2,14.99,0.872
R977,elm,37512.9,43872.6,2285.9,-18.08,0.808
R978,pine,40381.7,43782.4,2457.2,5.92,1.181
R979,pine,40930.1,43751.2,2696.9,-154.25,0.914
R980,elm,42440.3,43568.6,3460.4,-149.79,0.97
R981,pine,43064.9,43881.1,3735.7,-106.47,0.937
R982,elm,44066.6,43711.6,3890,-141.38,0.884
R983,pine,44577.1,43522.6,3886.5,33.5,1.173
R984,pine,45361.2,44010.4,3896,30.39,0.953
R985,pine,48694.6,43488.4,3885.7,-138.22,0.932
R986,elm,49078.2,43678.6,3902.7,-247.91,1.175
R987,elm,52136.3,43973.9,3880.4,-144.99,1.047
R988,elm,53765.4,43512.4,3451.1,41.63,1.15
R989,pine,54271.2,43683.6,3105.1,-199.81,0.894
R990,elm,56740.6,43513.8,3082,-236.46,1.151
R991,elm,58478.7,43993.9,3361,63.5,0.955
R992,elm,35688.7,44780.5,2004.1,-249.28,1.069
R993,pine,36521.9,44332.1,2238.2,71.32,0.879
R994,pine,38020.3,44402.8,2592.2,-5.13,0.832
R995,pine,39376.6,44254.9,2522.6,-212.9,1.089
R996,pine,40060.4,44693,2648.7,-259.71,0.879
R997,elm,40952.9,44717.6,2889.5,1.04,1.138
R998,elm,42019.2,44320.4,3262.3,-206.72,1.175
R999,pine,43820.9,44683.1,3927.6,55.99,0.848
R1000,pine,44790.3,44729.1,3903.6,75.4,0.823
R1001,elm,51693.7,44421,3915.6,81.33,1.068
R1002,pine,52809.6,44265,3754,-202.76,1.141
R1003,pine,55845.1,44698.2,3385.7,-20.05,0.822
R1004,pine,57256.5,44374.7,3308.1,24.5,0.9
R1005,pine,37478.9,45086.9,2383.3,71.34,0.827
R1006,pine,39482.2,45074.6,2783.9,3.54,0.882
R1007,pine,40743.9,45271.6,3014.7,81.85,0.932
R1008,elm,43233.8,45271.4,3966,-203.01,1.018
R1009,elm,46525.7,45343.1,3899.5,-7.22,1.109
R1010,elm,49481,45513.4,3892.4,-106.8,1.05
R1011,elm,50221.5,45440.2,3896.3,-30.92,0.908
R1012,pine,50457.6,45419.5,3898.4,-58.04,0.801
R1013,elm,53249,45064.2,3709.4,-36.3,1.125
R1014,pine,58005.1,45096.2,3672.2,-36.84,1.092
R1015,pine,35279.5,45735.1,1925.2,-112.71,1.167
R1016,elm,36613.7,45785.1,2132.5,-49.57,0.978
R1017,pine,37507.4,45785,2250.2,-163.46,0.863
R1018,pine,37783.1,45942.5,2282.4,-244.96,1.083
R1019,pine,39952.5,45871.5,2857.2,-58.49,1.163
R1020,pine,42410.3,45839.2,3655.4,-86.61,0.918
R1021,pine,42974.7,46132.8,3956.3,-217.84,1.1
R1022,elm,44111.3,45758.2,3947.7,-70.28,1.011
R1023,pine,47949.8,46250.2,3902.5,-153.8,1.129
R1024,elm,49500.7,46121.7,3890.7,-19.26,1.09
R1025,elm,52425.1,45975.6,4063.5,-265.55,1.193
R1026,elm,53177.4,46104.9,4202.3,-258.75,0.939
R1027,elm,54276.4,45737,3881.2,5.94,0.99
R1028,elm,56700.6,45969,3949.9,-150.11,0.982
R1029,pine,57540.6,46142.7,3980.4,-21.81,0.902
R1030,pine,60329.5,46093.4,3946.9,85.26,1.194
R1031,pine,39446.7,46793.8,2840.6,10.21,0.99
R1032,pine,44161.9,46812,3969.2,-121.42,0.966
R1033,pine,44928.5,47045.3,3889.3,-143.43,0.866
R1034,pine,45623.7,46517.3,3890.2,-236.31,1.129
R1035,pine,46071.7,46880.8,3912.8,-66.03,1.091
R1036,elm,46809.3,47017.7,3904.3,39.2,0.815
R1037,pine,50067.4,46622.2,3892.9,-192.23,0.858
R1038,elm,51441.7,46588.9,3917.4,-64.19,1.156
R1039,elm,52280.7,46906,3940.6,5.29,1.103
R1040,pine,52738.2,46616.7,4069,-219.61,0.821
R1041,pine,54664.8,46800.6,4263.1,-1.13,0.976
R1042,pine,59933.1,46628.8,4021.7,88.71,0.964
R1043,pine,41581.6,47401.1,3602.2,88.98,1.189
R1044,pine,42514.3,47674.6,3903.1,68.37,1.098
R1045,elm,43192.8,47399.3,4020.4,80.69,0.896
R1046,pine,43937.4,47795.2,4033.6,-84.75,1.047
R1047,elm,44462.5,47726.5,4022.8,-256.83,0.843
R1048,elm,46957.3,47564.6,4004.7,-179.86,0.982
R1049,elm,49989.3,47639.4,3882.9,-233.88,1.025
R1050,pine,52361.6,47381.5,3894.8,-130.93,0.895
R1051,elm,37226.8,48331.7,2000.5,-38.03,1.159
R1052,pine,46370.5,48273.6,4245.6,-113.54,0.954
R1053,pine,47226.1,48122.1,4140.7,-146.06,1.024
R1054,elm,48683.9,48354,4142.5,-234.04,0.976
R1055,elm,49047.1,48484.1,4203.8,-198.28,1.069
R1056,pine,50599,47989,3877.4,57.88,0.941
R1057,pine,51203,48087,3916.1,74.51,1.111
R1058,elm,51955.5,48371.9,3950.4,-76.71,0.828
R1059,pine,53170.5,48232.6,3902.9,-83.92,1.062
R1060,elm,43301.3,48704.6,4402.3,0.53,0.847
R1061,pine,44575.1,49253.5,4518.7,-83.11,1.118
R1062,pine,49926.5,48797.7,4060.5,-138.35,0.808
R1063,elm,52098.6,49189.4,4047.3,-118.02,0.923
R1064,pine,52865.1,48788.1,3941,-72.61,0.91
R1065,elm,53588.4,49098.2,4232,-115.07,1.004
R1066,elm,55817.4,48776.4,4565.1,21.46,0.837
R1067,elm,40846.4,49643.7,3824.8,-109.07,0.852
R1068,elm,43942.2,49482.4,4259.6,-55.83,0.963
R1069,pine,44862.1,49870.6,4440.3,4.6,0.918
R1070,elm,46498.9,49759.4,5219,-227.43,0.907
R1071,elm,49323.3,49570.2,4358.2,-155.49,0.923
R1072,pine,50128.6,49606.6,4415.6,-130.65,0.86
R1073,pine,50959.2,50039.2,4501.5,-105.44,0.848
R1074,elm,52785,49462.7,4200.2,33.05,0.95
R1075,pine,54371.5,49634.1,4398.6,-248.66,0.905
R1076,pine,56136.5,49809.6,3918.8,-157.05,0.808
R1077,pine,41182,50572.7,3990.2,-269.63,0.921
R1078,pine,41713.1,50313.9,3931,35.81,1.042
R1079,pine,43708,50397.6,4298.2,50.18,0.916
R1080,elm,45795.1,50298.4,4915.7,-241.85,0.889
R1081,pine,47893.1,50735.6,4748.9,-168.87,1.134
R1082,elm,51706,50566.3,4663.6,37.73,0.865
R1083,elm,54655,50542.6,4346.3,8.5,0.996
R1084,pine,55817.5,50204.7,3840.6,-212.88,1.113
R1085,pine,39681.5,51311.5,2992.9,75.04,1.081
R1086,pine,50811.1,51110.6,4435.6,60.4,1.199
R1087,pine,52356.2,51188.9,4148.3,-184.36,1.058
R1088,pine,55344,50993.6,4160.1,87.19,0.904
R1089,pine,40731.9,52249,3531.7,0.22,1.024
R1090,pine,42328.7,51733.9,3445.6,-55.17,0.926
R1091,pine,48970.9,52272.4,4183,-190.99,0.95
R1092,pine,38910.3,52511.9,2513.9,-113.25,1.049
R1093,elm,48513.1,53560.7,3726.2,-264.86,1.164
R1094,pine,-61537.6,-69477.2,5680.6,-22.49,0.826
R1095,pine,-58658.3,-69495.4,6602.8,-52.24,1.013
R1096,pine,-57782.3,-69378.7,6466.5,27.48,1.067
R1097,elm,-56345.2,-69296.9,6378.6,68.75,1.201
R1098,elm,-53874.8,-69433.8,7112.3,-29.98,1.043
R1099,pine,-51829.9,-69399.4,7292.4,-213.04,1.076
R1100,pine,-47950,-69217.8,6086.5,-11.62,0.92
R1101,elm,-46726.6,-69418.5,5644.2,20.12,1.126
R1102,pine,-43954.5,-69567.8,5720.5,83.23,0.825
R1103,elm,-41868,-69202.2,5657.5,-190.89,0.924
R1104,pine,-40316.1,-69572,6117.9,-15.14,1.048
R1105,pine,-38262.5,-69563.9,5774.3,-77.16,1.044
R1106,pine,-36756.5,-69370.7,5133.6,-205.27,1.149
R1107,elm,-36381.9,-69394.2,5043.3,-44.39,1.003
R1108,elm,-35382.2,-69343.8,5197.4,87.33,0.917
R1109,pine,-34565.3,-69551.5,5425.1,-252.59,1.122
R1110,elm,-33979.6,-69588.3,4936.4,-179.54,1.035
R1111,pine,-31323.4,-69472,4427.3,-13.95,0.95
R1112,poplar,-28677.9,-69251.9,4520.7,-49.77,1.038
R1113,pine,-27866.8,-69292.8,4682.6,-3.87,0.977
R1114,pine,-27145.8,-69232.8,5011.8,52.03,0.958
R1115,poplar,-26559.4,-69545,4970.6,10.09,1.017
R1116,elm,-25830.8,-69505.5,5171.7,-13.46,0.942
R1117,pine,-24525.5,-69526.8,5115.8,21.35,1.158
R1118,elm,-23217.4,-69405.4,5041.7,-201.67,1.112
R1119,pine,-21447,-69374,5719.5,50.79,1.123
R1120,pine,-19050.2,-69402.7,5812.3,40.66,0.854
R1121,elm,-18046.9,-69413,5547.3,-61.99,1.004
R1122,poplar,-16861.2,-69245.6,5053.1,-100.81,1.028
R1123,poplar,-5837.3,-69305.3,6368.2,-220.91,0.899
R1124,elm,-3178.7,-69430.4,6259,-16.15,0.947
R1125,pine,-2296.7,-69554.1,6550.1,-37.36,0.957
R1126,pine,-1253,-69261.4,6524.5,-8.88,1.041
R1127,pine,4548.4,-69316.9,7068.5,-128.19,1.155
R1128,pine,5682.7,-69202.4,7322.9,-128.82,0.967
R1129,pine,10722.3,-69308,6085.5,-143.96,1.134
R1130,pine,13483.4,-69506.1,5629.5,-225.78,0.847
R1131,elm,14271.2,-69544.1,5622.2,-18.69,0.856
R1132,pine,17295,-69534.7,5884.5,-194.6,0.94
R1133,poplar,18149.7,-69266.2,5772.4,11.42,0.912
R1134,pine,19928.6,-69555.3,6599.3,-113.62,1.088
R1135,pine,21911.5,-69433.8,6202.9,-6.96,0.817
R1136,elm,23470.6,-69448.5,6310.9,-207.63,1.07
R1137,pine,24182,-69226.6,6433.1,-137.78,0.981
R1138,elm,24902.5,-69433,6221.7,62.12,1.055
R1139,elm,25971.2,-69267.3,5985.1,-231.72,0.802
R1140,pine,27661,-69381.2,5408.6,-231.46,0.974
R1141,pine,30304.9,-69490.3,5134.1,49.04,1.088
R1142,elm,35325.8,-69377.5,5363.5,-243.85,0.895
R1143,pine,59598.4,-69436.6,6127.8,-227.74,0.944
R1144,elm,61106.1,-69589.9,6457,-230.4,1.128
R1145,pine,62693.3,-69511.4,6468.1,86.1,0.828
R1146,elm,62869.3,-69524.4,6465.9,-21.46,1.103
R1147,elm,66432.1,-69559.1,6764.7,61.07,0.826
R1148,pine,67838,-69575.3,6640.4,-71.5,1.009
R1149,elm,68538.7,-69449.1,6519.6,-126.87,1.16
R1150,pine,-68875.2,-69075.3,5808.9,-215.79,0.885
R1151,pine,-67161.4,-68707.2,5521.2,46.89,0.927
R1152,elm,-60538.9,-68769,6228.1,66.76,1.208
R1153,pine,-59100.8,-69036.8,6740.9,-19.87,0.99
R1154,elm,-57433.2,-68997.9,6400,-57.05,1.172
R1155,poplar,-56499.3,-68894.7,6249.1,37.1,0.934
R1156,elm,-56235.9,-69042.8,6413.7,-219.58,1.241
R1157,elm,-55489.4,-68937.7,6572.5,-34.67,1.07
R1158,pine,-54797,-69036,6877,-30.82,1.094
R1159,pine,-53827.8,-69086,7018.7,-132.11,1.174
R1160,elm,-52627.8,-69065.7,7184.6,-123.12,1.222
R1161,pine,-52067.2,-68976.8,7182.4,-7.98,1.221
R1162,elm,-50374,-68689.3,6956,-198.39,1.163
R1163,pine,-49067.8,-69065.7,6428,-117.37,0.977
R1164,pine,-47609.6,-68581.4,5894.1,-259.11,0.926
R1165,elm,-47160,-69161.4,5757.4,-192.57,1.056
R1166,elm,-46073,-68659.5,5571.1,81.9,1.005
R1167,elm,-45964.2,-69002.4,5529.4,81.88,1.069
R1168,pine,-40124.1,-68630.7,6038.3,31.37,0.891
R1169,poplar,-38837.6,-69052.9,5624.8,-179.91,0.904
R1170,pine,-38434,-68773.6,5422.9,33.99,0.814
R1171,pine,-37458.3,-68660.1,5386.2,24.9,1.055
R1172,pine,-36866.1,-68488.1,5191.4,34.48,0.951
R1173,elm,-35917.1,-68874.7,4886.6,-132.33,1.227
R1174,elm,-34975.1,-69191.5,5310.2,-195.66,0.945
R1175,poplar,-34065.1,-68923.9,4906.1,-32.04,0.935
R1176,pine,-33481,-69066.8,4754.1,-57.52,1.103
R1177,pine,-31741,-69155.3,4516.9,-262.46,1.22
R1178,pine,-31267.4,-68415.1,4520.5,61.5,0.885
R1179,pine,-30107.8,-69010.8,4492.4,13.29,0.901
R1180,pine,-29265.7,-68539.4,4569,76.13,1.075
R1181,pine,-28941.1,-68805.7,4671.1,39.23,1.129
R1182,poplar,-28057.6,-68933.1,4844.5,-150.48,1.14
R1183,pine,-26970.9,-68850.5,5142.5,-160.79,0.861
R1184,poplar,-26272.4,-68757.8,5083.2,-23.82,0.969
R1185,elm,-25447,-69168.2,5026.1,-198.82,1.237
R1186,pine,-24438.8,-68416.5,5049.3,-127.34,1.01
R1187,pine,-24133.5,-69102,5158.4,-71.91,0.805
R1188,pine,-23436.8,-68774.1,5227.7,-22.98,1.108
R1189,elm,-22425,-69106.7,5522.2,44.87,0.951
R1190,pine,-21721.8,-68821.9,5782,-141.33,0.811
R1191,pine,-20044,-69181.1,5708.8,19.47,1.074
R1192,elm,-19455.9,-68622.9,5405.1,-100.2,0.867
R1193,elm,-18404.8,-69193.9,5500.1,-207.98,0.909
R1194,pine,-17369.1,-68747.9,4941.2,-60.09,0.926
R1195,elm,-7966.1,-68844.7,6815.2,-34.65,0.905
R1196,poplar,-7218,-68788.5,6565.6,60.34,0.943
R1197,poplar,-6294,-68575.6,6100.6,-205.92,1.163
R1198,elm,-5798.9,-68854.4,6157.6,20.09,1.071
R1199,poplar,-4766.6,-68569.1,6258.7,-227.06,0.966
R1200,pine,-4190.2,-68564.2,5972.2,72.27,1.24
R1201,pine,-3385.8,-69183.9,6125.9,-146.1,0.854
R1202,pine,-2069.2,-69158.9,6419.3,-163.47,1.236
R1203,elm,-1426.8,-68647.8,6494.7,-200.93,0.985
R1204,pine,-817.2,-69044.6,6761.6,-265.65,1.009
R1205,elm,-148,-69190.6,7030.5,21.72,0.994
R1206,pine,1552.9,-68724.7,7407.6,-213.12,1.138
R1207,pine,2597.5,-68971.7,7567.5,-113.62,0.898
R1208,pine,3087.6,-69035.6,7303.4,84.23,1.032
R1209,poplar,4147.2,-69045.4,7156.8,-40.93,0.818
R1210,pine,5149,-68478,7204.9,-67.69,1.082
R1211,pine,5727.2,-68688.9,7280.4,-49.71,1.19
R1212,pine,6620.4,-68492.7,7175.7,86.31,0.861
R1213,pine,6943.2,-68981.2,7428.8,29.5,0.999
R1214,pine,8389.7,-68536.8,6755.4,-107.99,0.826
R1215,poplar,8430.6,-69013.5,7047.1,-191.21,0.832
R1216,pine,9498.8,-68819.4,6576.8,12.24,1.137
R1217,elm,10573.1,-68628,5966.3,-182.4,1.105
R1218,elm,11115,-68470.3,5732.1,-14.83,1.161
R1219,poplar,11975.4,-69049.5,5655.6,-90.92,0.905
R1220,pine,12727.1,-69157.8,5643.2,-203.45,1.207
R1221,poplar,13597.2,-69198.8,5645.9,-134.86,1.169
R1222,pine,14527.7,-68517.9,5465.6,-199.4,0.807
R1223,poplar,15419.2,-68817.4,5383.3,52.15,0.846
R1224,elm,15747.6,-69073.8,5447.4,58.07,1.072
R1225,pine,16730.3,-69193.9,5819,22.52,1.22
R1226,pine,17371.2,-68403.2,5823,-193.94,1.125
R1227,pine,18670.4,-68831,5905.3,7.45,0.811
R1228,pine,19460.5,-68618.9,6148.2,-62.81,1.152
R1229,pine,19722.5,-69062.8,6298.8,-98.48,0.953
R1230,pine,20829.7,-68403.4,6769.1,-71.44,1.041
R1231,pine,21286.1,-69008.4,6539.1,-68.43,1.23
R1232,pine,22536.8,-68442.8,6541.7,-175.82,1
R1233,pine,23111.7,-68535.2,6372.6,5.68,1.115
R1234,elm,24049.9,-68666.7,6373.1,-194.04,0.843
R1235,poplar,25074.3,-69178.1,6200,-15.01,0.955
R1236,elm,25710.3,-68603.1,6045.9,34.32,1.217
R1237,poplar,26634.9,-68408,5471.4,72.73,0.858
R1238,poplar,26988.7,-68976.8,5552.4,-211.72,1.176
R1239,elm,28330.6,-68578.9,4958.9,-163.46,1.195
R1240,pine,29022.6,-68974.7,5141.9,-224.64,0.941
R1241,poplar,29934.2,-68938.5,5414,-70.99,1.041
R1242,pine,30536.7,-69045.5,5150.6,-176.38,0.819
R1243,pine,30993.2,-68495.9,5258.6,-249.22,1.05
R1244,elm,31965.2,-68990.2,5233.8,-63.62,1.028
R1245,elm,32465.9,-68747.8,5535.8,-250.82,1.118
R1246,elm,33544.7,-68450.6,5565.3,-219.7,1.084
R1247,elm,34195.3,-68888.5,5547.8,-185.63,0.812
R1248,pine,35463,-69132.3,5395.4,-36.28,0.898
R1249,pine,35854.4,-69135.1,5229.8,-138.01,1.062
R1250,elm,36603.1,-69151.3,4890.7,-117.57,1.105
R1251,pine,38469,-68656.9,4947.4,-225.71,1.214
R1252,pine,40271.3,-69055.3,4992.6,9.75,1.028
R1253,pine,50852.5,-69054.2,5380.4,-75.73,1.143
R1254,pine,59240,-68994.5,5911.2,-83.1,1.013
R1255,pine,59884.1,-68824.8,6132.5,-144,1.067
R1256,elm,61064.8,-68441.2,6814.1,-258.45,1.053
R1257,pine,61905.1,-68993,6918.8,-122.73,0.937
R1258,pine,62787.3,-68900.6,6892.5,-180.54,1.097
R1259,elm,63308.2,-68836.7,6768.6,-90.36,1.119
R1260,poplar,64571.3,-69034,6943.9,-248.33,1.098
R1261,pine,65504.8,-68940.4,7255.6,-223.77,0.968
R1262,pine,66511.3,-69094.2,7304.7,41.01,0.852
R1263,pine,66990.9,-68949.1,7275.4,-187.54,0.846
R1264,elm,67823.8,-68490,6761.5,-2.11,1.148
R1265,elm,68714.8,-68757.5,6395.6,-238.04,0.905
R1266,poplar,-68925.4,-68255.1,5595.1,-129.31,1.037
R1267,elm,-67471.5,-67649.6,5607.2,-212.19,0.902
R1268,elm,-60648,-67680.2,6147.5,-185.03,0.896
R1269,pine,-59747.4,-67924.7,6255.2,-36.24,1.025
R1270,elm,-59321.5,-68234.3,6365.8,49.52,0.827
R1271,elm,-58715.9,-68249.1,6278.8,-201.37,1.213
R1272,poplar,-57829.7,-68308.1,6125.6,-241.15,1.187
R1273,elm,-57156.2,-67631.8,5675.9,-208.49,0.994
R1274,elm,-55611.2,-67856.8,6012.2,-95.62,1.096
R1275,pine,-54842.1,-67756,5923.5,-248.34,0.923
R1276,pine,-54726.1,-68186.9,6148.5,32.61,1.135
R1277,pine,-53222.5,-68138.6,6644.3,54.27,0.918
R1278,pine,-50916.2,-68116.8,7045.2,-263.25,1.163
R1279,pine,-45946.6,-67995,5683,-77.5,0.912
R1280,elm,-40584.4,-68050.2,5977.4,60.99,1.027
R1281,pine,-39698.1,-68244.6,6069.3,-72.29,0.866
R1282,pine,-39056.5,-68201.8,5764.3,-105.96,1.133
R1283,poplar,-38351.1,-68043.5,5325.9,-223.21,1.049
R1284,pine,-37421.1,-67845.7,4918.5,-50.35,0.821
R1285,poplar,-36633.5,-68208.5,5011.7,-163.83,1.174
R1286,pine,-35662.8,-67703.1,4539.5,-177.51,0.846
R1287,elm,-35123.8,-68241.9,4807.6,-110.63,1.006
R1288,elm,-34070.8,-67817,5064.4,-140,0.957
R1289,pine,-33391,-67634,4546,-42.72,0.835
R1290,pine,-32619.1,-68044.6,4467.7,-142.5,0.817
R1291,pine,-31876.8,-68044,4377.6,-243.92,0.92
R1292,elm,-30989,-68133.7,4560.6,43.29,0.959
R1293,pine,-30365,-67814.8,4441.8,10.5,1.109
R1294,pine,-29542.7,-67787.8,4498.9,51.24,1.157
R1295,pine,-29119.9,-67789.7,4494.9,73.53,1.165
R1296,pine,-28025.5,-68278.7,4785.8,40.71,1.214
R1297,pine,-27537.2,-67635.9,4497.2,-105.27,1.241
R1298,pine,-26543.2,-67650.9,4614.1,-248.76,0.823
R1299,pine,-25420.7,-68306.1,4778.8,35.41,0.984
R1300,elm,-24817.5,-68212.7,4847.5,-165.39,1.082
R1301,elm,-24215.4,-68223.6,5145.3,89.47,0.925
R1302,pine,-23533.7,-68110.7,5586.9,-129.59,1.156
R1303,pine,-22006.8,-68353,5727.3,-9.19,1.081
R1304,pine,-19421.7,-67624.6,5170.8,63.63,1.143
R1305,elm,-8511.5,-68077.9,6408.8,-211.18,0.948
R1306,elm,-7817,-67638.1,6522.8,-263.1,1.146
R1307,poplar,-6924.7,-68020.9,6244.2,-248.42,0.919
R1308,pine,-6792.2,-68303.8,6261.2,28.54,1.209
R1309,pine,-5771.8,-67880.6,5852.2,-245.4,1.061
R1310,poplar,-5128.5,-68055.5,6060,-179.89,1.25
R1311,elm,-4200,-68307.3,5936.8,-41.2,0.824
R1312,poplar,-2926.8,-68252.6,6034.4,2.94,1.249
R1313,pine,-2317.3,-68355.7,6173.2,-153.72,0.986
R1314,pine,-1942.2,-67839.4,6180.3,-91.77,1.225
R1315,elm,-614.8,-68050.2,6581.3,-158.64,0.967
R1316,pine,-366.3,-68264.4,6679.4,38.21,0.834
R1317,pine,1636.5,-68392.5,7542.4,-14.25,1.1
R1318,pine,3305.9,-67982.4,7689.3,65.83,1.125
R1319,elm,4347.4,-68165.1,7192.4,25.67,0.823
R1320,pine,4858.9,-67930.7,7155.6,-227.7,1.097
R1321,pine,5724.2,-68160.7,7206.5,-99.55,1.171
R1322,poplar,6155,-68023.6,7007.6,-11.66,1.249
R1323,elm,7098.2,-68255.2,6886.2,-163.8,1.185
R1324,pine,8293.6,-68041.4,6563.5,-222.86,0.953
R1325,elm,8485.1,-67609.8,6416.9,-222.6,1.147
R1326,pine,9945.3,-67756.9,5834.1,-57.38,1.225
R1327,elm,10720.6,-68119.4,5812,-18.3,1.13
R1328,elm,11074.9,-68190.8,5688.4,-259.99,0.911
R1329,elm,12317.1,-67948.6,5397.4,15.16,0.911
R1330,pine,12606.6,-67617.3,5328.4,-196.22,1.061
R1331,pine,13239.1,-67797,5231.2,31.97,0.961
R1332,poplar,14558.3,-67754,5324.3,45.29,0.829
R1333,elm,14958.1,-68035.9,5209.7,40.48,0.889
R1334,pine,15904.6,-67949,5328.4,-162.4,1.065
R1335,pine,19871,-67700.8,6236.1,-219.68,1.184
R1336,pine,20969,-67677.6,6808.6,-216.15,1.106
R1337,pine,21222.8,-68347.7,6861.1,-231.98,1.141
R1338,elm,23539.6,-67878.6,6274.9,-53.99,0.913
R1339,pine,24158.7,-67971.1,6157.6,-265.03,0.854
R1340,pine,24982.9,-68245.5,6050.2,-194.4,1.037
R1341,pine,25824.1,-67794.7,5600,-165.29,1.156
R1342,pine,26258.3,-68275.4,5713.2,-41.17,1.17
R1343,elm,27121.7,-67826.3,5143.1,-38.17,1.227
R1344,elm,27961.8,-68213.9,4914.4,-226.35,0.963
R1345,elm,28760.2,-68019.6,4928,-259.24,1.029
R1346,elm,29988.4,-67729.7,5082.7,-254.97,0.899
R1347,pine,30296.1,-68028.8,5308.7,-204.93,1.128
R1348,pine,30864.7,-68283.7,5209.1,-51.16,0.883
R1349,poplar,31757.1,-67795.8,5331.7,-61.51,1.082
R1350,pine,32590.2,-67870.1,5027.9,-17.76,0.858
R1351,pine,33591.2,-68283.5,5498.5,-104.37,1.024
R1352,elm,34616.5,-67944.2,5742.3,37.79,1.085
R1353,pine,35187.7,-67843.8,5844.1,42.37,0.928
R1354,pine,37050.1,-68176,5004.5,-253.28,1.106
R1355,pine,38268.7,-67984.8,5270.1,-266.22,1.018
R1356,pine,38969.3,-67677.5,4953.7,-59.06,0.862
R1357,pine,39821.1,-68300.8,4846.9,-210.66,0.917
R1358,elm,60560.4,-67648.2,6333.9,-68.22,1.003
R1359,elm,62620.9,-68037.7,7153.7,-22.05,0.803
R1360,pine,63599.4,-68384.4,6684.8,-234.9,0.831
R1361,elm,64257.5,-67952.1,6976.9,-64.96,0.914
R1362,pine,64748,-68092.3,6883.6,-27.27,1.085
R1363,elm,67572.3,-67721.2,6629.8,48.34,0.968
R1364,poplar,68457.2,-68100.9,6551.1,-148.76,1.156
R1365,elm,69445.1,-68101.7,6432.7,-151.26,1.017
R1366,pine,-61543,-67413.7,5696.6,-235.81,0.877
R1367,elm,-60431.7,-66936,6272.2,-238.69,1.166
R1368,poplar,-59761.4,-67389,6324,-18.91,1.007
R1369,pine,-58869.7,-67496.4,6237.8,-47.32,0.922
R1370,pine,-58256.7,-67185.9,5880.4,50.94,1.13
R1371,pine,-57701.4,-67245.2,5733.1,-17.06,1.198
R1372,pine,-57157.4,-66927.8,5623.2,-269.02,1.043
R1373,pine,-56007.1,-67010.1,5612,-238.23,0.83
R1374,pine,-55187,-67253,5639.6,14.48,1.115
R1375,elm,-54676.6,-67023.4,5783.1,29.7,1.249
R1376,poplar,-53441.7,-67524.3,6174.1,-213.82,1.236
R1377,pine,-53126.6,-66940.2,6023.2,-141.46,0.816
R1378,elm,-51405.8,-66819.8,7062.5,-76.23,1.212
R1379,pine,-39973.3,-67123.2,5960.4,-267.19,1.245
R1380,pine,-38817,-66981.7,5316.4,63.92,1.113
R1381,poplar,-38356.5,-67466.8,5067.7,15.26,1.034
R1382,elm,-37689.6,-66979.8,4749.8,75.3,1.229
R1383,pine,-36974.8,-67553.7,4695.6,-140.34,0.853
R1384,poplar,-36254.7,-67274.6,4505.1,-81.77,1.231
R1385,elm,-35168,-67494.2,4593.9,-159.5,1.115
R1386,pine,-34116.6,-67280.5,4901.4,48.85,0.822
R1387,elm,-33213.7,-67308.1,4503.4,-17.22,1.043
R1388,elm,-32766.7,-66927.7,4433.7,-252.57,1.059
R1389,elm,-31707.3,-67214,4287.1,-250.38,0.941
R1390,pine,-30913.1,-66962.3,4393.1,-268.51,0.867
R1391,pine,-30171.4,-67383.6,4403,-4.13,1.199
R1392,pine,-29687,-67109.1,4562.1,-53.58,1.018
R1393,pine,-29058.3,-67379.5,4620.4,-261.73,0.999
R1394,pine,-28267.3,-67417.3,4527.9,-211.91,1.132
R1395,elm,-27142.1,-67320.8,4383.3,-198.99,1.156
R1396,pine,-26640.6,-67332.1,4472.1,-210.07,1.174
R1397,elm,-25591.9,-67390.3,4748.9,-133.62,0.897
R1398,pine,-25055.6,-67203.2,4970.7,58.77,0.962
R1399,pine,-24321.6,-67248.2,5268.9,-31.63,1.134
R1400,poplar,-22879.9,-66963.7,5876,-131.34,1.113
R1401,pine,-20348.2,-67477.2,5469.8,-125.31,1.124
R1402,pine,-10171.3,-67447.9,5703.7,-12.15,1.027
R1403,pine,-8854.9,-67551.5,6278,-147.12,0.854
R1404,poplar,-8229,-66940.4,6438.5,-248.34,1.111
R1405,elm,-6972.8,-66942.1,5983.8,66.24,1.148
R1406,elm,-6747.2,-66925.7,5966.2,42.32,1.212
R1407,pine,-5846.8,-67278.5,5720.1,42.12,1.249
R1408,poplar,-4620.3,-67014.8,5798.7,-58.07,1.039
R1409,pine,-4125.4,-67210,5681.8,-254.37,1.123
R1410,poplar,-3042.6,-66973.6,5619.3,-110.51,1.107
R1411,pine,-2538,-67195.4,5811.4,-213.85,1.17
R1412,elm,-1734.5,-67517,6219.7,15.78,1.088
R1413,pine,-1154.3,-67448.8,6429.4,-100.62,0.944
R1414,pine,-279.7,-67222.9,6654.8,56.59,1.161
R1415,poplar,1486.5,-66859.7,7042.2,-168.02,1.102
R1416,pine,2215.4,-67307.3,7683.4,-109.28,1.083
R1417,pine,3286.1,-67398.5,7748.4,-83.18,0.968
R1418,pine,3905.8,-66926.1,7324.5,-205.27,1.042
R1419,elm,5097,-67266.3,7005.7,-14.33,0.924
R1420,pine,5682.8,-67286.4,6782.5,44.93,0.92
R1421,pine,6037.2,-67524.3,6762.2,-228.82,0.843
R1422,elm,7375.5,-66986.2,5985.3,-176.53,1.18
R1423,poplar,8377.6,-67017,5977.4,-76.81,1.181
R1424,elm,8560.5,-67506.4,6370.8,-187.22,1.038
R1425,pine,9258.7,-66854,5894.9,-114.92,0.903
R1426,pine,10121.2,-67533.3,5773.9,46.11,0.99
R1427,elm,10924.9,-66832.6,5472.8,-20.47,1.075
R1428,elm,12259.4,-67079.1,5276,-8.69,0.96
R1429,poplar,12663,-67300.9,5305.1,-140.42,1.203
R1430,pine,13337.2,-66874.5,5192.6,-16.83,1.187
R1431,pine,14739.4,-67396.7,5238.1,-201.62,1.148
R1432,elm,14816,-66873.5,5123.9,-203.23,0.818
R1433,elm,15890.5,-67599.3,5258.7,-74.34,1.125
R1434,pine,16770.1,-67166.9,5472.2,67.17,0.824
R1435,elm,18049.6,-66804.6,5824.7,-66.72,1.144
R1436,poplar,19522,-66819.2,6207.5,-151.49,1.091
R1437,pine,23789.1,-67226.6,6228.7,66.82,1.15
R1438,elm,25369.2,-67062.4,5653.4,-102.69,1.153
R1439,elm,26146.7,-67355.1,5418.9,-28.17,0.942
R1440,pine,27393,-67263.6,5115.5,-120.44,1.098
R1441,pine,28138.7,-67343.4,4857.5,-84.13,1.124
R1442,pine,28778.4,-67433,4849.2,-161.69,1.1
R1443,pine,29891.8,-67460.1,4943,-254.8,0.896
R1444,elm,30709.4,-67343.4,5350.2,-235.42,0.846
R1445,poplar,31392.7,-67448.5,5383.4,-169.03,0.916
R1446,pine,32048.3,-67011.9,4999.7,-87.34,1.168
R1447,pine,32809.4,-66915.1,4859.3,-82.22,0.979
R1448,pine,33846.6,-67485.6,5173.1,-211.59,1.154
R1449,pine,34656.4,-66928.1,5488,-78.42,0.919
R1450,pine,35007.7,-67049.9,5680.4,87.05,0.812
R1451,elm,35913.7,-67414.9,5858.9,-126.21,0.982
R1452,elm,36796,-67062.9,5776.9,32.88,0.917
R1453,pine,37745,-67082,5569.7,83.82,0.935
R1454,pine,38021.2,-66904.4,5525.8,-100.54,1.094
R1455,elm,39344.7,-66843.9,5185,63.39,1.232
R1456,pine,41791.5,-66954.1,5685.1,77.95,1.248
R1457,pine,58955.8,-67300.2,5449.8,55.76,1.138
R1458,pine,60879.6,-67525,6428.4,-5.48,1.032
R1459,pine,61229.3,-67041.7,6434.5,-163.25,0.813
R1460,elm,63545.2,-67304.9,7015.4,-110.36,1.143
R1461,pine,65677.1,-67251.4,6596.6,-184.6,0.986
R1462,pine,66322,-67552.9,6676.7,76.39,1.227
R1463,pine,-61568.3,-66747.9,5551.8,-137.7,1.179
R1464,pine,-60501.9,-66797.1,6255.7,-79.03,1.009
R1465,pine,-59896.5,-66386.4,6099.9,-52.96,0.817
R1466,pine,-58988.7,-66393.4,5907,-123.7,1
R1467,pine,-58321.8,-66491.9,5650.5,-50.87,0.861
R1468,pine,-57363.7,-66452.9,5513.4,72.63,1.2
R1469,pine,-57038.4,-66410.6,5500.3,-86.45,1.015
R1470,poplar,-55860,-66558.3,5479.3,-5.41,1.234
R1471,elm,-55156.7,-66288.1,5416.9,-56.63,1.218
R1472,pine,-54744.3,-66478.2,5550.4,-64.39,1.046
R1473,poplar,-53630.3,-66138.5,5715.2,-187.58,1.134
R1474,elm,-52855.5,-66239.6,6004.2,44.39,1.069
R1475,poplar,-52297.8,-66272.9,6356.6,-172.84,0.811
R1476,poplar,-41977.7,-66488.8,5426.1,-111.53,1.043
R1477,pine,-40663.9,-66321.6,5900,11.82,1.065
R1478,pine,-40180.8,-66591.9,5982.2,-258.43,0.816
R1479,pine,-39185.3,-66014.4,5604.6,-126.11,0.927
R1480,pine,-38106.6,-66102.2,4978.3,-255.25,1.201
R1481,pine,-37869.7,-66789.1,4798.4,-261.68,1.049
R1482,pine,-36581.2,-66408.7,4282.5,-254.85,0.985
R1483,elm,-34368.1,-66573.9,4511,11,1.065
R1484,pine,-33815.8,-66095.2,4330.2,-184.45,1.221
R1485,elm,-32515.5,-66055.7,4200.7,20.84,0.809
R1486,pine,-32282.5,-66452.6,4248,-262.37,1.062
R1487,elm,-31547.8,-66367,4212.5,79.29,0.925
R1488,pine,-30276.5,-66267.5,4336.4,-146.13,1.147
R1489,elm,-29541.3,-66477.7,4515.3,-90.07,1.103
R1490,pine,-28606.5,-66461.5,4519,-164.85,0.824
R1491,pine,-27728.9,-66307.3,4181.5,-75.64,1.068
R1492,pine,-26883.2,-66135.2,4442.3,-71.21,1.222
R1493,pine,-26567,-66341.2,4547.4,-6.12,1.027
R1494,elm,-25366.9,-66569.1,5057.7,-200.5,1.133
R1495,elm,-24784.9,-66638.9,5340.2,-43.77,0.955
R1496,pine,-23632.3,-66005,5773.3,67.55,1.162
R1497,pine,-23029.8,-66068.9,5535.3,-179.67,1.126
R1498,elm,-22476.9,-66042.5,5424.7,-195.62,0.993
R1499,pine,-21611.2,-66416,5454,-124.7,1.104
R1500,elm,-20689.6,-66108.9,4943.1,-245.63,1.004
R1501,pine,-19928.7,-66258.2,4827.3,-20.52,1.114
R1502,poplar,-19338.3,-66458.3,4866.3,-65.25,0.865
R1503,pine,-11098.1,-66267.1,5785.5,-33.97,1.093
R1504,pine,-9647.2,-66188.4,6014.4,39.32,0.809
R1505,pine,-8587.8,-66196.7,6157.3,-247.12,1.109
R1506,elm,-8038,-66719.2,6226.1,-127.26,0.819
R1507,pine,-7217.6,-66546.1,5923.9,-154.73,0.872
R1508,pine,-6150.1,-66525.5,5734,-243.46,0.834
R1509,elm,-5907,-66566.6,5697.5,86.59,0.976
R1510,elm,-5067.4,-66089.9,5673.7,3.72,1.124
R1511,elm,-3983.4,-66762.5,5588.8,-213.1,1.154
R1512,pine,-2824.5,-66588.8,5521.3,48.73,1.188
R1513,elm,-2277.4,-66147.8,5581.3,-120.61,1.226
R1514,pine,-1536.4,-66052,5835.1,-222.73,0.87
R1515,pine,-920.8,-66335,6233.9,69.99,0.955
R1516,pine,1351.6,-66676,6881,-2.97,0.992
R1517,pine,3061.7,-66782.3,7546.4,-239.98,0.952
R1518,pine,4312.6,-66671,6993.1,52.51,0.901
R1519,pine,4496.8,-66309,6823.1,-17.09,1.019
R1520,elm,5700.1,-66096.2,6241.1,76.78,1.057
R1521,elm,6346.8,-66201.5,5974.9,-87.65,0.865
R1522,poplar,7130.3,-66290.6,5880.7,-167.34,0.942
R1523,pine,8177.7,-66227,5780.6,77.25,0.872
R1524,elm,8924.1,-66081.5,5944,-24.43,1.05
R1525,pine,9517.5,-66615.1,5702.7,-33.14,1.043
R1526,pine,10517.7,-66676,5381.4,-70.19,1.233
R1527,pine,11079.6,-66613.8,5419.3,-103.08,1.229
R1528,elm,12054.2,-66143.8,5202.6,-189.36,1.127
R1529,pine,12556.3,-66358.4,5150.5,-123.32,0.836
R1530,poplar,13306.8,-66681.4,5170.2,-124.44,0.874
R1531,pine,14111.8,-66360.7,5105.7,-133.07,1.219
R1532,pine,15311.9,-66011.3,5287.7,-26.07,1.191
R1533,elm,15882.9,-66288.3,5431.2,81.36,1.111
R1534,pine,17042.8,-66230.6,5503.6,-224.72,1.111
R1535,pine,17546.9,-66201,5634.9,-247.19,1.032
R1536,pine,18855,-66481.2,5995.7,-67.98,1.109
R1537,elm,24052.2,-66562.6,6276,-178.68,1.162
R1538,elm,24764.3,-66399.8,5956.2,33.2,0.956
R1539,elm,25220.5,-66625.2,5710.1,-134.99,1.192
R1540,pine,26739.5,-66137,5063.5,69.01,0.9
R1541,elm,27197.6,-66598.3,4852,-51.18,1.007
R1542,pine,27864,-66074.5,4733.8,-79.64,1.134
R1543,pine,28606.7,-66346.5,4722.3,25.05,1.082
R1544,pine,29685.3,-66147.2,4719,4.36,1.215
R1545,elm,30388.8,-66360.6,5009.3,-93.48,0.878
R1546,elm,31410.7,-66019.2,5235.9,-16.22,1.201
R1547,poplar,31905.8,-66316.1,5272.1,-265.05,1.018
R1548,poplar,32658.6,-66505.4,4964.8,-160.72,1.042
R1549,pine,33407.7,-66209.8,5039.6,81.35,0.932
R1550,elm,34664.1,-66061.2,4856.5,46.01,0.953
R1551,elm,35208.9,-66017.7,4998.8,-54.92,0.887
R1552,elm,36354,-66302.1,5762.8,-92.62,0.837
R1553,pine,37103.8,-66261.2,5796.7,-147.87,0.822
R1554,poplar,59728.2,-66678.8,5829.5,-202.19,0.861
R1555,elm,60543.7,-66101.5,5884.7,-124.07,1.133
R1556,elm,61224.8,-66367.3,6385.3,-69.04,1.143
R1557,pine,62128.1,-66266.9,6831.2,-103.1,0.978
R1558,elm,63051.2,-66197.9,6727.3,-11.74,1.17
R1559,elm,63630.7,-66767.7,6664.7,-129.4,1.175
R1560,pine,-61667.1,-65915.5,4980.6,-199.29,0.993
R1561,pine,-59982.5,-65315.5,5909.7,82.26,1.049
R1562,pine,-59245.3,-65543.2,5706.9,-91.94,1.011
R1563,pine,-58284.1,-65361.1,5445.8,-6.62,0.965
R1564,poplar,-57976.5,-65708.7,5343.3,76.32,0.974
R1565,pine,-56455.1,-65983.7,5347.2,-255.53,0.959
R1566,pine,-56325.8,-65638.3,5315,-7.72,1.232
R1567,elm,-54870.9,-65654.7,5267.7,-52.67,0.824
R1568,pine,-54575.5,-65755.3,5430.5,-25.04,0.875
R1569,poplar,-53432.9,-65245.2,5632.8,-246.74,1.024
R1570,pine,-52692,-65266.1,5953.7,-162.5,1.062
R1571,pine,-51660,-65526.3,6661,60.36,0.965
R1572,poplar,-50576.3,-65595.7,6631.9,-253.49,0.973
R1573,pine,-39665.7,-65761,6096,-150.27,1.166
R1574,pine,-39507.1,-65718.8,5974.1,-172.44,1.149
R1575,elm,-38492.1,-65262,4882.1,38.61,1.068
R1576,elm,-37344.1,-65818.4,4401.1,-22.12,0.869
R1577,elm,-36662,-65459.3,3915.3,-193.06,0.908
R1578,pine,-32528.7,-65433.1,4085.7,-266.68,1.051
R1579,pine,-32005.7,-65644.9,4033.7,-159.87,0.932
R1580,pine,-31577.9,-65886.7,4166.4,-86.13,1.066
R1581,pine,-30044.1,-65980.8,4297.5,-228.6,0.909
R1582,poplar,-27319.9,-65507.5,4530.5,-239.95,1.203
R1583,pine,-26364.9,-65700.7,4718.4,-185.95,0.841
R1584,pine,-25299.8,-65476.7,5329.6,69.44,1.165
R1585,pine,-24643.7,-65512,5510.6,-10.67,0.854
R1586,poplar,-24323.1,-65400.1,5690,82.1,1.037
R1587,pine,-23306.5,-65916.1,5630.8,-80.86,1.104
R1588,pine,-22619.6,-65793.8,5458,-165.98,1.11
R1589,elm,-20823.3,-65835.7,4930.5,-231.63,1.008
R1590,poplar,-19157.1,-65604.2,4740.2,-5.18,1.049
R1591,pine,-11865.1,-65534.7,5593.1,-68.81,1.101
R1592,pine,-11139,-65557.6,5825,-163.83,1.126
R1593,pine,-10031.4,-65290.7,5882.1,-17.45,1.078
R1594,pine,-9952,-65459.6,5900.3,-231.92,1.188
R1595,elm,-8981.5,-65541.5,5644.8,47.42,0.976
R1596,poplar,-8373.1,-65351.6,5451.8,4.87,0.929
R1597,elm,-7581,-65295.8,5466.1,-9.94,0.899
R1598,elm,-6549,-65538.5,5427.1,-201.96,0.916
R1599,poplar,-5998.1,-65346.2,5397.9,-49.24,1.153
R1600,pine,-4565.1,-65406.4,5377.5,54.6,0.978
R1601,pine,-4020.7,-65357.9,5385.3,-199.96,1.215
R1602,pine,-3461.6,-65707.8,5311.1,21.59,1.105
R1603,poplar,-2483.9,-65521.3,5465.4,-243.9,1.177
R1604,pine,-1394.9,-65314.7,6003.7,74.57,0.801
R1605,elm,-396,-65809.5,6451.8,-76.49,0.991
R1606,elm,2366.9,-65553.7,6313.7,21.94,0.929
R1607,pine,3548.4,-65757.9,6804.6,-111.26,1.231
R1608,elm,4723.3,-65425.4,6469.2,-3.25,1.086
R1609,elm,5858.7,-65401.1,5971.5,-131.11,0.941
R1610,pine,6622.5,-65907.2,5767.9,70.8,0.863
R1611,elm,7541.9,-65872.8,5773.5,-136.47,0.884
R1612,pine,7933.5,-65428.7,5807.7,-245.97,0.876
R1613,pine,8487.1,-65574.4,5791.9,-51.39,1.184
R1614,pine,9997.8,-65508.9,5370.7,-129.03,0.924
R1615,elm,10641.6,-65241.3,5050.3,-29.96,0.803
R1616,pine,10858.5,-65531.2,5112.2,33.35,0.985
R1617,elm,12093.3,-65429.5,5164.6,-85.38,1.25
R1618,pine,12937.5,-65831.3,5097.3,75.55,1.044
R1619,pine,13241.2,-65807.9,5047,-174.53,1.112
R1620,pine,14213.9,-65437.4,4945.3,11.32,1.224
R1621,pine,15585,-65245.1,5112.4,28.33,1.173
R1622,pine,15910.3,-65411.2,5256.8,-105.35,1.122
R1623,pine,17062.6,-65604.6,5559.8,-130.84,1.091
R1624,pine,17301.2,-65442.4,5599,-105.04,1.134
R1625,elm,18713.6,-65366.7,6047.2,85.53,1.048
R1626,pine,19778.8,-65892,6263.9,-248.31,1.245
R1627,pine,20803.4,-65513,6381.8,-203.03,1.199
R1628,elm,23953.6,-65743.4,6447.8,48.37,1.213
R1629,elm,26310.8,-65882,5285,-256.47,1.023
R1630,pine,27243.1,-65794.8,4799,-155.34,1.075
R1631,elm,28121.5,-65817,4750.7,-120.63,1.043
R1632,elm,28839.9,-65512.6,4608.8,-91.23,1.185
R1633,elm,29862.5,-65403.9,4485.6,-243.49,1.135
R1634,pine,30196.8,-65202.8,4506.4,-16.99,0.958
R1635,pine,31513.1,-65301,4985.9,-18.52,1.196
R1636,pine,32195.3,-65868.1,4988.9,-197.19,0.963
R1637,elm,32729.5,-65283.3,4648.3,-208.66,0.976
R1638,pine,33661.2,-65768.3,4950.6,25.21,0.808
R1639,pine,34303.9,-65279.8,4820,-183.5,0.965
R1640,pine,35764.4,-65917.4,5257.1,-115.77,1.124
R1641,pine,36868.9,-65926,5825.8,44.53,0.848
R1642,pine,39905.4,-65692.6,5694.2,-100.52,0.812
R1643,pine,60605.1,-65694.5,5772.1,-106.07,0.837
R1644,pine,61597.5,-65353.4,6188.4,-222.58,0.999
R1645,elm,64274,-65397,6136.8,-105.43,0.979
R1646,pine,-60576.5,-64489.4,5738,-167.56,1.219
R1647,pine,-60239.9,-64869.8,5972.3,-31.47,0.848
R1648,elm,-58855.4,-65014.7,5651,-228.04,0.962
R1649,elm,-58432.8,-64885.3,5204.7,-24.86,1.017
R1650,poplar,-57774.9,-64993.3,5074.1,-71.58,1.02
R1651,pine,-56403.7,-65199.1,5087.1,-244.94,1.132
R1652,pine,-55731.2,-64740,5042.9,-260.36,1.147
R1653,elm,-55021.8,-64787.8,5150.6,-144.09,0.845
R1654,poplar,-54546.6,-64936,5206.3,-6.12,1.229
R1655,pine,-53448.9,-65105.2,5582.2,-201.29,0.842
R1656,pine,-52585.8,-64951.3,5910.4,32.82,0.871
R1657,pine,-51922.6,-64620.2,6319.6,30.31,0.993
R1658,poplar,-51093.5,-64623,6798.4,-12.94,0.927
R1659,elm,-50150.7,-64442,6744,-193.79,0.868
R1660,pine,-38424.4,-64427.6,5036.7,-104.89,0.933
R1661,elm,-37277.2,-64870.4,4121.3,-228.79,1.086
R1662,pine,-36790.6,-64868,4026.3,-87.5,0.809
R1663,elm,-35740,-64427.1,3557.5,-201.34,1.125
R1664,pine,-33287.3,-65099.4,4150.6,-219.85,0.873
R1665,pine,-33055.7,-64747.2,4059.8,-111.09,0.948
R1666,pine,-31058.3,-64467.6,4053.6,15.58,1.044
R1667,elm,-30592,-65191,4153.2,-154.75,1.122
R1668,poplar,-29275.1,-64740.5,3837.6,79.51,1.225
R1669,elm,-28958.3,-64696.3,3893.9,57.25,0.958
R1670,pine,-28132.3,-64739.4,4012.3,-36.27,1.237
R1671,poplar,-27068.8,-65153.5,4662.3,-262.72,1.183
R1672,elm,-26113.4,-64482.6,4908.2,-171,1.123
R1673,pine,-25760.1,-64899.9,5166.5,-221.27,1.131
R1674,elm,-24775.2,-65118.1,5496.6,-84.44,1.199
R1675,pine,-24240.5,-64992.9,5708.1,56.5,0.815
R1676,elm,-23042.6,-65165.7,5631.7,-77.56,0.815
R1677,pine,-22469.2,-64748.4,5546.4,34.44,1.044
R1678,pine,-21730,-64860.6,5069.5,-116.39,1.231
R1679,pine,-20644,-65165.8,4746.8,-65.49,1.059
R1680,pine,-19136.8,-65165.4,4608.1,-151.86,1.051
R1681,pine,-11054.5,-64456.8,6303.8,-34.54,1.092
R1682,elm,-10067.4,-65065.6,5917.5,-182.97,0.853
R1683,pine,-9891.3,-64800.8,5732.4,-206.48,0.975
R1684,pine,-8800.4,-65076.1,5307.6,-39.1,0.982
R1685,pine,-8260.8,-64521.1,5090.7,-226.08,0.987
R1686,poplar,-6827.7,-65199.8,5266.4,-142.9,1.044
R1687,poplar,-6471.3,-64446.2,5231.7,-50.11,0.946
R1688,elm,-5435,-64743.2,5264.3,-107.27,1.247
R1689,pine,-4930.6,-64639.2,5303.6,-199.2,0.894
R1690,pine,-3949.2,-64729.1,5252.8,-193.09,1.094
R1691,elm,-3007.4,-64594.7,5322.2,-96.4,1.163
R1692,elm,-2321,-64437.8,5818.8,-1.38,1.026
R1693,pine,-1675.9,-65102,5963.5,32.83,0.883
R1694,pine,-614.7,-64821.6,6013.9,79.66,0.885
R1695,pine,2926.7,-64612.1,5920,35.24,1.092
R1696,pine,3788,-64587.7,6232.5,-206.51,1.128
R1697,elm,4566.2,-64856.3,6427.3,-36.94,0.991
R1698,pine,5325.5,-64456.9,5909.6,-96.76,0.83
R1699,pine,6451.5,-64547.9,5744.4,-143.74,1.177
R1700,pine,7520.9,-64567.8,5642.3,-49.52,1.064
R1701,elm,7640.3,-65137.4,5700.3,-182.99,0.87
R1702,pine,9066.9,-64409.2,5831.7,-245.94,1.238
R1703,poplar,9714.5,-64457.9,5361.4,-193.26,1.126
R1704,elm,10654.8,-64543.5,5026.1,-72.61,0.855
R1705,pine,10894.2,-64877.2,4982.2,48.06,1.201
R1706,pine,12081.2,-64691,5119.5,-35.63,0.817
R1707,poplar,12746.3,-65190.4,5115.5,-155.21,0.98
R1708,pine,13359.6,-64924.4,4921.5,-219.58,0.971
R1709,poplar,14341.5,-64626.5,5009.1,-235.21,0.963
R1710,elm,15443.6,-64605.5,4979.6,-69.56,1.103
R1711,pine,15893.2,-64995.6,5083.1,43.76,1.178
R1712,pine,16568.6,-65049.1,5457.7,-92.68,0.833
R1713,pine,17449.9,-64763.6,5845.5,-189.87,0.848
R1714,pine,18448.3,-65042.3,6053.1,-143.98,1.029
R1715,pine,19975.2,-65087.2,6486.1,-21.81,0.879
R1716,poplar,26025.4,-64535.9,5570.9,0.44,0.992
R1717,pine,27375.8,-64963.2,4695.4,-94.07,1.095
R1718,pine,28077.8,-64793.7,4567.9,51.29,0.979
R1719,elm,29089.1,-64947.1,4543.6,-174.1,1.227
R1720,poplar,29282.7,-64736.5,4399.6,-265.83,1.075
R1721,elm,30065,-64792.8,4512.5,-258.39,1.028
R1722,poplar,30897.9,-65177.7,4754.5,-74.84,1.107
R1723,pine,31913.1,-64515.4,4662.1,-170.93,0.844
R1724,elm,32539.4,-64702.2,4533.9,-208.33,0.834
R1725,elm,33657.9,-65054.1,4618.3,79.87,0.814
R1726,pine,34496.7,-64642.2,4650,-31.65,1.151
R1727,poplar,35088.6,-64605.5,4655.2,45.02,0.915
R1728,elm,35622.6,-64496.1,4700.9,-21.81,0.848
R1729,elm,37368.2,-65064.7,5758.2,-189.83,0.805
R1730,elm,38697.5,-64437.3,5618.8,-65.71,1.07
R1731,elm,39432.4,-64583,5914.5,-15.49,1.221
R1732,pine,41017.6,-65175.5,5485.3,-55.23,1.046
R1733,elm,41507.9,-64468.1,5419.9,-212.4,0.909
R1734,pine,43196.7,-65163.4,5419,-222.5,1.105
R1735,elm,43871.2,-64410.3,5637.3,-67.82,0.984
R1736,elm,48390.7,-64920,5202,74.3,1.232
R1737,pine,61013.9,-64435.2,5715.8,-216.11,1.005
R1738,pine,62353.8,-64697,6078.7,-126.57,0.803
R1739,pine,65433.4,-64856.8,5634.1,-140.03,1.127
R1740,pine,-62529.3,-63829.6,4555,-145.94,1.017
R1741,elm,-60649.1,-63711.6,5541.4,-120,1.135
R1742,pine,-59779,-63895.2,5930.2,38,1.185
R1743,pine,-59102.8,-63790,5497.8,-218.53,1.148
R1744,pine,-58629,-64015.2,5150.3,-220.59,1.122
R1745,poplar,-57510.1,-64099.1,4854.1,49.17,1.044
R1746,poplar,-56845.9,-63671,4854,-233.9,1.041
R1747,pine,-56383.8,-63688.9,4715.4,-150.2,0.897
R1748,poplar,-55043.4,-64210.6,5028.3,-37.37,0.868
R1749,pine,-54622.3,-64331.8,5123,-142.51,1.007
R1750,poplar,-53702.9,-64024.2,5060.1,15.94,1.083
R1751,pine,-52402.3,-63945.1,5442.5,-211.68,0.885
R1752,pine,-51684,-64254.6,6182.5,-249.12,0.957
R1753,pine,-51020,-63683.3,6345.5,-156.89,0.961
R1754,elm,-50590.8,-63638.9,6520.1,-235.78,1.123
R1755,elm,-49426.8,-63847.1,6393.4,37.78,0.947
R1756,pine,-38893.5,-64367.2,5453.4,8.98,0.83
R1757,elm,-38446.8,-63633.9,5451,-217.46,0.816
R1758,pine,-37969.7,-64329.1,4667.3,-197.52,1.081
R1759,pine,-36894.1,-63624.3,4397.9,-0.27,1.039
R1760,poplar,-36346.5,-64129,3907.4,-123.69,0.853
R1761,pine,-33621.2,-63822.1,3454.8,24.36,1.173
R1762,pine,-32326.4,-63874.3,3949.4,-44.7,0.903
R1763,pine,-31599.4,-63789.8,4001.3,40.32,1.075
R1764,pine,-30702.3,-64174,4008.5,-141.77,1.163
R1765,pine,-29747,-64242.2,3916.7,-104.25,1.204
R1766,pine,-28805.3,-63915.9,4109.8,-22.36,1.172
R1767,pine,-28177.2,-63821.9,4205.9,-123.17,1.233
R1768,elm,-27396.5,-64296.4,4439.9,-217.74,1.191
R1769,elm,-26797.6,-63693.2,4802.9,54.77,0.893
R1770,pine,-25207.9,-63893.1,5291.9,-114.5,0.976
R1771,poplar,-24218.5,-63846.1,5560.3,-89.71,1.244
R1772,poplar,-23586.2,-64251.5,5545.6,-150.71,1.184
R1773,elm,-22595.2,-64151.8,5550.8,-269.29,0.884
R1774,elm,-21617.6,-64143,5112.7,-113.68,1.028
R1775,pine,-20659.3,-64363.8,4744.3,-214.87,1.145
R1776,pine,-20125.4,-63928.8,4906,-88.75,1.062
R1777,elm,-19524.9,-63869.8,4616.4,87.86,1.069
R1778,pine,-11024.7,-63982.2,6433.5,-111.92,1.103
R1779,elm,-10533.1,-63861,5791.4,38.95,0.862
R1780,pine,-9979.4,-63949.9,5331.7,-54.98,0.981
R1781,pine,-8688.3,-64160,4920.8,-231.63,1.036
R1782,elm,-8028.4,-63778,4595.8,-173.44,0.925
R1783,elm,-6827.7,-63952.2,4868.4,-108.41,0.955
R1784,elm,-6334,-64135.1,5150.4,-213.88,0.942
R1785,poplar,-5791.2,-64288.3,5296.5,-116.63,1.04
R1786,pine,-5002.8,-63958.9,5193.9,-160.27,1.034
R1787,poplar,-4106.2,-63925.7,5250.5,-194.19,1.016
R1788,pine,-3065.4,-64312.2,5390.8,-71.69,1.05
R1789,pine,-2624.1,-64154,5667.6,-241.42,1.244
R1790,pine,-1808.7,-63952.2,5856.7,-12.37,1.176
R1791,poplar,120.9,-64292.4,5586.8,-11.26,0.838
R1792,pine,3237.3,-63864.1,5844,-189.43,1.197
R1793,pine,3885.1,-64210.8,6142.2,-13.37,1.123
R1794,pine,5052.5,-63833.8,5865.7,-240.18,0.97
R1795,elm,5864.8,-63762.4,5771.5,-169.92,1.086
R1796,pine,6738.2,-63710.2,5672.3,-126.51,0.892
R1797,pine,7560.3,-63604.8,5516.2,-194.06,1.125
R1798,pine,7855.6,-63778.7,5558.2,-73.84,0.919
R1799,pine,8542.5,-63906.5,5528.4,43.29,0.953
R1800,pine,10722.3,-64216.5,5037.5,-69.71,1.041
R1801,elm,10917.9,-63941,5084.5,62.29,1.078
R1802,pine,12092,-64278.5,5052.1,-113.71,1.078
R1803,pine,13001.9,-64216.2,4870,-132.33,1.028
R1804,pine,13355.7,-64347.1,4800.5,79.54,1.244
R1805,pine,14095.7,-64050,4786.1,80.69,0.964
R1806,pine,15099.8,-63965.9,5073.2,-170.58,1.135
R1807,pine,16001.3,-64056.1,5107.7,84.81,1.197
R1808,elm,16669.6,-64090.4,5401.3,-110.01,1.116
R1809,pine,17310.3,-64067,5740.7,62.25,0.82
R1810,pine,26610.4,-63988.4,5070.6,-63.33,1.06
R1811,elm,26800.5,-63924.8,4977.5,-224.51,0.81
R1812,poplar,27663.7,-64289.5,4693.2,7.78,1.212
R1813,pine,28823,-63863.9,4220.9,-121.01,1.098
R1814,pine,29405.9,-63914.3,4077.3,-152.11,0.962
R1815,poplar,30377.7,-64125.9,4536.8,-257.99,1.182
R1816,poplar,31345.4,-63656.8,4684.3,85.17,1.198
R1817,pine,32308.1,-63729.7,4200.6,-96.9,0.893
R1818,elm,33076.5,-64284.1,4494.8,24.2,0.816
R1819,elm,33681.3,-64047.2,4435.4,-6.35,1.107
R1820,pine,34027.7,-63923.9,4465,-116.74,1.112
R1821,pine,35537.7,-63604.1,4321.5,-196.07,0.876
R1822,elm,35955,-64123.8,4711,-31.85,0.934
R1823,elm,36918.2,-64184.3,4890.2,-255.04,0.855
R1824,pine,39244.4,-64214.3,5582.6,-62.65,1.207
R1825,poplar,39624,-64317.4,5731.5,-100.82,1.235
R1826,elm,42021.3,-64345.7,5450.8,6.8,0.952
R1827,pine,43334.5,-63947.3,5477.2,-57.37,0.82
R1828,elm,43861.1,-64015.5,5488.9,-226.94,0.969
R1829,pine,45657,-64125.6,5365.8,-265.66,1.097
R1830,elm,46352.5,-63929.4,5188.9,-108.09,1.154
R1831,elm,51255.2,-64363.9,4847.2,61.74,0.935
R1832,elm,59820.9,-64275.3,5519.9,-65.05,0.857
R1833,elm,60991.8,-64131.4,5664.1,17.44,1.066
R1834,elm,61688,-64103.2,5725.6,-131.26,1.121
R1835,pine,62684.7,-63817,5549,75.15,1.182
R1836,pine,64112.8,-63627.9,5526.8,-11.35,1.172
R1837,pine,64964.6,-64072.1,5498.8,10.11,0.824
R1838,elm,-61036.6,-62908.5,4892.9,-80.8,0.973
R1839,elm,-60090.3,-63597.8,5778.9,-195.55,1.132
R1840,elm,-59432,-63495.5,5596.5,43.38,1.108
R1841,pine,-58572.3,-63108.7,5246.4,59.25,0.992
R1842,pine,-57601.9,-63175.8,4867.5,-32.43,0.815
R1843,pine,-56714.7,-63329.4,4785.4,-89.83,0.916
R1844,poplar,-56079.8,-63584.3,4646.3,-141.65,0.923
R1845,poplar,-55147.8,-63569.5,4772.4,-144.91,1.058
R1846,pine,-54319.1,-62915.2,4822.7,-52.88,0.993
R1847,pine,-53812.8,-63154.2,4880.8,-85.02,1.08
R1848,pine,-52665.4,-63211.2,4862.5,-15.68,1.016
R1849,pine,-51878.7,-62950.6,5202.5,-42.65,0.966
R1850,elm,-50993.4,-63316.7,5974.5,-37.52,0.974
R1851,pine,-50685,-63041.6,6031.7,15.77,0.987
R1852,pine,-49421.3,-63358.8,6411.6,-110.85,0.991
R1853,elm,-39922.4,-63275.2,5485.5,-254.06,0.968
R1854,pine,-39175.1,-63088.1,5382,-252.49,1.07
R1855,pine,-38447,-63241.8,5165.8,-264.92,1.205
R1856,pine,-37428.3,-63130.2,4806,-84.53,0.803
R1857,pine,-36767.4,-63190.9,4357.9,-173.89,0.957
R1858,pine,-35038.4,-63000.4,3521.9,53.29,1.073
R1859,elm,-32113.5,-62813.1,3751.7,-62.44,1.078
R1860,pine,-30324.7,-63517.8,3988.2,-171.06,0.874
R1861,pine,-29390.3,-63193.5,4113,-127.7,1.165
R1862,elm,-28645.1,-62948.3,4280.9,-173.35,0.853
R1863,elm,-27224.1,-63136.3,4676.5,5.65,0.916
R1864,pine,-25499.1,-62938.4,5299.5,-201.22,1.068
R1865,pine,-24856.4,-63054.9,5505.6,-263.54,0.806
R1866,pine,-23857.7,-63543.1,5605.5,-161,0.801
R1867,elm,-22211.3,-63390,5298.7,-114.17,1.081
R1868,pine,-21365,-63143.3,5019.3,32.66,1.114
R1869,pine,-21165,-63578.5,4996.6,-249.63,1.228
R1870,pine,-19945.2,-63280.9,4681.6,28.88,1.011
R1871,elm,-18935.7,-63003.6,4339.7,-255.85,1.035
R1872,poplar,-18163.6,-62875.6,4567.4,-53.5,1.076
R1873,pine,-12114.9,-63197,6064.4,36.21,1.175
R1874,pine,-11109.4,-63011.7,5911.6,-260.1,0.95
R1875,elm,-10584.2,-62953.4,5311.8,-204.09,1.16
R1876,elm,-9820.5,-62947.5,4533.6,-157.75,1.226
R1877,pine,-9113.6,-63038.8,4560.3,-91.75,1.155
R1878,pine,-8316.5,-62964.5,4265.1,-131.92,1.099
R1879,pine,-7538.7,-62910.8,4377.6,-69.11,0.88
R1880,pine,-6216.8,-63118.6,5010.7,-180.97,1.154
R1881,pine,-5645.6,-63588.2,5081.8,18.23,0.924
R1882,pine,-4581.3,-63214.5,5264.1,-110.93,1.198
R1883,pine,-3972.3,-63473.9,5374.1,-30.88,0.916
R1884,poplar,-3365.7,-63320.7,5696.1,60.26,1.052
R1885,elm,-2335.7,-62952.8,5674.2,-264.94,0.882
R1886,pine,-661.7,-63037.2,5247.6,-25.78,1.208
R1887,poplar,4302.7,-63360.5,5998.9,-136.26,0.855
R1888,pine,4920.4,-62820.6,5761.2,23.36,1.063
R1889,elm,5418.6,-62856,5686.5,-230.43,1.008
R1890,elm,6467.3,-63006.3,5608,-31.44,0.839
R1891,pine,7377.3,-63515.4,5530.1,71.53,1.183
R1892,pine,7619.5,-63378.3,5468.7,-238.67,0.856
R1893,pine,8692.4,-63130.1,5539.9,64.56,1.231
R1894,pine,9402.7,-63332.8,5646.7,-22.39,1.198
R1895,pine,10040.8,-63148.6,5244.5,-250.75,1.059
R1896,elm,11333.9,-63567.8,5111.9,-124.24,1.17
R1897,pine,12091.8,-63400.8,5095.9,-177.27,1.216
R1898,pine,12422.8,-63154,5010.1,-246.61,1.226
R1899,poplar,13614.8,-63248.6,4749.1,27.71,0.853
R1900,pine,14186,-63472.8,4825.3,41.69,1.245
R1901,pine,16285.7,-63391.4,5187,-136.43,1.219
R1902,pine,16826.5,-63117.1,5554.7,-195.61,0.869
R1903,elm,17580.4,-63336.4,6105.4,-246.03,1.053
R1904,pine,25652.9,-63456,5185,57.64,1.014
R1905,elm,26732.9,-63417,5057.4,-82.51,1.147
R1906,elm,27042.6,-62982.8,4928.7,-197.76,0.838
R1907,poplar,28387.5,-62923.3,4532.1,-245.48,0.812
R1908,pine,28688.5,-63003.7,4366.2,-76.16,1.072
R1909,pine,29328.7,-63211.4,3945.7,-21.24,0.951
R1910,pine,30211.3,-63144.6,4014.1,-149.53,0.983
R1911,pine,31473.3,-62857.1,4369.9,-121.57,0.956
R1912,elm,31742.8,-62843.7,4361.5,-54.08,0.892
R1913,elm,32592.1,-63498.4,4069.8,-264.26,0.973
R1914,pine,33798.9,-63007.7,4103,-52.27,0.966
R1915,elm,34022.7,-63144.2,4132.6,2.76,1.235
R1916,pine,35035,-63253.3,4117.9,-48.35,0.897
R1917,pine,35819.6,-63326.1,4345.2,-188.99,1.168
R1918,pine,36465.9,-62933.8,4483.9,-116.34,1.216
R1919,poplar,37944.8,-63007.5,4518.7,-40.08,1.142
R1920,pine,38316,-63010.9,4710,-91.22,1.17
R1921,elm,39116.1,-63012.1,4752.9,-187.59,0.926
R1922,poplar,40179.3,-63008.3,5111.9,1.78,1.146
R1923,pine,40894.2,-63466.9,5588.9,-67.25,1.213
R1924,elm,41583.1,-63142.3,5615.1,59.35,0.971
R1925,pine,42401.8,-62885.7,5287.4,-96.66,1.074
R1926,pine,43310.2,-63110,5276.7,-117.07,1.226
R1927,pine,43889.7,-63427.4,5290.4,0.35,1.178
R1928,poplar,48385.2,-63449.8,4734.8,-50.75,0.936
R1929,elm,49749.4,-63126.3,4368.5,71.45,0.87
R1930,elm,51071.5,-63079.2,4304,-242.84,1.094
R1931,elm,63289.5,-62919.8,5182.8,71.51,1.039
R1932,pine,63775.3,-63555.1,5571.5,-102.49,1.099
R1933,pine,64690.9,-62877.5,5286.9,-96.99,1.087
R1934,elm,-61326.8,-62647.1,4797.6,-39.09,1.084
R1935,pine,-59694.6,-62590.7,5714.2,-64.83,0.988
R1936,poplar,-59101.5,-62177.1,5422.3,-223.91,1.172
R1937,elm,-58534.4,-62579.2,5204.8,-120.89,1.155
R1938,pine,-57679.8,-62217.6,4746.6,-129.02,0.955
R1939,pine,-56531.3,-62375,4627.6,-198.82,0.864
R1940,pine,-56183.5,-62485.5,4665.8,49.45,1.125
R1941,pine,-55355.1,-62600,4440,-98.77,1.062
R1942,pine,-54611,-62686.6,4639.4,69.05,0.846
R1943,pine,-53200.6,-62359.4,4541,-137.4,0.944
R1944,pine,-53152.4,-62593.1,4635.3,-260.93,0.806
R1945,elm,-51891.7,-62246.5,4690.9,-5.66,1.048
R1946,poplar,-51157.1,-62341.7,5049.4,-135.32,1.168
R1947,poplar,-49093.6,-62342.3,6373.6,-63.11,1.211
R1948,elm,-38125.1,-62001.8,4700.3,-160.77,0.92
R1949,elm,-37520.9,-62664.2,4693.8,-9.6,0.942
R1950,pine,-36796.2,-62438.2,4458.2,33.08,1.112
R1951,elm,-35700.4,-62796.7,3818.4,-87.66,0.809
R1952,poplar,-35433.3,-62492.7,3671.7,-157.04,1.112
R1953,elm,-34399.1,-62444.3,3719.6,-199.06,0.853
R1954,elm,-32938.8,-62021.8,3720.7,-34.28,0.815
R1955,pine,-32298.7,-62798.2,3740.2,-259.58,1.168
R1956,poplar,-30806.9,-62586.5,4074.8,-5.01,0.93
R1957,pine,-30247,-62663.1,4320.6,-76.7,1.083
R1958,elm,-29018.9,-62487.9,4268.6,36.22,0.839
R1959,elm,-28392.6,-62513.5,4315,-264.77,1.138
R1960,pine,-27272.2,-62665.1,4605.1,82.93,1.046
R1961,pine,-26695.8,-62623.7,4903,-91.22,0.84
R1962,elm,-25736.6,-62772.2,5264.8,-60.97,0.882
R1963,pine,-22513.8,-62429.6,5376.8,-234.57,1.223
R1964,pine,-21731.5,-62260.5,5195.4,-177.67,1.183
R1965,pine,-20587.4,-62349.7,4871.3,81.13,0.901
R1966,elm,-20375.5,-62520.2,4712.6,-40.62,1.151
R1967,elm,-12662.8,-62451.4,5772.7,45.69,0.928
R1968,poplar,-11337,-62484.5,5742.8,-151.26,1.218
R1969,pine,-10135.9,-62291.2,4433.6,34.12,0.917
R1970,pine,-9914.3,-62651.8,4414.8,-84.03,0.923
R1971,pine,-8738.1,-62745.6,4364,-19.51,1.04
R1972,pine,-6405,-62544.9,4860.1,-247.69,1.241
R1973,pine,-5208.3,-62046.5,5102.2,-5.54,1.084
R1974,poplar,-4401,-62713.5,5409.2,88.51,1.15
R1975,pine,-4172.7,-62036.2,5539.3,-53.89,1.084
R1976,pine,-3166.5,-62664.4,5645.1,-173.66,0.833
R1977,pine,-2161.9,-62293.4,5645.2,-253.08,1.195
R1978,elm,-1338.5,-62381.8,5479.3,37.59,0.869
R1979,elm,1861.7,-62767.2,5419,78.9,1.182
R1980,elm,2250.7,-62513.3,5571.4,-37.08,1.189
R1981,elm,2962.6,-62719.6,5845.7,-83.79,1.236
R1982,elm,4378,-62512.5,5762.3,-179.05,0.974
R1983,pine,5001.1,-62190.2,5522.2,-178.96,1.072
R1984,pine,5973.8,-62115.6,5416.7,-103.25,1.145
R1985,elm,6304.3,-62304,5405,-241.61,0.852
R1986,elm,6971.4,-62133.2,5449.1,-88.1,1.15
R1987,pine,8006.8,-62705,5491.1,-169.31,1.214
R1988,pine,8460.5,-62026.1,5600,-154.83,1.064
R1989,pine,9538.2,-62569.4,5394.7,69.13,1.194
R1990,elm,10171.2,-62788.1,5154.9,-74.15,0.904
R1991,pine,10914.9,-62187,4996.6,-257.9,1.019
R1992,pine,12102.8,-62308.8,5038.5,61.17,0.999
R1993,pine,13193.3,-62096.9,4948.3,-216.12,1.089
R1994,poplar,13268.4,-62585.2,4811.3,-10.72,1.078
R1995,pine,14204.9,-62031.6,5170.1,-72.73,0.857
R1996,pine,15018,-62549.6,5287.9,-84.82,1.138
R1997,pine,16179.4,-62160.9,5818.9,-71.95,0.883
R1998,pine,16408.6,-62561.6,5679.4,2.87,0.942
R1999,pine,17212.2,-62335.6,6401.8,-137.79,0.883
R2000,pine,28003.5,-62447.9,4536.5,-203.03,0.948
R2001,elm,29035.3,-62627.5,4102.1,48.08,0.968
R2002,pine,31074.3,-62136.6,4201.6,12.82,1.182
R2003,elm,31936.1,-62403.7,4146,-59.62,0.854
R2004,pine,33217.2,-62487.5,3977.3,-43.86,1.206
R2005,poplar,34137.3,-62569.9,3947.2,-256.25,1.191
R2006,pine,36054.1,-62391,4354.3,-128.47,0.91
R2007,poplar,36432.8,-62633.8,4411.9,10.3,1.027
R2008,elm,37380.8,-62537.8,4362,-121.84,0.816
R2009,poplar,38343.9,-62459.4,4566.4,-238.77,0.891
R2010,pine,39525.2,-62110.7,4604.8,-159.48,0.898
R2011,elm,40219.5,-62769.8,5006.7,-245.79,1.219
R2012,elm,40665.3,-62337.3,5159.7,72.06,0.804
R2013,pine,41682.5,-62003.2,5224.3,-208.83,1.003
R2014,pine,42522.8,-62386.4,5133,-52.1,0.803
R2015,elm,43546.4,-62637.2,5024.3,-148.05,0.962
R2016,pine,43606.7,-62542.2,4980.1,-269.13,0.977
R2017,elm,50652.5,-62115,3832.4,16.82,0.887
R2018,pine,61941,-62228.6,4945.6,-237.34,1.224
R2019,pine,62767,-62348.3,4792.4,-211.45,0.847
R2020,pine,63187.7,-62489.5,4851.3,-123.48,1.14
R2021,pine,67369.7,-62163.1,4852.2,-223.4,1.042
R2022,pine,-59766.4,-61954.7,5515,-181.1,1.225
R2023,elm,-59493.4,-61239.2,5232.9,-143.71,1.024
R2024,pine,-58296,-61206.2,4858.3,-113.97,0.982
R2025,poplar,-57816.2,-61986.7,4761.9,11.95,0.859
R2026,pine,-57135.3,-61918.6,4658.2,-109.72,1.096
R2027,poplar,-55919.3,-61921.7,4590.9,0.64,1.154
R2028,poplar,-55349.9,-61851.3,4573.8,58.71,0.84
R2029,pine,-54429.4,-61529.4,4186.4,-242.32,0.818
R2030,elm,-53979,-61254.9,3989.1,-207.13,1.175
R2031,pine,-53072.5,-61770.6,4178.8,-187.53,1.152
R2032,pine,-52169.2,-61399.1,4300.2,-85.45,1.051
R2033,elm,-50902.9,-61457,4791.9,-17.13,1.094
R2034,poplar,-50159.4,-61566.7,5402.1,32.4,0.849
R2035,pine,-49353.2,-61887.6,6500,-234.65,1.04
R2036,poplar,-48636.2,-61600.6,6167.2,-26.93,0.973
R2037,poplar,-48039.3,-61347.5,5966.1,-78.02,0.836
R2038,pine,-47592.3,-61619,5664.9,-248.1,0.876
R2039,pine,-38250.5,-61902.2,4720.9,-121.32,1.138
R2040,pine,-37326,-61892.9,4487.2,-58.94,1.175
R2041,poplar,-36640.1,-61592.6,4391.2,-74.33,0.904
R2042,elm,-33784.7,-61752.2,3843.9,79.06,0.909
R2043,elm,-31741.3,-61518.7,3864.8,14.97,1.178
R2044,pine,-31320.9,-61282.1,3840.4,-54.79,1.06
R2045,poplar,-28817.7,-61977.7,4396.8,-228.5,0.823
R2046,pine,-28107.1,-61263.9,4332.1,42.43,1.008
R2047,elm,-27214.9,-61573.6,4647.9,-149.21,1.146
R2048,pine,-26391,-61217.9,4807.8,-171.04,0.901
R2049,elm,-25871,-61580.9,5027.2,17.74,0.958
R2050,elm,-24856.3,-61416.7,4888.6,-213.24,0.959
R2051,elm,-24318.1,-61322.3,5033.3,-122.87,0.837
R2052,elm,-23306.6,-61809.2,5491.7,58.15,1.12
R2053,elm,-22620,-61286.8,5446.4,-67.93,1.211
R2054,pine,-21824.4,-61460.8,5280.4,31.1,0.927
R2055,pine,-21141.7,-61964.5,5047.5,-239.54,0.915
R2056,pine,-19845.1,-61244.9,4778.6,-50.55,0.949
R2057,pine,-18477.5,-61769.3,4793.2,-263.37,1.199
R2058,elm,-17775.9,-61974.5,4803.2,-30.61,1.223
R2059,elm,-16733.8,-61719.6,5069.5,-141.82,0.815
R2060,pine,-11763.2,-61837.6,5397,-185.18,1.162
R2061,pine,-11075.6,-61747.5,5163.6,-125.85,0.915
R2062,pine,-10303,-61546.1,4393.5,-258.55,1.219
R2063,poplar,-9363.6,-61277.2,3998.6,-162.61,0.898
R2064,pine,-8448.1,-61463.6,4128.2,12.61,1.141
R2065,pine,-7938,-61904.1,4034.8,17.82,0.907
R2066,pine,-7546.9,-61459.8,4116,-56.75,0.936
R2067,elm,-6544.9,-61483,4624.4,-260.56,0.84
R2068,pine,-5662.3,-61874.9,5018.2,26.94,1.237
R2069,poplar,-4563.3,-61835.7,5412.7,61.3,0.983
R2070,pine,-3624.8,-61305.7,5338.7,-127.55,0.889
R2071,pine,-3197.8,-61803.1,5364,-39.77,0.941
R2072,elm,-2086.2,-61389.3,5295.9,9.02,1.205
R2073,poplar,-1507,-61542.4,5387,-238.14,1.158
R2074,elm,-923.9,-61987,5321.5,-252.24,0.932
R2075,elm,1954.4,-61949.4,5525.3,-143.83,0.804
R2076,pine,2150.1,-61200.5,5843.6,-11.92,0.96
R2077,pine,3595,-61837.9,5830.2,-14.22,1.124
R2078,pine,4205.1,-61322.2,5247.7,-162.82,1.21
R2079,pine,4672.1,-61447.8,5180.2,32.89,1.139
R2080,pine,5806.8,-61631.2,5207.3,-195.32,0.959
R2081,pine,6640.3,-61914.6,5429.6,-167.52,1.207
R2082,elm,7305.6,-61451.9,5298.8,-110.74,1.222
R2083,pine,8125.5,-61221.7,5464.3,-7.63,1.016
R2084,elm,8499.6,-61888.2,5573.7,-208.84,0.843
R2085,pine,9742.6,-61431.8,5221,-118.45,0.848
R2086,pine,10469.8,-61992.2,4979.6,-193.9,1.027
R2087,pine,11560.5,-61287.3,5064.3,18.46,0.908
R2088,poplar,12229.3,-61537.9,5111,-75.56,0.917
R2089,elm,12920.8,-61553,5137,-106.27,1.103
R2090,elm,13405.8,-61719.9,5142.3,-41.04,0.982
R2091,pine,14441.1,-61422.7,5430.8,18.23,1.208
R2092,poplar,14804.2,-61899.9,5394.2,-182.06,1.078
R2093,poplar,16349.8,-61483.2,6302.9,-134.39,1.128
R2094,pine,16704.3,-61646.8,6350,-14.32,0.966
R2095,pine,27674.7,-61714.8,4456.9,-5.09,0.957
R2096,pine,29190,-61902.7,4081.5,18.3,0.959
R2097,pine,29819.9,-61374.1,4011.8,-162.22,1.23
R2098,pine,30878.5,-61273.8,3914.5,-115.13,0.918
R2099,elm,32169,-61520.6,3681.1,-36.35,1.201
R2100,pine,32573.3,-61367.5,3484,-49.68,0.954
R2101,elm,33949.6,-61439.6,3468.2,25.3,1.161
R2102,pine,34142.7,-61873.1,3683.9,23.12,0.864
R2103,pine,36090.4,-61203.8,4009.8,-243.62,1.091
R2104,pine,36438,-61472.5,4206.6,-15.19,1.063
R2105,pine,37824.9,-61921.7,4415,8.34,1.225
R2106,elm,38208.4,-61757.5,4511.4,-20.75,0.978
R2107,pine,39219.6,-61395.9,4433.5,14.27,0.867
R2108,elm,40317,-61311.6,4649.1,-165.6,0.986
R2109,pine,40551.8,-61396.3,4845.9,-95.63,1.075
R2110,elm,41884.9,-61279.8,5129.6,-108.52,0.875
R2111,elm,42528.3,-61594.9,4892.9,-17.51,1.062
R2112,pine,43476.3,-61747.6,4728.4,-65.75,1.21
R2113,pine,44079.2,-61359.8,4740.2,-30.08,0.888
R2114,poplar,51032.2,-61490.9,3531.4,-24.54,1.235
R2115,poplar,51665,-61268.2,3556.6,57.14,1.129
R2116,elm,62164.7,-61810.6,4736.8,-266.97,1.166
R2117,pine,62872.4,-61296.5,4567,-2.64,1.196
R2118,elm,63688.9,-61507.7,4437.6,-92.8,1.145
R2119,elm,-60114.5,-60911.6,5159.9,-194.42,0.953
R2120,pine,-59130.8,-60717.2,5211,8.22,0.839
R2121,elm,-58476.4,-60487.1,4955.4,-165.92,0.816
R2122,pine,-57253.3,-60443.6,4451.9,-255.79,1.03
R2123,elm,-56811.6,-60433.7,4345.4,-260.11,0.867
R2124,poplar,-56355,-60979.5,4617.9,-87.5,0.937
R2125,elm,-55104.7,-60829.6,4169.4,-168.36,1.15
R2126,pine,-54328.1,-60423,4059.3,77.28,0.96
R2127,poplar,-53785.9,-61087.5,4013.3,-79.76,0.845
R2128,pine,-52529,-60826.1,4088.1,-222.25,1.237
R2129,pine,-51712.8,-61012.8,4459.6,16.82,0.865
R2130,elm,-51019.8,-60440.9,4395.9,-74.83,0.953
R2131,pine,-50565.3,-60581.6,4637.7,-87.48,0.805
R2132,pine,-48737.4,-61077.1,6028.7,-25.74,1.128
R2133,pine,-48146.6,-61119.1,6141.2,-181.07,0.973
R2134,poplar,-38776.2,-61148.3,4821.7,73.69,1.222
R2135,pine,-37604.5,-60631.3,4423.3,-65,1.189
R2136,elm,-36883.3,-60614.9,4254.9,57.95,1.225
R2137,elm,-34938,-61035.5,3822.8,-137.7,0.966
R2138,pine,-34271.6,-60817.8,3828.3,2.1,0.877
R2139,pine,-32226.3,-61032.3,3810,12.28,1.031
R2140,pine,-29089,-60908.7,4002,-120.98,1.138
R2141,elm,-28311.9,-60470.7,4055.4,61.4,0.997
R2142,elm,-27272.5,-60550.3,4539.7,-113.36,1.05
R2143,elm,-26654,-60491.1,4581.5,-229.37,1.019
R2144,poplar,-22426.6,-60947.6,5402.4,-199.37,1.166
R2145,elm,-21167.9,-61017.7,5134.3,85.07,1.235
R2146,poplar,-20149.7,-60688.7,4905.9,-193.15,1.127
R2147,elm,-19125.4,-60990.5,4817.7,45.02,1.029
R2148,pine,-18746,-60435.4,4787.8,86.89,1.124
R2149,elm,-17553.7,-60477.9,4775.6,-125.54,1.037
R2150,poplar,-17170.4,-61095.8,4810.2,-44.61,1.154
R2151,pine,-16054.8,-60600.6,5590.2,-168.48,0.959
R2152,elm,-14012.1,-60458.2,4747.8,-33.73,1.132
R2153,pine,-12730.6,-60916.1,5005.2,-36.79,0.947
R2154,pine,-11820.4,-60962.1,4977.7,-142.02,1.097
R2155,poplar,-11287.6,-60731.7,4931.6,-2.18,0.823
R2156,elm,-10483.2,-61057.5,4412.5,-35.99,0.857
R2157,pine,-9968,-61089.6,4242.8,-236.67,0.835
R2158,pine,-8573.9,-60748.3,3965.3,25.71,0.996
R2159,pine,-8090.2,-60636.7,3945.7,-55.97,0.999
R2160,poplar,-7498.6,-60811.6,3931.3,0.42,0.952
R2161,elm,-6199.5,-61049.7,4677.7,-21.93,1.238
R2162,elm,-5276.6,-60856.6,4947.7,0.96,0.897
R2163,pine,-4625.8,-60981.9,5072.8,1.83,1.126
R2164,poplar,-3777.5,-60760.1,5204.9,-159.72,1.226
R2165,poplar,-3138.3,-61058.1,5212.8,19.11,0.916
R2166,pine,-2205.5,-60637.8,5087.1,-261.09,1.07
R2167,poplar,-1718.3,-60665.4,5110,43.15,1.226
R2168,poplar,1950.4,-60431.9,5217.8,30.19,0.811
R2169,poplar,2155.4,-60810.9,5490.1,-54.7,1.203
R2170,pine,3210.5,-60550.7,5237.4,43.63,1.054
R2171,poplar,4387.5,-61168.2,5125.4,-11.59,1.24
R2172,pine,4463.2,-60656.6,5103,-38.88,0.893
R2173,pine,5631.1,-61023.2,5066.3,-8.99,1.001
R2174,pine,6685.8,-60995.1,5042.8,33.94,0.873
R2175,pine,7328.7,-61067.2,5221,-25.82,0.895
R2176,elm,8125.4,-60472.6,5473.2,-109.1,1.075
R2177,pine,8436.8,-60919.1,5478.1,34.78,1.108
R2178,elm,9971.8,-60639.6,5179,-21.05,0.975
R2179,pine,10195.3,-60812.2,5212.1,-157.6,0.842
R2180,pine,11267.8,-60706.7,5111.8,-116.43,0.894
R2181,elm,12142.2,-60988,5097.6,82.14,1.151
R2182,pine,13043.2,-60687.6,5245.6,-8.15,1.18
R2183,poplar,13815.9,-60763.4,5497.1,-178.31,1.196
R2184,elm,14369.3,-60520.3,5528.8,85.89,0.832
R2185,poplar,14939.8,-60519.7,5595.2,-106.72,0.946
R2186,pine,15870.6,-60814.4,6103.4,-238.86,1.177
R2187,elm,16438.3,-61196.2,6263.4,1.91,0.95
R2188,pine,28331.6,-60755.5,4240.2,-56.36,1.184
R2189,pine,28627.8,-60990.4,4264.3,57.21,0.837
R2190,pine,34552,-60964.1,3601.9,-151.14,1.136
R2191,elm,35537.4,-61109,3902.8,-232.45,0.913
R2192,elm,36911.4,-60775.6,4151.2,-111.84,1.08
R2193,elm,38190.3,-60811.1,4300.3,-162.74,1.218
R2194,elm,39372.6,-61163.8,4318.8,-9.78,1.031
R2195,pine,40267.2,-60861.6,4319.2,-133.6,1.003
R2196,poplar,40621.5,-60898.5,4515.9,64.63,1.091
R2197,pine,41829.5,-60819.7,4936.7,80.08,0.858
R2198,elm,42161.6,-60675.4,4869,-173.96,1.237
R2199,elm,43522.6,-60661.2,4495.8,40.83,1.208
R2200,pine,43720.2,-60562.3,4457.4,-26.99,0.812
R2201,pine,56145.6,-60550.3,4130,-51.16,1.123
R2202,elm,59932.3,-60916.5,5134.4,-74.1,0.95
R2203,pine,61755.1,-60834,4608.6,-87.08,0.936
R2204,pine,62655.5,-60535.5,4438.4,-263.02,1.063
R2205,elm,62838.1,-61042.7,4534.6,34.27,1.248
R2206,elm,64816.8,-60846.5,4261.7,-79.06,1.145
R2207,elm,66688,-60922.5,4397.5,41.61,0.871
R2208,elm,-59708.8,-59784.1,5480.5,45.45,1.192
R2209,elm,-58812.2,-59661.9,5027.5,-106.72,0.849
R2210,elm,-58798.4,-59813.1,5011.6,-179.01,1.163
R2211,pine,-57959.2,-60250.9,4730.3,-112.12,1.062
R2212,pine,-57170.7,-59886.1,4368.9,48.42,0.984
R2213,poplar,-56363.3,-60133,4315.6,25.39,1.084
R2214,poplar,-55535.1,-60123.6,4178.8,-166.38,0.802
R2215,pine,-53597.4,-60318.8,3897.5,-51.67,1.029
R2216,pine,-53010.7,-60070.6,4110,-215.95,1.175
R2217,pine,-51008.7,-60041.8,4355,-230.85,0.971
R2218,elm,-50660.8,-60054.2,4503.9,-13.7,0.89
R2219,elm,-49339.6,-59718,4855.9,-104.98,0.919
R2220,pine,-48562.6,-60192.4,5790.5,-106.11,1.248
R2221,pine,-48151.7,-59704.5,5912.5,-17.2,0.898
R2222,elm,-47458.1,-59759.1,6301.7,-9.97,1.124
R2223,pine,-37775.3,-60007.6,4301.6,83.91,1.187
R2224,poplar,-36834.9,-60337.9,4159.2,77.71,0.953
R2225,pine,-35940.6,-60154.3,3981.1,-186.02,0.801
R2226,elm,-34457.7,-60087.1,3900.5,-177.33,0.894
R2227,pine,-33187.8,-59674,3921.9,-152.86,0.868
R2228,elm,-27993,-59605.1,4029.1,-84.13,0.948
R2229,poplar,-26902,-60338.1,4539.4,75.85,1.032
R2230,elm,-25335,-60385.7,4599.9,-152.74,0.861
R2231,poplar,-23808,-60162.8,4750.2,-59.57,1.127
R2232,pine,-21570.2,-59806.3,4719.7,-190.73,0.984
R2233,elm,-21114.3,-60263.6,4870.1,-50.66,1.04
R2234,pine,-20154.3,-59725.3,4371.1,53.34,1.09
R2235,elm,-18977.5,-59819.1,4534.4,30.98,0.815
R2236,elm,-18529.5,-60001.5,4789.9,58.81,0.897
R2237,pine,-17754.3,-60015.7,4763.6,-254.19,0.882
R2238,elm,-15984.5,-59825.8,5289.7,8.74,1.123
R2239,elm,-15487.6,-60348.5,5332.7,-212.18,1.084
R2240,pine,-14573.5,-60157.2,4748,-85.7,1.206
R2241,pine,-13193.4,-59939.2,4597.7,-164.6,1.11
R2242,pine,-11529.4,-59623.5,4297.1,-86,1.169
R2243,pine,-8776.8,-59673.7,3960.8,-197.6,0.924
R2244,pine,-8397,-60332.9,3924.2,-13.07,1.235
R2245,pine,-7112.2,-60258.5,4018.6,-4,1.044
R2246,pine,-6114.1,-59616.1,4468.5,-101.96,0.865
R2247,pine,-5352.5,-60253.3,4998.6,-165.92,1.226
R2248,elm,-4685.7,-60167.9,5013.3,-204.91,1.2
R2249,pine,-4257.4,-59740.4,4947.9,-233.7,1.005
R2250,poplar,-3266.7,-60056.2,5286.7,-209.71,0.938
R2251,elm,-2305.1,-59625.7,5287.7,85.43,1.196
R2252,poplar,-1227.7,-59623.9,5399.2,-39.32,0.853
R2253,elm,-595,-60017.1,5273.1,-262.05,0.896
R2254,poplar,-36.2,-59835.2,5241.5,-64.2,0.866
R2255,elm,1747,-59693.4,4825.3,-246.15,1.076
R2256,pine,2730.2,-60250.6,5047.5,-104.42,1.223
R2257,pine,3291.7,-60261.5,5074.5,-156.68,1.2
R2258,pine,3758.6,-60182.8,5060.2,43.63,1.08
R2259,pine,4515.9,-59728,4793.3,-24.48,1.171
R2260,pine,5203.6,-60023.6,4942.3,-161.52,0.899
R2261,pine,6661.2,-60369.8,4961,-133.58,0.999
R2262,pine,7863.4,-60093.3,5434.7,13.94,1.115
R2263,pine,8928,-60192.1,5433.2,-154.46,0.895
R2264,pine,9699.2,-59800.4,5228.5,-200.23,1.239
R2265,pine,10107.2,-60147,5256.1,88.58,1.22
R2266,pine,11080.5,-60182.9,5148.6,-171.58,1.004
R2267,pine,11713.3,-59666.1,5072,20.29,0.922
R2268,elm,12873.8,-59895.6,5131.3,-136.86,0.952
R2269,elm,13570.8,-60233.9,5317.7,-265.78,1.003
R2270,pine,14412.5,-60385.1,5519.6,-94.71,0.957
R2271,pine,15087.9,-59963.6,5551.9,23.27,0.931
R2272,pine,15600,-60326.6,5843.2,77.47,1.147
R2273,pine,17093.5,-60073.7,5479.1,-147.89,1.234
R2274,pine,17292.1,-59980.7,5321.8,-145.07,0.836
R2275,elm,19191.8,-60086.8,5146,-252.76,0.885
R2276,pine,28293.8,-60181.7,4298.9,2.5,1.01
R2277,pine,29063.2,-60128.1,4032.2,-134.62,1.109
R2278,pine,29285.7,-60291.7,3940.7,-174.7,1.17
R2279,elm,30039.9,-59613.6,3726.7,87.54,0.842
R2280,pine,36855,-59947,4148.8,-29.15,0.963
R2281,pine,38350.5,-60299.6,4181.4,-69.99,0.861
R2282,pine,38976.4,-60349.2,4110.3,-224.87,0.918
R2283,elm,40208.3,-60340.3,4104.1,-94.9,1.139
R2284,poplar,40831.7,-60019.7,4211.4,-221.88,0.825
R2285,pine,42510.6,-59788.9,4391.2,-151.17,1.15
R2286,elm,43586.4,-59900.6,4272.1,31.38,1.058
R2287,elm,43860,-59882,4218.8,35.52,0.897
R2288,elm,55080.2,-60111.5,3974.3,-169.45,1.188
R2289,pine,56117,-59875.1,4148.4,-102.24,0.83
R2290,pine,58652,-59980.7,4884.3,-236.16,1.034
R2291,pine,59192.1,-59933.9,4896.3,-258.92,1.188
R2292,elm,60233.3,-59772.9,4735.6,-210.27,1.213
R2293,elm,60711.6,-59792.3,4484,-84.17,0.913
R2294,elm,61763.3,-59921.1,4414.6,-60.21,0.917
R2295,elm,62209.5,-59934.2,4294.3,-19.4,1.175
R2296,elm,62995.7,-60187.3,4361,46.83,1.112
R2297,pine,64960.1,-60357,4329.9,-66.45,1.18
R2298,elm,66022.1,-60129.2,4382.6,31.34,1.041
R2299,poplar,-61581.2,-59147,4988,-52.17,0.925
R2300,pine,-59651.3,-59316.7,5497.7,-205.38,1.247
R2301,elm,-59464.3,-59411.8,5503,-254.34,0.862
R2302,pine,-58523.5,-59518.9,4863.2,-3.06,0.864
R2303,pine,-57509.5,-58995.7,4437.3,-180.77,0.839
R2304,pine,-56973.1,-59272.3,4238.4,-77.68,0.957
R2305,elm,-55904.9,-58911.3,4028.6,36.04,1.204
R2306,elm,-54995.2,-59282.4,3873.3,-178.73,1.153
R2307,pine,-54306.5,-59121.2,3896.3,10.31,0.968
R2308,poplar,-53919.1,-59527.2,3975.9,-157.44,1.224
R2309,pine,-51942.4,-58972.7,3958.8,-243.34,1.2
R2310,pine,-50978.2,-59187.2,3994.3,-14.23,1.169
R2311,elm,-50320.4,-58899.7,4141.8,-193.09,0.941
R2312,elm,-49912.2,-59294.3,4427.4,-253.99,1.073
R2313,elm,-48952.7,-59141.6,5020.9,76.42,1.122
R2314,pine,-48390.7,-58854.5,5451.9,40.86,1.215
R2315,pine,-45324.2,-59403.3,5550.2,-138.67,1.091
R2316,elm,-44362.7,-59480.8,5599.2,-75.35,1.193
R2317,pine,-43333,-59016,5145.1,-108.78,1.089
R2318,pine,-37381.7,-59075.3,4124.4,-14.28,1.073
R2319,pine,-36593.4,-59331.7,3980.8,63.69,1.038
R2320,poplar,-36001.9,-59431.7,3762.4,-11.06,1.077
R2321,poplar,-35102.5,-59469.8,3600.2,-268.67,0.938
R2322,pine,-32713.6,-58983.8,3806.5,2.68,1.222
R2323,poplar,-31696.7,-59560.2,3816.7,36.36,0.996
R2324,poplar,-30906.8,-59228.4,3578.2,12.72,1.101
R2325,pine,-28642.5,-58975.4,3809.9,-45.51,0.889
R2326,poplar,-28241.6,-59220.2,3835.7,-175.55,1.019
R2327,pine,-27590.5,-58928.4,3840.7,26.55,1.231
R2328,elm,-24660.2,-58800.8,4377.7,-208.58,0.914
R2329,elm,-19867.6,-59536.9,4297.9,-77.35,0.831
R2330,pine,-19122.5,-58845.6,4020.1,-60.95,1.063
R2331,pine,-18519.3,-58926.5,4123.2,-265.48,0.808
R2332,pine,-17663.7,-59192.8,4487.2,-189.6,0.983
R2333,poplar,-16764.8,-59299.7,4689.7,-187.59,0.878
R2334,pine,-16320.5,-59346.1,4725.1,-12.99,1.07
R2335,pine,-15326.1,-59106.3,4314.5,-247.25,1.081
R2336,pine,-14155.3,-59255.6,4185.8,-178.29,1.125
R2337,pine,-13471.7,-58828.3,3862.9,-190,1.21
R2338,pine,-12737.9,-59128.1,3933.5,12.22,0.91
R2339,pine,-11021.6,-59486.3,4111.8,-193.24,1.188
R2340,pine,-10014.8,-59586.7,3946.8,-138.55,0.807
R2341,elm,-9403.1,-59189.9,3922.3,86.03,0.838
R2342,pine,-8530,-59599.7,3955.7,-47.2,1.242
R2343,elm,-6922.1,-59140.5,4329.6,-207.26,1.17
R2344,pine,-6509.6,-58850.3,4235.5,-249.77,1.172
R2345,pine,-5519.2,-59009.5,4325.4,-117.43,1.024
R2346,pine,-4736.7,-59348.1,4608.1,-186.56,0.844
R2347,elm,-4260.7,-59588.9,4916.1,-74.24,1.234
R2348,pine,-3494.8,-59321.9,5175.1,-15.86,0.871
R2349,pine,-2450,-59253.6,5260.2,-183.79,1.099
R2350,elm,-1909.6,-59010,5225.7,-263.74,1.193
R2351,pine,-691.7,-59086.2,5299.4,-152.7,0.9
R2352,elm,1776.6,-59263.8,4515.7,-245.37,0.94
R2353,poplar,2149.1,-58922.1,4299.5,-68.43,0.859
R2354,elm,2854.4,-58948.8,4447.9,-38.38,0.99
R2355,pine,4163.8,-59081.2,4756.5,-95.6,1.142
R2356,pine,5545.3,-59336.2,5007.5,-239.26,0.998
R2357,elm,7388.9,-59013.7,5453.9,-58.29,1.071
R2358,poplar,7782.9,-59408.5,5558.6,-221.15,1.208
R2359,pine,9036.1,-59356.4,5356.3,20.07,1.214
R2360,poplar,9303.9,-59444.6,5339.4,17.91,1.005
R2361,pine,10465.8,-59046.3,5107.8,59.49,0.982
R2362,poplar,11294.5,-59096.8,4955,-211.62,0.939
R2363,poplar,11847.7,-59041.7,4912.3,-25.51,1.053
R2364,pine,13188.6,-58916.8,4914.3,9.07,1.114
R2365,pine,13310,-58997.9,4969.3,-240.11,0.814
R2366,pine,14162.6,-59466.4,5346.2,-96.32,0.843
R2367,pine,15416.4,-58854,4829.9,-243.76,1.158
R2368,poplar,16659,-58945.6,4819,55.86,0.962
R2369,pine,26593.3,-59335.5,3853.6,-228.89,1.009
R2370,elm,28518.7,-59021.4,4204.5,29.34,1.165
R2371,pine,29213.1,-59290.3,4278.6,-84.49,0.924
R2372,pine,31575.7,-59327,3178.1,-140.5,1.135
R2373,pine,35976.6,-59228.7,3746.1,-196.73,1.232
R2374,pine,36661.3,-58915.4,4228.7,-241.38,0.857
R2375,pine,37497.1,-59487.1,4380.2,-32.03,0.98
R2376,elm,38671,-59525.1,4048.9,-202.86,0.968
R2377,pine,40036.9,-58995.4,3825.2,-178.82,1.185
R2378,elm,41101,-59034.5,3882.2,-45.11,1.158
R2379,pine,41404.2,-59027.5,3859.2,-250.55,0.83
R2380,pine,42267.1,-59058.8,3892.1,-58.46,1.228
R2381,pine,43097.2,-58978.2,4137.8,-73.13,0.801
R2382,elm,44284.2,-59323.9,4222.3,-175.58,1.089
R2383,pine,55590.6,-59082.6,4008.7,-111.54,1.077
R2384,pine,55703.5,-59290.1,4078.2,-155.79,0.871
R2385,poplar,57032.8,-58951.3,4406.7,-166.9,1.156
R2386,pine,58704.1,-58890.9,4707.5,-172.21,0.993
R2387,pine,60049.6,-59326.6,4619.5,71.96,1.127
R2388,elm,61163.8,-59132.1,4330.5,-166.8,1.074
R2389,pine,62256.6,-59315,4368.2,-69.77,0.987
R2390,elm,-59164.5,-58362.2,5454.2,-14.11,1.18
R2391,pine,-58004.7,-58301.4,4803.8,-114.16,0.93
R2392,elm,-57765.9,-58006.2,4510,-62.17,1.106
R2393,elm,-57093.8,-58760,4240.7,-229.09,0.856
R2394,pine,-55041.5,-58316.6,3869.7,-142.62,1.221
R2395,elm,-54546.1,-58087.7,3888.3,-45.12,0.914
R2396,elm,-53490.1,-58025.1,3834.7,27.63,1.236
R2397,pine,-52420.4,-58130.8,3952.7,-69.54,0.898
R2398,elm,-51830.4,-58212.4,3965.8,-179.5,0.983
R2399,poplar,-51255.4,-58288,4083.6,-85.56,1.196
R2400,pine,-50569.6,-58188.8,4242.3,-70.29,0.911
R2401,pine,-49487.1,-58162.1,4560,-152.74,1.095
R2402,pine,-49087.8,-58278.3,4769.5,-54.49,1.239
R2403,pine,-48342.9,-58150.7,5118.1,79.16,1.044
R2404,poplar,-39218.7,-58395.7,4017.7,-135.73,0.883
R2405,elm,-37729.4,-58691.5,4106.8,-82.69,1.079
R2406,pine,-37043.5,-58121.8,3985.6,-262.79,1.16
R2407,elm,-36215.5,-58696.7,3750,-202.21,0.959
R2408,elm,-32051.6,-58703.5,3582.1,-123.83,1.114
R2409,poplar,-31495.5,-58510,3503.5,33.11,1.02
R2410,elm,-30764.8,-58134,3484.2,42.64,0.94
R2411,pine,-29216.4,-58785,3757.9,-200.17,1.128
R2412,elm,-28141.6,-58011.7,3553.1,-223.79,1.006
R2413,elm,-22832.2,-58440.9,3698.6,41.57,1.115
R2414,elm,-19806.1,-58458.8,3958.7,-50.43,0.891
R2415,elm,-19140.3,-58659.5,3912.7,24,1.171
R2416,elm,-17316.7,-58770.8,4257.9,-82.88,1.156
R2417,poplar,-15399.7,-58076,3872.8,70.12,1.134
R2418,poplar,-12811.8,-58649.6,3613.8,-47.19,1.158
R2419,elm,-8058.9,-58715.2,4238.4,-94.95,1.16
R2420,elm,-7406.8,-58449.6,4182.9,-113.14,0.825
R2421,poplar,-6259.8,-58601.4,4167.6,-55.53,0.995
R2422,elm,-5805.8,-58546.8,4155.2,88.53,0.983
R2423,elm,-4684.4,-58233,4315.9,65.6,0.864
R2424,poplar,-3823.9,-58027.6,4466.8,-58.87,0.838
R2425,pine,-3514.1,-58394.2,4675.9,-243.57,1.019
R2426,elm,-2251.5,-58789.7,5075.9,27.98,0.905
R2427,pine,-907.6,-58388.1,4871.1,-33.92,0.978
R2428,elm,88.7,-58056.3,4339.6,40.62,1.026
R2429,poplar,3317.9,-58589.3,4458.5,-130.98,1.089
R2430,pine,6338,-58626.8,5198.8,-222.61,1.235
R2431,poplar,7274.6,-58449.7,5275.1,76.33,0.805
R2432,elm,11555.1,-58256.2,4926.6,-240.01,1.07
R2433,pine,12420.3,-58290,4706.6,-9.13,1.014
R2434,pine,13452.8,-58777.5,4941.8,-80.94,1.002
R2435,pine,14419.2,-58159.8,4487.2,-205.43,0.918
R2436,poplar,15452.6,-58024.9,4305,-246.88,0.931
R2437,elm,16267.1,-58319.8,4511.3,77.8,1.185
R2438,pine,17384.7,-58476.3,4466.2,-232.75,1.234
R2439,elm,28355.3,-58572.7,3876.1,-170.8,1.062
R2440,poplar,29582,-58164.3,3993.3,-269.77,0.923
R2441,pine,34206.6,-58119.5,3431.8,-32.91,0.874
R2442,elm,35004.2,-58782.7,3474.7,71.74,1.094
R2443,pine,35960.9,-58101.4,3973.8,-214.29,1.002
R2444,pine,36905.2,-58072.2,4025.6,-86.69,1.075
R2445,poplar,54724.5,-58177,3793.6,-63.89,1.033
R2446,elm,57690.5,-58720.7,4586.7,17.86,1.013
R2447,pine,58541.8,-58720.1,4598.9,45.34,1.003
R2448,pine,58967,-58071.7,4308.4,-168.68,1.18
R2449,pine,59903.8,-58143,4416.1,-103.58,0.886
R2450,pine,60857.9,-58495.2,4482.9,-134.91,1.097
R2451,pine,-60045,-57452.8,5698,-9.99,1.149
R2452,pine,-58857.3,-57705.3,5414.2,-60.38,1.19
R2453,poplar,-58443.5,-57579,5196.8,-23.47,1.118
R2454,elm,-57472,-57200.8,4330,88.72,0.997
R2455,pine,-56599.2,-57488,3976,-213.47,1.018
R2456,pine,-56212.7,-57646.1,3933.1,26.21,0.897
R2457,pine,-55033.5,-57897.9,3888.1,-10.85,0.898
R2458,elm,-53223.1,-57713.4,3898.2,-187.57,0.882
R2459,pine,-52748.5,-57624.9,3993.2,-174.44,1.007
R2460,pine,-51965,-57800.4,4170.7,-167.64,1.241
R2461,pine,-51225.9,-57677.8,4319.9,-44.84,1.15
R2462,pine,-50275.8,-57319.1,4282.4,-145.87,1.085
R2463,elm,-49817.6,-57780,4329.6,-216.88,1.062
R2464,poplar,-48559.1,-57630.2,4773.8,-90.25,1.161
R2465,poplar,-47307.9,-57683.4,5540.5,-250.54,0.811
R2466,pine,-46303.5,-57501,5833.1,66.99,1.163
R2467,pine,-45231,-57494.6,5856.4,-103.35,1.24
R2468,elm,-41318.4,-57550.1,4427.2,-114.55,1.009
R2469,pine,-40025.9,-57966.6,4173,-99.37,0.85
R2470,elm,-36843.2,-57834.6,3807.2,-79.55,1.134
R2471,elm,-30243.3,-57361.5,3595.4,-134.17,0.835
R2472,pine,-27722.7,-57448.2,3545.3,54.27,1.201
R2473,elm,-26197.6,-57619.3,3879.1,-18.61,0.877
R2474,elm,-24255,-57267.6,3408.2,-114.82,0.848
R2475,pine,-22239.1,-57808.2,3333.5,87.71,1.099
R2476,pine,-17699.2,-57272.3,3384.6,67.17,1.188
R2477,pine,-15622.6,-57958.4,3840.4,74.12,0.977
R2478,pine,-7719.4,-57466.7,3710,-250.83,0.833
R2479,poplar,-7007.2,-57249.4,4005.6,-169.64,1.148
R2480,poplar,-6735,-57702.1,4060.7,-24.96,1.208
R2481,elm,-5427.8,-57945.5,4076.3,12.72,1.249
R2482,elm,-4882.6,-57647.9,4141.8,-226.77,0.888
R2483,elm,-3975.1,-57958.5,4409.3,-215.13,0.953
R2484,pine,-1881.7,-57724,4584.3,-243.46,1.047
R2485,elm,-719.7,-57512.3,4127,19.62,1.179
R2486,elm,1365.3,-57247.5,3889.7,-52.03,1.089
R2487,pine,4186.9,-57592.6,4390.8,-118.81,0.938
R2488,elm,5214.3,-57604.9,4604.2,-235.23,1.238
R2489,elm,6255,-57243.5,4891.5,-192.04,0.977
R2490,pine,6980.3,-57514.1,5051,-238.29,1.194
R2491,pine,8875.4,-57272.5,4475.9,-234.48,0.804
R2492,pine,9728.3,-57646,4512.9,-77.87,1.203
R2493,pine,12130.6,-57468.5,4635.4,-194.72,1.184
R2494,pine,12608.4,-57503.2,4627.7,-259.81,1.193
R2495,pine,13966,-57606.5,4211.3,-153.19,0.856
R2496,elm,16709.8,-57802.9,4326.9,-191.41,0.997
R2497,poplar,28925,-57261.6,3214.3,-26.59,0.845
R2498,pine,33771.6,-57221.8,3125.4,-11.96,1.211
R2499,poplar,34419.4,-57436.8,3297.4,-108.58,1.009
R2500,pine,36119.5,-57568.2,3964.2,-269.66,1.028
R2501,pine,36527.9,-57771.4,3968.8,-199.01,1.119
R2502,pine,38159.2,-57784.2,3681.3,-222.52,1.236
R2503,pine,39342.9,-57918.2,3660.6,-252.62,1.197
R2504,elm,40605.3,-57574.4,3729.9,-166.37,1.09
R2505,elm,41557.6,-57321.7,3507.2,37.65,0.884
R2506,elm,53878.5,-57219.7,3405.2,60.24,1.229
R2507,pine,54903.1,-57358.4,3715.2,68.38,1.149
R2508,pine,56623.2,-57280.1,3911.6,-2.08,1.163
R2509,pine,57781.7,-57724.6,4224.4,-238.67,0.887
R2510,pine,58275.7,-57937.6,4235.8,-269.33,1.059
R2511,pine,59076,-57724.5,4220.9,-227.49,1.203
R2512,pine,60261.6,-57361.8,4181.5,-229.24,1.225
R2513,pine,61057,-57585.7,4375.2,-89.58,1.22
R2514,elm,61981.8,-57465.5,4052.2,-154.43,1.052
R2515,pine,-63352.7,-56851.7,5740,0.84,1.223
R2516,poplar,-60591.5,-56451.2,5808.2,-101.17,0.931
R2517,poplar,-58171.4,-57064.4,4935.4,81.29,1.097
R2518,elm,-57880.3,-57151.8,4653.2,-201.95,1.129
R2519,pine,-56936.9,-57003,4033.5,-200.89,1.211
R2520,pine,-55837.8,-56625.9,4289.5,-79.7,1.08
R2521,pine,-55562.5,-56597.5,4272.2,24.68,1.067
R2522,elm,-53796.5,-57174.1,3982.3,-156.35,0.91
R2523,pine,-52624,-57182.7,4167.4,10.88,1.189
R2524,pine,-51844.9,-56468.8,4439.9,-103.16,0.882
R2525,pine,-50328.2,-56979.6,4390.7,34.19,1.233
R2526,elm,-48716.6,-57130.6,4575.2,-249.51,1.198
R2527,pine,-47307.9,-56666.5,5157.2,-56.99,0.911
R2528,poplar,-46339.4,-56784.6,5431,38.1,1.157
R2529,pine,-45788.6,-56711.6,5447.2,-119.7,1.057
R2530,elm,-44716.9,-56977.4,5590.3,-215.3,0.921
R2531,pine,-43965.6,-56568.7,4845.4,-52.16,0.961
R2532,elm,-43105.5,-56834.3,4328.2,-91.45,1.1
R2533,pine,-42778,-56409,4135.7,-172.37,0.892
R2534,pine,-41245.1,-56716.3,4104.8,-174.43,0.998
R2535,pine,-39868.9,-56545.8,4029.1,-65.7,0.842
R2536,elm,-37427.7,-57080.3,3598.2,-40.15,0.94
R2537,elm,-25087.6,-56692.7,3147,74.74,1.004
R2538,poplar,-9460.7,-57008,3010.8,-105.65,0.854
R2539,pine,-6860.8,-57184.1,4034.6,-113.68,0.937
R2540,pine,-6068.2,-56930,4054.3,-123.85,0.99
R2541,pine,-5496.7,-57160.7,4055.6,68.67,0.874
R2542,elm,-4665.2,-56806,4071,-119.14,1.19
R2543,poplar,-2056.8,-56444.7,3853.6,-166.56,1.192
R2544,elm,-1133.1,-56722.2,3875,-171.3,1.086
R2545,elm,5674,-56605.8,4575.1,-202.22,1.05
R2546,elm,13917.1,-57179.9,4020.7,-77.36,1.177
R2547,poplar,35471.8,-56471.4,3458.2,35.12,0.845
R2548,pine,37055.2,-57124.9,3940.9,52.39,0.991
R2549,pine,37718.2,-57176.7,3776.3,-8.66,0.981
R2550,elm,38399,-56641.4,3862.3,-48.83,1.043
R2551,elm,39438,-56886,3995.4,-119.29,1.062
R2552,elm,53935.7,-56443.6,3442.6,-70.31,0.808
R2553,elm,56670.6,-56811.6,3909.9,18.39,0.842
R2554,pine,58556.5,-56441.7,4178.8,75.92,0.902
R2555,pine,59472.2,-56516.8,4155.8,-110.27,1.13
R2556,pine,60099.2,-56941.5,4136.4,-173.7,1.025
R2557,pine,60868.2,-56885.9,4118.9,-80.79,0.923
R2558,pine,61362.8,-57108.9,4091.6,-195.88,1.096
R2559,pine,-62786.3,-55618,5961.6,-197.66,1.098
R2560,elm,-57894.4,-56177.1,5018.2,-252.06,1.145
R2561,elm,-56945.2,-56268.7,4606,-99.66,1.055
R2562,pine,-55647.4,-55931.8,4481.8,-57.28,0.834
R2563,poplar,-55344,-55620.5,4530.9,16.04,0.925
R2564,pine,-54390.2,-56122.8,4193.5,-230.45,0.863
R2565,pine,-53618.8,-55972.4,4073.6,-73.28,1.006
R2566,pine,-51324.8,-55958.6,4300.3,-75.67,0.845
R2567,pine,-49995,-56134.1,4497.3,-106.55,1.244
R2568,pine,-48766.1,-56366.8,4379.8,-177.74,0.862
R2569,pine,-47725.6,-56136,4827.8,34.15,1.145
R2570,pine,-47221.1,-56080.6,4973.8,-254.12,1.035
R2571,poplar,-45209.3,-56168.2,5186.1,-234.74,0.995
R2572,pine,-44231.7,-55936.5,5094.2,-185.41,0.801
R2573,elm,-43502.7,-56315.4,4462,-67.87,0.949
R2574,pine,-42739.2,-55820.1,4177.4,-159.72,1.166
R2575,pine,-41616.6,-55702.3,3801.7,-5.04,1.007
R2576,pine,-39820.6,-55697.1,3643.8,-130.52,0.835
R2577,elm,-27879,-56295.4,3412.6,-186.71,1.003
R2578,pine,-5268.9,-56185.7,3963.3,0.23,0.944
R2579,elm,-5045.7,-55756.4,4015,-227.6,0.975
R2580,elm,7826.1,-56206.4,4543.9,65.63,0.897
R2581,pine,9235.2,-56273.6,4429.6,44.77,1.074
R2582,pine,10647.7,-56160.2,4018.5,-54.14,0.984
R2583,elm,36307.5,-55944.4,3734.5,33.36,0.805
R2584,pine,37758.5,-56394.8,3857.2,-18.23,1.226
R2585,elm,38211.1,-55715.5,3685.7,-101.73,1.107
R2586,pine,39055.7,-56254.9,3924.7,-40.46,0.906
R2587,pine,39731.2,-56092.4,4049.5,-135.29,0.873
R2588,pine,42370.6,-56118.4,3431.6,-74.09,0.958
R2589,pine,54889.4,-55889.6,3999.4,-85.5,0.931
R2590,poplar,55954.9,-55926.2,4009.2,-252.65,1.139
R2591,pine,58492.4,-55748.6,3870.9,-102.52,1.19
R2592,elm,59217.6,-56196.8,4058.7,-101.98,1.24
R2593,pine,59806.9,-55930.7,3943.9,-110.85,1.16
R2594,pine,60959.1,-55907.1,4057.4,-265.38,1.119
R2595,pine,61604.2,-55906.3,3906,-145.98,0.857
R2596,pine,63042.2,-55771.9,3618.9,13.48,0.859
R2597,pine,-69410.4,-55439.5,7396.2,80.91,1.187
R2598,elm,-64444,-54970.7,6197.2,-41.17,0.875
R2599,pine,-64394.7,-55555.7,5929.2,-209.65,0.99
R2600,pine,-62823.4,-54816.2,6517.8,8.19,1.121
R2601,pine,-62137.2,-55220.6,6247.7,-10.99,1.079
R2602,pine,-59613.3,-55474.3,6129.4,-205.38,1.218
R2603,poplar,-59359.1,-55546.4,6097.8,-241.2,1.187
R2604,elm,-58028,-55358.6,5468.7,-240.09,0.983
R2605,pine,-57096.8,-55268.5,5263.2,-10.52,0.9
R2606,pine,-55960.2,-54934.7,4934.7,-94.47,1.198
R2607,pine,-55514.2,-54891.6,4692.6,-155.4,1.097
R2608,pine,-54097.2,-55061.8,4464.8,-199.68,1.154
R2609,pine,-53293.8,-55172.8,4554.6,-39.32,1.123
R2610,poplar,-52137.2,-54840.7,4422.3,-194.37,0.987
R2611,elm,-51178.2,-55287.6,4318.6,-217.91,1.185
R2612,elm,-50291.5,-54977.3,4067.6,-55.91,1.089
R2613,elm,-49271.8,-54977.9,4083.4,-182.79,1.169
R2614,elm,-48579.8,-55310.6,4288.3,-97.91,1.228
R2615,pine,-47715.7,-55053,4733.8,-227.74,0.979
R2616,pine,-47103.7,-55201.8,4831.5,84.27,0.944
R2617,poplar,-46276.2,-55194.3,4865.3,-140.53,0.895
R2618,pine,-45795.7,-55391.5,4779.8,-161.67,0.922
R2619,pine,-44915.6,-55403.2,4975.5,-11.57,0.821
R2620,elm,-44335.3,-55407.2,5021.5,-237.72,1.201
R2621,pine,-43471,-55024,4616.7,-154.43,1.03
R2622,elm,-42571.4,-55396.6,4156.3,-248.79,1.197
R2623,pine,-31387.7,-55599.2,3565.6,-261.39,1.077
R2624,pine,-30009.3,-55574.3,3749.6,-40.67,0.914
R2625,elm,-27221.6,-55342,3088.6,84.4,0.831
R2626,pine,-8059.1,-55580.9,3046,-103.76,1.179
R2627,elm,37114.7,-55357.1,3497.2,-33.57,1.026
R2628,pine,38080.7,-55113.5,3437.1,-256.77,1.016
R2629,pine,39448.9,-55541.8,3932.6,-253.37,0.997
R2630,pine,39758.4,-55368.3,3932.7,-164.74,0.871
R2631,elm,40616.4,-55532.4,4070.5,-4.08,1.174
R2632,elm,56287.3,-55163.5,3744.3,-165.48,1.211
R2633,poplar,57276.3,-55232.6,3682.9,-245.85,1.096
R2634,elm,58086.4,-55522.3,3797.2,-151.99,1.229
R2635,poplar,60362.9,-55220.2,3725.7,-234.65,1.119
R2636,pine,61068.7,-55452.8,3978.4,-153.81,1.094
R2637,poplar,61719.1,-55369.2,3977.4,-200.21,1.085
R2638,pine,-65626.7,-54511.8,6346.9,-76.93,1.203
R2639,elm,-63494.8,-54362.5,6507.9,-180.73,1.036
R2640,elm,-62615.7,-54774.9,6491.4,-53.96,1.015
R2641,elm,-61991.6,-54418.4,6422,-127,0.825
R2642,pine,-59761.1,-54592.8,6449.9,-234.98,0.903
R2643,pine,-59166.9,-54612,6208.4,-17.18,1.012
R2644,pine,-58014,-54586.9,5756.2,-184.88,0.863
R2645,pine,-57485.1,-54665.1,5654.6,71.09,1.069
R2646,pine,-56417.5,-54525.1,5299.5,-183.79,1.038
R2647,elm,-55888.7,-54530,4908.4,57.17,0.829
R2648,pine,-54905.7,-54490.1,4454,-8.12,1.227
R2649,elm,-54111,-54012.9,4657,-139.02,0.951
R2650,pine,-53898.1,-54721.6,4573.2,-103.86,1.161
R2651,pine,-52412.4,-54017.9,4233.6,-24.01,1.176
R2652,pine,-50130.6,-54563.7,4106.4,-185.47,1.102
R2653,pine,-49814.2,-54342.3,4154.7,-168.88,0.904
R2654,pine,-49031,-54158.3,4299.4,-181.25,1.137
R2655,pine,-47880.5,-54612.6,4815.2,24.45,1.249
R2656,pine,-46527.8,-54414,4805.5,-222.46,1.051
R2657,elm,-45901.8,-54713.5,4827.6,-177.01,0.856
R2658,pine,-44755.7,-54764.9,4793,5.3,0.916
R2659,pine,-43938.1,-54474,4592.6,-43.68,1.063
R2660,elm,-43174.7,-54327.9,4311.7,59.27,0.966
R2661,pine,-42238.6,-54648,4051.7,-265.59,1.007
R2662,pine,-41663.4,-54197.9,3942.2,-156.62,1.188
R2663,pine,-40414.1,-54166.8,3648,-50.84,0.964
R2664,poplar,-32753.2,-54309.8,3245.5,-144.27,1.197
R2665,pine,-29625,-54572.2,3438,-133.92,1.113
R2666,elm,-6422.4,-54151.1,3210.9,-252.43,1.131
R2667,poplar,-4629.8,-54538.8,3664.7,-88.01,1.149
R2668,pine,38170.5,-54724.7,3414.4,40.21,1.239
R2669,elm,40805.1,-54711.6,3842.5,89.61,1.152
R2670,pine,59426.5,-54575.8,3555.8,-130.49,1.244
R2671,poplar,60116.5,-54606.5,3595.4,-182.7,0.808
R2672,pine,60823.6,-54707.1,3649.9,-66.21,1.04
R2673,elm,61605.2,-54090.7,3640.7,-14.14,1.137
R2674,poplar,-64771.9,-53204.7,6524.5,-136.29,1.152
R2675,elm,-63777.7,-53663.2,6235,-91.78,0.908
R2676,pine,-62711,-53984.4,6210.9,-29.75,0.877
R2677,pine,-60751.1,-53751.6,6452.5,-220.94,0.901
R2678,pine,-59076.1,-53823.5,6444.2,53.95,0.884
R2679,poplar,-58212.7,-53493.8,6176.7,-21.83,1.16
R2680,elm,-57270.7,-53222,5883.8,7.43,0.901
R2681,poplar,-56719.4,-53518.8,5668.2,-6.49,0.978
R2682,elm,-56054.8,-53586.3,5387.8,-256.43,1.191
R2683,pine,-54978.9,-53615.1,4812.4,-219.39,1.163
R2684,pine,-54731.9,-53785.1,4732.6,37.91,1.122
R2685,pine,-53472.1,-53238.1,4511.9,23.31,1.183
R2686,pine,-52751.7,-53354.5,4269.5,-166.5,0.935
R2687,elm,-51653.1,-53558.4,4237.3,-95.19,1.173
R2688,pine,-50915.6,-53844.2,4153.4,-200.64,1.225
R2689,poplar,-50459.6,-53816,4191.4,-217.19,1.186
R2690,elm,-49384.7,-53724.5,4542.8,-48.7,0.847
R2691,elm,-48873.2,-53583.2,4775.7,22.46,0.98
R2692,pine,-47959.6,-53277.4,4764.2,-226.86,0.954
R2693,elm,-47284.2,-53808.6,4766.1,-139.14,0.868
R2694,pine,-46077,-53767.5,4820.2,-75.93,1.101
R2695,pine,-45429.5,-53984.1,4684.5,-61.58,0.832
R2696,elm,-44607.7,-53874.2,4398.5,69.22,1.241
R2697,elm,-44090.2,-53858.7,4339,35.21,0.867
R2698,pine,-42005,-53675.7,3708.8,-13.81,0.958
R2699,elm,-41479.9,-53772.7,3711.7,-59.51,1.121
R2700,pine,-38464.7,-53825.8,3057.7,-188.71,1.234
R2701,pine,-31522.2,-53672,3316.3,-42.81,1.189
R2702,pine,-30602.6,-53963.5,3394.6,-12.34,0.882
R2703,pine,-25604.6,-53955.9,3035,-85.68,0.892
R2704,pine,-5257.5,-53812.7,3483.3,-161.26,1.144
R2705,pine,38889.4,-53242.2,3175.2,-102.01,1.222
R2706,elm,39625.7,-53225.2,3300.1,-2.58,0.811
R2707,elm,57439.4,-53969.4,3579.4,-213.84,0.829
R2708,elm,60017.6,-53379.4,3376.4,-16.47,0.88
R2709,pine,61963.7,-53337.5,3453.9,42.15,1.217
R2710,pine,-69366.8,-53034.7,8157,-156.69,0.805
R2711,pine,-68626.2,-52602.8,7896.2,-91.3,1.196
R2712,pine,-66440.5,-52944.5,6841.7,-27.1,0.905
R2713,pine,-64971,-52945.8,6512,-201.74,1.096
R2714,elm,-64385,-52527.1,6485.8,-196.83,0.976
R2715,pine,-63196.7,-52995.2,6207.4,-166.49,0.811
R2716,pine,-61318.1,-53166.9,6183.2,66.27,1.248
R2717,pine,-60789.7,-53175.3,6300.2,-40.29,1.054
R2718,pine,-60376.1,-53085.4,6359.6,-85.24,1.025
R2719,pine,-59328,-52423.9,6556.1,-264.79,0.829
R2720,poplar,-58761.3,-53164,6463.9,-25.62,0.993
R2721,pine,-57532.9,-52492.3,6410.5,50.89,1.195
R2722,pine,-56448.5,-52644.6,5870.9,-7.34,1.228
R2723,pine,-56235.1,-52509.9,5891.6,-18.4,0.94
R2724,pine,-55454,-52798.5,5354.1,-14.35,0.896
R2725,elm,-54594.6,-52774.3,4867.2,-147.96,0.927
R2726,pine,-53351.2,-52838.2,4346.9,-212.74,0.882
R2727,elm,-53158.3,-52967.9,4475.3,-247.29,1.04
R2728,pine,-52061.2,-52659.5,4209.8,5.07,1.116
R2729,poplar,-51328.5,-52661.4,4384.3,-76.6,1.179
R2730,poplar,-50740.2,-52940.2,4478,-59.4,1.048
R2731,pine,-49853.4,-53090.6,4830.4,-150.19,1.238
R2732,pine,-48902.1,-52820.8,5221.1,-135.45,0.968
R2733,elm,-48254.3,-52570.1,5215.1,20.56,0.999
R2734,pine,-47483.2,-52680.9,5164.5,23.68,1.134
R2735,pine,-46749.1,-53098.2,4914.3,86.81,1.233
R2736,pine,-45560.3,-52866.2,4756.1,-172.26,1.096
R2737,poplar,-45140,-53110.5,4682.1,-69.75,1.06
R2738,pine,-43827.8,-52556.1,3906.1,-216.58,0.982
R2739,poplar,-43432,-52614.3,3808.7,-196.69,1.186
R2740,elm,-28556.2,-52437.1,2933.7,-87.63,1.2
R2741,pine,59637.5,-53042,3281.4,-83.63,1.206
R2742,pine,61119.9,-52846.7,3280.7,16.52,0.987
R2743,elm,-66966.9,-51979.8,7047.9,35.69,0.881
R2744,poplar,-66564.3,-52139,6728.6,-260.51,0.923
R2745,elm,-65610.3,-52038.7,6282.9,-203.65,1.112
R2746,pine,-64504.5,-51717.5,6393.1,-95.91,1.009
R2747,poplar,-63940.6,-52048.8,6179.8,-221.03,1.083
R2748,pine,-62837.7,-52352.9,5972.3,-230.36,0.857
R2749,pine,-62044.3,-51834.3,5784.9,-213.3,0.844
R2750,pine,-61832.5,-52059.1,5815.2,-50.07,1.078
R2751,pine,-59447.1,-51647.7,6966.4,-222.56,1.223
R2752,pine,-58048.5,-51959.7,6774.7,-47.32,0.972
R2753,pine,-57738.1,-52002.4,6645.6,-52.88,0.898
R2754,elm,-56798.6,-52015.7,6281,-18.77,1.183
R2755,pine,-56313.9,-52368.8,5942,-185.66,1.032
R2756,poplar,-55541,-52111.4,5892.2,59.84,1.069
R2757,pine,-54439.4,-52156.6,4907.1,-32.06,0.876
R2758,pine,-53916.2,-52087.6,4499.9,-53.27,1.048
R2759,elm,-52692.3,-52206.8,4355.3,8.65,1.156
R2760,elm,-52347.4,-52114.7,4538.5,-223.45,1.238
R2761,elm,-51217.6,-52232.8,4657,-181.47,1.009
R2762,pine,-50207.1,-52351.3,5219.2,60.95,1.222
R2763,poplar,-49441.1,-51619,5709.3,-175.78,0.96
R2764,poplar,-49147.3,-52028.6,5466,-164.12,1.22
R2765,elm,-48201,-52198.4,5281.9,33.93,1.197
R2766,pine,-47264,-52377.1,5276.2,76.31,0.943
R2767,elm,-46261.7,-51914.1,4984.3,-155.74,0.875
R2768,elm,-45258.4,-51856.1,4777.4,-15.21,1.055
R2769,pine,-45022.8,-52031.7,4943.4,4.06,1.208
R2770,poplar,-44202.1,-52230.1,4127.1,-113.55,0.906
R2771,pine,5585.3,-51981.6,3206.3,31.39,0.89
R2772,pine,68900.2,-52300,4527.8,17,1.136
R2773,pine,-68986.9,-51264.5,7999.6,-10.73,1.242
R2774,pine,-67593.9,-51304.7,7271.7,12.18,1.021
R2775,elm,-66496.9,-50862.9,6322.7,-75.47,0.838
R2776,elm,-65743.8,-51313.4,6214.4,-52.31,0.93
R2777,elm,-64604.3,-51596.1,6412.1,-265.91,1.114
R2778,pine,-64183.8,-51305.7,6185.4,-208.71,0.88
R2779,elm,-62963,-50868.5,5845,-31.4,1.097
R2780,pine,-59889.1,-50810.9,7120.3,4.04,0.966
R2781,poplar,-58295.2,-51254,6902.8,-47.35,1.061
R2782,elm,-57431,-51475.9,6771.7,-130.56,0.841
R2783,elm,-56576.9,-50890.1,6381.8,-41.8,1.158
R2784,pine,-56022.3,-51155,6390,-62.9,0.86
R2785,elm,-55225.1,-51170.8,5805.9,61.56,0.847
R2786,elm,-54627.1,-51237.3,5336.1,-87.27,0.977
R2787,poplar,-53385.5,-50825.5,4895.1,-147.29,1.133
R2788,poplar,-53077.8,-50971.2,4777.3,-138.59,0.831
R2789,pine,-51943.5,-50977,5087.3,-256.24,1.22
R2790,pine,-51476.2,-51242.3,5239.7,69.45,1.111
R2791,pine,-49324.8,-51508.9,5733.6,-5.54,0.909
R2792,pine,-49074.1,-51500.5,5723.7,-141.57,0.84
R2793,elm,-47922.7,-51066.5,5437.6,-50.46,1.008
R2794,elm,-47076.7,-51439.2,5096.8,-229.69,1.201
R2795,pine,-46060.9,-51032.9,4343,-22.19,0.829
R2796,pine,-44851,-51550.9,4747.3,-100.9,0.888
R2797,pine,-43640.9,-51294.4,3845.1,-1.22,1.165
R2798,pine,-42349.5,-50901.5,3558.7,-192.75,0.889
R2799,pine,-40852.8,-51528.2,3266.3,-189.41,0.999
R2800,elm,-39451.3,-51071.4,3287.7,-81.61,1.012
R2801,elm,65522.5,-51301.5,3596.3,-72.61,0.994
R2802,pine,-69244.8,-50658.5,7939.3,83.4,0.841
R2803,pine,-69010.9,-50452.5,7786.6,-64.51,0.887
R2804,pine,-66781.1,-50716.3,6568.8,-21.9,0.92
R2805,pine,-64817.1,-50408.8,6468.4,-224.81,1.241
R2806,elm,-63997.5,-50534.4,6198.7,-257.69,0.861
R2807,pine,-63541.3,-50289.8,5954.1,-260.76,0.911
R2808,pine,-60363.1,-50659,7195.5,-145.3,1.223
R2809,elm,-59027.6,-50556,7107.7,-103.27,0.942
R2810,pine,-58198.1,-50701.6,6737.9,-44.04,0.871
R2811,elm,-57269,-50277.8,6322.5,-14.88,1.061
R2812,pine,-54976.1,-50513.1,6068.1,-225.37,1.124
R2813,pine,-54514.1,-50270.6,5865.1,-111.91,0.823
R2814,poplar,-53876.1,-50502,5367.1,-120.94,0.961
R2815,elm,-52865.3,-50008.9,5014.6,-170.98,0.876
R2816,pine,-52245.7,-50744.6,4897.9,-143.27,0.839
R2817,pine,-50321.1,-50437.7,5439,12.62,0.892
R2818,pine,-49653.4,-50792.4,5848.4,-218.35,0.871
R2819,elm,-48401.6,-50592.8,5943.6,86.52,1.231
R2820,elm,-47684.2,-50487.3,5201.3,-223.55,0.825
R2821,pine,-47112.8,-50350.8,4843.9,-181.6,1.01
R2822,elm,-46056.1,-50688,4268.8,-209.35,0.908
R2823,poplar,-44593.9,-50071.8,4487.2,-44.95,1.147
R2824,elm,-43766.3,-50036.4,4553.3,-134.18,1.15
R2825,pine,-43058.6,-50403.3,3735.1,-160.92,1.16
R2826,elm,-40322.3,-50122.1,3384.5,-210.14,0.956
R2827,poplar,-31839.4,-50548.1,3121.3,-102.33,1.16
R2828,pine,64812.7,-50030.1,3705,-140.37,1.078
R2829,poplar,66599.9,-50418.1,3959.3,-10.78,1.102
R2830,pine,69114.8,-50723.6,4474.5,-259,0.863
R2831,pine,-67728.7,-49745.5,7273.3,83.63,0.988
R2832,elm,-66599.2,-49491.9,6669.5,22.94,0.856
R2833,pine,-65226.2,-49604.8,6436.3,63.41,0.94
R2834,pine,-65136.1,-49432.1,6450.8,-181.42,0.82
R2835,pine,-58612.7,-49516.6,6773.8,-228.4,0.983
R2836,poplar,-55940,-49666.5,6329.5,74.29,1.224
R2837,poplar,-53000.3,-49533,5132.4,-42.52,1.09
R2838,elm,-52074.8,-49813.1,5432.6,-94.49,0.971
R2839,pine,-51277.4,-49207.2,5621.8,-5.27,1.071
R2840,pine,-50182.2,-49455.6,5596.6,-45.71,1.084
R2841,pine,-49353.2,-49560.4,6114.4,25.68,0.964
R2842,poplar,-48415.7,-49571.8,6060.9,-266.9,0.999
R2843,poplar,-48180.6,-49519.6,5808.1,-100.37,1.046
R2844,elm,-46904.5,-49509.5,4816.2,-214.25,0.948
R2845,pine,-46140.4,-49261,4475.4,-48.51,0.882
R2846,pine,-45390.5,-49492.7,4313.1,-180.06,1.203
R2847,pine,-45131.2,-49773,4418.8,-251.78,1.021
R2848,elm,-43813.5,-49403.1,4402,-33.75,0.879
R2849,poplar,-43035,-49299.3,4393,-102.76,0.847
R2850,poplar,-41943.1,-49294.2,4204.7,-91.15,0.833
R2851,elm,-40347.9,-49396,3706.4,-105.85,1.137
R2852,pine,64853.2,-49520.2,3708.7,-239.81,1.058
R2853,elm,65242.5,-49327,3630.9,-113.07,0.91
R2854,pine,66704.8,-49366.6,3915.7,-269.72,0.881
R2855,poplar,68185.6,-49569.7,4080,-153.15,1.16
R2856,elm,68670.9,-49969.8,4163.5,-230.76,1.154
R2857,pine,-64654.6,-48891.6,6565.1,-164.17,1.173
R2858,elm,-56771.5,-48987.7,6333,-20.56,0.946
R2859,pine,-55685.1,-48414.4,5711.1,85.83,1.209
R2860,pine,-54027.8,-48696.3,5618.8,67.01,1.229
R2861,poplar,-53871.2,-48745.9,5502.4,-172.43,1.025
R2862,elm,-52823.2,-49152.3,5439,-119.55,0.88
R2863,elm,-51889.9,-49138,6039.5,-67.99,1.071
R2864,pine,-49939.7,-48910.9,5802,-214.7,0.817
R2865,pine,-48861.3,-48659.8,6293.6,-31.13,0.91
R2866,pine,-47921.4,-48562.1,5896.8,34.84,0.807
R2867,poplar,-47485.7,-48428.5,5543.2,-3.12,1.123
R2868,pine,-46787.3,-48502.4,5051,-123.96,1.163
R2869,elm,-45769.4,-49079.8,4515.9,-245.16,0.961
R2870,pine,-44409.8,-48657.3,4586.6,-122.26,1.155
R2871,elm,-44037.8,-49014.7,4436.8,-235.64,1.125
R2872,pine,-43399.3,-48888.9,4492.3,-70.55,1.169
R2873,pine,-42586.1,-48606.6,4683.9,-41.98,1.108
R2874,poplar,-41296.9,-48666,4223.1,-132.52,1.201
R2875,elm,-40674.9,-48981.2,3939.7,-266.07,0.884
R2876,pine,64074.4,-49056.1,3838.8,-246.44,0.951
R2877,pine,65777.8,-48985.5,3614,37.9,1.029
R2878,pine,66735.7,-48621,3787.3,-27.92,0.981
R2879,pine,68069.7,-48623.2,4099.2,-131.34,0.896
R2880,elm,68697.2,-49082.4,4166.6,15.38,0.886
R2881,pine,-59661.6,-47653.4,6415.4,-119.41,0.944
R2882,elm,-58538.7,-48163.4,6459.2,-156.95,1.177
R2883,pine,-56791.1,-48192.6,5720.7,-210.55,0.903
R2884,poplar,-55676.8,-48114.3,5761.7,-161.87,1.123
R2885,pine,-55292.4,-47864,5813.8,43.09,0.903
R2886,pine,-54608.5,-48005.2,5817.3,-246.7,1.073
R2887,pine,-52392.7,-47671.5,5557.2,-244.82,0.945
R2888,pine,-51373.5,-48038.6,6324.7,55.65,1.022
R2889,pine,-49571.8,-48271,6403.7,70.42,0.969
R2890,pine,-48532.9,-48080.5,6514.8,23.24,0.88
R2891,pine,-47836.9,-47630.6,6056.7,-265.52,1.044
R2892,pine,-46936.8,-47962.9,5322.4,-89.93,0.941
R2893,pine,-46689.9,-47630.8,5275.4,-234.89,1.199
R2894,pine,-45942.9,-48279.7,4678.5,80.37,0.81
R2895,pine,-44465.9,-48018.3,4261.4,-169.26,0.988
R2896,pine,-43824.4,-48040.5,4264.5,14.94,1.174
R2897,elm,-42973.5,-47651.3,4475.6,-46.81,0.915
R2898,elm,-42571.1,-48086.7,4552.5,-156.72,0.852
R2899,pine,-41227,-47983.3,4173.4,45.76,0.943
R2900,pine,66754.2,-48377.4,3795.9,-154.15,1.131
R2901,poplar,68379.4,-47809.3,4357,-1.02,0.943
R2902,poplar,68499,-47880.7,4379.1,-106.07,0.814
R2903,poplar,-58201.7,-47537.8,6393.7,24.28,1.203
R2904,elm,-57984.7,-47509.3,6306.4,-258.6,0.885
R2905,elm,-54132.7,-46982.1,6011.8,-221.85,1.032
R2906,pine,-53290.9,-47494.2,6116.2,-147.63,0.871
R2907,elm,-51350.1,-47121.3,6278.5,-213.85,1.224
R2908,pine,-50306.9,-47499.1,6496.5,-141.03,1.087
R2909,pine,-49114.6,-47081.7,6643.5,-202.87,1.113
R2910,pine,-47792.6,-47485.6,5967.9,-234.19,1.094
R2911,poplar,-47320.7,-47318.2,5785,-145.05,1.21
R2912,elm,-46270,-47314.6,4761.4,88.6,1.127
R2913,elm,-45452.7,-46865,4579.9,-55.45,0.867
R2914,pine,-45072.5,-47296.7,4242.5,-100.5,0.836
R2915,poplar,-43819.9,-47048,4572.6,-100.65,0.916
R2916,pine,-43363.2,-47334.1,4414.8,-68.51,1.174
R2917,elm,-42197.6,-47377.7,4357.4,-125.61,1.201
R2918,pine,-41614.4,-47515.1,4406,58.62,1.161
R2919,pine,64936,-47049,3665.1,40.9,0.83
R2920,elm,65941.6,-47503.3,3691.7,-215.59,1.008
R2921,poplar,66859.8,-47382.7,3856.4,-248.58,1.074
R2922,elm,69073.3,-46985.3,4980.1,22.68,1.014
R2923,pine,69569.9,-47145.3,5105.5,41.17,1.197
R2924,pine,-59979.1,-46180.9,6508.6,-266.36,0.921
R2925,elm,-58992.9,-46317.2,7098.8,-82.42,0.808
R2926,poplar,-58090,-46271,7171.5,-16.59,0.819
R2927,pine,-56468.7,-46685.8,5983.1,-76.26,0.835
R2928,pine,-56321,-46585.1,6047.5,3.38,1.221
R2929,pine,-55075.2,-46354,5735.7,46.93,1.233
R2930,pine,-52724.5,-46370.4,6302.9,-121.83,0.935
R2931,elm,-49946.1,-46540.4,6473.5,-87.94,0.831
R2932,pine,-46181.7,-46236.7,5738.3,20.2,1.131
R2933,pine,-45291.7,-46093.9,5010.7,-47.34,1.24
R2934,pine,-44452.2,-46718.8,4557.8,50.09,1.066
R2935,elm,-43942.7,-46323,4745.8,51.91,1.026
R2936,pine,-43486.1,-46621.4,4794.6,-52.46,1.247
R2937,poplar,-42356.7,-46536.5,4415.3,44.4,0.892
R2938,pine,-41882.5,-46311.7,4140.1,-154.3,1.099
R2939,elm,-40498.1,-46396.9,3492,-33.32,1.141
R2940,pine,63437.7,-46169.1,3460.5,42.24,1.035
R2941,pine,64010.1,-46555.3,3524.3,-128.21,0.857
R2942,poplar,65134.3,-46209.7,3624.5,39.62,1.083
R2943,pine,66915.2,-46603.8,4020.7,-227.18,1.087
R2944,elm,68363.1,-46798.4,4519.4,-222.08,1.13
R2945,pine,69078.7,-46663.5,4923.3,-178.68,0.845
R2946,elm,-61534.3,-45377.9,6440.9,-174.19,0.94
R2947,pine,-60555.8,-45766.1,6732.6,-108.23,0.882
R2948,elm,-59331.1,-45770.7,6801.4,-106.04,1.082
R2949,pine,-57533,-45548.8,7678.9,-174.96,0.85
R2950,elm,-56927.9,-45945,6798.3,-210.55,0.833
R2951,pine,-49213.6,-45923.9,6521.5,-222.04,0.81
R2952,pine,-48679.5,-45501.9,7223.2,-102.27,1.046
R2953,elm,-48273.4,-45512.4,7107.7,-110.2,0.978
R2954,elm,-47051.5,-45213.2,5761,-90.48,0.943
R2955,pine,-46189.3,-45849.5,5659.5,-123.02,0.863
R2956,poplar,-45401.4,-45836.2,5524.1,-169.73,0.96
R2957,poplar,-42688.2,-45620,4476.1,-133.94,1.215
R2958,poplar,-41823.9,-45275.4,3979.2,-228.25,1.158
R2959,elm,68247,-45924.1,4621.9,-253.76,1.057
R2960,elm,69167.7,-45272.6,4464.8,-180.65,0.997
R2961,pine,-62964.5,-44785.2,6763.3,27.45,0.933
R2962,pine,-60141.6,-45131.5,6872.3,-54.01,1.169
R2963,pine,-57851.2,-44560.6,7979.5,-69.27,0.988
R2964,pine,-55037.2,-44973.2,6577.3,-142.04,1.015
R2965,pine,-53576.9,-44656.1,7390.9,-127.94,1.056
R2966,pine,-48582.7,-45122.9,7340.4,-31.04,1.042
R2967,poplar,-44723,-44755.5,5794.1,-258.22,1.027
R2968,pine,-43610.4,-44631.4,5392.3,46.05,0.86
R2969,pine,-43218.5,-44822.7,4989.9,-29.09,0.921
R2970,pine,-42758.7,-44976.4,4645.2,-26.4,1.074
R2971,pine,-40919.3,-44569.7,3297.6,-68.6,1.05
R2972,pine,67461.4,-45052.2,4285.3,78.8,1.186
R2973,elm,68279.9,-45014.9,4442.9,41.9,1.036
R2974,pine,68820.5,-45152.2,4463.1,-192.73,1.054
R2975,pine,-62215.5,-44391.9,6843.8,-203.21,1.2
R2976,pine,-61320.9,-44009.5,7453.2,-31.72,0.861
R2977,pine,-60447.2,-44013.6,7380.2,-197.81,1.058
R2978,pine,-60178.7,-44200,7379.9,-5.72,1.199
R2979,pine,-59344.2,-44375.7,7206.2,-143.4,1.192
R2980,pine,-58084.4,-43734.1,7653.6,-267.8,1.012
R2981,pine,-56910.5,-43797.9,8108,-255.83,1.021
R2982,pine,-56026.9,-44285.9,7832.7,42.35,0.911
R2983,pine,-47335.7,-44252.3,6597.9,-231.19,1.15
R2984,poplar,-44752.7,-44351.5,5555.9,-158.63,0.881
R2985,pine,-43567.1,-44063.7,5303.9,88.03,1.238
R2986,pine,-42487.1,-43986.7,4013,-217.68,1.072
R2987,elm,-40102.6,-44098,3005.6,50.93,1.016
R2988,pine,63812.3,-43862.6,3667.8,-257.73,1.08
R2989,elm,66110.3,-44070.5,3714.4,-35.85,1.154
R2990,elm,66992.9,-44284.1,3916.7,-36.85,0.849
R2991,pine,-63616.8,-43395.6,7107.6,-266.75,1.137
R2992,pine,-62024.7,-43054,8097.5,-152.18,1.21
R2993,pine,-60528,-43251.2,7596.4,48.93,1.104
R2994,pine,-60342.2,-43044.4,7582.7,-13.22,0.92
R2995,pine,-59228.1,-43377.3,7386.7,-93.8,0.929
R2996,pine,-58420.6,-42896.5,7379.1,-44.33,1.183
R2997,pine,-57568.4,-43531.7,7663.4,-89.68,0.852
R2998,pine,-56889,-43147.5,7925.9,-150.3,0.943
R2999,pine,-55749.6,-43245.2,8445.4,-16.7,1.124
R3000,pine,-55089.3,-42953.2,8197.5,3.91,1.075
R3001,pine,-44659.5,-43252.2,5618.8,87.59,0.917
R3002,pine,-40523.6,-43118.7,3165.2,-43.81,1.06
R3003,poplar,61415.4,-42859.7,3407.8,-109.15,1.069
R3004,poplar,62583.7,-42879.4,3596.6,-89.93,1.21
R3005,poplar,64330.2,-43504,3600.6,61.12,0.871
R3006,pine,64757.8,-42998.9,3695,-107.98,1.038
R3007,pine,66730.5,-43097.5,4131.7,85.65,1.234
R3008,pine,67649.2,-43399.9,4092.6,-160.64,1.157
R3009,elm,68628.4,-43389.6,4275.6,79.03,0.993
R3010,pine,69250.1,-42928.5,4092.1,66.22,0.986
R3011,pine,-65007.3,-42280.9,7044,30.08,0.832
R3012,pine,-63295.2,-42170.8,7919.7,-48.47,1.231
R3013,pine,-62527.1,-42559.7,8224.3,-247.58,0.977
R3014,pine,-61544.5,-42425.5,7877.2,-237.89,1.128
R3015,pine,-60746.9,-42663.9,7584.7,-87.28,0.973
R3016,pine,-59762.9,-42157.4,7610,-181.09,1.002
R3017,elm,-58863.6,-42231.5,7062.8,-16.79,1.156
R3018,pine,-58385.9,-42645.7,7270.9,-42.23,0.85
R3019,pine,-57787.3,-42610.3,7478,-177.26,1.143
R3020,pine,-57033.6,-42364.3,7629.1,-147.44,0.905
R3021,pine,-55911.5,-42261.2,7871.9,-212.71,1.122
R3022,pine,-55515.4,-42348.5,7942,-111.4,1.212
R3023,pine,-47193.9,-42105.5,5760.9,-38.12,0.884
R3024,pine,-46498.5,-42632.9,5954.6,-219.47,0.966
R3025,elm,-45827.4,-42521.8,5563.5,-252.82,1.003
R3026,poplar,-44623.7,-42739.9,5377.4,8.19,1.142
R3027,pine,-41035.1,-42146.9,3914.5,-122.52,0.93
R3028,elm,65327.9,-42609.1,3862.7,68.06,0.965
R3029,pine,-63442.4,-41295.8,8150.5,-164.99,0.818
R3030,pine,-62701.6,-41982.8,8182.9,-78.78,1.047
R3031,pine,-61509.4,-41852.7,7909.7,-259.87,0.952
R3032,pine,-60538.1,-41893.1,7483.4,-12.78,0.812
R3033,pine,-60012.3,-41223,7505.1,21.27,0.883
R3034,pine,-59533.5,-41575.2,7591.6,-188.01,1.04
R3035,pine,-58154,-41822.5,7275.1,-260.27,0.865
R3036,pine,-57978.3,-41949.9,7452.7,71.34,0.999
R3037,pine,-56672.7,-41711.7,7730.7,-217.5,0.841
R3038,pine,-55738.4,-41407.7,8108.1,38.2,1.232
R3039,elm,-39761.3,-41967.8,3373.5,-212.38,1.073
R3040,poplar,68202.7,-41650.8,4291.4,-150.88,0.908
R3041,pine,68787.1,-41242.2,4335.7,-27.98,0.97
R3042,pine,-65537.1,-40716.1,7637.7,-171.74,0.848
R3043,pine,-64031,-41005.7,8183.5,-203.45,0.972
R3044,pine,-63200.4,-40969.9,8097.3,-68.78,1.111
R3045,pine,-61200.1,-40987.4,7877.1,11.81,0.913
R3046,pine,-61082.8,-40506,8020.2,-93.82,1.238
R3047,pine,-60248.5,-40798.1,7638.5,-219.2,0.941
R3048,pine,-59019.9,-40967.7,7560.7,67.51,1.066
R3049,pine,-58618.1,-40698.6,7790.3,-117.03,1.191
R3050,pine,-57600.7,-41009.5,7772.9,-178.25,1.115
R3051,pine,-57006.2,-40906.3,8046.6,-113.16,1.184
R3052,pine,-55790.3,-41188.8,8001.8,47.39,1.218
R3053,elm,-40972.8,-40881.1,4356.6,11.98,1.08
R3054,pine,-40125.9,-40506.3,3960.1,-40.01,0.966
R3055,pine,66465.6,-41127.3,4213.3,-166.66,1.124
R3056,pine,67069.1,-41155.5,4564.3,-214.11,1.166
R3057,elm,68150.6,-41129.9,4481.8,-133.36,0.924
R3058,elm,69152,-40516.8,4480.5,-120.83,1.219
R3059,pine,-65389.5,-39737.7,8135.9,35.35,0.956
R3060,pine,-65187,-39870.3,8173.2,57.15,1.189
R3061,pine,-64205.9,-39991.1,8044.7,-29.77,1.059
R3062,pine,-62385.2,-39654.7,7994.5,-159.61,1.021
R3063,pine,-61801.1,-39978.6,8332.5,-33.18,1.091
R3064,pine,-60497.7,-39842.7,8349.2,-150.88,1.14
R3065,pine,-60343.4,-40078.6,8216.7,-4.88,0.854
R3066,pine,-59036.3,-40359.6,7789.6,-58.53,0.886
R3067,pine,-58157.9,-39766.9,7884.7,1.93,1.172
R3068,pine,-57201.8,-39974.8,8155.6,-125.56,1.004
R3069,pine,-56900.7,-40312.5,8192.8,38.54,1.108
R3070,pine,-56388.3,-39928.1,8036.2,38.53,1.163
R3071,pine,-41166.6,-40076,3678.9,66.68,0.872
R3072,pine,-39687.4,-40218.3,3729.7,-173.89,1.052
R3073,pine,66526,-39794.9,4081.6,72.16,1.237
R3074,poplar,67182.8,-40151.1,4348.1,34.08,1.119
R3075,elm,68395.7,-39714.9,4313,-257.72,1.038
R3076,poplar,68943.9,-40249.4,4400.6,-181.08,0.972
R3077,pine,-66535.9,-38872.8,8176.6,-227.41,1.13
R3078,pine,-65700.9,-38804.4,8339,-176.33,0.922
R3079,pine,-64478,-39194.6,8254.1,-63.32,0.934
R3080,pine,-64386.8,-39099.4,8324.6,-115.04,0.971
R3081,pine,-63493.4,-39369.7,8332.2,84.66,1.044
R3082,pine,-62252.6,-39441.9,7978,-59.92,1.019
R3083,pine,-61451.6,-39230.3,8325.2,88.79,0.971
R3084,pine,-60702.7,-39418.3,8304.2,-40.35,0.891
R3085,pine,-59779.9,-38955.6,7768.5,-70.31,1.199
R3086,pine,-59331.4,-39367.5,7763,-93.13,1.117
R3087,pine,-58797.7,-39445.2,7608.8,62.69,0.931
R3088,pine,-57557.1,-39213.9,7569.4,-114.4,0.919
R3089,pine,-57079.9,-39081.1,7879.5,-266.27,1.243
R3090,pine,-55857.6,-39524,7822.1,-28.09,0.801
R3091,pine,-42686.7,-39362.9,3626.3,68.77,0.992
R3092,pine,-41534.1,-39554.9,3480.1,-106.12,1.166
R3093,poplar,67426.4,-39210.3,4329.2,20.42,0.869
R3094,poplar,67882.7,-38981.2,4337.3,-35.67,0.956
R3095,poplar,69016.9,-39215.4,4077.6,-203.3,0.837
R3096,poplar,69561.7,-39000.7,4072.3,-129.58,1.079
R3097,pine,-69085.7,-38204.7,7279.7,-183.69,1.085
R3098,pine,-67099.5,-38420.9,7866.8,89.79,0.836
R3099,pine,-64520.3,-38649.9,8076.1,-238.93,0.873
R3100,pine,-64032.5,-38322.3,7730.1,-73.77,0.924
R3101,pine,-62809.9,-38481.4,7523.4,-102.85,0.956
R3102,pine,-62706.6,-38680.8,7638.5,-143.3,1.112
R3103,pine,-61800.7,-38318.8,7452.9,-161.94,1.136
R3104,pine,-60560.8,-38672.7,8187.1,59.82,0.873
R3105,pine,-60209.9,-38714.6,8055.1,-250.72,0.94
R3106,pine,-59115.6,-38360.1,7149.9,-238.54,1.172
R3107,pine,-58695.6,-38360.9,6982.8,-143.27,0.822
R3108,pine,-57827.6,-38745.1,7151,-55.2,0.97
R3109,pine,-56771.4,-38483.1,7164.9,-224.18,0.849
R3110,pine,-55783.7,-38743.7,7780.5,-146.73,0.964
R3111,pine,-55267,-38718.9,7628.7,87.74,0.979
R3112,pine,-54643.7,-38383.5,7777.9,-70.73,0.944
R3113,pine,-53792.6,-38452.1,7656.6,-89.36,0.808
R3114,poplar,67292.8,-38189.3,4460.6,-76.89,1.148
R3115,pine,68938.5,-38014.2,3926.9,-234.67,0.823
R3116,pine,69215.6,-38192.6,3942.1,-236.19,0.864
R3117,pine,-69096.8,-37929.4,7487.2,-148.3,1.132
R3118,pine,-68173.3,-37358.2,7949.1,-140.34,0.813
R3119,pine,-66114,-37651.3,7282.9,-1.71,0.833
R3120,pine,-65601.7,-37725.8,7299.8,81.29,1.075
R3121,pine,-64955.3,-37494.1,6861.8,-172.32,1.014
R3122,pine,-64299.5,-37489.2,6714.6,-205.43,1.18
R3123,poplar,-62824.9,-37997.1,6935.3,35.86,0.842
R3124,elm,-62545,-37619.7,6542.5,-225.23,0.981
R3125,pine,-61912.1,-37453.7,6603.9,-135.57,0.922
R3126,pine,-60615.3,-37201.6,7201.3,-186.59,0.994
R3127,pine,-59690.4,-37856.1,7176.1,-29,1.115
R3128,pine,-59242.8,-37499.6,6742.4,-24.81,1.085
R3129,pine,-58080.3,-37602.5,6718.2,68.24,0.926
R3130,elm,-57801.7,-37514,6774.1,-87.1,0.963
R3131,pine,-56992.8,-37506.5,6710.1,-139.05,1.055
R3132,pine,-55703.8,-37655.3,7357.9,14.68,0.844
R3133,pine,-55053.9,-37848.5,7748.7,-1.54,0.924
R3134,poplar,-53602,-37664.3,6602.3,20.87,1.249
R3135,elm,-41370.8,-37311.3,3539.9,54.58,0.851
R3136,elm,67188.5,-37621,4542,65.14,0.968
R3137,poplar,68043,-37766.1,4079.9,67.51,1.125
R3138,elm,69157.3,-37243.6,3809.3,-88.75,0.977
R3139,pine,-68128.5,-36817.3,8111.7,-90.41,0.879
R3140,pine,-67501.2,-37141.6,7696.6,-128.45,1.05
R3141,elm,-66296.6,-36842.4,6738.2,-72.28,0.948
R3142,elm,-65919.7,-36669,6808.1,-140.79,1.103
R3143,pine,-64796.1,-36474.7,6345.6,-10.46,0.951
R3144,pine,-63813.2,-37148.4,6493.3,-8.64,1.17
R3145,elm,-62889,-36988.1,6117.3,65.69,0.841
R3146,pine,-62209.5,-37087.9,6240.8,-230.98,1.184
R3147,pine,-61492.8,-36825.8,6670.2,43.26,0.974
R3148,pine,-60579.4,-36707.5,6914.5,-234.17,0.955
R3149,elm,-60389.7,-36483.7,6915.6,-190.8,0.971
R3150,elm,-59352.6,-36516.9,6594.6,37.27,1.038
R3151,poplar,-58074.3,-36746.5,6564.3,-64.19,1.079
R3152,pine,-57923.5,-36490.7,6633.6,-69.66,0.991
R3153,elm,-56874,-36949.3,6381.9,85.11,0.952
R3154,poplar,-56277.9,-36665.8,6403.2,-46.91,1.057
R3155,elm,-55542.3,-36835,6778.1,-43.11,1.045
R3156,pine,66501.3,-36754.8,4516.9,-171.4,1.164
R3157,pine,69011.7,-37060.7,3852.4,-228.57,1.151
R3158,pine,-68988.6,-36355.1,7983.2,-120.77,1.102
R3159,pine,-68279.5,-36006.8,7708.5,32.39,0.912
R3160,pine,-67487.1,-36033.3,7373.1,-122.69,0.916
R3161,pine,-66072.1,-36190.8,6781.4,-206.5,1.169
R3162,pine,-65413.3,-35965.7,6355,-93.91,0.829
R3163,pine,-64469.9,-35769.6,6087.9,-101.13,0.864
R3164,pine,-64109.3,-35635.1,5981.7,26.23,1.159
R3165,elm,-62827.5,-36156.9,5889.3,-259.84,0.985
R3166,poplar,-62494.4,-35766.3,6031,-268.34,1.181
R3167,elm,-61668.9,-36274.5,6521.2,-232.89,0.992
R3168,elm,-61083.3,-35943.8,6742.4,-183.83,1.026
R3169,poplar,-59807.2,-36119.4,6787.7,29.02,0.884
R3170,pine,-58881.8,-36073.8,6524.1,-4.98,1.174
R3171,pine,-58264.4,-36088.5,6559,-171.66,1.212
R3172,pine,-57884.5,-35636.4,6397.2,18.91,1.058
R3173,pine,-56960.3,-35897.4,6349.1,-57.03,0.918
R3174,pine,-56271.7,-35955.1,6213.1,22.13,0.866
R3175,elm,-55134.8,-35872.5,6536.8,-249.49,1.057
R3176,elm,-53710.4,-36116.4,5843.9,-244.48,1.101
R3177,pine,67112.9,-35969.5,4365.8,26.08,0.939
R3178,pine,68143.9,-35907.1,4114,-126.08,1.059
R3179,elm,69059.4,-36130.8,3889.1,33.78,0.801
R3180,pine,-68914.8,-35281,7730.6,-11.57,1.171
R3181,pine,-68202.8,-34905.4,7319.3,-65.33,1.226
R3182,pine,-67434.4,-35550.4,7134.5,-145.04,1.114
R3183,elm,-66308.1,-35591.3,6454.3,-117.28,0.995
R3184,pine,-65283.6,-35493.8,6183.2,51.43,0.907
R3185,elm,-65182.1,-35593.4,6182.7,-81.68,0.823
R3186,poplar,-63999.3,-35066.6,5988.6,-128.24,0.862
R3187,elm,-63178.9,-35098.9,6143.5,-222.22,0.924
R3188,elm,-62539.7,-35119.7,6121.5,-240.71,0.842
R3189,pine,-61354.8,-35320.4,6200.5,-209.84,0.934
R3190,poplar,-61182.1,-34924.1,6250.2,-254.12,1.109
R3191,poplar,-59941.7,-34860.8,6695.3,-134.24,0.848
R3192,pine,-58853.8,-35517,6194.1,-217.56,0.818
R3193,pine,-58108.8,-34884.1,6121.4,-128.88,1.044
R3194,elm,-57644.9,-35269.8,6418.5,-23.92,0.904
R3195,pine,-56686.4,-35037.2,6234.2,14.18,0.823
R3196,elm,-56189.5,-35542.1,6211.7,-25.97,0.83
R3197,poplar,-55528.9,-35381.4,6390.6,-201.14,1.11
R3198,elm,-54644.8,-34957.9,6299.4,58.59,1.088
R3199,pine,-53141.9,-35205.1,5522.1,-36.57,1.133
R3200,pine,69083.6,-35404.7,3924.8,48.06,0.968
R3201,pine,-69316.1,-34420.4,7688.2,18.7,0.845
R3202,pine,-68426.1,-34531.8,7388.8,30.05,0.933
R3203,pine,-68092,-34717.6,7221.7,-247.49,0.833
R3204,pine,-66980.4,-34475,6670.5,65.51,1.052
R3205,elm,-66319.2,-34728.2,6441.4,-198.77,1.229
R3206,pine,-65425.4,-34363.2,6190.6,-228.88,0.957
R3207,elm,-64492.9,-34748.3,6147,48.83,1.137
R3208,elm,-64057.9,-34549,6138.4,33.53,0.973
R3209,pine,-62920.4,-34038,6382,-28.94,1.006
R3210,pine,-62684.7,-34321.4,6270.3,-96.58,0.816
R3211,elm,-60519.5,-34221.1,6260.3,-15.3,0.978
R3212,pine,-59942.7,-34582.2,6449.6,19.24,1.211
R3213,pine,-59319.7,-34555.4,6167.7,-8.85,1.043
R3214,pine,-58248.2,-34635.5,6028.7,-76.71,1.024
R3215,elm,-57501.6,-34398.6,6213,85.84,0.977
R3216,elm,-56775.4,-34022.6,6569.1,49.27,1.169
R3217,pine,-55333.8,-34170.1,6754.2,-222.06,1.081
R3218,pine,-54374.6,-34428.4,5837.2,-150.04,0.958
R3219,pine,-51501.1,-34079.7,5061.9,-264.91,1.02
R3220,pine,68763,-34535.9,3931.4,-108.92,1.242
R3221,pine,-68417.9,-33972.2,7285.7,37.37,0.92
R3222,elm,-68066.7,-33257.7,7093,-205.82,1.123
R3223,pine,-67149.3,-33345.8,6903.4,29.74,1.147
R3224,elm,-66465.9,-33724.7,6632.8,-34.84,1.2
R3225,pine,-65931.8,-33801,6435.1,-222.53,0.842
R3226,pine,-64981,-33931.3,6231.6,-72.62,0.934
R3227,elm,-64219.9,-33478.8,6638.6,-38.06,1.131
R3228,elm,-63141.2,-33295.9,6531.1,-233.13,0.852
R3229,pine,-62019.5,-33623.7,6067.2,39.37,0.802
R3230,poplar,-61832.3,-33388.7,6059.5,-32.77,1.013
R3231,poplar,-60987.5,-33315.6,6077.8,-52.24,1.081
R3232,elm,-59787.7,-33450.3,6099.8,-175.31,0.98
R3233,pine,-59534.4,-33483.5,6116.2,-69.09,0.998
R3234,poplar,-58287.6,-33819.5,6224.5,-45.88,0.848
R3235,pine,-57304.1,-33776.8,6625.3,82.1,1.136
R3236,poplar,-57119.2,-33656.9,6575.5,-69.55,1.222
R3237,pine,-55616.3,-33763.1,7041.8,-192.63,1.175
R3238,pine,-52838.8,-33981.3,4826.8,-5.72,0.943
R3239,elm,-50687.1,-33502.7,4297,-58.99,0.884
R3240,pine,66322.2,-33222.1,3794.5,3.91,1.073
R3241,pine,67721.9,-33983.3,3958.8,27.75,1.011
R3242,elm,68870.3,-33822.2,3941.1,9.54,1.021
R3243,elm,69364.8,-33568.5,3978.5,83,0.862
R3244,poplar,-69026.9,-33041.2,7126.3,73.51,0.907
R3245,pine,-68319.3,-33112.8,7153.4,55.84,0.963
R3246,pine,-66966.5,-32816.6,6692.5,12.41,1.066
R3247,elm,-66442,-33090.4,6661.5,-38.93,0.884
R3248,elm,-65552.1,-33013.3,6515.3,-259.27,1.139
R3249,poplar,-65120.2,-33112.6,6491.4,-156.04,0.919
R3250,pine,-64212.2,-33168.5,6618.6,60.02,1.151
R3251,pine,-63325.5,-32964.7,6509.5,-128.02,0.934
R3252,pine,-62350.9,-32537.9,6417.5,34.13,1.114
R3253,pine,-61346.2,-33166.2,6181.8,-115.76,1.227
R3254,elm,-60564,-32706.1,6208.4,-53.73,1.234
R3255,pine,-59980.4,-32788.3,6244.1,-107.31,0.818
R3256,elm,-58858.1,-32756.8,6590.3,-89.55,0.985
R3257,pine,-58401.8,-32799,6778.5,-235.31,1.071
R3258,elm,-57356.6,-32741.1,6809.1,45.85,0.923
R3259,poplar,-56642.4,-33083.6,6945.4,-123,1.013
R3260,pine,-55850.1,-33148,6785.2,-3.66,1.199
R3261,elm,65895.1,-32912.8,3695.1,-32.47,0.935
R3262,elm,66963.7,-32759,4097.8,-83.3,0.82
R3263,poplar,67936.4,-32890.5,4241.2,-197.39,1.101
R3264,elm,68645.3,-33033.5,4159.9,81.97,1.053
R3265,pine,-68912.8,-31852.6,6975.8,22.78,0.987
R3266,pine,-68004.1,-31941.8,6897.7,-150.17,0.952
R3267,pine,-67230.8,-31855.2,6910.6,2.29,1.182
R3268,elm,-66553.7,-32315.8,6569.2,-80.13,1.06
R3269,poplar,-65651.7,-31924.7,5857.5,-91.01,1.093
R3270,pine,-65104.7,-31999.1,5857.2,28.64,1.065
R3271,elm,-63758,-32202.9,6146.8,-100.13,0.987
R3272,pine,-63306.5,-31674.8,5807.8,40.65,1.139
R3273,pine,-62279.2,-32315.7,6361.6,-87.82,1.101
R3274,poplar,-61397.1,-31927,6416.4,-61.05,1.036
R3275,pine,-61030.1,-31762.5,6520.5,22.56,1.165
R3276,pine,-60343.2,-32249.8,6401.6,74.55,1.052
R3277,elm,-59197,-32050.7,6857.1,-175.6,1.073
R3278,pine,-58534.6,-31732.6,7042.8,-211.2,0.909
R3279,elm,-56524.5,-32188.7,6525.9,-14.15,0.904
R3280,pine,-55092.8,-31840.8,5469.4,-261.04,0.953
R3281,elm,-50363,-32358.8,3955.1,80.18,1.076
R3282,pine,65258.3,-31866.1,3507,-10.75,1.046
R3283,pine,66604,-31658.3,4016.2,-83.31,0.889
R3284,elm,66883.7,-32084.2,4182.8,-222.21,1.082
R3285,pine,67757.2,-31764.9,4519.1,-172.23,1.007
R3286,elm,68413.4,-31897.6,4427,-182.83,0.905
R3287,pine,-69259.6,-31410.7,6596.9,-228.01,0.993
R3288,elm,-68797.5,-31014.3,6460.6,-11.4,0.895
R3289,poplar,-67937.6,-31073.7,6463.1,72.23,1.2
R3290,pine,-67017.4,-31046.7,6425.1,79.05,1.215
R3291,pine,-66401.4,-31164.1,6211.6,44.78,0.83
R3292,pine,-65615.9,-30872.9,5869.7,-30.17,1.223
R3293,poplar,-64539.4,-31306.2,5714.6,40.47,0.81
R3294,poplar,-63998,-30928.3,5744.4,-28.59,0.879
R3295,pine,-63050,-30963,5580.4,12.52,0.829
R3296,poplar,-62342.6,-31425.5,5904.7,-70.24,1.218
R3297,pine,-61278,-31573,6370.3,-266.94,1.226
R3298,pine,-60446.4,-30889.4,6022.4,21.64,1.194
R3299,elm,-60303.7,-31501.4,6507.3,-15.86,0.827
R3300,pine,-59344.7,-31461.2,6611.4,-129.53,0.993
R3301,poplar,-57228.8,-31477.9,6617.3,-62.14,1.209
R3302,elm,-56935.2,-31366.7,6474.3,-98.78,1.131
R3303,poplar,-52390.8,-31461.9,4127.6,-170.73,0.864
R3304,elm,-47576.6,-31568.4,3444.7,-109.09,0.86
R3305,pine,66630.4,-31441,4073.2,-36.49,1.199
R3306,pine,68383.6,-31570.2,4444.9,-269.82,0.802
R3307,pine,68613.5,-31304.7,4458.9,-205.54,0.997
R3308,elm,-68478,-30600,6314.3,-225.55,1.22
R3309,pine,-67821.5,-30151,6353,-186.65,1.043
R3310,pine,-67510.3,-30785.5,6429.1,-189.93,1.039
R3311,elm,-66550,-30065.2,5809.9,-70.1,1.083
R3312,pine,-65701.7,-30390.4,5756.2,-15.26,1.105
R3313,elm,-65002.2,-30482.6,5743,-63.73,0.991
R3314,elm,-63723.7,-30339,5525.2,-252.81,1.246
R3315,pine,-63316.6,-30083.4,5420.5,-20.4,0.809
R3316,elm,-62496.5,-30546.7,5594.7,-29.09,1.085
R3317,pine,-61783.7,-30262.7,5714.2,42.59,1.246
R3318,pine,-61103.6,-30494.3,5937.1,-145.49,1.002
R3319,pine,-60295.1,-30329.7,5751.5,-124.44,1.118
R3320,pine,64388.4,-30682.5,3205.1,-63.37,1.075
R3321,pine,66752.4,-30674.9,4178.8,-86.55,1.22
R3322,pine,68155.8,-30214.4,4524.7,-159.3,1.03
R3323,poplar,68615.9,-30744.4,4422,-112.46,1.157
R3324,pine,-68861,-29565.8,6375.6,18.5,1.231
R3325,pine,-68371.6,-29247.3,6406.8,-157.43,1.207
R3326,pine,-66650.2,-29826.7,5889.5,-0.68,1.038
R3327,elm,-65795.1,-29373.4,5490.6,-23.72,0.962
R3328,pine,-64943.1,-29464.4,5387.4,-86.92,1.069
R3329,pine,-64085.1,-29890.5,5539.6,-133.43,1.239
R3330,pine,-62752.1,-29339.7,5176.8,-193.92,1.198
R3331,elm,-61886.3,-29318.4,5327.1,-232.56,1.23
R3332,pine,-60845,-29786,5435,-143.3,1.012
R3333,pine,-59983.5,-29999.4,5624.9,-170.85,0.82
R3334,poplar,-47644,-29930.8,3213.1,-204.8,1.22
R3335,pine,64286.1,-29527.8,3596.1,-10.65,1.209
R3336,pine,65998.9,-29613.7,3840.6,-131.81,0.969
R3337,elm,66139.2,-29492.6,3878.3,-79.93,0.878
R3338,elm,68354.6,-29806.9,4490.9,-174.61,1.237
R3339,elm,68992.3,-29860.2,4286.5,11.36,1.094
R3340,pine,-69208.3,-28912,6465.5,-91.57,0.936
R3341,elm,-68923.9,-28941.8,6475.2,-111.98,0.864
R3342,pine,-67642.6,-29111.7,6416.1,-180.12,1.143
R3343,elm,-66319.3,-29091.6,5841.5,21.18,0.869
R3344,pine,-65298.7,-28928,5260.4,19.1,0.862
R3345,pine,-65038.8,-29182.7,5273.3,41.48,1.11
R3346,pine,-64046.8,-28654.9,5448.3,-161.04,1.008
R3347,pine,-62657.7,-28404.3,5253.5,-155.66,0.817
R3348,elm,-61084.4,-29189.3,5296,-187.41,0.954
R3349,pine,-60148,-28843.9,5225.3,-27.49,1.123
R3350,poplar,-58227.2,-28560.2,5573.1,-195.51,1.196
R3351,elm,62611.3,-29071.1,3475.3,12.55,1.238
R3352,pine,63954,-28718.4,3747.6,-202.78,1.203
R3353,pine,64439.6,-28927.9,3758.2,-124.23,0.804
R3354,elm,66052.5,-29038,3711.9,-242.06,0.897
R3355,pine,68304.3,-28893.2,4316.5,-87.39,1.006
R3356,pine,-69506.8,-27753.1,6691.1,-95.13,1.105
R3357,poplar,-68990.4,-27893.5,6513.9,-141.94,0.958
R3358,pine,-67699.1,-27817.6,6516,-43.38,1.239
R3359,pine,-67443,-27730.7,6590.7,-94.38,0.825
R3360,elm,-66717.7,-27951.4,6334.6,-223.54,0.836
R3361,pine,-65814.2,-28307.3,5719.9,-30.86,1.098
R3362,elm,-64817,-28283.5,5247.6,-198.06,0.824
R3363,poplar,-64387.5,-27761.8,5318.1,-191.28,0.971
R3364,pine,-62868.8,-27603.7,5431,-174.58,1.205
R3365,pine,-62472.3,-28187.3,5255.2,-184.99,0.804
R3366,pine,-61956.7,-28356.4,5274.1,-220.86,0.953
R3367,pine,-60558.4,-27774.6,5562.5,-75.43,0.879
R3368,pine,-60110.8,-28185,5350.3,-65.35,1.005
R3369,pine,61803,-27893.4,3629.1,-123.24,1.075
R3370,poplar,62416.7,-27838,3645,-192.28,1.11
R3371,pine,67471.3,-27738,4094.6,-129.71,0.847
R3372,pine,68025.5,-27687,4186.7,-72.93,0.956
R3373,pine,69189,-27676.3,4235.6,-209.44,1.247
R3374,pine,-69334,-27060.1,6756.4,-159.01,1.099
R3375,pine,-68972.9,-26841,6791.9,-254.99,1.22
R3376,pine,-67640,-26806.4,6694.7,-25.2,0.922
R3377,pine,-66882.3,-26896.5,6553.9,-103.84,0.805
R3378,pine,-66065.6,-27516.5,5956.8,22.85,0.84
R3379,pine,-65956.2,-26884.9,5962.5,-197.69,1.247
R3380,poplar,-64929.9,-27355.6,5655.1,-70.48,1.049
R3381,pine,-63645.1,-27375.1,5492.5,-234.02,1.028
R3382,pine,-63133.7,-27439.7,5574.6,-167.43,0.843
R3383,elm,-62163.2,-27582.3,5471.1,-246.16,1.184
R3384,pine,-61391.5,-27365.6,5588.9,-267.12,1.137
R3385,elm,-60990,-27121.8,5807.5,-51.75,0.846
R3386,elm,-59867.3,-27577,5521.5,11,1.071
R3387,pine,-59348.1,-27584.9,5455.6,-260.87,1.198
R3388,pine,62427.4,-26991.2,3607.7,-214.75,1.006
R3389,elm,62987,-27447.1,3664,17.25,0.892
R3390,pine,64200.1,-27222.1,3657.3,-9.38,0.887
R3391,elm,66254.7,-27221.5,3527,63.59,0.901
R3392,poplar,67781.2,-26910.6,4214.7,-235.72,0.864
R3393,poplar,68773,-27236,4299.5,85.48,0.822
R3394,poplar,-69204.6,-26752.3,6833.7,-90.66,1.239
R3395,pine,-69129.4,-26620.5,6864,-141.03,1.011
R3396,poplar,-67962.6,-26640.6,6760.1,-266.99,1.01
R3397,pine,-67140.8,-26114.4,6718.5,-55.26,0.87
R3398,pine,-66003.7,-26419.1,5947.1,-246.87,0.934
R3399,poplar,-65255.5,-26563.8,5875.8,66.54,0.936
R3400,pine,-64588.2,-26715.9,5678,45.96,0.922
R3401,pine,-63992.6,-26417.7,5608,-115.06,0.844
R3402,pine,-63591.1,-26114.1,5776.4,-163.95,1.219
R3403,pine,-62555.6,-26503.3,5915.3,36.7,1.011
R3404,pine,-61643.7,-26694,5711.4,-148.97,0.942
R3405,poplar,-60521.5,-26391.6,5584.9,-208.49,0.97
R3406,pine,-59290.9,-26276.5,5548.3,16.33,1.213
R3407,poplar,62417.3,-26637.2,3512.5,-72.54,1.102
R3408,pine,62889.7,-26610.3,3732.5,-87.04,0.893
R3409,pine,65159.6,-26770.1,3582.1,-209.34,0.969
R3410,pine,66757.8,-26751.2,3726.3,-151.78,0.893
R3411,pine,68034.7,-26621,4237.4,-116.22,0.894
R3412,pine,68923.6,-26397.8,4303.4,-199.13,1.08
R3413,pine,69216.7,-26240.5,4332.1,47.57,1.149
R3414,pine,-69345.6,-25644.1,7149.3,55.41,1.064
R3415,elm,-68818.7,-25848.9,7155,32.24,1.14
R3416,pine,-68398.8,-25584.2,7070.7,43.86,1.118
R3417,elm,-66930.6,-25845.3,6604,-71.9,1.105
R3418,pine,-66267.6,-25589.8,6189.7,-263.24,0.801
R3419,pine,-65677.6,-25347.8,6022.3,-42.49,1.182
R3420,elm,-64526.8,-25604.7,5666.4,-107.92,0.851
R3421,pine,-63787.6,-25949.5,5688,18.73,1.05
R3422,poplar,-63249.9,-25450.3,5605.7,-2.51,0.861
R3423,elm,-62394.1,-25892.9,5721.6,67.86,1.169
R3424,poplar,-61782.6,-25820.2,5482.6,64.82,0.821
R3425,pine,-60972.2,-25588.1,5429.5,-38.28,0.863
R3426,elm,-59803.3,-25296.5,5517.3,-255.31,1.206
R3427,pine,-59508.1,-25383.4,5518.3,-66.3,1.005
R3428,pine,67847.1,-25481.8,4149.3,-198.69,1.12
R3429,poplar,69093.8,-25799,4367.6,-220.16,0.92
R3430,elm,69431.2,-25939.3,4375.7,8.4,1.046
R3431,pine,-69366.8,-25021.7,7446.4,-164.2,1.099
R3432,pine,-69066.7,-24521.9,7637.9,-224.94,0.987
R3433,pine,-67775,-24771.8,7186.3,33.9,1.15
R3434,pine,-67400.6,-24806.7,6984.9,15.11,0.816
R3435,elm,-66201.2,-24659.7,6399.1,29.16,1.103
R3436,elm,-65572.2,-25103.4,6073.1,-101.7,0.845
R3437,pine,-64561.3,-25122.1,5862.8,-196.85,1.1
R3438,pine,-64360.9,-25012.3,5817.6,-50.68,1.167
R3439,pine,-63471.9,-24486.8,5398.6,16.98,0.902
R3440,pine,-62116,-24724.2,5373.9,-73.86,1.018
R3441,pine,-61452.8,-25060.8,5327.9,-229.53,0.937
R3442,pine,-60740.3,-24467.2,5330.7,-1.51,1.167
R3443,pine,-59778,-24546.1,5479.4,15.87,1.106
R3444,pine,-59041.7,-25143.4,5558,-117.84,1.001
R3445,pine,-57342,-25013.3,4807.3,63.02,1.197
R3446,elm,-52831.8,-24600.7,3237.5,-16.59,1.041
R3447,elm,64420.3,-24653.9,3857.9,-266.64,0.904
R3448,pine,66235.6,-24896.1,3771.9,-161.83,0.823
R3449,pine,66860.3,-24464.7,3861.6,38.19,1.163
R3450,pine,67981.4,-25182.5,4223.3,15.81,0.881
R3451,pine,-69513.3,-23829.3,7701.9,-82.95,1.2
R3452,pine,-68417.4,-23791.1,7470.8,88.27,1.009
R3453,pine,-67875.8,-24254.5,7448.8,69.52,1.1
R3454,pine,-66862.5,-24346.2,6892.7,-151.55,1.14
R3455,pine,-66632.9,-24156.6,6799.2,-234.03,0.98
R3456,pine,-65615,-24126,6508.5,-36.91,1.206
R3457,poplar,-64419.3,-24229.8,5844.6,-88.89,0.851
R3458,elm,-64148.5,-24107.7,5750.7,-199.11,0.852
R3459,pine,-63536.1,-23876.6,5697.1,-15.47,1.016
R3460,pine,-62111.8,-23801.4,5616.3,-80.86,1.206
R3461,poplar,-61536.7,-24304.5,5392.1,-228.89,1.128
R3462,pine,-60695.3,-23674.2,5355.3,69.92,1.094
R3463,poplar,-60089,-24184.4,5407.6,-62.34,1.208
R3464,elm,-59271.9,-23839.2,5409.3,-188.59,1.117
R3465,pine,-58568.7,-24110.1,5367.2,-127.97,1.118
R3466,pine,-56823,-24360,4427.4,-14.23,0.976
R3467,pine,62438.8,-24278,3298,-267.03,0.868
R3468,elm,63439.6,-23879.2,3644,-233.9,1.029
R3469,elm,63782.5,-24386.4,3534.2,9.58,1.145
R3470,elm,65705.2,-23797.7,3674.4,-24.53,1.067
R3471,pine,66519.4,-23762.5,3864.5,86.25,0.942
R3472,pine,67049.5,-23714.7,3974.2,84.6,1.225
R3473,elm,67633.8,-23756.8,4026.1,-78.07,0.932
R3474,pine,-68849.4,-23298.3,7343.6,13.3,1.026
R3475,pine,-68210.6,-23320.7,7338.4,32.52,0.917
R3476,pine,-67297.9,-23070.9,7297.6,37.14,0.998
R3477,pine,-66061.1,-23458.4,6530.3,19.79,1.112
R3478,pine,-65772.5,-23417,6460,28.36,0.977
R3479,elm,-65155.8,-23258.7,6643.1,-199.35,1.051
R3480,pine,-64220.5,-22864.9,6286.8,-143.37,1.138
R3481,elm,-63070,-22925.6,6034.2,70.86,1.024
R3482,elm,-62676.2,-23307.2,6016.6,34.65,0.977
R3483,elm,-61645.9,-22960.9,5783.2,-136.93,0.94
R3484,pine,-61114.2,-23399.8,5480.7,-250.88,1.172
R3485,elm,-60215.4,-22815.3,5154.5,-6.37,1.16
R3486,elm,-59263.5,-22822.1,5091.3,-68.16,0.906
R3487,pine,-58311.1,-23248.8,4986.8,-27.16,1.159
R3488,poplar,-56553.9,-22932.6,3994.6,-79.41,1.05
R3489,pine,64509.6,-22863.2,3710.8,-207.09,0.867
R3490,elm,65733.4,-23596.9,3629.1,40.01,1.043
R3491,poplar,66078.3,-23158,3713.5,-47.36,1.139
R3492,pine,67424,-23086.1,3760.2,77.66,1.206
R3493,pine,67731.4,-23544.7,3948.6,-157.23,0.907
R3494,elm,69499.2,-23278.2,4066.1,-37.54,0.931
R3495,pine,-69346.5,-22377.1,7496.2,26.33,0.964
R3496,pine,-68889.1,-22714.1,7295.3,-24.07,1.14
R3497,pine,-68002.1,-22087.6,7145.1,-143.31,0.876
R3498,pine,-67460.3,-22307.6,7103.1,-135.4,0.86
R3499,pine,-66107.3,-22331,6996.2,-120.32,1.154
R3500,pine,-65764.8,-22502.8,6802.7,58.74,1.049
R3501,pine,-64919.3,-22031.3,6654,-210.28,1.132
R3502,pine,-63932.4,-22602.7,6283.9,-108.95,0.801
R3503,pine,-63131.6,-22604.6,6091.8,-164.88,0.83
R3504,poplar,-62534.1,-22330.9,6038.8,74.31,1.167
R3505,pine,-61302.4,-22017.1,5372.7,-243.03,0.884
R3506,poplar,-61088.6,-22092.5,5263.2,27.44,0.895
R3507,elm,-58943.1,-22399.2,4992.9,-22.09,1.006
R3508,poplar,-58708.8,-22002.3,4649.2,-87.16,1.1
R3509,pine,-57843.1,-22597.1,4348.8,49.7,1.114
R3510,elm,66839.3,-22755.5,3671.2,-87.64,1.22
R3511,pine,-69238.8,-21709.7,7260.6,-245.39,1.041
R3512,pine,-68990.7,-21592.1,7215.8,-156.62,1.221
R3513,pine,-68007.5,-21759.6,7085.2,-197.87,0.827
R3514,pine,-67378.5,-21630.1,7035.5,-163.23,0.978
R3515,pine,-66290.2,-21559.4,7232.1,-219.27,1.085
R3516,poplar,-65342.8,-21837.5,6722.2,-45.23,0.858
R3517,poplar,-64586.6,-21371.3,6552.2,-139.47,1.079
R3518,pine,-64333.9,-21835.8,6508.1,-46.58,1.222
R3519,elm,-62885.8,-21827.9,6047,-194.98,1.106
R3520,pine,-62764.2,-21299.7,5995.8,-259.51,0.816
R3521,poplar,-61487,-21611.3,5456.5,-20.15,1.014
R3522,pine,-60875.6,-21734.4,5110.7,-127.81,0.991
R3523,elm,-60176.6,-21390.9,4997.4,-213.01,0.903
R3524,pine,-59185.5,-21900.5,4918.1,-231.5,1.113
R3525,pine,-58380.7,-21869.5,4423.4,-28.4,0.813
R3526,pine,-56362,-21406.7,3141.8,55.32,1.234
R3527,elm,63568.8,-21251.3,3681.8,-30.92,0.856
R3528,pine,65163.6,-21527.2,3866.9,-28.73,1.064
R3529,pine,67921.8,-21606.9,3545,67.77,1.067
R3530,pine,68538.6,-21699.1,3667.9,-259.34,1.105
R3531,pine,-68389.2,-20975.8,7293.8,29.33,1.221
R3532,elm,-66880.5,-21134.9,7010,-0.12,1.215
R3533,pine,-66033.9,-21093.4,7093.2,10.32,0.823
R3534,pine,-65478.7,-20458.1,6724.4,-108.33,0.818
R3535,pine,-65046.3,-20966.5,6634.2,-261.53,1.178
R3536,pine,-63994.6,-20828.7,6499.6,-182.64,1.191
R3537,elm,-63156.2,-20714.9,6009,22.36,0.93
R3538,poplar,-62627.1,-21136.5,5850.2,-103.31,0.922
R3539,pine,-61753.7,-20951.8,5611.1,-18.63,0.828
R3540,elm,-60938.3,-20730.3,5385.1,42.55,0.964
R3541,elm,-60252.7,-20819.4,5128.2,-143.5,0.848
R3542,pine,-59399.8,-20560.5,4751.7,-211.11,1.11
R3543,elm,-58562.2,-20416.3,4076.9,-238.97,1.247
R3544,elm,67343,-20517.6,3654.2,43.32,1.138
R3545,pine,67760.8,-20937.1,3647.5,-217.98,1.224
R3546,pine,-69098.7,-19948,7358.5,-99.14,0.931
R3547,poplar,-68220.4,-19791.9,6817,-101.25,1.225
R3548,elm,-67477.2,-19821.3,6355.9,-176.61,1.188
R3549,elm,-66533.3,-19811.3,6633.5,2.26,0.878
R3550,elm,-65840.4,-19903.1,6425.8,-197.4,0.859
R3551,poplar,-64970.6,-20308.7,6687,-80.39,1.077
R3552,elm,-63983.6,-19882.1,6575.4,-177.55,1.095
R3553,elm,-63066.3,-19661.8,5839.1,-265.2,1.051
R3554,elm,-62318.5,-19861.5,5676.4,8.15,1.219
R3555,pine,-61708.1,-20295.7,5750.5,42.69,1.1
R3556,poplar,-61138.8,-20249.5,5634.1,-39.79,1.163
R3557,pine,-60054.1,-19753.2,5019.7,-162.23,0.929
R3558,poplar,-58899.9,-20266.4,4294.1,-155.74,1.102
R3559,pine,-58200.4,-20205.6,3923.2,-166.15,1.152
R3560,elm,-52799.2,-20290.8,2988.8,-209.14,1.102
R3561,pine,63450.9,-20165,3465.9,-56.36,1.199
R3562,pine,65990.3,-19846.9,3654.1,21.76,0.838
R3563,pine,66720.6,-20111.2,3757.7,-150.44,1.134
R3564,pine,-68969.6,-18928.5,7169.4,-169.08,1.249
R3565,elm,-67758.2,-19144.8,6367.1,-162.43,1.229
R3566,pine,-67179.3,-19292.2,6225.8,-16.31,0.897
R3567,pine,-66212.7,-19158.3,6243.3,-268.83,0.835
R3568,elm,-65617.1,-19257.2,6159.3,-260.24,0.912
R3569,pine,-64537,-19229.9,6435,16.43,0.963
R3570,pine,-63634,-19352.3,6085.9,-143.71,1.079
R3571,poplar,-62202.2,-19165.1,5777.9,-179.18,0.951
R3572,pine,-61950.2,-18839.4,5722.8,-115.26,1.136
R3573,pine,-60681.2,-19444.2,5337.5,-30.57,1.218
R3574,pine,-59986.5,-19206.9,4883.8,56.17,1.231
R3575,pine,-59222.8,-19067.8,4363.6,-209.72,0.882
R3576,pine,-56912.9,-19111.1,3506.4,10.63,1.21
R3577,elm,-51552.8,-19205.1,3147.9,-221.65,0.929
R3578,pine,64606.2,-18921.7,3542.3,-205.59,1.143
R3579,pine,65927.6,-19513.5,3710.8,-85.22,0.845
R3580,elm,66867.3,-19250.3,3970,-84.64,1.23
R3581,pine,68084.9,-19472.4,3975.6,-18.5,1.038
R3582,elm,68722.2,-19132.5,4273.4,37.52,1.07
R3583,elm,69431.5,-19169.2,4601.1,-42.19,0.893
R3584,poplar,-68620.4,-18324.4,6822.8,-98.52,0.913
R3585,pine,-68114,-18582.7,6484.9,12.83,1.215
R3586,poplar,-67579.5,-18648.7,6191.6,-28.42,1.184
R3587,elm,-66298.1,-18228.5,6238.7,-156.25,1.239
R3588,poplar,-64404.1,-18177.8,6112.4,-120.33,0.896
R3589,pine,-64083.9,-18571.2,6160.8,-54.97,1.151
R3590,elm,-63594.6,-18021.4,5665.1,-188.94,1.136
R3591,pine,-62299.9,-18496.6,5598.1,-192.81,1.091
R3592,elm,-61930.9,-18615.7,5625,-195.77,0.8
R3593,elm,-60486.4,-18649.4,5081.3,-168.27,1.157
R3594,pine,-59705.4,-18787.5,4674.8,-95.97,0.947
R3595,pine,-58831.9,-18379,4275.3,-230.99,1.136
R3596,poplar,-58331.2,-18415,4017.8,-13.82,0.979
R3597,elm,-57085,-18693,3526.5,20.12,1.242
R3598,poplar,-54270.6,-18489.7,3444.2,-237.14,1.184
R3599,pine,63747.6,-18111.9,3449.7,-120.01,1.216
R3600,pine,64563.2,-18060.7,3669.9,2.93,0.876
R3601,pine,65939.1,-18671.8,3898.2,68.68,0.998
R3602,pine,67130.4,-18394.4,4031.1,-233.07,0.881
R3603,pine,67685.9,-18023.8,4072.1,-164.93,1.005
R3604,pine,68691.4,-18564.9,4399,-234.04,0.974
R3605,elm,-68242.8,-17694.2,6667,-173.81,0.935
R3606,pine,-66579.9,-17519.6,5949.6,-127.59,0.997
R3607,elm,-65392.8,-17834.5,6100.5,83.8,1.213
R3608,pine,-64728.1,-17814.5,6179,-99.54,0.88
R3609,elm,-64203.4,-17609.3,6025,58.63,0.984
R3610,elm,-63243.4,-17207.3,5409.1,-183.9,1.044
R3611,pine,-62032.9,-17394.9,5448.1,-124.74,1.138
R3612,elm,-61250.8,-17754.2,5283.2,0.77,0.979
R3613,pine,-60423.2,-17269,4883.9,-35.21,1.056
R3614,elm,-60279.6,-17407,4841.2,-222.85,1.098
R3615,elm,-59105.5,-17997.8,4414,-85.08,0.996
R3616,pine,-58492.3,-17517.8,4357,-7.62,1.156
R3617,pine,-54914.5,-17913.8,3718.5,-41.28,0.927
R3618,poplar,-53909.2,-17322.5,3522.8,33.39,0.867
R3619,pine,64276.4,-17288.4,3607.3,-220.96,0.901
R3620,elm,66330.1,-17713,3915.4,-75.75,1.085
R3621,pine,67537.9,-17325.4,4070.7,-196.69,0.998
R3622,poplar,67788.8,-17798.8,4128.9,-120.33,1.178
R3623,pine,68747.9,-17875.9,4334.9,-70.67,1.181
R3624,elm,69470,-17592.5,4615.1,-258.45,1.067
R3625,pine,-67601.6,-16421.1,6338.9,-26.29,1.215
R3626,poplar,-66163.7,-17144.2,5949.9,-62.28,1.064
R3627,poplar,-65707.3,-16984.1,6008.5,-183.08,0.867
R3628,pine,-64578.7,-17183.4,6088.8,-29.62,0.813
R3629,elm,-63763.2,-16922.3,5620.9,-81.56,1.202
R3630,pine,-62951.3,-16656.1,5120.1,-232.02,0.846
R3631,pine,-62406.7,-16400.5,5194.8,-25.84,1.066
R3632,elm,-61261.3,-17122.7,5267.8,-24.74,1.159
R3633,poplar,-61126.7,-17196.4,5192.5,-239.57,1.043
R3634,poplar,-59752,-16822.5,4734.5,-5.06,1.08
R3635,elm,-59041.9,-17026.7,4531.1,-88.67,0.956
R3636,pine,-58531.4,-16590.7,4586.6,-201,1.067
R3637,pine,-53433.3,-16709,3366.2,-174.37,1.064
R3638,elm,-52619.6,-16729.3,3384.2,-233.41,1.201
R3639,pine,65123.3,-16823.1,3652.1,-136.17,1.144
R3640,elm,67535.9,-16468.4,4066.7,-130.63,0.989
R3641,elm,67786.1,-16941.1,4173.9,-63.65,1.218
R3642,pine,69461.1,-16418.7,4528,-3.84,0.885
R3643,pine,-67176.8,-16159.8,6044.1,-187.52,1.047
R3644,pine,-66720.9,-16076.3,6056.1,-148.9,1.034
R3645,elm,-65247,-16283,5977.8,24.01,1.105
R3646,pine,-64950.3,-15861.8,6080.5,-0.32,1.097
R3647,elm,-63924.1,-16141.2,5342.1,-154.98,0.923
R3648,pine,-63529.4,-15866.6,5205.4,-49.59,1.027
R3649,pine,-62254.9,-15918,5247.7,-226.87,0.989
R3650,pine,-61363.3,-15911.4,5338,-76.07,0.827
R3651,elm,-61093.8,-16194.1,5395.1,-6.15,1.213
R3652,poplar,-59735.3,-16290.8,4955.1,40.3,1.195
R3653,pine,-58732,-15986,4768.6,-255.19,1.107
R3654,pine,-57609,-15694.9,4402,-171.25,0.88
R3655,poplar,-56901.2,-15920.6,4037,-122.74,1.052
R3656,pine,66589.3,-16211.9,4026.7,-157.7,1.219
R3657,poplar,68399.4,-15687.9,3999.9,-163.65,1.198
R3658,pine,69146,-15665.4,4179.7,-111.59,0.999
R3659,pine,-68147,-15135.8,6098.8,-222.78,0.956
R3660,poplar,-66941,-15196.4,6053.2,-246.78,1.13
R3661,pine,-66402.7,-15364.2,6075.9,-160.26,0.895
R3662,elm,-65838.4,-15172.9,6202.4,10.66,1.126
R3663,elm,-65174.5,-14825.9,6103.5,-93.93,1.156
R3664,elm,-63738.8,-15115.5,5181.4,17.36,1.16
R3665,pine,-63150.8,-15279,5289.2,-80.29,1.094
R3666,pine,-62188.5,-15291.5,5499.7,-178.17,0.884
R3667,pine,-61347.6,-15568.2,5429,-56.67,1.068
R3668,pine,-61008.3,-15250.8,5470.8,-200.52,1.128
R3669,elm,-59728.9,-15086.5,5066.6,-23.66,0.825
R3670,pine,-58838.9,-15164.6,4643,-240.14,0.9
R3671,pine,-58613.3,-15086.4,4527.9,53.5,0.913
R3672,poplar,-57032.2,-15300.4,4027.6,-161.41,0.967
R3673,pine,-55057,-15272.5,3501.2,-39.56,1.054
R3674,pine,66638,-14920.2,3787.3,-205.43,1.008
R3675,pine,66832.6,-15532.3,3857.9,-187.14,1.171
R3676,poplar,67799.4,-15147.8,3856.3,-63.96,1.122
R3677,pine,69195.7,-15459.2,4150.4,-67.73,0.871
R3678,pine,-69105.6,-14102,6080.4,-244.06,1.149
R3679,elm,-68084.6,-14439.5,6121.1,-146.14,1.182
R3680,elm,-66958.5,-14747.5,6049.4,-39.63,1.084
R3681,pine,-66252.2,-14745.7,6182.6,-189.13,0.959
R3682,pine,-65698.7,-14189.9,6382.9,-81.35,1.024
R3683,elm,-65007.4,-14469.1,5787.3,45.19,1.083
R3684,elm,-63812,-14155.2,5487.4,-168.57,0.863
R3685,pine,-63270.3,-14042.3,5633.8,-8.91,1.073
R3686,pine,-62335,-14512.6,5567.9,-139.33,1.099
R3687,pine,-61274.1,-14442,5463.7,-116.46,0.999
R3688,pine,-60605.7,-14678.1,5336,-153.36,0.872
R3689,pine,-59732.1,-14229.8,4765.4,-46.81,1.005
R3690,pine,-59320.7,-14141.6,4474.3,-188.86,1.15
R3691,poplar,-57474.4,-14025.2,3740.2,-135.2,1.197
R3692,pine,-56057,-14353.3,3488,40.14,1.094
R3693,poplar,-55440.4,-14703.8,3582.9,-157.01,1.243
R3694,pine,-53826.7,-14547.2,3200.9,-241.3,1.128
R3695,pine,-69126.3,-13291.2,6387.4,-166.78,0.977
R3696,pine,-68254.1,-13440.3,6252.6,-266.32,1.159
R3697,pine,-66863.7,-13861.1,6337.1,55.55,1.215
R3698,elm,-66276.9,-13300.3,6421.5,-140.39,0.992
R3699,elm,-65336.7,-13849.4,5838.8,58.2,0.944
R3700,pine,-64687.4,-13811,5418.5,48.03,1.116
R3701,pine,-63877.1,-13511,5524.2,-0.22,1.023
R3702,pine,-63154.2,-13474.5,5778.8,-232.25,1.118
R3703,pine,-62306.8,-13892,5811,-265.97,0.864
R3704,poplar,-61702.8,-13875.2,5638.7,46.98,1.199
R3705,elm,-61124.6,-13583.4,5508.7,-4.47,0.923
R3706,pine,-60361.9,-13258.5,5026.7,-116.33,1.055
R3707,elm,-59043.1,-13753.4,4340,-251.46,1.048
R3708,pine,-58011,-13424.9,3728,-264.22,0.918
R3709,pine,-68823.5,-12669.3,6361.9,-221.75,0.845
R3710,elm,-67894.4,-12486.5,6236.9,-219.16,1.195
R3711,elm,-67073.1,-13035.8,6377.3,-179.56,1.029
R3712,pine,-66099.3,-12880.7,6138.9,-64.43,0.854
R3713,elm,-65869.4,-12736.8,5987.4,-121.83,1.048
R3714,pine,-64923.1,-12861.1,5547.7,60.5,1.001
R3715,pine,-64000.6,-12802.5,5849.2,-121.36,0.996
R3716,pine,-62878.3,-12933,6036.2,64.42,0.895
R3717,pine,-62089.4,-12774.9,5896,-42.81,1.017
R3718,poplar,-61975.6,-12759.6,5822.1,-51.92,1.217
R3719,pine,-58412.8,-12585.1,3905.5,17.7,1.11
R3720,elm,-69509.3,-12195,6507.8,54.91,0.93
R3721,elm,-67804.3,-12261.7,6196.6,-119.79,1.048
R3722,pine,-66949.5,-11904.1,6417.9,-67.97,1.146
R3723,pine,-66319.3,-12151.4,6318.4,-147.58,0.8
R3724,pine,-65837.9,-12261.9,6171.9,-217.22,0.838
R3725,elm,-64179.3,-12085.2,6224.1,-24.58,1.131
R3726,pine,-63008.4,-11878.4,6350.4,-0.33,0.967
R3727,poplar,-62772.9,-12343.6,6116.3,-168.74,0.965
R3728,pine,-60612.8,-12225,5043.2,37.88,0.94
R3729,elm,-57497.4,-11775.3,3627.2,-195.43,0.896
R3730,pine,67045.9,-11637.8,3297.2,51.22,0.892
R3731,pine,67705.9,-12319.1,3331.6,-102,0.836
R3732,pine,68435.9,-11853.2,3446.5,15.19,0.913
R3733,pine,-67115.7,-11325.7,6179.3,-220.52,1.225
R3734,poplar,-66521.6,-11580.1,6340.6,-38.2,0.834
R3735,poplar,-65133.6,-11285.6,6516.5,80.56,1.147
R3736,pine,-63858.5,-10918.3,6485.8,-212.54,1.108
R3737,elm,-63291.8,-11353.3,6453.7,-183.54,1.028
R3738,pine,-62083.9,-11486.9,5890.7,-267.97,0.828
R3739,pine,-61471.2,-11229,5522.4,72.2,1.082
R3740,pine,-60570.2,-11074.3,5114,43.24,0.931
R3741,pine,-57151.5,-11266.4,3555.9,-225.08,0.977
R3742,poplar,69236.1,-11486.8,3734,-63.37,1.17
R3743,pine,-69534.6,-10496.8,6698.7,-145.14,1.101
R3744,elm,-69175.1,-10600.4,6624.1,-66.01,0.892
R3745,pine,-67625.8,-10026.9,6362.9,84.99,1.113
R3746,elm,-67541.3,-10364.9,6435.5,-133.93,1.158
R3747,pine,-66766.4,-10020,6487.4,-50.52,0.983
R3748,elm,-62987.2,-10759.3,5750.8,-137.94,0.912
R3749,poplar,69389.2,-10171.6,3850.2,-259.86,0.876
R3750,pine,-69321.5,-9838.6,6843.1,-187.52,0.987
R3751,elm,-68465.3,-9597,6664.5,-153.67,1.036
R3752,elm,-67614.1,-9868.9,6364.7,-158.91,1.031
R3753,pine,-66649.6,-9544.3,6370.5,-240.08,0.847
R3754,elm,-65978,-9343.9,5979,-88.03,1.077
R3755,elm,-65134.2,-9872.2,5793.9,-15.02,1.166
R3756,pine,-64012.8,-9552.7,5675.5,-229.96,1.228
R3757,elm,68998.2,-9300.7,3815.8,-183.56,0.836
R3758,pine,-68543.2,-8504.9,6756.3,25.09,1.237
R3759,pine,-67860.6,-9176.6,6726.8,-255.87,1.055
R3760,pine,-64980.7,-8695.1,5679.5,32.3,1.131
R3761,elm,-67823.5,-8308,6701.7,28.8,1.089
R3762,pine,-67452,-8235.5,6486,-167.27,1.178
R3763,pine,-66637.5,-8357.5,5972.7,-150.47,0.965
R3764,elm,-65677.2,-8065.4,5644.4,-33.01,0.92
R3765,pine,-60826.4,-8342.8,4726.7,42.81,1.001
R3766,pine,-69463.3,-7148,5792.1,-208.28,0.886
R3767,elm,-69011.4,-7472.6,5947.4,37.61,0.932
R3768,pine,-67591.2,-7074.6,6162.4,-76.2,1.062
R3769,elm,-62378.1,-7361.4,5219.6,-236.03,0.956
R3770,elm,-61212.2,-7304.3,4962.4,-80.36,0.936
R3771,poplar,-68529.7,-6115.5,5535.8,-248.11,1.236
R3772,poplar,-67877.5,-6139.7,5698.7,-239.63,1.035
R3773,poplar,-66824.7,-6311,5698.6,-43.31,0.878
R3774,pine,-66337.7,-6181.4,5744.5,-3.48,1.07
R3775,pine,-65849.2,-6268.1,5777.6,-157.13,0.837
R3776,pine,-62681.6,-6478.2,5536.7,-90.61,1.038
R3777,elm,-69229.5,-5650.6,5355,-131.61,1.164
R3778,pine,-66548,-5838.3,5511.1,-25.53,1.082
R3779,poplar,-66294.5,-4669.3,5712.9,-167.16,0.988
R3780,elm,-62898.4,-4541.5,6238.8,-113.37,0.815
R3781,elm,-62188,-4553,6220.7,-94.42,0.899
R3782,pine,-61872,-5193.7,6063.8,-71.97,1.07
R3783,pine,-60954.9,-4941.9,6182.5,-88.78,0.999
R3784,pine,-59864.5,-4542.9,5744.7,-117.03,1.238
R3785,pine,-58444.7,-5146.4,5237.7,-60.93,0.917
R3786,elm,-57225.3,-4580.6,4755.6,-253.58,0.858
R3787,elm,-56563.3,-4446,4463.5,-86.54,0.956
R3788,elm,-55668.1,-4583.9,3947.2,-249.35,1.165
R3789,elm,-55357.3,-4704.8,3694.6,-254.75,1.134
R3790,pine,-67460.1,-4343.4,5439.4,-212.52,0.941
R3791,poplar,-66476.3,-4135.8,5584.6,-135.33,1.172
R3792,pine,-62713.4,-4219,6356.5,-154.1,0.851
R3793,pine,-60273,-4178.1,6059.6,-173.04,0.817
R3794,pine,-58897.9,-4087.9,5752.8,70.4,0.884
R3795,pine,-58476.7,-3848.5,5876,7.08,1.167
R3796,elm,-57571.2,-3855.8,5236.6,-11.25,1.004
R3797,pine,-57124.2,-4376.2,4745.3,73,0.929
R3798,pine,-53307.1,-4091.8,3116.4,-212.01,0.912
R3799,elm,-68744.5,-3520.2,5246.2,-98.83,1.086
R3800,pine,-66292.6,-2994.5,6180.5,-179.12,0.891
R3801,elm,-62275.7,-3524.8,6552.4,-7.35,1.211
R3802,elm,-61944.9,-3382,6482.2,-123.5,1.141
R3803,poplar,-60161.2,-3196.6,5866.6,35.25,0.811
R3804,elm,-58821.4,-3057,6029.3,-8.39,0.867
R3805,pine,-58784.7,-3416.8,6015,-223.23,1.227
R3806,pine,-57382,-2960.2,4741.1,-245.32,0.802
R3807,elm,-56880.9,-3569.8,4597.1,34.91,0.892
R3808,elm,-54783.2,-3210.9,3558.5,-134.53,1.015
R3809,poplar,-68980.2,-2331.1,5174.9,-29.49,0.844
R3810,elm,-68159.1,-2034.6,5189.5,-147.23,0.879
R3811,poplar,-67461.9,-2454.6,5700.6,36.7,1.148
R3812,pine,-66002.8,-2376.2,6454.3,-45.28,1.132
R3813,pine,-64187.4,-2070.1,6781.2,16.06,1.148
R3814,pine,-62360.9,-2483,6170.1,-93.1,1.101
R3815,poplar,-60428,-2369,5715.5,-14.01,0.88
R3816,pine,-60343.6,-2759.8,5731.1,-150.52,0.947
R3817,elm,-59503.9,-2301.4,5960.5,-156.62,1.052
R3818,pine,-58669,-2307.4,5444.4,-180.85,0.95
R3819,pine,-57715.1,-2078.4,4705,-92.24,1.175
R3820,poplar,-56504.9,-2066.8,4084.6,-64.8,0.817
R3821,elm,-69577.1,-1396.5,5149.9,-109.91,0.818
R3822,pine,-68840.8,-1913.9,5134.6,-168.85,0.949
R3823,pine,-67290.6,-1975.8,5693.9,-228.21,1.239
R3824,pine,-65771.6,-1317.4,6429.8,-144.96,1.108
R3825,pine,-61658.5,-1364.7,5860.9,-116.68,1.023
R3826,poplar,-60283.6,-1201.1,5451.7,71.7,0.833
R3827,pine,-59029.1,-1670.6,5360.6,-27.52,0.939
R3828,elm,-58760.8,-1895.3,5289.6,-253.05,0.871
R3829,elm,-57897.4,-1207.6,4514.5,-249.72,1.085
R3830,elm,-56853.7,-1837.5,4110.8,-116.41,0.838
R3831,pine,-55362.5,-1211.1,3652.3,-139.14,1.086
R3832,poplar,-69266.9,-435.3,5225.7,-128.05,1.062
R3833,pine,-68810.1,-701.7,5101.1,-10.89,1.209
R3834,pine,-67783.5,-1020.9,5383.4,42.73,1.12
R3835,elm,-66507.4,-647.7,5920.5,-233.42,0.959
R3836,pine,-65879.1,-948.4,6403.4,86.01,1.163
R3837,pine,-64024.5,-560.5,6595.4,-228.69,0.939
R3838,pine,-62875.7,-889,5915.9,-25.55,0.89
R3839,elm,-61701.9,-467.6,5761.2,18.41,1.15
R3840,elm,-60711.2,-750.8,5463.3,55.19,0.893
R3841,pine,-59838,-1055,5480.6,50.36,1.153
R3842,pine,-59034.3,-854.2,5115.7,-258.68,1.039
R3843,pine,-58142.4,-745.1,4684.5,-248.1,1.002
R3844,elm,-57793.9,-697.1,4489.6,-25.18,1.024
R3845,pine,-55249.3,-609,3680.3,-175.52,1.007
R3846,pine,-54120.7,-658,3277.2,-8.1,0.846
R3847,pine,-69430.6,221.6,5344.5,-182.48,1.195
R3848,pine,-68101.1,-394.9,5041.9,-269.26,1.218
R3849,pine,-64669,84,7157.2,-161.75,0.915
R3850,pine,-63750,-61.8,6323.3,65.3,1.059
R3851,poplar,-61120.6,347.4,5020.2,-173.55,0.913
R3852,poplar,-59753.3,-311.5,5232.6,-269.75,1.141
R3853,elm,-59406.9,-162.8,5209.5,-258.55,1.023
R3854,pine,-58096,272.4,4644.2,-260.19,1.224
R3855,poplar,-57512.3,177.7,4348.6,-63.38,1.056
R3856,pine,-56781.7,224,3886.5,-257.77,0.914
R3857,pine,-56363.1,368.3,3796.7,63.26,1.044
R3858,elm,-55113.9,160,3768,-136.12,1.182
R3859,elm,-69223.1,1106.8,5274,-179.79,1.159
R3860,pine,-68911.9,573.9,5312.6,-181.54,1.127
R3861,pine,-64422.1,899.4,6972.8,12.42,0.93
R3862,pine,-63392.3,745.3,6179.6,-129.27,0.959
R3863,pine,-62359.5,1151.4,5555,-192.17,0.809
R3864,elm,-61872.6,640.6,5326.8,73.15,0.989
R3865,pine,-61178.6,659.5,4899,-3.38,0.906
R3866,pine,-60249.7,694.4,4564.3,-249.57,0.877
R3867,pine,-59555.8,868.1,4531.1,-212.05,0.982
R3868,pine,-58255.8,482.6,4639.2,-249.93,1.003
R3869,elm,-57973.1,986.5,4498.9,-43.7,1.097
R3870,pine,-57130.7,902.1,4144.9,-11.94,1.19
R3871,elm,-55729.9,1049.2,4045.7,-55.71,1.224
R3872,pine,-55561,545.5,3882.3,-38.64,0.808
R3873,pine,-53718.8,1185.1,3346.3,-172.26,0.947
R3874,pine,-64078.6,1245.7,6622.1,-92.07,0.926
R3875,pine,-63185.9,1348.6,6138.1,47.24,1.165
R3876,pine,-62020.8,1642.8,5066.6,-18.1,1.115
R3877,pine,-61328.8,1826.2,4557.6,53.27,1.178
R3878,pine,-60539.6,1662.4,4431.9,-237.14,0.963
R3879,elm,-59306.8,1515.3,4326.1,-61.3,1.127
R3880,pine,-58571.6,1947.6,4465.2,84.95,1.214
R3881,pine,-57865.9,1688.2,4453.5,-234.85,0.972
R3882,poplar,-57011.9,1264.2,4187.3,53.32,1.244
R3883,poplar,-56214.6,1871.8,4326.2,-200.15,1.195
R3884,poplar,-55320.9,1594.5,4133.5,-144.48,0.841
R3885,poplar,-54384.2,1889.5,3751.5,-126.45,0.814
R3886,elm,-53460.4,1681,3308.8,-10.29,0.811
R3887,pine,-68712.2,2743,5266.9,-137.31,1.127
R3888,pine,-67191.3,2567.4,5421.3,-149.68,0.896
R3889,pine,-63503.6,2674.3,5629.9,-240.79,0.844
R3890,pine,-62158.7,2735.9,4706,-220.13,0.802
R3891,pine,-61636.8,2287.9,4556.3,-132.75,0.808
R3892,pine,-61006.2,2207.7,4311,89.77,0.842
R3893,pine,-60323.5,2555.8,4108.6,-124.85,0.858
R3894,elm,-59502.6,2084.6,4340.5,3.58,1.165
R3895,pine,-58300.4,2107.1,4516.6,40.89,1.014
R3896,elm,-57463.9,2717.3,4672.4,-131,0.861
R3897,pine,-56760.5,2192.2,4529.5,-212.07,0.864
R3898,pine,-56297.4,2042.6,4395.4,8.59,0.852
R3899,pine,-54989.7,2108.4,4015.3,54.88,0.936
R3900,pine,-68138,2822.9,5312.3,-128.06,0.914
R3901,pine,-67067.3,2923.6,5343.4,-134.55,1.049
R3902,elm,-63192.8,2965.1,5341.4,-269.61,0.857
R3903,elm,-62115,2841.7,4624.5,3.93,1.092
R3904,elm,-61657.5,3227.8,4118.9,33.46,1.027
R3905,elm,-60990.2,3515.6,4005,21.86,1.037
R3906,pine,-60400,3406.4,3962.6,-97.62,1.106
R3907,elm,-58036.3,3099.2,4750.5,-34.65,1.092
R3908,pine,-57901.3,3370.9,4739,-120.8,1.022
R3909,elm,-56717.8,3483.7,4261.5,-47.24,1.035
R3910,poplar,-56084.7,2824.5,4321.7,18.37,0.92
R3911,poplar,-55506,3327,3966.6,-183.35,0.816
R3912,elm,-68416.7,4063.4,5187.6,-5.39,1.109
R3913,pine,-65797.5,4370,5034.6,-208.63,1.169
R3914,elm,-64215,4366.2,5578.1,-132.44,0.812
R3915,pine,-63271.2,3823.4,5179.3,-75.79,0.819
R3916,pine,-62003.4,4117.2,4528.5,34.63,1.074
R3917,pine,-61839.6,4030.7,4405.1,-10.34,1.145
R3918,elm,-61013.7,4085,4262.6,-108.45,1.21
R3919,elm,-59882,4238.3,4276.1,48.27,1.108
R3920,poplar,-58821.2,4071.8,4460.2,32.85,1.184
R3921,pine,-58721.2,3706.4,4457.4,-12.61,1.148
R3922,pine,-57689.4,3964.5,4712.4,-148.65,1.169
R3923,elm,-56471.1,3848.9,4025.3,-187.64,1.196
R3924,pine,-54159.1,4135.5,3430.7,-96.68,1.004
R3925,elm,-68399,4541.6,5108.4,-135.4,1.058
R3926,pine,-63953.4,5182.5,5486.8,-149.42,1.031
R3927,poplar,-63485,4915.7,5223.6,10.36,0.991
R3928,elm,-62600.6,4801.2,5033.7,-189.38,1.046
R3929,elm,-61614.2,4792.5,4715.2,7.95,0.874
R3930,pine,-60428.4,4538.7,4486.4,-2.82,1.057
R3931,pine,-59838.6,5057.6,4832.9,-161.53,1.148
R3932,pine,-59548.1,5193.6,4841.1,75.18,1.041
R3933,poplar,-58547.5,5145.7,4902.6,-221.42,0.873
R3934,pine,-57800.2,4480.6,4869.5,-217.67,0.998
R3935,pine,-56528.5,4422.8,4019.4,-192.64,1.242
R3936,elm,-55952.6,4526.6,3747.9,-165.81,0.949
R3937,pine,-55451.3,4660,3614.7,-160.47,0.936
R3938,elm,63249.3,5150.1,3334.5,80.1,0.841
R3939,poplar,-68543,5939.5,5285.6,-243.23,1.033
R3940,elm,-68329.6,5295.2,5238.9,-134.13,1.054
R3941,pine,-66490.2,5482.6,5195.7,81.32,0.874
R3942,pine,-63392.3,5434,5305.4,-218.66,1.23
R3943,pine,-62566.6,5477.7,4967.4,80.01,1.115
R3944,pine,-61985.4,5675.4,4773.2,54.84,1.214
R3945,pine,-61177.6,5968.4,4859.4,-72.8,0.826
R3946,pine,-59882.1,5510,5092.2,-81.74,0.806
R3947,pine,-59095.2,5964.5,4961.8,6.97,1.128
R3948,pine,-58789.2,5649.7,4909.6,-171.51,0.915
R3949,pine,-57209.3,5593.6,4551.4,-234.01,1.047
R3950,poplar,-56746.8,5206.1,4122.8,-34.47,1.178
R3951,elm,-56146.9,5362.2,3755.5,-235.16,0.885
R3952,poplar,-69403.8,6763.6,5854.5,-181.42,0.881
R3953,pine,-63639.5,6269,5865.5,44.27,1.22
R3954,pine,-63390.7,6782.2,6042.2,-198.33,0.988
R3955,poplar,-62649,6387.4,5326.1,-122.03,1.03
R3956,elm,-61543.5,6330.4,5078.7,-174.72,1.156
R3957,poplar,-60787.1,6030.2,4871.9,33.42,0.955
R3958,pine,-60222.7,6222.3,5026.7,-219.14,0.921
R3959,elm,-59236.9,6000.3,5007.9,-253.13,1.224
R3960,pine,-58729.9,6606.4,5051.5,-42.72,0.88
R3961,poplar,-57767.5,6632.7,4787.3,74.51,1.136
R3962,poplar,-56959.1,6797.3,4158.1,-16.79,0.824
R3963,poplar,-56301.5,6175.9,3868.3,-225.15,0.937
R3964,pine,-69324.2,6960.4,5951.2,13.99,0.891
R3965,elm,-68791.3,6816.7,5918.5,18.85,1.172
R3966,pine,-68345,7038.4,5823,-244.28,0.972
R3967,elm,-63537.4,7307.2,6141.5,-256.31,0.899
R3968,elm,-62127.3,7020.4,5600.2,-266.72,0.963
R3969,elm,-61395.4,7036,5268.8,-244.5,1.133
R3970,elm,-60738.6,7247.2,5156.6,-54.94,0.899
R3971,pine,-60389.5,7090.5,5066.6,-246.23,1.11
R3972,pine,-59540,7305.6,5043.3,-137.61,1.177
R3973,poplar,-58427.1,7539.2,4745.6,-147.24,1.037
R3974,pine,-57656.3,7355.9,4537.7,11.78,1.081
R3975,elm,-56744.6,7101.2,3990.3,-252.65,1.204
R3976,pine,-56102.4,7251,3840.4,-259.51,0.927
R3977,pine,-54253.3,7481.7,3815.6,60.92,1.001
R3978,elm,-53922.5,7300.4,3686.3,-240.72,1.077
R3979,poplar,-52845.4,7342.6,3471,-240.63,0.955
R3980,elm,-69467.6,8216.1,6645.1,-161.05,0.988
R3981,pine,-68279.2,8127,6499.6,16.14,1.246
R3982,pine,-63916.1,8191,5818,-223.71,1.148
R3983,pine,-62250.6,8204.6,5664.5,-127.15,0.944
R3984,pine,-61274.1,8203.5,5311.2,-267.09,1.104
R3985,pine,-60075.8,7860.7,4750.4,-173.97,1.09
R3986,pine,-59150.5,7823.1,4849.5,7.38,1.026
R3987,pine,-58665,8366.2,4651.2,-245.45,0.919
R3988,pine,-57502.1,7934.9,4292.8,-230.28,1.006
R3989,poplar,-57054.7,7957.4,4022.3,85.77,0.91
R3990,elm,-54525.6,8344.5,4031.4,-246.61,1.04
R3991,pine,-53260.2,7752.9,3733.9,-37.32,1.211
R3992,pine,-63007.2,8767.7,5738.2,66.6,1.076
R3993,pine,-62163.2,8957,5755.2,47.68,1.15
R3994,elm,-61445.5,8542.7,5376.8,-173.51,1.174
R3995,pine,-60982.4,8878.1,5409.6,-145.81,0.889
R3996,elm,-60306.6,8906.3,5081.6,-122.82,1.086
R3997,elm,-59534.3,8680.5,4651.3,-136.86,0.842
R3998,pine,-57568,8739.1,4340,-86.53,0.878
R3999,pine,-56536.9,9134.6,4010.3,-112.33,0.998
R4000,elm,-55939,8638.5,3921.7,-43.95,1.24
R4001,elm,-55491,9152.2,3856.8,-268.94,1.118
R4002,poplar,-54292.9,9135,4093.9,-84.64,0.836
R4003,elm,-53446.1,9061.4,4027.8,-201.85,0.836
R4004,poplar,68220.4,9157.2,3344,12.5,0.901
R4005,elm,-62827.7,9424.3,5565.3,-193.54,1.034
R4006,poplar,-62654.4,9990.6,5737.9,-71.03,1.064
R4007,pine,-61959.4,9654.7,5928.7,16.86,0.825
R4008,pine,-60854.7,9607,5650.7,59.54,0.947
R4009,pine,-60049.9,9326.1,5088.1,-191.59,1.132
R4010,pine,-58887.1,9777.2,4769.9,72.64,0.828
R4011,elm,-58170,9495,4618.9,-203.15,1.11
R4012,pine,-57373.8,9614.9,4502.4,-243.21,0.85
R4013,pine,-56559.6,9994.4,4161.3,-82.71,1.106
R4014,pine,-55955.1,9699.6,3888.1,23.4,1.143
R4015,poplar,-53659.4,9355.8,4166.1,-42.73,1.107
R4016,pine,-52916.9,9561.2,3899,-106.45,0.838
R4017,poplar,-62331.4,10763.7,5817.9,-7.51,1.057
R4018,pine,-61795,10302.7,6121.3,-71.2,0.926
R4019,elm,-60438.1,10266.9,5575.5,-123.89,0.819
R4020,poplar,-59787.5,10789.8,5029.7,-177.55,1.121
R4021,pine,-59175.4,10034.1,4931.4,-3.88,1.081
R4022,elm,-58230.9,10408.6,4724.9,-254.89,1.083
R4023,pine,-57272.7,10644.9,4292.6,66.26,0.887
R4024,pine,-57112.6,10430,4324.4,-37.02,1.119
R4025,elm,-55648.5,10233.2,3937.3,-166.48,0.803
R4026,elm,-54629.5,10612.9,4056.7,19.06,1.129
R4027,pine,-53322.1,10451,3922.6,-175.31,1.237
R4028,pine,-62484.3,11158,5750.1,-213.91,0.87
R4029,poplar,-61270.1,10873.2,5835.2,1.98,0.912
R4030,pine,-61057,11261.3,5596.9,-113.93,1.106
R4031,pine,-60066,11114.4,5100.7,68.64,0.925
R4032,elm,-59047.7,11031.5,4722.6,-177.95,0.961
R4033,poplar,-58756.1,10846.6,4696.8,-182.96,0.805
R4034,pine,-57149.8,10835.5,4213.5,-16.01,0.945
R4035,pine,-55933.4,11485.1,3735.8,-172.41,0.832
R4036,elm,-55399.4,11269.2,3821.9,-62.85,0.998
R4037,pine,-53676.8,10853.1,3848.2,-13.69,1.036
R4038,pine,-62133,11630.1,5669.1,-135.78,1.197
R4039,elm,-61743.4,11817.8,5568.6,5.89,1.196
R4040,elm,-60955,11857.7,5244,-198.66,1.026
R4041,pine,-60201.3,11649.7,4841.6,-95.09,0.902
R4042,elm,-59441,11627,4388.7,-113.33,0.948
R4043,poplar,-56969.9,11870.6,3485.9,77.93,0.962
R4044,pine,-53885.9,12234.9,3233.1,59.47,0.838
R4045,pine,-62923,12950.2,5483.8,79.33,1.147
R4046,pine,-62530,12767.3,5521.2,-199.37,0.916
R4047,poplar,-59421.8,12771.4,3727,-111.7,0.838
R4048,pine,69273.3,14979.4,3026,3.17,1.028
R4049,pine,-63439.6,16354.2,5415.1,-92.89,1.23
R4050,poplar,-60174.1,15815.4,4553.6,-50.66,0.84
R4051,pine,-59224.2,16340.5,3855.6,-248.56,0.877
R4052,pine,-58097.7,16049.4,3318.5,-135.49,0.894
R4053,elm,-55914.7,16113.2,3345.2,-3.79,0.89
R4054,elm,66747.7,15693.1,3434.1,-263.42,1.189
R4055,elm,67777.9,16143.6,3951.7,-202.01,1.249
R4056,pine,68937.3,16196,4382.6,-65.04,0.994
R4057,pine,69579.1,15941,4588.9,35.3,1.092
R4058,pine,-61503.2,17048.4,5722.2,-140.26,0.87
R4059,pine,-59641,16550.5,4236.3,-238.38,1.046
R4060,poplar,-58620.5,17047.6,3634.9,-168.97,1.06
R4061,poplar,66236.9,16828.6,3746.9,66.47,0.917
R4062,pine,67282.4,16918.5,3809.8,-59.65,1.19
R4063,elm,67962.2,17126.5,3883.6,-98.64,0.804
R4064,pine,68616,16947.5,4167.3,-265.95,1.084
R4065,pine,-64117.6,17325,5574.6,-186.23,1.159
R4066,elm,-62725,17679.2,5726.3,-10.07,1.242
R4067,elm,-61440.2,17616.5,5782.3,-59.89,1.172
R4068,elm,-59612.9,17556.4,4418.6,-75.87,1.163
R4069,pine,-59548.3,17983.1,4377.4,-125.86,1.211
R4070,elm,59036.8,17992.5,3169.6,-18.68,1.112
R4071,elm,60298.3,17349.6,3790.7,-224.32,1.017
R4072,pine,62313.3,17480.2,3707.4,-135.58,0.974
R4073,poplar,62923,17452.8,3718,20.15,0.887
R4074,poplar,68128.8,17643.5,3931.7,-43.33,1.156
R4075,pine,68994.1,17697.3,4287.1,78.51,0.917
R4076,poplar,69285.1,17402.1,4404.9,-73.7,1.005
R4077,pine,-64599.5,18219.2,5648.1,-96.22,1.227
R4078,pine,-64274.5,18293.2,5546.8,-190.9,1.229
R4079,pine,-62071.8,18755.8,5918,-255.15,1.239
R4080,elm,-61748.4,18212.7,5902.3,8.2,0.998
R4081,poplar,-59775.3,18219.5,4467.2,-55.67,1.054
R4082,elm,-59099.5,18205.6,4249,40.7,0.844
R4083,elm,-58485.4,18332.2,4079.8,-223.58,1.137
R4084,elm,-57739.4,18252.2,3605.2,-184.16,0.995
R4085,pine,60044.1,18561.6,3677.2,-158.68,0.992
R4086,elm,61808,18132.3,3674.6,-25.71,0.916
R4087,pine,62862.7,18670.4,3644.7,89.8,0.817
R4088,elm,68391.7,18472.6,4279,17.21,1.076
R4089,poplar,68476.1,18527.2,4321.5,-123.58,1.174
R4090,elm,-64247.5,19241.9,5640.2,-120.79,1.195
R4091,pine,-62938.1,19448.6,5743.4,-196.31,0.897
R4092,pine,-62446.8,19456.1,5638.7,21.27,0.82
R4093,pine,-61848.4,19117.2,5760.2,-86.34,1.13
R4094,poplar,-60431.1,19336.5,4851.6,-5.39,1.003
R4095,pine,-60198.9,19160.6,4667.8,-181.58,0.833
R4096,elm,-58901.7,19389.8,4339,-110.63,1.131
R4097,pine,-58063.9,19392.7,3988.7,-179.66,1.002
R4098,poplar,61724.2,19514.4,3503.9,32.17,0.881
R4099,pine,62775.6,18970.1,3567.8,-218.76,0.833
R4100,pine,65062.2,19095.7,3475.5,-253.85,0.876
R4101,pine,68659.7,18876,4370.9,-58.73,0.851
R4102,elm,69557.3,19484.8,4524.6,25.02,1.174
R4103,pine,-64561.5,19630.3,5971.3,-126.55,1.042
R4104,pine,-63860.9,19671.9,5852.2,-196.49,1.116
R4105,pine,-63179.5,19688.1,5767.1,20.09,1.176
R4106,poplar,-62455.6,20346.3,5587.5,-164.86,0.897
R4107,pine,-60997.1,19839.2,5387.7,-234.26,0.852
R4108,elm,-59797.7,19890.3,4747.7,-148.63,1.098
R4109,poplar,-59342.7,19799.8,4561.1,-12.19,0.805
R4110,pine,-58130.9,20034,4129.4,-184.78,1.147
R4111,elm,61503,19997,3430.1,81.48,1.02
R4112,pine,62248.4,20216.1,3524.2,-257.5,1.01
R4113,pine,63264.5,19668.3,3540.7,-35.8,1.095
R4114,elm,65800.6,19648.3,3510.9,-101.13,0.895
R4115,elm,66135.4,19621.7,3560.6,-85.45,1.013
R4116,elm,68018.6,19934,3975.5,1.88,1.19
R4117,poplar,68409.1,19702.9,4192.6,-15.03,1.193
R4118,poplar,69344.7,19879.2,4456,-133.3,1.044
R4119,pine,-64822.3,20878.8,6307,-115.34,1.107
R4120,elm,-63996.2,20533.7,6076.7,-170.26,0.925
R4121,poplar,-63451.6,20999,5961.2,57.6,1.086
R4122,pine,-62117.3,20820.5,5820.4,-35.3,1.18
R4123,pine,-61288,20537.7,5774.6,67.29,0.818
R4124,pine,-60576.4,20893.2,5476.7,-68.62,1.166
R4125,poplar,-60013.1,20969.8,5156.9,23.95,1.101
R4126,poplar,-59031.8,20694.6,4674.5,-20.23,1.092
R4127,pine,-58495.3,21027.2,4520.2,-259.57,1.146
R4128,pine,-53322.6,20410.4,3066.8,-13.3,1.211
R4129,pine,62724.2,20775.1,3587.2,45.7,0.977
R4130,elm,63475.2,20543.4,3611.2,49.52,1.054
R4131,elm,63836.1,21192,3645.9,-228.73,0.915
R4132,elm,65598.9,21109.1,3648.2,-39.46,1.138
R4133,elm,68670.8,21077.9,4383.4,-257.88,0.807
R4134,poplar,-65445.9,21561.4,6373.7,-128.83,1.105
R4135,poplar,-65059.1,21687.3,6296.8,-153.72,1.216
R4136,poplar,-64045.5,21908.7,6204.9,32.92,0.828
R4137,pine,-63552,21885.3,6253.2,-239.06,1.156
R4138,pine,-62462.5,21781.1,6349.7,49.6,1.01
R4139,poplar,-61523.8,21309.3,6228,39.05,0.814
R4140,pine,-60786,21763.2,5672.5,-180.35,0.984
R4141,pine,-59790.8,21607,5173.8,-58.32,1.15
R4142,pine,-59142.3,21925.8,5005.3,-258.81,1.104
R4143,pine,-58784.1,21997.1,4767.4,-116.37,0.899
R4144,elm,-57424.9,21981,3936.1,-56.57,0.832
R4145,pine,-57157.6,21354.2,3545,-7.31,1.205
R4146,pine,-55984,21933.6,3434.5,-62.52,1.005
R4147,elm,62388.4,21778.5,3536,-206.14,1.012
R4148,pine,63514.5,21659.9,3667.3,37.17,0.904
R4149,pine,68349.2,21930.3,4256.7,-13.51,0.87
R4150,pine,69022.3,21713.5,4504.2,7.98,1.033
R4151,pine,-66682,22019.7,5804,-216.11,1.036
R4152,pine,-65782.6,22747.1,6185.3,11.86,0.886
R4153,pine,-64636.6,22727.2,6401.3,-210.56,1.06
R4154,pine,-64073.4,22009.6,6246.8,-151.64,1.106
R4155,pine,-63533.3,22707.9,6537,-19.47,1.058
R4156,pine,-62464.4,22537.8,6778.3,-184.41,1.099
R4157,pine,-61484.5,22463.7,6234.8,-149.89,0.898
R4158,pine,-60542.2,22574.6,5597.5,88.89,1.054
R4159,pine,-59713.4,22168.3,5291.4,31.4,1.18
R4160,elm,-59164,22787.5,5038.8,-227.59,1.059
R4161,poplar,-58379.7,22693.1,4643.7,69.12,1.159
R4162,elm,-57739.9,22219.9,4174.4,-5.21,0.846
R4163,pine,-53979.6,22109.5,3465.3,5.41,1.025
R4164,pine,-51847.2,22511,3670.5,-75.42,0.97
R4165,elm,64011.8,22367.1,3616.2,-218.8,0.971
R4166,poplar,65332.8,22513.8,3752,-152.79,0.822
R4167,pine,66902.4,22147.8,3898.8,-173.68,1.104
R4168,pine,67828.1,22621.1,4207.8,-191.97,0.89
R4169,pine,68655,22674.2,4211.1,8.96,1.159
R4170,pine,69220.9,22427.2,4420.2,-253.74,1.177
R4171,pine,-65589.5,23573.9,6655.3,-116.79,1.097
R4172,poplar,-63751.4,22873.4,6530.9,-92.24,0.84
R4173,pine,-63008.4,23587.2,6852,-17.68,0.888
R4174,pine,-62156.7,23258.9,6939,-120.29,0.904
R4175,pine,-61426.2,23521.3,6369.3,-96.26,1.064
R4176,elm,-60478.5,22830,5605.7,-95.8,1.081
R4177,pine,-60375.3,23407.7,5459.2,-214.91,0.802
R4178,elm,-59567.9,23432.3,5155.6,-240.19,1.126
R4179,pine,-58187.4,23140.8,4499.8,-211.31,0.905
R4180,pine,-57872.1,22820.8,4376.5,-167.7,1.197
R4181,pine,-56757.5,23574.6,4116.6,78.77,0.82
R4182,pine,-54900,23112.6,3615.9,64.63,1.04
R4183,elm,-54783.6,23532.7,3550.9,22.61,1.143
R4184,poplar,-52866.3,23425.8,3392.8,-242.92,1.075
R4185,pine,62163.4,22910.1,3315.6,75.96,0.821
R4186,pine,64930.8,23061.1,3829.7,-85.68,1.124
R4187,elm,66704,23553.8,3882.4,-197.53,0.887
R4188,pine,67447.5,23478.9,4088.6,-200.23,0.945
R4189,pine,68925.5,23171.6,4327.4,-194.91,1.205
R4190,poplar,-66827.8,23785.7,6662.2,-55.64,1.133
R4191,elm,-66670.9,24194.1,6822,-176.59,1.102
R4192,pine,-65489.8,24144,7037.3,-244.47,1.207
R4193,elm,-64447.3,24099,6881.5,-229.86,1.139
R4194,pine,-63643.3,23832.4,6839.7,-143.83,0.983
R4195,elm,-63353.4,23752.3,6842.5,-154.91,1.201
R4196,pine,-62039.5,24103.2,6383,17.47,1.2
R4197,pine,-61543.6,24176,6120.2,-98.2,0.966
R4198,poplar,-60556.8,24196.2,5487.7,-215.93,1.229
R4199,pine,-59885.9,23941.4,5128.3,-210.29,0.809
R4200,pine,-59229.1,24025.5,4643.9,-39.66,0.993
R4201,pine,-58287.9,23662.1,4505,-45.41,1.114
R4202,poplar,-57664.1,23821.4,4457.3,-245.36,0.832
R4203,poplar,-57180.9,24193.4,4282.2,-125.16,1.161
R4204,pine,60390.2,24005.8,3467.6,-260.1,1.042
R4205,elm,64391.9,23908.2,3631.5,-157.56,0.838
R4206,poplar,68136.4,23808.7,4230.2,-106.42,1.159
R4207,pine,68453.9,24026.6,4284.7,-24.34,1.161
R4208,elm,-69293.5,24683.5,6512,-73.43,1.165
R4209,pine,-68387.2,24895.6,6937.9,-263.41,0.95
R4210,pine,-67556.1,25076.1,7289.4,-71.98,1.112
R4211,pine,-66212.8,24695.5,7049,-259.06,0.85
R4212,pine,-65511.4,24528.9,7238,-94.24,1.203
R4213,pine,-65071.2,24588.8,7367.1,-27.75,0.817
R4214,elm,-63657,24417.8,6957.8,-36.92,1.208
R4215,pine,-62886.3,25086.3,6322.6,-14.07,1.193
R4216,pine,-62133.6,24654.7,6086.2,63.13,1.155
R4217,elm,-61747,25130.4,5839.4,-203.61,0.975
R4218,pine,-60549.1,24631.9,5393.9,-43.25,1.067
R4219,pine,-59687,24740.9,4764.2,-172.85,0.913
R4220,pine,-59114.3,24526.2,4496.4,-236.89,1.061
R4221,pine,-58388.4,25111.8,4222,-153.85,0.916
R4222,elm,-57330.7,25048.7,4225.4,-63.89,0.81
R4223,pine,-56930.9,24844.2,4078.7,-6.1,1.033
R4224,poplar,-54640.3,24723.4,3374.2,27.22,1.061
R4225,pine,-51593.1,24620.9,3367.2,-204.53,0.837
R4226,poplar,61567.6,24962.2,3372.7,-222.82,1.191
R4227,pine,63923.1,24697.4,3542.6,-103.86,0.887
R4228,poplar,66387.1,24812.8,3736.3,-117.52,1.214
R4229,elm,67345.4,25089,3946.7,-261.31,1.104
R4230,pine,68192,24753.1,4176.3,9.08,1
R4231,elm,68880.8,24709.9,4362.2,-154.73,1.234
R4232,elm,69485.7,24483.7,4617.2,4.46,0.84
R4233,poplar,-68803,25692.8,6714.5,-34.95,1.062
R4234,pine,-67935.5,25807.7,6875.3,13.78,0.801
R4235,poplar,-66842,25618.2,6940.4,-54.1,1.244
R4236,pine,-66125.2,25281.3,7092.4,77.17,0.849
R4237,pine,-65271.9,25332.4,7135.9,-108.1,0.948
R4238,elm,-64673.6,25397.6,7057.2,-85.23,1.041
R4239,elm,-63934.6,25574.3,6779.6,40.37,0.958
R4240,pine,-63464.6,25676.6,6357.6,41.2,1.078
R4241,elm,-62519.3,25647.3,5936.6,-101.85,1.207
R4242,elm,-61932.6,25939.5,5371.4,-223.6,1.209
R4243,pine,-60792.8,25683.2,4855,-219.49,1.179
R4244,pine,-59723.6,25249.5,4862.2,-68.42,1.212
R4245,pine,-59409.3,25919.5,4599.2,11.76,0.906
R4246,elm,-57191.5,25436.4,4123.7,-163.5,0.977
R4247,elm,-54994.5,25391.9,3179.6,-7.87,1.155
R4248,pine,61607.8,25341.9,3307.3,-10.92,1.005
R4249,elm,64249.3,25326.4,3542.4,-256.99,1.136
R4250,poplar,64943,25575,3556.4,-5.82,0.997
R4251,pine,65562.4,25640.5,3619.5,-122.45,1.019
R4252,elm,66251,25527.5,3684.1,-48.2,0.805
R4253,poplar,68104.9,25530.4,4105.8,-91.19,0.899
R4254,pine,68515.9,25756.6,4267.9,11.04,1.004
R4255,pine,-69236.7,26764.3,6340.9,1.37,0.878
R4256,pine,-68862.6,26601.2,6329.8,-96.48,1.174
R4257,pine,-67990.4,26699.4,6329.7,-108.46,1.103
R4258,pine,-67505.8,26332.9,6550.8,-245.17,0.853
R4259,pine,-66642.3,26691.7,6051.5,81.38,1.162
R4260,elm,-65908.4,26641.7,5926.6,-53.79,0.961
R4261,pine,-64977.5,26009.6,6696.2,-172.07,1.225
R4262,poplar,-63952.4,26146.5,6466.6,-260.3,1.132
R4263,pine,-63002,26113.4,6027.6,-6.4,0.91
R4264,pine,-62053.3,26642.4,5174.9,-201.97,1.051
R4265,pine,-61012.8,26528.2,4732.8,-144.3,0.896
R4266,elm,-59803.1,26269.8,4469.6,-2.94,0.828
R4267,elm,-58917.3,26348.7,4133.6,-238.33,1.16
R4268,poplar,-58453.4,26050.6,4061.1,-27.37,1.038
R4269,pine,61393.8,26411.5,3538,-159.96,1.197
R4270,pine,64207.3,26555.9,3586.5,83.2,0.885
R4271,elm,65026.7,26364.5,3533.5,-9.47,0.842
R4272,poplar,65570.8,26347.2,3559,44.79,0.821
R4273,pine,67767.8,26155.5,3948,-146.06,0.811
R4274,elm,69063.7,26239.7,4355,-174.87,0.888
R4275,elm,69528.5,26659.3,4441.9,-18.12,1.139
R4276,poplar,-68287.3,26996.2,6247.2,-56.25,1.049
R4277,pine,-66185,26858,5824.8,-157.77,1.132
R4278,elm,-65540.8,27023.6,5669.5,-71.94,1.069
R4279,pine,-65013.9,27195.6,5601.4,-201.66,0.983
R4280,poplar,-64001.4,27160.6,5752.5,-139.96,1.013
R4281,pine,-63454,27462.5,5558.9,-50.5,0.969
R4282,pine,-62262.2,26876.7,5325.8,-9.6,0.979
R4283,elm,-61723.5,27359.3,4987.9,53.6,1.088
R4284,elm,-60822.2,26833.9,4524.9,35.99,1.157
R4285,pine,-59953.5,26822.7,4165.6,-122.56,0.901
R4286,pine,-58365.1,26917.3,3718.5,-60.73,1.187
R4287,pine,-57476.8,27020.4,3599.4,-112.77,0.862
R4288,poplar,64287.1,27469.6,3580.8,-106.27,1.085
R4289,pine,67394.1,27118.3,3915.4,-244.5,1.112
R4290,elm,68388.3,27381.6,4358.4,-197.54,1.067
R4291,pine,69119.5,27438.5,4331.9,-151.48,1.081
R4292,pine,-69471.9,28172.9,6481.3,-123.32,1.019
R4293,pine,-68364,28029.2,5884.1,-238.53,0.852
R4294,pine,-66359.7,27933.6,5526.6,-165.87,0.98
R4295,pine,-64940.3,27767,5327.4,-179.05,1.029
R4296,pine,-64180,28315.6,4974.1,67.47,0.84
R4297,pine,-63118.6,28046.4,5219.7,11.39,0.856
R4298,elm,-62291.5,28064.3,5144.4,35.9,1.248
R4299,pine,-61493.3,28248.7,4886.7,-108.1,1.048
R4300,pine,-60868.8,27718.7,4486,58.54,1.119
R4301,pine,-59748.3,28019.2,3836.5,-234.22,0.919
R4302,poplar,59429.5,27637.3,3481.3,-107.95,1.008
R4303,pine,60132.5,27667.1,3944.6,-173.71,0.974
R4304,poplar,60843.6,27721.2,4100.1,-193.15,1.154
R4305,poplar,61811.6,27643.2,3837.5,9.57,0.817
R4306,pine,62630,28113.9,3889.9,76.73,1.043
R4307,pine,64376,27865.8,3566.7,-232,1.093
R4308,elm,64704.3,28304.8,3618,-244.25,1.229
R4309,poplar,66318.5,27734.2,3905,-42.04,1.092
R4310,elm,67056.8,28098.8,3945.1,-119.09,0.935
R4311,pine,67661.9,28050.9,4036.8,89.93,0.918
R4312,poplar,68792.1,28102.5,4293.9,-223.39,1.089
R4313,pine,-69077,28907.9,6173.7,-128.86,0.975
R4314,pine,-68166.3,29171.9,5945.9,-238.59,1.071
R4315,pine,-66755.7,29129.7,5455.5,-253.21,0.814
R4316,poplar,-64845,28637.1,4984.2,-182.53,0.841
R4317,poplar,-63701.6,28922.6,4896.2,-212.7,0.855
R4318,pine,-63098.7,28633.3,5104.2,-104.86,1.212
R4319,pine,-62300.9,28424,4983.2,-204.94,0.89
R4320,elm,-61371.1,28683.8,4682,-45.68,1.145
R4321,pine,-60958.8,28678.3,4467.7,-70.4,1.079
R4322,pine,-60133.3,28935.6,3889.6,-94.85,1.026
R4323,poplar,60128.4,29025.4,4214.4,-137.98,1.249
R4324,poplar,60815.1,29075.9,4392.3,26,1.177
R4325,elm,61219.5,28596.9,4262.4,-196.28,0.822
R4326,pine,64370.3,28541.7,3598.9,-46.34,1.221
R4327,pine,66191.3,28755.7,4031.3,-215.78,0.926
R4328,pine,67191.9,28853.8,4181.7,-102.92,1.125
R4329,elm,67631,29013.4,4095.3,-101.1,0.911
R4330,poplar,69421.5,28992.6,4247.1,-255.54,0.91
R4331,elm,-67873.3,29805,5857.3,-210.47,1.069
R4332,elm,-66816.3,29832.8,5582.5,-134.94,1.145
R4333,pine,-66764.4,29407.6,5555.1,-122.39,1.017
R4334,pine,-64603.5,29516.6,4717,-234.1,1.157
R4335,pine,-64267.9,29623.3,4785.8,-1.29,0.934
R4336,pine,-63155.7,29749.8,4773,79.51,0.83
R4337,elm,-62251.3,29293.8,4757.1,-57.71,0.816
R4338,pine,-61943.7,29546.4,4548.1,-79.98,0.967
R4339,pine,-60714.2,29904.8,4026.4,-173.65,1.057
R4340,poplar,-59215.6,29337.2,3557.9,1.59,1.233
R4341,poplar,59145.5,29525.1,3970.8,-141.91,0.813
R4342,pine,60039.2,29263.9,4243.5,-133.45,0.841
R4343,pine,61721.8,29587.2,4299.7,-249.45,0.898
R4344,pine,62772.9,29915.6,4086.8,-144.52,0.862
R4345,elm,65107.5,29416.8,3639.1,-17.41,0.936
R4346,pine,66574.4,29892.1,4241.5,60.95,0.835
R4347,poplar,67346.6,29407.3,4106.8,30.33,1.175
R4348,pine,-69314.9,30684.5,6251.5,-54.21,1.201
R4349,pine,-69172.9,30422.1,6348.5,35.56,1.112
R4350,poplar,-68309.4,30231.5,6214.4,-156.47,1.079
R4351,pine,-67407.6,30336.4,5917.9,-140.96,1.072
R4352,elm,-66068.9,30042.1,5186.3,57.67,1.23
R4353,pine,-65749.2,30506.5,5097.8,-238.26,0.915
R4354,poplar,-65020.4,30798.4,4987.8,27.5,0.859
R4355,pine,-64149.6,30518.6,4758,-23,0.898
R4356,pine,-63398.6,30604.4,4551.1,-215.05,1.168
R4357,pine,-62214.3,30364.5,4244.6,-232.36,1.185
R4358,pine,-61587.2,30635.4,4134.4,-196.86,1.045
R4359,pine,-60561.2,30495.8,3945.4,55.74,0.854
R4360,pine,-59148.6,30327.3,3663.9,-131,1.237
R4361,poplar,-56634.9,30271.3,2949.3,-75.61,0.962
R4362,pine,58018.2,30168.8,3410.7,31.02,1.174
R4363,elm,59225.4,30193.8,4056.3,-71.89,1.031
R4364,poplar,61420.7,30426.8,3898.9,-132.36,0.922
R4365,pine,62599.3,30494.6,3967.9,-109.89,1.19
R4366,poplar,63564.6,30654.7,3675.5,-244.57,1.153
R4367,pine,64267.6,30607.8,3490.6,-163.47,1.005
R4368,elm,64561,30140.2,3531.9,-239.09,0.91
R4369,elm,65310.8,30268.3,3721.2,-205.8,1.15
R4370,elm,66046.7,30335.5,4113.4,-22.55,0.91
R4371,pine,68046.4,30659.5,4050.5,54.87,0.88
R4372,elm,-69247.5,30878.9,6175.4,69.84,1.234
R4373,elm,-68853.8,31094,6014.3,45.29,1.184
R4374,elm,-68320.8,31377.2,5811.3,73.94,1.18
R4375,elm,-66898.1,30929.7,6055.3,-167.46,0.96
R4376,pine,-66712.4,30819.4,6025.6,-177.81,1.087
R4377,elm,-65941.4,31351.3,5941.8,-150.9,1.206
R4378,pine,-64420.9,31206.4,4861.7,-159.14,0.94
R4379,pine,-64012.4,31186,4819.9,-119.03,0.814
R4380,poplar,-62542.3,31135.3,4305.9,-9.44,1.001
R4381,pine,-61628.8,30968.3,4180.2,78.11,0.928
R4382,elm,-60486.1,31147.2,4199.9,-167.32,1.028
R4383,pine,-60311.1,31175.2,4143.1,45.41,0.88
R4384,elm,-58758.5,30867.6,3730,-257.86,0.822
R4385,pine,58005.3,31113.2,3424.4,-269.3,1.21
R4386,pine,65147.1,31251.3,3668,-135.76,1.111
R4387,pine,66502.6,31538.9,3796.7,-15.83,0.987
R4388,elm,67967.8,31413.4,3974.9,-113.48,0.833
R4389,pine,68563.2,31514.3,4069.4,-150.28,1.221
R4390,pine,-68558.4,31850.3,5984.1,-48.14,0.824
R4391,pine,-67692.4,32062.4,5584.1,-153.71,0.849
R4392,pine,-66918.2,32230.8,5579.7,8.33,0.852
R4393,elm,-66159.8,31778.5,6027.5,-136.49,1.03
R4394,elm,-65457,32054.3,5645.8,-223.15,0.835
R4395,pine,-64419.2,32286.7,5374.6,9.23,1.211
R4396,pine,-63810.4,32365.2,5194.1,-152.22,1.218
R4397,pine,-63066.8,31768.1,4513.1,-214.98,0.99
R4398,elm,-62766.5,31839.5,4473.5,-163.39,0.887
R4399,pine,-61636.2,32245.2,4243.5,-211.07,0.84
R4400,pine,-60636.8,32210.3,4219.1,-241.5,1.193
R4401,poplar,-59853.6,31725.1,4116.4,61.82,0.937
R4402,elm,-58432.7,31845.1,3509.2,-64.68,0.909
R4403,elm,58122.4,31942.8,3277.7,76.8,1.116
R4404,pine,64592.3,32117.2,3611.4,-220.56,0.87
R4405,elm,68053.8,31628,4005.6,-65.23,0.807
R4406,poplar,69135.4,32095.1,4254.8,-3.12,1.223
R4407,pine,-68936.4,32744.3,5958.4,-155.42,1.134
R4408,poplar,-68053.9,32745.1,5825.6,-40.79,0.84
R4409,elm,-67316.1,32533.8,5534.5,-11.45,1.222
R4410,poplar,-66581,33168.3,5492.2,-199.2,0.838
R4411,pine,-65982.1,32899.7,5540.8,-42.54,1.229
R4412,poplar,-64410.7,32778.5,5385.5,6.89,1.182
R4413,pine,-64062.3,33091.9,5299.4,47.16,0.863
R4414,elm,-62862.7,33020.1,4787.3,-216.79,1.173
R4415,pine,-62223.4,32523.2,4462.9,-195.27,1.245
R4416,elm,-61419.6,33029.5,4451.7,-55.01,0.964
R4417,pine,-60830.2,33081.9,4213.6,-192.27,1.082
R4418,pine,-60200,32638.5,4010.7,-136.55,1.172
R4419,poplar,66229.8,32495.3,3932.5,-123.26,0.801
R4420,elm,67628.1,32921.3,4233.5,-17.89,1.02
R4421,pine,69114.1,33007.9,4191.6,-148.93,0.894
R4422,poplar,69325.1,32637.5,4213.8,-0.04,0.947
R4423,poplar,-68418.8,33982.8,5917.8,-44.71,0.847
R4424,pine,-68087.1,33961.8,5888.5,-177.84,0.834
R4425,poplar,-66871,33481.3,5429,-167.35,0.848
R4426,elm,-66695,33881.4,5356,-250.08,0.874
R4427,elm,-65813.5,33942.2,5252.8,47.96,0.971
R4428,pine,-65197.1,33734.5,5259.5,-69.44,0.954
R4429,elm,-63922.8,33259,5300.6,-253.03,1.071
R4430,pine,-63559.1,33689.5,5128,-58.04,0.94
R4431,pine,-62552.3,33365.3,4758.5,-118.33,0.832
R4432,poplar,-61389,33425.5,4453.1,-129.14,0.886
R4433,elm,-60925.9,33704,4248.2,30.15,1.07
R4434,elm,65492.7,33241.3,4336.8,-91.88,1.137
R4435,poplar,66486.5,33999.7,4563,-71.02,0.858
R4436,elm,67156.9,33627.4,4408.8,-65.81,1.062
R4437,elm,69193.5,33506.1,4127,-229.93,1.242
R4438,poplar,-69295.4,34312.6,6716.9,81.29,0.987
R4439,elm,-69074.5,34524.5,6685.9,31.49,0.863
R4440,elm,-67685.3,34715.1,5980.2,-99.4,0.846
R4441,pine,-67054.8,34490.6,5483.9,-115.64,1.201
R4442,elm,-66501.7,34131.4,5305.7,-2.19,1.211
R4443,elm,-65986.5,34359.4,5189.9,73.88,0.944
R4444,elm,-65141.4,34444.2,5281.2,-40.06,0.847
R4445,pine,-64284.8,34016.6,5237.6,-50.03,1.197
R4446,pine,-63544.7,34574,5033.1,-52.22,1.187
R4447,poplar,-62646.5,34045.6,4638.4,-54.18,0.899
R4448,pine,-61566.1,34596.7,4051.1,19.61,1.041
R4449,pine,-60465.3,34746.2,3896.7,39.38,1.229
R4450,pine,-59736.2,34009.5,3952.7,-145.26,1.004
R4451,poplar,-59224.5,34473.4,3697.6,-87.8,1.015
R4452,elm,63793.9,34204.6,3445.2,-45.05,1.111
R4453,poplar,64424.3,34010.7,3801.7,6.31,0.953
R4454,pine,65738.5,34053.3,4476.5,69.99,1.2
R4455,pine,66701.6,34415.6,4651.3,57.26,1.087
R4456,pine,66852.7,34269.2,4616.9,-78.49,1.04
R4457,elm,68398.6,34303.9,4275.6,-243.79,0.937
R4458,pine,68828,34783.9,4174.8,72.44,0.922
R4459,pine,-68615.2,35414.3,6898.7,6.72,1.163
R4460,poplar,-67955.2,35374.8,6477.7,3.26,0.88
R4461,pine,-67480.3,35509.2,6281.7,-167.98,1.231
R4462,pine,-66035.4,34897.7,5354.4,60.27,0.903
R4463,pine,-65352.3,35435.9,5626.4,44.2,0.838
R4464,pine,-65164.3,34864.9,5320.2,-27.56,0.806
R4465,elm,-63854.3,35293.2,5068.3,-63.4,1.142
R4466,pine,-63548.1,35341.4,4855.6,-234.43,1.002
R4467,elm,-62596.4,35358.3,4396.1,12.33,0.921
R4468,pine,-60100.1,34958.3,4002.6,-161.65,0.972
R4469,pine,-59175.1,35310,3905.3,73.02,1.012
R4470,poplar,-58202.4,35446.2,3546.6,7.23,0.897
R4471,elm,63218.5,35172,3399,-100.13,1.204
R4472,elm,65142.1,34827.6,4091.1,-230.34,1.157
R4473,elm,66167.3,35546.9,4380.9,56.02,1.132
R4474,pine,67139.4,35362.8,4542.1,6.48,1.015
R4475,pine,67745.8,35546.5,4439,-242.29,0.85
R4476,pine,69157.4,35020.5,4094.9,51.06,0.947
R4477,pine,-68439.8,35654.6,6866.3,-117.84,1.168
R4478,poplar,-67566.9,35758,6534.9,30.86,1.02
R4479,elm,-66546.5,36293.6,6462.3,-11.76,1.235
R4480,poplar,-65948.6,36133,6234.2,-249.14,1.003
R4481,pine,-64355.3,36363,5433.5,-205.98,0.953
R4482,pine,-63130.1,36391.7,4925.4,-25.36,1.043
R4483,poplar,-62222,35937.1,4289.3,-205.82,1.015
R4484,pine,-61819.9,36392.2,4276.9,-192.95,1.195
R4485,pine,-60840.2,35831.7,3911.2,-94.71,0.923
R4486,pine,-58961.8,35973.2,3806.7,-93.38,0.85
R4487,pine,-56739.5,36328.6,3257.4,-234.89,1.2
R4488,pine,-56262,35963.2,3014.5,-140.61,0.985
R4489,elm,65756.8,36063,4417.3,-142.66,0.966
R4490,pine,66567.3,36142.8,4591.4,57.14,0.864
R4491,elm,67527.2,36152.8,4565.7,-26.03,0.923
R4492,elm,67762.4,35981.6,4475.8,-28.54,1.013
R4493,poplar,68939.7,36204,4266.1,88.67,1.06
R4494,elm,69381.4,35617.6,4086,-15.87,1.073
R4495,poplar,-68803.3,37058.1,6099.2,-253.01,1.016
R4496,pine,-67891.9,36509.5,6819.2,-215.71,1.173
R4497,pine,-67364.7,36427.7,6892.5,-25.15,0.989
R4498,elm,-65835.4,36808.5,6734.8,-5.09,1.089
R4499,pine,-65086.2,37081.2,5961.6,-44.26,1.122
R4500,pine,-62504.2,37041.9,4977.4,-93.1,1.177
R4501,pine,-61604.9,36989,4543.9,-159.73,0.801
R4502,elm,-60050.7,36526,3887.1,-56.86,1.063
R4503,elm,-59211.5,36407.9,3762.5,6.63,1.245
R4504,poplar,-57040.7,36642.9,3395.4,8.32,0.838
R4505,poplar,-54946.2,36951.2,3201.4,-21.32,0.874
R4506,elm,64333.9,36741.8,3998.2,-15.22,0.834
R4507,pine,65533.9,36995,4571.2,59.46,0.811
R4508,elm,66394,36764.1,4818.8,-6.62,1.208
R4509,pine,67620.2,36621.9,4618.8,-158.41,1.247
R4510,pine,69061.2,36796.7,4455.4,67.88,0.862
R4511,pine,69471,36435,4360,-53.21,0.807
R4512,poplar,-67706.8,37465,6622.1,-49.78,0.821
R4513,pine,-66948.4,37439,7354.7,51.59,1.127
R4514,elm,-65512.1,37379.3,6370.9,-205.48,1.061
R4515,elm,-63361,37956.2,6012.1,85.46,0.839
R4516,poplar,-62089.1,37527.3,4847.3,-56.78,1.05
R4517,pine,-61938.1,37967.3,4855.3,-228.87,1.047
R4518,elm,-60617.6,37825.4,4307.8,-2.98,1.016
R4519,elm,-59077.1,37889.1,3991.3,-50.69,1.121
R4520,elm,63431,37294.6,3579.4,-93.09,0.936
R4521,poplar,64356.6,37920.6,4076.4,-125.53,0.957
R4522,pine,67185.9,37566.9,4690.1,-103.85,0.826
R4523,pine,68151,37386.5,4513,67.02,0.839
R4524,elm,68457.7,37861.7,4355.1,60.17,0.875
R4525,elm,69531,37643.7,4238.3,-67.82,0.873
R4526,pine,-64530.4,38629.6,6611.9,-40.44,0.996
R4527,elm,-64283,38016.4,6030.6,28.32,1.106
R4528,pine,-63415.4,38581.2,6426.2,-0.19,1.163
R4529,elm,-62288.3,38425.8,5422.5,-246.48,0.955
R4530,elm,-60473.2,38422.6,4722.6,3.29,0.867
R4531,elm,-59842.2,38414.6,4631.4,-20.99,0.899
R4532,elm,-59533.8,38787.5,4829.5,28.27,0.85
R4533,poplar,-58542.2,38476.4,4153.1,-111.87,1.136
R4534,elm,-56054.9,38771.5,3635.7,-105.7,1.101
R4535,pine,-54542.7,38052.9,3063.5,-201.76,1.189
R4536,pine,62481.7,38672.1,3325.4,-223.86,0.972
R4537,pine,63406.2,38596.2,3487.3,-139.77,0.829
R4538,elm,64594,38179.1,4338.8,-103.69,0.823
R4539,pine,65299.4,38230.9,4929.1,-126.81,0.999
R4540,elm,66008.4,38213.1,4986.5,-46.25,1.007
R4541,pine,68275.8,38482.5,4360,-258.94,1.167
R4542,pine,69148.2,38746.1,4150.2,-247.58,0.899
R4543,elm,69205.5,38103.6,4150.5,78.37,0.84
R4544,elm,-63194.1,38814.4,6240.3,-145.11,0.918
R4545,pine,-62279.7,39515.3,6331.9,-142.3,0.879
R4546,pine,-61578.6,39328.4,5825.8,-51.5,0.967
R4547,pine,-60648,38814,5096.8,-228.84,0.941
R4548,pine,-59802.6,38808.6,4912.1,81.43,0.882
R4549,elm,-59490.9,39467.8,4735.3,-171.62,0.904
R4550,pine,-58531.4,39536.5,4175.7,-150.92,0.809
R4551,poplar,-57347.8,39525.4,3773.5,-200.24,1.232
R4552,pine,-55484.1,39201.9,3559.4,66.78,0.907
R4553,elm,-53847.3,39090.6,2978,82.41,1.163
R4554,pine,48095.9,39294.9,3381.7,-126.39,0.861
R4555,elm,49661.9,39571.1,3569,-203.99,0.893
R4556,elm,51311.3,39442.8,3455.3,-91.27,1.071
R4557,pine,63329.6,38919.2,3399.6,86.58,0.829
R4558,pine,64038.5,39138.5,3934.7,-174.82,0.986
R4559,pine,64716.9,38958,4576.4,-242.34,0.844
R4560,poplar,66653.8,39521.2,4592.6,-47.67,0.904
R4561,elm,68028.1,38879.8,4343,-222.95,0.94
R4562,elm,68906.8,38807.4,4196.2,-183.23,1.174
R4563,pine,69235.4,39063.7,4086.8,-26.45,1.105
R4564,poplar,-63207,40034.4,6744.4,-65.21,1.043
R4565,poplar,-61203.9,39677.9,5919.3,-101.45,1.134
R4566,pine,-60872.3,40235.2,5377.4,-112.98,0.932
R4567,pine,-59786.8,40160.7,4719.8,-256.52,1.19
R4568,elm,-58812.9,39730.8,4316.9,-76.77,0.84
R4569,pine,-57790.8,40272.7,3862.7,-65.44,1.018
R4570,pine,-54048.1,39623,3149.6,80.4,1.069
R4571,pine,46098.7,40287.8,3779.1,66.28,0.804
R4572,elm,47526.2,40329.7,3793.1,-196.49,1.192
R4573,elm,48276.1,40173.1,3807.8,-75.32,1.032
R4574,pine,51647.7,40284.4,3748.7,12.28,1.245
R4575,poplar,64130.6,40116.1,3766.8,-77.36,1.204
R4576,pine,65901.8,40178.5,4576.5,-84.88,0.904
R4577,pine,-65002.4,40697.9,6619.4,-202.14,1.151
R4578,elm,-61875.7,40968.2,6460.1,-169.36,1.087
R4579,pine,-60904.7,40764.2,5455.3,-164.1,0.976
R4580,pine,-59990.8,41036.7,5012.2,-166.52,1.127
R4581,poplar,-59466.9,40475.3,4641.1,72.13,1.141
R4582,elm,-58215.6,40463.3,4017.7,82.92,0.985
R4583,pine,-57941.9,40660.4,3947.7,77.31,0.861
R4584,pine,-56232,40707.4,3641.5,-216.4,0.857
R4585,pine,44611.6,40566.1,3802,21.73,1.057
R4586,poplar,45478.8,41086.8,3878.4,-213.57,1.123
R4587,poplar,47871.9,40615.1,3856.2,-256.11,1.18
R4588,pine,48643.7,41010.5,3873.9,31.89,1.07
R4589,poplar,49879.4,40983.8,3890,-44.28,0.951
R4590,pine,50355.9,40747.7,3893.4,-246.13,1.084
R4591,pine,51053.3,41100.1,3892.4,-130.73,1.02
R4592,pine,52399.1,40592.5,3708.6,-265.53,0.809
R4593,pine,63904.9,40688.3,3680.7,23.12,1.136
R4594,elm,64569.7,40988.5,4020.7,16.4,1.183
R4595,elm,65442.2,40634.1,4358.5,38.49,1.214
R4596,poplar,67368.5,41064.1,4197.7,36.8,1.002
R4597,poplar,69493.9,40499,4077.3,-188.34,0.918
R4598,pine,-63671.1,41938.2,7007.6,49.54,0.866
R4599,pine,-63085,41234.3,7125.7,-4.13,1.169
R4600,pine,-60939.9,41470.5,5802,-18.03,0.991
R4601,pine,-60325.9,41536.8,5443,-55.47,1.162
R4602,elm,-58843.1,41931.1,4953.3,26.26,1.193
R4603,elm,-58537.9,41852.4,4703.5,14.83,0.912
R4604,pine,-57231,41776.7,4078.3,-234.13,0.837
R4605,pine,-56491.5,41524.4,3862.3,-225.71,1.033
R4606,pine,42496,41898.5,3226.8,26.27,1.249
R4607,poplar,44124.2,41592.3,3815.2,-128.73,0.802
R4608,elm,50668,41935.8,3890.4,-267.65,1.234
R4609,elm,51239.7,41796,3879.4,-232.13,1.218
R4610,elm,52073.1,41559,3853.3,-196.84,0.899
R4611,elm,62986.4,41224.7,3309.7,81.84,1.237
R4612,pine,67773.7,41758.3,4186.9,-113.98,1.235
R4613,poplar,68606,41802.1,3781.7,-112.78,0.928
R4614,pine,-62887.1,42654.8,6299.3,-87.17,1.101
R4615,pine,-62037.1,42151.9,6406.6,-27.5,0.845
R4616,pine,-61278.4,42472.8,6094.5,54.14,0.849
R4617,elm,-60617.1,42499.3,5950.6,-147.17,0.933
R4618,pine,-59868.8,42109,5537.6,-185.43,1.072
R4619,elm,-59146.4,42481.1,5138.7,27.23,0.897
R4620,pine,-58729.7,42046.7,4968.9,-172.06,0.921
R4621,pine,-57566,42125.6,4486.7,-246.35,1.233
R4622,pine,-56833,42300.3,4298.6,-8.49,1.103
R4623,pine,-56092,42432.6,4353.9,7.85,0.931
R4624,pine,-55112.5,42066.9,3740.3,-169.24,1.155
R4625,pine,-54240.1,42321.8,3801.9,80.86,1.191
R4626,pine,43225.8,42537.9,3701.5,32.61,1.216
R4627,pine,43830,42648.2,3906.1,-162.1,0.898
R4628,pine,44872.4,42281.9,3904.6,-51.09,0.932
R4629,poplar,45363.7,42519,3913.5,30.15,1.172
R4630,pine,50669.7,42565.6,3886.2,11.75,0.855
R4631,pine,52276,42564.1,3779.6,16.27,1.222
R4632,pine,52747.4,42110.3,3670.4,-231.3,1.104
R4633,pine,53728.3,42734.5,3502.1,-212.9,0.993
R4634,poplar,63274.2,42613.7,3542.8,-216.72,1.243
R4635,pine,65527.3,42014,4272.2,48.8,1.028
R4636,elm,66979.4,42069.7,4271.3,-97.9,1.24
R4637,pine,67970.8,42264,3924.7,4.04,1.192
R4638,pine,-62289.9,43559.3,6141.9,-134.54,0.989
R4639,pine,-61307.1,43551,6099.8,0.61,1.116
R4640,elm,-60977.6,43328.4,5996.5,7.67,0.803
R4641,poplar,-60099,42875.2,5655.8,-67.8,1.229
R4642,pine,-59061.1,43496.7,5102.8,8.42,1.159
R4643,pine,-57920.8,42818.5,4905.6,-14.43,1.081
R4644,elm,-55671.5,42843.7,4522.7,-266.31,0.943
R4645,elm,-55522.5,43536.6,4484.6,52.6,1.059
R4646,pine,-54706.3,43453.8,4390,-138.78,0.851
R4647,pine,-53738.3,43573.5,4208.5,0.29,0.961
R4648,elm,44103.2,42955.3,3897.7,-78.37,1.112
R4649,poplar,51290.9,43487,3893.5,-149.84,0.897
R4650,pine,51649.3,42853,3874.8,-78.74,1.063
R4651,pine,53326.1,43557.1,3592.3,-206.01,1.151
R4652,elm,54866.1,43359.3,3031.3,-13.34,0.879
R4653,pine,65544.5,43299.5,4291.8,-229.38,0.832
R4654,elm,-65633.9,44276.2,6022.2,-10.99,1.015
R4655,pine,-64367.6,43849.6,6412.7,-60.85,0.812
R4656,elm,-62758.1,44250,6501.6,-222.78,1.227
R4657,pine,-61990.6,43717.8,6238.7,59.44,1.159
R4658,elm,-61047.5,44032.6,6143.9,10.77,0.89
R4659,pine,-59054.7,44251.3,4867.4,-35.4,1.125
R4660,elm,-57188.3,43618.5,4518.9,42.47,1.172
R4661,pine,-55306,44355.8,4133.8,-157.1,0.953
R4662,elm,-54207.9,44198.7,4238.3,-199.28,1.135
R4663,pine,-53865.5,43877.2,4348.1,-210.56,0.934
R4664,elm,44131.1,44188.4,3872.2,-0.87,1.212
R4665,elm,44921.2,44244.8,3888,-169.2,0.861
R4666,pine,51774.2,43661.6,3887.2,-42.97,0.935
R4667,elm,53448.1,44091.3,3532.5,-88.88,1.052
R4668,pine,64657.2,44382.6,4120.7,-227.67,1.006
R4669,pine,66566.5,43863.7,4103.3,-190.8,0.861
R4670,pine,67249.8,43613.2,3891.1,-169.54,0.837
R4671,elm,69348.4,43838.3,3701.5,-254.42,1.205
R4672,pine,-65456.6,44789.7,5913.5,-268.29,0.906
R4673,pine,-62933.6,44471.9,6538.8,-28.69,1.068
R4674,pine,-61549.1,44815,6082,87.39,1.099
R4675,pine,-59541.8,44663,5003.6,47.06,0.805
R4676,pine,-54317.8,44565.8,4125.7,-263.01,0.89
R4677,pine,42742.3,44758.6,3780.7,58.63,0.812
R4678,pine,42882.4,44493.4,3770.6,-267.07,0.885
R4679,poplar,50165.5,44972.2,3876,-194.67,0.994
R4680,pine,51228.9,44583.8,3891.3,-89.93,1.242
R4681,pine,56054.2,45173.4,3558.6,-258.66,1.2
R4682,pine,58135.9,44443.3,3401,31.9,0.856
R4683,elm,58843.7,45159.6,3620.6,-163.79,0.815
R4684,elm,62109.3,44740.5,3586.2,-263.94,0.898
R4685,elm,64005,45159,4014.1,-213.67,1.082
R4686,elm,64527.5,44473,4124.1,-127.27,1.084
R4687,pine,66625.5,44623.9,4203.8,-146.43,1.117
R4688,pine,67291,44505.4,3966.4,-264.75,1.046
R4689,elm,-64641.9,45216.8,6271.8,-98.7,0.93
R4690,pine,47610.2,45614.2,3904.8,69.03,0.922
R4691,pine,50282.1,45659.7,3902,-35.39,1.095
R4692,pine,52387.8,45437.5,3913.8,-238.3,0.943
R4693,poplar,57964.4,45692.5,3832.2,-34.08,0.905
R4694,poplar,58946.6,45601.9,3819.6,57.21,0.826
R4695,pine,63381.7,45895.6,4052,30.92,0.845
R4696,elm,65418.6,45690.8,3990.1,-112.04,0.936
R4697,pine,66273.2,45220.1,4108.9,-7.04,0.923
R4698,poplar,67491.1,45260,4010,-127.42,0.885
R4699,pine,68727.2,45863.9,3820.7,-205.63,0.989
R4700,poplar,-61446.3,46189.3,5281.5,-157.26,1.178
R4701,elm,45343.5,46064,3885.7,-49.73,1.208
R4702,poplar,50747.5,46787.9,3900.9,14.46,1.115
R4703,elm,51185.3,46313.9,3891.7,-165.27,0.819
R4704,poplar,52305,46712.6,3973.2,-31.56,1.133
R4705,elm,52986.7,46683,4080.1,19.1,1.033
R4706,pine,53740.1,46029.9,4074.4,-86.5,0.887
R4707,pine,56418.5,46650.2,4390,-47.47,0.976
R4708,pine,57853.2,46758.3,4363.2,89.55,1.166
R4709,poplar,58492.8,46320.3,4065.1,-161.88,0.933
R4710,poplar,59269.8,46286.7,4087.4,28.12,0.893
R4711,pine,64666.3,46122.7,4026.5,-64.85,1.147
R4712,pine,65594.4,46320.8,3905.1,-189.12,1.148
R4713,pine,66201.6,46767,4099.1,-182.69,0.811
R4714,elm,67061.4,46238.9,4039.2,-245.09,1.048
R4715,pine,69467.3,46765.4,3650,-81.95,1.042
R4716,pine,-66431.5,47463.9,6401.4,-228.99,1.232
R4717,pine,49513.1,47087.8,3886.9,-99.53,0.867
R4718,pine,50093.6,47413.3,3886.7,-249.5,1.127
R4719,pine,51161.3,47179.4,3911.9,-267.37,1.175
R4720,pine,53229.5,46866.7,4076.1,66.38,1.179
R4721,pine,54762.8,47094.8,4347.2,-124.42,1.158
R4722,poplar,55078.3,47531.1,4308.7,-156.56,0.84
R4723,pine,55653,47345.5,4336.8,30.25,0.802
R4724,pine,57463.6,46858,4483.8,-162.74,0.928
R4725,pine,59196.3,47432.1,4485.5,-39.09,0.951
R4726,pine,60226.1,47595.2,4364.1,-235.53,0.848
R4727,poplar,60698,47296.7,3935.5,-195.49,0.809
R4728,pine,61536.5,47122.8,3867.6,-49.75,0.855
R4729,elm,62637.6,47511.9,3919.2,-88.97,0.853
R4730,pine,66083.7,47560.8,3918.2,-234.08,1.116
R4731,elm,66955.2,47125.2,3875.9,-66.76,1.108
R4732,pine,67812.3,47373.9,3695.7,5.27,1.245
R4733,pine,68435.9,46914.1,3654.6,-91.67,0.884
R4734,elm,-68149.3,48101.3,6225.4,-26.88,1.119
R4735,elm,49633.9,47805.3,3905,-254.96,0.97
R4736,poplar,50854.5,47728.4,3888.2,-28.09,1.181
R4737,poplar,52442.4,48103.4,3904.5,-234.71,0.882
R4738,elm,53982.3,48008.5,4014.3,-189.29,0.877
R4739,pine,54552.7,48344.4,4155.7,-79.39,0.957
R4740,elm,54993.7,47906.5,4347.5,-247.07,1.145
R4741,pine,56213.8,48030.8,4774.2,-173.07,0.824
R4742,elm,56839.3,48372.2,4588.3,44.38,0.801
R4743,pine,57256.8,47881.1,4530.7,-151.02,1.152
R4744,pine,58131.4,47951.6,4668.8,-198.02,1.244
R4745,elm,59321.8,47720,4606.8,-119.04,1.033
R4746,pine,60376.6,47918.7,4394,60.82,1.178
R4747,poplar,61106.6,48238.5,4277.6,15.5,0.87
R4748,pine,61287.1,47770,3982.5,-7.53,0.826
R4749,pine,62697.8,48047.3,3955.4,-97.92,1.109
R4750,pine,63949.7,48163.7,3824.6,-26.64,1.002
R4751,pine,66415.2,47978.9,3846.4,-235.28,0.929
R4752,pine,66813.6,47809.4,3854.2,46.35,1.087
R4753,poplar,67847.1,48153.1,3646.5,-28.06,0.995
R4754,pine,68423.4,48288.1,3708.8,-154.72,0.975
R4755,pine,-68097.7,48491,6468.1,-188.9,0.884
R4756,elm,-66290.1,48596.7,6441.2,-144.56,0.921
R4757,pine,-64509.7,48990.4,6517.8,-14.46,0.93
R4758,poplar,50292.6,49063.9,4067.4,-162.06,1.223
R4759,pine,51730.5,48994.1,4130.6,-211.51,1.189
R4760,pine,52704.7,48726.5,3937.6,-141.52,1.191
R4761,pine,53489.2,48765.2,4048.5,-240.46,0.955
R4762,pine,54793,48882.8,4313.1,-184.55,0.947
R4763,elm,55233.2,48649.7,4422.7,50.23,1.226
R4764,pine,56325.2,48404.8,4683.7,49.88,1.023
R4765,pine,56785.5,48723.1,4483.3,-217.24,1.221
R4766,poplar,57514.9,48581.4,4415.6,59,1.187
R4767,pine,58040.5,48979.7,4138.9,83.05,1.221
R4768,pine,59252.2,49180.5,4237.6,-222.6,0.91
R4769,pine,59671.2,48969.6,4347.9,40.46,1.207
R4770,elm,60864.8,48729.7,4200.9,-181.63,0.889
R4771,poplar,63211.5,49015.2,3837.9,-36.29,0.808
R4772,elm,64295.8,49088.3,3840.2,-47.47,1.236
R4773,pine,65883.4,48520.6,3852.6,-55.72,0.863
R4774,elm,66346.5,48500,3849.2,-254.97,0.829
R4775,poplar,67334.8,48963.7,3848.7,-77.3,1.055
R4776,pine,68359.4,48738.1,3781.3,29.54,0.86
R4777,poplar,-67070.5,49980.2,6475.2,75.67,0.994
R4778,pine,-65524.5,49279.7,6623.6,-133.43,1.188
R4779,elm,-64592.7,49837.2,6939.4,-162.66,0.909
R4780,elm,49566.5,49461.2,4435.9,-104,0.838
R4781,elm,50699.1,49212.8,4040.8,-93.8,0.841
R4782,poplar,51102.1,49353.8,4127.1,-74.14,1.134
R4783,pine,52006.3,49585.8,4223.1,46.96,1.093
R4784,elm,53039.3,49277.9,4070.9,64.55,0.896
R4785,elm,54500.6,49328.3,4402.9,-263.21,1
R4786,pine,55953,49323.5,4158.7,63.82,0.983
R4787,poplar,57657.6,49770.4,3934.7,-153.28,0.942
R4788,pine,59675.5,49669.9,3865,-209.47,0.873
R4789,elm,63882.9,49740.2,3691.2,-10.69,1.083
R4790,poplar,65554.7,49227.6,3832.4,65.16,0.95
R4791,poplar,66310.8,49885,3817,34,1.111
R4792,pine,67332.4,49533.4,4010.7,-202.06,1.034
R4793,poplar,67826.8,49393.7,3884.8,-191.15,0.816
R4794,pine,68415,49576.6,3807.6,53.91,0.898
R4795,elm,-68352.2,50640.6,6274.7,-268.55,1.16
R4796,poplar,-67519.7,50098,6239,-90.53,1.005
R4797,pine,-65483.5,50488.8,6762.2,-227.29,1.049
R4798,pine,51672.3,50450.8,4585.8,-223.27,1.086
R4799,pine,52694.4,50044.3,4519.6,40.03,1.057
R4800,poplar,53599.6,50221.2,4404.4,-151.22,1.05
R4801,poplar,54514.6,50505.1,4418.1,29.13,1.01
R4802,elm,55140.1,50222.2,3927,71.74,0.861
R4803,elm,55846.8,50771.3,3930.4,-46.19,1.072
R4804,pine,56896.4,50773.1,3889.2,-254.24,0.845
R4805,elm,59639.5,50782.8,3476.2,-219.88,1.082
R4806,poplar,60695.2,50522.2,3488.5,-87.39,0.97
R4807,pine,66375.4,50352.1,3818.8,-238.95,1.096
R4808,pine,69091.7,50090.3,3775.1,47.41,0.96
R4809,pine,-69583.1,51403.1,6378.8,-115.43,0.838
R4810,pine,-68204,51429.6,6294.6,-92.32,0.917
R4811,elm,-67588.1,51355.9,6324.1,33.48,0.977
R4812,poplar,-66304.3,51229.5,6753.2,46.18,0.921
R4813,poplar,-65345.7,51580.6,6457.8,-226.79,1.051
R4814,pine,-62995.1,51371.6,6136.2,86.79,0.855
R4815,elm,-62708.5,50834.9,5996.8,-86.14,0.93
R4816,poplar,51246.7,51277.4,4279.7,-210.23,1.056
R4817,pine,51652.5,51329.4,4060.6,5.52,1.175
R4818,poplar,53111.8,51284,4251.7,-20.23,1.013
R4819,pine,53362.3,50978.7,4351.1,41.2,1.224
R4820,pine,54083.7,51483.4,4163.4,-216.51,1.168
R4821,pine,55374.1,50833.2,4113.2,-63.86,0.847
R4822,elm,56380.9,51254.8,3919.7,-206.42,1.014
R4823,pine,57438.1,50809.6,3928.9,-172.42,0.928
R4824,pine,58369.2,50830.7,3852.4,-49.98,0.903
R4825,pine,59197.3,50831.5,3563.1,-230.22,1.126
R4826,pine,59807.6,50958.3,3411.6,63.18,1.239
R4827,poplar,61642.8,50852.2,3407.7,-132.04,0.852
R4828,pine,65683.1,51393.6,3563.2,-133.41,0.855
R4829,poplar,67896.4,50848.5,3931.4,-33.92,1.093
R4830,elm,-68594.5,51645.5,6239.7,-46.75,0.803
R4831,pine,-67617.2,51640.4,6417.1,-0.77,1.188
R4832,elm,-66878.9,51933.8,6686.5,-209.18,0.977
R4833,pine,-66668.2,52059.1,6605.1,89.37,1.136
R4834,pine,-65772.8,52073,6240.7,-123.14,1.152
R4835,pine,-64744.7,51620.7,6402.2,-115.76,1.106
R4836,elm,-63975.4,51717.1,6491.4,-168.91,0.982
R4837,pine,-63584.1,51622.1,6497.7,44.85,0.963
R4838,elm,-62280.5,51852.8,6057.7,38.79,0.93
R4839,poplar,46938,51809.3,4327.2,-222.02,1.173
R4840,elm,47664,51992.2,4468.9,-30.94,1.013
R4841,pine,50563,52002,3824.5,55.58,0.84
R4842,elm,54242.4,51949.1,4137.6,-31.11,0.919
R4843,pine,55610.4,52161.5,4203.6,-210.54,0.916
R4844,elm,56779.5,52345.7,3870.1,22.26,0.882
R4845,poplar,57369.8,52390,3930,-131.07,0.914
R4846,pine,58502.3,51778.3,3719.1,-69.57,0.94
R4847,poplar,61493.9,52217.6,3418.7,-30.83,1.061
R4848,poplar,63235.4,51852.5,3343.3,-79.39,1.198
R4849,pine,64910.5,52262.5,3575.6,26.15,0.851
R4850,pine,65725.3,51830.8,3600.1,-240.18,1.099
R4851,pine,66586,52366.5,3602.6,-133.25,1.028
R4852,elm,68298.5,52079.8,3655.4,-0.76,0.996
R4853,pine,69086.7,52131.3,3665.3,-267.89,1.226
R4854,pine,-69074,53077.1,6511.6,77.02,1.171
R4855,poplar,-68114.9,52680.7,6580.9,-148.76,0.957
R4856,pine,-66931.4,52724.5,6435.5,-5.86,1.225
R4857,pine,-66596.4,52648,6262.4,-195.61,0.821
R4858,pine,-65812.5,53011,6025.2,-135.59,1.006
R4859,elm,-64662.3,53014.8,6002.2,-195.75,1.136
R4860,pine,-64125.1,52657.1,6326.9,-109.88,0.92
R4861,pine,-62887.3,52909.6,6771.2,-211.63,0.96
R4862,pine,46299.3,53025.2,3878.3,-136.68,0.998
R4863,pine,47830.4,52555.7,4386.9,-246.19,1.104
R4864,elm,50699.3,52400.1,3639.5,-67.51,0.847
R4865,pine,51995.5,52865.9,3378,-167.17,1.089
R4866,pine,52507.6,52496.6,3773.8,-109.85,0.822
R4867,poplar,53985.9,53054.5,3792.5,6.71,1.122
R4868,pine,56838.8,52554.8,3787.6,-115.04,1.142
R4869,poplar,57823.5,52867,3672.2,40.09,0.89
R4870,pine,-69013.1,53335.5,6668.5,-96.7,0.972
R4871,elm,-68305.1,53244,6848.5,-204.2,1.016
R4872,pine,-67356.3,53767.1,6119.7,-63.07,0.838
R4873,pine,-66383.5,53509.3,5968,24.08,0.856
R4874,poplar,-65431.2,53482.8,5792.3,-240.58,1.035
R4875,pine,-64926.9,53653.9,5982.6,-192.06,0.818
R4876,pine,-64355.3,53854.5,6152.5,-235.59,0.845
R4877,elm,-63255.7,53941.5,6366.6,-129.67,0.874
R4878,pine,46714.9,53713.2,3889.6,-183.7,1.229
R4879,pine,48670.1,53926.6,3591.7,-4.8,1.236
R4880,pine,51511.4,53882.1,3933.1,-156.34,0.875
R4881,elm,52710.2,53831.9,3684,-99.57,1.135
R4882,pine,53949.4,53704.8,3750.6,-261.81,0.823
R4883,pine,54084.2,53323.4,3744.3,-65.47,1.073
R4884,pine,55180.2,53847.8,3487.3,62.19,1.059
R4885,pine,64704,53588,3440.6,-41.14,1.167
R4886,pine,65818.3,53810.9,3528.2,-59.5,1.025
R4887,poplar,-69531.2,54561.3,7137.5,-192.88,1.064
R4888,pine,-68955,54093.5,7092,61.43,1.069
R4889,elm,-67916.1,54765.8,6757.2,-205.94,1.131
R4890,pine,-67393,54395.5,6270.8,4.6,1.11
R4891,pine,-66154.2,54185.6,5827.3,-77.25,1.204
R4892,pine,-65562.5,54106.9,5955.9,63.17,0.998
R4893,elm,-64948.5,54742.9,6044.3,-42.42,1.049
R4894,pine,-64080.9,54773.6,5990.1,73.85,0.906
R4895,pine,-63127.3,54034.2,6409.1,-204.5,1.036
R4896,elm,-62725.7,54295.8,6393.6,-160.52,0.807
R4897,pine,52479.9,54097.8,3636.4,-198.03,1.187
R4898,pine,53809.3,54281.2,3580.3,-76.89,1.002
R4899,elm,-68869.4,55140.1,6860.1,-70.88,0.81
R4900,pine,-68256.1,54879.9,6929.9,-246.31,0.899
R4901,elm,-66899.1,55473,6434.4,-162.67,1.248
R4902,elm,-66035,55162.7,6291.7,-226.07,0.911
R4903,elm,-65538,55424.8,6095.9,-182.01,0.881
R4904,elm,-64514.2,54941.3,5951.6,0.51,0.991
R4905,elm,-63748,54818,6039.5,-177.72,1.069
R4906,elm,-63269.3,55359.9,6127.4,-155.47,1.155
R4907,pine,-62708.4,55207.8,6178.5,24.95,0.886
R4908,pine,-61908.8,55300.2,6285.1,-82.19,1.047
R4909,pine,51327.7,55381.4,4001.6,-146.88,0.955
R4910,pine,52654.1,55384.8,3796.3,51.08,0.955
R4911,elm,53485,55252.8,3794.8,80.44,1.083
R4912,elm,54298.2,54834.4,3449.6,-250.77,1.093
R4913,elm,-68763.7,56017.9,6781.5,-120.63,1.113
R4914,elm,-67681.3,56114.5,6422.4,-241.4,0.97
R4915,elm,-66969.8,56017.1,6392,-112.37,1.234
R4916,pine,-66344.9,55919.3,6338.3,9.03,0.901
R4917,poplar,-65992.3,55835.1,6191.7,-6.82,1.087
R4918,pine,-64865.9,55702.6,5903.4,19.54,1.029
R4919,pine,-64168.6,55640.7,5917.3,-147.46,1.048
R4920,pine,-63457.7,55929.6,6106.6,33.65,1.17
R4921,pine,-62230.1,55773.7,6234.5,-61.2,1.101
R4922,elm,-61934.5,56221.7,6301.8,-255.34,1.199
R4923,pine,-61088,56211.9,5712.1,-264.82,1.069
R4924,pine,49567.2,55991.3,3817.9,59.48,1.077
R4925,pine,50663.9,55912.2,3878.9,-260.23,1.078
R4926,pine,51080.1,55737.9,3957.2,-131.42,0.986
R4927,pine,52407.6,55618.8,3755.7,16.54,0.958
R4928,elm,53236.4,55993,3880.9,-160.49,1.166
R4929,pine,-69371.9,56939.7,6363.5,-88.85,0.841
R4930,pine,-68868.9,57095.2,6368.7,-21.19,1.201
R4931,elm,-68321.6,56602,6369.5,-140.67,1.091
R4932,pine,-67048.1,56433.8,6367.7,-156.48,0.929
R4933,pine,-66251.7,56504.9,6315.8,-166.85,1.212
R4934,pine,-65426.6,57187.1,6203.2,15.11,0.977
R4935,pine,-65105.3,56674.2,6045.7,-96.38,1.108
R4936,pine,-63699.4,56889.1,6150.9,-245.11,1.051
R4937,pine,-63293.3,56614.4,6119.6,-154.18,1.167
R4938,poplar,-62138.3,57026.3,6447.2,26.08,1.22
R4939,pine,-61543.6,56984.2,6455.6,-39.77,1.009
R4940,pine,-61009.4,56763.8,5851.8,-99.1,1.118
R4941,elm,-60307.8,56621,5042,-136.79,1.063
R4942,pine,49718.7,57153.5,3941.8,-77.48,0.841
R4943,pine,50551.2,56631.8,3864.6,-26.06,1.146
R4944,poplar,51433.2,56443.2,3796.1,-218.06,1.245
R4945,elm,52123.9,56765.6,3865.1,-196.93,1.134
R4946,pine,53145.3,57138.6,4029.1,-105.67,1.054
R4947,pine,53878.5,57109.8,3919,-183.28,0.982
R4948,pine,54676.9,57125.1,3589.9,-9.26,1.124
R4949,pine,55613.2,56925.9,3091.8,-225.79,1.088
R4950,elm,64464.7,57187.4,3645.3,-180.6,1.059
R4951,pine,-69189.9,57980.1,6052.5,-36.1,1.093
R4952,poplar,-67698.5,57730,5960.1,19.76,0.94
R4953,pine,-67517.9,57617.3,5917.3,-183.2,1.143
R4954,elm,-66655.9,57695,6077.1,33.01,0.863
R4955,pine,-65756.6,57257.7,6328.3,-193.32,1.12
R4956,pine,-65086.9,57889.8,6476.3,-26.33,0.926
R4957,elm,-63631.8,57559.8,6372.1,-170.7,1.003
R4958,poplar,-63168.5,57341.7,6262,1.49,1.205
R4959,pine,-62104.2,57403.2,6485.5,-154.1,0.82
R4960,pine,-61877.1,57348.9,6471,-109.58,0.819
R4961,poplar,-58639.7,57995.4,4312.4,-45.1,1.015
R4962,pine,-55378.9,57775.3,3584.4,-185.99,0.867
R4963,pine,46267.5,57427.6,3393.2,-56.91,1.118
R4964,pine,49453.6,57200.1,3929.3,-234,0.959
R4965,pine,52523.8,57330.1,3877.6,-105.25,0.844
R4966,pine,53939.8,57933.4,3659.9,-134.13,0.822
R4967,elm,64364.6,57644.5,3735.6,-129.03,0.931
R4968,pine,66128.9,57644.7,3578.6,-214.95,1.176
R4969,pine,-68588.9,58235.2,5886.2,-224.45,0.91
R4970,pine,-67922.6,58522.2,6004.8,59.78,1.005
R4971,pine,-66902.1,58148.5,6115.4,-132.46,1.102
R4972,pine,-66592.3,58587.6,6285.1,-244.84,1.06
R4973,pine,-65634.8,58356.5,6720.7,78.39,1.116
R4974,pine,-64610.8,58110.6,6663,-156.02,1.229
R4975,pine,-63662.4,58083.6,6680.6,-234.14,1.04
R4976,pine,-63081,58160.1,6535.6,-261.74,1.189
R4977,elm,-62516.4,58110.2,6536.2,-25.37,0.898
R4978,poplar,-61768.6,58755.6,6152.3,-115.8,1.24
R4979,pine,-61163.1,58210.1,5925.2,-80.65,1.093
R4980,elm,-56303.4,58400.4,3871.8,-7.93,1.013
R4981,pine,-55328.1,58732.4,3705.3,-13.01,0.844
R4982,pine,50362,58342.7,3526.2,-79.2,1.164
R4983,pine,50844.3,58673.4,3633.1,48.02,1.22
R4984,elm,52930.7,58337.3,3729.9,-170.93,1.089
R4985,elm,-69597.3,58954.3,6334.5,27.96,1.133
R4986,elm,-68595.8,59223.9,6080.3,-33.95,1.122
R4987,pine,-68192.3,58971.9,6006.9,-200.63,0.834
R4988,pine,-67068.9,59129.1,6454.1,-134.42,1.041
R4989,pine,-66737.4,58839.2,6381.7,80.36,0.938
R4990,pine,-65625.7,59300.6,6900.6,-123.65,1.157
R4991,pine,-65017,58999.9,6563.5,22.65,1.235
R4992,pine,-64093.7,59162.2,6422.6,-211.82,0.945
R4993,pine,-63384.5,58975.8,6444.3,-99.59,1.186
R4994,pine,-62057.5,58848.4,6204.8,-178.3,0.84
R4995,elm,-61563.4,58866.9,6080.3,81.71,1.098
R4996,pine,-59951.3,59440.3,5011.4,-72.6,0.894
R4997,pine,-59498.8,59281.8,4835.8,11.52,1.194
R4998,pine,-58236.2,59399.2,4353.4,-91.05,1.049
R4999,elm,-57870.2,59599.1,4272.9,-54.03,0.876
R5000,pine,-56116.8,58884.5,4022.5,-148.48,1.11
R5001,pine,-55345.1,59431.4,3899.6,-226.08,1.192
R5002,pine,-54185.3,59348.9,3470.7,-181.26,1.227
R5003,pine,-52995.7,59589.7,3379.8,-31.76,0.92
R5004,pine,-15449,59487.7,3295.3,-54.19,1.075
R5005,pine,-14749.7,59032.7,3364,73.84,1.144
R5006,elm,47073.4,58862.8,3561.4,-66.95,0.931
R5007,elm,48079.2,59216.6,3860.1,-105.87,1.209
R5008,pine,51392.3,58823.9,3788.4,-147.84,1.012
R5009,pine,52529.3,59176.7,3786.3,75.18,0.871
R5010,poplar,68579.9,58996.4,3925.5,-18.78,1.087
R5011,elm,-68799.2,59684.3,6394.6,-263.6,0.81
R5012,elm,-68163.8,59951.8,6344.8,-115.27,0.829
R5013,poplar,-67198.6,59975.6,6714.9,-96.02,1.046
R5014,elm,-66396.7,60045.4,6775,-82.83,1.125
R5015,poplar,-65357.7,59764.3,6667.1,-157.77,0.964
R5016,pine,-65066.7,60044.5,6347.8,31.38,0.872
R5017,pine,-63998,59955.6,6348.8,5.87,1.041
R5018,elm,-61030.3,60150.4,5582.6,-73.63,1.22
R5019,pine,-59698.4,60074.5,5135.2,-70.59,0.858
R5020,pine,-59489.1,59608.9,4956.7,-81.49,1.232
R5021,elm,-57375.8,59704.7,4044.5,-156.18,1.224
R5022,pine,-55779.1,60187.1,3942.6,-205.55,1.14
R5023,elm,-55156.4,59757.7,3910.9,41.08,1.04
R5024,poplar,-54781.3,60114,3823.3,-153.57,0.985
R5025,poplar,-15690.9,60369.6,3555.5,-88.01,1.145
R5026,pine,-12600.7,60093.8,3700.8,15.62,1.018
R5027,elm,-12214.2,60041.8,3630.6,-231.27,1.172
R5028,pine,-11381.2,59787.4,3403,-183.15,1.154
R5029,pine,46672.6,60296.8,3739,67.73,1.232
R5030,pine,47459.2,59799.2,3666.5,45.41,0.941
R5031,pine,47951.4,59762.9,3904.6,76.21,0.977
R5032,pine,48413,60096.7,3949.8,-258.66,0.808
R5033,pine,50022.6,59972.4,3972.1,-26.64,0.857
R5034,pine,51839.2,59642.8,4010.9,-143.89,0.917
R5035,pine,62159.6,60186.6,2979.5,33.69,1.22
R5036,pine,-68794,61147.4,6797.4,-139.5,0.972
R5037,pine,-67699.6,60528.1,6814.5,-7.3,1.013
R5038,elm,-67007.5,61123.4,6984.1,-260.23,0.915
R5039,pine,-66473.7,60625.5,6846.3,-204.65,0.826
R5040,pine,-65374.3,60662.4,6525.7,-167.27,0.898
R5041,pine,-64559.6,60915.2,6224,-106.03,1.185
R5042,pine,-58878.7,60649.4,4744.7,23.36,1.193
R5043,pine,-57061.8,60414.7,4093.5,0.27,0.935
R5044,elm,-56071.8,60823.6,4002.5,69.38,1
R5045,elm,-55523.9,60582.1,3853.2,-8.54,1.246
R5046,pine,-54237,60944.6,4131.9,-255.26,1.21
R5047,pine,-53413.5,61128,4168.1,-65.95,1.038
R5048,pine,-51470.7,61170.6,3669,24.7,1.23
R5049,pine,-41478.7,61032.4,3550.2,-39.04,1.016
R5050,poplar,-14542.5,60671.1,3982.2,-64.34,1.131
R5051,elm,-13083.3,61110.7,4092.9,-231.97,0.808
R5052,pine,-10738.5,60480.8,4023.6,13.3,0.959
R5053,elm,-9221.6,60626.3,4493.6,-205.47,1.23
R5054,poplar,-9014.5,60456.3,4313.9,-269.58,0.872
R5055,pine,-8298.1,61015.9,4342.5,-147.79,0.815
R5056,pine,-7337.8,61047.5,3894.5,-229.17,0.85
R5057,poplar,31374.7,60931,3769.5,-86.42,0.838
R5058,pine,36424.2,60859,3976.2,-251.78,1.024
R5059,elm,38369,61114.9,4180.4,-9.03,1.007
R5060,pine,45226.4,61056,3807.2,-29.63,1.102
R5061,elm,46757.6,61110.7,3658.7,-177.44,1.049
R5062,elm,47325.5,61036.7,3765.5,-245.11,1.198
R5063,poplar,49892.7,61119,4249.4,-69.07,0.894
R5064,pine,50567.1,60690.5,4196.9,-135.54,0.973
R5065,poplar,51050.2,61109,4306.5,-62.39,0.911
R5066,elm,52265.2,60994.9,4188.4,26.67,0.96
R5067,pine,52819.5,61161,4244,-20.02,0.853
R5068,poplar,-69077.4,61533.4,6783,0.57,1.173
R5069,elm,-68218.6,61950.8,6977.3,-141.84,0.999
R5070,pine,-66903.5,61979.2,7336.5,-242.14,1.172
R5071,pine,-66146.6,61618.9,7229.1,-163.73,0.998
R5072,pine,-65643.5,61837.6,7046.6,-156.41,0.993
R5073,elm,-59898.2,61385.3,4768.2,0.18,0.896
R5074,elm,-58921.9,61588.5,4512.1,33.68,1.043
R5075,pine,-57914,61305,4364.5,0.82,1.073
R5076,poplar,-56405.3,61731.2,4091.8,80.83,1.044
R5077,elm,-55676.4,61694.8,3974.7,85.07,0.912
R5078,elm,-54592.5,61749,4482.7,-16.26,0.823
R5079,pine,-51700.5,61692.3,3937.8,-90.62,1.027
R5080,pine,-51408.9,61908.4,3967.1,-186.62,0.874
R5081,poplar,-16070,61996,3908.7,-45.42,0.891
R5082,poplar,-15220,61572,4399,-35.06,1.136
R5083,elm,-14236.6,61869.7,4491.5,-263.67,0.876
R5084,elm,-13384.2,61571.2,4227.7,56.95,1.073
R5085,elm,-12589.7,61615,4160.8,-26.51,0.983
R5086,elm,-11812.3,61807.5,4337.1,81.49,0.834
R5087,pine,-11121.4,61390.9,4549.9,-201.32,1.074
R5088,pine,29388.1,61461.7,3263.2,-210.27,0.891
R5089,pine,31014.3,61827.5,3834.4,53.27,1.056
R5090,poplar,38304.7,61535.7,4224.6,-124.08,1.098
R5091,pine,44687.1,61931.9,3963.5,-84.42,0.961
R5092,poplar,48634.2,61443.9,4181.6,-93.04,0.831
R5093,pine,49222.4,61902.4,4188.2,-36.45,1.049
R5094,elm,50069.7,61593.7,4219.4,-184.6,1.043
R5095,pine,51266.6,61319.9,4460.3,-51.58,0.964
R5096,pine,51891.6,61441.6,4447.4,71.67,1.053
R5097,elm,53395,61398.2,4172.7,-216.04,1.007
R5098,pine,54793.8,61503.2,3416.7,-186.07,1.237
R5099,elm,-69128.4,62100.8,6982.5,-93.92,1.118
R5100,pine,-67679.3,62749.9,7201,-253.96,1.083
R5101,pine,-67152.8,62109.9,7271.3,-96.2,1.009
R5102,pine,-66372.6,62357.8,7525.4,-143.3,1.177
R5103,pine,-65891.1,62308.6,7468.6,46.55,1.209
R5104,poplar,-56446.1,62716,4105.2,-136.64,0.81
R5105,elm,-54014.4,62300.5,4405.7,-56.4,1.085
R5106,pine,-53210.9,62265.5,4323.4,-132.24,0.961
R5107,pine,-17137,62295.9,3489.8,-174.52,0.958
R5108,elm,-15653.4,62515.9,4111.4,-162.48,0.93
R5109,pine,-15372.3,62748.1,4298.1,-24.67,1.241
R5110,pine,-14751.9,62299.4,4679.1,55.63,1.226
R5111,pine,-13325.6,62259.4,4414.8,-159.55,1.183
R5112,pine,-12712.1,62748.8,4471.2,-246.05,0.813
R5113,pine,-11781.1,62617.8,4662.7,20.52,1.062
R5114,pine,-11322.8,62123.8,4610.8,21.37,1.082
R5115,pine,-10515.9,62398.8,4835.9,-68.39,0.861
R5116,pine,-9475.5,62771.9,5141.2,-116.14,1.129
R5117,pine,3635.1,62185.3,4010.7,-88.15,0.932
R5118,pine,4469.1,62370.6,4012.5,-190.71,0.892
R5119,pine,30614.2,62017.2,3781,-26.94,0.974
R5120,pine,37116.7,62197.5,4240.6,89.37,1.243
R5121,pine,38111.4,62728.6,4588.7,-189.92,0.839
R5122,elm,39519,62386.1,4781.3,76.95,1.17
R5123,elm,39938,62357.2,4830.5,-86.9,0.891
R5124,elm,41496.2,62482.4,4578.6,-173.03,0.834
R5125,elm,45053.7,62230.2,4101,-93.96,1.119
R5126,elm,45351.8,62484.9,4249.2,-19.04,0.829
R5127,pine,47075.4,62371.3,4447.2,-178.51,1.127
R5128,pine,47807.7,62712.9,4731.5,46.75,0.999
R5129,elm,48415.2,62677.1,4546.8,8.4,1.152
R5130,pine,49575.8,62156.7,4119.6,-33.73,1.011
R5131,poplar,50484.6,62318.7,4354.9,-57.43,0.879
R5132,elm,51408.2,62035.4,4580.8,-90.66,1.009
R5133,pine,52382,62041.3,4585.2,-228.56,1.247
R5134,pine,52570.5,62411.7,4668.3,-21.93,1.06
R5135,elm,55905.1,62094.3,3861.7,76.15,1.114
R5136,elm,-69501.4,62887,7065.7,58.11,1.155
R5137,elm,-68458.4,63165.3,7168.9,-167.32,0.955
R5138,pine,-67647.3,63175.3,7259.1,-184.31,1.235
R5139,pine,-67344.8,63273,7424.7,-187.25,1.194
R5140,pine,-66695.4,62892.8,7464.9,-11.34,0.888
R5141,pine,-65430.4,62849.1,7668.1,69.8,0.979
R5142,poplar,-56841.6,62992.2,3965.8,-111.17,1.069
R5143,elm,-35370.4,63402.8,3472.3,45.6,0.824
R5144,poplar,-32815.8,62907.1,3571.3,-129.54,1.241
R5145,elm,-32330.7,63561.3,3670.9,58.74,0.855
R5146,pine,-18455.6,63579.5,3296.2,-102.9,1.172
R5147,pine,-15712,63381.6,4048.6,49.2,0.93
R5148,elm,-15356.8,63575.4,4206.3,-229.02,0.817
R5149,elm,-14597.6,63107.3,4673.8,56.62,1.038
R5150,elm,-13933.7,62818.4,4541,-79.64,1.017
R5151,elm,-12452.4,63372.4,4734.5,-49.88,1.198
R5152,pine,-12386.4,63084.3,4628.9,-41.71,0.936
R5153,poplar,-11135.9,63599.6,4571.4,-70.99,0.961
R5154,poplar,-10289.8,63173.8,4814.8,-93.17,0.94
R5155,elm,-9666,63443.5,4916.3,-252.58,1.086
R5156,pine,-4185.6,63461.3,4668.6,24.46,0.817
R5157,poplar,8967.4,63569.4,4098.3,26.69,1.248
R5158,elm,10419,63579.8,4177.7,-162.47,0.821
R5159,pine,13974.2,63515.6,3581.7,-250.44,0.832
R5160,pine,16354.3,63480.5,3314.9,-259.24,1.23
R5161,pine,34751.9,63264.4,4216.2,57.65,1.171
R5162,elm,35223.1,63316.1,4242.8,-245.46,0.854
R5163,poplar,35939.5,63256.1,4304.7,54.98,0.857
R5164,pine,36729.3,62924.5,4336.4,-69.73,1.205
R5165,elm,37312.2,63515.8,4643.4,-194.38,0.96
R5166,pine,39459.6,62865.6,5113.8,-266.12,1.031
R5167,pine,40920.2,63542.8,5240.5,-73.15,1.083
R5168,poplar,44195.6,62879,4571.9,24.57,0.841
R5169,pine,44823.7,62867.7,4473.6,-226.8,1.16
R5170,pine,45728.1,62900.7,4629,-221.51,0.929
R5171,pine,46081,62814.2,4630.5,45.56,0.887
R5172,elm,46886.2,63213.5,5112.7,10.42,0.944
R5173,poplar,47619.2,63415.7,5063.9,-29.81,0.86
R5174,poplar,48862,63060,4382.1,-205.01,1.181
R5175,elm,49630,63296.6,4330.6,-61.2,1.012
R5176,pine,50397.3,63368.8,4375.9,61.59,1.176
R5177,pine,51125.2,63427.9,4708,-137.93,1.164
R5178,pine,52138.7,63225.3,4948.7,-134.63,1.197
R5179,poplar,52907.9,62916,4861.4,52,1.114
R5180,poplar,53369.3,63084.3,4953.2,-140.69,0.854
R5181,pine,55523.1,63350.6,4890.4,-217.22,1.208
R5182,pine,68502.3,63292,4118.6,-151.9,0.893
R5183,pine,-69553.6,64188.8,7492.3,-197.87,1.066
R5184,pine,-68824.9,63968.6,7394.1,-29.98,0.828
R5185,pine,-68283.3,63879.9,7383.3,24.46,0.898
R5186,pine,-67181.7,63612.7,7645.1,30.47,0.848
R5187,pine,-66673.6,64374.4,8216.4,-32.38,0.994
R5188,pine,-64623.3,63776.6,7660.6,-236.27,0.837
R5189,pine,-35956.2,63958.1,3620.5,-116.88,0.969
R5190,pine,-34939.8,63702.7,3611,-137.5,0.865
R5191,pine,-34636.7,64195.2,3858,4.33,1.047
R5192,pine,-33807,64236.8,3894.3,-260.56,0.902
R5193,pine,-33069.7,63970,3958.3,-109.28,1.086
R5194,pine,-32389.8,64019.3,3934.5,-87.38,0.957
R5195,pine,-17698.1,64149.4,3662.5,-170.44,1.098
R5196,elm,-16696.5,64398.5,3785,-70.21,1.111
R5197,pine,-15641,64213.8,4117.2,-16.29,1.211
R5198,poplar,-15129.1,64126,4355.3,-49.19,1.116
R5199,pine,-13699.6,63971.2,4748.5,68.44,1.063
R5200,pine,-12480,64264.1,4763.8,-97.34,1.089
R5201,pine,-11347.1,64228.3,4620.8,-191.56,1.108
R5202,pine,-10196.2,64023.7,4696.9,-78.16,0.913
R5203,pine,-8937.5,64169.2,4802.4,-97.95,0.834
R5204,poplar,-5366.5,64002.8,4682.9,-242.42,1.117
R5205,pine,-4507.5,64140.2,4979.4,-261.18,1.086
R5206,elm,-3900.9,63869.5,4731.8,80.96,1.059
R5207,poplar,-3312.5,64199.3,4607.6,-22.39,1.116
R5208,elm,-2108.1,64386.3,4476.6,-169.71,0.982
R5209,pine,-1527.3,64381.2,4377.6,-118.55,0.977
R5210,pine,6730.5,64087.1,4216.5,-168,0.912
R5211,pine,9626.3,64389.3,4770.4,-221.14,0.968
R5212,pine,10481,64391.6,4750.9,-9.14,0.917
R5213,pine,11585.2,64048.1,4239.3,-118.58,1.107
R5214,pine,11616.3,63732.3,4076.8,-149.52,1.07
R5215,pine,13067.2,63662.9,3894.5,-153.37,0.993
R5216,pine,23242.9,64383.9,3386,7.2,1.206
R5217,elm,33519.7,63763,4685.4,-44.36,1.15
R5218,elm,34029.1,64351.5,4632.6,-13.36,1.117
R5219,elm,35174.4,64189.6,4538.7,-193.2,0.804
R5220,poplar,35886.3,64134,4771.8,23.4,0.896
R5221,pine,36854.4,64327.9,4808.6,-63.13,0.839
R5222,poplar,37947.9,63641.6,4911.5,-119.46,1.179
R5223,pine,39001.8,63706,5256.2,-74.4,1.04
R5224,pine,40325.8,64040,5297.6,-86.7,0.884
R5225,poplar,47616.3,63738.6,5099.4,-253.45,0.928
R5226,elm,49507,64049.1,4610.7,-116.22,0.839
R5227,pine,50226.6,64039.5,4704.1,56.92,1.167
R5228,pine,51552.7,63858.8,4933.1,12.7,1.148
R5229,pine,52557.2,64272.1,5391.4,-237.55,0.8
R5230,pine,54670.3,63778.3,5311.6,5.22,1.07
R5231,pine,55412.7,63793.2,5290.9,-1.93,1.079
R5232,pine,56363.9,63944.6,5484.3,26.16,0.989
R5233,pine,57194.5,64228.1,5232.2,-36.02,0.839
R5234,pine,-68714.9,65196.9,7683.9,-212.57,1.245
R5235,pine,-68220.1,64837.5,7784.2,-147.77,1.127
R5236,pine,-67585.4,64703.3,8005.9,-87.38,0.956
R5237,pine,-66004.9,64762.9,7971.8,-4.9,1.039
R5238,pine,-65818.4,64661.1,7890.1,-123.53,0.85
R5239,pine,-65002.3,64554.4,7275.5,-173.99,0.905
R5240,pine,-36759.7,65051.4,4228.5,-229.02,0.838
R5241,poplar,-35747.1,64963.2,4399.2,-64.61,1.06
R5242,elm,-35383.5,65075.1,4292,-192.24,0.914
R5243,elm,-34299.9,64785.6,3781.4,-87.13,1.155
R5244,poplar,-32684,65024.8,4134,-52.79,1.12
R5245,elm,-32252,64821.8,4139.1,-197.46,1.204
R5246,elm,-30641.5,65003,3753.7,49.12,0.855
R5247,elm,-29509.9,65197.3,3417.2,-113,0.826
R5248,poplar,-28066.2,64845.6,3164,-91.9,1.048
R5249,elm,-25603.1,64638.7,3541.1,-191.84,0.853
R5250,elm,-23298.1,64833,3178.8,-249.88,0.851
R5251,pine,-20233.8,64552.3,3172.2,58.96,0.94
R5252,elm,-18836.1,65180.4,3629.6,-168.81,0.986
R5253,pine,-18466,64956.8,3567.1,-152.91,0.97
R5254,elm,-17555.6,65066,3771.3,-221.04,1.186
R5255,pine,-16603.4,64439.7,3805.6,-159.58,1.031
R5256,pine,-16288.9,64432.1,3964.4,-216.58,1.025
R5257,elm,-12982.6,64479.9,4959.7,-33.04,0.922
R5258,elm,-11992.7,64596.6,4810,33.53,1.004
R5259,poplar,-11336.4,64507.3,4731.1,-240.02,1.172
R5260,pine,-10206.8,64580.3,4849.6,33.13,1.004
R5261,elm,-9693.8,64489.9,4826.6,-225.37,1.016
R5262,elm,-7820,64500.3,4699,-97.67,1.131
R5263,pine,-7413.4,64921.2,4746.5,16.42,1.175
R5264,pine,-2092.3,65178.5,4758.6,-59.63,0.956
R5265,pine,-1597.3,65071.8,4667.9,-64.4,0.868
R5266,pine,6967.3,64729.2,4557.9,63.49,1.109
R5267,elm,10878.6,65145.8,4944.3,33.79,1.249
R5268,poplar,12396.6,64747.9,4447.7,-250.39,0.997
R5269,poplar,12856.8,64539.6,4262.6,-90.95,1.148
R5270,poplar,14122.1,64726.5,4251.7,-78.14,1.131
R5271,elm,15718.3,64920.2,3991.3,-161.04,0.915
R5272,pine,21499,65173.1,3393.2,-120.73,0.865
R5273,elm,33866.7,64565.9,4766.8,64.67,1.248
R5274,pine,34259,64988.4,4919.6,33.66,1.11
R5275,poplar,34993.7,64698.6,4732.9,-221.91,1.246
R5276,pine,36339,64926.1,5023.9,75.68,0.867
R5277,elm,36772.4,64901.8,5112.6,-130.64,0.892
R5278,elm,39433.8,64863.5,5649.7,-208.74,1.119
R5279,elm,40468.1,65029.1,5315.2,-80.75,1.073
R5280,elm,41620.2,64434.7,5303.5,-196.13,1.047
R5281,pine,43889.1,65042.3,5149.8,-211.76,1.038
R5282,pine,45193.5,64878.8,5539.6,-229.94,1.228
R5283,pine,45874.1,64581.1,5561.4,-95.36,1.099
R5284,pine,46522.1,64416.5,5622.5,-136.18,0.914
R5285,pine,46973.4,65115.4,5743.5,17.34,1.19
R5286,pine,48140.5,64610.6,5248.3,-268.51,0.914
R5287,elm,48704.4,64715.4,5135.9,85.01,1.021
R5288,elm,50997.4,64726.4,5251.7,-181.37,1.028
R5289,elm,52358,64969,5531.7,-23.97,0.858
R5290,elm,53029.7,64579,5525.9,-52.9,0.978
R5291,poplar,53505.4,64966.2,5811,-125.56,0.883
R5292,pine,56290.6,65190.2,4998.5,-208.01,0.973
R5293,pine,56541,65139.7,4966.4,-252.12,0.981
R5294,poplar,57866.4,64883.8,4720.8,-75.85,1.22
R5295,elm,69577.8,64593.7,4157.9,-161.43,1.015
R5296,pine,-68937.6,65957.2,7823.7,-81.88,1.059
R5297,pine,-68363.3,65411.8,7757.3,-23.31,1.239
R5298,pine,-67284.1,65240.1,7911.6,-65.86,0.827
R5299,pine,-66492.9,65738.1,7462.6,-224.05,1.029
R5300,pine,-65763,65262.7,7583.2,-60.79,0.921
R5301,elm,-35345.4,65771.6,4085,-126.96,1.148
R5302,pine,-34428.2,65621.7,3749.3,-249.47,1.047
R5303,pine,-33653.4,65742.8,3833.5,-50.11,1.213
R5304,elm,-32685.8,65644.9,4119,-246,1.23
R5305,pine,-31908.7,65571.6,4274.5,32.33,1.099
R5306,elm,-31456.7,65599.8,4358.9,-245.61,1.215
R5307,elm,-30677.8,65283.5,3898.3,63.54,1.052
R5308,pine,-25749.5,65381.4,3486.7,-211.91,1.101
R5309,pine,-24913.5,65375.3,3752.9,-219.87,1.116
R5310,elm,-23216.2,65402.5,3456.4,13.42,0.816
R5311,pine,-18908,65838.2,3724.1,40.79,1.154
R5312,pine,-18123.9,65646,3922.1,37.8,1.164
R5313,pine,-16848.9,65377.2,4086.1,-125.79,1.239
R5314,pine,-15947.5,65356.6,4129,64.1,0.824
R5315,poplar,-14645,65956.6,4757.6,-31,1.141
R5316,pine,-13306.3,65365.3,5111.1,-257.31,1.123
R5317,pine,-13106,65883.8,5275.1,-125.3,0.988
R5318,pine,-12249,65877.6,5247.5,26.3,0.964
R5319,pine,-10947.7,65783.4,5217.5,-43.8,0.958
R5320,pine,-10048.2,65701,5025.7,-147.14,1.176
R5321,pine,-7146.6,65933.7,5044,58.85,1.183
R5322,poplar,-5649.9,65571.5,4919.1,-98.2,0.879
R5323,elm,-524.7,65533.7,4999.3,-165.91,0.802
R5324,elm,5765.4,65884.9,5655.1,-122.18,0.829
R5325,pine,6043.3,65868.3,5537.6,54.66,1.156
R5326,pine,7143.9,65340.3,5030.9,-96.46,1.114
R5327,pine,7756.6,65538,5178.1,-140.58,1.012
R5328,elm,9498.9,65999.3,5544.1,72.68,0.863
R5329,pine,12002.9,65264.3,4797.5,34.86,1.196
R5330,pine,13819.8,65865.5,4501.1,-240.54,1.165
R5331,poplar,21260.6,65368.9,3460.6,8.33,0.893
R5332,pine,22002.4,65262.1,3555.8,-74.48,0.894
R5333,elm,33747.1,65454.5,5338.1,-127.06,0.874
R5334,pine,34555.4,65637.7,5378.8,-98.19,1.083
R5335,elm,34996.1,65879.2,5245.9,-256.22,0.998
R5336,pine,35638,65261.7,5136.4,-63.89,1.218
R5337,pine,36479.9,65742.4,5447.5,-213.27,1.2
R5338,pine,37480.2,65506.2,5543.3,-17.2,0.964
R5339,pine,38308.7,65615.7,5740.2,-228.72,1.04
R5340,pine,39363.1,65441.3,5710.5,-180.14,0.839
R5341,pine,39830.8,65386.8,5558.8,46.02,0.861
R5342,pine,40992.4,65339,5309.6,2.23,1.156
R5343,elm,45911,65856,5734.2,-80.79,0.975
R5344,pine,46659.7,65453,5759.6,-60.02,1.204
R5345,elm,46888.3,65850.9,5727.8,-164.52,1.041
R5346,pine,48333.3,65475,5552.5,-130.07,0.924
R5347,pine,48997,65304.9,5310.7,-36.54,1.086
R5348,pine,49888.1,65880.4,5606.9,-249.12,0.895
R5349,pine,50847.4,65414.5,5549.7,-29.7,1.097
R5350,pine,53509.2,65436.1,5620.5,-198.48,1.066
R5351,pine,57130.7,65214.4,4880.8,51.7,1.21
R5352,pine,57455.1,65929,4668.6,9.24,1.198
R5353,pine,62797.3,65746.6,4048.2,-15.46,0.874
R5354,pine,-69322.4,66405.1,7803.1,-88.21,1.143
R5355,pine,-68937.9,66209.7,7867.5,-209.88,0.926
R5356,pine,-68228,66223.9,7786.1,-108.68,1.137
R5357,pine,-66897.4,66494.6,7075.5,17.12,0.835
R5358,pine,-66704,66722.8,6892.5,-191.97,0.867
R5359,pine,-64940.3,66570.2,6486.4,-224.99,1.193
R5360,elm,-52463.4,66660.9,4785.7,-215.58,1.138
R5361,pine,-37042.7,66048.2,4641.7,61.83,1.026
R5362,pine,-35719.3,66489.1,4322,-35.22,1.069
R5363,elm,-34914.1,66362.8,3998.5,23.19,0.801
R5364,pine,-34441.2,66793.2,3923.3,-95.12,1.112
R5365,elm,-32074.7,66318.1,4285,78.14,1.14
R5366,pine,-31582.4,66220.4,4457.8,58.34,1.181
R5367,pine,-30748.4,66672.4,4576.2,62.02,1.187
R5368,elm,-24270.6,66722.7,3993.6,16.36,0.801
R5369,pine,-23359.8,66790.6,3540.3,-26.35,0.915
R5370,poplar,-19922.8,66522.3,3660.5,-50.06,0.911
R5371,pine,-18804.4,66650.1,3944.2,-195.09,1.099
R5372,elm,-17571.3,66446.1,4212.5,-130.01,1.239
R5373,poplar,-17108.7,66633.5,4391.2,-207.74,1.108
R5374,elm,-16341.5,66161.9,4440.1,-235.88,1.208
R5375,elm,-15460.9,66719.7,4697.6,74.77,0.928
R5376,poplar,-14527.9,66043,4847.7,-43.99,0.866
R5377,elm,-13548.6,66384.3,5259.3,27.09,1.13
R5378,pine,-12655.5,66391.8,5308.1,-155.7,0.901
R5379,poplar,-12148,66288.7,5241.6,51.45,1.034
R5380,pine,-11447.9,66514.4,5166.9,50.61,1.142
R5381,pine,-10697.3,66610.7,5318.8,-94.62,0.849
R5382,elm,-9496,66351.4,5361.9,-200.37,1.008
R5383,pine,672.3,66070.8,5118,-88.85,1.234
R5384,poplar,2607.5,66379.2,6074.2,-129.55,1.244
R5385,pine,3774.8,66735.2,6028.2,70.29,1.007
R5386,elm,6384.6,66749.5,5807.3,-217.61,0.837
R5387,pine,7238.2,66642.2,5739.2,-125.83,1.076
R5388,poplar,7753.5,66407.3,5697.7,-62.85,0.863
R5389,poplar,9591.3,66167.3,5582.8,31.31,1.108
R5390,elm,10475.6,66570.8,5469.5,-1.66,0.836
R5391,elm,11432,66650.5,5317.1,-146.42,1.133
R5392,pine,12511.4,66248.3,4851.5,-250.91,1.197
R5393,elm,14107.2,66691,4682.1,37.08,1.001
R5394,elm,16116.8,66663.7,4573.6,-144.83,1.102
R5395,poplar,16978.9,66319,4348.7,-50.07,1.025
R5396,pine,21493.8,66116.9,3944.3,-262.39,0.83
R5397,pine,28624.4,66153.8,4218.2,-23.68,0.883
R5398,elm,30033.6,66179.4,4626.6,-31.24,0.995
R5399,pine,31272.1,66632.1,5565.4,-112.1,0.861
R5400,pine,33223,66636,5657.4,-259.97,1.052
R5401,elm,34357.9,66275.3,5431.9,54.2,0.874
R5402,poplar,35339.4,66369.8,5067.2,-164.81,1.241
R5403,elm,36145.7,66366.3,5183.5,-216.17,0.823
R5404,pine,36947.2,66239.8,5644.3,-66.16,1.178
R5405,pine,37771.8,66746.6,5436,-144.12,0.842
R5406,elm,38670.8,66460.1,5462.1,60.57,0.885
R5407,elm,38918.1,66699.6,5398.4,89.53,1.135
R5408,elm,40355.9,66108.3,5320.7,-166.95,0.844
R5409,pine,41391.6,66074,5183.1,-268.99,1.061
R5410,pine,43093,66645.8,4916.4,-121.49,1.06
R5411,pine,47559.2,66473.9,5519.7,-126.92,1.148
R5412,poplar,47632.5,66742.9,5492.1,-133.89,0.984
R5413,poplar,49003.5,66206.4,5686.6,-187.99,1.232
R5414,elm,50650.4,66308.6,5914.5,-66.38,0.875
R5415,poplar,52305.6,66432.9,6090,-164.17,1.231
R5416,elm,52911.2,66484.7,5734.6,-69.67,1.024
R5417,elm,55561.1,66701.4,4796.1,72.28,1.146
R5418,elm,56755.7,66626.8,4838.2,66.69,1.048
R5419,pine,58251.1,66380,4452,72.59,0.872
R5420,pine,65437.2,66727.9,4482.4,32.41,0.846
R5421,pine,-69286.2,67065.5,7862.5,-37.06,1.24
R5422,pine,-68497.4,66884.5,7636.9,-240.45,1.121
R5423,pine,-68342.2,67362.8,7354.5,-164.47,0.887
R5424,elm,-67545.7,67142.8,7037.9,-0.42,1.097
R5425,poplar,-66639.8,67499,6526.3,-207.63,1.003
R5426,poplar,-65496.1,67312.9,5998.5,53.25,1.143
R5427,poplar,-52176.4,67392.9,5187.9,-171.93,1.085
R5428,pine,-47757.3,67124.9,4205.8,67.3,1.114
R5429,pine,-36545.7,67412.1,4847.6,21.02,1.156
R5430,pine,-36051.9,66936.6,4526,4.38,1.23
R5431,pine,-32640.8,66976.4,4020.4,72.1,0.946
R5432,pine,-31804.7,67320.2,4532.8,-181.26,1.157
R5433,pine,-31562.9,67530.9,4793.7,-262.16,0.968
R5434,poplar,-30410,67234.2,4491,-42.37,1.234
R5435,elm,-29711.4,67589.6,4107.3,-59.62,0.855
R5436,elm,-29170.6,67067,3841.3,67.9,1.217
R5437,elm,-25411.1,67480.3,3930.3,-12.85,0.974
R5438,elm,-24596.9,67152.3,4229,0.34,0.992
R5439,pine,-23908.3,67100.2,3969.7,-115.06,1.205
R5440,poplar,-23424.4,66898.1,3571.6,-170.98,0.81
R5441,poplar,-21908,67248.5,3531.3,-3.12,1.062
R5442,pine,-19979.9,67131.2,4036.1,-236.5,1.199
R5443,elm,-19454.8,67509.8,4107.1,-69.92,0.89
R5444,elm,-18389.3,67241.3,4278.1,32.39,0.96
R5445,pine,-17785.2,67444.9,4384.9,-199.41,0.896
R5446,pine,-16916.9,67584,4564.3,-76.88,0.996
R5447,pine,-15851.2,67256.2,4837.8,-6,0.957
R5448,pine,-15567.5,67584.4,4793.2,-54.89,1.089
R5449,pine,-14783.8,66997.9,4878.6,29.19,0.987
R5450,poplar,-13653.4,67230.8,5165.5,-59.54,1.161
R5451,pine,-12885.2,67168.3,5114,-267.4,1.127
R5452,pine,-12099.1,67533.7,5199.6,-210.48,0.955
R5453,elm,-11572.3,67496,5301.3,-203.48,0.966
R5454,pine,-552.9,67011.4,5225.7,-142.47,1.053
R5455,elm,-324.1,67287.6,5258.7,-146.44,1.141
R5456,poplar,2286.6,67419.5,5686.6,55.19,0.885
R5457,elm,3001.4,67135.4,6071.8,-251.44,1.191
R5458,pine,6631.9,66896.5,5830.8,-109.01,1.122
R5459,poplar,7526,67105.3,5887.7,7.47,1.119
R5460,pine,8753.2,67450.3,5694.3,-236.43,1.17
R5461,pine,9725.4,67028.1,5708.6,-151.61,1.115
R5462,elm,10628.3,67183.8,5481.5,-14.87,1.117
R5463,pine,10874.6,67301.4,5465.6,61.55,0.805
R5464,pine,12015.6,67089.4,5246,-54.06,1.033
R5465,pine,12769.4,67457.3,5193.6,-75.53,1.108
R5466,pine,14326.3,66841.1,4662.1,75.49,1.218
R5467,elm,15146.1,67427.6,4638.8,-111.68,1.16
R5468,poplar,16577.3,67165.3,4519.2,28.71,1.208
R5469,elm,17634.7,67454.1,4393.2,-4.66,1.243
R5470,elm,19906,67463.7,4209,-224.05,0.99
R5471,poplar,21026.2,67416.8,4515.7,-22.89,1.245
R5472,poplar,22396.5,67508.8,4654.7,59.59,1.221
R5473,elm,28917.9,66933.1,4856.2,-255.93,1.194
R5474,pine,30538.1,67376,5601.6,-37.67,1.182
R5475,pine,31149.4,67568.4,5530,62.05,1.226
R5476,pine,32236.9,67346.6,5486.4,10.3,1.183
R5477,elm,33530.4,67357.3,5365.6,-187.93,0.926
R5478,poplar,34251,67305.8,5218.4,-102.59,1.106
R5479,pine,35369.9,66822.5,4974.5,-134.43,0.999
R5480,elm,36199.3,67426.5,5013.8,-161.27,1.117
R5481,pine,36415,67577.6,5071,19.17,0.925
R5482,pine,37499,67465.4,5065.8,-94.29,1.092
R5483,pine,38566,67451.5,5059.8,-72.3,0.888
R5484,pine,39065.6,66952,5314.3,16.4,1.006
R5485,poplar,39857.1,67354.8,5015.1,54.95,1.15
R5486,pine,41300.2,67257.2,5052.7,41.05,1.201
R5487,pine,43194.9,67352.2,4794.8,-16.54,0.827
R5488,elm,43834.7,67534.9,4894.3,49.54,1.148
R5489,pine,45031.7,67502.6,5231.7,-145.87,1.208
R5490,poplar,45738.1,67173.9,5436.4,-237.42,1.001
R5491,poplar,46988.9,67176.1,5514.8,66.96,0.817
R5492,elm,47907.6,67200.8,5591,-216.15,1.128
R5493,pine,48947,66901.8,5696.5,-193.43,1.024
R5494,pine,50979.8,67124.6,6296.5,-200.51,1.153
R5495,pine,51781.3,66929.4,6203.4,-189.05,1.185
R5496,pine,52893.3,67241.6,5451.1,-131.68,1.119
R5497,pine,53233,67325.3,5214.9,-120.92,0.869
R5498,pine,54501.7,66978.8,4949.3,70.96,1.08
R5499,pine,55106,67480.2,4703.8,-100.06,1.201
R5500,elm,55890.1,66929.5,4698.9,47.87,1.129
R5501,pine,57056.2,66923.4,4905.6,-219.32,0.857
R5502,elm,57966.2,66811.7,4752.8,71.12,0.904
R5503,pine,64878,67492.2,4335.6,-28.36,1.194
R5504,elm,66294.4,67064.2,4782.5,-3.34,0.917
R5505,pine,-68414.7,68196.5,7349.6,-130.89,0.936
R5506,pine,-68380.6,68019.6,7339.5,-255.95,0.924
R5507,elm,-66096.7,68242.7,5843.7,-70.3,1.191
R5508,pine,-65815.7,68331.9,5737.1,-102.6,1.04
R5509,pine,-52507.9,68190.6,5307.2,-224.74,0.906
R5510,pine,-52074.8,68020.4,5220.1,-180.06,1.207
R5511,pine,-36596.9,68310.8,5124.5,-87.98,1.166
R5512,poplar,-36078.9,68079.6,4828.7,-48.6,1.143
R5513,pine,-34928.8,67687.1,4191.6,-74.56,0.964
R5514,pine,-34725.1,68320,4365.8,-82.59,1.048
R5515,elm,-33694.3,68362.7,4236.1,-50.79,0.97
R5516,elm,-32967,67631.9,4156,-52.84,1.008
R5517,elm,-32063.1,68394.8,4854.4,33.43,1.064
R5518,pine,-30874,67977.9,4801.4,-104.51,0.834
R5519,pine,-30091.1,67655.9,4390.6,-45.27,1.176
R5520,pine,-29261.4,68236,4023.2,10.04,0.958
R5521,pine,-27850.4,67839.9,3752.5,-232.97,1.13
R5522,poplar,-24661.6,68223.7,4608.4,5.49,1.203
R5523,poplar,-24123.7,67810.2,4318.5,15.49,1.245
R5524,elm,-23330.7,68012.1,4077.3,31.23,1.149
R5525,pine,-20114.5,68056.2,4131.6,-215.72,1.128
R5526,elm,-19075.3,68222.6,4151.7,-38.02,1.204
R5527,elm,-18308.7,67696.3,4240.8,42.6,1.02
R5528,elm,-17950.1,68259.7,4473.6,39.4,1.109
R5529,pine,-16637.6,67621.4,4621.1,-144.49,0.95
R5530,pine,-15650.3,67760,4759.1,50.26,0.841
R5531,elm,-15176.2,68181.4,4762.5,-54.7,0.851
R5532,elm,-14350,67785.7,4987.6,-269.15,1.189
R5533,elm,-13747.7,68239.6,5118.1,44.21,1.056
R5534,pine,-13187.1,68027.6,5068.2,-8.72,1.224
R5535,poplar,-11900.2,68147.2,5256.8,-168.53,0.915
R5536,pine,-11581.1,68059.1,5295.5,8.95,1.044
R5537,elm,-1182,68123.5,5291.5,81.46,0.968
R5538,pine,975.2,68285.1,5301.1,-245.96,1.024
R5539,poplar,1211.7,68182.3,5391.5,-26.96,1.075
R5540,elm,2960.3,68045.9,5707.9,-227.84,1.008
R5541,pine,4605.4,68102.2,6368,81.87,0.929
R5542,pine,6421.2,68268.6,6005,-10.87,0.816
R5543,pine,7959.3,68312.7,5573.1,-182.06,1.189
R5544,pine,9158.7,67771.7,5507.9,-94.38,1.131
R5545,pine,9881,67895.4,5404.5,-235.18,0.835
R5546,elm,10232,67986,5353.8,74.66,0.842
R5547,poplar,10967.8,68171.3,5494.8,70.39,0.903
R5548,poplar,12280.7,68085,5573.7,-18.68,1.16
R5549,elm,13078.3,68084.6,5267.2,-192.21,1.208
R5550,pine,14797.4,67776.8,4904.6,-243.55,1.178
R5551,elm,16112.4,67826.5,4596.4,69.1,1.05
R5552,pine,16895.3,67978.1,4633.3,30.68,0.931
R5553,pine,19061.1,68107,4554.3,69.79,1.025
R5554,elm,21283,67787.1,4768.6,-69.43,1.247
R5555,elm,22077.3,67789.1,4820.7,67.33,0.96
R5556,elm,27003.6,67881.4,4421,-251.24,0.852
R5557,elm,30282.8,67873.5,5540.8,82.92,1.053
R5558,pine,32117.8,67866.3,5187.3,-224.32,0.801
R5559,elm,33128.7,68011.9,5108.2,-80.27,1.019
R5560,elm,33672.1,68061.9,5046.5,-268.82,1.002
R5561,pine,34239.4,68342.5,4951.7,-9.38,0.833
R5562,pine,35084.9,67788,4889.8,82.18,0.812
R5563,pine,36024.7,67616.6,4891.4,-139.45,0.869
R5564,pine,37059.4,67802.6,5030.9,72.04,0.838
R5565,poplar,37738.9,68362.7,4936.8,-66.29,0.915
R5566,elm,38533.2,68352.8,4811.6,17.46,0.821
R5567,pine,40176.1,67664.6,4974.1,-128.8,0.805
R5568,elm,40763.5,67969.5,5000.1,-28.23,1.22
R5569,elm,43982.3,67989.3,4851.1,-14.42,0.961
R5570,elm,44828.3,68133.4,5264.1,-200.22,1.077
R5571,pine,45432.1,68102.6,5421.8,-7.98,0.922
R5572,poplar,46678.9,68130.5,5567.1,62.36,1.168
R5573,pine,48337.5,68220.3,5599.5,-96.38,1.198
R5574,pine,48642.5,68286.3,5626.6,-11.22,1.04
R5575,poplar,49677.8,67625.7,5838.9,-214.55,1.142
R5576,pine,50611.4,68326,5705.6,46.83,0.824
R5577,pine,52356.8,67717.8,5512.9,8.61,1.207
R5578,poplar,52505.6,67782.2,5367.1,-249.24,1.029
R5579,pine,53761.5,68305.6,4787.4,-95.6,1.142
R5580,elm,54670,67879.8,4777.5,-142.76,0.905
R5581,elm,55539.2,68071.1,4745.5,-201.79,1.146
R5582,elm,55866.1,68136.2,4750.2,-119.26,0.984
R5583,elm,57123.7,67905.9,4818,-265.64,0.831
R5584,pine,57857.2,67814.6,5023.1,71.02,0.886
R5585,pine,66590.8,68272.7,5244.9,-42.82,1.105
R5586,pine,-69554.9,68829.7,8030.8,-143.72,0.845
R5587,pine,-68544.6,68409.8,7328.8,-139.57,0.975
R5588,pine,-68096.3,69141.2,7254.2,15.44,1.194
R5589,pine,-67125.1,68773.2,6563.1,-225.24,0.961
R5590,poplar,-65314.9,69027,5426.4,29,0.894
R5591,pine,-65135.6,68638.3,5418.9,-125.04,1.027
R5592,elm,-57296.6,69169.5,5622.1,-206.58,0.929
R5593,elm,-55945.1,68696,5942.3,53.96,0.831
R5594,elm,-54074.3,68902,5782.6,4.56,1.092
R5595,pine,-52661.9,69099.1,5030.7,-229.11,1.16
R5596,pine,-51039.5,68677,4943.7,-262.19,1.001
R5597,elm,-50454.9,68822.2,4863.9,-95.77,1.033
R5598,pine,-49639.8,69016.1,4900.1,-171.41,0.971
R5599,elm,-48703.9,68960.7,4927.9,53.72,0.945
R5600,pine,-48069.7,68600.8,4854.9,12.08,0.867
R5601,pine,-47497.2,68643.9,4709.9,34.21,1.079
R5602,pine,-44721.8,68639.3,4110.9,-219.04,0.944
R5603,pine,-40163.7,69096.6,4670.6,-228.62,1.217
R5604,elm,-37784.7,69047.3,5125.4,35.97,1.249
R5605,pine,-36429.2,68507.8,4992.5,-133.77,1.02
R5606,poplar,-35687.7,69024.5,4621.5,-267.34,0.913
R5607,poplar,-35400.3,68545.1,4640.1,13.29,0.994
R5608,pine,-34619.4,68440.4,4365.7,-165.86,1.158
R5609,pine,-33579.8,68677.3,4272,7.98,0.836
R5610,pine,-32689.3,69103.7,4812.5,-255.87,0.859
R5611,pine,-31732,69179.1,4864.7,-63.87,0.885
R5612,elm,-31508.4,69099.7,4785.7,0.53,1.089
R5613,pine,-30768.5,68839.1,4471.3,-198.88,1.003
R5614,pine,-29676.5,68731.3,4346.5,-98.61,1.219
R5615,poplar,-28907.4,68883,4163.8,-228.71,0.946
R5616,pine,-27610.8,68499.9,4008.5,-145.96,1.135
R5617,poplar,-25808.6,68724.2,4383.7,82.81,1.128
R5618,poplar,-25141,68685.6,4609.2,18.56,0.83
R5619,pine,-24198.2,68740.9,4672.2,25.53,1.017
R5620,pine,-23108.9,69086.5,4447,-53.17,0.939
R5621,pine,-22478,69022.3,4461.7,-17.27,0.842
R5622,elm,-21797.9,68810.5,4517,-162.64,1.161
R5623,poplar,-20687.8,68900.3,4485.4,-73.72,0.961
R5624,poplar,-19621.9,68639.6,4334.5,-157.47,1.135
R5625,elm,-19339.6,68946,4457.2,-77.68,0.867
R5626,pine,-18220.2,68521.5,4494.7,-211.77,1.216
R5627,pine,-17315.1,68695.9,4674.5,-33.2,0.821
R5628,pine,-16576.6,68565.5,4769.6,-62.07,0.988
R5629,pine,-15906.4,68877.1,4713.8,-74.45,1.153
R5630,pine,-15331.2,69117.2,4642.7,0,0.997
R5631,elm,-14122.1,68485.3,5042,48.19,0.963
R5632,pine,-13704.6,68455.1,5162.5,73.03,0.921
R5633,elm,-12931,69197,5119.2,35.62,0.99
R5634,poplar,-12103.8,69167.6,5365,-148.44,1.233
R5635,pine,-11296.4,68957.9,5661.9,80.79,1.032
R5636,poplar,-10185.5,68730.9,6224.6,24.83,1.05
R5637,pine,-9451.4,68527.1,6173.1,44.61,1.172
R5638,pine,-8641.6,68978.2,5795.5,0.79,1.103
R5639,pine,-8191.9,68604.5,6040.9,51.39,0.823
R5640,pine,-3148.3,68436.3,5602.4,-132.93,0.849
R5641,elm,60.2,68699.1,5440.6,-242.8,1.223
R5642,poplar,417.3,68539.2,5289.6,52.12,0.907
R5643,elm,1696.1,68474.4,5520.3,-166.57,0.925
R5644,pine,4777.2,68760.6,6493.1,-48.44,1.243
R5645,pine,5699.7,68657.9,6318.9,-105.78,0.804
R5646,pine,6470.5,69042.9,6040.1,12.95,1.085
R5647,pine,7032.8,68914,5889.1,-75,0.877
R5648,poplar,11407.7,69018.8,5505.2,-221.81,0.839
R5649,pine,14904.6,68818.2,5022.7,-39.35,1.211
R5650,pine,16809.6,68699.6,4944.6,-5.19,0.842
R5651,pine,17720.5,68439.1,4703.1,57.63,0.976
R5652,pine,18666.1,68929.2,4949.9,88.36,0.888
R5653,pine,21443.1,68791.7,4830.4,-13.3,1.212
R5654,pine,22028,69131.5,4880,-105.04,1.072
R5655,elm,23104.7,69003.1,4821.3,35.24,1.245
R5656,elm,24506.8,69059.4,4728.9,-52.44,0.807
R5657,pine,25978.9,68811.4,5026.5,-118.34,0.886
R5658,poplar,28977.2,69163.8,5015.3,-84.79,0.979
R5659,pine,29266.4,68747.8,5174,-239.53,1.183
R5660,elm,30652.3,68689.4,5199.7,-159.95,1.234
R5661,pine,31189.8,68440.7,5117.1,-14.18,0.922
R5662,pine,32196.4,68703,4992,-48.99,1.117
R5663,pine,32456,69163.5,4932.8,-241.96,1.069
R5664,elm,33761.9,69001.2,4850.7,-221.5,1.018
R5665,poplar,34097,68962.9,4736.8,-122.87,1.072
R5666,pine,35060.1,68922.7,4662.6,-146.85,1.067
R5667,elm,35906.5,68417.8,4855.7,-137.76,1.08
R5668,pine,36584.3,69130,4888.7,-161.26,1.175
R5669,elm,37597.4,68554.5,5048.7,67.69,1.154
R5670,elm,38716.9,68584.9,4830.6,-262.5,0.996
R5671,poplar,39587.4,69111.1,5004.8,-259.62,1.237
R5672,elm,39904.2,68853.1,5060.7,-76.6,0.972
R5673,pine,40622.6,68910.5,5057.4,-219.53,0.934
R5674,pine,41804,69053.6,5097.8,-99.08,1.01
R5675,poplar,42639.8,68496.1,4943.1,-100.83,0.997
R5676,pine,43045.9,68763.8,4865.8,31.92,0.905
R5677,elm,43933.9,68645.4,4877.8,-26.47,1.157
R5678,elm,45329.5,69065.1,5226.5,-250.87,0.819
R5679,pine,46588.8,68677.2,5499.3,49.6,1.094
R5680,poplar,47499.6,68595.5,5574.6,-77.97,1.142
R5681,pine,48486.3,68941.2,5326.1,19.49,0.849
R5682,pine,49532.3,68870,5461.2,-24.43,0.878
R5683,elm,50533,68565.3,5601.6,73.17,1.167
R5684,pine,52703.6,69132.2,4874.5,-55.74,1.065
R5685,poplar,54586.7,68670.7,4719.3,-80.86,1.229
R5686,pine,56248.3,68571.3,4755.1,-217.65,1.006
R5687,elm,56409.9,68989.5,4978.3,-13.83,0.969
R5688,elm,57325.3,68734.6,4829.4,-13.14,0.85
R5689,pine,65881.5,68918.7,5121.5,-205.65,1.147
R5690,poplar,66514.3,68772.9,5304.1,-105.72,0.973
R5691,pine,67171.5,68474.7,5058.1,-29.45,0.988
R5692,pine,67990.8,68504.4,5198,-58.74,0.926
R5693,pine,69051.6,68445.2,4838.5,4.39,0.811
R5694,elm,69486.3,68687,4646.7,-74.09,0.849
R5695,pine,-66979.9,69274.4,6554.2,48.81,1.188
R5696,pine,-66533.6,69244.1,6131.3,35.23,1.248
R5697,elm,-65879.6,69358.2,5708,2.93,1.189
R5698,pine,-51294.1,69538.5,4681.5,-185.78,1.112
R5699,pine,-47253.9,69233.8,4978.4,38.13,1.022
R5700,pine,-46205.9,69487.3,4377.9,46.06,1.135
R5701,elm,-41123.8,69432.6,4694.6,88.94,1.056
R5702,poplar,-39926.7,69465.3,4689.6,-150.44,0.919
R5703,pine,-37516.3,69330.1,5263.7,-101.72,0.826
R5704,elm,-37007.8,69235.4,5430.3,-8.21,1.037
R5705,pine,-34989.4,69576.3,4633.8,-264.86,1
R5706,elm,-34492.5,69574.5,4707.6,-233.99,1.026
R5707,elm,-32417.5,69545.1,4935.6,-217.86,1.236
R5708,elm,-32273.3,69257.4,4978.9,-3.49,0.952
R5709,pine,-30969,69360.1,4500.5,-35.84,1.004
R5710,pine,-30052.7,69551.9,4377.6,-266.03,1.072
R5711,pine,-29616.7,69318.3,4338.8,-199.56,1.19
R5712,pine,-24604.4,69414.7,4890.6,-40.04,0.972
R5713,elm,-24095.5,69328.3,4769.3,-128.74,1.079
R5714,poplar,-23063.3,69590.8,4647.4,-173.69,0.906
R5715,pine,-19510.3,69294.9,4706.4,-43.36,0.936
R5716,pine,-18247.9,69570.3,4965.7,75.22,0.84
R5717,pine,-17544.7,69417.9,4953.4,-161.62,1.142
R5718,poplar,-15731.3,69461.3,4603.7,-227.15,0.941
R5719,elm,-15250.5,69460.5,4611.5,-140.43,0.931
R5720,poplar,-14424.7,69387.5,5098.5,-160.14,1.019
R5721,pine,-13959.7,69246.1,5159.4,-157.7,0.972
R5722,pine,-12815.7,69476.4,5204.3,-27.23,0.955
R5723,elm,-11659.8,69478.5,5710.8,-188.99,1.087
R5724,pine,-11020.8,69461.5,6118.5,-188.54,1.114
R5725,pine,3540.4,69347.4,5967.4,0.86,1.16
R5726,pine,13180.7,69305.5,5349,46.22,0.905
R5727,elm,13745,69240.6,5323.9,32.84,1.131
R5728,pine,14979.1,69457.2,5318.4,-114.13,1.124
R5729,pine,18538.1,69354.5,5043.4,-237.47,1.008
R5730,pine,21158.7,69538.4,5248,-195.14,1.093
R5731,pine,22064.2,69351.7,5039.1,-49.89,1.113
R5732,pine,25076.1,69278.8,4908.6,-154.27,0.96
R5733,pine,26062.7,69504.5,5114.3,-135.59,1.241
R5734,pine,27351.5,69594.5,4803.2,-50.27,1.104
R5735,pine,27956.2,69400.6,4861,16.15,0.898
R5736,pine,29407.8,69446.7,5052,72.68,1.161
R5737,pine,32077.6,69428.3,4867.2,-75.59,1.052
R5738,poplar,33587.4,69475.6,4818.1,-249.36,0.887
R5739,pine,37042.3,69532.1,4914.5,-255.4,1.003
R5740,elm,39280.3,69426.8,4995.6,-159.49,0.965
R5741,poplar,45540.8,69537.3,5267.1,-263.12,1.223
R5742,pine,46662.8,69475.4,5302.6,-244.99,0.954
R5743,elm,50839.6,69238.1,5307.2,-0.22,1.006
R5744,pine,52023.5,69242.1,5092.9,-9.89,0.801
R5745,elm,52866.9,69478.2,4827.6,-161.78,0.858
R5746,elm,66718,69457.9,5278.3,11.31,1.179
R5747,elm,67599.4,69548.9,5302.8,-210.16,0.925
R5748,elm,67785,69481.9,5271.1,-73.61,0.831
R5749,elm,-43336.6,-68435.8,5486.2,-35.16,0.912
R5750,poplar,-28931.2,-68412,4571.8,-54.48,0.871
R5751,jujube,-6107.8,-68293.4,5982.4,21.38,0.838
R5752,elm,-3047.7,-67539.6,5779.7,-49.99,1.017
R5753,pine,-282.1,-69436.7,7001.8,-117.08,0.936
R5754,pine,19486.3,-69535.3,6380.2,-127.73,1.098
R5755,elm,30808.1,-69532.6,4993.8,-57.62,1.109
R5756,jujube,42594.3,-68275.2,5390,-210.36,1.058
R5757,poplar,49543.3,-69209.1,5145.6,-214.62,0.857
R5758,poplar,59366.7,-68506.6,5768.8,-165.01,1.099
R5759,elm,-68785,-67205.8,5550.4,-182.49,1.117
R5760,poplar,-65326.6,-65203.7,5012.7,-2.43,1.116
R5761,poplar,-62271.6,-65326.7,4670.9,-240.82,0.804
R5762,pine,-52454.8,-66035.9,6235.3,-174.15,0.831
R5763,elm,-44527,-65051,5620,-146.35,1.148
R5764,poplar,-42482.8,-65972.1,5287.1,-107.73,1.004
R5765,elm,-26578.3,-66627.1,4478.9,-242,1.15
R5766,pine,-559.5,-66659.1,6477.1,3.94,0.866
R5767,pine,23436.4,-67322.4,6405.7,-265.43,0.994
R5768,elm,51500.4,-65831.5,5303.7,64.95,0.876
R5769,jujube,57188.4,-67261.6,5033.7,-186.6,0.874
R5770,jujube,-47397.5,-64140.3,5437.7,-17.75,0.805
R5771,jujube,-41768.2,-63538.1,5198.4,-11.75,1.14
R5772,jujube,-37793.3,-62639.7,4821.5,0.93,0.996
R5773,poplar,-23509.5,-63006.2,5657,-246.3,0.931
R5774,poplar,-20666.2,-63568.9,4925.4,-216.86,0.902
R5775,poplar,4131.6,-62966.5,5964.4,24.41,1.068
R5776,elm,19499.6,-62435.3,5769.9,-146.23,0.959
R5777,poplar,24155.9,-64338.2,5640.4,-253.73,0.985
R5778,elm,32810.8,-62803,4020.9,-87.8,0.855
R5779,poplar,48433.8,-62637.3,4260.6,24.26,0.946
R5780,elm,51968.5,-62467.9,4037.4,79.58,1.02
R5781,poplar,52915.6,-62931,4304.5,28.43,1.028
R5782,poplar,69496.5,-62411.2,5117.1,-118.94,1.074
R5783,elm,-63143.9,-61244.3,4949.1,-18.07,0.858
R5784,elm,-58611.3,-61460.5,5065.7,-108.77,1.131
R5785,elm,-56176.2,-60581.9,4447.2,-109.84,0.868
R5786,elm,-53829.9,-61661.1,4141.1,-236.93,1.008
R5787,pine,-47147.3,-61488.9,5516.4,-256.06,1.095
R5788,elm,-38295.7,-59630.1,4263.5,-99.3,1.076
R5789,poplar,-34476.4,-62117.6,3792,-15.81,0.9
R5790,elm,-14251.9,-59818.6,4453.7,12.07,0.821
R5791,poplar,4976.6,-59909.3,4898.2,-79.41,1.015
R5792,jujube,12220.1,-59939,5127.3,-184.16,0.839
R5793,jujube,35547.2,-61393.4,3956.6,-151.25,0.808
R5794,pine,49052.1,-60699.5,3651.6,-243.39,0.812
R5795,elm,67609.9,-61732.7,4610.4,78.17,0.936
R5796,elm,-62327.9,-57065,5540.3,76.02,0.846
R5797,pine,-61595.8,-57339.4,5367,62.34,0.943
R5798,elm,-35181.1,-58122.9,3425.6,-48.64,1.145
R5799,poplar,-31452.9,-57699,3393.2,-22.1,0.937
R5800,pine,-29292.9,-57312.9,3709.2,-130.84,0.938
R5801,jujube,-27274.7,-59153.8,3942,-181.33,0.969
R5802,elm,-18197.2,-59281.2,4389.8,-137.1,0.822
R5803,poplar,-16721.1,-57086.3,3249.9,-112.19,0.954
R5804,elm,3733,-57307.4,4343.5,89.68,1.069
R5805,pine,13695.9,-57803.6,4352.8,-11.15,0.929
R5806,poplar,20465.8,-57591.2,4081.5,-41.46,1.063
R5807,poplar,50680.3,-58021.2,2931.3,5.38,1.068
R5808,poplar,63122.4,-58381.2,4237.9,-191.35,0.858
R5809,pine,-67939.2,-56591.9,6436.1,-80.25,0.908
R5810,poplar,-64273.2,-56827.1,5737.7,-110.18,0.985
R5811,pine,-61205.6,-55132,6358.7,-71.26,1.123
R5812,pine,-51693.4,-56708.3,4521.8,-148.03,0.99
R5813,poplar,-42367.2,-56497.5,4078.7,-168.76,0.856
R5814,elm,-35975.3,-56674.5,3248.2,-78.21,1.023
R5815,poplar,-31518.4,-55189.6,3517.2,72.05,1.034
R5816,pine,-23531,-54405.4,3015.4,-231.66,0.84
R5817,poplar,-17185.5,-54738.6,2936.6,-69.44,1.08
R5818,pine,-14289.8,-55090.8,2711.9,-125.26,0.937
R5819,poplar,-5239.2,-55890.9,3988.9,-40.02,1.1
R5820,poplar,-355.8,-54457.6,3106.7,-231.58,0.854
R5821,poplar,2731.2,-55204.8,3528.2,-258.5,0.981
R5822,pine,18000.2,-54897.4,3126.5,-109.23,0.9
R5823,elm,34053.2,-56518.6,3238.3,-64.47,1.062
R5824,elm,42504.7,-56405.4,3439.2,-113.84,0.819
R5825,poplar,49804.8,-56936,3286.1,-267.76,0.827
R5826,elm,-45109.3,-54204.6,4634.5,-64.27,1.101
R5827,elm,-41458.8,-52654.4,3286.4,-147.06,1.071
R5828,poplar,-17141.1,-52697.8,2591.5,-68.26,1.074
R5829,poplar,-13188.8,-52994.4,2217.3,89.79,0.935
R5830,pine,-10258.5,-53468.9,1999.7,-235.48,1.058
R5831,pine,2480.5,-53651.4,3353.2,-200.51,0.997
R5832,elm,30223.3,-53920.8,2381.6,54.94,0.817
R5833,elm,44370.8,-54317.9,3066,-241.43,0.935
R5834,poplar,50828.5,-53991.8,2680.8,1.57,0.841
R5835,jujube,59471.2,-53389.3,3310.9,-169.39,0.84
R5836,poplar,66494.6,-51905.4,4033.7,-113.54,0.955
R5837,pine,-65353.6,-49773.1,6450.6,-186.11,0.838
R5838,pine,-64657.9,-50248.6,6552.5,-127.26,0.852
R5839,pine,-59014.5,-51521.9,6914.3,58.19,0.99
R5840,elm,-52755.1,-50440.8,4895.2,-104.1,0.987
R5841,elm,-46455,-50827.3,4478.6,-212.27,0.812
R5842,poplar,-29276.4,-49881.4,2446.9,-111.19,0.96
R5843,jujube,-1758,-51346.5,2635.8,-57.55,0.977
R5844,poplar,24505.7,-51474.7,2055.9,-52.56,1.014
R5845,pine,40142.3,-50286.1,2451,61.42,1.025
R5846,poplar,49598.7,-51688.3,2015.4,-227.53,0.996
R5847,elm,50780.9,-51574.1,2145.3,39.6,0.828
R5848,poplar,-54514.7,-47281.7,5756.9,-210.88,1.095
R5849,elm,-54385.8,-47810.4,5859.3,-108.78,0.857
R5850,jujube,-27141.5,-47894.2,1602.4,-77.82,0.939
R5851,pine,-17132.9,-47928.9,1945.7,-131.56,0.891
R5852,jujube,-14032.5,-48374.6,2553.5,-253.11,1.1
R5853,pine,-10727.1,-48955,2233,1.2,1.009
R5854,poplar,-5054.8,-48486.6,2069.5,-94.02,1.028
R5855,jujube,-968.3,-46919.9,1803.3,-131.92,0.88
R5856,pine,5135.5,-47958.3,1966.8,13.46,0.946
R5857,elm,15026,-47266.1,1539.3,-102.88,0.827
R5858,elm,18889.6,-48785.8,2002.6,16.68,1.133
R5859,poplar,28326.5,-49029.5,1263.4,-211.63,0.825
R5860,jujube,33118.1,-46678.1,1416.9,-268.06,0.97
R5861,elm,48207.8,-48523.2,1575.8,11.54,1.047
R5862,jujube,53983.5,-48344.8,1790.5,84.61,0.925
R5863,pine,62614.4,-46990.9,3196.3,-177.67,1.08
R5864,pine,-61815.1,-46531.9,6346.7,-244.74,1.021
R5865,poplar,-44158.3,-45667.9,5166.7,34.57,0.951
R5866,elm,-43975,-44808.9,5875.1,-55.49,0.858
R5867,pine,-33017.8,-44286.9,1590.4,-2.31,0.957
R5868,poplar,-20665.9,-45082.3,1476.4,-44.5,1.033
R5869,jujube,-9595.5,-45214.9,1533.1,-261.79,1.021
R5870,elm,-7040.3,-44335,1383.3,-55.81,1.019
R5871,poplar,1699.9,-44941.5,1806,-63.98,0.964
R5872,poplar,12865.4,-45485,1285.2,38.45,1.144
R5873,elm,21100.8,-46089.5,1137.6,-206.61,1.047
R5874,poplar,48077.2,-44556.2,1597.6,-133.42,0.931
R5875,jujube,52681.8,-44092.8,1487.3,83.09,0.917
R5876,pine,-56944,-41898.9,7672.6,-111.56,1.131
R5877,elm,-42702.5,-41718.2,4295.6,-74.9,0.94
R5878,elm,-38672.2,-42442.1,2776.9,12.57,0.816
R5879,elm,-35777.4,-41821.8,1955.2,-246.51,1.131
R5880,elm,6884.4,-41878,1332,-149.64,0.877
R5881,poplar,11470.5,-41542.2,1201.6,-80.27,0.806
R5882,elm,14313.5,-42066.7,967.6,-130.11,1.069
R5883,poplar,18170.4,-43530.4,724.3,-129.39,0.86
R5884,elm,31790.8,-41936.9,843.4,-116.95,1.15
R5885,poplar,35606.1,-41934.1,1146.8,-178.39,0.888
R5886,pine,44267,-43464.6,1352.3,-183.32,1.055
R5887,pine,-58729.7,-39240,7504.8,-202.27,0.828
R5888,jujube,-33799.8,-41096.9,1495.9,-118.24,0.888
R5889,jujube,-27032.9,-41076.9,1184.5,52.31,1.118
R5890,elm,-15563.2,-39064.8,1064.5,-170.78,1.076
R5891,pine,-13016.4,-39052,1111.6,-105.8,0.976
R5892,poplar,-11882.4,-40590,1243.1,72.79,0.94
R5893,elm,-8141.9,-41371.6,1402.2,42.61,1.003
R5894,poplar,-4183.3,-39083.3,1648.4,53.88,1.102
R5895,pine,2750.2,-40336.1,1480.9,58.76,0.991
R5896,poplar,4480.2,-39960.6,1333.9,-155.3,1.109
R5897,pine,16226,-40913,822.8,-126.23,1.128
R5898,poplar,20496.1,-39517.9,856.1,26.16,0.87
R5899,jujube,28467.3,-39641.4,803.5,40.76,0.819
R5900,elm,48554,-41096,1202.4,47.76,0.986
R5901,elm,59515.3,-41105.2,2913.3,-76.19,0.877
R5902,pine,69591.5,-39989.8,4275.7,64.94,1.126
R5903,pine,-67709,-38382.8,7736.3,-154.88,1.001
R5904,pine,-65233.6,-37884.4,7325,64.55,1.059
R5905,pine,-64284.9,-38685.1,8151.9,76.72,1.051
R5906,pine,-56189,-38429.4,7652.3,-115.97,0.983
R5907,poplar,-39107,-38621.7,3240.2,-5.07,1.023
R5908,poplar,-38309.1,-36567.4,2364.6,-25.62,1.069
R5909,pine,-36074.7,-36299.8,1685.4,-122.91,1.146
R5910,elm,-25238.9,-38502.5,1024.6,-54.89,1.027
R5911,poplar,-16442,-37929.7,1140,-224.61,0.871
R5912,elm,-14053.8,-37096.4,1079.1,65.61,1.149
R5913,pine,5218.8,-38552.8,1281.1,2.23,0.916
R5914,pine,11954.5,-37556.7,1339.1,79.87,0.898
R5915,pine,43868.6,-36587.1,1223.7,-173.67,1.111
R5916,elm,52431.6,-37629.5,1300,-198.59,1.048
R5917,pine,-56510,-36040.7,6225.8,-242.33,1.122
R5918,elm,-39671.7,-34948.7,2218.6,-138.19,0.927
R5919,jujube,-30051,-34294.4,1358.7,3.66,0.847
R5920,elm,-27438.1,-34242.6,1369.1,-122.76,0.876
R5921,elm,-13619.5,-36149.2,1105.4,-218.57,1.005
R5922,elm,-9615.4,-36168.8,1362.6,29.89,0.883
R5923,jujube,2573.1,-34314.4,1459.6,12.63,1.127
R5924,jujube,16188.4,-33628.8,881.6,-157.16,1.055
R5925,elm,33231.1,-34374.9,983.7,-217.44,1.02
R5926,elm,38879.1,-34096.4,1120,-250.31,0.851
R5927,elm,39453.8,-34505.8,1077.5,-259.73,1.058
R5928,elm,51164.1,-35839,1148.9,-111.87,0.882
R5929,poplar,52803.8,-34261.3,1264.7,-83.87,0.822
R5930,poplar,60234.3,-35090.5,2046.4,-30.69,0.944
R5931,poplar,-46023.5,-33417.5,3844.9,44.61,0.989
R5932,elm,-38310.3,-32937.6,1683.5,-72.03,0.891
R5933,elm,-35750.2,-32480,1544.2,68.53,0.991
R5934,jujube,-26460.4,-32459.5,1301,-83.97,0.971
R5935,pine,-19505.6,-32044.7,1500.3,-124.78,1.087
R5936,poplar,-10487.3,-33573.2,1281.1,-197.72,0.978
R5937,poplar,7321.7,-31841.2,1211.8,-35.45,1.047
R5938,elm,32977,-31979.2,927.4,-263.21,0.917
R5939,pine,36934.4,-32282,1067.4,23.88,0.836
R5940,poplar,46822.7,-32728.9,1121.8,-183.06,0.979
R5941,elm,49011.6,-31821.6,987.7,-79.31,1.119
R5942,elm,54252.7,-32116.3,1559.6,-132.43,0.91
R5943,elm,59018.3,-32384.1,1812.3,-27.91,1.146
R5944,poplar,62001.9,-32020.9,2529.9,-156.63,0.925
R5945,elm,64142.8,-32691.8,3219.9,8.78,0.974
R5946,elm,-51106.6,-28940.1,3376.5,-107.64,1.089
R5947,elm,-26830.1,-28456.9,1405.9,-67.28,1.074
R5948,pine,-20705.4,-30838.3,1504.3,-44.13,0.947
R5949,jujube,-13109.8,-30664,1446.9,-258.64,0.991
R5950,elm,-7281.5,-28787.6,1462.3,37.32,0.879
R5951,pine,1258,-30676.9,1517.3,-255.05,0.839
R5952,pine,4605.9,-30721.3,1325,-240.26,0.875
R5953,pine,8304.6,-30649.2,1040.5,18.7,0.885
R5954,poplar,17213.3,-30936.2,856.9,-241.6,0.899
R5955,jujube,18911.7,-28577.5,812.2,-130.51,0.808
R5956,elm,21551.1,-28408.4,579.1,-177.79,1.03
R5957,poplar,29318.9,-28944.3,1048.8,30.21,1.077
R5958,elm,36693.1,-30727.6,1146.3,-142.93,1.14
R5959,elm,43841.2,-30449.4,1255,-52.48,1.121
R5960,poplar,63514.3,-28749.9,3705.8,-267.55,1.105
R5961,jujube,-65485.2,-28370.4,5507.2,1.44,0.847
R5962,elm,-64334.6,-26291.8,5545.6,70.39,1.091
R5963,jujube,-61187.6,-27811.1,5548.5,15.39,0.919
R5964,elm,-59479.7,-27311.1,5471.4,33.01,0.958
R5965,jujube,-53256.2,-26646.8,3589.2,-255.54,0.978
R5966,jujube,-37463.7,-27980.3,1209,58.7,1.088
R5967,elm,-16861,-26416.9,1485.8,78.96,0.807
R5968,poplar,-15361.3,-27826,1411.1,-7.09,0.991
R5969,poplar,24819.5,-27728,853.2,-136.8,0.814
R5970,elm,27576.1,-28188.1,1057.7,4.47,0.845
R5971,jujube,31595.3,-26509.6,1027.2,-78.24,0.919
R5972,elm,48183.7,-27846.4,1154.6,-223.38,0.941
R5973,elm,49959.4,-27040.9,1194.9,-32.41,1.037
R5974,jujube,61749.6,-26798.2,3255.3,-156.69,0.822
R5975,poplar,69072.9,-27166.9,4254.3,-1.7,0.977
R5976,pine,-66610.5,-23512.9,6890.8,-98.57,1.052
R5977,jujube,-47457.8,-24712.6,1962.3,-0.69,0.882
R5978,elm,-39238.4,-25341.8,1413.5,-190.79,1.123
R5979,poplar,-37314.2,-23541.3,1428.2,-180.91,0.902
R5980,pine,-13199.3,-24343.3,1378.4,-245.32,1.044
R5981,poplar,5067,-24377.5,1167.1,47.55,0.881
R5982,pine,8250.1,-23393,866.9,-140.23,0.903
R5983,jujube,15319.1,-25136.2,939.5,70.39,1.113
R5984,jujube,23456.7,-25314.5,631,82.32,1.003
R5985,pine,26194.3,-23216.9,903.2,-160.58,1.125
R5986,elm,28854,-25485.5,980.3,53.53,1.048
R5987,elm,38136.7,-23264.1,1035.7,-153.37,0.801
R5988,elm,56328.7,-25362.5,1346.8,15.76,1.043
R5989,pine,-64736.4,-22695.5,6613,-213.9,1.139
R5990,poplar,-48865,-22770.6,2334.8,86.53,1.012
R5991,jujube,-46412,-20694.1,1616.4,21.6,0.83
R5992,elm,-34917.9,-22540.9,1332.1,44.05,0.991
R5993,poplar,-25088.5,-22541.5,1624.5,-34.51,0.919
R5994,poplar,-12713.3,-22525.2,1301.7,-84.15,1.149
R5995,poplar,-1303.5,-21698.8,1447.5,-170.75,0.826
R5996,elm,2755.1,-23094.3,1532.4,48.97,1.037
R5997,pine,14244.4,-22494.3,1002.2,-134.5,0.996
R5998,pine,25933.1,-23052,897.8,-117.98,1.113
R5999,poplar,41770.1,-21978,836.5,-57.54,0.903
R6000,poplar,45039.8,-20793.4,1149.1,-236.11,0.988
R6001,elm,53103.7,-22120.6,1120,-224.71,1.028
R6002,elm,61397.3,-21853.7,3039,-18.62,1.123
R6003,poplar,65704.3,-22976.4,3673.6,-174.02,0.977
R6004,jujube,-58670.5,-19722.2,4188.8,-226.1,1.064
R6005,elm,-21213.7,-19910,1385.7,-48.12,0.96
R6006,jujube,-19968.6,-18446.8,1299.9,-248.03,0.855
R6007,poplar,-11038.9,-19409.4,1408.1,-204.08,1.034
R6008,poplar,-7075.7,-18940.4,1509.8,-29.94,0.905
R6009,elm,11741.4,-18049.9,1063.9,-247.29,1.108
R6010,poplar,23322.6,-18459.9,1196.1,-84.25,0.843
R6011,elm,23894.3,-18258.6,1152.8,-222.37,0.825
R6012,jujube,28168.6,-18316.5,1021.8,-20.98,0.99
R6013,elm,47246.1,-19377.3,1234.9,-241.39,0.893
R6014,poplar,62680.4,-20407.6,3267.1,-145.92,0.886
R6015,elm,-51485.9,-16795.7,2822,-214.41,1.054
R6016,elm,-42389.1,-16140.1,1179.2,40,0.821
R6017,poplar,-38808.6,-17224.6,1373.4,34.03,0.834
R6018,jujube,-31402.5,-17281.7,1645.7,-1.27,0.842
R6019,poplar,-7690,-17929.9,1399.5,-44.09,0.845
R6020,elm,6553.4,-17592.5,1312.8,-94.02,0.976
R6021,elm,12415.8,-17631,1077.6,-206.42,1.035
R6022,poplar,18032.9,-15600.7,1055.1,-132.76,0.922
R6023,jujube,24277.8,-16338.3,1181.4,-113.62,0.978
R6024,elm,31611,-17858.2,1048.9,-132.8,1.074
R6025,pine,36264.5,-15810.1,943.5,-217.96,1.039
R6026,elm,36848.2,-16390,975,36.99,1.122
R6027,elm,41822.3,-16447.2,850.9,-72.14,1.122
R6028,poplar,47784,-16335,1254.6,-11.05,0.903
R6029,elm,60393.6,-16870.9,2460.1,-162.48,0.833
R6030,elm,65463,-16047.5,3518.2,7.75,0.876
R6031,pine,-66629.2,-14961.8,6101.5,52.44,0.848
R6032,poplar,-48130.8,-13213.5,1453.2,-209.59,1.049
R6033,poplar,-19457.5,-14435.1,1376.2,-152.08,0.885
R6034,pine,17153,-13243.6,1092.2,46.51,1.071
R6035,poplar,29852.5,-13287.6,1185.6,-237.36,0.96
R6036,poplar,50270.6,-14760.7,1043.3,-260.82,0.813
R6037,pine,-69225.2,-11019.2,6609.2,80.41,1.127
R6038,pine,-66334.2,-12524.9,6356.3,-115.72,1.132
R6039,elm,-55150.1,-10430.2,2717.5,88.43,0.801
R6040,poplar,-39212.2,-12474.9,1115.4,66.38,1.005
R6041,pine,-21676.8,-10317.9,1374.9,-147.8,0.854
R6042,elm,-13978.3,-12081.3,1555.2,62.21,1.108
R6043,pine,18373.4,-11233.4,1224.3,79.77,0.962
R6044,pine,63557.5,-11451,2689.1,52.13,1.113
R6045,pine,-56440.9,-8450,3396.9,-263.7,0.817
R6046,elm,-43512.8,-9322.4,968.7,-70.9,0.917
R6047,pine,-39875.6,-8783.8,779.8,-166.83,0.853
R6048,elm,-36780.1,-8301.4,1088.7,17.49,0.972
R6049,pine,-27667.8,-9024.7,1474.8,2.15,1.025
R6050,poplar,-17370.7,-9540.5,1511.5,-16.13,0.967
R6051,elm,31841.3,-9274.2,1286.7,-38.72,0.868
R6052,elm,50517.9,-8364.7,1572.5,-81.61,0.897
R6053,elm,52858.8,-7959.8,1879.1,-92,0.914
R6054,elm,56147.8,-9834.7,1573.6,-240.61,0.949
R6055,elm,64458.5,-8498.2,2669,15.54,1.144
R6056,elm,-59968.4,-6328.3,5128.4,66.28,1.081
R6057,poplar,-58300.1,-7508.8,4437.8,-74.63,0.889
R6058,poplar,-48022.8,-6791,1522.9,1.86,0.939
R6059,elm,-45806.6,-6271.8,1149.2,-190.17,1.096
R6060,jujube,-34651.2,-5452.9,1101.1,-96.93,0.851
R6061,poplar,-33368,-5576.8,1025.5,-1,0.932
R6062,elm,37980.1,-6948,1305.7,-264.42,0.898
R6063,pine,41141.1,-6527.3,1281.2,35.56,0.992
R6064,elm,41923,-5659.7,1380.5,40.35,0.869
R6065,poplar,62893.2,-6196.2,2506.6,33.28,1.041
R6066,pine,-52243.4,-2806.5,2718.8,-212.88,0.859
R6067,elm,-31952.7,-3667.8,1027.9,-69.14,0.917
R6068,pine,-26347.5,-2830.2,980.7,33.13,0.979
R6069,pine,-23577,-3458.8,1084.4,-17.68,1.045
R6070,pine,-13329.5,-4746.1,1350.8,-0.08,0.937
R6071,elm,13079.5,-3709.1,1241.4,-130.56,1.092
R6072,jujube,19068.3,-4974.7,1302.2,-148.07,0.826
R6073,elm,32780.9,-3252.5,1291.6,-268.83,1.121
R6074,jujube,51765,-4171.1,1720.3,-9.8,1.033
R6075,elm,54090.3,-4565.2,2288.5,-68.33,1.116
R6076,pine,-65792.2,-1746.1,6442.3,55.59,0.87
R6077,poplar,-60751.5,-1136.4,5512.7,-72.5,1.117
R6078,poplar,-41784.9,-1991.6,929.2,-239.09,0.956
R6079,poplar,-31306.8,-2342.6,981,-215.98,1.086
R6080,elm,-30253.1,-135.7,914.5,-13.24,1.108
R6081,poplar,-27644.4,-1281.2,975.4,-49.78,0.993
R6082,poplar,-19456.2,-200.7,1046.7,-54.15,1.071
R6083,jujube,-15702.8,-1484.1,1178.6,-68.12,1.141
R6084,elm,37412,-476.9,1280.7,-202.5,0.913
R6085,pine,45120.2,-1192.6,1509.7,-33.83,1.012
R6086,jujube,57221.8,183.5,3137.4,-163.68,0.967
R6087,poplar,60159,-1097,2779.5,-72.02,0.882
R6088,poplar,64633.1,-1824.3,3497.1,-80.55,0.906
R6089,elm,-59731.8,1664.7,4321.1,79.54,1.026
R6090,poplar,-52838.1,688,2794.4,-110.61,0.867
R6091,elm,-51538.3,921.3,2346.6,-255.17,1.063
R6092,poplar,-47458.6,2735.5,1208.1,-113.48,1.101
R6093,poplar,-43490.8,455,976.4,-121.24,0.908
R6094,elm,-36069.6,1327.3,816.2,-88.89,0.894
R6095,poplar,-28941.9,1030.2,854.6,-248.74,0.97
R6096,poplar,-28350.3,1260.4,828.1,-217.57,1.096
R6097,poplar,-23801.2,2565.2,999.7,-200.38,0.943
R6098,pine,-21769.3,1086.5,942.4,86.91,1.06
R6099,elm,-12984.2,987.9,1208.3,-244.26,0.999
R6100,jujube,39793.3,2623.2,1425.2,64.2,0.892
R6101,pine,50190.8,1566.5,1499.3,-94.46,1.108
R6102,poplar,64986.5,1622.1,4247.9,-120.48,0.951
R6103,pine,-66589.5,4416.8,4863.2,-209.32,1.1
R6104,elm,-62049.4,3425.8,4353.2,62.72,0.815
R6105,elm,-57808.3,3570.4,4752,-161.02,0.868
R6106,elm,-46899.7,5015.7,1148.3,-188.19,0.921
R6107,jujube,-29392.7,4604.4,1220.6,-235,1.129
R6108,elm,-23001.7,4731.4,1136.3,-173.9,1.038
R6109,elm,24316.3,5127.2,1362.7,-53.51,0.892
R6110,jujube,28931.1,5199.1,1346.3,15.12,1.089
R6111,poplar,37192.4,4342.1,1275.8,63.02,0.949
R6112,pine,39217.5,4759.9,1281.6,-214.86,1.054
R6113,poplar,46914.9,4510.7,1474.6,-44.6,0.825
R6114,elm,62899.8,3239.6,3414,-222.71,1.006
R6115,elm,65980.7,4214.2,3608.6,-39.77,1.11
R6116,elm,68295.7,2913.8,3675.9,-178.27,0.887
R6117,elm,-57365.5,7002,4368.1,-81.89,0.951
R6118,poplar,-46896.5,5401,1207.5,-131.17,1.079
R6119,poplar,-41381.9,6683.3,1281.4,24.61,0.825
R6120,elm,-12888.9,6307.3,1189.4,-240.28,0.955
R6121,elm,1230.4,7679.7,1164.7,-114.38,0.862
R6122,elm,6387.8,7785.7,1233.4,-185.82,1.034
R6123,elm,54954.3,6147.7,1783.7,-124.41,0.858
R6124,pine,59118.7,6838.8,2074.9,-256.4,0.944
R6125,pine,-67635.6,9086.3,6740.9,-151.71,0.97
R6126,elm,-43004.2,8961.1,1220.3,30.87,0.87
R6127,jujube,-40587,9689.4,1130.4,75.19,0.863
R6128,elm,-36730.4,8293.9,986,86.35,0.952
R6129,pine,-19827.1,8276.6,1109.8,-94.31,1.042
R6130,elm,-11561,9313.6,1046.8,-103.12,1.055
R6131,poplar,2355.4,9114.7,1076.6,75.45,0.828
R6132,jujube,20383.8,8716.7,1014.8,-164.11,0.831
R6133,pine,22020.4,8690.2,1018.3,83.09,1.09
R6134,poplar,24805,8972.2,1334.3,-7.99,1.027
R6135,poplar,26453.8,8900.3,1370.5,-135.73,0.884
R6136,pine,37392,8414.6,1186.4,-26.32,0.957
R6137,elm,39281.1,9799.3,1115.7,-206.76,0.853
R6138,elm,-43711.3,11145.9,1321.1,-141.85,1.004
R6139,poplar,-35963.2,11492.8,1060.1,4.38,0.844
R6140,poplar,-27526.5,12694.8,1158.8,-133.93,1.113
R6141,pine,-20502.8,12412.2,1299.5,-145.64,0.956
R6142,elm,-16037.1,11253.4,1155.3,-95.39,1.073
R6143,elm,-11856.9,12935,1041.9,-250.33,1.076
R6144,jujube,-5892.3,12674.6,966.5,-220,0.965
R6145,poplar,-2407.6,12695.8,839.1,-244.43,0.998
R6146,jujube,27862.6,12034.5,1318.9,-179.28,0.834
R6147,jujube,-18132.8,13333.7,1169.6,-169.69,1.05
R6148,poplar,1331.1,14995.8,1088.9,-65.98,1.042
R6149,pine,17819.4,14519.5,1085.2,-236.2,0.936
R6150,poplar,-56395.5,17013.2,3273.8,20.06,0.906
R6151,poplar,-45619.2,16534.9,1458.2,-195.74,1.087
R6152,elm,-851.7,17485.3,924.9,-73.93,0.828
R6153,pine,7562.1,16117.6,1151.3,-157.25,1.099
R6154,elm,12848.8,16654,914.1,88.59,0.857
R6155,poplar,23583.2,17992.1,800.3,-76.53,0.9
R6156,pine,28047.3,17416,921.8,-141.68,0.821
R6157,elm,35696,18187.8,1149.6,-138.58,1.032
R6158,pine,63712.5,17780.9,3810.8,-40.75,1.112
R6159,pine,67118.6,18054.5,3746.8,-62.63,0.834
R6160,poplar,-69544.2,20443.9,5417.3,-9.21,0.809
R6161,elm,-39815.9,18432.5,1380.1,-97.33,1.134
R6162,elm,-38061.4,20916.6,1413.8,-62.87,0.834
R6163,poplar,-32126.2,20956.9,1274.2,-129.58,1.142
R6164,poplar,-26112.3,20623.8,1339.7,-66.13,0.915
R6165,elm,25210.9,20174.4,1323,-4.14,1.054
R6166,poplar,38245.3,18966.4,971.1,-166.3,1.063
R6167,poplar,-49111.9,22156.4,2605.9,-92.64,1.041
R6168,elm,-39745.8,21059.2,1304.9,-194.64,0.879
R6169,elm,-19481.2,22988.7,1041.6,49.1,1.005
R6170,pine,-8902.2,23515.1,1056,-34.92,1.127
R6171,poplar,-5470.8,22848.3,1029.5,3.52,1.121
R6172,pine,-2538.7,21380.9,753.4,17.68,0.979
R6173,jujube,-2058.6,21047.4,698.4,-62.65,0.902
R6174,poplar,14748.3,23110.1,1224.2,-246.52,1.121
R6175,elm,16705.3,22881.6,1334.6,-261.83,0.805
R6176,pine,19554.9,22779,1311.3,-255.56,0.855
R6177,jujube,25080,23460,1439.5,47.77,1.024
R6178,pine,32385.6,22453.6,895.1,32.43,1.002
R6179,elm,44968.9,22010.2,802,-200.2,0.859
R6180,jujube,66963.1,21155.6,3926.1,-134.99,0.833
R6181,jujube,-53970.3,25879.8,3040.1,-8.93,1.069
R6182,pine,-45450.1,25044.5,1356.2,-144.38,0.846
R6183,jujube,-11613.3,24364.7,1076.6,29.8,0.979
R6184,poplar,-8035.7,26199,1115.1,73.99,0.879
R6185,poplar,-3298.1,24742.1,1390.9,-127.02,1.142
R6186,elm,1652.6,24989.5,1147.5,4.41,1.102
R6187,poplar,14738.9,24597.3,1331.1,-14.65,1.052
R6188,jujube,16382.9,24226.4,1400.9,-234.95,1.141
R6189,elm,19734.1,25674.9,1474.5,-55.06,0.889
R6190,elm,21173.3,24995.4,1415.8,-175.08,0.828
R6191,elm,25428,24794.7,1392.1,35.49,0.829
R6192,elm,38813.4,24334.5,999.6,-64.41,1.021
R6193,elm,58394.9,23752.9,2678.7,-77.03,1.058
R6194,poplar,-56290.5,28399.2,2866.8,82.54,1.06
R6195,jujube,-52511.4,26915.9,2658.6,-144.66,0.861
R6196,pine,-44972.7,28149.4,1243.7,-61.14,0.816
R6197,poplar,-32948,27186.2,1413.4,64.45,0.953
R6198,elm,-24086.8,27269.7,1130.3,70.07,1.001
R6199,poplar,-16343.8,28408.6,932.5,-247.31,0.823
R6200,elm,-11465.1,26951.5,1023.3,-237.59,1.146
R6201,elm,-7944.8,27603.7,1123,-244.36,1.007
R6202,elm,-5058.8,28185.5,1391.4,-193.48,0.835
R6203,jujube,-4817.2,27567.9,1412.6,30.01,0.836
R6204,jujube,9464.1,27715,1393.2,-84.2,0.874
R6205,elm,19113.5,28020.1,1450.5,-1.17,1.109
R6206,jujube,32912.6,28542.1,1152,22.55,1.062
R6207,poplar,37562.5,27511.8,950.5,-164.36,1.064
R6208,poplar,49928.3,28575.6,1317.4,-180.32,0.828
R6209,poplar,66185.1,27164.9,3841,-60.38,1.122
R6210,pine,-20948.4,29548.4,901.5,-60.69,0.824
R6211,poplar,-11409.5,29549.4,926.7,-148.85,1.007
R6212,elm,-6893.6,30212.3,1304.7,1.09,1.08
R6213,poplar,-3806.1,30671.5,1381.7,-93.82,1.04
R6214,elm,5122.9,30064.9,1455.3,47.49,1.052
R6215,poplar,25531,30811.6,1361.9,-146.92,0.929
R6216,elm,31561,31158.4,1127.3,-224.57,0.83
R6217,elm,38530.8,29137.1,969.4,55.95,1.128
R6218,elm,39442.4,30854.2,963.3,-25.52,0.994
R6219,pine,48368.9,30507.8,1431,-150.74,0.907
R6220,elm,65233.7,29013.2,3680.9,-33.4,1.027
R6221,poplar,-60593.5,32539.3,4126.7,64.65,1.124
R6222,pine,-58135.6,33480.8,3084.1,-157.33,0.969
R6223,poplar,-48808.7,32562.9,1467.3,55.51,0.895
R6224,poplar,-46088,32635.1,1230.2,-164.07,0.904
R6225,poplar,-21453.5,31992,987.8,44.26,1.084
R6226,pine,1739.4,33452.2,1707.1,-32.79,0.848
R6227,poplar,4183.5,33303.2,1703.5,54.97,0.901
R6228,jujube,29095.8,33573.2,1302.9,-126.37,1.119
R6229,pine,32144.5,32058.1,1111.7,26.67,1.1
R6230,elm,39001.1,33756.4,980.2,68.38,1.042
R6231,poplar,49371.8,32205.4,1535.4,-260.64,1.099
R6232,elm,52199.7,32863.7,1623.9,-165.86,1.116
R6233,pine,-67077.2,36113.6,6352,-102.53,1.146
R6234,pine,-54005.7,35390.8,2946.7,-177.45,1.036
R6235,poplar,-50790.3,36557.1,1687.9,69.53,0.988
R6236,poplar,-40124.6,35733.7,1114.6,-67.05,0.97
R6237,pine,-19136.4,34113.1,794.7,5.92,0.895
R6238,jujube,-5140.5,35114.8,1622.4,-186.43,1.045
R6239,jujube,30729.2,34291.1,1249.5,-249.42,0.926
R6240,poplar,34047.6,35672.4,1069.8,39.18,1.09
R6241,jujube,44750.6,35148.6,1713.8,-43.47,1.08
R6242,elm,54031.4,36243.6,1899.5,-21.42,0.933
R6243,elm,57716.2,34085.5,2660.8,-259.44,0.993
R6244,elm,67133.5,34450.7,4642,-264.12,0.879
R6245,pine,-65951.4,37224.5,6844.5,-45.52,1.133
R6246,jujube,-44902.5,37069.4,1132,-62.31,0.847
R6247,pine,-43439.3,37497.5,1136.2,-249.37,0.954
R6248,poplar,7833.6,37156.3,1643.6,-147.82,0.997
R6249,elm,12245.8,38258,1439.7,-204.9,0.866
R6250,pine,23072.8,38112.4,1340.9,-173.35,0.892
R6251,elm,26758.3,37139.8,1380.2,-207.1,1.124
R6252,jujube,33519,36646.5,1169.2,-223.4,0.952
R6253,poplar,47041,36605.9,1829.2,85.79,0.824
R6254,poplar,51091.8,37521.6,2300.5,-57.12,1.134
R6255,poplar,61644.1,36731,3263.8,-236.95,0.946
R6256,jujube,-59659.6,41384.6,5186.7,15.16,1.034
R6257,pine,-53503,41367.1,2975.9,-105.7,0.875
R6258,elm,-47270.9,40315.6,1266.2,-202.55,1.05
R6259,poplar,-43277.5,40076.5,1094.2,2.55,1.031
R6260,jujube,-16446.9,41277.3,1038.4,14.24,0.871
R6261,jujube,-10298.9,40604.8,1176.5,-203.13,0.825
R6262,elm,-3900.2,41764.7,1509.6,74.74,0.97
R6263,jujube,25089.4,40898.3,1277.3,-148.41,1.016
R6264,pine,29009.7,39361.5,1227.1,-177.76,0.948
R6265,elm,37114,40321.9,1721.7,-41.27,0.889
R6266,poplar,56515.9,40710.9,2858.2,-210.39,1.015
R6267,jujube,-57251.7,43936.4,4469.9,-120.82,0.826
R6268,poplar,-47274.1,43680.7,1194,-149.24,1.052
R6269,elm,-35318.2,42021.1,1105.1,-144.33,1.122
R6270,jujube,-15006,41800.1,1029.9,-249.94,0.932
R6271,pine,14.4,43398.9,1529.7,67.29,0.954
R6272,poplar,7456.6,44029.6,1583.8,77.81,1.066
R6273,poplar,25058.3,43440.4,1186.7,-156.99,0.945
R6274,elm,26998.4,44138.4,1146,-135.02,0.937
R6275,elm,43047.4,44213.5,3760.9,-225.08,0.83
R6276,pine,53991.6,43722.9,3292.6,41.55,0.809
R6277,poplar,58262.9,41955.6,2579.8,-153.31,0.944
R6278,jujube,65112.3,42821.7,4029.6,-127.01,0.906
R6279,poplar,67608.4,43427,3735.2,-182.78,1.11
R6280,pine,-67348.4,46235.1,6549.4,33.25,0.912
R6281,poplar,-54445.3,45670.7,3618.4,-200.26,0.86
R6282,poplar,-53554.9,46940.2,2641.2,-13.94,0.983
R6283,elm,-36858.3,44448.3,1105.5,30.47,0.82
R6284,jujube,-32109.8,45456.1,1061.2,75.85,0.87
R6285,poplar,-13500.6,46889,936.6,-241.98,0.898
R6286,poplar,-5540.6,45322.8,1394,-84.71,0.805
R6287,elm,17943.1,46774.9,1154,-55.51,1.031
R6288,elm,22799.4,45742.5,1159.7,-146.42,0.879
R6289,poplar,25572,45733.1,1077.3,-249.87,1.147
R6290,pine,29409.1,45773.1,1108.9,-161.33,1.008
R6291,poplar,34693,44967.1,1677.3,-229.89,0.888
R6292,poplar,36852.3,45115.5,2346.4,-106.86,1.143
R6293,poplar,40229.1,46270.6,2814,-222.54,1.101
R6294,poplar,64419.1,44953.3,4112,-81.74,1.054
R6295,jujube,-57131.8,47589.7,3125.4,-44.45,1.017
R6296,elm,-50117,47105.2,1668.1,-242.6,0.875
R6297,poplar,-47602.7,48932.2,1312.1,-50.4,0.853
R6298,poplar,-37059.1,48618,713.1,-111.38,0.911
R6299,elm,-33810.2,49458.4,633.8,-182.7,1.092
R6300,pine,-13519.7,47859.6,935.7,56.61,1.133
R6301,jujube,-1491,47474.4,1354.9,60.79,1.069
R6302,elm,1336.2,48775.9,1315.8,-163.71,1.057
R6303,poplar,7409,48492.9,1277,-208,0.979
R6304,poplar,15316.7,48003.8,1159,-162.48,0.827
R6305,elm,23140.6,49571.5,1073.1,-93.68,1.017
R6306,pine,26343.3,47047.1,943,-30.73,1.08
R6307,poplar,28819.2,49254.5,1155.2,20.28,1.041
R6308,jujube,32639.2,48953.3,1501.2,65.49,0.946
R6309,jujube,39136.6,48309.6,2961.6,66.35,1.038
R6310,jujube,48283.5,49246.1,4351.4,-36.6,0.97
R6311,poplar,55587.9,49033.7,4350.1,-181.59,0.921
R6312,pine,-54183.2,51078.8,2426.2,-17.45,0.811
R6313,pine,-41358.8,51372.9,802.6,-8.63,0.921
R6314,pine,-14997,50950.3,988,-141.39,0.826
R6315,elm,21985.1,50146,1103.8,-214.47,0.81
R6316,elm,62960.7,50295.9,3521.8,-53.49,0.812
R6317,poplar,-66787.3,53637,5973.6,-68.67,0.83
R6318,elm,-60841.2,53460.6,5805.5,-74.7,0.829
R6319,poplar,-55916.3,53682.4,3083.8,13.67,1.038
R6320,elm,-54272,52754.1,2656.7,1.22,0.997
R6321,poplar,-47469,54714.2,1114.7,-213.24,0.826
R6322,jujube,-38564,53386.1,859.9,-118.03,0.945
R6323,jujube,-19452.5,54537.3,1242.9,-21.04,0.875
R6324,jujube,-8889.2,53607.8,1890.2,-94.65,0.955
R6325,elm,-4404,52462.4,1540,-265.62,0.898
R6326,elm,1264.5,54180.8,1572.2,-264.45,0.832
R6327,jujube,5332.4,52677.8,1481.8,65.51,0.873
R6328,elm,56436.9,54652.4,3059.7,44.77,0.868
R6329,pine,59532.2,54300.3,2834.7,-62.67,0.967
R6330,pine,66454.5,53855.5,3653.4,-243.47,0.999
R6331,pine,-62602.6,55806.7,6175.9,-58.99,1.031
R6332,jujube,-57727,56396.5,3662.9,-240.93,1.072
R6333,jujube,-49523.5,57093.3,1923,-215.54,1.103
R6334,poplar,-17585.2,54844.1,1241.2,31.33,0.81
R6335,elm,7395,56424.2,1787.7,-102.6,0.82
R6336,poplar,11403.5,57362.2,1436.6,-93.57,1.115
R6337,poplar,15098.7,57302.7,1474.2,-136.76,0.804
R6338,poplar,18191,54806.8,1602,-55.33,0.829
R6339,poplar,20563.4,56846.8,1698,-45.61,1.15
R6340,elm,31117.4,54963,1876.4,35.9,0.954
R6341,poplar,38852.9,57093.5,2722.9,-49.87,1.097
R6342,poplar,50125.2,56222.1,3858.3,-195.56,0.957
R6343,jujube,54155.8,55183.2,3541.6,-207.84,1.123
R6344,elm,69274.7,54961.2,3764.4,-3.37,0.991
R6345,pine,-51583.5,57832.3,2307.3,64.08,1.048
R6346,elm,-45529.9,58446.3,2364.7,-73.59,0.846
R6347,pine,-2919.8,59262.5,2617.8,69.39,0.934
R6348,elm,7010.9,57698.8,1928.6,-126.34,0.984
R6349,elm,8007.7,57939.1,1668.2,-23.17,0.819
R6350,pine,15006.7,58466,2004.9,-182.87,1.092
R6351,poplar,16326.2,58401.3,2306.8,-13.47,0.997
R6352,elm,30783.8,57992.4,2648.7,-256.62,0.803
R6353,elm,33876.1,58576.9,3069.6,-16.22,0.925
R6354,poplar,51101.7,59284.2,3766.7,-10.64,1.141
R6355,poplar,58402,59557.7,2324.7,13.88,0.901
R6356,poplar,63286.9,59658.6,3447.8,-40.69,1.063
R6357,pine,-65936.3,60346,6843.9,19.26,0.872
R6358,elm,-58055.2,62227.4,4142.9,10.93,1.031
R6359,poplar,-50527.9,62112.3,3578.2,-5.07,0.855
R6360,jujube,-5919.1,61008.1,3132.7,66.51,1.039
R6361,poplar,10093.2,61184.6,2355.5,86,1.106
R6362,poplar,19799.2,61824.2,1980.4,-105.58,1.04
R6363,poplar,24078.4,61201.9,2424.6,-92.7,0.82
R6364,pine,40840.1,60013.1,3909.6,-22.5,0.967
R6365,jujube,57354.5,62186.2,3599.8,-220.1,1.077
R6366,pine,64874.6,60997.6,3639.8,-53.47,1.149
R6367,elm,68333.4,61819.9,4038.5,-185.6,0.929
R6368,pine,-63650.1,63078.7,6556.2,-184.35,0.919
R6369,elm,-59648.5,64450.4,3670.6,-192.27,0.965
R6370,pine,-57755,64720.5,3889,-22.23,1.028
R6371,pine,-54877,64904.7,4632.7,-59,1.134
R6372,elm,-51277,63675.3,3922.4,-172.95,0.871
R6373,jujube,6518.5,63826.5,4125.8,-53.77,0.858
R6374,jujube,15839.1,64474.1,3781.1,18.07,1.037
R6375,jujube,19338.6,64731.1,3160.4,-43.96,0.97
R6376,elm,24275.7,64454.1,3021.2,51.21,1.023
R6377,elm,28739.5,62746.1,3349.5,-169.27,0.823
R6378,poplar,38246.5,63592.3,5081.1,-41.46,1
R6379,elm,62376,64091,3637.7,-31.38,1.114
R6380,poplar,66254.4,64369.2,3914.1,0.93,0.855
R6381,pine,-62215.2,65658.9,5464.7,-175.34,0.866
R6382,jujube,-49373.8,67567.6,4685.8,-108.85,0.824
R6383,poplar,-47717.3,66250.1,4007.1,-78.62,0.997
R6384,pine,-34161.7,67329.2,3931.1,-47.95,1.083
R6385,elm,-29739,65798.3,3678.7,-24.41,0.881
R6386,poplar,-5284,66106,5148.5,-130.21,1.054
R6387,pine,10826,66601.8,5411.8,-17.34,0.994
R6388,elm,18015.2,66414,3831.9,-184.01,1.141
R6389,elm,25967.8,67004.2,4198,-112.72,0.826
R6390,elm,37288.3,67162.6,5280.5,-215.91,0.973
R6391,elm,51255.1,65726.1,5793.4,-78.56,1.051
R6392,poplar,54046.7,66689.3,5199.5,-25.91,1.125
R6393,pine,56961.4,67651.5,4763.4,-15.37,1.076
R6394,elm,-65664.8,67971.4,5755.7,-100.16,0.853
R6395,poplar,-63800.5,69532.9,5202.1,-84.45,0.888
R6396,elm,-5954.4,69156.8,5397.9,-92.03,1.083
R6397,poplar,1532,68293.8,5508.5,-155.26,1.094
R6398,poplar,7200.4,67881.7,5844.4,-86.44,0.94
R6399,poplar,33884.6,69519.6,4756,-194.39,0.951
R6400,poplar,59959.4,67826.5,4214.5,-238.49,1.122
R6401,poplar,64912.6,69519.5,4743.7,-263.1,1.029
R6402,pine,68069.8,68256.5,5191.6,-225.28,1.109
R6403,shrub,-56790.2,-69386.7,6307.8,47.5,1.231
R6404,shrub,-27350.1,-69560.8,4772.4,-211.69,1.225
R6405,shrub,321.3,-68987.4,7084.8,4.11,0.957
R6406,shrub,5287,-69343.4,7204.2,-83.96,0.705
R6407,shrub,22370.2,-69499.1,6226.8,81.29,1.194
R6408,shrub,25612.8,-69213.5,6053.3,-130.48,0.975
R6409,shrub,39664.9,-68963.7,4764.4,-219.77,1.103
R6410,shrub,58704.1,-69520.8,5845,-247.98,0.956
R6411,shrub,62594.8,-69310.4,6561.2,-224.93,1.013
R6412,shrub,-61626.4,-67900.1,5618.2,-10,1.039
R6413,shrub,-49979.1,-68269.2,6728,-116.93,1.118
R6414,shrub,-46638.5,-68621,5554.5,-249.07,0.965
R6415,shrub,-28238.7,-68895.1,4769.6,16.64,0.904
R6416,shrub,-19465.8,-68400.3,5327.9,77.85,0.954
R6417,shrub,-6358.8,-67892.1,5967.6,-115.81,1.381
R6418,shrub,-5193.2,-68506.2,6176.1,-106.81,1.305
R6419,shrub,11941,-67881.8,5502.7,-112.58,1.114
R6420,shrub,22503,-68172.1,6633.4,-59.01,1.024
R6421,shrub,51841.7,-68190.6,5305,-178.14,1.182
R6422,shrub,61345.9,-68682.8,7005.9,-237.44,0.845
R6423,shrub,-65617.2,-67545.1,5436.9,-69.82,0.872
R6424,shrub,-65281.5,-66951.1,4996.3,88.38,1.148
R6425,shrub,-60766.2,-67131.5,6136.5,59.25,1.218
R6426,shrub,-57044.5,-67497.1,5668.6,-0.02,0.71
R6427,shrub,-37496.9,-66947.6,4637,-135.38,1.009
R6428,shrub,-23796.5,-66808.2,5599.4,-252.87,1.029
R6429,shrub,-6893.5,-66747.1,5950.8,-73.43,0.803
R6430,shrub,-1952.4,-66879.1,5950.6,-57.88,1.141
R6431,shrub,59868.6,-67641.6,5825.5,-267.85,0.791
R6432,shrub,-46948.2,-66113,6028.5,-183.43,1.277
R6433,shrub,-44478,-66476.2,6108.9,51.86,1.216
R6434,shrub,-10815.4,-65790.1,5737.8,-140.63,1.045
R6435,shrub,-1884.4,-65759.8,5645.1,41.87,1.281
R6436,shrub,9277.1,-66404.6,5739.6,-51.99,0.891
R6437,shrub,13042.5,-66490.1,5174.9,-65.7,1.034
R6438,shrub,42106.3,-65793.1,5570.9,-4.46,0.945
R6439,shrub,46406.7,-65608.8,5472.6,35.64,0.891
R6440,shrub,62947.6,-66426.8,6820.6,-31.08,0.728
R6441,shrub,-67700.5,-64838.1,5643.8,9.63,1.238
R6442,shrub,-65975.9,-65250.6,5006.8,-186.33,1.032
R6443,shrub,-48533.6,-65010.8,5779.3,-229.12,0.751
R6444,shrub,-34341.2,-64916.8,3671,-96.09,1.286
R6445,shrub,-31322.8,-64663.8,4033.6,75.08,1.394
R6446,shrub,-5568.7,-65143,5347.8,-211.32,1.034
R6447,shrub,11056.1,-64627.6,4954.9,-106.59,0.701
R6448,shrub,11969.5,-65521,5148.4,84.28,1.226
R6449,shrub,20082.4,-64577.8,6271.4,83.14,1.373
R6450,shrub,21457.8,-65347,6191.8,-180.07,1.093
R6451,shrub,27380.7,-64805.1,4713.8,65.76,0.995
R6452,shrub,48764.4,-64671.6,5115,-119.68,1.089
R6453,shrub,48996.5,-65577.2,4796.4,-33.58,0.984
R6454,shrub,62052.4,-64855.2,6139.5,63.34,0.976
R6455,shrub,68827.5,-64970,5557.6,12.24,1.157
R6456,shrub,-54571.1,-63986.5,5080.3,-52.7,0.996
R6457,shrub,-45082.6,-64210.8,5440.5,-31.01,1.109
R6458,shrub,-33980.9,-64481.2,3577.1,59,1.028
R6459,shrub,-15325.5,-64270,4770.6,-247.09,0.761
R6460,shrub,22567.1,-64343.2,5770.1,-53.43,1.116
R6461,shrub,27155.2,-63775.2,4869.5,-200.94,0.756
R6462,shrub,49500.6,-63729.9,4671.7,-22.88,1.08
R6463,shrub,50690.2,-63802.7,4602.5,-108.45,0.994
R6464,shrub,51901.2,-64084.4,4784.5,-144.23,1.312
R6465,shrub,53628.9,-63629.3,4197.5,-52.18,0.912
R6466,shrub,67557.8,-63865.6,4905.8,-119.82,1.253
R6467,shrub,-55841,-62480.1,4505.2,-57.44,1.311
R6468,shrub,-27792,-62564.8,4403.2,-147,1.386
R6469,shrub,-21903.7,-62361.4,5242.8,-169.34,0.739
R6470,shrub,1222.5,-62800.3,5168.2,28.53,0.832
R6471,shrub,16656.4,-62789,5682.2,-7.29,1.118
R6472,shrub,55558.1,-62443.7,4200.9,-136.11,0.987
R6473,shrub,62356.7,-63223.8,5402.3,-16.8,1.291
R6474,shrub,64270.6,-62426.3,4856.7,19.77,0.993
R6475,shrub,-56456.6,-61512.6,4565.5,33.68,0.987
R6476,shrub,-51249.1,-61749.2,4728.8,-148.52,1.362
R6477,shrub,-32564.8,-61426.9,3749.6,-82.19,1.156
R6478,shrub,-29447,-62118,4292.3,-181.89,0.851
R6479,shrub,-16224.8,-61421.2,5330.9,-51.94,1.192
R6480,shrub,-4867.8,-61843.5,5231.8,75.47,1.229
R6481,shrub,15244.6,-61242.7,5729.4,-10.79,1.379
R6482,shrub,26349.7,-61815.3,4289,3.93,0.841
R6483,shrub,39514.1,-61416.9,4521.6,32.49,1.231
R6484,shrub,66287.4,-61515.4,4698.8,67.92,1.2
R6485,shrub,-40592.4,-60558.1,4865.9,48.12,0.807
R6486,shrub,-39519.8,-60710.8,4968.3,-164.26,0.981
R6487,shrub,-34881.9,-60584.4,3799.2,-46,0.878
R6488,shrub,-24340.8,-61057.5,4878.2,1.73,0.706
R6489,shrub,-22592.1,-60406.5,4947,22.61,1.241
R6490,shrub,25226.6,-60839.3,3961,-171.75,1.056
R6491,shrub,26483.2,-61198.2,4090.1,-47.39,1.009
R6492,shrub,49239.9,-60413.7,3519.2,-123.31,1.149
R6493,shrub,51354.5,-60508.2,3135.8,53.81,1.106
R6494,shrub,56298.7,-60944.6,4121.9,54.17,1.184
R6495,shrub,56845.9,-60752.8,4144.1,11.56,0.995
R6496,shrub,-53523.2,-59673.9,4063.7,-160.89,0.845
R6497,shrub,-45490.4,-59697.4,5646.3,-235.64,1.386
R6498,shrub,-36854.5,-59815.3,4105.5,-160.09,1.122
R6499,shrub,-24564.3,-59688.7,4609.4,-168.27,1.051
R6500,shrub,-14919,-59082.5,4212,-263.15,1.08
R6501,shrub,-11373.8,-59110.9,3989.3,-6.96,1.171
R6502,shrub,-6782.9,-59833.8,4305.3,-22.86,0.771
R6503,shrub,-4352.1,-59507.9,4846.9,13.28,1.3
R6504,shrub,2816.4,-60076.2,4977.1,-152.19,1.108
R6505,shrub,35176.5,-59841.8,3442,-226.99,0.849
R6506,shrub,46925.2,-59908.8,4083.5,-234.36,0.816
R6507,shrub,57232,-60005.5,4211.4,-235.38,0.858
R6508,shrub,69008.8,-59497.3,4090,-55.83,0.815
R6509,shrub,-53869.7,-58675.2,3858.8,-213.18,0.938
R6510,shrub,-24814.4,-58666.6,4299.7,-161.22,0.917
R6511,shrub,-14722.5,-57914.6,3782.2,-14.38,1.058
R6512,shrub,-10883.4,-58294.4,3547.9,-264.82,0.772
R6513,shrub,5305.1,-58978.5,4816.4,66.51,1.355
R6514,shrub,16940.3,-58959.7,4788,-0.52,0.716
R6515,shrub,43286.8,-58070.6,4000.7,-58.73,1.327
R6516,shrub,-67476.7,-57246.2,5932.2,-55.95,1.069
R6517,shrub,-64500.9,-57005.1,5794,-112.81,0.866
R6518,shrub,-57745.2,-57242.9,4556.3,-267.07,1.113
R6519,shrub,-21952.3,-57025.1,3107.6,-204.06,0.944
R6520,shrub,-14778,-57831.6,3757.4,76.74,1.004
R6521,shrub,-1652.8,-57411,4303.3,-70.56,0.812
R6522,shrub,7905.6,-57296.2,4979.3,-155.28,1.15
R6523,shrub,11464.2,-57480.2,4519.1,-104.05,1.061
R6524,shrub,35407.7,-57485.8,3824.6,-121.96,1.251
R6525,shrub,61584.2,-57495.6,4181.3,-91.36,0.767
R6526,shrub,-59210.8,-55918.1,5990.1,71.83,0.993
R6527,shrub,-32992.2,-55939.3,3034.9,-27.85,0.733
R6528,shrub,-21514.6,-56114.9,2860.7,72.27,1.255
R6529,shrub,-8926.2,-55728.3,2717.1,88.67,0.806
R6530,shrub,-8200.7,-56767.4,3224.8,-181.41,0.775
R6531,shrub,2956.9,-55866.9,3705.6,-239.69,0.94
R6532,shrub,9567.3,-56344.6,4277,-96.33,1.102
R6533,shrub,45391.6,-56683.5,2868.1,-60.51,0.917
R6534,shrub,51109.1,-56495.8,3010.9,26.44,0.976
R6535,shrub,62741.2,-56612.6,3642.9,-48,1.031
R6536,shrub,63469.1,-56268.4,3596.6,-118.73,1.17
R6537,shrub,-46488.5,-55681.8,4960.8,-57.18,1.219
R6538,shrub,-44930.2,-55047.7,4803.8,-158.18,1.251
R6539,shrub,-28103.6,-55481.1,3397,-177.59,0.884
R6540,shrub,5434.9,-55675.4,4098.6,-78.5,1.357
R6541,shrub,14768.5,-55632.3,3331,-56.9,0.792
R6542,shrub,32647.8,-55699,3146,-183.11,1.31
R6543,shrub,52546.9,-54687.5,3269.9,27.87,1.304
R6544,shrub,61908.8,-55166.1,3979.9,34.7,0.882
R6545,shrub,68057.2,-54838.4,4485.6,-59.32,1.392
R6546,shrub,-64927.4,-53503.8,6570.8,26.44,0.73
R6547,shrub,-48139.9,-54122.2,4777.5,-136.73,0.836
R6548,shrub,25421.2,-54246.5,2306.2,-91.06,1.318
R6549,shrub,41049.2,-54046.6,3393.4,-64.98,0.852
R6550,shrub,45810.2,-54590.4,2776.6,-40.6,1.149
R6551,shrub,49522.4,-53520.4,2330.5,-222.21,1.133
R6552,shrub,-62008.6,-52421.2,5784.4,-225.52,0.707
R6553,shrub,-58615.6,-52831.4,6479.6,-100.31,1.268
R6554,shrub,-11631.8,-52970.4,1944.8,-119.52,1.128
R6555,shrub,1180,-53203.5,3151.8,-258.68,1.342
R6556,shrub,11734.8,-52494.8,2647.5,48.05,0.755
R6557,shrub,31719.9,-53111.1,2429.6,-222.52,1.219
R6558,shrub,64473.3,-52784.3,3085.3,24.85,0.849
R6559,shrub,-47219.8,-51431,5130.3,-241.28,1.04
R6560,shrub,-8020.9,-51813.2,2266,-28.52,1.26
R6561,shrub,3847.1,-51565.1,2860.8,42.19,0.969
R6562,shrub,19940.2,-51924.6,2563.2,-98.03,1.299
R6563,shrub,29146.4,-52167.8,1920.1,44.94,1.247
R6564,shrub,41832.8,-51304,2302.8,-83.54,1.249
R6565,shrub,58829.7,-51597.8,3117.4,-259.56,1.18
R6566,shrub,-48116,-50714.1,5561.4,14.34,0.856
R6567,shrub,-34512.4,-50352.2,2382.1,-97.39,0.915
R6568,shrub,-8669.1,-50945.4,2194.2,-173.4,1.399
R6569,shrub,1156.3,-51122.7,2513.7,25.95,1.077
R6570,shrub,22355.1,-51058.4,1859.4,-217.18,0.906
R6571,shrub,35301.4,-51167.2,2684,-131.29,1.359
R6572,shrub,36115.8,-50959.6,2844.2,-219.31,1.301
R6573,shrub,49342,-50368.3,1576.3,82.7,0.969
R6574,shrub,-24621.9,-49986.2,2725.6,49.65,1.219
R6575,shrub,-20155.8,-49717.6,2386.7,-231.53,1.139
R6576,shrub,-4147.6,-49403.2,2201.1,62.56,1.218
R6577,shrub,4050.1,-49703.3,2391.2,3.18,0.882
R6578,shrub,14165,-49892.9,2272,-255.13,0.781
R6579,shrub,14918.5,-49241.4,2051.7,-252.02,0.98
R6580,shrub,19671.5,-50178,2423.1,33.01,0.988
R6581,shrub,38468.3,-50116.9,2547.7,-181.84,1.39
R6582,shrub,57459.4,-50168,2476.9,-207.67,1.075
R6583,shrub,-44872.2,-48400.7,4645,60.66,0.708
R6584,shrub,-19997.7,-48120.6,2030.2,33.12,0.881
R6585,shrub,2360.2,-49060.4,2177.3,-246.81,1.169
R6586,shrub,8870,-48560.8,1581.1,-44.69,0.926
R6587,shrub,30314.1,-48852,1431.9,-178.75,0.761
R6588,shrub,68866.5,-48641.3,4304.6,-178.99,0.909
R6589,shrub,-51324.6,-47688.1,6279.7,21.17,0.937
R6590,shrub,-47607.6,-47920.8,5762.8,-13.64,1.233
R6591,shrub,-45618.1,-47276.1,4626.8,-205.14,0.879
R6592,shrub,-41617.9,-47090,4245.6,-45.1,0.7
R6593,shrub,-19654.9,-47716.2,1847.2,-31.85,0.771
R6594,shrub,-19037.6,-47432.4,1748.9,-266.94,0.962
R6595,shrub,-7905.2,-47585.6,1872.8,-84.92,1.132
R6596,shrub,-5275.5,-47013.1,1875.6,-130.12,1.326
R6597,shrub,-1885.6,-47988,2012.7,-269.24,0.724
R6598,shrub,5591.2,-47532.4,1900.8,-166.31,1.233
R6599,shrub,35304.6,-47070.3,1806.6,25.82,1.278
R6600,shrub,41804.7,-47974.8,2001.9,-235.99,1.201
R6601,shrub,61712.8,-47779.1,2832.8,-237.04,0.856
R6602,shrub,63049.3,-47560.2,3300.6,-264.88,0.83
R6603,shrub,-19668.1,-46348.4,1592.1,-209.08,1.373
R6604,shrub,-9659.6,-45913.2,1617.7,56.51,1.195
R6605,shrub,27271.1,-45863.2,1023.9,-173.94,1.347
R6606,shrub,28982.1,-46100.9,1047.7,54.11,1.33
R6607,shrub,32059.7,-46440.2,1335.8,-212.32,1.023
R6608,shrub,43249.5,-46166.1,1620,-22.13,1.051
R6609,shrub,-67852.8,-45686.7,6661.9,-159.07,1.028
R6610,shrub,-52517.1,-45030.1,7130.7,-238.57,1.294
R6611,shrub,-41143,-45457.4,3699.3,-184.11,1.19
R6612,shrub,-36256.7,-45248.5,2011.5,-245.63,1.361
R6613,shrub,-30740.2,-45401.6,1510.3,-154.1,1.104
R6614,shrub,16478.2,-45509,1072,50.19,0.8
R6615,shrub,19749.2,-45427.9,988.4,-102.68,0.842
R6616,shrub,42995.9,-44839.1,1541.4,-243.77,0.918
R6617,shrub,-60058.4,-44623.8,7200.8,54.35,1.121
R6618,shrub,-30301.7,-44636.9,1480.1,89.76,1.186
R6619,shrub,-22371.6,-44408.4,1468.7,77.93,0.825
R6620,shrub,-20054.1,-44402.9,1470.5,-170.88,1.376
R6621,shrub,-2949.5,-43613.5,1668,-205.46,0.925
R6622,shrub,2292.2,-43870.5,1747,-98.68,0.976
R6623,shrub,6609.2,-43724.7,1501.8,-67.27,0.999
R6624,shrub,-62029.4,-42658.2,8089.8,2.01,0.964
R6625,shrub,-33302.4,-43509.8,1545.4,54.18,1.292
R6626,shrub,-17519.6,-42931.4,1338.9,15.31,1.043
R6627,shrub,2157.7,-43428.2,1716.4,-53.68,1.152
R6628,shrub,7482.8,-43316.6,1447.9,63.81,0.917
R6629,shrub,23175.3,-43427,997.4,69.95,1.107
R6630,shrub,25763,-42503.1,1048.5,-31.43,1.283
R6631,shrub,55583.2,-43388.2,2032.4,-223.87,1.366
R6632,shrub,-63422.8,-41425.4,8210.2,-169.89,0.802
R6633,shrub,-46054,-41596.8,4909.6,-250.23,1.313
R6634,shrub,-27956.1,-41775.1,1205.3,-233.73,1.056
R6635,shrub,-21786.5,-41491.7,1241.3,-82.51,1.193
R6636,shrub,-9777.8,-41548.5,1411.7,-110.16,1.129
R6637,shrub,-1488.7,-42470.2,1658.9,-170.71,1.343
R6638,shrub,24756,-41884.5,948.3,-244.59,0.704
R6639,shrub,44995.4,-42461.8,1327.3,-45.49,1.088
R6640,shrub,-46835.7,-41230.9,5561.7,-152.77,1.263
R6641,shrub,-45037.1,-40877.1,4716.6,-117.11,1.153
R6642,shrub,-29681.3,-41237.9,1228.6,-221.82,1.208
R6643,shrub,-21652,-41218.8,1263.2,-191.81,1.128
R6644,shrub,-2954.6,-40954,1535.9,28.05,0.87
R6645,shrub,32877.2,-41107.8,960.7,27.03,0.701
R6646,shrub,42618.1,-41315.9,1351.6,85.04,1.37
R6647,shrub,58570.1,-41358.8,2707.2,-191.04,1.206
R6648,shrub,59793.2,-41217.2,2990.1,-189.15,1.219
R6649,shrub,18931.8,-40032.3,738.1,75.08,0.78
R6650,shrub,20356.6,-39963,811,-249.91,1.162
R6651,shrub,26933,-39331.4,790.1,-97.25,0.767
R6652,shrub,44661.6,-40097.8,1275.4,-227.72,1.387
R6653,shrub,60714.3,-39227.9,2929.5,-264.6,1.23
R6654,shrub,-60876.4,-39123.4,8404.3,-84.98,1.032
R6655,shrub,-51610.8,-38889.5,6781.3,-13.26,0.98
R6656,shrub,-33139.2,-38314.2,1593.3,83.72,1.125
R6657,shrub,-26178.4,-39060.2,1031,-95.6,0.93
R6658,shrub,12191.8,-38415.7,1302.3,-85.79,0.868
R6659,shrub,18147.3,-38515.9,707.3,-267.48,0.896
R6660,shrub,38218.7,-38315.3,1135.7,-78.71,1.095
R6661,shrub,47338.8,-38858.5,987.3,31.29,0.877
R6662,shrub,66367.1,-39022.8,4059,-44.86,1.053
R6663,shrub,66834.2,-38482,4418.7,-266.11,1.016
R6664,shrub,-31424.8,-37658.2,1353.3,-2.47,1.314
R6665,shrub,-24757.4,-37665.3,1040.6,-110.13,0.845
R6666,shrub,-16183.9,-37570.8,1115.1,-203.45,0.799
R6667,shrub,-13774.2,-37949.5,1070.1,44.99,0.817
R6668,shrub,-8951.6,-37882.7,1457.3,-229.33,1.115
R6669,shrub,24184.6,-37836.1,790.1,-218.83,1.045
R6670,shrub,-52728.3,-35923.1,5433.8,-108.54,0.731
R6671,shrub,-43297.3,-36562,3585.5,-119.83,1.108
R6672,shrub,-13735.9,-35941.4,1123.3,83.22,1.172
R6673,shrub,-4971.9,-36408.6,1634.6,8.94,0.958
R6674,shrub,1817.3,-36919,1366.7,-203.19,1.001
R6675,shrub,6021.9,-36606.2,1387.9,58.33,0.885
R6676,shrub,13074.3,-36013.8,1120.7,68.76,0.75
R6677,shrub,18586.4,-36785.4,748.8,-255.87,0.905
R6678,shrub,25876.5,-36019.5,755.5,35.91,1.362
R6679,shrub,29440.3,-35925.7,884,-224.28,0.759
R6680,shrub,32189.4,-36921.4,979,85.6,1.07
R6681,shrub,36546.7,-36083.1,1026.7,-165.19,1.23
R6682,shrub,39350.8,-36857,1023.6,-237.35,1.094
R6683,shrub,-58265.7,-34946.3,6012.8,-188.64,1.113
R6684,shrub,-50837.3,-35540.1,4976.3,32.11,0.71
R6685,shrub,-46696.1,-35742.5,4540.1,-121.51,1.221
R6686,shrub,-41775.4,-35068.8,2923.4,-58.7,1.364
R6687,shrub,-32658.7,-35319,1337.4,-29.4,0.844
R6688,shrub,-894.3,-35416.2,1424.8,-128.81,1.049
R6689,shrub,2166.4,-35052.5,1480.9,-262.8,1.259
R6690,shrub,4702.7,-35557.6,1434.9,-253.67,1.127
R6691,shrub,10491.8,-35813.4,1250.1,-2.34,0.753
R6692,shrub,16881.4,-35204.8,836.3,-82.93,1.026
R6693,shrub,30344.9,-35316.2,873.3,-131.18,1.378
R6694,shrub,42262,-35558,1236.9,-223.67,1.211
R6695,shrub,45232.2,-35421.7,1322.7,41.85,0.762
R6696,shrub,48892.5,-35218.1,1135.1,-45.9,1.185
R6697,shrub,57270.9,-35730.8,2025.6,80.88,0.876
R6698,shrub,-56719.8,-34364.7,6482.3,-11.38,1.028
R6699,shrub,-40401.3,-34400.9,2444,-56.09,1.166
R6700,shrub,-16238.5,-34605,1222.2,-203.63,1.153
R6701,shrub,-12455.9,-34180.3,1270.8,-248.87,1.182
R6702,shrub,-7541.3,-34374.7,1427.4,-244.25,1.324
R6703,shrub,-5154.4,-34270.2,1670.1,-138.76,1.236
R6704,shrub,-2052.3,-34064.6,1536.4,-30.88,0.868
R6705,shrub,7014.3,-34231.5,1396.9,4.66,0.818
R6706,shrub,18749.5,-33936.3,741,-131.11,1.266
R6707,shrub,40529.9,-33831.9,1164,-259.91,1.299
R6708,shrub,64727.8,-34582.5,3352.1,-207.46,0.888
R6709,shrub,-50113.1,-33496.8,4115,58.77,1.178
R6710,shrub,-47522.2,-33212.4,3943,48.93,0.882
R6711,shrub,-37106.6,-33170.4,1552.6,-11.74,1.385
R6712,shrub,-36990.1,-33616.9,1676.2,-223.85,0.837
R6713,shrub,-28286.2,-32710.5,1333.5,-106.99,1.166
R6714,shrub,-19449.2,-32682.1,1487.1,-191.57,1.156
R6715,shrub,-12315.1,-33173.2,1320,-170.82,1.333
R6716,shrub,28627,-33289.6,887.7,-42.38,1.002
R6717,shrub,45851,-32929.3,1170.2,-263,1.282
R6718,shrub,55252.6,-33278.9,1554.1,-213.89,0.955
R6719,shrub,57697.5,-33164.5,2028.6,-225.19,1.264
R6720,shrub,-66740.5,-31846.3,6519.7,-201.19,1.263
R6721,shrub,-60596.7,-31858.7,6552.2,-186.02,1.187
R6722,shrub,-50412.2,-32159.7,3996.3,-111.45,0.833
R6723,shrub,-47199.3,-31680.6,3337.2,-233.68,1.092
R6724,shrub,-44619.8,-31864.2,3125.1,-240.84,0.968
R6725,shrub,-24926.6,-31991.7,1408.1,-7.28,1
R6726,shrub,-18218.6,-32087.5,1484.9,-79.37,1.392
R6727,shrub,-11446.8,-31675,1440,-218.03,0.789
R6728,shrub,-8286,-31551.3,1389.4,-103.67,0.842
R6729,shrub,17207.5,-32573.1,785.7,-111.15,1.069
R6730,shrub,31292.3,-31934.5,939.9,-200.68,1.008
R6731,shrub,56441.2,-32344,2142.4,-261.41,1.266
R6732,shrub,-63053.9,-31304.5,5614.3,-141.94,1.213
R6733,shrub,-55774.3,-30522.4,4762.4,-104.02,1.354
R6734,shrub,-54910.7,-31361.6,5275.7,84.95,1.23
R6735,shrub,-53357.5,-30792.8,4505.3,-78.4,0.7
R6736,shrub,-52345.4,-30650.8,4092.2,-130.05,1.023
R6737,shrub,-47273.5,-30881.3,3227.3,46.02,0.854
R6738,shrub,-43715.6,-31385.3,2954.7,19.4,0.775
R6739,shrub,-41018.8,-30531.9,1978.6,-226.95,0.928
R6740,shrub,-39045.1,-31375.3,1786.7,72.38,0.906
R6741,shrub,-37120.6,-31057.9,1566.7,7.55,1.215
R6742,shrub,-32548.6,-31378.9,1371.2,35.36,1.208
R6743,shrub,4677.4,-30442.1,1307.5,-146.94,1.34
R6744,shrub,62674.7,-31319.2,2607.9,-198.39,1.104
R6745,shrub,67006.5,-31465.6,4276.7,-21.34,1.036
R6746,shrub,68378.8,-30763.7,4468.9,12.95,0.981
R6747,shrub,-68344.7,-29822.2,6402.4,-198.7,1.348
R6748,shrub,-52273.6,-29500.4,3868,-61.56,1.207
R6749,shrub,-49547,-30284.3,3580.2,-29.51,0.884
R6750,shrub,-44971,-29473.1,2514.8,-240.33,0.882
R6751,shrub,-42338.7,-30101.3,2106.4,-186.84,1.054
R6752,shrub,-41110.4,-30035.1,1933.9,-102.37,0.957
R6753,shrub,-39414.5,-29406.1,1560.5,-14.5,1.182
R6754,shrub,-18222.8,-30328.9,1481.8,-54.68,1.147
R6755,shrub,4523.4,-29627.2,1327.7,-92.15,1.3
R6756,shrub,9691.3,-29567.4,973.3,24.71,0.709
R6757,shrub,25658.3,-29936.6,900,78.63,1.354
R6758,shrub,31252.3,-30365.2,978,-39.21,0.785
R6759,shrub,38481.9,-29832.8,1254.5,-149.37,1.349
R6760,shrub,45360.5,-29350.9,1061.7,-170.9,0.763
R6761,shrub,50103.4,-29563.1,1360.6,-66.95,1.386
R6762,shrub,68566.3,-30332,4453.1,-198.6,0.971
R6763,shrub,-64074.7,-29197.7,5468.4,69.7,0.835
R6764,shrub,-58082.1,-28401.5,5391.2,-23.75,0.783
R6765,shrub,-54135.9,-29063.5,4010.9,31.6,0.907
R6766,shrub,-52732.1,-29011.8,4033.8,-240.77,0.872
R6767,shrub,-44153.8,-29213.8,2519.7,-208.71,0.74
R6768,shrub,-37845.5,-28387,1317.2,-258.74,1.202
R6769,shrub,-34820.2,-28423.5,1125.3,-189.73,1.076
R6770,shrub,-26065.9,-28255,1450.8,-79.3,0.718
R6771,shrub,-14384.7,-28925.5,1439.9,-149.83,0.833
R6772,shrub,-3449.3,-28632.2,1468.3,-56.43,1.133
R6773,shrub,1766.8,-29164.8,1463,-263.48,0.83
R6774,shrub,11212.9,-28212.8,821.4,-67.4,0.888
R6775,shrub,23233.1,-29124.8,698.3,-101.55,1.224
R6776,shrub,27359,-29169,1028.2,-249.99,1.269
R6777,shrub,42856.3,-28253.6,1189.7,-242.01,0.758
R6778,shrub,45894.1,-29157,1089.7,-70.88,1.343
R6779,shrub,52053,-28783.9,1574.7,-191.15,0.861
R6780,shrub,53302.3,-28465.7,1585,7.4,1.275
R6781,shrub,62376.5,-28993.4,3451.6,-203.67,0.982
R6782,shrub,66069.5,-28254.3,3542.5,-111.1,0.79
R6783,shrub,-62878.1,-27779.7,5339.4,22.05,0.962
R6784,shrub,-61716.7,-27271.4,5612.5,2.04,0.841
R6785,shrub,-52175.3,-27964.8,3318.3,-218.22,0.835
R6786,shrub,-48162.7,-27644.4,2402.8,-7.68,0.991
R6787,shrub,-47146.8,-27917,2297.9,36.42,1.388
R6788,shrub,-42626.2,-27432.3,1944.6,-36.12,1.17
R6789,shrub,-20319.1,-27510.1,1528.8,-225.25,1.229
R6790,shrub,6310.1,-27444.7,1228.1,-175.73,0.828
R6791,shrub,52534.4,-27458.6,1275.5,-168.75,1.191
R6792,shrub,61639,-27627.5,3435.5,-32.97,1.374
R6793,shrub,-58301.4,-26667.5,5142.4,-165.04,0.989
R6794,shrub,-51584.8,-27085.3,3015.9,60.92,1.319
R6795,shrub,-50111.5,-26056.7,2594.1,25.73,1.008
R6796,shrub,-47654.7,-26967.1,2158.1,14.42,0.993
R6797,shrub,-45995.8,-26396,1840.1,-193.51,1.024
R6798,shrub,-44960.2,-26375.7,1889.3,-93.93,1.321
R6799,shrub,-24406,-26362.8,1655.2,-94.49,0.847
R6800,shrub,-18696.2,-26734.3,1495.2,-8.8,0.747
R6801,shrub,4104.4,-26068.3,1145.2,-138.12,1.326
R6802,shrub,9597.4,-26710.1,936.8,-55.93,1.205
R6803,shrub,21928.9,-27005.7,618.7,-50.46,1.152
R6804,shrub,32887.2,-27086.7,1019.3,-25.83,0.877
R6805,shrub,37956.2,-26141,1183.6,-116.73,0.745
R6806,shrub,42036.3,-26093.6,1248.3,-161.11,0.716
R6807,shrub,54263.9,-26110.9,1223.8,-90.48,1.337
R6808,shrub,-61368.7,-25903.5,5441.2,-98.05,1.2
R6809,shrub,-59366.7,-25509.1,5461.7,32.16,0.942
R6810,shrub,-54741.6,-25987.9,3537.6,28.23,1.264
R6811,shrub,-48175.5,-25633.6,2183.9,20.17,1.243
R6812,shrub,-46857.4,-25011.1,1829.8,-77.26,1.199
R6813,shrub,-40470.8,-25334.4,1503.5,87.44,1.008
R6814,shrub,-18815.9,-25742.9,1506.5,-235.83,1.359
R6815,shrub,-6540.2,-25733.7,1397.6,-269.82,1.363
R6816,shrub,15884.6,-25786.2,961.9,-221.35,1.187
R6817,shrub,37134.7,-25998.6,1260.5,29.22,1.121
R6818,shrub,-69245.4,-23995.9,7566.4,83.55,0.756
R6819,shrub,-61103.6,-23928.8,5252.9,-265.64,1.109
R6820,shrub,-43344.1,-24342,1611.9,-205.99,0.892
R6821,shrub,-19726.9,-24594.3,1513.5,-21.7,1.264
R6822,shrub,-19381.8,-24066.7,1505.9,52.44,0.795
R6823,shrub,-17669.7,-24609.8,1430.5,-60.04,1.278
R6824,shrub,42661.4,-23905.4,1091.8,-210.29,1.259
R6825,shrub,49198,-24823.8,1210.3,-115.4,0.98
R6826,shrub,50289.3,-24814,1236.4,-263.96,1.103
R6827,shrub,52722.4,-24686.7,1319.5,-67.97,1.032
R6828,shrub,-66208.4,-23309.5,6606.7,-172.04,0.882
R6829,shrub,-65214,-23416.7,6599.5,-139.35,1.179
R6830,shrub,-62107.8,-23354,5846.9,-9.7,1.306
R6831,shrub,-60589.7,-23023.4,5257.1,-149.91,1.111
R6832,shrub,-59304.5,-23716.9,5345.8,-119.23,1.288
R6833,shrub,-55624.2,-22747.1,3475.9,-220.69,0.88
R6834,shrub,-51444.2,-23327,2667.3,-107.33,0.849
R6835,shrub,-39527.9,-23518.3,1465.5,-229.89,1.176
R6836,shrub,-19450.4,-23525,1563.2,-127.24,0.789
R6837,shrub,11536.8,-23397.2,861.3,-144.7,0.723
R6838,shrub,16929.9,-23232.3,1026.7,65.65,1.188
R6839,shrub,43755,-23027.2,1153.7,76.65,1.175
R6840,shrub,59962.4,-23769.7,2400.7,-39.27,1.161
R6841,shrub,-64324.4,-22197.3,6629.7,-107.72,1.06
R6842,shrub,-56973.8,-22470.1,3958.6,-194.54,0.721
R6843,shrub,-38442.3,-21909.5,1415.8,-131.08,1.208
R6844,shrub,-36264.9,-22459.6,1336.3,-156.94,1.252
R6845,shrub,-9176.1,-21783.9,1475.1,-175.82,1.007
R6846,shrub,-3064.6,-21715.5,1463.8,-165.13,1.157
R6847,shrub,25515.9,-22449.4,985.5,-44.07,0.871
R6848,shrub,65922.7,-22560.7,3675.9,17.8,0.823
R6849,shrub,68551.6,-22642.2,3670.5,-269.02,1.094
R6850,shrub,-66650.8,-21172.3,7117.7,-223.64,1.013
R6851,shrub,-64930,-20564,6703.3,-225.14,0.925
R6852,shrub,-63462.1,-20612.4,6144,-226.15,1.238
R6853,shrub,-62328.8,-21415,5827.5,39.21,1.279
R6854,shrub,-51181,-20914.5,2822.1,-159.7,1.044
R6855,shrub,-43504.2,-21095.2,1365,-58.36,1.267
R6856,shrub,29641.2,-21481.1,1180,-89.01,1.098
R6857,shrub,32684.1,-21398.9,1310.3,-175.16,1.372
R6858,shrub,42394.4,-21453.7,829.8,-107.43,0.982
R6859,shrub,-62341.2,-19732.6,5676.1,-75.54,1.39
R6860,shrub,-60547.6,-19601.5,5300.6,-163.17,1.384
R6861,shrub,-59728.5,-19428.7,4698.9,-210.21,0.996
R6862,shrub,-51952.4,-19844.3,3056.2,-239.82,1.041
R6863,shrub,-44235.1,-20379.6,1430.9,55.48,0.721
R6864,shrub,-42911.1,-19748.1,1374.6,14.27,1.09
R6865,shrub,-13229,-20109,1371.6,29.69,1.272
R6866,shrub,23841.2,-19706.5,1081.3,-13.45,0.761
R6867,shrub,61986.8,-19664.2,3113.6,55.02,0.772
R6868,shrub,64714.2,-20388.1,3657.5,-36.8,1.362
R6869,shrub,-62616.1,-18883,5711.1,28.53,1.265
R6870,shrub,-59287.5,-18926.2,4396.4,-269.36,1.228
R6871,shrub,-58492.5,-18407.3,4100.1,-86.42,1.319
R6872,shrub,-55548.4,-18687.1,3541.9,-14.85,1.176
R6873,shrub,-52995.4,-18746.1,3023.4,40.09,1.099
R6874,shrub,-51043.4,-18512.3,2944.7,-83.68,1.238
R6875,shrub,-49954.4,-18445.2,2283.2,13.3,1.316
R6876,shrub,-46415.9,-18708.5,1340.3,-75.39,1.058
R6877,shrub,-44287.6,-19329,1303.2,32.62,0.882
R6878,shrub,-39240.9,-18454.3,1470.1,-196.62,1.107
R6879,shrub,-36168.5,-19203.3,1436.9,-37.04,0.718
R6880,shrub,-33148.8,-19251.1,1449.2,-78.55,1.046
R6881,shrub,-24113.5,-18487,1431.2,-71.26,0.99
R6882,shrub,-6227.4,-18645.5,1563.2,78.15,0.822
R6883,shrub,-3736.9,-18646.1,1602,-242.33,1.205
R6884,shrub,7806.9,-18347.2,1164.3,52.56,0.797
R6885,shrub,25830.2,-19358.1,1000.4,-138.27,1.128
R6886,shrub,33838.5,-19078.8,1049.2,-172.95,0.755
R6887,shrub,48431.4,-19178.7,1212.2,-39.13,0.833
R6888,shrub,56351.8,-18471.8,1913.8,5.16,0.846
R6889,shrub,67081.7,-19376.1,3976.7,-98.44,0.966
R6890,shrub,-59652.4,-17932.8,4550,-172.02,1.222
R6891,shrub,-57172.1,-17845.4,3609.2,-261.93,0.751
R6892,shrub,-52948.3,-17360.8,3322.8,-166.93,1.226
R6893,shrub,-52357.5,-17410.8,3250.3,-256.96,1.139
R6894,shrub,-43376.5,-18263,1249.5,-217.07,1.112
R6895,shrub,-42236.8,-17884,1198.5,-59.1,1.158
R6896,shrub,-40555.7,-18029.7,1437.9,-213.17,0.771
R6897,shrub,-23654.1,-17936.6,1464.1,-49.9,1.163
R6898,shrub,-19197,-17299.2,1266.9,-27.66,1.105
R6899,shrub,27653.2,-18182.2,991.9,-103.64,1.034
R6900,shrub,28687,-17646.1,1025.1,-230.91,0.916
R6901,shrub,30312.9,-17776.3,1078.9,-18.12,0.708
R6902,shrub,34438.9,-17567.2,927.3,49.83,0.819
R6903,shrub,54878.5,-18195.6,1589.2,-42.09,0.773
R6904,shrub,69047.2,-17493.4,4457.9,88.6,1.133
R6905,shrub,-60668.1,-16284.2,5458.6,-199.99,1.202
R6906,shrub,-42924.5,-16481.8,1108.5,-168.15,1.182
R6907,shrub,-42312.3,-16496.1,1179.5,24.67,0.991
R6908,shrub,-38712.2,-16178.4,1294,34.22,1.14
R6909,shrub,-24529.6,-17129.2,1565.1,26.03,1.071
R6910,shrub,-19702.7,-16930.9,1302.8,-20.86,1.311
R6911,shrub,-952.6,-17017.9,1368.5,-253.27,1.371
R6912,shrub,15523.7,-16217.1,1061.8,-149.11,0.926
R6913,shrub,23011.2,-16678.8,1166.9,-115.11,0.7
R6914,shrub,31129.9,-16344.9,957.8,-161.18,1.289
R6915,shrub,34351.2,-16620.4,974.4,-33.25,0.816
R6916,shrub,63768.2,-16397.8,3543.1,50.46,0.744
R6917,shrub,-59705.3,-15831.6,5162,-159.23,1.142
R6918,shrub,-58565.8,-15527.6,4660.1,70.26,1.299
R6919,shrub,-54643.6,-15944.1,3407,0.49,1.233
R6920,shrub,-36383.7,-15264.9,1406.2,88.35,1.046
R6921,shrub,-28524,-16050.2,1658,-100.14,1.112
R6922,shrub,19823.3,-15829.1,1026,64.32,0.892
R6923,shrub,22023.9,-15410.1,1158.2,-173.66,0.77
R6924,shrub,58202.6,-15301.7,1858.2,-167.73,1.078
R6925,shrub,-65340,-14786.2,6286.5,-262.98,0.915
R6926,shrub,-64107.3,-14554.8,5371.6,-122.23,1.02
R6927,shrub,-57595.3,-14311,3853.2,-191.97,0.891
R6928,shrub,-54270.4,-14237.3,3044.3,14.61,1.38
R6929,shrub,-48914.1,-14568.6,1895.1,-146.6,1.153
R6930,shrub,-47276.2,-14419.4,1363.3,23.89,1.289
R6931,shrub,-44459.7,-14266.5,1218.5,-71.56,1.289
R6932,shrub,-42109.2,-13974.5,1103.8,-181.81,0.714
R6933,shrub,-38283.9,-14556.7,1285.7,-19.52,1.188
R6934,shrub,-35834.5,-14869.2,1391.8,-45.42,0.883
R6935,shrub,34315,-14085.6,1064.7,-121.28,1.384
R6936,shrub,40855.8,-14117.3,1007.4,-47.48,0.849
R6937,shrub,53814.2,-14123.7,1307.6,-20.97,0.991
R6938,shrub,-64001.8,-13737.9,5448.6,-222.79,0.71
R6939,shrub,-55754.1,-13845.6,3230.8,-30.42,1.139
R6940,shrub,-53158.7,-12814.3,2659.1,-237.4,0.833
R6941,shrub,-49184.6,-13533,1705.1,-108.97,1.356
R6942,shrub,-48531.2,-13780.1,1641.4,89.93,1.111
R6943,shrub,-28101.4,-13838.7,1524.4,-260.58,0.835
R6944,shrub,12739.6,-13751.9,1221.6,-61.53,1.255
R6945,shrub,69261,-12900.8,3862.6,-17.01,0.759
R6946,shrub,-63181.7,-11748.3,6502.5,-258.1,0.817
R6947,shrub,-62057.7,-12342.3,5771,12.85,1.016
R6948,shrub,-59815.9,-12508.5,4770.9,72.43,0.98
R6949,shrub,-57673.3,-12300.3,3632.9,-156.04,0.828
R6950,shrub,-48469.4,-11854,1432.4,-249.97,0.704
R6951,shrub,-43085.7,-12358,1051.9,-101.84,1.21
R6952,shrub,-41836.9,-11779.1,957.5,-257.57,1.292
R6953,shrub,-34369.6,-12486.4,1530.9,33.11,1.052
R6954,shrub,-30358,-11816.5,1414.2,29.75,1.297
R6955,shrub,-17256.2,-12164,1506,-82.73,1.392
R6956,shrub,16565.2,-12703.4,1154.6,63.7,0.995
R6957,shrub,26105.7,-11974.4,1298.4,-201.52,1.268
R6958,shrub,50736.7,-11866.8,1073.3,-252.88,1.059
R6959,shrub,54264.9,-12054.2,1514,-120.16,1.399
R6960,shrub,-56162.7,-11566.8,2921.5,69.19,0.961
R6961,shrub,-50832.7,-10971.7,1567.8,-100.11,1.22
R6962,shrub,-48882.8,-11663.9,1441.3,83,1.006
R6963,shrub,-46090.5,-10767,1240.3,-143,0.733
R6964,shrub,-42828.2,-10823.5,953.5,-9.91,1.165
R6965,shrub,-41096,-11633.7,904,-67.67,1.235
R6966,shrub,-26241.5,-11414.7,1476.1,-49.62,0.864
R6967,shrub,-24397.2,-11072.8,1410,-185.83,1.361
R6968,shrub,-19867.5,-10876.5,1294.8,-179.26,1.09
R6969,shrub,-17951,-10773.4,1436.4,-243.16,0.743
R6970,shrub,-15416.2,-11043,1664.3,-97.95,1.161
R6971,shrub,46501.5,-11160.9,1271.3,81.31,0.709
R6972,shrub,54209.5,-11419.1,1494.6,67.98,0.937
R6973,shrub,55635.6,-11571.5,1493.6,-2.08,1.189
R6974,shrub,56599.8,-11233.6,1447.9,-87.01,1.202
R6975,shrub,-59430.4,-9797.3,4516.6,-83.65,1.128
R6976,shrub,-51845.4,-10068.7,1674.1,-106.11,1.169
R6977,shrub,-51041.9,-9523.5,1663.4,-164.3,1.268
R6978,shrub,-45878.1,-10088.2,1194.6,66.26,0.939
R6979,shrub,-44625.6,-9690.2,1055.8,-34.95,0.73
R6980,shrub,59842.6,-10468.9,1618.7,-52.4,1.16
R6981,shrub,68078.8,-10016,3538.1,-75.12,0.767
R6982,shrub,-57191.7,-9126.4,3957.7,-31.83,1.018
R6983,shrub,-53272.1,-8801.1,1986.8,-9.4,0.747
R6984,shrub,-51026.8,-8471.1,1862,-48.73,1.164
R6985,shrub,-28043.7,-8941.5,1525.5,-154.44,0.806
R6986,shrub,17181.6,-9420.6,1290.2,-176.43,1.083
R6987,shrub,59992.2,-9036,1712.9,-3.17,0.726
R6988,shrub,-65191,-7336.9,5601.8,-172.62,1.36
R6989,shrub,-56257.9,-7875.6,3213.1,-250.85,1.03
R6990,shrub,-48330.2,-7315.6,1536.3,-157.97,0.962
R6991,shrub,-36945.9,-8186.7,1068.2,-38.5,1.363
R6992,shrub,48047.6,-7814.7,1531.2,-63.58,0.826
R6993,shrub,-54406.6,-6236.7,2555.2,54.85,1.363
R6994,shrub,-51353.7,-6847.8,1802,33.34,1.02
R6995,shrub,-48156.8,-6781.6,1529.1,-245.84,0.836
R6996,shrub,-45653.9,-6846.7,1148.3,-64.58,0.977
R6997,shrub,-43794.8,-6650.9,995.9,65.5,0.953
R6998,shrub,-19866.3,-6327.4,1154.7,-157.84,0.884
R6999,shrub,31257.6,-6365.5,1279.7,21.31,1.351
R7000,shrub,62870.5,-7298.9,2381.3,23.96,0.835
R7001,shrub,-58738.7,-6064,4871.4,3.2,0.73
R7002,shrub,-52574.2,-5270,2259.2,58.99,1.132
R7003,shrub,-49078.9,-5416.4,1628.1,-231.56,1.182
R7004,shrub,-47217.3,-5604.8,1293,-153.2,1.003
R7005,shrub,-43957,-5939.8,977.6,-130.94,0.767
R7006,shrub,-38430.3,-5674,814.2,29.21,0.841
R7007,shrub,14706.7,-6171.5,1240.1,-165.52,1.355
R7008,shrub,55119.6,-5539.5,2114.7,-1.17,0.745
R7009,shrub,56349.5,-5621.4,2234.4,53.48,1.38
R7010,shrub,67886.6,-5543.2,3959.9,-251.09,1.283
R7011,shrub,61838.9,-4396.6,2645.8,-44.24,0.903
R7012,shrub,-67701.6,-3399.5,5580.9,-139.46,0.955
R7013,shrub,-41411.6,-3302.5,929.4,-230.86,1.358
R7014,shrub,-29176.4,-2999.2,949.5,-72.39,1.031
R7015,shrub,18915.7,-3101.7,1381.8,-36.96,1.148
R7016,shrub,39282.4,-3535.8,1267.3,-64.88,1.331
R7017,shrub,46121.8,-3899.6,1534.3,-240.88,0.723
R7018,shrub,49524.7,-2943.1,1490.4,-128.2,1.063
R7019,shrub,68653.2,-3132.7,4194.7,-57.61,1.063
R7020,shrub,-51822.3,-2156,2766.1,-88.97,1.068
R7021,shrub,-28033.6,-2529.7,1020.9,-73.62,0.757
R7022,shrub,40692.8,-2689.1,1338.8,-4.45,1.169
R7023,shrub,45587.2,-2057.3,1495.1,-163.53,0.707
R7024,shrub,60591,-2163.8,2569.3,-135.46,0.851
R7025,shrub,-65889.9,-1339.4,6335.9,82.11,1.38
R7026,shrub,-46203.1,-810.5,1056.3,12.98,1.076
R7027,shrub,-42641.4,-1362.7,939.5,-175.36,1.18
R7028,shrub,-25698.7,-1261.8,954.6,-143.33,1.154
R7029,shrub,-19661.9,-1490.4,967.6,-245.71,1.113
R7030,shrub,15560.3,-907.7,1388.5,15.1,1.042
R7031,shrub,62840.2,-740.9,3103,-232.6,1.277
R7032,shrub,-60375.5,329.6,4844.4,-29.41,0.749
R7033,shrub,-45320,-587.6,1020.2,74.67,0.795
R7034,shrub,-22843.5,127.4,978.5,0.99,0.721
R7035,shrub,28793.2,-461.5,1296.3,86.03,0.708
R7036,shrub,33965.7,-475.3,1293.2,-208.27,1.099
R7037,shrub,38716.5,36.2,1334.9,-233.84,0.817
R7038,shrub,55663.4,-115.2,2688.8,-254.69,0.879
R7039,shrub,62586.8,325.2,3028.9,-79.61,1.28
R7040,shrub,-64439.3,1293.8,6893.6,-241.48,1.354
R7041,shrub,-62151.1,1258.3,5336.3,-236.73,0.853
R7042,shrub,-60902.8,652.5,4763.4,33.22,1.061
R7043,shrub,-42655.8,581.1,957.4,63.95,1.074
R7044,shrub,-37361.5,824.7,844.2,-194.37,1.047
R7045,shrub,-30192.7,783.2,947.5,-100.21,0.835
R7046,shrub,-26603,852.5,863.1,14.81,0.788
R7047,shrub,-14214.4,1465.2,1153.7,-65.36,0.917
R7048,shrub,15312.6,1494.2,1379.3,-67.52,1.303
R7049,shrub,30588.6,1308.4,1316,5.13,1.272
R7050,shrub,37393.3,1303.3,1331.7,-106.85,1.156
R7051,shrub,60777.8,1036.3,3018.5,22.73,0.945
R7052,shrub,68759.7,1049.3,3770.8,-138.22,1.194
R7053,shrub,-63100.3,2517.5,5451.6,33.53,1.059
R7054,shrub,-50585.7,1924.3,1952,-63.59,0.957
R7055,shrub,-45076.3,1606,1012.5,-91.32,0.901
R7056,shrub,-33288.2,2274.7,880.6,-236.57,1.119
R7057,shrub,-24934.2,1775.8,1026.6,-167.92,1.231
R7058,shrub,-12025.8,1584.6,1268.8,-44.74,0.801
R7059,shrub,47294.5,1784.2,1376.9,-187.77,1.068
R7060,shrub,54435.6,2393.9,2025.6,35.76,0.973
R7061,shrub,63109.4,1956,3455.3,16.94,1.198
R7062,shrub,-62338,3524.9,4531.5,-107.03,1.264
R7063,shrub,-43993.2,2812.8,940.1,-2.97,1.399
R7064,shrub,-37935.4,3499.2,988.4,-46.19,1.277
R7065,shrub,-32402.5,2862.6,969.5,1.99,1.259
R7066,shrub,-28913.8,3363.9,1005.5,-77.67,0.856
R7067,shrub,-25482.1,3555.2,980.7,-88,1.356
R7068,shrub,48826.6,3035.7,1389.1,-98.69,1.091
R7069,shrub,67438,3007.2,3623.5,20.04,1.313
R7070,shrub,68738.1,2734.9,3603,-89.03,1.065
R7071,shrub,-54206,4516.7,3357.2,-218.39,0.948
R7072,shrub,-36724.7,4528.5,948.2,-55.83,1.284
R7073,shrub,-34566.6,4115.2,842.5,-27.56,0.815
R7074,shrub,-33450,3964.9,918.4,84.11,1.221
R7075,shrub,-28033.5,4413.4,1034.9,-262.86,0.972
R7076,shrub,-25503.2,3952.8,974.5,-197.65,0.741
R7077,shrub,23824.5,3798.8,1322.9,-208.68,0.995
R7078,shrub,25474.9,3893.1,1312.5,-11.32,0.885
R7079,shrub,31832.7,4775.6,1482.8,-165.35,0.99
R7080,shrub,33426.9,3982.9,1477.8,-156.49,0.9
R7081,shrub,38579.1,4656.2,1255,-232.95,0.84
R7082,shrub,48549.3,4455.5,1397,-208.64,0.859
R7083,shrub,51508.6,4028.9,1489.5,-267.35,0.835
R7084,shrub,56357.1,4073.6,2291.6,70.77,0.742
R7085,shrub,-61008.8,5209.8,4627,57.3,1.101
R7086,shrub,-29910.5,4955.7,1266.1,-202.5,1.196
R7087,shrub,-28463.3,5226.7,1191.5,-181.66,0.724
R7088,shrub,26250.2,5009.9,1320.6,-166.35,0.86
R7089,shrub,31315.7,5516.8,1511.8,68.92,1.11
R7090,shrub,55047.3,5800.4,1789.5,66.41,0.881
R7091,shrub,-61154.9,6504.1,5089.6,-30.76,1.219
R7092,shrub,-58378.5,6427.5,5069.1,-254.68,0.851
R7093,shrub,-55909.4,6911.9,3722.3,-63.88,0.797
R7094,shrub,-48300.5,6100.7,1370.6,-176.2,1.295
R7095,shrub,-29546.9,6823.7,1288,-6.25,0.825
R7096,shrub,28928.5,6766.6,1418.3,-63.14,1.349
R7097,shrub,48339.5,6244.7,1415,-209.48,0.743
R7098,shrub,62054.3,6612.6,2883.3,-2.03,1.128
R7099,shrub,65749.2,6376.3,3688,-215.54,1.189
R7100,shrub,-65074.6,7710.4,6183.8,-11.19,0.862
R7101,shrub,-44252.2,7037.4,1070.2,46.86,0.842
R7102,shrub,-25679.6,7069.1,1286.1,21.11,0.889
R7103,shrub,-14138.6,7451.6,1121.7,-6.26,1.184
R7104,shrub,-11325.5,7933.1,1243.1,-196.59,1.251
R7105,shrub,-9910.5,7856.8,1214.3,-184.64,0.715
R7106,shrub,6734.3,7978.6,1222.6,8.25,1.097
R7107,shrub,38620.8,7248.9,1279.1,-187.08,1.288
R7108,shrub,39555.3,7082.8,1338.1,-266.6,1.363
R7109,shrub,-66975.8,8272.9,6493.9,62.49,0.72
R7110,shrub,-46476.4,9016.7,1411.1,-264.47,1.196
R7111,shrub,-30621.1,9066.1,1033.8,21.44,0.734
R7112,shrub,-23659.2,9004.7,1299.8,-83.33,1.111
R7113,shrub,1205.2,8903.5,1028.3,-164.43,0.741
R7114,shrub,5136,8932.1,1088.2,-188.57,1.014
R7115,shrub,9726.5,8391.9,1054.4,-156.72,1.372
R7116,shrub,32010.8,9113.5,1646.9,-159.41,0.844
R7117,shrub,37017.9,9032.4,1167.1,-149.33,0.828
R7118,shrub,43228.2,8805.4,1313.9,-109.84,1.31
R7119,shrub,43978.5,9001.3,1312.2,-154.91,1.052
R7120,shrub,-64486.3,9263.6,5897.3,-85.68,1.137
R7121,shrub,2889.7,10033.8,1028.9,-169.9,1.22
R7122,shrub,63236.2,9420.1,3048.5,-11.63,1.27
R7123,shrub,-48755.8,10612.1,1720,-165.26,1.288
R7124,shrub,-11476.3,10883,1038.7,-100.78,1.105
R7125,shrub,37216.6,10451.4,1024,-150.9,0.852
R7126,shrub,55983.8,10566.5,1107.1,-101.99,1.359
R7127,shrub,-60010.8,11991.5,4590.5,-167.47,1.264
R7128,shrub,-54736.3,11953.9,3369.2,-131.96,1.078
R7129,shrub,-29412.8,12306.2,1112.9,62.38,0.96
R7130,shrub,15327.8,11769.5,1197.4,77.67,0.918
R7131,shrub,21073.4,12422.1,1071.4,-238.38,1.306
R7132,shrub,32125.7,12146.8,1085.7,-185.31,1.201
R7133,shrub,38351.7,12030.8,847.9,-107.32,1.378
R7134,shrub,-62944.8,12651.3,5576.9,52.04,1.336
R7135,shrub,-25833.8,13133.5,1184.3,-147.59,1.067
R7136,shrub,-510.1,13354.4,932.6,-113.29,0.951
R7137,shrub,12809.4,12947.9,1164.6,-142.4,1.296
R7138,shrub,18810.5,13585,1126.4,35.04,1.139
R7139,shrub,27851.4,12918.1,959.7,-158.79,1.312
R7140,shrub,-8958.6,14283,996.5,-229.47,1.103
R7141,shrub,-1633.1,13880.3,967.7,45.87,1.098
R7142,shrub,9937,14625.7,1341.9,50.27,1.174
R7143,shrub,24312.4,13812.6,852.6,-81.28,1.19
R7144,shrub,-41593.5,14772.3,1125.1,-124.55,1.153
R7145,shrub,-39206.6,14723.6,1093.4,-5.17,1.032
R7146,shrub,-12221.3,14903.8,903.6,69.51,0.897
R7147,shrub,18695.5,14884.1,907.4,70.16,1.241
R7148,shrub,-63553.6,16506.9,5430.7,-223.38,1.15
R7149,shrub,3580.9,15828.8,1054.5,-110.87,1.258
R7150,shrub,14883.1,16720.6,750,-122.37,0.955
R7151,shrub,50569.9,16744.5,1164.1,-194.97,1.273
R7152,shrub,52224.6,16495.1,1240.2,44.15,1.164
R7153,shrub,67303.4,16543,3821,45.38,1.276
R7154,shrub,-64202.7,17254.6,5559.1,-115.09,1.214
R7155,shrub,-28110.2,17180.9,1163.2,43.18,1.164
R7156,shrub,-22418.5,17838.3,1079.1,-35.53,1.113
R7157,shrub,41802.8,17838.6,1085.2,-138.05,0.714
R7158,shrub,48012.2,17132.5,1142.9,19.86,1.33
R7159,shrub,49059.8,17251.5,1148.8,-131.5,1.355
R7160,shrub,55515.9,17063.2,2413.4,-77.78,1.188
R7161,shrub,57040.6,17815.4,2276.9,-264.14,0.776
R7162,shrub,65741.2,17450.1,3720.5,-239.79,0.812
R7163,shrub,-51483,18198.3,1922.7,-38.3,1.209
R7164,shrub,-43725,18248.2,1422.5,-20.69,1.176
R7165,shrub,-41428.8,18307.6,1371.2,-177.08,1.218
R7166,shrub,-36121,18357.9,1468.8,-196.39,1.155
R7167,shrub,-22563.4,18058.7,1107.6,-104.65,0.886
R7168,shrub,-331.5,18406.4,692.7,-105.92,1.338
R7169,shrub,9093.2,18203.1,718.4,-227.9,1.339
R7170,shrub,19584,18764.9,716.7,-78.57,0.766
R7171,shrub,21474.6,18189.4,703.3,-217.99,0.891
R7172,shrub,44458.3,18779.4,1022.5,-131.95,1.029
R7173,shrub,52119.4,18381.3,1306.9,52.16,0.963
R7174,shrub,69480.6,18626.6,4667.5,-119.95,1.327
R7175,shrub,-65220.5,20124,6110.4,-53.01,1.234
R7176,shrub,-40065.4,19735.4,1267.7,-258.2,1.179
R7177,shrub,-39040.1,19487,1394,11.44,1.022
R7178,shrub,-19587.8,19700.7,1200.4,-138.86,0.895
R7179,shrub,18389.1,19190.1,732.9,32.18,0.868
R7180,shrub,30467.4,19424.5,1288.3,74.32,1.314
R7181,shrub,32087.6,19224.3,1143.5,-244.93,0.733
R7182,shrub,36343.2,19437.8,1045.3,-156.39,1.321
R7183,shrub,44875.2,19946.4,925.1,-255.37,1.062
R7184,shrub,47706.6,19297.4,976.1,-268.83,1.202
R7185,shrub,-54502,20492.1,3289.8,-161.76,0.998
R7186,shrub,-33589.3,21288,1392.4,59.7,1.337
R7187,shrub,9656.8,20936.4,675.8,-120.25,1.338
R7188,shrub,25657.6,20394.1,1347.9,-82.26,1.327
R7189,shrub,54274.7,20572.1,1652.9,-143.21,1.139
R7190,shrub,-63725.9,22215,6404.6,-170.31,1.05
R7191,shrub,-55471.6,22303.2,3481.8,-78.14,0.727
R7192,shrub,-42827.4,22288.9,1360.2,-103.65,1.151
R7193,shrub,-35288.9,21705.6,1557.7,-235.71,1.07
R7194,shrub,-33772.6,21985.7,1409,-123.59,1.382
R7195,shrub,-28903.2,21589.3,1280.1,-212.04,1.349
R7196,shrub,-27003.1,22334.8,1248.4,-158.76,1.074
R7197,shrub,-19608.3,21830.1,1115.6,80.86,0.782
R7198,shrub,-18789,21912.7,1185,88.87,1.317
R7199,shrub,15943.9,21919.2,1227,39,1.311
R7200,shrub,20412,21388.6,1239,-154.24,1.379
R7201,shrub,58610.5,21943.2,2193.2,-228.37,1.05
R7202,shrub,65849.5,22160.8,3749.7,-139.13,1.219
R7203,shrub,-46027.6,22458.3,1426.8,-99.47,1.365
R7204,shrub,-39103.8,23477.2,1397.8,60.65,1.262
R7205,shrub,-35749.2,22711.6,1539.9,63.37,0.796
R7206,shrub,-12986.9,22635.6,1102.6,-115.55,0.81
R7207,shrub,-2151.5,22875.3,1191.5,-222.19,0.732
R7208,shrub,-1404.3,23100.1,1151.4,-226.93,1.295
R7209,shrub,3423.8,22946,1037.2,67.85,0.723
R7210,shrub,6050.6,23393.1,1171.5,-97.46,1.225
R7211,shrub,8917.2,22804.4,1149.5,-90.17,1.144
R7212,shrub,20357.6,22861.5,1340.6,-141.2,1.001
R7213,shrub,22006,22956,1454.3,-183.65,0.854
R7214,shrub,35645,22560.1,866.7,-156.93,1.227
R7215,shrub,53220.6,22880.9,1353.1,-84.05,0.713
R7216,shrub,63544,22483.2,3549.5,-246.21,1.287
R7217,shrub,-45822.8,23722.1,1353.4,-21.13,0.719
R7218,shrub,-28202.8,23814,1230.2,-1.43,1.206
R7219,shrub,-2812.6,24272.5,1343.2,-147.86,1.144
R7220,shrub,5709.7,24468.5,1146.2,-37.51,0.763
R7221,shrub,10525.2,24118.4,1200.7,72.13,1.241
R7222,shrub,13536.3,23649.9,1182.2,49.52,1.379
R7223,shrub,34792.2,24019.5,883.2,-164.98,1.175
R7224,shrub,42176.2,24141.2,942.5,51.21,0.934
R7225,shrub,67731.1,23832.9,4191,27.5,1.348
R7226,shrub,-50999.7,24658.9,3287.2,-234.89,0.828
R7227,shrub,-36666.3,25120,1396.4,-224.7,1.073
R7228,shrub,-35057.5,24676.6,1442.4,14.76,1.181
R7229,shrub,-32127.9,25149.4,1357.8,-191.9,0.924
R7230,shrub,-21258.6,25648.2,836.5,-126.63,0.916
R7231,shrub,6497.3,25155.7,1172,-263.33,0.777
R7232,shrub,46270.2,24695.4,1082.2,-226.29,1.329
R7233,shrub,51007.9,25558.5,1336.8,-159.59,0.838
R7234,shrub,60463.5,25017.5,3418.2,-252.88,1.23
R7235,shrub,-55040.5,26112.1,3040.2,20.71,1.086
R7236,shrub,-46147.4,26504,1476.9,-174.39,1.213
R7237,shrub,-32517.3,25732.7,1438,-262.41,1.3
R7238,shrub,-22782.2,26451.6,924.7,23.87,0.803
R7239,shrub,5932.5,25780,1148,-107.49,0.946
R7240,shrub,8935.9,26038.7,1396.8,69.91,1.364
R7241,shrub,46232.7,26541,1221.1,-53.88,1.049
R7242,shrub,49421.3,26442.8,1277.1,89.28,1.072
R7243,shrub,59663.7,25707.1,3400.1,-183.8,0.9
R7244,shrub,-40613.1,27787.1,1205.9,-105.07,1.005
R7245,shrub,-35628.3,27162.9,1416.7,5.56,1.099
R7246,shrub,-25419.6,27775.1,1274.7,45.59,1.297
R7247,shrub,-8125.8,27431.9,1089.4,-37.82,0.911
R7248,shrub,-2673.7,27322.5,1446.9,-104.44,1.233
R7249,shrub,3500,27876.8,1315.9,-265,0.943
R7250,shrub,12858.2,26938.7,1440.8,-43.69,1.251
R7251,shrub,36445.8,27709.8,890.2,-71.28,1.17
R7252,shrub,41017.7,27013.4,1045.3,-83.07,1.121
R7253,shrub,42266.8,27539.5,992.9,-127.07,1.319
R7254,shrub,47241.1,26869.7,1318.6,44.98,1.086
R7255,shrub,49224.2,27072.4,1334.2,-161.8,1.17
R7256,shrub,49949,26847.8,1303.9,-172.45,0.747
R7257,shrub,57677.9,27111.1,2517,58.4,0.928
R7258,shrub,-61364.7,27912,4823.1,-190.73,1.346
R7259,shrub,-33438.1,28477.8,1432.5,-192.8,0.939
R7260,shrub,-27566.9,28402,1345.5,-208.2,0.958
R7261,shrub,3773.3,27988.8,1342.1,21.68,0.908
R7262,shrub,20812.1,28758.3,1389.3,-188.35,1.092
R7263,shrub,36344.6,28332.8,838.2,-240.96,1.129
R7264,shrub,42647,27941.9,1000.9,-246.13,1.264
R7265,shrub,56062.9,28946.9,2217.2,-39.32,1.109
R7266,shrub,-65748,29271.5,5008.2,78.18,1.37
R7267,shrub,-63774,29647.6,4868.1,-246.92,1.191
R7268,shrub,-59861.1,29870.4,3812.2,45.98,1.019
R7269,shrub,27948.5,29013.3,1348.3,-187.19,1.078
R7270,shrub,38920.4,29790.6,990.2,-219.02,1.198
R7271,shrub,42951,29490.2,1052.7,-172.36,0.862
R7272,shrub,46224.5,29329.3,1289.9,-157.71,0.826
R7273,shrub,46912.6,29734.2,1256.3,-239.27,1.296
R7274,shrub,51888.8,29489.5,1699,-137.77,1.209
R7275,shrub,55409.2,29978.6,2118.5,71.13,1.39
R7276,shrub,57078.2,29928.4,2867.6,18.05,1.202
R7277,shrub,57987.8,29989.3,3385.1,-220.15,1.107
R7278,shrub,-66969.1,31184.7,5866.5,29.67,1.251
R7279,shrub,-28363,31117.8,1103.6,-96.74,1.196
R7280,shrub,-18916.5,30267.5,945.1,19.8,0.954
R7281,shrub,-2805.6,31186.5,1388.1,-5.34,0.926
R7282,shrub,17679.8,30789.7,1514.1,-242.83,0.732
R7283,shrub,22393.7,30837.4,1383.4,-249.94,1.124
R7284,shrub,27492.8,30799.9,1360.9,-75.83,0.996
R7285,shrub,42661.8,30990.5,970.6,-217.36,1.2
R7286,shrub,47076.7,30362.9,1282.3,-232.21,1.241
R7287,shrub,49955.2,30782.3,1569.3,-11.42,1.278
R7288,shrub,51232,30710.1,1559.7,-65.02,1.259
R7289,shrub,57446.7,30105.9,3105.6,-236.6,1.071
R7290,shrub,59774.7,30238.6,4235.2,87.75,0.749
R7291,shrub,-52492.2,31430.9,2247,-180.6,1.092
R7292,shrub,-13899.4,31797.1,1152.4,-78.47,0.927
R7293,shrub,-3162.8,31262.5,1404,-117.54,1.224
R7294,shrub,6058.7,32284,1640.6,-192.04,1.312
R7295,shrub,7372.8,31725.6,1465.1,-140.4,1.121
R7296,shrub,9374.8,31426.1,1347.3,75.01,1.011
R7297,shrub,15166.6,32112.2,1362.5,-1.31,1.219
R7298,shrub,25740.9,31931.9,1453.4,17,1.277
R7299,shrub,28247.2,31257.4,1379.6,-89.91,1.081
R7300,shrub,40820.2,31994.8,1050.2,-199.33,1.139
R7301,shrub,46272,31916.3,1342.3,-263.91,0.92
R7302,shrub,52265.8,31457.3,1602.8,-81.98,0.866
R7303,shrub,66666.7,31405.9,3856.3,-205.04,1.235
R7304,shrub,-63234.1,32342.5,4811.2,-160.76,1.358
R7305,shrub,-55260.5,33110.4,2983.1,31.42,1.274
R7306,shrub,-51289.1,32634.5,1978.5,-110.44,1.216
R7307,shrub,-46047.1,32308.9,1211.6,47.87,1.244
R7308,shrub,-11597.3,33323.6,1215.3,-35.61,0.826
R7309,shrub,-2950.8,32389.9,1407,-135.94,1.114
R7310,shrub,30786,32802.4,1183.6,24.51,0.955
R7311,shrub,36238.8,32929.9,950.3,55.91,1.11
R7312,shrub,40307.2,33318.6,1095.8,20.8,0.905
R7313,shrub,41689.7,32709.1,1186.5,-123.4,1.115
R7314,shrub,50790.5,32642.8,1659,34.33,1.354
R7315,shrub,51908.8,33103.6,1687,-225.89,0.758
R7316,shrub,55946.1,32377.6,2260.6,-23.94,1.038
R7317,shrub,58982.9,32644.2,3115.7,-139.58,0.797
R7318,shrub,-65808.1,34314.2,5186.9,-36,1.007
R7319,shrub,-23405.9,34155.6,1065.3,-132.5,1.079
R7320,shrub,-20579.3,34005.5,828.7,-16.76,0.99
R7321,shrub,-11758,33936.1,1209.5,-44.27,1.126
R7322,shrub,-136.8,33884.1,1580.3,-89.01,0.906
R7323,shrub,30472.7,33519.9,1210.3,49.28,0.865
R7324,shrub,51006.9,33605.5,1722.4,-95.55,1.166
R7325,shrub,52538.4,34431.8,1876.1,51.11,1.261
R7326,shrub,53991.1,33643.3,1622.9,62.12,0.73
R7327,shrub,67324.5,33827.5,4466,-145.24,1.087
R7328,shrub,-20671.9,35369,826.7,57.4,1.324
R7329,shrub,-2912.7,35022.7,1612.2,-236.89,1.396
R7330,shrub,36758.5,34830.8,1091.5,-14.02,0.909
R7331,shrub,43653.3,35548.3,1638.6,-52.92,0.928
R7332,shrub,48824,35180.8,1858.3,-143.2,0.847
R7333,shrub,52390.1,35513.3,1915.4,-131.82,1.057
R7334,shrub,53251,34713.2,1842.6,-143.39,0.917
R7335,shrub,58605.9,35385.4,2369.7,2.73,1.358
R7336,shrub,62504.5,35096.7,3346.7,-162.54,1.221
R7337,shrub,-36254,36098,1089.8,-211.85,0.749
R7338,shrub,3295,36642.8,1648.9,-261.69,1.137
R7339,shrub,10831.5,35720.6,1460.2,-185.1,0.744
R7340,shrub,14551.1,35862.3,1432.3,-95.73,0.93
R7341,shrub,15461.7,36085.2,1497.4,-238.37,1.358
R7342,shrub,21285.9,36416.1,1317.8,-106.59,1.397
R7343,shrub,22482.4,36497.4,1352.3,-171.3,1.158
R7344,shrub,42453.2,35706.5,1513.4,-2.85,1.269
R7345,shrub,-45339.7,37399.1,1190.4,-232.1,0.846
R7346,shrub,-43659.8,37433.3,1156.7,-118.72,1.144
R7347,shrub,-41129.9,36891.7,1145.1,-189.47,1.306
R7348,shrub,-11577.8,36913,1192.8,-241.02,1.113
R7349,shrub,8320.8,37333.4,1607.8,-238.1,1.28
R7350,shrub,21769.3,37524.5,1308.3,5.6,0.839
R7351,shrub,24964.9,36785.2,1359.7,65.6,0.865
R7352,shrub,36112.4,37123,1349.4,-42.91,1.371
R7353,shrub,41517,37131.3,1585.6,-209.7,0.767
R7354,shrub,44592.8,36759.5,1681.4,-93.36,1.167
R7355,shrub,47290.4,37401.3,1958.6,-72.89,1.335
R7356,shrub,49963.2,37448.7,2287.8,-237.35,0.909
R7357,shrub,-23283.9,38290.2,1020.2,-141.1,1.098
R7358,shrub,-13395.1,38468.7,1057.6,-65.19,1.032
R7359,shrub,-11079.4,38574.4,1062.8,-236.94,1.221
R7360,shrub,4234.8,38859.3,1586.6,-235.84,0.726
R7361,shrub,9730.2,38543.2,1528.7,-31.01,0.856
R7362,shrub,33178.9,38804,1311.5,-196.32,1.362
R7363,shrub,35436.9,37803,1386,-12.92,1.259
R7364,shrub,55489.6,38193.3,2264.8,-260.03,1.181
R7365,shrub,59156.3,38831.9,2423.5,-0.05,0.88
R7366,shrub,-61423.6,39121.4,5563.9,73.97,1.174
R7367,shrub,-57735.2,39513.7,3929,-115,1.163
R7368,shrub,-43419.1,39813.9,1072.1,-198.34,1.209
R7369,shrub,-42358.3,38972.7,1097.8,-162.57,1.285
R7370,shrub,-9601.1,39084.1,1097.7,-57.74,0.966
R7371,shrub,16664.8,39935.6,1455.8,-202.24,0.941
R7372,shrub,33511.9,38993.6,1367.8,-261.15,1.156
R7373,shrub,35123,38913.6,1443.4,46.28,0.989
R7374,shrub,36164.5,39203.3,1553,-232.42,0.823
R7375,shrub,40778.9,39023,1821.4,-46.21,1.249
R7376,shrub,41803.8,39040,1930,-132.68,1.117
R7377,shrub,43377.2,39552,2956.5,-79.04,1.107
R7378,shrub,48478.5,39718.2,3591.9,-260.69,0.984
R7379,shrub,59149.4,39161.1,2423.4,32.9,0.737
R7380,shrub,-54256,41043.3,3297.9,-114.87,1.277
R7381,shrub,-35915,41056.2,1099.6,-139.69,1.181
R7382,shrub,-24283.7,40945.2,1063.9,-65.56,1.322
R7383,shrub,-8527.2,40403.2,1129.6,65.81,1.011
R7384,shrub,-2657.3,40541.3,1531.9,-32.69,0.844
R7385,shrub,27823,40023.7,1253.4,15.63,1.357
R7386,shrub,29115.7,40521.6,1244.2,-169.66,0.885
R7387,shrub,42885.6,40638.2,3173.6,31.4,1.048
R7388,shrub,45398.5,40121.5,3740.2,73.27,1.292
R7389,shrub,50901.9,40453.9,3826.5,-115.42,0.834
R7390,shrub,-61623.6,41119.2,6197.1,-13.01,0.786
R7391,shrub,-55833.6,41490.4,3712.2,22.28,1.169
R7392,shrub,-45433,41848.9,1059.7,-169.07,0.857
R7393,shrub,-20769.6,41715.3,897.5,-77.33,0.748
R7394,shrub,-18315.4,41848.8,940.4,-243.47,0.851
R7395,shrub,-7988.7,41599.5,1179.3,-233.68,1.193
R7396,shrub,5265.8,41886.6,1597,-88.76,1.364
R7397,shrub,7464.2,41911.4,1624.2,-204.3,1.021
R7398,shrub,10431.7,42113.7,1607.1,-183.99,0.933
R7399,shrub,17660.7,41600.8,1253.4,89.51,1.083
R7400,shrub,28188.7,42118.7,1210.8,-131.24,1.132
R7401,shrub,37426.1,41990.3,2196.2,83.26,0.945
R7402,shrub,38028.8,41135.6,2231.4,-114.99,1.084
R7403,shrub,56767.3,42182.4,2804.6,-84.02,1.284
R7404,shrub,62942.2,41887.6,3324.9,-73.85,1.344
R7405,shrub,-52942.2,42989.9,3102.9,-7.28,0.976
R7406,shrub,-31277.9,42833,1092.4,-229.96,1.266
R7407,shrub,2332.6,43066.8,1604.4,-120.69,0.974
R7408,shrub,9001.2,42373.7,1622.5,-27.85,0.863
R7409,shrub,39106.1,42428.1,2559.1,-211.54,0.87
R7410,shrub,43011.3,42222.3,3545,41.9,1.368
R7411,shrub,51709.1,42317.6,3862.5,-184.5,1.148
R7412,shrub,53839.4,43261.2,3413.7,-158.03,0.968
R7413,shrub,56809.9,42519.2,2814.1,-140.01,0.879
R7414,shrub,62655.9,42786.1,3629.2,-241.03,1.355
R7415,shrub,-52252.9,43942.9,2765.1,-79.38,1.186
R7416,shrub,-17367.4,44116,909.9,-170.75,1.259
R7417,shrub,-6423.4,44197,1423,15.86,1.174
R7418,shrub,4175.4,43573,1642.5,-56.57,1.319
R7419,shrub,11617,43437.6,1582.2,-89.2,1.324
R7420,shrub,13204,43671.9,1458.4,-128.05,0.989
R7421,shrub,18321.6,43681.9,1153.3,-148.52,1.035
R7422,shrub,29086.5,44188.9,1273.1,-227.77,0.799
R7423,shrub,37354.6,43996.7,2274.8,-29.71,1.179
R7424,shrub,45192.6,43966.4,3887.4,-264.58,1.128
R7425,shrub,51992,44088,3900.3,-132.88,1.22
R7426,shrub,55129.3,44238.5,3156.1,-109.85,1.246
R7427,shrub,-56605.8,45297,3598.3,15.27,0.796
R7428,shrub,-54263.5,45248.5,3820.2,-123.53,1.278
R7429,shrub,-44947.1,44966.1,995,5.73,1.044
R7430,shrub,-34918.6,44575.6,1076.3,3.88,1.397
R7431,shrub,-9919.5,44533.8,1188.1,-244.77,0.822
R7432,shrub,-7511,45239.4,1334.4,-215.52,0.945
R7433,shrub,21740.9,44731.4,1258.7,-224.33,0.898
R7434,shrub,36539.1,45316.5,2226.8,-130.45,1.21
R7435,shrub,37509.9,45402.5,2337.1,79.74,0.896
R7436,shrub,55075.4,44531.1,3182.3,-205.61,1.105
R7437,shrub,-30327.8,45939.3,1058.4,-6.96,1.251
R7438,shrub,-25787.2,46033.2,1004.4,-18.94,0.89
R7439,shrub,-19906.6,46576.9,929.3,-215.82,1.105
R7440,shrub,-4139.5,45564,1435.2,-198.58,1.037
R7441,shrub,42916,46387.4,3863.7,0.98,0.934
R7442,shrub,43788.3,45790.4,4030.4,-42.65,1.125
R7443,shrub,57708.9,46342.6,4144.9,-125.9,1.313
R7444,shrub,60517.1,46148.3,3956.8,-178.59,0.982
R7445,shrub,61777.2,45532,3749.2,-45.83,1.072
R7446,shrub,66396.4,46249,4048.1,-41.85,1.315
R7447,shrub,-68273,47630.7,6060.9,-113.02,1.147
R7448,shrub,-25657.7,47543.7,931.3,-249.88,0.849
R7449,shrub,-18123.8,47022,874.5,-203.85,0.948
R7450,shrub,-8942.5,47410.7,1419.2,-136.79,1.169
R7451,shrub,-7549.8,46783.4,1402.4,-220.65,0.942
R7452,shrub,4845,47352.7,1258.3,-36.88,1.251
R7453,shrub,23441,47129.4,1022.1,-61.48,1.097
R7454,shrub,42220.6,47395.4,3745,-226.79,0.827
R7455,shrub,43723.6,46939.1,4033.7,-122.63,1.346
R7456,shrub,44977.2,46863.8,3877.1,-207.69,0.928
R7457,shrub,47177.3,46791.7,3880.3,-235.77,1.321
R7458,shrub,48469.4,47109.8,3901,-64.16,0.973
R7459,shrub,55395.6,47574.6,4281,63.33,1.319
R7460,shrub,56034.8,47113.2,4357.6,70.73,1.039
R7461,shrub,58411.1,47628.8,4631.5,-263.14,1.38
R7462,shrub,-57237.9,48463.1,3070.7,10.53,1.089
R7463,shrub,-48962,48113.6,1450.5,-87.42,1
R7464,shrub,-43562.4,48630.8,865.8,39.19,1.131
R7465,shrub,-39620.7,48017.6,830.5,64.59,1.075
R7466,shrub,-30880,48516.5,719,60.04,1.256
R7467,shrub,13213.4,48711.5,1260.1,-160.48,1.312
R7468,shrub,15989.6,48508.2,1097.5,-198.94,1.289
R7469,shrub,33467.8,48051.1,1553.9,-44.86,1.121
R7470,shrub,43106.2,48613.8,4381.3,51.74,1.178
R7471,shrub,45425.3,48155.7,4147.5,48.69,1.349
R7472,shrub,47077.8,48333.5,4196.4,-127.47,1.179
R7473,shrub,55897.7,47986,4567.5,-221.93,0.734
R7474,shrub,61448.6,48417.2,4183.1,-122.55,0.729
R7475,shrub,-51543,48854.1,1914.8,-169.01,1.062
R7476,shrub,-22149.9,49455.4,1048.5,-34.85,0.822
R7477,shrub,-16676.3,49409.7,916.1,51.3,0.89
R7478,shrub,-11329.7,49453.6,1265.3,26.04,0.851
R7479,shrub,17893,49091.6,1046.7,61.23,0.74
R7480,shrub,44944.2,48873.5,4380,-259.54,1.246
R7481,shrub,51773.8,49285.9,4196.7,-172.24,1.16
R7482,shrub,57537.8,48995.4,4132.7,-51.19,0.848
R7483,shrub,-57565,50198.9,3182.2,-134.65,1.279
R7484,shrub,-55052.3,50987.9,2755.6,-166.07,0.755
R7485,shrub,-46386.9,50486,1013.5,-203.35,1.354
R7486,shrub,17930.1,50759.3,1061,10.85,0.731
R7487,shrub,40849.6,50632.3,3804.5,30.42,0.922
R7488,shrub,45741.6,50808.7,4645.1,-56.24,1.24
R7489,shrub,-68277,52071.6,6259.8,-165.5,1.194
R7490,shrub,-63941.6,51224.6,6658.9,83.38,1.027
R7491,shrub,-22505.5,52064,1035,-221.01,1.112
R7492,shrub,-16513,51981.3,1064.2,-238.99,1.043
R7493,shrub,-1860.8,51912.7,1574.9,-84.58,1.268
R7494,shrub,16309.3,51293.6,1026.9,-243.82,0.716
R7495,shrub,21387.7,51150,1031.7,-47.28,1.085
R7496,shrub,29265.4,51185.6,1320.6,-135.8,1.074
R7497,shrub,54737.2,51668.9,4220.2,57.63,1.162
R7498,shrub,59126.7,51108.7,3507.1,-266.82,1.321
R7499,shrub,-66675.7,52543.5,6342.7,-214.9,1.395
R7500,shrub,-56047.4,52290.8,3249.5,-178.02,0.836
R7501,shrub,-37323.8,53053.4,791.5,-34.05,0.943
R7502,shrub,-23564.1,52924.8,1080.9,-74.86,0.951
R7503,shrub,40735.2,52827.6,3425.2,-266.84,1.075
R7504,shrub,-53558.6,53972.2,2790.9,37.86,1.37
R7505,shrub,-47489.9,53656.4,1017.9,-182.27,1.316
R7506,shrub,-859,54206.4,1510.1,-173.04,1.274
R7507,shrub,26036.3,53685.5,1154.3,-3.77,1.135
R7508,shrub,-42909.1,55330.8,1232.1,-189.41,1.329
R7509,shrub,-41056.3,54656.5,1028.4,71.57,0.718
R7510,shrub,-14924.8,54483.3,1322.3,-93.53,1.344
R7511,shrub,6411.6,54526.2,1870,-101.29,1.226
R7512,shrub,13486.7,54596.2,1295.4,-216.91,1.132
R7513,shrub,21501.3,55040.5,1469.9,53.56,0.954
R7514,shrub,34791.4,55015.9,1881.5,-9.64,1.223
R7515,shrub,-67404.5,56480.3,6295.9,55.97,0.889
R7516,shrub,-63085.6,56296.5,6153.3,-233.74,0.751
R7517,shrub,-60612.1,55842.3,5120.5,-249.03,1.154
R7518,shrub,-52688.9,55528.6,3028.2,-174.79,1.099
R7519,shrub,-38348.1,55903,1321.8,11.08,1.39
R7520,shrub,-30566.9,55742.9,997.5,74.55,0.878
R7521,shrub,-19408.7,56030.4,1517.4,17.71,1.079
R7522,shrub,-6929.3,56415.6,2063.3,-74.35,0.943
R7523,shrub,10866.2,55746.7,1291.7,87.19,0.91
R7524,shrub,21641.4,55438.2,1509.7,-71.45,0.826
R7525,shrub,26883.1,55742.9,1264.8,-129.17,0.767
R7526,shrub,30536.5,56190.6,2000.2,-203.73,0.839
R7527,shrub,32018.8,55963.2,2168.5,-257.46,0.845
R7528,shrub,34555.1,56368.8,2078.5,-98.11,0.791
R7529,shrub,36071.3,56260.7,2258.4,64.42,1.148
R7530,shrub,40653.8,55949.6,2871,-94.5,1.171
R7531,shrub,43558.3,55930.1,3097.6,-11.34,0.858
R7532,shrub,46611.5,56164,3323.4,-250.87,0.963
R7533,shrub,57007.5,56059.9,2668.7,-197.17,1.004
R7534,shrub,66443.8,56212.3,3211.2,-173.39,0.843
R7535,shrub,-68808,56951.6,6384,58.93,1.391
R7536,shrub,-54560.2,56967.5,3430.9,-87.72,1.337
R7537,shrub,-51964.6,57196.3,2672.2,-168.89,1.282
R7538,shrub,-48853.5,56794.5,1680.2,-261.98,1.342
R7539,shrub,-30208.8,56507.4,945.4,64.72,1.221
R7540,shrub,-12996.9,57326.5,2753.4,-137.47,1.173
R7541,shrub,-6146.5,57309.6,2412.9,-67.89,0.715
R7542,shrub,11979.5,56656.5,1262.4,-211.71,0.761
R7543,shrub,24374.2,57342,1783.7,-11.73,1.231
R7544,shrub,26157.1,57028.8,1484.5,37.04,0.885
R7545,shrub,29600.6,56546.9,1853.7,3.27,1.203
R7546,shrub,38054.4,57294.5,2737.3,-103.42,0.854
R7547,shrub,41555.4,56865.9,3284.5,-244.57,0.95
R7548,shrub,-66376.9,58153.5,6231.6,-141.16,1.045
R7549,shrub,-63656.2,58580,6524.8,-78.76,0.869
R7550,shrub,-61287.7,58169.7,6078.5,-167.28,0.724
R7551,shrub,2639.8,58232.4,2263.7,-130.77,1.152
R7552,shrub,14339.1,58374.6,1870.2,62.11,0.84
R7553,shrub,36858,57771.8,3007.7,-130.82,0.955
R7554,shrub,61495,57889.1,3340.3,-179.24,1.39
R7555,shrub,-50691.7,59228.5,2240.9,-144.39,1.135
R7556,shrub,-39723.1,58830.5,2126.3,-16.78,0.972
R7557,shrub,-22659.3,59799,2325.2,-112.48,0.991
R7558,shrub,-8693.3,59663.3,3656.8,-172.94,0.915
R7559,shrub,-4680.4,59024.9,2994.6,0.16,1.38
R7560,shrub,249,58928.6,2278.6,-130.39,1.059
R7561,shrub,47723.6,59784.2,3794.4,-81.87,0.837
R7562,shrub,-22340,60651.5,2481.9,79.34,0.931
R7563,shrub,-959.1,59881.2,2399.5,45.58,1.19
R7564,shrub,6652.1,59849.4,2593,88.92,1.396
R7565,shrub,38801.8,59849.6,3975.6,-96.75,0.885
R7566,shrub,53648.4,60256.1,3259.8,-238.51,0.822
R7567,shrub,61530.9,59890.1,3085,-47.65,1.243
R7568,shrub,-53194.3,61259.7,4120.2,-224.68,1.024
R7569,shrub,-12143.4,61879.7,4234,-116.81,0.998
R7570,shrub,-11647.5,61402.9,4304,-61.96,0.796
R7571,shrub,38589.8,61286.5,4230.6,-251.26,1.121
R7572,shrub,40616.6,61235.5,4115,-70.76,0.879
R7573,shrub,50525.4,61515.2,4310,-85.59,0.874
R7574,shrub,-56996.4,62516.3,3979.4,-197.18,0.892
R7575,shrub,-28451.8,62786,2688.9,-34.48,1.246
R7576,shrub,-25351.3,62988.6,2934.6,-237.86,1.275
R7577,shrub,12627.2,62220,2965,-228.36,1.066
R7578,shrub,14597.2,62924.7,3249.1,-167.7,1.257
R7579,shrub,35433.4,63028.3,4077.6,-248.7,1.014
R7580,shrub,43120,63086.6,4663.7,-21.74,0.718
R7581,shrub,60291.9,62079.5,2727.9,-264.66,1.379
R7582,shrub,-66988.8,63830.7,7827.7,-15.98,1.025
R7583,shrub,-63536.3,63987.8,6499.2,-154.81,0.74
R7584,shrub,-55772.9,63857.2,4361.6,67.75,0.744
R7585,shrub,-48326.6,63940.6,3526.1,-88.51,1.32
R7586,shrub,-23898.7,63301.7,2955.4,-194.68,0.844
R7587,shrub,-14924.2,63344.3,4586.5,-125.62,0.878
R7588,shrub,-4785,63196.2,4359.6,34.74,1.085
R7589,shrub,33537.9,63220,4610.8,-83.66,1.023
R7590,shrub,43772.7,64014.9,4883.7,-50.59,1.051
R7591,shrub,-27549.2,64637.8,3158.1,71.52,1.254
R7592,shrub,-4062.2,64930.1,5144,-109.03,1.218
R7593,shrub,13031.3,64873.7,4351.7,-209.35,1.062
R7594,shrub,28004.7,64323.4,3448.9,-194.47,1.046
R7595,shrub,30319.3,64918.4,4224.6,-16.15,1.397
R7596,shrub,-67821,65835.8,7918.8,1.07,0.999
R7597,shrub,-51896.9,65639,4346,64.16,0.997
R7598,shrub,-47053.8,66186.1,3943.4,-232.03,1.211
R7599,shrub,-45035.8,66060.4,4259.7,-154.49,0.887
R7600,shrub,-42974.7,66210,4514.5,-153.05,1.189
R7601,shrub,-40144.8,65880.7,4118.8,-257.4,0.712
R7602,shrub,-26154.2,65511.7,3405.7,-57.51,0.848
R7603,shrub,-6670.1,66063.1,4897.1,-117.27,0.953
R7604,shrub,-4708.8,65584.6,5215.8,38.61,1.154
R7605,shrub,1709,65886.9,5712.3,-26.96,1.042
R7606,shrub,10773.6,66297.1,5309.5,-163.61,0.776
R7607,shrub,67751.3,66264.4,4612.8,16.23,1.147
R7608,shrub,69257.9,65884.2,4675.8,-188.11,1.259
R7609,shrub,-45683.2,66863.5,4142,-267.64,1.019
R7610,shrub,-41436.9,66959.1,4662.9,-177.55,0.785
R7611,shrub,-37762.3,67352.1,5061.6,-159.16,0.905
R7612,shrub,-36784.6,66904.5,4904.7,-83.29,0.817
R7613,shrub,13808.9,67491.4,4887.7,-230.09,0.809
R7614,shrub,19020.1,66461.2,3744,0.45,1.119
R7615,shrub,40742.7,67479.6,5001.9,-226.03,0.962
R7616,shrub,41195.8,67028.1,5045.6,58.79,0.792
R7617,shrub,-56366.5,67723.5,5841.4,10.93,1.133
R7618,shrub,-39364,67511.9,4411.9,-162.18,1.001
R7619,shrub,-27378.3,68395.3,3970.8,-246.64,0.827
R7620,shrub,-9682.1,67555.5,6257.2,-261.25,1.144
R7621,shrub,7673.5,67837,5858.9,-128.33,0.943
R7622,shrub,32854.4,67972.7,5156.1,-135.88,0.945
R7623,shrub,34984.1,68325,4856.4,46.52,0.903
R7624,shrub,48844.1,67603.1,5884.2,-77.71,1.168
R7625,shrub,-53948.5,69513.4,5445.2,18.03,1.003
R7626,shrub,-48081.7,69035.1,5037.7,-134.19,0.792
R7627,shrub,-43349.8,68862.9,4141.6,-127.35,1.372
R7628,shrub,-19099.7,69429.1,4818.7,-213.78,1.231
R7629,shrub,-3495.9,69205.5,5512.6,-236.45,1.24
R7630,shrub,14689.3,69005.9,5179.4,24.23,1.206
R7631,shrub,24549.8,68891.3,4722.3,-130.63,1.208
R7632,shrub,28339,68738.3,5018.2,-40.1,1.187
R7633,shrub,31522.6,68650.1,5069.4,34.61,1.178
R7634,shrub,39306,69531.8,5028.3,-184.03,1.12
R7635,shrub,49543.8,69001.1,5427.4,-224.84,0.915
R7636,shrub,53419.3,69503.1,4688.7,-109.34,1.382
R7637,shrub,57654.3,-15246.8,1799.6,-256.46,1.006
R7638,shrub,56523.3,-15013,1921.5,-238.09,0.936
R7639,shrub,55890,-13495.8,1722.2,47.54,1.183
R7640,elm,55213.3,-15333.2,1776.4,-69.55,1.034
R7641,elm,55496.7,-13494.5,1669.5,-231.3,0.946
R7642,shrub,56882.5,-14588.1,1811.8,55.28,0.957
R7643,elm,55751.4,-15464,1897.2,85.13,0.899
R7644,shrub,56364.7,-14733.8,1871.7,-199.95,1.113
R7645,elm,57608.2,-15630.3,1879.6,-161.09,1.073
R7646,shrub,57731.9,-13619.4,1637.1,54.49,0.994
R7647,elm,56888,-15092.9,1874.9,-101.22,0.9
R7648,elm,54836.9,-13894.7,1582.1,-241.98,1.023
R7649,elm,56189.7,-15184.6,1934.6,-200.44,0.962
R7650,elm,56585,-14701.9,1858.6,-218.24,1.105
R7651,elm,57464.9,-13427.8,1634.3,-156.89,1.156
R7652,mulberry,27201.5,48088.1,1040.2,16.38,1.021
R7653,shrub,25756.9,49109,1060.8,-122.56,0.997
R7654,mulberry,25833.7,48876.6,1078.7,12.3,0.865
R7655,mulberry,26680.6,48339.7,1055.9,-164.02,1.146
R7656,mulberry,24539.4,48964.9,1062.3,-192.91,1.04
R7657,shrub,24679.1,49740.9,1073.6,-108.05,0.961
R7658,mulberry,25765.1,47849.3,1022.3,-34.35,1.154
R7659,mulberry,26446.9,50736.6,1078.7,-234.45,0.925
R7660,mulberry,25235.5,48355.6,1068.7,40.58,0.987
R7661,elm,-35414.7,-25492.4,1270.3,69.58,1.119
R7662,elm,-37261.9,-26438.1,1306,-217.42,0.979
R7663,elm,-37332.5,-27207,1183.7,-64.01,0.947
R7664,elm,-35629.3,-27052.9,1165.3,-195.81,1.099
R7665,shrub,-38801.1,-27023,1635.1,-249.4,0.992
R7666,elm,-36772,-27153.6,1128.2,-232.23,1.15
R7667,elm,-36742.5,-26929.1,1136.4,51.75,1.084
R7668,elm,-36712.3,-26405.2,1222.1,-93.68,0.974
R7669,elm,-38308.1,-27932.6,1374.9,-39.21,0.915
R7670,jujube,2734.5,38251.3,1495.4,70,1.14
R7671,jujube,3458.2,37112.2,1617.2,-198.78,0.874
R7672,shrub,1556.9,37973.1,1458.5,-13.26,1.058
R7673,jujube,2950.3,38438.7,1488.1,-17.76,0.992
R7674,jujube,2196.2,38473,1449.6,-148.24,1.126
R7675,jujube,4269.5,38921.9,1585.7,-4.01,1.024
R7676,jujube,2992.3,38717.8,1498,-148.89,1.193
R7677,jujube,3084.4,39617.2,1512.6,-91.6,1.067
R7678,shrub,3559.3,39894.6,1514.9,-4.42,1.071
R7679,jujube,3455.3,37741,1557.8,25.7,1.029
R7680,jujube,1293.7,38916.1,1460.2,-261.24,1.094
R7681,jujube,1677.5,38748.4,1443.7,-140,0.985
R7682,shrub,2575.5,38674.7,1470.8,-52.29,1.1
R7683,shrub,3393.1,37890.4,1545.9,-20.62,0.911
R7684,shrub,-54976.8,-14743.3,3488.7,-234.61,1.142
R7685,shrub,-52767.9,-13357.4,2774.2,-225.62,0.861
R7686,poplar,-53647.5,-15852,3432.5,74.33,1.117
R7687,poplar,-54646.4,-13641.7,2862.9,-15.92,1.019
R7688,poplar,-53782.2,-14971.3,3336.5,-173.78,1.167
R7689,poplar,-53168.7,-15083.7,3420.4,-69.27,0.924
R7690,shrub,-52217.2,-15062.5,3289.3,-74.5,1.16
R7691,poplar,-12715.6,45933.5,1021.3,-3.72,1.165
R7692,poplar,-11749.8,46716,1121.7,-269.64,0.917
R7693,shrub,-12947.6,47050,966.8,-125.71,1.026
R7694,poplar,-10818.7,45345.9,1092.3,-12.84,1.04
R7695,poplar,-13980.4,44231.6,1055.2,89.77,0.875
R7696,poplar,-14393,46780,899.6,-57.26,1.127
R7697,poplar,-13069.5,47606.3,975.5,-59.92,1.009
R7698,poplar,-13706,45445.6,1016.5,-134.33,0.887
R7699,poplar,-12978.1,45196.7,1027.1,-156.94,1.147
R7700,shrub,-6024.8,50841.5,1560,8.17,1.108
R7701,elm,-7996.2,51912.2,1386.3,-259.96,1.01
R7702,elm,-7704.7,53963.4,1709.9,77.45,0.908
R7703,elm,-6925.4,52642.9,1416.6,-105.71,1.059
R7704,shrub,-5030.9,53317.8,1482.5,-261.75,0.894
R7705,elm,-5659.9,51814.9,1459.4,5.25,1.035
R7706,elm,-7272.2,50587.7,1441.6,62.66,0.972
R7707,elm,-6640.6,51525.9,1441.1,71.87,1.044
R7708,elm,-5339.3,52343.9,1458,-262.11,0.934
R7709,shrub,-6061.3,52099,1392.9,-178.34,0.944
R7710,elm,-6749.5,51965,1394.2,-43.97,1.122
R7711,mulberry,20713.7,46892.1,1119.8,27.37,0.911
R7712,mulberry,19806.4,48172.3,1097.5,-136.77,1.181
R7713,shrub,20147.8,44446.1,1272.2,-191.02,0.99
R7714,mulberry,19232.3,47583.2,1108.7,-63.61,0.917
R7715,mulberry,18728.8,45483.9,1155.3,-3.55,1.069
R7716,mulberry,19276.5,46206.6,1123.7,-204.47,0.96
R7717,shrub,18708.8,46241.9,1149.3,-142.52,1.054
R7718,shrub,19858.8,44716.6,1217.5,25.4,0.868
R7719,shrub,20316.4,45684.4,1177.3,-173.86,1.093
R7720,mulberry,18008.8,44636.6,1099,57.63,1.191
R7721,mulberry,20009.9,46616.8,1176.5,-104.8,1.054
R7722,elm,13237.7,24549.4,1254.4,-183.99,0.876
R7723,elm,11526.6,24318.5,1183.5,-81.6,1.075
R7724,elm,12408.4,24778,1293.8,-182.92,0.945
R7725,elm,13337,24174.3,1190.2,-43.56,1.053
R7726,elm,13086.5,25512.9,1440.1,27.49,0.853
R7727,elm,11101.4,24828.8,1198.2,68.47,0.98
R7728,shrub,12882.9,25115.1,1378.4,-123.48,1.187
R7729,elm,11513.1,23511.7,1157.4,-83.59,1.153
R7730,elm,37931.1,-19864.6,836.5,-118.33,0.983
R7731,elm,37935.6,-19020,868.3,-227.84,1.148
R7732,elm,40023.6,-19527.2,794.4,-140.12,0.989
R7733,elm,38096.1,-17721.9,863.7,58.49,0.925
R7734,elm,37487.5,-20811.1,838.7,-126.81,1.177
R7735,elm,38966.1,-17946.5,787.6,-46.9,0.89
R7736,elm,38142.3,-19562.6,859.8,-20.26,1.082
R7737,shrub,37706.9,-18720.8,844.9,-134.67,1.185
R7738,elm,38648.7,-17639.9,811.1,-3.24,1.025
R7739,shrub,38997.8,-18907,853.7,36.22,1.164
R7740,elm,39775.3,-19900.9,770.9,-90.17,1.074
R7741,shrub,38477.3,-19343,851.9,53.64,0.971
R7742,elm,36212.1,-20183.8,856,-157.25,1.183
R7743,elm,37187.4,-19768.2,824.3,71.56,1.173
R7744,elm,-36867.5,32242.6,1079.7,-175.3,0.971
R7745,shrub,-37594.9,31901.9,1122.2,-165.68,0.866
R7746,elm,-38561.3,30995,1161.9,-178.75,0.982
R7747,elm,-37813.2,32223.8,1146.2,52.87,0.938
R7748,elm,-38511.2,32489,1167.9,89.76,1.072
R7749,elm,-39064.7,31571.8,1166.2,-42.31,0.906
R7750,shrub,-35652.5,31544.2,1113.2,-25.8,1.028
R7751,elm,-37323.8,31829,1101.7,-44.18,0.996
R7752,shrub,-38532.6,31832.7,1135.4,-45.8,1.153
R7753,elm,-38205.1,32555.2,1156.4,-135.88,0.922
R7754,elm,-37556.7,32198.6,1124,-174.42,0.922
R7755,elm,-36971.4,33188.2,1083.2,74.87,1.139
R7756,elm,-42826,-34410.3,2989.9,-120.58,1.175
R7757,elm,-44175.7,-37094.7,4039.1,19.42,1.05
R7758,elm,-45109.1,-33595.9,3721,72.93,0.946
R7759,elm,-44218.4,-35389.8,4299,-1.26,1.175
R7760,elm,-43553.4,-36376.6,3807.5,-46.99,0.944
R7761,shrub,-44073.3,-36633.3,4159.2,81.15,0.893
R7762,shrub,-43336.6,-35744.8,3982.1,-245.18,0.965
R7763,elm,-43368.5,-34688.3,3335.3,-161.08,0.944
R7764,elm,-44412.9,-36208.2,4330,-178.61,0.913
R7765,elm,-42821.3,-34630.3,3039.4,-258.59,1.087
R7766,shrub,-43616.6,-34228.5,3549.8,79.16,1.052
R7767,elm,-44065.4,-34965.5,4021.7,-10.23,0.983
R7768,elm,-42079.4,-34795,2879.7,-31.94,1.12
R7769,elm,-44579.7,-35815.1,4801.9,-119.54,1.165
R7770,elm,-4805.9,-58590.7,4392.9,-155,0.922
R7771,shrub,-5253,-58471.5,4237.6,-64.79,0.991
R7772,shrub,-4944.5,-57348.4,4099.8,88.99,1.195
R7773,shrub,-4607.5,-57113,4081,-236.02,1.145
R7774,elm,-4091.7,-58605.3,4558.4,-101.19,1.108
R7775,elm,-49829.5,31989.9,1741.1,-98.62,0.975
R7776,elm,-50584,33831.2,1692.7,-70.63,0.946
R7777,elm,-50560.4,34165.7,1658.1,36.39,1.056
R7778,elm,-50878.2,33542.9,1777,-142.02,1.192
R7779,elm,-50564.6,35358.6,1520.7,-9.21,0.861
R7780,elm,-51068.6,32787.3,1924.2,-211.86,0.939
R7781,elm,-39344.4,-44348.4,2598.8,-14.67,0.995
R7782,elm,-40226.5,-46540.6,3394.3,4.99,0.919
R7783,shrub,-39198.1,-44140.2,2584.4,44.83,1.048
R7784,elm,-39674.5,-46619.2,3213.4,-162.14,1.034
R7785,elm,-39481.7,-42991.5,2984.3,-209.17,0.881
R7786,elm,-39860.5,-45334.7,2879.6,-21.5,0.952
R7787,elm,-39969.3,-45151.2,2957.7,-83.87,1.116
R7788,elm,-39448.3,-45050.2,2706.2,-171.22,0.944
R7789,elm,-38896.8,-44251.3,2599.3,-161.03,1.039
R7790,shrub,-39455.1,-44142.8,2624.1,-102.05,0.918
R7791,shrub,-39184.1,-46757.7,2932.7,-34.02,0.975
R7792,jujube,53146.1,56935.2,4025.6,43.29,1.141
R7793,jujube,54223.6,56490.3,3763.6,-7.39,1.165
R7794,jujube,54753.1,56148.4,3390.4,-240.93,1.117
R7795,jujube,54877,53802.7,3571,-140.29,1.032
R7796,jujube,55883.4,55780.6,2951.3,-140.83,0.99
R7797,jujube,55652,55532.1,3010.5,-232.47,0.857
R7798,shrub,55803.3,54938.5,3118.3,-4.04,1.094
R7799,poplar,-28083.5,-49970,2372.5,-46.65,0.902
R7800,poplar,-29851.1,-48065,1944.7,42.15,1.015
R7801,poplar,-30829.1,-49945.5,2870.7,59.46,1.151
R7802,poplar,-29285.5,-50106.1,2527.2,-257.15,1.115
R7803,poplar,-28573.7,-50044.7,2421.2,-30.31,1.133
R7804,poplar,-30294.1,-51888,3418.9,-97.86,1.166
R7805,poplar,-31100.6,-51404.7,3404.7,-95.41,1.198
R7806,poplar,-30496.7,-51200.9,3387.6,-251.61,1.047
R7807,poplar,-29495.4,-50112.1,2556.8,-15.25,1.045
R7808,mulberry,47614.3,15924.4,915.9,-196.81,0.906
R7809,mulberry,47751.5,16641,1115.9,48.66,1.044
R7810,mulberry,45561.6,15532.8,793.1,-205.32,0.88
R7811,mulberry,47980.1,16549.6,1089.3,11.92,1.048
R7812,mulberry,49248.3,16584.2,1062.4,-228.78,0.87
R7813,mulberry,-2631.5,39929.7,1545.4,17.79,1.089
R7814,mulberry,-4434.6,40083.6,1451,-23.82,1.112
R7815,mulberry,-4316.5,41196,1518.1,-257.89,1.172
R7816,mulberry,-2840.6,42431.2,1407.3,80.12,1.167
R7817,mulberry,-2638.2,41087.2,1489.8,-72.26,0.955
R7818,mulberry,-4854.8,40885.1,1432.5,-232.59,0.881
R7819,mulberry,-3515.1,41466.9,1462.3,-173.66,0.958
R7820,shrub,-1656.6,42404.3,1406.1,-116.55,1.117
R7821,mulberry,-2615.4,42582.8,1406.2,-5.23,1.174
R7822,mulberry,-3339.2,42130.1,1444.6,-31.53,0.926
R7823,mulberry,-3238.9,41447.2,1437.2,-24.81,1.067
R7824,shrub,-808.2,-56285.5,3669.2,-2.88,1.196
R7825,elm,-598.9,-57159.4,3914.5,58.69,1.168
R7826,elm,-1063.4,-58316.4,4832.6,-76.41,1.117
R7827,elm,-849.7,-56105.5,3599.6,-222.52,1.034
R7828,shrub,-1351.3,-57376.1,4213,78.44,0.884
R7829,elm,-2368.6,-56196.6,3793.9,-107.42,1.086
R7830,elm,-1928,-55882.4,3573.6,-178.63,1.111
R7831,elm,-1362.5,-56431.8,3744.7,35.28,0.907
R7832,poplar,-58590,-3245.1,5893.1,77.33,1.126
R7833,poplar,-59952,-2917.2,5845.1,-23.76,1.167
R7834,poplar,-59503.6,-2914.6,5962.5,-77.02,0.86
R7835,poplar,-59226,-1918.8,5613.5,-243.75,0.887
R7836,poplar,-59505.3,-3781.8,5779.8,-104.29,0.929
R7837,poplar,-58672.3,-2493.9,5572.1,-192.47,1.151
R7838,shrub,-42511.2,14928.8,1175.3,-214.26,1.157
R7839,poplar,-42378,15201.5,1195.9,0.02,0.99
R7840,poplar,-41194.9,14786.9,1115.8,-77.55,0.989
R7841,poplar,-43264.9,16182.4,1302.5,-145.14,1.086
R7842,elm,58960.1,-42990.5,2956.6,-79.14,1.157
R7843,elm,56753,-44944.2,2514.3,76.97,1.072
R7844,elm,59480.4,-44831.2,2762.7,-233.78,0.946
R7845,elm,59045,-43323.9,3014.7,9.67,1.074
R7846,elm,57878.3,-42442,2612.5,-57.45,0.969
R7847,elm,57036.1,-43936.4,2591.5,-41.36,1.109
R7848,elm,59108.9,-44783.6,2687.1,-128.02,1.083
R7849,shrub,-38682.5,-42057.4,2733.1,2.19,1.17
R7850,elm,-38576.4,-45307.1,2528.7,-162.83,1.183
R7851,elm,-39774,-43523.5,2970.1,-28.84,1.106
R7852,elm,-38976.6,-43629.9,2732.6,-249.32,0.857
R7853,shrub,-39294.4,-44102.6,2599.9,-213.72,0.865
R7854,elm,-39176.7,-44028.9,2605.4,80.71,1.195
R7855,elm,-23282.4,61310.9,2878.2,-4.2,0.945
R7856,elm,-23574.6,61587.9,2956.9,-143.96,1.108
R7857,elm,-22545.6,61282,2746.7,-0.62,1.162
R7858,elm,-21804.4,60646,2497.3,-183.13,1.2
R7859,elm,-22367.3,60757.3,2509,-175.91,1.009
R7860,elm,-22243.1,61172.1,2669.3,-202.06,1.063
R7861,elm,-24192.9,61796.2,2776,-224.97,1.196
R7862,elm,-20457.8,61232.1,2836.8,58.79,1.17
R7863,willow,-69581.6,13704.9,5763.9,-24.69,0.985
R7864,willow,-66710.8,17312.9,5474.4,-176.99,1.146
R7865,poplar,-65896.2,13460.3,5509.9,-237.4,1.138
R7866,willow,-64546.9,12962.7,5542.2,-53.56,1.137
R7867,willow,-62533.4,16935.7,5621.6,19.71,1.181
R7868,willow,-56789.7,11895.6,3500.6,-160.25,1.015
R7869,willow,-50252.5,11120.9,2215.1,70.73,1.067
R7870,willow,-45562.9,11234.7,1399.8,-119.66,0.908
R7871,willow,-39685.2,10869.4,1112.8,-159.83,1.026
R7872,poplar,-38498,14848.1,1097.3,-152.57,1.126
R7873,poplar,-36639.4,11195.5,1078.3,-56.1,1.067
R7874,poplar,-35756.6,15481.8,1149.7,6.65,1.151
R7875,willow,-31756.7,16297.7,1177.9,33.65,0.897
R7876,willow,-29052.1,16545,1111.8,-24.89,0.969
R7877,willow,-27842.3,17319,1156,-80.92,1.199
R7878,willow,-23826.2,18066.8,1151.7,45.43,0.961
R7879,poplar,-21679.2,14411.3,1111.2,43.05,1.189
R7880,poplar,-21064.8,18396.6,1103.4,-194.17,1.082
R7881,willow,-19645.8,18441.5,1096.8,-215.55,1.087
R7882,willow,-14112.7,19258.6,842.1,68.55,0.887
R7883,willow,-11413.4,20137.5,873.5,-4.39,1.131
R7884,willow,-7163.6,20530.7,739.3,-74.86,0.888
R7885,willow,-1164.6,18098.8,737.7,-183.52,1.118
R7886,willow,1316,21932.7,819.7,-51.92,0.877
R7887,willow,2901.6,17752.6,884.4,-8.05,0.858
R7888,poplar,4219.6,18062.7,789.2,30.25,1.003
R7889,willow,9856.3,21761.3,849.1,-259.51,0.86
R7890,willow,18854,15467.8,776.7,52.48,0.914
R7891,willow,21524.5,14265.6,874.5,-126.53,0.923
R7892,poplar,23149.7,14423.7,780,-57.47,0.942
R7893,willow,29937.8,13148.4,854.6,23.96,1.182
R7894,willow,32720.8,16549.2,772.9,-202.27,0.937
R7895,poplar,34044.2,16798.4,911.2,6.46,0.98
R7896,poplar,39739,15705.8,731.5,-159.51,0.905
R7897,willow,41302,15706.3,745.3,8.45,1.193
R7898,poplar,44217.9,11494,843.2,-30.47,1.086
R7899,willow,46162.2,15772,818,21.58,1.012
R7900,willow,49208.4,11752,739.3,52.76,0.894
R7901,willow,54355.9,14778.3,768.8,-4.55,0.977
R7902,willow,57347.1,11179.9,829.7,-248.67,0.96
R7903,willow,59118.5,14730.8,1107,71,0.862
R7904,willow,61860.3,10552.6,1342.8,60.24,1.008
R7905,poplar,-15019.2,24659.3,1087.1,-238.47,1.024
R7906,elm,-19891.1,29118.1,893.1,81.37,0.967
R7907,poplar,-22729.6,31377.5,1064.4,-155.71,0.997
R7908,poplar,567.6,-19523.4,1438.1,-254.62,0.926
R7909,elm,625.2,-41288,1600.8,-192.47,0.949
R7910,poplar,1550.8,-68591.3,7415.7,8.98,0.982
R7911,willow,30887.7,2165.5,1336.8,-239.39,0.93
R7912,willow,39554.1,17962.8,1034.6,48.26,0.886
R7913,willow,41017.4,21246.2,941.7,-51.4,0.924
R7914,elm,42265.3,24189.2,942,-247.03,0.976
R7915,elm,46023.9,35109.5,1717,-34.85,0.918
R7916,poplar,46977.5,38407.2,2683.5,-253.52,1.047