Name,Species,X,Y,Z,Yaw,Scale
R0,poplar,48576.1,34215.4,748.5,62.28,1.122
R1,pine,52288.7,34201.8,772.5,-113.93,0.802
R2,elm,52967.4,34369.9,785.6,-141.74,1.001
R3,poplar,53537,34182.9,769.8,-265.2,0.811
R4,pine,54589.1,34480.7,852.7,-149.42,1.17
R5,pine,47675.1,34993.1,843,-216.49,1.084
R6,elm,48495.9,34900.3,867.9,38.85,0.958
R7,pine,52712.3,35030.4,787.1,-93.73,0.828
R8,pine,53453.1,34815.6,813.7,-260.2,0.868
R9,pine,46901.2,35919.8,941,32.39,1.152
R10,poplar,49405.2,35561,947.4,79.99,1.13
R11,pine,53774.9,35592.1,859.4,-163.6,1.05
R12,poplar,57718.9,35508,748.3,-244.33,0.925
R13,poplar,58343.4,35719.9,702.2,-10.54,1.039
R14,pine,41733,36332.2,945,-213.09,0.94
R15,pine,54324.8,36572,914,-253.85,1.158
R16,elm,54985.3,36715.4,961.3,-127.78,0.884
R17,pine,56545.7,36621.4,861.9,-53.47,1.044
R18,pine,57625.6,36659.2,772.2,-213.11,0.844
R19,poplar,43264.4,37475.3,1031.8,-194.26,1.146
R20,poplar,46320.2,37400.4,1124.6,33.37,0.959
R21,poplar,48786.2,37498.2,1130.9,-133.98,0.897
R22,elm,55717.3,37149.9,914.8,-261.97,1.074
R23,pine,59034.1,36950.5,800.4,-251.52,0.909
R24,elm,60551.7,37178.8,1445.6,-75.79,0.825
R25,elm,63001.6,37226.8,2017,-67.39,0.889
R26,pine,42696.2,38074.3,990.3,-260.35,1.131
R27,poplar,43519.1,38162.1,1012,-167.8,0.837
R28,poplar,46015.3,38269.9,1115.9,-160.3,1.104
R29,poplar,50010.4,38013.9,1031.5,-267.65,0.933
R30,pine,55900.4,38027.5,846.2,-201.29,0.934
R31,pine,58308.7,38127.5,882.3,-219.97,1.115
R32,elm,59172.3,37788.2,1027.2,-109.67,1.145
R33,pine,59879.6,38037.2,1394.4,-102.18,0.978
R34,poplar,60713.3,37845.2,1690.7,5.11,0.933
R35,poplar,61456,38294.1,1847,-259.37,1.029
R36,elm,62210.4,37778.6,1958.7,-268.42,0.907
R37,elm,37418.7,38610.4,779,-269.34,0.889
R38,elm,41650.3,38501.1,931.3,15.3,0.927
R39,elm,43419.6,38928.5,1002.6,12.51,0.866
R40,poplar,43909.2,38928.7,1032.8,-264.91,1.108
R41,pine,44960.4,38837.8,1072,-54.46,0.806
R42,poplar,47045.2,38751.4,1098.5,-69.19,1.063
R43,elm,48223.4,38727.4,1124.2,60.59,0.832
R44,pine,50728,38824.5,1070.7,-23.46,1.17
R45,poplar,52794.3,38754.4,823.1,58.17,1.113
R46,pine,54771.5,38607.3,868.1,-219.9,1.197
R47,pine,57798.4,38471.5,936.8,-205.66,1.089
R48,poplar,59653.1,38860.5,1348.4,-112.13,0.817
R49,pine,60594,38622.8,1782.9,-257.4,1.04
R50,poplar,41120.1,39207.7,937.2,-24.4,1.073
R51,pine,41964.6,39758.9,1002.8,-160.2,0.932
R52,elm,43279.5,39225.1,1016.4,-104.41,1.029
R53,elm,47192.8,39308.1,1082,-129.04,0.868
R54,pine,47583.6,39715.9,1061.3,62.98,1.022
R55,poplar,49831.8,39691.8,1010.5,-17.55,0.817
R56,poplar,55923.1,39600.4,845,62.24,1.171
R57,poplar,59525,39613,1189.9,-64.89,1.147
R58,pine,61087.4,39440.6,1820.1,-99.55,0.831
R59,pine,62560.8,39222.8,1903,-269.02,1.187
R60,poplar,40525,40178.6,838.6,-152.57,0.953
R61,elm,42407,40057.1,1011.4,-45.62,0.891
R62,elm,52519,40448.2,933.5,-1.91,1.111
R63,elm,53225,40365.5,882.2,59.51,0.83
R64,elm,55471.6,40336.5,847.2,-48.64,1.002
R65,elm,56784.5,40407.1,933,-8.72,1.153
R66,poplar,58234.1,40359,852.8,66.78,0.865
R67,pine,59211.9,40118.9,998.3,-192.07,1.138
R68,poplar,62487.6,40498.6,1786.3,3.1,0.81
R69,pine,64378.5,40406.3,1927.9,-194.63,1.013
R70,pine,40230.7,40965,829,-165.74,0.859
R71,poplar,41593.4,41014.2,967.3,-22.24,0.886
R72,pine,51636.4,41118.7,893.4,-47.28,1.014
R73,poplar,52764.7,41245.3,892.9,-13.63,1.068
R74,elm,54023.2,41125,823,-23.75,0.882
R75,poplar,55299.3,41024.8,858,-250,0.809
R76,poplar,57577.3,40993.2,847.9,-70.44,1.041
R77,elm,58211.8,40877.3,829.2,-6.17,1.181
R78,elm,58761.9,41296.6,892.6,-188.1,1.161
R79,poplar,59518.3,41241.3,1079.8,-123.62,0.867
R80,poplar,61443.9,41005.1,1571.6,-164.8,0.984
R81,pine,61725,41108.6,1616.9,-258.41,0.843
R82,poplar,62622.5,41044.3,1852.8,-61.5,1.143
R83,elm,36494.5,41692.7,902.9,-86.47,0.963
R84,pine,50636.3,41502.1,993.5,-103.62,1.168
R85,poplar,52183.9,41721.6,925.5,37.39,0.954
R86,poplar,53915.9,41639.5,812.2,28.93,0.924
R87,poplar,56616.5,41593,864.8,-227.87,0.818
R88,poplar,57637.5,41895.6,871.3,-15.46,0.89
R89,poplar,59201.3,42017.6,1018.9,13.35,0.968
R90,elm,60987.2,41647.4,1492.4,-102.41,1.174
R91,elm,61805.1,41783.1,1676.1,-111.72,0.942
R92,poplar,62658.5,42012.9,2105,-172.16,1.175
R93,poplar,35236,42773.9,884.8,59.38,1.112
R94,elm,40026.2,42686.9,872,-216.22,0.86
R95,elm,41892,42582.3,1004.3,-239.18,1.055
R96,elm,49514.9,42425.4,1039,64.08,1.158
R97,poplar,50032.3,42650.4,1052.9,49.47,1.007
R98,elm,50865.7,42653,1054.5,-260.7,1.095
R99,poplar,51673.6,42234.1,1002.7,-239.73,0.874
R100,pine,53155,42268.6,888.7,-256.31,0.82
R101,elm,56095.7,42289.3,849.7,-18.45,0.877
R102,poplar,56462.3,42253.3,870.6,-101.95,1.056
R103,elm,60662.9,42760.1,1512.6,-23.87,0.832
R104,poplar,64300,42324.5,2258.7,-211.61,1.032
R105,elm,41197.7,43245.2,915.6,-204.18,1.042
R106,elm,50138.8,43038.2,1056.7,-152.37,0.883
R107,elm,55382.6,43138.6,842.8,-166.76,1.165
R108,pine,58350.6,43205.7,874.3,-171.99,1.137
R109,elm,59000.6,42986.9,950.7,-143.16,1.108
R110,pine,59761.6,43242.1,1232,17.32,0.943
R111,poplar,39036.7,44138.1,796.9,-173.66,0.886
R112,poplar,41619.9,43992.3,992.9,-200.06,0.966
R113,pine,42498,44094.5,999.4,-226.61,0.86
R114,poplar,43537.9,44108,1023.8,86.3,1.154
R115,pine,45010.4,44005.2,1049.6,-268.18,0.844
R116,elm,50258.2,44151,1032.5,-230.39,1.141
R117,poplar,50995.2,44062.4,999.7,-145.93,0.837
R118,poplar,52375.7,44253.4,999,22.88,0.833
R119,pine,53237.9,43940.1,924,83.21,1.122
R120,poplar,54769,44154.7,871.2,-184.89,1.01
R121,elm,55105.8,44222.3,836.2,-182.46,1.193
R122,poplar,55814,44257.9,839.8,-67.04,1.102
R123,poplar,56772.2,43711.1,876.8,-190.67,0.937
R124,elm,58246,44239.4,942,16.56,0.971
R125,poplar,64933.9,43998.8,2218.8,-167.64,0.957
R126,elm,65496.7,43744.3,2274.2,-54.12,1.111
R127,elm,66391.6,44056.3,2175.2,-254.9,1.147
R128,elm,67167.4,44112.7,2331.2,47.12,0.878
R129,pine,67736.7,43752.7,2340.2,-178.26,0.813
R130,poplar,33757.3,44753.1,993.3,-108.2,1.01
R131,poplar,41164.4,44522.9,920.3,5.96,1.061
R132,pine,42013.7,44684.9,986.1,-253.53,1.093
R133,pine,43179.3,44955.5,956.4,-112.66,1.14
R134,poplar,45025.6,45009.1,1046.4,-167.01,0.855
R135,pine,46318.3,44454.4,1069.7,-27.7,1.124
R136,poplar,47947.3,44476.2,1023,-113.57,1.125
R137,elm,49262.9,44833.6,1011.5,-90.7,0.968
R138,poplar,50558.3,44850.1,988.4,-70.5,1.165
R139,poplar,51228.3,44519.2,1001,5.01,1.043
R140,poplar,52002.3,44976.9,961,20.27,1.16
R141,pine,53154.6,44906.2,933,-114.38,1.137
R142,pine,53980.5,44817,884.1,73.45,1.035
R143,poplar,58322.7,44603.8,964.8,82.31,1.083
R144,poplar,59888.6,44912.3,1276.7,-54.59,1.142
R145,elm,64174.5,44932.3,1942.4,-221.82,0.839
R146,elm,65670.8,44701,2129.4,-83.57,1.006
R147,poplar,66398.2,44631.2,2145,-74.64,1.105
R148,pine,67373.8,44538.1,2464.9,-64.48,1.036
R149,pine,40190.5,45653.9,767.6,-263.44,0.809
R150,elm,41841.1,45571.2,978.4,-162.39,1.03
R151,pine,43065.7,45509.6,957.2,39.75,1.057
R152,elm,43704.8,45798.1,951.2,-161.89,1.12
R153,pine,44664.2,45660.7,1061.1,18.91,0.93
R154,pine,45262.8,45461.6,1103.7,-228.11,0.948
R155,elm,47040.5,45499,1086.3,66.4,0.932
R156,elm,47986.1,45246.2,1028.7,-7.25,0.819
R157,pine,48681.7,45749.4,1054.3,-251.18,1.183
R158,elm,50266.8,45630.5,936,-137.77,0.974
R159,elm,52985.9,45251.8,953.2,-24.37,1.001
R160,poplar,55059.2,45538.5,932.3,80.43,1.028
R161,elm,55883.6,45672.8,981.7,-109.29,1.077
R162,elm,57761.6,45590.9,1014.4,-109.38,1.198
R163,pine,58137.8,45241.5,979,-219.53,0.935
R164,pine,58767.7,45670.1,1046.8,-132.49,1.16
R165,elm,61262,45681,1319,81.87,1.032
R166,elm,62931.9,45247.7,1530.3,-160.02,1.002
R167,elm,64998.6,45559.6,1852,-43.01,0.837
R168,pine,38963.9,46051.1,794.3,-33.36,0.933
R169,elm,39695.1,46483.4,756.2,-193.6,0.819
R170,elm,42323.9,46480,977.2,-149.62,1.081
R171,elm,43765.2,46480.7,1005.7,-50.14,0.831
R172,elm,45732.2,46545.5,1135.5,-11.15,0.902
R173,pine,46009.4,46282.6,1121.4,-179.36,1.035
R174,poplar,49379.7,46240.3,1039.3,71.33,0.86
R175,poplar,50897.8,46020.2,918.2,63.41,1.149
R176,elm,51214,46380.2,911.1,-132.87,0.931
R177,poplar,52237.7,45988.9,885,-46.45,0.92
R178,elm,54791.6,46450.3,1026.5,-2.95,0.843
R179,pine,57363.2,46150.7,1061.6,-65.07,1.129
R180,pine,59523.9,46457.9,1047,-242.24,1.163
R181,pine,61213,46196.8,1251.9,-225.76,0.996
R182,pine,63298.3,46434.3,1320.3,-229.41,1.133
R183,poplar,64462.1,45979.5,1591.4,-37.26,0.859
R184,pine,66495.7,46178.9,1987.8,-47.41,0.927
R185,poplar,37111.4,46701.4,753.8,33.53,0.847
R186,pine,38658.5,46781.5,779,-268.93,0.841
R187,poplar,39539.5,46763,777.9,70.42,0.815
R188,elm,40377.1,47016.9,847.5,-176.31,1.088
R189,pine,42328.2,47153.2,980.4,-129.46,0.849
R190,elm,44960.3,46727.5,1152.9,-251.95,1.167
R191,elm,47256.7,47180,1110.2,-152.83,1.158
R192,pine,47640.3,46997.2,1099.4,54.63,1.021
R193,elm,48794.3,47117.4,1051.2,-78.86,1.087
R194,pine,49255.3,46711.5,1028.5,-211.57,0.809
R195,poplar,49712.2,47027.4,1011.2,-138.59,0.836
R196,poplar,51233.3,46831.5,927.1,-202.26,1.026
R197,poplar,52730.6,47174.3,1100.1,49.94,0.973
R198,pine,53826.6,47062.2,1109.3,-191.56,1.027
R199,pine,54521.7,47080.4,1103.5,-200.32,1.179
R200,pine,55177.3,46710.4,1097.1,-71.97,0.829
R201,poplar,56519.7,47217.4,1161.4,-172.98,1.112
R202,elm,57656.1,46776.8,1120.4,-31.35,1.169
R203,pine,58262.8,47034.5,1134.4,11.59,0.82
R204,elm,59454.5,46717.6,1050.7,-18.84,1.089
R205,elm,60482.3,46790.5,1142.7,38.35,0.945
R206,elm,64481,47127.9,1429.3,77.02,0.933
R207,elm,65841.4,47240.7,1893.9,57.45,1.171
R208,pine,69468.4,47130,3078.4,-62.5,0.917
R209,poplar,33663.1,47631.2,1082.9,65.98,1.011
R210,pine,38176,47630.5,744.1,-154.76,0.914
R211,elm,39496.9,47908,840.8,-72.04,0.887
R212,pine,40153.1,48018.7,854,-213.12,0.821
R213,pine,40810.1,47996.5,892.5,-183.37,1.136
R214,pine,43030.3,47962.9,1020.9,-208.07,1.086
R215,elm,45787,47706.9,1105.8,-223.3,1.079
R216,pine,47014.1,47983,1144,-249.29,0.986
R217,pine,48003.6,48012.9,1096.5,84.49,1.123
R218,pine,48258.4,47747.6,1094.4,28.89,1.124
R219,pine,50948.1,47828.4,971.9,32.86,0.973
R220,poplar,51683.5,47459,1018.9,-15.96,0.961
R221,elm,56468.8,47867.9,1201.3,-17.7,0.871
R222,elm,59034.9,47605,1137.5,-48.5,0.996
R223,poplar,60685,47717.1,1150.6,-55.63,1.088
R224,poplar,61494.6,47960.3,1293.5,49.88,0.91
R225,poplar,62157.1,47665.7,1385.9,-39.89,1.107
R226,poplar,62682.4,47896.8,1500,-73.02,0.903
R227,pine,63389.9,47544.1,1482.4,-29.36,0.839
R228,poplar,64152.7,47719.9,1445.2,-77.16,0.905
R229,elm,66030.3,47642.5,1827.8,-227.33,0.847
R230,elm,33426,48785,1058.5,-260.05,1.112
R231,poplar,34211.3,48497.3,1019.1,-250.25,1.099
R232,pine,37046.5,48505.2,805.3,-181.6,0.969
R233,pine,37713.6,48323.5,781.8,-22.72,1.082
R234,poplar,38814.2,48280.2,816.9,-24.5,1.059
R235,elm,39962,48260.6,848.9,83.04,0.969
R236,poplar,40713,48783.2,955.7,-226.46,0.844
R237,poplar,41630,48212.8,924.5,-158.48,0.829
R238,elm,43711.6,48763.2,1041,9.05,0.805
R239,poplar,44612.4,48738.9,1096.3,50.26,1.164
R240,elm,45362.8,48278.1,1132.7,-63.37,1.093
R241,poplar,46236.4,48790.6,1146.7,-26.74,0.862
R242,elm,46882.9,48336.4,1160.2,-188.57,1.167
R243,elm,50239.5,48582.9,1006.6,-147.93,1.105
R244,elm,50593,48767.8,998.8,-258.94,0.9
R245,elm,52304.3,48544.6,1077,-60.14,1.17
R246,pine,52916,48736.4,1114.7,17.28,1.16
R247,elm,53979.1,48330.7,1179.5,13.45,1.12
R248,elm,54396,48695.3,1228.3,-249.85,0.893
R249,poplar,55277.9,48534.9,1310.1,-228.47,0.837
R250,poplar,56102.5,48372.8,1251.8,-259.95,0.963
R251,pine,58445.6,48219.4,1171.2,-88.6,0.864
R252,elm,59556.2,48399.8,1151.3,-212.14,1.149
R253,poplar,60766.7,48440,1241.9,67.92,0.904
R254,poplar,64718.9,48636.7,1537.8,-163.06,0.827
R255,elm,66567.7,48684,1942.9,-30.45,0.954
R256,elm,70984.9,48441.2,3789.2,-170.78,0.876
R257,poplar,34148.8,49185.8,1005.9,70.7,0.928
R258,elm,34933,49312.9,959.3,-170.61,1.027
R259,pine,38002.4,49493.6,867.5,-32.44,1.037
R260,elm,38777.6,49298.8,918.5,-46.17,1
R261,poplar,39492.2,49284.7,938,-192.14,0.938
R262,pine,40549.6,49549.8,1021.3,-82.26,0.871
R263,elm,40778.5,48995.3,978.5,-19.4,0.824
R264,poplar,41647.6,49140.9,956.2,-252.37,0.813
R265,elm,43076.5,49097.9,1050.9,-110.8,0.828
R266,pine,45768.1,49030.4,1166,-8.95,0.878
R267,pine,46343.5,49280.3,1146.2,-237.65,0.945
R268,poplar,46952.4,49150.8,1141,3.51,1.097
R269,poplar,47771.4,49450.1,1074,-68.83,1.139
R270,poplar,48714.8,49247.9,1054.2,-237.53,1.126
R271,poplar,49339.1,49271.9,1006.5,-74.12,0.824
R272,poplar,49734.8,48958.6,1003.8,-190.33,0.87
R273,poplar,51732.2,49547.8,1017.6,-100.95,0.954
R274,pine,52400.1,49396.2,1075.6,-89.27,1.107
R275,poplar,54272.9,49412.8,1283.6,-170.02,0.97
R276,elm,55332.5,49275,1308.6,-60.41,0.824
R277,pine,56225.9,49299.5,1282.8,-61.7,0.916
R278,elm,58257,49434,1277.5,-73.01,0.921
R279,elm,60655.4,49185.1,1367.7,-103.09,1.149
R280,pine,64233.1,49219.9,1525.9,-93.81,0.846
R281,pine,65263.8,49215,1635.3,-242.19,0.993
R282,poplar,68924.6,49080,3295.8,25.33,1.073
R283,poplar,35295.9,49941,1026.1,-260.14,1.1
R284,elm,36237.4,49770.2,974.9,-267.41,0.898
R285,elm,37143.7,50011.9,915.6,-103.16,0.966
R286,pine,39323.7,50044.2,962.2,-194.72,0.947
R287,poplar,40173.1,49827,1003.1,66.96,1.002
R288,elm,40914.4,50097.2,997.6,30.52,0.831
R289,poplar,41540.7,49836.7,962.6,-219.32,0.925
R290,pine,43870.3,50118.5,981.6,-89.3,1.06
R291,pine,45449.5,50094.1,1176.9,-142.25,0.818
R292,elm,46785.6,50161.3,1128.3,76.35,0.981
R293,elm,49415.8,49722.6,995.7,80.35,0.943
R294,poplar,51442.8,49722.6,999.5,33.41,0.962
R295,poplar,52033.4,49835.7,1043.5,-133.33,0.927
R296,poplar,52801,50118.6,1131.5,-199.92,1.108
R297,poplar,54034.7,50189.3,1230.8,-33.5,0.982
R298,pine,54446.1,50228.6,1262.9,41.5,1.097
R299,pine,55766.4,49742.1,1277.9,-175.83,0.807
R300,elm,56677,50064.5,1304.7,-98.02,1.12
R301,poplar,57386.5,49922.7,1318.6,-87.44,1.083
R302,pine,58236.7,50257.8,1288.5,-16.87,1.013
R303,pine,59597.2,50141.1,1323.7,-185.03,0.937
R304,pine,60789.8,49921.6,1331.9,-88.87,1.133
R305,pine,61964.5,50125.6,1390.3,86.14,1.069
R306,pine,64879.9,50177.8,1647.3,-15.26,0.986
R307,pine,66565.7,49850.2,1895.7,-259.07,0.836
R308,elm,70096.4,49797.3,3852,-198.78,1.19
R309,pine,35642.3,50474.9,1080.6,-95.94,0.831
R310,poplar,36362.3,51027.1,1081,-39.4,0.813
R311,poplar,37721,50498.3,924.2,-164.2,0.868
R312,pine,39012.7,50577,969.3,41.27,0.978
R313,pine,42316.5,50569,969.4,10.76,0.912
R314,elm,43250.2,50683.5,944.6,-18.1,1.065
R315,poplar,44272.2,50753.4,998.3,-10.24,1.06
R316,poplar,44959.5,50723.1,1067.2,-248.37,0.991
R317,elm,45787.1,50800.8,1175.5,-246.36,1.17
R318,elm,46472,51008.1,1134.2,-65.73,0.984
R319,poplar,47141.4,50879.3,1102.9,-201.09,0.815
R320,pine,48460.3,50456.6,1028.8,-136.23,1.178
R321,poplar,49211.8,50857.9,991.1,-32.32,1.114
R322,elm,49862.3,50700.8,988.4,0.06,1.097
R323,poplar,50605.7,50803.4,997.8,-251.12,1.108
R324,elm,51471.3,51017.5,1083.5,-188.63,1.19
R325,elm,52366.5,50727.9,1143.2,-198.12,1.193
R326,pine,53025,50768.1,1179.3,-96.38,0.879
R327,pine,54474.8,50613.3,1254.8,4.58,0.919
R328,poplar,55214.2,50746.2,1287.8,-225.61,0.985
R329,poplar,60677.9,50842.5,1373.5,-83.92,0.989
R330,poplar,61792,50851.5,1476.2,-132.86,0.856
R331,pine,62668.2,50684.6,1446.7,36.6,0.933
R332,pine,63231.9,50564.4,1487.2,-135.71,1.136
R333,pine,64504,51046.7,1655.9,-247.17,0.834
R334,elm,65999.7,50586.7,1788.4,32.59,1.15
R335,elm,67031.1,50754.1,2450.1,58.48,0.805
R336,pine,70490.4,50535.6,4162,-113.23,1.151
R337,poplar,42713.8,51255.3,1037,32.5,1.174
R338,elm,43223.8,51535.8,1041.8,-52.37,0.886
R339,pine,45757.3,51504.1,1162.7,-45.03,1.178
R340,poplar,46038.7,51721.5,1164.6,27.02,0.984
R341,poplar,47072.1,51455.7,1088.1,-9.46,0.946
R342,pine,47655.3,51247.9,1015.7,-223.52,0.855
R343,pine,48407.4,51790,958.1,-169.33,0.852
R344,pine,49222.7,51573.6,1047,32.95,1.06
R345,elm,49795.5,51623.7,1065.4,87.04,1.064
R346,pine,52527,51405.8,1193.7,-220.19,0.94
R347,elm,53580.7,51435.5,1245.9,50.5,1.165
R348,poplar,54561.5,51584.7,1361.8,-214.74,1.045
R349,elm,56668.7,51360.8,1303.1,-191.2,1.025
R350,pine,58704.4,51518.9,1282.8,44.95,0.902
R351,poplar,60792.5,51420.4,1429.4,-3.61,0.916
R352,poplar,62158.7,51780.4,1501.2,-194.31,0.929
R353,poplar,63275.5,51547.1,1554.5,-29.86,1.076
R354,poplar,64344.7,51309.1,1659,-256.54,1.105
R355,pine,65187.9,51211.8,1812.8,-107.43,1.153
R356,elm,66027.3,51685.3,2033.9,-265.56,0.827
R357,poplar,66330.9,51430.6,2093.7,17.8,0.968
R358,poplar,35903.2,52261.7,1020.9,-46.82,1.181
R359,pine,38099.5,51981.5,1063.4,-153.61,0.998
R360,elm,38690.5,52139.6,1077.3,-166.83,1.123
R361,pine,39733.9,52452.4,1070.5,65.56,1.137
R362,elm,40700.3,52342.7,1114.1,-151.71,1.194
R363,elm,42417.2,52164.1,1123.3,-246.94,1.151
R364,pine,44842,51971.7,1065.2,-183.05,1.103
R365,elm,46850.9,52031.8,1071.2,-244.03,0.951
R366,poplar,48037.7,52448.4,968,-196.16,1.2
R367,poplar,49173.6,52223.7,1054.1,-47.13,1.085
R368,elm,51646.9,52509.4,1120.9,-121.62,1.063
R369,pine,53961.2,51986.4,1360.1,-238.58,1.185
R370,elm,54398.5,52201.9,1373.7,-42.26,0.894
R371,elm,55385.2,52135.9,1332.3,-257.26,0.926
R372,elm,57261.2,52106.4,1312.9,-231.66,0.956
R373,elm,58514.4,52002.5,1276.3,-140.09,0.894
R374,poplar,59131.1,52484.2,1335.9,-117.97,0.963
R375,pine,60745.2,52295,1473,-2.93,1.086
R376,poplar,62173.4,52151.5,1466.1,46.63,1.147
R377,pine,63992.7,52228.1,1645.5,-138.05,1.168
R378,poplar,64928.2,52443.5,1900.5,-24.06,0.813
R379,poplar,41074.2,53252.5,1155.3,-75.37,1.195
R380,pine,41756,52881.3,1167,-133,0.963
R381,pine,42263,53101.8,1099.4,-142.52,0.962
R382,elm,45274.8,53291.6,1113.9,-82.52,0.804
R383,pine,46082.9,53200.5,1065.3,-65.54,1.197
R384,elm,49221,53248.5,1024.6,10.14,1.138
R385,elm,50087.5,52726.6,1041.1,-15.95,0.962
R386,elm,50778.8,52860,1111.9,-54.23,1.106
R387,pine,52401,53272.9,1209.7,42.12,0.852
R388,elm,53946.9,53033.2,1303.5,52.09,1.071
R389,pine,55520.4,53074.2,1391.3,-184.93,1.059
R390,elm,56604.6,53266.8,1339.7,-178.19,0.904
R391,elm,57211.5,52957.9,1322.3,-218.94,1.183
R392,elm,58213.4,53112.1,1368.8,-244.06,1.2
R393,pine,59080.8,53157.6,1400.9,-48.38,1.053
R394,pine,60355,52725.4,1518.5,-233.35,0.879
R395,elm,61057,53205.5,1508.6,-137.15,0.946
R396,poplar,61867.7,52714.8,1437.8,39.49,1.155
R397,pine,64044.6,53253.5,1575.3,-216.99,0.971
R398,elm,65270.4,52874.2,2050.9,-184.41,0.846
R399,elm,65977.9,52777,2246.8,-129.08,1.009
R400,elm,35891.9,53842.5,1068.6,-95.05,0.923
R401,elm,36652.2,53649.3,1131.7,-21.49,0.939
R402,elm,37986.9,53586.5,1140.7,-220.97,1.175
R403,pine,39271.3,53978.9,1076.9,27.69,1.031
R404,elm,40864.4,53622,1145.2,44.45,0.966
R405,pine,41496.4,53929.9,1143,70.05,1.057
R406,elm,42716.4,54023.3,1079.7,-251.69,1.073
R407,pine,43039.7,53913,1050.9,-80.61,0.897
R408,poplar,44570.7,53643.4,1102.7,-53.53,0.849
R409,elm,46920.7,53886.9,1018,44.21,0.912
R410,poplar,47783,53494,966.7,-171.25,0.803
R411,elm,49271.6,53924.9,950.7,14.58,1.013
R412,poplar,51613.7,53613.1,1117.5,65.05,1.193
R413,poplar,52306.1,54003.1,1155,-12.07,1.08
R414,elm,52701.5,53778.1,1233.9,-41.74,0.907
R415,poplar,54785.5,53908.8,1315,-218.73,0.825
R416,pine,56610.8,53561.9,1350.7,72.4,0.903
R417,poplar,57615.7,53481.7,1371.1,-208.09,1.135
R418,pine,58233.7,53734.2,1393.8,24.67,1.193
R419,poplar,59938.5,53504.1,1469.9,73.1,1.003
R420,pine,60356.7,54008.2,1521.5,-149.25,1.065
R421,pine,63390.6,53754.3,1537,-72.73,1.047
R422,pine,65281.7,53708.4,2123.4,-97.2,1.145
R423,poplar,65988.3,53844.4,2533.6,-140.42,1.184
R424,elm,67754.8,53851.1,3153.1,-125.83,1.076
R425,elm,36438.8,54757.8,1147.9,48.2,0.945
R426,pine,36969.5,54605.6,1174.1,29.42,0.877
R427,elm,40841.1,54214.7,1095.2,-223.97,1.159
R428,elm,43022.5,54687,1043.2,-166.49,1.165
R429,poplar,45769.4,54236.5,1138,-232.81,0.863
R430,elm,47288.3,54411.8,999.9,-73.13,0.801
R431,poplar,47756.3,54226.4,954.3,-229.64,0.882
R432,poplar,48654.2,54560.1,924.8,-16.4,1.043
R433,elm,49377.8,54377.3,950.2,-225.59,0.842
R434,pine,50788.8,54667,1091.9,-126.34,0.989
R435,pine,53007.9,54490.8,1140.9,2.39,1.049
R436,elm,56174.5,54359.7,1293.4,-42.04,1.13
R437,pine,57041.6,54519,1332.1,-177.35,0.848
R438,poplar,57625.5,54300.2,1355.5,-262,0.928
R439,pine,62032.8,54687.3,1558.9,-7.86,1.006
R440,pine,64440.3,54687.5,2174.7,-178.67,0.894
R441,elm,37870.9,55515.2,1056.6,-243.91,0.818
R442,elm,39541.5,55289.2,1028.1,7.01,1.015
R443,poplar,43499.9,55539.1,1120.5,-179.27,1.022
R444,pine,43908.1,55188.3,1131.5,38.61,0.963
R445,pine,44583.2,55043.2,1171.5,41.34,0.938
R446,pine,45339.2,55430.2,1172.7,-139.44,0.97
R447,pine,48038.9,55171.5,1028.1,-69.8,1.195
R448,poplar,48300.2,54964.1,984.8,82.22,0.878
R449,poplar,52711.3,55165.2,1128.9,-77.02,1.064
R450,elm,53667.8,55149.9,1156.1,-146.62,1.068
R451,pine,54692.4,55298.1,1158.3,-7.51,0.87
R452,pine,55273.1,55302,1219.8,-251.56,0.848
R453,elm,56284.8,55094.9,1257,-50.63,1.053
R454,poplar,57045.7,55071.2,1332.9,-177.85,0.915
R455,pine,57650.3,55104.6,1353.9,-145.23,1.144
R456,elm,59036.9,55297.4,1365.2,14.08,1.122
R457,elm,64407.7,55499.8,2289.2,-34.19,1.023
R458,poplar,33419.9,55854.1,1091.1,33.04,1.127
R459,poplar,36577.7,55749.6,1126.6,-220.16,1.113
R460,poplar,38913.2,55985.2,988.2,-6.63,0.933
R461,elm,40159.8,56151.7,1008.6,26.34,0.903
R462,poplar,41109.6,55974.9,1019,-46.11,0.847
R463,elm,43994.6,55946.5,1142.8,-32.56,1.01
R464,elm,45733.2,56218.9,1035.6,50.74,0.876
R465,poplar,46045.2,56083.3,1007.8,-108.6,0.878
R466,pine,46771.9,56070.8,965.7,68.64,1.161
R467,poplar,50299.4,55973.9,1134.7,-164.45,0.914
R468,pine,53089.9,55781.1,1137.9,-4.18,0.88
R469,poplar,53581.9,55823.9,1096.3,-26.05,1.076
R470,elm,55117.9,55840.6,1216.4,-63.2,0.881
R471,poplar,56243.1,55836.2,1217.3,-176.36,0.808
R472,poplar,56706.2,55961.8,1237.5,-207.24,1.193
R473,pine,57580.8,56216.6,1299.8,-231.47,1.119
R474,pine,58203.4,56269.8,1324.9,-15.18,0.908
R475,pine,58995.8,56283.5,1332.3,-264.4,1.059
R476,elm,59868.7,56176.8,1339.3,-46.85,1.133
R477,elm,60441,56110.5,1362.8,-264.95,0.942
R478,poplar,61731.2,56169.4,1429,-141.06,1.093
R479,pine,62756.9,55879.1,1539.6,-3.09,1.156
R480,elm,64079.2,55782.6,2111.6,-235.97,1.046
R481,elm,67835.5,55844,3371.5,58.95,0.893
R482,poplar,38704.8,56910.3,1004,-201.69,0.99
R483,elm,40412.7,56754.4,983.9,-236.57,0.961
R484,pine,41525.7,56458.3,1065.6,-128.04,0.884
R485,poplar,43211.7,56678,1088.3,87.71,1.168
R486,pine,43960.3,56532.4,1087.2,30.18,0.83
R487,pine,44573.2,56633.5,1096.8,-162.2,0.857
R488,elm,45558.4,56611.8,985.4,89.19,1.056
R489,poplar,46351.8,57007.5,914,-37.31,0.999
R490,elm,46801.9,56887.4,919.7,-212.93,0.92
R491,poplar,48229.8,56642.6,963.9,-224.71,1.076
R492,elm,49363.8,56968.5,1084.7,50.14,1.115
R493,pine,50287.5,56859,1108.9,-124.32,1.042
R494,poplar,52238.5,56995.6,1073.3,24.38,1.168
R495,elm,53948.6,56493.5,1062.1,-262.59,1.155
R496,poplar,56702.9,56666.6,1220,-255.56,1.121
R497,poplar,58311.4,56836.4,1285.3,-175.51,0.908
R498,pine,60472.2,57008.3,1350.7,-145.48,0.847
R499,pine,61546.3,56803.1,1477.1,-258.58,1.141
R500,elm,70893,56692.9,4971.7,-160.01,0.931
R501,pine,40082.3,57764.6,971.1,65.62,0.871
R502,pine,41990.4,57497.1,1037.4,19.8,1.044
R503,poplar,43170.8,57338.5,1114.1,-33.57,0.853
R504,pine,44457.7,57316.9,1007.1,-120.46,1.019
R505,elm,45249.4,57473.9,955.8,-91.32,1.001
R506,elm,46524.1,57349,939.8,3.36,0.858
R507,poplar,47571,57304.2,912.9,12.79,0.877
R508,pine,48583.9,57216.1,1040.6,-62.26,1.043
R509,elm,51536.3,57317.6,1113.4,-108.42,0.855
R510,elm,52865.5,57570.8,1055.1,-78.5,1.023
R511,pine,55344.6,57274,1147.2,-261.16,0.935
R512,poplar,57703.4,57314.6,1244,-116.07,0.906
R513,pine,58415.3,57464.8,1220,-89.55,1.015
R514,poplar,59221.6,57442.8,1203.5,89.27,0.953
R515,elm,61177.7,57747.5,1423.1,-203.7,1.048
R516,poplar,63239.7,57570.1,2119.8,79.03,0.882
R517,elm,64924.3,57600.5,3011.7,-114.26,1.176
R518,poplar,68567.5,57254.7,3967.2,2.69,1.089
R519,elm,69603.6,57411,4420.6,-19.14,0.881
R520,pine,35861.3,58215.5,1055.1,40.55,0.971
R521,poplar,39657.1,58318.1,1104.8,-190.58,0.977
R522,poplar,40886.1,58420.2,1096.3,-157.57,0.85
R523,elm,41878.2,58403,1011,-263.58,0.995
R524,elm,44801.9,57969.3,960.6,-223.07,1.11
R525,elm,45362.8,58083.7,933.8,-210.71,0.926
R526,elm,47882.3,58243.6,894.2,-29.5,1.142
R527,pine,49285.8,58378,1050.1,-59.15,1.034
R528,pine,51676.7,58434.7,1257.9,-254.99,1.085
R529,pine,52483.3,58106.1,1076.7,25.18,0.834
R530,poplar,54007.4,58519.9,1166.1,-148.56,1.063
R531,pine,55267.6,58490,1097.6,-230.1,0.912
R532,poplar,55981.6,58399.5,1083.1,-149.39,1.047
R533,elm,57588.1,58408.2,1128.3,19.9,1.004
R534,pine,62817.5,58387.1,2213.3,-186.03,0.879
R535,poplar,63766.7,58236.6,2433.4,59.88,1.073
R536,pine,64767.6,58338.3,3051.4,-187.17,0.82
R537,poplar,65528.5,58513.3,3390.8,-203.22,1.177
R538,poplar,67324.2,58508,3247.9,-184.08,1.143
R539,pine,68890.1,58000.6,4058.7,-124.65,1.006
R540,pine,35994.2,58928.9,1108.7,-25.68,0.885
R541,pine,37103.6,58787,1183.1,-185.06,1.092
R542,poplar,39436.8,58784.9,1334.1,-38.74,0.938
R543,poplar,40727.5,59037.3,1385,-242.61,0.933
R544,pine,44920.3,58926.8,901.8,89.36,0.985
R545,pine,46101.8,59067.6,932.3,-71.66,0.983
R546,poplar,48004,58911.7,936.3,85.48,1.139
R547,poplar,48603.5,59078.9,977.7,-245.8,1.136
R548,pine,49287.6,59181.1,1048.2,-210.8,0.836
R549,pine,50587.4,58922.8,1230.7,-49.73,0.891
R550,elm,52780.8,59064,1279.4,-41.79,0.876
R551,poplar,53820.1,59093.8,1272.8,-197.42,1.164
R552,elm,55376,58901.3,1111.7,-88.31,1.076
R553,pine,57374.9,58871.4,1080.5,-253.04,0.803
R554,poplar,59234.6,58739.8,1170.2,-111.15,0.879
R555,elm,59717.8,58840.8,1233.3,-201.85,1.081
R556,poplar,60342.2,58820.9,1348.2,-265.32,0.836
R557,poplar,62122,59067.4,2304,-236.99,0.922
R558,pine,62451.8,59218.6,2519.7,-210.49,1.198
R559,poplar,63289.9,59022.7,2587.6,-109.72,1.048
R560,poplar,35651.7,59665,1170.3,-212.45,0.892
R561,elm,36706.5,59878.2,1328.7,57.53,1.095
R562,elm,39580.4,59970,1614,26.47,1.199
R563,poplar,44546.7,59507.9,895.3,-80.52,0.996
R564,pine,46340,59622.2,964.3,-58.44,0.878
R565,elm,46903.2,59629,917.6,8.17,0.974
R566,pine,47735.9,59816.1,986.6,-14.13,0.814
R567,elm,49044.6,59950,1143.4,-259.55,0.8
R568,pine,50934.2,59896.2,1194.8,77.23,0.93
R569,elm,51286.8,59532.4,1243.5,-154.29,0.977
R570,poplar,52483.8,59950.5,1284.6,-205.85,0.91
R571,pine,53170.5,59939.3,1359.2,12.69,0.9
R572,elm,55188.9,59512.9,1184.4,-145.55,0.947
R573,poplar,55728.1,59526.4,1167.4,81.38,0.818
R574,elm,56739.9,59721.9,1085.3,-212.99,1
R575,elm,58008.1,59511.8,1092.1,-30.08,1.166
R576,pine,59099.3,59990.9,1091.9,62.22,1.193
R577,poplar,60427.3,59471.2,1415.4,45.15,0.939
R578,pine,63204.2,59669,2873.8,20.21,1.07
R579,elm,64842.6,59821.4,3225.5,-84.08,1.068
R580,poplar,36285.4,60589.9,1172.8,-45.49,0.858
R581,elm,37991,60330.7,1563.2,-201.46,1.026
R582,poplar,41282,60336.5,1464.1,-65.13,1.051
R583,poplar,43822.1,60654.2,922.5,24.05,1.022
R584,poplar,44555.7,60311.8,878.3,-62.58,1.052
R585,poplar,45712.3,60718,1011.1,-84.3,0.95
R586,pine,46161.4,60706.2,1005.5,-98.41,0.949
R587,poplar,46946.4,60752.4,988.4,21.41,0.965
R588,poplar,49364.4,60689.5,1256.2,-147.67,1.015
R589,elm,50656.7,60313,1216.1,17.45,1.133
R590,elm,52043.3,60261.5,1234,-132.98,1.19
R591,poplar,52937.8,60364.3,1348.2,-11.8,0.87
R592,pine,54607.1,60439.1,1377.4,17.58,1.132
R593,poplar,55059.6,60595.6,1415.9,-146.77,1.079
R594,poplar,56277.7,60358.2,1196.9,-22.66,1.193
R595,pine,57010.7,60298.6,1081,-129.39,1.094
R596,poplar,58479.8,60587.4,1089.9,-16.66,1.192
R597,poplar,67509.1,60268.2,3803,41.96,1.087
R598,poplar,40035.2,61187.2,1715.2,6.06,1.062
R599,elm,41658.3,61246.4,1446.2,56.71,1.019
R600,pine,42524.8,61229.8,1390.8,-105.3,0.805
R601,elm,44273.9,61481.2,1118.3,-228.78,1.088
R602,elm,46219.8,60978.3,1075.4,-28.41,1.158
R603,pine,47281.6,61508.8,1186.5,0.93,1.025
R604,pine,48717.3,61223.3,1264.4,48.93,1.143
R605,poplar,49221.9,61289,1362.9,-5.29,1.014
R606,pine,50450.5,61159.8,1280.7,-269.77,1.013
R607,poplar,51349.5,61333.9,1142.9,-78.6,0.919
R608,pine,53008.2,61296.6,1224.3,75.71,0.908
R609,elm,53852.6,61015.5,1344,-207.24,0.895
R610,pine,56939.7,61191.9,1178.8,80.1,1.171
R611,elm,57347.1,61349.2,1101.4,-207.85,0.802
R612,poplar,58170.1,61142.1,1033.1,-24.85,1.061
R613,elm,63767.3,61024.3,2952.4,-181.13,0.903
R614,elm,64790.9,61210.3,3302.2,38.33,1.097
R615,pine,43086.4,62120.7,1734.8,-252.2,0.856
R616,elm,44705.4,61889,1219.6,61.35,0.886
R617,elm,45706.3,62212,1325.6,38.54,1.015
R618,elm,50026.3,62277.1,1509.9,-182.53,0.871
R619,pine,51675.1,62032.6,1145.2,-155.69,0.829
R620,pine,52289.1,62206.8,1148,5.44,1.13
R621,elm,54036,61912,1155.9,-169.31,0.846
R622,pine,55456,61778.7,1280,-261.1,0.849
R623,elm,56722.3,61990.6,1352.8,-63.67,0.991
R624,poplar,59567.2,61836.3,1014,88.93,1.072
R625,elm,60704.7,62098.8,1340.2,-31.88,0.918
R626,pine,37732,62492.3,1924.6,46.73,1.003
R627,elm,43899.9,62752.3,1540.7,49.07,1.059
R628,poplar,44965.6,63047.9,1287.6,-224.82,0.942
R629,poplar,45744.1,62511.1,1279.2,-95.87,0.885
R630,pine,46405.5,62614.7,1209.9,-243.49,0.935
R631,poplar,47084.4,62555.3,1289.9,52,1.175
R632,poplar,49271.7,62980,1672.3,-67.72,0.906
R633,pine,50840.1,62480.6,1201.3,-18.6,1.174
R634,elm,52791.2,62526.3,1168.8,-79.83,0.966
R635,pine,54371.2,62498.3,1022.4,-24.13,1.159
R636,pine,56521.8,62978,1249,-105.69,1.11
R637,poplar,57776.8,62947.4,1224.1,73.64,1.196
R638,pine,58801.5,62661.6,1098.6,88.48,1.169
R639,poplar,59560.3,62999.1,1418.7,-6.52,1.068
R640,elm,63359.1,62521,2159.4,-142.23,1.128
R641,poplar,43133.2,63459.2,1900,66.91,0.872
R642,elm,45605.1,63591.2,1286.2,-110.51,1.082
R643,pine,47152.2,63327.9,1341.8,46.24,0.985
R644,pine,48469.8,63259.9,1653.2,-74.53,1.118
R645,pine,54498.5,63725.4,1181.1,-134.53,0.805
R646,pine,55364.7,63548,1253.1,-156.72,1.088
R647,elm,56627.9,63270.2,1278.3,-235.78,0.921
R648,elm,58763.3,63497.3,1624,-255.22,0.963
R649,elm,59601.2,63726.1,2110.8,-67.09,1.098
R650,pine,62222.2,63296.5,1866.3,-4.52,1.136
R651,elm,63468.6,63246.4,2076.9,-127.25,0.937
R652,elm,38156.3,64267.4,2978.3,-152.88,1.152
R653,pine,38614.4,64395.8,3174.4,-245.12,1.153
R654,elm,41621.5,64348.7,2630.3,-53.95,1.106
R655,elm,42451.8,64392.3,2506.4,-7.74,0.81
R656,elm,43820.3,64360.5,2187.5,-53.28,1.028
R657,pine,44793.7,64515.6,1806.9,-257.59,0.917
R658,elm,46273.2,64005.7,1334.4,10.92,0.828
R659,elm,49933.5,64319.7,1681.8,-250.22,1.193
R660,pine,50642.5,64289.9,1484.9,-172.16,1.009
R661,pine,51782.9,64514.8,1322.2,40.52,0.916
R662,elm,52438.7,64142.8,1211.7,-37.46,1.135
R663,poplar,53479,64549.2,1263.2,-9.67,1.128
R664,elm,56578.3,64128.5,1517.5,-194.12,1.167
R665,elm,58850.7,64051.5,2031.1,-67.98,1.137
R666,elm,59966.1,64182.8,2434.9,67.62,1.065
R667,poplar,64477.8,64498.2,2153.5,-249.51,0.973
R668,elm,66624,64232.7,3012.9,-169.82,0.868
R669,pine,67945.9,64135.3,3566.2,-227.5,0.919
R670,elm,40306.2,65153,3839.4,-88.98,1.112
R671,pine,41099,64886.3,3327.2,-122.8,1.047
R672,poplar,47087.8,64834.3,1657.8,69.13,0.906
R673,poplar,47709.3,65251.6,1818.7,-64.6,0.982
R674,elm,48741.8,65138,1881.7,71.32,1.103
R675,elm,50216.8,65055,1811.4,-34.73,0.851
R676,pine,50619.4,65227.6,1716.4,35.09,1.172
R677,poplar,51512.1,65290.7,1567.1,-142.19,0.945
R678,elm,52206.4,65005.4,1399.1,-79.33,1.053
R679,elm,53745.7,65256.4,1596.1,-16.29,1.045
R680,elm,54411,64914.7,1484.5,-45.19,0.993
R681,pine,54950.8,64971.4,1548.6,-251.5,0.813
R682,pine,59236,64733.2,2458.7,14.64,1.065
R683,elm,59952.4,65131.4,2593.2,81.1,0.922
R684,elm,61769.2,65095.6,2316,4.69,1.111
R685,pine,67511.8,64954.5,3158,68.76,1.12
R686,elm,67953.2,65188,3237.9,38.14,1.13
R687,poplar,39626,65802.6,4624.9,-60.33,1.192
R688,elm,41918.9,65467.5,3745.7,-208.69,0.999
R689,pine,43517.1,65450.7,3141.5,8.76,1.072
R690,pine,48513.1,65776.4,1942.7,-213.61,0.862
R691,pine,49039,65494.6,1995.3,-269.85,1.075
R692,elm,51553,65613.9,1654.9,-111.97,0.999
R693,poplar,53921.6,65803.5,1804.4,-77.66,1.076
R694,pine,59113.9,65999.2,2426.6,-41.44,0.817
R695,elm,67184.2,65541.6,2789.8,-152.46,0.975
R696,elm,40969.7,66645.9,5730.7,87.9,1.178
R697,elm,43429,66385.5,3751.7,-198.95,1.188
R698,pine,44924.5,66308.2,2731.7,-86.72,1.149
R699,poplar,46224.3,66556.8,2266.7,-261.24,1.084
R700,pine,47165.2,66569.6,2012.9,39.85,1.196
R701,elm,49008.9,66490.4,2151.4,-98.38,1.146
R702,pine,50634.3,66615.9,1980.9,-186,1.146
R703,elm,55050.4,66792.2,2110.5,82.06,0.878
R704,poplar,58251.9,66285.8,2174.2,-249.5,0.927
R705,elm,45421.3,67286,3040,-243.33,1.174
R706,poplar,46849.9,67349,2261.5,-56.59,1.174
R707,poplar,52528.7,66994.8,2097,-170.47,1.156
R708,poplar,55025.3,67010.1,2304.3,-80.02,1.054
R709,poplar,59589.3,67187.5,2338.8,-172.31,1.019
R710,poplar,50621.1,68014.1,3324,22.46,0.987
R711,elm,51767.4,67996.9,3362.4,-91.51,1.005
R712,poplar,55810.4,67956.1,2976.8,-186.15,0.917
R713,poplar,58702,67735.5,2363.3,-191.31,0.835
R714,elm,47568.8,69042.1,3496.2,-113.44,1.049
R715,poplar,48538,68484.4,3380.8,-15.44,0.994
R716,poplar,50865.5,68499.3,4009.7,-71.54,1.059
R717,pine,54485.3,68517.8,3733.7,6.16,1.072
R718,poplar,55863.9,68645.1,3669.6,46.96,0.857
R719,elm,59703.7,68885.1,2790.6,-82.2,0.822
R720,pine,60758.2,68540,2985.9,-40.13,0.98
R721,poplar,59722.5,71185,4465.6,-205.84,0.816
R722,pine,47054.3,71564,6191.7,-51.41,1.09
R723,elm,-36647.6,-73237.6,3131.4,-38.91,1.116
R724,willow,-35487.1,-73044.4,3172,-119.45,0.897
R725,willow,-41576.7,-71896.8,3175.7,-27.83,0.963
R726,willow,-40249.5,-71770.4,2979.9,-52.67,0.848
R727,elm,-33442.7,-71666.6,3527.2,-235.83,0.801
R728,elm,-32519.1,-71961.2,3465,10.87,0.844
R729,elm,-39395.1,-71095.2,2792,35.14,0.834
R730,elm,-38766.3,-70707.6,2850.3,-13.02,0.933
R731,willow,-31302,-71266.6,3021.6,-81.12,1.018
R732,willow,-31785.5,-70129.6,3141.2,15.46,0.896
R733,willow,-26712.5,-70112.9,2665.2,-241.56,1.016
R734,willow,-47232.6,-69283.8,3464.8,-82.13,1.137
R735,willow,-46018.7,-69375.9,3396.8,82.23,1.081
R736,elm,-44112.4,-69610.7,3550,-35.62,0.866
R737,elm,-42718.9,-69569.3,3216.8,84.75,1.03
R738,willow,-41902.3,-69456.8,3099.4,-125.72,0.965
R739,elm,-39428.7,-69473.1,2820.1,13.64,1.069
R740,willow,-38156.7,-69225.3,2715,-65.91,1.124
R741,elm,-33000.3,-69549.9,2975.1,-142.53,0.975
R742,elm,-46372.6,-68604.4,3421.4,-186.67,1.037
R743,willow,-44281.5,-68678,3453,-181.86,1.142
R744,willow,-39285.3,-68511.7,2801.1,-111.17,0.922
R745,willow,-27760,-68576.9,2737.8,52.93,0.925
R746,willow,-46179.6,-67964,3445.5,-247.86,1.115
R747,elm,-44502,-67876.3,3434.4,-224.03,1.016
R748,willow,-43508.5,-67804.3,3212.3,-139.37,0.878
R749,willow,-35810.2,-67748.2,2386.3,-111.44,0.944
R750,elm,-32168.9,-68102.4,2571.1,74.42,0.94
R751,elm,-30584.9,-67803.1,2640.5,-72.63,1.169
R752,willow,-22374.3,-68048.1,3761,-94.15,0.932
R753,elm,-48346.3,-67064.3,3412.2,-257.86,1.105
R754,elm,-41989.2,-66962.8,2756.8,-195.47,1.174
R755,willow,-37359.3,-67289.6,2518,-87.94,1.072
R756,willow,-36005.8,-67294,2268.5,-259.59,0.94
R757,elm,-35112.1,-67397,2203.3,-0.58,0.859
R758,willow,-34511.7,-67433.6,2237.8,70.47,0.82
R759,elm,-33283,-67027.2,2272.1,-129.82,1.12
R760,elm,-29991.1,-67524,2671.5,-137.65,0.91
R761,elm,-46292.1,-66491.2,3437.5,-17.42,1.052
R762,elm,-43894.5,-66540.2,2880.9,54.99,1.016
R763,willow,-43127.7,-66752.8,2853.6,-250.96,0.994
R764,willow,-42749.4,-66265.7,2658.6,35.79,0.914
R765,willow,-41242.1,-66791,2629.6,-68.97,0.905
R766,willow,-40513.9,-66365.1,2522.9,-7.62,1.019
R767,elm,-39226.9,-66605.1,2797.8,-162.44,1.127
R768,willow,-38600.7,-66598.9,2721.4,-74.02,1.039
R769,willow,-34787.4,-66608.1,2044.2,-153.87,1.025
R770,elm,-29183.5,-66728.2,2433.2,24.59,0.802
R771,willow,-50649.8,-65758.2,3340.2,-141.09,1.154
R772,willow,-49198.1,-65595.6,3129.6,-118.95,1.104
R773,willow,-48653.9,-65509.1,3020.8,83.41,1.042
R774,elm,-47628.6,-65779.3,3073.7,57.47,1.188
R775,elm,-40940.5,-66039.7,2393.3,-219.67,0.829
R776,willow,-38687.1,-65814.1,2560.4,-11.69,1.075
R777,willow,-36705.5,-65609.1,1903.5,62.49,0.882
R778,willow,-35659.2,-65993.2,1710.5,41.31,0.854
R779,willow,-34220,-65813.5,1820.9,-174.96,1.012
R780,willow,-30707.3,-65971.7,2146.5,-103.46,1.012
R781,elm,-48500.2,-64889.7,2931.1,61.24,1.187
R782,elm,-47715.2,-64726.5,2833.5,-152.08,0.998
R783,elm,-44748.9,-65024.8,2758.7,-205.64,1.11
R784,elm,-44196.2,-64899.9,2618.2,-254.97,1.064
R785,willow,-42577.7,-64923.6,2427.5,36.03,0.815
R786,willow,-40721.5,-65102.9,2358.3,-15.2,1.009
R787,willow,-37743.5,-64859.8,2080,-202.5,0.965
R788,elm,-36969.1,-65258.4,1915.4,59.81,0.846
R789,willow,-36489.8,-65071.3,1720.2,-72.55,1.027
R790,elm,-33372.7,-64877.7,1565.3,-221.28,1.022
R791,willow,-32474.9,-64949.9,1706.8,55.98,0.984
R792,elm,-25953.3,-65090.7,3031.3,-228.34,1.092
R793,elm,-25470.1,-64840,3133.5,-246.47,0.938
R794,willow,-49052.8,-64205.2,2834.3,-162.14,1.062
R795,willow,-43369.4,-64252.7,2474.3,82.54,0.982
R796,elm,-42723.9,-64326.9,2399.3,-118,0.932
R797,willow,-41546.9,-64118.7,2440.3,-228.4,0.943
R798,elm,-37806.3,-64256.4,2012.9,-53.7,0.914
R799,elm,-37228.3,-64263.6,1805.9,-227.89,1.08
R800,elm,-36002.4,-64280.3,1426.5,-256,0.877
R801,willow,-33042.2,-64161.8,1543.1,-133.7,1.084
R802,willow,-31904.9,-64114.7,1762,-214.47,1.103
R803,elm,-28380.3,-64384,2321.1,62.26,0.957
R804,elm,-45628,-63524,2867.9,-103.29,1.163
R805,elm,-42683.9,-63610.7,2408.2,-224.82,0.857
R806,willow,-41662,-63249.7,2415.9,-196.01,0.973
R807,elm,-40855.8,-63560.4,2310.3,81.7,1.096
R808,elm,-37927,-63461.8,1830.2,-100.14,0.895
R809,willow,-36375.6,-63729.1,1460.3,-3.78,1.138
R810,elm,-35543,-63470.6,1523.6,-112.19,1.049
R811,elm,-34813.7,-63288.9,1538.6,-158.79,1.047
R812,elm,-31703.1,-63684.5,1803.4,-191.38,1.16
R813,elm,-31070.5,-63702,1819.2,76.81,0.995
R814,elm,-29563.1,-63318.6,2000,-119.14,0.995
R815,elm,-28078.4,-63522.7,2489.3,-65.14,1.195
R816,willow,-27670.2,-63572.6,2673.8,-50.13,1.08
R817,elm,-26798.2,-63445.5,2915.1,54.5,0.884
R818,willow,-49734.1,-62733.4,2516,32.86,0.906
R819,willow,-44519.7,-62495.2,2781.1,-50.65,0.836
R820,willow,-42418.1,-62594.3,2408.8,-36.46,0.834
R821,elm,-41461.1,-62848.2,2349.3,44.43,0.805
R822,elm,-39615.9,-62461.2,2152.1,-133.36,0.825
R823,willow,-38689,-62606.3,2044.2,-139.47,1.042
R824,elm,-36984.3,-62771.5,1710.4,-170.81,1.051
R825,willow,-35771.3,-62790.5,1649.7,54.65,0.871
R826,willow,-33202.6,-62522.2,1706.2,34.71,0.831
R827,willow,-31346.8,-62520.9,1691.4,72.44,1.166
R828,willow,-30734.5,-62761.1,1750.7,-53.74,1.033
R829,elm,-29150.3,-62853.4,2130.4,-182.94,0.928
R830,willow,-26871.5,-62615.9,2778.3,87.18,0.894
R831,elm,-54662.5,-62029.6,2016.1,71.45,1.064
R832,willow,-53482.2,-61770.9,1977.1,-76.87,0.865
R833,willow,-48441.2,-61924.6,2661.2,13.97,0.919
R834,elm,-46866.2,-61842,2669.7,-47.56,0.966
R835,willow,-46356.8,-62081.7,2764.5,-108.19,1.095
R836,elm,-43518.6,-62166,2454.2,-37.15,0.849
R837,willow,-40835.7,-62024.1,2236.2,77.36,1.077
R838,elm,-40167.1,-61944.5,2189.7,56.62,1.109
R839,elm,-39217.9,-61889.9,2072.6,-88.1,1.173
R840,elm,-38823.8,-61972.6,2031.4,-60.89,1.075
R841,elm,-35787.5,-61729,1790.4,-90.7,1.096
R842,willow,-29871.9,-62103.9,2001.2,-124.94,1.076
R843,willow,-23690.7,-62150.8,2201.2,-240.85,1.183
R844,elm,-51974.7,-61504.4,2076.7,-191.17,1.197
R845,willow,-49890.5,-61280.6,2379.3,-60.85,0.843
R846,elm,-49046.1,-61098.3,2402.8,69.47,1.101
R847,willow,-47204.2,-61429.6,2515,-242.76,0.929
R848,willow,-45731.7,-61222.3,2598.5,-132.76,1.039
R849,willow,-44640.8,-61028.8,2385.1,-93.97,1.117
R850,willow,-41988.9,-61192.5,1938.8,63.11,1.012
R851,elm,-41223.3,-61218,2082.1,-210.87,1.061
R852,elm,-40498,-61204.9,2064.9,78.77,1.073
R853,elm,-37417,-61095.2,1878.1,84.41,1.013
R854,willow,-34117.4,-61294.1,1792,-55.6,0.906
R855,elm,-33595.4,-61047.1,1702.8,-215.63,1.04
R856,willow,-32014,-61533.7,1667.4,-25.1,1.031
R857,elm,-31419.6,-61269.8,1726.7,58.78,0.903
R858,willow,-30011.9,-61223.2,1943.7,36.29,1.076
R859,willow,-28107.8,-61020.8,2402.8,-257.63,0.879
R860,willow,-53857.4,-60512.3,1996,-68.73,1.093
R861,willow,-46332.7,-60788.3,2446,-268.02,1.107
R862,willow,-43088.4,-60469.1,2018.2,-196.59,0.903
R863,willow,-42495.3,-60298.5,1939.7,85.79,1.119
R864,willow,-41816.7,-60516.8,1905.1,-249.83,1.118
R865,willow,-41095.3,-60771,2015.4,-172,1.076
R866,elm,-40467,-60324.6,1924.8,-138.26,0.928
R867,elm,-39568.8,-60447.3,1930.6,-138.79,1.065
R868,elm,-38697.3,-60736.5,1892.6,-235.91,1.103
R869,willow,-33017,-60549.1,1632,-46.48,0.806
R870,willow,-30376,-60568.7,1829.6,-225.41,1.003
R871,willow,-28860.9,-60579.9,2145.6,-235.63,1.109
R872,elm,-50858.9,-59591.1,2134.1,-124.05,1.191
R873,willow,-49810.4,-59700.2,2212.1,-4.01,1.175
R874,willow,-48497.2,-59722.8,2273.3,-18.86,0.857
R875,willow,-47470.1,-59934.5,2187,-215.7,1.191
R876,willow,-47063.3,-59530.7,2139.3,-123.6,0.853
R877,willow,-43274.5,-59857.7,2043.9,71.21,1.007
R878,elm,-40848.1,-59703.8,1905,-236.36,0.854
R879,elm,-38710.8,-59880.9,1678.7,-154.5,1.014
R880,elm,-37939.5,-59985,1778.9,-247.58,1.174
R881,elm,-36427.5,-59758.7,1668.9,-204.26,0.834
R882,willow,-35018.7,-59784.3,1658.6,-143.69,0.896
R883,elm,-32801.1,-59841.9,1590.6,84.03,0.85
R884,elm,-31995.3,-59839.7,1543.1,50.53,0.968
R885,willow,-30597.5,-59903,1833.8,-92.75,0.934
R886,elm,-28315.4,-59737.3,2160.8,-2.14,0.977
R887,elm,-25961.3,-59646.1,2418.2,13.26,1.068
R888,elm,-23755.5,-59864,2195.4,-68.81,0.806
R889,willow,-50516.1,-59225.7,2200.4,50.37,0.922
R890,willow,-49008,-59196.9,2303.1,33.32,1.049
R891,willow,-46768.8,-59099.8,2064.4,-201.48,0.97
R892,elm,-45242.8,-59137.9,2196.9,-122.54,0.968
R893,elm,-43788.7,-59038.4,2018.1,-156.63,0.967
R894,elm,-43172.3,-58834.5,1899.7,-256.73,0.89
R895,elm,-42796.8,-59266.1,1890.4,-256.74,1.189
R896,willow,-41742.9,-59055,1828.1,-131.3,0.81
R897,willow,-41107.1,-59145.6,1873.4,-224.48,1.19
R898,willow,-40177.4,-58747,1854.9,-225.9,0.905
R899,willow,-39681.8,-59059.7,1794,-88.08,1.089
R900,willow,-38661.5,-58731.5,1713.9,-235.31,1.092
R901,willow,-38287.1,-59180.7,1669.1,-50.73,1.03
R902,elm,-36508,-59163.6,1542.6,-182.57,1.109
R903,willow,-35956.6,-58948.8,1491.7,-75.75,1.026
R904,elm,-35154.2,-59235.6,1538.2,-20.88,1.138
R905,elm,-34150,-59064.8,1479.4,-224.55,0.991
R906,willow,-32796.1,-59095.1,1503,-86.85,1.082
R907,elm,-31528.2,-58955.7,1542.3,-20.26,1.013
R908,willow,-30649.1,-58798.4,1786.7,-57.1,0.874
R909,willow,-28839.2,-58816,2006,61.7,1.113
R910,elm,-26040.1,-58853.6,2356.9,-112.66,0.943
R911,willow,-51523,-58537.4,2073.6,61.01,1.052
R912,elm,-50889.4,-58516.1,2189.6,35.92,0.961
R913,elm,-50089.5,-58259.4,2148.7,-131.79,1.128
R914,elm,-49331.8,-58341.4,2086.8,-114.69,1.013
R915,elm,-46117.4,-58264.5,2061.4,-20.22,1.18
R916,elm,-45573.9,-58199.5,2215.8,-67.33,1.089
R917,willow,-42990.2,-58340.6,1885,-8.27,1.112
R918,willow,-41217.8,-58389.2,1839.9,-221.59,1.148
R919,willow,-39612.6,-58142.2,1848.1,-52.69,1.059
R920,willow,-37821.2,-57957.6,1645.6,-261.25,0.84
R921,willow,-34307.6,-58422.6,1392,-17.3,0.874
R922,willow,-33770.7,-58530.5,1379.5,-195.8,0.825
R923,elm,-32912.2,-58327.3,1394.8,36.68,1.126
R924,elm,-31427.1,-58106.3,1557.4,-204.94,0.944
R925,willow,-29733.9,-58186.8,1913.9,37.16,1.061
R926,willow,-28055.3,-58536.8,2027.7,-104.39,0.913
R927,willow,-24984.5,-58370.3,2246.6,18.75,1.199
R928,elm,-23204.8,-58366.5,2000,-71.93,1.188
R929,willow,-52024.2,-57774,1965.7,-226.53,1.03
R930,willow,-51537.2,-57522.5,2052.6,-179.47,0.992
R931,elm,-50251.4,-57253.3,2071.6,-60.82,0.873
R932,elm,-48786.5,-57496.6,2006.4,-222.7,1.11
R933,elm,-47580.3,-57325.5,1857.6,-81.88,0.819
R934,willow,-46713.6,-57784.8,1814.2,-115.71,1.176
R935,elm,-46348,-57792.3,1901.2,-43.14,0.923
R936,elm,-45579.4,-57567.5,2017.4,-194.6,0.935
R937,willow,-44245.7,-57334.7,2072,37,0.977
R938,willow,-42990.5,-57300,1885.5,-254.51,1.018
R939,willow,-40237.8,-57301.7,1862.6,-0.63,0.915
R940,elm,-39225.1,-57265.7,1834.2,-66.38,0.927
R941,willow,-38887.9,-57235.1,1808.5,-156.79,0.928
R942,willow,-37532.3,-57415.6,1560.3,-196,0.88
R943,willow,-36282.2,-57625.7,1342.2,-11.22,0.899
R944,elm,-35679.2,-57204.2,1295.8,-37.17,1.103
R945,willow,-34986.1,-57440.7,1352.1,14.57,0.902
R946,willow,-32501.1,-57752,1350.7,42.31,1.169
R947,elm,-31932.6,-57453.6,1393,-146.58,0.819
R948,elm,-29647,-57434.2,1658.2,-235.28,0.929
R949,willow,-54444.5,-56735.9,1752.1,-6.73,0.922
R950,elm,-51669.9,-56619.9,2040.1,-29.8,0.954
R951,elm,-49354.3,-56514.1,2097.9,-113.24,0.893
R952,willow,-46973.4,-56717.4,1788.2,-177.94,1.082
R953,willow,-45304.8,-56519.3,1864.5,-55.34,0.88
R954,elm,-44923.7,-56550.6,1856.9,-189.77,1.067
R955,elm,-41745.7,-56815.7,1849.2,19.74,1.043
R956,elm,-40037.3,-56947.9,1879.3,-235.09,1.063
R957,willow,-38165.5,-56550.4,1687.3,78.22,1.164
R958,willow,-37130.6,-56993.3,1453.7,-120.48,1.18
R959,elm,-35760.2,-56730,1292.4,-259.67,0.804
R960,willow,-35236.4,-56576.7,1270.5,-154.16,0.975
R961,elm,-32840.7,-56597.5,1206.6,55.31,0.969
R962,elm,-31469.4,-57040,1464.6,-117.52,1.002
R963,willow,-30044,-56908.2,1451.5,-139.09,1.035
R964,willow,-28725.6,-56713.6,1472.8,66.14,0.884
R965,elm,-27319.6,-56946.1,1706.7,-18.54,0.809
R966,elm,-26948.7,-56562.7,1671.9,-38.85,0.968
R967,willow,-25473,-56978.3,1956.8,-267.12,1.165
R968,elm,-23897.3,-56517.5,1898.7,-88.32,0.844
R969,elm,-22364.2,-57009.4,1855.8,-204.74,0.961
R970,elm,-21405.8,-56915.5,1749.2,-35.42,0.935
R971,willow,-20933.2,-56695.3,1715.1,-130.46,1.145
R972,elm,-54207.5,-55758.6,1763.7,38.35,1.145
R973,elm,-52957.9,-56283.5,1852.1,-78.32,1.182
R974,elm,-50753.9,-56160.9,2037.8,-154.67,1.152
R975,elm,-50095.5,-56196.3,2091.9,75.05,0.822
R976,elm,-49212.7,-56123.9,2097.8,-34.2,0.963
R977,elm,-48206,-55741.9,1934.6,-185.35,0.963
R978,elm,-47762.6,-55907.1,1909,-256.03,0.9
R979,elm,-46040,-56124.4,1797.4,70.97,1.106
R980,elm,-45657.2,-55828.1,1746.5,-109.47,0.91
R981,willow,-44153.3,-55925.5,1736.9,69.36,1.02
R982,willow,-43006.6,-55713.9,1793.1,-88.7,0.919
R983,willow,-38528.9,-56089.8,1765.2,-183.85,0.98
R984,willow,-37871.3,-56198,1586.4,87.06,1.124
R985,elm,-36435,-56012.9,1387,6.41,0.87
R986,elm,-32491,-56246.4,1181.6,44.03,0.9
R987,willow,-32264.8,-56013.7,1161.1,-245.12,0.956
R988,elm,-29892.4,-56252.1,1222.2,-91.42,0.909
R989,willow,-29068.1,-56058.3,1215,-89.05,1.089
R990,elm,-26630.5,-55719.5,1534.5,49.63,1.007
R991,elm,-23612.1,-56068.1,1878.4,-7.32,1.078
R992,elm,-49266.6,-55018.1,1899.3,-144.99,0.896
R993,willow,-47517.4,-55072.4,1846.8,-142.25,0.849
R994,willow,-46854.5,-55125.4,1771.4,52.6,0.841
R995,elm,-46078.3,-55430.5,1794.8,-156.18,1.086
R996,elm,-45569.1,-55183.2,1701.3,3.39,1.045
R997,elm,-43108.8,-55119.8,1605.2,-165.21,1.171
R998,elm,-42480.9,-55003.1,1621.3,-266.24,1.096
R999,willow,-40984,-55525.5,1673.2,-227.07,1.073
R1000,elm,-39481.6,-55483.4,1755.5,-153.33,1.099
R1001,elm,-35069.5,-54956.4,1232.3,-77.57,1.025
R1002,willow,-33952.9,-54966.8,1130.3,-201.49,0.833
R1003,willow,-33516.7,-55257.5,1125.8,29.92,0.977
R1004,elm,-28226.5,-55012,1159.2,-264.74,0.999
R1005,elm,-27792.9,-55173.1,1266.7,13.2,0.815
R1006,willow,-25797.9,-55318.1,1579.8,-236.09,1.1
R1007,willow,-22539.2,-55199.6,1779.6,-123.87,1.022
R1008,willow,-20561.1,-55045.1,1729.6,-15.05,1.199
R1009,elm,-51431.2,-54211.1,1847.5,40.36,1.113
R1010,willow,-50938.2,-54649.8,1901.8,22.11,1.088
R1011,willow,-50295.6,-54790.3,1922.8,-52.92,1.027
R1012,willow,-48519.7,-54411.9,1781.1,-85.31,0.803
R1013,elm,-47128.1,-54732.8,1785.5,-15.39,1.054
R1014,willow,-46472.6,-54372.7,1696.6,-172.84,0.938
R1015,willow,-45254.9,-54417.4,1626.8,-151.47,0.895
R1016,elm,-44578.7,-54620,1569.5,75.01,0.808
R1017,willow,-44277.5,-54401.6,1519.4,-174.34,0.817
R1018,willow,-43211.7,-54256,1483.5,-243.99,0.982
R1019,elm,-37298.1,-54233.9,1410.5,13.4,0.94
R1020,elm,-36431.2,-54478.5,1417.1,11.93,0.983
R1021,elm,-35923.8,-54766.3,1405,-70.22,1.196
R1022,willow,-34863.3,-54281.2,1209.5,-5.11,1.119
R1023,elm,-34013.6,-54770.1,1149.2,-202.94,0.958
R1024,elm,-32834.5,-54568.6,1053.7,-198.58,0.902
R1025,willow,-31833.4,-54699,992.7,-30.56,1.07
R1026,elm,-31388.8,-54728.9,973,-77.59,1.045
R1027,willow,-29226.9,-54764.8,967.2,-144.53,1.17
R1028,elm,-28051.7,-54696,1156.7,-169.21,1.157
R1029,willow,-27536.6,-54728,1244,7.27,0.832
R1030,elm,-22849.7,-54588.3,1702.6,-141.61,1.068
R1031,willow,-21516.5,-54290.1,1680.6,-251.25,0.935
R1032,elm,-53273.5,-53664.5,1953.2,-215.97,0.946
R1033,elm,-46983,-53578.7,1634.8,-145.63,0.844
R1034,elm,-46464.9,-53638.3,1648.2,-269.19,0.812
R1035,willow,-43766.4,-53653.8,1403.6,-196.79,0.925
R1036,willow,-42371.6,-53907.7,1392.1,-117.42,1.097
R1037,elm,-40470.4,-53889.7,1546,-208.72,1.09
R1038,elm,-39403.2,-54026,1519.7,-136.06,1.01
R1039,elm,-38959,-53693,1439.6,75.19,1.193
R1040,elm,-35220.6,-53849.9,1250.8,-229.74,1.132
R1041,willow,-34312.8,-53599.2,1188.8,14.6,0.834
R1042,willow,-31397,-53587.5,919.8,-120.23,0.872
R1043,elm,-30220.6,-54013,910.3,-230.7,1.168
R1044,willow,-28115.7,-53456.3,1068.2,-263.52,0.982
R1045,elm,-21488.4,-53917,1675,-217.91,0.85
R1046,willow,-51592.3,-53076.1,1779,-183.97,0.892
R1047,elm,-50149.2,-52973.8,1547.1,-157.87,0.969
R1048,elm,-47971.6,-53138.6,1569.6,-82.71,1.117
R1049,elm,-47258.7,-53249.1,1593.5,-268.03,0.865
R1050,elm,-46498.4,-53128.9,1597.9,-268.57,0.912
R1051,elm,-45672.2,-52954,1514,63.68,0.971
R1052,elm,-44530.8,-53185.2,1362.5,-165.57,0.998
R1053,elm,-43392.6,-53114.7,1313.4,-183.59,0.978
R1054,willow,-40475.4,-53255.7,1395.9,-255.56,0.814
R1055,willow,-39200.5,-53157.6,1369.6,-151.42,1.097
R1056,elm,-38886.6,-53068.2,1359.4,-86.48,0.85
R1057,elm,-36322.3,-52903.5,1320.1,-139.69,0.888
R1058,elm,-35901.4,-52708.7,1229.9,-124.44,1.074
R1059,willow,-34131.1,-52805.4,1189.5,-120.73,1.164
R1060,elm,-32550.6,-52934.8,1033.1,69.52,0.816
R1061,willow,-29165.7,-53011.8,971.2,64.34,1.056
R1062,elm,-27387.3,-53285,1226.6,86.85,0.836
R1063,willow,-21238.2,-52734.1,1721.5,-189.13,1.106
R1064,elm,-20815.1,-52813.2,1727.2,-33.24,0.902
R1065,elm,-49072.6,-52480.5,1475.4,20.07,1.036
R1066,elm,-48392.3,-52064.9,1406.5,50.8,1.063
R1067,elm,-47873.6,-52113.2,1433.6,-240.41,1.135
R1068,willow,-46894.3,-52032.6,1343.5,75.88,1.03
R1069,elm,-46518.9,-52113.8,1367.7,-112.26,1.014
R1070,elm,-42561.6,-51951,1172.1,88.6,1.005
R1071,willow,-40293.6,-52456,1274.8,-104.99,1.096
R1072,willow,-38590.5,-52205.4,1325.8,66.83,0.807
R1073,willow,-31749.1,-52149.4,955.9,-171.42,0.847
R1074,willow,-31211.9,-52292.3,921.5,-247.08,1.087
R1075,willow,-29249.8,-52337.2,964.1,53.32,1.011
R1076,willow,-24202.7,-52464.8,1472.7,-8.44,1.024
R1077,willow,-23627.9,-52372.9,1469.5,57.54,1.189
R1078,willow,-52048.7,-51444.9,1759.3,-210.08,1.154
R1079,willow,-50947.5,-51715.7,1660.6,-143.87,1.124
R1080,elm,-50114.5,-51757.5,1484.5,-133.76,0.877
R1081,elm,-47850.8,-51227.7,1280.1,-218.1,0.877
R1082,elm,-42796.8,-51466.3,1165.4,-197.46,1.144
R1083,elm,-38912,-51514.3,1296.2,-132.12,0.83
R1084,willow,-37427.3,-51752.9,1334.6,-145.26,1.065
R1085,elm,-35590.4,-51748.1,1235.2,-262.21,1.122
R1086,willow,-34881,-51207.4,1214.4,-207.47,1.134
R1087,willow,-33424.6,-51455.5,1210.2,-195.76,0.863
R1088,elm,-32021.6,-51529.2,1095.2,-125.4,0.837
R1089,willow,-31017,-51556.9,960.3,-121.54,0.842
R1090,willow,-28093.1,-51639.1,992,-204.3,1.108
R1091,elm,-20650,-51246.7,1721.1,-91.21,0.816
R1092,elm,-49009.7,-50461.5,1240.4,-128.15,1.19
R1093,elm,-46381.7,-50684.1,1086.8,-104.99,0.939
R1094,willow,-45701,-50657,1135.7,81.34,0.91
R1095,elm,-44745.4,-50869.8,1136.9,-235.85,1.131
R1096,elm,-43144.6,-50509.2,1087.5,-72.9,0.974
R1097,willow,-41578.1,-50582.6,1085.5,-249.29,1.071
R1098,willow,-41186.7,-50704,1105.6,-6.99,0.929
R1099,elm,-40384,-50504.4,1132.4,-37.91,1.2
R1100,willow,-39609.3,-50868.8,1193.3,-241.52,1.064
R1101,elm,-38970.1,-50665.5,1181.2,-224.22,1.192
R1102,elm,-37848.5,-51013.1,1270.4,-18.5,0.96
R1103,willow,-36419.3,-50880,1165,-231.07,0.885
R1104,elm,-33498.6,-50526,1187.9,63.41,0.897
R1105,elm,-32989.9,-50477.8,1229.8,-0.09,1.07
R1106,willow,-31121.9,-51002.1,1032.8,-261.53,1.048
R1107,willow,-30274.2,-50907.2,1022.7,-267.43,1.035
R1108,elm,-26002.8,-50830.7,1114.9,-32.35,0.851
R1109,elm,-48203.3,-50211.9,1183.7,21.11,1.108
R1110,elm,-47878.9,-49704.9,1164.5,-233.61,1.156
R1111,elm,-46921,-49751.7,1103.5,-107.58,1.17
R1112,willow,-45623.6,-50020.7,1043.7,-42.56,0.93
R1113,willow,-43817.6,-49774.5,980.6,22.71,0.814
R1114,elm,-43321.9,-49792.1,994.2,-247.86,0.887
R1115,elm,-42756.6,-50240.5,1022.2,-214.53,1.117
R1116,elm,-40466.1,-49714.7,968.5,-243.57,0.878
R1117,elm,-39664.3,-49981.3,1060.2,-71.22,0.813
R1118,elm,-39049.9,-50274.7,1114.1,-17.18,0.934
R1119,willow,-37376.9,-50011.8,1097.9,-198.19,1.096
R1120,willow,-36777.4,-50036.7,1110,22.11,1.066
R1121,willow,-34838.4,-50101.2,1114.8,-84.24,1.195
R1122,willow,-34406.7,-50191.5,1099.5,-30.14,1.072
R1123,willow,-33311.9,-50120.1,1183.4,41.28,0.876
R1124,willow,-32996.5,-50055.8,1204,-59.78,0.851
R1125,elm,-31777.4,-50028.2,1149.5,0.18,1.07
R1126,elm,-31479.9,-50235,1110,-213.91,1.076
R1127,elm,-29660.9,-50267.8,1079.6,-14.23,1.061
R1128,willow,-27388.9,-50177.4,1102.2,-11.07,1.041
R1129,elm,-25734.1,-49931.9,1053.1,-248.93,1.132
R1130,elm,-49442.1,-49466.2,1277.4,-16.63,1.137
R1131,elm,-48436.8,-49023,1219.4,-125.03,0.828
R1132,willow,-47656.9,-49094.9,1196.5,-2.11,0.965
R1133,willow,-45722.3,-49377.3,1013.3,-8,0.906
R1134,elm,-44593.2,-49065.2,987.2,-74.79,0.951
R1135,elm,-42547.9,-49449.1,945.3,-23.05,1.129
R1136,willow,-41457.9,-49037.8,966.3,-140.11,1.033
R1137,elm,-40804.9,-48987.3,919.1,-171.34,0.82
R1138,willow,-39980.6,-49183.1,918.6,-41.21,1.056
R1139,willow,-39241.4,-48990,939,49.36,1.033
R1140,willow,-37161.1,-49298.9,999.9,-265.37,0.911
R1141,elm,-36300.6,-49319.2,1087.1,-262.5,0.979
R1142,elm,-34304.6,-49040.1,1035,-169.51,1.032
R1143,elm,-33409,-48978.3,1082.4,-262.17,0.816
R1144,elm,-32567.8,-49237,1144.9,41.89,1.091
R1145,willow,-31500,-49432.5,1123.2,-49.24,0.839
R1146,willow,-30684.1,-48980.8,1038.6,-216.87,0.928
R1147,willow,-29650.6,-49443.1,1071.6,-128.48,0.889
R1148,elm,-26840.6,-49248.2,1017.3,-118.91,0.842
R1149,elm,-25265.2,-49297.4,1001.6,-33.8,0.885
R1150,willow,-24517.3,-49513.5,1058.7,-96.72,1.09
R1151,willow,-24014.3,-49547,1148,41.5,1.107
R1152,elm,-50038.3,-48748.8,1298,-139.94,0.803
R1153,elm,-48237.9,-48723,1217.4,60.91,1.101
R1154,willow,-45034.2,-48616,1036.8,-173.35,0.804
R1155,elm,-41281,-48753.1,946.4,-146.93,0.869
R1156,willow,-39688.2,-48251.7,821.7,38.27,0.975
R1157,willow,-38207.3,-48557.2,860.5,14.91,0.883
R1158,willow,-32085.6,-48744.2,1123.8,-233.06,1.119
R1159,willow,-31096.3,-48729.6,1055.1,42.02,0.837
R1160,willow,-30595,-48532.5,1021.8,-15.11,1.044
R1161,elm,-28752.5,-48599.6,1051.5,-162.07,0.992
R1162,willow,-28506.8,-48320.1,1032.7,-234.88,1.038
R1163,willow,-25531.6,-48652.6,921.4,-191.92,1.027
R1164,elm,-23810,-48510.9,1181.4,-258.48,0.949
R1165,elm,-22526.7,-48452.6,1461.4,-12.69,0.975
R1166,elm,-49324.5,-47993.8,1222.3,-100.51,0.933
R1167,willow,-43424.2,-47690.4,973.9,-108.5,0.912
R1168,elm,-42641.1,-47771.9,945.4,62.08,1.198
R1169,elm,-41604.8,-47454,848.8,-242.13,1.119
R1170,elm,-40544.2,-47538.9,810.8,-204.95,1.013
R1171,willow,-38702,-47779.9,789.3,-158.68,0.951
R1172,willow,-38290.9,-47511.9,802.7,39.29,0.812
R1173,elm,-33559.4,-47830.6,1114.5,27.35,0.954
R1174,willow,-31758.7,-47591.2,1093.3,71.8,0.94
R1175,willow,-30775,-47450.4,1122.4,-29.11,1.148
R1176,elm,-29140.7,-48046.9,1052.4,78.87,1.029
R1177,willow,-28442.4,-48019.8,1008.2,-167.55,0.938
R1178,elm,-38719.9,-47147.7,840,-52.46,1.108
R1179,willow,-35663.6,-46990.7,1002.7,-110.63,0.807
R1180,elm,-34315.7,-47213.1,1088.4,71.48,0.902
R1181,elm,-32456.2,-46717.6,1134.6,-178.19,1.087
R1182,willow,-31189.9,-46955,1141.6,-202.01,0.852
R1183,willow,-30598.2,-47266.1,1092.3,47.51,1.151
R1184,willow,-29587.1,-46804.6,1021,-175.57,0.958
R1185,willow,-28866.6,-47075.9,1000.8,60.67,1.093
R1186,elm,-21460.3,-46830.2,1538.5,-8.43,0.828
R1187,elm,-46505.6,-46405.4,1256.7,-31.25,0.981
R1188,elm,-45328.7,-46473.6,1164.3,-46.9,1.041
R1189,elm,-44265.6,-46206.2,1038.5,-9.94,0.872
R1190,willow,-43473.9,-46137.9,932.7,-90.1,1.156
R1191,willow,-42205,-46010.6,881.6,-48.8,0.878
R1192,elm,-38768.5,-46509.1,794,-157.11,0.812
R1193,elm,-31936.9,-46293.5,1113.9,-164.85,1.186
R1194,willow,-31200.5,-46405.5,1078.6,-155.42,1.106
R1195,willow,-48510.7,-45283.4,1371.3,-63.94,0.904
R1196,willow,-44034.6,-45472.7,992.5,30.13,0.85
R1197,elm,-42460.3,-45205.2,958.3,-138.22,1.008
R1198,elm,-40189.2,-45670.1,848.8,-255.1,1.143
R1199,elm,-39496.3,-45622.5,832.9,19.7,1.03
R1200,willow,-38630.5,-45797.9,803.6,-234.5,1.153
R1201,willow,-37747.6,-45267.3,835.5,-180.72,1.143
R1202,elm,-37077.3,-45514.5,812.7,-75.9,0.872
R1203,willow,-35787.7,-45461.3,953.9,-178.12,0.838
R1204,willow,-35055.1,-45423,1001,-170.64,0.899
R1205,willow,-32141.8,-45224.2,1093.5,-206.97,1.088
R1206,elm,-29050.8,-45401.5,928,-121.11,1.134
R1207,willow,-40313.8,-44968.2,960.9,-11.76,1.032
R1208,willow,-39399.6,-44916.5,925.2,-23.1,1.041
R1209,willow,-39001.2,-44648.7,959.1,-106.18,0.898
R1210,elm,-37770.7,-44641.6,928.2,-251.55,0.889
R1211,elm,-37123.9,-44691.7,879.9,-26.58,0.816
R1212,elm,-36338,-44643,914.7,37.08,1.017
R1213,elm,-35723,-44915.2,963.5,23.71,0.912
R1214,elm,-32014.9,-44728,1094.9,-174.1,1.197
R1215,elm,-31197.6,-44597.6,969.1,-223.65,1.011
R1216,willow,-40803.1,-44095.7,935.8,34.39,0.915
R1217,elm,-38143,-44137.6,1009.6,-187.46,0.801
R1218,willow,-33234.6,-43904.3,1050,-235.87,1.07
R1219,willow,-42483.9,-43342.7,1034.5,-240.5,1.104
R1220,elm,-41257,-43474.7,947.1,-150.43,1.147
R1221,elm,-40504.1,-42962.9,1015.8,25.27,0.966
R1222,willow,-39430.4,-43147.2,1043.8,28.55,0.921
R1223,elm,-35122.5,-43310.2,1038.6,29.27,0.99
R1224,willow,-30240.2,-43434,965.5,-116.14,0.815
R1225,willow,-45480.4,-42530.9,1159.4,-233.89,0.902
R1226,elm,-42665.1,-42421.2,976,68.67,1.039
R1227,elm,-41563.5,-42393.8,947.1,-125.89,1.056
R1228,elm,-41041.7,-42495.9,993.4,-165.34,1.045
R1229,elm,-39487.4,-42661.1,1085.3,-177.69,0.913
R1230,willow,-36049.1,-42596.6,1053.3,45.2,1.074
R1231,elm,-34228.2,-42712.2,1068.1,-69.72,0.895
R1232,willow,-31911.2,-42658.4,1038.7,-2.22,0.829
R1233,elm,-36654.4,-41670.8,1125,-80.32,1.073
R1234,elm,-35531.1,-41526.4,1146.2,-149.67,1.09
R1235,elm,-33954,-41827.7,1108.5,-62.22,1.13
R1236,elm,-47132.1,-40950.1,1016.6,-31.5,1.182
R1237,elm,-43276.4,-40789.3,884.4,-247.15,1.099
R1238,willow,-38043.5,-41181.4,1158.8,-193.01,0.844
R1239,willow,-30288.5,-41182.4,1053.3,83.6,1.042
R1240,elm,-35196.3,-39976.5,1079.5,-66.44,0.95
R1241,elm,-36214.4,-38956.5,1097.6,-52.41,1.144
R1242,pine,-26968.4,18358.9,980,-178.35,0.887
R1243,pine,-25817.5,18516.9,1047.4,1.94,1.135
R1244,pine,-24672.2,18775.9,1084.1,64.63,0.961
R1245,pine,-26453.9,19155.6,999.5,-88.66,1.1
R1246,elm,-24288.4,19009.3,1102.4,-36.19,1.086
R1247,pine,-22954.1,20029.6,1204.3,-179.35,0.933
R1248,pine,-21784.9,20130.3,1250.1,-267.34,1.018
R1249,pine,-19513.2,20189,1309.6,16.63,0.924
R1250,elm,-16266.4,20064.1,1622.9,-247.33,1.091
R1251,pine,-27661.4,20808.1,893.3,28.47,1.07
R1252,pine,-9231.2,20879.6,1664.4,62.98,1.196
R1253,pine,-25922,21522.5,978,-54.84,1.097
R1254,pine,-23973,21363.9,1006.4,-194.11,1.008
R1255,elm,-22893.9,21509.9,1075.2,-37.43,1.128
R1256,pine,-22177.8,21520.3,1139.5,-236.04,1.126
R1257,pine,-13035,21367,1553.2,-224.96,1.027
R1258,pine,-12546.9,21273.1,1613.5,-62.49,1.064
R1259,pine,-24499,22351.1,1021.5,-192.88,0.866
R1260,elm,-23672.4,22261.1,999.5,-1.26,0.887
R1261,pine,-21785.8,22048,1109.4,-0.84,1.126
R1262,elm,-19031,22389.1,1165.7,-111.87,0.885
R1263,pine,-12603,22385.5,1478.7,-114.84,0.868
R1264,elm,-10530.1,22364.5,1524.8,-57.01,1.155
R1265,pine,-8789.5,22087.7,1478.8,-111.99,0.96
R1266,elm,-27357.6,22933.7,863,-220.73,0.94
R1267,elm,-23772.3,23166.9,1065.6,-14.74,0.912
R1268,elm,-20722,22728.1,1146.6,-222.24,0.965
R1269,pine,-20241.7,23235,1124.9,31.5,0.966
R1270,pine,-15331.9,23122.4,1321.8,-40.45,0.962
R1271,elm,-33467.4,23469.8,788.2,2.53,0.844
R1272,pine,-29483.7,23765,791.6,-164.48,1.072
R1273,elm,-29002.3,23970.2,840.8,-261.15,0.939
R1274,pine,-28069.5,24020,816.8,-35.59,1.031
R1275,elm,-26778.9,23700.3,749.8,-126.61,1.045
R1276,elm,-25047,23945.3,998,-20.93,1.094
R1277,elm,-23800.2,23488.5,1030.2,-61.38,1.017
R1278,elm,-22424.8,23951.6,1008.2,-229.62,1.165
R1279,pine,-20815.3,23787.4,996.7,-64.27,0.869
R1280,elm,-20047.6,23478.3,1098.7,-132.03,0.836
R1281,pine,-19451.8,23583.6,1122.8,-120.97,0.894
R1282,elm,-15537.6,23884.7,1290.4,9.61,0.876
R1283,pine,-13067.1,23600,1366.6,-86.34,0.811
R1284,elm,-9343,24008.4,1227.2,50.98,1.196
R1285,pine,-32602.6,24780.2,770.5,-219.54,1.093
R1286,pine,-30535.2,24415.1,796.6,-99.52,0.908
R1287,elm,-29138.4,24784.7,880.8,-264.3,0.89
R1288,pine,-28058.3,24568.8,779.2,3.8,0.824
R1289,elm,-26507.9,24742.4,833.7,-253.15,1.192
R1290,elm,-25932.1,24258.2,815.4,-174.16,1.111
R1291,pine,-25041.3,24466.9,967.3,-12.13,0.83
R1292,pine,-21329.9,24620.2,1021.8,-225.47,1.082
R1293,elm,-19529.2,24259.2,1021,-40.88,1.008
R1294,elm,-18480.7,24545.5,1137.1,-269.87,1.054
R1295,pine,-17163.5,24674.2,1250.1,8.93,1.199
R1296,elm,-10735.4,24653.9,1242.3,-154.44,1.059
R1297,elm,-34845.6,25512.2,769.2,-11.42,1.032
R1298,pine,-30276.9,25053.9,888.5,-41,0.865
R1299,elm,-29622.9,25346.7,919.1,-137.17,1.115
R1300,pine,-25971.3,25427.1,855.6,-89.96,1.123
R1301,pine,-25252.9,25164.1,914.7,3.86,1.181
R1302,pine,-22025.5,25480.4,939.1,47.95,1.144
R1303,elm,-20725.4,25426,997.7,-161.22,1.002
R1304,pine,-19805.5,25052.7,993,-176.09,1.05
R1305,elm,-18997.2,25048.6,1051.5,47.86,1.159
R1306,pine,-17619.7,25497.8,1289,-192.67,1.043
R1307,pine,-16809.1,25250.1,1303.7,-60.27,1.185
R1308,elm,-14796.9,24962.5,1351.1,-79.61,1.069
R1309,elm,-13328.3,25363.8,1270.1,-107.42,0.902
R1310,pine,-10906.3,25123.4,1234.1,55.62,1.07
R1311,elm,-10173.5,25512,1190.3,0.98,1.183
R1312,pine,-32576.1,25895.2,740.3,-94.67,0.922
R1313,pine,-30442.4,25773.8,919.7,58.08,1.175
R1314,elm,-29175,26043.4,911.9,-53.31,1.114
R1315,elm,-26293.1,25723.9,833.3,19.92,0.905
R1316,elm,-22893.4,25855.8,973.9,85.48,0.996
R1317,pine,-22510.5,26231,965,-142.95,0.961
R1318,pine,-21446.8,26249.6,974.3,-125.66,1.122
R1319,elm,-20284.1,25940,1005.2,78.46,0.866
R1320,elm,-18407.6,26067.3,1191.7,6.17,0.991
R1321,elm,-17140.7,25856.3,1263.7,-53.27,1.176
R1322,elm,-14977.1,26224.5,1298.3,-151.59,1.198
R1323,pine,-12288.6,25865.7,1281.9,-145.99,1
R1324,elm,-10848.2,26099.5,1217.9,-51.91,0.954
R1325,pine,-8914.1,25868,1141.3,-226.06,0.912
R1326,elm,-7849.5,26258.6,1162.6,-175.63,1.097
R1327,elm,-36233.9,27023.4,769.3,-264.54,0.811
R1328,elm,-30564,26498.7,879.2,-37.53,0.918
R1329,elm,-23889.5,27045.7,1072.7,26.74,0.999
R1330,pine,-22369.3,26710,982.4,-48.55,1.096
R1331,pine,-20830.2,26939.7,1034.6,-197.5,1.05
R1332,pine,-19965,26737.2,1057,-61.96,1.177
R1333,pine,-18634.9,26902.6,1161.7,-89.78,0.87
R1334,pine,-17942.3,26986.9,1196.9,-76.69,0.812
R1335,elm,-17012.5,26490.9,1212.6,-121.42,0.995
R1336,elm,-16100.7,27019.8,1216.1,35.89,0.805
R1337,pine,-14736.7,26688.8,1177.7,56.94,1.152
R1338,pine,-14258.4,27040.3,1139.2,27.68,0.917
R1339,elm,-13028.6,26546.4,1177,-133.97,0.896
R1340,pine,-12703.5,26689.6,1164.2,-216.39,1.119
R1341,pine,-6976.6,26991.7,1188.6,9.39,0.888
R1342,pine,-36788.3,27572.9,789.5,-221.73,1.14
R1343,pine,-30557.7,27361.5,871.3,89.33,1.154
R1344,pine,-26504.6,27384.1,922.3,-221.49,1.157
R1345,pine,-24777.3,27768.4,961.2,-250.58,1.003
R1346,elm,-22101.3,27585.5,1066.8,-12.24,1.19
R1347,elm,-20728.3,27618.9,1042.4,48.66,1.074
R1348,elm,-19064.3,27366.2,1119.8,-156.48,1.162
R1349,elm,-18374,27372.5,1178.8,-172,0.848
R1350,elm,-17294.8,27768,1257.1,67.65,0.862
R1351,elm,-15544.7,27490.9,1137.4,-165.97,0.895
R1352,pine,-11228.4,27517.2,1213.1,-52.54,0.975
R1353,pine,-7129.1,27750.8,1204.5,-10.38,0.951
R1354,pine,-6278,27680.3,1169.6,-185.16,0.985
R1355,pine,-33553.5,27981.1,797.1,-42.11,0.945
R1356,elm,-28774.8,28137.6,898.1,-198.55,1.174
R1357,pine,-27773.4,28172.8,921.8,-104.99,1.027
R1358,elm,-26648.5,28114.3,951.4,-160.62,0.921
R1359,elm,-26166,28203,975.9,-195.05,0.967
R1360,pine,-25194.7,28433.9,943.3,-56.1,1.106
R1361,pine,-24318.5,28483.4,1010,-195.3,0.847
R1362,pine,-23582.8,28229.3,1074.7,73.74,0.983
R1363,elm,-23077.3,27965.7,1058.2,-21.87,1.13
R1364,elm,-21581.1,28191.7,1046.4,-96.92,1.188
R1365,elm,-20911.8,28292.9,1054.8,9.73,1.182
R1366,pine,-19159.8,28180.9,1096.1,41.73,0.843
R1367,elm,-18498.5,28540.5,1093,-242.46,1.11
R1368,pine,-17078.3,28242.5,1264.6,50.88,0.819
R1369,pine,-16354.8,28423.8,1292.3,-159.48,1.113
R1370,pine,-15215.3,28422.9,1147.8,-130.19,0.907
R1371,pine,-14948.3,28317.8,1109,84.59,0.893
R1372,elm,-12410.3,28265.2,1167.9,-202.94,0.822
R1373,elm,-11740.9,28409.7,1161.6,-53.85,1.053
R1374,pine,-9494.9,28471.1,1147.4,55.72,0.816
R1375,elm,-7346.1,28468.7,1211.5,-261.47,1.027
R1376,pine,-5166.9,28275,1226.9,-132.48,0.993
R1377,pine,-32483.8,28971.5,981.2,10.84,1.168
R1378,pine,-30950.3,28788.7,952.2,61.37,0.868
R1379,pine,-30268.7,29106.5,949.5,-235.03,0.805
R1380,elm,-28942.4,29013.6,959.9,-68.35,1.15
R1381,elm,-28375.6,28997.6,959.4,-179.53,0.955
R1382,pine,-26716,28851.9,961.1,-262.23,0.993
R1383,pine,-20535.5,28936.5,1092.7,-234.77,0.961
R1384,pine,-19785.4,28998.7,1113.1,-241.32,1.036
R1385,elm,-17817.9,29198,1164,-169.05,0.991
R1386,pine,-17047,29189.3,1277.6,-147.44,0.97
R1387,elm,-14684.5,28789.7,1155,21.51,1.098
R1388,elm,-13547.6,29041.7,1167.9,66.52,1.199
R1389,pine,-12707.9,28782.1,1164.2,-92.18,1.11
R1390,elm,-10300.7,28821.1,1267.3,87.49,0.807
R1391,pine,-8460.4,29156.1,1162.6,36.91,0.803
R1392,pine,-7193.4,28887.5,1190.3,-91.89,0.962
R1393,pine,-4977.8,29090.9,1212.4,-258.12,0.827
R1394,elm,-37185.1,29884.3,937.6,-60.19,1.047
R1395,elm,-31318.7,29501.4,984.7,-182.72,1.017
R1396,elm,-29738.3,29978.8,960.4,-183.48,0.998
R1397,pine,-28320.1,29886.9,990.8,-223.15,0.977
R1398,elm,-27236.1,29959.5,961.5,81.53,0.806
R1399,elm,-26457,30006.9,954.8,5.17,1.027
R1400,elm,-26122.4,29760.1,953.1,-127.88,1.19
R1401,pine,-25018.3,29504.6,939.1,-121.84,1.027
R1402,elm,-17787.6,29829.9,1211.3,5.32,1.117
R1403,pine,-16341.9,29627.1,1285.2,-33.67,0.804
R1404,elm,-15383.3,29683.8,1274.5,-205.05,1.179
R1405,elm,-15003.5,29505.6,1238.7,-5.01,0.906
R1406,elm,-14113.8,29681.2,1204.6,-225.8,0.958
R1407,pine,-13378.8,29466.2,1221.9,-219.7,1.19
R1408,pine,-11274.4,29736,1313.6,-12.74,0.864
R1409,elm,-9781.6,29742.1,1280.6,-222.04,1.185
R1410,elm,-8601.6,29620,1202.3,-99.74,0.807
R1411,pine,-7246.2,29982.1,1270,-113.76,0.987
R1412,pine,-32802.4,30700.9,1022.6,13.29,1.07
R1413,elm,-32115.5,30489.7,1037.3,-89.19,0.906
R1414,elm,-29460.1,30537.2,1028.2,-262.58,1.128
R1415,pine,-26680.2,30665.6,973.4,-155.12,1.031
R1416,elm,-26189.3,30490,939.9,-114.3,1.019
R1417,pine,-24703.8,30241.3,932.4,25.97,0.939
R1418,pine,-22760.1,30637.8,1019.6,-230.37,1.11
R1419,elm,-22242.3,30460.6,1015.5,-165.46,1.137
R1420,elm,-21709.5,30601.8,1036.3,-259.89,0.994
R1421,pine,-19421.9,30222.8,1157.5,17.12,1.182
R1422,pine,-18331.6,30665,1191.5,-133.37,0.922
R1423,pine,-17855.4,30731.5,1188.5,-225.33,1.023
R1424,elm,-16343.8,30742.4,1239.8,-63.76,1.062
R1425,elm,-10739,30286.1,1346.6,77.81,1.102
R1426,pine,-9979,30474.9,1297.8,-88.12,1.041
R1427,elm,-8841.9,30570.4,1274,-176.85,1.039
R1428,elm,-7035.9,30433.3,1309.1,64.86,1.134
R1429,elm,-5522,30313.6,1286.6,63.61,0.809
R1430,elm,-32594.9,31156.9,995.6,-36.45,0.846
R1431,elm,-29869.4,31334,1091.6,67.53,0.892
R1432,pine,-26650.9,31203.7,1011.4,-141.27,0.938
R1433,pine,-25132.9,31189,907.9,-227.13,0.839
R1434,elm,-23679.7,31058.1,992,-138.14,0.822
R1435,elm,-22845.8,31156.7,1007.8,-2.3,0.986
R1436,elm,-22373.3,31207.1,1006.1,-68.49,0.869
R1437,elm,-20888.1,31281.6,1075.6,-19.69,1.003
R1438,elm,-19455.9,30952.2,1157.4,-102.86,1.112
R1439,pine,-18579.4,31146.9,1206.3,-99.04,0.812
R1440,elm,-16870,31315.4,1273.6,-178.17,1.188
R1441,elm,-13110.6,30978.8,1289.5,-185.18,1.025
R1442,pine,-11962.4,30993.9,1440.7,38.09,1.035
R1443,elm,-8111.2,30951.7,1311.4,13.66,0.956
R1444,elm,-3225.1,31469.7,1150.8,-210.1,0.809
R1445,elm,-31981.5,31844.4,969.7,-224.94,1.101
R1446,elm,-30950.1,32258,988.1,29.69,1.13
R1447,pine,-29847.3,31949.9,1100.3,54.24,0.987
R1448,pine,-28965.9,31829.9,1052.3,-238,1.019
R1449,pine,-27503.7,32182,1042.7,-178.66,0.891
R1450,pine,-26732.9,31895.4,1039.1,-2.17,1.121
R1451,pine,-25321.7,31902.8,928.2,-57.12,1.118
R1452,pine,-24408,32092.2,872.7,-193.76,0.943
R1453,pine,-23161.3,31804.4,921.2,-160.06,0.84
R1454,pine,-22191.7,31824.9,998.6,-80.15,1.035
R1455,pine,-21289.7,31933.6,1078.2,-38.25,0.996
R1456,elm,-21023.6,31815.4,1088,37.17,0.93
R1457,elm,-20034.7,32166.7,1174.1,53.17,1.065
R1458,elm,-19207.7,31754.3,1227.9,-97.77,0.918
R1459,elm,-18457.9,31923.2,1319.9,3.99,0.948
R1460,elm,-17782.5,32270.7,1315.3,-65.35,0.874
R1461,elm,-17088.4,32266.4,1290.3,-220.63,1.092
R1462,elm,-16529.4,32076.6,1222.2,-267.57,0.887
R1463,elm,-15293.7,32117.9,1229.7,-137.85,1.007
R1464,pine,-12641.2,32193.4,1258.7,-253.87,1.121
R1465,pine,-11847.2,32008.3,1389.7,-52.38,1.133
R1466,pine,-10972.4,32237.2,1446.4,-223.23,1.121
R1467,elm,-8124.1,32119.3,1392.7,78.49,0.823
R1468,elm,-30986.2,32738.3,974,-60.62,1.171
R1469,elm,-30380.5,32765.3,1030.8,-0.84,1.028
R1470,elm,-29844.3,32597.8,1084.3,-139.37,1.1
R1471,pine,-27232,32976.5,1032.2,-122.97,1.076
R1472,pine,-26024.2,32843.7,986.6,-74.17,0.897
R1473,elm,-21268.8,32785.1,1084.8,70.38,0.886
R1474,pine,-21027.3,32944.3,1106.4,37.14,1.045
R1475,pine,-20058.6,32507.9,1188.9,-224.44,0.984
R1476,elm,-16985.5,32975.2,1388.4,76.48,0.956
R1477,pine,-16056.8,32935.9,1321.6,48.98,1.194
R1478,elm,-13488.8,33023,1277.6,12.33,0.819
R1479,pine,-12483.9,32911.6,1309.3,-59.98,0.993
R1480,elm,-11601.1,32992.5,1356.2,-200.21,1.08
R1481,pine,-9293.9,32736.6,1484.8,-258.63,0.954
R1482,elm,-8891.7,32846.4,1471.2,-111.95,0.869
R1483,pine,-6686.9,32931.8,1427.6,52.84,0.87
R1484,pine,-3216.2,32797.7,1159.4,-166.56,1.06
R1485,pine,-37221.8,33694.2,1091.2,-90.44,1.17
R1486,elm,-31199.9,33654.9,1008,-59.39,1.17
R1487,pine,-29698.1,33415.8,1079.4,-139.42,1.164
R1488,pine,-28868.3,33326.1,1056.9,35.99,1.069
R1489,pine,-28404.8,33525.2,1090.2,-225.75,1.132
R1490,elm,-27274.3,33750.4,1101.9,-232.56,0.917
R1491,pine,-22837.7,33291.7,895.1,-137.3,1.109
R1492,elm,-21608.5,33523.8,1019.8,57.07,1.199
R1493,elm,-20647,33415.9,1121.4,-238.06,1.107
R1494,pine,-18997.8,33656.9,1292.5,-19.75,1.137
R1495,pine,-18790.3,33594.5,1326.4,-220.28,1.116
R1496,elm,-17618.4,33229.6,1382,4.02,0.818
R1497,pine,-16105.4,33531.7,1399.7,-228.97,1.115
R1498,pine,-14599.7,33673,1305.2,-170.65,1.145
R1499,elm,-13083.6,33476,1342.8,-244.45,1.021
R1500,pine,-12329.3,33381.1,1334.5,-112.04,1.096
R1501,elm,-7019.3,33407.5,1390.6,-112.47,1.171
R1502,elm,-5207.6,33780,1285.6,-81.71,0.899
R1503,elm,-3980.2,33500.1,1216.2,-153.04,0.904
R1504,pine,-36588.9,34422.6,1219.5,-211.42,1.072
R1505,elm,-35110,34019.3,1180.5,-1.13,1.033
R1506,pine,-30286.6,34276.1,1001.6,-85.33,0.839
R1507,elm,-29068.4,34046.7,1079,49.38,1.13
R1508,elm,-28381.5,33969.9,1098.4,-151.29,0.948
R1509,elm,-26680.4,34421.3,1174.5,54.49,1.123
R1510,elm,-25969.9,34091.2,1050.7,-237.5,0.866
R1511,elm,-25226.9,34475.6,997.7,-127.77,1.192
R1512,pine,-24572.3,34287,943.6,-3.2,0.949
R1513,pine,-22307.8,34373,938,-252.59,0.808
R1514,pine,-19394.3,34425.7,1220.6,-97.1,1.037
R1515,elm,-18608.6,34072.8,1338.8,-71.07,0.937
R1516,elm,-17598.3,34265.8,1434.5,-57.97,1.104
R1517,elm,-17072.2,34153.3,1469.4,40.15,0.996
R1518,elm,-16450.5,34049.7,1446.4,-116.1,0.986
R1519,elm,-15384.5,34291.8,1353.5,-118.88,0.999
R1520,pine,-13867,34228.2,1374.1,-119.15,1.166
R1521,pine,-13265.6,34045.2,1360.7,-151.88,0.998
R1522,pine,-11923.6,34321.3,1329.5,-155.4,1.167
R1523,pine,-10417.5,34132.8,1423.1,-34.87,0.986
R1524,pine,-9407.6,34532.8,1389.3,-222.04,0.925
R1525,pine,-7255.9,34037.3,1360.8,-73.02,1.198
R1526,elm,-6531.8,34389.2,1399.7,-116.73,0.804
R1527,elm,-36728.4,35181.5,1291.7,-165.24,1.015
R1528,pine,-35165.4,35066.7,1153,-51.03,1.147
R1529,elm,-33601.6,34821,1068.5,-264.08,0.885
R1530,pine,-31112.4,35284.7,915.8,-110.68,0.96
R1531,elm,-30263.2,35264.6,1004,-81.88,1.003
R1532,elm,-28993.7,35282.9,1108.1,-247.58,0.864
R1533,pine,-27604.3,34810.1,1164.1,4.06,0.979
R1534,pine,-25508.6,34966.5,1054.7,-84.16,0.93
R1535,pine,-23790.6,34835.1,883.8,-248.09,0.809
R1536,pine,-23193.9,35145.2,931.3,-191.72,1.121
R1537,pine,-21666.8,35055.6,967,-13.58,1.057
R1538,elm,-20159.1,34929.3,1135.7,-147.21,0.937
R1539,pine,-18768.4,34808.8,1331,-262.56,1.037
R1540,pine,-16956.3,34794,1490.5,-102.95,0.819
R1541,elm,-16116.8,34959.6,1439.5,29.53,1.055
R1542,elm,-14047,34741.2,1407.2,-88.05,1.091
R1543,elm,-13425.1,34955,1380.7,62.72,0.976
R1544,elm,-12430.3,35045.4,1358.4,17.75,0.863
R1545,elm,-11916.8,35262.7,1364.5,-159.68,0.833
R1546,pine,-10763.2,34746.1,1407.3,-39.2,0.915
R1547,elm,-10340.4,34939,1403.7,-263.99,0.853
R1548,elm,-8812.4,35278.9,1322.6,-248.26,0.991
R1549,pine,-35946.8,35665.6,1206.7,17.32,0.896
R1550,elm,-32271.2,35504.8,997.6,25.33,0.854
R1551,pine,-31251.9,35851.2,936.3,-178.98,0.945
R1552,elm,-29636.6,35465.1,1035.2,-127.27,1.161
R1553,elm,-28834.1,35943.2,1126.3,45.37,1.011
R1554,pine,-28055.6,35699,1160.1,-151.33,0.957
R1555,pine,-26819.4,35656.4,1218.4,23.19,1.1
R1556,elm,-23004.9,35520.8,981.7,-249.99,0.8
R1557,pine,-22408.6,35873.4,1004.4,-147.61,0.884
R1558,elm,-19885.3,35879.9,1150.7,-37.91,1.067
R1559,elm,-19017.2,36041,1202.4,-98.9,1.124
R1560,elm,-18031,35810.1,1321.6,-175.35,1.115
R1561,elm,-17125.8,36019.3,1403.2,7.26,0.809
R1562,pine,-16329.9,35591,1458,-141.34,0.907
R1563,elm,-12769.1,35894.1,1402.5,-75.51,1.014
R1564,pine,-11744.8,35723.8,1323.7,-41.37,0.914
R1565,pine,-11183.6,35963.6,1307.1,-263.5,0.951
R1566,elm,-9467.7,35530,1331.7,26,0.947
R1567,pine,-7416.3,35779.7,1289.4,-73.95,1.119
R1568,elm,-5520.9,35468.5,1273.3,-212.56,0.952
R1569,elm,-30512.6,36614.6,984.3,-147.3,0.851
R1570,pine,-29639.4,36686.3,1047.4,-66,0.824
R1571,pine,-28347.6,36549,1145.2,-261.26,1.119
R1572,elm,-24209.8,36780.8,1084.8,-134.42,1.033
R1573,pine,-21555.9,36436.7,1022.3,26.6,0.907
R1574,elm,-20546,36571.9,1104,-204.22,0.987
R1575,elm,-17752.2,36729,1346.6,13.4,0.926
R1576,pine,-15492.8,36597.4,1501.2,65.02,1.09
R1577,pine,-14723.5,36672.9,1462.5,-42.13,0.828
R1578,pine,-14188.9,36489.4,1450.9,-124.35,1.165
R1579,elm,-12649.5,36708.4,1361.5,9.86,1.07
R1580,pine,-10218.1,36286.3,1262.8,-93.01,1.079
R1581,pine,-9306.6,36251.1,1249.4,-48.87,0.932
R1582,elm,-8666.6,36448.4,1193.8,-0.28,1.198
R1583,pine,-7940.9,36713.2,1148.9,-69.85,1.132
R1584,elm,-7503.8,36318.3,1194.3,-267.75,0.948
R1585,pine,-5887.9,36326.1,1245.5,-18.08,0.983
R1586,elm,-31515.6,37293.1,977.8,3.23,1.164
R1587,pine,-28360.1,37341.4,1113,-119.37,1.055
R1588,elm,-26773.2,37061.6,1208.6,-251.87,1.021
R1589,elm,-25795.1,37265.7,1236.4,-36.75,0.922
R1590,pine,-23089.1,37347.6,970.4,-120.97,0.927
R1591,elm,-22060,37233,988.8,36.34,0.86
R1592,pine,-20945.4,37157.7,1111.1,-144.46,1.005
R1593,elm,-19241.4,37517.3,1237.8,-231.28,1.018
R1594,pine,-18742.7,37214.8,1265.6,-232.62,0.924
R1595,pine,-17551,37466.7,1412.2,-139.33,0.948
R1596,elm,-16541.8,36988.2,1471.4,-205.37,1.085
R1597,pine,-15266.1,37187.4,1484.1,-184.73,1.034
R1598,elm,-14797.8,37303.6,1482.4,-224.16,1.123
R1599,pine,-14048.9,37071.9,1451.4,-32.24,1.053
R1600,pine,-13239.6,37351.2,1406.8,-152.43,1.195
R1601,elm,-12533.2,37034.7,1354.3,-89.77,1.111
R1602,elm,-11791.1,37242.8,1272,37.74,0.974
R1603,elm,-9358.1,37520.9,1070.1,33.97,1.184
R1604,pine,-8889.4,37165.8,1115,-145.85,0.879
R1605,elm,-7866.4,37017.6,1083.2,-28.08,1.082
R1606,pine,-5088.3,37202,1217,10.88,1.002
R1607,elm,-31863.9,38020.9,977.9,29.78,1.041
R1608,elm,-31269.1,37858.6,963.4,-63.73,0.876
R1609,pine,-30444.1,37873.4,1032.1,-53.47,1.061
R1610,elm,-29564.2,38013.8,1087.4,-253.87,1.193
R1611,pine,-29144.5,37828.3,1087,-209.16,1.007
R1612,elm,-28425.6,38188.9,1116.9,-52.74,0.876
R1613,pine,-26854.5,37780.4,1119.9,-176.58,0.958
R1614,elm,-25840.8,38142.8,1149.2,6.54,0.992
R1615,pine,-25095,37910.9,1118.4,-70.56,0.826
R1616,elm,-23542,37911.9,1004.1,-52.55,0.995
R1617,pine,-22990.7,37711.6,955,18.09,1.086
R1618,elm,-20676.2,37855.2,1128.3,-80.98,1.059
R1619,elm,-18389.9,38004.8,1303.6,-121.72,1.189
R1620,elm,-16453.7,38264.6,1468.7,-239.63,0.911
R1621,pine,-9497.1,37833.4,1039.3,-176.91,0.891
R1622,pine,-8590.3,37941.1,986.6,68.57,0.829
R1623,pine,-8048,37761.1,971.6,13.59,1.088
R1624,elm,-6419,38213.9,944.7,42.08,0.88
R1625,elm,-33345.5,38771.4,1157.1,-35.76,1.049
R1626,elm,-32016.1,38815.6,998.3,47.12,1.006
R1627,elm,-30727.1,38583.7,998,-116.42,1.106
R1628,pine,-29588.9,38789,1005.6,-11.67,0.949
R1629,pine,-28889.6,38885.9,1050.4,39.25,0.85
R1630,elm,-28316.4,38593.8,1091.8,41.95,1.141
R1631,pine,-27282.7,38872.6,1058.8,-85.94,1.093
R1632,pine,-26450.3,38679.8,1096.9,-95.21,1.126
R1633,pine,-23923.8,38810.1,1079.2,-74.18,0.99
R1634,pine,-22729.3,38974.9,1090.9,85.49,0.906
R1635,pine,-21243.6,38871.6,1156.2,-230.46,1.03
R1636,pine,-20192.1,39038.2,1194.1,-82.05,0.856
R1637,pine,-17160.3,38989.3,1379.3,-49.87,0.914
R1638,pine,-16211.1,38534,1471.5,-268.61,0.918
R1639,pine,-15241.5,38504.6,1460.7,-142.03,0.947
R1640,pine,-14895.1,38626.9,1414.7,19.93,1.187
R1641,elm,-13128.5,38868.2,1284.7,-162.27,1.132
R1642,elm,-12640.1,38524,1316.2,-16.49,0.906
R1643,elm,-11803.8,38460.3,1199.7,-154.4,0.877
R1644,elm,-10055.3,38928.9,984.1,-158.81,0.961
R1645,pine,-9427.8,38946.8,978,6.78,0.838
R1646,pine,-7804,38994.3,844.9,-44.7,1.094
R1647,pine,-6968.1,38564.6,898.5,-141.33,0.813
R1648,elm,-6500.6,38840.7,874,-107.8,1.17
R1649,elm,-32097.6,39289.7,1051.5,16.7,1.16
R1650,elm,-31287.1,39738.5,1039.9,-70.14,0.958
R1651,elm,-29773.4,39403.8,1002.1,-168.04,0.915
R1652,elm,-28403.4,39269.1,1057,-82.88,1.12
R1653,pine,-27416.8,39727.2,1033.6,10.67,1.086
R1654,pine,-26475.3,39493.8,1096,69.86,0.838
R1655,elm,-24274.7,39491.1,1085.6,-61.77,0.889
R1656,pine,-20514.8,39595.3,1224.2,26.39,1.066
R1657,pine,-19972.5,39740.6,1159.7,-195.54,0.944
R1658,pine,-19040.3,39548.7,1203.4,9.1,1.199
R1659,elm,-18582.1,39749.6,1231.8,-241.74,1.113
R1660,elm,-15972.2,39375.2,1422.4,49.27,1.139
R1661,elm,-15505.8,39574.1,1393.5,-167.29,1.071
R1662,elm,-14072.7,39792.1,1202.7,-39.13,1.071
R1663,elm,-13420,39517.9,1182.2,-57.43,0.931
R1664,elm,-12434.7,39351.6,1166.9,13.76,0.89
R1665,pine,-11844.1,39451.5,1155.8,-75.86,0.898
R1666,elm,-10413.3,39201.6,1015.6,-169.93,0.864
R1667,pine,-9247.6,39467.5,941.1,-14.35,1.046
R1668,elm,-8993.6,39467.1,923.5,-24.76,1.109
R1669,elm,-7883.5,39610.2,805.3,-34.19,0.923
R1670,pine,-6209.8,39550.4,813.4,69.92,1.04
R1671,pine,-28106.9,40095.1,1022,-46.71,1.158
R1672,elm,-25822.3,40495.1,1079.9,72.4,1.113
R1673,elm,-25251.2,40373.5,1044.4,-104,0.89
R1674,pine,-24644.4,40436.4,1021.9,-224.44,1.004
R1675,elm,-22997.9,40350.5,1017.8,-162.98,0.888
R1676,pine,-22277.2,40173,1113.3,-201.07,1.136
R1677,elm,-20455.7,40170.4,1130.8,-160.54,1.009
R1678,elm,-20065.3,40247.6,1121.9,-151.18,1.067
R1679,pine,-18441.7,40368.7,1203.1,75.48,0.987
R1680,elm,-16305.1,40154.8,1386.5,0.83,0.96
R1681,pine,-15738.4,40264.6,1335.4,-261.01,0.988
R1682,pine,-13226.4,40148.7,1096.2,-235.51,0.928
R1683,pine,-12255.5,40355.6,1047.8,-84.36,1.112
R1684,elm,-12013.6,40113,1065.4,-220.71,0.846
R1685,pine,-10980.1,40392.4,1035.6,-98.58,0.946
R1686,elm,-9254,40477.7,847.6,47.82,0.805
R1687,elm,-3721.3,40279.2,968.1,-166.22,0.921
R1688,elm,-32105.2,41186.2,1249.1,-167.59,1.059
R1689,elm,-31478,40949.1,1155.6,45.43,0.811
R1690,elm,-29289.5,41026.1,1178.9,-117.39,1.105
R1691,pine,-26768.8,40886.2,996.2,12.16,0.919
R1692,pine,-23600.8,40892.9,954.7,31.62,0.845
R1693,elm,-20623.6,40973.5,1122.9,-66.34,1.182
R1694,pine,-16141.6,41243.5,1233.2,-79.51,0.868
R1695,pine,-15292.7,41105.3,1199,-88.92,1.092
R1696,pine,-14747.5,40721,1192.9,-253.46,0.907
R1697,pine,-14264.4,40894.4,1147.8,-42.28,1.152
R1698,elm,-10921.7,41183.2,950.2,-27.77,0.963
R1699,elm,-8718,41242.1,752.1,-175.02,0.959
R1700,pine,-7054.7,41200,638.9,-257.31,1.157
R1701,pine,-31787.3,42034.9,1291,-128.73,0.979
R1702,elm,-28462,41494.9,1050.4,-38.28,0.942
R1703,elm,-27362.7,41804,990.4,19.13,0.838
R1704,elm,-26680.1,41690.2,962.3,-187.63,0.834
R1705,elm,-25913.5,41876.1,945.1,-178.45,1.046
R1706,pine,-24338.6,41885.8,907.3,-232.88,1.045
R1707,pine,-23937.6,41589.5,873.8,-86.88,1.084
R1708,elm,-23205,41555.8,920.6,-62.7,0.9
R1709,elm,-22351.4,41746.7,958.5,62.31,0.969
R1710,elm,-21563.6,41660.1,1069.9,-93.11,0.808
R1711,elm,-20708.8,41757.9,1163,-94.24,1.023
R1712,pine,-15313,41617.8,1150.2,6.65,0.9
R1713,pine,-14498.4,41748.5,1028.6,-186.76,0.963
R1714,elm,-13779.6,41925.9,921,-198.23,0.969
R1715,elm,-10922.5,41955.4,822.4,-235.64,1.127
R1716,elm,-10289.4,41872.4,794.9,-6.98,0.901
R1717,pine,-9697.5,41708.3,797.2,-82.48,1.144
R1718,pine,-7837.1,41596.7,684.2,-266.2,1.028
R1719,elm,-31709.6,42566,1315.6,-206.79,0.895
R1720,pine,-29982,42634.5,1142.4,-212.37,1.065
R1721,pine,-27676.9,42698.8,923,-93.24,0.911
R1722,pine,-24275.9,42775,947,46.97,0.888
R1723,pine,-24004.9,42574.5,926,-236.65,0.979
R1724,pine,-23165.6,42587.2,940.6,86.92,1.005
R1725,elm,-21980.1,42696.4,970.7,-5.1,1.085
R1726,elm,-21705.1,42213.1,993.7,-130.18,1.142
R1727,pine,-20461.1,42250.8,1177.8,-265.98,1.097
R1728,elm,-19804.5,42669.1,1206.8,-90.3,1.054
R1729,pine,-19268.6,42767.6,1196.4,-251.66,1.199
R1730,elm,-17702.6,42224.6,1202.5,-219.66,1.08
R1731,elm,-17047.8,42248.9,1156.8,-94.9,1.064
R1732,elm,-15481.8,42429,1101.5,-220.69,1.08
R1733,pine,-14524.2,42346.5,954.6,54.78,1.108
R1734,pine,-14244.3,42686.4,885.9,-69.15,0.838
R1735,pine,-11605,42255.7,792.7,-185.5,1.041
R1736,pine,-10492.1,42502,739.9,54.31,0.984
R1737,pine,-9260.2,42289.3,697.4,-31.92,0.857
R1738,elm,-31389,43400.3,1292.4,-180.73,0.997
R1739,elm,-29876.3,43240.2,1060.6,-145.01,1.087
R1740,pine,-27251.8,43196.9,880.1,14.36,1.124
R1741,pine,-26770.2,43284.5,899,78.41,1.163
R1742,elm,-26264.1,43353.3,917.5,-44.77,0.809
R1743,elm,-22127.8,43024.5,996.3,-212.67,0.812
R1744,pine,-20510.5,43168.3,1142.7,-36.54,1.167
R1745,pine,-19797.2,43020,1222,70.99,1.137
R1746,elm,-19531.1,43491.3,1206.7,45.55,1
R1747,pine,-18793.9,43214.8,1167.9,-129.18,1.065
R1748,elm,-17474.3,43231.8,1132.1,46.95,0.81
R1749,elm,-16703.1,43057.5,1120,30.31,1.187
R1750,elm,-16439.1,43512.1,1078.3,-186.28,0.945
R1751,elm,-13847.8,43157.5,823.6,41.94,0.917
R1752,elm,-13197.7,43485.1,747.9,-5.76,1.072
R1753,elm,-12447.5,43443.8,701.2,38.01,1.192
R1754,elm,-10255.9,43499.1,633.8,2.97,1.062
R1755,elm,-9793.5,43129.3,675.5,-70.32,0.998
R1756,pine,-27307.2,44225.9,908.5,-256.36,0.997
R1757,pine,-22071.8,44191.5,1016.1,22.85,1.123
R1758,pine,-21413.1,43833.7,1095.8,27.61,1.176
R1759,pine,-19027,43875.9,1159.1,-20.01,0.813
R1760,pine,-16744.7,43707.4,1095.5,-79.25,1.168
R1761,pine,-16019.7,43923.6,1055.6,-62.78,1.122
R1762,pine,-15556.3,43953.1,957.9,-39.18,0.93
R1763,elm,-12432,43849.9,642.5,-178.38,0.98
R1764,pine,-11944.2,44021.9,605.7,-160.45,0.82
R1765,pine,-10349.5,43794.4,599.5,-234.11,1.12
R1766,elm,-9770.1,43956.5,619.5,-121.11,1.066
R1767,pine,-6473.9,43866.9,662.8,-159.08,1.19
R1768,elm,-4712.6,43713.2,755.3,-107,1.181
R1769,pine,-24271.6,44651,948.9,-126.26,1.039
R1770,elm,-23464.6,44457,1044,-49.28,1.125
R1771,elm,-23252.9,44655.8,1047.5,87.9,1.161
R1772,pine,-22435.4,44959.6,1004.5,6.5,1.085
R1773,pine,-21670.3,44687.3,1077,-62.57,0.987
R1774,pine,-20762.5,44886.2,1106,-220.22,1.097
R1775,elm,-19300,44482.5,1092.3,-28.41,1.14
R1776,elm,-18736.2,44637.9,1062.8,-52.53,1.075
R1777,elm,-14855.3,44675.6,858.2,19.57,1.161
R1778,pine,-14063.4,44606.7,771.3,-206.86,1.096
R1779,elm,-13509.5,44994.1,716.2,-224.29,1.144
R1780,pine,-11505,44561.5,517.2,-189.89,0.869
R1781,elm,-11213.2,44595.4,501.3,11.53,1.195
R1782,pine,-10449.2,44718,524.3,12.32,1.024
R1783,elm,-9508.8,44757.1,597.6,-237.19,1.156
R1784,elm,-7458.9,44569.3,616.1,-153.34,0.933
R1785,elm,-33202.2,45769,1158.4,48.99,0.988
R1786,pine,-27785.3,45312.5,929.9,72.94,1.096
R1787,elm,-25208.4,45206.8,892.1,-202.5,0.847
R1788,elm,-23875.3,45480.8,915.2,27.16,0.944
R1789,pine,-21036.1,45443.2,1066.6,-118.2,0.854
R1790,pine,-20054.4,45240.9,1074.9,29.9,0.885
R1791,pine,-18970.5,45734.9,1061.9,65.27,0.8
R1792,pine,-18783.9,45347.6,1074.4,-5.97,0.863
R1793,elm,-14947.1,45676.9,797.5,43.51,1.186
R1794,pine,-13788.6,45226.1,729.8,-137.71,1.092
R1795,elm,-13270.8,45740.9,729.7,70.68,1.134
R1796,elm,-11522.5,45275.3,501.7,40.93,1.003
R1797,elm,-9999.6,45755.8,538.3,-240.64,0.964
R1798,pine,-8556.8,45665.2,568.5,-153.41,1.064
R1799,pine,-32669.9,46002.9,1100,-157.2,1.005
R1800,elm,-31384.1,46259.5,939.6,-40.76,1.188
R1801,elm,-30375.7,46549.5,902.4,-1.77,0.893
R1802,elm,-29677.1,46186,858.2,-25.18,1.011
R1803,pine,-25345.8,46463.4,886.4,26.7,1.192
R1804,pine,-22243.2,46323.1,998.9,-84.81,1.088
R1805,pine,-20898.8,46446.2,1074,-20.15,1.172
R1806,pine,-19384.5,46432.8,1062.1,65.08,0.84
R1807,pine,-13876.9,46503.2,824.9,-195.02,0.954
R1808,elm,-9621.1,46254.6,570.6,50.13,0.989
R1809,pine,-27350.5,46798,833,46.8,0.842
R1810,pine,-24210.3,47067.6,931.1,-95.78,0.879
R1811,elm,-23691.6,47262,954.5,-13.64,1.104
R1812,elm,-22721.2,46848.5,992.3,-57.9,1.022
R1813,elm,-22535,47061.1,1005.3,-244.85,1.014
R1814,pine,-21014.9,46740.8,1063.4,-33.51,0.913
R1815,pine,-19724,46939.5,990.4,34.27,0.988
R1816,elm,-16227.6,46794.4,916.6,-196.73,1.185
R1817,pine,-15446.6,47243.4,862.9,34.32,0.937
R1818,pine,-14820.8,46748.1,808.8,-249.8,0.991
R1819,pine,-14278.1,47162.7,819.7,42.39,1.116
R1820,elm,-31957,47593.8,981.8,-84.82,0.976
R1821,elm,-26598.3,47613.6,846,-143.82,0.865
R1822,elm,-25319.6,47591.5,916.1,50.41,0.858
R1823,pine,-24665,47522.7,912.1,-25.36,0.988
R1824,pine,-23205.6,48019.8,824.4,39.54,1.015
R1825,pine,-17090.5,47803,896.4,-234.69,0.899
R1826,pine,-16284.4,47901.8,827.3,-217.65,1.108
R1827,elm,-13291.5,48020.5,732.6,-229.75,0.822
R1828,pine,-11997.6,47725,580.4,35.7,1.026
R1829,elm,-26150.4,48235.8,896.6,-16.17,0.869
R1830,pine,-20548.3,48467.7,860.3,-65.59,0.847
R1831,elm,-18463.9,48474.7,926.9,-196.91,1.008
R1832,pine,-17941.8,48432.4,926.3,-249.97,1.132
R1833,elm,-33522.9,49017.6,1097.4,69.94,1.087
R1834,pine,-23275.9,49440.8,823.7,18.53,1.122
R1835,elm,-21695.8,49454.2,848.4,-43.02,1.132
R1836,pine,-18372.4,49522.5,819.3,-185.58,0.857
R1837,pine,-27507.5,50062.7,767.6,47.24,1.01
R1838,pine,-20524.3,49731.4,813.1,-5.96,1.158
R1839,elm,-20261.4,49920.8,819.8,-260.47,0.957
R1840,pine,-19475.7,50078.5,804.5,-219.54,1.026
R1841,elm,-17914.7,49980.6,843.8,74.61,1.075
R1842,elm,-12330.8,51720.8,693,-206.72,1.193
R1843,elm,-20505,52082.2,681.5,-187.15,0.987
R1844,pine,-77653.7,-79460.9,5372.2,20.77,1.24
R1845,pine,-76465,-79465.4,5104.9,48.51,1.166
R1846,elm,-59986.1,-79227.5,3459.4,77.92,1.12
R1847,pine,-55526.4,-79262.4,3984.7,-42.69,1.164
R1848,pine,-54704.4,-79544.6,4397.5,74.07,1.064
R1849,poplar,-53810.9,-79398.2,4908.2,-208.21,1.234
R1850,elm,-52584.8,-79226.1,4461.8,89.85,0.963
R1851,pine,-26716.9,-79279,3904.3,-226.24,1.012
R1852,elm,-25562.2,-79305.1,4106.5,-13.8,0.89
R1853,elm,-24081.2,-79526.7,3775.4,-25.62,0.894
R1854,elm,-23177.4,-79566.2,3586.3,-124.24,1.027
R1855,pine,-18455.5,-79391.8,3541.2,-217.3,1.213
R1856,elm,-16080.7,-79386.2,3809.5,-25.38,1.111
R1857,elm,-10360.7,-79436.9,4220,-78.78,0.818
R1858,pine,-9474.3,-79387.5,4295.6,-113.98,1.13
R1859,elm,-8628,-79570.5,4363.9,78.52,1.096
R1860,elm,-5243.2,-79338.9,3542.5,-95.72,1.157
R1861,pine,-4544.4,-79348.7,3558.7,-224.79,1.135
R1862,pine,-2021.8,-79530.1,3958.5,-209.44,1.006
R1863,pine,-1255.4,-79588,4175.7,1.57,1.184
R1864,pine,-506.3,-79253.6,4317.1,11.48,0.964
R1865,poplar,2290.2,-79400,4786.5,-142.27,1.224
R1866,poplar,2939.4,-79293.1,4886.4,-24.48,1.235
R1867,pine,3937.3,-79514.6,4900,88.79,1.181
R1868,pine,12654.9,-79294.5,4378,-199.16,1.121
R1869,poplar,14100.1,-79346.1,4235.4,-252.24,0.854
R1870,pine,16465.2,-79397.9,4218.2,-191,1.248
R1871,pine,20028.2,-79320.3,3998.3,-238.09,0.866
R1872,pine,29963.9,-79597.5,3440.6,-149.5,1.155
R1873,pine,30577.4,-79294.7,3642,-103.98,0.962
R1874,poplar,44978.9,-79595.8,4037.2,61.54,1.075
R1875,pine,45645.6,-79343.4,4158.1,66.6,0.999
R1876,pine,48151,-79374.8,4063.9,47.47,1.115
R1877,pine,49033.2,-79562,3869.1,-64.47,1.018
R1878,pine,51523.8,-79569.3,3601.9,-150.31,0.834
R1879,pine,52884.7,-79380.6,3600.8,-10.05,0.808
R1880,pine,53880.9,-79317.7,3832.4,-253.12,0.903
R1881,pine,56984.4,-79566,4273,-45.34,0.837
R1882,elm,57860.9,-79355.9,4359.5,21.11,0.822
R1883,poplar,65445.8,-79370.8,3969.9,-148.51,1.162
R1884,poplar,67503.3,-79420.6,3923.7,-150.3,0.857
R1885,elm,68236.4,-79292.5,3902.4,-75.52,1.237
R1886,elm,69595.5,-79332,3861.4,-83.37,1.114
R1887,elm,70862.5,-79344.1,4188.1,-2.81,1.094
R1888,pine,71395,-79557.4,4308,-99.48,0.982
R1889,pine,73345.9,-79512.2,4274.7,50.5,1.134
R1890,pine,73932.1,-79402.3,4462.5,27.93,0.888
R1891,elm,75592.5,-79577.2,4786.3,-132.33,0.87
R1892,pine,76880.4,-79532.3,5175.2,-182.1,1.246
R1893,poplar,-79554.9,-78616.7,5611.3,-229.87,1.071
R1894,pine,-78991.9,-78771.8,5867.5,-86.6,0.975
R1895,pine,-77540.7,-79014.8,5612.2,-191.15,0.975
R1896,pine,-76309.6,-78757.3,5073,-10.18,0.927
R1897,poplar,-75284.7,-78529.9,4860.8,-238.21,1.072
R1898,pine,-64643.9,-78419,4296.7,5.86,1.098
R1899,elm,-63889.9,-79108.9,4334,75.71,1.187
R1900,elm,-61210.8,-78689.4,3677.9,7.36,0.831
R1901,pine,-60057.8,-78624.7,3455,-243.01,0.86
R1902,elm,-59725.1,-78653.4,3472.3,-93.89,1.051
R1903,elm,-56826.1,-78523.7,3466.5,-66.94,0.872
R1904,poplar,-56638.3,-78672.3,3517.8,-143.18,1.128
R1905,pine,-54899.4,-79124.1,4081.3,4.53,0.937
R1906,pine,-54012.2,-79184.1,4763.5,-216.86,0.869
R1907,elm,-52146.9,-78803.8,4534.1,4.12,1.044
R1908,poplar,-51361,-78709.6,4427.9,-259.88,1.08
R1909,elm,-51037.6,-78415.1,4540.7,-206.7,1.108
R1910,pine,-49792.6,-78539.9,4272.7,-220.95,0.864
R1911,pine,-48861.7,-78589.3,4356,11.83,1.097
R1912,elm,-48750.9,-78571.8,4384.5,-93.75,1.083
R1913,pine,-41079.9,-78828,4053,-173.99,1.21
R1914,elm,-27385.8,-78540.8,4137.7,-206.53,1.218
R1915,elm,-27078.6,-78578,4200.2,-67.69,0.834
R1916,pine,-25710.3,-78470.1,4117.7,-93.91,1.187
R1917,pine,-25123.9,-78480.4,3962.2,-124.01,1.002
R1918,elm,-24586.5,-78598.2,3797.4,76.27,1.17
R1919,elm,-22735.3,-79021.7,3469,-168.88,1.211
R1920,pine,-19737.6,-79081.7,3439.5,-259.92,0.981
R1921,elm,-18304.2,-78890.7,3592.3,-217.56,0.979
R1922,pine,-15595.3,-79024.8,3786.6,-204.88,1.063
R1923,elm,-11935.6,-79155.8,4145.8,76.42,1.125
R1924,pine,-10652.1,-78916.2,4124.2,-84.8,1.037
R1925,pine,-10233.6,-78966.3,4110.8,-45.57,1.105
R1926,poplar,-9004.2,-78634.3,4146.3,-196.05,1.07
R1927,elm,-8310.1,-78510.4,4209.6,-258.35,0.881
R1928,pine,-7486,-78647.5,4050.9,-57.84,1.002
R1929,pine,-6971.7,-79059.1,3937.7,75.71,1.203
R1930,pine,-6295.8,-78829.4,3863.1,-130.86,1.015
R1931,pine,-5235.8,-79086.9,3637.9,-58.82,0.975
R1932,elm,-4705.8,-79144.3,3535.7,-152.9,0.942
R1933,pine,-3758.6,-78523.8,3778.7,-76.45,1.057
R1934,pine,-2565.3,-78870.1,3918.3,-240.82,1.207
R1935,pine,-1794.9,-78905.9,4224.9,50.42,1.075
R1936,elm,-1445.9,-79116.1,4383.5,-217.24,0.863
R1937,poplar,-163.7,-78436.2,4199.3,51.69,0.821
R1938,elm,260.2,-78651.6,4311.3,-128.58,1.049
R1939,poplar,837.1,-78611.4,4451.3,84.85,0.988
R1940,poplar,1680,-78779.3,4592.2,-144.92,1.03
R1941,pine,3081.5,-78668.6,4966,-83.98,0.998
R1942,poplar,3381.3,-79193.3,4887.5,-121.12,1.083
R1943,elm,4612.6,-79107.6,4708.2,-246.16,1.019
R1944,elm,5352.1,-78901.4,4533.9,-246.41,0.932
R1945,pine,7023.5,-78721.9,3903.9,51.1,1.047
R1946,elm,7578.1,-78555.7,3916.9,-52.28,0.861
R1947,elm,8455.4,-78830.3,3986.4,-34.65,1.185
R1948,pine,10633.1,-79181.1,4787.9,20.31,1.097
R1949,elm,11331,-78822.2,4916.2,-216.54,0.885
R1950,pine,12202.4,-78649.9,4510.2,-222.97,1.076
R1951,pine,12867.4,-78968.5,4347.3,21.19,1.02
R1952,pine,13644.3,-78705.9,4247.3,58.16,1.028
R1953,pine,15381.4,-78710.3,4161.2,-269.74,1.12
R1954,elm,16623.8,-78625.2,4117.7,-195.47,0.888
R1955,elm,17385,-78485.5,4042,-190.97,0.908
R1956,pine,17923,-78797.7,3860.1,-8.98,1.146
R1957,elm,18652.6,-78625.9,3808,-9.92,1.021
R1958,elm,19413.9,-78698.3,3953,-211.54,0.824
R1959,pine,20674.2,-78495.4,4195.6,-201.41,1.249
R1960,pine,22173.1,-78623.1,4511,67.47,0.869
R1961,pine,23728.7,-78452.9,4207.8,61.94,1.231
R1962,poplar,26712.4,-79029.7,3501.2,-85.11,1.039
R1963,poplar,29108.6,-79164.9,3413.4,37.4,0.938
R1964,elm,30154.4,-78891.4,3613.3,55.7,1.187
R1965,pine,31981.7,-78441,4079.6,-20.18,1.204
R1966,poplar,32742.8,-79097.6,3892.7,-202.39,1.157
R1967,pine,42471.9,-78733.4,4298.4,-120.44,0.832
R1968,pine,43747.8,-78970.5,4178.4,-149.62,1.248
R1969,pine,44201,-78492.1,4205.4,-265.32,0.88
R1970,elm,45074.7,-79004.3,4369.5,65.56,1.191
R1971,elm,45774.7,-78890.8,4286.7,-22.58,1.084
R1972,elm,46691.1,-78794.9,4274.3,69.31,1.107
R1973,poplar,47527.6,-78647.6,4064.1,71.52,1.214
R1974,elm,48061.6,-79087.8,4101,19.06,1.086
R1975,pine,49124.2,-78869.2,3995.5,88.5,0.831
R1976,pine,49849.4,-79148.3,4017.9,-87.85,1.148
R1977,elm,50538,-78577.6,3730,-29.05,1.16
R1978,pine,51847.1,-78672.5,3631,-233.48,0.835
R1979,elm,52250.1,-78692.8,3668.4,74.38,1.155
R1980,pine,52800.9,-78518.7,3744.5,-127.11,1.016
R1981,pine,56221.1,-79008.7,4304.2,2.48,1.243
R1982,poplar,57154.9,-78848.9,4391,17.03,1.057
R1983,poplar,58065.6,-78658.3,4125,-129.6,1.066
R1984,pine,66105.8,-78582.9,3879.1,-95.64,1.072
R1985,elm,67440,-78907.4,3866.4,4.24,1.056
R1986,elm,68054,-78770.5,3793.1,50.6,1.192
R1987,elm,69972,-78730.2,3858.1,-30.88,0.834
R1988,pine,70852.3,-78965.1,4071.1,64.42,0.833
R1989,pine,71987.6,-79153.5,4174.9,-257.11,1.215
R1990,pine,72696.2,-78702.2,3896.7,25.36,0.831
R1991,pine,73504.6,-78544,3984.8,-259.63,1.045
R1992,pine,74129.6,-79058.1,4434.7,-122.78,0.883
R1993,elm,74509.7,-78809.3,4552.1,-49.74,1.2
R1994,poplar,75404.6,-79174.2,4674,-215.53,0.89
R1995,pine,76699.1,-79173.2,5151.3,-180.87,1.12
R1996,pine,76966.5,-78608.1,5213.8,-229.84,1.046
R1997,pine,78330.7,-79066.5,5128.6,15.92,0.814
R1998,pine,79015.5,-78505.1,5194.7,-255.89,1.101
R1999,pine,79213.7,-78871.4,5094.1,61.09,0.962
R2000,elm,-79271.9,-77902.1,5704.8,-124.68,1.042
R2001,pine,-77927.3,-78038.4,5944.9,-139.1,0.908
R2002,pine,-65276.4,-78247.5,4036.7,-155.17,0.965
R2003,poplar,-64568.4,-77706.4,4468.3,-186.64,1.042
R2004,elm,-63669.4,-77987.1,4309.3,-132.77,0.816
R2005,pine,-62635.7,-78334.2,3830,80.03,1.113
R2006,pine,-62248.7,-77999.7,3753.7,-15.23,0.943
R2007,pine,-61156.3,-78348.5,3648,-149.88,1.122
R2008,poplar,-60799.8,-77635.5,3573.2,74.15,0.944
R2009,pine,-59108.6,-78349.9,3551,-66,1.221
R2010,pine,-56908.8,-78233.3,3468.9,-186.58,0.912
R2011,pine,-56056.5,-78312.8,3591.5,55.11,1.199
R2012,pine,-55796,-77631.1,3576.8,11.96,1.024
R2013,poplar,-55182.4,-78347.1,3791.7,-83.7,0.929
R2014,pine,-53670,-77642.9,4268.9,-209.18,1.009
R2015,poplar,-52155.5,-78019.2,5071.6,-23.66,0.862
R2016,pine,-51199.8,-77899.2,4837,-236.81,1.152
R2017,elm,-49982.2,-78254.2,4485.4,-153.22,1.187
R2018,pine,-49181.6,-78167.5,4467.1,-13.31,0.866
R2019,pine,-48582,-77890.5,4467.3,-108.85,0.827
R2020,pine,-46824.3,-78045.3,3885.5,21.82,1.014
R2021,pine,-30863,-77694.8,3903.6,-128.73,0.973
R2022,pine,-28910.4,-77722.4,4187.6,-259.6,0.97
R2023,elm,-26756.9,-78012.8,4320,-52.96,1.195
R2024,pine,-25664.5,-78234.4,4063.5,-167.95,1.031
R2025,elm,-25458.1,-78273.1,3983.1,-110.63,0.882
R2026,pine,-24498,-77620.7,3798.4,-49.02,1.233
R2027,poplar,-23564.9,-78302.9,3642.7,-260.89,1.231
R2028,pine,-22053.1,-78148.5,3511.2,14.32,1.013
R2029,pine,-21248.2,-77963.4,3591.7,11.93,1.053
R2030,pine,-19866.8,-77678.4,3497,-176.1,0.939
R2031,pine,-15745.9,-77930.2,3621.9,-130.94,1.107
R2032,pine,-10842.7,-77822.8,3988.1,86.61,0.82
R2033,elm,-10090.8,-77677.5,3939.5,71.3,0.919
R2034,elm,-9455.6,-78137.7,3922.8,-128.97,1.241
R2035,pine,-8542.7,-78342.5,4150,67.73,0.863
R2036,elm,-7906.8,-78161.4,4086.4,-15.56,1.04
R2037,pine,-6756.2,-78351.2,3997.7,-178.88,1.192
R2038,elm,-6198.6,-77715.1,4052.3,63.68,1.071
R2039,pine,-5380.2,-78104.1,4065.2,-49.95,0.924
R2040,elm,-4414.4,-78082.3,3862.1,-195.83,1.163
R2041,pine,-3840,-78072.9,3927.9,-30.29,1.012
R2042,elm,-2647.9,-77686.7,4211.7,-49.27,1.142
R2043,pine,-2054.3,-78072.1,4187.6,-128.36,0.982
R2044,pine,-144.3,-78101.1,4166.6,55.13,0.826
R2045,pine,265.8,-78056.1,4266.2,-224.21,0.891
R2046,pine,1304.7,-77692.6,4697.4,-14.11,0.871
R2047,elm,1670.9,-78161.1,4656.8,-92.07,1.068
R2048,elm,2931.6,-77718.6,4739.7,-240.65,1.141
R2049,elm,4047.1,-78045.7,4616.9,-77.33,1.135
R2050,elm,10179.3,-77876,4215.3,-26.2,0.825
R2051,pine,11029.9,-77685.6,4547.7,-261.9,1.154
R2052,pine,11638.4,-78237.4,4914.5,-189,1.048
R2053,elm,12253.3,-78117.8,4639.1,-257.93,0.891
R2054,pine,13469.8,-78140.3,4291.7,-139.84,1.123
R2055,pine,13736.7,-77918.3,4252.2,-102.56,1.225
R2056,pine,14879.3,-78179.3,4043.1,-105.53,1.117
R2057,pine,15778.7,-77834.5,4046.8,-91.83,1.048
R2058,elm,16478.8,-78285.7,4213.1,-208.77,1.119
R2059,pine,17204.6,-78269.2,4202.2,50.53,1.201
R2060,pine,17905.9,-77848.4,4091.7,46.66,0.991
R2061,elm,18927.9,-77961.4,4023.5,-228.18,0.8
R2062,pine,19815.9,-78079.2,4152.8,-148.23,0.965
R2063,poplar,21239.9,-78324,4483.8,-11.92,0.979
R2064,elm,22273.6,-78324.5,4534.7,-190.74,1.154
R2065,elm,22525.4,-78249.1,4463.1,-121.47,0.859
R2066,elm,25331.9,-77904.7,4137.4,7.53,1.086
R2067,pine,27143.5,-78036.9,3741.3,-171.01,1.066
R2068,poplar,27974.9,-77884,3763.6,-27.23,0.815
R2069,elm,29850.5,-77902.7,3904,-20.16,1.096
R2070,pine,30710.1,-78236.1,3928.8,-125.44,1.051
R2071,pine,31468.8,-77809.9,4139,-172.45,1.199
R2072,pine,32669.6,-77803.1,4480.4,66.82,0.805
R2073,poplar,33934.9,-77903.8,4657.2,-67.8,1.153
R2074,pine,35174.1,-77902.7,4078.3,28.25,1.117
R2075,elm,42566.4,-78020.1,4308.4,-222.88,1.032
R2076,pine,43613.5,-78174.1,4089,-148.84,0.947
R2077,pine,44719.5,-78397.3,4246.8,51.42,1.169
R2078,elm,45458.6,-78091.2,4169.2,62.39,0.899
R2079,poplar,45998.5,-78271,4291.8,80.21,0.911
R2080,pine,46731.1,-77856.2,4008.7,-72.38,1.072
R2081,elm,47625.7,-78322.6,3882,-81.41,0.804
R2082,elm,48551.1,-78080.7,3722.9,-163.36,0.864
R2083,poplar,48989.1,-78141.5,3884.7,29.73,0.999
R2084,poplar,50403,-77782.1,3468,-268.39,1.236
R2085,pine,52423.4,-77643.2,3527.7,-60.21,0.901
R2086,poplar,53344.9,-78204.4,3603.6,-153.28,0.834
R2087,poplar,54313.6,-77900.3,3622.1,-153.98,0.944
R2088,elm,54533.2,-78307.2,3723.2,6.5,1.061
R2089,elm,55314.9,-78354.8,3925.7,-25.34,1.067
R2090,elm,66305.1,-77854.3,3636.6,-23.25,0.889
R2091,pine,66703.7,-77907.6,3843.9,-96.19,1.042
R2092,elm,67921.2,-78312,3680.1,-132.86,1.216
R2093,elm,70766,-78255.6,3805.4,-3.55,0.931
R2094,pine,71914,-77825.5,3899.7,13.85,1.074
R2095,pine,72395,-78081.6,3774.2,-84.59,0.883
R2096,pine,75676.4,-77975,4657.6,-201.66,1.105
R2097,pine,76750,-78371.2,5035.2,-199.02,1.238
R2098,poplar,77466.5,-77947.8,5589.7,-1.43,1.237
R2099,elm,78645.8,-78053.8,5520.3,-157.74,0.927
R2100,elm,79475,-78338.2,5159.6,-73.17,1.166
R2101,elm,-78453.6,-76995.6,5316.6,-236.94,0.998
R2102,pine,-77629.5,-77523.4,5787.5,-225.14,1.163
R2103,poplar,-76822.1,-76839.8,5278,17.73,0.821
R2104,pine,-76077.7,-77561.2,5018.9,-80.01,0.96
R2105,pine,-65502.9,-77311.9,3841.5,-72.91,1.059
R2106,poplar,-63621.6,-76937.8,4330.4,51.15,1.21
R2107,elm,-61131.4,-76872,3573.9,22.66,1.096
R2108,poplar,-60740.6,-77170.2,3560.9,-127.44,1.038
R2109,elm,-59085,-76836.7,3279,-106.16,0.976
R2110,elm,-57298.8,-77018,3382.5,-121.88,0.903
R2111,elm,-53986.7,-77570.7,4144.3,-128.37,0.92
R2112,pine,-52876.2,-77092.3,4502,71.97,1.189
R2113,pine,-51429,-77208.7,5224,39.9,0.988
R2114,pine,-50706,-77596.9,4785,52.74,0.882
R2115,pine,-49509.1,-77119.6,4695.4,-125.06,0.839
R2116,pine,-48324.2,-77109.3,4526.7,74.03,0.8
R2117,poplar,-47726.1,-77087.9,4361.2,55.29,0.96
R2118,elm,-26868.7,-76888,4063.6,-98.91,1.052
R2119,poplar,-26104.4,-77531.5,4164.2,-36.71,1.184
R2120,poplar,-25314.8,-77084.8,3803.2,-250.58,0.926
R2121,poplar,-23140.2,-77224.2,3736.3,26.9,0.952
R2122,elm,-19743.5,-76956.7,3566.1,49.41,0.818
R2123,elm,-19017.9,-77001.4,3464,-35.06,0.889
R2124,pine,-12271.7,-77520.7,3940.2,-250.72,0.952
R2125,pine,-11504.6,-76945,4014.8,-250.77,1.106
R2126,elm,-9976.4,-77010.5,3946.4,-21.47,1.181
R2127,pine,-9251.4,-77110,3919.5,-75.76,0.84
R2128,elm,-8680.6,-77421.1,3999.4,-179.87,0.996
R2129,elm,-7198.3,-76801.5,4016.2,-98.23,0.801
R2130,elm,-5921.4,-77381,4028.7,-115.76,0.954
R2131,elm,-4964.1,-77071.3,4091.7,-269.23,0.939
R2132,pine,-4537.2,-76918.8,4038.9,-247.09,0.833
R2133,poplar,-3805.4,-77251.3,4118.3,-209.14,1.163
R2134,elm,-2729.1,-76913.8,4052.5,-148.67,0.936
R2135,pine,-331.3,-77410.3,4217.9,-205.1,0.832
R2136,pine,943.4,-77334.6,4607.5,73.88,1.133
R2137,elm,2926.6,-77051.4,4548.8,33.7,0.911
R2138,pine,10243.4,-77208.2,4070.9,-171.2,1.138
R2139,elm,10724.5,-77391.7,4362.7,-80.48,1.091
R2140,elm,11942.4,-76875.7,4670,-81.03,1.064
R2141,pine,12716.3,-77464.6,4550.6,-259.28,0.923
R2142,poplar,13202.2,-77519.2,4324.4,-139.99,1.161
R2143,elm,13995.3,-77053.7,4177.1,-104.63,1.043
R2144,pine,14655.3,-76992.2,3984.9,-43.21,0.838
R2145,pine,15827.6,-77420.2,4070.3,52.71,1.151
R2146,pine,16782.9,-77542.7,4267.9,-81.6,1.041
R2147,pine,17308.7,-77541.1,4448,-148.79,0.835
R2148,pine,17977.2,-77496.9,4220,-9.31,0.965
R2149,pine,19175.1,-77408.2,4304,-158.77,1.118
R2150,poplar,19878.7,-77407.5,4424.8,61.78,0.857
R2151,poplar,20668,-77313.9,4632.6,-155.24,1.002
R2152,pine,20805.3,-77171.5,4772.7,-111.03,1.139
R2153,elm,22220.1,-77112,4816.3,-140.46,1.004
R2154,elm,22417.2,-76972.7,4732.3,41.54,0.817
R2155,elm,23574.8,-77045.3,4429.3,36.13,1.008
R2156,poplar,24855.2,-76810.6,4395.2,19.93,1.127
R2157,pine,25835.6,-77553.2,4179.7,41.51,1.204
R2158,poplar,27006.7,-77436.7,4031.3,-176.13,0.996
R2159,pine,29391.9,-77517,3915.3,-263.34,1.184
R2160,elm,30253.2,-76839.7,4220.8,76.08,1.102
R2161,pine,30856.7,-77176,4177.1,62.02,1.218
R2162,pine,31219.2,-76950.3,4276.7,-241.45,1.161
R2163,poplar,32569,-77458.9,4471.8,-231.28,0.839
R2164,poplar,33820.4,-77082.6,4678.3,-269.31,0.96
R2165,elm,34982.2,-76903.6,4141.5,41.46,0.995
R2166,pine,35310.9,-77513.4,4111.7,-175.6,1.015
R2167,elm,40079.6,-76822.7,4588.5,-76.11,0.91
R2168,pine,40991.3,-76992.4,4441.8,-242.81,0.817
R2169,elm,42289,-76920.5,4342.7,-2.95,1.219
R2170,elm,42461.8,-77579.8,4324.7,-120.2,0.925
R2171,pine,44477.7,-77350,4013.7,-195.18,0.971
R2172,pine,45014.8,-77341.2,4098,-138.26,1.204
R2173,pine,46012,-77364.6,4260.1,-260.83,0.894
R2174,elm,46645.9,-76974.6,3822.9,-176.65,1.109
R2175,poplar,50121,-77428.1,3296.9,-192.28,0.926
R2176,pine,50814,-77324.8,3318.9,65.47,0.893
R2177,pine,52954.7,-77243.9,3470.7,-230.9,1.211
R2178,pine,54377.7,-77119.1,3668.7,-232.52,1.236
R2179,elm,54459.9,-77241.1,3692.1,-86.11,1.094
R2180,pine,56675.9,-77277.7,4122.3,41.98,0.813
R2181,pine,66487.8,-76804.8,3634.5,-256.73,1.185
R2182,pine,67343.2,-77051.6,3706.3,-116.6,0.997
R2183,elm,70272.3,-76842.9,3308.7,45.03,0.993
R2184,elm,71355,-77025.6,3999.4,-67.52,1.228
R2185,elm,72427.3,-77467.6,3845.3,-37.1,0.87
R2186,elm,73053.6,-77057.5,3833.6,-94.92,0.82
R2187,pine,73745.4,-77194.9,3966.9,2.84,1.215
R2188,pine,76316.2,-77471.5,5011.5,-205.72,0.824
R2189,poplar,76875.5,-77030,5244.2,-43.77,1.011
R2190,pine,78848.2,-76806.8,6111.4,-218.07,0.984
R2191,poplar,-78655.3,-76406.5,4921.9,-205.61,1.157
R2192,poplar,-78024.6,-76374.4,4772.2,-256.51,0.936
R2193,pine,-77327.4,-76484,4909.1,-251.25,0.926
R2194,poplar,-76183.8,-76593.6,5020.7,-266.23,1.057
R2195,pine,-75763.8,-76615.3,4697.8,-145.97,1.089
R2196,elm,-66377.1,-76031.6,3353,-12.2,1.164
R2197,pine,-64480.8,-76410.4,4258.9,-60.4,0.942
R2198,elm,-63866.8,-76361.8,4465.7,-254.98,0.983
R2199,pine,-63047.9,-76484.7,4065.6,-37.22,1.134
R2200,pine,-62228.8,-76772.6,3694.2,-264.37,1.111
R2201,elm,-60857.7,-76435,3571.7,22.5,0.807
R2202,pine,-59817.3,-76723.1,3337.8,-184.14,0.848
R2203,pine,-57386.3,-76085.7,3538.7,-197.71,1.141
R2204,poplar,-54932.7,-76453.6,3737.9,-215.77,1.054
R2205,poplar,-54360.6,-76775.9,3890.2,62.71,0.842
R2206,elm,-53512,-76126.1,4130.1,-0.25,1.111
R2207,pine,-52341.5,-76560.7,4750,-213.02,0.884
R2208,pine,-51273.9,-76786.5,5174.5,-206.59,1.136
R2209,pine,-50879.2,-76585.1,5193.5,-194.6,0.855
R2210,elm,-48609.3,-76318.5,4398.1,-167.96,0.946
R2211,pine,-47589.6,-76798.7,4392.4,-35.67,1.241
R2212,pine,-46589.9,-76048,3951,-41.89,0.859
R2213,pine,-46392,-76328.1,3968.1,-257.2,0.892
R2214,pine,-45210,-76281.1,3770.7,8.34,0.954
R2215,pine,-43477.4,-76379.5,3632,-267.01,1.125
R2216,pine,-28865.5,-76312.9,4221,-122.57,0.832
R2217,pine,-26905.1,-76645.2,3908.5,6.48,0.942
R2218,pine,-25715.6,-76604.6,3791,-37.06,1.132
R2219,poplar,-25165,-76478.5,3576.9,-131.08,0.83
R2220,pine,-24196.9,-76709.2,3453.1,-132.88,0.953
R2221,poplar,-23437.9,-76745.5,3511.5,-121.23,1.213
R2222,pine,-20501.1,-76641.3,3604.7,-252.73,1.037
R2223,pine,-12895,-76187.6,3982.1,-168.6,1.139
R2224,pine,-11614.9,-76036.2,4095.9,-179.92,1.142
R2225,pine,-10550.4,-76058.3,4023.4,-11.85,1.124
R2226,pine,-10088.4,-76197.8,3963.5,52.99,0.85
R2227,poplar,-9572.4,-76123,3966.9,-230.08,1.091
R2228,pine,-6752.1,-76667.1,4041.9,-264.12,0.821
R2229,elm,-5670.4,-76467.2,4011.1,-68.16,1.053
R2230,elm,-5237.6,-76280.9,3976.1,-100.65,1.218
R2231,elm,-716.5,-76731.3,4267.4,64.21,1.232
R2232,elm,306.1,-76022.8,4792.4,-167.25,0.847
R2233,pine,1183.2,-76588.3,4952.9,8.38,1.049
R2234,pine,1896.4,-76627.4,4918.5,-27.18,0.974
R2235,elm,2774.8,-76764.1,4572.6,26.47,1.034
R2236,pine,4034,-76684.5,4182.8,-28.14,0.838
R2237,pine,5278.6,-76383.6,3864.6,23.97,1.248
R2238,elm,10524.8,-76141.5,3918.3,-84.66,1.02
R2239,pine,11623.3,-76083.1,4343,-52.07,1.008
R2240,elm,12708.1,-76279.5,4499.6,-127.08,0.845
R2241,pine,12884.9,-76631.7,4560.4,62.75,1.134
R2242,elm,14112.8,-76614.1,4149,30.6,0.902
R2243,elm,14815,-76218.7,4071.3,-215.71,0.883
R2244,pine,15606.5,-76348.6,3928.1,40.26,0.853
R2245,elm,17907.5,-76595.2,4414,-55.42,0.854
R2246,elm,18505,-76152,4304.3,-193.85,0.905
R2247,pine,19313,-76555.7,4467.4,-95.65,1.055
R2248,pine,20383.7,-76519.3,4542.1,23.28,0.861
R2249,pine,21216.4,-76022.3,4774.7,-55.86,0.838
R2250,pine,21667.9,-76456.3,4982.9,-174.73,1.164
R2251,pine,22417.8,-76148.2,4859.5,51.23,0.913
R2252,pine,23945.2,-76624.5,4500.5,-248.86,1.035
R2253,pine,25510.2,-76230.8,4402.1,-254.01,1.063
R2254,elm,26106.9,-76255.7,4212.2,57.51,1.076
R2255,poplar,26455.1,-76483,4177.6,-210.2,0.901
R2256,pine,28618.7,-76455.2,4179.9,83.63,0.818
R2257,pine,29428.1,-76534.7,4237.1,-22.37,1.014
R2258,pine,29847.5,-76730.8,4252.2,52.06,0.908
R2259,pine,31644.8,-76485.4,4649.5,-25.4,0.995
R2260,pine,32329.2,-76087.8,4683.5,-163.77,1.122
R2261,elm,33363.7,-76584.7,4840.8,56.86,1.233
R2262,poplar,34123.4,-76224.6,4303.5,57.98,1.221
R2263,pine,35700.3,-76667.5,3881.3,7.17,0.944
R2264,pine,36737.2,-76780.9,3740.6,-265.9,1.036
R2265,pine,38020.5,-76671.3,3785.2,-128.59,0.913
R2266,pine,39514.2,-76535.4,4400,-64.75,1.221
R2267,pine,40774.3,-76405.1,4358.7,1.13,0.882
R2268,elm,41212.3,-76240.9,4253.2,-207.94,0.807
R2269,elm,42315.8,-76725.3,4345,62.13,0.886
R2270,poplar,42648.6,-76276.1,4287.8,31.08,0.858
R2271,pine,43717.4,-76717.6,4167.4,3.67,0.925
R2272,elm,44977.7,-76281.1,4018.7,-111.49,0.889
R2273,pine,46795.4,-76401.5,3697,-94.73,0.996
R2274,elm,47375.1,-76401.3,3534.7,53.63,1.104
R2275,pine,56579.3,-76452.7,4060.5,-27.69,1.068
R2276,pine,57454.4,-76374.6,3965.1,27.92,0.95
R2277,pine,57615.1,-76542.8,3957.4,-178.77,1.093
R2278,pine,59336.7,-76773.9,3517.3,-71.72,1.239
R2279,pine,66331.2,-76150.4,3532.6,17.12,1.132
R2280,pine,66796.6,-76761.9,3694.1,-216.92,1.019
R2281,pine,67921.2,-76718,3568.6,-89.38,0.984
R2282,elm,72057.9,-76100.6,3735,-28.23,1.157
R2283,pine,72969.5,-76101.6,3691.9,53.44,1.033
R2284,pine,74266.1,-76794.1,3812,-96.63,1.05
R2285,elm,74556.7,-76571.8,3779.7,-191.94,0.838
R2286,pine,75486.7,-76512.6,4324.1,-193.18,1.058
R2287,pine,76123.3,-76356.3,4534.3,-50.95,1.244
R2288,pine,77359.6,-76382.3,5450.8,-231.3,0.88
R2289,pine,78052.3,-76476.6,5792.9,-235.62,1.105
R2290,elm,78589.4,-76428.3,6039,-236.43,1.066
R2291,elm,-79595.8,-75576.8,4688.6,-0.31,0.824
R2292,poplar,-78497.3,-75334.6,4333.6,-3.2,1.223
R2293,pine,-78049.1,-75930.9,4516.8,-156.2,1.091
R2294,elm,-76839.1,-75608.5,4467.8,-181.47,0.834
R2295,elm,-76476.7,-75366.4,4283.6,-94.23,0.829
R2296,pine,-75975.9,-75215.1,4216.1,65.21,0.933
R2297,elm,-74641.8,-75744.3,4478.6,-168.78,1.043
R2298,elm,-64802.6,-75429.7,3948.8,-256.69,1.02
R2299,pine,-64394.9,-75989.6,4210,33.07,0.802
R2300,elm,-63530.9,-75734.4,4106,-227.3,1.119
R2301,pine,-61680.5,-75663.2,3549.1,0.58,0.846
R2302,elm,-60763.8,-75208.1,3423.1,-48.9,0.922
R2303,pine,-58814.8,-75554.5,3271.9,-210.1,0.889
R2304,pine,-58167.3,-75905.6,3404.9,-211.36,1.123
R2305,pine,-56555.3,-75314.8,3794.8,-196.46,1.096
R2306,elm,-55866.5,-75942.9,3684.9,-244.41,0.937
R2307,elm,-55165.3,-75508.5,3795.5,-135.6,0.83
R2308,pine,-53847.3,-75564.1,3984,-64.97,1.171
R2309,pine,-52945.4,-75366.6,4350.1,-194.77,1.216
R2310,pine,-50965.8,-75834.5,4925.8,-232.18,0.833
R2311,pine,-47502.6,-75466.2,4124.5,-192.16,1.071
R2312,pine,-45400.6,-75561.5,3666.4,-217.41,0.86
R2313,elm,-43794.7,-75788.7,3500.4,-216.66,1.088
R2314,pine,-37982.9,-75359.3,3591.6,-261.46,0.849
R2315,elm,-30690.8,-75617.6,3860.9,18.49,1.043
R2316,elm,-28837,-75252.7,3602.2,-108.24,0.98
R2317,elm,-27920,-75839,3829.3,-130.84,0.851
R2318,pine,-25346.6,-75832.5,3400.5,17.21,1.213
R2319,pine,-20901.9,-75230.4,3315.1,17.81,1.015
R2320,elm,-19801.6,-75570.6,3446.8,-214.93,1.227
R2321,pine,-18614.6,-75252.1,3458.3,-142.22,0.931
R2322,poplar,-14564.5,-75737.8,4043,-100.22,1.235
R2323,elm,-12813.7,-75496.6,4078.4,-91.26,1.188
R2324,pine,-12576.6,-75694.5,4094.1,-72.61,1.14
R2325,pine,-11513.1,-75238.4,4117.4,-48.73,1.204
R2326,pine,-11112.8,-75502.6,4096.3,-143.62,1.159
R2327,pine,-9895,-75727.7,3978.8,-77.71,1.186
R2328,elm,-9315,-75505.2,4011.3,-230.28,1.127
R2329,elm,-6736.7,-75271.4,3890.9,1.63,1.04
R2330,elm,-6225.8,-75938.9,3816.1,-170.41,1.138
R2331,elm,-5452.6,-75357.2,3845.1,-155.96,0.896
R2332,elm,-4474.3,-75654.4,3899,-96.17,1.248
R2333,elm,-3728.1,-75854.3,3912,-72.64,1.053
R2334,elm,-2025.2,-75796,4143.4,-62.51,1.072
R2335,pine,1108.2,-75457.9,4867.3,-52.64,1.165
R2336,pine,2228.4,-75769.9,4604.9,3.02,0.932
R2337,pine,3070.8,-75364.9,4258.1,-53.78,1.054
R2338,elm,3512,-75699.1,4167.2,-169.01,0.872
R2339,elm,11963.3,-75976.7,4321.7,59.2,1.137
R2340,pine,13482.7,-75878,4219.8,45.56,0.931
R2341,pine,14076.6,-75580,4133.9,-50.61,1.226
R2342,pine,14422.7,-75497,4105.5,-137.79,0.914
R2343,pine,15934.1,-75614.4,4034.2,-26.7,1.022
R2344,pine,16273.6,-75683.9,4082.8,-179.08,1.057
R2345,pine,16803.4,-75855.6,4042.4,-146.7,1.042
R2346,elm,18264.6,-75430.8,4192.7,-81.46,1.176
R2347,poplar,19069.9,-75494.8,4344.5,40.24,0.919
R2348,pine,19502.5,-75598.9,4321.6,-168.49,0.932
R2349,elm,20019.1,-75224.5,4372.2,-49.96,1.222
R2350,elm,21081,-75643.4,4680.3,-24.39,1.232
R2351,poplar,21752.1,-75375.6,4730.8,-246.81,1.159
R2352,pine,22879.3,-75300.7,4810.2,45.72,1.207
R2353,elm,23454.1,-75737.8,4550.3,-53.8,1.132
R2354,pine,24917.1,-75682.7,4540.5,42.86,1.136
R2355,pine,26092.9,-75226.8,4283.4,-48.78,0.911
R2356,elm,26571.9,-75389.6,4241.3,-43.86,1.032
R2357,pine,28447.9,-75330.5,4436.6,87.11,1.198
R2358,poplar,29012.6,-75220.7,4478.3,-135.21,1.037
R2359,poplar,31016.4,-75634.3,4547.5,-34.28,0.899
R2360,pine,33250,-75332.9,4595.6,-109.74,1.135
R2361,pine,33897.2,-75702.6,4283,-25.34,0.988
R2362,elm,34947.5,-75947,4069.9,29.03,0.929
R2363,elm,35862.3,-75682.3,3788.9,-212.01,1.107
R2364,pine,36489.1,-75384.5,3678.3,-88.85,0.94
R2365,pine,37579.3,-75636.9,3661.2,-251.04,0.917
R2366,pine,39124.9,-75658.6,3938.2,16.52,1.18
R2367,pine,40141.7,-75274.3,3905.7,-38.54,0.953
R2368,pine,43803.5,-75464.7,3919.6,-84.65,1.246
R2369,elm,44365.9,-75561,4060.6,-36.97,0.938
R2370,pine,45028.8,-75246,3862.8,-134.44,0.872
R2371,pine,47411.9,-75771.1,3409.5,-120.59,0.986
R2372,pine,53317.3,-75900.5,3320.7,-84.51,1.109
R2373,pine,54488,-75908.6,3566,-262.4,1.05
R2374,poplar,55767.3,-75409.4,3896.3,-250.44,0.949
R2375,elm,56346.8,-75569.9,3991.9,-27.31,1.048
R2376,poplar,57290.3,-75864.3,3956.6,-187.33,1.132
R2377,pine,57857.9,-75971.7,3874.7,-233.18,1.196
R2378,poplar,67715.9,-75456.7,3535,-183.02,0.866
R2379,poplar,71170.5,-75952.1,3327.7,-199.5,1.176
R2380,pine,71879.5,-75623.2,3640.6,-224.88,1.157
R2381,pine,75036.2,-75593.3,3987.6,-46,0.86
R2382,pine,75897.1,-75717,4290.3,-58.98,0.897
R2383,pine,76169.9,-75975.1,4368.7,-151.82,1.181
R2384,elm,77566.7,-75479.2,5248.3,-263.76,0.891
R2385,pine,77924.8,-75310.8,5559.2,-85.73,0.981
R2386,elm,-78956.8,-74511.1,4304.2,-29.68,1.046
R2387,poplar,-77703.2,-74545.2,4077.6,80.02,0.934
R2388,elm,-77081.7,-74933.3,4088.9,-157.44,0.99
R2389,pine,-76515.2,-74721.5,3980.2,-179.86,0.93
R2390,pine,-75703.7,-74537.4,4110.3,88.3,0.902
R2391,pine,-74864.5,-74454,4612.8,83,1.176
R2392,pine,-68749.1,-74931.2,4088.4,-100.39,1.057
R2393,elm,-67539.7,-74627.4,3675,15.58,0.988
R2394,pine,-65567.6,-75170.2,3451,-41.59,1.216
R2395,pine,-64184.2,-74506.8,3798.7,-195.58,1.046
R2396,pine,-62785.3,-74905.7,3729.9,-234.33,0.929
R2397,pine,-62162.3,-75072.2,3597.8,-35.93,1.074
R2398,elm,-59463.1,-74741,3434.2,-127.37,1.063
R2399,pine,-56659,-75176.9,3832.9,74.38,1.111
R2400,pine,-55819.8,-74596.2,3858.6,32.37,0.917
R2401,pine,-54444.4,-74871.5,3992,-66.06,1.213
R2402,poplar,-53609.4,-75188.5,4084.1,-199.39,0.802
R2403,poplar,-53370.2,-75127.5,4170.8,-74.33,1.213
R2404,poplar,-52680.1,-75129.3,4423.4,-261.75,0.87
R2405,pine,-51398.2,-74945,4775.1,-175.41,1.146
R2406,pine,-47826.4,-75103.6,4261.8,-225.29,0.909
R2407,elm,-46286.8,-74743.5,3797.7,-160.27,1.032
R2408,pine,-45578.4,-74755.5,3667.8,-268.45,0.964
R2409,pine,-30379,-75187.6,3771.2,-238.64,1.151
R2410,pine,-25699.7,-74945.2,3258.3,-105.64,0.901
R2411,pine,-22341.5,-75090.7,3185.1,-230.97,0.87
R2412,pine,-19240.2,-74654.3,3500.3,-219.54,0.88
R2413,elm,-13640.2,-75101.6,4048.3,-48.77,1.057
R2414,pine,-12569.7,-74511.9,4055.7,-20.98,1.184
R2415,pine,-11360.5,-74449.4,3941.2,32.26,1.046
R2416,pine,-9296.8,-74779.5,4224.4,-122.66,0.846
R2417,pine,-8517.5,-74975,3959.6,-41.93,0.901
R2418,poplar,-4654.5,-74644.8,4015.2,-29.58,1.081
R2419,pine,-1092.8,-75108.9,4442.4,-177.56,0.97
R2420,elm,23.7,-74643.5,4737.6,58.18,0.997
R2421,poplar,2524.6,-74810.6,4315.3,-240.73,1.065
R2422,elm,11765,-74536.1,3681.5,15.37,0.971
R2423,poplar,12213.5,-75162.7,3941.5,52.26,1.175
R2424,poplar,12860.3,-75163.1,4051.1,26.86,1.035
R2425,pine,14033.4,-74786,4088.7,48.02,1.078
R2426,pine,14986.4,-74407.9,4290.6,-145.7,0.984
R2427,pine,15518.1,-74626.9,4266.3,-145.34,1.041
R2428,pine,16757.5,-74420.8,4296.4,78.73,1.096
R2429,pine,17297,-75088.9,4098.6,-122.27,0.953
R2430,poplar,18345.3,-74513,4128.2,-242.67,0.809
R2431,poplar,19863.5,-75012.8,4397.1,-212.81,1.125
R2432,elm,20285,-74509.8,4538.6,-37.68,1.236
R2433,pine,21074.5,-74759.7,4569.1,-36.13,1.017
R2434,pine,21871.4,-75073.5,4644,-47.19,1.219
R2435,pine,22543.5,-74738.3,4702.6,-125.33,1.107
R2436,pine,23805.9,-74787.9,4672.5,-180.8,0.884
R2437,pine,25300.1,-74863.1,4369.4,-107.36,0.886
R2438,pine,25683.5,-75128.1,4339.9,-162.53,0.803
R2439,poplar,28150.1,-74910,4365.6,56.34,1.094
R2440,poplar,29196.8,-74718.2,4546.4,-160.67,0.845
R2441,elm,29931.9,-74863.9,4605.8,-80.4,0.927
R2442,elm,31162.8,-75102.3,4483.8,-184.52,1.184
R2443,elm,31460.5,-75051.5,4546.7,-55.04,1.068
R2444,poplar,32004.7,-74958.2,4613.8,-60.1,1.066
R2445,elm,33095.7,-74462.8,4456.9,-177.65,0.927
R2446,poplar,34049.1,-74589.4,4107.3,45.43,0.857
R2447,pine,34717.5,-75040.6,3984.4,-201.68,0.916
R2448,pine,36662.2,-74982.1,3638.1,-258.93,1.107
R2449,elm,36929.5,-74597.7,3701.6,-189.47,1.122
R2450,pine,38086.7,-75176.7,3850.8,-136.33,1.102
R2451,elm,39849.2,-74573.8,3592,-41.42,0.938
R2452,pine,40806.1,-74533,3750.6,12.16,0.851
R2453,pine,42875,-75105.7,3799.2,-140.63,1.032
R2454,pine,43486.6,-74439.5,3577.9,-17.35,1.249
R2455,pine,44291.8,-74729.1,3723.8,77.61,1.034
R2456,elm,44829,-74470.3,3636.1,-38.31,1.127
R2457,pine,47309.5,-75064.2,3192.7,89.04,1.117
R2458,poplar,50161.8,-74414.8,2861.9,82.59,0.828
R2459,pine,52282.8,-74585.8,3249.1,-264.88,1.034
R2460,elm,55106.7,-74977.3,3663.4,-182.91,1.075
R2461,elm,55662.1,-74839.9,3638.1,-54.41,1.101
R2462,elm,56655.3,-75000.4,3915.8,-109.64,0.884
R2463,poplar,57465.4,-74817.7,3801.7,-4.18,1.173
R2464,poplar,59164,-75123.3,3429.1,-240.41,0.908
R2465,elm,68790.8,-74875.6,3179.1,-187.95,1.134
R2466,elm,69032,-75124.8,3215.3,34.94,0.993
R2467,elm,73690.4,-74885.9,3386.2,-218.27,1.044
R2468,elm,74910.3,-74549,4024.6,-269.13,0.908
R2469,elm,75926.7,-75109.9,4270,-65.89,1.121
R2470,pine,76135.5,-75009.1,4249.2,-135.64,1.039
R2471,pine,77498.2,-74916.9,5086.5,-0.92,1.042
R2472,pine,77624.6,-75064.5,5204.4,-155.34,0.891
R2473,pine,-78803.4,-73745.1,4240.8,-198.07,0.953
R2474,poplar,-78061.1,-74216.8,3938.9,17.09,1.112
R2475,poplar,-77563,-73921.1,3758.9,-72.8,1.226
R2476,poplar,-76594.4,-73957.9,3681.7,-95.44,0.98
R2477,pine,-75465.7,-73976.2,4052.7,-229.04,0.804
R2478,poplar,-73715.1,-73844.8,4923.3,-79.89,1.144
R2479,poplar,-68934,-73910.4,3906.6,-175.94,1.015
R2480,pine,-68093.6,-73602.9,4052.1,-88.53,0.926
R2481,pine,-66785.1,-74028.2,3291.7,-217.99,1.039
R2482,elm,-66389.9,-74140.6,3336,-245.2,0.963
R2483,pine,-64041.9,-73928.1,3683.4,-60.42,0.923
R2484,pine,-61991,-74064.9,3494.7,-41.56,1.126
R2485,elm,-61429.3,-73724.9,3356.8,-105.7,0.964
R2486,pine,-60105.1,-74270,3377.4,-80.92,0.874
R2487,poplar,-58693.2,-74293.3,3631.2,-157.34,1.091
R2488,poplar,-58145.5,-74125.5,3678.9,-235.14,1.007
R2489,pine,-56583.4,-74004.7,3801.3,14.03,0.967
R2490,elm,-55786.3,-74134.1,3883.3,-187.33,0.997
R2491,pine,-54434.9,-73847.8,4172.4,-39.37,1.204
R2492,elm,-53775.6,-74333.9,4221.3,-229.17,0.813
R2493,elm,-53580.4,-74085.9,4329.6,-79.64,0.849
R2494,pine,-52769.8,-73741.2,4384.1,-256.38,1.228
R2495,elm,-51442.5,-73721.8,4616.9,-60.92,1.128
R2496,pine,-50108.1,-74305.2,4956.6,89.2,1.058
R2497,pine,-45379.4,-73859.4,3546.7,64.55,0.963
R2498,poplar,-36510.7,-73613.2,3268.3,-82.43,1.092
R2499,pine,-33510.8,-73956.7,3148.5,-143.09,0.916
R2500,elm,-28257.3,-74319.5,3273,-18.19,1.042
R2501,pine,-27957.3,-73864.2,3146.1,-190.02,0.853
R2502,pine,-21504.3,-74043.1,3060.8,18.94,0.842
R2503,pine,-18542.4,-73651.8,3813.2,-130.92,0.806
R2504,elm,-18131.8,-73739.1,3851.8,-88.42,1.249
R2505,elm,-16697.5,-73866,4162.8,-173.3,0.868
R2506,pine,-14363.3,-74128.4,4202.3,-151.69,0.931
R2507,pine,-12448.3,-74361.1,3947.3,7.72,0.901
R2508,pine,-11112.4,-74146.7,3892.7,-202.4,1.005
R2509,pine,-9985.2,-74054.2,4336.3,-144.3,0.906
R2510,elm,-8977.4,-73627.2,4447.6,-178.97,0.891
R2511,poplar,-8544,-74201.6,4291.3,-5.64,1.243
R2512,pine,-7262,-73655.7,4132.9,-143.94,1.098
R2513,pine,-6480.3,-73655.6,4159.3,20.97,0.822
R2514,elm,-5734.2,-74173.6,3952.9,-152.29,0.925
R2515,elm,-4715.9,-74071.6,3999.6,12.4,0.967
R2516,pine,-3781.9,-74037.4,3982,-168.67,1.229
R2517,elm,-863.8,-73803,4593.5,30.48,1.11
R2518,elm,14756.2,-74047.7,4192.2,-19.72,1.049
R2519,elm,15857.5,-74030.6,4383.8,-202.83,0.839
R2520,pine,16019,-74061.9,4370.8,-242.47,1.164
R2521,pine,17534.2,-74040.3,4328,-202.33,1.146
R2522,pine,19639.1,-74050.8,4368.1,-172.07,1.078
R2523,elm,20421.4,-74067.9,4540.5,-236.7,1.01
R2524,pine,21267.6,-73625.3,4540.4,38.9,0.984
R2525,elm,22012.7,-73714.7,4507.3,-240.4,0.997
R2526,pine,23096.4,-74087.5,4540.7,-38.08,0.968
R2527,poplar,23812,-74265.2,4540.6,-108.55,0.942
R2528,pine,24707.5,-73939.7,4454.8,-269.54,1.121
R2529,elm,25354.2,-74181.1,4407.2,-89.29,1.22
R2530,pine,26289.6,-73956.7,4401.9,-188.93,1.009
R2531,pine,26436.5,-74144.3,4397.9,-69.33,1.201
R2532,elm,27348.9,-74075,4445.5,48.99,1.02
R2533,pine,28126.9,-74285.3,4566,-232.29,1.231
R2534,poplar,29445,-73761.1,4701.1,46.47,0.913
R2535,pine,30919.8,-74129.9,4509.5,-196.69,1.065
R2536,pine,31977.7,-74134.7,4357.7,63.49,1.024
R2537,elm,32366.4,-73664,4275.2,71.4,0.923
R2538,poplar,33441.6,-73798.2,4272,-51.87,1.207
R2539,elm,34390.7,-73605.3,3907.8,-243.45,0.955
R2540,elm,34627.9,-73860.9,3813.2,-227.1,0.972
R2541,poplar,39840.3,-73648.7,3258.1,-118.22,1.019
R2542,elm,42023.5,-74112.5,3698.5,27.66,1.148
R2543,pine,43919.9,-74211.2,3512.9,-34.46,1.037
R2544,poplar,44003.2,-73716.9,3454.3,-61.27,1.231
R2545,elm,45132.4,-74090.6,3579.8,-187.18,0.851
R2546,elm,46377.8,-74003.6,3242.4,-240.83,0.823
R2547,poplar,46935.3,-74100.3,3237.1,71.99,0.925
R2548,pine,53150.4,-74100.5,3210.1,-202.84,0.812
R2549,poplar,55158.2,-73680.8,3538.5,-49,1.129
R2550,pine,56750.4,-73921.4,3575,24.07,0.921
R2551,poplar,68322.1,-73995.4,3251.1,-117.71,0.975
R2552,elm,71169.3,-74221.4,2991.1,19.69,1.002
R2553,pine,74285.1,-74294.5,3914.5,-63.39,1.209
R2554,poplar,74533,-73812.6,4188.9,-190.12,0.872
R2555,poplar,75746.5,-73923.4,4470.8,12.43,0.931
R2556,elm,76143.4,-73750.8,4521,-97.91,1.23
R2557,elm,78915.4,-74375.2,5878.1,84.66,0.897
R2558,pine,-79519.3,-73496.5,4161,-140.99,1.226
R2559,pine,-78872.9,-73098.5,4224,24.62,0.885
R2560,pine,-78276.7,-73238.2,3821.5,-260.65,1.235
R2561,pine,-75359.7,-73050.8,3843.8,-24.75,1.058
R2562,pine,-74866.6,-73458.4,4274.9,-200.19,1.065
R2563,pine,-73774.3,-72801.4,4476.9,-263.48,0.878
R2564,pine,-73006,-72879.9,4655.8,73.88,0.857
R2565,pine,-70698.4,-72995.6,4052.8,30.68,0.804
R2566,pine,-67876.8,-73099.3,3885.1,-73.27,1.072
R2567,poplar,-65670.9,-72879.2,3508.7,-252.4,1.121
R2568,poplar,-64222,-73481.8,3688.2,-174.95,0.846
R2569,elm,-63736.1,-72887.2,3567.8,82.09,0.907
R2570,pine,-55882.5,-73599.7,3789.9,-79.61,0.983
R2571,elm,-54761.1,-72878,3949,-160.47,1.084
R2572,pine,-54003.3,-73176.1,4113.8,-213.2,0.819
R2573,elm,-53530.7,-73086.5,4047.5,-96,0.881
R2574,pine,-52416.7,-73487.1,4354.8,44.48,0.895
R2575,pine,-31999.9,-73108.8,3570.6,-102.77,0.956
R2576,pine,-19547.5,-72935.5,3527.8,-170.42,0.805
R2577,pine,-19126.1,-73201,3712.6,62.75,1.227
R2578,pine,-15816.2,-72998.4,3927.3,-218.61,0.896
R2579,pine,-13898.1,-73594.4,4084.9,-266.13,1.189
R2580,elm,-13597.6,-73305.9,3826.8,-89.92,1.017
R2581,pine,-9970.5,-73045.8,4081.1,-101.29,1.081
R2582,elm,-8942.9,-72876.9,4478.2,-112.84,0.997
R2583,elm,-8615.5,-72978.2,4436.8,1.6,1.127
R2584,poplar,-7403.4,-73236.6,4258.8,-127.46,1.012
R2585,pine,-5926.1,-73062.6,4253.1,38.25,0.836
R2586,poplar,-4739.3,-72842.4,4150.1,-214.46,1.231
R2587,pine,-2347.9,-73294.5,4210.2,-119.95,0.978
R2588,pine,17053.7,-72969.1,4499.1,-109.76,1.196
R2589,pine,18169.5,-73339,4145.6,-236.61,1.221
R2590,elm,19126.2,-72839.3,4011.8,-24.51,1.164
R2591,pine,19687.3,-73019.2,4056.6,-33.61,0.832
R2592,pine,20001.3,-73483.2,4168,49.31,1.17
R2593,pine,20811.1,-73406.6,4337,36,0.859
R2594,elm,21719,-72945.2,4283.7,-101.1,0.88
R2595,pine,23465.3,-73150.7,4534.8,-79.9,0.819
R2596,poplar,25096.9,-72804.8,4537.7,-73.23,0.841
R2597,elm,25901.7,-73013.2,4444.3,83.73,0.958
R2598,elm,30091.1,-73498.9,4651,78.48,1.124
R2599,pine,32201.7,-73324.5,4199.4,-32.05,0.945
R2600,pine,33916.6,-73032.4,3906.2,45.64,0.941
R2601,elm,34655.9,-73525.8,3782.7,-220.56,0.993
R2602,elm,36491.3,-73520.7,3627.3,-79.88,0.866
R2603,pine,37960.5,-72827.5,3272,-95.34,1.25
R2604,elm,44777.1,-73358.4,3512,-185,1.248
R2605,pine,45759.8,-73064.5,3423.3,58.8,1.116
R2606,elm,49979,-73304.7,3115.4,-51.15,0.98
R2607,poplar,51110.3,-72909.7,3151.6,-41.44,0.976
R2608,pine,54754.2,-72940.2,3445.3,47.59,1.077
R2609,poplar,56125.1,-72897.7,3411,-265.03,0.804
R2610,pine,67247.9,-73327.9,3284.8,-127.66,1.117
R2611,pine,69207.9,-73067.7,2894.5,-227.42,0.934
R2612,elm,70743.5,-73193.2,2785.2,-196,1.129
R2613,elm,72815.4,-73029.1,3674.8,-244.03,0.879
R2614,elm,73700.1,-73480.7,4012.9,71.31,1.214
R2615,pine,74918.5,-73256.1,4333.3,-12.67,1.076
R2616,pine,75298.7,-73393,4504,-132.63,0.832
R2617,elm,76726.4,-72989.2,4516.8,64.89,1.114
R2618,elm,77091.7,-72846.4,4585,-76.17,0.862
R2619,elm,78042.5,-73211.8,4908.9,-224.84,0.97
R2620,pine,78616,-73566.9,5398.2,76.7,1.244
R2621,pine,-78874.7,-72701.3,4277.7,-262.35,1.098
R2622,elm,-78030.4,-72743.7,3708.4,-57.64,1.033
R2623,elm,-76809.9,-72213.8,3834.1,-145.11,1.194
R2624,pine,-76555,-72382.7,3771.4,-213.25,1.007
R2625,pine,-75271.1,-72622.1,3740.2,-5.86,1.247
R2626,elm,-74923.2,-72679.3,3852.5,-127.32,1.138
R2627,poplar,-73918.4,-72649,4336.6,-238.78,0.976
R2628,pine,-72876,-72318.6,4408.5,-90.3,0.991
R2629,pine,-68861,-72745.9,3993.5,58.42,1.084
R2630,pine,-63694,-72012.7,3420.3,-98.97,0.847
R2631,pine,-62276.6,-72129,3324.9,13.24,1.013
R2632,pine,-59515.6,-72039,3136.2,-260.13,0.969
R2633,pine,-56345.7,-72266.9,3433.8,-230.23,0.854
R2634,pine,-54079.3,-72587.7,3915.1,-17.23,0.853
R2635,pine,-52464.2,-72321.3,4174,-135.02,1.082
R2636,pine,-51853.2,-72370.5,4270.1,-209.82,0.989
R2637,pine,-50902,-72271.3,4521.5,60.98,1.111
R2638,poplar,-50032.3,-72180.6,4447.4,-93.73,1.152
R2639,pine,-21208.1,-72568.6,3077.6,-137.58,1.249
R2640,elm,-19860.7,-72334.8,3451,-206.36,0.872
R2641,pine,-16387.3,-72164.2,3731.1,-216.74,1.195
R2642,pine,-14625.6,-72700.4,4011.1,76.07,1.061
R2643,pine,-11241.3,-72723.5,3689.6,44.76,0.874
R2644,poplar,-10563.8,-72615.1,3832.9,64.24,0.955
R2645,pine,-9706.1,-72276.1,4107.9,-18.9,0.928
R2646,pine,-9227.6,-72022.9,4306.1,-21.26,0.934
R2647,pine,-8712.8,-72070.1,4527.4,-113.96,0.868
R2648,pine,-7323.7,-72718.9,4340.7,-128.39,0.82
R2649,pine,-7194,-72721,4324.5,89.47,0.889
R2650,pine,-5578.1,-72098.1,4449.7,-119.76,1.144
R2651,elm,-2923.9,-72731.6,4329.1,-75.86,0.805
R2652,pine,483.2,-72277.9,3949.4,-235.2,1.177
R2653,pine,18605.5,-72706.1,4068.9,-261.21,0.842
R2654,pine,21064.8,-72526.2,4055,67.83,1.099
R2655,pine,22201.4,-72781.3,4297.5,-76.57,0.827
R2656,pine,22436,-72683.3,4312.6,-211.44,0.917
R2657,pine,24806.7,-72370.7,4423.7,38.19,1.094
R2658,pine,26119.2,-72479.6,4385.9,-268.21,0.878
R2659,elm,26882.8,-72452.7,4273.3,23.41,1.061
R2660,pine,28056,-72487.1,4322.4,-210.45,1.1
R2661,pine,31040.3,-72791.3,4176.4,52.27,0.996
R2662,pine,32674.9,-72599.6,3851.2,-214.28,1.082
R2663,elm,34296.3,-72172,3592.8,-120.41,1.21
R2664,elm,35563.8,-72723.7,3609.9,-79.69,0.879
R2665,pine,36142.4,-72383.6,3538.9,-30.84,1.135
R2666,pine,38946.7,-72282.6,3185.3,-217.87,0.855
R2667,poplar,43959.9,-72116.7,3362.6,-198.76,1.212
R2668,pine,50008.3,-72245.6,3117.3,-80.35,0.898
R2669,pine,52681.9,-72057.3,3209.4,-113.7,1.034
R2670,pine,54331.2,-72296.4,3395.6,73.75,0.97
R2671,elm,55677.6,-72513.4,3411.6,-107.44,1.155
R2672,pine,57405.4,-72314.5,3494.4,-209.93,0.953
R2673,pine,68631.7,-72268.2,3331.5,74.41,0.856
R2674,pine,72428.4,-72762.6,3588.6,16.4,0.806
R2675,pine,73133,-72160.4,3990.2,-132.67,1.147
R2676,pine,73660.2,-72584.3,4105.4,-47.61,0.846
R2677,pine,74599.5,-72404.3,4213.5,-72.76,0.981
R2678,elm,75653.6,-72733.6,4459.9,-159.8,0.889
R2679,elm,76758.9,-72279,4638.4,-192.8,1.208
R2680,elm,76906.3,-72779.2,4555.7,75.91,0.962
R2681,pine,78046.3,-72110.4,4833.8,77.61,1.07
R2682,pine,78578.1,-72039.7,5143.3,-224.91,0.85
R2683,elm,79357.1,-72424.4,5389.4,-163.57,0.878
R2684,elm,-78740.9,-71268.9,4322,-128.4,1.186
R2685,elm,-78040.3,-71304.6,4209.2,-54.18,0.891
R2686,pine,-77463.2,-71356,3811.4,-109.52,0.886
R2687,pine,-76553.6,-71957.9,3633.8,-109.31,0.988
R2688,pine,-73037.1,-71580.2,4229.6,-189.88,1.214
R2689,elm,-72203.4,-71251.8,4470.3,-232.13,0.887
R2690,pine,-66800.8,-71618.7,3362.9,-68.5,0.893
R2691,pine,-63350.4,-71613.9,3306.8,-267.06,1.046
R2692,poplar,-57034.2,-71775.8,3142.1,-41.35,0.854
R2693,elm,-55621,-71782.6,3688.6,-158.36,1.205
R2694,elm,-53334.7,-71602,3854.3,-41.86,1.209
R2695,pine,-52778.8,-71894.5,4042.1,-128.91,1.032
R2696,elm,-33499.3,-71586.8,3535.6,-58.98,0.841
R2697,pine,-27095.3,-71526.6,2719,3.32,1.002
R2698,poplar,-18953.3,-71807.4,3877.2,-60.79,1.08
R2699,elm,-16960.6,-71325.8,3529,41.97,1.203
R2700,elm,-15483.7,-71976.9,3817.1,-87.75,0.853
R2701,elm,-11306.8,-71464.3,3591.6,-144.69,0.879
R2702,pine,-9724,-71763.4,3960.7,-248.85,1.171
R2703,pine,-8788.1,-71613,4462.2,-259.34,0.933
R2704,pine,-7742.3,-71527.4,4684.4,-206.9,0.966
R2705,pine,-3161.7,-71876.2,4230,-105.65,1.059
R2706,pine,21165.8,-71362.8,4000.3,-146.39,0.971
R2707,pine,22829.9,-71912.6,4105,-94.25,0.927
R2708,poplar,23723.4,-71974.8,4320.1,76.63,1.13
R2709,pine,24425.1,-71279.1,4202.9,79.37,0.821
R2710,pine,25318.5,-71619.4,4294.5,-144.76,0.963
R2711,elm,27686,-71826.8,4207.2,66.54,1.039
R2712,elm,29342.6,-71460.8,4037.9,-210.18,1.029
R2713,pine,30058.6,-71290,3869.2,-111.47,1.036
R2714,elm,30911.6,-71838.3,3945.2,-149.96,0.929
R2715,pine,31682.7,-71515.6,3821.1,-208.25,0.965
R2716,pine,32389.9,-71522.3,3734.4,-199.48,0.864
R2717,poplar,33711.9,-71593,3530.5,-210.26,0.918
R2718,poplar,34621.9,-71834.6,3458,-118.39,0.874
R2719,poplar,39164.1,-71359.7,3138.9,-232.51,0.894
R2720,elm,46884.5,-71362.9,3482.7,-233.75,1.095
R2721,elm,47720,-71317.3,3269.6,-103.94,1.025
R2722,elm,51880.8,-71918.2,3065.5,-22.84,0.87
R2723,pine,68787.1,-71825.7,3239.7,-134.79,1.066
R2724,pine,70887.5,-71978.7,3293.9,-55.79,0.922
R2725,elm,73089.4,-71222.9,4214.4,-260.8,1.029
R2726,pine,73849.9,-71899.9,4164.2,-150.14,0.934
R2727,poplar,74895.1,-71458.7,4702.3,-234.07,1.212
R2728,pine,75828.8,-71788.9,4571.9,37.55,1.111
R2729,pine,76913.6,-71201.4,4594.2,-73.76,0.95
R2730,pine,78279.5,-71434.7,4963.4,-26.68,1.016
R2731,pine,79137.9,-71871.4,5325.6,-78.7,0.88
R2732,elm,79534,-71396.9,5048.3,-75.66,1.154
R2733,elm,-78683,-70928.5,4502.5,-40.98,1.193
R2734,poplar,-77831.4,-70953.6,4053,9.47,1.158
R2735,pine,-77033.1,-70694.3,3629.8,-229.47,0.855
R2736,pine,-76068,-70573.1,3437.6,75.9,0.911
R2737,elm,-75551.2,-70543.7,3467,-108.34,0.871
R2738,pine,-74129.9,-70490.3,3857.4,-262.22,1.183
R2739,poplar,-73253.5,-70637.8,4110.6,-96.68,1.11
R2740,poplar,-72565.9,-71067.1,4370.8,-65.31,0.931
R2741,elm,-69944.3,-70841.8,4134.8,-243.56,1.011
R2742,poplar,-68118.9,-70874,3448.5,-37.38,1.045
R2743,elm,-65504.9,-70571.7,3623,83.8,1.117
R2744,pine,-64628.1,-70469,3489.4,19.36,0.941
R2745,elm,-56382.7,-70757,3233.3,-87.46,0.986
R2746,pine,-54668,-71178.6,3511.3,-32.68,0.978
R2747,poplar,-53985.6,-71102.3,3625.4,-92.67,0.876
R2748,pine,-52733.2,-70745.5,3887.2,-15.4,1.126
R2749,pine,-33969.1,-70861.5,3445,-35.31,1.175
R2750,pine,-29301.1,-70669.7,2976.7,-128.71,1.123
R2751,elm,-19220.5,-70752,3982.8,-216.22,1.054
R2752,pine,-8477.7,-70599.3,4237.9,-36.62,1.191
R2753,elm,-6806.7,-70951.1,4754.7,-104.2,1.035
R2754,poplar,-6086.3,-71010.8,4700.8,-15.16,1.216
R2755,elm,19507.2,-70985.9,3933.2,-264.02,1.145
R2756,pine,22386.5,-70859.9,3979.1,-160.84,0.978
R2757,poplar,22821.4,-70494.5,3931.4,-239.24,1.156
R2758,pine,24216.1,-70809.3,4002.3,-81.19,1.176
R2759,poplar,24848.4,-71190.6,4266.9,22.93,1.131
R2760,pine,26797.1,-70935.3,3995.7,-250.85,0.924
R2761,elm,31777.8,-70529.5,3710.2,-51.68,1.032
R2762,poplar,32974.2,-71083.3,3653.6,-67.98,1.213
R2763,elm,34173.6,-70406.2,3438.2,-216.22,1.125
R2764,pine,35087.3,-71119.2,3235.7,-27.29,0.915
R2765,poplar,35468.3,-70777.9,3179.7,-64,0.808
R2766,elm,41624.6,-70659.6,2915.7,-3.58,0.89
R2767,poplar,55592,-70874.4,3279.9,-75.09,1.075
R2768,pine,56286.2,-71124.1,3514,-269.69,1.056
R2769,elm,57318.1,-70666.9,3257.3,70.82,0.955
R2770,pine,70122,-70879.2,3484.2,-212.65,1.189
R2771,pine,70803.3,-70682.3,3773.6,-156.88,1.109
R2772,pine,71770.9,-71108,4236.8,-29.53,0.833
R2773,elm,72582.2,-71138.8,4236.8,69.79,1.144
R2774,pine,73394.9,-71086.1,4265.3,-82.7,0.87
R2775,pine,74097.6,-70912.6,4535.2,-19.83,0.886
R2776,pine,75000.4,-70526.7,4551.6,-61.48,1.216
R2777,pine,75517.6,-70498,4630,-75.89,1.194
R2778,elm,76715.3,-71116.2,4565,-59.08,1.1
R2779,elm,77332.2,-70655.1,4822,26.5,0.944
R2780,poplar,78040.4,-70907.7,5124.4,-34.38,1.053
R2781,pine,78667.4,-70453.4,4863.5,13.92,1.223
R2782,poplar,79248.1,-71174.2,4957.4,-231.78,1.095
R2783,pine,-79357.8,-70018.4,4748.7,46.31,0.869
R2784,elm,-78925.8,-70327.2,4707,-235.43,0.933
R2785,elm,-78361.9,-70245,4392.3,-44.94,1.126
R2786,pine,-76879.6,-70239.9,3616.3,-216.84,1.107
R2787,elm,-75235.5,-69872,3686,-223.52,0.82
R2788,pine,-73761,-69879.3,4016,72.54,1.108
R2789,pine,-73148.5,-69770.7,4132.4,-47.11,0.966
R2790,poplar,-71282.6,-70383.3,4802.7,-25.56,0.814
R2791,pine,-69472.5,-69816.3,4140.4,-16.7,1.108
R2792,pine,-64855.9,-70038.7,3483.1,-98.64,0.855
R2793,pine,-54612.4,-70185.7,3255.1,-196.76,1.156
R2794,elm,-53527.9,-69833.9,3452.7,-107.96,1.079
R2795,elm,-51833.3,-70030.9,4001.6,-0.03,0.892
R2796,pine,-49362,-69649.9,3800.2,-171.38,0.944
R2797,pine,-40380.5,-70008.2,2839.4,-170.56,1.208
R2798,pine,-34646.6,-69919,3252.2,-49.23,1.029
R2799,pine,-33793.7,-70110.2,3294.7,-243.88,0.936
R2800,elm,-30552.9,-69869.5,2938.2,30.53,0.933
R2801,elm,-29610.7,-69887.5,2999.9,-29.78,1.236
R2802,pine,-23289,-69942.2,3108.7,-117.04,1.153
R2803,elm,-22954.8,-70269.2,3036.9,30.9,1.245
R2804,pine,-22064.1,-70325,3220,3.65,1.164
R2805,pine,-20428.3,-69736.3,3875.7,-182.55,0.926
R2806,pine,-19383.9,-69718.3,3918.8,-138.56,1.233
R2807,pine,-19079.9,-69961,3953.4,-120.41,1.15
R2808,elm,-16073.5,-70015.7,3518.6,-174.25,0.912
R2809,elm,-15807.7,-69905,3448.1,48.48,0.822
R2810,elm,-13924,-70100.8,3273.4,61.01,1.127
R2811,elm,-7606.3,-70288.3,4415.9,9.12,0.844
R2812,pine,21849.7,-70007.1,3752.8,-186.17,0.802
R2813,poplar,24335.7,-70303.5,3867.7,-152.41,1.127
R2814,elm,31584.7,-69797.7,3760,-107.92,0.92
R2815,pine,32724.7,-69633,3709.2,-234.99,1.024
R2816,pine,33619.8,-69824.6,3665.6,31.56,1.065
R2817,pine,34903.2,-69970.2,3225,-201.08,0.9
R2818,elm,36270,-70105.8,2994.2,-175.21,1.241
R2819,elm,44293.1,-70379.5,3112.1,-68.24,1.042
R2820,elm,45759.7,-70148,3202.8,-21.65,1.104
R2821,pine,47794.3,-70147.2,3180,-263.69,0.976
R2822,poplar,55820,-70394.1,3351.2,-37.4,0.986
R2823,elm,69199.1,-70046.8,3755.6,-138.99,0.841
R2824,pine,71105.3,-69782.8,4242.2,12.06,1.248
R2825,pine,71240.5,-69821.3,4286.1,-75.3,0.857
R2826,pine,72624.1,-69773.7,4805.9,-50.73,0.812
R2827,pine,74831.8,-69643.4,4733.1,-226.93,0.927
R2828,pine,76211.5,-70075.4,4588.4,-186.67,0.893
R2829,elm,77376.8,-69801.7,4863.2,88.78,1.085
R2830,pine,77814.2,-69717.3,4762.6,-53.99,0.834
R2831,pine,78919.9,-70178.6,4841.7,54.49,1.246
R2832,poplar,79522.9,-70373.9,4772.4,-208.1,0.951
R2833,poplar,-79467.1,-69430.3,4958.5,-18.08,0.807
R2834,poplar,-78704.3,-69139.8,4405.8,-245.89,1.198
R2835,pine,-77980.5,-69254.1,4098,-78.28,1.236
R2836,pine,-76897.8,-69467.6,3727.4,-250.21,0.964
R2837,pine,-76601,-69025.6,3905.4,-133.21,1.169
R2838,pine,-75422.9,-69225.8,3712.7,68.11,0.848
R2839,poplar,-73628.5,-69243.9,4094.9,-250.27,1.088
R2840,pine,-73221.2,-69347.1,4095.3,-14.09,0.825
R2841,pine,-55830.6,-69145,3042.2,-95.92,0.884
R2842,elm,-53031.9,-69578.5,3554.1,-236.66,0.912
R2843,pine,-49849.9,-69392.8,3937.6,-8.57,1.047
R2844,elm,-23331.9,-69314.4,3344.4,-86.21,1.039
R2845,pine,-22239.3,-69460.6,3588.5,48.48,1.132
R2846,elm,-21301.7,-69191.3,3685.6,-235.01,0.97
R2847,poplar,-20731.9,-68809,3542.2,25.58,0.877
R2848,pine,-19451.7,-69149.7,3490.5,-199.04,0.882
R2849,pine,-15421,-69182.4,3202.4,31.29,0.953
R2850,pine,-11081,-68925.6,3340.1,-175.61,0.953
R2851,poplar,-8901.8,-69407.6,3759.3,80.36,0.888
R2852,pine,-7644.4,-69254,4116.1,-50.6,1.003
R2853,poplar,-6590.1,-69066.9,4034.7,77.45,0.954
R2854,pine,-4500.4,-68839.7,3786.7,16.24,1.246
R2855,pine,23736.2,-69299.9,3609.3,-34.67,0.992
R2856,pine,25101.4,-69232.5,3501.6,-209.61,0.974
R2857,pine,26449.8,-69515.8,3747.6,-17.34,1.09
R2858,elm,31057.5,-69566,3734.3,-162.8,1.148
R2859,elm,31431.2,-69499,3784.5,-65.96,1.187
R2860,elm,33519.9,-69416.1,3636.8,-2.06,0.91
R2861,poplar,34259.9,-68952.8,3523.5,-119.17,1.202
R2862,pine,46709.5,-68803.7,3439,-258.49,0.817
R2863,pine,47382.2,-69331.7,3273.5,-12.2,1.199
R2864,pine,70262.5,-69162.5,4248.8,-212.03,0.808
R2865,pine,70852.9,-69349.2,4336.4,-113.18,0.935
R2866,poplar,71613.3,-69032.4,4869.1,-77.45,0.809
R2867,pine,72209.2,-69174.9,4942.5,53.32,1.236
R2868,elm,73548.1,-69002.3,4988.9,-77.96,1.214
R2869,elm,75548.4,-68810.5,5071.2,-128.08,1.048
R2870,pine,76160.7,-68866.9,5066.5,-74.7,1.217
R2871,elm,76883,-69570.9,4860.3,-151.11,1.2
R2872,elm,78003,-69242.6,4764.5,24.83,1.062
R2873,pine,79046.1,-69101.5,5017.9,-165.04,1.153
R2874,pine,79325.5,-69027.5,5080.4,-173.74,1.249
R2875,elm,-78659.4,-68271.8,4347,-191.93,0.909
R2876,poplar,-77680.4,-68730,4037.6,19.53,1.178
R2877,pine,-77571.4,-68791.6,3988.1,-204.79,0.826
R2878,poplar,-76097.9,-68574.5,3799.6,-268.21,0.875
R2879,pine,-75503.8,-68571.6,3754.4,-143.55,1.174
R2880,pine,-74277.7,-68748.6,3970.9,-70.75,1.002
R2881,elm,-73382.4,-68011.4,4359.8,72.77,0.984
R2882,elm,-72419.6,-68574,4281.5,-260.83,1.088
R2883,pine,-67348.3,-68061.7,3477.2,-9.49,0.94
R2884,pine,-57836.4,-68721.1,2856.2,-119.81,0.864
R2885,pine,-52005.7,-68600.1,3561.3,-134.39,0.858
R2886,pine,-50868.2,-68594.5,4131.3,-220.05,0.904
R2887,poplar,-24230.7,-68617,3329.7,-156.66,1.178
R2888,elm,-23510.4,-68287.1,3555.5,-70.98,1.045
R2889,elm,-22489.4,-68671.6,3772.1,-23.05,0.845
R2890,pine,-21986.9,-68798.6,3703.2,-215.07,0.897
R2891,poplar,-19568.4,-68450.3,3306,-149.55,0.843
R2892,pine,25409.9,-68459.2,3401.9,-188.61,0.901
R2893,elm,32468,-68064.7,3555.5,-23.93,1.092
R2894,elm,43725.7,-68151.8,2917.2,65.97,1.055
R2895,pine,46133.7,-68453.2,3238.1,72.65,1.227
R2896,elm,46861.1,-68100.2,3265.5,74.93,0.812
R2897,poplar,47479.1,-68458.9,3213.9,29.52,1.044
R2898,elm,56708.5,-68685.4,3125,-39,1.05
R2899,elm,70798.8,-68611.7,4531.8,86.27,1.033
R2900,pine,71737.1,-68768.4,4946.3,-65.38,1.055
R2901,elm,74230.2,-68639.7,5048.2,-244.54,0.903
R2902,poplar,74957.5,-68573.6,5214.7,-237.92,1.206
R2903,poplar,76783.4,-68760.8,4936.9,-85.21,0.927
R2904,pine,77381.6,-68770.9,4851.9,-21.45,0.909
R2905,pine,77678.1,-68388.4,5033.7,-71.65,1.18
R2906,pine,78791.5,-68046.8,5312.3,-249.79,1.038
R2907,pine,79233,-68078.6,5200.7,-1.95,1.07
R2908,elm,-78866.7,-67543.9,4507.7,-118.95,1.097
R2909,pine,-78183.2,-67715,4486.7,-140.14,1.095
R2910,pine,-76956.1,-67266.4,4450.1,-132.17,1.215
R2911,pine,-76278.3,-67259.8,4157.8,-96.39,0.883
R2912,poplar,-75514,-67442.3,4055,-13.35,0.892
R2913,pine,-74792.5,-67591,4197.2,-64.28,1.171
R2914,pine,-74174.9,-67656,4362.2,-255.25,0.996
R2915,pine,-73077.3,-67996.1,4399.1,-105.48,1.045
R2916,pine,-51028.8,-67734,3924.7,-167.4,1.108
R2917,poplar,-29786.7,-67843.5,2772.9,59.39,0.963
R2918,pine,-24009.4,-67213.2,3885.1,-59.06,1.144
R2919,pine,-23974.4,-67310.6,3873.9,-17.72,0.803
R2920,pine,-21926.8,-67759.7,3647.2,-203.07,1.194
R2921,elm,-5212.6,-67826,3585.7,-35.73,1.033
R2922,elm,-3622.8,-67560,3242.2,-120.39,0.891
R2923,elm,33125.3,-67823.2,3426.6,59.04,0.872
R2924,pine,34160.1,-67717.6,3509.5,-215.59,0.833
R2925,pine,34824.9,-67344.4,3653.7,-256.26,1.027
R2926,poplar,36956.6,-67522,3266.2,-227.36,0.891
R2927,pine,69345.8,-67751.3,3863,-215.33,0.845
R2928,elm,70836.7,-67761.7,4544.5,-163.74,1.195
R2929,pine,71906.8,-67546.7,4874.9,32.35,0.878
R2930,elm,72645.5,-67543.4,5196.7,-221.73,1.161
R2931,pine,74090,-67976.3,5324.5,86.14,0.842
R2932,pine,75824.3,-67650.3,5345.1,-73.87,1.166
R2933,elm,76355.5,-67555.9,5460.8,74.52,1.087
R2934,pine,77160,-67963.8,5110.2,-84.04,0.916
R2935,elm,77850.3,-67480.8,5555.4,-12.89,1.24
R2936,pine,78542.5,-67394.2,5515,-95.29,0.876
R2937,pine,-79583.7,-66727.3,5149.8,-207.18,1.243
R2938,pine,-78487.3,-66941.7,4824.6,-16.95,0.979
R2939,pine,-77725.2,-66710,4855.7,-23.83,0.808
R2940,elm,-76851.6,-67038.5,4431.8,80.12,0.843
R2941,elm,-76487.9,-66918.7,4334.8,55.78,1.132
R2942,elm,-75389.5,-66629.9,4397.6,11.48,1.055
R2943,pine,-74519.8,-67006.1,4339.8,-53.12,1.105
R2944,pine,-74154.9,-67020.2,4461.6,-59.24,0.907
R2945,pine,-73377,-66685.8,4646.2,45.77,0.901
R2946,pine,-71850.3,-67145.2,4417.3,-220.87,1.174
R2947,elm,-67377.2,-66883.4,3586.8,-68.46,0.95
R2948,elm,-50280.1,-66884.6,3870.7,-80.67,0.851
R2949,pine,-49228.7,-66950.4,3682.6,28.71,1.165
R2950,elm,-24712.9,-67013.8,3606.2,-5.72,0.811
R2951,elm,-23417.8,-66611,3870.2,-42.17,0.882
R2952,pine,32996.5,-66823.8,3389.1,-145.98,0.851
R2953,pine,34392.8,-67112.7,3573.6,-9.22,0.962
R2954,elm,69366.5,-66775.5,4159.1,88.41,1.018
R2955,elm,71167.5,-66707.6,4422.4,-149.74,0.911
R2956,pine,73982.6,-66680.9,5403.3,37.42,0.865
R2957,elm,74530.6,-67098.4,5708.7,74.42,1.098
R2958,elm,75993.9,-66882.8,5715.2,-250.43,0.876
R2959,elm,76387.1,-66727.1,5724,-226.73,0.888
R2960,pine,77397.7,-66682.9,6099.6,-48.75,1.122
R2961,poplar,78098.5,-66868.1,5983.8,-74.72,0.837
R2962,elm,78551.3,-66645.1,5686.5,-4.91,0.971
R2963,elm,-79031.4,-65842.4,5271.1,-215.42,1.035
R2964,pine,-78371.8,-65785.9,5322.3,-246.69,0.944
R2965,pine,-77465.5,-66244,4897.5,-267.79,0.985
R2966,pine,-76606.7,-66155.7,4790.1,-89.24,1.111
R2967,pine,-75384.4,-66028.6,4666.9,-74.14,1.112
R2968,pine,-73712.5,-66093.9,4648.2,-264.47,0.818
R2969,pine,-68899.2,-65745.2,4533.1,-157.72,0.891
R2970,elm,-68201.4,-65977.2,4046.3,49.63,1.215
R2971,elm,-67458,-66107.3,3604.8,-201.39,1.233
R2972,elm,-51350,-65683.3,3046.7,-233.51,0.831
R2973,pine,-48650.4,-65966.6,3069.5,-125.3,1.046
R2974,pine,-24984.4,-66267,3433.4,3.38,0.955
R2975,pine,-24754.9,-66180.9,3515.4,-59.02,1.11
R2976,poplar,-23434.7,-66306.9,3739,-193.58,0.876
R2977,pine,-22009,-66127.3,2869.6,-228.77,1.181
R2978,pine,34036.5,-65634,3208.3,-195.58,0.863
R2979,pine,46205.6,-65677.1,2968.5,-120.11,1.19
R2980,elm,74185.4,-66101.6,4765.5,-200.31,1.08
R2981,pine,74993.7,-66174.5,5131.2,-243.2,0.897
R2982,poplar,76200.1,-66318.7,5476.7,-92.31,1.148
R2983,elm,76977,-66218.9,5761.5,-170.81,1.076
R2984,poplar,78161.5,-66392.8,5891.2,-239.57,1.233
R2985,elm,78893.3,-66076.6,5585.1,-245.39,0.964
R2986,elm,-77660.8,-65596.2,5236.6,58.1,0.817
R2987,elm,-76964.1,-64928,5699.9,-113.04,0.96
R2988,elm,-76340.3,-65569.7,5180.5,-113.01,1.047
R2989,pine,-75964.6,-64985.5,5598.2,-199.7,1.01
R2990,poplar,-74180.3,-64922.4,4802.3,-87.87,1.11
R2991,elm,-73177.3,-64883.8,4533.3,-19.23,1.068
R2992,poplar,-72515.9,-65357.9,4373.8,-196.93,0.838
R2993,poplar,-70534,-64808.5,4622,30.04,1.168
R2994,pine,-69952.2,-65124.4,4576.8,31.24,0.946
R2995,pine,-67235,-64808.3,3815.2,61.19,0.959
R2996,pine,-65365,-65239.7,3076.9,-38.43,1.218
R2997,elm,-24764.9,-64828.6,3250.1,-149.39,0.816
R2998,elm,34451.4,-65053.8,3075.4,-150.96,1.014
R2999,pine,68511.9,-65289.7,3569.5,-160.06,1.177
R3000,pine,69432.7,-64943.2,3750.3,-14.38,0.944
R3001,elm,74755.4,-65572.6,4531.8,80.77,0.851
R3002,pine,75810.4,-65595.3,4839.6,-132.38,1.184
R3003,pine,76533.2,-64852.4,4800.2,-221.7,1.077
R3004,pine,77449.5,-65299.8,5071.8,8.52,0.985
R3005,poplar,78341.9,-65072,5452.5,44.02,0.827
R3006,pine,79012.9,-64894.7,5570.9,-86.19,1.032
R3007,elm,79588.2,-65558.6,5590.7,-114.94,0.97
R3008,pine,-78718.3,-64636.6,5821.3,-139.15,1.113
R3009,poplar,-77825.9,-64634.1,5904.1,12.92,1.178
R3010,elm,-77483.5,-64575.1,6057.7,-147.65,1.178
R3011,elm,-76498.8,-64406.4,5989.7,-154.5,0.818
R3012,poplar,-75084.7,-64553,5326.9,-44.45,1.103
R3013,pine,-72991.3,-64584.3,4521,-40.39,1.183
R3014,elm,-72630.3,-64103.7,4502.6,69.75,0.849
R3015,pine,-69060.8,-64618.1,4621.2,-217.59,1.115
R3016,pine,-64234.1,-64144.5,3525.7,-9.59,1.058
R3017,elm,46655.2,-64322.7,3210.4,-95.66,1.164
R3018,pine,48382.7,-64365.8,2890.7,-176.35,1.199
R3019,pine,71716.3,-64792,3901.4,-6.71,1.107
R3020,pine,76741,-64648.7,4764.8,-86.42,0.958
R3021,pine,77061.3,-64073.6,4695.5,-231.75,1.17
R3022,elm,78829.7,-64262.1,5618.6,76.37,0.921
R3023,pine,79467,-64662.4,5572.2,-216.3,1.188
R3024,pine,-78911.6,-63561.3,5595.6,-31.02,0.893
R3025,pine,-77203,-63687.9,6052.3,-267.15,0.984
R3026,pine,-74301.5,-63440.1,4843.9,-92.16,0.939
R3027,pine,-71408.3,-63605.9,4340.9,-182.91,1.075
R3028,poplar,-68023.7,-63500.3,4461.4,-154.18,1.175
R3029,pine,-63846.2,-63552,3684.2,-157.25,1.189
R3030,pine,46310.9,-63441.2,3132.2,-55.13,1.15
R3031,pine,76267.3,-63217.9,4315.3,-248.5,1.065
R3032,pine,79246.8,-63582.7,5424.7,-126.66,0.9
R3033,pine,-73781,-62853.2,4485.9,87.89,0.892
R3034,pine,-73128.2,-63169.1,4344.4,-8.86,1.049
R3035,pine,-68152.2,-63161.3,4584.6,-56.17,0.975
R3036,pine,-67482.8,-63139.3,4413.8,-172.84,1.154
R3037,elm,-66351,-62512.2,4293.7,-76.59,1.099
R3038,pine,-65243.9,-62577,4087.7,-174.17,1.106
R3039,pine,-64173.4,-63070.8,3800.4,-268.76,0.913
R3040,pine,-62781.5,-62937.8,3398.1,-247.41,1.217
R3041,elm,-62257.8,-63087.5,2887.9,49.44,0.862
R3042,pine,21371.3,-62856.5,3000.7,-61.76,1.047
R3043,pine,74725.7,-63122,3990.3,-178.75,1.054
R3044,pine,76309.7,-62884.6,4272.6,-164.46,1.16
R3045,poplar,-72838.4,-62148.4,4231.4,-240.85,0.953
R3046,poplar,-71635.5,-61602.5,4298.3,-204.33,1.245
R3047,pine,74231.7,-61817.5,3964.9,-82.63,1.032
R3048,elm,75781.3,-62357,4088.4,-8,0.875
R3049,elm,76045.2,-62000.2,4144.3,-25.54,1.137
R3050,elm,78388.2,-61662.3,4974.7,-190.81,0.864
R3051,elm,72382.7,-61413.8,3707.9,-102.39,0.801
R3052,poplar,75741.2,-61385.1,4266.8,71.17,0.818
R3053,pine,76766.3,-61065.5,4892.3,-222.8,1.003
R3054,elm,77492.1,-61325.1,4842.2,-265.22,1.243
R3055,elm,-68841.7,-60781.2,4652.7,-255.83,0.839
R3056,elm,70603.6,-60138.4,3254.1,-112.48,1.028
R3057,poplar,72232.1,-60595.4,3584.7,-230.35,1.237
R3058,pine,73128.1,-60519.5,3982.4,78.53,1.214
R3059,poplar,73604.4,-60679.8,4026.7,-38.93,0.883
R3060,poplar,74425.8,-60522.6,4438.2,-207.08,1.093
R3061,elm,71224.9,-59762.4,3632.8,-120.46,0.964
R3062,pine,77402.6,-59442.9,5691.5,-99.6,1.175
R3063,pine,70446.3,-58625.2,3553.7,18.49,0.871
R3064,pine,71699,-58910.3,4190.9,-46.76,1.043
R3065,pine,72253.6,-58651.6,4579.5,-88.12,1.05
R3066,pine,75393.6,-58781.4,5516.2,80.96,1.015
R3067,pine,-68162.7,-57760,4149.5,-18.49,1.111
R3068,elm,-67751.3,-57760.1,4011.1,-142.16,1.135
R3069,pine,70036.2,-57725.3,3642.4,-51.02,1.176
R3070,poplar,71154.7,-57886.1,4046.7,-143.14,1.051
R3071,poplar,71516.9,-58349.1,4291.5,8.22,0.888
R3072,poplar,78906.9,-57632.1,6212.6,29.08,0.845
R3073,poplar,79411,-57811.9,6162.3,-198.59,1.163
R3074,pine,-68007.9,-57468.5,4161.6,32.81,0.84
R3075,pine,68706.7,-56947.8,3100.4,30.11,1.014
R3076,pine,68907.4,-56941.1,3213.1,-97.58,0.929
R3077,elm,69632.2,-57378.4,3608.8,-145.39,0.896
R3078,pine,71885,-56950.3,4749.6,-232.21,0.985
R3079,pine,72019,-57536.7,4935.2,-254.43,0.885
R3080,pine,73288.9,-57091.7,5542.4,-88.31,1.029
R3081,pine,73821.5,-56924.5,5650.3,64.41,1.002
R3082,pine,77286.1,-57110.2,6573.8,-243.9,0.858
R3083,pine,77975.9,-57259.4,6349.5,-114.86,1.056
R3084,elm,78651.1,-56865,5988.1,-261.88,1.205
R3085,pine,79300.1,-57308,6081.1,-88.42,0.965
R3086,pine,-77828.4,-56118.7,5843.2,-174.36,1.129
R3087,pine,-75395.9,-56071.2,5509.9,-237.85,0.884
R3088,elm,-69082.4,-56145.3,4771.2,-32.48,0.884
R3089,elm,-68675.3,-56327.5,4505.2,3.72,0.874
R3090,pine,71619.7,-56167,4143.3,-69,0.942
R3091,elm,72296.3,-56695.1,4793.3,-181.28,0.826
R3092,pine,73210.9,-56479.1,5174.6,-143.36,0.961
R3093,pine,77021.2,-56367.7,6054.9,-196.8,1.24
R3094,poplar,77806.7,-56762.4,6301,-69.98,0.801
R3095,elm,78961.7,-56298,5754.8,83.58,1.056
R3096,elm,-79021.1,-55839.2,6386.4,-174.82,0.838
R3097,poplar,-77751,-55335.6,5912.1,-54.65,0.869
R3098,pine,-75379.4,-55491,5741.8,-235.79,1.104
R3099,elm,-70869.1,-55529,5180.4,-245.37,1.074
R3100,poplar,-69867.9,-55914.8,4888.9,-8.7,1.037
R3101,pine,-68777.5,-55982.9,4561.7,-203.48,1.143
R3102,pine,71775.9,-55676.7,4001.8,-211.79,0.892
R3103,elm,72773.2,-55955.9,4611.4,-168.42,1.001
R3104,elm,72860.1,-55232.8,4344.5,77.6,1.13
R3105,elm,74736,-55666.3,5177.8,-15.34,1.15
R3106,poplar,75771.7,-55858.3,5617.4,-101.75,0.835
R3107,pine,76146.8,-55312.2,5300.2,-157.05,0.84
R3108,pine,77051.3,-55536.9,5744.7,-221.54,0.822
R3109,pine,78282,-55731.2,5664.4,-54.61,1.157
R3110,pine,78912.8,-55524.8,5443,-170.98,1.093
R3111,pine,-79050.4,-54471.7,6589.2,-214.14,1.037
R3112,elm,-71632,-54415.6,5497.9,-35.65,0.972
R3113,poplar,-70012.6,-55136.9,5103.3,-249.01,1.216
R3114,pine,-68632.6,-54621.7,4517.8,-126.47,1.068
R3115,poplar,70713.3,-55060.1,3200.5,-134.7,0.812
R3116,elm,72522.5,-55100.3,4033.6,-200.83,0.945
R3117,pine,72912.5,-54491.3,4236.5,-120.34,1.243
R3118,pine,74365.6,-54497.4,4753,-11.73,1.093
R3119,pine,75547.8,-54917.2,5133.7,-135.61,0.894
R3120,pine,76769.2,-55186.4,5479.8,-114.96,1.226
R3121,pine,76972.3,-54450,5398,-16.48,1.239
R3122,pine,78149.6,-54850.2,5520.4,-52.49,0.963
R3123,pine,79230,-54636.8,5545.8,-237.4,0.979
R3124,pine,-78555,-54268.7,6289.4,33.11,1.029
R3125,elm,-76983.3,-53973.9,6213.5,43.8,0.977
R3126,elm,-75394,-53903.4,5864.6,-217.11,1.136
R3127,pine,-72769,-54017.9,5789.7,61.79,1.17
R3128,pine,-71071,-53945.3,5488.6,-221.56,1.157
R3129,pine,-70131.8,-53922.7,5205.2,-63.3,1.01
R3130,poplar,-69537.3,-54246.5,5184.3,-142.63,1.198
R3131,pine,72099.7,-54255.2,3649.8,-242.87,1.112
R3132,pine,73486.9,-54206,4385.4,9.49,1.201
R3133,elm,73831,-54095.5,4419,-203.13,1.032
R3134,poplar,75002.3,-54025.3,4787.6,-60.22,0.862
R3135,elm,75452.5,-53792.4,4783.8,-25.62,0.884
R3136,pine,76133,-53924.6,4968.3,-183.44,0.815
R3137,pine,77190.2,-54270.7,5426.3,27.56,0.833
R3138,pine,77675.2,-54046.9,5466.7,-105.62,1.042
R3139,pine,79243.8,-54310.5,5574.9,-38.81,1.069
R3140,pine,-78038.6,-53480.1,6074.9,-79.63,1.121
R3141,pine,-77586.6,-53554.9,6199.6,-198.25,0.803
R3142,pine,-75981.7,-53293,5779.2,-170.87,1.149
R3143,poplar,-74985.1,-53265.1,5783.3,-31.1,1.118
R3144,pine,-72821.8,-53190.9,5723.6,29.69,1.058
R3145,pine,-72315.7,-53215.6,5853,-152.31,1.126
R3146,pine,-71101.2,-52949.8,5610,-131.91,1.237
R3147,pine,71456.8,-52929.3,3247,26.39,1.158
R3148,pine,72409,-53169.2,3510.9,-102.95,1.131
R3149,pine,73164.8,-53531.9,3972.9,54.95,0.932
R3150,poplar,73849.3,-53418.7,4256.1,73.39,0.998
R3151,pine,74627.2,-53286.2,4405.7,-202.23,0.826
R3152,pine,76288.5,-53587.8,5029.6,37.13,0.833
R3153,pine,77031.5,-53509.3,5309.2,-207.33,0.954
R3154,elm,77654.1,-52991,5399.1,-263.1,1.065
R3155,elm,78516.7,-52883.5,5570.8,-17.18,1.161
R3156,elm,79215.3,-52801.4,5568.9,-147.71,1.127
R3157,pine,-79078.8,-52403.2,6253.5,-1.83,0.816
R3158,elm,-78016.5,-52058.6,5795.5,-162.62,1.004
R3159,pine,-77212.2,-52657,5545.7,-130.04,1.042
R3160,pine,-75433.6,-52744.1,5515.3,-236.6,1.147
R3161,pine,-74299.9,-52365.3,5514.6,-38.06,1.03
R3162,elm,-72825.1,-52350.6,5619.6,-193.65,1.212
R3163,poplar,-71231.6,-52342.9,5651.9,-31.14,0.916
R3164,pine,-70691.4,-52304.8,5554.1,-32.87,0.832
R3165,elm,-69745.3,-52777.5,5028.4,-267.71,1.082
R3166,pine,-69215.1,-52266.3,4605.8,-13.33,0.821
R3167,poplar,-67807.9,-52723.1,3791.3,60.33,1.043
R3168,pine,73914.3,-52480.7,3934.5,3.71,1.159
R3169,elm,75198.2,-52121.4,4281.9,-224.73,1.056
R3170,pine,76788.6,-52552.1,5232.3,20.8,1.136
R3171,elm,77202.7,-52626.4,5219.1,-39.46,0.919
R3172,pine,78392.6,-52621.3,5437,-40,1.076
R3173,pine,78994.4,-52415.3,5480.6,42.59,0.863
R3174,pine,79264.7,-52434.9,5458.1,-137.57,0.944
R3175,elm,-79140.2,-51555.6,6245,-46.24,1.001
R3176,elm,-76597,-51345.7,5257.5,-91.05,1.221
R3177,pine,-75710.2,-51653.2,5373.3,-217.19,0.964
R3178,pine,-75027.6,-51327.2,5124.7,-193.23,0.945
R3179,elm,-73876.3,-51668.8,5485.4,-157.15,0.854
R3180,elm,-72007.1,-51918.3,5787.1,88.17,1.024
R3181,pine,-71757.6,-51718.5,5825.6,-159.99,0.955
R3182,pine,-70708.7,-51528.7,5363.2,25.32,1.194
R3183,elm,-69816.2,-51641.4,5029.3,-177.32,1.055
R3184,pine,-69197.4,-51683.8,4609.2,-22.52,1.209
R3185,pine,-67572.1,-51860.1,3950.1,-6.31,0.9
R3186,pine,72087.4,-51926.7,3388.9,-115.31,1.059
R3187,pine,73885.4,-51662.8,3711.3,-90.18,1.194
R3188,elm,75177.1,-51426.3,4189.4,-232.72,0.804
R3189,pine,75340.8,-51680.4,4248.3,-47.18,0.816
R3190,pine,76611.6,-51271.2,4810.5,-55.83,1.051
R3191,pine,77346.6,-51302.2,5035,-252.25,1.194
R3192,pine,77674.3,-51250.3,5104.3,1.63,0.884
R3193,pine,78720,-51883.9,5496.1,-172.46,0.907
R3194,pine,-79473.1,-51120.6,5978.5,-89.69,0.961
R3195,pine,-78584.7,-50916.6,5725.4,-175.81,1.051
R3196,pine,-77737.4,-51186.5,5555.2,-2.91,1.041
R3197,elm,-77556.3,-51151.5,5452.1,-174.48,1.047
R3198,pine,-76606.9,-50782.7,5478.3,-58.39,0.839
R3199,poplar,-75825.9,-50482.5,4994.3,56.77,0.859
R3200,pine,-74433.7,-50881.3,5364.6,-7.63,0.875
R3201,pine,-73792.6,-51192.5,5538.8,-266.43,1.213
R3202,pine,-73182.7,-50843.2,5810.7,-173.23,1.058
R3203,pine,-72329.8,-50699.8,5997.4,-178.89,1.153
R3204,elm,-71888.3,-50617.3,5931,-141.42,1.076
R3205,elm,-71120.4,-50649.5,5461.2,-50.14,1.049
R3206,elm,-69657.2,-50447.7,4530.5,-178.37,1.246
R3207,elm,-68168.9,-50895.9,4102.8,-34.95,0.833
R3208,pine,-67894.6,-50657.2,3861.9,-35.98,0.994
R3209,elm,73282.1,-50434,3980.4,-253.12,1.162
R3210,pine,73738.2,-50465.4,4112.9,-116.21,1.02
R3211,elm,75010.6,-50990.3,4331,-57.18,1.047
R3212,elm,75529.2,-50803.8,4489.5,-53.13,0.97
R3213,elm,76678.9,-51122.2,4781.4,-247.22,0.982
R3214,pine,76949.2,-51189.5,4913.2,-181.04,0.878
R3215,pine,78006.4,-50590.5,5247.7,-174.16,1.22
R3216,pine,78852.5,-50627.3,5718.5,-89.76,1.191
R3217,pine,-78755.8,-49664.1,5537.2,-123.03,1.056
R3218,elm,-77915.2,-50140.5,5397.2,-143.39,0.96
R3219,pine,-77055.6,-49957,5247.4,-154,1.062
R3220,pine,-76249.2,-50058.7,4949.9,-75.71,1.071
R3221,pine,-75497.3,-50049.7,5062.7,-88.61,1.1
R3222,pine,-75188,-49676.1,4971.6,-2.06,0.876
R3223,pine,-74169.1,-49622.5,5489.9,-128.23,1.015
R3224,pine,-73379.2,-49765.2,5431.2,-268.43,1.029
R3225,elm,-72355.5,-49744.5,5744.2,-267.3,0.814
R3226,pine,-71838.8,-50150.6,5842.6,26.62,0.917
R3227,pine,-70448.5,-50071.6,4718.8,83.54,1.23
R3228,pine,-69785.8,-50127.8,4426.7,70.28,1.234
R3229,poplar,-69273.5,-49827.7,3971.3,56.36,1.22
R3230,poplar,-68304,-49739.1,3508.1,-260.75,1.095
R3231,elm,-67832.2,-49837.3,3342.4,-14.2,1.028
R3232,elm,72734.7,-49871.9,3840.7,57.31,0.957
R3233,poplar,73400.1,-50207.1,4138.9,-88.44,1.213
R3234,pine,73968.6,-49875.3,4466.8,-262.87,0.921
R3235,elm,74963.6,-49775.8,4604.9,-175.01,1.213
R3236,poplar,75668.8,-49977.7,4523.3,89.93,0.885
R3237,pine,76106,-50353.5,4465.4,35.56,1.152
R3238,pine,76979.9,-50386.3,4707.2,-194.76,0.934
R3239,elm,78185.4,-50197.2,5341.8,-8.09,0.918
R3240,pine,78444.7,-50001.5,5537.9,-65.92,0.927
R3241,pine,79280.9,-50101.5,5544.7,73.9,0.828
R3242,pine,-78867.3,-49008.5,5440.4,-252.57,1.209
R3243,elm,-78029.3,-49055.4,5236.6,-52.38,1.186
R3244,pine,-77234.3,-49357.8,5266.3,-175.51,0.963
R3245,pine,-76555.1,-49089.3,5033.4,83.11,0.901
R3246,pine,-75719,-49594.9,4926.7,18.69,0.901
R3247,poplar,-74908.4,-49227.8,5071.1,-91.2,1.121
R3248,pine,-74258.6,-49409.1,5334.8,-88.61,0.895
R3249,pine,-73431,-48807.8,5120.8,-212.04,0.813
R3250,poplar,-72134.6,-49104.1,5507,2.77,1.119
R3251,pine,-71268.8,-48879.8,4746.4,-12.74,0.816
R3252,pine,-70726.1,-49211.3,4610,-260.79,1.185
R3253,pine,-70331.2,-49226.8,4413.2,-178.22,1.122
R3254,elm,73414.7,-49142.1,4422.8,-125.67,1.128
R3255,elm,73697.4,-49055.8,4628.1,-170.13,1.051
R3256,pine,74548,-49271,4614.6,69.16,1.07
R3257,elm,75903.2,-49590.8,4419.1,-254.58,1.078
R3258,elm,76651.5,-48916.3,4296.9,-219.31,1.23
R3259,elm,77345.4,-48845.3,4618.3,-38.46,1.236
R3260,pine,78315.4,-48924.2,5187.2,10.77,0.889
R3261,elm,78882.6,-48804.2,5315.7,-36.73,0.827
R3262,elm,79523,-49392,5285.3,9.69,1.056
R3263,pine,-78473.5,-48723.1,5393,26.17,1.212
R3264,elm,-77626.1,-48059.1,4975.1,-20.17,0.881
R3265,pine,-76845.9,-48376.4,5018.7,-253.32,1.247
R3266,pine,-76288.8,-48254.4,4942.9,-179.13,1.162
R3267,pine,-75550.5,-48767.3,4878.4,22.91,1.211
R3268,pine,-74236.6,-48076.6,4577.6,77.46,1.2
R3269,poplar,-73564.3,-48420.7,4904,-150.05,0.894
R3270,pine,-72061,-48476.9,5290.9,-35.05,1.237
R3271,pine,-71816.5,-48002.4,4885.3,-111.06,0.953
R3272,pine,-70924.9,-48386.4,4125.9,-212.37,1.113
R3273,pine,-69955.1,-48753.9,3991.9,57.9,0.967
R3274,elm,-68819.7,-48760.6,3330.9,-192.69,0.885
R3275,pine,71925.2,-48269.9,3197.4,-175.12,0.952
R3276,pine,73402.6,-48598.6,4384.6,47.47,1.052
R3277,elm,74244.9,-48699.4,4594.3,87.6,1.12
R3278,pine,74468.6,-48397.1,4600.3,-28.39,0.924
R3279,pine,75442.7,-48408.7,4300.8,-70.84,0.954
R3280,elm,76533.7,-48627.4,4307.2,-14.2,0.957
R3281,pine,77255.4,-48540,4440.7,-54.51,0.905
R3282,pine,77951.3,-48439.9,4811.6,-50.1,1.097
R3283,pine,78915.7,-48604.9,5243.5,78.06,1.111
R3284,poplar,79238.5,-48189.4,4987.3,78.3,0.996
R3285,pine,-79131.4,-47750.3,4884.3,-229.3,0.866
R3286,pine,-78264.8,-47666,5060.1,-249.27,1.137
R3287,pine,-77325.1,-47369.2,4755.4,-207.12,1.059
R3288,pine,-76510.3,-47809.6,4786.9,-242.51,0.832
R3289,pine,-75466,-47891.9,4686.9,-263.82,1.005
R3290,pine,-74787,-47491.9,4510.4,-198.22,0.859
R3291,poplar,-74127.7,-47457.5,4465.5,-246.42,0.833
R3292,pine,-73245.4,-47235.8,4736.4,-136.07,1.136
R3293,elm,-72372.7,-47776.3,5119.7,34.46,0.922
R3294,elm,-71833,-47709.8,4742.2,-139.1,0.815
R3295,pine,-69641.8,-47902.2,3564.6,-240.36,1.013
R3296,pine,71698.8,-47587.5,3228,12.38,0.856
R3297,pine,73222.8,-47336,4400.2,-43.24,1.087
R3298,poplar,74070.2,-47737.8,5029.4,20.95,1.006
R3299,poplar,74698.5,-47552.9,4831.9,35.4,1.212
R3300,elm,75217.9,-47429.8,4684.7,-30.31,0.891
R3301,pine,76762.9,-47330.7,4419,48.1,1.033
R3302,elm,77247.6,-47406.4,4428,-73.53,1.208
R3303,pine,77969.8,-47811.1,4611.4,-262.31,0.891
R3304,pine,78834.4,-47934.7,4864.3,60.16,1.041
R3305,pine,-78407.8,-46942.7,4916.7,-194.05,0.958
R3306,pine,-77917.6,-46437.4,5096.9,-55.62,1.042
R3307,pine,-77010.4,-46779.7,4653.8,-3.71,1.229
R3308,pine,-76578.7,-46607.2,4508.1,-105.85,1.137
R3309,pine,-75876.4,-46697.9,4511.8,-12.5,0.952
R3310,pine,-74225.1,-46824.2,4451.5,-174.14,1.068
R3311,poplar,-73026.9,-46573.2,4815.6,-71.43,1
R3312,pine,-72595,-46557.5,4750.1,-16.8,1.072
R3313,poplar,-71444.1,-46713.9,4129.2,-113.22,0.938
R3314,elm,-67505.4,-47041.5,2687.2,-263.07,1.092
R3315,pine,72016.3,-46481,3508.6,77.8,0.843
R3316,pine,73014.1,-46682.1,4205.7,-190.07,0.905
R3317,pine,74131.9,-46644,5189.5,-75.97,0.944
R3318,pine,74893.9,-46706.1,5057.8,-24.65,0.978
R3319,poplar,75728.1,-46931,4746.3,41.84,1.14
R3320,poplar,76616.8,-46587.5,4660.3,-92.29,0.806
R3321,pine,77203.5,-46692.3,4604.1,-153.97,0.831
R3322,pine,78149.4,-47082.9,4647.5,5.23,1.143
R3323,elm,78572.8,-46937.8,4733,-206.58,0.883
R3324,pine,79407.8,-46876.1,4760.6,48.42,0.944
R3325,poplar,-79458,-46170.1,4677,-213.51,0.801
R3326,pine,-79115.8,-46036,4723.6,-217.16,1.192
R3327,elm,-77752.8,-45654.8,4921.5,-59.25,1.141
R3328,pine,-77291.5,-45993.8,4615.2,61.69,1.215
R3329,pine,-76523.1,-46005.4,4419,54.64,0.906
R3330,pine,-75647.9,-46259.1,4474.7,40.82,1.19
R3331,pine,-74627.4,-46033.7,4536.7,-174.6,0.886
R3332,elm,-74322.1,-45613.5,4430.7,-241.84,1.086
R3333,elm,-72827.9,-46031,4760.5,-191.71,1.112
R3334,poplar,-72541.2,-45908,4716.3,-81.99,1.118
R3335,pine,-71485.8,-45954.6,4239.8,44.61,1.112
R3336,elm,-70599.8,-45781,3649.7,9.24,1.118
R3337,elm,-69834,-46264.8,3258.6,-168.57,1.224
R3338,elm,-69057.8,-45740.4,3165.5,-127.74,0.916
R3339,pine,-68762.9,-46184.7,3102.4,-125.68,0.855
R3340,elm,72258.5,-46361.5,3655.5,-142.72,0.837
R3341,elm,73565.1,-45705.4,4256.5,-72.89,1.209
R3342,pine,74315.7,-45797.6,4825.9,-200.65,1.083
R3343,poplar,75195.5,-45865.3,4751.8,-193.2,1.015
R3344,pine,75647.8,-45802.7,4625.4,-137.95,0.847
R3345,elm,76174.7,-46115.1,4612.3,-146.66,1.195
R3346,pine,76980.1,-45804.6,4506.7,75.59,1.142
R3347,pine,77915.7,-46042.8,4662.2,-117.95,0.964
R3348,elm,78963.9,-45741.6,4990.3,-84.52,1.224
R3349,pine,79220.1,-46006.4,4909.6,42.89,1.072
R3350,pine,-79041.3,-45006.8,4731.9,-262.03,0.88
R3351,poplar,-77966.1,-45530.8,5024.5,-112.08,1.133
R3352,pine,-77487.2,-45097.9,4684.2,32.66,1.206
R3353,pine,-76299.6,-44923.4,4504.4,89.78,0.801
R3354,pine,-75750.1,-45071.7,4417.2,-157.82,0.877
R3355,pine,-74582.8,-45463.7,4398.1,22.32,1.001
R3356,pine,-74281.4,-44932.5,4234.6,-229.34,0.855
R3357,pine,-73249.7,-44813.8,4375,-83.98,1.225
R3358,pine,-72124.1,-45495,4638,-173.13,1.204
R3359,poplar,-71834.4,-45584.4,4532.7,-96.39,1.035
R3360,pine,-70855,-44864.3,3652.9,-191.66,0.82
R3361,pine,71809.7,-45544.3,3442.1,-101.01,0.95
R3362,elm,72245.2,-44853.2,3806.4,-206.59,1.172
R3363,elm,73191.2,-44873.6,4198,-3.9,1.079
R3364,pine,74035.3,-45539.2,4583.4,-194.52,0.996
R3365,poplar,74434.9,-45045.8,4634.2,89.07,1.186
R3366,pine,75893.4,-44819.8,4526,-47.29,0.813
R3367,pine,76713.2,-44883,4684.8,-65.88,0.813
R3368,poplar,77477,-45128.6,4597.9,-59.16,0.938
R3369,pine,77762.2,-44875.2,4573.6,-212.08,0.848
R3370,elm,78974.3,-44809.8,4795.6,-55.95,1.212
R3371,elm,79300.3,-45529.7,5073.3,-234.06,1.212
R3372,pine,-78846.5,-44409.9,4938.1,-121.2,0.844
R3373,elm,-78339.9,-44434.2,4939.3,-150.99,1.209
R3374,pine,-77530.1,-44682.5,4725.7,-139.77,0.955
R3375,pine,-76548.2,-44032.4,4807.9,51.69,0.966
R3376,pine,-75841.8,-44649.9,4590.2,-204.19,0.953
R3377,pine,-75171.1,-44576.3,4366,-199.93,0.894
R3378,pine,-73745,-44284.3,4165.3,-75.29,1.202
R3379,poplar,-72231.1,-44441.6,4379,-79.02,1.15
R3380,elm,-71999.7,-44303.2,4319.5,-3.15,1.12
R3381,poplar,-70377.9,-44243.2,3292.9,-174.25,1.206
R3382,poplar,72512.3,-44206.9,4009.1,-76.31,1.021
R3383,pine,73334.1,-44599.4,4290.8,-8.51,1.085
R3384,poplar,73664.4,-44198.1,4560.3,-48.87,0.805
R3385,pine,74556.6,-44544.8,4683.2,-182.7,1.244
R3386,pine,75752.4,-44287.3,4563.3,-112.76,1.21
R3387,pine,76612.9,-44605.2,4698.7,-183.98,0.859
R3388,pine,77546.4,-44699.4,4622.4,23.86,0.923
R3389,pine,78284,-44351.8,4670.6,40.61,0.962
R3390,pine,78944.6,-44444.1,4729.2,7.59,1.134
R3391,elm,79520.6,-44140.1,4615,-5.69,0.903
R3392,pine,-78485.1,-43350.9,5119.5,-40.67,0.959
R3393,pine,-78107.3,-43323.4,4986.1,-231.03,0.83
R3394,elm,-76860.3,-43551,4876.4,-66.54,1.247
R3395,pine,-76512.4,-43742.8,4865.8,47.75,1.183
R3396,elm,-75564.4,-43328.9,4325.1,69.46,1.066
R3397,elm,-74633.5,-43788.2,4225.2,-48.84,1.036
R3398,elm,-73261.5,-43979.4,4153.6,-194.31,1.056
R3399,pine,-72027.6,-43202.4,4133.6,-247.46,1.158
R3400,pine,-67785.1,-43372.7,2875.6,-106.7,0.944
R3401,pine,70892.3,-43981.1,3506.8,-249.78,1.23
R3402,elm,71296,-43484.7,3903.8,76.13,1.091
R3403,elm,72588.9,-43813.6,4173.8,79.96,0.801
R3404,pine,73546,-43309.1,4669,-154.9,0.866
R3405,pine,74130.5,-43758.9,4636.3,-198.55,0.983
R3406,elm,74418,-43771.6,4666.7,20.82,0.867
R3407,elm,75335.1,-43941.4,4597.9,-75,1.131
R3408,pine,76004.9,-43518,4808.9,-69.49,1.091
R3409,pine,77262.2,-43677.7,4749.5,74.39,0.837
R3410,pine,78283.2,-43896.8,4689.3,-42.7,1.15
R3411,elm,78447.6,-43697.7,4604.4,-218.2,0.956
R3412,elm,-79034.8,-42769,4857.3,75.21,0.803
R3413,elm,-78364.1,-42759,4859.3,89.44,0.919
R3414,poplar,-76941.3,-42695.6,4897.1,-269.2,1.162
R3415,pine,-76503,-42957.8,4823,47.69,0.92
R3416,elm,-75457,-43123.6,4291.5,-202.56,1.155
R3417,pine,-74664.5,-42789.2,4240.8,-214.83,1.205
R3418,pine,-74051.9,-42541.8,4207.6,-82.71,0.922
R3419,pine,-72180.4,-42526.5,4160.2,-95.34,0.911
R3420,elm,-71810.1,-42582.1,4085,-158.53,0.826
R3421,pine,70977.4,-42899.9,3849.8,-9.74,1.094
R3422,pine,71839.5,-42819.2,4459.9,-239.17,0.984
R3423,pine,72528.5,-42894.7,4613.9,76.02,1.162
R3424,elm,73412.6,-43155.8,4652.1,21.26,0.826
R3425,elm,73778.8,-42873.9,4849.4,-232.95,0.986
R3426,poplar,74513.5,-42639.2,5016.5,-120.34,0.927
R3427,poplar,75686.6,-42973.6,4709.3,-106.9,1.075
R3428,pine,76159.8,-42433.5,4641.1,34.19,0.866
R3429,elm,77322.5,-42670.9,4590.9,-85.78,0.889
R3430,pine,77763.2,-43100.3,4576.9,-197.54,0.955
R3431,poplar,78558.8,-43009.9,4433.3,54.68,1.058
R3432,elm,-78873.6,-41684.9,4615.5,82.66,1.169
R3433,pine,-78152.5,-41666.6,4799.5,-174.87,1.04
R3434,poplar,-76961,-41883.9,4812.4,-92.23,0.855
R3435,pine,-76072.7,-41793.8,4614.6,-124.7,0.83
R3436,pine,-73697,-42131.1,4229.4,-192.63,1.154
R3437,pine,-72974.1,-41881,4410.4,47.29,0.844
R3438,pine,-72322.3,-41763.3,4379.6,17.4,1.089
R3439,pine,-71590.4,-41763.8,4158.5,27.11,1.024
R3440,pine,-70974.2,-41730,4026.5,-144.09,1.077
R3441,elm,-69663.5,-41863.6,3693.4,29.89,1.04
R3442,poplar,-69433.4,-42360.5,3502.9,-44.04,1.23
R3443,elm,-67944.6,-41901.3,3418.3,-222.65,1.224
R3444,pine,-64316.5,-41932,2870.4,-113.91,0.87
R3445,poplar,71164.6,-41746.1,4599.2,-6.83,1.15
R3446,poplar,71480.2,-42319,4514.1,-85.01,0.816
R3447,elm,72029.4,-41979.9,4740.6,-173.88,0.985
R3448,pine,73453.7,-42191.5,5040.3,-211.8,1.213
R3449,elm,73704.8,-42229.1,5113.8,-106.49,0.913
R3450,pine,74764.7,-42199.9,5115.8,-81.48,0.878
R3451,pine,75776.5,-41819.8,4741.4,-70.56,0.863
R3452,elm,76348.9,-42327.1,4658.7,-154.36,1.004
R3453,poplar,77539.3,-41637.4,4649.9,-27.98,1.11
R3454,poplar,78009.5,-42050.3,4509,-216.35,1.013
R3455,elm,79102.6,-41736.3,4313.3,47.28,1.025
R3456,pine,-79341.4,-41088.2,4444.5,65.54,0.816
R3457,pine,-78555,-41549.4,4655.2,-232,1.184
R3458,elm,-78348.5,-41247.8,4610.4,-46.46,0.947
R3459,elm,-76990.1,-40905.3,4775,-57.97,1.213
R3460,pine,-76267.1,-41116.7,4703.7,-45.03,1.191
R3461,pine,-75279.8,-41060.6,4551.4,6.38,0.845
R3462,elm,-74606.6,-41150.2,4463.5,-201.95,0.856
R3463,pine,-72939.3,-40890,4624.3,-68.38,0.971
R3464,elm,-71824,-41193.6,4528.9,-42.54,1.048
R3465,poplar,-70658.4,-40954.1,4161,-16.73,0.949
R3466,pine,-69632.7,-41113.2,3917,-108.63,0.83
R3467,pine,-69250.6,-41119.1,3935.1,-62.64,0.91
R3468,elm,-68333.8,-40805.3,3726.9,8.89,0.907
R3469,elm,-67799.4,-41033.4,3491.5,-104.14,1.113
R3470,pine,-66344.7,-41481.3,2996.6,-248.41,0.81
R3471,pine,-64921.8,-41433.8,3041.7,-203.82,1.108
R3472,poplar,-64639.3,-41007.3,3208.3,-102.15,1.044
R3473,elm,-63060,-40952.8,3024.3,-61.85,1.23
R3474,pine,70008,-41309,3920.2,27.46,0.945
R3475,elm,71016.8,-41490.8,4644.3,89.39,0.984
R3476,elm,71580,-40998.3,4865.4,-138.68,1.064
R3477,pine,72679.6,-41168.6,4908.4,-204.83,1.166
R3478,pine,73095.5,-40945.6,5057.7,-81.62,1.055
R3479,pine,73768.1,-40817.5,5079.1,-11.19,1.103
R3480,poplar,74681.9,-41582.6,5199.4,85.77,1.196
R3481,pine,75384,-41392.4,5056.3,36.96,1.153
R3482,pine,76667.8,-41319,4717.5,-23.2,0.976
R3483,elm,77177.1,-41051.7,4724.4,-142.49,1.19
R3484,elm,77842.3,-41304,4616,-27.24,1.233
R3485,elm,78580.4,-41593.8,4490.3,-130.47,1.102
R3486,pine,79488.5,-41075.2,4277.6,-253.76,1.027
R3487,pine,-78797.9,-40283.6,4248,24.81,1.149
R3488,pine,-78181.9,-40138.2,4334.4,-163.05,1.18
R3489,pine,-77574.8,-40626.7,4708,-10.66,1.073
R3490,pine,-76421.3,-40639.7,4668.3,-181.32,1.068
R3491,pine,-74783.9,-40128.5,4595,-71.23,1.014
R3492,pine,-73847.5,-40418.2,4526,71.6,0.883
R3493,elm,-73087.6,-40310.5,4660.6,-214.09,1.162
R3494,pine,-70526.3,-40557.7,4264.7,62.41,0.83
R3495,pine,-70233.2,-40644.8,4225.2,-50.97,0.926
R3496,elm,-68912.2,-40746.3,4016.1,-244.28,1.053
R3497,poplar,-64206.2,-40010.9,3601.5,-34.38,0.867
R3498,poplar,68437.6,-40780.6,3513.5,-143.17,1.028
R3499,pine,69276.3,-40613.2,3858.9,-136.76,0.849
R3500,pine,69691.4,-40676.8,4022.3,32.39,1.154
R3501,pine,70683.9,-40148.9,4415.9,68.76,0.943
R3502,poplar,71769.5,-40762.7,4719,-129.12,1.043
R3503,pine,72288.3,-40714.6,4727.9,73.96,1.15
R3504,pine,72903.2,-40020.2,4529.4,-183.04,0.912
R3505,pine,73798.2,-40565.4,4874.8,-213.7,1.145
R3506,pine,74974.2,-40353.7,5271.1,-191.91,1.046
R3507,elm,75267.6,-40431.2,5137.6,83.57,0.815
R3508,poplar,76440.4,-40551.2,4918.4,-72.19,1.11
R3509,elm,76856.6,-40091.4,4910.4,-75.96,1.066
R3510,pine,77957.4,-40781.1,4499.9,-114.1,0.993
R3511,elm,78823.9,-40756.8,4559.1,-42.48,1.203
R3512,pine,-78809.9,-39942.2,4223.2,-21.53,1.097
R3513,elm,-77923.7,-39501.3,4365.8,-264.85,0.942
R3514,pine,-77220.3,-39871.1,4658.9,85.22,1.004
R3515,elm,-76184.4,-39782.1,4559.6,74.32,0.842
R3516,pine,-75807,-39968.7,4497.5,-103.34,1
R3517,pine,-74745.4,-39488,4702,-210.36,0.909
R3518,pine,-71551.5,-39526.3,5010.2,-61.31,0.919
R3519,elm,-70719.1,-39652.2,4636.3,-65.87,0.803
R3520,poplar,-69905.6,-39251,4573.3,-225.2,0.847
R3521,pine,-68460.5,-39948.3,4073.1,3.14,1.218
R3522,pine,-67788.6,-39651,3963.9,-106.53,1.219
R3523,pine,-66789.8,-39275,4027.2,-15.93,1.219
R3524,elm,-64807.9,-39585.2,3672.1,42.32,1.129
R3525,pine,-63479.8,-39601.1,3786,66.31,1.141
R3526,pine,-60048.4,-39298.5,2976.5,-25.6,0.89
R3527,pine,68324.1,-39479.7,3612,-126.94,1.226
R3528,pine,70845.4,-39244.9,4090.3,75.47,1.114
R3529,pine,71890.2,-39422.1,4211.1,43.7,0.964
R3530,elm,72670.9,-39863.9,4519.5,81.29,0.846
R3531,poplar,72924.7,-39211.1,4127,-149.21,1.089
R3532,pine,74164.9,-39469.8,4527.9,37.17,1.038
R3533,elm,74684.5,-39890.2,4946.3,52.47,1.03
R3534,pine,75231.7,-39476.2,5087.9,49.92,0.987
R3535,pine,76612.8,-39622.7,5198.9,-81.43,0.972
R3536,poplar,77430.1,-39717.4,4848.3,-121.28,1.035
R3537,pine,78209.7,-39534.4,4466.7,-51.88,1.12
R3538,pine,78445.2,-39649.6,4496.1,-97.75,0.834
R3539,pine,79251.9,-39752.5,4314.3,30.84,0.84
R3540,pine,-79499.5,-38451.9,4347.9,-45.52,0.847
R3541,pine,-78739.3,-38418.7,4143.3,13.97,1.091
R3542,pine,-78064.9,-38963.4,4220.2,-21.33,1.109
R3543,pine,-77122.1,-38524.8,4521.2,81.33,1.043
R3544,pine,-76108,-39039,4464,-149.34,0.998
R3545,elm,-75003.8,-38886.8,4655.6,88.41,1.193
R3546,poplar,-74055.8,-38766.9,5007.2,-243.43,0.922
R3547,poplar,-69815.5,-38529.9,4595.4,-134.34,1.065
R3548,elm,-69151.7,-38521.5,4223.1,48.3,1.195
R3549,pine,-61391.5,-39180.6,3268.7,-178.46,1.188
R3550,poplar,-60424.2,-38481.3,3158.3,-18.59,0.831
R3551,pine,-59731.2,-38671.7,2843.4,33.82,0.98
R3552,pine,67862.7,-38453.7,3552.8,-18.68,0.863
R3553,pine,68035.1,-38913.8,3550.6,27.87,1.073
R3554,poplar,69102.6,-38567.4,3791.8,-158.83,1.161
R3555,pine,70468.4,-38975.4,4017.2,-166.47,0.973
R3556,elm,71421.7,-39043.6,4080.9,-101.45,1.002
R3557,elm,72362,-38717.3,4003.8,-102.45,0.815
R3558,pine,73469.2,-38560.2,4147.1,-131.3,1.195
R3559,pine,74386.4,-38817.9,4411.3,-71.35,0.995
R3560,pine,74674.9,-38686.3,4532.9,-46.48,0.949
R3561,pine,75623.5,-38744,4736.5,-17.73,1.151
R3562,elm,76347.2,-38852.1,5138.7,-178.69,1.141
R3563,elm,77313.8,-38722.6,5005.7,-188.7,0.843
R3564,pine,77673.8,-38845.6,4857.1,-89.07,1.201
R3565,elm,78875.2,-38547,4343.3,81.45,0.907
R3566,elm,-79336.1,-37781.4,4486,-181.3,0.907
R3567,poplar,-78485.4,-37956.2,4280.2,-139.45,1.02
R3568,pine,-77892.1,-38021.5,4374.6,27.45,1.083
R3569,poplar,-76927.5,-38011.9,4491,-6,1.009
R3570,pine,-76629.1,-38274.9,4434.4,-60.52,0.898
R3571,pine,-75633.3,-38283.6,4504.1,-17.05,0.924
R3572,poplar,-74959.8,-38359.3,4763.4,-105.44,1.195
R3573,elm,-74069.8,-38225.6,5015.6,-212.41,1.106
R3574,pine,-70333.8,-38306.8,4769.3,-108.82,1.196
R3575,pine,-69339.9,-38120.8,4354.2,-96.25,1.042
R3576,pine,-63386.4,-38259.9,3454.8,-136.06,0.947
R3577,pine,68244.5,-37858,3673.2,63.01,0.885
R3578,elm,69634.1,-37670.1,3986.1,-237.99,1.098
R3579,pine,71094.1,-38380.4,4057.6,50.25,1.142
R3580,pine,71600.2,-37825.1,3755.2,-267.66,1.221
R3581,pine,72069.7,-38236.9,3932.7,-118.57,1.19
R3582,pine,73318.2,-37613.2,4083.1,61.45,1.115
R3583,elm,74201.8,-37955.6,4367.5,-41.8,1.095
R3584,elm,74547.2,-37844.4,4337.9,-126.19,0.869
R3585,poplar,75262.2,-37627,4092,-120.03,1.138
R3586,poplar,76430.6,-38353.2,4892.2,-139.91,1.127
R3587,elm,76984.3,-38036.1,4910.5,-243.39,0.938
R3588,pine,78357.3,-38321.4,4407.6,10.44,1.076
R3589,pine,78860.9,-38298.8,4334.2,-127.54,1.014
R3590,pine,79452,-37902.7,4329.7,60.88,1.243
R3591,elm,-78708.5,-37378,4377.8,12.43,0.841
R3592,pine,-77805.4,-37556.9,4361.4,-76.04,1.084
R3593,pine,-76935.8,-37476,4644.3,-112.25,1.033
R3594,pine,-76651.5,-37422.1,4582,48.51,0.803
R3595,poplar,-75592.6,-37404.2,4690.4,-117.61,0.958
R3596,pine,-74919.7,-37177,4732.1,-243.64,0.819
R3597,pine,-73342.2,-36942.7,5507.5,-99.72,0.931
R3598,pine,67738.6,-37284.3,3609.9,0.87,0.873
R3599,elm,68400.2,-37044.2,3878.4,-245.07,1.09
R3600,pine,69039.2,-37128.7,4013.3,-241.81,1.232
R3601,elm,69804,-37323,4171.9,77.86,1.003
R3602,elm,70404.7,-37296.7,4212.6,-132.75,1.04
R3603,elm,71501,-37161.1,3678.1,54.92,1.2
R3604,pine,72197.9,-36900.7,3530.6,-172.32,0.97
R3605,poplar,73299,-36854.6,3849.1,75.03,1.015
R3606,pine,74259.5,-36967.6,3940.1,-109.64,0.927
R3607,elm,75129.7,-37092.1,3956.9,-46.39,1.24
R3608,pine,75466.9,-36890.1,3928.8,87.19,1.193
R3609,poplar,76420.5,-37255,4264.7,45.75,0.993
R3610,pine,77078.3,-37156.1,4679.8,-151.01,1.088
R3611,poplar,78352.1,-37347.2,4506.6,26.83,0.896
R3612,poplar,78722.9,-37564.6,4291.9,-56.52,1.232
R3613,elm,79419,-37070.9,4357,-207.79,1.123
R3614,elm,-79022.8,-36789.4,4686.4,31.1,0.985
R3615,pine,-78113.1,-36007.7,4752.8,-157.18,0.872
R3616,pine,-77461.2,-36444,4605.8,-107.59,0.957
R3617,pine,-76281.9,-36515.1,4766.2,-208.05,1.048
R3618,elm,-75965.8,-36223.5,4846,17.31,0.979
R3619,pine,-74983.5,-36366,5020.9,-268.06,1.208
R3620,pine,-73818.6,-36765.7,5499.7,-234.71,0.912
R3621,pine,-73532.2,-36426.8,5820.3,-251.17,0.961
R3622,pine,-72446.7,-36312.9,5653.7,-237.61,1.127
R3623,elm,-68070.3,-36425.3,3836.9,-194.23,1.088
R3624,poplar,67504,-36472.7,3687.9,31.82,1.035
R3625,elm,68212.6,-36183.4,4112.3,-37.25,1.216
R3626,elm,69594.3,-36774.7,4267.9,18.15,1.168
R3627,elm,69987.7,-36674.1,4146.5,-214.33,0.808
R3628,pine,71036.8,-36455,3770.1,-99.73,0.867
R3629,poplar,71978.3,-36134.6,3591.7,-54.26,0.958
R3630,pine,73034.5,-36249.8,3610,-93.98,0.837
R3631,poplar,74069.6,-36283.1,3871.4,-129.83,0.987
R3632,elm,75741.4,-36130.5,4187.6,-221.6,1.058
R3633,pine,76074.6,-36492,4156.5,-252.74,0.827
R3634,pine,77198.4,-36042.9,4182.8,79.5,0.861
R3635,pine,77802.9,-36060.1,4277.3,-216.31,1.029
R3636,elm,78999.5,-36045,4584.5,-256.5,1.215
R3637,poplar,-79334.3,-35490.2,4913.5,72.85,0.881
R3638,elm,-78575.5,-35552.2,4815.6,-175.68,1.184
R3639,pine,-77995.7,-35656.5,4725.6,-82.6,0.96
R3640,elm,-77537.3,-35529.7,4636,-165.57,1.184
R3641,elm,-76234.5,-35950.6,4782.2,-259.92,1.103
R3642,elm,-75479.5,-35491.3,4830.9,-99.76,1.193
R3643,pine,-74753.4,-35761.5,5179.6,-42.01,0.861
R3644,poplar,-74193.8,-35914,5487.8,-134.21,1.078
R3645,pine,-73342.4,-35204.5,5348.1,-23.88,0.894
R3646,elm,67682.2,-35670.7,3695.5,-179.52,1.169
R3647,pine,68138.9,-35645.3,4111.6,-25.1,1.028
R3648,poplar,69544.3,-35689.5,4411.5,-178.94,1.15
R3649,poplar,69970.1,-35568,4414.8,-193.83,0.823
R3650,pine,70400.7,-35652.6,4278.6,-261.57,0.816
R3651,pine,71970.2,-35845.5,3686.6,-61.15,1.233
R3652,elm,72733.2,-35204.5,3818.6,80.97,1.096
R3653,pine,73099.9,-35854.5,3682.4,-41.81,0.88
R3654,pine,73621.7,-35824.7,3823.4,-72.96,0.838
R3655,elm,74467.6,-35339,3974.2,-242.96,0.899
R3656,poplar,75880,-35750.6,4320.7,10.64,1.227
R3657,pine,76676.1,-35631.4,4201,-22.84,0.942
R3658,elm,77296.1,-35288.2,4198.4,-35.76,1.221
R3659,pine,78219.1,-35503.9,4544.7,-57.31,1.218
R3660,pine,78501.4,-35619.9,4668.8,-137.18,0.883
R3661,pine,79556.9,-35224,4750.4,-112.52,1.206
R3662,elm,-79388.9,-34577.5,5221.4,-149.19,1.083
R3663,pine,-78942,-35170.9,5040.4,-16.09,0.815
R3664,poplar,-78285.4,-34959.6,4916.7,-254.52,0.801
R3665,pine,-77167.1,-34874.7,4525.3,-104.84,0.917
R3666,pine,-76597.8,-35077.8,4647.4,-139.88,0.992
R3667,poplar,-75734.1,-35145.1,4789.2,-68.59,0.916
R3668,elm,-74639.7,-34924.2,4770.3,-250.99,1.143
R3669,poplar,-74370.6,-34725.3,4803.7,66.92,0.828
R3670,pine,-72035,-34522.2,4751.7,-104.16,0.865
R3671,elm,-67842.5,-34902.2,3392.9,-114.65,0.822
R3672,pine,68963.3,-34492.2,4524.7,-81.91,1.156
R3673,elm,70238.7,-34440.6,4735,64.08,1.045
R3674,elm,70640.6,-35046.1,4417.6,-181.09,0.885
R3675,pine,71441.1,-34608.4,4471.4,-194.94,1.071
R3676,pine,74288.5,-35021.6,4048.5,-66.14,0.916
R3677,pine,74597.6,-34603.2,4339.6,68.03,1.151
R3678,elm,75798.5,-35029.6,4478.7,-246.62,0.923
R3679,pine,76332.3,-34572.4,4553.1,-252.83,0.827
R3680,pine,77226.3,-35173.1,4185.2,-252.53,1.046
R3681,pine,78031.6,-34655.5,4784.9,-258.99,1.044
R3682,pine,78611.3,-34880.6,4977.2,-258.77,0.924
R3683,elm,-79522.7,-34194.5,5386.7,-168.49,1.016
R3684,pine,-78649,-33823.5,5084.7,-234.88,0.833
R3685,pine,-77667,-34009.4,4706.6,-87.22,0.935
R3686,pine,-77187.8,-33726.6,4596.5,-244.56,0.83
R3687,pine,-76055.2,-34326,4537.8,55.05,1.196
R3688,pine,-75749.7,-34188.7,4523.1,6.38,0.834
R3689,elm,-75094.7,-33723.5,4557,-131.46,1.097
R3690,pine,-74025.9,-34122.2,4795.5,-191.96,0.823
R3691,pine,-69952.9,-34108.8,3945.1,-90.64,1.047
R3692,pine,-68508.4,-33984.1,3347,-149.05,1.021
R3693,pine,67892.9,-34391,3652.6,-83.53,1.088
R3694,pine,68607.5,-33860.2,4153,80.72,1.225
R3695,elm,69119.2,-33672.3,4337.5,-66.58,1.185
R3696,pine,70313.5,-33673.9,4950.9,85.9,1.017
R3697,elm,70632.4,-34360.4,4852.2,-69.88,1.015
R3698,elm,71842.5,-33936.6,4733.9,21.15,1.244
R3699,pine,72783,-33746.4,4620.6,12.64,1.081
R3700,pine,73358.7,-34160.1,4668.7,-243.69,0.895
R3701,pine,74353.4,-33711.6,4616.8,-153.42,0.859
R3702,pine,74929.5,-34297.5,4574.9,-86.88,1.144
R3703,pine,75273.1,-33967.1,4664.2,-256.03,1.016
R3704,elm,76288.6,-33983.5,4898.1,12.37,0.829
R3705,pine,76808,-33844.5,5035.6,22.24,1.165
R3706,elm,78461.2,-33607.9,4963.1,73.04,1.119
R3707,pine,-78639.4,-33452.5,5078.6,-74.31,1.105
R3708,poplar,-78186.6,-33065.8,4853.2,-202.28,1
R3709,elm,-77587.5,-33071.7,4652.6,-208.24,0.817
R3710,pine,-76305,-32958.2,4648.4,-87.01,1.174
R3711,elm,-75531.2,-32991.1,4612.1,-8.72,0.833
R3712,pine,-74530.3,-33284.8,4683.7,-14.6,0.97
R3713,pine,-74233,-32879.8,4570.6,-38.72,1.12
R3714,poplar,-73283.9,-33189.6,4305.7,35.28,1.19
R3715,elm,-71017.7,-32959.1,3919.2,-66.7,1.025
R3716,pine,68845.6,-33001.6,3981.5,-147.96,0.995
R3717,pine,70041,-33596.4,4769.2,-60.49,1.019
R3718,pine,70835.8,-33341.4,5066.4,88.25,0.926
R3719,pine,71566.4,-32893.1,5163.5,-66.25,0.88
R3720,pine,72533.6,-33008.2,4908.9,-194.01,1.008
R3721,pine,73082,-33215.1,4707.6,-220.88,1.035
R3722,pine,74543.7,-33185.1,4430.7,-2.55,0.86
R3723,pine,75591.1,-33405.7,4496.7,80.91,0.805
R3724,elm,76130.4,-33550.5,4661.2,56.43,1.083
R3725,elm,77129.1,-33216.9,4886.2,-112.38,0.901
R3726,poplar,78067.4,-33143.2,5024.3,-176.1,0.826
R3727,pine,-78790.9,-32309.1,5255.9,-163.27,0.959
R3728,pine,-78137.8,-32542.1,4944,-5.47,1.001
R3729,pine,-76815.7,-32313,4825.1,-105.06,1.07
R3730,pine,-76499.3,-32029.9,4854,-173.92,1.215
R3731,pine,-75807,-32559.7,4649,-149.09,0.951
R3732,elm,-75194.3,-32187.3,4826.2,-198.42,0.862
R3733,elm,-71713.6,-32403.5,3968.5,-143.49,1.204
R3734,elm,-70059.2,-32682,3488,-183.31,1.036
R3735,poplar,69162.3,-32651.3,3950.8,80.62,1.018
R3736,pine,69849.5,-32617.5,4223.2,-233.54,0.821
R3737,elm,71536.2,-32372.2,5372.8,-79.84,1.075
R3738,pine,77499.9,-32406.1,4916.2,-164.68,1.17
R3739,pine,78268.8,-32570.4,4952.3,-212.52,1.025
R3740,poplar,79113.5,-32203.2,5293.5,-16.86,0.963
R3741,pine,-79327.6,-31356.7,5574.1,-144.33,0.955
R3742,poplar,-78965.5,-31545.8,5432.1,9.04,1.118
R3743,pine,-77930.6,-31791.8,5070,-25.74,1.146
R3744,elm,-77140,-31491.7,5118,69.71,0.919
R3745,pine,-76380,-31704.2,4838.8,-153.05,0.81
R3746,pine,-75922.4,-31212.1,4820.9,46.81,1.082
R3747,poplar,-72765.7,-31419.7,3957.6,-107.38,0.907
R3748,pine,69648.4,-31224.6,3931.5,-46.77,1.107
R3749,pine,70755.7,-31271.7,4815.2,-241.79,0.945
R3750,elm,71500.7,-31249.3,5151.1,-13.99,1.117
R3751,elm,72125.1,-31764.1,5478.2,-33.16,0.911
R3752,pine,73314.7,-31664.5,5335.8,15.43,1.196
R3753,pine,75338.5,-31844.1,4490,-236.89,1.114
R3754,elm,76683.7,-31480.5,4670.7,-138.14,1.164
R3755,elm,79444.5,-31643.6,5386.1,-251.09,1.029
R3756,elm,-78962.9,-30708.6,5534.2,-131.33,0.915
R3757,pine,-78110.7,-30603.5,5280.2,-173.97,1.248
R3758,elm,-77428.4,-30912,5191.6,-125.23,0.893
R3759,pine,-76335.5,-30792.6,5053.7,-186.85,0.907
R3760,elm,-75660,-31194.3,4844.2,-15.27,1.138
R3761,pine,-72672.2,-31093.3,4016.2,-56.68,0.846
R3762,elm,70133.2,-31145.7,4263.9,-90.08,1.109
R3763,pine,73322.3,-30638.3,5326.2,-127.43,1.041
R3764,pine,76441.4,-31165.9,4676.7,-112.8,0.953
R3765,pine,78369.4,-31063.2,5039.7,-33.49,1.189
R3766,elm,-79540.3,-29644.6,6031.8,38.37,1.13
R3767,elm,-78710.3,-30310.3,5597.7,-189.98,1.092
R3768,pine,-78296.9,-29972.2,5568.8,-165.81,0.947
R3769,pine,-77074.9,-29651.9,5607.9,-240.6,0.921
R3770,elm,-76400.5,-30048.4,5335.3,-102.37,1.115
R3771,elm,71069.4,-30068.9,4386.2,-254.9,1.25
R3772,poplar,71515.6,-30164.5,4622.2,66.8,1.151
R3773,elm,72584.7,-29739.1,5129.6,-178.62,1.056
R3774,pine,75611,-29720,4954.2,-212.67,1.095
R3775,pine,76500,-30145.4,4834.1,-75.21,0.963
R3776,pine,78993.4,-30009.2,5106.5,17.93,1.212
R3777,pine,79574,-29642.9,5241.4,71.69,0.963
R3778,pine,-79577.7,-29492.4,6165.5,-108.07,1.193
R3779,pine,-79152.4,-29387.1,6108.2,-120.88,1.228
R3780,elm,-78322.5,-28987.1,5986,3.38,1.025
R3781,pine,-77413.9,-29495.2,5728.3,48.53,1.018
R3782,pine,71417.9,-28949.6,3769.4,-116.83,1.07
R3783,elm,72824.6,-29178.1,5142,-161.33,0.827
R3784,pine,73970.1,-29562.2,5397.8,-127.67,0.897
R3785,pine,74516.7,-29008.9,5409.5,79.57,1
R3786,poplar,75555.6,-28832.3,4655.7,-232.45,1.211
R3787,pine,76582.6,-28989,4834.7,-126.77,0.821
R3788,pine,78069.2,-28997.7,4538,-140.28,0.988
R3789,elm,78482.3,-28819.2,4076.9,-192.6,0.908
R3790,elm,79584.4,-29153.5,4461.8,18.99,0.809
R3791,elm,-79095.3,-28228.7,5557.4,43.78,1.051
R3792,pine,-77642.4,-28754.5,5754,-139.86,1.055
R3793,elm,-76909.2,-28199.7,5107.7,-19.13,1.24
R3794,poplar,73105.8,-28433.7,3911.2,72.8,0.803
R3795,pine,75023.5,-28396.3,3695.6,53.11,1.068
R3796,pine,76582.1,-28679.9,4320.6,-148.15,1.16
R3797,pine,77619.3,-28610.4,3597.3,-227.72,0.826
R3798,elm,79092.1,-28643,3756.4,-8.67,0.806
R3799,pine,-77333.7,-27809.2,4999.7,35.26,0.961
R3800,elm,-76019.5,-27944.8,4967.4,-45.33,1.141
R3801,poplar,75162.7,-27938.6,2975.1,-122.18,1.075
R3802,pine,-78029.7,-26453.3,4257.7,-155.19,0.952
R3803,pine,-79252.9,-113.6,4635,-15.44,1.112
R3804,poplar,-75198.8,-342.6,4254.3,-37.59,1.042
R3805,pine,-74047.1,-82.2,4225.6,-99.59,0.959
R3806,poplar,-72003.8,-44.1,4130.9,12.27,0.961
R3807,pine,-70632,-287.1,4036.7,-51.02,0.962
R3808,pine,-69930.5,-42.3,4016.6,-222.13,1.04
R3809,elm,-68209.8,-247.1,3770.6,-89.46,0.944
R3810,elm,-66708.9,-231.4,3534.3,53.18,0.825
R3811,pine,-78820.2,62.3,4801,-129.12,0.828
R3812,pine,-78259.8,67.1,4727.7,38.31,1.124
R3813,poplar,-76914.8,674.3,5658.2,10.29,1.137
R3814,elm,-75980.9,383,5149,-223.78,1.222
R3815,pine,-74845.8,400.6,4735,-70.76,1.029
R3816,pine,-73693.3,140.5,4265.1,-221.2,1.127
R3817,poplar,-73347.5,122.4,4254.3,-33.78,1.063
R3818,elm,-72195,410.7,4282.2,-226.72,0.99
R3819,elm,-71735.2,34.4,4112.5,-25.45,0.854
R3820,pine,-70948.8,563.8,4197.9,-248.97,1.042
R3821,elm,-69967.3,693.3,4151.3,-156.93,1.202
R3822,pine,-68890.9,785,4076.6,26.01,1.11
R3823,elm,-68521.9,574,4011.1,18.94,1.071
R3824,poplar,-67964.4,468.1,3873.3,-207.89,1.209
R3825,elm,76260.7,75.7,3228.9,-248.29,1.121
R3826,elm,77798.9,339.8,3916.2,64.28,1.084
R3827,pine,-78114,1091.3,5436.1,-222.81,1.237
R3828,pine,-77051.3,848.8,5694.7,-111.88,1.187
R3829,poplar,-76061.1,1528.1,6306.1,74.75,0.856
R3830,elm,-75613.5,1084.2,5849.6,-234.54,0.904
R3831,pine,-74921.6,1004,5411.3,-195.89,1.062
R3832,elm,-73180.7,1016.4,4731.2,-235.57,0.847
R3833,pine,-72738.5,1337,4876.8,-96.35,0.886
R3834,poplar,-71993.2,1500.1,4727.8,31.36,0.909
R3835,pine,-70734.9,1438.7,4532.6,-30.56,0.867
R3836,elm,-69607.9,1087,4212.6,-126.6,1.221
R3837,pine,-66576.1,860,3971.7,-1.68,0.872
R3838,pine,-79278.8,1727.2,5401.7,-135.32,1.132
R3839,elm,-77858.1,1981.5,5667.1,-112.63,0.986
R3840,elm,-77034.8,1800.1,6050.2,-129.32,1.195
R3841,pine,-76200.1,1843.5,6244.9,-126.17,1.023
R3842,pine,-75743.4,2388.3,5998.1,-121.87,1.228
R3843,pine,-74575.9,2355.8,6087.7,-216.74,1.216
R3844,pine,-73719.3,2241.2,5595.4,74.86,0.884
R3845,poplar,-73277.5,2178,5371.7,-23.68,0.929
R3846,pine,-72313.4,2025.5,5114.6,-92.58,0.942
R3847,elm,-71673.2,2155.8,4962.2,-5.41,1.001
R3848,pine,-70955.8,1624.8,4588.7,-226.67,1.147
R3849,pine,-69690.6,2326.1,4577.7,-112.52,1.035
R3850,pine,-68779.2,2090.4,4327.3,-204.15,1.187
R3851,pine,-67335.9,1967.7,4329.2,-161.29,0.851
R3852,pine,70814.9,1842,3708.3,69.43,1.076
R3853,elm,71571.9,2336.7,4059.3,-170.13,0.901
R3854,elm,72222.8,1885.3,4358.6,35.44,1.004
R3855,pine,73545.4,2242.6,4882.6,-191.05,0.969
R3856,pine,-79472.6,2790.1,5397.5,-165.06,1.193
R3857,pine,-78948.4,2809.3,5378.2,-254.61,0.835
R3858,poplar,-78045.7,2845,5592.6,-164.81,1.089
R3859,poplar,-77158.6,2711.9,5909.6,38.82,1.067
R3860,pine,-76370.2,2726.5,6137.8,-237.8,0.868
R3861,pine,-75233.8,2906.3,6038.5,-120.15,0.949
R3862,pine,-74010,3033.1,5987.9,49.71,0.82
R3863,pine,-72992.9,3127.2,5649.7,-90.57,0.903
R3864,pine,-72182.8,2622.4,5168.5,-14.63,0.832
R3865,pine,-70526,2958.4,4682,-159.22,0.895
R3866,pine,-69657.2,2729,4543.1,-115.46,0.894
R3867,pine,-69436.1,2835.6,4498.7,41.23,1.066
R3868,elm,-68697.8,2809,4459,-90.44,0.909
R3869,elm,-66536.3,3115.6,4547.1,58.22,0.854
R3870,pine,-65829.6,2540.6,4410.7,-26.45,0.91
R3871,pine,-8173.7,3154.4,3639.8,-56.37,0.882
R3872,elm,68461.6,3120.8,3098.7,-104.88,1.168
R3873,pine,70359.9,2454.3,3642.7,-61.04,0.835
R3874,elm,71160.9,2940.4,4039.7,-65.56,0.974
R3875,elm,71214.6,2717.4,3985.9,-236.56,1.064
R3876,poplar,72287,2970.5,4696.4,-56.32,1.226
R3877,pine,-79531.7,3853.3,5001.9,27.57,1.159
R3878,poplar,-78558.6,3971.3,5405.4,-106.54,0.991
R3879,elm,-78217,3906.6,5661.6,-184.46,0.801
R3880,elm,-77019.5,3370,6059.4,-64.98,0.943
R3881,pine,-76354.2,3573.8,6465.3,-61.84,1.247
R3882,poplar,-75559,3460.8,6174,69.49,1.132
R3883,poplar,-75026.1,3263.8,6044.2,-154.82,1.104
R3884,pine,-74147.9,3380,5931.7,-34.87,1.188
R3885,pine,-73067.9,3506.5,5722.1,37.49,0.935
R3886,pine,-72473.2,3746.2,5516.4,-51.99,0.928
R3887,pine,-71576,3908.8,5312.7,-228.37,1.141
R3888,pine,-70526.9,3803,4802.9,-47.98,0.846
R3889,pine,-69688.7,3621.5,4492.9,40.78,0.993
R3890,elm,-69202.5,3251.2,4429.8,67.62,1.013
R3891,pine,-68045.8,3460.2,4630.2,-262.32,1
R3892,pine,-67851.5,3576.2,4627.5,-125.67,0.855
R3893,elm,-66660.6,3655.3,4541.7,-219.31,1.184
R3894,poplar,-65855.3,3581.9,4310.5,53.93,1.05
R3895,poplar,-65277.4,3568.4,3754.7,-69.12,1.137
R3896,elm,-8758,3534,3588.4,-88.14,1.25
R3897,elm,-6700,3741.7,3718.9,66.3,1.216
R3898,pine,67780.3,3648.4,3389.4,14.73,1.157
R3899,pine,69104.1,3868.6,3692.2,-67.14,1.013
R3900,pine,70172.9,3753.2,3911.9,-180.16,0.851
R3901,pine,70653.4,3407.5,4007.8,-68.23,0.957
R3902,elm,71557.9,3861.8,4501.8,-162.06,1.191
R3903,pine,72754.7,3802.4,4590.3,-233.4,1.249
R3904,pine,-78861.5,4184.9,5221,-101.11,1.024
R3905,pine,-77739.8,4374.6,5813.8,73.23,1.131
R3906,poplar,-76980,4640.1,6194.5,10.58,0.924
R3907,poplar,-76697.2,4463.4,6314.6,84.69,1.03
R3908,poplar,-75635.9,4116.5,6073.8,-160.61,0.985
R3909,poplar,-74502.4,4327.5,5896,-179.26,0.98
R3910,pine,-73730.8,4661,5755.1,-259.26,0.894
R3911,pine,-73084.8,4179,5760.9,-151.68,0.91
R3912,elm,-72050,4221.8,5240.8,-73.22,1.061
R3913,elm,-71413.3,4329.7,5286.8,-35.88,1.105
R3914,pine,-70625.9,4649.3,4958.1,-172.81,1.16
R3915,pine,-69792.2,4397.2,4647.4,20.49,0.855
R3916,elm,-69237.4,4649.5,4459.1,-242.43,1.209
R3917,pine,-68372.1,4397.9,4525,-27.86,1.108
R3918,elm,-67639.2,4281.1,4707.6,-4.53,1.247
R3919,elm,-66894.8,4590.6,4308.7,27.52,1.106
R3920,pine,-65421.6,4651.8,3533.7,-169.29,1.247
R3921,elm,-12447.3,4433.1,3110,-199.9,1.187
R3922,pine,-9889.5,4796.8,3630.5,-72.03,0.904
R3923,elm,-6799.3,4241.6,4273,85.07,0.926
R3924,pine,67143.2,4111.4,3461.4,-22.64,0.864
R3925,elm,67278.9,4148.7,3475.9,50.57,1.039
R3926,elm,69044.4,4241.6,3821.2,84.12,1.055
R3927,elm,70325,4406.9,4353.3,-0.83,1.106
R3928,pine,71029.3,4519.4,4413.3,54.69,1.064
R3929,pine,72415.5,4126.2,4441.8,-241.55,0.814
R3930,poplar,73072.1,4243.6,4559.8,-232.76,1.084
R3931,elm,-79318.6,5014.6,5194.5,-129.18,0.965
R3932,pine,-76810.5,5146.3,6173.3,-225.28,1.013
R3933,pine,-76763.3,5530.1,6253.5,-204.7,1.198
R3934,pine,-75500.7,5260.5,5989.1,-239.81,1.077
R3935,pine,-75023.3,4974.6,5984.1,24.59,0.802
R3936,pine,-73850.7,5425.2,5880.2,-253.84,0.979
R3937,pine,-72924.1,5421.3,5684.4,45.6,1.156
R3938,elm,-72018.4,5407.9,4964.7,-37.28,1.222
R3939,pine,-71398.6,5059.4,4867.2,-190.68,1.062
R3940,pine,-70800.3,5582,4740.6,-196.33,1.124
R3941,elm,-69968.3,5305.3,4677.4,-37.89,1.086
R3942,elm,-69144.7,5093.1,4506.1,-40.47,0.95
R3943,pine,-68541.3,5286.9,4620.1,-210.76,1.122
R3944,pine,-67745.1,5063.2,4616.2,-269.17,1.01
R3945,poplar,-66887.1,5056.9,4157.9,-99.96,1.202
R3946,elm,-10309.8,5569.8,3939.8,-211.46,1.005
R3947,pine,-8803.1,5350.6,4462.3,-8.86,0.894
R3948,pine,-8266.6,4882.9,4441.6,-250.24,0.909
R3949,pine,-7870.7,5098.6,5002.1,-148.75,1.122
R3950,elm,-6789.8,5218,4967.5,-144.25,0.907
R3951,elm,-3711.6,5130.1,3443.2,-261.67,0.919
R3952,pine,68223.8,4936.5,3817.7,-118.05,0.898
R3953,pine,70489.5,5172.3,4622.1,-190.21,1.037
R3954,pine,-78914.2,5848,5445,-231.39,0.887
R3955,pine,-78147.9,6054,5609.7,5.69,1.166
R3956,pine,-77162.6,6152.6,5986.8,-137.8,1.006
R3957,pine,-76110.7,5692.2,6266.6,-23.32,1.191
R3958,elm,-75768.6,5900.4,6232.3,52.57,1.005
R3959,elm,-74605.8,5876.3,5935.9,-24,1.038
R3960,pine,-74006.3,6009.5,5809.8,-6.34,0.893
R3961,elm,-73147.1,6150.1,5641.6,-58.95,1.08
R3962,poplar,-72006.7,5952.9,4936.1,-219.91,1.19
R3963,pine,-71685.4,5860.9,4846.6,-191.24,0.889
R3964,pine,-70745.7,5767.5,4655.8,-268.38,0.856
R3965,poplar,-70016.5,6133.8,4503.6,-134.65,0.927
R3966,pine,-68928.8,6133.4,4701.4,-123.37,1.047
R3967,pine,-68087,6008.2,4770.8,-8.12,1.132
R3968,poplar,-67276.6,6105.7,4328.4,-27.7,1.048
R3969,elm,-66848.9,5778,4074.8,-81,0.999
R3970,elm,-66048.2,5796.4,3616.2,-128.74,0.907
R3971,elm,-13500.1,6226.5,3570.6,80.98,0.988
R3972,elm,-10177.6,6014.7,4114.8,-55.73,1.217
R3973,elm,-9121.3,6027.1,4738.2,-248.99,0.874
R3974,pine,-8231.7,5947.7,5380.9,-244.48,1.041
R3975,poplar,-7330,6375.7,5546.2,-6.94,1.187
R3976,pine,-5801.3,5853.2,4667.3,27,1.01
R3977,pine,-5358.8,5795.3,4277.5,-263.87,1.01
R3978,pine,-3426.7,6027.2,4047.5,-55.44,1.034
R3979,pine,66276.6,5985.5,3575.5,-77.6,0.956
R3980,pine,66621.3,5714,3720.4,-221.51,1.041
R3981,pine,67421.4,5993.5,4006.9,37.23,0.984
R3982,pine,-78408.9,6619.8,5676.6,-169.13,0.91
R3983,pine,-77858.9,6401.5,5842.1,36.33,1.02
R3984,pine,-77056.6,7099.8,6283.2,-135.72,1.159
R3985,pine,-76512.8,7130,6563.6,-6.47,0.878
R3986,elm,-75916.2,6532,6320.9,-235.8,1.022
R3987,elm,-74467.1,7150,6059.4,-29.32,1.101
R3988,pine,-73854.6,6623.4,5771.7,-128.93,0.903
R3989,pine,-73533.8,7114.2,5724.6,57.99,1.038
R3990,elm,-72346.1,6894.9,5075.6,-121.48,0.894
R3991,pine,-71747.4,7015.3,4794.7,73.16,1.245
R3992,elm,-70642.5,6603.1,4409.7,73.12,1.221
R3993,pine,-69868.4,6742.8,4339.2,-78.09,0.833
R3994,pine,-68302.3,7155,4731.2,13.63,0.976
R3995,poplar,-67382.8,7066.5,4394.2,-232.43,1.194
R3996,pine,-66936.2,6555.4,4116.9,-41.57,1.053
R3997,pine,-13703.1,6804.2,3637.7,2.45,1.039
R3998,pine,-12352.4,6487.8,3965.6,-258.45,1.036
R3999,pine,-11346.4,6489.6,4305,-33.05,0.993
R4000,pine,-10871.3,6956.9,4351.3,-68.9,1.031
R4001,pine,-10280.9,6899.9,4698,8.04,1.104
R4002,pine,-9428.2,7188.4,5186.7,24.88,1.167
R4003,pine,-8083.8,6630.2,5596.7,-19.62,1.139
R4004,poplar,-7453.3,7144.4,6037.3,-253.42,1.2
R4005,pine,-4894,6705,4398.4,42.01,1.043
R4006,elm,-3075.9,6790.6,4319.9,71.85,1.193
R4007,pine,66929.2,6920.4,4047.6,27.73,0.851
R4008,poplar,67813.9,6869.6,4446,-266.77,0.854
R4009,pine,-77977.4,7383.1,5935.2,-265.25,1.084
R4010,pine,-77464.3,7210,6023,24.8,1.184
R4011,poplar,-76271,7748.1,6617.6,60.2,0.966
R4012,poplar,-75766.6,7799.3,6506.6,-8.92,0.81
R4013,pine,-75151.5,7788.2,6200,-43.59,1.054
R4014,pine,-73687.7,7652.9,5632.7,-10.24,0.838
R4015,pine,-73388,7955.2,5300.6,-266.06,0.966
R4016,elm,-72189.6,7559.2,4868.8,-6.41,0.896
R4017,pine,-71609.8,7664.8,4622.7,-187.78,1.247
R4018,poplar,-70947.4,7235.4,4498.4,-165.69,0.939
R4019,pine,-69933.4,7525,4428.3,-166.97,0.845
R4020,pine,-68248,7259.3,4729.5,-237.29,1.164
R4021,elm,-67487.1,7820.6,4147.6,-262.49,1.056
R4022,pine,-14164.9,7785.3,3632.3,-238.07,1.038
R4023,pine,-13348.2,7508.9,3988.8,-12.59,1.234
R4024,elm,-12283.2,7383.5,4290,-22.88,1.154
R4025,pine,-11295.6,7880.7,4378.8,-69.51,0.852
R4026,pine,-10347.8,7946.6,4759.5,-163.12,1.019
R4027,poplar,-9144.8,7481,5533.3,-202.27,0.912
R4028,pine,-7478.8,7520.8,6197.6,-95.47,1.115
R4029,pine,-3450.8,7355.3,4535,74.08,1.031
R4030,elm,-1857.1,7413.1,4234.5,31.07,1.217
R4031,pine,67113.2,7369.6,4352.3,-126.72,0.974
R4032,poplar,67928.9,7936.4,4623.9,-215.46,1.185
R4033,elm,77688.3,7341.2,4751.8,-86.58,1.16
R4034,elm,-79430.9,8341.6,5539.4,-204.79,1.153
R4035,poplar,-78719.4,8447.1,5863.2,64.65,1.17
R4036,pine,-78335.8,8151.7,6153.6,-244.22,1.215
R4037,elm,-76916.7,8416.9,6534.8,-47.76,1.052
R4038,elm,-76260.4,8055.4,6638.8,-192.93,0.948
R4039,pine,-75812,8639,6491.2,-256.56,0.92
R4040,elm,-74746.5,8605.3,6070.8,-109.5,0.831
R4041,pine,-74173.7,8746.5,5637.5,-222.36,1.029
R4042,poplar,-71959.7,8148.6,4692,12.41,0.818
R4043,poplar,-69941.1,8043.1,4261.5,68.44,1.206
R4044,pine,-69086.3,8733,4262,13.06,0.913
R4045,pine,-68328.5,8404.7,4299.2,-192.26,1.14
R4046,poplar,-67294.4,8356.6,3834.6,-66.29,1.057
R4047,pine,-13656.6,8085.6,3758.8,-158.82,1.016
R4048,elm,-13430.7,8099.1,3789.4,-244.9,0.816
R4049,elm,-12079.5,8798,4494.3,-101.78,0.888
R4050,pine,-11382.5,8667.5,4681,-256.56,1.181
R4051,elm,-10877.9,8200.5,4737,-59.21,1.223
R4052,elm,-9654.8,8280.8,5398.6,-174.48,0.885
R4053,poplar,-8814,8401.3,5659.2,-131.32,1.094
R4054,poplar,-8386.2,8185.2,6049.7,50.89,0.922
R4055,poplar,-6756.7,8467.4,6559.8,13.19,1.153
R4056,pine,-6144.2,8733.7,6227.1,85.29,0.805
R4057,pine,-5116.5,8423.5,6340,-244.89,0.816
R4058,pine,-3087.9,8764,4222.2,73.48,0.936
R4059,pine,65591.6,8252.3,2882.4,-52.79,0.934
R4060,pine,66192.6,8456,3414.3,-13.09,1.014
R4061,elm,66799.7,8681.1,4149.7,-61.12,1.068
R4062,pine,67434.1,8346.8,4624.2,-197.38,0.949
R4063,pine,-79435.1,9373.4,5416.5,49.72,1.11
R4064,pine,-78555,9028.5,5799.3,-38.2,1.031
R4065,pine,-78312.3,8929.9,5915.3,-269.07,1.205
R4066,pine,-76595.9,9146.3,6583.5,10.97,1.173
R4067,elm,-75551.2,9388.4,6357.6,-46.97,0.893
R4068,pine,-74069.2,9041.3,5468.5,-179.9,1.231
R4069,pine,-73018.1,9028.8,4788.7,-179.71,0.866
R4070,pine,-71164,8869.4,4207.1,-40.21,0.953
R4071,pine,-68974.4,9226.1,4164.8,76.91,0.956
R4072,pine,-68024,9006.2,4041.7,-101.93,0.847
R4073,elm,-67932.4,9119.9,4025,-153.67,1.137
R4074,pine,-67179.7,9444.1,3975.5,40.89,1.152
R4075,elm,-66185.5,9049.4,3465.9,7.29,1.226
R4076,elm,-64827.9,9534.9,3191.7,-248.53,0.979
R4077,pine,-64534.6,9117.1,3030.8,-203.98,0.822
R4078,pine,-13585,9259.8,3968.5,-25.93,1.169
R4079,elm,-12305,8879.6,4462.2,-183.32,1.024
R4080,pine,-11269.1,9442.8,5178.9,68.42,0.967
R4081,pine,-11124.6,9354.5,5175.7,-151.73,0.879
R4082,elm,-9807.8,9292.7,5133.3,-48.22,1.134
R4083,poplar,-8832.5,9555,5066,-212.41,1.104
R4084,elm,-8510,8998.1,5522.9,-170.15,1.06
R4085,elm,-7468.7,8931.8,5631.3,-172.39,1.122
R4086,pine,-6513.8,8895,5810.1,-46.58,0.987
R4087,pine,-6149.9,8880.5,6007.7,-51.22,1.192
R4088,pine,-5060.3,8924.1,5854.1,-254.3,1.131
R4089,elm,-4489.4,9182.1,5111.5,-103.14,0.809
R4090,elm,11331.4,9532,3595.2,29.54,1.233
R4091,elm,66811,9378.1,4200.1,-235.33,0.907
R4092,elm,68080.9,8841.3,4151.4,-185.95,1.054
R4093,elm,78587.5,9532.1,5376.2,-73.33,1.236
R4094,pine,-78817.1,10237.6,5582.1,-54.98,0.964
R4095,poplar,-73861.5,9858,5111.1,-55.49,1.14
R4096,pine,-68592.3,10204.1,3977,-173.58,1.04
R4097,poplar,-67718.1,9749.2,4060.8,81.92,1.135
R4098,pine,-14595.7,9964.6,3208.4,-14.72,0.999
R4099,poplar,-12893.8,10066.5,4171.5,46.32,0.804
R4100,poplar,-12505.2,9977.2,4306.4,-205.73,1.067
R4101,pine,-11721.1,10266.4,4686.6,-31.47,0.947
R4102,elm,-10481.4,9895.5,5084.8,-151.4,1.176
R4103,poplar,-9769.6,10307.1,5273.9,-65.76,0.842
R4104,elm,-9351.9,10096.6,4983.2,-44.14,1.161
R4105,pine,-8433.5,10031.4,4967.7,-153.1,1.05
R4106,pine,-7763.2,10064.5,4602.8,36.58,0.876
R4107,elm,-7003.5,10319.6,4723,83.38,0.838
R4108,pine,-6008.2,9762.2,5148.2,-91.74,1.102
R4109,pine,-4862.8,9851.9,4879,-53.06,0.942
R4110,elm,-4283.9,9651.9,4643,10.33,1.036
R4111,pine,-3710.2,10069.3,3990,-183.43,0.862
R4112,pine,-2533.5,10240.8,3591.1,-9.6,1.129
R4113,poplar,-2042.4,10347.9,3516.6,31.52,0.897
R4114,pine,67077.1,9776.5,4175,67.99,1.189
R4115,pine,67698.1,10198.9,4190.7,11.84,1.195
R4116,elm,78043.9,9635.6,5348.9,20.23,0.811
R4117,poplar,79410.5,10144.1,5800.9,-245.31,1.13
R4118,pine,-78890.6,10869.3,5577.9,-11.07,0.81
R4119,pine,-74869.3,10571.9,5447.1,60.72,0.916
R4120,poplar,-13887.4,10733.7,3755.9,-98.37,0.939
R4121,elm,-13439.7,11157.4,4124.7,-108.58,1.013
R4122,pine,-12375.6,10877.9,4274.1,-35.64,1.217
R4123,elm,-11212.9,11137.8,4571.9,72.18,1.156
R4124,pine,-10937.6,10717,4636,-210.55,0.941
R4125,pine,-10042.9,10910.4,4936,-51.55,1.083
R4126,poplar,-8836.3,11168.4,4302.4,14.34,0.823
R4127,poplar,-8626.2,10527.2,4666.2,-115.6,0.975
R4128,pine,-7338.1,10652.4,4483.3,-19.25,0.999
R4129,pine,-7004.5,11154.4,4524.6,-262.66,1.077
R4130,poplar,-5789.6,10779.5,5158.8,43.26,0.985
R4131,poplar,-4836.8,10625,5057.3,83.07,1.135
R4132,pine,-4510,10919.1,4669.3,-210.76,0.831
R4133,pine,-3478,11138.1,3752.5,-19.72,0.823
R4134,poplar,-1961.1,10436.5,3456.3,-190.52,0.849
R4135,pine,102.9,10747.2,2927.8,54.15,0.805
R4136,elm,10621.8,10551.2,3338.4,-240.35,1.041
R4137,pine,12568.4,10907.7,5309.1,-69.87,1.244
R4138,pine,13828.5,10715.4,5350.9,-63.34,0.845
R4139,elm,14802.8,10726.7,4397.3,-95.38,1.03
R4140,pine,16142.4,11127.6,4091.6,-136.43,1.088
R4141,elm,65712.5,10679.3,3561.5,-196.21,1.158
R4142,elm,67035.2,10868.3,3931.2,-172.52,0.961
R4143,pine,67770.2,10733,3886.5,-200.06,1.104
R4144,elm,-79390,11430.5,5502.5,-134.49,1.237
R4145,elm,-71323,11307.9,4566.9,-26.07,0.974
R4146,elm,-70246.2,11916.6,4374,-166.56,0.932
R4147,poplar,-14398.9,11754.1,3503.3,-210.28,1.114
R4148,pine,-13103.2,11463.1,4503,4.08,0.95
R4149,pine,-12612.7,11708.6,4829.6,-98.12,0.979
R4150,pine,-11302.4,11626.6,4763,-182.86,1.14
R4151,elm,-10575.1,11553.3,5059.4,-150.64,1.15
R4152,elm,-9909.5,11572.3,4773.8,-146.14,1.102
R4153,elm,-8991.8,11274.7,4306.3,-34.13,1.005
R4154,pine,-8660.5,11400.6,4215,-115.85,1.029
R4155,poplar,-7605.5,11828.3,4471.2,-84.54,0.831
R4156,pine,-6714.5,11897.8,4806.7,76.75,1.034
R4157,elm,-5761.2,11890.2,4183.2,-54.68,0.939
R4158,elm,-4576.8,11684.4,3704,-53.48,0.972
R4159,pine,-3797.7,11362.9,4126.8,-61.76,1.179
R4160,elm,-3175.6,11590.5,3719.8,-40.3,1.242
R4161,elm,-1994.4,11340.2,3427.7,-90.3,1.062
R4162,elm,-913.3,11228.6,3496.5,-195.13,0.922
R4163,elm,-702.2,11940.6,3540.4,-94.26,1.136
R4164,elm,14296.2,11724,4603.7,-92.98,1.049
R4165,elm,14783.9,11528.3,4515,-123.84,0.989
R4166,pine,17680.7,11429.9,4148.9,-255.86,0.813
R4167,pine,66257,11777.3,3437,85.59,1.028
R4168,pine,-72328.8,12577.2,4816,57.04,1.245
R4169,pine,-71938.2,12137.7,4869,-83.77,1.153
R4170,pine,-71039.3,12643.3,4768.7,-123.45,0.877
R4171,elm,-70105.1,12346,4274.6,-156.78,1.116
R4172,pine,-67917.9,12757.9,4001.9,-11.74,0.907
R4173,poplar,-13783.4,12363.7,3422.3,-109.29,1.079
R4174,pine,-13067.5,12476.8,3602.1,11.51,0.832
R4175,elm,-12452.4,12720.4,3802.8,-19.33,0.823
R4176,pine,-11412.4,12140.5,4965,-58.59,1.149
R4177,pine,-10488.7,12266.5,4908.7,-213.37,0.819
R4178,pine,-10339,12466.1,4839.6,-160.83,1.163
R4179,pine,-8933.1,12771.8,4582.9,-88.74,1.139
R4180,pine,-8725.6,12172.5,4376.6,-225.24,0.962
R4181,elm,-7857.8,12603.7,4674.9,-25.27,1.151
R4182,elm,-7060.2,12295.3,4481.4,-130.39,0.866
R4183,pine,-5665.8,12586,3819.8,-44.74,1.079
R4184,pine,-3443.8,12523.1,3372,-191.17,0.845
R4185,pine,-1779.3,12078.4,3330.7,-83.94,0.864
R4186,pine,-1581.1,12490.9,3209.6,-266.37,0.912
R4187,pine,13724.3,12546.7,4436.9,46.97,1.097
R4188,pine,14784.9,12292.4,4263.9,-150.88,0.915
R4189,elm,16189.4,12517.2,3805,64.11,0.968
R4190,poplar,-72429.6,12819.7,4774.7,-68.36,0.832
R4191,pine,-71505.1,13584.3,4694.4,-188.89,1.038
R4192,elm,-66997.2,12891.4,3919.2,17.8,0.855
R4193,pine,-66370.3,13126.1,3754.4,-224.43,1.015
R4194,pine,-64755.3,13345.2,3642.6,18.45,1.04
R4195,pine,-63741,13098.5,3270.3,-63.58,0.982
R4196,pine,-13219.7,13318.2,3001.8,0.13,1.21
R4197,pine,-12511.5,12815.8,3687.8,-13.68,1.207
R4198,pine,-11748.2,13544.6,3694.2,-266.7,1.085
R4199,pine,-10574,13027.3,5116.1,-1.21,0.817
R4200,elm,-9893.1,13030.9,4746.7,-227.38,1.198
R4201,pine,-9178.1,13593.5,4095.5,-206.3,0.989
R4202,poplar,-8574.4,13267,4151.4,-196.62,1.223
R4203,pine,-7757.6,13486.9,3920.2,-57.33,0.841
R4204,pine,-7099.4,13124.3,4354.5,-29.53,0.861
R4205,pine,-4916.7,13364.4,3662.5,73.01,0.99
R4206,pine,-2860.8,12834.5,3641.4,-77.16,0.902
R4207,elm,9282.8,13247.2,3105.6,-84.92,1.022
R4208,pine,11028,12856.7,3767.5,-118.56,1.102
R4209,pine,11678.8,13570.8,4047.1,67.24,0.995
R4210,pine,13848.8,13116.9,4606.9,-131.03,1.134
R4211,pine,17341,13388.7,3114.6,-179.39,1.024
R4212,pine,77967.7,13363.7,5517.7,-15.28,1.187
R4213,elm,-72528.7,14064.5,4888.5,-230.18,1.058
R4214,elm,-67477.8,14046.9,3649.3,-133.45,0.921
R4215,elm,-66801.3,13645.2,3723.7,-118.14,1.083
R4216,elm,-11815.1,13708.5,3559.6,-0.27,0.846
R4217,pine,-9979.4,14303.9,4367.5,10.38,0.938
R4218,pine,-8926.3,14266.4,4128,-120.89,1.036
R4219,pine,-8545.1,14341,3988.8,-9.33,1.14
R4220,pine,-7916.9,13659.9,3811.9,-72.68,1.207
R4221,elm,-6895.5,13650,4142.2,-200.63,0.88
R4222,elm,-5849.2,13690.9,3913,-205.89,0.862
R4223,elm,-4938.4,13856.8,3852.4,-151.36,0.874
R4224,elm,10530.3,13620.1,3692.9,-99.03,0.808
R4225,pine,12188.2,14063.9,3955.9,44.19,0.819
R4226,elm,13910.4,14125.3,4410.6,-45.51,1.115
R4227,elm,15361.7,14306.2,4123,-16.53,1.074
R4228,poplar,16105.5,14220.5,3344.2,66.28,1.155
R4229,elm,67408,13934.9,3537.6,-39.92,1.127
R4230,poplar,-12108.8,14727.5,2713.7,-84.69,0.996
R4231,pine,-9812.3,14932.8,3905.4,85.18,1.04
R4232,pine,-9585.2,14414,4591.5,-188.4,0.958
R4233,pine,-8321.7,14831.2,4109.5,54.71,1.132
R4234,poplar,-7998.1,15022.5,4026.9,-214.26,0.81
R4235,elm,10912.3,14945,3022,8.01,1.178
R4236,poplar,12484.1,14438.8,3626.8,30.17,1.089
R4237,elm,12814.6,15106.1,3478.7,-81.75,0.909
R4238,elm,14271.2,14739.3,4207,-245.33,1.066
R4239,elm,14953.1,14695.6,4410.9,-44.24,0.805
R4240,pine,65888.3,14538.6,3446.9,66.23,1.027
R4241,elm,67500.1,15056.7,3843.2,-201.33,1.241
R4242,pine,68029.7,14528.6,3904.8,18.82,0.935
R4243,elm,69057.9,14852.9,4196.1,16.18,0.938
R4244,pine,69922.5,14491.3,3854,20.07,0.941
R4245,poplar,-9816.4,15213.9,3631.7,-214.04,0.909
R4246,pine,-8456.3,15538.2,4265.1,31.22,1.177
R4247,elm,-7544.8,15795.5,3677.3,-142.99,1.083
R4248,pine,-7058.5,15493.6,3603.7,-38.43,0.846
R4249,pine,-4421.9,15429.7,3372.5,-165.08,0.862
R4250,elm,-2960.2,15300.6,3157.2,-119.86,1.147
R4251,pine,13632.2,15383.2,3507.3,-136.84,0.86
R4252,pine,14694.3,15729.9,3314.5,-217.73,1.195
R4253,pine,15325.7,15242.5,4219.4,-70.63,1.207
R4254,elm,16409.2,15964.9,3645.2,-181.6,1.216
R4255,elm,67707.7,15980.5,4194.2,47.09,0.936
R4256,pine,68126,15769,4386.4,84.37,1.201
R4257,elm,68938.5,15501.5,4307.2,-102.36,1.184
R4258,pine,70181.5,15483.8,3992.9,-147.94,0.888
R4259,poplar,71613,15508.2,4147.5,-221.32,1.062
R4260,pine,72001,15620.7,4038.1,-168.46,1.156
R4261,elm,76087,15680.8,4039.2,50.86,1.077
R4262,elm,-4624.8,16267.3,3234.3,-140.87,1.074
R4263,pine,15617.4,16699.6,3099,-170.67,0.961
R4264,elm,67113,16011.8,3681.9,-176.11,0.825
R4265,elm,68327.9,16675,4173,-191.15,1.239
R4266,pine,68977.8,16236.9,4389,-117.45,1.234
R4267,elm,69963.1,16151.9,4366.7,-163.94,1.239
R4268,elm,70798.9,16003,4264.9,-241.28,1.108
R4269,elm,68929,17159.4,4188.8,-105.68,1.203
R4270,pine,69646.7,17415.9,4350.8,-47.69,0.981
R4271,pine,-68501.3,17614.4,4183.4,-111.74,0.977
R4272,elm,68436.8,17638.1,3532,-118.19,1.197
R4273,pine,69206.4,18364.7,3976.4,-258.98,0.862
R4274,pine,69981,17705.1,4521.3,-201.12,0.945
R4275,pine,70632.6,18039.9,4762.2,-202.57,0.989
R4276,pine,72089.5,18359.8,4628.7,88.79,1.11
R4277,elm,77936.9,17869,4104.2,-22.88,1.001
R4278,pine,-73948,19122.1,3794.1,-199.01,0.894
R4279,poplar,-69797,18928.7,5239.8,-26.48,0.836
R4280,poplar,-69273.8,18546.1,4705.9,1.44,0.955
R4281,pine,-68470,18737,4067.6,-84.48,0.848
R4282,elm,69299.1,18635.5,3957.6,16.74,1.085
R4283,pine,70167.8,18684.1,4602.9,71.59,0.862
R4284,elm,70751.6,19117.7,4632.8,-187.09,1.152
R4285,pine,71772.3,18940.5,4677.2,-149.23,0.851
R4286,pine,78607.8,18460.6,4487.4,-123.22,1.158
R4287,pine,79330,18695.2,4800.1,68.85,0.921
R4288,pine,-70499.7,19973.9,5415,-214.37,1.139
R4289,pine,-67903,19418.9,3651,-27.52,0.804
R4290,pine,69795.7,19599.1,3897.6,-220.83,1.235
R4291,elm,71197.2,19308.2,4843.7,-99.45,0.918
R4292,elm,77862.1,19294,4273.7,-0.29,0.872
R4293,elm,79052,19442.1,4853.3,25.04,1.064
R4294,pine,-79044.7,20230.1,4317.1,-225.8,1.098
R4295,elm,-73191.9,20508.2,3932.1,-265.71,1.217
R4296,elm,-72601.2,20654.9,4251.8,60.82,0.916
R4297,pine,-71777.1,20328.2,4799,-128.39,0.918
R4298,pine,-71110.9,20108.8,5207.1,-170.83,0.806
R4299,pine,-68955.4,20301.3,4701,-256.51,0.815
R4300,pine,-68432.6,20073.2,4121.7,32.23,0.927
R4301,pine,-67584.4,20236.5,3513.4,-87.93,0.87
R4302,poplar,70293.4,20769.9,3725.9,-22.91,1.071
R4303,elm,78098.8,20111.3,4819,-150.81,0.843
R4304,pine,78688.4,20290.2,4901.8,-139.51,1.115
R4305,poplar,79385.7,20581.7,5080.2,-107.2,1.048
R4306,pine,-78575.8,21216.6,4556.3,-94.12,0.992
R4307,elm,-78163.1,21461.4,4403.3,64.81,0.964
R4308,elm,-77482.5,21425.5,4299,-156.32,0.81
R4309,pine,-72109.7,20964.8,4327.1,24.59,1.245
R4310,pine,-71801.8,21059.4,4512.3,-166.81,1.152
R4311,elm,-70638.8,21339.7,4997.4,19.75,1.145
R4312,pine,-69862.7,20949.1,5187.4,-21.14,0.954
R4313,pine,-68947,21273.4,4700.5,-108.79,0.849
R4314,pine,-68694.4,21583,4492.3,-151.24,0.954
R4315,pine,-67533.8,21090,3669.1,-154.14,1.053
R4316,elm,-66898.9,21282.9,3312.9,-245.1,1.008
R4317,pine,70412.2,21291.9,3661.6,-182.51,0.952
R4318,pine,78280.6,21497.8,5232.6,-67.94,1.175
R4319,elm,78480.3,21344,5145.9,-145.2,0.836
R4320,pine,-78962,22015,4899.7,54.57,1.091
R4321,elm,-77660.1,21951.3,4486.8,-14.76,1.03
R4322,pine,-76843.2,22246.3,4269.3,-249.89,1.212
R4323,pine,-74768,22147.8,3651.8,13.91,0.992
R4324,poplar,-72424.4,22399.6,3923.6,-58.03,0.889
R4325,poplar,-71398.7,21653.6,4427.1,-141.38,1.156
R4326,pine,-71100,21829.7,4520.3,-118.51,1.19
R4327,pine,-69837.1,22326.7,4511,-29.21,1.006
R4328,pine,-68958.9,22308.2,4339.8,-230.31,0.981
R4329,pine,-68197.9,22158.3,4084,62,0.982
R4330,pine,-66422.7,21942.6,3316.2,-59.28,0.826
R4331,pine,71587.1,22266.9,3587.8,-66.71,1.085
R4332,pine,77432.6,22064.6,5809.6,-49.08,0.809
R4333,elm,77709.8,21825.4,5526.7,-84.85,0.987
R4334,elm,-78777.7,22876.4,4949.4,15.4,0.986
R4335,elm,-77661.1,22550,4652.1,-188.1,0.876
R4336,pine,-77488,22585.2,4540.2,-146.37,0.932
R4337,pine,-76260.2,23129.3,4184.4,-217.7,1.087
R4338,pine,-75894.2,22494.5,3848.1,-191.64,0.934
R4339,pine,-74435.9,22632,3538.8,23.57,1.023
R4340,pine,-72427.8,23186.4,3760.7,72.49,0.822
R4341,poplar,-71319.7,22552.4,4216.8,52.99,0.912
R4342,pine,-70958.6,23177.6,4170.9,-257.21,0.979
R4343,pine,-69990,22577.8,4303.4,-146.07,0.908
R4344,pine,-69347.6,22817.5,4154.7,45.79,0.841
R4345,elm,-68527.9,22428.7,4197.1,-124.08,1.018
R4346,pine,-67523.7,22952.3,3809.3,-28.57,1.023
R4347,pine,-66608.8,22694.5,3604.3,-132.9,1.08
R4348,pine,-66340,23050.2,3458.2,-250.82,0.887
R4349,elm,74088.8,22733.4,4712.4,-111.06,0.816
R4350,poplar,77518.9,22903.5,5999.5,-148.58,1.021
R4351,pine,-78650.3,23696.7,4971,-237.06,1.021
R4352,poplar,-78377.4,23266.4,4824.9,-162.13,1.006
R4353,elm,-77330.5,23374,4344.6,-80.14,0.888
R4354,pine,-76430.7,23833.8,4297.2,11.45,1.175
R4355,poplar,-73762.6,23253.8,3535.9,-163.06,0.868
R4356,pine,-72953.9,23604.3,3528.9,22.45,0.964
R4357,elm,-72460.6,23373.6,3728.8,-159.36,1.069
R4358,pine,-71229,23267.1,4124.5,-102.49,0.908
R4359,pine,-69968.9,23562.5,4169.4,-170.83,1.186
R4360,pine,-69041.5,23219.3,4099.7,-135.64,0.918
R4361,elm,-68569.2,23815,4344.4,-169.8,1.072
R4362,elm,-66849.2,23758.3,3636.7,-104.37,0.964
R4363,pine,73186.4,23618.7,3653.3,69.87,1.244
R4364,pine,74519.2,23709.3,4801.9,-34.93,1.08
R4365,pine,76019.9,23399,5670.7,43.02,1.024
R4366,elm,-78469,24424.4,5357.9,84.2,1.021
R4367,elm,-77609.2,24221.8,4709.8,-174.35,0.971
R4368,poplar,-77055.2,24655.8,4816.9,26.7,1.069
R4369,pine,-76541.8,24591.4,4659.4,-198.09,1.179
R4370,poplar,-75512.4,24334.4,4150.9,-174.72,1.047
R4371,pine,-75026.5,24671.6,4127.3,-57.67,1.068
R4372,pine,-74003.8,24081.4,3581.2,42.77,0.804
R4373,poplar,-72962.2,24164.7,3519.4,71.73,0.977
R4374,elm,-71092.8,24502.6,4110.3,-132.56,0.997
R4375,elm,-69740.3,24505.2,4219.5,-31.54,0.879
R4376,pine,-67857.8,24528,4425.7,60.53,1.196
R4377,pine,70984.7,24339.4,3360,-138.84,0.811
R4378,pine,71875.1,24432.7,3473.3,-226.51,0.943
R4379,pine,72249.9,24293.9,3408.8,76.77,0.92
R4380,pine,73871,24752,3878.1,42.07,1.143
R4381,elm,75086.2,24233.2,5350.1,-56.17,0.964
R4382,elm,76126,24398.1,5615,-213.92,1.021
R4383,elm,-78777.1,25180.6,5953.9,-134.19,0.948
R4384,pine,-78064.3,25306,5466.5,-269.75,1.044
R4385,elm,-77493.8,25162.7,5174.7,-251.2,1
R4386,pine,-76185.5,25369,4697.7,-219.58,0.863
R4387,elm,-74577.1,25514.6,4048,-102.33,0.971
R4388,pine,-73869.7,25328.9,4038.9,38.52,1.179
R4389,pine,-73126.8,24947.8,3668.5,35.08,0.979
R4390,pine,-72029.7,24998.6,3733.5,-187.66,1.055
R4391,elm,-71693.6,25241.1,3758.3,-149.1,1.011
R4392,poplar,-70720.1,25041.8,4245.4,35.54,0.842
R4393,poplar,-66942.1,25031.8,3893.5,-165.2,1.06
R4394,poplar,70149.4,25021,3215.8,78.13,1.166
R4395,elm,70684.9,25147.5,3314.5,-85.27,1.164
R4396,poplar,71910.3,25510,3629.8,-143.25,0.851
R4397,pine,73304,25536.6,3913,-74.43,0.93
R4398,pine,-78805.3,25659.4,6003.2,-258.74,1.129
R4399,pine,-78100.7,25660.8,5642.7,-145.09,1.011
R4400,pine,-74913.5,25755.6,4125.6,-122.14,1.158
R4401,pine,-74242,25818.2,3935.5,-156.92,1.206
R4402,pine,-73189.1,25652,3882.1,-200.04,0.804
R4403,pine,-71787.7,25888.2,3765.6,-51.01,1.073
R4404,poplar,-65863.5,26306.8,3628.3,51.65,0.816
R4405,elm,-65373.9,25614.7,3332.1,-242.95,0.806
R4406,pine,71484.2,26106.1,3601.4,-150.95,1.115
R4407,elm,72127.5,26078.4,3555.5,-253.34,0.892
R4408,pine,76977.6,25610.4,5873.3,-107.17,1.011
R4409,elm,-77978.3,27059.8,5831.9,-219.99,1.146
R4410,elm,-75758.9,27090,4962.7,-131.23,0.854
R4411,pine,71511.3,26724.5,3740,-227.84,0.829
R4412,pine,76092.6,26908.9,5733.9,-183.19,1.07
R4413,poplar,-78556.8,27794.4,5399.1,-227.73,0.869
R4414,pine,-74551.8,27569.2,4578.3,33.61,1.086
R4415,pine,-73855.9,27860.6,4293.6,18.51,1.241
R4416,poplar,71919.1,27733.8,3917.1,-158.19,0.891
R4417,poplar,72667.8,27991.3,4218.1,-191.18,0.81
R4418,poplar,73109.1,27411.5,4432.1,-33.14,1.12
R4419,pine,77873.8,27454.2,5827.6,35.39,0.87
R4420,elm,-79465.2,28358.6,5093.9,-144.12,0.883
R4421,pine,-77799,28705.7,5060.5,66.68,1.152
R4422,poplar,-77126.8,28218.6,5058.5,-225.95,1.208
R4423,pine,-72281.3,28491.1,4227.9,41.77,0.845
R4424,pine,70763.4,28770.4,3971.1,-50.9,0.838
R4425,pine,71488.2,28481.6,4012.1,-267.45,1.067
R4426,elm,75439.7,28405.9,5620.2,-8.75,0.862
R4427,pine,-77260.7,28860.4,4984.1,-175.53,1.244
R4428,pine,-75843.3,29431,4481.5,-122.45,1.212
R4429,pine,73112.8,29253.7,5228.6,-8.46,0.94
R4430,pine,-79253.1,29876.9,5299.9,-65.25,1.093
R4431,elm,-77906.6,29627.1,5272.4,-198.9,1.247
R4432,pine,-77484.7,29803.4,5173.8,-1.36,0.84
R4433,pine,72780.7,30134.7,4931.4,81.62,1.068
R4434,poplar,71527.5,30618.7,4327.4,-183.99,1.244
R4435,pine,-79089.8,31426.6,4888.7,51.23,1.109
R4436,pine,-79243.7,32078,4682.8,-58.84,0.864
R4437,elm,-78083.3,32024.3,5297,8.08,1.117
R4438,pine,74027.5,32696,4151.2,-266.49,1.225
R4439,pine,-67998.7,33371.9,3397.5,-142.5,1.154
R4440,pine,-62101.9,33520,3284.8,23.98,0.839
R4441,elm,77763.9,33394.5,4400.6,-69.4,0.94
R4442,pine,78837.7,33504.2,5059.7,82.71,1.187
R4443,pine,-78513.6,33639,5312.2,26.8,0.936
R4444,elm,-66266.5,34216.6,3289.3,69.87,0.999
R4445,poplar,-64426.5,34375,4018.7,-42.34,1.006
R4446,elm,-63280,34066.1,3832,-42.97,0.856
R4447,pine,78157.5,34209.6,4513.6,-78.91,0.968
R4448,elm,-78205.1,34720.7,5661.4,-184.85,1.241
R4449,pine,-70458.9,35164.7,4589.1,-188.15,1.056
R4450,elm,-69701.8,34635.4,4225.3,-263.33,1.048
R4451,pine,-69048.3,35169.1,4265.5,-23.68,1.157
R4452,pine,-68741.8,34741,3989.3,-40.94,0.898
R4453,pine,-65685.2,34963.7,3697.8,66.62,0.873
R4454,pine,-63547.4,34587.7,3949.3,58.1,1.03
R4455,elm,-63056,34566.3,3853.5,-11.25,0.866
R4456,pine,-62377.3,34468.8,3620.4,-44.17,0.831
R4457,elm,78399.7,35117.9,4496.3,-176.42,1.029
R4458,pine,78846.2,35030.2,4543.9,-28.87,1
R4459,pine,-78664.7,35969.5,5629.7,-217.66,1.228
R4460,poplar,-70725.2,35592.4,4762.1,-216.21,0.861
R4461,elm,-70394,35960.2,4782.6,-154.97,0.929
R4462,elm,-69280.4,35383.7,4330.1,-117.35,0.828
R4463,pine,-65100,35334.4,3953.3,88.71,1.088
R4464,pine,-64354.5,35288.4,3992.6,-21.72,0.976
R4465,pine,-62660.7,35559.5,4084.7,35.91,0.837
R4466,poplar,-53145.1,35490.1,2849,20.06,0.924
R4467,pine,77904.6,35425.6,4390.1,-115.99,0.842
R4468,elm,78972.3,35995.8,4598.2,-74.2,0.945
R4469,elm,-78540.9,36526.7,5676.3,-1.93,1.074
R4470,pine,-69530,36150.7,4756.3,74.54,1.121
R4471,pine,-68582.3,36295.5,4877.9,-6.58,0.976
R4472,elm,-67571.5,36228.2,4919.9,-4.79,1.178
R4473,pine,-66763.5,36571.5,4888.8,-225.28,0.86
R4474,pine,-64920.6,36534.6,4712.4,15.55,0.971
R4475,elm,-64788.8,36760.3,4676.1,54.81,0.978
R4476,pine,-63360.5,36695.7,4759,-222.99,0.858
R4477,elm,-62634,36579.6,4695.2,-227.4,0.991
R4478,poplar,-61708.3,36344.5,4131.7,-105.74,1.242
R4479,pine,-61590.6,36322.5,4082.7,-259.53,0.807
R4480,pine,-50399.9,36016.6,2777.4,-44.28,0.843
R4481,pine,78359.9,36162.5,4411.9,-32.4,0.914
R4482,elm,78629.6,36765.3,4651.8,-14.29,1.199
R4483,pine,-77596.5,36928.8,5405,49.4,0.851
R4484,elm,-69247.3,37590.8,5610.2,-41.66,1.101
R4485,pine,-68449.3,37369.4,5420.2,28.84,1.187
R4486,pine,-67578.4,36875.4,5349.2,-150.48,1.072
R4487,elm,-67197.8,37459.3,5546.7,-5.54,1.224
R4488,elm,-66360.4,37510.2,4945.3,-255.92,1.145
R4489,pine,-65519,37349.4,4572.4,66.25,1.129
R4490,poplar,-64164.6,36881.6,4766.8,-143.74,1.162
R4491,elm,-63612.5,36974.8,4940,-228.31,1.161
R4492,pine,-62604,37391.8,4909.9,-101.78,0.906
R4493,pine,-61835.5,37391.1,4885.4,23.89,0.908
R4494,elm,-61221.9,37401.4,4435.9,-155.27,1.087
R4495,elm,-60563.6,37346.2,4181.5,-243.29,1.019
R4496,elm,-59308.5,36993.7,3444.9,-102.6,1.043
R4497,pine,-59036.7,37491.1,3669,-128.13,1.195
R4498,elm,-58087,37493.9,3885.6,-57.06,0.89
R4499,elm,-56385.7,36940.8,3177.1,-45.35,1.074
R4500,poplar,79265,36878.2,4871.3,67.13,0.804
R4501,pine,-79330.1,37971.3,5152.8,-218.48,1.241
R4502,pine,-79095.3,38071.4,5245.3,36.91,0.985
R4503,poplar,-78250.7,38226.7,5585.8,35.59,1.119
R4504,elm,-69900.8,38148.6,6328.3,67.9,0.904
R4505,elm,-69244.4,37855.5,5777.8,-198.36,1.23
R4506,pine,-68734.7,37799.1,5756.1,-267.86,0.889
R4507,elm,-67427.5,38019.4,5855.7,-28.86,1.077
R4508,pine,-64321.8,38266.3,4556,66.58,1.23
R4509,elm,-63660.7,38104.7,4503,-190.59,1.063
R4510,poplar,-62949.4,38171.7,4794.3,61.62,1.161
R4511,pine,-61817.2,37644.6,4948.1,-33.08,0.803
R4512,elm,-61196.7,37769.8,4835.4,-78.66,1.089
R4513,elm,-60629.3,38282.6,5215.4,-90.19,0.963
R4514,elm,-59403,37933.8,4037.4,-261.82,0.952
R4515,pine,-59105,38184.8,4239.9,-265.23,1.181
R4516,pine,-56850.5,38100.4,4305.9,-24.94,1.137
R4517,poplar,-56482.5,38383.3,4501.7,66.56,1.089
R4518,elm,-55367.5,38286.3,4170,-245.62,1.006
R4519,elm,-55172.9,37837.6,3772,-36.43,0.974
R4520,pine,-53946.9,37721.4,3545.9,-188.82,1.079
R4521,poplar,-53403.9,38121.6,3537,-249.71,0.849
R4522,poplar,78552,37758.5,4676.8,-30.96,1.05
R4523,poplar,-79373.8,38904,4989.4,-212.9,1.15
R4524,pine,-79013.8,39172.8,5092.4,-149.57,1.191
R4525,pine,-78266.9,39143.5,5326.1,-42.54,0.971
R4526,pine,-77245.4,38894.3,6134.2,-144.84,1.156
R4527,pine,-70182.6,38520.7,6505.5,45.69,1.182
R4528,pine,-69198.8,39096.3,7198.7,75.21,0.946
R4529,pine,-68143.1,39062.7,6767.3,-71.56,0.815
R4530,pine,-67506.9,38527.2,6051.8,-30.55,1.25
R4531,poplar,-66986.5,38715.1,5661.9,-144.65,0.824
R4532,elm,-66074.6,38590.6,5323.3,-71.18,0.929
R4533,poplar,-64847,38945.1,4831.4,60.5,1.106
R4534,pine,-64142.3,38423.5,4594.1,-67.26,1.114
R4535,pine,-63400,38983.5,4739.1,-136.33,0.997
R4536,poplar,-62513.2,38872.6,4958.9,31.12,1.116
R4537,poplar,-62199.4,38835.2,5103.5,-263.08,1.215
R4538,pine,-61461.8,39152.4,5762.6,-145.25,1.131
R4539,poplar,-60108.4,38697.8,4980,31.73,1.128
R4540,poplar,-59316.3,38471.4,4477.6,-191.25,1.192
R4541,pine,-58917.4,39042.9,4455.9,-112.82,1.013
R4542,pine,-57653.7,39171.9,4308.3,-175.48,0.841
R4543,pine,-57081.9,39115.1,4280.7,-76.41,1.136
R4544,elm,-56636.2,39013.1,4262.6,-134.12,1.169
R4545,elm,-55297.9,38522.5,4253.3,-167.73,1.198
R4546,poplar,-54470.8,38578.3,4205.3,2.2,1.19
R4547,pine,-53294.7,38847.5,3623.1,-243.53,0.944
R4548,pine,-52391.6,38718.4,3508.9,-18.46,1.158
R4549,pine,-51273,38875,3265.5,25.62,1.24
R4550,elm,79140.6,38841.7,5074.8,-266.51,0.837
R4551,poplar,-78618.8,39948.7,5345.8,-180.82,1.24
R4552,elm,-78166.9,39241.3,5383.4,-37.11,1.047
R4553,poplar,-74661.4,39867.3,5770.2,27.8,0.813
R4554,pine,-73206.3,39235.5,5569.6,69.62,0.954
R4555,elm,-70874.7,39901.5,6520.2,-191.6,1.2
R4556,pine,-70228,39706.8,6632.5,57.41,1.042
R4557,elm,-67750.2,39448.1,6362.4,-30.74,1.014
R4558,elm,-66886.8,39984,5678,-73.44,0.843
R4559,pine,-65748.2,39253.2,5277,64.77,1.052
R4560,elm,-64852.1,39897.7,4978.4,-169.67,1.048
R4561,pine,-64383.2,39676.8,4984.9,-161.67,0.97
R4562,pine,-63602.6,39688.2,4901.2,-19.08,1.229
R4563,pine,-62997,39541.4,5036.3,19.65,1.206
R4564,elm,-61763.3,39319.9,5610.2,-249.22,1.239
R4565,elm,-60837.5,39336.4,5556.8,-85.31,0.848
R4566,pine,-60533.9,39832.4,5399.6,-203.44,0.812
R4567,poplar,-59768.1,39875.2,4664,-31.82,0.926
R4568,elm,-58943.2,39822.5,4182.1,-229.5,0.898
R4569,pine,-57669.7,39497,4127.7,70.6,0.869
R4570,elm,-56871.1,39210.9,4248.5,-182.69,0.94
R4571,elm,-56191.4,39546.1,4051.3,-84.56,1.187
R4572,elm,-55707.5,39333.4,4139.4,-259.44,0.887
R4573,pine,-55166,39271.8,4295,-161.85,0.938
R4574,pine,-52854.1,39603.1,3663.9,-200.13,0.851
R4575,pine,-52620.9,39813.6,3764.8,-66.58,1.083
R4576,pine,-51791.8,39342.2,3515,63.73,0.836
R4577,pine,-50426.5,39701.3,3274.1,-234.89,1.201
R4578,pine,-48868.2,39954.8,2907.8,-66.15,1.146
R4579,poplar,-79070.4,40412.4,5140.2,-100.24,1.11
R4580,pine,-77809.9,40389.8,5417,-193.35,0.811
R4581,pine,-76753.3,40776.2,5795,-173.32,0.873
R4582,pine,-75597.9,40588.4,6126.6,69,0.978
R4583,pine,-74960.6,40583.1,6174.7,-48.07,1.022
R4584,poplar,-73494.9,40548.1,6102.1,-6.82,1.15
R4585,pine,-69692.4,40228.9,6685,-117.47,1.143
R4586,pine,-68560.2,40428.5,6631.2,-12.91,0.915
R4587,pine,-67579.8,40286,6554.7,-47.62,0.972
R4588,pine,-65743.5,40238.2,5431.5,-159.28,0.9
R4589,poplar,-64951.1,40570,5167,57.27,1.114
R4590,pine,-64552.2,40555.2,5207.1,-61.65,1.092
R4591,elm,-63748.9,40358.8,5173.5,8.99,0.821
R4592,elm,-62823.9,40004.6,5258,-4.91,1.026
R4593,pine,-62330.1,40709.3,5823.8,-109.75,1.199
R4594,pine,-61050.2,40355.5,5385,-144.41,1.031
R4595,pine,-60392.4,40330.6,5319.6,-187.91,1.017
R4596,poplar,-59987.9,40466.9,5286.4,-143.21,0.932
R4597,pine,-58815.6,40308.9,4422.5,-11.98,0.948
R4598,pine,-57010.2,40146.2,4136.1,-51.81,0.809
R4599,elm,-56152.6,40008.4,4123,-77.6,1.074
R4600,elm,-55755.8,40797.4,4477,-268.46,1.198
R4601,pine,-54444.1,40576.5,4474.1,-72.36,1.247
R4602,pine,-53918.8,40613.4,4320,-179.93,1.081
R4603,elm,-53168.5,40060.4,4009.7,-236.94,0.963
R4604,pine,-52330.4,40307.4,3915.6,-169.73,1.06
R4605,elm,-51144.2,40405,3665.6,-149.74,1.082
R4606,poplar,-50023.8,40660.5,3513.1,-200.26,0.955
R4607,pine,78506.9,40707.9,5459.8,46.05,1.059
R4608,pine,-78999.2,41597.7,4966.2,-109.87,1.173
R4609,pine,-77773.6,41028.2,5346.2,11.01,1.021
R4610,poplar,-77241.2,41115.3,5489.4,-214.73,1.181
R4611,pine,-76779.9,40917.2,5746.5,-190.78,0.952
R4612,pine,-75623.3,41547.6,6194.2,44.68,0.871
R4613,pine,-75005.5,41382,6343.1,-190.82,0.956
R4614,pine,-73660.7,40889.8,6274.1,-60.72,0.852
R4615,pine,-73436.4,40937.1,6149.5,73.88,1.224
R4616,elm,-71427.6,40875,6628.9,-53.86,1.183
R4617,elm,-70843.5,41067.9,6502.9,-227.06,1.247
R4618,elm,-69755.5,41548.8,6265.9,6.28,1.185
R4619,poplar,-69559.1,40838.2,6566.7,-205.91,1.074
R4620,pine,-68066.8,41458.3,6312.7,5.61,0.943
R4621,elm,-67501.3,41254.3,6363.7,-216.61,1.067
R4622,pine,-66981.9,41378.6,6632.1,-266.77,1.237
R4623,pine,-65180.8,40969.8,5463.6,-42.4,1.014
R4624,pine,-64287.9,41255.1,5552.3,-67.39,1.184
R4625,poplar,-63845,41432,5744,-203.36,1.06
R4626,pine,-62629.6,40883.8,5619.4,-61.51,0.984
R4627,elm,-61811.7,41582.4,6532.6,32.53,1.159
R4628,elm,-60888.1,41534.2,6014.8,17.8,1.206
R4629,pine,-60580.6,41150.8,5654.4,-201.12,0.858
R4630,pine,-59285.5,41512.5,5387.7,-51.66,1.113
R4631,elm,-57953.5,41061.9,4477.8,-53.35,0.989
R4632,pine,-57132.7,41336.6,4672.8,42.7,1.09
R4633,elm,-56385.8,40841.9,4471.9,-242.91,1.157
R4634,pine,-54514.1,40977.5,4644.7,-120.13,1.134
R4635,pine,-54017.3,41552.8,5034.9,18.02,0.901
R4636,pine,-53416,41273.5,4308,-106.95,1.153
R4637,poplar,-52535.5,41542.9,3992.3,-40.01,1.144
R4638,pine,-51996.3,40911.5,3875,44.52,1.174
R4639,pine,-50576.1,41458,3580.3,-148.83,0.992
R4640,pine,77520.5,41113.1,5100.3,-204.99,1.048
R4641,elm,77752.9,41389.2,5190.6,-35.34,0.995
R4642,pine,78459.1,41549.9,5507.7,9.62,1.101
R4643,elm,79419.9,41456.6,5311.9,50.93,0.903
R4644,pine,-79291.4,42268.8,5082.1,79.39,1.224
R4645,elm,-78513.4,42089.6,5180.3,-100.03,1.228
R4646,elm,-77909.3,41758.7,5305.1,16.21,1.113
R4647,pine,-76911.9,41997.9,5445,-17.19,0.94
R4648,pine,-76785.6,42100.1,5547.1,-35.04,1.001
R4649,elm,-75584.7,41830.3,6056.4,-106.92,1.086
R4650,elm,-73987.2,42359.1,6850.8,24.99,0.903
R4651,pine,-73269.8,41954.3,6521.1,-182.62,0.902
R4652,elm,-72795.2,42121.8,6599.6,-105.37,1.105
R4653,pine,-70753.5,41730.5,6041,-212.7,0.872
R4654,elm,-69896.7,42333.3,5818.4,72.01,1.18
R4655,elm,-69515.6,41683,6399.9,-73.81,1.205
R4656,elm,-68415.4,41754.2,6548.7,-56.44,0.965
R4657,pine,-67839.7,42099.4,6278.4,39.88,1.166
R4658,poplar,-66922.1,42003.5,6311.5,-219.56,1.136
R4659,elm,-66302.4,41720.1,6790.1,-255.79,0.987
R4660,poplar,-64932.1,41990.6,5997.2,-104.79,1.074
R4661,pine,-64439.2,42290.9,6206.2,1.71,1.174
R4662,pine,-63290.9,42250.4,6084.1,-85.06,0.985
R4663,pine,-62719.5,42358.1,6137.8,-237.85,1.05
R4664,poplar,-61932.2,41734,6425.8,-250.76,1.039
R4665,pine,-60770.6,41660.3,6081,-61.59,1.001
R4666,poplar,-59600.6,41881.6,5500.3,-102.93,1.186
R4667,pine,-58960.9,41985.1,5666.5,-205.23,0.99
R4668,pine,-58007.5,41785.2,4915.1,52.25,0.926
R4669,pine,-57219.3,41818.2,4849.4,-41.91,0.84
R4670,pine,-56022.6,42305.9,5449.5,62.77,1.044
R4671,elm,-55635.9,42347.5,5522,-261.44,0.97
R4672,poplar,-54661.8,41676.7,5044.6,-71.3,1.141
R4673,pine,-53738.3,41927.5,4837.7,53.63,1.122
R4674,pine,-51954.4,41702.7,3759.9,-220.67,1.115
R4675,pine,-50060.9,42001,3294.4,-86.17,0.971
R4676,pine,-48051.3,42128.9,2965.6,-203.79,1.005
R4677,poplar,77361.3,42312,5459.8,67.32,1.126
R4678,elm,77926.3,42188.4,5385.4,-7.49,1.129
R4679,elm,78666.2,41953.1,5256.1,-156.52,0.907
R4680,pine,-79479.5,42662,5164.6,-233.14,0.88
R4681,elm,-78889.8,42720.8,5252.3,-111.37,0.975
R4682,elm,-78118.4,42995.5,5304.1,-103.09,1.115
R4683,poplar,-77122.6,42455,5420.5,-244.54,1.112
R4684,elm,-76514.6,42892.3,5828,63.08,0.914
R4685,pine,-75751.8,42980.1,6197.2,-199.9,1.019
R4686,pine,-74468.1,43057.3,6786.3,55.94,1.078
R4687,poplar,-74035.7,42862.4,6820.7,-187.5,1.049
R4688,elm,-73124.7,42498,6647.3,-27.05,0.945
R4689,pine,-72037.6,43167.7,6257,-145.77,0.858
R4690,pine,-71261.6,42886.3,5767.1,-265.64,1.074
R4691,elm,-70938.8,42678,5607.3,-103.74,0.888
R4692,poplar,-69968.3,42928.7,5404.3,-110.39,0.92
R4693,elm,-69069.8,42622.1,5948.7,-160.15,1.231
R4694,poplar,-68727.9,43056.3,6073.6,-242.5,0.872
R4695,poplar,-67311.5,42451.8,6022.4,-9.55,1.178
R4696,elm,-67119.4,42445.9,5997.9,-220.19,0.822
R4697,elm,-65993.2,43189,6243.8,-174.05,1.142
R4698,pine,-65234.1,42862.9,6673.2,-93.41,1.232
R4699,poplar,-64716.9,42873.9,6839.8,31.48,0.997
R4700,pine,-63931.3,42750.2,6726.7,20.58,1.179
R4701,pine,-62792.8,42620.7,6305.5,44.86,0.992
R4702,pine,-61761,42804.5,7045.7,-217.45,0.966
R4703,pine,-61131.2,42530.1,6950.7,-106.19,0.964
R4704,pine,-60368.7,42435.8,6566.3,-52.07,1.202
R4705,pine,-59932.1,42530.1,6612.5,-95.2,1.22
R4706,elm,-58944,42590.3,5975.2,64.21,0.957
R4707,pine,-56840.8,42504.2,5562.7,81.21,0.913
R4708,elm,-55949.1,43005.9,5921.2,-181.59,1.076
R4709,elm,-51210.6,42905.1,3788.3,-173.99,0.843
R4710,elm,77577.5,42842.3,5141.7,-214.42,0.999
R4711,pine,77673.6,43048.7,5053.9,-150.78,1.217
R4712,pine,79153.6,43063.5,5040.9,-59.62,1.132
R4713,pine,79582.9,42750.6,5098.2,-269.33,1.002
R4714,pine,-79414.2,43843.7,5560.8,74.84,1.137
R4715,pine,-78771.7,43228.7,5314.1,-162.33,0.848
R4716,pine,-77885.5,43572.4,5669.4,-233.77,0.893
R4717,elm,-77144,43442.6,5709.7,-228.13,1.236
R4718,pine,-76414.1,43291.1,6069.1,-239.9,0.947
R4719,pine,-75618.2,43745.1,6779.7,-262.12,0.945
R4720,elm,-74606.8,43478,6837.3,86.82,1.066
R4721,poplar,-74182.3,43737.5,6831.1,-59.29,0.998
R4722,elm,-72970.8,43387.6,6454,-34.57,1.101
R4723,pine,-71327.5,43464.7,5907.3,-198.03,1.249
R4724,pine,-70942.1,43959.7,5847,-261.12,1.179
R4725,pine,-69938.2,43879,5426.9,76.97,0.84
R4726,elm,-69347.8,43490.5,5477.5,50.23,1.241
R4727,elm,-68111.4,43495.5,5896.9,-85.72,1.075
R4728,elm,-67912.7,43959,5693.9,-234.61,1.169
R4729,elm,-66553.5,43687.7,6273.2,-85.92,0.915
R4730,pine,-66072,43337.4,6296.6,-139.99,0.811
R4731,pine,-65023.1,43290.4,6567.8,-263.51,1.192
R4732,pine,-64369.1,43377.1,7371.4,-262.11,1.02
R4733,pine,-63653.3,43245.4,7294,-226.42,0.822
R4734,pine,-62872.8,43288.6,6874.6,-160.13,1.172
R4735,pine,-62261.7,43259.8,6762.7,-19.82,0.885
R4736,pine,-61342.4,43257.2,6703.4,28.9,0.978
R4737,elm,-60050.7,43533.3,6894.4,-34.3,1.053
R4738,pine,-59827.8,43811,6571.2,-214.91,0.861
R4739,pine,-58625.2,43226.2,6925,-115.64,1.175
R4740,elm,-58077.9,43724.3,6749.4,-131.94,1.139
R4741,poplar,-57158.6,43515.1,6183.2,71.61,0.87
R4742,pine,-55630.3,43258.3,6005.9,-31.7,0.885
R4743,elm,-54498.5,43401.3,5383.2,-48.35,1.087
R4744,pine,-48823.3,43525.8,3161.8,-60.66,0.844
R4745,elm,-47436.5,43688.3,3056.6,-182.11,0.999
R4746,elm,73088.3,43397.1,4452.5,-202.38,0.822
R4747,elm,74698.7,43689.2,5642.8,-226.82,0.882
R4748,elm,75498.2,43846.4,5512.4,-15.1,1.144
R4749,pine,76500.1,43404.2,5301.8,37.41,0.921
R4750,pine,77147.7,43950.5,5295.7,-221.24,1.216
R4751,elm,77741.1,43388,5016.1,-254.13,0.931
R4752,pine,78796.2,43800.9,5094.6,-13.03,0.864
R4753,elm,-79494.2,44696.4,5442.1,-34.55,0.976
R4754,poplar,-78515.6,44487.5,5807.5,16.27,0.91
R4755,elm,-78098.5,44245.9,5867.2,-124.74,0.919
R4756,pine,-77154.8,44243.7,5972.2,-144.98,1.002
R4757,pine,-76365.5,44319.9,6454.6,-182.2,1.15
R4758,pine,-75438.9,44184,6818.7,-200.99,0.929
R4759,elm,-74806.2,44055.7,6760.2,-115.39,1.109
R4760,pine,-74123.9,44051.4,6849.9,-136.44,1.107
R4761,pine,-70671.5,44711.9,6225,16.08,1.137
R4762,pine,-69823,44135.9,5571.6,-177.01,0.823
R4763,pine,-68866.7,44569.7,6157.2,89.03,0.919
R4764,pine,-68571.4,44377.8,6103.7,-23.13,0.872
R4765,pine,-67775.8,44652.6,5762,48.74,0.971
R4766,pine,-66414.9,44072.7,6482.9,-84.27,0.951
R4767,poplar,-65990.4,44423.3,6551.4,26.18,0.865
R4768,pine,-64801.9,44446.1,7087.4,-149.79,0.958
R4769,pine,-64234.3,44271.7,7610.5,-264.31,0.823
R4770,pine,-63934.5,44788.5,7287.6,-174.41,1.084
R4771,elm,-62680,44230.9,6709.8,-220.39,0.817
R4772,pine,-61818.2,44360.8,6524,-227.83,1.157
R4773,pine,-61308.5,44059.7,6235.2,-126.54,0.918
R4774,pine,-60152,44237.1,6141.1,73.8,0.853
R4775,elm,-59416.3,44155.3,6495.4,-64.25,0.923
R4776,pine,-59095.4,44514.4,6388.5,37.39,1.14
R4777,poplar,-57581,44245.2,6490.1,19.1,0.991
R4778,pine,-55857.5,44187.4,6567,-267.49,0.986
R4779,elm,-48961.1,44589.1,3441.8,-135.52,1.016
R4780,pine,-47522.4,44345.6,3250.1,-60.85,1.001
R4781,elm,73727.4,44549.2,5460.6,-166.61,1.1
R4782,poplar,74552.4,44453.9,5586.4,62.02,0.934
R4783,pine,76438.4,44569.4,5120.3,-198.98,0.843
R4784,elm,77465.3,44215,5194.6,-114.94,1.075
R4785,elm,78341.2,44308.8,5044.8,-98.76,0.939
R4786,elm,79035.4,44020.7,5106.4,-106.36,0.901
R4787,elm,79485.9,44489.9,5101.8,-169.66,1.043
R4788,pine,-79497,45250.6,5514,-135.92,1.16
R4789,poplar,-78869.1,45136.5,5461.6,-220.18,0.972
R4790,poplar,-77895.4,45527.5,5946.3,29.53,1.181
R4791,pine,-77396.4,44989.5,6179.1,-38.16,0.957
R4792,elm,-76435.6,45304.6,6811.8,52.34,1.144
R4793,elm,-75911.5,44981,6785.5,-70.54,0.812
R4794,elm,-73146.7,44976.6,6519.2,-210.59,0.899
R4795,elm,-71784.5,45246.7,6168.3,-32.66,0.957
R4796,poplar,-70038.3,45470.4,6612.1,-250.96,0.967
R4797,pine,-69180.5,45311.1,6363.3,-29.21,1.166
R4798,pine,-68421.4,45438.9,6842.4,-54.22,1.083
R4799,elm,-67854.3,45074.8,6317.1,-112.03,0.91
R4800,pine,-66751.9,45220.8,6433.5,47.51,1.135
R4801,pine,-65823.3,45202,7027.1,-168.14,1.163
R4802,pine,-65456.5,45104,7444.4,-153.22,0.947
R4803,pine,-64549,45569.8,7274.9,-44.63,1.135
R4804,pine,-63713.7,45254.7,7087.5,-188.95,0.989
R4805,pine,-63159.3,45201.1,7154.5,-22.85,0.902
R4806,pine,-61742.1,45410.6,7322.5,-191.09,0.822
R4807,pine,-61221.6,45388.3,7082.5,-111.54,1.23
R4808,pine,-60059.2,44867.5,6370.2,-131.76,0.993
R4809,pine,-58522.5,45300.4,6495.9,-155.25,1.209
R4810,pine,-57655.4,44942.9,6362,-51.44,0.942
R4811,elm,-50936.7,45350.8,4412.5,-14.92,1.133
R4812,pine,-50377.8,44827.6,4032.6,80.15,0.84
R4813,elm,-48042.7,44856.1,3739.7,-149.42,1.196
R4814,elm,-47217.9,44838.8,3289.5,12.2,0.913
R4815,elm,-47164.6,45478.3,3344.2,-64.21,1.105
R4816,pine,72971.6,45214,4601.4,-115.93,1.196
R4817,pine,74244.9,45155.2,5137.4,-55.97,0.876
R4818,pine,74963.7,45223.3,5056,-69.39,0.858
R4819,pine,75721,44899,5017,-260.73,1.187
R4820,pine,76005.7,44994.1,4912.2,7.62,0.83
R4821,elm,76801.9,44842.3,4947.5,76.73,0.836
R4822,pine,77955.3,45137.5,5031.5,-37.09,1.162
R4823,pine,78981.5,45293.5,5274.6,43.16,1.128
R4824,elm,-79460.7,45772.3,5561.6,-92.97,1.196
R4825,elm,-78766.1,46109.6,5612,-263.12,1.064
R4826,elm,-78024.1,46382.3,5723,21.5,1.115
R4827,pine,-77106.5,45873,6336.8,-149.03,1.029
R4828,pine,-76524.8,46228.1,6775.2,-261.97,0.985
R4829,elm,-75506.4,45866.5,6967.8,-61.66,1.004
R4830,pine,-74609.4,46087.4,6732.3,-104.29,1.132
R4831,elm,-73662,45702,6587,-164.56,0.961
R4832,pine,-73111.4,45824,6387.8,71.68,1.085
R4833,poplar,-71443.8,46094,5717.9,-125.08,0.875
R4834,pine,-70614.4,46398.6,5898.8,2.87,0.872
R4835,poplar,-69813.5,46078.1,6229.9,-86.03,0.848
R4836,pine,-68889.6,46351.6,6843.3,-160.15,1.232
R4837,pine,-68035.7,46361.6,7131,73.68,1.148
R4838,pine,-67403.5,46116.2,7252.3,47.7,1.19
R4839,pine,-67029.7,45668.3,6697.2,-241.36,1.085
R4840,pine,-65907.2,45833.4,7021.2,-11.2,0.916
R4841,pine,-64966.7,46073.2,7605.8,75.69,1.102
R4842,pine,-64560.3,45726.2,7245.6,36.72,0.871
R4843,pine,-63426.3,46346.1,7193,-115.27,0.915
R4844,pine,-62999.8,46319.5,7353.5,-112.67,1.032
R4845,pine,-61971,45983,7464.8,25.82,0.979
R4846,pine,-60890.7,45841.9,7482.5,-251.43,0.975
R4847,pine,-59898.9,46294.9,7301.7,63.19,0.895
R4848,pine,-53178.4,46254.3,5295.3,-19.84,1.24
R4849,pine,-52034.4,46206.2,4481,-32.69,0.849
R4850,pine,-51529.7,46114.3,4337.5,-145.07,1.194
R4851,elm,-49732.1,45716.7,3655.2,-27.3,1.2
R4852,elm,-49165.8,45669.9,3590.1,-101.8,0.861
R4853,pine,-46181.4,45866.3,3109.2,-2.1,1.211
R4854,elm,74251.9,45981.8,4693.2,-33.59,1.189
R4855,pine,74720.4,45614.2,4875.5,-3.04,0.853
R4856,elm,75541.4,46308.8,4584.5,9.15,1.103
R4857,elm,76064.7,45895.4,4612.9,65.29,1.181
R4858,elm,77275.2,46272.6,4647.3,15.63,1.049
R4859,pine,77820.4,46067,4933.8,-168.03,0.979
R4860,poplar,79193.6,45817.4,5384.1,58.3,0.976
R4861,pine,-78785.1,46641.1,5736.9,-177.68,0.952
R4862,elm,-78384.5,46506.6,5722,78.6,1.086
R4863,pine,-77365.2,46642.2,6209.8,-116.45,1.037
R4864,pine,-76138.8,46416.2,7035.7,21.88,1.057
R4865,pine,-75587.9,47036.6,7259.8,-184.26,1.147
R4866,pine,-74851.8,46569.3,6965.9,39.97,1.081
R4867,pine,-73916.5,46856.8,6507,-162.35,1.094
R4868,poplar,-72918.2,47127.7,6152.5,83.57,1.007
R4869,pine,-72035.9,46935.1,5918.2,-55.5,0.927
R4870,elm,-71470,46541.3,5806.9,-97.55,1.095
R4871,pine,-70207.3,47050.6,6036.8,-48.21,1.215
R4872,pine,-69446.5,47171.6,6389.5,-114.84,1.173
R4873,elm,-68417.6,46915.5,6626.7,-58.27,1.12
R4874,elm,-67837.6,46923.1,6750.8,5.09,1.036
R4875,poplar,-66716.7,46673.9,6611.3,36.44,1.166
R4876,pine,-66233.7,46725.9,6758.9,-80.91,1.017
R4877,pine,-65348.4,46938.3,7687.1,-208.78,1.099
R4878,pine,-64704.2,46883.2,7830,60.09,0.899
R4879,pine,-63261.5,46543.4,7339.9,-62.65,0.907
R4880,pine,-62745.5,46751.2,7804.5,-79.66,1.125
R4881,pine,-62264.7,47091,7865.3,-248.63,1.082
R4882,pine,-61085.8,46937.3,7700.5,11.03,1.041
R4883,pine,-59279,46436.6,7331.6,20.45,1.039
R4884,elm,-49265.9,46431.1,3181.7,-197.61,1.207
R4885,elm,-48400.9,46599.6,3307.1,79.29,0.94
R4886,elm,-46931.4,46503.2,3034.5,-261.45,0.987
R4887,pine,71363.2,46608,3567.4,-259.3,0.825
R4888,pine,72348.3,46538.3,3863,-82.43,0.839
R4889,poplar,73147.2,46929.9,4010.6,-255.27,0.829
R4890,pine,73783.3,47035.2,3995.2,-86.06,0.931
R4891,elm,74819,46539.4,4383.3,-77.56,1.142
R4892,pine,75294.1,46896.5,4423.4,32.77,0.81
R4893,pine,76697.3,47065.8,4688.5,-82.89,0.879
R4894,pine,77429.1,47041,4712.7,13.37,1.131
R4895,pine,77838.9,46410.5,4871.8,-133.24,1.033
R4896,pine,78464.2,46798.7,5034.7,52.85,0.968
R4897,elm,-79546.6,47430.6,5838.8,13.17,0.958
R4898,elm,-78616.9,47692.9,5876.7,-110.1,1.227
R4899,pine,-77857.5,47248.4,6063,-202.55,1.124
R4900,pine,-77492.1,47239.5,6193.4,-177.14,1.246
R4901,poplar,-76780.9,47670,6565.5,-224.2,1.062
R4902,poplar,-75932.1,47806.4,6991.3,-110.9,1.127
R4903,elm,-73887.2,47716.1,6094.6,-199.23,0.838
R4904,pine,-73209.8,47836.3,5886.6,-268.1,1.116
R4905,pine,-72181.8,47521.7,5855.4,-157.56,0.957
R4906,elm,-71950.7,47737.9,5778.2,-51.79,1.161
R4907,poplar,-70436.5,47866.6,5753.8,-70.63,1.18
R4908,pine,-69783,47223,6173.5,-148.87,1.201
R4909,pine,-69586.9,47472,6179.9,-44.28,0.978
R4910,poplar,-68261.9,47914.8,6411.5,-76.97,0.965
R4911,pine,-67894.5,47696.5,6426.5,-49.18,0.802
R4912,pine,-67133.5,47734.8,6336.5,-126.03,0.849
R4913,elm,-65864.3,47831.5,6790.6,-246.23,1.004
R4914,pine,-64961.5,47538.8,7602.3,77.84,0.887
R4915,pine,-64199.4,47670.8,7656.3,75.72,1.103
R4916,pine,-63986.9,47776.7,7664.2,-118.12,0.951
R4917,pine,-62603.3,47246.3,8079.5,-182.77,1.076
R4918,pine,-62351.8,47895.4,8508.9,-180.63,0.84
R4919,pine,-60983.7,47298.2,7893.2,-169.04,1.244
R4920,pine,-60090.5,47248.5,8020,-102.6,0.957
R4921,pine,-57719.7,47392.4,7483.5,-67.87,1.103
R4922,pine,-57342.5,47330.4,7315.1,88.39,0.858
R4923,pine,-55840.2,47690.2,6570.1,50.94,0.905
R4924,pine,-54558.3,47859.7,5369.3,-205.42,1.217
R4925,pine,-52924.1,47675.8,4553.3,22.5,0.899
R4926,pine,-52178.7,47574.8,4196.5,87.81,1.122
R4927,elm,-51979,47262.7,4153.4,-202.21,1.139
R4928,pine,70978.4,47707.5,3608,-94.34,1.168
R4929,poplar,71771.3,47554.2,3584.1,-85.49,0.874
R4930,pine,73324.9,47346,3914.8,-171.32,1.039
R4931,pine,74164.8,47883.2,3852.2,-19.19,1.199
R4932,pine,74455.7,47476.4,3995.4,-234.89,1.087
R4933,pine,75712.8,47669,4367.3,-2.66,1.201
R4934,pine,76083.6,47852.1,4483.2,-46.68,0.851
R4935,pine,76912.8,47354.7,4728.7,-155.25,0.915
R4936,elm,78312.4,47369.1,5064.9,-231.95,1.189
R4937,poplar,79028.2,47628.5,5574.1,-103.09,1.132
R4938,elm,-79140,48318.1,6045,-153.13,1.021
R4939,pine,-78096.2,48626,6499.4,-77.33,1.118
R4940,poplar,-77116.2,48003.1,6458.1,-192.43,0.954
R4941,elm,-76295.6,48224.5,6631.5,-118.62,0.846
R4942,elm,-75309,48085.4,6802.3,-198.12,0.877
R4943,poplar,-74502.3,48287.5,6209.8,-92.67,1.037
R4944,pine,-73607,48606.4,5962.4,-187.68,1.172
R4945,elm,-72862,48415.3,5903.8,-54.36,1.148
R4946,elm,-72228,48148.2,5653.1,-249.03,1.181
R4947,elm,-71303.4,48173.7,5633.9,-6.99,0.92
R4948,elm,-70404.6,48723.3,5558.5,-5.31,1.047
R4949,pine,-70135.8,48698.4,5699.2,-168.83,0.884
R4950,elm,-69450.5,48462.9,6287.9,45.6,1.086
R4951,poplar,-68515.2,48106,6421.5,-191.77,1.247
R4952,elm,-67712.7,48515.8,6182,87.09,1.013
R4953,elm,-66626,48631,6615.6,0.56,1.027
R4954,pine,-66028.2,48526,7011,-261.24,0.866
R4955,pine,-64825.8,48037.1,7804.8,-129.74,0.965
R4956,pine,-64188.2,48062.9,7545.3,-35.55,1.218
R4957,pine,-63538.4,48174.3,7809.7,-215.77,1.132
R4958,pine,-62558.8,48666,7578.5,-20.16,0.83
R4959,pine,-62135.1,48148.5,8334.5,-86.24,0.937
R4960,poplar,-53703.1,48208.9,4620.6,-49.86,1.166
R4961,elm,-53416.1,48669.8,4750.2,-145.72,0.827
R4962,pine,-52493.6,48341,4776.5,-7.25,0.934
R4963,pine,-51601,48456.6,3608.1,47.77,0.923
R4964,elm,-48016.3,48615.4,3398.8,-264.21,0.944
R4965,pine,-46269.8,48794.3,3272.9,-78.08,1.031
R4966,poplar,69693.8,48029.9,3652.9,-16.72,1.181
R4967,elm,71321.5,48693.9,3780.3,-253.73,1.232
R4968,pine,72531.5,48109.7,3668.5,61.16,1.146
R4969,pine,74408.7,48709.1,3803.1,-68.56,0.975
R4970,pine,75651.5,48493.1,4316,-8.3,0.852
R4971,pine,76295,48588.9,4201.4,-18.22,0.926
R4972,pine,77424.3,48691.2,4605.5,-158.22,1.053
R4973,pine,77850.4,48343.1,4705.1,-174.02,0.836
R4974,pine,79121.2,48156.4,5536.5,37.9,0.986
R4975,poplar,79569.8,48209.6,5432.9,19.97,1.121
R4976,pine,-79381.2,48895.4,6026.1,-176.13,0.816
R4977,pine,-78684.4,49545.5,6341.5,-237.93,1.001
R4978,elm,-78109.3,49052.7,6231.2,-87.97,0.889
R4979,elm,-77096.5,49513.8,5947.8,24.44,1.137
R4980,elm,-76219.9,49104.4,6287.4,42.36,0.93
R4981,elm,-75410.6,49341.6,6237.2,-222.74,1.146
R4982,elm,-74744.7,49099.1,6436.8,-154,0.879
R4983,pine,-73657,49458.5,5822.7,-167,1.161
R4984,elm,-73059.4,48812.4,5662.3,-255.27,1.107
R4985,pine,-72574,49237.1,5625.7,-17.22,1.085
R4986,pine,-71801.8,48867.1,5769.3,15.76,0.965
R4987,pine,-71064.6,49488.7,5490,71.76,0.867
R4988,elm,-70170.2,49177.2,5657.2,-153.52,0.87
R4989,elm,-69082.2,48992.4,6019.4,-151.92,0.832
R4990,pine,-68047.6,49451.1,6572.2,-179.47,0.816
R4991,poplar,-67204.6,48934.7,6426.8,38.89,1.183
R4992,poplar,-67127.6,48842.8,6388.7,21.42,1.058
R4993,pine,-66237.5,49351.3,6971.4,-1.74,1.195
R4994,pine,-65451.4,49040.7,7224.3,54.24,0.973
R4995,pine,-64155,48860.4,7467.5,-208.7,1.002
R4996,pine,-63932.9,48917.7,7366.1,-252.8,1.022
R4997,pine,-62918.8,49019.1,7447.9,-194.93,0.808
R4998,pine,-58591.8,49139.1,7688.6,-96.18,0.894
R4999,pine,-56493.3,48927.9,7037.5,8.69,0.924
R5000,pine,-55319,48985.7,6449,-107.31,1.053
R5001,pine,-55187.6,49201.3,6184.2,-94.99,1.143
R5002,poplar,-52706.5,49049.7,5038,-18.14,1.03
R5003,poplar,-50566.2,49250.6,3916.5,-37.22,1.125
R5004,elm,-49500.8,49389.7,3892.4,-252.38,0.92
R5005,pine,-48328.6,49476.3,3599.4,48.94,1.023
R5006,pine,-46913,49525,3572.1,6.66,0.935
R5007,elm,69520,49234.4,3812.4,-219.16,1.088
R5008,pine,69955.3,49330.4,3829.4,-153.31,0.946
R5009,elm,71102.2,49518.9,3874.5,-216.86,1.077
R5010,pine,73546.4,49312.5,3888.9,-8.4,1.157
R5011,pine,73730.7,48936.5,3765.6,-5,0.845
R5012,pine,74564.9,48987.6,3901.3,-119.06,0.866
R5013,pine,75415.1,49353.7,3940.6,-74.39,1.097
R5014,poplar,76220.4,49215.4,4229.4,-49.9,0.82
R5015,pine,77160.6,48848.2,4450.5,-103.09,0.922
R5016,pine,78015.3,49507.3,4589.2,-200.67,0.91
R5017,pine,78410,49557.3,4654.4,25.35,0.993
R5018,pine,-78986.3,49627.6,6393.5,-166.17,1.026
R5019,elm,-78251.5,49830,6171.1,-33.47,1.245
R5020,poplar,-76994.4,49603.9,5932.7,-121.51,0.953
R5021,pine,-76780.9,50133.6,6031.2,-219.55,1.242
R5022,pine,-75418,49917.5,6108.6,-231.6,0.94
R5023,poplar,-74917.3,49787,6130.2,68.22,0.804
R5024,elm,-74324.7,50389.5,5814.4,-156.28,0.862
R5025,pine,-73395.4,49822.1,5899.1,18.58,1.244
R5026,elm,-72629,50224.8,5940.6,82.13,1.134
R5027,pine,-71597.1,50347.6,5842,-233.8,0.936
R5028,pine,-70852.8,49969.6,5704.3,-79.29,1.141
R5029,elm,-70110.1,49667.3,5806,-189.6,1.089
R5030,poplar,-69503.2,50343.6,6438.1,-180.85,0.895
R5031,elm,-68474,49869.3,6684.5,31.45,0.846
R5032,pine,-67377.2,50017.5,7058.7,61.74,1.087
R5033,pine,-67150.3,50269.9,7174.2,66.49,1.137
R5034,pine,-66140,49843.7,6852,-243.64,1.145
R5035,pine,-65175.3,49737.1,7245.7,-167.2,0.829
R5036,pine,-64789.5,49651.8,7471.4,-30.46,0.935
R5037,elm,-63321.2,50040.8,6966.6,-168.4,0.854
R5038,pine,-61131.2,49914.8,6887.9,70.83,0.963
R5039,pine,-60340,49878.4,7469.1,-116.03,0.902
R5040,pine,-53277.1,49713.4,5288.8,-111.81,1.01
R5041,pine,-52777.1,50269.1,5500.2,-99.46,1.073
R5042,pine,-51849.1,50024,4843.2,-22.13,0.946
R5043,pine,-50670,49881,4295.2,-128.25,0.827
R5044,poplar,-50360.5,50151.1,4126.9,-72.83,1.108
R5045,poplar,-49120.8,50305.7,4202.9,25.81,1.151
R5046,elm,-48733.4,50387.2,4000.8,45.84,1.178
R5047,pine,70349.5,50029.4,3931.6,-177.02,1.011
R5048,pine,70745,50372.8,4034.8,-121.01,1.196
R5049,pine,71204.6,49819.3,3936.7,64.92,1.045
R5050,pine,72689.4,49848.2,3929.1,-245.98,0.978
R5051,pine,73381.6,50060.2,4265,40.93,1.243
R5052,pine,73663.7,50228.6,4420,-234.98,1.063
R5053,elm,75207.8,49890.2,3931,-265.92,0.809
R5054,pine,76396.2,49872.1,4465.9,-142.9,0.918
R5055,elm,76817.9,49838.6,4507.2,-92.19,0.951
R5056,pine,77697.4,49970.5,4842.1,-187.34,1.096
R5057,pine,79092,50395.7,5210.3,55.14,1.179
R5058,elm,79552.4,50296.2,5290.6,-164.56,1.104
R5059,poplar,-79555.9,50873.7,6197.7,22.57,1.108
R5060,pine,-78851.6,51076.2,6031.2,-51.61,1.207
R5061,pine,-78042.8,50838.4,6029.5,47.64,1.024
R5062,pine,-77388,50648.9,6056.6,84.27,1.178
R5063,elm,-76731.5,50646,6021,-65.68,0.888
R5064,pine,-75360,50565.4,6033.8,-225.97,1.043
R5065,pine,-75139.7,50776.2,6020.3,-160.92,0.922
R5066,pine,-73928.1,51112.5,6073.5,-9.91,1.048
R5067,pine,-73061,50807.6,5965.6,-74.08,1.2
R5068,elm,-72507.4,50695.4,5737,88.25,0.832
R5069,elm,-71537.6,50605.6,5795.3,-249.55,1.074
R5070,pine,-70937.4,51086.6,5621.8,7.73,1.178
R5071,pine,-70359.5,50603.6,6004,-74.64,1.085
R5072,poplar,-69405.1,50683,6479.6,-65.2,0.904
R5073,pine,-68201.6,50649.3,7370.2,68.73,1.115
R5074,pine,-67220.9,50772.8,7338,-63.28,1.185
R5075,pine,-66880.4,50505.3,7139.1,7.65,0.816
R5076,pine,-66075.7,50793,6806.6,43.27,0.992
R5077,poplar,-65220.3,50797.9,6969.1,-72.33,0.83
R5078,pine,-64636.5,50464.4,7106.9,-126.54,0.873
R5079,pine,-63870.4,50669.3,7020.6,-209.83,0.955
R5080,pine,-63104.6,51181.8,7180.6,54.05,1.008
R5081,pine,-61505.7,50887.9,6716.6,-123.78,0.842
R5082,poplar,-53449.9,50725.3,5647,-60.95,0.809
R5083,pine,-52090.4,50607.6,5180.5,-244.78,1.029
R5084,elm,-51607.1,50807.4,5431.9,62.76,1.212
R5085,pine,-51060.9,50991,4589.7,-60.91,0.949
R5086,pine,-50223.5,50879,4371.9,-59.16,1.104
R5087,poplar,-48918.2,50455.6,4104.8,-112.51,1.203
R5088,poplar,-48546.1,50722,3732.9,-215.36,1.241
R5089,pine,-47788.7,50603.8,3491,-136.56,0.923
R5090,pine,-46557.9,51068.3,3203.4,-82.6,0.937
R5091,elm,70115.8,51099.8,4108.3,-61.84,0.882
R5092,poplar,70491.7,50828.1,4259.7,-95.93,0.825
R5093,pine,71378.1,51057.4,4282.6,-210.79,0.967
R5094,poplar,72505.9,50620.3,4205.1,-251.16,0.815
R5095,pine,73460.5,51018.8,4557.5,-35.61,0.864
R5096,pine,73883.7,50750.9,4539.1,47.63,1.144
R5097,elm,74465,51049,4504.4,-223.85,0.898
R5098,elm,75412.8,50585.4,4250.1,-146.6,1.149
R5099,elm,76713.5,50719.9,4769.9,-173.74,1.16
R5100,poplar,76989,50710.6,4864.6,64.31,1.21
R5101,elm,78060.4,50896.3,5052.9,71.55,0.894
R5102,elm,79009.2,50452.7,5204.8,-31.24,1.016
R5103,pine,79575.8,50425,5320.3,-133.87,0.915
R5104,pine,-79434,51489.1,6081.4,-129.28,1.152
R5105,pine,-79180.5,51656.7,6140.2,36.36,1.018
R5106,pine,-78148.4,51264.5,6117.9,-269.75,1.222
R5107,elm,-77399.9,51893.8,6631.4,-24.63,0.897
R5108,pine,-76579.9,51828.3,6745.5,-175.23,1.085
R5109,poplar,-75733.4,51313,6293.4,87.11,1.077
R5110,pine,-74455.1,51425.4,6222,-13.91,0.849
R5111,pine,-74238.6,51531.9,6217.4,-80.28,0.859
R5112,pine,-72864.2,51500.9,5747.4,-39.74,0.834
R5113,elm,-72647.8,51208.6,5561.2,-34.01,0.875
R5114,pine,-71557.8,51210.1,5380.6,27.67,1.025
R5115,elm,-70925.8,51630.2,5552.1,-10.8,1.23
R5116,pine,-69801.7,51320.1,6217.7,47.34,0.82
R5117,pine,-68905.8,51678.5,6015.6,20.82,0.811
R5118,pine,-68551.8,51370.2,6398.6,23.03,0.907
R5119,elm,-67292.9,51903.7,6117.2,-234.14,0.92
R5120,pine,-67154.6,51313.9,6978,-19.88,1.171
R5121,pine,-66394,51881.5,6767,-56.11,1.082
R5122,pine,-65403.3,51611.7,6503.3,-25.76,1.181
R5123,pine,-64673.9,51544.8,6791.7,82.99,1.162
R5124,elm,-63619.4,51696.5,6999.9,-99.8,1.225
R5125,pine,-61070.5,51518.6,6296.1,-257.26,0.813
R5126,pine,-52494,51604.5,5170.7,-72.39,0.923
R5127,poplar,-51584.3,51992.9,4521.7,-190.83,0.889
R5128,elm,-50643,51378.6,4185.8,-91.14,1.094
R5129,pine,-48947.6,51996.7,3467,18.89,0.955
R5130,elm,-48515,51396.8,3419.7,-132.72,0.881
R5131,poplar,-47406.5,51835.1,2973.1,-86.29,0.922
R5132,elm,-47058.3,51617.2,2958.5,84.47,1.226
R5133,elm,69283.7,51233.9,3823,-41.86,0.895
R5134,pine,70196.9,51366,4047,-194.11,1.029
R5135,pine,71086.2,51581.5,4106.1,-109.46,0.831
R5136,elm,71974.8,51851.1,4616.7,51.28,1.158
R5137,pine,72721,51617.4,4736.9,66.8,0.963
R5138,pine,72876.5,51618.8,4708.1,-69,1.192
R5139,pine,73918.9,51246.3,4617.8,-259.79,1.17
R5140,poplar,74861.2,51737.2,4662,33.65,0.978
R5141,elm,75332.9,51962.5,4759.5,83.28,0.99
R5142,pine,76123,51731.4,4867.7,51.6,1.198
R5143,pine,77171,51295.1,4893.5,56.11,0.807
R5144,pine,78377.6,51860.7,5315.8,-117.12,1.018
R5145,pine,78995.3,51758.5,5336,-62.9,0.874
R5146,elm,79558.1,51347.5,5431.6,-5.26,1.175
R5147,pine,-78428.5,52166,6440.1,-16.98,0.82
R5148,pine,-78383,52354.4,6553.1,-27.86,1.131
R5149,pine,-77437.1,52481.8,6952.7,-45.63,0.992
R5150,pine,-76566.6,52482.2,7055.4,-259.77,0.859
R5151,elm,-74923.2,52165.9,6670.9,10.26,0.96
R5152,poplar,-73642.6,52037,6249.8,-103.78,0.969
R5153,pine,-72835.1,52008.9,5918.8,-14.22,1.145
R5154,poplar,-72216.4,52156.7,5498.5,84.77,1.151
R5155,pine,-71768.3,52234.5,5436.4,-71.6,1.065
R5156,elm,-70661.1,52456.2,5756.2,59.24,1.033
R5157,pine,-69872,52090.4,5816.7,-151.24,1.214
R5158,pine,-69364.7,52404.3,5773.6,-61.17,0.998
R5159,pine,-68135.5,52228.7,5820,-197.62,0.94
R5160,poplar,-67671.8,52270.2,5873.9,-175.08,0.968
R5161,poplar,-66565.2,52411.2,5720.7,-250.21,1.043
R5162,elm,-66306.1,52786.3,5563.9,-56.97,1.065
R5163,pine,-65539.4,52730,5906.9,-235.01,1.047
R5164,elm,-64175.7,52173.4,6479.6,12.96,0.813
R5165,elm,-62763.6,52775.6,6335.8,-83.76,1.017
R5166,pine,-61508.4,52723.5,7159.9,48.86,1.061
R5167,elm,-53755.7,52299.2,5907.2,-156.95,0.805
R5168,pine,-52786.3,52163.7,4922.4,-206.08,0.827
R5169,elm,-51453,52323.1,4464.9,-37.87,1.095
R5170,elm,-50881.5,52061.1,3941.5,-78.32,1.157
R5171,elm,70673.5,52443.9,4147.3,27.91,1.101
R5172,elm,72509.3,52158.9,4687.8,-227.81,1.044
R5173,pine,73145.3,52142,4757,-55.26,1.151
R5174,elm,74046.1,52344.9,4795.6,-239.29,0.959
R5175,pine,75149.9,52490.8,4813.1,-96.35,0.848
R5176,pine,75798.6,52190.5,4932.5,-183.93,0.858
R5177,pine,76279.3,52738.1,4938.1,-257.96,1.172
R5178,pine,77493.1,52615.5,4937.3,-208.75,1.129
R5179,elm,77935.1,52447.6,5086.1,25.23,0.823
R5180,poplar,79046.3,52120,5299.7,-172.05,0.888
R5181,pine,79242.4,52356,5377.5,-242.24,0.845
R5182,pine,-78942.6,53475.6,6468.4,48.86,1.186
R5183,pine,-78016.9,53097.1,6781.4,-4.83,0.979
R5184,pine,-76915.8,53038.9,7028.9,-95.3,1.077
R5185,pine,-76121.7,53233.6,7295.1,-217.09,0.929
R5186,pine,-74505,53458.5,6535.8,-9.45,0.965
R5187,pine,-73871.7,52974.6,6227.7,-251.21,0.988
R5188,poplar,-73145,53405.5,6010.6,-132.65,1.161
R5189,pine,-72289,53271.6,5774,-81.51,1.018
R5190,pine,-71265.7,52907.2,5985.8,-57.65,1.208
R5191,elm,-71164,52843.4,5970.7,-227.08,0.894
R5192,elm,-69829.3,53237.6,5774.3,-112.48,1.242
R5193,pine,-69411.4,53466.4,5788,-69.81,1.225
R5194,pine,-68060.4,53112.4,5724.7,-212.93,0.964
R5195,poplar,-67468.9,52932.3,5629.3,-176.77,1.243
R5196,pine,-67161.4,52894.9,5700.2,-182.02,1.145
R5197,pine,-65797.7,53529.9,5352.1,-106.21,0.969
R5198,elm,-65266.6,52959.4,5796.8,38.99,1.121
R5199,elm,-64542.2,53447.4,5492.3,48.62,0.893
R5200,elm,-62743.8,53399,6530.4,-200.92,1.063
R5201,elm,-59763.6,52864.1,6650.8,69.45,1.223
R5202,elm,-58994.9,52995.5,6201.8,-96.17,0.835
R5203,elm,-52057.8,52970,4239,-239.99,1.195
R5204,pine,-51843.4,53393.9,4240.8,-207.03,0.804
R5205,pine,-49849.4,52953.1,3601.4,12.07,0.806
R5206,elm,-49390.5,53257.8,3388.8,-119.73,0.932
R5207,elm,-48716.9,52905.4,3278.1,-4.77,1.08
R5208,pine,72472.2,53246.4,4849.3,78.49,0.932
R5209,pine,74034,52863.6,4949.9,-102.3,0.932
R5210,elm,74733.1,53465.5,5155.1,-47.41,0.948
R5211,elm,75540,53381.5,5105.3,-57.32,0.9
R5212,elm,76664.6,53508.7,4972.8,42.48,1.202
R5213,pine,77389,53088.1,4959.4,52.25,0.903
R5214,pine,78155.9,53230.7,5498.5,-90.35,0.905
R5215,pine,78941.9,53526.7,5832.7,-149.55,1
R5216,elm,-79005,54303.9,5931,-169.04,0.844
R5217,pine,-77835.2,53993.2,6283.2,18.19,0.839
R5218,elm,-77316.8,54386.5,6597.9,-193.62,0.822
R5219,pine,-76032.1,53770.9,7443.7,-225.46,1.037
R5220,pine,-75693.9,54004.3,7277.3,29.15,1.072
R5221,elm,-73689.5,53798.4,6429.2,-114.33,1.114
R5222,elm,-72842.1,54142.8,6266.3,-33.45,1.06
R5223,elm,-72238.1,54148.2,6377.7,-175.13,0.845
R5224,pine,-71665.9,53670.5,5856.5,87,0.96
R5225,pine,-70957.2,53945.3,5471.7,-63.23,1.233
R5226,elm,-69751.8,54166.4,5496.8,26.63,0.996
R5227,elm,-69285,53904.2,5751.5,-251.7,1.226
R5228,pine,-68390.2,53952.1,5966.9,13.37,0.821
R5229,pine,-67220.4,53725.6,5704.5,83.37,0.802
R5230,poplar,-66830.3,54101.7,5699.4,37.82,0.876
R5231,poplar,-65625.8,53786.4,5473.7,-250.95,0.82
R5232,poplar,-65125.6,53969.8,5266.1,38.01,1.018
R5233,poplar,-63010.8,53752.4,6121.1,-126.89,0.972
R5234,pine,-51329.8,53868.8,3768.6,-254.32,1.099
R5235,pine,67507,54290,3325.2,-123.98,1.197
R5236,pine,70576.5,54003.3,4754.5,72.07,1.152
R5237,elm,74202.7,54156.3,5603.3,-241.59,1.002
R5238,elm,76448.9,54169.5,5452.9,-175.4,0.802
R5239,pine,77251.4,54194.1,5534.7,-24.44,1.082
R5240,pine,77713.1,54132.1,5680.1,-134.75,1.112
R5241,poplar,79146.6,54381.1,6535.5,-234.6,1.002
R5242,elm,79437.8,54251.5,6479.4,-128.85,1.08
R5243,pine,-76477.2,54462.8,7155.8,-22.96,1.183
R5244,elm,-73285.4,54817.3,6367.3,10.49,1.199
R5245,poplar,-72731.7,54805.7,6403.8,-260.03,1.031
R5246,pine,-71488,54824.2,6272.1,-176.62,1.184
R5247,elm,-70827,55024.1,6019.2,8.51,0.845
R5248,poplar,-69903.5,55135.7,5919.8,13.38,0.962
R5249,pine,-69406.6,55041.4,5525.7,55.13,0.945
R5250,elm,-68449,55074.9,5425.7,-174.84,1.206
R5251,pine,-67421.7,54863.3,5465.1,-251.03,1.182
R5252,pine,-66683.9,55169.3,6175.4,73.89,0.986
R5253,elm,-65875.7,54792.4,5662.3,-124.58,1.2
R5254,elm,-64815.6,55105.7,5073.6,55.53,0.807
R5255,elm,-64216.3,54833,4990.6,-74.64,1.074
R5256,pine,-63286.2,54543.6,5973.8,12.9,0.875
R5257,pine,-63191.3,55026,5772.5,-258.79,1.117
R5258,pine,-61961.1,54855.3,5250.8,-74.33,0.995
R5259,poplar,-59019.4,55024.6,6308.4,-37.16,0.899
R5260,elm,-58245.4,55026,5449.1,-224.42,0.87
R5261,elm,-56961.5,54836.2,4631.2,28.32,1.031
R5262,pine,-52190.5,54850.9,4457.8,-45.2,1.146
R5263,elm,-51753,54552.6,4143.5,-35.73,1.023
R5264,pine,73347.9,54978.6,5233.8,-29.5,0.929
R5265,poplar,74959.5,55017.5,5663.2,-152.94,1.239
R5266,poplar,76519.3,54989.8,5791.7,-51.97,1.193
R5267,poplar,77506.8,54555.5,5896.8,34.7,0.974
R5268,pine,78169.9,54674.6,6087.1,-267.3,0.986
R5269,pine,78461.6,55022.2,6107.4,-27.62,1.053
R5270,pine,79417.9,54928.6,6586.2,-31.96,1.156
R5271,pine,-78701,55514.2,5750.6,-181.97,0.88
R5272,poplar,-75824.1,55627.4,6117.1,-111.95,1.185
R5273,pine,-74052.2,55458.1,5943.9,20.06,0.914
R5274,elm,-72745.1,55379.7,5963.4,-260.6,0.958
R5275,poplar,-71672,55338.3,6338,-176.61,0.973
R5276,pine,-70561.9,55788,6715.9,-259.33,1.164
R5277,poplar,-70275,55905.4,6531,73.85,1.199
R5278,elm,-69254.6,55382,5330.4,-224.47,1.146
R5279,pine,-68284.2,55257.4,5473.1,-121.91,1.026
R5280,elm,-67289.5,55461.4,5795.6,-44.43,0.811
R5281,pine,-66990.1,55363.7,6024.9,44.26,0.844
R5282,pine,-66166.6,55463.2,5870.8,-81.76,1.219
R5283,elm,-65024,55361.7,5116,-88.3,1.03
R5284,elm,-64676.7,55263.1,5171.2,-60.01,1.058
R5285,elm,-63707.2,55345.7,5337,-14.32,0.917
R5286,pine,-62495.5,55897.9,5698,57.83,0.88
R5287,poplar,-61947.8,55422.2,5454.3,-79.71,0.893
R5288,pine,-61248.1,55956.4,5766.7,-149.36,1.248
R5289,poplar,-60789.3,55741.8,5695.1,-73.76,1.073
R5290,pine,-59481.2,55600.9,6106.4,22.49,0.912
R5291,poplar,-58487.8,55376.1,5633.6,-197.62,1.086
R5292,pine,-57636.5,55749.1,4901.2,-192.73,1.113
R5293,poplar,-57094.4,55315.1,4421.1,3.62,1.03
R5294,elm,-52419,55545.3,4335.4,6.21,1.015
R5295,elm,-51406.3,55252.9,3817.9,-39.51,0.992
R5296,pine,-49001.3,55314.8,2814.3,-55.97,1
R5297,poplar,68224.8,55737.5,3765.4,40.46,1.17
R5298,elm,76373.3,55558.6,5513.3,45.79,1.072
R5299,poplar,77924.7,55760.7,5498.7,-29.69,0.923
R5300,pine,78976,55286.6,6277.6,-114.75,1.028
R5301,elm,-71413.4,56476.8,6265.4,61.16,1.126
R5302,pine,-71167.7,56515.7,6248.9,10.18,0.864
R5303,pine,-69709.5,56599.3,6012.9,80.82,1.112
R5304,elm,-69052.1,56046.6,5457.4,-245.45,1.006
R5305,pine,-68237.9,56060.8,5484.7,-175.79,1.085
R5306,pine,-67676.8,56367.8,5847.5,-224.52,0.921
R5307,poplar,-66832.4,56495.8,5772.5,-203.24,0.848
R5308,elm,-65696.2,56073.7,5933.3,-125.34,1.069
R5309,pine,-64907.2,56479.6,6028.1,66.86,1.157
R5310,elm,-64586.2,56701.8,6041,-53.94,0.9
R5311,elm,-63576,56358.5,6109.4,-111.44,1.245
R5312,pine,-63123.5,56726.6,6265,18.67,0.995
R5313,elm,-61942.2,56553.2,6126.9,-162.93,0.845
R5314,pine,-61593.7,56290.3,6067.9,49.19,1.224
R5315,pine,-60665,56360.9,6083.7,11.74,1.162
R5316,pine,-59784.9,56719.1,6292.3,-138.35,0.88
R5317,pine,-52487.2,56229,4321.3,-62.85,0.964
R5318,elm,-51803.9,56116,3473.7,-20.88,1.092
R5319,pine,68136.4,56377,3553.4,-59.19,1.245
R5320,pine,74061.6,56747.5,5056.1,-66.27,1.21
R5321,pine,74714.7,56532.1,5463.6,-120.1,0.807
R5322,pine,75605.6,56774.4,5565.2,-93.06,0.801
R5323,elm,78463.8,56744,5387.4,77.54,1.095
R5324,poplar,79539.6,56213.4,5856.5,-57.69,1.179
R5325,pine,-73090.5,57061.6,6355.6,-69.93,1.218
R5326,pine,-72305.5,57107.9,6247.7,-41.67,1.172
R5327,pine,-71391.2,57503.1,6044,-24.48,0.874
R5328,elm,-70553.1,56950.5,5906,24.87,0.967
R5329,pine,-69988.9,57513.7,6114,-204.65,1.104
R5330,poplar,-69093.3,57051.5,5769.7,53.15,1.107
R5331,poplar,-68658,57126,5711.2,-188.57,1.191
R5332,pine,-67374.1,57016.9,5522.9,-65.78,0.892
R5333,elm,-66873.8,57504,5849.3,-77.08,1.211
R5334,pine,-65822.6,57272.3,6407.7,-268.63,1.029
R5335,poplar,-65228.7,56938.7,6376.7,-43.43,0.859
R5336,poplar,-64407,57388.2,6471.7,-159.34,0.89
R5337,elm,-63831.1,57457.1,6011.8,-48.93,0.876
R5338,poplar,-62404.6,56962,6483.4,-215.02,1.213
R5339,pine,-62311.6,57234.8,6570.1,-205.64,1.025
R5340,poplar,-61478.1,57120.1,6475.8,-131.36,0.958
R5341,pine,-60476.8,57339.2,6400.6,-79.95,1.018
R5342,elm,-59282.3,56904.5,6077.3,-206.7,0.817
R5343,pine,-51681.4,56988.8,3376.3,-254.42,1.191
R5344,pine,69588.1,56991.9,4618.3,-187.03,1.238
R5345,poplar,69846.1,56943.2,4778.1,-147.3,0.877
R5346,elm,73604.9,57597.7,4953.2,-214.92,1.163
R5347,elm,77889.5,56899.5,5306,-48.36,0.85
R5348,elm,-73010.4,57771.3,6394.6,84.11,0.94
R5349,poplar,-72077.2,57777.7,6388.5,-123.02,1.197
R5350,elm,-71223,58244.2,5976,64.63,1.241
R5351,pine,-70891.8,57662.8,5989.6,5.99,1.091
R5352,poplar,-69671.2,58262.2,5729.6,-209.23,0.964
R5353,elm,-68984,58111.7,5470.9,27.32,1.06
R5354,elm,-68375.5,57964,5281.2,-12.15,1.037
R5355,pine,-67562.3,58304.9,5465.8,17.97,0.892
R5356,pine,-66786.2,57762.4,5893.6,-234.12,1.003
R5357,pine,-66272.4,58369.7,5900.6,32.63,1.13
R5358,poplar,-64935.1,58274.6,5782.5,-121.11,0.93
R5359,pine,-64561.1,57950.8,5722.9,-162.21,1.052
R5360,poplar,-63315.9,57890.1,5573.6,-49.73,1.16
R5361,pine,-63067.5,58116,5386.9,17.58,1.046
R5362,pine,-62130.2,57697,6136,6.54,1.056
R5363,pine,-61106,57954.7,5788.4,-174.61,1.206
R5364,pine,-60773.6,58192.4,5551.2,69.6,1.08
R5365,poplar,-59404.2,58219.2,5527,-200.57,1.015
R5366,poplar,-58438.7,58351.2,4789.9,80.09,1.143
R5367,poplar,-58307.8,58360.3,4714.2,-24.04,0.95
R5368,pine,-56968.4,58208.9,4685,63.4,1.233
R5369,elm,-52261.9,57752.9,4033.2,25.7,1.005
R5370,poplar,-49935.7,57970.4,3036.3,-172.05,1.186
R5371,pine,68669,58063.1,3905.1,66.24,0.868
R5372,poplar,69029.9,58147.1,4098,-263.09,1.216
R5373,elm,70243,58086.8,4652.8,-7.77,1.011
R5374,pine,73720.2,58244,5058.1,10.53,0.861
R5375,poplar,74561.1,58172.7,5117.3,-233.44,1.071
R5376,pine,76603.4,58208.6,5166.4,23.05,0.83
R5377,pine,78342.8,57654.2,5335.3,30.05,1.234
R5378,poplar,-72406.9,58571.5,5863.1,0.34,0.899
R5379,elm,-71574.9,58426.2,6134.4,-238.69,0.876
R5380,elm,-70750.2,58656.7,6059.7,-59.85,0.825
R5381,pine,-69884.9,58606.5,5530.5,-49.47,1.173
R5382,pine,-69176.1,58511.7,5535.4,-30.77,0.902
R5383,poplar,-68498.7,58969.1,5302,-130.03,1.147
R5384,poplar,-67598.8,58631.4,5443.6,-106.45,1.115
R5385,pine,-66812,58818,5860.7,-65.03,1.024
R5386,elm,-65847.7,58757.7,5817.6,-60.4,1.14
R5387,pine,-65225.3,58926.1,5742.5,-150.86,1.106
R5388,pine,-64583.5,58677.8,5353.9,-61.1,0.805
R5389,elm,-63267,58784.2,4956.2,-264.2,0.941
R5390,elm,-62642.7,59157.2,5084.1,-117.77,0.926
R5391,pine,-62141.2,58882.9,5169,-166.24,1.104
R5392,elm,-61016.2,58740.8,5226.3,-89.61,1.193
R5393,pine,-60138.2,58817,5323.7,-194.58,1.059
R5394,pine,-59073.4,59126.8,5207,-196.02,1.175
R5395,pine,-53789.2,58740.7,4022.4,-168.5,0.976
R5396,pine,-53586.6,59113.5,3749.1,-124.07,0.977
R5397,pine,-50401.6,58530.3,3574.5,-146.36,1.236
R5398,poplar,-50396.9,58953.5,3463.5,-175.53,0.98
R5399,elm,69425.2,58590,4202.1,-266.35,1.001
R5400,pine,69686.1,58992.6,4254,-201.23,1.158
R5401,pine,71052.1,58945.6,4883.2,-26.85,0.903
R5402,pine,73461.5,59036.4,5223.7,-267.06,1.171
R5403,elm,-73135,59225,5543,20.95,0.91
R5404,elm,-71558,59336.7,5777.9,27.16,1.008
R5405,pine,-71042.2,59815.3,5513.1,-223.37,0.958
R5406,pine,-69859.7,59426.7,5569.8,36.49,1.21
R5407,elm,-68887.7,59297.5,5426.7,-151.53,0.861
R5408,pine,-68451.2,59890.7,5454,-19.17,0.969
R5409,elm,-67735.2,59202.1,5351.8,-227.84,1.199
R5410,pine,-66993.1,59340.2,5851,-262.72,1.232
R5411,poplar,-66031.8,59564.2,5416.2,-113.51,0.93
R5412,pine,-65591.9,59442.9,5341.1,-25.3,1.199
R5413,elm,-64043,59359.5,5005.2,-5.26,1.147
R5414,elm,-63375.5,59878.2,5052.3,-259.47,0.981
R5415,elm,-62539.2,59642.6,4985.2,-102.93,1.039
R5416,poplar,-61762.8,59593.6,5109.2,-62.6,1.088
R5417,elm,-60853.4,59854,4980.2,-156.58,1.06
R5418,pine,-59417.8,59297.9,5367.8,-87.29,1.065
R5419,pine,65202.5,59546.3,3338.1,-128.04,1.085
R5420,poplar,65863.8,59551,3511.2,-99.32,1.205
R5421,elm,67172.9,59955.1,3681.2,-266.52,1.099
R5422,pine,68183.5,59689.6,3635.8,-106.98,0.809
R5423,pine,69036.5,59368.6,3911.2,-34.92,1.206
R5424,pine,70303.4,59742.5,4413.2,-167.77,0.94
R5425,poplar,70402.9,59951.9,4466.9,-191.68,0.809
R5426,pine,72895.7,59904.3,5364.4,-100.58,0.895
R5427,pine,-70762.3,60613.4,5377.3,43.58,1.1
R5428,pine,-69628.7,60382.2,5577.3,-54.2,0.894
R5429,elm,-69338.8,60109.9,5573.6,-60.33,0.855
R5430,pine,-68645.1,60197.5,5571.7,-36.94,1.112
R5431,elm,-67976.2,60594.9,5703,-264.45,0.813
R5432,pine,-66570.9,60138.3,5929.5,66.78,0.891
R5433,elm,-65692.2,60095.3,5254.1,69.12,0.836
R5434,pine,-64888.5,60406,4919.3,46.48,0.904
R5435,elm,-64486.8,60028.1,5027.4,-257.57,0.902
R5436,pine,-63785.3,60647.9,5072.9,7.68,1.083
R5437,elm,-62407.6,60106.5,4982.5,13.51,0.951
R5438,pine,-61646.6,60515.1,5225.8,-187.04,0.925
R5439,pine,-61510.3,60743.7,5148.1,78.44,0.824
R5440,pine,-60706.8,60745.1,5084.9,10.66,1.246
R5441,elm,-58552.1,60552.6,4132.8,-4.66,1.015
R5442,elm,65882.8,60419.8,3447.2,-19.66,0.991
R5443,elm,66624.9,60464.6,3533.5,-203.62,0.906
R5444,pine,67847.8,60459.3,3809.5,-77.56,0.943
R5445,elm,68160.1,60418.9,3777.6,-237.04,1.096
R5446,pine,69392.7,60712.8,3816.2,-100.17,1.027
R5447,elm,69634.4,60768.1,3913.6,-85.54,1.176
R5448,pine,70750.9,60287.4,4752.3,63.91,0.81
R5449,poplar,71448.2,60678.4,5025.1,36.69,1.113
R5450,elm,72762.1,60478,5445.3,-248.43,0.858
R5451,pine,73548.5,60105.6,5274.1,-102.06,1.067
R5452,pine,-70811.9,60860,5382.7,-112.39,0.983
R5453,pine,-70308.6,60953.1,5302.9,-76.28,0.875
R5454,pine,-68942.3,61098.3,5798.4,-12.22,1.045
R5455,pine,-68475.2,60803.9,5719.4,-256.99,1.227
R5456,poplar,-67411.2,61000.4,5605.7,-93.93,0.881
R5457,pine,-67045.7,60904.3,5863,-211.12,1.045
R5458,elm,-66234.5,61265.3,5552,-76.11,1.167
R5459,pine,-65479.2,61375,5217.2,-65.38,0.814
R5460,pine,-64196.2,61495.1,4734,-205.26,1.198
R5461,pine,-63620.5,61236.4,4768.7,-260.61,1.17
R5462,elm,-63030.9,61329.9,4864.3,67.89,1.084
R5463,elm,-62124.2,61427.4,4914.5,-7.11,0.992
R5464,poplar,-61283.4,61068.1,5067.6,-139.77,0.823
R5465,poplar,-60157.9,60817.7,5172.5,4.09,1.212
R5466,pine,67828.5,61435.8,3843.7,-60.82,1.058
R5467,pine,68021.9,60843.7,3845.2,-70.41,1.072
R5468,poplar,68996.3,61185.2,3879.7,-127.52,1.051
R5469,pine,69988.3,61434.3,4194.3,-19.4,1.014
R5470,pine,71120.2,61029.8,4864.3,48.05,0.895
R5471,pine,71427.6,61456.6,4928.5,-222.28,1.081
R5472,pine,72537.9,61213.4,5429.4,-21.37,0.81
R5473,elm,-72056.5,61620.6,4828.4,50.58,1.202
R5474,elm,-71376.8,62314.7,4901,-205.57,1.081
R5475,pine,-70807.2,62366.8,5010.8,-25.87,1.219
R5476,elm,-70170.6,61954.3,5185.5,-52.68,1.247
R5477,pine,-69469.3,62363.3,4978.6,-192.71,1.002
R5478,pine,-65871.7,61674.9,5394.1,-39.64,0.91
R5479,pine,-65332.8,62024.3,5219.4,-56.01,1.162
R5480,poplar,-64537.7,62312.5,4853,-158.86,0.937
R5481,pine,-63203.1,62105.6,4680.1,-4.1,0.821
R5482,poplar,-62548.7,61985.4,4508.1,-98.75,0.85
R5483,pine,-62373.1,61653.1,4673.5,-122.36,1.113
R5484,pine,-60335.6,62257.8,4562.1,-4.49,1.061
R5485,pine,16709.7,62127.2,2967.5,62.18,1.193
R5486,pine,65202.3,62245.3,3152.8,-192.87,1.189
R5487,pine,68626.7,61804.9,3940.7,-18,1.201
R5488,pine,69548.1,61945.4,4156.1,-20.92,1.202
R5489,elm,70136.7,62126.4,4195.1,69.59,0.976
R5490,poplar,71279.2,62321.8,4645.9,18.75,0.958
R5491,pine,73247.9,61713,5483.9,46.05,1.233
R5492,pine,-71465.8,62430.7,4896.4,-41.3,0.978
R5493,pine,-65841.4,62816.2,5347.4,-25.06,0.814
R5494,pine,-64973.4,62741.7,5026.3,-169.8,1.234
R5495,elm,-64674.6,63095.2,4680,-108.01,1.238
R5496,elm,-63605.5,62514.9,4810,0.33,1.093
R5497,pine,-63094.3,62817.8,4839,-12.16,0.958
R5498,elm,-62057.5,62796.9,4544.8,-216.14,1.206
R5499,pine,-60842.2,63196.9,4758.4,-3.69,0.865
R5500,elm,-60530,63041.9,4717.9,84.47,0.989
R5501,poplar,64861.9,62818.7,2911.9,-44.49,0.921
R5502,pine,71902.7,62605.3,5032.1,-241.37,0.851
R5503,pine,72226.3,62878.6,5030,22.6,0.906
R5504,poplar,73157.5,62413.3,5044,40.84,0.873
R5505,poplar,-65884.9,63822.9,4528.8,-186.48,1.106
R5506,pine,-65529.7,63629.8,4783.9,84.57,0.882
R5507,elm,-64553.4,63291.9,4601,29.45,0.926
R5508,poplar,-63901.4,63537.4,4454.6,-181.05,0.915
R5509,pine,-63015.8,63839.5,4339.1,32.32,1.11
R5510,elm,-61615.9,63740.4,4222.6,-27.31,1.227
R5511,elm,-60888.4,63324.9,4597.1,-195.87,1.179
R5512,elm,-60349.6,63524.9,4273.3,-195.16,1.006
R5513,poplar,66258.3,63490.3,3063.9,-15.2,1.083
R5514,elm,71412.3,63417.3,4923.6,-236.55,1.21
R5515,pine,72298,63568.5,5077.7,-197.88,0.873
R5516,pine,73284,63658.2,4833.9,-34.27,0.993
R5517,elm,74832,63537.3,4789.5,-75.76,1.188
R5518,poplar,-72110.2,64513.3,4852.2,-172.49,1.098
R5519,pine,-70431.7,64363.9,4607,58.84,0.827
R5520,elm,-66280.9,64107.2,4224.4,-244.03,0.839
R5521,pine,-65445.4,64145.5,4405,-250.42,1.111
R5522,pine,-64422.3,64529.7,3908.9,-190.92,1.237
R5523,pine,-63473.6,64129.5,4233.7,-246.48,0.956
R5524,elm,-62438.9,64003,4146.4,-134.72,0.872
R5525,elm,-61842.6,64338.7,3906.9,-143.01,0.874
R5526,pine,-32697.3,64634.4,3217.3,32.71,1.004
R5527,pine,-20480.8,64127.6,2906.2,-237.57,0.88
R5528,poplar,5592,64602.9,3137.4,-39.13,0.827
R5529,pine,9649,64180.7,3556.4,-73.2,0.882
R5530,elm,10902.9,64561.2,3627,-151.55,0.968
R5531,pine,72054.1,64744.5,4796.2,-174.55,0.965
R5532,elm,75672.2,64438.4,4788,-7.84,1.14
R5533,pine,-63416,65332,3930.5,-227.14,1.107
R5534,pine,-62548,65012.5,3838.8,-62.02,1.093
R5535,pine,-62290.9,65563.1,3395.2,-165.6,0.893
R5536,elm,-61500.5,65283.1,3428.4,69.26,0.861
R5537,pine,-60156.9,64892.6,4331.6,28.31,1.158
R5538,pine,-37258.7,65452.1,3071.2,-249.57,1.132
R5539,elm,-2142.4,65511.4,3410.5,34.56,1.03
R5540,pine,4063.7,65353.5,3090.8,-19.61,0.826
R5541,elm,7070.5,64870.4,3028.3,84.23,0.883
R5542,elm,9087.8,65545.8,3977,39.67,1.015
R5543,elm,9771.9,64824.6,4104.4,53.21,0.927
R5544,pine,10758.4,65033.9,4022.5,76.3,0.853
R5545,pine,12507.1,64975.7,3613.4,-37.85,1.125
R5546,pine,14998.8,64993.5,3216.4,-35.86,1.135
R5547,pine,39161.4,65595.8,4119.1,-172.44,1.206
R5548,pine,39939.4,65280.9,4029.3,-54.51,1.211
R5549,pine,40568.2,65190,3849,55.13,0.955
R5550,poplar,40913.8,65479.5,4189.8,-200.73,1.164
R5551,pine,41713.7,65057.3,3328.6,-158.37,0.993
R5552,poplar,76204.4,65113.5,4480.6,63.08,0.865
R5553,pine,-72638,66393.7,4997.4,-141.67,0.96
R5554,pine,-70143.1,66245.7,4487.5,-5.2,0.868
R5555,elm,-63746.3,65820.5,3714.7,-164.2,0.927
R5556,pine,-62617.5,65631.8,3487.9,-114.77,1.207
R5557,pine,-61809.2,66368.6,3610.4,64.37,1.057
R5558,pine,-61403.9,65732.9,3606.5,37.07,1.114
R5559,pine,-60616.7,66188.2,4050.5,-110.34,0.884
R5560,pine,-46347.2,66280.2,3629.4,-205.24,0.994
R5561,pine,-33772.9,65919,3249.3,78.03,1.1
R5562,poplar,-32833.6,66219.9,3970.7,75.94,0.941
R5563,pine,-32188.4,65983.7,4329.8,-174.69,0.916
R5564,pine,-31860.5,65695.5,4286.3,46.59,0.874
R5565,elm,-22779.3,66169.2,3125.2,6.79,0.98
R5566,pine,-21725.5,65889.8,3551.2,-34.55,0.918
R5567,pine,-21292.2,66063.2,3795.5,22.12,0.993
R5568,elm,-20419.2,66058.5,3586.7,-155.75,1.174
R5569,pine,-3604,65708,3606.7,-259.61,1.182
R5570,pine,-1319.1,66252.8,3568.4,88.3,0.894
R5571,pine,4515.7,65778.7,3412.9,25.04,1.055
R5572,elm,6631.4,66309.3,3479.8,-196.95,0.858
R5573,pine,10284.3,65734.3,4640.9,62.22,1.079
R5574,elm,10454,66319.2,5032.3,-13.66,1.069
R5575,elm,11373,66145.1,4582.8,89.81,0.884
R5576,pine,12367.9,66298.5,3812,-9.59,1.172
R5577,pine,15177.2,66306.8,3534.3,-65.75,1.147
R5578,poplar,16635.7,66049.9,3140.5,-240.67,0.918
R5579,elm,18113.3,65960.7,2879.5,-237.71,0.997
R5580,pine,27066.9,66284.7,3907.8,-148.04,1.136
R5581,elm,38279.1,66058.8,3531,-106.4,1.036
R5582,elm,38878.3,66305.5,4159.3,46.18,1.133
R5583,pine,39369.3,66169.9,4623.3,62.87,0.858
R5584,elm,40795.4,66180.1,5211.5,78.79,1.22
R5585,pine,41221.4,66317.4,5229.5,-2.7,1.006
R5586,pine,41843,66175.7,4613.6,-76.04,0.893
R5587,pine,42607.4,66366.3,4301.7,-243.43,1.076
R5588,pine,44106.2,65973.3,3211.3,-35.6,1.024
R5589,elm,75988.4,66267.2,4404.3,-243.7,1.139
R5590,elm,-68116.8,67143.4,3825.2,-205.36,0.998
R5591,pine,-62545,66786.4,3362.2,-18.73,0.996
R5592,pine,-62172.9,67136.9,3611.8,-125.18,1.142
R5593,pine,-60152.4,66791.4,3971.9,-92.81,0.893
R5594,pine,-34967.7,66605.6,3709.1,23.59,0.814
R5595,pine,-33760.8,67089.5,4302.6,-103.35,0.94
R5596,pine,-33495.4,66648.6,4032.6,-202.78,0.905
R5597,pine,-31607.4,67053.2,5568.8,47.39,1.074
R5598,pine,-30930.6,66758.7,5261.9,11.63,0.883
R5599,pine,-29748.4,66990.4,4881.2,-13.04,0.909
R5600,pine,-29083.2,67070.5,4266.4,-107.48,0.949
R5601,elm,-21427.1,66669.6,4080.2,-15.09,1.204
R5602,elm,-19078.1,66658.1,3203.4,-198.1,1.127
R5603,elm,-4242.9,67001.1,3706.7,74.81,1.161
R5604,elm,-1580.8,67099.6,3773.3,-12.28,1.149
R5605,pine,-789.3,66542.5,3685.3,74.12,1.233
R5606,poplar,65.7,67038.3,3068.7,-110.21,0.829
R5607,pine,7128.5,66872.5,4014.9,-30.88,1.08
R5608,poplar,7567.8,66475.6,3923.7,-137.54,1.168
R5609,pine,8708.7,66862.7,4288.8,-159.77,1.127
R5610,pine,9406.6,66494.2,4592.2,9.74,1.244
R5611,elm,10377,66671.9,5105.9,-17.99,1.182
R5612,elm,10636.4,67133.7,4822.1,-175.48,1.055
R5613,pine,11615.1,67119.4,4152.2,54.86,1.138
R5614,pine,12603.6,66700.8,3678,48.25,0.897
R5615,pine,12920.7,67012.5,3463.1,-144.69,1.042
R5616,pine,13693.7,66760.5,3206.1,-269.48,1.163
R5617,pine,23205,67181.4,3211.6,-193.78,1.039
R5618,pine,25152.7,66696.3,3244.7,-103.59,0.909
R5619,pine,26245.1,66841.8,4166.3,70.61,0.875
R5620,poplar,26996.4,66614.5,4192.7,28.51,0.859
R5621,pine,27554.4,66765.2,4194.4,88.58,1.012
R5622,pine,39121.3,66624.1,4729.5,-71.66,0.867
R5623,pine,39210.4,66428.5,4657.4,-254.38,1.225
R5624,pine,40203.3,66839.4,5907.6,-32.48,1.013
R5625,pine,41584.6,66634.7,5378.6,-55.03,0.879
R5626,pine,42101.8,66694.1,5008.6,23.98,1.1
R5627,poplar,42701.4,66996.9,5002.4,-136.16,1.106
R5628,pine,43827.5,67111.1,4321.3,-145.66,0.945
R5629,elm,44185.2,66711.8,3544.4,-89.12,0.852
R5630,pine,74508.5,67089.8,4130.7,-63.36,0.989
R5631,pine,75639.1,66611.9,4297.9,-216.93,0.874
R5632,elm,76577.6,66493.1,4524.4,56.79,1.004
R5633,elm,76956.2,66760.3,4647,-149.56,1.162
R5634,pine,77646.2,66690.2,4777.3,-220.91,1.147
R5635,pine,-78969.7,67749.1,5950.2,-157.91,0.844
R5636,elm,-75701.7,67614.6,5749.4,-88.49,0.807
R5637,elm,-74207,67877.3,5545.4,-92.73,1.132
R5638,elm,-73121.1,67979.7,5118.6,-257.67,1.234
R5639,pine,-72390.1,67656.2,4916.1,89.7,0.999
R5640,pine,-71405.7,67685.3,5001.6,53.42,1.162
R5641,pine,-70713.1,67799.9,4853,27.85,1.121
R5642,elm,-66300.7,67883.6,3551.4,-83.34,0.895
R5643,poplar,-65160.7,67853.7,3784.3,-116.02,1.033
R5644,poplar,-64064.6,67829.7,4251.2,-142.67,0.975
R5645,elm,-63518.1,67476.9,3949.4,-94.3,0.905
R5646,pine,-60403.4,67922.6,3761.5,-70.42,0.932
R5647,pine,-57556.5,67991.4,3860.4,-218.56,1.179
R5648,elm,-42283.1,67344.5,3893.2,62.24,1.165
R5649,pine,-40743.9,67561,3833.4,-243.09,1.134
R5650,elm,-36370.1,67853.2,4092.8,84.61,1.006
R5651,elm,-34668.6,67248.4,4234.4,-63.28,1.112
R5652,elm,-33923.6,67875.4,4788.9,-267.55,1.049
R5653,pine,-33167.2,67287.7,4751.4,-255.76,0.931
R5654,elm,-32020.4,67537.4,5741.5,-52.52,1.186
R5655,pine,-31536.5,67962.2,5829.4,75.61,1.03
R5656,pine,-30607.9,67345.3,5525.5,-70.08,1.192
R5657,elm,-30265.4,67422.8,5556,-238.35,0.979
R5658,pine,-29136.9,67548.9,4889.9,-196.19,1.227
R5659,elm,-28381.6,67802.4,4443.4,-123.26,0.848
R5660,pine,-27340.3,67968.7,4012.4,38.5,0.83
R5661,pine,-24189.7,67725.3,3734.9,-218.51,0.991
R5662,elm,-23784,67964.3,3953.2,-241.25,0.991
R5663,pine,-22849.1,67950.5,4071.2,-264.44,1.196
R5664,elm,-22230.8,67976.8,4396.3,-50.22,0.978
R5665,pine,-20978.4,67407.1,4178.7,-23.91,0.905
R5666,elm,-20280.1,67417,4005.2,-32.46,1.107
R5667,elm,-19786.7,67887.7,4475.5,-242.94,1.14
R5668,pine,-18410.8,67950.3,4026.1,-252.03,1.09
R5669,pine,-17967.9,67872.8,3525.7,-129.86,0.865
R5670,pine,-17402.9,67447,3042.5,63.18,1.065
R5671,pine,-2599.2,67529.4,3452.2,54.64,1.17
R5672,poplar,-1715,67831.9,3640.9,33.53,1.054
R5673,elm,-1500.8,67723.8,3779.4,-127.22,1.085
R5674,pine,4213.9,67830.8,3716.1,22.21,1.189
R5675,elm,5325.1,67942.3,4190.6,-158.89,0.977
R5676,pine,6220.9,67711.2,4156.2,-107.84,0.874
R5677,poplar,6436.2,67642.8,4133.2,-208.82,0.875
R5678,pine,7317.3,67270.2,4238.8,14.15,1.23
R5679,poplar,8533.7,67621.6,4230.6,-158.69,0.88
R5680,elm,9496.2,67386.7,4690.8,33.98,1.151
R5681,elm,10170.7,67739.8,4725.8,-66.44,1.198
R5682,pine,10422.1,67205.8,4865,-268.91,1.115
R5683,poplar,11638.6,67784.7,3903.7,-184.73,1.102
R5684,pine,12505.7,67957.5,3591,-119.93,1.031
R5685,pine,15116.3,67906.3,3704.2,-92.72,0.877
R5686,elm,15583.6,67614.5,3650.2,-77.64,1.219
R5687,elm,16125.4,67517.3,3466.2,-160.77,0.873
R5688,pine,20154.9,67897.2,3138.9,-245.37,1.159
R5689,poplar,21949.7,67402.9,3664.6,-4.59,1.113
R5690,pine,22579.6,67354.7,3743.6,-202.32,1.129
R5691,elm,23565.5,67599.4,3614.1,-171.87,1.033
R5692,pine,25072.2,67525.6,4094.6,-143.16,1.189
R5693,pine,25897.7,67776.1,4863.7,-51.36,0.827
R5694,elm,26704.9,67552.6,5047.8,14.35,1.072
R5695,elm,27275.1,67713.8,5299.8,-260.41,1.197
R5696,pine,29002.5,67674.5,3503.8,-180.31,1.095
R5697,pine,39169.3,67363.8,5167.5,-197.16,0.909
R5698,pine,39975.6,67615,5768.7,-265.73,0.889
R5699,elm,40217.7,67296.8,6052.1,88.38,1.164
R5700,poplar,41419.2,67551,6094.1,-251.69,1.249
R5701,elm,41937,67479.7,5959.2,-102.19,1.168
R5702,elm,42573.5,67766.1,5919.1,-251.62,1.001
R5703,elm,43504.7,67286,4858.9,-243.32,1.248
R5704,pine,44023.3,67828.5,4828.7,73.05,0.881
R5705,pine,44924.8,67635.5,3776.1,-256.98,0.9
R5706,elm,77212.6,67880.9,5096.5,-180.41,0.998
R5707,pine,77936.4,67760.3,5363.6,24.39,1.248
R5708,elm,-78524.6,68297,5584.6,-173.46,0.806
R5709,poplar,-77993,68306,5431.1,-233.13,0.9
R5710,pine,-77031.9,68313.1,5561.1,-143.48,1.223
R5711,pine,-76190.7,68332.9,5959,63.13,1.042
R5712,pine,-75876.4,68392.3,6087.3,-143.89,0.973
R5713,pine,-74682.3,68152.3,5825.6,-226.34,1.058
R5714,pine,-74152.5,68307.7,5665,-104.07,0.997
R5715,pine,-72606.9,68595.7,5178,52.11,1.171
R5716,elm,-71998.7,68257,4928.8,-119.32,0.978
R5717,poplar,-69777.8,68647.1,4549.1,-118.84,1.098
R5718,elm,-65120.2,68105.2,3956.1,26.9,0.845
R5719,poplar,-63505.4,68154.2,4350.3,46.11,1.055
R5720,pine,-62985.7,68763.8,4462.6,8.9,0.963
R5721,pine,-62015.7,68634.3,3707.2,-145.33,1.028
R5722,pine,-61161.3,68544.3,3700.3,50.63,1.192
R5723,poplar,-60393.1,68281.4,3910.5,-163.91,1.116
R5724,pine,-58345.6,68336.5,3818.8,20.46,0.801
R5725,pine,-45616.1,68428.4,4607.5,-217.75,0.938
R5726,pine,-41019.6,68227.4,3950,-216.83,1.125
R5727,elm,-39472.9,68468.5,3768,-124.9,1.152
R5728,elm,-37274.9,68295.2,3947.9,-166.84,0.995
R5729,pine,-36272.5,68656.2,4747.8,-183.84,1.165
R5730,pine,-35428.7,68232.9,4784.1,-193.01,1.018
R5731,pine,-34997.2,68227.7,4832.3,-159.51,1.039
R5732,pine,-34199.2,68764.7,5459,-101.06,0.956
R5733,pine,-33111.2,68474.5,5452.4,-212.31,1.194
R5734,pine,-32031.6,68725.7,5944.8,-248.97,0.878
R5735,elm,-31400,68284.8,5661.2,-165.38,0.831
R5736,pine,-30970.4,68538.3,5458.5,-153.72,1.081
R5737,pine,-30205.3,68398.5,5407,50.93,0.835
R5738,elm,-29290.8,68645.3,5334.5,-73.07,0.892
R5739,elm,-28482.3,68430.2,4787.8,-262.32,1.047
R5740,elm,-27954.3,68781.3,4392.8,75.21,0.923
R5741,elm,-26966.7,68217.6,3959.6,79.09,0.945
R5742,pine,-25331.4,68600.8,4374.8,-74.39,1.184
R5743,pine,-23599.6,68644,4740.4,-255.65,1.043
R5744,pine,-23080.6,68113.2,4171.5,87.99,0.839
R5745,pine,-21826.9,68058.4,4578.8,-246.41,1.248
R5746,pine,-20842.6,68703.7,5195.2,-69.97,1.185
R5747,elm,-20378,68497.6,4978.9,-48.95,0.84
R5748,poplar,-19481.2,68635.6,5306.1,31.22,0.899
R5749,elm,-19118.1,68240.6,4944.5,-171.3,0.822
R5750,elm,-18318,68313.8,4140.1,-102.53,0.972
R5751,poplar,-1135.9,68514.1,3546.9,-80,1.039
R5752,pine,6050.5,68139.6,4326,58.44,1.196
R5753,elm,6509.2,68358.9,4434.6,-252.72,1.139
R5754,elm,7793.6,68706.2,4788,85.91,1.025
R5755,poplar,8009.5,68631.8,4740,-24.8,0.871
R5756,pine,9014.5,68600.3,4728.6,-264.17,1.122
R5757,elm,10012,68092.5,4681.4,39.03,1.083
R5758,elm,11076.3,68059.7,4097.1,-76.41,1.052
R5759,elm,11940.9,68678.1,3768,-210.69,0.921
R5760,elm,14623.8,68070.6,3565.9,-125.14,0.818
R5761,elm,19208.5,68631.8,3581.1,-149.54,1.05
R5762,elm,20773.3,68213.1,3473,-186.7,0.967
R5763,elm,22189,68756.7,4295.7,-106.97,1.168
R5764,poplar,22985.1,68481.3,4409.4,-161.24,0.858
R5765,pine,23250.1,68223.9,4203.3,-237.36,1.111
R5766,pine,24577.7,68770.6,4986.6,-260.91,0.986
R5767,pine,25150.3,68014.4,4718.1,-171.52,1.195
R5768,pine,26037.3,68566.6,5550.8,-0.92,1.051
R5769,pine,27056.7,68513,5805.8,-142.78,0.852
R5770,pine,27814.1,68341.7,5225.1,-250.13,0.963
R5771,poplar,41220.3,68139.8,5549.9,-188.14,1.231
R5772,pine,42391.1,68780.2,6470.3,59.16,1.191
R5773,pine,42567.7,68375.5,6439.6,66.41,1.11
R5774,poplar,43647.3,68292.1,5689.4,-252.15,1.133
R5775,pine,44111.9,68470.2,5541.6,-129.78,0.95
R5776,pine,45332.1,68722.7,4700.2,-119.8,1.005
R5777,pine,50513.5,68670.3,4086.1,41.21,1.033
R5778,pine,54151.2,68509.9,3760.4,-144,0.859
R5779,pine,63521.6,68741.8,3416.1,-241.97,1.089
R5780,pine,64208.2,68716.5,3667.9,85.84,0.919
R5781,poplar,74492.4,68042.2,4481.4,-240.13,1.053
R5782,elm,75540.6,68018.3,4624.8,-239.69,0.878
R5783,pine,76039,68778.9,4836.9,-262.05,1.132
R5784,elm,77195.5,68309.8,5040.3,59.04,0.902
R5785,elm,77919.7,68588.3,5471.4,47.85,1.105
R5786,pine,-79201.6,69562.5,5227,17.85,0.946
R5787,elm,-78750,69093,5460.7,-257.58,1.069
R5788,elm,-77990.1,69249.2,5309.5,-165.18,1.095
R5789,elm,-77062.3,68926.5,5402,47.97,1.192
R5790,pine,-76277.4,69104.4,5838.1,-211.96,0.897
R5791,pine,-75554.1,69316.1,5444.2,7.26,0.981
R5792,pine,-74483.5,69329.3,5458.8,-40.99,1.01
R5793,poplar,-74035.4,68989.5,5487.9,-8.5,1.068
R5794,pine,-73126.6,69334.4,5215.5,-15.8,1.122
R5795,pine,-72192.5,69363.3,4892.1,83.18,1.032
R5796,poplar,-71864.2,69119.2,4971.9,-83.39,0.839
R5797,pine,-71025.4,68970.1,5081.5,-18.73,1.153
R5798,poplar,-70115.9,69172.7,4787.3,-141.44,1.091
R5799,elm,-69142.7,68873.9,4083,-163.94,1.109
R5800,elm,-68468.7,69399.7,3718.2,-122.82,1.126
R5801,pine,-65601,69408.9,4415.8,-22.28,0.977
R5802,pine,-65523.1,68828.3,4092.9,-215.34,1.074
R5803,pine,-64609.1,68983.5,4522.8,71.57,0.885
R5804,pine,-63298.7,69076.4,4696.1,-249.69,0.986
R5805,elm,-62777.7,69326.7,4653.3,-123.5,1.228
R5806,elm,-61765.2,69435.4,3909.2,-181.2,1.243
R5807,pine,-61408.6,69007.3,3673.4,68.24,1.137
R5808,elm,-60072.9,69387.3,4659.8,16.3,1.02
R5809,pine,-59193.2,69019.6,4274.9,87.23,0.878
R5810,pine,-58214.9,68800,4034.2,-133.3,1.044
R5811,elm,-56548.7,68942.9,4038.2,-174.92,1.018
R5812,pine,-44040.7,69281.2,5119.7,-17.24,0.951
R5813,pine,-42540.5,69402.3,4746.1,21.04,0.913
R5814,poplar,-42051.5,69235.2,4529.5,-22.95,0.997
R5815,poplar,-41555,69580.1,4427.8,-131.7,0.992
R5816,pine,-40202.5,69082.4,4119.2,-234.23,1.012
R5817,pine,-38543.6,69498.7,4142.5,-245.84,0.951
R5818,elm,-38129.6,69151.4,3949.4,-74.51,1.035
R5819,pine,-36197.3,68972.3,5154,41.27,0.931
R5820,elm,-35275.3,68883.2,5226,-204.89,0.909
R5821,pine,-34857.7,69350.2,5559,12.29,0.867
R5822,pine,-33679.5,69581.6,5889.9,-68.45,0.89
R5823,pine,-33040.6,68903.6,5546.7,-60.11,0.814
R5824,pine,-32167.4,69569.2,5619.8,36.67,1.064
R5825,elm,-31516.8,69244.2,5614.7,-141.32,1.038
R5826,pine,-31110.7,69583.1,5650.9,-113.03,0.979
R5827,elm,-30084.9,68915.4,5514.3,47.82,1.123
R5828,elm,-29129.6,69504.1,5481,-52.67,0.896
R5829,pine,-28207.7,69598.4,4702.4,35.8,1.074
R5830,pine,-27430.8,68895.3,4166.6,-8.57,0.842
R5831,pine,-26670.2,68913.3,4053.7,-9.05,1.097
R5832,pine,-25887.3,68964.9,4282.2,-172.14,1.143
R5833,elm,-25089.8,69582.9,5263.6,13.73,0.815
R5834,poplar,-24321.6,69458.3,5395.7,-68.57,1.138
R5835,elm,-23654.9,68893.6,4913,-215.59,0.852
R5836,elm,-22631.1,69165.4,5187.3,50.14,0.816
R5837,pine,-21974.6,68918.9,5257.1,-167.29,1.204
R5838,elm,-21241.1,68871.5,5267.7,-256.68,1.175
R5839,pine,-20122.7,69197.5,5473.8,16.5,1.091
R5840,poplar,-19519,69532.1,5459.6,67.97,1.246
R5841,pine,-18512.9,69023.4,4662.4,-91.48,1.229
R5842,pine,-18115.6,69177.3,3922.4,70.7,1.214
R5843,pine,-10959,69271.6,3847.4,-88.05,1.051
R5844,pine,-9902.5,69206.9,3970,-260.36,1.051
R5845,pine,-9213.2,69184.6,3667.3,-17.52,0.885
R5846,pine,-8470.1,69076.7,3296.3,-75.36,1.202
R5847,elm,-885.2,68968.5,3415.1,41.42,1.15
R5848,pine,-45.7,68972.5,3245.6,81,1.068
R5849,pine,1455.1,69518.2,3233.4,45.55,1.235
R5850,elm,6323.7,68971.5,4288.9,-82.18,0.801
R5851,pine,6757.3,69411.6,4322.8,-261.44,1.233
R5852,pine,7487.4,69275.8,4572,-229.1,0.848
R5853,poplar,8614.5,69425.8,4900.2,-256.41,1.047
R5854,elm,11969.9,69017.1,3910.8,24.5,0.864
R5855,elm,12236.5,69276.5,4076.2,-189.37,1.111
R5856,pine,13491.3,69257.2,3906,-91.44,1.034
R5857,pine,13919.3,69441.5,4150.2,-230.85,1.062
R5858,poplar,14570.8,68939.6,3840.9,-70.14,1.027
R5859,poplar,15700.9,69154.3,3883.2,-98.32,1.202
R5860,poplar,16314.8,69330,3858.8,28.23,0.949
R5861,elm,19512.1,69217.9,4135.1,-44.11,1.031
R5862,poplar,20083.6,68971.4,4120.2,-214.85,0.946
R5863,pine,21325.6,68818.8,4052.9,-103.13,1.107
R5864,pine,21915.8,69398.3,4710.3,-19.91,1.076
R5865,elm,22798.5,68930.5,4584.1,-5.75,1.239
R5866,pine,23597.8,69351.4,5104.4,-72.21,0.838
R5867,pine,24709.4,69267.3,5368.2,-203.69,1.215
R5868,elm,25150.1,69091,5572.9,-159.91,1.084
R5869,elm,25668,69283.4,5728.8,51.75,1.201
R5870,pine,27192.1,68840.5,5897.5,-237.65,1.04
R5871,pine,41113,69181.2,5064.5,48.9,1.047
R5872,pine,41917.7,68841.4,6013,-261.7,0.809
R5873,elm,42556.2,69555.3,6571.5,-1.68,1.219
R5874,pine,43464.5,68968.8,6565.7,-90.46,1.214
R5875,pine,47117,69196.7,3661.3,-149.68,0.951
R5876,elm,47695.6,69565.5,3862.1,-104.62,1.166
R5877,pine,49987.7,69175.9,4352,41.04,0.964
R5878,poplar,51865.7,69447.9,5155.4,-184.59,1.023
R5879,elm,52622.6,69006.5,4657.8,-82.83,1.086
R5880,poplar,55983.7,69132.3,3971.4,-115.01,0.806
R5881,pine,57007,69176,3678.8,-137.11,0.987
R5882,pine,60201.5,69306.6,3262.4,-251.81,1.084
R5883,pine,62743.7,69405.9,3985.4,-195.43,1.227
R5884,poplar,64517.8,68937.4,3805.1,21.09,1.079
R5885,elm,65136.1,69230.8,3776,-43.28,1.15
R5886,elm,74553.1,69258,4446.9,-121.6,1.149
R5887,elm,75242.9,68811.2,4609.9,-261.83,1.125
R5888,pine,77478.2,69361,5415,-137.83,0.9
R5889,poplar,-78817.3,69861.5,5187.6,-50.72,1.233
R5890,elm,-77730.1,70135.1,5091.8,53.82,1.012
R5891,pine,-77312.1,70181.4,5263.3,0.93,0.959
R5892,poplar,-76241.7,70313.3,5611.7,-68.56,1.078
R5893,pine,-75928,69923.7,5252.7,-33.05,1.161
R5894,pine,-74646.7,70282.2,5418.3,-121.75,0.943
R5895,elm,-73655.3,69980,5299.1,-269.69,0.844
R5896,elm,-73013.9,70021.1,5365.2,-144.3,1.246
R5897,elm,-72069.5,69918.7,5029.1,-192.72,1.097
R5898,pine,-71809,69739.8,4974.2,-118.71,1.003
R5899,elm,-70514.9,69778.6,4970,-217.76,1.054
R5900,elm,-69776.4,69963.6,4618.3,-240.65,0.899
R5901,pine,-68969.9,69787.2,3909.2,-216.63,1.13
R5902,elm,-68503.9,70167.8,3726.8,25.47,0.921
R5903,poplar,-67603.1,70389.3,3493.5,-226.92,1.06
R5904,pine,-66564.1,69758.2,3706.6,-178.37,1.173
R5905,poplar,-66097.7,70330.3,3971.4,-230.63,0.816
R5906,pine,-65149.5,69977.3,4916.3,-82.15,1.091
R5907,pine,-64282.5,70309.4,5394.3,-161.22,1.218
R5908,pine,-63219.1,70008.3,5196,-121.2,0.895
R5909,pine,-62446.9,70239.1,4790.1,71.63,0.936
R5910,elm,-62157.5,70329.2,4617,-236.38,1.191
R5911,elm,-60803.5,69760.1,4226.5,-248.82,0.92
R5912,elm,-60717.4,70251.5,4504.6,-228.66,0.84
R5913,poplar,-59830.5,70162.8,4817.7,5.74,0.954
R5914,elm,-59060,70383.6,5008.2,7.67,1.001
R5915,pine,-57172.6,69724.5,4623.3,-25.24,0.927
R5916,pine,-46610.5,69918.7,3936.1,-20.85,0.991
R5917,pine,-46187,70020.9,3995.3,21.15,1.044
R5918,pine,-44023.9,69757.5,5040.8,-99.11,0.941
R5919,pine,-43891.4,70176.9,4874.6,7.73,1.219
R5920,elm,-42621.9,69892.7,4593.1,-246.7,1.248
R5921,pine,-42276.2,70029.9,4615.3,-253.51,1.019
R5922,elm,-40718.7,70245.8,4446.9,-6.4,1.219
R5923,elm,-36660.2,70112.2,5485.8,22.73,0.977
R5924,poplar,-35770.4,69961.6,5610.9,85.79,0.947
R5925,pine,-34423.6,70393.2,6440.5,-226.1,1.082
R5926,pine,-33686.5,69708.3,5944.4,-59.17,0.977
R5927,poplar,-33586,70278.3,6086.9,-48.6,0.846
R5928,pine,-32320.3,70135.9,5692.7,-233.84,1.223
R5929,pine,-31326,70143.2,5879.5,-27.34,1.091
R5930,pine,-30605.2,70360.9,6251.2,-94.56,1.119
R5931,pine,-29942.5,69719.1,6094.7,-206.17,1.235
R5932,pine,-29096,70323.4,5642.6,-54.82,1.075
R5933,elm,-28442.5,70049.9,4982.4,-113.58,1.063
R5934,pine,-26424.8,69680.8,4248.8,-62.32,1.081
R5935,pine,-26338.9,69907.7,4372.9,-154.25,0.865
R5936,elm,-25144.8,70324,5347.5,-228.19,1.228
R5937,elm,-24688.7,69912.8,5754.2,87.78,0.99
R5938,pine,-23526.9,69769.9,5553.9,-254.5,1.032
R5939,pine,-22489.2,70353.5,5659.8,-153.93,1.027
R5940,pine,-21743.9,70081.3,5889.6,65.82,0.809
R5941,elm,-21571,70288.4,6045.8,-126.6,0.852
R5942,pine,-20147.7,69668.2,5674.8,-26.63,0.815
R5943,elm,-19447.6,70211.7,5438.8,-264.46,0.862
R5944,elm,-18786.9,69633.8,4985,-231.56,1.153
R5945,pine,-16940.5,70245.2,3361.7,-260.91,0.842
R5946,pine,-16687.5,70008.3,3304.6,-191.98,0.831
R5947,pine,-15459.7,69824.2,3558.6,-22.62,0.902
R5948,pine,-14804.6,69685.6,3555.6,-24.74,1.226
R5949,pine,-12951.1,70113.5,4118.6,44.31,0.962
R5950,elm,-12123.3,69913.3,4117.7,-182.56,1.136
R5951,pine,-11655.3,69777.3,4141.9,-156.33,0.897
R5952,pine,-10778.6,70359.1,4965.4,-140.96,0.879
R5953,pine,-10255.2,70157,4828.9,-258.03,1.06
R5954,pine,887.2,69958,3463.2,-250.71,1.154
R5955,pine,2294.7,69846.8,3323,-199.78,0.858
R5956,pine,5467.3,69972.9,3809.9,43.84,1.079
R5957,poplar,5769.1,70109.2,3984.9,21.37,1.009
R5958,pine,7443.3,70051.7,4334.5,-156.12,0.973
R5959,poplar,8770.8,69799.5,4950.4,-246.61,0.894
R5960,pine,9191.8,69651.6,4854.4,-61.61,1.193
R5961,elm,10102.1,70199.6,5170.8,-38.95,0.885
R5962,pine,10799.5,69651.7,4761,2.42,0.813
R5963,elm,12700.5,70157,5052.2,-239.07,1.233
R5964,elm,13507.2,69648.9,4430.2,-130.56,1.191
R5965,pine,13836.2,69828.1,4727.3,-180.66,1.224
R5966,pine,14821.9,70160.8,4850,3.1,1.102
R5967,pine,15625.3,69788.5,4296.3,-241.07,1.065
R5968,elm,16453.1,70213.9,4572.5,-37.1,0.877
R5969,poplar,17394.6,70235.8,4519.9,-84,1.043
R5970,pine,18356.1,69604.3,3969.2,-84,1.196
R5971,elm,19125.8,69609.9,4210.7,-167.55,0.958
R5972,poplar,19256,70212.7,4464.3,26.21,0.804
R5973,elm,20170.9,70042.3,4722.8,-135.67,1.106
R5974,pine,21577.8,69666.1,4813.2,-229.72,1.197
R5975,pine,23884.3,70005.4,5940.7,-173.76,1.154
R5976,pine,24509.6,69737.6,5626,-107.5,0.957
R5977,pine,25396.9,69883.1,5746.7,-142.24,1.135
R5978,pine,26246.5,69739.2,6220.8,-193.28,0.813
R5979,elm,26720.8,70329.3,6852.2,-216.39,0.996
R5980,pine,27611.3,70235.1,6555.3,-20.24,0.905
R5981,pine,28030.5,70344.5,6466.2,84.9,0.901
R5982,pine,29081.1,70096.7,5373.4,-195.97,0.868
R5983,poplar,43659.3,70384.8,6946.7,32.8,1.057
R5984,pine,46342.2,70192.9,4980.3,-229.37,0.875
R5985,pine,47936.5,69874.8,4162.8,-131.32,1.082
R5986,elm,51727.3,69667.2,5405.7,-81.34,1.129
R5987,elm,54050.5,69714.5,4852.8,22.38,1.207
R5988,pine,56413.7,70166.4,4667.5,-77.28,0.819
R5989,pine,57544.7,69681,3602.6,-219.52,1.127
R5990,pine,59160.7,69801.7,3297.8,-250.38,0.884
R5991,poplar,60808.7,70378.7,4218.3,-101.99,1.111
R5992,pine,61632.3,70358.4,4255.5,88.81,1.065
R5993,elm,62459.7,69999.5,4307.5,-150.18,1.159
R5994,elm,63948.5,70139,5237,-248.92,1.053
R5995,pine,64375.6,70367.3,5403.1,12.12,1.05
R5996,elm,65587.8,69647.2,3661,-138.84,1.174
R5997,pine,66257.9,70256.6,3837.3,-20.59,1.132
R5998,elm,76137.4,70060.2,4905.7,-94.49,1.129
R5999,pine,76821.9,69636.7,5093.9,-139.99,1.128
R6000,elm,79598.6,70391.1,6207.9,-82.34,0.836
R6001,poplar,-78471.2,70951.8,5027.1,-151.98,1.227
R6002,pine,-78360,70771.6,4922.3,-39.36,1.025
R6003,pine,-76835,71068.8,5964.7,-214.01,0.833
R6004,pine,-76439.9,70787.4,5918.3,-56.54,1.013
R6005,pine,-75772.1,70602.1,5563.3,-267.3,1.231
R6006,elm,-74846.5,70735.7,5637.3,25.82,0.883
R6007,elm,-74217.9,70655.6,5677.6,-269.3,0.818
R6008,elm,-73426,70903.2,5647.2,3.36,1.248
R6009,pine,-72572.1,70556.5,5282.8,-82.33,0.825
R6010,elm,-71753.6,71122.1,5316.2,-117.05,0.914
R6011,pine,-70778.1,70614.9,4952.5,19.7,0.97
R6012,pine,-70279.3,70980.6,4969.4,-93.06,0.916
R6013,poplar,-69549.4,70610.9,4565,-168.19,1.162
R6014,pine,-68280.7,70657.7,3724.5,-178.02,0.883
R6015,elm,-67746.3,70914.8,3652.6,-28.31,1.136
R6016,elm,-67107.8,71200,3942.1,39.95,1.136
R6017,pine,-66166.7,70574.1,3851.4,-249.54,1.125
R6018,pine,-64891.3,70914.6,5034.3,-108.87,0.957
R6019,pine,-63290.1,70499.7,5398,-149.42,0.917
R6020,pine,-62489.9,70882.9,5281,29.41,0.921
R6021,elm,-62114.3,70957.5,5254.9,-111.03,1.116
R6022,elm,-61350.7,70840,5077.1,-158.34,1.154
R6023,elm,-60352.9,70821.4,4978.3,-236.15,0.98
R6024,pine,-59855.8,71147.4,5264.5,-74.3,1.1
R6025,pine,-58680.7,71019.9,5629.3,-138.53,0.961
R6026,elm,-57484.6,70908.1,5332.3,-185.25,0.81
R6027,poplar,-56566.3,70979.4,5655,-234.53,1.084
R6028,pine,-47915.8,70589.5,3548.9,-204.89,0.925
R6029,elm,-45929.7,71003.2,4099.1,-18.37,1.058
R6030,elm,-45168.5,71025.1,4830.5,-186.68,0.836
R6031,pine,-44004.5,70893.9,5008.2,78.39,0.909
R6032,pine,-43384.6,70601.1,4649.5,-141.29,0.826
R6033,elm,-43094.9,71117.2,4638.4,48.75,0.978
R6034,poplar,-42328.3,70927.7,4795.5,-61.23,0.813
R6035,pine,-41465.4,70933.5,4600.1,26.4,0.941
R6036,pine,-39595.4,70557.4,5152.1,-16.96,0.938
R6037,pine,-38970.8,71124.6,5309.9,-37.52,0.981
R6038,elm,-38287.4,70877.4,5232.2,34.04,1.023
R6039,pine,-36896.4,70404.7,5574.2,51.71,0.9
R6040,elm,-36249,70698.6,5940.3,-206.25,0.922
R6041,pine,-35526.6,70762.9,6031.9,-231.25,0.875
R6042,poplar,-35033.8,71063.5,6517.3,-141.07,1.134
R6043,pine,-33925.3,70408.6,6395.2,-53.48,1.087
R6044,elm,-32899.1,70836.1,5917.4,-180.47,1.178
R6045,pine,-32564.5,70447.7,5755.1,-197.45,1.152
R6046,elm,-31840.5,71078.8,5974.8,-17.39,0.888
R6047,poplar,-30422.5,70709.9,6199.2,-204.41,1.075
R6048,pine,-29749.4,70695.6,6096.5,29.6,1.114
R6049,pine,-28903.4,70566.3,5478,-129.29,0.992
R6050,pine,-28031,70905.8,4824.7,23.66,0.842
R6051,poplar,-27264.4,71021.2,4484.9,-191.25,1.188
R6052,elm,-26474.5,71167.7,4564.7,83.94,0.812
R6053,elm,-26252.3,71015.8,4620.4,-230.74,1.046
R6054,elm,-25503.8,70808.3,5065.6,75.74,1.043
R6055,pine,-24462.6,70882.6,5796.3,-12.18,0.835
R6056,pine,-23830.2,70980.6,6083.9,26.88,0.977
R6057,elm,-22510,70729.7,5797.8,-215.86,1.128
R6058,elm,-21965.6,70503,5947.5,26.1,0.89
R6059,elm,-20852,70786.1,6291,-197.26,1.07
R6060,elm,-20667.5,70528.7,6216.2,-19.67,0.921
R6061,elm,-19324.4,70922,5672.9,-233.89,0.987
R6062,pine,-18756.4,70994.8,5292.3,83.11,0.97
R6063,elm,-17945.4,71056.7,4340.5,-246.47,0.842
R6064,elm,-17141.9,71176.4,4175.3,-254.15,1.001
R6065,pine,-15718.7,70469.6,3923.5,-80.95,1.063
R6066,pine,-14669.4,71109.5,5022.1,-44.21,1.226
R6067,elm,-14092.2,70810.4,4733.7,56.86,0.972
R6068,pine,-12804.1,71040.3,5656.3,-117.91,1.249
R6069,pine,-12743,70943.6,5531.6,49.21,1.24
R6070,elm,-11422,71155,5662.4,39.72,1.085
R6071,elm,-11099.5,71029.9,5563.9,-33.02,1.104
R6072,pine,-9666.6,71106.2,5738.8,-143.27,1.051
R6073,pine,-8619.3,71054,4510.1,-112.65,1.213
R6074,pine,-2763.8,70941.2,3304,-173.61,1.115
R6075,elm,-637,71085.9,3560,-89.76,1.152
R6076,pine,1344,70722.7,3439.8,-266.95,0.947
R6077,pine,2921.2,70985.4,3654.4,-175.05,1.076
R6078,poplar,3836.8,70991,3763.9,-99.62,1.165
R6079,pine,5368.9,70857.7,4027.8,32.41,0.813
R6080,pine,5923.6,70797.1,4189,-263.41,1.237
R6081,pine,8642.1,70977.5,5437.7,-136.91,1.033
R6082,elm,10863.5,71084.3,6459.5,-63.86,0.974
R6083,pine,11502.4,71144.4,6519.1,-258.42,0.82
R6084,elm,12292.8,70653,5610.5,-261.97,0.921
R6085,pine,13384.8,70494.2,5598,-19.3,1.178
R6086,pine,13658.6,71159.3,5854.1,70.09,0.916
R6087,pine,15046.8,70747.5,5358.8,-65.2,1.241
R6088,pine,15776.7,71019.1,5585.6,-82.07,1.082
R6089,pine,16515.7,71049.7,5579.4,-83.02,1.12
R6090,pine,16960.8,70686.8,5155.1,-49.11,1.2
R6091,pine,17847.2,70654.8,5371.6,-29.09,1.178
R6092,elm,19075.6,71161.9,5827.4,-128.62,0.903
R6093,pine,21495.2,70752.7,5764.3,69.08,0.902
R6094,pine,22993.9,71053.8,6644.4,-60,0.979
R6095,pine,23597.1,70731.3,6490.3,-253.86,1.218
R6096,pine,24257.2,70671.2,6751.2,38.85,0.862
R6097,pine,25126.1,71076.5,7008.7,-192.19,1.069
R6098,pine,26208.3,70704.5,6900.5,25.67,1.223
R6099,pine,26882.5,71107.2,7530.8,88.48,1.056
R6100,pine,27636.9,70753.4,6952.2,-201,1.211
R6101,elm,28317.1,70560.8,6116.2,-265.7,1.142
R6102,elm,29454.9,70904.7,5881,11.08,0.809
R6103,elm,30072.5,71196.4,6055.8,-220.69,1.006
R6104,elm,31359.5,71187,5183.5,-78.2,0.921
R6105,pine,45251.8,70820.4,6432.5,-223.17,0.805
R6106,elm,53643,70855,6203.3,-140.87,1.063
R6107,pine,55254.4,70713.9,4828.6,-198.42,1.085
R6108,pine,56267.8,70918,5052.4,-181.4,1.143
R6109,elm,57002.7,70660,4548.1,-36.3,0.894
R6110,pine,58249,70778.4,3946,10.56,1.043
R6111,poplar,59019.9,70994.8,3989.1,-36.41,0.96
R6112,pine,59807.8,70720.8,3987.6,-189.01,0.905
R6113,pine,60085.6,70929.7,4347.4,-214.37,0.822
R6114,pine,61556.4,70525.9,4325.2,3.49,0.917
R6115,pine,61959.3,71028.3,4699.6,-55.32,0.897
R6116,pine,63020.5,71056.2,5258,-44.51,1.2
R6117,pine,63870,71148.1,6013.1,26.94,1.031
R6118,elm,64713.7,70984.8,5290.3,-143.48,0.838
R6119,pine,65515,70480.3,4058.4,-148.33,0.945
R6120,pine,-79528.7,71221,5199.2,-52.58,0.81
R6121,elm,-78538.9,71824.7,5432.5,-126.69,1.022
R6122,elm,-78108.2,71418.8,5123,-115.25,0.88
R6123,pine,-77087.8,71218.1,5748.2,14.29,0.966
R6124,poplar,-76028.7,71522.2,6165.4,-17.73,0.853
R6125,elm,-75593.9,71387.2,6121.1,-211.85,1.162
R6126,pine,-74463.2,71924.4,6467.8,-100.11,0.825
R6127,pine,-73835.2,71849.6,6372,-148.41,0.904
R6128,elm,-73053.7,71358.2,5803,-215.72,0.916
R6129,pine,-72143.6,71259.3,5498.6,-156.6,1.231
R6130,pine,-71374.1,71986.1,5388.2,-40.47,0.827
R6131,pine,-70785.7,71341.2,4958.9,-179.91,1.139
R6132,elm,-69676.8,71370.9,4856.2,-248.84,1.038
R6133,poplar,-68826.4,71757,4571.1,-183.31,0.896
R6134,elm,-68360.3,71581.9,4320.3,-266.53,1.181
R6135,elm,-67832.3,71370.5,4024.2,-130.63,1.039
R6136,pine,-67152.9,71347.6,4042.8,64.84,1.029
R6137,pine,-66101.5,71641.9,4432,24.54,0.885
R6138,pine,-64958.7,71968.9,5514.5,-147.74,0.904
R6139,pine,-64092.3,71251,5536.6,-40.18,0.931
R6140,poplar,-63556.9,71212.5,5628.6,-267.17,1.077
R6141,pine,-63195,71544.7,5887.2,-195.38,1.059
R6142,elm,-61621.5,71290,5480.4,-244.61,1.168
R6143,pine,-61158.5,71561.6,5895.7,-210.77,0.995
R6144,elm,-60222.3,71817.5,6190.5,-104.99,1.215
R6145,pine,-59874.8,71851.3,6147.3,69.14,0.83
R6146,elm,-58698.7,71650.1,6105.8,-69.56,0.942
R6147,pine,-56793.6,71813.4,6017.3,-49.1,1.227
R6148,pine,-55616.1,71884.2,5529.1,-69.79,1.206
R6149,poplar,-54607.5,71561.6,5012.3,34.52,1.018
R6150,pine,-48649,71649.5,4395.7,34.89,1.236
R6151,pine,-47822.3,71642.6,3893.8,-244.82,1.194
R6152,pine,-46371,71321.5,3912.1,-21.98,1.191
R6153,elm,-44911.9,71445.2,4857.2,-141.24,1.099
R6154,elm,-44447.8,71294,4941.3,-193,0.879
R6155,pine,-43212,71489.5,4750.5,32.21,1.236
R6156,elm,-42658.5,71534.1,4860.8,-236.26,1.214
R6157,poplar,-41708.8,71614.8,4914.8,59.36,1.118
R6158,pine,-41259.5,71287.9,4784.2,-242.78,0.923
R6159,pine,-40436.9,71318.3,5000.8,-128.45,1.058
R6160,pine,-39584,71667,4978.8,-203.42,0.947
R6161,elm,-39094.2,71495,5128,-56.91,1.103
R6162,poplar,-38121.1,71783,4759.5,-104.08,1.183
R6163,pine,-37209,71989.5,4923.7,81.49,1.004
R6164,pine,-36648.3,71661.7,5303.9,24.62,1.113
R6165,pine,-35218.4,71538.4,6363,-179.61,0.898
R6166,pine,-34960.4,71942.6,6298.3,39.32,1.217
R6167,pine,-34042.9,71351.7,6550.6,79.52,0.977
R6168,pine,-33359.3,71960.5,6259,-249.61,0.973
R6169,elm,-32583.7,71524.6,5954.4,-179.1,1.195
R6170,elm,-31676.7,71935.7,6094.5,-213.15,1.035
R6171,elm,-31123,71473.3,6040.2,3.85,0.986
R6172,pine,-30243.7,71795.3,6321,80.49,1.07
R6173,poplar,-28807.1,71468.2,5672.1,-150.67,1.213
R6174,poplar,-28749.6,71615,5770.7,-39.24,0.997
R6175,pine,-27206.8,71316.2,4538.7,43.28,1.133
R6176,pine,-26719,71958.8,4835.7,-140.37,1.01
R6177,pine,-26003.6,71778.1,4881.8,-30.82,1.117
R6178,elm,-25097.2,71464.6,5210.1,-233.71,0.812
R6179,pine,-24020.9,71758.8,5774.1,-62.6,0.939
R6180,poplar,-23868,71362.9,5852,79.4,0.917
R6181,pine,-22532.6,71390.6,6146.7,-57.39,1.032
R6182,pine,-22116.1,71222.1,6032.6,-139.73,0.859
R6183,elm,-20953,71217.2,6304.3,-187.91,0.959
R6184,elm,-20040.2,71309.5,6111.7,-190.17,0.805
R6185,pine,-19658.4,71412.3,5998,-2.09,1.051
R6186,pine,-18981.4,71872.7,6169.9,-108.75,1.161
R6187,pine,-17652.4,71387,4471.1,-49.33,0.994
R6188,pine,-17361,71446.8,4471.7,-35.12,0.939
R6189,elm,-16785.4,71595.5,4663.1,-218.37,1.14
R6190,elm,-14058.1,71370.1,5657.9,-127.63,0.978
R6191,elm,-12914.3,71858.4,6760,76.21,0.919
R6192,pine,-12627,71743.5,6710,-65.07,1.174
R6193,poplar,-11293.1,71689.1,6494.5,-210.9,0.875
R6194,pine,-11145.2,71643.9,6453.1,-38.72,0.982
R6195,pine,-9113.3,71870.9,5949.2,-103.6,0.892
R6196,pine,-3680.1,71419.4,3571.3,45.97,1.171
R6197,pine,-2595,71769.4,3745.9,-145.3,0.808
R6198,elm,-1163.9,71744,3753.6,28.8,0.843
R6199,pine,-516,71694,3620.1,-153.06,1.002
R6200,poplar,204.9,71472.7,3643.5,7.64,0.884
R6201,pine,2175.3,71967.2,3649.5,-199.55,0.847
R6202,pine,2912.6,71846.3,3802.1,-18.92,1.036
R6203,elm,3439.1,71820,4106,-209.49,0.873
R6204,pine,4447.6,71323.1,3832.6,59.44,1.184
R6205,pine,5547.5,71874.8,4313,-72.52,1.027
R6206,pine,5693,71328.6,4294.3,-58.57,1.151
R6207,pine,6958.6,71579,4877.9,-75.03,0.975
R6208,elm,7977.3,71438.1,5404.2,-143.15,1.02
R6209,pine,8327.9,71484.8,5662.1,-148.49,1.013
R6210,pine,9168.2,71969.2,6113.5,-114.53,1.196
R6211,elm,12506.8,71809.9,6723.5,-22.75,1.18
R6212,pine,14934.3,71361.8,5751.6,-89.93,0.971
R6213,elm,15433.6,71295.6,5746,-195.87,0.912
R6214,pine,16621.2,71401.9,5651.3,-72.57,1.205
R6215,poplar,17229.5,71508.2,5927.4,-106.52,0.993
R6216,pine,17784.1,71202.7,6114.8,58.2,1.078
R6217,elm,21532.7,71458.2,6376.1,24.24,1.004
R6218,pine,21648.4,71226.5,6294.3,77.23,1.171
R6219,pine,24795,71216.7,7305.8,-169.14,1.058
R6220,pine,25885.1,71705.3,7742.4,-52.17,1.103
R6221,pine,26456.2,71331.3,7634.7,40.74,1.182
R6222,poplar,27598.2,71507.8,6952.4,-162.29,1.217
R6223,pine,28051.8,71891,6534.3,-60.27,0.999
R6224,elm,29213.6,71513.2,5935.8,-118.53,0.846
R6225,poplar,30001.8,71462.3,6130.1,-263.71,0.925
R6226,pine,30765.8,71337.4,5793.9,45.4,1.22
R6227,elm,39722.7,71301.2,5268.9,48.14,0.883
R6228,pine,46964.5,71381.6,6114.7,-222.14,0.806
R6229,elm,47752.9,71242.4,6007.9,-69.01,1.079
R6230,pine,54795,71852.9,6063.3,-169.1,0.935
R6231,pine,56601.7,71854.3,5538.9,-195.12,1.124
R6232,pine,57055.7,71942.9,5644,26.33,0.808
R6233,pine,58154.8,71330.2,4543.6,-145.32,0.972
R6234,pine,58699.5,71578.4,4607.6,-79.58,1.06
R6235,elm,59423.9,71730.2,5113.6,-38.48,0.967
R6236,elm,60183.6,71344.5,4775.4,-8.64,1.003
R6237,pine,60857.9,71703.3,5637,48.91,0.921
R6238,elm,61787,71541,5331.7,-59.37,1.131
R6239,pine,62760.4,71220.7,5119.5,-181.96,1.064
R6240,elm,63230.2,71724.2,5498.2,-84.36,0.928
R6241,pine,65428.1,71344.1,4684.4,-199.2,1
R6242,elm,-79289,72612,5933.3,-220.76,1.103
R6243,pine,-79093.1,72047.7,5860.7,12.43,0.986
R6244,elm,-78183.6,72738.2,5917.3,-130,0.98
R6245,elm,-76956.6,72232.1,5938.7,-68.98,1.039
R6246,poplar,-76336.1,72389.6,6117.1,70.98,0.843
R6247,pine,-75490.4,72654.5,6019.5,-50.36,1.186
R6248,elm,-74687,72162.1,6243.6,-145.34,1.084
R6249,pine,-73891.5,72643,6317.7,-84.43,0.892
R6250,pine,-73589.2,72086.7,6429.6,51.19,0.857
R6251,pine,-72629.6,72275.6,6295.3,-253.74,0.896
R6252,pine,-71738.2,72611.3,5792.6,-89.98,1.233
R6253,pine,-70445.1,72379.1,5381.3,-73.49,0.898
R6254,poplar,-69833.4,72140,5165.1,-101.44,0.916
R6255,pine,-69196.5,72681.8,5113.3,-188.72,1.011
R6256,elm,-68725.3,72196.1,4814.1,-164.71,0.903
R6257,elm,-67315.3,72084,4372.6,-70.82,0.904
R6258,poplar,-66686.5,72376.7,4909.9,-25.57,0.845
R6259,pine,-65700.3,72533,5654.1,-148.68,0.862
R6260,elm,-65068.1,72124.5,5551.7,-149.24,0.978
R6261,pine,-64264.3,72041.7,5648.2,-157.59,1.151
R6262,poplar,-63612.8,72132.7,5820.8,-194.6,1.023
R6263,pine,-62847.6,72436.9,6282.7,28.81,0.85
R6264,pine,-61970.9,72144.1,6134.9,-148.94,1.123
R6265,elm,-60924.8,72789.1,6478.4,-132.83,1.217
R6266,pine,-60680.8,72452.2,6612.1,-248.16,1.229
R6267,pine,-59615.6,72179,6418.5,53.52,1.089
R6268,pine,-59045.4,72443.7,6518.3,-209.62,1.063
R6269,elm,-57485.8,72778.6,6455.6,-55.38,0.969
R6270,pine,-56190.8,72113.4,5786.4,-155.33,1.202
R6271,pine,-50610.5,72417.7,5712.3,-77.25,0.863
R6272,pine,-48830.1,72787.4,5386.8,-162.54,1.027
R6273,pine,-48479.5,72612.4,4978.3,-164.43,0.974
R6274,pine,-47730.1,72336.1,4475.5,-253.68,0.92
R6275,pine,-46686,72767,4680,61.47,0.826
R6276,poplar,-46326.9,72496.9,4547.7,-173.36,1.248
R6277,pine,-44848.2,72387.6,5020,49.91,1.101
R6278,pine,-44362.5,72049,5028.6,-243.83,1.032
R6279,elm,-43432.8,72443.8,5348.3,-119.15,1.103
R6280,elm,-42535.3,72341,5147.5,-37.61,1.228
R6281,pine,-42261.4,72238.7,5227.1,-65.4,0.842
R6282,elm,-41049.9,72746.3,5167.2,-259.85,1.108
R6283,poplar,-40568.2,72401.6,4952.1,-222.77,1.034
R6284,pine,-39922.7,72265.9,4746.7,20.21,0.972
R6285,pine,-39199.9,72180,4603.8,-113.92,1.189
R6286,elm,-37636.8,72550.1,4774.2,-196.79,0.862
R6287,pine,-37201.7,72583.4,4937.1,13.68,0.889
R6288,pine,-36486.8,72508.3,5314.2,-206.1,1.238
R6289,pine,-35812.3,72457.3,5781.2,-37.87,1.129
R6290,pine,-34521.1,72754.8,5955.3,-76.96,1.071
R6291,pine,-33667.2,72364.8,6420.6,40.09,1.059
R6292,elm,-33442.5,72500.9,6428.3,-6.49,1.129
R6293,elm,-32762.2,72756.5,6224.1,61.1,1.095
R6294,pine,-31995.9,72343,6141.4,-191.4,1.169
R6295,poplar,-30890.8,72135,6354.5,-147.11,0.873
R6296,pine,-29841.7,72642.3,6791.4,7.93,0.838
R6297,pine,-28822.3,72789.5,7147.4,-3.77,0.801
R6298,pine,-28427.7,72368.1,6605.8,29.51,1.077
R6299,pine,-27340.2,72370.5,5346.8,57.24,0.988
R6300,pine,-26903.8,72410.8,5252.7,-216.24,1.124
R6301,pine,-26321.8,72101.3,4983.8,9.55,1.116
R6302,elm,-24893.3,72121.9,5625.7,-92.17,0.911
R6303,pine,-24622.7,72646.4,6172.3,-133.23,1.012
R6304,elm,-23898.5,72249.2,6020,34.62,1.226
R6305,poplar,-23176.3,72493.5,6441.9,37.54,1.107
R6306,elm,-22012,72155,6280.4,-103.96,1.06
R6307,elm,-20889.7,72027.7,6367.7,-145.79,1.066
R6308,pine,-20498,72654.3,6462.9,-5.23,0.873
R6309,elm,-19919.1,72298.9,6375.3,16.61,0.847
R6310,pine,-18712.5,72009.3,5847.4,-252.63,1.193
R6311,pine,-18221.5,72767.1,5642.5,40.01,1.023
R6312,pine,-17178.8,72539.8,5495.9,14.24,1.224
R6313,elm,-16556.7,72778.5,5829.6,-6.98,0.872
R6314,elm,-15280.2,72133.2,6221.2,-109.82,1.108
R6315,pine,-14602.7,72239.6,6453.7,-141.46,1.128
R6316,pine,-12455.8,72254,7083.3,-195.31,0.8
R6317,pine,-11297.3,72567.1,7423.8,2.01,0.997
R6318,pine,-9419.2,72126.2,6531.8,-260.89,0.987
R6319,elm,-4926.1,72533.9,4141.2,-82.34,1.097
R6320,poplar,-4346.1,72070.2,3813.1,10.21,1.099
R6321,poplar,-3669.2,72199.9,3976,-194.41,0.844
R6322,elm,-2585.4,72151.4,4002.2,-8.7,1.037
R6323,poplar,-893,72513.8,3892.2,-85.22,1.063
R6324,pine,236.3,72439.8,3748.2,-48.29,1.244
R6325,pine,1356.5,72576.5,3844.5,-259.32,0.878
R6326,pine,1936.5,72148,3692.7,-24.95,0.936
R6327,pine,2426.1,72789.7,3803.8,-8.99,1.145
R6328,elm,3600.1,72725.9,4316.4,57.12,1.177
R6329,elm,4182.7,72694.5,4167.4,-162.31,1.012
R6330,pine,5165.6,72645.1,4390,-78.23,1.088
R6331,pine,5805.1,72461.5,4764.3,39.59,0.865
R6332,elm,7050.7,72137.2,5353.6,6.83,1.21
R6333,poplar,7953.4,72437.8,5931.6,-162.28,0.944
R6334,pine,8650.5,72287,5984.5,-184.25,1.073
R6335,pine,9280.6,72048.7,6220.2,-32.82,1.012
R6336,elm,9867.8,72099.9,6515.5,-233.17,1.068
R6337,pine,10531.5,72503.7,7010.7,80.16,1.208
R6338,pine,12654.4,72677.1,6661.4,-14.06,1.019
R6339,elm,12828.7,72010.2,6770.8,-5.22,0.804
R6340,poplar,13764.8,72656.7,6396,24.75,0.836
R6341,pine,14534.4,72209.7,6074.1,-95.84,0.972
R6342,pine,15890.4,72522.9,6222.4,3.17,0.923
R6343,pine,18727,72736.5,6370.5,-263.12,1.124
R6344,poplar,19753.5,72374.8,6449.8,-140.08,1.217
R6345,elm,21051,72267.4,6709.7,-135.34,0.817
R6346,pine,26066.4,72275.9,8306.9,-213.34,0.84
R6347,pine,26546.5,72723.8,8107.9,-260.26,1.159
R6348,pine,27996.2,72767.6,7155.7,88.25,1.084
R6349,pine,28104.5,72662.4,7019.9,-63.01,0.905
R6350,pine,29291.5,72633.5,6624.2,71.45,0.962
R6351,poplar,29846.2,72564.1,6555.8,-243.06,1.051
R6352,pine,32321.3,72672.3,5129.5,-155.19,1.038
R6353,elm,36666.1,72768.2,4944.9,-221.45,0.997
R6354,pine,43416.1,72263.5,7128.2,-220.93,0.978
R6355,pine,45271.1,72491.8,6950.6,-25.52,1.092
R6356,poplar,50341,72408.8,6677.3,60.01,1.19
R6357,pine,51535.4,72276.4,6919.8,-124.48,0.94
R6358,pine,52497.2,72039.9,7127.9,-2.38,1.171
R6359,pine,53078.3,72358.6,7527.2,-229.57,1.143
R6360,elm,55043.9,72502,6576.9,-89.68,1.064
R6361,pine,56199.6,72652.5,6324.9,-211.63,1.102
R6362,pine,57412.2,72710.8,6552.6,-252.15,0.814
R6363,pine,57813.2,72700.3,6186.8,-16.44,0.991
R6364,poplar,58523.4,72445.8,5606.6,-49.58,1.008
R6365,pine,59831.8,72753.7,6299.4,3.74,0.95
R6366,pine,60016.6,72310.8,5996.6,-11.69,1.01
R6367,elm,60877,72723.7,6574.2,-43.79,1.108
R6368,pine,61615.3,72743.3,6139.2,-187.24,0.804
R6369,elm,75373.2,72628,5110,-148.95,0.979
R6370,pine,77600.3,72663.9,6426.9,73.6,1.207
R6371,pine,-79460.2,73229.6,5859.8,70.47,0.883
R6372,elm,-78848.4,73238.4,6067.7,-53.2,1.021
R6373,pine,-78368.6,73350.4,6199.5,4.55,0.899
R6374,poplar,-77451.5,73504,6478.8,-170.49,0.825
R6375,elm,-76297.4,73566.3,6014.7,58.64,0.974
R6376,pine,-75470.3,73173,5768,-191.3,0.846
R6377,pine,-75029.4,73011.2,5872.3,-205.03,1.003
R6378,pine,-74212.5,73203.8,5758.2,-256.8,0.945
R6379,pine,-73120.9,73043.7,6536.4,81.35,0.968
R6380,poplar,-72790.2,73574.9,6290.1,-151.04,0.979
R6381,poplar,-71785.6,73290.7,5942.7,-4.9,1.242
R6382,elm,-70780.8,72873.4,5786.3,-139.98,1.14
R6383,pine,-70211.3,73461.9,5705,-199.91,0.959
R6384,pine,-69149,73288.4,5262.6,26.87,1.103
R6385,pine,-68375.8,72906,5052.1,-147.56,0.833
R6386,pine,-67917.3,73256.9,5069.1,-196.46,1.171
R6387,pine,-66792.7,73279.1,5571.8,43.22,0.873
R6388,elm,-66252.4,73017.7,5904.8,-169.82,0.955
R6389,pine,-65036.7,72850.9,6260.6,56.84,1.012
R6390,pine,-64368.6,72812.8,5959.7,-9.12,1.158
R6391,pine,-63757.7,72900.9,6117,-96.34,1.166
R6392,pine,-63180.9,72952.6,6218.9,-164.79,1.099
R6393,pine,-61647.9,73094.1,6285.2,-251.85,1.1
R6394,pine,-61088.2,73362.8,6414,-127.46,1.128
R6395,pine,-60370.8,73249.2,6646.2,11.12,0.938
R6396,pine,-59711.5,73580.1,6813.4,-262.98,0.874
R6397,pine,-59054.1,73191.8,6964.4,15.81,0.944
R6398,pine,-58122.1,73322.1,7032.5,-250.27,0.902
R6399,poplar,-56597.4,73501.4,6562.8,-245.7,1.056
R6400,elm,-55974.9,73006.7,5939.7,-17.56,1.223
R6401,pine,-54650.2,73410.1,6237.4,-130.31,1.247
R6402,elm,-53942.6,73291,6057.5,48,0.992
R6403,pine,-52098.2,73468.8,5726.9,-12.92,1.078
R6404,pine,-50411.6,72802.2,5862.9,-50.45,1.03
R6405,pine,-49758.4,73547.5,6014.6,-250.22,1.072
R6406,pine,-48923.6,73551.3,6449.8,-248.82,0.905
R6407,pine,-47097.5,73309,5286.6,-103.43,1.053
R6408,elm,-46055.3,73558.2,5568.4,-187.88,1.238
R6409,elm,-44650.9,73451.6,6061.6,-204.83,1.045
R6410,elm,-43326.4,73048.7,5976.8,-151.92,0.95
R6411,pine,-43101.3,73436.1,6410.7,-92.71,0.887
R6412,pine,-41998.9,72948.1,5554.6,-140.75,1.006
R6413,elm,-41493.1,72885,5293.1,-248.83,0.979
R6414,poplar,-40003.4,72861.8,4658.4,-26.67,1.205
R6415,elm,-39511.1,73546.6,4834,44.65,1.187
R6416,pine,-39188.8,73416.6,4803.3,-51.43,1.119
R6417,pine,-38262,72815.2,4663.4,62.34,1.178
R6418,pine,-37156.2,73450.7,5454.2,-229.71,1.037
R6419,elm,-36221.2,72945.8,5651.8,-250.73,0.903
R6420,pine,-35794.6,73296.6,5893,-115.46,0.84
R6421,poplar,-34651.7,73013.6,5941.5,-146.75,0.974
R6422,poplar,-33897.5,73147.7,6434.6,-244.81,1.249
R6423,elm,-33405.1,73470.6,6776.7,-106.35,1.154
R6424,elm,-32182.1,73273.7,6528,-119.6,1.171
R6425,pine,-31737.9,73015.9,6542.4,-138.63,0.866
R6426,pine,-30460.4,73229.2,7174,-31.07,1.162
R6427,pine,-30388,73540.2,7397.9,-169.43,1.12
R6428,pine,-29410.8,73249.1,7445.3,-79.19,1.153
R6429,elm,-28004.8,73058.7,6489.6,-224.75,0.829
R6430,elm,-27914.8,73431.7,6753.8,-155.26,0.885
R6431,elm,-27142.8,73354.9,6332,-230.34,1.001
R6432,elm,-25924.1,72896.4,6089.8,46.64,1.155
R6433,pine,-25100.4,73281.7,6752.1,-206.64,0.84
R6434,poplar,-24478.6,73307.2,6712.3,-182.72,0.815
R6435,elm,-23297.2,73065.6,6547.2,-200.94,1.001
R6436,elm,-22570.7,73584.2,6704.3,-30.79,1.201
R6437,pine,-21800.6,72973.8,6146.3,-89.39,1.127
R6438,pine,-21536.4,73183.1,6095.8,-251.77,0.862
R6439,pine,-20636.1,73483.4,6352.9,-251.6,1.069
R6440,elm,-19252.5,73478.8,6280.6,-103.02,1.044
R6441,elm,-18679.8,73410.5,6135.6,-190.26,0.913
R6442,pine,-18391.7,73220.1,5927.3,-169.65,0.946
R6443,pine,-16714.3,73266.6,6036.1,-143.61,1.134
R6444,pine,-15557.6,73501.1,6823.3,86,1.158
R6445,pine,-14728.2,73347.7,7124.8,-142.33,1.126
R6446,pine,-12446.7,73434.6,7790.1,-85.19,1.221
R6447,pine,-11712.9,73412.5,7685.2,-43.47,0.913
R6448,pine,-9956.4,72916.6,7627.6,-194,0.909
R6449,pine,-3234.2,73049.6,4727.2,-247.76,1.127
R6450,elm,-2634.8,73417.5,5091.9,-146.37,1.154
R6451,pine,-2227,73347.2,5087.8,-21.48,1.122
R6452,pine,-887.6,73522.3,4975.1,17.05,1.167
R6453,pine,-387.3,73035.7,4101.1,-57.54,1.078
R6454,poplar,192.5,73176.8,4150.8,59.28,1.033
R6455,poplar,947.4,73304.7,4033.3,36.61,0.849
R6456,elm,1927.5,73345,3945.9,-70.72,1.21
R6457,pine,2470.8,73225.3,3904.9,-56.26,1.145
R6458,elm,3664,73344.7,4531.9,81.95,0.973
R6459,pine,4747.9,73398.3,4475.5,-161.21,0.938
R6460,poplar,5310.5,73596.2,4870.1,-199.09,1.064
R6461,pine,6136.8,73108.8,5116.7,-262.2,1.209
R6462,pine,6570.3,72985.6,5464.2,-247.6,0.942
R6463,pine,7544.6,72907.7,5875.5,-229.42,1.039
R6464,pine,8124.4,73474.2,5735.8,-172.07,1.139
R6465,elm,9681.3,73228.7,6291.8,-239.69,1.161
R6466,pine,10939.9,73128.4,7247.3,-45.84,1.051
R6467,poplar,11927.2,73494.5,6856.2,-154.88,0.949
R6468,pine,12749.3,73574.9,6633.3,-216.39,0.878
R6469,poplar,13594.7,73432,6478.1,-149.93,0.838
R6470,pine,15240.6,73077.6,6596,3.27,0.86
R6471,poplar,16023.3,73147.1,6589.9,89.04,1.162
R6472,pine,24151.9,73048.6,7692.3,-227.32,1.005
R6473,pine,25200,73400.4,8344.4,-103.03,1.128
R6474,pine,25682.4,73067.8,8481.7,50.55,1.049
R6475,pine,26767.2,73452.3,8154.5,-258.75,0.83
R6476,pine,27830.5,73195.6,7577.4,-269.75,1.126
R6477,elm,31064.5,73564.8,6397.3,-184.43,1.005
R6478,elm,31758.7,72988.1,5502.8,33.58,1.194
R6479,pine,35613.5,73522.1,5406.6,-57.7,0.875
R6480,elm,40077.6,73279.8,6058.6,-213.56,1.055
R6481,pine,43223.3,73412.7,7047.1,-139.52,0.877
R6482,elm,45020.1,72812.8,6966,38.47,1.198
R6483,elm,47404.5,73525.5,5472.4,-223.53,1.091
R6484,pine,50895.1,72982,7031.5,-201.52,1.051
R6485,pine,51521.1,72954.2,7351.2,-150.7,0.894
R6486,pine,52349.2,73240.3,7612.3,-114.78,0.912
R6487,pine,53040.7,73554.9,7555.1,70.09,0.939
R6488,pine,54298,73538.7,8091.8,-59.87,0.821
R6489,pine,55980.7,72947.8,6669.8,-36.34,1.07
R6490,poplar,56219.8,73170.6,6981.8,-17.59,0.883
R6491,pine,57480.2,73497.3,6956.6,-65.91,1.195
R6492,elm,57657.5,73581.7,6897.5,-230.88,0.913
R6493,pine,59002.7,73039,6133.5,0.5,0.981
R6494,pine,59980.7,73489.4,6599.7,7.03,0.992
R6495,elm,60423.2,72986,6607.5,-122.59,1.046
R6496,pine,61092.4,73187.3,6677.4,-239.61,1.138
R6497,pine,61983.3,73460.9,6516.1,7.81,1.228
R6498,elm,62475.6,73262.9,6322.2,7.12,0.92
R6499,pine,72490.5,73433.5,5359,75.47,0.908
R6500,pine,74923.1,73475.1,5554.9,-218.03,1.215
R6501,pine,77121.8,73552.3,6015.9,61.24,1.199
R6502,poplar,78041.5,73584.9,5986.4,-92.83,1.129
R6503,elm,79122.2,73585.9,6095.1,76.24,1.167
R6504,pine,79467.2,73399.9,6222.2,-255.39,1.203
R6505,poplar,-78912.3,74299.1,6717.4,-144.96,1.017
R6506,pine,-78010.3,73812.4,6560.7,-54.42,0.88
R6507,pine,-76183.6,73923.7,6012.6,-213.98,1.049
R6508,elm,-75305.9,74118.6,5914.6,-3.19,0.875
R6509,poplar,-75087.9,74387.2,6076.5,-77.08,1.086
R6510,pine,-74369.9,74116.5,5753.4,-232.58,1.06
R6511,elm,-72921.2,73729.1,6125.8,78.4,1.134
R6512,pine,-72332.9,73798.9,6401.2,-162.79,1.024
R6513,pine,-71786.4,73685.7,6174.3,-104,0.843
R6514,elm,-70499.8,73945.1,6074.8,-37.79,0.847
R6515,pine,-70318.6,73609.7,5777.8,-162.23,0.858
R6516,elm,-69404.6,73739.6,5261.4,-177.83,0.846
R6517,elm,-68484,73933.2,5294,-199.54,0.999
R6518,pine,-67900.4,73654.3,5334,-25.61,1.064
R6519,pine,-66891.4,73976.4,6408.1,77.05,1.211
R6520,pine,-66046.7,73726.8,6711.3,-119.48,1.061
R6521,elm,-64891.3,73851.6,6822.5,1.47,1.232
R6522,pine,-64415.3,74283.3,6711.5,-40.93,1.117
R6523,elm,-63929.4,73841,6238.5,-154.7,0.966
R6524,pine,-62525.1,73605.5,6193.4,-78.41,1.167
R6525,elm,-62124.7,74186.9,6318.5,-166.49,1.241
R6526,pine,-61008.1,73758.1,6410.4,2.57,1.195
R6527,pine,-60132.5,74274.7,6993.1,62.82,0.966
R6528,pine,-59597.4,74335.6,7179.6,-90.56,0.941
R6529,pine,-57106.5,73947.5,6684.8,-224.4,1.007
R6530,elm,-55592.8,73685.8,6338.4,69.49,1.205
R6531,elm,-53063.8,73939.8,5986.1,-210.7,1.142
R6532,pine,-52439.7,74244.9,6091.7,30.67,0.87
R6533,elm,-47834.9,73615.6,6089.6,53.56,0.945
R6534,pine,-45919.6,73909.9,6145,-78.56,0.811
R6535,elm,-44281.3,74175.5,6672.2,-73.74,0.92
R6536,pine,-43720.1,74035,6666,-50.57,1.164
R6537,elm,-42937.3,74338.6,6593.2,87.39,1.164
R6538,elm,-42363,74088.6,6631.2,-46.94,1.1
R6539,elm,-41359.1,74126,6461.2,49.22,1.115
R6540,poplar,-40307,74010.4,5564.3,53.82,0.94
R6541,elm,-39291.6,73856.9,5102.5,22.4,1.19
R6542,elm,-38866.1,73963.6,5208.4,-237.27,1.063
R6543,poplar,-38314.9,73650.3,5210.6,-198.34,1.177
R6544,pine,-37107.1,74398.7,6245.6,-214.99,1.211
R6545,pine,-36267.2,74065.6,6216.3,-121.68,0.852
R6546,pine,-35998.4,73995.4,6216.4,-75.2,1.145
R6547,pine,-34681.3,74005.5,6603.8,27.25,1.236
R6548,pine,-33782.7,74351.6,7238.1,-160.03,1.04
R6549,pine,-33351.1,74031.3,7136.9,-83.05,1.003
R6550,poplar,-32184,74097.4,6721.8,-111.69,0.955
R6551,pine,-31465.7,74217.8,6866.1,-7.28,1.102
R6552,pine,-30515.1,73893.2,7315.6,-88.27,0.825
R6553,poplar,-29664.4,74393.7,6955.1,78.16,1.194
R6554,pine,-28923.2,73789.7,7209.3,30.76,1.139
R6555,pine,-28478.1,74226.8,6804.5,-255.38,0.939
R6556,pine,-27490.6,73833.2,6487.2,-176.81,1.014
R6557,poplar,-26459.5,73856,6458.8,0.2,0.965
R6558,poplar,-25707.3,74120.8,6913.9,-71.95,0.879
R6559,pine,-24837.4,74167.4,7243.3,57.68,0.951
R6560,pine,-24333.6,73897.3,7162.6,0.46,1.23
R6561,pine,-23958.2,74091.2,7302,-8.15,1.201
R6562,pine,-22833.3,74290.5,7109.3,-50.47,0.822
R6563,pine,-22074.9,73683.7,6331.2,-37.97,0.963
R6564,poplar,-21419.9,74384.6,6645.9,-169.57,1.03
R6565,elm,-20435.5,74329.8,6882.2,-160.36,1.149
R6566,pine,-19494.2,73899.9,6545,-31.62,1.044
R6567,pine,-19110.6,73872.6,6477.8,-188.14,0.891
R6568,pine,-18273.5,73822,6256.4,-116.19,0.812
R6569,elm,-17503.5,73832.9,6282,-235.86,0.933
R6570,pine,-16498.2,74021.9,6589.1,-265.61,0.917
R6571,pine,-14903.5,73848.8,7548.6,3.74,0.985
R6572,pine,-13303.7,73628.7,7448.3,-164.49,1.208
R6573,pine,-12117.3,73933.7,7691.2,46.41,1.152
R6574,pine,-11937.2,74277.3,7662.5,-239.94,0.951
R6575,pine,-10954.7,74150.1,7525.3,60.26,0.908
R6576,pine,-3091.6,73848.6,5536.6,-180.93,0.98
R6577,elm,-2095.8,74125.9,5858.4,37.28,1.06
R6578,pine,-1070.1,73646.1,5262.4,-265.45,1.186
R6579,pine,-448.2,74230.6,5231.5,-73.23,0.867
R6580,elm,179.8,74179.6,4876.4,-28.19,0.872
R6581,pine,1032.6,74080.9,4636.9,-240.7,1.138
R6582,elm,2049,73903.2,4444.9,48.27,0.849
R6583,pine,2561,74222.8,4925.4,-266.85,0.884
R6584,poplar,3435.9,73794.1,4600.8,-125.93,0.829
R6585,elm,4184.7,73833.7,4452.9,-251.2,0.837
R6586,pine,5039.5,74232.5,4795,-253.48,1.039
R6587,elm,6161.5,74100.9,5181.2,27.67,0.895
R6588,pine,7179.7,73910.1,5073.8,52.37,1.084
R6589,pine,7293,74266.3,4931.9,-154.68,1.102
R6590,poplar,8724.9,74354.4,5786.9,-259.41,1.173
R6591,pine,9251,73894.5,5994.1,-223.08,0.993
R6592,pine,10026.9,73961.3,6446.7,-213.23,0.974
R6593,pine,24562.7,73732.2,7859.7,-63.71,0.982
R6594,pine,27792.2,74351.5,7288.4,-74.72,1.103
R6595,elm,32429.8,74368.9,6275.5,-53.06,1.168
R6596,poplar,34346.5,73785.6,5493.4,-38.56,1.205
R6597,pine,35004.4,73849,5476.4,-167.15,1.124
R6598,pine,35834.7,74229.3,5801,-147.73,0.833
R6599,pine,36373.3,73691.8,5619.7,-153.51,1.093
R6600,poplar,39219.1,73759.2,5885.7,75.61,0.991
R6601,elm,45592.2,73962.9,6823.3,-25.17,0.975
R6602,poplar,45870.3,73682.4,6581.4,-141.97,0.849
R6603,elm,46417.4,74166.7,6119.2,-12.36,1.179
R6604,pine,47674.7,73911.6,5288.9,12.1,1.036
R6605,elm,48226.5,74266.8,5382.5,-76.53,0.912
R6606,pine,49467.9,73917.9,6116,-207.21,0.889
R6607,poplar,51253.3,74061.6,6831.6,-151.37,0.999
R6608,poplar,52526.7,74367.1,6800.9,-136.65,1.016
R6609,pine,53406.2,73615.3,7777.5,75.11,0.983
R6610,pine,54934.7,73971.7,8037.6,-246.37,1.143
R6611,pine,55660.6,73962.3,7655.2,68.25,1.23
R6612,pine,57137.2,73953.6,7364.1,6.13,0.873
R6613,elm,58216.1,74062,6871.1,-53.39,1.023
R6614,pine,59078.9,74186.7,6957.7,-32.39,1.165
R6615,poplar,59575.8,74272.8,6990.9,20.82,1.037
R6616,pine,60598.1,74062.5,7146.4,-76.48,1.182
R6617,pine,61482.3,73714,6602,-218.5,0.886
R6618,pine,63185.2,73748.8,7119.8,50.98,0.819
R6619,pine,63324.1,74106.4,7357.5,-92.4,0.833
R6620,pine,72144.7,74272.3,5489.1,-17.38,1.03
R6621,pine,73761.4,73844.9,6656.4,-62.72,1.06
R6622,poplar,76798.3,73718.6,5990.1,32.55,0.974
R6623,pine,77537.3,74134.3,5907.8,-74.02,0.836
R6624,elm,77619,73868.6,5902.4,-247.79,0.985
R6625,pine,78974.1,74118,6144.2,-182.41,1.14
R6626,pine,-78956.6,74838.2,6962.2,-26.01,1.049
R6627,pine,-78270.9,74864.5,7208.1,43.98,1.243
R6628,pine,-77106.9,74629.6,6729,79.1,0.966
R6629,pine,-76418.7,74558.2,6468.4,50.93,1.071
R6630,pine,-74854.8,74604.2,6295.2,11.06,1.209
R6631,pine,-73723.8,74438.1,6263.4,-89.15,1.099
R6632,elm,-72930.7,74843.5,6203,-66.2,0.862
R6633,poplar,-72124.9,75187.3,6347.4,8.63,0.9
R6634,pine,-71313.7,74979.4,6736.4,49.19,0.833
R6635,elm,-70729.1,74727.7,6794.1,-254.64,0.809
R6636,pine,-70195.8,74959.9,6501.9,7.46,0.878
R6637,pine,-69539.6,74628.3,5762,-0.14,1.211
R6638,pine,-68089.6,74516.6,5873.3,-42.09,1.203
R6639,pine,-67523.1,74981.8,6878.4,-11.98,0.878
R6640,pine,-66966.2,74446.1,6834.7,-42.95,1.235
R6641,poplar,-66143.3,74507.3,6916.8,-40.45,1.224
R6642,elm,-65192.6,75175.5,6822.5,-120.26,0.85
R6643,elm,-64340.1,74406.5,6675.7,-228.57,1.095
R6644,poplar,-63761.8,74415.2,6345.2,-97.34,1.041
R6645,pine,-63047.1,74588.9,6201.9,-234.14,0.837
R6646,pine,-61738.6,74611.3,6469.7,64.29,1.053
R6647,pine,-60824.2,74897,6990.9,-94.58,1.225
R6648,pine,-60153.7,74611.1,7114,-84.36,1.054
R6649,pine,-59820.5,74686.2,7221,-178.07,1.232
R6650,pine,-58609.7,74838.9,7470.5,-38.22,1.096
R6651,pine,-58216,74705.3,7469.2,-118.08,1.01
R6652,pine,-57500,74888.4,7425.3,84.27,0.827
R6653,pine,-56175.7,74466.6,6791.5,-5.39,1.051
R6654,pine,-55674.2,75052.6,6907.5,-161.86,0.868
R6655,elm,-53075,75011.9,6062.9,-21.97,0.93
R6656,pine,-52350.8,74423.4,6119.9,-52.51,1.187
R6657,elm,-50222.8,74896,6370.2,-222.08,0.914
R6658,pine,-49096.5,74702,6663.3,14.37,0.892
R6659,pine,-48697.3,74661.7,6963.7,-53.81,0.836
R6660,pine,-47746.3,75014.1,7444.3,-80.48,0.912
R6661,pine,-45610.6,75123.4,7469.3,66.43,1.172
R6662,pine,-44890.9,75138.9,7021.4,-100.37,0.879
R6663,pine,-43441.5,75136.5,6959.2,-225.06,0.889
R6664,poplar,-42575.4,74799.8,6881.6,-225.32,1.03
R6665,pine,-41886.6,75193.7,7369.2,-52.71,1.12
R6666,elm,-40891.2,74586.3,6598,-62.33,1.148
R6667,pine,-40013.5,74566.8,5760.4,-84.57,1.004
R6668,elm,-39492.9,74833.4,5917.2,-144.08,0.915
R6669,pine,-38879.1,74793,6127,-153,1.04
R6670,poplar,-38168.8,74457.8,6171.3,-17.67,1.221
R6671,pine,-37116.7,74737.3,6605.3,49.69,0.832
R6672,poplar,-36096.7,75159.2,6896.9,-206.38,1.197
R6673,pine,-35415.1,74497.9,6756.7,28.03,1.218
R6674,pine,-34750.3,74846.4,7343.4,-145.61,0.953
R6675,pine,-34011.9,74952.9,7528.6,-258.14,0.834
R6676,pine,-33440.7,74484.3,7317.3,-67.11,0.968
R6677,pine,-32362.5,74582.3,6877.4,-96.18,0.821
R6678,pine,-31702.6,74438.9,6837.5,33.99,1.139
R6679,pine,-30628.1,74616,7059.8,81.62,0.976
R6680,elm,-29671.7,74499.3,6944.9,-222.78,0.881
R6681,poplar,-29511.2,74769.6,6901,-2.32,1.088
R6682,elm,-28342.9,74510.6,6744.3,-262.23,1.126
R6683,elm,-27573.4,74811.7,6624.2,-162.09,0.85
R6684,pine,-26796.7,74849.8,6362.1,-54.79,1.033
R6685,pine,-25975.3,74897.9,6752.3,11.69,1.249
R6686,pine,-25042.2,74778.3,7322.9,83.07,1.201
R6687,pine,-24515.9,74517.8,7343.7,-169.91,0.981
R6688,pine,-23636.5,75170.9,7678.5,-137.43,0.918
R6689,pine,-23014.6,74421,7214.5,-105.98,0.987
R6690,pine,-22170.9,74855.8,7005.9,63.43,1.163
R6691,elm,-21297.2,74562.7,6873.6,-188.67,1.186
R6692,pine,-20392.1,74750.6,7252.2,-179.95,1.123
R6693,pine,-19434.5,74624.7,7028.5,88.31,1.025
R6694,pine,-19152.3,75186.9,7229.3,27.16,1.115
R6695,pine,-17808.4,74925.2,6928.1,50.06,0.867
R6696,pine,-17528.6,74877.6,7098.5,69.93,1.232
R6697,pine,-15337.5,74982.9,7934.9,-263.97,0.806
R6698,pine,-14820.3,74424.2,7989.4,27.86,0.873
R6699,pine,-13573.1,75146.3,7703.8,-192.82,1.008
R6700,pine,-11982.7,74899.7,7654.8,-122.6,0.882
R6701,elm,-3482.5,74456.8,5663.1,-1.19,0.842
R6702,elm,-1200.5,74835.3,6549.7,-229.05,1.193
R6703,pine,-14.9,74788.9,5595.6,25.01,0.838
R6704,pine,724.2,74542.4,5226.3,-149.61,0.805
R6705,pine,1131.5,74401,4983.9,51.58,1.143
R6706,poplar,2182.8,74465.7,5141.1,9.3,1.062
R6707,pine,2988.1,75039.1,5440.7,-113.21,1.231
R6708,pine,3446.8,74979.1,5377,-179.34,1.053
R6709,elm,4584.6,74947,5215,68.71,1.225
R6710,elm,4874.5,74559.9,4920.7,40.79,1.052
R6711,pine,5986.2,74545,5148.1,-228.92,0.88
R6712,elm,6947.7,74475.1,4890.7,-48.01,0.867
R6713,elm,7292.5,74460.8,4903.2,-168.37,1.194
R6714,pine,8026.4,74924.1,5123.2,-122.55,1.12
R6715,elm,8894,74914.7,5499.6,-71.33,1.246
R6716,pine,10542.6,75191.9,6445.6,-238.24,1.204
R6717,poplar,12091.8,74512.7,6907.7,69.09,1.229
R6718,pine,24487.4,74495.3,7820.9,-258.82,0.953
R6719,pine,26065,74471.3,8366.5,84.71,0.807
R6720,pine,27426.6,74467.5,7316.5,-120.57,1.126
R6721,pine,29340.9,74493.1,6964.9,-254.99,1.174
R6722,pine,31521.8,74780.1,7395,-97.04,1.079
R6723,pine,32637.1,75081.6,6731.4,-59.99,0.984
R6724,pine,32986.2,74614.6,6236.1,-233.67,1.073
R6725,pine,34012.3,74725,6036.6,-236.51,1.048
R6726,elm,34771,74735.3,5998.2,81.61,1.097
R6727,pine,35700.1,75027.4,6313.4,-142.63,0.884
R6728,pine,36587.6,74831.1,5856,-96.52,0.968
R6729,pine,37512.2,74614.3,5630.1,-115.01,1.056
R6730,poplar,45286.1,75116.3,6929.2,86.44,1.132
R6731,pine,45990.2,74849,6233.6,-245.15,0.82
R6732,pine,49812.6,75109.8,5843.4,16.25,0.883
R6733,pine,52140.5,74651.7,6810.3,-267,1.193
R6734,pine,53364.7,74646.9,7039.5,-253.58,0.91
R6735,pine,54236.6,75198.9,7497.8,-84.46,1.179
R6736,pine,56473.7,74848.6,7594.4,-182.35,1.046
R6737,pine,56912.6,74862.6,7464.1,-53.2,0.812
R6738,pine,58378.5,75174.9,7404.5,55.56,1.055
R6739,pine,58932.4,75182.9,7391.2,-49.18,0.864
R6740,pine,59750.9,74938.6,7607.7,-215.08,1.089
R6741,pine,60795.9,75014.5,7337,-29.1,1.222
R6742,pine,61292.8,74868.6,7034.3,-59.88,0.887
R6743,pine,62032.2,74969.9,7245.7,-21.29,1.049
R6744,pine,62470.2,75050.7,7305.5,-169.7,1.234
R6745,pine,68751.5,75149.5,5141.1,-124.73,1.242
R6746,pine,71824,74507.7,5403.4,-129.91,0.958
R6747,poplar,72083.4,74856.9,5758.6,7.63,1.219
R6748,pine,72931.3,75100.2,6844.4,85.94,0.856
R6749,pine,74100.3,74576.8,7098.6,34.61,0.94
R6750,elm,74724.1,74793.2,6815.2,-116.16,0.931
R6751,pine,75780.3,74879.8,6291.7,-79.5,0.826
R6752,pine,78353,74485.7,6021.7,-111.93,1.06
R6753,elm,79175.9,74891.2,6383,-204.81,0.801
R6754,pine,79445.5,74493.7,6334.5,-213.03,1.144
R6755,pine,-77123.4,75717.4,7739.4,-8.03,0.874
R6756,pine,-75686.5,75730.1,7374,-114.33,1.166
R6757,pine,-74650.9,75945.1,7138.1,-69.6,1.105
R6758,pine,-72466.4,75423.2,6431.4,-193.56,0.896
R6759,pine,-71967.6,75507,6538.4,-26.82,0.936
R6760,pine,-70950.8,75786.5,6996,22.37,1.097
R6761,pine,-70215.8,75850.4,6866.1,-111.86,0.904
R6762,pine,-69392,75972.9,6774.4,-149.49,0.93
R6763,pine,-68466.8,75976.5,7297.9,53.06,1.056
R6764,pine,-67249.6,75439.9,6829.2,40.66,0.894
R6765,pine,-66790.4,75858.4,7043.3,-85.65,0.841
R6766,pine,-66113.7,75481.6,6854.2,-9.5,1.194
R6767,pine,-64847.1,75280.8,7036.8,73.39,1.152
R6768,pine,-64480.4,75809.1,6853.4,-222.42,0.843
R6769,pine,-63650.3,75397.3,6137.7,-180.42,1.068
R6770,pine,-62898.7,75688.8,6236.1,8.42,0.846
R6771,pine,-62205.3,75343,6440.3,25.07,1.19
R6772,poplar,-61424.8,75350.3,6877.3,-220.26,1.199
R6773,pine,-60263.2,75853.8,7192.9,-257.23,1.05
R6774,pine,-59397.8,75902.8,7188.9,-119.65,0.806
R6775,elm,-58670.5,75845.4,6953.2,-80.4,0.875
R6776,pine,-58072.3,75761.8,7004,-148.55,1.009
R6777,pine,-56932.6,75596.3,7498.6,-115.33,1.224
R6778,pine,-53285,75455.5,6403.4,-57.02,0.898
R6779,poplar,-50821.8,75371.4,6809.9,-46.29,0.895
R6780,poplar,-49123.8,75664.9,6956.6,-252.37,0.858
R6781,pine,-46569.6,75783.8,8071.5,-25.85,1.115
R6782,pine,-45049.8,75226.5,7113.8,33.83,0.936
R6783,pine,-44460.1,75673,7025.6,-239.04,1.238
R6784,elm,-43921.7,75268.2,6937.7,-90.92,1.138
R6785,pine,-43042.7,75941.6,7574.7,-113.27,1.206
R6786,pine,-41976.9,75992.2,7394,-241.27,0.987
R6787,pine,-41185,75762.4,7432.5,76.18,0.923
R6788,pine,-40718.6,75868.6,7328,-140.7,0.941
R6789,pine,-39496.1,75676.1,7151.1,-132.23,1.134
R6790,pine,-38801.7,75883.4,7031.6,-77.72,1.248
R6791,pine,-38342.3,75854.4,7010.2,-241.6,1.134
R6792,pine,-37074.9,75949.3,7135.2,-38.02,0.84
R6793,pine,-36652,75290.1,7036.3,-129.93,1.142
R6794,pine,-35858,75511.6,7113.6,-92.46,1.181
R6795,pine,-34503.5,75815.2,7801.6,-217.85,0.966
R6796,pine,-33963.6,75443.7,7658.6,57.52,1.164
R6797,pine,-33075.7,75475,7825.5,50.39,1.049
R6798,pine,-32099.8,75724.6,7541.3,-252.09,1.17
R6799,pine,-31792.3,75340.4,7324,-114.16,1.199
R6800,poplar,-30859.2,75217.6,6900,52.33,0.857
R6801,pine,-30278.3,75300.9,6846.2,-138.73,1.051
R6802,poplar,-29210.7,75536.8,6541.1,-32.46,0.81
R6803,pine,-28649.8,75859.6,6693.9,-246.67,0.808
R6804,pine,-27437.2,75513.3,6784.7,-117.14,0.954
R6805,pine,-27135.4,75471.7,6917.7,47.17,0.838
R6806,pine,-25880.8,75726.7,7356.1,72.21,1.15
R6807,pine,-25015.9,75216.8,7329.7,-244.78,1.192
R6808,pine,-24024.7,75972.4,7932,-258.63,1.242
R6809,pine,-23633.8,75720.3,7720,-88.32,0.839
R6810,pine,-22746.3,75341.4,7168,-48.18,1.212
R6811,pine,-22039.7,75954.4,7088.9,-138.61,1.218
R6812,pine,-21543.6,75246.3,6890,-97.41,0.805
R6813,pine,-20401.1,75410.7,7206.6,-231.75,0.874
R6814,pine,-19704.7,75807.6,7507.2,80.94,0.975
R6815,pine,-18808.3,75451.1,7263.7,52.47,0.809
R6816,pine,-14672.9,75797.9,7550.8,-100.62,0.919
R6817,pine,-13918.9,75624.3,7652.6,-115.55,0.989
R6818,pine,-10632.8,75201.5,7464.5,-83.81,1.218
R6819,pine,-4140.5,75813.4,6323.7,-133.98,0.882
R6820,pine,-2504.9,75527.5,6620.4,-48.93,1.076
R6821,pine,-2031.6,75944.9,7086.6,-189.89,0.934
R6822,pine,-1308.3,75740,7376.2,-90.12,1.033
R6823,pine,-151,75927.6,7089.4,-133.74,1.155
R6824,pine,480.4,75290,6142.4,12.7,1.108
R6825,elm,1124.8,75900,6333.4,-207.57,1.079
R6826,pine,1931.2,75237.7,5848.6,24.16,1.183
R6827,pine,2860.2,75349.3,5696.2,24.76,0.92
R6828,pine,3378.7,75419.5,5588.3,-77.19,0.85
R6829,poplar,4421.1,75900.2,5577.6,-146.45,0.964
R6830,poplar,5399.3,75269.1,5496.7,-99,0.918
R6831,poplar,5929.7,75840.4,5596.7,-95.39,1.233
R6832,elm,7192.5,75600.7,5247.4,19.09,0.885
R6833,pine,7347.5,75866.8,5333.1,-255.35,0.846
R6834,poplar,8438.1,75757,5472.1,-89.86,0.921
R6835,elm,9496.5,75864.5,6141.6,-140.95,1.203
R6836,pine,9981.1,75646.2,6287.5,-40.7,1.039
R6837,elm,10408.3,75657,6482.2,49.26,1.113
R6838,pine,11442.7,75861.2,6849.8,-219.06,0.923
R6839,pine,12749,75469.4,7145.7,-198.82,1.058
R6840,pine,22928,75750.2,7038.4,-53.37,1.184
R6841,pine,23697.9,75340.1,7262.7,-147.94,1.204
R6842,pine,25046.6,75699.5,7293.9,88.23,1.077
R6843,pine,25933.1,75335.1,7964.2,-153.87,0.879
R6844,pine,26830.5,75931.9,7070.5,60.09,0.812
R6845,pine,30853.9,75904.1,7703.6,1.58,1.092
R6846,pine,31996.4,75762.1,7464.2,-89.11,0.842
R6847,pine,32247.1,75748,7221.3,72.54,1.212
R6848,pine,33240.5,75858,6789.3,-245.06,0.853
R6849,pine,33846,75511.4,7009.1,-139.59,1.202
R6850,pine,36458.2,75223.4,6000.7,-4.52,1.135
R6851,pine,39490,75774.9,7077.8,-34.31,0.836
R6852,elm,46394,75280.6,6093.2,-144.6,0.826
R6853,pine,48268.7,75714,6148.2,-170.48,1.239
R6854,pine,50174.5,75906.2,5891.8,-255.36,0.948
R6855,poplar,50832.8,75555,6000.6,3.96,0.979
R6856,poplar,51712.9,75812.2,6882.9,-237.4,0.892
R6857,pine,53333.8,75782,6986.9,-182.31,1.205
R6858,pine,53764.1,75877.3,7096.4,-121.64,1.051
R6859,pine,54855.1,75986.8,7381.9,9.57,0.943
R6860,pine,55686.4,75872.1,7267.2,-228.31,0.946
R6861,pine,56769.1,75205.8,7527.9,59.93,1.217
R6862,pine,57793.6,75464.7,7388.5,12.54,1.186
R6863,pine,58769.1,75511.3,7558,-36.3,1.004
R6864,pine,59962.9,75583.7,7699.2,-38,1.244
R6865,pine,60344.5,75443,7442.7,-221.84,1.16
R6866,pine,61554.9,75640.3,7266.8,-265.66,1.213
R6867,pine,62149,75449.2,7417.2,-7.53,0.912
R6868,pine,62822.9,75864.2,7568.4,21.23,1.183
R6869,pine,64141.5,75882.5,7818.5,-104.45,1.222
R6870,pine,66106.9,75931.2,7206.6,-15.65,0.883
R6871,elm,69097.9,75410,5056.3,36.81,0.954
R6872,pine,71972.3,75345.6,6047.5,-128.42,0.906
R6873,pine,72237.8,75816.2,6430.6,39.63,0.908
R6874,pine,72926.4,75582.4,7145.9,-250.98,1.047
R6875,pine,74212.9,75208.4,7785.1,-182.41,1.057
R6876,pine,75319.8,75216.8,6773.8,-84.84,1.198
R6877,pine,76911.1,75241,5995.7,15.81,1.004
R6878,pine,78897.7,75322.9,6046.1,-33.91,1.109
R6879,pine,-77780.6,76187.3,8144.4,-103.1,1.144
R6880,pine,-77513.3,76566.9,8422.5,-202.45,1.027
R6881,pine,-76325.7,76172.5,7911.5,-89.85,0.897
R6882,pine,-75809.9,76371.7,7816.3,-73.9,1.047
R6883,pine,-74475,76209.2,7303.5,47.31,0.991
R6884,pine,-73677,76612.3,7465.4,-195.28,0.947
R6885,pine,-73268.8,76497.4,7471.4,-41.66,0.985
R6886,pine,-72756.7,76745.7,7337.8,-167.66,1.083
R6887,elm,-71212.2,76028.2,6974.7,-254.44,0.854
R6888,pine,-70438.5,76454,7231.7,-21.47,1.246
R6889,pine,-69862.5,76012.8,6789.6,-254.5,0.863
R6890,pine,-69266.1,76454.9,7441.4,-120.1,0.959
R6891,pine,-68160.9,76777.4,7505,75.84,0.873
R6892,pine,-67880.6,76348.9,7265.4,85.47,0.98
R6893,pine,-67117.5,76591.9,7445.4,-188.53,0.934
R6894,pine,-66343.8,76115.8,7028.3,-243.71,0.821
R6895,pine,-65364.1,76108.6,7128.3,-252.1,1.185
R6896,elm,-64342.2,76525.4,6915.6,65.42,1.077
R6897,pine,-63468,76474.2,6502.1,-153.66,1.003
R6898,pine,-62441.3,76343.2,6555.3,-16.54,0.913
R6899,pine,-61677.4,76714.2,6763.3,-205.72,0.976
R6900,pine,-61110.3,76411.4,6705.8,34.04,0.935
R6901,elm,-60349,76265.3,6979.5,20.37,1.161
R6902,pine,-59448.8,76500.4,7390.5,-264.46,0.872
R6903,pine,-59031.3,76149.1,7005.9,-148.64,1.182
R6904,elm,-57974.6,76710.2,6708.1,85.18,1.036
R6905,pine,-57174.5,76277.4,7099.5,-255.36,1.055
R6906,pine,-56497.2,76023.1,7391.5,-222.93,0.82
R6907,pine,-48780.7,76556.3,7550.1,-23.25,0.817
R6908,pine,-46947.2,76267.8,8187,65.97,0.916
R6909,pine,-46386.8,76651.8,8320.4,56.67,0.839
R6910,pine,-45195.6,76770,7994.5,-232.5,1.189
R6911,pine,-44294.9,76509.2,7785.5,-158.63,1.016
R6912,pine,-43578.6,76557,7915.5,17.8,1.139
R6913,pine,-42832.4,76552.8,7660.5,32.33,0.868
R6914,pine,-41801.3,76128.7,7488.2,67.91,1.229
R6915,pine,-41311.8,76472.7,7480.7,-8.16,1.195
R6916,pine,-40133,76413.1,7363.5,86.61,1.184
R6917,pine,-39273.6,76579.3,7373.4,-26.03,1.218
R6918,pine,-38852.8,76500.4,7465.5,-134.11,0.896
R6919,pine,-37944.8,76330,7379.6,-89.55,0.83
R6920,pine,-37599.7,76384.1,7391.4,-110.5,1.047
R6921,pine,-36081,76633.1,7465.6,-56.35,1.23
R6922,pine,-35437.1,76050.5,7662.3,-8.83,0.99
R6923,pine,-34791,76059.8,7746.5,2.77,1.144
R6924,pine,-33712.4,76375.2,8045.5,-136.39,1.221
R6925,pine,-33538,76169.5,8047.2,-126.46,0.809
R6926,pine,-32457.6,76027.3,7947.9,-148.21,1.145
R6927,pine,-31410.2,76118.6,7295.1,-189.94,1.175
R6928,pine,-30693.3,76086.7,7029.8,-63.65,1.043
R6929,pine,-30312.5,76407.9,7043.6,-113.18,0.934
R6930,pine,-29197.9,76307.5,7096.1,59.13,1.036
R6931,elm,-28232,76721.5,6931.9,-83.84,1.014
R6932,pine,-27432.2,76625,7048.2,-204.14,0.951
R6933,pine,-26922.5,76498.1,7101.1,-0.39,0.864
R6934,pine,-25643,76471.2,7338.7,-90.65,1.04
R6935,pine,-25163.1,76412,7421.5,54.11,1.141
R6936,pine,-24220.5,76631.2,7463.9,-35.29,1.223
R6937,pine,-23694.1,76358.8,7486.9,-47.01,0.869
R6938,pine,-22452.9,76118.6,7301.6,-248.33,0.95
R6939,pine,-22277.3,76285.2,7304.3,-32.54,0.831
R6940,pine,-20835,76207.4,7150.8,-7.04,1.151
R6941,pine,-20390.6,76548.8,7443,-2.2,1.176
R6942,pine,-19355.4,76224,7638.1,-114.12,0.932
R6943,pine,-18452.8,76168.5,7703.8,-173.28,1.247
R6944,pine,-17769.9,76072.4,7477.5,-69.58,1.108
R6945,pine,-17063.4,76128.9,7839.4,-235.23,1.019
R6946,pine,-16082.3,76798.1,7984,-116.22,0.846
R6947,pine,-13598.9,76707.1,7186.8,-174.52,0.973
R6948,pine,-11585.9,76792.4,8381,-146.29,1.129
R6949,pine,-10717.5,76555.5,7489.7,-84.55,0.836
R6950,pine,-10056.1,76206.9,7178,-20,1.096
R6951,pine,-9376.3,76796,7018.3,13.19,0.812
R6952,pine,-1816.8,76398.2,7363.3,-55.4,1.146
R6953,pine,-1432,76522.1,7689.8,20.02,1.188
R6954,pine,-640.2,76677,7520.8,-166.83,0.957
R6955,pine,633.4,76629.4,7041.6,81.59,0.952
R6956,poplar,1213.7,76677.2,6551.9,-267.63,1.07
R6957,elm,2376.7,76587.5,6581.8,-246.84,1.094
R6958,pine,3124.9,76629.8,6176.7,-216.35,0.967
R6959,elm,3877.9,76163,5905.8,-116.02,1.087
R6960,elm,4773.6,76005.4,5677.3,-143.96,1.211
R6961,elm,5079.1,76530.3,5754.9,-261.66,0.909
R6962,elm,5661.5,76144.1,5686,-234.79,0.909
R6963,pine,6989.1,76205.8,5711.1,1.2,1.042
R6964,pine,7441.9,76444.4,5702.1,-261.92,0.841
R6965,pine,8535.8,76226,5719.6,1.28,1.1
R6966,pine,8801.4,76557.6,5905.6,7.87,0.965
R6967,pine,10270.6,76788.1,7182,-212.72,1.036
R6968,pine,10517.9,76740.3,7191.5,-64.93,1.182
R6969,pine,11501.5,76588.9,7612.1,-35.83,0.808
R6970,pine,23836.1,76728,6599.3,14.48,1.058
R6971,pine,25127.1,76686.9,7105.3,-214.11,0.891
R6972,pine,25687.4,76448.3,7729.8,20.26,1.051
R6973,pine,27513.1,76261.6,6753.2,16.7,0.981
R6974,pine,31631.5,76597.5,7507.1,-195.57,0.909
R6975,pine,32742.3,76545.3,6867.8,80.99,1.02
R6976,elm,33062.3,76071.8,6757.7,-126,0.89
R6977,pine,34242.7,76312,7176.4,-117.39,1.238
R6978,pine,34418.9,76393.6,7218.5,-43.91,1.004
R6979,pine,35920.4,76215.7,6708.1,23.72,1.011
R6980,elm,36426.7,76135.6,6685.4,-132.41,1.174
R6981,pine,37152.9,76739.1,6673.7,-264.87,1.142
R6982,pine,38237.3,76692,7282.6,-248.72,0.879
R6983,pine,40689.7,76511.7,7966,-2.1,1.145
R6984,pine,45573.3,76300.3,6704.3,22.73,1.1
R6985,pine,46855.5,76419.3,6424.2,27.63,0.901
R6986,pine,47583.9,76188.6,6391.1,69.73,1.183
R6987,pine,49113.7,76129.8,5668.1,54.51,1.176
R6988,elm,50338.2,76465.6,5852.8,-71.23,1.112
R6989,elm,52284,76377.3,6500.5,-146.63,1.2
R6990,pine,53618.2,76015.1,6998.7,18.59,1.165
R6991,pine,54593.3,76099.5,7537.7,-152.26,1.126
R6992,pine,55419.9,76354.1,7131.5,-8.23,0.908
R6993,pine,56490.2,76311.5,7249.1,-221.8,1.059
R6994,pine,57261.5,76466.4,6928.6,-15.8,0.892
R6995,elm,57898.2,76780.5,6970.1,-108,0.952
R6996,pine,59033.6,76025.1,7566.1,-5.84,0.828
R6997,pine,59997.7,76695.8,7244.4,63.13,0.96
R6998,pine,60648.1,76474.3,7371.2,-42.82,0.933
R6999,pine,61575.7,76087.4,7308.9,-96.21,1.076
R7000,pine,61650.2,76610.7,7590.8,-62.9,1.139
R7001,pine,62455.6,76425.4,7673.4,83.94,0.931
R7002,poplar,71178.7,76506.5,6119.1,45,0.964
R7003,elm,71390.9,76569.2,6325.3,-145.27,0.915
R7004,pine,72526.9,76739.1,7058.5,-120.83,1.054
R7005,pine,73392.7,76118.6,7907.4,-150.97,0.902
R7006,pine,73763.3,76784.6,8230.8,-246.59,1.057
R7007,pine,74753.6,76717.5,7484.6,-78.17,1.198
R7008,pine,75277.6,76524.5,6958.3,-32.65,0.883
R7009,elm,76006.7,76718.7,6471.8,-150.74,0.993
R7010,poplar,77145.5,76366.6,6291.9,-264.75,0.874
R7011,elm,77982,76215.1,6110.7,-19.33,0.823
R7012,elm,78463.1,76456.2,6223.3,-210.29,1.16
R7013,pine,-79261.5,77234.9,7725.2,38.71,0.988
R7014,pine,-79042.4,76905.7,7403.5,-175.62,1.101
R7015,pine,-77737.4,76941.4,8375.7,-203.44,1.148
R7016,pine,-77469.2,77294.5,8361.7,41.16,0.872
R7017,pine,-72756.8,77531.9,7617.3,76.99,0.808
R7018,pine,-71684.5,77560.7,7541.3,-94.52,1.003
R7019,pine,-70881.2,77059.3,7249.5,17.74,1.229
R7020,pine,-69912,77259.2,8001,39.12,1.066
R7021,pine,-69050.5,77236.4,7725.4,-238.58,0.994
R7022,pine,-68533.9,76832.5,7637.6,-24.04,1.201
R7023,pine,-67539.5,77332.4,7684,-17.58,1.088
R7024,pine,-66465.7,76988.8,7361.7,-76.29,0.844
R7025,pine,-65760.2,77433.7,7365.4,-206.96,1.191
R7026,pine,-64957,77160.9,7287.8,77.98,0.914
R7027,pine,-64396.6,77052.7,7143.4,-66.76,1.177
R7028,pine,-63250.6,77402.6,6861.7,50.56,0.879
R7029,pine,-62947.8,77044.2,6620.6,-90.76,1.178
R7030,pine,-61918.6,77169.2,6494.6,-254.22,1.125
R7031,pine,-61589,76818,6687,-223.44,0.892
R7032,pine,-60634.5,77019,6716.3,-250.81,0.932
R7033,pine,-59928.6,77490.4,7047.3,-169.88,1.208
R7034,pine,-59002.7,76801.9,7008.9,-157.95,1.118
R7035,pine,-57951.2,77098.2,6704.7,-74.33,1.239
R7036,elm,-57544.9,77209.8,6788.3,-233.63,1.116
R7037,pine,-56680.2,77497.5,7464.1,-234.51,1.061
R7038,pine,-48298.1,77380.9,8813.8,-12.47,1.212
R7039,pine,-46247.7,77171.1,8336.4,11.24,1.073
R7040,pine,-44860.7,76921,8144.8,-75.02,1.205
R7041,pine,-44405.3,76952.2,8230.1,-223.44,1.12
R7042,pine,-43847.7,77304.8,8304.6,68.91,1.019
R7043,pine,-42744.2,76913.3,7556.9,-16.88,1.164
R7044,pine,-41041.8,77159.7,7924.9,-74.38,0.957
R7045,pine,-40153.9,76866.3,7528.5,77.35,0.841
R7046,pine,-39448.8,77261.5,7526.2,-197.26,1.111
R7047,pine,-38475.6,77033.1,7709.4,-120.8,1.054
R7048,pine,-37713.4,77363.2,8433.4,37.84,0.818
R7049,pine,-36931.6,77273.9,8106.5,-176.71,0.813
R7050,pine,-36377.9,77053.8,7645.5,-67.01,1.225
R7051,pine,-35301.1,77376.4,7473.3,-116.76,1.225
R7052,pine,-34723.1,77267.6,7614.5,-111.44,1.199
R7053,pine,-33755.2,76831.5,8119.4,-229.08,0.976
R7054,pine,-33125.4,77335.1,8517.5,-39.74,0.912
R7055,pine,-32163.9,76970.5,8036.1,86.67,1.005
R7056,pine,-31383,77152.9,7719.3,-106.8,0.838
R7057,pine,-30518.7,76813,7189.3,70.61,0.899
R7058,pine,-29962.7,76856.8,7275,43.07,0.802
R7059,pine,-29287.8,77498.7,7227.8,-12.01,0.971
R7060,pine,-28137.6,76805.6,6943.1,-122.02,1.023
R7061,poplar,-27780.4,76894,6938.8,-119.51,0.955
R7062,pine,-26653.2,77216.2,7339.4,-96.03,1.1
R7063,pine,-26330.8,77363.5,7350.4,-131.09,0.91
R7064,pine,-25371.6,76847.4,7322.5,-21.3,1.031
R7065,pine,-24495.2,76827.8,7480.9,-192.95,1.215
R7066,pine,-23406.3,77032.9,7372.1,-240.57,1.044
R7067,poplar,-22714.2,77069.4,6987.6,-167.05,0.856
R7068,pine,-22177.5,77053.9,6966,-153.23,1.123
R7069,pine,-20489.3,77180.1,7783.9,8.47,0.985
R7070,pine,-19969.4,77104.5,7876.5,-151.42,1.124
R7071,pine,-18866.9,77133.1,8247.5,-204.83,0.831
R7072,pine,-17566.1,76946.2,7726.8,7.58,1.11
R7073,pine,-1606.1,77304.4,7652.9,-154.51,1.144
R7074,pine,-1169.6,77428.1,7867.4,-184.07,1.217
R7075,pine,-159.4,76821.4,7576.4,-228.5,1.197
R7076,pine,327.7,77515.6,7449.9,-181.22,0.826
R7077,elm,1356,77030.5,6660.3,-126.53,1.128
R7078,pine,1635.5,76889.9,6558.1,-108.86,0.869
R7079,elm,2760.3,77510.6,6470.9,-129.44,1.011
R7080,poplar,3728,77539.7,6433.7,-171.58,0.889
R7081,pine,4600.2,77310.6,6165,25.03,1.212
R7082,pine,5563.7,77036.3,5999,-166.79,1.162
R7083,elm,6342.3,77047,5976.2,66.04,0.816
R7084,pine,6602.9,76915.4,5876.4,-194.84,0.833
R7085,pine,7506.3,77490.9,6159.7,-102.55,1.102
R7086,pine,8743,76996.8,5939.7,-171.09,1.197
R7087,elm,9402.5,77100.3,6465.9,-179.31,0.818
R7088,elm,9677,77456,6871.6,17.34,0.855
R7089,pine,10619.4,77314.9,7812.6,-12.69,1.154
R7090,pine,11254.4,77505,8012,-53.59,1.044
R7091,pine,12126.6,77094.9,8165.3,-8.15,0.986
R7092,pine,16440.3,77303.7,6380.7,-149.39,0.896
R7093,pine,17364.3,77355.8,6600.1,-190.76,1.233
R7094,elm,23580.1,77395.2,6717,52.04,0.989
R7095,pine,25406.4,77217.6,7497.9,38.87,1.142
R7096,elm,27723.1,76927.1,6949,-43.32,0.953
R7097,pine,28186,77235.1,6905.9,-63.6,1.193
R7098,pine,29859.1,77498.8,7580.7,-199.61,0.907
R7099,pine,30869.2,77177.5,7220.4,-113.48,1.096
R7100,pine,31475.5,77418.5,7133.1,39.83,0.812
R7101,pine,32046.6,77368.3,7145.3,-151.83,0.947
R7102,pine,33416.3,76834.9,6909.3,-214.08,1.055
R7103,elm,34397.1,77180.5,6770.2,-23.97,1.037
R7104,elm,34818.4,77529.6,6618.4,-49.87,0.868
R7105,elm,36035.3,77422.1,6360.9,72.68,1.04
R7106,pine,37080.3,77270.4,6390.2,-269.17,0.918
R7107,pine,39221.9,77578.3,8059,63.95,1.005
R7108,pine,47165.5,77064.1,6420.4,-120.76,0.883
R7109,elm,48398.8,77562,5811.2,-165.34,1.211
R7110,pine,49190.1,77443.8,5863.5,-245.67,0.827
R7111,elm,50387.2,77561.7,6256.2,49.77,1.072
R7112,pine,50549.7,76807.6,6019.1,-17.57,0.841
R7113,pine,51842.6,77451.7,6539.7,-255.16,1.163
R7114,poplar,52127.7,77264.1,6587.5,39.85,1.097
R7115,pine,52859.3,76808.9,6607.4,0.3,0.88
R7116,pine,54054.7,77477.4,7837.6,-230.94,0.801
R7117,pine,55116.3,77369.5,7904.1,-43.16,0.884
R7118,pine,55290.9,76992,7385,-246.63,1.106
R7119,pine,56149.4,76927.7,7284.4,-16.94,0.964
R7120,elm,56972.6,76985.8,6877.2,-237.21,1.126
R7121,pine,58119.2,77453.7,6434,36.33,1.018
R7122,elm,59057.7,77053.1,6709.1,-192.1,0.942
R7123,elm,59412.7,77432.3,6755.9,-240.82,0.901
R7124,pine,60783.6,77599,7051.9,-256.4,1.034
R7125,elm,61361.1,77563.2,6688.8,-226.4,1.188
R7126,pine,62131.4,76954.3,7279.7,57.07,1.159
R7127,elm,62807.9,77324.8,6750.6,-136.01,0.81
R7128,pine,63222.4,77060.9,7084.6,-55.61,1.094
R7129,pine,68672.4,77264.2,6430.4,-134.58,0.96
R7130,elm,69174.4,76997.4,5849.3,-154.2,1.086
R7131,elm,71733.2,77383,6944.2,-11.73,0.885
R7132,pine,72257.5,77543.7,7190.6,88.4,1.092
R7133,pine,72822.5,77073.1,7544.1,64.3,1.103
R7134,pine,73725.1,77458.2,7611.2,47.93,1.082
R7135,pine,74988,77447.9,6896,-120.68,0.805
R7136,pine,75567.6,77159.6,6506.6,-212.11,1.161
R7137,elm,76289.1,77215.6,6154.2,-181.72,1.082
R7138,poplar,77197.5,77506.9,6260.5,-9.6,0.888
R7139,pine,78343.4,77122.2,6375.9,51.64,1.236
R7140,pine,78444.4,76816.2,6387.3,-89.21,0.917
R7141,pine,-78786.4,78096.8,8177.5,-134.32,1.164
R7142,pine,-78152.4,77888.1,8180.6,-248.99,1.221
R7143,pine,-76944.4,78080.9,8618.5,-207.02,0.812
R7144,pine,-73242.4,78327.2,8404.4,-145.92,0.921
R7145,pine,-72586.7,77981.2,8088.9,-199.91,0.859
R7146,pine,-71338.1,78324.1,8607.7,-194.92,1.24
R7147,pine,-71026.8,77926.5,8143.1,-257.83,0.826
R7148,pine,-69702.5,78084.5,8646.2,-74.58,0.863
R7149,pine,-68932.1,78378.5,8238.5,-74.32,0.9
R7150,pine,-68509.8,77821.9,7938.5,89.44,0.875
R7151,pine,-67591.9,77673.6,7807.6,-25.79,0.995
R7152,pine,-67171,78229.3,8205.3,-228.65,1.238
R7153,pine,-65064.3,78244.2,7434.7,4.52,1.169
R7154,pine,-63972.4,77940.2,7240.9,-142.05,0.86
R7155,pine,-63122.2,77727.6,7077.8,-199.19,0.968
R7156,elm,-62206.6,77852.5,6782.7,-64.12,0.965
R7157,pine,-60948.7,77689,6645,-147.59,1.096
R7158,pine,-60080.8,78359.6,7473.3,-136.82,0.952
R7159,pine,-59582.3,77719.7,7384.9,-140.03,0.859
R7160,pine,-58558,77821.5,6849.9,-30,1.006
R7161,pine,-57810.7,78299.1,7324.9,-112.85,1.066
R7162,pine,-56808.2,77685.1,7495.9,-114.03,1.118
R7163,pine,-56425.2,78390.4,8262.8,-94.22,1.134
R7164,pine,-55270.1,78357.4,7874.6,-56.03,1.238
R7165,pine,-55108.5,77720.2,7586.4,-141.38,0.835
R7166,pine,-52032,77743.1,7693.7,-19.83,0.907
R7167,pine,-51424.4,78307.7,7437.1,-201.82,1.231
R7168,pine,-48143.7,78304.4,8080.7,-11.95,0.895
R7169,pine,-46633,78179,7846.6,17.46,0.827
R7170,pine,-46358.4,77784.2,8268.4,-182.88,1.056
R7171,pine,-44884.3,77610.5,8735.4,2.49,1.066
R7172,pine,-43294.8,78092.9,8071.6,50.11,0.95
R7173,pine,-41447.7,77707,7898.4,-268.08,0.876
R7174,pine,-40721.8,77822,8310.8,89.82,1.072
R7175,pine,-39291.5,77917.6,7805.1,-85.99,1.249
R7176,pine,-38716.4,78091.5,8088.7,-175.71,1.014
R7177,pine,-38249.6,77901.9,8359.8,-13.27,0.825
R7178,pine,-37402.2,78130.9,8999.7,-82.01,0.937
R7179,pine,-36515.9,78195.4,8854.4,-90.49,1.206
R7180,pine,-35718.5,78311.3,8446.4,-140.51,1.002
R7181,pine,-34720.2,77966.9,7961,-12.29,0.862
R7182,pine,-33926.4,77884.8,8046.1,-10.07,1.195
R7183,pine,-33539.4,77856.8,8220.2,-85.46,1.006
R7184,pine,-31954.4,78274.3,8417.5,-65.51,0.844
R7185,pine,-31055.1,77716.4,7996,-105.98,0.852
R7186,pine,-30194.5,77615.9,7775.6,-131.5,1.157
R7187,pine,-28978.1,78039.6,7458.6,-78.75,0.807
R7188,pine,-28543.4,77826.3,7244.2,20.11,1.043
R7189,pine,-27726.4,78361.1,7639.9,-46.74,0.804
R7190,pine,-26698,78023.4,7425.3,-169.82,1.16
R7191,pine,-26373.4,77734.4,7481.4,-264.61,0.979
R7192,pine,-25428.7,77694.4,7430.5,-81.11,1.051
R7193,pine,-24252,78299,7784,-205.94,1.015
R7194,pine,-23917.4,78030.1,7540.2,-197.22,0.877
R7195,pine,-22697.1,77917.5,7181.9,-44.52,0.893
R7196,pine,-21745.4,77755.1,7355.6,-71.53,1.145
R7197,pine,-21147.2,77731.6,7454.8,-137.36,1.128
R7198,pine,-20044.2,77995.3,8302.9,33.28,1.003
R7199,pine,-19293.2,78337,8942.9,-254.71,1.116
R7200,pine,-17751.9,77962.4,8205.3,-139.34,1.027
R7201,pine,-11392.5,77838.9,7611,-144.77,1.098
R7202,pine,-10000,78265.1,7046.5,-144.55,0.919
R7203,poplar,-8979.1,77861.9,6679.2,-142.38,1.078
R7204,pine,-8719.2,77626.6,6678.9,-10.51,0.815
R7205,poplar,-7541.1,78027.6,6908.9,12.97,0.803
R7206,pine,-2016.9,77700.8,7234,-134.83,1.173
R7207,pine,-1577.8,77908.5,7853.5,-77.94,1.146
R7208,pine,-766.4,77622.8,7673.6,46.43,1.122
R7209,pine,792.8,78076.6,7342.9,81.99,1.138
R7210,pine,1415.8,78209.2,7122,-166.83,0.946
R7211,pine,2142.1,77799.2,6890.5,56.21,0.828
R7212,pine,4649.1,77900,6491.7,71.54,1.085
R7213,pine,4974.3,77633,6434.2,-261.32,0.858
R7214,pine,5723.3,78232.8,6732.2,-213.96,1.204
R7215,elm,6978.9,77896.3,6273.7,-46.19,0.838
R7216,elm,7873.2,78055.5,6544.3,-177.99,1.181
R7217,pine,8263.9,77689.8,6223,-225.47,1.033
R7218,elm,9392.1,77770.7,6851.1,-157.14,1.021
R7219,pine,9667.2,77971.5,7205,32.54,0.91
R7220,pine,10726.7,78238.7,7834.8,-69.47,0.937
R7221,pine,11263,78321.1,8111.8,-59.1,0.879
R7222,pine,21516,78130.8,6705.4,-80.85,1.149
R7223,pine,22646.3,78305.6,7056,-37.07,1.214
R7224,pine,23775.7,78211.4,6891.6,-68.03,1.038
R7225,pine,24480,77616.2,6893.8,32.7,0.971
R7226,pine,25512.8,77899.3,7602.2,-44.22,1.087
R7227,pine,25858.8,77613.8,7982,-56.15,0.97
R7228,pine,26716.4,78067.5,8064.8,72.91,1.03
R7229,pine,27274,78154.5,7769.6,2.5,0.89
R7230,pine,28718.1,77988.4,7229.1,75.34,1.223
R7231,pine,28858.9,77807.4,7169,-129.97,1.166
R7232,pine,29966.6,78282.3,7364.4,-185.13,0.894
R7233,pine,30906.9,78042.9,7060.8,0.86,0.857
R7234,pine,31612.2,78141.4,7115,-184.2,0.838
R7235,pine,32509.4,78299,7055.1,-172.78,1.07
R7236,pine,33575.5,78127.6,7030.1,25.73,1.133
R7237,poplar,34270.9,78045.8,6930.3,-220.11,0.995
R7238,elm,35158.4,78286.6,6796.3,40.82,1.054
R7239,pine,35730.3,77814.7,6629.8,-225.66,1.145
R7240,pine,37905.6,77745.4,6694.9,-33.08,0.898
R7241,pine,38643.6,77969.7,7417.9,36.94,1.235
R7242,pine,39475.4,78392.3,7703.5,9.74,0.976
R7243,pine,40326.5,78335.9,8061.2,4.84,1.102
R7244,pine,41026.3,77757.2,8608,-72.89,0.902
R7245,pine,46295.6,77772.1,7053,-91.85,1.205
R7246,elm,46863.7,78254.5,6737.2,-46.07,1.249
R7247,pine,51501.4,78143.1,6783.9,-85.42,1.159
R7248,pine,53278.3,78128.2,7678.9,17.62,0.941
R7249,pine,53931,78394.3,8403.7,37.96,1.227
R7250,pine,54921.1,77976.7,8702.4,-155.16,0.928
R7251,pine,55388.8,78368,8188.3,-6.63,1.058
R7252,pine,56452.9,78057.5,7370.8,-76.4,1.109
R7253,pine,57444.2,77756.7,6653.5,77.99,1.214
R7254,elm,58132,78221.9,6143.8,-117.4,0.81
R7255,pine,59066.4,78003.1,6443,-60.93,0.974
R7256,elm,59619.3,78130.6,6815.3,-260.43,1.045
R7257,elm,60122.5,77655.7,6868.3,-53.74,0.967
R7258,elm,61508.4,78327.9,6322.6,-209.24,1.041
R7259,pine,62187.3,78367.9,5996.4,-31.84,1.201
R7260,pine,62665.6,77679,6487.2,82.01,0.868
R7261,elm,63464.8,77886.1,6362.6,35.57,0.874
R7262,pine,64695.8,78023,7036.4,-74.97,0.844
R7263,pine,65412.6,78376.1,7263.8,-238.97,0.888
R7264,pine,66118.1,78185.8,7349.5,-104.46,0.996
R7265,pine,66892,78322.3,7310.5,65.99,1.034
R7266,pine,68518.4,78271.9,7283.4,-35.98,1.233
R7267,pine,73301.9,77696.1,7427.9,-199.93,1.199
R7268,pine,74393.7,77826,7186.5,-268.4,0.985
R7269,elm,74817.9,78150.1,6874.1,-183.12,0.956
R7270,elm,75556.3,77804.4,6557.3,1.09,0.903
R7271,elm,76415,77729.8,6164.8,-172.34,1.169
R7272,elm,76964.4,78142.4,6477.6,82.32,0.941
R7273,pine,77719.7,77784,6301.1,24.3,0.938
R7274,elm,78745,78081.6,6752,38.17,1.172
R7275,pine,-78766.6,78744.3,7764.3,-42.29,1.02
R7276,pine,-78396.3,78768.9,7577.8,-175.99,0.979
R7277,pine,-77031,78962.8,7572.6,-268.83,1.066
R7278,pine,-73091.4,78774.1,8536.9,-23.21,0.802
R7279,pine,-71284.3,78639.6,8720.9,-3.75,1.063
R7280,pine,-70587.8,79190.1,9393.7,29.12,1.173
R7281,pine,-68991.3,78688.6,8446.5,86.89,1.082
R7282,pine,-67627.2,78633,8157,-140.62,0.989
R7283,pine,-65823.6,79105.6,8014.7,-175.82,0.818
R7284,pine,-65433.7,78458.9,7559.1,8.5,0.914
R7285,pine,-64601.6,78467.8,7502.3,-240.57,1.194
R7286,pine,-63617.6,78945.5,7358.4,0.93,0.986
R7287,pine,-62567.2,78652.1,7124.5,-205.27,1.096
R7288,elm,-62318.4,78446,6998.9,-160.88,1.116
R7289,pine,-61490.9,78813.1,6946.8,-241.37,0.908
R7290,pine,-59364.9,78938,7065.7,-52.51,1.124
R7291,pine,-58991.8,78651.1,7045.9,-129.55,1.122
R7292,pine,-57778.1,78692.7,7589.3,39.17,1.141
R7293,pine,-57260.2,78611.1,7915.1,27.28,0.814
R7294,pine,-56085.8,78728.8,8247.8,14.89,1.197
R7295,pine,-55742.5,79098.1,8287.5,-90.64,1.193
R7296,pine,-54622.3,78932.7,7773.8,13.13,1.128
R7297,pine,-51669.9,78703.2,7108.6,-76.52,1.158
R7298,pine,-50456,78921.2,7445.4,47.95,0.829
R7299,pine,-50144.2,79087.7,7533.6,-132.11,1.183
R7300,pine,-48865.3,79104.2,7383.4,82.53,1.101
R7301,pine,-48349.8,78690.6,7715.7,-245.42,1.202
R7302,pine,-47878.3,78494.2,7639.4,-170.66,1.208
R7303,pine,-47100.8,78911.4,7261.5,-200.52,1.177
R7304,pine,-45869.3,78711.8,7751.2,-162.52,1.082
R7305,pine,-45444,78996.7,7758.8,43.18,0.898
R7306,pine,-43799.8,78639,8471.5,35.88,0.978
R7307,pine,-41758.2,79106.9,8332.6,86.27,1.067
R7308,pine,-40107.5,78981.9,8487.9,-110.08,0.914
R7309,pine,-39142.9,78626.4,8249.7,-266.54,1.121
R7310,pine,-37830.3,78454,8766.6,73.62,1.243
R7311,pine,-37413.2,78808.8,9145.8,-61.64,1.137
R7312,pine,-36557.3,78561.7,9431.5,-165.93,1.16
R7313,pine,-35882.8,78693.2,9173.3,-254.28,0.81
R7314,pine,-35022.7,79002.2,8712.1,-38.81,0.951
R7315,pine,-34181.9,79107.6,8710.9,2.32,1.107
R7316,pine,-33188.9,78535.3,8608,-34.19,1.061
R7317,pine,-32359.9,78807.3,8305.2,-177.98,0.889
R7318,pine,-31616.7,79034.1,8234.8,-144.53,1.146
R7319,pine,-30595,79191.3,7667.7,-53.45,0.962
R7320,pine,-29750.2,78967.7,7700.9,59.94,1.055
R7321,pine,-29579.2,78811.8,7721.3,-247.15,1.018
R7322,pine,-28523.2,78409.9,7701.9,30.93,0.936
R7323,pine,-27447.9,78441.5,7735.6,-205.15,1.07
R7324,pine,-27115.1,78645.1,7797.4,17.93,0.996
R7325,pine,-25641.1,79021.6,7907,43.55,0.932
R7326,pine,-25373.4,79061.2,7861.5,-30.77,1.021
R7327,pine,-24131.8,78845.9,7972.8,66.61,0.861
R7328,pine,-23932.4,79173.3,8124.3,-115.82,1.039
R7329,pine,-22835.7,78956.4,7803.6,-212.81,0.838
R7330,pine,-20849.3,78837.8,8357.1,-236.51,1.004
R7331,pine,-18586.6,78568.6,9075.1,47.55,0.99
R7332,pine,-17056.5,78891.9,7678.6,-150.91,1.008
R7333,pine,-11813.3,78657,7163.2,-91.09,1.152
R7334,pine,-11124.4,78914.3,7125.4,-166.82,0.945
R7335,pine,-1756.4,79159.5,7666,-168.94,0.862
R7336,pine,-132.6,78737.7,7426.4,-150.96,1.067
R7337,pine,354.1,78570.4,7203.6,67.31,0.976
R7338,pine,841.5,78848.3,7101.4,-206.82,0.949
R7339,pine,1833.7,78663.8,7268.9,-113.25,1.071
R7340,pine,2541.3,79157.5,7314.5,-258.22,1.121
R7341,pine,3490.2,79123.7,6878.2,66.87,0.925
R7342,pine,4646.2,78597.2,6699.9,-218.62,0.976
R7343,pine,5195.6,78782.3,6854.9,-2.41,1.208
R7344,pine,5606.7,79190.6,7008.5,-195.08,1.145
R7345,pine,7106,79082.7,7094.2,-232.48,0.898
R7346,elm,7860.7,78820.4,6985.8,-146.24,1.107
R7347,pine,8626.4,78493.6,6971.2,-228.64,1.007
R7348,pine,8913.9,78903.4,7327.2,72.15,0.911
R7349,pine,9805,78503.2,7447.8,-144.85,1.062
R7350,poplar,18300.1,79121.1,6340.6,-178.44,0.901
R7351,pine,20590.3,78417.8,6272.4,-238.03,1.127
R7352,pine,22682.3,78940.6,7031.8,-77.22,1.131
R7353,pine,24699.7,78860.6,7132.6,-76.24,1.237
R7354,pine,25289.4,78998.2,7601.1,66.58,0.937
R7355,pine,26389.9,78747.4,8563.1,64.53,0.832
R7356,pine,29201.5,79054,7601.7,-200.76,1.207
R7357,pine,29733.9,78420.7,7307.1,-166.3,1.1
R7358,pine,30499.8,78586.1,7104.5,-146.49,1.031
R7359,pine,31977.5,78440.7,7100.8,-142.49,1.205
R7360,elm,32340.7,79167.3,6986.1,-254.92,0.969
R7361,pine,33449,78506.3,7222.7,-152.01,1.243
R7362,pine,34209.4,78747.3,7210.9,-236.14,0.901
R7363,pine,34642.8,78449.1,7064.8,-95.36,1.196
R7364,pine,35969.6,79070.8,6787,-116.69,0.919
R7365,pine,36034.4,78826.3,6867.3,-169.24,0.983
R7366,elm,37146.3,78992,6632.5,-220.85,1.139
R7367,pine,37604.1,78909.8,6636.1,-55.75,1.083
R7368,pine,38840.9,79098.1,7235,-44.49,0.947
R7369,pine,39314.9,79072.4,7446.3,66.75,1.224
R7370,pine,43152.6,78672.9,8781.4,-195.17,0.993
R7371,pine,43802.3,78994.6,8548.6,45.55,1.206
R7372,pine,46711.1,78555.7,6793.4,-252.76,0.866
R7373,pine,47867.6,79176.1,6788.7,-166.84,1.083
R7374,elm,52238.7,78679.4,6886.4,-91.38,0.816
R7375,pine,53507.2,78502.5,8071.3,-12.77,1.201
R7376,pine,53746.5,79051.2,8430.9,-138.75,1.135
R7377,pine,55121.7,78770.3,8416.8,-12.8,1.24
R7378,pine,55859.5,78511.4,7683.5,74.18,0.92
R7379,pine,56393.4,78446.4,7430.7,-3.27,1.114
R7380,poplar,57297.5,78614.3,6477.9,-261.71,1.103
R7381,elm,58183.3,78925.2,6200.3,-261.12,0.924
R7382,poplar,59103.4,78464.8,6443.6,-17.86,1.055
R7383,elm,59380.5,78687.2,6828.4,-109.09,1.165
R7384,pine,60356.4,78432.3,6909.1,13.71,0.899
R7385,pine,60856.1,78930.5,6318.7,-58.7,0.937
R7386,pine,61695.2,78895.6,6029,-37.34,0.969
R7387,elm,62513.3,78942,5909.3,-204.8,0.93
R7388,pine,63476.7,79079.9,6563.5,-218.4,0.928
R7389,pine,64672,78794.3,6729.8,-129.41,1.183
R7390,pine,65198.7,78461.1,7217.4,-151.74,0.95
R7391,pine,65983.5,79185,7482.3,51.73,1.106
R7392,pine,66942,78968.2,7664,-101.41,1
R7393,pine,68490.8,78856.6,7616.9,74.05,1.077
R7394,pine,69580.9,78406.2,7406.3,-1.34,1.044
R7395,pine,70315.6,78695.3,7953.4,-103.83,1.16
R7396,pine,71546.6,78679.2,8070.2,28.46,1.192
R7397,pine,72590.1,78421.6,7295.5,-52.48,1.201
R7398,pine,73421.8,78970.6,7285.3,-161.66,1.012
R7399,pine,73619.4,78878.4,7264.4,-231.89,0.843
R7400,pine,74857.6,78715.4,6964.2,-171.11,0.901
R7401,poplar,75802.6,78508,6673.1,60.89,0.848
R7402,poplar,76701.9,78959.2,6610.5,-131.46,1.242
R7403,poplar,77250.5,79191.8,6768.6,-3.32,0.832
R7404,elm,77854,78595.6,6620.3,-98.62,0.882
R7405,elm,78749.1,78453.6,6834,-82.69,0.804
R7406,elm,79527.9,78690.5,6541.6,-238.53,1.213
R7407,pine,-75730.2,79431.7,7840.2,-190.3,0.906
R7408,pine,-73616.4,79362.4,8733.9,-40.67,0.994
R7409,pine,-73058.6,79443.4,8894.5,-27.36,1.233
R7410,pine,-70513.7,79353.6,9512.8,-173.01,0.888
R7411,pine,-66829.3,79490.2,8649.2,86.69,1.06
R7412,pine,-66240.9,79438.1,8223.5,-198.24,0.962
R7413,pine,-64430.9,79516.1,7480,-85.58,1.201
R7414,pine,-62489.4,79591.1,7603.7,-34.38,0.959
R7415,pine,-62288.5,79507.6,7571.9,-206.3,1.011
R7416,pine,-60888,79283.8,7430.9,-131.56,1.21
R7417,pine,-59195.9,79288.8,7154.8,-265.44,0.814
R7418,pine,-57947.2,79425.6,8053.2,-118.63,0.85
R7419,pine,-57190,79403.9,8403.6,-144.68,1.055
R7420,pine,-55143.3,79489.8,8433.9,-159.93,1.14
R7421,pine,-52550.3,79206.9,6918,77.22,1.048
R7422,pine,-51390,79582.9,7084.3,-197.64,0.885
R7423,pine,-47061.6,79563.3,6880,-168.77,1.068
R7424,pine,-43322.6,79303.7,8783.4,-24.02,0.848
R7425,pine,-33985.2,79477.7,8855.1,-58.05,1.246
R7426,pine,-31699.5,79590.9,8023.8,3.57,0.969
R7427,pine,-30475.8,79486.6,7609.4,-221.34,1.143
R7428,pine,-30351.5,79515.7,7533.7,-164.62,0.942
R7429,pine,-27969,79234.8,7933.3,-29.68,0.996
R7430,pine,-26195.2,79212.3,8013.7,-49.03,1.151
R7431,pine,-25200.3,79556.8,8195.2,-69.85,1.226
R7432,pine,-24475.1,79232.9,8197.6,-214.06,1.076
R7433,pine,-23428.1,79437.6,7949.4,-211.26,1.125
R7434,pine,-21877.5,79449.2,8314.5,-154.74,1.051
R7435,pine,-9670.2,79451,6306,3.74,0.981
R7436,pine,-2030,79259.5,7559.2,48.5,0.992
R7437,pine,-663.7,79563.1,7523.1,54.62,0.96
R7438,pine,1367.5,79462,7033.3,-244.74,0.946
R7439,pine,2375.6,79498.1,7477.7,-47.5,1.066
R7440,pine,3962.3,79443.8,7119.3,-64.74,0.91
R7441,pine,4582.8,79598.9,7011.4,64.05,1.034
R7442,elm,4907.6,79241.2,6945.2,-89.37,0.993
R7443,pine,8678.9,79438.6,7458.4,-234.4,0.843
R7444,pine,9273.5,79580.9,7706.7,-75.92,1.177
R7445,pine,10334.6,79505.7,7988.7,77.12,1.012
R7446,pine,29702.3,79338,7449.1,-218.14,1.024
R7447,pine,33599.2,79202.6,6954.3,-255.28,1.219
R7448,pine,34075.9,79238,7054.3,-171.36,0.995
R7449,pine,34585.3,79401.6,6939.8,-117.69,1.131
R7450,pine,38510.1,79366.4,7179.1,-186.87,1.037
R7451,pine,40966.7,79506.2,8528.3,-160.16,1.222
R7452,pine,47037.9,79543.2,7202.8,-227.25,1.018
R7453,pine,50706.3,79279.9,6455.5,-17.33,0.866
R7454,elm,52280.3,79284.3,6932.9,-240.39,1.101
R7455,pine,54524.1,79231.1,8712.3,-267.13,1.112
R7456,pine,57466.5,79293.9,6402.6,-49.26,1.139
R7457,elm,58999.1,79257.6,6599.5,1.5,0.949
R7458,pine,60504.2,79317.4,6607.3,-258.14,1.017
R7459,elm,62067.1,79517.4,6239.2,-204.2,0.829
R7460,poplar,62403,79483.1,6079.4,-190.37,1.065
R7461,pine,65483.8,79282.7,7076.4,-40.73,1.073
R7462,pine,73574.9,79288,7410.6,1.58,1.067
R7463,pine,74347.3,79226.5,7431.5,-76.28,1.043
R7464,pine,75077.5,79276.5,7387.9,-118.97,1.131
R7465,pine,75387,79248.7,7188,-71.25,0.987
R7466,elm,77645.8,79451.3,6928.2,36.07,1.057
R7467,pine,-76231.9,-79196.4,5056,47.01,0.885
R7468,poplar,-68146.4,-77800.1,3030.3,-32.48,0.999
R7469,poplar,-59721.3,-77523.3,3447.2,77.74,0.834
R7470,poplar,-42171.8,-79400.6,3838.6,1.22,0.983
R7471,elm,-34006.4,-78262.1,3725.4,-148.28,1.059
R7472,elm,-31304.5,-78154,3956.9,-229.14,1.099
R7473,jujube,-24413.6,-79141.8,3803.1,44.1,0.907
R7474,elm,-20193.3,-77785.4,3560.1,-147.88,1.048
R7475,pine,-15815.6,-79377.8,3794.2,-191.21,1.14
R7476,poplar,-9205.9,-79330.8,4294.7,84.69,0.96
R7477,pine,-6089.5,-79248.4,3758.2,-202.99,1.139
R7478,poplar,2502.9,-78640.2,4711.7,-254.83,1.149
R7479,poplar,10225.1,-79073.6,4586.6,63.87,1.028
R7480,elm,35257,-78442.7,4045.1,-241.93,0.843
R7481,elm,45178,-78720.2,4421.3,-224.35,0.971
R7482,jujube,49381.7,-78256.6,3888.7,-150.95,1.042
R7483,jujube,50375.7,-78228.2,3588,-260.53,0.856
R7484,poplar,73062.7,-77484,3828.8,89.18,1.028
R7485,jujube,76504.1,-79013.1,4961.8,-39.03,0.976
R7486,elm,79329.9,-79211.7,5014.3,-209.99,0.866
R7487,poplar,-67932,-76322.2,3188.5,-57.05,1.084
R7488,jujube,-62945.5,-77197.2,3972.7,-14.53,0.857
R7489,poplar,-56741.1,-75617.7,3724.8,-65.92,0.941
R7490,pine,-49492.1,-75633.1,4833.3,-158.63,0.917
R7491,jujube,-41714.6,-76244.5,3857.8,-53.16,1.029
R7492,pine,-35853.5,-76490.5,3403.9,68.24,0.814
R7493,poplar,-24004.7,-77301.3,3668,45.36,0.906
R7494,poplar,-10899.7,-76744.6,4012.3,-59.23,0.968
R7495,jujube,-8975.6,-76503.8,3895,-113.68,1.113
R7496,elm,453.4,-75071.7,4779.1,-7.09,0.855
R7497,elm,24776.6,-75867,4588.3,-171.5,1.001
R7498,poplar,39371.3,-75457.5,3864.6,25.95,1.108
R7499,poplar,55922.6,-76662.2,4036,-187.95,1.067
R7500,jujube,58247.4,-75602.3,3739.2,9.18,0.981
R7501,pine,66147.1,-77344.5,3554.1,-6.04,1.036
R7502,pine,75736.7,-75976.9,4356.9,-72.3,1.148
R7503,elm,-79463.8,-72670.8,4046.2,-168.71,0.915
R7504,elm,-66081.9,-72754.8,3412,-2.31,0.988
R7505,poplar,-60914.4,-74225.9,3410.8,36.91,1.15
R7506,jujube,-55569.6,-73980.3,3905.9,-183.31,0.963
R7507,poplar,-30412.5,-72249.2,3182,-76.69,0.994
R7508,pine,-22813.8,-73567.1,2934.1,-127.45,1.107
R7509,elm,-3471.3,-73424.9,4102.7,76.37,0.887
R7510,pine,697.2,-73299.1,4402.1,-134.66,0.856
R7511,elm,4022.3,-72539,3795.2,-34.47,1.023
R7512,poplar,7143.4,-73952.9,3699.9,-107.45,1.12
R7513,pine,18572.8,-72983.3,4084.6,-247.7,1.115
R7514,elm,54932,-72653.4,3438.6,-44.32,0.946
R7515,elm,65322.8,-72465.9,2644.9,-246.02,0.901
R7516,pine,69092.4,-72751.5,3034.1,-139.77,0.805
R7517,elm,73308.3,-74139.7,3530,-42.1,0.83
R7518,pine,-77488.9,-70952.7,3819.3,-187.13,1.072
R7519,pine,-71101,-70829.7,4734.9,-82.2,1.097
R7520,elm,-54363.6,-71766.3,3689.4,-49.64,0.985
R7521,pine,-50150.3,-70304.5,4169.6,79.65,0.919
R7522,elm,-33546.9,-70706.9,3442.1,-231.53,0.975
R7523,poplar,-21008,-71432.2,3389.1,60.71,0.926
R7524,poplar,16741.5,-69903,2847.9,-36.06,0.811
R7525,elm,22360.8,-69877.9,3773.5,-114.01,0.974
R7526,poplar,28254.6,-70934.1,4059.3,41.49,0.975
R7527,elm,54462.5,-71179.2,3079.9,-28.55,0.911
R7528,jujube,59229.6,-70903.9,2797.4,-44.24,0.893
R7529,elm,-77610.9,-68486.2,4088,-56.54,1.091
R7530,poplar,-66254.5,-67119.7,3151.5,-55.46,0.917
R7531,jujube,-62481.3,-67772.1,2609.4,-104.19,1.146
R7532,poplar,-56888.9,-69144.8,3008.7,-57.67,0.841
R7533,jujube,-55797.1,-68465.5,2850.6,-252.12,1.034
R7534,poplar,-49844.3,-67196.7,3921.9,50.63,1.049
R7535,jujube,-41444.4,-68567.6,2785.2,-92.36,0.87
R7536,jujube,-22116,-68490.6,3722.9,-202.63,0.991
R7537,elm,-16543,-68814,2905.4,-201.96,0.877
R7538,elm,-14743.8,-67950.1,2734.7,-162.46,1.117
R7539,poplar,11060.6,-67291.5,2622.3,-89.28,1.085
R7540,pine,24134.4,-68538.1,3471.1,-52.48,0.894
R7541,poplar,47658.7,-67101.5,2975.6,47.65,0.857
R7542,poplar,60012.1,-68116.4,2630.1,88.6,1.09
R7543,elm,67099.3,-68177.3,2863.7,-61.88,1.03
R7544,pine,72397.1,-67332.4,5114.5,-254.38,1.031
R7545,jujube,-74213.4,-66376.5,4689.5,-23.1,0.884
R7546,pine,-53083.9,-65816.3,2638.4,80.5,1.114
R7547,elm,-46348.3,-64454.2,2944,-134.92,0.875
R7548,jujube,-31747.7,-64568.6,1817,-45.04,1.114
R7549,poplar,-7604.9,-64502.4,1807.9,-9.8,0.934
R7550,pine,159.5,-66833.5,2474.9,-78.71,1.083
R7551,poplar,14229.8,-66664,2779.4,-162.44,1.088
R7552,poplar,23927.6,-64934.8,2684,-27.48,1.006
R7553,jujube,29005.8,-66245.4,2920.7,-175.46,0.848
R7554,elm,30788.9,-65525.3,2799.3,-254.47,0.944
R7555,jujube,41121.9,-65925,2750,79.77,0.839
R7556,elm,51717.1,-65386.9,2574.1,-108.61,0.841
R7557,poplar,60063.8,-65861.2,2205.5,-103.79,1.07
R7558,elm,60776.1,-64897.3,2189.2,89.65,0.995
R7559,pine,74870.1,-65828.7,4771.4,70.59,0.817
R7560,elm,78723.7,-65341.9,5612.4,-75.96,0.923
R7561,jujube,-77876.7,-63744.3,5922.6,43.2,1.136
R7562,pine,-76185,-63972.9,6142.9,-251.67,1.15
R7563,jujube,-69666.3,-62073.5,4742,12.07,0.879
R7564,poplar,-50702.6,-64177.1,2647.5,35.94,1.117
R7565,poplar,-38593.8,-62240.4,1994.8,73.62,0.994
R7566,poplar,-33714.5,-64057.3,1410.2,-125.05,0.946
R7567,elm,559.7,-64016.8,1746.6,-162.33,0.968
R7568,poplar,1576.8,-62813.2,1818.8,-39.68,1.017
R7569,poplar,5534.6,-61974.9,2410,-214.06,0.897
R7570,poplar,11557,-61846.7,2188.4,-266.62,1.144
R7571,elm,14303.6,-63569.8,2087,-59.67,0.996
R7572,poplar,23693.9,-63725.9,2436.6,20.83,0.919
R7573,pine,26596.2,-63528.6,2543.3,34.25,1.103
R7574,elm,37624.8,-63189.8,2641,54.74,0.997
R7575,poplar,45663.3,-63645.6,3092.4,-171.9,0.813
R7576,elm,50605.8,-62000.5,2413.4,-71.94,0.927
R7577,elm,64711.2,-63088.7,2113,35.14,1
R7578,poplar,-63357.3,-61358.7,3154.8,-117.45,1.07
R7579,poplar,-60628.2,-60279.8,2146.4,-127.27,1.043
R7580,pine,-37627,-61021.2,1878.6,-14.83,0.972
R7581,pine,-29554.5,-59639.9,2079.4,-55.39,0.904
R7582,pine,-27440.8,-61590.2,2532.4,-236.86,0.968
R7583,elm,6080,-61529.5,2181.3,-232.23,0.817
R7584,poplar,37005.5,-61390.7,2345.2,-9.15,1.142
R7585,elm,48754.3,-59364.3,2286.1,-52.64,1.006
R7586,pine,53900.9,-60838.3,2019.9,-235.19,1.131
R7587,poplar,77876.1,-59837.5,5476.5,-124.08,1.109
R7588,jujube,-79273.5,-58848.6,5353.7,-59.92,1.035
R7589,elm,-72682.8,-56723.2,5058.2,-265.25,1.044
R7590,jujube,-36928.4,-58235.5,1523.5,57.23,0.913
R7591,poplar,-28273.7,-57737.3,1851.5,-208.21,1.025
R7592,elm,-27040.9,-58690.3,2229.1,-268.15,1.002
R7593,pine,-14178.3,-57251,1714.9,-163.57,1.031
R7594,jujube,1800.4,-58688.8,1745.2,22.19,0.835
R7595,jujube,9594.1,-56927.3,1370,-185.64,1.012
R7596,pine,14239.4,-58164.9,1415.4,-192.64,0.968
R7597,poplar,25072.3,-58355.5,2220.1,-153.9,0.878
R7598,poplar,28905.3,-57172.9,2339.6,81.07,0.99
R7599,pine,41016.4,-58932.5,1692.5,-167.16,1.149
R7600,pine,42437.9,-56966.5,1515.2,-33.69,1.015
R7601,poplar,55261.5,-57979.1,1411.6,-135.36,1.006
R7602,pine,58561.2,-58088.1,1342.1,-125.21,1.109
R7603,elm,63914.1,-58072,1562.4,53.2,1.003
R7604,jujube,71820.4,-57936.6,4561.2,-54.5,1.008
R7605,poplar,-58093.8,-55306,1838.9,-139.45,1.146
R7606,poplar,-37320.7,-56032.4,1501.1,-124.59,1.077
R7607,elm,-33910.3,-56408.1,1173.9,-77.86,0.917
R7608,poplar,-25223.7,-54967.1,1643.2,-52.18,1.093
R7609,pine,-17976.2,-54874.9,1711.7,-42.76,0.855
R7610,pine,3579.4,-54509.2,1288.3,70.84,1.148
R7611,elm,14401.8,-54189.3,1057.2,-14.28,0.928
R7612,pine,16471.8,-55544.3,1286.8,-116.59,0.819
R7613,jujube,35635.6,-56273.9,1980,57.99,1.085
R7614,pine,38288.3,-55071.4,1557.2,-64.02,1.11
R7615,poplar,40154.2,-56427.5,1456.6,-77.38,1.142
R7616,poplar,57553.7,-55078,1037.4,-147.97,0.935
R7617,elm,75169.2,-56496.4,5803.5,-256.93,0.894
R7618,jujube,78508.6,-54299.9,5555.1,46.5,1.105
R7619,jujube,78859.9,-54199.6,5587.4,-40.51,1.02
R7620,elm,-76634.1,-53296.8,5738,-206.89,1.029
R7621,pine,-64743.3,-51945.5,2616.8,-67.09,1.057
R7622,poplar,-63787.5,-52599.2,2466.4,-78.45,1.079
R7623,jujube,-53191.7,-52863.4,1889.7,28.6,0.834
R7624,elm,-49185.4,-53215.1,1597.9,-224.27,1.089
R7625,jujube,-41462.9,-53090.3,1266,-173.98,1.115
R7626,jujube,-39399.4,-53331.5,1382.2,-120.01,0.82
R7627,elm,-34843.4,-53358.9,1210.3,-165.26,1.053
R7628,poplar,7352.2,-51984.4,1250.6,53.41,0.897
R7629,jujube,17840.9,-52094.2,748.5,-14.16,0.975
R7630,pine,34382.5,-53538.5,1894.8,-201.67,0.951
R7631,poplar,37527,-51510.6,1300.3,54.93,0.875
R7632,jujube,41082,-52502.7,1310.9,-256.2,0.933
R7633,pine,60981.1,-52113.2,700,67.86,1.093
R7634,poplar,75441.9,-52909,4573.9,-264.83,1.024
R7635,elm,77930.2,-51732.4,5270.1,-259.81,0.876
R7636,jujube,-75436.5,-50653,5069.8,-133.94,1.031
R7637,poplar,-69111.7,-50778.7,4364.8,-161.64,0.922
R7638,jujube,-32991.2,-49804.5,1183,-52.45,0.917
R7639,elm,-17564.5,-49917.1,1710.9,-68.99,0.982
R7640,jujube,30485,-50747.6,1259.3,-225.91,0.854
R7641,elm,33391.4,-51095.8,1569.3,-221.17,0.817
R7642,pine,38450.8,-48984.7,1065.4,-153.39,0.924
R7643,elm,41615,-48887.8,1289.1,-52.39,0.85
R7644,elm,58082.4,-49721.8,685.6,54.86,1.14
R7645,pine,65328.1,-49532,2495.5,-246.22,0.804
R7646,elm,66149.5,-50387,2408.4,-61.32,1.148
R7647,elm,72570.4,-50031.2,3681.5,-206.49,1.097
R7648,poplar,-75287.2,-47572.9,4597.5,-243.07,0.88
R7649,elm,-74490.7,-46748.2,4550.3,46.55,1.06
R7650,poplar,-38930.7,-47352.7,843.5,13.37,0.808
R7651,poplar,-6357,-48608.4,1711.5,-249.81,0.933
R7652,poplar,-3644,-47659.2,1699.4,74.04,0.909
R7653,elm,5307.1,-48549,1107.4,42.5,1.092
R7654,poplar,7222.7,-46443.9,1196.7,-168.92,0.98
R7655,poplar,17534,-46716.3,855,-234.25,1.089
R7656,poplar,23804.3,-47113,796.1,17.19,1.075
R7657,jujube,33427,-47161.5,1240.8,-185.57,1.074
R7658,poplar,48587.4,-46918.4,1150.2,65.86,0.976
R7659,poplar,54476.9,-48475.6,882.7,-51.96,1.006
R7660,elm,60924.2,-48647.7,1456.8,37.12,1.015
R7661,jujube,70423,-48039.3,2795,-158.58,0.996
R7662,jujube,-72739.3,-45134.3,4562,-269.55,1.008
R7663,poplar,-63279.1,-43712.7,2327.5,77.71,0.956
R7664,elm,-58921.1,-44706.4,1462.7,59.16,0.841
R7665,jujube,-48704.8,-44516.1,1372.7,-80.12,1.115
R7666,jujube,-35022.2,-43637.1,1030.9,-111.17,0.983
R7667,pine,-13973.5,-45355.2,1405.9,58.64,1.126
R7668,pine,-3287.2,-45041.9,1281.5,16.17,0.909
R7669,poplar,6058.6,-46149.8,1291.8,-185.39,0.967
R7670,poplar,9729.4,-45817.8,1056.1,-35.18,0.983
R7671,elm,25261.2,-44189,690.4,-189.19,0.88
R7672,pine,31656.4,-44223.6,940.3,-210.52,0.806
R7673,pine,32939.6,-45261.8,951.8,-33.18,0.89
R7674,elm,38061.3,-44965.5,993.9,-34.25,1.069
R7675,elm,72443,-44599.3,3904.2,19.24,0.954
R7676,poplar,-69822.8,-41194.4,3921.5,-192.26,0.879
R7677,poplar,-56486.3,-42050.8,1573.4,-86.12,1.012
R7678,elm,-50490.2,-41089.7,1104.5,-119.66,1.13
R7679,pine,-39045.3,-42730.3,1036.6,-84.33,1.142
R7680,pine,-18753.3,-42322.8,1307.8,5.17,0.97
R7681,elm,-226.8,-42283,1214.6,44.74,0.851
R7682,poplar,9039.2,-41639.5,1142.1,62.89,0.872
R7683,pine,18083.3,-42389.2,884.3,-200.78,1.138
R7684,elm,26197.1,-43472.5,670.1,74.19,1.061
R7685,pine,33227.7,-41185.3,752.2,-175.7,0.815
R7686,elm,41534.5,-43527.3,1290.6,86.12,1.045
R7687,elm,45149.6,-43137.5,1261.9,-149.47,0.895
R7688,elm,51677.6,-43489,1000.2,-154.29,0.986
R7689,poplar,64897.8,-43122.1,1784.2,-242.32,1.087
R7690,poplar,71515.2,-43059.6,4195.7,-31.93,0.801
R7691,elm,77957,-41636.5,4568.2,-232,1.074
R7692,poplar,-61640.9,-39157.7,3243.8,80.76,1.122
R7693,poplar,-54624.5,-40035,1367.5,60.14,1.023
R7694,elm,-45697.3,-38497.5,849.9,-210.72,0.955
R7695,elm,-14938.2,-39113.6,1181.3,8.18,1.085
R7696,elm,-11293.6,-38608.4,1317.8,-205.16,1.043
R7697,jujube,-5226.8,-38858.4,1434,72.4,0.833
R7698,jujube,2145,-40816.4,1345.9,-112.2,1.07
R7699,poplar,4440.5,-40578.5,1219,-18.41,0.852
R7700,jujube,19939.5,-39817.9,704.4,-106.8,0.897
R7701,elm,33531.9,-38532.7,772.7,-67.92,0.928
R7702,jujube,60078.7,-38767.9,1038.5,-122.49,0.878
R7703,jujube,-75108.1,-38132.8,4729.2,-155.21,0.859
R7704,elm,-65710.3,-35853.2,2976.1,0.07,1.148
R7705,elm,-44881.6,-36488.6,943.7,57.38,0.883
R7706,poplar,-37691.1,-37881.9,1002.3,-52.63,0.966
R7707,elm,-30169.1,-38112.4,1072.3,-134.5,1.005
R7708,pine,-27953.1,-37007.4,1281.5,-97.22,1.126
R7709,pine,-14745.9,-36448,1230.1,-140.58,1.023
R7710,poplar,-10632.5,-35811.9,1322.8,-181.48,0.876
R7711,jujube,1468.8,-36970.7,1445.7,-2.38,0.813
R7712,poplar,4398.3,-36805.8,1333.2,-93.17,1.02
R7713,elm,10346.4,-36225.9,1116.9,-86.61,0.865
R7714,pine,52732.6,-36622.9,880.7,7.02,1.076
R7715,elm,71589,-36439.4,3547.8,-86.66,0.881
R7716,poplar,-55379.1,-35042.4,1325.4,78.37,1.001
R7717,elm,-35752,-34164.8,872.3,-224.01,0.938
R7718,elm,-32727.9,-35450.1,864.7,12.24,0.93
R7719,pine,-20625.3,-33769.7,1242.2,-194.81,0.819
R7720,poplar,-14225.3,-34395,1062.3,-66.85,0.833
R7721,jujube,8149.6,-34364,1209.8,-173.67,1.102
R7722,poplar,10786.5,-35267.5,1151.8,74.96,0.842
R7723,elm,25419.6,-35715.2,747.1,-96.26,0.927
R7724,elm,33698.8,-34311.2,974.2,-38.42,0.948
R7725,pine,47727.9,-33675.7,828,-13.78,0.854
R7726,jujube,54660.3,-33376.4,712.8,25.92,1.027
R7727,jujube,64469.9,-35053.2,2691.8,-11.92,0.859
R7728,elm,65905.8,-33204.5,2639.1,-35.53,0.938
R7729,jujube,69042.6,-33451.3,4201.3,-152.21,0.854
R7730,pine,74657.7,-33638.3,4497.3,-38.25,0.885
R7731,elm,78038.1,-33908.1,4989.7,73.12,0.943
R7732,jujube,78647.6,-35146.2,4933.8,-176.29,0.871
R7733,elm,-78035,-32328,4924,-218.24,1.059
R7734,pine,-71558.2,-31141.4,4040.9,-140.53,1.098
R7735,elm,-59210,-32303.7,2633.6,-61.25,0.984
R7736,elm,-42508.2,-31474.1,797.3,-101.52,0.992
R7737,jujube,-27284.9,-31695.1,1230.6,-62.12,1.14
R7738,poplar,-15659.6,-32928.9,1154.7,76.37,0.809
R7739,poplar,-11935.4,-32013,1264.8,83.85,1.104
R7740,poplar,9396.9,-32513.3,1221.1,72.07,0.854
R7741,poplar,14181.1,-31522.1,883.1,-236.49,1.033
R7742,pine,17431.7,-31101.7,957.7,-143.45,1.032
R7743,elm,19663.6,-31093,952.5,74.28,1.058
R7744,pine,32255.1,-32915,1023.7,45.97,0.919
R7745,elm,37267.5,-31344,1139,-153.92,0.906
R7746,jujube,72312,-32168.2,5314.1,64.4,1.124
R7747,poplar,79396.6,-32438.5,5352.1,-159.8,1.061
R7748,pine,-76686,-28036.5,4958.2,-260.77,0.966
R7749,jujube,-49452,-28880.3,974.1,-153.4,0.892
R7750,pine,-25071.7,-29794.3,1223.3,-98.48,0.951
R7751,elm,-7180.7,-28567.2,1336.6,-68.25,0.8
R7752,elm,3216.8,-28147.3,1195.2,24.35,0.838
R7753,pine,6720.5,-30398.3,1022.4,31.21,1.06
R7754,poplar,12488.5,-30252.3,944.1,-128.06,1.055
R7755,elm,21253.8,-29150.4,956.7,88.98,0.862
R7756,poplar,22397.8,-30187.8,991,-72.99,1.022
R7757,jujube,24348.4,-30183.9,1019.4,-269.22,1.146
R7758,jujube,56592.8,-28848.6,1052.3,-264.14,0.937
R7759,elm,61925.3,-28155.4,1358.4,-82.52,0.904
R7760,pine,-60380,-25754.2,1933.8,-235.38,1.134
R7761,poplar,-56262.3,-26005.6,1315.6,-41.12,0.928
R7762,pine,-52915.7,-27075.4,1203.3,54.67,0.955
R7763,jujube,-33626.7,-27625.2,708.3,61.87,1.137
R7764,jujube,-31278.3,-26627.5,920.9,-18.78,1.06
R7765,elm,-17790.4,-25778.8,524.4,-201.28,1.095
R7766,pine,-8673.1,-27028.4,977,-135.92,0.925
R7767,poplar,3221.5,-26033.2,469.2,58.01,0.969
R7768,elm,7625.3,-26793.3,729.9,-210.23,0.828
R7769,elm,9424.1,-26140.4,549.9,25.23,0.993
R7770,poplar,39537.1,-26238.3,1097.8,-78.67,0.849
R7771,poplar,44109.1,-27604.9,1311,-83.39,0.965
R7772,jujube,47261.8,-27214,1253.5,-81.51,0.999
R7773,poplar,51530,-27567.7,702.9,-244.13,1.075
R7774,pine,75420.2,-26771.9,375.9,-154.44,1.105
R7775,poplar,17835.6,-25141.6,456.8,-37.17,1.111
R7776,pine,23956.2,-25341.8,673.5,-154.97,0.905
R7777,elm,26722.3,-24846.7,532.5,73.39,0.976
R7778,pine,41458,-24910.2,752.8,-20.53,0.958
R7779,elm,-68929.3,-67,3857.3,-137.21,0.806
R7780,elm,-7124.4,-86.1,428.7,83.75,1.033
R7781,poplar,74238,-1003.1,401.5,-146.57,1
R7782,jujube,-74957.4,1590,5892.3,-5.31,0.963
R7783,pine,-74521.3,2105.2,6017.8,2.01,0.808
R7784,elm,-71749.4,2426.8,5028,-105.35,0.918
R7785,pine,-60470.5,2662.1,2166.3,-267.52,1.139
R7786,pine,-12989,2966.5,2342.6,-153.06,1.046
R7787,pine,-12248.1,1347.3,1272.4,-136.8,1.121
R7788,jujube,-2560.1,1917.1,1931.6,-245.72,0.998
R7789,poplar,3788.5,1114.7,980.1,-122.69,0.906
R7790,pine,9950.7,1684.9,1088.3,-9.82,0.803
R7791,jujube,12605.8,972.2,575.9,53.07,0.866
R7792,poplar,43951.5,1764.6,420.8,-266.1,1.027
R7793,elm,44860.6,3012.7,753.1,-126.25,1.029
R7794,poplar,49278.5,1620.3,453.9,28.67,0.902
R7795,pine,54859.8,2755.1,966.3,-156.47,1.068
R7796,elm,55703.6,3028.1,1062.6,-29.91,0.942
R7797,elm,65756,1649.9,2276.4,-208.4,1.149
R7798,jujube,74302.3,3077.2,4579,-199.93,1.03
R7799,jujube,-66062.2,4341.7,4095.4,69.51,0.888
R7800,jujube,-49960.3,4056.7,1416.1,-21.65,1.091
R7801,jujube,-45368.5,3464,1103.7,52.08,1.043
R7802,poplar,-32671.9,4106.8,794.4,-254.66,1.104
R7803,elm,-29327,4465.4,892.9,37.92,0.887
R7804,elm,-18721.8,4394.5,1132.5,-204.82,0.9
R7805,poplar,13322.7,5352.5,2706.7,-149.06,1.017
R7806,elm,37029.7,4499.8,1088.3,0.51,0.815
R7807,elm,40723.3,4376.8,1086.7,51.8,1.043
R7808,poplar,42655.8,4619.8,1212.1,-191.6,0.954
R7809,poplar,54456.1,3842.7,869.7,-125.86,1.101
R7810,elm,56323.6,4667.6,979.7,-149.08,0.856
R7811,jujube,61612.3,5688.1,1312.7,-84.69,1.068
R7812,jujube,65881.5,5747.7,3253.7,-152.54,1.042
R7813,poplar,79477.1,3626.8,4591,16.29,0.982
R7814,pine,-76658,6454.8,6255.1,66.82,1.105
R7815,elm,-57380.1,5841.4,2091,-230.58,0.803
R7816,elm,-38362.2,5967.5,922,-29.49,1.11
R7817,jujube,-26976.7,6067.7,1119.4,-102.97,1.057
R7818,poplar,-21957.1,6092.7,1020.2,9.31,0.837
R7819,poplar,-19713.9,6783.3,1239.3,-47.37,0.893
R7820,elm,-16729.1,6577.5,1974.1,-145.71,0.913
R7821,elm,10381.6,7047.2,2840.5,-137.11,1.114
R7822,elm,21161.7,8043.3,2291.3,-222.75,0.971
R7823,jujube,28391.9,7620.1,1229.1,70.48,0.852
R7824,poplar,29424.6,8329.6,1090.1,77.82,1.046
R7825,pine,34398.2,6827.9,1137.7,67.44,0.861
R7826,elm,58174.1,6278.4,1011.7,-48.68,0.944
R7827,jujube,72166.8,7356.6,4706.3,-253.37,1.098
R7828,elm,-69396.7,10477,4014,-125.34,0.892
R7829,elm,-54054.2,10519.4,1385.3,61.87,0.995
R7830,jujube,-42302.4,10859.6,1076.5,-195.71,0.929
R7831,pine,-9967.9,9558.8,5293.6,29.42,0.877
R7832,poplar,-2829.6,8467.3,4134.2,-244.28,0.961
R7833,poplar,-238.9,9754.5,3103.4,-233.82,1.037
R7834,jujube,20132.1,9975.7,2805.7,-140.2,1.026
R7835,poplar,45090.8,9494.9,881.4,-133.11,1.14
R7836,elm,49339.6,9635,693.5,-28.21,1.122
R7837,pine,60414.8,9424.1,1117.4,60.84,0.912
R7838,poplar,65488.5,9821.7,3392.5,-77.45,0.819
R7839,elm,74861.8,9352.6,4777.4,76.63,0.957
R7840,poplar,-77404.7,12373.7,5370.4,-209.37,0.961
R7841,poplar,-76285.4,11376.4,5583.8,-218.92,0.994
R7842,poplar,-61005.4,11089.9,2354,-213.75,1.111
R7843,elm,-57574.6,13421.3,1999.5,-0.75,0.929
R7844,pine,-56234.6,13571.3,1964.7,29.93,0.995
R7845,pine,-13993,12728.6,3023.2,82.64,1.049
R7846,poplar,-5986,11789.4,4402,7.94,0.868
R7847,pine,10429.9,12925.2,3539.9,56.46,1.136
R7848,poplar,11766.3,12644.9,4299.6,-253.34,0.842
R7849,pine,20771.4,13438.4,2278.6,-268.8,1.089
R7850,elm,23067.1,11436.7,1938.3,-120.75,0.805
R7851,elm,30154.5,12948,1009.4,-184.4,0.879
R7852,poplar,66992,11255.2,3702,-225.38,1.063
R7853,pine,73017.1,11190.9,4065.2,-142.68,1.047
R7854,elm,-71498.6,15598.2,4697.5,46.66,1.003
R7855,jujube,-57887.6,13713.7,2004.4,-84.35,0.898
R7856,poplar,-51254.3,14468.8,1443.6,8.99,1.046
R7857,elm,-36736.5,15549.5,690.7,-25.29,0.892
R7858,poplar,-34615.3,14955,659.1,-246.81,1.086
R7859,elm,-17368.8,14440.8,1503.1,-160.74,0.925
R7860,jujube,-7676.7,14341.9,3940.4,-157.53,1.074
R7861,elm,18326.5,15657.2,2762.1,-215.31,1.07
R7862,jujube,23051.2,16063.7,1439.8,-260.6,1.089
R7863,elm,24062.7,13828.1,1352.7,48.4,0.886
R7864,poplar,47769.7,14607.5,853.1,-96.83,1.033
R7865,elm,61567.1,14206,1418.2,-186.88,0.958
R7866,elm,72472.1,15128.2,3822,-178.82,0.893
R7867,elm,76290.4,14813.7,4193.4,-24.49,0.89
R7868,jujube,-77380.4,18732.4,4355.8,59.19,1.082
R7869,pine,-72080.7,18667.5,4528.5,-129.51,1.092
R7870,poplar,-66746.6,18429.7,3072.8,-134.95,1.112
R7871,pine,-57405.6,17485.2,1999.2,-58.75,0.983
R7872,pine,-38001.4,18624.4,784.9,-238.91,1.096
R7873,pine,-33080.7,18087.9,834.8,-83.1,0.952
R7874,jujube,-28612.9,18458.9,903.3,-184.72,1.021
R7875,pine,-23637.2,17153,1134.5,18.08,0.986
R7876,poplar,-8580.6,17653.1,2611.2,45.74,1.008
R7877,jujube,-6020.8,16439.8,3429.7,-90.29,0.871
R7878,elm,4384.6,18176.9,1690.7,80.85,0.971
R7879,elm,21531.1,16253.1,1827.8,-195.36,0.957
R7880,elm,29419.2,18745.6,913.4,-31.66,1.011
R7881,poplar,32307,18125.9,617.6,-67.69,0.846
R7882,poplar,38932.9,17348,578.6,-210.89,0.988
R7883,poplar,40581.8,18156.3,838.5,-174.98,1.12
R7884,pine,54018.1,16439.9,882,-258.49,0.964
R7885,elm,57880.3,16380.2,985.8,-51.48,1.15
R7886,pine,70745.6,17773.3,4725.3,-42.9,0.89
R7887,poplar,76260.6,18219.1,3798.6,-95.98,0.971
R7888,pine,-67728.4,20737.4,3724.8,-60.23,1.141
R7889,jujube,-49971.6,21076.5,1008.4,71.89,1.009
R7890,poplar,-48336,21079.6,915.9,-237.36,0.866
R7891,elm,-29954.1,20185.9,786.5,-248.26,0.967
R7892,jujube,-27717.3,19847,879.4,-145.98,0.893
R7893,jujube,-15593.6,21074.6,1510.1,-182.13,0.882
R7894,pine,4481.8,18837.5,1558.6,-130.97,1.108
R7895,jujube,6696.1,19124.8,1632.8,-257.46,0.998
R7896,poplar,22193.1,21096.8,987.1,24.3,0.965
R7897,jujube,24709,19483.9,1067.7,80.93,0.992
R7898,elm,34699.5,20906.5,948.9,-136.9,1.093
R7899,elm,40658.8,21338.3,923.1,-56.5,0.9
R7900,elm,46557.5,19870.3,734.6,35.64,0.887
R7901,elm,48572.6,20227.4,808,-193.31,1.029
R7902,poplar,52950.5,20666.7,948,-66.89,1.104
R7903,poplar,61615,19205.9,1235.7,42.81,1.076
R7904,elm,69195.7,19059,3782.3,77.17,0.87
R7905,poplar,79240.4,19799.9,5005.7,-77.92,0.974
R7906,elm,-79226.2,21592.9,4934.5,61.59,0.812
R7907,elm,-42718.3,22896.7,1034,15.79,0.895
R7908,pine,-39740.4,21510.6,988.5,-161.05,0.826
R7909,elm,-2282.9,22313.6,1220.9,-92.58,1.054
R7910,poplar,10180.2,21997,1434.7,-102.08,1.017
R7911,pine,12486.2,23872.6,1363,7.75,1.01
R7912,poplar,25783.6,21673.8,953,-58.9,0.95
R7913,poplar,53748.3,21529.6,1003.7,-57.88,0.939
R7914,elm,66121.1,22477.9,1798.6,-257.72,0.904
R7915,elm,73756.3,22055.6,4669.5,-41.17,0.877
R7916,poplar,76530.6,23379.7,5762.6,57.44,1.049
R7917,poplar,-69004.4,26512.7,4143.9,12.21,0.895
R7918,jujube,-58993.4,25842.2,1634.9,-1.5,1.044
R7919,elm,-49161.5,24706.1,1133.1,-185.06,0.943
R7920,poplar,-47252,26317.1,1248.6,-209.45,0.883
R7921,elm,-44101.1,25400.4,871.6,-75.83,0.84
R7922,poplar,-32240,24165.2,791.8,-241.92,0.978
R7923,elm,-28910.8,26556.5,876.9,-111.37,1.111
R7924,elm,-21149.2,25582.4,985.1,31.51,0.977
R7925,jujube,-19058.2,25568.9,1068.1,-43.67,0.872
R7926,elm,-4076.7,25053,1122.2,-215.33,0.822
R7927,poplar,1178.3,25344.5,1319.7,56.69,0.948
R7928,poplar,11808.8,25854.7,1518.9,14.15,1.148
R7929,elm,42144.5,25311.4,926.3,25.68,1.108
R7930,poplar,70198.9,26216.1,3498.4,40.77,1.036
R7931,elm,71080.2,25210.6,3414.6,13.89,1.144
R7932,elm,-76822,28150,5053.4,-30.11,0.827
R7933,poplar,-60096.2,26796.3,1836.5,-89.3,1.086
R7934,poplar,-56635.6,28453.8,1580.1,-138.23,1.11
R7935,jujube,-45483.1,28334,1215.2,-269.43,0.905
R7936,elm,-35305.3,28875.1,862.4,18.24,0.894
R7937,elm,15155,27489.8,1363.2,-179.96,0.928
R7938,pine,32972.1,26805.6,929.5,-192.46,0.905
R7939,jujube,52759.8,28459.7,1003.6,-150.81,0.853
R7940,elm,60883.3,27794.7,1749.7,-203.27,0.894
R7941,pine,78042.1,29120,5520,-57.27,0.846
R7942,elm,-73514.2,30246.7,4189.8,-52.92,0.877
R7943,poplar,-70016.6,29571.6,4119,-227.9,1.086
R7944,poplar,-59790,30076.6,2155.9,-23.86,0.896
R7945,jujube,-51999.3,30419.7,1787.4,24.47,1.077
R7946,pine,-44888.2,30945,1301,-88.31,0.938
R7947,poplar,8734.6,30086.5,1300.3,-249.38,0.898
R7948,elm,18948.5,30373.7,1327.6,-86.39,0.981
R7949,poplar,35456.1,31093.1,948.1,-18.35,0.83
R7950,pine,45311.9,31718.8,512.9,79.38,0.912
R7951,elm,51824.9,29329.8,789.5,75.48,1.137
R7952,elm,53866.6,29786.2,1077.7,-77.3,1.076
R7953,elm,58160.4,30589.9,955.7,-31.32,0.821
R7954,poplar,-55550.7,31975.3,1936.7,-97.1,1.049
R7955,elm,-43368.7,32075.9,1450.6,-231.23,0.944
R7956,pine,-14822.9,33077.2,1237.7,-70.56,1.02
R7957,pine,2768.7,32637.6,1161.6,-250.06,1.057
R7958,pine,5466.3,33878.8,1227.9,-235.26,0.921
R7959,jujube,8696.3,32614.2,1339.5,-237.14,0.823
R7960,jujube,12442.8,32881.2,1185.3,-138.7,1.125
R7961,elm,73457,34038.7,3822.4,-113.46,1.038
R7962,jujube,78272.9,32126.1,5049.6,-72.43,0.85
R7963,poplar,-65615.7,36965.9,4514.1,62.46,0.856
R7964,jujube,-48940.5,35693,2310.8,-265.83,1.006
R7965,elm,-43613.6,36485,1561,-131.26,0.957
R7966,pine,-22982.3,36860.6,979.6,-103.77,0.839
R7967,jujube,-11413.9,36998,1241.5,-208.11,0.912
R7968,elm,2159.4,36089.6,1158.1,82.13,1.051
R7969,jujube,14665.1,35010.2,1234,-114.5,1.064
R7970,poplar,30186.1,35839.6,930.5,-246.26,0.877
R7971,elm,32996.3,35802.9,896.3,6.47,1.092
R7972,jujube,38081.1,35362.6,918.7,29.65,0.896
R7973,poplar,52337.1,36796.5,842.9,-41.71,0.932
R7974,elm,-66016.9,37442.7,4717.3,-115.59,1.026
R7975,jujube,-45577.8,37243.9,1839.7,6.83,1.03
R7976,elm,-39654,37725.1,1422.6,-25.25,0.991
R7977,jujube,-4668.7,39452.2,1029.3,-88.69,1.016
R7978,pine,-3265.2,39245.9,1089.3,-119.98,0.871
R7979,jujube,4352.1,37782.7,1228.3,-40,0.881
R7980,pine,14771.4,38336.2,943.6,-113.58,0.98
R7981,elm,36610.2,37801.9,794,33.66,0.886
R7982,elm,37352.9,37602.3,780.4,-259.44,0.876
R7983,elm,40169.2,39403.5,887.7,-82.57,0.836
R7984,poplar,48388.1,37935.6,1148,-231.71,0.809
R7985,elm,50244.1,39571.7,1019.8,0.52,1.05
R7986,pine,69668.7,37022.4,2783.1,72.26,1.14
R7987,elm,-74039.1,40230.8,5821.5,3.3,1.133
R7988,pine,-71474.3,41895.1,6303.3,-264.56,0.889
R7989,pine,-64228.4,42092.1,6136.4,-112.77,0.97
R7990,poplar,-14442.3,42079.1,959.4,-74.94,0.845
R7991,poplar,-1834.2,41938.7,1052.9,-193.43,1.068
R7992,poplar,20666.2,39940.2,1091.8,-129.66,1.09
R7993,poplar,22278.9,39658.8,1118.9,78.65,1.116
R7994,pine,24618,40272.4,1283.8,-226.49,1.003
R7995,poplar,67484.9,41936.6,2007.7,-47.27,0.97
R7996,elm,73911.7,41796.1,4325.5,-226.53,0.963
R7997,poplar,78308.6,42099.1,5368.6,-66.06,0.998
R7998,pine,-71536.5,42352,6194.8,-89.47,0.879
R7999,pine,-59239,42928.7,6499.1,87.89,1.134
R8000,poplar,-45008.8,42527.6,2415.5,-203.73,0.892
R8001,elm,-39697.3,44179.2,1669.3,-6.55,1.147
R8002,elm,-30402.2,43383.6,1127.9,-205.23,1.129
R8003,poplar,-14772.5,43129.7,921,-215.87,0.849
R8004,elm,22129.4,42474.5,934.3,-178.22,1.092
R8005,jujube,25603.5,42321.6,1071.9,-114.11,0.989
R8006,elm,40903.6,43619.4,869.2,-231.29,0.808
R8007,elm,60646,44031,1527.9,-256.76,0.886
R8008,pine,66452.7,42605.9,2033.7,-31.07,0.908
R8009,pine,71510.3,42768.2,3043.5,-246.44,0.945
R8010,pine,-73484.8,47253.1,6100,-245.62,1.024
R8011,poplar,-48786.5,47206.3,3073.3,-59.95,0.973
R8012,pine,-30454.2,46236.6,917.1,-14.99,0.872
R8013,poplar,-27301.6,45709.1,914.7,-134.36,1.122
R8014,elm,-8790.8,46956.9,599.6,-230.84,0.843
R8015,poplar,10452.4,46718.8,1138.4,32.16,0.871
R8016,jujube,16653.9,47370.6,1156.5,-114.26,1.005
R8017,jujube,53356.1,47043.3,1124.4,33.82,0.819
R8018,pine,56188.3,46949.7,1133,39.65,1.057
R8019,poplar,69557.8,46903.3,3001.9,-41.67,1.126
R8020,elm,72022.8,46803.3,3787.7,63.02,0.997
R8021,elm,78230.6,46231.2,4921.7,-155.62,1.049
R8022,pine,-75179,48478.7,6693.6,-246.49,1.101
R8023,pine,-67893.8,48775,6337.8,45.31,1.141
R8024,poplar,-28762.5,47568.3,829.7,61.59,0.902
R8025,pine,-7127.1,48011.1,716.5,-249.76,1.075
R8026,pine,4067.7,48032.1,1120.4,-146.64,1.149
R8027,pine,22858.8,48110.9,1072.4,-139.57,0.836
R8028,poplar,24274.1,48851.2,1015.1,-239.58,1.144
R8029,jujube,40894.9,47584.4,907.1,-64.33,0.977
R8030,poplar,58387.5,49814.4,1288.6,-97.44,0.971
R8031,pine,65154.3,49623.3,1632.3,-14.25,1.005
R8032,elm,65909.2,48831.6,1743.5,50.22,1.037
R8033,pine,-78371.4,51790.9,6330.3,-128.39,1.077
R8034,pine,-36375.6,50140.8,1260.4,-197.29,1.03
R8035,pine,-30571.6,50617.8,802.1,41.3,1.143
R8036,elm,28121.2,52137.1,1167.6,-88.38,1.115
R8037,poplar,42556.4,51018.6,1011.9,-190.35,1.127
R8038,elm,45348.8,51968.9,1116.5,-222.03,1.067
R8039,pine,49424.1,51772.8,1079.3,-172.47,0.862
R8040,jujube,59422.8,52451.3,1380.3,-171.89,0.943
R8041,pine,69259.6,50963.9,3810,-85.38,1.004
R8042,elm,78438.5,51151,5270.1,17.71,0.959
R8043,pine,-74382.7,53667.7,6441.7,-254.48,0.832
R8044,elm,-70054.4,53960.2,5372.5,-55.49,1.081
R8045,pine,-63139.1,53071.8,6208.2,-113.5,1.144
R8046,poplar,-52610.3,54216.9,4603.2,-205.9,1.089
R8047,poplar,-47300.8,52883.9,2791.2,-74.57,0.903
R8048,elm,-43695.9,52978.1,2333.8,50.73,0.801
R8049,elm,-31112.3,54843.3,815.3,-61.37,1.075
R8050,pine,-16309.3,54960.3,773.3,-147.53,0.949
R8051,elm,-9472.3,52743.2,663.8,-231.75,1.083
R8052,poplar,-2193.4,54964.6,720,-0.88,1.068
R8053,elm,3799.4,54376.6,1151.5,-228.42,1.041
R8054,elm,13082.1,52827.4,1430.7,-243.53,1.028
R8055,elm,14167.7,54379.9,1551.4,29.59,1.03
R8056,elm,21378,53796.3,1195.2,-214.24,0.926
R8057,poplar,22651.6,53156.4,1216,-48.75,1.116
R8058,pine,25529.9,52763,1243.6,-102.86,0.858
R8059,poplar,39397.7,53000.2,1087.4,-143.52,0.814
R8060,poplar,52296.9,53711.9,1176.2,-30.95,1.13
R8061,poplar,60748.9,54701,1469.1,-107,0.969
R8062,poplar,68226.6,53571.7,3102.3,-47,1.117
R8063,poplar,76505.8,52756.7,4937.6,-191.29,1.114
R8064,elm,-78637.6,56802.6,5048.3,-32.59,1.01
R8065,elm,-75290.6,56462.3,5678.4,-157.27,1.102
R8066,poplar,-15456.6,57328.7,882.9,-143,0.95
R8067,pine,43598.4,57606.8,1071.3,72.87,0.884
R8068,jujube,58868.8,57329.8,1238.9,-46.89,0.979
R8069,jujube,63086.2,56752.4,1840.5,-186.62,1.086
R8070,pine,65671.3,56923.8,3003.7,-215.68,1.061
R8071,elm,74825.6,55736.5,5701.2,-19.37,0.96
R8072,poplar,76645,55648.7,5459,42.28,0.863
R8073,pine,-68691.5,58663.9,5266.3,-101.7,0.841
R8074,elm,-64481.4,59325.6,5308,-125.89,1.05
R8075,pine,-61806.8,58737.6,5294.7,53.61,0.906
R8076,jujube,-51852.8,58429.2,3691,-85.7,0.927
R8077,poplar,-49685.2,60316.8,2721.2,-81.87,1.025
R8078,pine,-46643.4,60279.5,1724,-106.84,0.972
R8079,poplar,-36372.3,58072.8,1035.5,33.45,1.076
R8080,elm,-34910.9,57996,960.5,-78.55,0.806
R8081,elm,-24237,58493.7,900.4,-34.7,1.096
R8082,jujube,-13170.7,60104.9,819.4,12.5,1.014
R8083,elm,-2779.3,58921.1,730.7,-187.86,1.132
R8084,jujube,2159.4,57813.1,1010,36.49,0.967
R8085,jujube,10359.3,58357.7,1354.2,-177.94,0.931
R8086,elm,23857.2,59556.7,1235.9,-217.03,0.978
R8087,pine,34857,59188.9,1115.4,-208.64,0.986
R8088,elm,56618.9,59534.8,1095.4,47.95,1.083
R8089,elm,60842.7,58328,1483.6,-62.66,1.112
R8090,poplar,63914.9,60237.8,3022.3,-66.03,0.907
R8091,elm,74049.9,58327,5170,-66.08,0.896
R8092,elm,78883.3,58886.2,5001.6,-210.78,1.053
R8093,pine,-77798.6,62619.8,3915.6,-46.94,0.869
R8094,pine,-54960.6,62522.8,2925.6,-12.63,0.944
R8095,elm,-45643.1,61530.3,1572.7,-87.89,1.118
R8096,poplar,-17814.4,60659.8,1617.6,33.1,0.84
R8097,elm,-6716.5,60593.5,801.4,-165.84,1.132
R8098,elm,15313.3,62877.5,2749,-5.6,0.841
R8099,elm,25761.3,62318.2,2903.7,-90.76,1.098
R8100,poplar,33271,62435,1119.1,-266,0.932
R8101,poplar,34426.2,61145.2,1181.9,-47.81,0.862
R8102,pine,39622.2,62965,2130.8,44.24,0.971
R8103,elm,57765,62597.7,1167.6,22.8,0.897
R8104,jujube,57861.1,61701.2,1024,-205.51,1.061
R8105,jujube,60701.3,60421.9,1413.6,-253.44,0.916
R8106,elm,-78706.1,63191.7,4115,-137.25,0.888
R8107,poplar,-68868.2,64922.7,3897,-200.91,1.138
R8108,poplar,-63636.2,64740.6,4015.7,-72.79,0.944
R8109,elm,-51748.5,65037.2,2111.4,-1.19,1.108
R8110,elm,-35097.4,65578.2,2949.7,-98.84,1.138
R8111,pine,-28562.9,64365.4,2049.1,-55.56,0.975
R8112,elm,-21326.3,63761.3,2765.8,-91.17,1.099
R8113,jujube,-17866.9,65150.8,1911,-199.27,1.012
R8114,elm,-11670.7,63990.3,1252.6,41.28,0.835
R8115,poplar,-7093.5,63125.3,1253.5,-232.59,1.14
R8116,jujube,-4164.2,65407.9,3330.6,-227.12,1.006
R8117,pine,4363.1,64853.5,2995.3,-230,0.814
R8118,poplar,15515.6,65435.8,3514.6,-123.34,0.904
R8119,poplar,20246.3,64091.5,2525.3,-93.7,0.922
R8120,poplar,27508.9,65515.5,3221.1,-55.12,0.952
R8121,poplar,33356.3,64949.5,1940.5,-141.61,1.143
R8122,poplar,47861.6,64666,1742.6,36.08,1.046
R8123,elm,57166.3,63338.2,1306.9,-256.51,0.871
R8124,pine,71937.1,63874.1,5055.8,-268.63,0.93
R8125,elm,-69886.9,65704.7,4272.8,-252.01,0.978
R8126,jujube,-48455.6,68035.3,3848.2,-102.32,0.813
R8127,jujube,-38973.8,67474.5,3571.1,-257.01,0.869
R8128,pine,-12181.6,66431.2,1959.9,-67.13,0.975
R8129,elm,33751.7,65604,2232.1,-93.64,0.848
R8130,poplar,46543.9,67007.8,2198.3,-83.31,1.04
R8131,pine,78767.6,68134.3,5591.1,-90.45,1.067
R8132,elm,-78194.8,69358.3,5344.2,-216.97,1.047
R8133,poplar,-67827.4,68619.4,3728.6,38.51,1.08
R8134,jujube,-54271.6,70767.5,4244.5,-73.91,1.041
R8135,elm,-44768.6,70254.5,5147.2,89.92,1.083
R8136,elm,-38306.7,69814.5,4366,-165.54,1.082
R8137,pine,-16466.6,69636.8,3249.9,-97.28,1.1
R8138,pine,26774,69716.7,6515.1,4.68,0.802
R8139,elm,34358.4,70760.2,4167.9,63.32,0.978
R8140,elm,35918.6,68496.2,3540.5,-195.23,0.954
R8141,pine,42914.5,69243.4,6798.6,-183.91,0.959
R8142,jujube,47483.9,69412.6,3743.5,-10.22,1.031
R8143,elm,60327.6,69589.1,3503.7,-108.77,0.997
R8144,poplar,71912.4,69896.4,4907.4,12.71,0.809
R8145,jujube,-70636.8,72086,5247.5,-234.58,0.866
R8146,pine,-59957.1,73364.7,6697.1,-213.61,0.859
R8147,elm,-36867.8,72123.4,5031.9,28.94,0.908
R8148,pine,-26035.4,73242.6,6328.6,-248.23,1.089
R8149,pine,11017.1,71800,6858.2,-191.83,1.103
R8150,pine,26974.5,73222,8011.6,-218.01,1.054
R8151,pine,67760.8,71225.4,4203.6,-131.85,1.139
R8152,poplar,70929.1,71180.5,5364.6,-258.85,0.847
R8153,poplar,76649.3,73269.3,5814.1,-75.17,0.947
R8154,pine,-64745,75495.5,7048.6,-235.71,1.109
R8155,pine,-50728.4,73845,6018.7,-124.13,1.082
R8156,pine,-45133.8,75430.7,7265.3,-223.41,1.01
R8157,pine,-41565.7,74308.2,6682.9,38.41,0.92
R8158,pine,-33301.4,75093.9,7625.2,-83.42,0.976
R8159,pine,-21277.3,73473.9,6092.4,-46.82,0.921
R8160,pine,-15134,73491.8,7210,41.62,1.028
R8161,pine,-11303.6,73633.2,7498.2,-55.16,0.933
R8162,elm,36893.7,74689.5,5703,22.06,0.943
R8163,elm,38654.1,73623.5,5738.9,-4.83,1.135
R8164,pine,49927.4,74491.2,6060.5,89.82,0.868
R8165,elm,70125.2,74380.3,4862.8,-164.07,0.931
R8166,pine,-49962.7,76756.3,7429.1,-176.45,0.833
R8167,pine,-44031.3,76026.1,7341.1,-177.87,1.098
R8168,pine,-13905.5,78109.3,7079.5,21.89,0.931
R8169,pine,-5030.1,78043.1,6631.5,-218.64,1.089
R8170,pine,13669.6,76074.8,7278.2,-228.11,1.049
R8171,pine,30333.8,76928.7,7481.6,-38.94,0.944
R8172,pine,46815.9,78001.4,6795.7,-199.08,0.857
R8173,pine,51876,76509.3,6660.1,-255.08,0.875
R8174,pine,73273,78056.6,7172.4,-135.4,1.083
R8175,pine,79257.7,78367.7,6683.5,20.11,0.943
R8176,pine,-76385.6,79339.7,7383.2,-200.75,0.975
R8177,pine,-23663,79399.2,8014.8,-209.45,0.992
R8178,pine,15430.1,79245.5,7367.6,-104.5,1.149
R8179,pine,59566.8,79368.8,7209.1,-175.41,0.971
R8180,shrub,-70875.6,-79430.2,3504.1,3.97,0.958
R8181,shrub,-69946.8,-78948.5,3482.1,-182.36,0.928
R8182,shrub,-35772.2,-79410.5,3755.3,-262.23,1.095
R8183,shrub,-27296.6,-79343.5,3708.9,-68.24,1.301
R8184,shrub,-628.1,-79425.5,4344.1,-8.17,1.283
R8185,shrub,49392.5,-79063.9,3951.3,-110.55,1.021
R8186,shrub,61593.2,-79083.7,3459.9,-165.48,1.363
R8187,shrub,-62777.2,-78372.9,3891.7,-251.89,0.983
R8188,shrub,-62201.4,-77832.1,3751.4,-133.72,0.708
R8189,shrub,-50873,-78814.9,4335.7,-253.49,0.96
R8190,shrub,-39010.3,-78398.7,3833.7,-260.56,1.278
R8191,shrub,-18187.4,-78532.8,3698.5,21.29,0.908
R8192,shrub,-13823.9,-78562.7,3970.4,-126.72,1.089
R8193,shrub,71998,-78653.9,3863.1,-55.07,1.255
R8194,shrub,78898.1,-78777.6,5149.9,-220.95,0.754
R8195,shrub,-65918.5,-77053.4,3519.9,-124.21,0.739
R8196,shrub,-51537.8,-77550.5,5161.7,-180.07,0.719
R8197,shrub,-51345.8,-77488.1,5132.8,-216.7,1.197
R8198,shrub,-36612.9,-76714.8,3333.1,-117.2,1.06
R8199,shrub,-33237.7,-77715.2,3500.1,-47.38,0.814
R8200,shrub,-15843.4,-77335,3612.1,-29.31,1.173
R8201,shrub,8147.1,-77104.2,3640.7,29.31,1.048
R8202,shrub,29063,-77617.6,3889.2,-237.8,1.388
R8203,shrub,33816.8,-76881.4,4619.9,-210.54,1.108
R8204,shrub,35167.5,-77242.3,4116.6,-153.57,1.095
R8205,shrub,-75643.6,-75907.4,4632,37.13,0.769
R8206,shrub,-73858.2,-76681.6,4713.7,43.95,1.01
R8207,shrub,-68131.6,-76172.5,3320.4,57.69,0.755
R8208,shrub,-58903.4,-76301.2,3199.8,-224.04,0.744
R8209,shrub,-50011.1,-76576.7,4769.6,2.5,1.211
R8210,shrub,-48922.3,-75855.1,4560,-262.86,1.095
R8211,shrub,-35454,-76666.3,3461.5,-223.88,1.183
R8212,shrub,-20473.2,-75851.2,3406.4,-22.44,1.395
R8213,shrub,22572.8,-75775.8,4799.6,-62.02,0.754
R8214,shrub,26071.2,-76423.3,4230.6,-108.67,1.081
R8215,shrub,27294.4,-75999.6,4237.3,21.05,1.321
R8216,shrub,40200.5,-75624.1,4000.1,-106.12,1.134
R8217,shrub,44980,-76022.6,3987.1,-70.79,1.204
R8218,shrub,50555,-76667.7,3049.7,-21.53,1.123
R8219,shrub,67410.8,-76498.8,3638.3,19.56,1.381
R8220,shrub,70740,-75823.8,3237.6,-242.27,1.396
R8221,shrub,-78464.1,-75140.4,4235.1,3.36,0.756
R8222,shrub,-67239.9,-75502.9,3332,-68.67,1.075
R8223,shrub,-61410.4,-74967.6,3402.5,-78.23,1.163
R8224,shrub,-58617,-75376,3366.9,-201.81,0.757
R8225,shrub,-44884.3,-74706.2,3498.2,36.5,0.701
R8226,shrub,-41695,-75406,3556.9,-165.57,0.937
R8227,shrub,18259.4,-75558.6,4178.6,-9.62,0.905
R8228,shrub,27629.2,-75596.4,4208.9,8.18,1.088
R8229,shrub,37146.7,-75563,3739.8,-75.36,0.861
R8230,shrub,49582.2,-75521.1,2933.3,-113.16,1.09
R8231,shrub,58002.6,-75261,3745,-149.3,1.099
R8232,shrub,61480,-74897.3,2938,-208.54,0.959
R8233,shrub,68139.2,-74636.5,3418,-256.66,0.977
R8234,shrub,71536.7,-74793.1,3126.3,54.15,0.73
R8235,shrub,77740.9,-74974.1,5339.7,35.46,1.334
R8236,shrub,-60986.2,-73932.5,3380.7,-160.97,0.897
R8237,shrub,-11625.9,-74076.1,3830.6,-237.73,0.706
R8238,shrub,-4930.9,-73496.5,3985.8,35.38,1.295
R8239,shrub,190.7,-73798.6,4625.7,-70.33,0.886
R8240,shrub,41885.9,-74158.5,3680.5,21.78,0.885
R8241,shrub,72203.2,-73608.1,3387.7,-230.57,0.865
R8242,shrub,75790.8,-73818.9,4496.3,-63.03,1.365
R8243,shrub,-66723.4,-72453.8,3328.1,-102.3,0.823
R8244,shrub,-54225.4,-72755.3,3965.8,86.31,0.825
R8245,shrub,-48811.8,-72714.8,4141.1,-246.89,0.933
R8246,shrub,-22579,-72666.8,2753.8,24.1,1.343
R8247,shrub,-12106.1,-73366.6,3652.8,86.36,0.927
R8248,shrub,-4625.2,-72395.5,4226.6,-158.15,1.386
R8249,shrub,3406.8,-72924.2,3832.9,-127.92,1.046
R8250,shrub,63609.7,-73136.1,2372,-92.22,0.908
R8251,shrub,-66907.2,-71552.1,3378.3,-45.51,1.063
R8252,shrub,-54605.3,-72153.1,3740.5,32.91,1.095
R8253,shrub,-49836.3,-72218.4,4362.6,-247.26,1.124
R8254,shrub,-46015.8,-71324.2,3632.2,-43.59,1.255
R8255,shrub,-40826.9,-71557.3,3002.4,-217.81,0.982
R8256,shrub,-33184,-72251.2,3435.1,-92.69,1.293
R8257,shrub,-28925.3,-71376.7,2940.6,-175.12,1.189
R8258,shrub,-20967.7,-72236.2,3174.1,-123.1,1.263
R8259,shrub,13120.9,-71543.4,3328.2,-246.08,0.975
R8260,shrub,29465.5,-71977.1,4083.1,77.58,1.255
R8261,shrub,40137.6,-71456.3,2935.5,-196.28,1.29
R8262,shrub,44799,-72104.2,3477,6.1,0.937
R8263,shrub,51692.3,-71366.1,3003.3,30.58,0.915
R8264,shrub,52030.6,-72208,3184.5,-71.4,1.366
R8265,shrub,56811,-71271.1,3480.3,-228.91,1.062
R8266,shrub,-53079.1,-70827.9,3820,81.18,0.999
R8267,shrub,-50505.7,-70264.2,4340.5,89.13,1.084
R8268,shrub,-45928,-70935.1,3717,-117.64,1.344
R8269,shrub,-37254,-70206.6,2608.5,-160.76,0.825
R8270,shrub,-32377.1,-70951.6,3334.6,-156.44,0.725
R8271,shrub,-2532.2,-70231.7,3494.6,54.65,1.334
R8272,shrub,14806.9,-70621.7,3201.6,-145.61,1.25
R8273,shrub,35120.8,-70626.3,3175.4,-162.26,0.891
R8274,shrub,59890.2,-70631.4,2934.9,-119.88,1.272
R8275,shrub,77653.5,-71063.7,4812.5,50.8,1.201
R8276,shrub,-46105.5,-70068.6,3518,-37.23,1.283
R8277,shrub,-39851,-69163.8,2815.1,33.74,1.187
R8278,shrub,-30012.4,-70095.7,3001.8,-3.2,1.375
R8279,shrub,793.3,-69111.9,2756.1,-190.17,1.114
R8280,shrub,22201.9,-69897,3747.9,-176.5,0.734
R8281,shrub,22369.5,-69468,3713.9,31.01,1.315
R8282,shrub,34628,-69417.6,3427.9,47.06,1.192
R8283,shrub,-42563.7,-68676.6,3076.7,-78.08,0.822
R8284,shrub,-40998.7,-68723,2831,-188.39,0.922
R8285,shrub,-16402.9,-68810.8,2932.9,-264.25,1.193
R8286,shrub,5477.5,-68960.1,3340.4,-257.74,1.365
R8287,shrub,6870.7,-67943,3240.8,-85.22,1.053
R8288,shrub,18189.2,-68141.2,2761.1,-1.45,1.046
R8289,shrub,25180.8,-68921.7,3439.1,-155.76,1.081
R8290,shrub,-77390.5,-67404.4,4456.3,-5.75,0.925
R8291,shrub,-48939.1,-67705.3,3712.4,34.46,1.264
R8292,shrub,-47433.7,-67789.7,3408.5,-19.17,1.144
R8293,shrub,-46679.4,-67725.1,3477.8,-32.52,1.372
R8294,shrub,-41562.6,-66915.6,2664.9,-67.95,1.246
R8295,shrub,-37078.1,-67837.8,2729.9,-125.12,0.807
R8296,shrub,-29328.9,-67297.5,2664.5,13.13,0.938
R8297,shrub,-27788.5,-67608.6,2699,-84.61,0.883
R8298,shrub,-27141.6,-67328.4,2925.8,16.36,1.119
R8299,shrub,-23209.8,-67266.7,3849.2,-117.57,0.945
R8300,shrub,7126.4,-66881.3,2832.7,88.82,1.003
R8301,shrub,20069.3,-67664.6,3307.4,-72.54,1.209
R8302,shrub,28791.1,-67645.3,3475.5,-125.43,0.762
R8303,shrub,29849,-67794.7,3537.6,-91.72,1.174
R8304,shrub,54884,-67794.7,2690,-128.05,1.082
R8305,shrub,-44377.3,-66695.9,3072.3,-77.69,1.198
R8306,shrub,-39968.1,-65875.7,2554.9,49.57,1.047
R8307,shrub,-30245.1,-65721.6,2148.2,89.16,0.821
R8308,shrub,-26083.5,-65710.5,2969.3,-62.02,0.862
R8309,shrub,-9047.8,-66745.8,2935.6,-111.53,1.341
R8310,shrub,12115.8,-66026.2,2499,-160.17,0.822
R8311,shrub,15183,-65721.3,2562,10.35,0.83
R8312,shrub,17400.7,-65979.2,2614.3,18.61,1.115
R8313,shrub,22023.6,-65828.2,3284,-112.88,1.123
R8314,shrub,26706.1,-66514.8,3060.5,-147.86,1.122
R8315,shrub,30486.4,-66153.4,2950.3,-207.81,1.173
R8316,shrub,44537.9,-66478.5,3115.9,-148.1,1.377
R8317,shrub,58018,-65812.6,2703,-74,0.957
R8318,shrub,63114.2,-66030.9,2332.5,6.58,1.193
R8319,shrub,78385.9,-65720.3,5687.7,-45.79,0.77
R8320,shrub,-56552.9,-64944.9,2284.4,35.25,0.94
R8321,shrub,-40624.7,-65250.5,2358,-87.48,0.891
R8322,shrub,-37462.5,-64724,2014.4,-172.39,0.973
R8323,shrub,-35925.6,-65238.9,1599.9,-22.2,1.334
R8324,shrub,-31557.9,-65132.5,1896.2,-116.17,1.029
R8325,shrub,-25960.9,-64910.4,3040.9,89.47,1.134
R8326,shrub,11855.5,-65636,2311.9,-102.45,1.325
R8327,shrub,18531.3,-65113.1,2965.1,-31.43,0.848
R8328,shrub,19363.8,-64694,3120.2,-35.04,1.394
R8329,shrub,57687.6,-65527,2779.2,84.58,0.762
R8330,shrub,60643,-64786.2,2150.5,85.42,0.875
R8331,shrub,62171.6,-65666.7,2306.7,87.99,1.077
R8332,shrub,73779.1,-65506.1,4310.5,-102.92,1.38
R8333,shrub,78181.7,-65052.7,5347.1,-146.19,1.293
R8334,shrub,-79295.4,-64433.6,5787.8,-133.26,1.365
R8335,shrub,-72362.3,-63809.4,4411.9,-64.74,0.926
R8336,shrub,-56071.5,-64570.7,2272.7,-214.57,1.282
R8337,shrub,-40472.8,-63919.7,2302.5,-20.66,0.998
R8338,shrub,-37654.2,-64016.8,1897.1,63.56,1.341
R8339,shrub,-33105.9,-63890.9,1534.9,32.77,0.837
R8340,shrub,-27693.7,-63905.3,2623.9,-70.89,1.063
R8341,shrub,3940.3,-63771.8,2571.8,73.78,1.026
R8342,shrub,6391.6,-64462.4,2731.2,35.52,1.071
R8343,shrub,8795.7,-63945.6,2433.8,-203.25,1.305
R8344,shrub,47101.9,-63601.6,3112.9,27.4,0.927
R8345,shrub,78361.7,-63715.9,5257.7,16.01,1.07
R8346,shrub,-68366.1,-63211.3,4573.9,-59.76,1.362
R8347,shrub,-52465.6,-63231.8,2186.7,-39.25,0.96
R8348,shrub,-48338.5,-62541.6,2731.6,47.67,0.747
R8349,shrub,-42342,-62758.3,2410.7,-173.08,1.186
R8350,shrub,-35627.7,-62452.6,1750,-33.46,1.166
R8351,shrub,-33763.1,-63135.3,1666.9,-112.54,1.387
R8352,shrub,-30882.5,-62788.4,1736.7,-233.08,0.886
R8353,shrub,-27755.3,-63270.1,2637.8,-119.08,1.375
R8354,shrub,-27082.2,-62663,2776.8,-268.44,1.019
R8355,shrub,-26009.7,-63341.8,2979.2,-19.9,1.096
R8356,shrub,-23603.5,-63180.2,2381,-234.51,0.944
R8357,shrub,-22008.3,-62905.4,1839.8,-190.92,0.871
R8358,shrub,15052.6,-62418.8,2176,-85.38,1.201
R8359,shrub,17076.3,-63201.2,2382.7,-170.14,1.057
R8360,shrub,17927.9,-63034.3,2492.7,-104.2,0.787
R8361,shrub,24490.3,-62788.5,2221.9,-182.73,1.344
R8362,shrub,25201.3,-63486,2428.9,-135.88,1.298
R8363,shrub,31032,-63114.3,2481.4,-249.31,0.772
R8364,shrub,45360.8,-62941.7,2844.6,36.01,0.822
R8365,shrub,45654.2,-62982.2,2860.3,15.31,0.707
R8366,shrub,61259.5,-63249.2,1946.9,-140.28,1.351
R8367,shrub,70076.7,-62622.2,3074.9,-95.61,1.271
R8368,shrub,-75241.3,-61708.6,4997.9,-125.78,1.199
R8369,shrub,-53673.7,-61851.1,1965.5,-1.02,0.842
R8370,shrub,-48742.6,-61749.3,2561.6,56.93,1.032
R8371,shrub,-47454,-61482.9,2525.9,70.77,1.119
R8372,shrub,-45200.2,-61958.6,2824.5,-175.14,1.02
R8373,shrub,-40783.4,-61367.6,2108.6,6.45,0.958
R8374,shrub,40860.6,-62373.6,2402.3,-60.92,0.715
R8375,shrub,-74591.2,-60681.9,4738.3,-45.89,0.809
R8376,shrub,-63272.8,-60544.3,2857.4,-190.81,1.366
R8377,shrub,-46920.9,-60455.4,2285.6,-47.57,1.255
R8378,shrub,-44734.6,-60733,2304,-67.59,1.159
R8379,shrub,-42733.8,-60469.7,1972.2,-79.04,1.219
R8380,shrub,-41812,-60704.4,1899.4,-251.61,0.735
R8381,shrub,-40614.7,-60658,1978.1,-144.62,0.909
R8382,shrub,-33884.3,-60234.7,1644,77.91,1.284
R8383,shrub,-32022.3,-60329,1570.5,62.2,1.265
R8384,shrub,23763.8,-60447.9,2319.8,-268.35,1.201
R8385,shrub,24653.5,-60912,2356.2,30.92,1.308
R8386,shrub,70795.1,-60415,3146.8,-3.66,0.754
R8387,shrub,-76081.3,-59862.7,4690.3,-246.31,1.068
R8388,shrub,-63632.2,-60139.3,2915.1,-238.54,0.739
R8389,shrub,-57807.4,-59358.4,1886.2,-175.9,1.193
R8390,shrub,-52633.4,-59418.5,1936.2,-64.06,0.757
R8391,shrub,-51743.9,-59242.5,2008.3,-48.29,0.925
R8392,shrub,-38886.7,-59115.2,1678.9,-261.17,1.087
R8393,shrub,-28640.4,-60097.9,2152.4,-108.85,0.784
R8394,shrub,-26695.1,-59997.5,2520.4,-157.26,1.138
R8395,shrub,-24253.4,-59207.3,2202.9,-264.16,1.272
R8396,shrub,-23614.5,-59277.5,2119.5,-229.94,1.077
R8397,shrub,-11823.2,-59748.4,1724,-7.85,1.161
R8398,shrub,2478.3,-60158.8,1971,42.29,0.795
R8399,shrub,8556.4,-59177.2,1684.7,67.62,1.275
R8400,shrub,20144.6,-59621.3,1992.6,-249.52,1.3
R8401,shrub,24183.9,-59432.4,2316.4,-230.27,1.175
R8402,shrub,39047.2,-60165.1,2123.1,-226.23,0.973
R8403,shrub,-76872.7,-58004.8,5382.1,-63.45,0.767
R8404,shrub,-72138.6,-58020.9,4448.8,-121.97,0.974
R8405,shrub,-64260,-58175.1,3416.6,-247.05,0.716
R8406,shrub,-49601,-59091.3,2232.7,-30.87,1.067
R8407,shrub,-47638.7,-59051.7,2099.7,88.54,1.075
R8408,shrub,-41913.2,-58722.6,1813.2,87.97,0.711
R8409,shrub,-39564.1,-58257.6,1837.7,21.85,1.289
R8410,shrub,-34934.3,-58387.4,1440,-264.65,0.781
R8411,shrub,-30376.8,-58500.7,1906.4,62.08,0.794
R8412,shrub,-24977.9,-58508.9,2271.1,-121.07,1.34
R8413,shrub,4161.6,-58170,1362.9,-96.97,0.842
R8414,shrub,29388.3,-58666.6,2400.2,37.27,0.767
R8415,shrub,32087.2,-58737.9,2159.1,84.82,1.048
R8416,shrub,55945.9,-58535.3,1485.9,-133.9,0.98
R8417,shrub,62659.3,-58408.3,1177.5,-71.63,1.153
R8418,shrub,64775.3,-58657.7,2069.8,-78.2,1.002
R8419,shrub,70024.7,-58994.9,3226.7,-106.65,0.815
R8420,shrub,-70224.2,-57290.8,4484,-100.3,0.736
R8421,shrub,-59096.2,-57377.2,1820.8,-76.28,0.88
R8422,shrub,-52041,-57591.6,1958.2,-83.85,0.75
R8423,shrub,-44792.3,-57776.8,2151.5,-169.38,1.336
R8424,shrub,-36849.1,-57990.3,1481.8,60.36,0.986
R8425,shrub,-33386.1,-57022.8,1298.1,74.36,1.051
R8426,shrub,-31725.6,-57271.4,1430.6,-117.34,0.987
R8427,shrub,-26155.3,-57013.1,1967.1,-119.78,1.118
R8428,shrub,-25899.9,-57373.7,2129.3,-240.55,0.853
R8429,shrub,31236.2,-57625.9,2004.4,-163.33,0.952
R8430,shrub,56549.8,-57103.2,1381.1,-242.3,1.265
R8431,shrub,68293.9,-57158.4,2976.7,79.05,0.934
R8432,shrub,70491.8,-57283.1,3836.1,66.93,0.837
R8433,shrub,-79421.4,-56514.9,6091.5,-255.95,1.34
R8434,shrub,-76378,-56083.2,5686.1,-167.69,0.937
R8435,shrub,-50589.6,-55853.7,2018.5,-226.13,0.747
R8436,shrub,-48717.2,-56105.1,2036.6,-55.47,1.396
R8437,shrub,-41482.9,-56209.5,1806.4,-92.97,0.952
R8438,shrub,-31652.3,-55813.1,1129,-34.89,1.138
R8439,shrub,-31292.2,-56008,1209.4,-232.98,0.881
R8440,shrub,-27609,-56658.7,1514,-18.92,1.237
R8441,shrub,-25500.2,-56002.1,1741.8,-52.64,0.732
R8442,shrub,-24217.3,-55910.4,1821.3,-38.07,1.2
R8443,shrub,31378.9,-56726.1,2013.7,87.7,1.08
R8444,shrub,66875.3,-56356.2,2337,-100,0.995
R8445,shrub,-51521.1,-55230.1,2043.6,-220.8,1.22
R8446,shrub,-45360.5,-55276.4,1653.7,-89.47,1.067
R8447,shrub,-44500,-55388.2,1623.7,-75.41,1.082
R8448,shrub,-37579.4,-54880.2,1462.9,-8.96,1.028
R8449,shrub,-31798,-55067.6,1009.1,-46.21,0.864
R8450,shrub,-30685.4,-55438.4,1040.1,-50.63,1.341
R8451,shrub,-30313.7,-55683.8,1066.1,-196.43,1.036
R8452,shrub,-27377.2,-55352.7,1373.4,-190.36,0.997
R8453,shrub,-24763.7,-55571.5,1768.9,-174.45,1.003
R8454,shrub,-22275.3,-55795.2,1771.1,-132.46,1.24
R8455,shrub,-7530.8,-55773.4,1710.3,-10.67,1.023
R8456,shrub,2397.1,-55345.8,1587,18.28,1.026
R8457,shrub,31965.6,-55387.8,2105.8,13.31,0.831
R8458,shrub,35817.7,-55530.8,1851.8,-36.5,0.993
R8459,shrub,69376.5,-55466.4,2693.9,86.42,0.846
R8460,shrub,-73193.1,-54167.5,5970.2,22.92,0.997
R8461,shrub,-65346.8,-54310.7,2965.1,-104.75,0.928
R8462,shrub,-64193,-54659.5,2705.5,-242.7,0.74
R8463,shrub,-53705,-54256.6,1953.8,-256.51,1.184
R8464,shrub,-51203.7,-54001.6,1782.6,-269.41,1.206
R8465,shrub,-50063,-54462.3,1827.5,-247.31,1.006
R8466,shrub,-42747.6,-54682.3,1548,10.75,0.813
R8467,shrub,-39756.4,-54004.8,1522,-85.43,1.277
R8468,shrub,-37152.6,-53656.3,1374.7,25.94,1.28
R8469,shrub,-36741.2,-53819.7,1392.6,-117.86,0.882
R8470,shrub,-35489.3,-53694.6,1275.7,-114.21,0.807
R8471,shrub,-32197.9,-54616.6,1011.3,15,0.762
R8472,shrub,-18605.3,-54301.3,1728.5,-127.84,1.077
R8473,shrub,-9968.6,-54655.5,1698,-95.98,0.705
R8474,shrub,3617.8,-53908.4,1229.5,-256.78,0.925
R8475,shrub,9571.6,-54277.1,1221.7,27.15,0.742
R8476,shrub,46492,-54322.3,1654.6,74.17,1.374
R8477,shrub,46893.9,-53643.7,1496.8,-116.65,0.995
R8478,shrub,71124.8,-53654.1,2984,-178.04,1.152
R8479,shrub,-78024.8,-52918.4,6085.3,-129.85,1.067
R8480,shrub,-67240.9,-53462.2,3571,-195.14,1.047
R8481,shrub,-63324.9,-52575.8,2304,-188.42,1.307
R8482,shrub,-59956.3,-53561.6,2407.2,59.93,1.171
R8483,shrub,-51065.4,-53215.2,1701.7,-88.79,0.918
R8484,shrub,-46551.4,-52999.7,1577.7,84.66,1.128
R8485,shrub,-44066.5,-52648.6,1289.9,-215.51,0.988
R8486,shrub,-38328.5,-53081.6,1336.7,-100.83,1.292
R8487,shrub,-37204.3,-53384.6,1345.1,-110,1.323
R8488,shrub,-36460.1,-53382.1,1332.8,-164.12,1.099
R8489,shrub,-35983.9,-53178.1,1265.4,-181.3,1.269
R8490,shrub,-27364.9,-52797.2,1207.9,-128.75,1.267
R8491,shrub,7114.6,-53433.1,1325.7,-25.72,1.297
R8492,shrub,18001.9,-53019.8,871.1,-81.54,1.264
R8493,shrub,27465.7,-53303.1,1615.2,-37.73,0.808
R8494,shrub,31172,-53071.5,1799.4,60.31,0.938
R8495,shrub,42272.3,-53129.2,1371.9,7.05,1.044
R8496,shrub,45513.4,-53098.6,1637.4,80.94,0.714
R8497,shrub,48771.9,-53271.9,1445.8,-95.3,1.218
R8498,shrub,56251.3,-52901.9,881.5,-248.25,1.322
R8499,shrub,-39055.1,-52116.6,1311.9,34.44,0.759
R8500,shrub,-35774.2,-52388.5,1227.5,-3.13,0.779
R8501,shrub,-28963.2,-51503.1,1004.4,-244.88,1.111
R8502,shrub,-28148.8,-52277.2,1031.5,-260.16,1.077
R8503,shrub,-26736.6,-52476.9,1239.2,-246.34,1.119
R8504,shrub,-5938.6,-51584.5,1699.6,83.47,1.294
R8505,shrub,25007.4,-52384.3,1267.3,-216.18,0.961
R8506,shrub,39199.7,-51818.2,1248.6,-120.28,1.342
R8507,shrub,-78785.9,-50758.2,5740.5,-44.22,1.092
R8508,shrub,-69757.2,-50883,4645.8,-5.45,1.285
R8509,shrub,-67167.4,-50708.6,3681.4,-44.82,0.796
R8510,shrub,-52366.1,-50535,1638,-128.95,1.338
R8511,shrub,-49058,-50666.5,1249.5,87.22,0.987
R8512,shrub,-48015.5,-50790.1,1247.7,52.69,0.803
R8513,shrub,-42232.1,-50530.7,1045.7,-133.32,0.751
R8514,shrub,-40206.9,-50695.7,1174.3,-268.5,1.097
R8515,shrub,-36031.1,-51245.5,1199.2,-210.07,0.73
R8516,shrub,-29666.8,-51014.1,1040.3,-236.47,1.253
R8517,shrub,-25259.5,-51244.1,1320.4,-71.61,0.954
R8518,shrub,22345.4,-51386.4,849.9,-28.97,1.023
R8519,shrub,49587.6,-50325,1252.7,38.73,1.309
R8520,shrub,69931.1,-50609.2,2504.3,-205.12,0.787
R8521,shrub,-49684.7,-49986,1276.1,-94.31,0.726
R8522,shrub,-42175.6,-49964,991,-243.47,1.025
R8523,shrub,-39302.5,-49920.9,1073.7,-144.12,1.206
R8524,shrub,-39116.3,-50121.2,1097.2,-38.16,1.078
R8525,shrub,-38111.2,-49832,1015.2,-11.14,0.906
R8526,shrub,-32752,-49981.5,1209.2,-19.96,1.343
R8527,shrub,-6503.5,-49933.6,1718.8,-174.22,1.173
R8528,shrub,3694.8,-50224.2,1148.3,62.86,0.817
R8529,shrub,18199.1,-49892.9,873.8,-155.48,0.776
R8530,shrub,35202.2,-50074.9,1307.2,-256.05,1.165
R8531,shrub,47698.4,-49469.7,1237.7,13.27,1.057
R8532,shrub,57949.2,-49807.2,709.8,-249.22,1.158
R8533,shrub,65346,-50182,2435.8,-232.15,1.391
R8534,shrub,-49851.5,-48830.5,1269.1,38.53,0.926
R8535,shrub,-46313.4,-48638.7,1112.4,62,1.39
R8536,shrub,-24724.7,-48840.5,952.5,-268.52,1.039
R8537,shrub,-21621.1,-49132.6,1630.8,-175.41,1.002
R8538,shrub,-3983.7,-49186.7,1726,16.57,1.093
R8539,shrub,11777.6,-48931.8,884.9,-15.14,1.127
R8540,shrub,16131.4,-49001.2,663.6,54.26,0.834
R8541,shrub,61101.3,-48699.9,1569,-241.98,1.285
R8542,shrub,76101.2,-48972.4,4301.3,-229.27,0.781
R8543,shrub,-77179.8,-47501.1,4735.1,-101.18,0.755
R8544,shrub,-70523.1,-47707.5,3702.9,-44.44,1.201
R8545,shrub,-49280.1,-47518.4,1248.3,15.87,1.184
R8546,shrub,-47999.1,-47966.3,1176.6,-82.41,1.176
R8547,shrub,-43927,-47451.9,967.4,89.89,0.743
R8548,shrub,-41347.4,-47428.8,836.4,30.42,0.824
R8549,shrub,-39844.2,-47373.9,777,-18.52,0.915
R8550,shrub,-32954,-47437.3,1146.6,39.38,0.986
R8551,shrub,-13251.9,-47698.2,1673.1,-44.21,1.121
R8552,shrub,29532.5,-47881.8,1072.5,-36.97,1.077
R8553,shrub,39319.4,-48044,961.7,-137.73,1.071
R8554,shrub,74613.9,-47037.2,5150.4,-67.74,1.248
R8555,shrub,77164.9,-47188.9,4413.9,-237.08,1.016
R8556,shrub,-49758.3,-46287.2,1372.9,-173.36,1.181
R8557,shrub,-45252.3,-46110.3,1162.4,-50.53,0.782
R8558,shrub,-36742.1,-46909.4,907.2,-138.29,1.044
R8559,shrub,-29653.1,-46047.5,997.2,50.61,1.136
R8560,shrub,-19453.6,-46773,1581.7,-209.38,1.313
R8561,shrub,-4883.9,-46097.6,1488.1,-261.84,1.397
R8562,shrub,-2674.4,-46246.2,1465.2,1.12,1.089
R8563,shrub,26829.4,-46879.8,893.3,-86.36,0.713
R8564,shrub,38737.5,-46865.2,938,68.86,1.107
R8565,shrub,61194.1,-46996.2,1670.9,-130.63,0.841
R8566,shrub,-65357.1,-45506.1,2480.7,-215.1,1.272
R8567,shrub,-59251.7,-45038.8,1481,-222.25,1.37
R8568,shrub,-55008.7,-44873.2,1336.7,89.92,1.216
R8569,shrub,-47653.3,-45475.5,1359.3,-92.34,1.087
R8570,shrub,-36582.2,-45748.9,854.9,25.1,1.058
R8571,shrub,-35982.1,-45792.8,937.9,70.57,1.35
R8572,shrub,-33396,-45263.6,1100.9,-245.93,1.232
R8573,shrub,-26544.5,-44926.3,994.4,-210.21,0.867
R8574,shrub,-16141.6,-45000.4,1324,-107.6,1.175
R8575,shrub,-10788.7,-45139.5,1306,-115.86,1.007
R8576,shrub,24376.8,-45391.2,644.2,-246.93,0.899
R8577,shrub,37139.9,-45782.6,1007.4,59.32,1.196
R8578,shrub,-74849.4,-44000.3,4220.8,-161.69,1.001
R8579,shrub,-68802.4,-43777.5,3048.6,-91.55,1.139
R8580,shrub,-62001,-44113.4,2405,18.19,0.719
R8581,shrub,-46423.4,-44251.8,1257,-164.84,1.335
R8582,shrub,-39567.2,-44477.6,980.9,48.16,0.972
R8583,shrub,-35193.1,-44785.1,1008.6,85.43,1.299
R8584,shrub,-29826,-43849.4,920.5,-119.65,1.215
R8585,shrub,-15179.9,-43723.3,1296.7,40.08,1.199
R8586,shrub,-6548.9,-44136.5,1322.9,-259.4,1.13
R8587,shrub,-4813.5,-44092.5,1291.1,-91.85,0.937
R8588,shrub,13126.8,-43840.3,903.3,40.6,0.919
R8589,shrub,35193.5,-43736.8,975.6,-84.34,0.829
R8590,shrub,58623.9,-44152,899.1,-186.07,0.967
R8591,shrub,60919.8,-43980.2,1471,15.18,0.904
R8592,shrub,63539.9,-44435.3,2079.7,-148.82,1.146
R8593,shrub,78899.3,-44638.9,4743.9,-210.31,1.326
R8594,shrub,-63504.9,-43128.7,2455.7,-124.12,0.931
R8595,shrub,-43026,-43278.7,1056.8,48.06,0.885
R8596,shrub,-42588.8,-43647.2,1032.9,-29.16,1.139
R8597,shrub,-37228.7,-43598.3,1055.3,34.92,1.276
R8598,shrub,-31781.4,-42826.2,1022.4,-161.3,1.103
R8599,shrub,-4498.4,-42680.8,1297.1,-2.43,0.78
R8600,shrub,15833.2,-43389.2,869.7,47.67,1.313
R8601,shrub,51916.6,-43652.4,1028.2,-231.9,1.089
R8602,shrub,77553.8,-42704.1,4515.7,-35.93,1.29
R8603,shrub,-47489.7,-41978.5,1071.3,65.92,0.937
R8604,shrub,-42025,-42505.1,924.8,-184.07,1.116
R8605,shrub,-41376.6,-41824.6,980.3,9.35,0.995
R8606,shrub,-35867.4,-41911.7,1115.5,-83.18,1.113
R8607,shrub,-32786.7,-41750.8,1100.1,61,0.719
R8608,shrub,-32330,-41540.7,1107.3,-155.41,1.338
R8609,shrub,-20224,-42439.4,1356.1,-143.59,1.29
R8610,shrub,-4581.6,-41621.9,1291.2,-248.1,1.253
R8611,shrub,23550.3,-42200.8,719.8,74.6,1.001
R8612,shrub,34805.1,-42213.1,873.7,-78.53,1.251
R8613,shrub,40058.4,-41978.7,1239.3,-14.32,0.835
R8614,shrub,65920.4,-41699.1,1850.4,41.7,0.779
R8615,shrub,71168.1,-42247.4,4329.4,86.78,0.751
R8616,shrub,-69497.4,-41245.6,3905.6,85.3,1.321
R8617,shrub,-62139.7,-41469.4,2747.3,-263.59,0.809
R8618,shrub,-38455,-40482.1,1101.2,-143.78,1.286
R8619,shrub,-36142.3,-40818.4,1128.4,9.08,1.337
R8620,shrub,-35294.5,-40564.3,1099.7,-93.16,1.063
R8621,shrub,-32357.8,-40670.1,1066.1,-206.93,0.767
R8622,shrub,1309.7,-40915.4,1327.8,-223.55,1.391
R8623,shrub,21198.9,-41493.8,726.9,-0.19,0.912
R8624,shrub,-75437,-40361.1,4518,-137.88,0.739
R8625,shrub,-69055.8,-40224.5,4150.9,-162.73,0.849
R8626,shrub,-56750.3,-39758.9,1854.4,-151.02,1.107
R8627,shrub,-52875.7,-39309.6,1124.6,-264.7,0.944
R8628,shrub,-48406.7,-39369.8,945.7,-214.27,1.077
R8629,shrub,-46137.6,-39559.8,993.9,-252.81,1.247
R8630,shrub,-41951.2,-40004,904.1,44.44,0.921
R8631,shrub,-17945.3,-39482,1394.5,-136.72,1.005
R8632,shrub,-9960.2,-40374.8,1337,-197.74,0.848
R8633,shrub,7038.6,-39934.1,1142.4,-41.73,0.707
R8634,shrub,18656.5,-39640.2,803.5,82.98,1.398
R8635,shrub,45032.5,-40082.2,1256.4,-123.51,0.827
R8636,shrub,46154.5,-39775.4,1255.1,-63.85,1.29
R8637,shrub,54205.7,-39303.9,849.4,-260.24,0.969
R8638,shrub,66708.4,-40040.4,2736.2,-74.44,1.271
R8639,shrub,-37458,-38461.7,1012.6,-38.48,1.118
R8640,shrub,-28263,-38333.5,1195.4,-84.99,1.332
R8641,shrub,-24166,-38338.6,1416.7,-170.81,0.788
R8642,shrub,-9609.8,-39121.9,1376.5,-136.38,1.304
R8643,shrub,13377.8,-39036.8,749.4,-129.39,1.045
R8644,shrub,15272.1,-39059.8,663.7,-68.61,1.21
R8645,shrub,17668.4,-38414,721.5,-85.72,1.002
R8646,shrub,56951.3,-38692.1,920.3,-115.73,0.729
R8647,shrub,58689.5,-38573,997.9,32.74,1.129
R8648,shrub,68462.8,-39114.9,3688.9,-75.92,1.245
R8649,shrub,69210.7,-39077.7,3843.7,-159.04,1.356
R8650,shrub,-57059.7,-37705.3,2002.5,-7.7,0.831
R8651,shrub,-5479.8,-37838.4,1269.8,-243.54,1.164
R8652,shrub,4708.3,-37819.7,1293.4,-114.62,1.064
R8653,shrub,42380.9,-37160.3,1176.4,-95.91,1.181
R8654,shrub,45441.8,-37400.9,1100.2,-50.76,0.801
R8655,shrub,73971,-37531.8,4153.9,-193.69,0.982
R8656,shrub,-78057.3,-36825.3,4596.9,75.47,0.834
R8657,shrub,-74647.5,-36735.8,4998.9,37.27,1.139
R8658,shrub,-58641.8,-36615.1,2144.4,-211.6,1.207
R8659,shrub,-40409.9,-36470.7,850.9,-245.33,1.022
R8660,shrub,-29669.1,-36374,1129.7,-30.08,1.068
R8661,shrub,-3545.2,-36503.5,1335.9,2.58,1.316
R8662,shrub,8753.9,-36093.2,1190.1,-241.59,1.391
R8663,shrub,31421.7,-36988.1,865.7,53.74,1.374
R8664,shrub,48518.5,-36272.4,923.8,-69.35,1.087
R8665,shrub,49195.2,-36110.8,877.1,80.64,1.045
R8666,shrub,65876.1,-36889.2,2590.9,-110.65,1.065
R8667,shrub,78021.4,-36326.7,4407.4,-96.2,0.793
R8668,shrub,-54372.1,-35053.2,1175,-226.7,1.183
R8669,shrub,-51016.2,-35755.6,1096,-196.39,1.134
R8670,shrub,-12379.3,-35541.6,1249.6,-35.52,1.241
R8671,shrub,-10991.7,-35327.2,1311.1,7.5,1.116
R8672,shrub,3554.6,-34993.8,1374.5,-219.48,0.735
R8673,shrub,15172.5,-35755.7,871.9,-230.51,1.38
R8674,shrub,46202.1,-35845.3,937,-160.54,0.735
R8675,shrub,53470.8,-35737.8,769.6,-6.46,1.201
R8676,shrub,59077,-35928.7,1022.7,63.97,0.735
R8677,shrub,69547.1,-35574.5,4452.8,-123.14,0.912
R8678,shrub,-58603,-33820,2060.7,64.39,0.969
R8679,shrub,-50700.8,-34758.3,1075.7,-170.75,0.909
R8680,shrub,16254.7,-34195.8,849.1,-231.24,1.378
R8681,shrub,23201.8,-34057.3,741.9,-251.33,0.872
R8682,shrub,28071.4,-34781,841.8,-53.09,1.117
R8683,shrub,29548.9,-34881.9,871.8,-94.46,0.979
R8684,shrub,61914.3,-34386.9,1525.4,-2.64,0.75
R8685,shrub,79428,-34515.1,4650.5,61.55,0.824
R8686,shrub,-76965.3,-32892.3,4718.3,-60.11,1.009
R8687,shrub,-33807.4,-33371.9,790.3,-103.84,0.818
R8688,shrub,-28618.8,-33008.8,1149.8,-13.76,1.223
R8689,shrub,-17350,-32847.6,1115.2,-28.42,0.783
R8690,shrub,-14392.3,-33468.1,1112.1,-21.22,0.749
R8691,shrub,-1520.5,-32724.1,1388.2,-250.4,1.262
R8692,shrub,4485.7,-33719.2,1256.6,-194.58,1.259
R8693,shrub,7874.6,-33368.1,1188.3,-240.97,1.062
R8694,shrub,8795,-32718.7,1220.1,-263.2,0.731
R8695,shrub,9987.1,-32730.1,1242.8,-82.14,0.948
R8696,shrub,12197.8,-33081.2,1170.2,-194.14,0.747
R8697,shrub,23212.8,-33685.2,766.2,24.08,0.98
R8698,shrub,41361.7,-32815.8,1051.4,-254.78,1.01
R8699,shrub,57143.5,-33387.5,847.2,6.91,1.122
R8700,shrub,70573.3,-33390.9,4958.5,-196.48,1.391
R8701,shrub,-70261.4,-31927.4,3721.6,-245.85,1.099
R8702,shrub,-59510.2,-31695.5,2804.6,62.75,1.139
R8703,shrub,-43186.1,-32335.7,892.1,-218.31,1.045
R8704,shrub,-39406.3,-32572.5,915.2,14.44,1.305
R8705,shrub,-31635.4,-31721.2,880.7,-83.77,1.147
R8706,shrub,-27155.6,-31954.9,1257.1,67.21,0.952
R8707,shrub,-16821.9,-32389.2,1120.1,-5.46,1.33
R8708,shrub,28933.8,-32229.2,957.1,-1.93,1.379
R8709,shrub,-72302.8,-31024.6,4063.4,-191.88,0.89
R8710,shrub,-56409.8,-30618.8,1679.4,-141.33,1.075
R8711,shrub,-47667.6,-31127.7,964.6,74.89,0.841
R8712,shrub,-45079.5,-31082,817.6,-120.69,1.268
R8713,shrub,-31905.1,-30523.6,828,66.65,0.781
R8714,shrub,-23400.8,-30776.3,1319,-105.97,0.725
R8715,shrub,-9962.4,-31495,1321.3,-164.39,1.078
R8716,shrub,31830.8,-30943.2,1046.1,-192.43,1.31
R8717,shrub,44793.7,-30841.4,1178.1,0.69,1.193
R8718,shrub,53658.4,-31378.3,719.9,-258.98,1.24
R8719,shrub,68372.4,-30510.7,2853.3,-6.9,0.707
R8720,shrub,-72629.7,-29671.7,3784.2,-84.56,0.744
R8721,shrub,-67803.4,-29595.3,2327.8,-193.91,1.374
R8722,shrub,-58553,-29715.5,2246.7,-62.46,1.136
R8723,shrub,-13422.4,-30373.7,1157.1,-60.24,1.368
R8724,shrub,3509.1,-29544.1,1102.7,-114.75,0.983
R8725,shrub,66582,-30032.7,2242.7,-40.86,1.318
R8726,shrub,71182.1,-29685.3,4271.9,-35.97,0.96
R8727,shrub,-79324.9,-28661.9,5819.5,-50.73,0.842
R8728,shrub,-48324.6,-28512.3,884.5,29.96,1.395
R8729,shrub,-38241,-29379.9,631,-174.28,0.728
R8730,shrub,-12610.7,-28765.9,1222.9,-93.29,0.737
R8731,shrub,-2673.2,-28986.5,1335.2,-210.12,0.907
R8732,shrub,-112.6,-28412.3,1227.3,-209.63,1.046
R8733,shrub,2307.6,-28647.7,1250.2,-102.81,1.072
R8734,shrub,40359.8,-28783.2,1208.6,-68.75,0.785
R8735,shrub,45233.6,-29315.1,1271.1,-11.37,1.017
R8736,shrub,46170.3,-28600.2,1293.5,-149.79,1.07
R8737,shrub,67767.8,-28991.7,2208.1,39.45,1.332
R8738,shrub,-77859.3,-27296.2,4657.5,-30.26,1.215
R8739,shrub,-55536.5,-27525.4,1321.6,-99.2,1.164
R8740,shrub,-42196.5,-28154.2,739.1,-263.04,0.739
R8741,shrub,-12450.5,-27530.2,1082.9,-182.21,1.063
R8742,shrub,-597.9,-27555.4,1126.2,-152.54,0.834
R8743,shrub,34627.2,-27698.6,933.3,-16.45,0.99
R8744,shrub,37615.9,-27595.9,1097.6,-92.6,0.732
R8745,shrub,39239.1,-28021.7,1050.1,-41.32,1.388
R8746,shrub,58339.1,-27890.7,1116.4,-143.89,0.877
R8747,shrub,64353.3,-28015.3,1576.3,67.56,1.177
R8748,shrub,-53063.3,-26920.3,1200.8,-177.2,0.89
R8749,shrub,-28435.4,-26794.9,1022.2,86.3,1.016
R8750,shrub,-11211.7,-26876.9,810,65.95,1.116
R8751,shrub,-2157.6,-27048.2,879.1,-232.58,0.821
R8752,shrub,-1380.1,-26602.3,690.7,-118.5,1.096
R8753,shrub,10733.7,-26628.5,810.7,64.22,0.914
R8754,shrub,12015.7,-27198.7,902.2,-63.42,0.894
R8755,shrub,16196.3,-27130,979.2,-256.24,1.088
R8756,shrub,23976.6,-26248.2,967.9,-134.39,1.04
R8757,shrub,26924.2,-26123,818.3,-189.61,1.277
R8758,shrub,40185.2,-26612.6,1068.5,-23.01,0.993
R8759,shrub,-59538.8,-25582.6,1541.5,-180.3,1.073
R8760,shrub,-52792.5,-25547.7,1142.1,-124.45,1.231
R8761,shrub,-46795.7,-25971.7,756.8,-215.36,0.803
R8762,shrub,-27055.3,-25268.4,631.1,-40.23,1.204
R8763,shrub,-25128.8,-25391.6,668.8,-230.4,1.33
R8764,shrub,643.8,-25903.4,436.5,-120.73,0.754
R8765,shrub,11905.3,-25540.3,436,-7.31,1.061
R8766,shrub,25216.9,-25552.8,790.8,23.16,0.773
R8767,shrub,26767.4,-25171.1,665.1,-38.6,1.229
R8768,shrub,45176.1,-25985.9,1186.3,-91.04,1.157
R8769,shrub,50580.9,-25908.4,714.2,-135.46,0.859
R8770,shrub,37976.1,-24214.4,499.5,64.79,0.882
R8771,shrub,75783.3,-86.4,2442.3,-161.7,1.389
R8772,shrub,-66805,654.7,3952.3,-151.85,0.718
R8773,shrub,-32676.9,865.5,608.2,-36.55,0.864
R8774,shrub,-29492.5,875.1,629.2,61.45,1.078
R8775,shrub,-24616.2,849.8,656.6,-68.2,1.369
R8776,shrub,-22765.1,1312.1,755.2,-82.3,0.773
R8777,shrub,-10751,434.4,571.5,68.61,0.949
R8778,shrub,-7544.2,516.3,894.3,-14.27,1.272
R8779,shrub,13427.1,1387.5,994.9,-64.6,1.168
R8780,shrub,59417,916.1,555,50.7,0.883
R8781,shrub,-72641.7,1542.5,4978,-235.73,1.288
R8782,shrub,-27126.9,1475.6,777.4,-134.53,1.019
R8783,shrub,-19463.4,2359.8,946.3,-31.06,0.863
R8784,shrub,-15708.8,1466.4,936.9,61.9,0.864
R8785,shrub,32630.4,2148.9,531.9,23.27,1.212
R8786,shrub,-64267.9,3360.2,3018.8,-37.1,0.88
R8787,shrub,-38632.8,3231.8,1011.1,-162.47,0.709
R8788,shrub,12926.8,2709.9,2277.5,67.47,1.115
R8789,shrub,34999.3,2988.6,837.8,-262.66,1.312
R8790,shrub,65695.9,2718.5,2516.2,-60.7,0.847
R8791,shrub,72585.8,2799.9,4809.1,-23.63,1.325
R8792,shrub,-45715.1,3654.4,1167.4,-165.35,1.359
R8793,shrub,-38817,4082,930.7,-66.85,1.242
R8794,shrub,-21295.3,3741.3,1210.2,-96.98,1.06
R8795,shrub,-8380.3,4163.6,3995.3,-153.35,1.236
R8796,shrub,-5273.3,4294.7,3092,-10.39,1.276
R8797,shrub,-5024.1,3875.9,3026.8,14.29,1.213
R8798,shrub,7614.8,3823,1858.2,-252.52,0.973
R8799,shrub,10401.1,4041.8,2182.1,-231.84,1.003
R8800,shrub,62510.8,4205.1,1510.4,-31.13,1.268
R8801,shrub,77494,3682.8,4758.2,-47.07,1.006
R8802,shrub,-64079.4,5371.3,2559,-52.82,0.713
R8803,shrub,-43636.9,5673.9,1292.5,-15.61,1.24
R8804,shrub,-29693.4,5238.5,958.4,-170.58,0.749
R8805,shrub,-17762,5743.3,1461.4,-116,1.329
R8806,shrub,50159.4,5142.1,835.5,-148.52,0.946
R8807,shrub,-70343.6,5829.6,4612.1,83.2,1.188
R8808,shrub,-70069.1,6579.8,4337.2,-252.14,0.749
R8809,shrub,-67550.5,6073,4561.5,-265.28,1.076
R8810,shrub,-45753.6,5962.9,1446.5,-140.92,0.725
R8811,shrub,-9970,6053.6,4181.9,-222.36,1.174
R8812,shrub,10947.2,6871.9,2736.5,-227.64,1.232
R8813,shrub,12490.8,5982.7,2976.4,-227.93,1.103
R8814,shrub,49354.4,6244.7,895.2,-111.35,1.104
R8815,shrub,-78625.5,7025,5722.1,-57.11,1.082
R8816,shrub,-72788.5,7707.5,5056.4,56.15,1.188
R8817,shrub,-50520.8,7501.9,1378.3,-195.14,0.948
R8818,shrub,-35874.9,7008.5,808.3,10.99,1.265
R8819,shrub,-21192.9,7950.2,938.3,-212.1,0.968
R8820,shrub,1773,7680.2,2669.1,35.89,0.78
R8821,shrub,5775.6,7984.5,2272.6,-41.67,0.957
R8822,shrub,14780,7619,3427.9,53.68,0.883
R8823,shrub,18945.3,7300.1,3569.6,-131.27,0.976
R8824,shrub,72340.2,7285.8,4764.6,-61.17,0.718
R8825,shrub,-52663.4,8610.2,1307.6,-121.24,0.748
R8826,shrub,-2728.9,8429.1,4161.6,-236.94,0.861
R8827,shrub,32103.5,8211.5,1171,86.36,0.824
R8828,shrub,36848.1,8339.2,1113.5,-130.38,0.915
R8829,shrub,38350.6,8787.6,1009.3,-96.2,0.77
R8830,shrub,49056.9,8524.4,781.9,-54.11,1.366
R8831,shrub,-65504.3,9907.6,3473.3,-243.61,0.996
R8832,shrub,-64264,9467.2,3047.4,-220.79,1.03
R8833,shrub,-61380.1,9241.9,2385.3,-33.65,1.063
R8834,shrub,-40746.8,10124.7,1026.6,-81.31,1.242
R8835,shrub,-30205.1,9566.9,645.5,-75.93,0.904
R8836,shrub,-14152.4,9791.5,3534.7,-9.44,0.809
R8837,shrub,-5158.1,10108.3,4893.3,-28.16,1.144
R8838,shrub,8232.5,10007.4,2749.5,-66.9,0.743
R8839,shrub,-69235.6,11291.7,4206.3,-130.85,1.286
R8840,shrub,-35048.9,11102.6,555.1,-109.13,0.964
R8841,shrub,-17749.3,10343.4,1751.4,-169.12,1.399
R8842,shrub,-3992.3,11263,4178.4,85.61,1.096
R8843,shrub,34979,10342,1072.6,56.05,1.201
R8844,shrub,57231.4,11263.1,987.2,-165.5,0.937
R8845,shrub,73025.8,10852.5,4200,82.95,1.108
R8846,shrub,76311.1,10808.7,4680.2,-51.38,1.013
R8847,shrub,-76441,12185,5235.2,85.93,1.382
R8848,shrub,-61340.6,12161.6,2329.6,80.39,0.971
R8849,shrub,-43933.1,12140.6,1257.6,-263.83,1.398
R8850,shrub,-43063.7,11672.7,1187.5,-129.72,1.19
R8851,shrub,-42063.1,11606.9,1034.5,-235.74,1.254
R8852,shrub,-35634.5,11777.3,589.4,-80.8,0.834
R8853,shrub,-15291.9,12346.7,2687.8,37.93,0.887
R8854,shrub,-12841.8,12170.6,3954.4,26.01,1.142
R8855,shrub,19694.9,11333.7,2885.7,-231.5,0.945
R8856,shrub,20368.4,11896.5,2459.5,66.48,0.898
R8857,shrub,49693.4,11973.6,810.2,80.54,1.234
R8858,shrub,-70282.4,12490.4,4339.8,20.58,1.09
R8859,shrub,-69166.7,13227,3993.7,-28.57,0.882
R8860,shrub,-46497.3,12962,1351.3,71.31,1.34
R8861,shrub,-39897.9,12647.1,948.1,-44.52,0.911
R8862,shrub,-4277.3,13108.4,3254.2,-241.04,0.765
R8863,shrub,5184.7,13341.8,2069.5,67.42,0.994
R8864,shrub,20364,12904.3,2647.4,-159.93,1.203
R8865,shrub,30686.7,12863.1,1001.7,-79.1,1.177
R8866,shrub,46692.6,13372.4,814.3,-38.31,1.081
R8867,shrub,432.2,14152.1,2542.1,-151.38,1.333
R8868,shrub,51649,14389.7,869.8,-107.19,1.39
R8869,shrub,64873.3,13792.7,2968.1,-220.59,0.74
R8870,shrub,-79113.5,14808.6,4730.3,-143.76,0.727
R8871,shrub,-65276.1,15551.9,3309.6,-139.85,0.707
R8872,shrub,-63153,15561.3,2609.1,-16.69,0.748
R8873,shrub,-48617.1,14638.3,1339.5,-174.83,1.316
R8874,shrub,-37218.5,15261.9,743.8,-126.45,0.838
R8875,shrub,-25649,15338.1,984.1,-13.63,1.179
R8876,shrub,-24305.1,15299.1,1042.2,76.67,1.289
R8877,shrub,36351.5,15284.9,653,-138.96,1.063
R8878,shrub,40696.8,15214.8,775.7,-233.6,1.225
R8879,shrub,44252.3,14760.7,906.3,59.27,1.335
R8880,shrub,-58773.7,15803.6,1986.3,-233.47,1.387
R8881,shrub,-29359.9,16215.4,939.7,-152.49,1.161
R8882,shrub,10785.3,16162.2,2591,-246.18,1.02
R8883,shrub,51707.9,16215.5,924.7,-165.84,0.904
R8884,shrub,64266,16446.7,2277.4,-177.24,0.88
R8885,shrub,67992,16099.8,4328.5,-263.4,1.025
R8886,shrub,77136.4,16700.4,4057,37.28,0.984
R8887,shrub,-76595.1,16960.8,4969.9,-71.75,1.178
R8888,shrub,-73042.5,17088.2,5073.5,-267.09,1.233
R8889,shrub,-48343.4,17662.2,1077.5,-159.49,1.104
R8890,shrub,-28684.9,17077.4,890.9,-126.28,1.09
R8891,shrub,-27165.2,17285.2,935.2,21.11,1.269
R8892,shrub,-24718,17208.1,1111.9,-256.18,1.112
R8893,shrub,-23025,17602.2,1227.1,-157.16,1.19
R8894,shrub,6581.8,17310.2,1876.7,-82.5,0.734
R8895,shrub,17940.7,17198.7,2653.7,-241.56,0.74
R8896,shrub,63634.4,17418.8,1632.1,44.64,0.971
R8897,shrub,67329.1,16889.9,3407.8,-137.79,0.795
R8898,shrub,68321.3,17419,3565.5,-31.95,0.899
R8899,shrub,69706.8,16964.7,4310.5,-227.78,0.813
R8900,shrub,71121.5,17339.1,4821.7,-114.61,1.079
R8901,shrub,72154.3,17236.7,4360.2,-173.32,1.093
R8902,shrub,-76380,18756,4299.5,-45.71,0.892
R8903,shrub,-73829.7,18561.1,4050.8,-146.3,1.127
R8904,shrub,-64850.6,18893.3,2626.5,-48.3,1.206
R8905,shrub,-54291.8,17907.4,1306.7,-106.47,1.231
R8906,shrub,-45918.7,18153.4,850.9,-146.13,1.161
R8907,shrub,-38385.4,18442.9,745.3,49.93,0.803
R8908,shrub,-31690.5,18717.1,825,-240.24,1.215
R8909,shrub,-19496.8,18533.3,1276.1,-13.77,0.957
R8910,shrub,-3645.5,18806.3,2076.1,-64.78,1.323
R8911,shrub,-196.9,18835.2,1663.9,-44.61,0.718
R8912,shrub,7627.7,18884.6,1588.2,-218.68,1.34
R8913,shrub,15605.3,17978.8,2435.5,-12.16,1.079
R8914,shrub,27943.9,18193.7,969.3,43.62,1.353
R8915,shrub,32537.9,18691.3,724.7,3.18,0.926
R8916,shrub,38188.8,18629.5,764.4,66.7,1.098
R8917,shrub,49156.4,18362.1,920.7,-102.87,0.982
R8918,shrub,61545.2,18892.9,1213.2,-53.95,1.11
R8919,shrub,75134.6,18676.4,3983.3,-130.76,0.854
R8920,shrub,-67071.4,19443.9,3034.4,-141.07,0.715
R8921,shrub,-24171,19485.9,1104.7,82.13,1.354
R8922,shrub,25749.2,19464.6,1063.1,-236.91,0.743
R8923,shrub,28348.7,19905.6,989.3,-113.64,0.929
R8924,shrub,28990.4,19990.8,957.9,-179.57,1.128
R8925,shrub,32289.1,19628.4,861.1,-243.67,0.916
R8926,shrub,59663.8,19983.5,1218.7,-96.32,0.848
R8927,shrub,-51216.1,21041.5,1164.6,-258.71,1.191
R8928,shrub,-41887.1,20241.9,998.4,-122.45,1.218
R8929,shrub,-41103.8,20761.9,1015.3,-183.35,0.854
R8930,shrub,-39066.8,20127.2,868.8,-120.59,1.145
R8931,shrub,-21385.9,20896,1258.7,-96.78,1.376
R8932,shrub,-9918.9,20871.1,1671.8,-201.65,0.92
R8933,shrub,-560.2,20208.5,1549.9,70.22,1.288
R8934,shrub,23302.8,20553.1,992.5,34.03,1.047
R8935,shrub,57240.3,20983.4,1260.2,-266.68,1.064
R8936,shrub,67863.1,20827.5,2447.1,-22.08,0.989
R8937,shrub,-21125.5,22283.3,1119.7,87.01,1.39
R8938,shrub,-19987.7,21426.2,1281,-198.53,0.935
R8939,shrub,9231,21340.3,1477.9,-267.91,0.997
R8940,shrub,15181.5,21649.2,1469,82.03,0.924
R8941,shrub,19196.9,22120.9,1182.6,45.41,0.925
R8942,shrub,45823.9,22017.7,618.7,-178.13,1.243
R8943,shrub,57993.5,21596.8,1294.7,-197.43,1.369
R8944,shrub,63187.8,21618.9,1326.5,-237.45,1.396
R8945,shrub,66799.1,21532.6,2050.3,9.91,1.053
R8946,shrub,-73501.6,22922,3514.8,-180.49,1.399
R8947,shrub,-68624.2,23361.3,4134.2,66.58,0.966
R8948,shrub,-57801.6,23069.5,1522,-178.59,0.876
R8949,shrub,-46389.8,22920.8,954,-247.84,1.127
R8950,shrub,-28482.6,22822.1,829.9,10.98,1.235
R8951,shrub,-20089.6,22927.3,1158.6,17.55,1.161
R8952,shrub,-17377.6,22649.8,1201.9,-77.55,1.1
R8953,shrub,-12633.6,23388.3,1396.2,-257.09,1.159
R8954,shrub,-10268.7,22500.4,1456.4,-204.5,0.918
R8955,shrub,7824.7,22888.9,1440.8,81.23,1.064
R8956,shrub,38867.8,23060.5,924,-168.3,0.811
R8957,shrub,64249,22612.3,1398.8,-107.47,1.021
R8958,shrub,73288.6,22605.1,4108.6,-95.12,1.368
R8959,shrub,-72520.8,24090,3609.2,-196.78,1.031
R8960,shrub,-57685.4,23957.4,1481.1,-216.58,0.703
R8961,shrub,-38247.4,23409.8,1009.1,-184.89,1.161
R8962,shrub,-36336.8,23833.4,869.6,-233.36,0.842
R8963,shrub,-30589,24284.8,794.9,32.67,1.323
R8964,shrub,-24649.2,24373.1,1022.1,63.91,1.284
R8965,shrub,-23259,24351.4,956,-76.75,1.106
R8966,shrub,-18525,24232.5,1139.6,74.19,0.947
R8967,shrub,-14424.4,24150.6,1308.6,77.18,0.782
R8968,shrub,-9284.3,23685.1,1260.5,-13.95,0.88
R8969,shrub,-5207.3,24214.9,1115.5,-78.22,1.379
R8970,shrub,8447.3,23505,1409,-93.56,1.295
R8971,shrub,10194.3,24270.9,1331.4,-104.26,1.317
R8972,shrub,44818.8,24428.2,855.9,-232.41,1.228
R8973,shrub,46412.8,23620.7,659.6,-171.14,0.717
R8974,shrub,54966.9,23526.3,1010.2,-96.24,1.087
R8975,shrub,72346.3,24080.6,3387.7,-15.28,1.108
R8976,shrub,78570.3,24015.1,5899.2,-251.08,0.851
R8977,shrub,-67431.9,25306.9,4188.9,8.01,1.392
R8978,shrub,-59111.5,24507.5,1449.3,78.32,1.289
R8979,shrub,-47618.7,25185.7,1126.2,-205.02,0.838
R8980,shrub,-29378.7,25550.6,912.9,54.28,0.928
R8981,shrub,-24392,24784.6,1024.7,-63.31,1.121
R8982,shrub,-21529.2,25320,974.7,-63.19,0.997
R8983,shrub,-14400.4,25220.8,1338.4,-152.83,1.053
R8984,shrub,-10068,25431.9,1177.1,-220.3,0.826
R8985,shrub,-8762.6,25513.1,1125.9,-264.18,1.289
R8986,shrub,69612.8,25425.7,3193.5,-15.04,0.746
R8987,shrub,-66974.7,26686.7,3949.4,-53.27,1.325
R8988,shrub,-54478.7,26384.2,1361,-269.27,1.285
R8989,shrub,-44461.4,26006.8,917.2,41.3,0.754
R8990,shrub,-27388.7,26198,902.2,-18.11,0.839
R8991,shrub,-25144.4,26692.9,991,9.21,1.18
R8992,shrub,-22109.3,26159.8,935.8,-199.61,1.344
R8993,shrub,-14817.6,26220.6,1281,28,1.195
R8994,shrub,-13531.3,26110.8,1223.3,8.68,1.319
R8995,shrub,-11794,26545.6,1196.6,55.17,1.146
R8996,shrub,-9109.9,26427.2,1125.2,-113.3,1.026
R8997,shrub,-7814.3,25991.3,1135.7,-193.9,0.96
R8998,shrub,-5471.8,26445.9,1131.3,-251.38,1.135
R8999,shrub,17904.4,25889.3,1197.8,-76.29,1.229
R9000,shrub,48897.6,26548.6,685.9,-39.93,1.382
R9001,shrub,68911.9,26479.6,3021.5,41.99,1.139
R9002,shrub,69833.2,26522.8,3379.2,41.74,0.84
R9003,shrub,78429.6,25806.5,5659.6,-210.08,1.3
R9004,shrub,-75766,26827.1,4887.8,73,1.34
R9005,shrub,-54676.5,27545.4,1438.8,-22.93,0.848
R9006,shrub,-22918.1,27153.6,1035.4,-14.51,0.972
R9007,shrub,-21308.2,27669.3,1060.4,-79.83,0.876
R9008,shrub,-19734.8,26801.9,1074.4,-74.68,1.181
R9009,shrub,-14855.2,27451.7,1112,-7.06,1.296
R9010,shrub,2955.9,26960.6,1438.6,-83.7,0.832
R9011,shrub,7435.6,27199,1254.1,-224.45,1.004
R9012,shrub,12922.5,27372.1,1480.9,-236.99,0.982
R9013,shrub,17916.5,27451.6,1219.8,-183.32,1.295
R9014,shrub,48267.5,27785.8,717.8,-18.27,1.244
R9015,shrub,54044.5,27489.7,1002.6,-55.03,0.979
R9016,shrub,56858.2,27567,1046.1,51.19,0.751
R9017,shrub,74934.1,27579.8,5686.2,-127.43,0.984
R9018,shrub,78946.7,26911.1,5213.3,-25.61,1.353
R9019,shrub,-64147.6,28895.6,2362,-182.75,0.849
R9020,shrub,-57502.9,28750.1,1657.8,-52.12,0.802
R9021,shrub,-20039.4,27866.4,1094.1,-245.81,1.083
R9022,shrub,11429.3,28246.5,1507.8,-86.96,0.845
R9023,shrub,32831.7,27942.4,936.2,19.05,0.769
R9024,shrub,49255.6,28188.9,713,-15.55,0.878
R9025,shrub,-73883.4,29592.7,4284.9,-87.29,1.322
R9026,shrub,-60017.7,29950.3,2180.3,-182.86,0.702
R9027,shrub,-58233.5,29389.5,1712.9,-112.64,0.954
R9028,shrub,-40404.1,29934.3,1035.3,-189.29,0.857
R9029,shrub,-25970.4,29414.8,945.8,-36.52,1.363
R9030,shrub,-15988.7,29036.8,1313.7,-10.72,1.171
R9031,shrub,-12906.2,29974.7,1273.8,-64.08,1.365
R9032,shrub,-11008.4,29703.5,1317.2,52.39,0.965
R9033,shrub,-5609.9,29420.1,1279.9,-123.27,0.882
R9034,shrub,-3373,29791.6,1068.5,-143.47,0.745
R9035,shrub,17233.7,29916.7,1388.7,-266.69,0.89
R9036,shrub,58427.3,29536.1,1130.3,-29.33,0.88
R9037,shrub,75218.8,29583.6,5498.9,-253.61,1.138
R9038,shrub,-71916.3,30450.7,4944.1,50.55,1.244
R9039,shrub,-30842.2,30405.8,1024.5,78.95,0.932
R9040,shrub,-23359.9,30148.8,1016.6,-138.81,0.875
R9041,shrub,-22254.8,31081.8,1014.6,73.31,0.817
R9042,shrub,-20120,31071.3,1098.9,-262.19,1.223
R9043,shrub,-13700.8,30845.7,1239.9,-36.46,0.932
R9044,shrub,1669.1,30234.4,1154,-13.04,1.269
R9045,shrub,20125.4,30851.5,1182.4,60.22,0.942
R9046,shrub,50146.8,30815.3,595.3,-71.7,0.759
R9047,shrub,55062.5,30862.8,1012.2,-224.59,0.968
R9048,shrub,56859.2,30691,995.7,-8.04,0.795
R9049,shrub,62233.9,30115,1233.9,34.11,0.894
R9050,shrub,63102.1,30028.4,1569.2,-39.14,1.14
R9051,shrub,65439.3,30923.3,1457.3,-60.85,1.215
R9052,shrub,66678.3,30925.8,1522.6,0.93,1.381
R9053,shrub,73868.1,30027.1,5486.8,19.27,1.112
R9054,shrub,76426.9,30111.3,5514.6,-253.49,0.769
R9055,shrub,-65365.1,31871.3,2907.9,-65.9,1.294
R9056,shrub,-52135.6,31489,1881.9,-65.44,0.908
R9057,shrub,-16656.3,31486,1278.5,-208.74,1.137
R9058,shrub,-13417.2,31517.6,1257.9,-226.58,1.135
R9059,shrub,-10235.4,31926.7,1461.2,45.42,1.031
R9060,shrub,1516.9,31717.4,1185.5,-5.17,0.8
R9061,shrub,13989.3,32130,1205.2,-192.65,0.807
R9062,shrub,19332.1,31838.3,1278.3,-223.65,1.262
R9063,shrub,53847.3,31241.7,947.1,85.15,1.339
R9064,shrub,59667.7,32126.5,800.6,-44.22,1.172
R9065,shrub,73350.4,31759.5,4568.2,-27.48,0.745
R9066,shrub,-65705.4,33215.4,2925.7,7.21,1.287
R9067,shrub,-42483.7,33060.5,1380,-64.3,1.281
R9068,shrub,-30440.1,32904.1,1017,-89.12,0.903
R9069,shrub,-25546.5,32916.1,1000.7,-43.36,1.113
R9070,shrub,-17999.7,32576.4,1328.2,-83.96,1.369
R9071,shrub,-7032.3,32863.4,1429.7,53.42,0.875
R9072,shrub,-1390.8,32968.7,1045.5,36.39,0.799
R9073,shrub,251.3,32723.4,1175.5,-79.26,0.885
R9074,shrub,3066.9,32960.7,1135.9,6.92,0.81
R9075,shrub,6065.2,32780.9,1282.6,61.54,1.028
R9076,shrub,11992.8,32521.2,1175.6,-171.41,1.094
R9077,shrub,25406.6,32296.5,933.3,-174.82,1.12
R9078,shrub,49459.3,32677.6,608.4,-179.34,1.374
R9079,shrub,54415.3,32430.7,878.7,-160.86,0.991
R9080,shrub,65893.1,32891.5,1210.8,-45.32,0.842
R9081,shrub,75059.9,32717.9,4173.1,-137.79,0.742
R9082,shrub,-66352.2,33594.3,3110.2,-144.33,0.876
R9083,shrub,-16200.1,33985.3,1419.6,-43.95,1.16
R9084,shrub,-14489.5,33976.5,1360.6,-221.73,1.217
R9085,shrub,-5694.6,33337.6,1328.5,-269.15,0.719
R9086,shrub,-2184.7,34066.9,1161.3,-220.74,0.958
R9087,shrub,49084.8,33326.3,694.6,78.21,1.173
R9088,shrub,67598.1,33647.8,1735.1,57.8,1.102
R9089,shrub,-71541.7,34773.3,4681.7,-148.81,0.872
R9090,shrub,-36344,34708.5,1245.2,75.46,1.043
R9091,shrub,-25193.2,35383.5,1078.3,-176,0.804
R9092,shrub,-23766.1,35157.5,921.7,19.35,1.151
R9093,shrub,-21397.8,35225.8,998.3,-63.34,1.091
R9094,shrub,-19387.1,35208.7,1261.5,-87.51,0.814
R9095,shrub,-13871.1,34670.2,1392.2,-176.04,0.707
R9096,shrub,-2107.7,35248,1209.2,-192.68,1.197
R9097,shrub,8063.7,35458,1263.5,-122.03,1.133
R9098,shrub,55039,34579.6,872.7,-89.64,1.005
R9099,shrub,65345.3,34541.4,1411.6,-117.61,1.332
R9100,shrub,77875.8,35153.5,4533.6,-7.66,1.06
R9101,shrub,-74743.2,35927.1,4296.7,-19.7,1.13
R9102,shrub,-63127.6,35922.3,4254.5,-197.56,0.975
R9103,shrub,-35400.6,35889.8,1138.9,-217.44,0.937
R9104,shrub,-32055.2,36510.9,1006.4,-121.05,0.758
R9105,shrub,-31092.6,36233.4,977.8,-14.6,1.26
R9106,shrub,-29963.5,35766.2,981.5,-64.02,1.162
R9107,shrub,-28415.8,35966.7,1150.3,20.31,1.113
R9108,shrub,-18616.2,36548.4,1266.6,-257.26,0.713
R9109,shrub,-2775.5,36390,1268,-78.56,1.134
R9110,shrub,5834.2,35875.2,1232.3,-141.55,1.202
R9111,shrub,10089.4,35919.3,1169.5,-107,0.975
R9112,shrub,20282.7,35811.8,1154.3,-213.27,1.38
R9113,shrub,43169.1,36081.9,982,-76.37,1.067
R9114,shrub,47889.6,35813.5,1024.9,-48.15,0.715
R9115,shrub,56837.7,36185.8,814.6,-226.91,0.778
R9116,shrub,66196.5,36037,1830.3,-98.2,0.737
R9117,shrub,71800.4,36094,3128.6,-229.63,1.257
R9118,shrub,75237.4,36095.3,4222.2,-164.44,0.711
R9119,shrub,-78573.7,36767,5742.1,53.44,0.966
R9120,shrub,-68993.9,36889.9,5186.6,-217.45,0.9
R9121,shrub,-61393.8,37262.4,4494.8,33.86,1.265
R9122,shrub,-42037,36639.7,1407.8,33.98,1.194
R9123,shrub,-28533.7,37563.3,1117,-50.84,0.922
R9124,shrub,-25510.8,36795.7,1239.2,65.56,0.738
R9125,shrub,-21771.5,37392.3,1040.2,-72.77,1.29
R9126,shrub,-16781.3,37052.2,1479.2,-104.61,0.851
R9127,shrub,-13222.5,37632.3,1419.5,-156.3,0.769
R9128,shrub,-12220.2,36619.5,1326.5,-181.52,1.027
R9129,shrub,-8146,37511.5,1026.5,24.88,0.783
R9130,shrub,-4931.1,37275.8,1204.6,-40.34,1.037
R9131,shrub,688.2,36666.4,1106.3,-60.66,1.292
R9132,shrub,35617,36646.6,833.1,-51,0.944
R9133,shrub,50536.8,37048.9,984.7,-105.35,0.747
R9134,shrub,59085.3,37381.2,892.7,25.28,1.265
R9135,shrub,68257.1,37408.3,2092.2,41.7,0.804
R9136,shrub,68837.2,37496.1,2235.8,83.03,0.951
R9137,shrub,72475.8,36820,3682.5,-266.46,1.036
R9138,shrub,-73466.3,37755.3,4822.5,-47.73,0.984
R9139,shrub,-59222.8,38561.9,4475.5,-85.74,1.134
R9140,shrub,-49283.8,38292.1,2672,-114.16,0.838
R9141,shrub,-31317.2,38245.4,972.7,-35.56,0.762
R9142,shrub,-29489.1,38663.4,1018.6,-120.04,1.015
R9143,shrub,-27884.7,38567.4,1099.7,5.45,0.96
R9144,shrub,-23378.9,38365.3,1046.2,67.65,1.082
R9145,shrub,-21821.7,38734.3,1106,0.04,0.965
R9146,shrub,-21343.6,37846.9,1093.8,-86.83,1.085
R9147,shrub,-11224.6,37937.1,1185.2,-174.18,0.928
R9148,shrub,-6106.1,38594,909.9,-123.51,0.901
R9149,shrub,4724.1,38027.7,1160.4,-17.18,0.747
R9150,shrub,9140.7,37879.2,1002,-246.07,1.375
R9151,shrub,19210.8,38415.3,1084.8,-200.61,0.718
R9152,shrub,26316.6,37744.6,1148.6,-132.72,0.789
R9153,shrub,44570.9,38544.6,1062.1,-52.33,1.154
R9154,shrub,45410.5,38769.1,1077.8,-80.91,0.986
R9155,shrub,63844.5,38169.3,2207.9,-165.11,1.048
R9156,shrub,66723.8,38632.1,1889.7,-267.29,1.28
R9157,shrub,71510,38308.9,3153.3,21.38,0.928
R9158,shrub,77554.9,38629.8,4912.5,82.59,1.032
R9159,shrub,-61505.7,38820.2,5645.3,47.59,1.112
R9160,shrub,-54022.9,39749,3968.2,-227.28,0.884
R9161,shrub,-50186.8,38834.3,2902.3,-251.47,0.755
R9162,shrub,-31620.4,39651.5,1030.8,60.05,1.243
R9163,shrub,-28259.6,39894.1,1035.7,-114.2,1.096
R9164,shrub,-22074.7,39102.4,1120.5,-237.01,1.147
R9165,shrub,-17525.2,39227.4,1330.6,18.24,1.387
R9166,shrub,-13797.6,39384.5,1218.9,-69.13,0.764
R9167,shrub,-12621,39763.7,1112.8,-250.37,1.279
R9168,shrub,-10844.1,38929.2,1038.9,89.4,0.909
R9169,shrub,2442.2,39854,1203.5,61.82,0.871
R9170,shrub,32745.1,39178.5,847.6,75.36,1.28
R9171,shrub,46993.7,39134.7,1088.8,-100.59,1.1
R9172,shrub,48636.3,39491.4,1059.5,-158.59,0.952
R9173,shrub,59575.1,39441.3,1252.5,-186.71,1.163
R9174,shrub,60326.6,39361.2,1660.8,29.36,0.792
R9175,shrub,63446.3,39893.1,1922.2,-18.73,1.108
R9176,shrub,-71986.7,40391.4,6512.1,-45.36,0.796
R9177,shrub,-70150.3,39955.5,6715.4,-115.37,1.042
R9178,shrub,-58202.9,40343.9,4374.6,-200.89,0.911
R9179,shrub,-56668.5,40571,4431.9,14.92,1.13
R9180,shrub,-54665.7,40957.5,4737.6,-11.66,0.733
R9181,shrub,-47084.2,40874.8,2560.5,-220.66,1.033
R9182,shrub,-24689.6,40299.9,1029.9,-60.72,1.006
R9183,shrub,-20746.4,40034.4,1164.9,79.36,0.853
R9184,shrub,-13446,40766,1048.1,-53.97,1.194
R9185,shrub,-11209,40082.8,1046.2,27.11,1.038
R9186,shrub,-10170.6,40231.3,999.3,-235.28,0.762
R9187,shrub,-6009.3,40625,752.2,45.48,0.904
R9188,shrub,-4906.6,40253.8,876.5,-238.15,1.162
R9189,shrub,-441.5,40032.4,1115.5,-15.88,1.075
R9190,shrub,18238.1,40470,1042.5,-91.47,0.848
R9191,shrub,25268.3,40354.2,1285.4,78.69,0.877
R9192,shrub,48512.6,40194.8,1043,-261.56,1.031
R9193,shrub,51474.8,40209.5,980.8,-70.64,1.038
R9194,shrub,57602,40717.6,839.7,-153.85,1.236
R9195,shrub,58984.1,40959.5,943.7,31.82,0.872
R9196,shrub,69262.9,39956.6,2349.4,70.57,0.706
R9197,shrub,71052.1,40413.3,2901.8,46.31,1.067
R9198,shrub,77184.3,40765.2,5017.8,0.4,1.306
R9199,shrub,-48497,41347.2,3102.8,-40.57,1.147
R9200,shrub,-24497.1,42095.2,933.7,-81.39,1.088
R9201,shrub,-18153.7,41599.3,1238.4,-106.88,1.264
R9202,shrub,-14176.2,42092.6,927.3,54.21,1.22
R9203,shrub,-7431.5,41804.2,646.9,43.02,1.307
R9204,shrub,-4934.8,41017.3,833.5,-259.29,1.393
R9205,shrub,24137.4,41260.6,1131.6,36.6,1.158
R9206,shrub,26783,41816.4,1037.9,-157.79,0.823
R9207,shrub,28077.3,41852.8,861.1,29.88,1.163
R9208,shrub,39970.4,41017,840.1,28.71,0.872
R9209,shrub,50557.8,41760.4,1015.7,25.58,1.066
R9210,shrub,52693.9,42013.9,961.6,-97.47,1.25
R9211,shrub,57291.3,41865.4,864.6,89.57,0.943
R9212,shrub,59813.8,42049.2,1214.6,-99.7,1.081
R9213,shrub,64106.7,41170.8,2076.5,-12.34,1.025
R9214,shrub,-64052.5,42446.5,6496.3,-268.44,1.117
R9215,shrub,-35966.7,42744.7,1376.1,-251.03,1.113
R9216,shrub,-19326.3,42261.6,1172.8,-248.95,1.204
R9217,shrub,-11627.3,43029.7,723.9,-64.22,1.116
R9218,shrub,-9763.1,42509.3,691.8,-34.97,0.818
R9219,shrub,-9529.6,42465.3,696.2,-30.9,0.848
R9220,shrub,8524.5,43127,1007.3,-113.43,1.227
R9221,shrub,10093.4,42454.3,1029,37.51,0.922
R9222,shrub,23997.9,42887.2,1021.9,-235.04,1.352
R9223,shrub,30981.2,42146.9,683,-27.39,1.187
R9224,shrub,33012.1,42247.5,727.2,63.58,0.789
R9225,shrub,38631.1,42392.2,872.3,-116.05,0.746
R9226,shrub,40452,42609.9,877.6,6.65,0.937
R9227,shrub,50626.5,42794.5,1050.3,-23.35,0.807
R9228,shrub,51559.4,42655.4,1016.2,-188.75,0.906
R9229,shrub,54033.4,42463.1,805.1,-120.06,1.196
R9230,shrub,64048,42610.5,2138.3,75.26,1.356
R9231,shrub,76925.3,42631.2,5377.4,62.4,1.002
R9232,shrub,-50557.1,43821.2,3477.8,-176.95,1.339
R9233,shrub,-26454,43220,912.1,-124.19,1.312
R9234,shrub,-20455.7,43325.2,1158,-46.4,1.088
R9235,shrub,-19251.4,44284.1,1109.9,-74.55,0.917
R9236,shrub,-12532.4,44172.7,624.3,-68.3,0.761
R9237,shrub,-8640.9,43871.8,613.8,-130.78,0.796
R9238,shrub,11544.2,44088.6,1041.3,-61.14,0.841
R9239,shrub,65138.4,43810.4,2251.9,-163.12,1.372
R9240,shrub,-74849.3,45104.4,7008.9,-191.86,1.026
R9241,shrub,-37240.6,45158.1,1531.6,-104.89,0.963
R9242,shrub,-35050.7,44826.7,1477.2,61.03,0.843
R9243,shrub,-34590.5,44573.5,1416.9,83.56,1.195
R9244,shrub,-31195.5,45350.5,1035.2,-147.62,0.951
R9245,shrub,-29331.7,44559.7,982.9,-238.84,0.752
R9246,shrub,-24975.8,44584.9,920.3,-23.69,1.24
R9247,shrub,-20098.7,44379.8,1106.5,-33.93,0.915
R9248,shrub,-7801.8,44669.3,579.8,58.04,1.31
R9249,shrub,20049.9,44329.3,1034.7,51.69,0.912
R9250,shrub,20364.1,44728.6,996.7,-214.72,0.791
R9251,shrub,25154.9,44346.7,935.1,-158.56,1.319
R9252,shrub,40666.6,45353,843.2,-117.14,0.99
R9253,shrub,42987.1,45225.6,959.2,-187.85,1.337
R9254,shrub,43251.3,44336.7,993.7,-201.02,0.994
R9255,shrub,45727,44727.1,1074.2,13.71,0.782
R9256,shrub,61790.5,45229.9,1385.8,-198.92,1.222
R9257,shrub,68128.5,44589.9,2605.5,-42.82,1.378
R9258,shrub,71213.2,44993.7,2967,-117.09,0.917
R9259,shrub,-68871.5,45413.6,6646.4,-93.31,0.837
R9260,shrub,-64255.8,45476.4,7288.3,-148.84,1.237
R9261,shrub,-37360.8,45455.3,1508,-117.23,1.111
R9262,shrub,-23618.3,45806.2,932.2,12.85,1.255
R9263,shrub,-8167.3,45485.6,563.4,-76,1.196
R9264,shrub,6475.8,46031.2,1111.7,-217.77,1.332
R9265,shrub,9161.9,46052.5,1123.5,-261.06,0.91
R9266,shrub,47847,45770.4,1048.5,-259.31,0.702
R9267,shrub,53202.6,46061.2,989.9,-261.7,1.029
R9268,shrub,54607.2,46213.1,1007.5,-73.23,1.235
R9269,shrub,63334.3,46146.4,1372.2,-98.41,1.068
R9270,shrub,64783.2,45778.5,1730.5,-51.86,0.923
R9271,shrub,65862.1,45971.2,1846,-264.59,1.11
R9272,shrub,66914.4,45467.9,2183.3,-225.96,0.737
R9273,shrub,-75038.3,46911.2,6957,-187.98,1.168
R9274,shrub,-67867.4,47452.9,6652,2.88,0.953
R9275,shrub,-63891.3,46799.5,7288.1,-172.22,1.055
R9276,shrub,-50773.4,47021.7,3578.9,52.13,1.305
R9277,shrub,-49432.5,47598.5,3199.7,-133.09,0.724
R9278,shrub,-34339,47554.3,1200.8,-205.89,1.204
R9279,shrub,-22972.6,47103,954.3,-64.89,1.16
R9280,shrub,-22137.4,47588.3,976.3,-116.68,0.841
R9281,shrub,-10137.6,46937.4,579.5,-125.92,1.166
R9282,shrub,21070.3,46552.6,936.6,-54.01,1.307
R9283,shrub,22896.9,47527,1054.2,-209.03,1.092
R9284,shrub,28264.8,46830.2,1015.9,53.51,1.095
R9285,shrub,34676.5,47166.1,1044.2,-77.25,0.933
R9286,shrub,37681.1,46944,708.6,40.88,1.174
R9287,shrub,47647.6,46595.2,1098.6,-186.55,1.283
R9288,shrub,55805.2,47199.7,1154.1,-199.48,1.241
R9289,shrub,57391.8,46668.6,1108.8,31.53,1.386
R9290,shrub,58719.3,47098.5,1120.2,51.77,0.81
R9291,shrub,61638,47319.8,1278.6,-183.26,0.842
R9292,shrub,68122.9,46939.5,2577.6,54.03,1.067
R9293,shrub,75204.3,46834.6,4467,-207.05,0.716
R9294,shrub,-61283.3,48462.6,8293.9,41.92,1.096
R9295,shrub,-51603.3,47857.4,3728.2,-80.16,0.761
R9296,shrub,-33121.1,47942.6,1092.4,-210.16,1.048
R9297,shrub,-22695.5,48312.1,842.1,-158.99,1.391
R9298,shrub,-13078.3,47629.4,708.8,-42.65,0.763
R9299,shrub,4273.2,47848.3,1112.3,-46.14,0.848
R9300,shrub,33397.1,47995,1084.7,-123.51,0.898
R9301,shrub,39087.1,48519.3,839.4,35.21,0.827
R9302,shrub,42442.4,47762.4,959.7,55.56,1.192
R9303,shrub,43926.4,48680.9,1049.8,-31.58,0.711
R9304,shrub,47688.4,48404.8,1096.3,-257.64,1.347
R9305,shrub,49040.3,48236.8,1067.4,42.11,1.147
R9306,shrub,57152.4,48181.9,1217.7,-164.53,1.383
R9307,shrub,67471.2,48010.6,2362.7,-84.78,0.939
R9308,shrub,-40714.8,49382.2,1586.4,55.62,0.816
R9309,shrub,-34800.1,49767.8,1193.4,-37.18,1.335
R9310,shrub,-32356.3,48851,948,-134.83,1.3
R9311,shrub,-30750,49496,863.9,-269.38,1.107
R9312,shrub,-19140.4,49227.7,882.8,-239.03,1.26
R9313,shrub,5857.4,48761.6,1353.5,-148.16,1.288
R9314,shrub,16568.4,49257,1220.9,-34.49,1.034
R9315,shrub,30475.1,49723.7,932.1,-76,0.876
R9316,shrub,36471.7,49530,927.7,-231.68,0.943
R9317,shrub,39074.4,49467.2,952.3,-91.11,1.061
R9318,shrub,43868.6,49633.7,1032.5,-166.77,0.823
R9319,shrub,46953.5,48920,1155.1,-226.67,0.95
R9320,shrub,53816.1,49063.7,1200.3,-116.88,0.755
R9321,shrub,60352.5,49494.9,1359,-237.52,0.913
R9322,shrub,62650.3,49671.6,1344.9,38.22,0.871
R9323,shrub,66884.4,49727.4,2051.4,-253.7,1.17
R9324,shrub,68886.5,49581.6,3266.8,-6.97,1.194
R9325,shrub,71042.6,49243.3,3837.5,-67.88,1.133
R9326,shrub,71817,49110.2,3760.9,-156.56,1.288
R9327,shrub,74975.6,49310.9,3906,-66.68,1.18
R9328,shrub,-59694.6,50759.2,6925,-161.34,0.782
R9329,shrub,-52859.5,49993.5,5641.3,-225.8,0.981
R9330,shrub,-50543.9,50399.6,4177.8,-107.04,1.008
R9331,shrub,-45541.3,50869.9,2924.9,-188.79,0.747
R9332,shrub,-38660.4,49928.6,1442.1,-121.78,1.128
R9333,shrub,-31830.9,50560.2,890.9,18.56,0.792
R9334,shrub,-29621.9,50309.5,787.7,56.34,0.773
R9335,shrub,-28158.1,49994.3,801.6,72.28,0.898
R9336,shrub,-5597.1,50201,684.2,-163.83,1.052
R9337,shrub,13472.8,50588.6,1201.5,-181.73,1.2
R9338,shrub,18935,50837.6,1189.6,16.32,0.831
R9339,shrub,32710.4,50701.9,1018.4,-191.76,0.86
R9340,shrub,37224.8,50608.7,957.8,-44.68,1.094
R9341,shrub,38597.1,50894.3,968.8,-51.43,1.157
R9342,shrub,41941.5,50639.3,983.9,-84.99,0.897
R9343,shrub,42746.8,50587.6,949.4,-4.75,0.742
R9344,shrub,44048.9,50250.4,974.8,-81.56,1.106
R9345,shrub,48461.8,50158.6,1055.9,-130.16,0.759
R9346,shrub,51317.3,49801.7,989.6,-30.82,1.037
R9347,shrub,58442.5,50551.6,1252.9,-54.64,1.363
R9348,shrub,60677.1,50197.9,1306.8,-249.25,1.189
R9349,shrub,65812.9,49987.5,1684.8,-97.56,1.393
R9350,shrub,67090,50044.1,2189,-266.03,0.989
R9351,shrub,70833.6,50117.2,3952.7,-199.76,0.794
R9352,shrub,74523.3,50093.5,4093.3,-103.7,1.099
R9353,shrub,-71397.9,51978.1,5333.9,-141.41,1.094
R9354,shrub,-39910.4,51716.8,1392.2,-145.3,1.243
R9355,shrub,-36028.7,51025.3,1292.9,-219.47,0.792
R9356,shrub,-21285,51325.6,661.9,-182.28,0.947
R9357,shrub,-16821.3,51613.9,654,39.21,1.291
R9358,shrub,-7436,51616.2,642.2,-192.29,0.914
R9359,shrub,-811.6,51884.5,931.2,-154.05,1.169
R9360,shrub,10961.8,51666.2,1194.7,-204.46,0.961
R9361,shrub,43102.2,51309.6,1012.3,38.78,0.798
R9362,shrub,44525.5,51124.3,1040,-105.66,1.363
R9363,shrub,51774.7,51456.3,1136.8,-30.65,0.815
R9364,shrub,52006.8,51327.6,1140.7,-17.98,0.895
R9365,shrub,56539.2,51424.1,1298.5,47.34,0.951
R9366,shrub,58263.1,51127.1,1263,-28.56,1.147
R9367,shrub,62265.2,51661.9,1508,-162.33,1.021
R9368,shrub,64340.2,51652,1715.3,32.12,0.953
R9369,shrub,-77846.7,52767,6972,29.82,1.08
R9370,shrub,-35619,52002.7,1304.2,-198.74,1.138
R9371,shrub,-29656.5,52802.6,755.8,-251.17,1.206
R9372,shrub,-11412.6,53005.3,718.9,-79.28,1.206
R9373,shrub,15594.2,52282.4,1299.1,-13.51,0.846
R9374,shrub,19687.4,52736.8,1218.1,-66.11,0.706
R9375,shrub,22076.4,52021.5,1163.7,37.51,1.261
R9376,shrub,24056.3,52161.4,1256,-238.54,1.39
R9377,shrub,38863.2,52584.8,1083,86.77,0.959
R9378,shrub,41428,52947.3,1172.7,-267.02,1.355
R9379,shrub,42531.5,52530.4,1092.7,-253.24,1.09
R9380,shrub,44191,52262.9,1041.2,31.27,0.947
R9381,shrub,49275.1,52682.2,1042.3,-97.5,0.858
R9382,shrub,56903.3,52992,1315.7,-37.24,1.03
R9383,shrub,59869.1,52555.5,1482.2,85.92,0.798
R9384,shrub,-78795.5,53359.3,6598.4,-43.94,1.351
R9385,shrub,-68770.6,53189.1,5748.1,31.5,1.16
R9386,shrub,-52652.7,53126.3,4706.1,-233.62,1.327
R9387,shrub,-28769.6,53809.6,819.9,-30.98,1.008
R9388,shrub,-23876.6,54131.4,714.7,-122.46,0.724
R9389,shrub,2298.5,53148.3,1037,-231.09,0.989
R9390,shrub,22298.6,54080.1,1236.7,-264,0.709
R9391,shrub,22554.9,54128.7,1256.9,-162.82,0.867
R9392,shrub,31483.5,53134.2,1127.5,-154.12,1.367
R9393,shrub,39365.9,53801.7,1097.1,19.22,0.992
R9394,shrub,47755.4,54104.5,956.1,-76.49,0.881
R9395,shrub,55764.8,53536.8,1387.2,-180.79,0.797
R9396,shrub,57158.8,53849.7,1333.2,-197.84,0.894
R9397,shrub,72971.4,53373,4918,-165.7,1.281
R9398,shrub,-71310.4,54582.6,6008.7,-85.21,0.718
R9399,shrub,-56279.5,54875.3,4730.6,-258.82,0.821
R9400,shrub,-51093.8,54318.9,3575.8,-166.13,1.366
R9401,shrub,-40448.7,55212.6,1610.2,-148.33,1.316
R9402,shrub,-38853.6,54854.1,1378.7,-52.18,0.714
R9403,shrub,-37651.8,55298.2,1213.4,-51.76,1.186
R9404,shrub,-8275.2,55180.5,683.9,-244.56,1.059
R9405,shrub,10721.8,55071.4,1532.6,-18.86,1.004
R9406,shrub,13598,55022.1,1568.2,80.64,0.794
R9407,shrub,34794.5,54812.8,1091.4,-172.67,1.235
R9408,shrub,39894.8,54234.9,1099.6,-263.43,0.906
R9409,shrub,43967.3,54459.5,1093.3,-53.83,1.195
R9410,shrub,48746.7,54967,943.2,-11.36,0.787
R9411,shrub,52996.5,55029.1,1137.1,-86.48,0.779
R9412,shrub,60589.8,54826.4,1410,-135.14,0.905
R9413,shrub,61855.3,54608.6,1561.3,-41.77,1.381
R9414,shrub,63125.1,54873.6,1670,-148.33,1.359
R9415,shrub,65078,55265,2658.1,63.45,0.79
R9416,shrub,65850.8,54675.4,2712,-177.85,1.277
R9417,shrub,-79147.5,55563.6,5695.1,-242.08,1.027
R9418,shrub,-78003.9,56117,5350.6,-231.39,0.995
R9419,shrub,-73725.9,56176.7,6106.4,-173.83,1.096
R9420,shrub,-72063.7,56072.7,5946.2,-265.14,1.273
R9421,shrub,-31516.5,56230.7,815.1,-153.94,1.047
R9422,shrub,-6368.4,55710.6,636,-256.49,1.139
R9423,shrub,-6283,55666.1,632.9,-234.79,0.861
R9424,shrub,39060.4,55795.6,979.2,-123.35,0.799
R9425,shrub,43968.3,56398.7,1100,-158.29,0.711
R9426,shrub,45774.8,55807.9,1075.1,-194.23,1.148
R9427,shrub,47129.3,56261,970.1,-53.78,1.344
R9428,shrub,53043.9,56149.8,1123.9,-74.56,0.809
R9429,shrub,53327.3,55355.3,1134.5,-73.3,1.345
R9430,shrub,56026.2,55862.7,1214,-83.52,1.204
R9431,shrub,60274.4,55434.7,1321.8,-118.66,0.988
R9432,shrub,61362.8,55337.2,1432.7,-41.32,1.196
R9433,shrub,64074.8,56257.4,2189.7,-2.05,1.029
R9434,shrub,65065.5,56251.2,2885.1,-38.33,1.05
R9435,shrub,71479.4,55714.7,4916.1,-4.4,1.359
R9436,shrub,-65576.6,56697,6240.8,-215.52,1.375
R9437,shrub,-44077.1,57252.7,1533.6,-80.33,0.777
R9438,shrub,-33742.3,56461.2,947.9,-210.32,1.179
R9439,shrub,-11163.7,57325.8,565.9,-8.83,0.866
R9440,shrub,-4130.9,56518.4,704.7,-103.99,1.016
R9441,shrub,39155.3,56487.4,984,-12.8,1.145
R9442,shrub,43051.4,56989.4,1095.7,-49.2,1.319
R9443,shrub,44164.7,56925.9,1070.9,-94.08,0.769
R9444,shrub,44582,57234.5,1003.5,-54,1.367
R9445,shrub,45489.4,56794.1,966.9,-232.76,0.851
R9446,shrub,46952.9,57148.4,916.7,5.55,0.754
R9447,shrub,64375,56698.6,2563.5,-206.38,1.207
R9448,shrub,-77203,57665.5,4734.8,17.46,0.875
R9449,shrub,-48277.2,57728.1,2700.2,-220.97,1.337
R9450,shrub,-43922.3,57900.8,1633.4,-1.38,0.98
R9451,shrub,-35195.3,57957,980.6,-191.25,0.71
R9452,shrub,-28307.3,57836.5,969.5,45.84,0.816
R9453,shrub,-17528.7,57686.6,990.2,-43.01,1.225
R9454,shrub,41303.3,57764.5,1008.7,-239.51,0.803
R9455,shrub,42274.4,57581.1,1056.7,-120.6,0.991
R9456,shrub,45126.8,58200.2,952.9,-151.47,1.02
R9457,shrub,47889.2,57709,938,-76.92,1.117
R9458,shrub,63674.7,58507.1,2478.5,48.32,1.164
R9459,shrub,-79585.7,59253.3,4556.8,-117.37,1.399
R9460,shrub,-75862.4,59345.2,4730.9,-140.92,0.704
R9461,shrub,-54445.8,59314.2,3946.9,7.25,1.084
R9462,shrub,-49980.4,58979.9,3354,59.15,1.194
R9463,shrub,-44999.3,59296.7,1665,-86.56,0.745
R9464,shrub,-41781.1,59216.2,1196.7,76.79,1.28
R9465,shrub,-25508.1,58947.8,959.6,-267.2,1.358
R9466,shrub,1416,58650.3,951.3,-162.41,0.897
R9467,shrub,41409.9,58655.1,1053.9,64.39,0.857
R9468,shrub,42794.7,58909.8,986.8,34.99,1.086
R9469,shrub,43303.9,59092.8,963.2,-54.85,0.962
R9470,shrub,44842,59095,902.8,-256.89,1.35
R9471,shrub,46483,58803.5,907.5,37.1,0.999
R9472,shrub,73229.4,59418.4,5217.6,36.62,1.383
R9473,shrub,78806.1,59404.8,4921.1,-138.86,0.897
R9474,shrub,-64988.8,60287.9,4977.7,5.99,1.223
R9475,shrub,-63665.7,60067.3,5327.9,-100.49,1.343
R9476,shrub,-62556.4,60306.2,4990.5,-49.1,1.273
R9477,shrub,-45669.5,60400.5,1477.2,-34.2,0.783
R9478,shrub,-29401.2,59966,1336.6,-81.68,1.242
R9479,shrub,-1096.5,60466.9,1340.2,-71.94,1.08
R9480,shrub,18768.7,60176,1723.5,-141.92,1.115
R9481,shrub,46350,60416.4,976.2,51.46,1.257
R9482,shrub,50909,60597.6,1211.4,76.21,0.734
R9483,shrub,52375.2,60509,1249.2,-167.71,1.22
R9484,shrub,55784.4,59865.2,1216.1,-238.8,1.298
R9485,shrub,56592.3,60473.6,1123.9,-87.04,1.197
R9486,shrub,-77366.3,61198.3,4109.7,-27.57,1.354
R9487,shrub,-73369,61556.1,4735,-95.87,1.166
R9488,shrub,-71799.3,61591.9,4788.3,-82.06,0.98
R9489,shrub,-53008.1,61211.4,2797.8,-235.61,1.359
R9490,shrub,-45414.8,60800.9,1480.9,-233.9,1.111
R9491,shrub,-35557,61505.6,1089.5,-44.14,1.358
R9492,shrub,-33412.7,61218,1300.4,-122.25,1.201
R9493,shrub,-30372.3,61446.5,1858.5,-104.53,1.208
R9494,shrub,-28663.5,61808.1,1545.9,18.8,0.84
R9495,shrub,-1421.3,61320.9,1461.7,-105.64,0.948
R9496,shrub,7536.5,60822.9,2044.5,-264.67,0.87
R9497,shrub,23686.8,61111.3,1693.3,-211.51,0.901
R9498,shrub,40495.1,61385.4,1704.4,-241.13,1.224
R9499,shrub,41468.3,61458.8,1541.3,-7.42,0.927
R9500,shrub,44603.9,60827.2,910.3,-203.26,1.033
R9501,shrub,48870.4,61227.9,1291.1,-176.8,1.207
R9502,shrub,52216.1,61631.5,1170.9,-256.12,1.229
R9503,shrub,58686.8,61323.2,1022.1,-58.46,1.356
R9504,shrub,74699.1,61158.6,5328.1,-177.45,0.774
R9505,shrub,77598,61531,4932.6,-219.6,1.395
R9506,shrub,-44211.4,62904.9,1639.7,7.2,0.747
R9507,shrub,-18798.1,62400.1,1770.4,-15.77,0.96
R9508,shrub,2939.3,62294.6,1666.2,-52.18,1.328
R9509,shrub,5583.8,61986.5,2623.4,-93.94,1.133
R9510,shrub,5886.6,62347.2,2759.7,-241.32,0.706
R9511,shrub,50284.9,62793.8,1400,-121.14,1.327
R9512,shrub,60048.3,62649.7,1321.9,74.11,0.849
R9513,shrub,68780.7,62767.8,3921.5,-79.93,0.86
R9514,shrub,73823.2,62221.3,5028.4,57.52,0.987
R9515,shrub,75874.8,62631.2,5165.9,-210.53,1.262
R9516,shrub,-63958.1,63018.8,4657.8,-233.48,1.052
R9517,shrub,-62165.5,63899.8,4089.8,-136.3,1.034
R9518,shrub,-57466.2,63155.8,3073,24.35,0.952
R9519,shrub,-56821.4,63577.5,3131.4,-200.99,1.365
R9520,shrub,-37529.9,63982.8,2685.4,-250.08,1.31
R9521,shrub,-30899.2,63282.8,1957.7,22.89,0.786
R9522,shrub,-15722.4,63804.4,1726.8,-190.22,1.187
R9523,shrub,21326.9,63585.9,2396.8,-208.63,0.717
R9524,shrub,45294.9,63098,1268,41.83,0.805
R9525,shrub,47191.4,63568.4,1383.5,-31.34,1.294
R9526,shrub,49187.2,63464.5,1694.7,-194.91,1.116
R9527,shrub,50888.3,63819.6,1312.6,-269.61,1.127
R9528,shrub,53878,63245.2,1086.5,-16.77,0.808
R9529,shrub,61299.4,63719.7,2032.4,9.69,0.989
R9530,shrub,62486.8,63057.8,1819.2,14.28,1.215
R9531,shrub,70744.7,63154.4,4756.2,82.65,0.918
R9532,shrub,-61528.1,64160.6,3933,-93.79,0.776
R9533,shrub,-58547.8,64616.6,4476.6,-71.52,1.008
R9534,shrub,-45618.4,65133.6,2526.5,-88.64,0.84
R9535,shrub,-40701.9,65082.1,2414.6,-117.53,0.981
R9536,shrub,-14663.9,64616.7,1391,-115.67,1.151
R9537,shrub,-5345.8,64792.4,2305.4,41.48,0.806
R9538,shrub,-4999.8,64709.9,2499.1,-37.02,0.939
R9539,shrub,-1252.2,64811.3,3010.5,49.38,0.788
R9540,shrub,2939.6,64392.3,2491.2,-266.26,1.07
R9541,shrub,29888.3,64778.9,2721.7,-126.59,1.255
R9542,shrub,36346,64555.1,1936.4,-90.77,1.3
R9543,shrub,43993.4,65189.6,2849.5,-183.54,0.745
R9544,shrub,47946.3,64192.3,1754.1,84.03,1.036
R9545,shrub,53869.8,64889.8,1460.3,-143.76,1.277
R9546,shrub,59813.1,64210.9,2456.8,-208.51,1.078
R9547,shrub,65052.8,64889.7,1914.5,-57.49,1.042
R9548,shrub,71828.7,64925.5,4724.9,-170.08,1.351
R9549,shrub,-75320.5,66139.4,4644.3,-264.63,0.748
R9550,shrub,-69174,65418.8,3933.9,-4.66,0.714
R9551,shrub,-65737,65731,4090.8,-110.74,0.826
R9552,shrub,-64497.8,66197.2,3729.8,-30.5,0.886
R9553,shrub,-52679.5,66127.7,2498.7,-50.85,0.826
R9554,shrub,-44020.3,66269.3,3248.4,-253.76,1.011
R9555,shrub,-17271.8,65267.2,1849.8,-150.09,0.76
R9556,shrub,-15094.8,66205,1620.2,-13.72,1.301
R9557,shrub,-13103.1,65810.3,1703.6,-256.03,0.725
R9558,shrub,23218.3,66131.2,2385.7,-149.38,1.3
R9559,shrub,23835.2,66151.2,2423.7,-102.24,0.701
R9560,shrub,27187.5,65649.5,3458.7,58.39,0.806
R9561,shrub,42419.1,66141.1,4177.2,-228.91,1.398
R9562,shrub,48511.7,65231.5,1882.3,-35.31,0.752
R9563,shrub,51312,66000,1730.1,-167.9,1.375
R9564,shrub,56400.9,66174.7,1802.1,30.24,0.94
R9565,shrub,62505.9,66201,1822.9,-120.53,0.707
R9566,shrub,72333.3,65608,4668,-180.55,1.092
R9567,shrub,78193.2,65321.2,4910.2,-72.77,1.108
R9568,shrub,-74854.1,67223.1,5382.9,35.93,1.361
R9569,shrub,-38803.8,67051.1,3460.1,-114.52,1.229
R9570,shrub,-14127,67093,1971.1,-130.76,0.935
R9571,shrub,-13521.1,66942.8,1936.8,83.45,0.765
R9572,shrub,789.2,67287.1,2615.5,-259.42,1.281
R9573,shrub,3233.8,67317.5,3336.5,-222.66,0.726
R9574,shrub,12649.9,67364,3579.7,-155.72,1.289
R9575,shrub,46653,66815.7,2126.9,-181.4,0.853
R9576,shrub,49773.5,66407.3,2025.6,27.99,0.911
R9577,shrub,55068.3,67362.6,2651.1,-133.26,1.248
R9578,shrub,56433.5,66461.5,1840.7,25.35,1.337
R9579,shrub,74386.9,67275.7,4217.8,-179.3,0.88
R9580,shrub,-60873,67480.4,3824.2,-98.5,1.065
R9581,shrub,-56408.5,67643.7,3765.8,89.26,1.205
R9582,shrub,-52726,67786.3,2413,-11.04,1.139
R9583,shrub,-45844.1,67972.1,4405.5,69.04,1.206
R9584,shrub,-44507,67680.7,4490,-240.3,1.265
R9585,shrub,-34502.1,68449.5,5125.1,-147.27,1.317
R9586,shrub,-23951.9,67928.8,3934.7,-244.69,1.309
R9587,shrub,-20045.6,67768.5,4285.1,-178.42,1.252
R9588,shrub,-3257.9,67864.1,3519.4,-238.15,1.2
R9589,shrub,-2001.3,68345.5,3394.3,5.44,0.787
R9590,shrub,-1263.7,68432.6,3567.2,-187.75,1.061
R9591,shrub,5297.1,67406.3,3902.5,63.89,0.803
R9592,shrub,28480.2,67684.6,4055.2,-180.17,1.162
R9593,shrub,42863.1,68467.2,6396,34.45,1.017
R9594,shrub,50066.5,67717.9,2958.2,-163.72,0.893
R9595,shrub,58164,67815.5,2456.5,38.44,1.076
R9596,shrub,63925.3,68179.7,2930.8,-134.83,1.257
R9597,shrub,71366,68439.7,3695.9,-197.66,1.356
R9598,shrub,75756.5,67924.3,4659.3,-127.81,1.127
R9599,shrub,-54286.2,69312.7,3682.3,1.29,1.13
R9600,shrub,-18202.9,68649.7,4170.4,9.12,0.921
R9601,shrub,8460,69010.7,4861.3,69.13,0.777
R9602,shrub,16601.7,69315.8,3720.4,-193.5,1.218
R9603,shrub,44286.6,68802.6,5837.8,-229.1,1.137
R9604,shrub,46896,69511.7,3901.7,-159.23,1.134
R9605,shrub,51780,68654.8,4427,-204.51,1.384
R9606,shrub,54778.3,69112.5,3970.1,-119.42,1.187
R9607,shrub,-34771.6,70473.2,6360.4,-165.29,1.012
R9608,shrub,-2906.1,69642.7,2904.4,-120.1,1.279
R9609,shrub,15095.2,70485.8,5090.4,-263.8,1.396
R9610,shrub,20185.9,69885.6,4648.1,-131.22,1.254
R9611,shrub,24992,69679,5645.6,10.27,0.726
R9612,shrub,57495.2,70694.4,4203.8,-206.39,0.977
R9613,shrub,61917.4,69947.3,4126.3,-116.22,1.294
R9614,shrub,-76645.5,71238.5,6069.6,-254.66,0.742
R9615,shrub,-62624.9,71482.3,5920.5,-18.17,1.02
R9616,shrub,-56744.1,70847.3,5455.5,-266.68,0.883
R9617,shrub,-23800.4,71240.8,5943.8,-249.7,1.057
R9618,shrub,-20268.4,71098,6121.4,-76.09,0.735
R9619,shrub,-3462.7,71209,3503.8,-236.62,0.971
R9620,shrub,-1549.9,70748,3370.7,16.07,0.868
R9621,shrub,15391,70776.9,5360.7,55.44,1.355
R9622,shrub,36024,71744.2,4093.1,-189.36,0.928
R9623,shrub,44113.4,71047.4,6802.6,-165.09,1.278
R9624,shrub,46216.1,71321.9,6148.9,-57.6,0.939
R9625,shrub,60271.3,70976.1,4435.7,-231.96,1.248
R9626,shrub,62339.4,71583.1,5121.9,33.92,1.239
R9627,shrub,66828.5,71721.6,4448,-220.55,1.161
R9628,shrub,73751.1,70790.7,5025.1,-215.33,1.008
R9629,shrub,-76573.9,72789,6239.6,-212.02,1.315
R9630,shrub,24659,72249.2,8034.7,-151.69,0.894
R9631,shrub,27432.2,72815.1,7581.9,-56.34,1.107
R9632,shrub,48460.4,72244.5,6134.8,-72.93,0.916
R9633,shrub,49405.4,72898.2,5959.2,-28.73,1.27
R9634,shrub,49967.9,72758.4,6367.6,68.49,0.85
R9635,shrub,54188.4,72162.8,6729.1,38.59,0.94
R9636,shrub,63522.4,72412.8,6188.8,-68.91,1.035
R9637,shrub,-69539,73817.2,5349.1,-6.21,1.301
R9638,shrub,-43906.1,73028.2,5888.7,-209.72,1.015
R9639,shrub,-23797.3,73403.8,6834.6,-142.71,0.76
R9640,shrub,-15304.5,72927.6,6751.9,-62.85,1.218
R9641,shrub,61782,73065.3,6244.7,-218.97,0.79
R9642,shrub,69368.4,73484.8,4969.4,-248.07,0.734
R9643,shrub,-46520.5,74449.7,6821.5,-148.53,0.789
R9644,shrub,-27665.2,75075.8,6773.7,46.96,1.362
R9645,shrub,-12441,74205.5,7598.8,-261.94,0.917
R9646,shrub,-2008.1,75071.5,6721.1,-57.12,0.838
R9647,shrub,5308.9,74067.5,4915.1,-158.39,1.399
R9648,shrub,19882.9,74991.1,7897,-136.77,1.364
R9649,shrub,60623,74388.2,7236,-126.82,1.392
R9650,shrub,-74629,75674.6,7008.7,-154.62,1.329
R9651,shrub,-71118.5,75739,6974.4,-70.14,1.312
R9652,shrub,-68109.6,75594.3,7038.5,-138.95,1.12
R9653,shrub,-67415.8,75897.8,7039,-181.21,0.867
R9654,shrub,-52030.2,75308.4,6599.4,52.73,1.327
R9655,shrub,-42705.9,75819.5,7432.6,-122.88,1.346
R9656,shrub,-37275.8,75703.2,7082.7,12.68,1.111
R9657,shrub,-35892.8,75789,7397.1,-197.01,0.869
R9658,shrub,-30189.8,76196.9,6996.1,-108.26,0.818
R9659,shrub,-8097.9,75619.3,6941.4,61.58,0.88
R9660,shrub,46201.9,75319,6191,58.52,1.148
R9661,shrub,46866.5,75318.4,5949.9,-212.96,1.227
R9662,shrub,53703.1,75575.7,7147.5,-23.12,0.722
R9663,shrub,63570.5,75944,7495.2,-6.24,0.917
R9664,shrub,65838.4,75558,6903.2,-26.18,0.96
R9665,shrub,69989.7,75189.1,5062.9,16.74,1.268
R9666,shrub,-68987.7,77022.5,7584,-138.74,0.837
R9667,shrub,-64267.4,76930.5,7003,-174.15,0.906
R9668,shrub,-902.7,76859.4,7548.3,-195.37,0.787
R9669,shrub,24949.2,77155.8,6946.5,-269.79,0.778
R9670,shrub,34854.3,76803.3,6805.2,-71.08,1.149
R9671,shrub,45193.3,76675.7,6866.9,-50.12,1.194
R9672,shrub,-76061.1,77340.3,8700.7,-23.29,1.214
R9673,shrub,-53855,77826.9,7252.7,-214.48,0.817
R9674,shrub,-51119.4,78055.9,7746.4,-1.7,1.088
R9675,shrub,-21115.8,77903.1,7564.3,-203.39,1.347
R9676,shrub,-19382.5,77602.2,8495.5,-52.76,0.741
R9677,shrub,-16776.4,77816.5,7745.5,-145.58,0.766
R9678,shrub,-2261.8,77576.1,6985.1,36.15,0.924
R9679,shrub,1162.8,77863.6,7270.1,-259.83,1.273
R9680,shrub,13917.9,77853.9,8322.6,-239.93,1.159
R9681,shrub,24716.4,77587,7020.3,-56.94,0.986
R9682,shrub,44741.5,78265.7,7761.4,-28.47,1.368
R9683,shrub,64394.8,78253.5,6789.4,-179.35,0.813
R9684,shrub,-63740.3,78948.5,7390.7,-28.11,0.744
R9685,shrub,-58735.3,78714,7071.8,-97.29,0.816
R9686,shrub,-30430,78673.4,7870.5,-107.11,0.907
R9687,shrub,-23749.6,78597.3,7589.2,-238.02,1.244
R9688,shrub,18149.9,78459.1,6597.6,-15.03,0.896
R9689,shrub,68248.8,78684.4,7465,-47.81,1.214
R9690,shrub,78703.8,79452.8,6762.2,-211.75,1.271
R9691,shrub,-79231.9,79512.8,7542.1,73.89,0.937
R9692,shrub,-58665.6,79554.8,7535.4,75.14,0.881
R9693,shrub,61680,79514,6214.6,-258.97,1.083
R9694,shrub,-59686.2,56982.3,6420.5,64.43,0.967
R9695,poplar,-59481.6,58666.6,5634.3,-158.01,0.94
R9696,poplar,-59851.7,57256.5,6506.8,-104.19,0.899
R9697,shrub,-58252.4,60435.2,3930.6,-190.64,1.042
R9698,shrub,-59218.5,58462.3,5433,-233.15,1.009
R9699,poplar,-59274.7,58925.8,5388.1,-261.47,1.091
R9700,poplar,-58369.5,57647.4,5032.4,30.27,1.111
R9701,poplar,-58933.1,58447.4,5135.6,-137.96,1.017
R9702,poplar,-57686.5,60002.3,3914.2,-68.01,1.073
R9703,poplar,-58441.9,58842.5,4866.8,-107.71,0.859
R9704,poplar,-57191.6,57945.5,4707.1,-235.42,0.934
R9705,poplar,-59392.4,57847,5473.2,74.24,0.916
R9706,poplar,-58895.3,58255.5,5187.3,-86.7,0.862
R9707,jujube,1554.6,27171.8,1287.1,-97.74,0.999
R9708,jujube,1239.6,26963.6,1264.1,-43.84,1.059
R9709,jujube,2338.1,26410.7,1412.3,26.35,0.933
R9710,shrub,516.8,24301.3,1346.4,-80.32,0.85
R9711,shrub,1817.2,26112.5,1355.8,-269.81,0.958
R9712,jujube,538.7,25827.3,1258.6,-185.1,1.133
R9713,jujube,-999.2,25091.9,1179.6,-186.67,0.894
R9714,jujube,1655.3,26272.6,1337.1,68.61,1.145
R9715,jujube,832.5,26388.9,1234.3,-202.59,0.861
R9716,jujube,328.8,25003.9,1281.4,-231.74,1.106
R9717,jujube,2600.2,24683.1,1345.8,-268.87,1.115
R9718,jujube,2773.4,26214.5,1431,-171.76,0.903
R9719,mulberry,-35071.3,35676.3,1119.9,68.09,0.911
R9720,mulberry,-36424.2,33089.3,1062.1,-38.2,1.033
R9721,mulberry,-36819.6,33938,1142.3,-262.94,0.96
R9722,shrub,-37662.7,35752,1302.7,-2.65,0.945
R9723,mulberry,-36413.6,34290,1201.8,-27.42,1.124
R9724,mulberry,-38357.5,35567.4,1284.3,36.08,1.077
R9725,shrub,-36947.1,34685.1,1232.3,24.82,1.037
R9726,mulberry,-38231.5,34020.7,1166.5,60.97,1.106
R9727,mulberry,-38655.4,35433.7,1248.1,-40.42,0.883
R9728,mulberry,-37267.5,33410.3,1075,-174.01,0.869
R9729,mulberry,-36758.7,34920.5,1274.7,-12.27,0.875
R9730,mulberry,-36282.3,34669.2,1235.1,-114.7,0.888
R9731,mulberry,16773.8,70231.5,4427.4,-207.63,0.86
R9732,mulberry,15377,70810.1,5400.8,-139.82,1.049
R9733,mulberry,16895.9,69453.8,3655.1,-262.7,0.996
R9734,mulberry,16749.6,73036.1,6520.6,-243.3,1.057
R9735,mulberry,18110.4,71243.7,6139.4,71.52,1.084
R9736,mulberry,15202.4,71199.2,5720.3,-46.64,1.133
R9737,mulberry,18189.8,72573.7,6265.5,73.45,0.908
R9738,shrub,15458.1,72152.3,6055.9,-174.03,0.922
R9739,shrub,17035.2,71053.2,5705.9,-243.15,0.863
R9740,mulberry,16831.6,69167.7,3573.9,-207.77,0.862
R9741,mulberry,17458.1,71168.8,6041.3,-54.48,1.128
R9742,elm,69324.4,10612,3963.9,35.61,1.195
R9743,elm,68662.2,9444.5,3936.1,-266.52,1.193
R9744,elm,67812.6,11658.7,3506.6,-222.46,1.071
R9745,shrub,69556.1,10555.1,4050.7,-15.79,0.972
R9746,elm,68860,10336.1,3907.9,-264.86,0.964
R9747,elm,71023.7,10821.6,3729,-90.73,1.153
R9748,shrub,68971,10624.3,3860.1,55.69,1.118
R9749,elm,69254.9,10261.2,4076.4,-15.99,1.081
R9750,elm,69264.4,9068.4,4016.9,-201.95,1.024
R9751,elm,70265.3,9673.4,3774.1,-35.79,1.112
R9752,elm,69084,12510.9,3440.5,-126.57,0.92
R9753,elm,70817.4,11868.8,3715.3,49.74,0.887
R9754,elm,69700.5,10297.6,3964.8,20.54,0.855
R9755,elm,73087.4,21632,4578.6,-6.74,0.975
R9756,elm,72445,22796.4,3637.2,-18.89,0.856
R9757,elm,70851.1,21782.8,3538.2,80.96,0.935
R9758,elm,71701.9,22606.3,3597.6,-154.95,0.868
R9759,elm,70125.4,23234.5,2684.4,-173.77,1.075
R9760,elm,72327.5,20460.4,4562.3,50.72,1.08
R9761,elm,71773.5,22200.4,3655.8,-202.27,1.02
R9762,elm,72571.7,20303.1,4577.6,-180.83,0.938
R9763,elm,-14426,44930.7,795.4,79.14,0.857
R9764,elm,-13567,46967.2,809.2,73.26,1.177
R9765,elm,-13736.7,48209.5,749.8,-265.25,0.988
R9766,shrub,-15006.8,48015.6,807.9,-150.9,1.087
R9767,shrub,-14350.2,46558.6,814.3,74.87,0.873
R9768,elm,-13657.4,47640.1,791,-58.3,1.098
R9769,elm,-12050.3,46820.8,607.6,-58.89,0.86
R9770,elm,-14256.4,46612.1,822.1,-268.38,1.019
R9771,jujube,-11890.6,-60243.9,1730.4,-54.53,1.097
R9772,shrub,-14012,-58738.9,1713.2,86.97,1.156
R9773,jujube,-13927.2,-59061.8,1711.4,-211.92,0.873
R9774,jujube,-14084.6,-58868.8,1718.1,-163.72,1.101
R9775,mulberry,70466.9,-35201.3,4393.4,-178.48,0.924
R9776,shrub,70196.6,-35786.9,4306.4,39.88,1.148
R9777,shrub,70814.3,-34224.7,4912.8,-150.63,1.116
R9778,mulberry,69647.4,-36435.7,4229.6,-53.16,1.028
R9779,shrub,70240.2,-35036,4482.9,-268.9,1.194
R9780,mulberry,70023.1,-33240.7,4467.8,-122.4,1.036
R9781,mulberry,68045.8,-36119.2,4081.3,-95.98,1.051
R9782,jujube,16593.9,-72951.4,4448.9,-196.59,1.185
R9783,shrub,17615.8,-70508.7,3334.2,2.4,1.148
R9784,jujube,16741.2,-70252.7,3005.1,46.15,0.953
R9785,jujube,18115.9,-71864.4,4155.8,-180.34,1.08
R9786,jujube,17058.7,-72677,4418.9,46.96,1.059
R9787,jujube,18899.2,-69909.1,3567,17.45,1.163
R9788,jujube,18237.4,-72903.9,4087.5,86.18,1.041
R9789,jujube,19333.3,-72340.2,4035.4,-72.94,1.19
R9790,jujube,17906.7,-71443.4,3983.5,-137.38,1.145
R9791,jujube,17486.2,-71361,3830.1,-58.24,0.925
R9792,jujube,16561.6,-72086.5,3888.2,-48.85,1.092
R9793,jujube,18524.2,-71723.7,4087.4,56.81,0.97
R9794,jujube,19434.7,-72082.7,4003,-179.61,1.189
R9795,jujube,18304.6,-72532.6,4109.4,-161.97,1.132
R9796,elm,-64155.1,-45725.1,2575.7,-120.43,1.1
R9797,elm,-64647.4,-45198.2,2658.8,44.83,1.137
R9798,elm,-63362.8,-47592.4,2261.1,-130.16,0.913
R9799,shrub,-63445.7,-46444.5,2345.5,-102.55,1.026
R9800,elm,-63433.8,-46495.2,2340,-239.69,1.094
R9801,elm,-62919.1,-46800.8,2395.5,26.6,1.189
R9802,elm,-64873,-47679,2047,-212.87,1.066
R9803,shrub,-63115.3,-47615.8,2332.8,-47.76,0.887
R9804,elm,-64305.7,-47634.5,2069.7,-125.56,0.968
R9805,shrub,-63116.1,-45972.2,2448.1,-206.7,1.117
R9806,poplar,-15598.6,-65379,1919.7,-241.9,0.981
R9807,poplar,-13476,-65283.8,1891.8,-4.12,1.187
R9808,poplar,-16023.1,-66562.2,2383.8,-183.76,0.962
R9809,poplar,-15100.8,-64572.3,1759.5,-263.7,1.112
R9810,shrub,-16764,-65634.7,2030.8,-237.64,0.955
R9811,poplar,-14935.5,-63381.6,1699.2,-61.64,1.031
R9812,shrub,-13352.6,-63572.4,1721,-49.55,1.065
R9813,jujube,50086.6,-24891,522.5,-187.19,1.123
R9814,jujube,50156.5,-25099.2,564.9,46.26,1.193
R9815,shrub,50936.9,-25898.4,686.5,-132.39,0.901
R9816,jujube,51551.4,-25297,564.3,-91.34,1.169
R9817,jujube,50857,-24407.1,383.7,-10.29,0.865
R9818,shrub,48385.1,-25810.7,883.8,50.31,1.033
R9819,shrub,49955.5,-27145.7,826.8,-112.39,0.985
R9820,jujube,50165.6,-25831.5,723.1,-18.26,1.034
R9821,jujube,50402.9,-25216.6,560.9,11.31,0.987
R9822,jujube,50563.9,-26164.6,733.3,82.06,0.947
R9823,shrub,49100.9,-24774.3,509.5,-236.07,1.095
R9824,shrub,50718.4,-27474.7,717.6,-265.66,0.913
R9825,shrub,34183.8,34916.4,921.1,-192.68,0.916
R9826,jujube,34628.5,34668.9,916.9,-266.61,1.082
R9827,jujube,33833.5,33664.3,938.2,-151.48,1.05
R9828,jujube,34240.1,33215.6,926.4,-111.8,1.113
R9829,jujube,32686.8,34960.6,945.2,-177.25,0.862
R9830,jujube,33510.6,34477,938,-89.2,1.031
R9831,jujube,34281.8,36303.4,878.2,-157.27,0.923
R9832,jujube,33242.7,35054,936.4,-260.7,0.95
R9833,jujube,32189.5,35645,931.1,-56.31,1.175
R9834,mulberry,-16416.6,63313.2,1823.6,-108.72,0.942
R9835,mulberry,-15580.7,64728.3,1606.6,-268.36,0.921
R9836,mulberry,-16798.3,64507.2,1828.4,-215.05,0.914
R9837,mulberry,-17715.6,65352.4,1943,8.31,0.853
R9838,mulberry,-18523.8,64861.4,2003,-197.9,1.116
R9839,mulberry,-18184.1,63223.8,1690.1,-252.77,1.13
R9840,mulberry,-15332.2,63962.8,1600.5,-61.21,0.907
R9841,shrub,-17015.5,65201.3,1799.9,52.55,0.866
R9842,mulberry,-16732.4,66121.4,2024.1,22.14,0.973
R9843,mulberry,-16663.6,65011,1752.2,79.6,0.914
R9844,mulberry,-16845.8,63052,1688.5,-106.63,1.059
R9845,shrub,-18617.3,63252.2,1737.1,8.7,1.132
R9846,mulberry,-15214,65114.4,1486.9,47.06,0.91
R9847,poplar,56569.6,7969.7,934.9,44.43,1.162
R9848,shrub,57231.3,9517.3,960,-177.37,1.063
R9849,poplar,57542.5,8108.2,968.1,-226.41,1.069
R9850,shrub,57690.7,10862.9,1021.7,-93.37,0.886
R9851,poplar,55986.3,8528.1,838.8,65.21,0.96
R9852,poplar,55717.6,9872.3,1032,6.91,1.161
R9853,poplar,56900.1,8929.4,931.1,-192.59,1.195
R9854,poplar,57508.7,7114.2,973.2,-254.99,0.998
R9855,poplar,57447.1,10641.9,985.9,16.28,0.911
R9856,poplar,58564.4,9053.3,1042,-3.86,1.147
R9857,shrub,58026.6,9338.2,945,-74.65,1.123
R9858,poplar,56220.1,9093.9,912.8,25.25,1.042
R9859,poplar,56443.3,8818.7,912.1,27.1,0.92
R9860,poplar,55578.9,10247.3,1067.4,-137.84,1.163
R9861,poplar,56718.3,11194.8,1010.1,46.77,1.095
R9862,shrub,14933.3,8685.5,4218.9,-189.85,1.117
R9863,elm,17215.4,8802.5,3684.9,22.91,1.143
R9864,elm,15887.3,8831.7,4264.6,-143.06,1.185
R9865,elm,16683.7,6853,3063.2,16.47,0.854
R9866,elm,15314.1,7851.8,3620,-138.76,1.072
R9867,elm,16081.5,8874.3,4287,-98.93,1.198
R9868,elm,58691.7,-63611.3,2254.7,-27.57,0.903
R9869,elm,59371.4,-61886,1786.3,-208.3,1.156
R9870,shrub,57221.5,-63703.6,2249.9,-92.82,0.902
R9871,elm,57543.3,-62577.9,2029.2,-50.6,1.036
R9872,shrub,58280.3,-63601.5,2357.3,-222.09,1.125
R9873,elm,59414.7,-63853.6,2056.9,-30.9,1.127
R9874,jujube,-37162.7,-45686.3,796.3,-132.7,0.872
R9875,jujube,-37486.2,-45727.2,810.7,-144.38,0.932
R9876,jujube,-37535.3,-47795.8,875.4,-10.68,0.881
R9877,jujube,-37528.1,-46258.1,839.4,35.69,0.968
R9878,jujube,-37237.5,-45282.4,831.9,-102.48,1.035
R9879,shrub,-37186.5,-46033.7,798.5,48.57,1.139
R9880,jujube,-36516.8,-46194.3,888.2,-189.93,1.165
R9881,jujube,-36859.3,-46704.5,873.5,12.31,0.978
R9882,jujube,-35869.2,-47237.5,1024,-77.66,0.961
R9883,shrub,-35797.8,-45667.2,962.1,-182.56,0.91
R9884,mulberry,-26004.3,29148.6,942.5,-111.28,0.997
R9885,mulberry,-26521.5,28654.1,979.3,-86.83,1.146
R9886,mulberry,-26788.2,29776.1,945.7,18.83,1.175
R9887,mulberry,-27096.4,28589,964.4,29.68,0.857
R9888,shrub,-26038.8,29503.6,947.1,-43.87,0.89
R9889,elm,-60311.6,-45269.3,1866.3,-247.62,1.146
R9890,shrub,-59136.4,-45695.6,1416,-31.73,0.862
R9891,elm,-58711.6,-44484.9,1451.8,22.76,1.136
R9892,elm,-58688.8,-44927.5,1414.4,35.09,1.112
R9893,elm,-58528,-45561.8,1337.4,55.42,1.085
R9894,shrub,-59138.4,-44684.4,1499.5,-121.28,1.196
R9895,elm,-58797.7,-43972.9,1524.2,-138.43,1.07
R9896,elm,-59392,-45546.5,1484.1,-23.33,0.925
R9897,elm,-57673.7,-44867.7,1244.6,-25.2,0.945
R9898,elm,-243.4,-40325.4,1369.6,-223.93,0.908
R9899,elm,580.4,-41978.5,1291.1,61.69,0.9
R9900,elm,-1809.7,-40062.4,1274.2,-68.12,0.906
R9901,elm,654.5,-37970.8,1428.8,-11.12,1.061
R9902,shrub,1447,-40207.8,1307,-193.61,1.108
R9903,elm,522.7,-39579.7,1371.2,-84.95,1.063
R9904,elm,-1413.6,-38399.1,1375.7,-160.36,1.162
R9905,elm,950,-39875,1342.4,89.22,0.913
R9906,shrub,1500.7,-41453.9,1301.9,-11.21,1.102
R9907,elm,-210.6,-38694.6,1395.9,-257.75,1.146
R9908,shrub,1230.4,-41326.2,1312.7,-219.72,1.19
R9909,poplar,-78608.4,-27142.6,4752.8,-234.82,0.899
R9910,poplar,-78884.1,-109.3,4659.5,-60.89,1.034
R9911,willow,-67484.1,65.7,3732.8,-51.75,0.878
R9912,poplar,-62691.7,760.7,2548.9,82.93,1.028
R9913,willow,-58138.4,-26291.7,1530.7,11.16,1.145
R9914,poplar,-54951.7,-25563.7,1277.4,-107.19,0.889
R9915,willow,-52818.4,768.4,1086.9,-46.68,1.031
R9916,poplar,-51218.7,1389.7,1140.9,5.43,0.977
R9917,willow,-44930.1,1168.9,737.3,-0.22,0.936
R9918,willow,-34744.2,-25161.9,652.8,-48.21,0.994
R9919,willow,-31418.3,1145.7,651.5,-140.92,0.94
R9920,poplar,-29317,-25576.2,708,-5.72,1.2
R9921,willow,-27022,1295.9,755.3,-176.3,1.009
R9922,poplar,-25598.6,933.2,679.8,-116.08,0.914
R9923,willow,-23900.5,-26001.8,799.8,-36.73,1.084
R9924,willow,-22518.3,-25579.6,541.8,-87.66,1.147
R9925,willow,-17251.2,536,488.5,-70.05,1.161
R9926,willow,-17048.9,-26263.1,750.4,45.24,0.913
R9927,willow,-13218.3,306.7,523,-93.9,1.013
R9928,willow,-11885,381.6,504.5,-220.91,1.059
R9929,poplar,-9250.5,247.9,568.4,18.11,0.959
R9930,willow,-7173.4,-26388.3,637.7,-79.23,1.168
R9931,willow,-2802.5,-26233.9,464.6,-101.37,0.885
R9932,willow,-170.4,525.5,727.6,44.41,1.046
R9933,willow,3201.8,-26278.2,573,-250.61,0.935
R9934,willow,4893.1,339.8,520,-171.78,0.872
R9935,willow,7469.3,364.9,439.2,-227.99,1.15
R9936,willow,11953.2,-25796.2,503.3,-50.44,0.913
R9937,poplar,13347.5,-25456.4,477,-166.88,1.062
R9938,poplar,16150.9,-25434.5,534,49.23,1.078
R9939,willow,17508.6,-25070.4,436.8,-173.4,1.151
R9940,willow,28273.9,-24849.8,554.7,-110.34,0.944
R9941,willow,28213.8,2178.6,555.9,-220.13,1.109
R9942,willow,32191.8,-24320.9,500,-56.72,1.174
R9943,willow,33509.9,-24613.9,588.7,-124.24,0.864
R9944,willow,35931.3,2180.4,482.7,-209.83,0.956
R9945,willow,38744.9,-24344.9,567.7,-125.02,0.855
R9946,willow,40020.7,-24485,624.6,7.95,0.939
R9947,willow,43871.3,-24812.3,743.1,-153.04,0.941
R9948,willow,46870.9,2354.9,533.5,-143.9,1.051
R9949,willow,48430.5,1644.6,444.1,-191.06,1.111
R9950,willow,48187.2,-24881.5,580.4,-222.47,0.901
R9951,willow,57507.1,-25843.6,600.8,-12.63,0.919
R9952,willow,59093,-26041.3,616.2,52.7,1.041
R9953,willow,66581.1,290.6,764.2,-165.12,1.117
R9954,willow,68215.8,495.4,1094.3,-196.71,0.974
R9955,willow,66931.7,-26622.4,829.4,-205.64,0.916
R9956,willow,29515.9,14474.9,1020.8,8.36,1.033
R9957,elm,25597.5,4442.2,1180.4,42.65,0.903
R9958,poplar,-8580.7,-45294.8,1336.3,-41.93,1.072
R9959,elm,-7777.9,-41558.8,1285.3,-68.92,0.99
R9960,willow,-2734,-30537.8,1356.7,-154.09,1.085