Name,Species,X,Y,Z,Yaw,Scale
R0,elm,-2630.4,-12927.5,1257.3,-200.51,0.991
R1,elm,-2171.5,-2040.7,1240.4,-117.69,0.824
R2,elm,-9906.1,-16930.2,1234.2,3.97,0.987
R3,elm,9440.9,-4238.2,1230,-197.63,0.853
R4,willow,-32928.5,31252.5,1494.7,-41.32,0.83
R5,willow,-27355.6,31457.3,1489.8,-114.71,0.944
R6,jujube,-30714.2,33182.5,1504.6,-110.93,1.076
R7,jujube,-27420.1,31662.4,1485.6,69,0.904
R8,poplar,-47972.2,5925.6,3637.9,-154.22,1.095
R9,poplar,-45930.7,5861.6,3416.4,-153.75,1.171
R10,elm,-43547.2,5856,2668.1,-219.01,1.072
R11,elm,-49153.7,6445.5,3544,-33.83,0.905
R12,elm,-46594.4,6426,3434.9,-71.41,0.847
R13,poplar,-47580.7,7409.4,3501,27.94,0.955
R14,elm,-46074.4,7499.8,3266.3,-267.56,1.039
R15,elm,-41594.6,8242.8,2044.6,65.18,0.805
R16,poplar,-37455.6,8296.1,1264.8,-228.84,0.86
R17,poplar,-44307.1,8730.9,2778.1,-166.17,1.107
R18,poplar,-43790,9048.3,2631.8,-99.8,0.954
R19,poplar,-43149.5,8502.7,2591.4,-100.55,0.914
R20,elm,-37736.4,8569.1,1291.7,-143.25,1.117
R21,poplar,-36493.1,9034.1,1234.7,-234.56,0.803
R22,elm,-53482.3,9465.6,6260.8,-229.66,0.884
R23,elm,-52122.6,9655.7,5590.3,-41.02,0.996
R24,elm,-51502.9,9435.6,5017.2,20.66,1.111
R25,elm,-50428.8,9623.7,4123.1,-232.52,1.182
R26,poplar,-49499.2,9296.7,3723,-112.38,1.16
R27,elm,-41952.8,9402.4,2215.1,-175.24,1.159
R28,elm,-35543.2,9233.1,1174.8,-60,1.104
R29,poplar,-54325.8,10537.5,6013.1,-170.03,1.085
R30,elm,-48169.9,10271.9,3237.7,-100.97,1.057
R31,poplar,-47210.2,10042.4,2994.1,-265.32,0.895
R32,poplar,-46216.2,9981.1,2856.2,-152.96,1.052
R33,elm,-44780.1,10025.1,2547.4,-156.87,0.839
R34,elm,-42737.4,10152,2301.4,-8.79,1.034
R35,elm,-39048,10305.4,1453.4,27.18,1.008
R36,poplar,-53726.1,11284.2,5889.5,-103.13,1.069
R37,poplar,-52494.7,11189.9,5698.4,58.98,1.079
R38,elm,-50500.4,10722.9,4207,-124.55,1.017
R39,poplar,-48955.5,11040.3,3568.3,-13.61,0.886
R40,elm,-46901.4,10874.9,2645.7,82.27,1.097
R41,poplar,-45789.8,10792.2,2512.1,-170.31,0.923
R42,elm,-40646.4,10874.5,1921,-216.19,0.835
R43,poplar,-39935.2,10882.4,1681.3,-222.75,0.97
R44,elm,-55246,11596.8,5852.9,73.1,0.928
R45,elm,-54198.7,11705.8,5687.4,-184.93,0.929
R46,elm,-51733.6,12009.5,4965.6,-231.79,0.889
R47,poplar,-48801.4,11550.3,3320.7,-53.75,0.996
R48,poplar,-48054,11981.6,2901.3,19.37,1.043
R49,elm,-45063.6,11471.1,2360.8,-213.27,1.162
R50,poplar,-43612.1,11926.2,2092.5,-242.86,1.15
R51,poplar,-42467.4,12025.6,2032.5,-126.19,0.855
R52,poplar,-41284.4,11794.2,1870,-90.1,0.823
R53,poplar,-40694.1,11935.8,1687.4,-182.44,1.188
R54,elm,-38289.1,11970.4,1202.3,-21.71,0.887
R55,elm,-57389,12785.9,5160.3,-103.87,1.035
R56,elm,-54308.1,12216.3,5579.1,85.62,0.874
R57,elm,-53010.9,12530.9,5097.7,-47.07,0.943
R58,elm,-51860.6,12583.6,5093.9,-120.37,1.084
R59,poplar,-51540.5,12724,4869.6,-255.88,0.977
R60,poplar,-47352.5,12249.4,2548,-247.14,0.94
R61,poplar,-46881.6,12686.3,2360.5,-139.49,1.149
R62,elm,-44396.2,12375.8,2054.8,-253.26,0.9
R63,elm,-44001.4,12615.1,1982,-249.85,1.19
R64,poplar,-42870.4,12553.3,1960.5,-34.6,0.874
R65,elm,-41555.7,12592.4,1829.7,-86.11,0.861
R66,elm,-39759.1,12339.4,1415.6,38.46,1.152
R67,elm,-38435.9,12233.8,1169.9,-212.88,0.912
R68,elm,-37833.1,12262.2,1121.9,-207.85,1.028
R69,poplar,-37055.1,12453.4,1066.1,-118.95,0.846
R70,poplar,-56369.7,13243.9,5521.7,-257.94,1.17
R71,poplar,-54831.2,13018.4,5404.2,-263.22,0.954
R72,poplar,-54005.8,12977.8,5152,-219.58,0.981
R73,poplar,-53372,13228,4956.1,65.27,0.86
R74,elm,-52796.8,12959.3,4975.6,-165.15,0.835
R75,elm,-50572,13315.1,4219.6,-160.73,1.022
R76,poplar,-48532.3,13164.8,2998.7,17.71,0.848
R77,elm,-46853.1,13047.5,2355.6,-108.45,1.149
R78,elm,-45529.8,13323.8,2014.1,34.7,1.072
R79,poplar,-43793.6,13055.5,1960.9,-168.82,1.136
R80,elm,-41536.8,13376.6,1728.2,-176.45,0.903
R81,poplar,-40727.1,13549,1603.9,69.91,0.916
R82,elm,-40054.8,13510.4,1395.3,-154.91,0.947
R83,poplar,-38729.8,13165.5,1153.2,88.15,1.056
R84,poplar,-36737.9,13366.4,1048.2,-151.17,1.108
R85,poplar,-36360.1,12957,1053.8,-167.01,0.958
R86,poplar,-57954,14024.5,5197.4,-17.93,0.955
R87,poplar,-54802.3,14065.2,5206.5,11.94,0.991
R88,poplar,-53653.7,14094.8,4813.2,7.06,1.015
R89,poplar,-51374.8,14097.7,4486.9,37.07,0.8
R90,elm,-49104.3,13719.6,3305.1,-150.07,0.989
R91,elm,-46713.8,13853.2,2225.7,-97.55,1.064
R92,poplar,-45886.2,14236.1,1980.4,83.32,1.071
R93,elm,-45012.2,14297.9,1909.2,24.21,0.867
R94,elm,-44658.5,13715.4,1909.8,-4.64,0.837
R95,elm,-43823.3,13973.8,1914.7,-48.91,0.96
R96,poplar,-43121.5,14128.3,1886.6,-32.84,0.97
R97,elm,-40274.5,14212.8,1437.5,43.47,1.169
R98,elm,-38775.4,14287.8,1119.2,-144.45,0.851
R99,poplar,-36083.8,14105.4,1082.8,-76.35,1.028
R100,elm,-35736.4,13722.1,1115.4,7.52,0.908
R101,poplar,-57874.1,14576.4,5155.3,60.36,1.072
R102,poplar,-55808.4,14460.3,5555.5,-193.23,1.108
R103,elm,-53462.8,14461.9,4812.9,-251.28,0.989
R104,poplar,-52771.4,14470.1,4820,34.02,1.148
R105,elm,-49546.3,14627,3437,-240.98,1.173
R106,poplar,-47754.1,15001.5,2479.8,-37.31,1
R107,poplar,-46586.6,14918.2,2143.5,-136.36,0.811
R108,elm,-45703,14540.4,1946.6,-199.07,1.043
R109,poplar,-44445.9,14847.7,2005.3,-18.58,1.134
R110,poplar,-43994.6,14601.4,1923.2,-104.79,0.875
R111,poplar,-42188.6,14597.3,1824.3,-90.95,1.025
R112,elm,-40138,14759,1366.8,-21.11,0.99
R113,poplar,-38267.5,14489.5,1113.3,-103.25,0.92
R114,poplar,-35557.9,14537.6,1139,-110.05,0.823
R115,elm,-56466,15286.4,5240,-17.69,0.924
R116,elm,-53412.8,15668.8,4584.3,-88.16,0.869
R117,poplar,-52467.2,15327.4,4636.2,76.11,1.135
R118,poplar,-51914.5,15719.9,4579.1,-175.11,0.927
R119,poplar,-50667,15263.9,3960.2,-235.49,1.157
R120,elm,-47448.7,15650.9,2543.7,-254.96,0.955
R121,poplar,-45816.4,15795.5,2235,-221.31,0.872
R122,poplar,-45460.2,15735.6,2222.2,-128.86,0.884
R123,poplar,-44435.7,15715.7,2226.8,-24.61,1.103
R124,poplar,-41417.8,15638.7,1865.2,-3.4,1.02
R125,poplar,-37611.1,15751.2,1053.8,-261.92,0.948
R126,poplar,-36243.9,15356.1,1131.9,30.1,0.821
R127,poplar,-53951.7,16229.9,4501.4,-189.97,0.976
R128,elm,-52260,16083.4,4516.3,-43.42,1.078
R129,poplar,-50597.3,15995.8,3968.1,-189.02,0.942
R130,elm,-49062.3,16231.3,2889.8,-114.99,1.04
R131,elm,-47753.1,16350.7,2617.6,-212.43,1.17
R132,poplar,-45134.8,16044.1,2264.9,-33.19,0.819
R133,elm,-42193.2,16232.2,1997.9,54.74,1.14
R134,elm,-41415.2,16268.4,1884.7,59.03,1.018
R135,elm,-40580,16256.3,1617,-88.86,1.037
R136,poplar,-39229,16401.1,1299,-39.93,0.87
R137,elm,-38429,16448,1162.6,-81.26,1.166
R138,poplar,-36958.9,15982.2,1071.8,76.28,0.996
R139,poplar,-35473.9,16002,1074.9,-255.46,0.834
R140,elm,-57057.9,17107.6,4802.9,-69.77,1.005
R141,elm,-56390.4,16993.8,4768.4,68.71,1.179
R142,elm,-54935.3,17276.6,4649.3,-219.02,1.067
R143,elm,-54239.5,16742.3,4437.8,-92.13,0.9
R144,elm,-49650.6,17288.7,3160.6,-171.2,1.117
R145,elm,-48002.9,16957.2,2558.1,-128.09,0.866
R146,elm,-47356.7,17170.2,2401.7,-132.42,0.885
R147,elm,-45384.9,16815.5,2396.8,35.31,1.182
R148,elm,-44769.9,17047.4,2430.3,57.87,0.995
R149,elm,-44015.7,17136.3,2329.9,-198.09,1.183
R150,elm,-42799.6,16966.7,2102.9,-38.32,1.174
R151,elm,-42381.3,16923.9,2100.1,-102.95,1.053
R152,elm,-41327.2,17153.3,1953.9,-85.55,0.847
R153,poplar,-39938.9,16802.5,1570.1,20.82,1.116
R154,poplar,-39173.7,17055.8,1359.8,-27.91,0.848
R155,poplar,-37851.3,17220.2,1112.1,28.22,1.094
R156,elm,-52233.6,17664,4207.1,-248.8,1.116
R157,elm,-51135,17985.2,4235.8,-17.61,1.024
R158,elm,-48788.7,17632.2,2678.4,-200.28,1.187
R159,elm,-48543.1,17750.6,2644.5,74.09,1.189
R160,elm,-46512.9,17496.2,2354.6,-217.67,0.905
R161,elm,-45072.5,18027.5,2626.2,-55.3,0.818
R162,elm,-41431.4,17532.7,2005.1,-173.2,1.157
R163,poplar,-39286.2,17632.6,1416.9,12.98,1.03
R164,elm,-38698.5,18028.1,1317.6,-31.21,1.17
R165,poplar,-37686.7,17768.7,1181.9,-128.57,0.959
R166,elm,-36823.3,17694.2,1127.9,-185.22,1.029
R167,poplar,-36533.1,17753.5,1108.8,13.07,0.862
R168,elm,-55564.3,18575.4,4518.3,-131.16,1.141
R169,poplar,-55173.6,18516.7,4485.4,-214.37,0.907
R170,elm,-54047,18789.2,4439.7,75.22,0.94
R171,poplar,-53605.5,18318,4634.3,-189.44,1.2
R172,elm,-52567.9,18288.8,4457.6,-252.11,1.006
R173,elm,-48928.2,18336.8,2847.9,-157.13,1.161
R174,elm,-48402,18543.8,2724.3,48.68,1.033
R175,elm,-47532.8,18340.4,2438.6,-228.12,1.038
R176,elm,-46841.9,18332.2,2317.3,-98.57,0.909
R177,elm,-45982.5,18258.5,2519.4,-37.02,1.088
R178,elm,-45403.5,18654.7,2665.6,-256.44,1.148
R179,poplar,-40568,18598.9,1801.5,75.7,1.162
R180,elm,-40265.5,18338.2,1731.1,86.04,1.106
R181,poplar,-39548.9,18797.1,1437.7,68.15,1.041
R182,poplar,-38367.1,18457.6,1276.6,65.56,1.104
R183,poplar,-36440.7,18425.5,1141,-232.75,0.972
R184,poplar,-54052.2,19321.8,4319.7,-105.03,1.014
R185,elm,-53550.2,19350.6,4337.8,-113.44,1.012
R186,elm,-52789.3,19514,4121.6,-162.81,1.164
R187,elm,-51729.9,19210.7,4220.4,-247.15,1.015
R188,poplar,-50607.9,19035.2,4098.9,-202.17,0.912
R189,elm,-49737.8,19510.3,3534.8,-227.01,0.932
R190,elm,-48303.8,19366.4,3032,-85.25,1.188
R191,poplar,-47380.9,19024.1,2559.7,-240.14,1.195
R192,elm,-46971.4,19190.3,2417.6,-214.21,1.188
R193,poplar,-46239.6,19458.4,2424.6,-14.79,1.092
R194,poplar,-45066.3,19051.3,2668.6,6.33,1.09
R195,poplar,-44636,19518.3,2683,-190.05,0.892
R196,elm,-38534.5,19192.5,1289.8,-177.64,1.147
R197,elm,-37704.6,19045.2,1242.7,-1.36,1.081
R198,poplar,-37080.5,19196.7,1200.3,-264.5,0.966
R199,elm,-36110.8,19339.9,1154.4,70.34,1
R200,elm,-35030.3,18979,1072.3,-113.2,1.093
R201,poplar,-33160.7,19509.5,963.3,-140.23,1.173
R202,elm,-32699.1,19393,893.3,-140.2,0.908
R203,poplar,-58210.3,20142.2,4756.3,74.07,1.056
R204,elm,-57254.3,20241.7,4642.4,-120.85,0.937
R205,elm,-55635.9,19911.2,4502.6,-121.68,0.929
R206,poplar,-53692.4,20181.3,4002,-258.65,1.189
R207,poplar,-50985.3,20056.5,3967.7,-127.98,0.964
R208,poplar,-50477.9,19782.3,3905.5,-44.84,1.119
R209,poplar,-49753.5,19756.9,3571.8,-219.77,1.13
R210,elm,-48811.5,20099.7,3328.5,-55.19,0.863
R211,elm,-48305.5,19833.6,3119.4,-59.15,0.883
R212,elm,-47500.9,19799.4,2623.6,63.39,1.054
R213,poplar,-46917,19842.5,2445.7,-229.2,0.893
R214,elm,-44671.2,19759.4,2652.3,34.15,0.939
R215,elm,-43783.7,19763,2555,-262.86,0.834
R216,poplar,-41418.3,19771.2,1788.6,-169.51,0.986
R217,poplar,-38495.6,19906.6,1248.6,-220.9,1.013
R218,elm,-36953.8,20286.5,1158.1,-171.84,1.12
R219,poplar,-35528.3,19952,1083.5,44.08,0.852
R220,elm,-32387.6,20298.3,797.4,-31.47,1.03
R221,elm,-57424.8,20996.6,4732.9,54.61,1.039
R222,poplar,-55273.9,20520,4360.1,62.91,0.812
R223,poplar,-53757,20531.7,3957.4,-109.38,0.839
R224,poplar,-52107.1,20957.9,3566.1,-230.93,0.949
R225,poplar,-50696.7,20950.7,3739.4,-48.06,0.917
R226,elm,-49211.7,20989.2,3216.2,-53.44,1.061
R227,elm,-47223.6,20769.1,2665.3,-237.37,1.173
R228,poplar,-45763.2,20839.2,2543.1,-137.2,1.034
R229,elm,-45346.4,20965.2,2506,-22.16,0.965
R230,poplar,-44602.4,20718.8,2490.3,-264.75,1.006
R231,elm,-42358.4,20937.4,2031.2,-34.39,1.022
R232,elm,-41028.4,20579.1,1561.9,-191.4,1.021
R233,poplar,-39184,20732.6,1248.4,-16.93,0.827
R234,elm,-37655.6,20983.7,1211.1,-148.38,1.051
R235,poplar,-35973.5,20599.4,1055.7,-187.85,0.985
R236,poplar,-31724.7,21034.5,759.4,-84.08,0.991
R237,elm,-59214.5,21594.5,5288.6,-259.46,0.88
R238,poplar,-58776.8,21487.1,5153.6,-39.13,0.876
R239,elm,-53621.7,21531.9,3918.9,-236,0.922
R240,elm,-52030.8,21508.8,3562.2,-172.89,1.103
R241,elm,-51013.6,21488.1,3671.9,55.23,0.824
R242,poplar,-50046.7,21255.7,3471.7,18.29,1.131
R243,poplar,-48421,21683.6,3051.4,-188.71,0.866
R244,elm,-47353.2,21784.8,3040.5,-109.42,0.901
R245,elm,-46947.3,21473.8,2900.2,-213.63,1.013
R246,poplar,-45816.6,21211.2,2579.6,59.48,1.128
R247,poplar,-45180,21741.9,2524.4,-83.9,0.865
R248,poplar,-42316.4,21284.4,2041.8,-4.02,0.968
R249,poplar,-41555.3,21793.6,1745.3,10.83,1.037
R250,elm,-40556.7,21732.7,1364.6,0.05,0.999
R251,elm,-36080.1,21228.2,1097.6,84.25,1.194
R252,poplar,-33015.8,21561.2,827,82.94,1.008
R253,elm,-57201.4,22488,4773.4,69.77,1.116
R254,poplar,-56492.7,22517.5,4733.9,37.5,0.881
R255,elm,-54262,22339.3,4428.1,72.4,0.983
R256,elm,-52914.9,22478.5,3833.5,87.41,0.835
R257,poplar,-51788.4,22282,3627.1,-54.84,1.008
R258,elm,-51178.4,21987,3631.3,-121.62,1.145
R259,poplar,-48749.6,22020.1,2990,89.67,0.929
R260,poplar,-47699,22474.6,3139.4,-9.39,0.893
R261,elm,-46450.2,22529.9,2754.1,-226.99,1.077
R262,poplar,-45749.8,22205.5,2567,-32.63,0.834
R263,elm,-45416,22031.5,2510.2,-266.55,1.062
R264,poplar,-44470.8,22435.1,2334.3,55.72,0.85
R265,poplar,-43129.5,22481.7,2145.1,89.79,0.934
R266,elm,-42382,22296.8,2042.7,77.79,0.883
R267,poplar,-41661.5,22486.3,1715,-11.63,0.98
R268,poplar,-40882.7,22327.3,1364.5,-193.53,1.175
R269,poplar,-40168.2,22071.1,1299.8,-62.62,1.139
R270,elm,-39485.4,22522.3,1285.9,-138.65,1.196
R271,elm,-38396.4,22239,1248.1,-36.21,0.984
R272,poplar,-36413.9,22077.9,1096.6,-205.01,0.844
R273,elm,-59204.6,23001,5244.7,-7.36,1.124
R274,elm,-56986.7,23194.9,4846.7,-225.8,0.863
R275,elm,-55147.7,23195.7,4879.2,-187.59,0.966
R276,elm,-53004.9,23071.2,3920.1,-154.74,0.947
R277,elm,-51914.2,23252.1,3769.9,37.79,1.187
R278,poplar,-50690.9,23143.6,3373.6,-24.86,0.817
R279,elm,-49773.7,22911.8,3060.1,-144.64,0.963
R280,poplar,-48917.6,22848.6,2964.6,84.79,0.827
R281,poplar,-48440.1,22739.4,3040.7,10,0.816
R282,elm,-45971.7,22712.4,2566.2,-41.18,0.832
R283,elm,-42881.9,22761.1,2039.6,11.68,0.81
R284,poplar,-39725.1,22946.5,1260.6,84.01,0.899
R285,elm,-38492.6,23100.7,1184.2,-76.63,0.917
R286,elm,-37681,23224.8,1069.9,-122.54,0.832
R287,poplar,-56456.8,23844.5,4860.1,-81.62,1.144
R288,elm,-54934.8,23460.2,4822.1,-268.03,0.891
R289,elm,-53489.2,23809.7,4144.6,68.17,1.167
R290,elm,-52769.1,23751.3,3951.5,-162.66,0.933
R291,elm,-52005.6,23546.6,3771.4,-0.68,0.953
R292,elm,-50504,23784.2,3051.5,-130.59,1
R293,elm,-49497.1,23865.7,2884.1,-77.27,1.003
R294,poplar,-48256.4,23806,2894.2,-222.16,1.068
R295,poplar,-47427.6,23868.8,2817.7,-131.03,0.999
R296,elm,-46513.7,23730.8,2564,-168.58,1.087
R297,elm,-46144.6,23650.2,2458.1,-38.67,0.832
R298,elm,-44671.3,23761.1,2101.3,-12.25,1.193
R299,poplar,-42368.3,23558.4,1610.4,-149.95,0.802
R300,elm,-41331,23988.2,1253,89.04,0.912
R301,elm,-39770.4,23498.4,1226.7,-97.26,1.14
R302,elm,-37228.2,23946.4,1110.5,-71.66,1.006
R303,poplar,-58223.7,24280.7,5626.6,-181.09,1.119
R304,elm,-56465.9,24705.4,5079,-103.07,1.137
R305,poplar,-54155,24511.3,4456.3,-107.32,1.049
R306,poplar,-47798.8,24283.9,2702.5,-3.42,1.007
R307,elm,-46008,24708,2349.3,6.2,0.941
R308,elm,-45496.6,24465.2,2196.2,-143.91,0.807
R309,poplar,-44231.4,24431.7,1883.2,-49.8,1.196
R310,elm,-43864.2,24584.1,1749.1,-58.96,1.181
R311,poplar,-41534.4,24269.8,1220,-240.03,1.109
R312,poplar,-40669.7,24606.1,1236.4,-109.41,0.823
R313,poplar,-40238.2,24780.8,1269,-255.88,1.044
R314,elm,-37112.9,24394.8,1103.3,50.1,0.9
R315,poplar,-34865.9,24489.2,901.9,-250.54,0.877
R316,elm,-33508.2,24698.2,840.8,42.36,1.063
R317,elm,-52297,24950.1,3776.6,-64.47,0.848
R318,elm,-49920,25546.2,2946.4,-161.48,0.972
R319,poplar,-47629.9,25462,2482.7,-83.54,1.174
R320,poplar,-46295.2,25119.6,2338.7,68.08,1.051
R321,poplar,-38640.6,25389.6,1301.7,6.88,1.09
R322,poplar,-37805.9,25037.2,1226,-51.17,1.042
R323,elm,-53953.6,26035.9,4516.7,-201.66,1.191
R324,poplar,-51968.4,26110.2,3735.8,-52.25,0.918
R325,poplar,-50463.6,25731.7,3283.4,-132.86,0.93
R326,elm,-49998.8,25934.6,3142.4,-202.15,1.125
R327,elm,-49109,26137.5,2781.2,60.32,1.178
R328,poplar,-45812.3,25771.3,2178,-70.71,0.941
R329,poplar,-45512.1,25819.5,2102.7,-26.73,0.823
R330,elm,-43636.3,25741.3,1485.9,-139.74,1.103
R331,elm,-43272.3,26110.6,1349.4,-117.72,0.921
R332,poplar,-42439.4,25960.6,1220.4,-191.04,1.119
R333,elm,-41679.8,25910.2,1146.6,-165.97,1.082
R334,poplar,-39922.2,26174.2,1281.6,-167.28,1.167
R335,poplar,-39379.1,26179.2,1279.5,-225.05,1.009
R336,poplar,-31645.6,25866.4,1035.5,-193.88,1.09
R337,poplar,-50413.7,26624,3505.6,-94.5,0.87
R338,elm,-49623.3,26824.8,3054.4,-85.99,0.847
R339,elm,-48872.9,26510,2790.6,79.34,0.962
R340,poplar,-47953.8,26909.5,2680,-32.47,0.914
R341,poplar,-46558.9,26798,2242.7,-224.62,1.138
R342,poplar,-43647.7,26595.6,1427.4,11.77,0.838
R343,elm,-38798.9,26786.7,1297.9,73.97,1.13
R344,elm,-36176.9,26913.4,1129.2,-197.92,0.941
R345,poplar,-53717.5,27653.9,4464.4,-256.13,1.109
R346,elm,-52673.6,27557.8,3939.7,-137.49,1.156
R347,elm,-51362.4,27242.1,3800.7,-22.66,0.968
R348,poplar,-48174.8,27660.8,2687.2,-172.68,0.837
R349,poplar,-46207.8,27796.9,2097.6,-58.1,1.118
R350,poplar,-45268.4,27215.1,1824.1,-197.39,1.017
R351,poplar,-42712.6,27471.5,1243.7,-57.52,0.97
R352,poplar,-42324.7,27378,1219.3,17.3,0.912
R353,poplar,-41469.9,27331.9,1281.8,10.65,1.157
R354,elm,-38955.8,27219.4,1302.1,-59.35,0.968
R355,poplar,-52694.6,28493.6,3983.5,-138.34,1.069
R356,poplar,-51037.3,28428,3821.5,-17.99,0.823
R357,elm,-50376.6,28279.7,3556,-266.55,1.07
R358,poplar,-50030,28019.1,3385.5,43.23,0.803
R359,poplar,-48023.2,28334.4,2544,-247.83,1.195
R360,poplar,-46706.2,28320.7,2321.9,44.22,1.083
R361,poplar,-44575.6,27969.2,1504.4,-16.72,1.108
R362,poplar,-43261.2,28194.8,1243.9,-190.63,1.062
R363,elm,-36963.1,28372.8,1259.7,-85.11,1.048
R364,poplar,-46164.1,29178.8,2159.5,-226.85,0.964
R365,poplar,-43892,29171.8,1379.3,-209.94,1.08
R366,poplar,-53400.2,29630.1,4400.5,-242.49,1.163
R367,poplar,-51263.5,29793.5,3656.3,-97.68,1.098
R368,elm,-50046.3,30025.9,3001.9,-108.43,1.192
R369,elm,-49052.1,29993.4,2738.6,67.93,0.847
R370,elm,-44211.3,29949.3,1541,9.61,0.885
R371,elm,-49664,30751.9,2938,-49.49,1.089
R372,poplar,-47572.6,30417.1,2521,-179.71,0.824
R373,poplar,-43518.9,30314.6,1481.3,27.07,1.071
R374,poplar,-42816,30773.4,1459,67.39,1.066
R375,poplar,-40833.2,30390.4,1226.3,33.83,0.946
R376,poplar,-38436.1,30645.9,1380.2,-36.18,0.957
R377,poplar,-37757.9,30243,1332.7,-173.73,1.11
R378,poplar,-48251.6,31065.7,2735.9,9.7,0.921
R379,poplar,-43514.8,32065.6,1566.8,-253.44,0.923
R380,poplar,-42870.2,32084.7,1486.8,80.73,0.986
R381,elm,-40165.5,32072.6,1193.4,-38.91,1.144
R382,elm,-39014.5,31769.7,1271.5,-133.54,0.887
R383,elm,-54467.3,32560.6,4132.2,-241.26,0.929
R384,poplar,-42308.5,32686,1363.7,45.94,0.919
R385,elm,-49073.2,33633.4,2541.6,-243.1,1.038
R386,poplar,-51028.5,34275.5,3310.3,-266.37,1.199
R387,poplar,-50646.4,34487.9,3064,-219.02,1.095
R388,pine,43473.9,-29262.7,910.9,-180.68,1.038
R389,elm,44969.4,-29047.6,955.4,-1.86,1.033
R390,pine,40570.7,-26777.9,931,-171.96,0.86
R391,elm,44333.9,-25780.5,912.3,-59.5,1.006
R392,pine,41541.7,-25445.2,1052.8,-213.39,0.958
R393,pine,42412.6,-25543.9,1000,50.26,1.018
R394,elm,45034,-25540.4,932.8,83.6,1.181
R395,pine,46671.1,-25146.3,932.2,-20.34,1.009
R396,pine,36524.6,-24337.8,1120.7,-159.89,0.977
R397,poplar,40738.8,-24332.7,1230.8,-182.67,0.914
R398,pine,46976.7,-24682.6,1037.1,-1.98,1.039
R399,elm,35445.7,-23870.2,1016,-71.17,0.949
R400,pine,44283.3,-23744.5,1014.1,83.94,0.857
R401,poplar,46517.8,-23688.5,1133.8,-0.56,0.989
R402,elm,36502.2,-22969.2,1045.1,63.53,0.858
R403,pine,37592.3,-22773.5,1156.9,-86.39,0.971
R404,poplar,41375.1,-23221.8,1104.5,-116.05,0.841
R405,pine,42734.5,-22878.8,1096.6,-180.97,1.029
R406,pine,47535.4,-23187.2,1129.2,77.68,0.996
R407,elm,48530.8,-23158.6,1308,-257.7,0.94
R408,elm,49873.6,-22800.2,1877.4,-163.62,0.941
R409,poplar,35611.5,-22346.5,1062.7,-52.02,0.922
R410,poplar,37874.2,-22222.8,1176.3,-108.19,0.912
R411,elm,41429.4,-22480.4,1154.5,-206.51,0.986
R412,pine,43796.8,-22117,1054.6,-49.93,1.1
R413,pine,44486.9,-21985.6,1056.9,36.55,1.097
R414,poplar,45205,-22433,966.5,-35.28,0.835
R415,elm,46197.6,-22469.9,1035.1,-141.32,0.866
R416,pine,48099.9,-22423.4,1315,30.71,0.818
R417,elm,51498.9,-22010.6,2883.9,-157.5,1.168
R418,elm,35466.8,-21664.6,1101,-141.91,1.053
R419,elm,42540.1,-21648.1,1112.5,-196.55,1.11
R420,pine,42723.6,-21343.8,1124.9,76.67,1.052
R421,elm,45475,-21720.5,1044.4,77.13,0.865
R422,pine,45806.4,-21414.3,1070.9,-109.24,0.954
R423,elm,46728.6,-21278.5,1201,-177.68,0.849
R424,elm,47361.7,-21467.5,1265.3,-5.13,1.053
R425,pine,48250.5,-21393.1,1540.7,-145.01,1.063
R426,elm,48869.6,-21666,1722.9,-99.16,1.165
R427,poplar,49595.2,-21568.5,1955.9,37.59,1.144
R428,elm,50788.3,-21577.4,2538.2,-53.74,1.063
R429,pine,52002.8,-21752.6,3073.2,50.63,1.196
R430,pine,44421,-20503.5,1126.3,-212.59,1.178
R431,elm,47264.6,-21014.6,1284.1,-185.56,1.185
R432,poplar,48510.3,-20979.6,1732,79.91,0.908
R433,poplar,50328.9,-21028.2,2366.7,-114.4,1.108
R434,elm,51069.9,-20559,2823.5,-95.35,1.094
R435,poplar,53532,-20643.4,3608.3,-262.15,1.083
R436,pine,34960,-20293,1191.8,-247.27,0.991
R437,pine,37281.9,-19995.5,1308.9,15.37,0.815
R438,elm,40576.8,-19943.7,1394.8,-5.42,0.968
R439,pine,41448.2,-19958.8,1377.2,-261.39,1.003
R440,pine,42295.2,-20291.4,1306.2,-59.25,0.934
R441,elm,43725.6,-19937.4,1253.1,-128.76,0.967
R442,elm,45460,-20141.4,1250.2,-108.97,1.12
R443,pine,46170.5,-20185.4,1219.6,-119.64,1.183
R444,elm,46479.9,-19826.7,1336.6,-78.42,0.912
R445,poplar,47702,-20008.8,1633.3,-1.98,0.932
R446,poplar,48258.9,-20019.9,1985.7,9.12,0.94
R447,poplar,49467.5,-20241.1,2268.9,-150.87,0.85
R448,poplar,37891.1,-19388.6,1332.9,-164.21,0.988
R449,elm,39400.3,-18954.5,1282.5,-99.44,1.018
R450,elm,40091.4,-19387.8,1339.9,-45.86,0.996
R451,poplar,44400,-19415,1187.1,-235.14,1.036
R452,poplar,44960.3,-19288.9,1272.3,-173.07,1.13
R453,poplar,46872,-19214.8,1534.6,34.03,0.918
R454,elm,47693,-19320.9,1909,-102.75,0.978
R455,elm,49259.1,-19095.6,2324.8,63.12,1.126
R456,pine,49957.5,-19028.9,2409,-191.21,0.877
R457,elm,35711,-18443.8,1426.6,-197.61,1.151
R458,elm,40981.4,-18785.4,1366,-87.24,1.025
R459,pine,41572.2,-18304.2,1337,-82.17,0.954
R460,pine,42416.4,-18660.6,1309.3,-44.63,0.936
R461,pine,45783.5,-18475.2,1422.2,-110.34,1.124
R462,elm,49623.1,-18716.6,2363.2,-168.56,0.916
R463,poplar,52131.6,-18759.5,3358.1,-91.97,1.047
R464,poplar,35546.9,-17973.8,1475.4,83.58,0.931
R465,poplar,36353.9,-17696.9,1480.7,78.91,0.848
R466,pine,40105.9,-18044.1,1338.7,-14.95,0.984
R467,poplar,40779.3,-18048.7,1324.7,-75.42,0.841
R468,elm,42716.9,-17483.2,1322.9,-59.72,1.186
R469,pine,46848,-18023.4,1679.7,-262.45,0.825
R470,poplar,48468.2,-17554.7,2400.9,-132,1.1
R471,pine,50225,-17800.8,2564.8,15.29,1.033
R472,poplar,53030,-17988.1,3510.7,-212.36,1.013
R473,poplar,31868.5,-16917.2,1545.1,-148.75,0.906
R474,pine,36260.4,-17109.4,1494,-18.64,0.852
R475,elm,37102.4,-16994.1,1403.1,41.54,0.911
R476,poplar,40122.9,-17113.7,1338.6,-257.78,1.098
R477,pine,41549.9,-17036.3,1319.6,-228.44,1.025
R478,pine,42526.1,-17032.6,1333,44.01,1.085
R479,elm,44433.2,-16725.9,1483.8,-163.41,1.081
R480,elm,45265.7,-16986.9,1602.2,-100.59,1.105
R481,poplar,47258.9,-16974.1,1987.6,-215.15,1.192
R482,pine,48718.8,-17131.8,2581.8,84.59,0.801
R483,pine,53778.9,-17269,3660.9,56.03,1.065
R484,poplar,54813.7,-17000.7,4114.2,-181.8,0.891
R485,pine,56295.3,-17051,4408.4,-111.12,0.864
R486,poplar,37655.7,-16199.8,1366.1,-55.63,1.033
R487,poplar,41745.8,-16134.6,1414.8,47.1,1.039
R488,pine,44381.6,-16091.1,1492.7,-151.85,0.948
R489,elm,47566.1,-16549.1,2209.1,-103.17,1.144
R490,pine,51248.6,-16209.3,2758.9,-237.73,0.895
R491,poplar,52199.6,-16460.2,2921.3,-48.73,0.825
R492,poplar,52645.3,-16107.3,2994.2,-203.48,0.843
R493,poplar,53770.6,-16408.3,3393.4,-114.05,0.9
R494,poplar,36253.1,-15443.1,1451.1,19.28,0.951
R495,poplar,37183.6,-15538.1,1376.6,32.39,0.891
R496,pine,41586.3,-15422.3,1507.3,-246.26,1.086
R497,pine,44032.9,-15620.8,1489.4,-59.72,1.199
R498,poplar,45211.5,-15646,1695.4,-249.33,0.825
R499,poplar,46490.1,-15295.7,2174.9,-201.03,1.066
R500,poplar,48333.9,-15225.1,2747.3,-208.46,0.935
R501,poplar,49194,-15405.9,2898.9,18.17,1.162
R502,pine,51126.8,-15276.6,2772.4,62.49,0.896
R503,poplar,53344.6,-15589.7,2996.3,-65.73,0.947
R504,elm,54120.7,-15735.9,3341.2,-205.62,0.858
R505,poplar,37080.1,-14733.4,1338.3,-251.45,1.068
R506,elm,37925.7,-14493.8,1345.5,79.6,0.977
R507,pine,38254.4,-14486.1,1356.7,-5.92,1.041
R508,elm,39992.6,-14611,1419,-57.96,0.999
R509,pine,40773.4,-14540.1,1507.3,-172.54,0.921
R510,elm,41221.3,-14512,1525.9,-98.46,0.867
R511,elm,42738.2,-14490.7,1489.7,-217.25,1.149
R512,pine,45173,-15049.6,1852.6,-51.64,1.17
R513,pine,46867.4,-14496,2481.5,-113.39,1.094
R514,elm,48535.7,-14817.7,2817.4,-214.12,1.042
R515,pine,49539.6,-14513.9,2799.7,-13.33,0.806
R516,elm,52460.4,-14471.8,2638.8,-166.54,1.062
R517,elm,53604.1,-15018.9,2922.7,-123.09,1.115
R518,pine,55519,-14600.3,3655.2,-250.54,0.897
R519,elm,37209.8,-13979.3,1324.1,-117.15,1.121
R520,elm,39726.8,-14156.4,1465.5,-230.98,1.021
R521,poplar,43080.6,-14097.7,1498.3,-106.4,1.114
R522,poplar,46852.4,-13826.6,2557.4,-8.91,0.831
R523,pine,49995.6,-14128.4,2697.4,-246.17,1.157
R524,pine,50675.1,-13976.6,2660.6,-94.64,0.937
R525,elm,55534.6,-13765.1,3376.1,-237.88,0.835
R526,elm,36355.8,-13455.6,1449.6,-41.54,1.121
R527,elm,38436.4,-13458.1,1391.9,-163.42,1.111
R528,poplar,40192,-13031.8,1448,45.55,0.847
R529,elm,42421.2,-13115.7,1596.6,-38.31,1.125
R530,poplar,43136.1,-12979.2,1550.3,-224.94,1.174
R531,poplar,46092.6,-13337.4,2374.5,51.47,0.919
R532,poplar,46709.6,-13173.8,2407.8,1.41,0.926
R533,pine,47361.6,-12985.5,2384.5,-18.03,0.98
R534,elm,49773.9,-13223.3,2654,-199,1.085
R535,pine,51414.6,-13499.4,2561.5,52.56,1.17
R536,pine,52135.8,-13017,2392.5,-221.71,0.881
R537,poplar,53378.8,-13233.9,2477.1,-81.01,1.119
R538,poplar,53963.8,-13198.8,2583.7,-64.47,0.996
R539,pine,55472.4,-13070.6,3255.1,73.06,1.111
R540,elm,34805.5,-12328.2,1597.1,-88.25,1.171
R541,pine,36309.7,-12459.3,1562.8,-63.42,0.848
R542,poplar,37018,-12788.1,1475.2,-16.89,1.157
R543,pine,39813,-12218.6,1446.1,80.74,1.165
R544,elm,42187.7,-12280.5,1556.5,-6.15,0.906
R545,poplar,45144.9,-12625.5,1832.8,-180.58,0.923
R546,pine,46817.4,-12458.7,2237.1,-212.24,1.057
R547,pine,48100.3,-12205.7,2231.5,85.71,0.909
R548,pine,49932,-12426.4,2527,-237.9,1.067
R549,pine,50686.5,-12209.6,2480.8,-259.16,1.147
R550,poplar,53538.9,-12577.6,2384.2,72.16,1.103
R551,poplar,54516.5,-12245.9,2763.9,-86.77,0.906
R552,poplar,34516.1,-11986.7,1577.6,-43.02,0.978
R553,poplar,36486,-11526.7,1527.4,19.37,1.148
R554,pine,37905.5,-11724.4,1449.9,-122.52,0.886
R555,pine,39335.1,-11570.7,1424.6,-45.66,0.86
R556,poplar,39905.4,-11652.6,1461.1,-248.67,0.8
R557,pine,42143.5,-11508.5,1561,-103.24,0.896
R558,pine,42764.4,-11956.4,1559.7,-170.86,1.024
R559,poplar,44621.4,-11483.9,1484.4,-263.26,1.183
R560,pine,45205.4,-11640,1677.3,-133.8,1.054
R561,poplar,46109.1,-11640.1,1877.5,-210.49,1.148
R562,elm,46699.1,-11603.5,1948.2,70.7,0.804
R563,poplar,50474.7,-11655.9,2289,-134.9,1.021
R564,elm,50951.5,-11770,2304.7,-171.65,1.113
R565,poplar,52452.1,-11874.7,2398.4,84.09,1.108
R566,elm,53619.1,-11758.4,2648.3,-125.36,1.096
R567,pine,57466.2,-11669,4081.4,-230.12,1.1
R568,pine,37299.9,-11178.6,1496.8,-91.34,1.196
R569,elm,39978.5,-10787,1376.7,-58.97,1.174
R570,pine,41679.2,-10849.1,1427.9,-59.7,1.131
R571,elm,41994.1,-11238.1,1547.6,-15.81,0.93
R572,elm,42846.9,-10758.3,1393.6,-263.47,0.806
R573,elm,47749.3,-11241.8,1980.2,53.56,1.173
R574,poplar,48463.9,-11029.8,2063.6,-7.5,0.808
R575,pine,48907,-11048,2081.3,-211.07,1.01
R576,elm,51509,-10939.9,2357.1,-156.24,1.174
R577,elm,54383.9,-10897.4,2950.4,58.09,1.116
R578,pine,56707.8,-11038.9,3830.2,-11.31,0.838
R579,poplar,39948.9,-10321,1363.8,-66.28,0.838
R580,pine,41320.8,-10302,1326.3,-102.03,0.848
R581,poplar,43074.4,-10264.9,1306.6,-253.46,0.855
R582,elm,44567.4,-10501.5,1294.5,-195.04,1.165
R583,poplar,45222.7,-10370.6,1321.1,80.73,0.821
R584,poplar,48003.5,-10211.7,2027.8,-269.5,1.037
R585,poplar,48970.4,-10215.6,2135.6,-44.77,1.101
R586,pine,49833.7,-10093.3,2199.9,-251.16,0.956
R587,elm,50982.7,-10366.6,2340.1,-142.23,0.93
R588,poplar,36494.2,-9442.2,1475.8,-197.46,1.158
R589,pine,49958,-9754,2237.7,-18.93,1.078
R590,poplar,51106.2,-9588.9,2362.8,5.67,0.923
R591,elm,39180.3,-8757.9,1412.3,-123.35,0.853
R592,pine,40009.8,-8744.4,1328,-127.28,1.192
R593,elm,41557.3,-8906.6,1341,74.53,1.082
R594,pine,42089.7,-8798.1,1349.3,-127.04,0.904
R595,elm,44021.2,-8495.2,1209.9,52.03,0.93
R596,poplar,45074.5,-9033.8,1262.4,57.57,0.966
R597,elm,47786.7,-8859.5,2106.2,-59.85,0.9
R598,poplar,39308.6,-8263,1356.3,-188.94,0.903
R599,pine,40781.4,-7707.4,1283.1,-12.12,0.835
R600,pine,45871.8,-7837,1378.4,-193.16,1.039
R601,elm,46491.2,-8012.1,1614.8,-239.21,1.08
R602,pine,48080.9,-8267,2003.2,-230.96,1.168
R603,pine,50306.6,-7741,2211.2,-44.02,1.153
R604,poplar,51131,-7797.6,2351.3,78.19,0.975
R605,pine,52904.7,-8161.4,2674.7,74.73,0.868
R606,poplar,33943.5,-7226.6,1752,-207.1,0.839
R607,elm,38975.5,-7253.4,1265.1,-244.42,0.804
R608,pine,41234.9,-7330,1298.7,-148.95,0.894
R609,poplar,44242.4,-7145.4,1262.5,5.64,1.118
R610,elm,45436.3,-7055.2,1304.2,-119.08,0.93
R611,pine,46160.4,-7206.8,1456.7,-16.42,0.971
R612,pine,49914.9,-7030.5,2160.6,-243.85,0.932
R613,elm,51032.1,-7055.5,2206.6,-140.16,1.046
R614,poplar,54204.9,-7082.4,3095.2,-109.61,1.11
R615,pine,54974.6,-7487.8,3263.6,-95.93,0.936
R616,elm,39529.2,-6327.8,1260.5,-67.01,0.89
R617,pine,45293,-6465.7,1357.8,-23.74,1.193
R618,elm,48415.3,-6650.1,1885.7,37.46,1.182
R619,elm,41687.7,-6048.1,1289.8,-177.9,0.865
R620,poplar,42489.3,-5894.8,1232.3,-166.91,1.077
R621,poplar,45155.4,-5750.2,1417.9,-212.33,0.948
R622,poplar,48374.5,-5860.2,1828.2,-190.38,0.966
R623,elm,49894.9,-5675.7,1985.9,-54.01,1.009
R624,poplar,41745.9,-4973.1,1234.2,86.28,1.048
R625,pine,45451.8,-5252.8,1476.1,-59.64,1.197
R626,poplar,48791.3,-5192.9,1784.1,-203.61,0.893
R627,poplar,37101.7,-4304.7,1604.6,-153.39,0.822
R628,elm,38249.3,-4495.2,1514.9,-208.47,0.851
R629,poplar,41371.5,-4089.5,1329.7,-163.02,1.09
R630,poplar,42356.2,-4181.5,1270.1,-176.72,0.815
R631,elm,48461,-4281.3,1855.8,-141.1,1.112
R632,poplar,43826.6,-3297.2,1482.6,-54.63,0.86
R633,elm,43738.6,-1899.3,1537.8,-180.66,0.827
R634,elm,45532.6,-1453.6,2110.7,-46.58,0.926
R635,elm,45891.4,-1367.9,2183.6,-119.89,1.176
R636,pine,51108.9,-1490.9,2323.3,-141.66,1.101
R637,poplar,-59278.4,-59405.2,6682.3,-120.79,0.839
R638,poplar,-58543.4,-59435.4,6709,-160.53,1.178
R639,elm,-57145.3,-59254.6,6414.7,72.24,1.085
R640,elm,-55350,-59349,6238,-252.61,1.151
R641,pine,-54664.5,-59489.3,6149.6,-262.11,1.091
R642,elm,-54216.7,-59339.1,6258.8,-85.62,1.111
R643,pine,-52633.5,-59399.8,6365.7,-193.24,0.941
R644,pine,-50440.9,-59334.4,6619.7,-3.57,0.81
R645,pine,-49249.9,-59384.4,6600,-206.19,0.918
R646,elm,-47321.3,-59404.7,6992.7,-243.52,1.153
R647,pine,-46056.2,-59346.6,7294.3,-98.9,1.224
R648,pine,-44585,-59462.8,7046.2,-241.71,1.212
R649,poplar,-42087.2,-59515.7,6659.2,27.78,0.936
R650,pine,-29838.3,-59550.6,6999.9,-269.66,0.856
R651,elm,-29389.7,-59250.3,7090.6,-246.48,0.874
R652,pine,-27058.6,-59217.8,6075.8,21.74,1.082
R653,pine,-24312.4,-59503.8,5763.4,82.19,0.958
R654,pine,-22518.4,-59424.6,5662.5,-52.66,1.249
R655,elm,-21489,-59371.7,5932.7,73.67,0.816
R656,pine,-19263.8,-59387,5323.8,-68.57,1.103
R657,pine,-16347.2,-59458.5,5325.6,-169.03,1.236
R658,poplar,-15462.2,-59521.7,5457.2,2.71,1.027
R659,pine,-14842.1,-59218.4,5748.8,-137.58,0.838
R660,pine,-14294.6,-59493.1,5871.8,-102.95,1.17
R661,pine,-13432.2,-59206,5719.5,-63.99,0.931
R662,poplar,-9517.6,-59418.6,4581.8,-183.02,1.176
R663,pine,-7268.6,-59340.6,4949.1,20.51,1.206
R664,pine,-6854.6,-59288.2,5029.5,-121.33,0.894
R665,pine,-5204,-59369,5466.9,-162.98,0.928
R666,elm,-3256.5,-59397.1,5532.4,-145.92,0.855
R667,elm,-2091.9,-59206,5948.2,-176.73,1.176
R668,elm,-1578.1,-59216.7,6034.3,-68.19,1.242
R669,elm,-102.3,-59594.3,6235.1,83.26,0.871
R670,elm,3057.9,-59596.6,5700.6,-175.71,1.238
R671,pine,15557.1,-59528.1,6255.3,63.85,1.098
R672,poplar,17940,-59427.9,6386.7,83.23,0.976
R673,elm,18790.6,-59218.4,6766.8,73.93,1.137
R674,poplar,19453.9,-59543.9,6239.6,2.16,0.895
R675,elm,21169.4,-59378.3,5853.3,-155.05,1.045
R676,pine,21796.9,-59383.8,5957.6,69.09,0.894
R677,pine,23308.8,-59252.6,6179.3,-89.31,1.238
R678,elm,25211,-59323.9,6616.2,-117.31,1.09
R679,pine,26910,-59354.4,6877.1,-171.3,1.181
R680,elm,28078.6,-59480.8,7077.1,-48.18,0.924
R681,pine,30394.9,-59432,7869.2,-106.82,1.161
R682,pine,31624,-59541.6,7411,-84.07,1.232
R683,poplar,43027.2,-59329.4,6693.8,-150.01,1.191
R684,pine,44095.1,-59518.4,6471.4,-145.19,0.959
R685,pine,46099,-59374.6,5394.9,-107.67,1.233
R686,elm,47103,-59273.2,4949.2,-85.54,1.235
R687,poplar,48118.5,-59363.2,5172.9,-103.3,0.91
R688,poplar,50087.9,-59497.2,4748.6,-137.46,1.148
R689,pine,52882.5,-59583.6,4677.7,-167.78,1.2
R690,pine,53969.8,-59425.7,4721.6,-7.97,0.991
R691,pine,54516.2,-59438,4913.3,-112.55,0.879
R692,elm,56057,-59561.4,5618.6,59.67,0.83
R693,elm,57544.8,-59597.7,5443.4,-260.79,0.831
R694,pine,57681.8,-59322.2,5600.7,88.32,1.164
R695,elm,58822.6,-59444.6,6047.5,59.52,0.954
R696,elm,-59353.4,-58526,6221.6,-255.38,1.146
R697,elm,-58533.3,-58633,6495.3,-265.25,1.009
R698,elm,-57827.1,-58877.4,6517.3,-252.19,0.96
R699,elm,-57325.5,-58606.6,6308.4,88.36,1.237
R700,elm,-56173.3,-58539,6199.7,-99.12,0.954
R701,poplar,-55569.2,-59178.2,6325.5,-112.59,0.894
R702,elm,-54708.6,-58487.2,6392.1,4.15,1.025
R703,pine,-54209,-58852.4,6418.5,-196.43,1.199
R704,pine,-53547.9,-58827.9,6493,-47.14,0.817
R705,pine,-52625.8,-58401,6424.3,70.78,0.941
R706,poplar,-51668.4,-59025.8,6394.4,-149.93,0.884
R707,poplar,-50619.1,-58762.3,6649.7,-70.08,0.964
R708,elm,-49771.4,-59125.4,6689.5,-195.45,0.911
R709,pine,-49536.4,-58426.8,6795.5,63.19,1.072
R710,pine,-48128.3,-58972,6924.6,-52.93,0.879
R711,poplar,-47664.5,-58571.3,7254.9,-63.78,0.809
R712,elm,-46599.8,-59008.8,7362.5,40.74,0.865
R713,pine,-45691.3,-58884.9,7139.8,-247.55,0.915
R714,pine,-44841.2,-58942.2,6967.4,81.74,1.063
R715,pine,-44744.9,-58854.6,6945.8,35.24,0.905
R716,elm,-43863.6,-58902.8,6826.6,36.81,0.918
R717,pine,-42454.6,-59147.7,6666.3,-76.22,1.208
R718,pine,-31122.8,-58837.1,6291.5,53.98,1.056
R719,poplar,-28566.2,-59014.3,6549.2,23.98,0.846
R720,pine,-27616.4,-59114,6346.6,-148.24,0.918
R721,pine,-27070.3,-58551.3,5643.7,59.77,1.146
R722,pine,-24979.8,-58707.2,5364.4,-29.61,1.013
R723,pine,-24178.8,-58632.2,5377.3,76.03,0.846
R724,elm,-23226.6,-58929.1,5646.6,59.94,0.958
R725,pine,-22758.7,-58794.2,5575.4,-199.27,1.008
R726,poplar,-22257.2,-58897,5652.2,-182.16,0.995
R727,elm,-21158,-59108.3,5886.7,-104.05,1.138
R728,pine,-20618.7,-58924.6,5608.5,60.83,1.028
R729,elm,-19688,-58948.1,5382.9,-102.81,0.891
R730,pine,-18412.3,-59105.6,5395.6,-106.05,1.073
R731,pine,-18036.1,-59141.7,5260.9,-258.25,1.082
R732,elm,-17112.7,-58596.8,5317.2,76.94,0.943
R733,pine,-16575.2,-58739.2,5346.8,65.2,1.24
R734,pine,-15989.8,-59196.4,5552.8,-74.59,0.821
R735,elm,-14462.3,-58582.7,5891.7,-199.52,1.247
R736,poplar,-13605.3,-58753.8,5827.8,73.56,1.146
R737,elm,-12910.4,-58895.5,5335,-35.83,1.163
R738,poplar,-12177.9,-58718,5004.1,-209.17,0.819
R739,elm,-11238.5,-59021.3,4711.4,-137.87,1.159
R740,pine,-11163,-59149.6,4751.9,-70.47,1.217
R741,pine,-9964.4,-58434.5,4639.5,-33.16,1.211
R742,elm,-9203.1,-59016.6,4587.4,-203.19,0.964
R743,pine,-8364.8,-58481,4851,-108.38,0.994
R744,elm,-7363.2,-59086.6,5005.1,78.46,1.024
R745,pine,-6781.2,-59155.1,5028.2,15.03,1.003
R746,pine,-6159.7,-59006.8,5198.9,-51.41,1.028
R747,pine,-4946,-58964.2,5357.1,-69.3,0.866
R748,pine,-4205.5,-58852.9,5531,-4.38,0.935
R749,pine,-3525.6,-58595.8,5689.3,-32.75,1.088
R750,pine,-2814.4,-58911,5693.5,-40.82,1.12
R751,elm,-1729.7,-58469.5,6345.6,-244.11,0.922
R752,poplar,16761.9,-58886.9,6308.5,-72.84,1.108
R753,elm,17126.1,-58781.2,6260.4,-259.5,1.195
R754,pine,18112.8,-58438.5,6139.1,-242.6,0.859
R755,pine,18963.5,-58749,6669.6,81.54,0.935
R756,elm,19475.7,-59099.6,6409,-154.79,0.979
R757,elm,20248.9,-58461.4,6355.2,65.17,1.208
R758,pine,21083.6,-58578.1,6262.7,-16.42,1.191
R759,pine,22191.7,-58748.7,6585.2,-171,0.832
R760,elm,23176.7,-59024.2,6317.6,-134.28,0.96
R761,poplar,23215.9,-58687.6,6298.5,-195.15,1.033
R762,pine,24740.1,-58871.2,6471.3,-8.43,0.88
R763,elm,25549.8,-58672.1,6900.4,27.13,0.91
R764,poplar,26253.3,-59157.7,7076.6,21.26,1.083
R765,elm,26663.8,-59176.9,6943.9,-248.31,1.021
R766,pine,28220,-58820,7521.3,-255.73,1.212
R767,pine,31231.2,-59059.5,7494.8,-205.94,0.997
R768,elm,32728.1,-58659.7,6882.6,89.08,0.946
R769,pine,33205.9,-59150.3,6669.9,-30.6,1.224
R770,pine,36737.1,-58743.9,5631.7,-27.72,1.104
R771,elm,40494.1,-58708.1,5897.6,-27.17,1.126
R772,pine,41736.6,-58409.5,6206.6,-111.31,1.182
R773,pine,43039.2,-58494.1,6727.1,21.28,1.152
R774,pine,43877.8,-58732.5,6881.3,-267.42,1.161
R775,pine,44533.2,-58692.8,6178.7,-234.75,1.185
R776,elm,44937.2,-58427.8,5752.2,-87.73,1.203
R777,pine,46395.3,-58964.1,5102.5,-173.13,1.076
R778,pine,46816.1,-58895.2,4903.2,16.39,0.933
R779,pine,47631.9,-59118.2,5038.1,-30.64,1.202
R780,pine,48186,-58580.2,4863.5,-70.01,1.13
R781,elm,48950.1,-58550.3,5000.2,-109.39,1.012
R782,pine,50304.6,-58444.5,4375.8,-119.91,0.933
R783,pine,50427.9,-58592.8,4337.3,-170.84,1.131
R784,poplar,51632.7,-58405.2,4227.4,-41.59,1.043
R785,pine,52117.6,-59191.5,4326.3,-143.25,1.16
R786,elm,53059.2,-58707.2,4391.3,-89.37,1.165
R787,poplar,54391.4,-58446.2,4708.3,79.72,0.944
R788,pine,55165.1,-58988.9,5282.4,69.35,1.19
R789,pine,55897,-58821.3,5570.1,-129.17,1.199
R790,pine,56259,-58413.2,5561.3,-37.21,1.009
R791,pine,57430.3,-58489.9,5684.3,-141.78,1.086
R792,elm,58237.4,-59045.4,5913.4,65.17,1.098
R793,pine,58650.7,-58971.2,6088.7,-259.1,0.901
R794,pine,-58613.4,-58360.6,6334.6,-229.09,1.155
R795,pine,-58288,-57737.2,6182,23.66,0.847
R796,elm,-57014.9,-57983,6101.5,27.22,1.239
R797,pine,-56240,-57703.9,6061.3,-155,0.89
R798,pine,-55262.2,-57884.3,6357.8,-250.17,1.122
R799,pine,-54451.1,-58002,6281,4.74,0.968
R800,elm,-53986,-57863.2,6349.7,27.47,1.167
R801,elm,-53495.2,-58345,6450.8,-176.54,0.818
R802,poplar,-52106.2,-58179.7,6323.3,44.73,1.088
R803,pine,-51961.6,-57860.5,6326.3,-160.63,1.079
R804,pine,-50853.5,-57701.9,6619.4,-41.67,1.205
R805,poplar,-49919.8,-58089.9,6741.8,-116.03,1.211
R806,elm,-49157.9,-57742.2,6961.8,81.21,1.003
R807,poplar,-48753.3,-57763.3,7030.8,-193.62,1.157
R808,pine,-47741.1,-58347.2,7283,-80.4,0.987
R809,pine,-46440.6,-57902.2,7113,73.48,0.825
R810,elm,-45770.2,-57838.4,7109.5,-126.55,1.228
R811,pine,-45025.1,-58162,6806.4,-7.22,1.212
R812,elm,-44679.9,-57912.2,6783.5,-185.63,1.015
R813,pine,-43212,-57658.3,6379.6,-184.91,1.219
R814,pine,-43151.1,-58322.4,6678.7,-93.8,0.926
R815,pine,-33547.2,-58300,5581.8,11.59,1.178
R816,pine,-32685.6,-58289.8,5537.3,-61.22,0.884
R817,elm,-29539,-57742.1,6005.7,-60.31,1.076
R818,pine,-27233.1,-58188,5496.3,-183.14,0.918
R819,pine,-27030.5,-58088,5390.8,-168.35,0.982
R820,elm,-25798.3,-57819.6,5434.3,15.26,1.019
R821,pine,-25312.1,-58079.1,5395.3,-90.91,0.923
R822,pine,-24361.3,-58247.3,5267.5,-103.87,0.988
R823,pine,-23275.1,-57737.5,5163.2,-51.09,1.011
R824,elm,-23044.9,-58033.2,5259.5,-45,1.133
R825,pine,-22001.8,-57811.2,5325.8,-5.6,1.097
R826,elm,-20834.3,-58094.2,5377.4,-118.1,1.045
R827,pine,-20274.2,-57981.2,5139.8,58.49,1.247
R828,pine,-19377.3,-57726.3,5091.6,-252.29,0.942
R829,pine,-19015.4,-58039.9,5184.9,-34.1,0.847
R830,elm,-17947.7,-57832.6,5230.4,-52.38,0.908
R831,poplar,-16821.5,-58093.9,5368.5,-120.55,1.102
R832,pine,-16759.3,-57963.4,5382.1,81.44,1.038
R833,pine,-15263.1,-58193.4,5754.1,-107.66,0.896
R834,elm,-14492.4,-57986.3,5881,-178.56,0.818
R835,pine,-13680.7,-57896.8,5845.9,-29.65,1.063
R836,pine,-12824.4,-57798.3,5293,-131.44,0.895
R837,pine,-12463.2,-57857.8,5023.7,-211.73,0.913
R838,elm,-11299,-58322.6,4698.9,8.36,0.894
R839,poplar,-10721.3,-58277.9,4639.1,-259.84,0.874
R840,pine,-9838.5,-58065.9,4768.1,-74.73,0.876
R841,elm,-8344.9,-57805.8,5283.5,-119.82,0.814
R842,pine,-7558.3,-57902.3,5317.1,-86.59,1.065
R843,pine,-6940.8,-58396.5,5027.3,-248.21,1.128
R844,pine,-5839.4,-57978.8,5076,46.3,1.159
R845,elm,-5280.3,-58057.1,5267,-156.01,0.894
R846,pine,-4682.9,-57820.4,5612.2,-1.95,0.886
R847,poplar,-3550.3,-57686.1,5977.1,-222.73,1.104
R848,pine,-3097.7,-58089,5779.3,-9.22,1.065
R849,pine,15600,-57652.1,5453.6,-184.38,0.878
R850,pine,16257,-57944.1,5736.3,-211.38,0.819
R851,pine,17755.1,-58091.2,6171.4,20.13,0.878
R852,pine,18720.4,-58391.3,6339,-57.85,1.145
R853,pine,19435.5,-58379.7,6529.4,-18.42,0.81
R854,pine,20309.1,-57897.9,6647.5,85.55,0.885
R855,pine,21368.3,-57746.9,6996.1,-216.85,1.108
R856,pine,22074.7,-57613.6,6646.3,19.14,0.985
R857,pine,22816.5,-58026.8,6290.4,-138.16,0.906
R858,poplar,24254.6,-58054.6,6276.1,-162.24,0.933
R859,pine,25363.2,-58272.9,6821.7,8.08,0.874
R860,elm,25657.5,-57808.1,6832.5,9.29,0.925
R861,poplar,26964.9,-58169.6,7267.2,-237.84,0.845
R862,pine,27444.7,-57883.4,7410.4,-263.34,1.091
R863,pine,37505.3,-57825,5606.1,13.74,1.195
R864,elm,37752.5,-57623.6,5504.6,61.36,1.013
R865,elm,38680.4,-58159.8,5621.2,-52.47,1.134
R866,pine,40549.2,-58283.6,5923.1,-90.69,1.161
R867,poplar,41278.3,-58103.2,6079.7,9.77,0.968
R868,pine,42209.2,-57715.7,6399.5,-179.35,0.977
R869,poplar,42427.7,-58230.1,6558.7,-120.94,1.12
R870,pine,43881.6,-58096.7,6480.5,77.41,1.175
R871,pine,44499.8,-57710.8,5988.7,-208.34,0.822
R872,pine,44993.9,-58238.3,5655.1,4.72,1.197
R873,elm,46370,-58136.8,4977.1,65.4,0.973
R874,poplar,46661.4,-57860.8,4888.3,-10.85,0.994
R875,elm,47907.3,-57749.6,4610.3,-209.55,1.089
R876,pine,48463.6,-57995.8,4685.1,-245.61,1.229
R877,pine,49565.8,-58213.4,4666.3,-114.58,1.112
R878,poplar,50091.9,-57978.4,4565.3,-168.65,1.087
R879,pine,50536.8,-58101.7,4383.5,-134.29,1.068
R880,poplar,51217.9,-58167.8,4350.4,38.53,0.923
R881,pine,52787.7,-57600.4,3867.5,-89.09,1.127
R882,elm,53448.3,-57968.1,4309.2,-4.92,1.158
R883,pine,53843,-57723.2,4512.9,29.02,1.175
R884,elm,54630,-58204.6,4789.1,-256.29,0.932
R885,elm,55213.2,-58077.3,5176.3,-153.03,0.883
R886,pine,56316.4,-57786.5,5721.1,-57.77,1.179
R887,pine,57080.4,-57749.1,5847.1,-268.16,1.041
R888,pine,59115.4,-58011.9,6145.2,-28.5,0.846
R889,elm,59454.3,-58224,6112.9,-87.99,1.039
R890,pine,-59028,-57077.4,5717.9,-240.17,0.948
R891,elm,-57767.7,-56923.4,5968.1,27.11,1.056
R892,elm,-57095.1,-57332.4,5920.7,76.82,1.037
R893,elm,-56260,-57482.5,5930,-251.66,0.909
R894,poplar,-55397.4,-57381.2,5990.5,-49.11,1.027
R895,pine,-55131.8,-56900.2,5729.1,-166.16,1.141
R896,pine,-54018.3,-57317.9,6229.5,-242.38,1.136
R897,poplar,-52867.9,-56842.3,6169.8,-109.2,1.241
R898,pine,-52639,-56806.1,6183.6,-212.12,0.855
R899,pine,-51212.4,-57596,6562.4,-254.44,1.241
R900,pine,-50524.3,-57397.4,6683.3,-254.51,0.86
R901,pine,-49788,-57259.9,6840.9,81.44,1.137
R902,pine,-49121.2,-56866.7,7089.8,28.65,1.124
R903,poplar,-48269,-57187.9,7216,-30.29,0.89
R904,pine,-47361.7,-57152.2,7234.5,-25.44,0.9
R905,elm,-45966.9,-57463.4,7082.2,-266.45,1.136
R906,pine,-45438,-56804.1,7047.8,-113.64,1.115
R907,pine,-44615.2,-57128.5,6738.7,-265.16,1.024
R908,elm,-43867.8,-56964.1,6360.1,-30.42,1.148
R909,pine,-36221.6,-56852.3,5540,-200.06,1.004
R910,pine,-30979.8,-57350.3,6607.3,-213.77,1.03
R911,pine,-27304.6,-57209.8,5050.9,-64.75,0.975
R912,pine,-26935.5,-57176.3,5136.1,-209.83,1.108
R913,poplar,-25660.2,-57475.4,5269.4,-34.75,1.133
R914,poplar,-25108.7,-57019.5,5125.1,-111.76,1.208
R915,pine,-24043.3,-56858,5099.5,-82.57,1.172
R916,elm,-23364.3,-57262.4,5106.3,-78.45,1.148
R917,pine,-23091,-57065.9,5053.7,-141.35,1.007
R918,pine,-22357.9,-57219.1,5085.9,-70.23,0.834
R919,pine,-20991.5,-56903.7,5208.9,79.95,1.023
R920,pine,-20476.5,-56947.5,5114.2,-17.94,0.971
R921,poplar,-19229.9,-56855.6,4936,-121.47,0.845
R922,pine,-18995.1,-57341.3,5073,-62.69,1.162
R923,elm,-17794.1,-57583,5228.1,-84.64,0.897
R924,poplar,-17106,-57049,5255.7,-160.1,0.822
R925,poplar,-16719.3,-57466.4,5385.9,-140.86,1.189
R926,pine,-15391.2,-57130.1,5696.8,-173.57,1
R927,pine,-14854.6,-57452.3,5732.4,85.37,0.823
R928,pine,-14176.2,-56870.4,5782.9,-88.33,1.139
R929,elm,-13273.7,-57272.5,5732.1,23.33,0.882
R930,pine,-12724.2,-57047.8,5597.6,-160.79,0.965
R931,poplar,-11709.8,-57444.7,4896.6,-36.21,1.124
R932,pine,-10933,-57091.1,4899.4,-23.44,0.91
R933,pine,-9821.6,-57309.6,5258.4,-194.16,0.822
R934,poplar,-9431.8,-57110.4,5234,54.07,0.898
R935,pine,-8340.2,-57218.7,5108.7,-50.73,0.871
R936,pine,-7563.8,-57101.7,5239.9,-126.19,0.942
R937,poplar,-6936.7,-57456.7,4973.4,-258.33,0.818
R938,pine,-6293.6,-57193.9,4907,-72.71,1.222
R939,pine,-4872.5,-57050.7,5595,-108.92,1.075
R940,elm,-4735.9,-57062.7,5723,-88.92,0.869
R941,poplar,-3553.8,-57139.1,6102.8,-224.75,1.161
R942,pine,-2350,-56804.5,5740.8,-94.36,1.051
R943,pine,15990.2,-57462.8,5582.6,58.81,1.154
R944,pine,16198.9,-57399.7,5680,-109.92,1.11
R945,pine,17760.7,-56872,5813.2,-134.55,1.161
R946,pine,19672.9,-57276.7,6504.4,-21.37,0.965
R947,elm,20158.6,-57507.8,6690.8,-79.4,1.13
R948,pine,22327.3,-57462.3,6482.1,-232.45,0.911
R949,pine,25052.7,-57194.7,6569.9,-263.86,1.199
R950,pine,26913.2,-57061.2,6932.2,-113.1,1.183
R951,pine,37593.6,-57211.5,5555,-146.29,0.863
R952,poplar,40728.7,-57031.3,6067.7,-26.26,1.138
R953,elm,40986.9,-57056.6,6231.6,-149.34,1.226
R954,pine,42066.5,-57314.1,6324.1,-53.44,1.083
R955,elm,42419.3,-57185.1,6397.6,-90.75,0.94
R956,pine,43261.8,-56870,5765.8,-21.18,0.877
R957,pine,44684.9,-56919.4,5432.8,-188.2,0.802
R958,elm,45545,-57060.5,5354.3,-115.34,0.86
R959,pine,45638,-56999.2,5330.8,0.01,1.159
R960,pine,46527.8,-57397.2,5002.6,-36.59,1.128
R961,pine,47589,-57566.5,4677.3,36.14,1.222
R962,elm,48542.9,-57228,4483.9,-67.44,0.872
R963,elm,49556.6,-57585.4,4591.6,-18.6,1.104
R964,pine,50299.6,-57584.6,4558.1,-198.28,1.121
R965,pine,51195.6,-57131.5,4325.8,-57.93,0.852
R966,pine,51449.9,-57053.2,4236.8,-92.34,0.909
R967,pine,53541.7,-57229.5,4146.6,40.86,1.217
R968,pine,53870.3,-57248.2,4406.1,22.18,0.848
R969,elm,54699.3,-57397.6,4903.4,-245.7,1.049
R970,pine,55586.7,-56968.8,5394.2,86.45,0.967
R971,elm,56465,-57079.9,6248.7,-34.68,1.056
R972,pine,-58655.6,-56236.3,5790.9,-189.63,1.162
R973,pine,-58122.7,-56359.4,5881.2,-209.01,1.002
R974,elm,-57573,-56082.8,5794.4,-60.43,0.996
R975,poplar,-56756.9,-56694.9,5821.5,-145.76,0.904
R976,poplar,-55986.8,-56425,5676.1,-0.84,1.034
R977,pine,-54466.9,-56454.5,5781.6,84.4,1.137
R978,poplar,-53885.9,-56790,6147.3,78.34,1.159
R979,elm,-53231,-56011.9,6122.4,26.06,0.801
R980,elm,-52257.2,-56263.5,6129,42.36,0.903
R981,pine,-51798.4,-56252.5,6226.9,19.9,0.861
R982,elm,-51003.5,-56091.5,6474.1,-29.14,0.811
R983,elm,-49889.7,-56526,7184.3,-226.13,1.086
R984,elm,-49235,-56714.3,7129.8,-6.56,1.156
R985,pine,-48409,-56775.6,7366.9,-74.39,0.833
R986,elm,-47908.2,-56010.5,7223.1,-110.04,1.013
R987,elm,-45480.1,-56644.3,7078,-139.92,0.941
R988,pine,-44197.4,-56791,6414.7,-218.63,1.093
R989,poplar,-43830.2,-56673.6,6401.1,70.6,0.84
R990,elm,-40389.8,-56796.9,5628.8,57.69,0.936
R991,elm,-37722,-56104.6,5844.5,-199.43,0.921
R992,pine,-37343.9,-56316.3,5884.2,-182.59,1.049
R993,pine,-32950.9,-56498.6,5875.7,69.38,0.913
R994,elm,-28971.2,-56374.8,4876,-259.23,1.074
R995,poplar,-27525.6,-56003.7,4807.8,-217.47,1.235
R996,elm,-26679.4,-56598.7,5098.7,-220.52,1.085
R997,elm,-25940.5,-56263.8,5247.2,24.21,1.072
R998,pine,-25277.3,-56154.8,5335.3,25.36,0.99
R999,elm,-24197.9,-56369.4,5262.1,-244.16,1.154
R1000,pine,-23851.6,-56017.9,5327.7,-237.31,1.225
R1001,pine,-23013.1,-56216.5,5112,-219.25,0.902
R1002,pine,-21959,-56427.9,5069.3,-1.87,1.013
R1003,pine,-21009.6,-56715.3,5165.3,-32.09,0.816
R1004,poplar,-20433,-56416.4,5084.8,-162.67,0.928
R1005,pine,-19636.2,-56688.3,4972.5,-67.02,0.938
R1006,poplar,-18623.9,-56682.4,5207.3,11.38,0.938
R1007,elm,-18076.8,-56344.8,5395.2,57.15,1.074
R1008,pine,-17428.2,-56701.9,5207.6,-81.13,0.955
R1009,pine,-16545.9,-56433.3,5132.5,-214.93,0.955
R1010,poplar,-15734.2,-56275.6,5157.6,-206.57,0.834
R1011,pine,-14635.9,-56658.9,5615,-268.23,1.008
R1012,poplar,-13641.8,-56035.4,5696.3,-124.22,1.17
R1013,pine,-13289.8,-56732.5,5670.3,-126.64,1.218
R1014,pine,-12593,-56032.8,5275.8,-178.89,0.874
R1015,pine,-11368.8,-56365.5,5108.9,-181.39,1.01
R1016,elm,-10835.6,-56139.1,4856.3,-23.6,0.983
R1017,pine,-9835.5,-56118.6,4904.9,-40.17,1.194
R1018,pine,-9182.9,-56404.6,4956.5,-108.24,0.857
R1019,poplar,-8019.2,-56770.5,5002.3,-9.41,0.819
R1020,elm,-7225,-56436.6,5113,-248.66,0.869
R1021,pine,-6420.1,-56434.3,5000.9,-219.37,1.05
R1022,pine,-5976.5,-56236.5,5084.1,-198.87,1.022
R1023,elm,-5369.7,-56346.5,5366.2,52.27,1.131
R1024,pine,-4164.2,-56322.2,6576.6,-2.31,0.929
R1025,poplar,-3696.4,-56004.8,6496.4,-207.45,0.822
R1026,pine,-2391.7,-56359.9,5613.7,-231.7,0.969
R1027,pine,19128.2,-56114.4,6105.4,-166.69,1.045
R1028,elm,22658.8,-56547.2,6483.1,-3.9,1.125
R1029,pine,25015.6,-56768,6638,-33.94,0.834
R1030,elm,38119.9,-56171.9,5277.1,-163.92,0.941
R1031,pine,38526.8,-56176.1,5521.5,-230.79,1.222
R1032,pine,39886.8,-56411.7,5868.9,-16.41,1.038
R1033,poplar,40384.8,-56698.3,5954.7,-191.17,1.105
R1034,elm,42101.2,-56625,6242.1,-109.46,1.225
R1035,elm,43015.5,-56320.6,5397.8,-5.41,0.893
R1036,pine,43360,-56421.2,5331.2,-208.49,0.858
R1037,poplar,44717.2,-56396,5173.9,-168.82,1.231
R1038,poplar,44971.6,-56704,5276,86.1,0.835
R1039,pine,46399.1,-56635.9,4781,-267.25,1.156
R1040,pine,47293.8,-56146.2,4172.4,-197.79,0.879
R1041,pine,50185.8,-56120.2,4293,-86.99,0.964
R1042,pine,50635.5,-56028.8,4260.5,13.06,0.853
R1043,poplar,51641.6,-56241.3,4479.1,-256.13,1.199
R1044,poplar,52619.1,-56334.7,4383.6,-40.2,0.996
R1045,elm,53409.8,-56150.3,4366.4,57.3,1.158
R1046,pine,54717.2,-56313.2,5138.6,-241.41,0.974
R1047,pine,55682.4,-56453.7,5652.6,-175.83,1.185
R1048,poplar,57141.8,-56602,6290.7,-178.88,0.914
R1049,pine,-59174.4,-55856.1,5717.1,80.15,0.83
R1050,pine,-58222.8,-55202.2,5547.3,-78.85,1.002
R1051,elm,-56924.4,-55396.1,5552.4,-208.27,0.853
R1052,pine,-56671,-55429.5,5484.8,77.16,0.819
R1053,elm,-55853.7,-55567,5531.8,-106.61,1.143
R1054,poplar,-54491.9,-55302.7,5773.5,-59.92,0.839
R1055,poplar,-53872.7,-55586.7,5972.2,-147.75,1.141
R1056,elm,-53515.3,-55522,5970.7,45.92,1.194
R1057,elm,-52109.9,-55988.3,6218.1,35.06,0.903
R1058,poplar,-51236.2,-55677.4,6512.9,-143.48,0.922
R1059,pine,-51023.2,-55531.5,6714.6,67.61,1.169
R1060,pine,-49834.3,-55721.9,7513.1,-249.63,0.966
R1061,pine,-49517.2,-55392.2,7671.7,-233.3,1.235
R1062,elm,-36845,-55333.2,6129.5,-114.74,1.132
R1063,pine,-33667.8,-55877.2,5736.6,-248.86,0.808
R1064,pine,-29818.3,-55763.1,4895,-130.65,1.211
R1065,pine,-28070.4,-55428,4736.3,60.38,1.119
R1066,pine,-27329.8,-55330.1,4823.7,-212.04,1.044
R1067,poplar,-27162.8,-55535.4,4982.7,-149,1.142
R1068,pine,-26054.8,-55831.1,5245.1,-166.76,0.825
R1069,poplar,-25026.5,-55246.9,5395.1,-95.58,0.945
R1070,poplar,-24794.6,-55753.2,5414.6,-81.64,0.929
R1071,pine,-23238.1,-55392.6,5097.6,66.82,0.822
R1072,elm,-22690.4,-55505.7,5101.1,34.08,1.049
R1073,pine,-21991.3,-55557.5,4945.9,-230.02,1.055
R1074,poplar,-20918.2,-55675.3,4960.9,-78.32,0.828
R1075,pine,-20422.9,-55486.6,4968.5,-91.85,0.894
R1076,pine,-19632.7,-55620.4,4898.3,0.84,0.954
R1077,pine,-18691.4,-55323.8,4861.4,-238.28,0.802
R1078,poplar,-18115.7,-55728,5174.1,-188.31,1.169
R1079,elm,-17194.3,-55943.7,4968.3,72.16,1.138
R1080,pine,-16196.8,-55661.3,4840,-29.27,0.808
R1081,poplar,-15753.7,-55672.6,4880.2,-194.82,1.114
R1082,pine,-14418,-55393.2,5262.8,-195.68,1.024
R1083,pine,-14111.9,-55988.4,5533.7,-166.35,0.916
R1084,pine,-13422.7,-55541,5516.3,-256.29,0.997
R1085,elm,-12498.6,-55920,5286,-262.04,1.185
R1086,pine,-11882.1,-55329.3,4973.3,-104.85,0.833
R1087,elm,-10546.7,-55937.1,4780,-68.13,0.989
R1088,elm,-10309.7,-55582.8,4747.3,32.9,1.217
R1089,pine,-9086.5,-55500.6,4758.5,72.75,1.001
R1090,pine,-7218.8,-55454.2,5088.1,66.85,1.202
R1091,pine,-7070.2,-55719.1,5133.6,-230.26,0.885
R1092,pine,-5965.8,-55535.3,5282.4,-91.9,0.817
R1093,pine,-5331.9,-55246,5698.2,-92.92,1.04
R1094,poplar,-4774,-55591.2,5983.5,79.9,1.135
R1095,pine,-3132.3,-55607,5703.7,-82.31,1.01
R1096,elm,16384.5,-55911.9,5541.6,-139.09,0.834
R1097,pine,19806.9,-55836.3,6338.2,-144.42,0.9
R1098,pine,21530.6,-55616.6,5933.5,-219.98,1.209
R1099,pine,36315.6,-55394.4,4878.1,-236.6,1.088
R1100,elm,39899,-55724.6,5790.7,8.47,1.004
R1101,elm,40770.6,-55237.3,6111.8,62.91,1.143
R1102,elm,41039.6,-55611.6,6153.4,-131.75,1.09
R1103,poplar,42075.9,-55597,5581,-52.59,1.017
R1104,elm,42550.7,-55951.3,5492.9,34.76,0.948
R1105,elm,43660.2,-55968.7,4997.7,40.53,1.137
R1106,elm,44316.3,-55357.9,4816.3,-121.85,1.21
R1107,poplar,44925.8,-55930.2,5025.9,-65.3,0.982
R1108,elm,46083,-55928,4788.5,-189.56,0.87
R1109,pine,46969.2,-55740.4,4258.3,-75.22,1.122
R1110,elm,47652.4,-55633.9,4041,-115.69,0.974
R1111,pine,48340.4,-55222.1,3772.4,7.82,1.156
R1112,elm,49390.8,-55513.7,3904.6,-106.51,1.172
R1113,pine,51905.4,-55631.4,4333.6,-9.26,1.189
R1114,elm,53753.6,-55990.3,4544.1,74.92,0.825
R1115,pine,55265.8,-55408.2,5775.1,-162.2,1.173
R1116,poplar,57504.4,-55434.8,5711,46.34,1.15
R1117,elm,-59566.4,-54643.8,5810.4,-54.48,0.919
R1118,poplar,-58811.5,-55199.2,5547.5,49.63,0.943
R1119,pine,-57773.7,-54840,5474.4,63.06,0.845
R1120,pine,-56909.8,-55072.9,5475.7,-167.17,1.128
R1121,pine,-56502.7,-55074.5,5433.3,-71.85,1.065
R1122,elm,-55854.3,-54831,5470.9,19.38,0.98
R1123,elm,-54420.9,-54753.7,5772.1,-105.62,1.009
R1124,elm,-53658.6,-54885.6,5828.5,14.83,1.244
R1125,pine,-53088.3,-55062.3,5876.8,75.24,1.174
R1126,pine,-52246.7,-55082.7,6154.2,-77.69,0.853
R1127,pine,-51385.5,-54839.4,6556.5,-201,1.179
R1128,elm,-50946,-54401.7,6865.5,-171.95,1.11
R1129,pine,-42969.4,-55194.9,6557.2,-142.53,0.935
R1130,elm,-37342.8,-54842.2,5978.9,-69.92,1.132
R1131,pine,-36758,-54794.1,6215.1,-146.28,1.216
R1132,pine,-33996.7,-54868.5,5949.8,-210.66,0.969
R1133,elm,-28115.6,-55105,4524.3,72.11,0.899
R1134,poplar,-27908.5,-55089.5,4564.9,18.62,1.047
R1135,pine,-27100.1,-54477.5,4765.1,83.89,0.916
R1136,pine,-26357.4,-54997.8,5252.9,-193.32,0.83
R1137,pine,-24831.6,-54945.3,5225.4,-89.41,1.084
R1138,elm,-24270.4,-55025.5,5189.8,-9.56,0.99
R1139,poplar,-23953.8,-54801.9,5185.1,40.26,0.832
R1140,elm,-22696.6,-54490.4,5066.5,16.11,0.925
R1141,elm,-21692,-55126.8,4969,44.77,0.864
R1142,elm,-21374.5,-54588.3,4995.7,-151.2,1.001
R1143,poplar,-20656.6,-54519.3,5085.4,-188.52,0.929
R1144,elm,-19879.3,-54665.3,4891.4,-25.21,1.001
R1145,pine,-19170.2,-54764.6,4694,-70.86,0.964
R1146,elm,-17640.7,-54778.4,4596.6,-261.16,0.901
R1147,elm,-15693.2,-54586.1,4531.8,69.03,1.16
R1148,elm,-14752,-54958.5,5039.4,-17.31,1.093
R1149,pine,-13989.1,-55110.9,5487.9,-162.95,0.858
R1150,poplar,-12970.3,-54504.2,5088.4,-188.29,1.019
R1151,pine,-12094.5,-54933.3,4973.6,-152.09,1.049
R1152,pine,-11945.1,-54580.7,4936.1,-269.49,0.955
R1153,pine,-10612.9,-54676.9,4725.1,-261.16,1.194
R1154,elm,-9667.7,-54477.3,4586.4,65.04,1.093
R1155,pine,-9363.2,-54985.8,4676.6,-40.56,1.214
R1156,elm,-8080.6,-54722.5,4842.6,-47.48,1.205
R1157,poplar,-7901.3,-54823,4871.9,-135.18,0.802
R1158,pine,-7066.7,-54791.5,5201.9,-55.26,1.139
R1159,elm,-6271.9,-54883.3,5373.8,-1.17,1.167
R1160,pine,-5291.8,-54470,5668.9,-110.46,0.884
R1161,pine,-4389.2,-54612.5,5879.1,-225.31,1.079
R1162,pine,-3760.9,-55098.6,6057,-29.03,0.872
R1163,elm,-2078.6,-54752.7,4831.6,-108.98,1.237
R1164,elm,22624.2,-54555.8,5394.1,69.03,1.129
R1165,pine,26151.6,-55098.2,6221.2,-65.9,0.921
R1166,elm,27252.8,-55172,6546.4,-253.97,1.157
R1167,pine,39288.2,-55033.8,5580.2,-159.33,1.171
R1168,pine,40502.5,-55185.9,5973,-187.59,1.097
R1169,elm,41393.5,-55114.3,5844.5,-83.92,1.121
R1170,pine,42182.5,-54902.8,5260.3,38.75,1.123
R1171,pine,42724.6,-54640.9,4946.4,-1.41,0.915
R1172,pine,43659.6,-54949.3,4830.9,-144.38,0.83
R1173,elm,44501.5,-55012.2,4633.8,-81.19,1.023
R1174,elm,44852,-55015,4508.5,-269.12,0.933
R1175,pine,46266.8,-55151.1,4610.6,76.36,1.03
R1176,pine,46819.8,-54803.5,4290.9,-144.67,1.037
R1177,poplar,47312.5,-54900,4018.8,26.69,1.137
R1178,pine,50258.6,-54515.5,3778.1,-266.06,0.944
R1179,pine,50648.3,-54697.1,3811.3,-62.18,0.833
R1180,elm,53367.8,-55160.9,4537.9,-102.21,1.114
R1181,pine,53607.6,-55172,4655.3,-200.42,1.167
R1182,pine,-58691.1,-53888.5,5695.2,-15.54,0.869
R1183,pine,-58360,-53762.9,5689.9,-256.39,1.222
R1184,pine,-56921.8,-53903,5563.5,-37.07,1.19
R1185,poplar,-56090.8,-54065.1,5409.2,-252.03,1.206
R1186,elm,-55586.6,-54373.4,5534.1,-87.34,0.91
R1187,elm,-55056.8,-54185.8,5741.2,-146.67,1.233
R1188,pine,-53724.6,-54157.4,5588.6,-223.57,1.037
R1189,pine,-53227.6,-54201.3,5701.1,-155.97,1.168
R1190,pine,-52457.4,-53831.5,6143.1,-111.4,1.234
R1191,poplar,-51796.2,-53994.2,6641.7,-137.03,1.178
R1192,pine,-50620.8,-53848.3,6893.6,-256.3,1.116
R1193,poplar,-50175.3,-54347.4,7128.6,-137.71,0.955
R1194,elm,-38842.4,-54293.4,6624.6,35.9,0.821
R1195,pine,-30009.7,-53645.5,4746.1,-121.95,1.188
R1196,elm,-29318.9,-54167,4610.3,-164.78,1.005
R1197,elm,-28580.1,-53848.4,4469.8,28.39,1.033
R1198,pine,-27217.8,-54137.9,4757.8,-94.05,1.122
R1199,pine,-26703.6,-53889,5197.7,-119.41,1.039
R1200,elm,-25905.6,-54004.9,5106.7,-175.26,0.907
R1201,pine,-25057.2,-53793.1,4852.8,-148.16,0.806
R1202,elm,-24587.3,-53854.7,5003,-214.66,1.156
R1203,poplar,-23885.8,-53993.9,5181.5,-21.21,0.875
R1204,elm,-22661.9,-53848.7,5143.6,-178.67,1.038
R1205,pine,-21979.2,-54334.4,5073,-211.84,0.908
R1206,poplar,-20809.3,-53973.6,5160.6,-234.21,0.896
R1207,pine,-20421,-53770.7,5172,-107.2,1.202
R1208,pine,-19272.2,-54326.4,4584.9,81.08,0.882
R1209,pine,-17506.4,-54128.6,4305.6,-108.1,1.223
R1210,pine,-16469.3,-53957.5,4579.5,85.89,1.16
R1211,pine,-15433.2,-54370.3,4529.6,-169,0.817
R1212,pine,-14781.9,-54280.7,4757.8,-246.98,0.965
R1213,elm,-14354.9,-54386.5,5111,-188.08,0.949
R1214,elm,-13125.8,-53979.8,4984.4,-185.67,1.019
R1215,elm,-12708.5,-53790.1,4965.7,-16.88,1.135
R1216,pine,-11668.9,-53715.6,5086.4,73.57,0.972
R1217,pine,-10982.3,-53630.9,4953.1,70.21,1.062
R1218,elm,-9617.4,-54142.7,4673.5,-65.91,1.137
R1219,elm,-9127.9,-54173.7,4716.8,-48.86,1.11
R1220,pine,-8308.5,-54310.8,4807.5,19.53,1.249
R1221,poplar,-7956.6,-53660,5158.3,35.07,0.831
R1222,poplar,-7151.6,-54018.3,5193.7,-252.5,0.862
R1223,poplar,-6117.4,-54009.7,5644.2,-252.86,0.898
R1224,elm,-5170.2,-54288.5,5590.5,-193.85,0.888
R1225,poplar,18404,-54217,5681.3,-168.16,0.936
R1226,elm,21776.6,-53976.5,5429.3,25.05,0.934
R1227,elm,22993.2,-53698.9,5117.6,-132.45,1.228
R1228,pine,24176.4,-53784.6,5209.6,23.37,1.17
R1229,pine,26207.4,-53790.9,5773,-153.18,1.04
R1230,pine,39503.4,-53811.9,5083.1,-63.39,1.01
R1231,poplar,40208.7,-54046.6,5270.9,-260.84,1.108
R1232,pine,41529.2,-53626.6,4906.8,-243.02,1.15
R1233,poplar,42213.8,-54319.8,5101.5,5.24,1.052
R1234,pine,43178.4,-54116.7,4426.2,-219.46,1.075
R1235,pine,43388.7,-54221.3,4430.8,-37.23,1.066
R1236,pine,45358.2,-53969.6,4358.9,-163.24,0.896
R1237,pine,46395,-53970.6,4514.7,-40.95,0.86
R1238,pine,47090.4,-54133.3,4295.8,-11.81,1.071
R1239,pine,47465.5,-53925.6,4105.7,-232.89,1.066
R1240,pine,48746.6,-54252.1,3772,-194.73,1.198
R1241,pine,49767.1,-53864.2,3780,-81.72,0.925
R1242,pine,50582.3,-53909.3,4002.5,-95.78,1.071
R1243,elm,-59428.7,-52934.2,5678.8,64.21,0.845
R1244,elm,-58858.6,-53394,5863.1,-265.23,1.225
R1245,pine,-57999.4,-53347.6,5503.5,-115.39,1.063
R1246,poplar,-57591.1,-53215.4,5467.7,-74.99,1.035
R1247,pine,-56702,-52875.6,5657.4,-131.38,1.098
R1248,pine,-55812.8,-53479.3,5595.4,-170.04,1.032
R1249,elm,-55015.3,-53017.3,5572.6,62.92,1.179
R1250,pine,-53668.3,-53204.8,5602.9,-89.2,1.203
R1251,pine,-53049.5,-53232.6,5941.3,-35.32,1.213
R1252,pine,-52749.5,-53310.1,6192.5,-236.91,0.816
R1253,pine,-51855.5,-53177.5,6936.1,-133.69,1.081
R1254,poplar,-50430.2,-52916.3,6712.1,-70.88,1.058
R1255,elm,-31441.2,-53101.1,5225.4,-109.36,0.872
R1256,pine,-29188.5,-53537,4565.9,-150.17,1.163
R1257,pine,-28271.3,-53537,4610,-119.76,0.883
R1258,elm,-27861.8,-53266.2,4897.3,82.28,1.035
R1259,pine,-26912.4,-53052.3,5108.9,-123.24,1.204
R1260,pine,-26311.4,-52869.4,4973.8,-29.61,0.86
R1261,elm,-24915.6,-53482.9,4781.5,-266.59,1.074
R1262,elm,-24416.4,-52959.9,4885,-47.78,0.985
R1263,pine,-23390.1,-52859.1,5014.9,-216.32,1.056
R1264,pine,-22786.9,-53469.7,5055.5,-84.25,1.035
R1265,elm,-22360.1,-53581.6,5061.7,-99.06,0.963
R1266,elm,-21105.9,-53249.7,5114.2,-204.32,0.859
R1267,pine,-20348.5,-52995.7,5258.2,-17.2,1.232
R1268,pine,-19523.5,-53192,4962.6,-258.07,1.199
R1269,pine,-17321.5,-53548.2,4325,74.34,1.074
R1270,pine,-16535.1,-53545.6,4434.3,-268.67,0.917
R1271,elm,-15222.2,-53323.7,4473.2,-10.3,0.969
R1272,pine,-14722.6,-53040.1,4592.9,-96.06,0.971
R1273,elm,-13860.1,-52988.3,4931.7,-257.04,1.213
R1274,elm,-13526.9,-53318.1,4858.3,-100.77,1.007
R1275,pine,-12057,-53227.6,4963.5,-229.22,1.125
R1276,pine,-11360.7,-53468.6,5057.8,-219.27,0.891
R1277,elm,-10594.5,-53200,4939.7,44.86,1.15
R1278,pine,-10057.7,-53174.2,4995.3,-126.63,1.188
R1279,elm,-8805.9,-52997.8,5240.9,-19.99,0.954
R1280,elm,-8132.8,-53090.9,5360.3,72.1,1.165
R1281,elm,-7671.7,-53333,5342.4,22,0.937
R1282,poplar,-7019.6,-52965.5,5462.6,86.33,1.051
R1283,poplar,22985.4,-53090.1,5158.4,43.24,0.919
R1284,pine,24131.4,-53253.5,5159.6,-192.12,1.214
R1285,pine,38845.8,-53509.4,4611.2,-115.03,1.133
R1286,pine,39916.5,-52979.3,5020.9,-9.49,0.914
R1287,pine,40677.4,-53578.9,5095.5,-191.57,0.882
R1288,pine,41078,-52886.1,4767.5,-42.26,1.203
R1289,pine,41980.2,-53082.2,4623.8,-1.43,0.967
R1290,elm,43081.5,-52838,3998.9,64.94,1.106
R1291,poplar,43368.4,-53275,3987.9,-156.2,1.224
R1292,pine,45207.2,-53329.9,4219.2,-105.06,1.134
R1293,pine,46120,-53469.9,4416.9,-49.84,0.881
R1294,poplar,47027.9,-52983.7,4234,-83.77,1.188
R1295,pine,47814.9,-53340.7,4216.4,-77.4,1.04
R1296,pine,49593.2,-53088.1,4105,37.4,1.241
R1297,pine,50628.8,-53256.3,4394.1,-21.62,1.037
R1298,pine,53780.7,-53364.3,5361.5,14.52,0.828
R1299,pine,-58457,-52366.2,5747.2,36.65,1.141
R1300,pine,-58164,-52144.4,5821.7,-228.32,0.987
R1301,elm,-56971.5,-52602.1,5724.4,26.68,1.164
R1302,elm,-56082.7,-52304.9,5695.2,-64.66,0.882
R1303,poplar,-55887.9,-52764.3,5574.4,-229.5,0.863
R1304,pine,-55037,-52655.7,5641.8,-120.66,1.005
R1305,elm,-53992.7,-52381.5,5740,-131.32,1.185
R1306,pine,-52382.5,-52620.3,6674.6,-119.72,0.97
R1307,elm,-51651.4,-52164.1,6523,-3.69,0.899
R1308,pine,-39633.4,-52651.1,6146.3,-93.34,1.19
R1309,poplar,-38372.8,-52711.3,6520.5,-64.64,1.112
R1310,elm,-37000.1,-52226.7,6193.2,-167.44,1.243
R1311,pine,-34746.5,-52035.2,6019.6,-102.83,0.992
R1312,pine,-32007,-52582.5,5264.5,-184.52,1.086
R1313,elm,-31869.1,-52334.7,5151.9,-19.24,1.132
R1314,pine,-30698,-52307.4,5073.6,-138.84,1.156
R1315,pine,-29754.5,-52696.6,4868.6,-98.87,0.947
R1316,pine,-28812.7,-52600.1,4899.3,-244.96,0.999
R1317,elm,-28022.8,-52366.9,5250.2,45.6,1.208
R1318,elm,-27445.3,-52565.7,5128.8,-75.81,1.111
R1319,poplar,-26513.1,-52234.9,4905.3,44.32,0.93
R1320,poplar,-25627.9,-52360.4,4959.2,-172.48,0.887
R1321,poplar,-25548.3,-52654.7,4864.4,-247.91,1.206
R1322,elm,-24114.2,-52270.6,5006.6,-47.78,0.993
R1323,pine,-23301.1,-52292,5105.9,-269.54,1.037
R1324,pine,-23133.4,-52592,5098.5,-141.2,0.931
R1325,pine,-22228,-52746.3,4971.2,-186.93,0.972
R1326,elm,-21570.1,-52135.1,5159,-131.88,1.242
R1327,pine,-20355.8,-52516.6,5283,-39.07,0.866
R1328,pine,-19311.2,-52760.4,5036.6,78.29,1.17
R1329,pine,-18422,-52396.4,4670.4,-253.85,0.901
R1330,pine,-17666.5,-52171.9,4527.6,-30.55,1.229
R1331,elm,-15230.7,-52773.1,4413.1,-230.1,1.166
R1332,elm,-14876.6,-52371.8,4439.3,3.41,0.85
R1333,pine,-14215.9,-52001.9,4741.2,-98.16,1.088
R1334,pine,-13385.3,-52535.8,4759.3,37.66,1.237
R1335,pine,-12389.8,-52204.8,4845.1,87.26,0.844
R1336,poplar,-11654.7,-52331.4,5023.9,-65.27,1.13
R1337,elm,-10868.4,-52639.2,5030.7,-201.61,1.139
R1338,pine,-9796.4,-52100.9,5030.9,14.81,1.05
R1339,poplar,-8869.4,-52509.7,5145.3,-245.87,1.033
R1340,poplar,-8479.7,-52322.2,5213.4,-231.69,1.03
R1341,elm,-6800.4,-52195.7,5128.6,-264.99,0.851
R1342,elm,-3868.9,-52730.9,5473.7,-37.97,1.219
R1343,elm,9625.4,-52216.9,4449.5,-231.02,0.848
R1344,pine,21340.7,-52053.9,4716.6,-249.63,1.05
R1345,pine,22547,-52416.3,4850.2,-26.31,1.138
R1346,pine,23213.4,-52590.2,4936,-82.15,0.938
R1347,pine,29628.8,-52250.6,5313.5,-264.53,1.035
R1348,elm,39586.9,-52499,4900.4,85.43,0.918
R1349,pine,40297.6,-52687.3,5119.1,54.82,1.156
R1350,pine,41396,-52786.2,4647.2,56.14,0.946
R1351,pine,42093.6,-52407.9,4324.6,-46.94,0.832
R1352,pine,42432.6,-52008.3,4158.1,-229.21,0.977
R1353,elm,43282,-52773.4,3950.4,-223.8,0.988
R1354,elm,45240.3,-52577,4104.4,68.77,1.246
R1355,pine,45966.6,-52270.7,4223.5,-14.75,1.241
R1356,pine,47349.9,-52115.4,4331.5,-165.23,0.916
R1357,pine,48357.6,-52205.4,4509.7,-199.05,1.064
R1358,pine,50132.2,-52278.9,4605.8,-185.22,1.098
R1359,poplar,51055.8,-52490,4897.7,-72.95,0.921
R1360,pine,51395.6,-52173,5288.8,-221.41,0.963
R1361,pine,52676,-52000.1,5336.5,-193.78,1.056
R1362,elm,-58430.9,-51296.6,5913.2,-113.9,1.234
R1363,pine,-57661.5,-51782.1,6123.9,-268.6,1.025
R1364,pine,-57376.4,-51691,6099,-152.91,1.232
R1365,pine,-56681.1,-51218.1,6123.6,15.41,1.106
R1366,elm,-55961.2,-51789.2,5980,76.97,0.943
R1367,pine,-54410.4,-51767.6,5993.6,-211.74,1.146
R1368,poplar,-54006.5,-51423.8,6413.1,-123.64,1.048
R1369,poplar,-38883.5,-51540,5929.9,51.98,0.951
R1370,pine,-35168.1,-51556.1,5990.8,-14.51,0.991
R1371,pine,-33795.3,-51397.1,5418.4,-247.82,0.993
R1372,pine,-32851.6,-51923.8,5520.6,-155.93,1.061
R1373,poplar,-32163.3,-51786.9,5304.4,-166.12,0.801
R1374,pine,-31826.8,-51461.8,5252.9,-212.79,1.106
R1375,pine,-30252.7,-51880,5195.2,44.08,0.976
R1376,elm,-29387.6,-51675.7,5124.8,-183.64,0.977
R1377,poplar,-28086,-51911,5272.9,-216.17,1.117
R1378,poplar,-27582,-51878.5,5048.3,-175.54,0.876
R1379,elm,-26493.3,-51719.9,5057,-128.4,0.82
R1380,elm,-26145.9,-51410.4,5219.4,17.98,1.237
R1381,pine,-25598.2,-51419.2,5298.2,-218.62,1.087
R1382,pine,-24368,-51705.3,5233.2,-16.66,0.807
R1383,elm,-23557.2,-51390.3,5395.3,-73.06,0.933
R1384,pine,-22725.7,-51718.5,5262,-144.42,1.212
R1385,elm,-22019.4,-51809.6,5264.4,-116.8,0.903
R1386,elm,-21170.4,-51365.6,5380,-126.66,1.184
R1387,elm,-20182,-51753.1,5400.8,-237.88,0.858
R1388,poplar,-19578.1,-51597.7,5235.4,38.37,0.928
R1389,pine,-18340.3,-51410.7,4649.6,-117.09,1.102
R1390,pine,-16336.2,-51210.6,4463.7,-238.29,1.021
R1391,elm,-15928.8,-51474.3,4544.3,-139.36,0.976
R1392,elm,-15150,-51487.8,4548.3,53.88,1.139
R1393,pine,-13515.2,-51760.7,4746.5,47.36,1.231
R1394,pine,-11985.4,-51959.5,4971.6,-7.84,0.864
R1395,poplar,-10400.9,-51520.5,5121.8,72.53,1.239
R1396,pine,-9384,-51641.7,4904.6,-236.48,1.111
R1397,poplar,-8774.3,-51490,4930.5,-135.83,0.821
R1398,poplar,8596.4,-51494.4,4599,-15.72,1.187
R1399,elm,21525.4,-51218.5,4246.7,-13.46,1.105
R1400,pine,22406.4,-51569.9,4345.9,-135.98,0.84
R1401,elm,23229.4,-51938.9,4618.7,-173.75,1.071
R1402,pine,24886,-51211.9,4497.8,-159.17,0.941
R1403,pine,39382.3,-51429,4582.2,-59.95,0.964
R1404,pine,40516.5,-51579.1,4697.9,-12.03,1.093
R1405,elm,41451.7,-51598.5,4412.5,-218.04,1.177
R1406,poplar,42009,-51486.2,4278.4,31.25,1.053
R1407,pine,42603.2,-51585.5,4100.2,-22.27,1.059
R1408,elm,44748.9,-51595.7,4044.6,-131.96,1.084
R1409,pine,45332.4,-51998.9,4138.5,67.28,1.107
R1410,elm,45747.1,-51520,4160.6,-261.87,1.104
R1411,pine,46684,-51896.9,4456.8,-53.19,1.108
R1412,elm,47491.9,-51283.8,4652.9,29.36,1.204
R1413,pine,48780.3,-51873.1,4589.7,7.99,1.232
R1414,poplar,49260.4,-51922.4,4537.7,-77.25,1.094
R1415,poplar,50170.9,-51540.7,5088.6,-207.53,0.832
R1416,pine,51045.1,-51605.2,5522.3,-0.93,1.174
R1417,pine,51938.2,-51495.3,5601.8,-40.83,1.202
R1418,pine,52123.8,-51417.8,5535.5,-10.86,1.067
R1419,elm,53599,-51721.9,5287.3,15.71,1.243
R1420,pine,-59562.7,-50937.5,5697,-250.14,0.917
R1421,elm,-58835,-50668.7,5947.7,79.89,1.019
R1422,poplar,-58104.6,-50870.2,5997.8,-212.54,0.813
R1423,elm,-57484.6,-50455.7,6144.7,-10.39,0.957
R1424,pine,-56329.4,-51025.6,6104.6,42.85,0.942
R1425,pine,-55418.2,-50401.2,6440.8,-220.35,0.833
R1426,pine,-54908.3,-50528.2,6291.4,-215.34,0.98
R1427,pine,-40356.8,-50742.7,5820.5,-96.73,1.096
R1428,elm,-39928.6,-51036.9,5985.8,32.71,1.117
R1429,elm,-38511.1,-50445.1,5482.1,4.4,1.095
R1430,elm,-35945.7,-50983.4,5465.8,-4.51,1.031
R1431,pine,-32947.1,-50809.2,5150.9,15.39,1.144
R1432,pine,-30090.6,-50808.1,5259.6,5.19,1.153
R1433,elm,-26528.2,-50898.2,5317.4,-250.59,0.863
R1434,elm,-26159.4,-51155.2,5311.2,-51.31,1.021
R1435,elm,-25176,-50920.7,5531.1,-185.87,0.848
R1436,pine,-24170.9,-50770.3,5591.1,-192.04,1.228
R1437,pine,-22524.5,-50937.5,5502.3,-246.24,0.932
R1438,elm,-21746.4,-50564.8,5627.9,-118.68,0.904
R1439,pine,-20805.5,-51128.1,5413.4,46.6,1.158
R1440,pine,-20632.3,-51073.1,5437.2,-96.56,1.044
R1441,poplar,-19372.4,-51108,5236.7,-87.51,1.018
R1442,pine,-19090.5,-50630,5171.1,-100.81,1.222
R1443,elm,-15461.6,-51132.2,4467.9,-210.01,0.9
R1444,pine,-12944.3,-50565.7,4599.3,62.45,1.182
R1445,poplar,-11508.8,-50994.3,4981.2,42.29,1.219
R1446,pine,-10564.6,-50819.5,5084.4,23.53,0.862
R1447,pine,-9691.3,-50708.9,4839.3,-14.56,1.214
R1448,elm,-8986.7,-50409.2,4526.4,-21.71,1.174
R1449,pine,9857.4,-50857.6,4109.5,44.97,1.141
R1450,pine,18844.8,-51189.3,4462.6,-77.31,0.904
R1451,elm,22132.8,-51002.4,4166.7,-55.25,1.201
R1452,pine,23771.9,-50501.8,4172.7,-108.75,0.912
R1453,pine,24726.6,-50811.4,4346.4,-127.5,1.047
R1454,pine,30684.3,-50591.8,4694.2,-197.96,0.953
R1455,pine,31610.3,-50654.6,4745.1,42.86,1.108
R1456,pine,33981.5,-50486.6,4459.3,-112.33,1.033
R1457,elm,38530.9,-50723.3,4248.4,-149.33,1.083
R1458,elm,39568.7,-50963.9,4529.1,-222.87,0.906
R1459,pine,40370.5,-50729.9,4660.9,-212.82,0.802
R1460,pine,40820.1,-51135.4,4543,59.06,1.246
R1461,pine,41796.5,-51149.3,4358.9,87.75,0.997
R1462,pine,42961.3,-50874.5,4099.8,-13.87,1.25
R1463,elm,45155.6,-50760.8,3862.3,63.93,1.103
R1464,pine,46136.7,-51059.8,4091.5,-9.32,0.895
R1465,pine,47140.8,-50823.6,4476.6,-17.9,0.835
R1466,pine,47878.5,-51052.9,4738.4,-28.98,0.883
R1467,pine,48691.2,-50795.9,4849,-163.14,1.168
R1468,elm,49571.2,-51038.2,4972.5,-23.15,0.82
R1469,pine,50204.5,-50464.7,5420.2,-41.17,0.861
R1470,elm,50786.9,-50513,5511.3,69.21,0.948
R1471,elm,51285,-50979.6,5626.3,63.57,1.098
R1472,poplar,52295.4,-50774.7,5201.6,-63.9,0.852
R1473,elm,52828.8,-50527.4,4896.6,-196.26,1.209
R1474,elm,54788.7,-50979.2,5288.8,-125.14,1.037
R1475,pine,-58947.7,-50082.4,6018.8,74.21,0.812
R1476,pine,-58225,-49969.3,6056.7,-109.39,0.932
R1477,elm,-57334.7,-50147.8,6136.8,50.25,1.237
R1478,poplar,-56349.1,-49806.5,6465.3,-144.72,1.04
R1479,pine,-55782,-50083.8,6617.1,-104.75,1.201
R1480,poplar,-55141,-50080.9,6569.8,3.25,0.931
R1481,elm,-40090.4,-49914.9,5738.2,-244.89,1.05
R1482,elm,-39620.1,-50146.4,5738.4,-238.83,0.932
R1483,pine,-38017.3,-49764.5,4893.9,-119.37,0.923
R1484,elm,-36656.6,-50327.9,5118.3,-67.98,1.179
R1485,elm,-32208.5,-49897.4,4570.2,52.75,1.049
R1486,poplar,-31806.2,-49869.4,4744,-148.83,1.101
R1487,pine,-23517.8,-50294.4,5461.6,-134.65,0.991
R1488,pine,-23028.7,-49919,5115.8,88.96,1.221
R1489,pine,-21713,-50347.1,5520.8,-9.51,0.854
R1490,poplar,-21283,-50237.8,5529.6,-131.37,1.244
R1491,pine,-20709.8,-50061.1,5338,69.2,1.232
R1492,pine,-19485.4,-50122.5,5021.8,-241.01,0.837
R1493,poplar,-15108.9,-49941.5,4368.9,-50.54,0.939
R1494,pine,-12885.7,-50361.7,4597.9,14.01,1.173
R1495,poplar,-12513.9,-50254,4589,-262.39,0.991
R1496,elm,-11315,-50339,4771.4,-219.05,0.913
R1497,pine,-10433.1,-50100.1,4491.7,-130.63,1.085
R1498,pine,-9879.8,-49823.2,4024,28.5,1.056
R1499,elm,21151.3,-49830.9,4071.2,-229.3,1.202
R1500,elm,22044.4,-49624.8,3948.8,-105.43,1.024
R1501,pine,22990.1,-49612.1,3840.7,21.15,1.154
R1502,elm,23946.2,-49603.6,4017.2,-124.18,1.102
R1503,elm,24224.3,-50315.8,4183.5,11.3,1.145
R1504,elm,24915.5,-50142.9,4310.2,-45.24,1.084
R1505,elm,31306.5,-49622.1,4089.1,-10.71,0.984
R1506,pine,38718.2,-49838.9,4327.1,26.71,1.203
R1507,pine,39345.3,-50001.1,4397.1,-31.48,0.866
R1508,poplar,40158.6,-49741.7,4304.6,-253.24,1.196
R1509,pine,41269.9,-50282.1,4229.1,-184.04,0.874
R1510,pine,43297.7,-50137.4,3947.3,-50.09,0.887
R1511,pine,44015.3,-49921,3876,-21.72,1.111
R1512,elm,46057.1,-50134.5,4090.9,-215.7,0.872
R1513,pine,46817.2,-49696.1,4044.5,-134.5,0.968
R1514,pine,47999.5,-49655.3,4248,-62.44,1.143
R1515,pine,48272.8,-49869.5,4450.4,-109.38,1.083
R1516,pine,48851.1,-50237.6,4786,-269.63,1.024
R1517,pine,50376.3,-50350.1,5544.2,-120.32,0.998
R1518,pine,50412.2,-49627.7,4865.4,-150.32,0.91
R1519,pine,51396.2,-50008.4,4889,13.53,1.242
R1520,poplar,53002.1,-50188.8,4726.8,-84.23,1.154
R1521,poplar,53772.9,-50291.2,4855.6,-214.04,0.91
R1522,pine,-58881.5,-49483.7,6098.8,-213.22,1.074
R1523,elm,-57881,-49208.2,6135.7,-247.44,0.913
R1524,elm,-57534.5,-48811.1,6143.9,-145.59,1.216
R1525,pine,-56549.5,-49579.3,6519.1,-198.1,0.938
R1526,poplar,-55631.5,-49155.7,6963.3,-31.94,1.035
R1527,poplar,-40177,-49417.6,5599.9,-195.72,0.905
R1528,pine,-39343.8,-49252.6,4862.4,43.14,1.14
R1529,elm,-38417.9,-48842.7,4511.7,-190.83,0.814
R1530,elm,-38364.5,-49092.8,4593.5,-68.34,1.127
R1531,poplar,-36718.8,-49196.2,4373.1,-31.85,1.23
R1532,pine,-31971.5,-49446.1,4291.5,79.68,1.165
R1533,pine,-29460.2,-49585,4593.7,63.67,1.028
R1534,pine,-17241.4,-48933.3,3670.3,14.53,1.237
R1535,elm,-16635.3,-49493.4,3921.6,-51.56,0.959
R1536,pine,-13731.3,-49039.1,4223.9,82.49,0.836
R1537,pine,-12894.5,-49037.3,4056.6,-194.53,0.895
R1538,pine,23877.3,-49178.1,4041,-48.12,0.947
R1539,pine,24637,-49040.8,4091.1,-217.46,0.954
R1540,elm,25047.6,-49433.1,4284.1,-179.46,1.113
R1541,pine,25600.1,-49379.3,4470,-12.74,1.116
R1542,poplar,30343.4,-49241.2,4079.5,84.72,0.995
R1543,poplar,33028.1,-49167.5,4032.4,-52.46,0.856
R1544,pine,34670.7,-48895.1,3758.3,-35.81,1.062
R1545,elm,35949.4,-49197.1,4012.9,-238.26,1.091
R1546,pine,36770.8,-49414.1,4236.1,52.96,1.148
R1547,elm,37422.8,-49018.6,4259.8,-7.01,1.143
R1548,pine,38656.1,-49108,4274.1,-59.19,1.103
R1549,elm,41195.6,-49154,3957.8,-184.06,0.852
R1550,elm,42220.8,-48949.7,3872.3,-31.45,1.201
R1551,poplar,43035,-49058.8,3826,-193.08,1.032
R1552,pine,44337.5,-49296.2,3913.7,-94.55,0.846
R1553,pine,45362.4,-48820.6,3952.1,-162.21,1.065
R1554,pine,45793.3,-49574.4,4120.6,-220.12,1.015
R1555,elm,46845.7,-48914.8,3802.6,-208.16,0.941
R1556,poplar,47724.3,-49256.1,4043.5,-261.83,1.138
R1557,poplar,48630.2,-48941.4,4313.7,-150.58,1.087
R1558,pine,49014.5,-49367.8,4542.9,31.33,1.09
R1559,poplar,50439.2,-49438.8,4739.7,-142.52,1.234
R1560,elm,51624.6,-49280.4,4426.7,5.83,1.21
R1561,pine,53448.8,-49023.1,4011.5,76.45,0.929
R1562,elm,-59263.5,-48381.3,5903.8,-37.5,0.85
R1563,pine,-58734.8,-48124.1,5840.9,-115.31,1.01
R1564,elm,-57931,-48542.4,6003.3,-223.59,0.95
R1565,elm,-57004.4,-48727.7,6166.8,-32.24,0.977
R1566,elm,-54988.1,-48516,6636.7,74.14,1.186
R1567,elm,-40086.1,-48463.4,5109.1,-80.46,1.12
R1568,poplar,-39316,-48533.2,4631.4,-183.23,0.866
R1569,elm,-38500.6,-48493.5,4401.4,-258.95,0.82
R1570,pine,-35604,-48272.1,3922.6,-50.87,0.935
R1571,pine,-35025.7,-48095.5,3856.5,-54.98,0.876
R1572,pine,-32518.2,-48108,3577.4,-215.67,0.869
R1573,poplar,-24121.1,-48661,4367.4,-157.59,1.23
R1574,elm,-13945.1,-48795,3975.9,-43.91,1.171
R1575,poplar,23018.6,-48033,3983.7,3.29,0.885
R1576,elm,23812.2,-48393.2,4003.3,-242.04,0.84
R1577,pine,24035.9,-48698.2,4032.1,58.89,0.82
R1578,pine,25382.1,-48102.7,4221.8,-92.38,1.071
R1579,elm,25965.8,-48655.3,4448.7,35.02,1.219
R1580,pine,27282.8,-48345.6,4306,53.73,1.016
R1581,pine,33097.5,-48794.8,3766,67.98,0.988
R1582,pine,35159.7,-48517,3658.4,-87.95,1.122
R1583,elm,39461.3,-48441,4066.3,-19.86,1.066
R1584,pine,42061.9,-48748.3,3817.3,-29.56,0.985
R1585,pine,45134.9,-48149.3,3840.4,-117.53,1.096
R1586,pine,47698,-48205.9,4011.2,45.88,1.167
R1587,elm,48251.8,-48543.5,4227.1,10.65,0.883
R1588,elm,-59493.5,-47993.7,5936.9,-192.27,0.96
R1589,elm,-58761.4,-47202.2,5836.3,11.1,0.966
R1590,pine,-57844.8,-47373.2,5930.5,-135.64,1.008
R1591,pine,-57333.2,-47538.4,6026.3,-50.65,1.099
R1592,pine,-56022.6,-47855.6,6356.1,-104.17,1.117
R1593,elm,-43825.5,-47216.8,5328.4,-16.07,0.933
R1594,pine,-41037.8,-47871.2,5249.5,-1.12,1.204
R1595,pine,-40081.1,-47509.1,4687.8,-11.57,0.87
R1596,pine,-39683.9,-47517.1,4549.6,79.83,0.933
R1597,pine,-39054.7,-47361.3,4491,-142.07,1.179
R1598,pine,-38329.1,-47868.2,4260.4,-184.27,0.891
R1599,pine,-37592.9,-47866.5,3919.2,13.73,1.16
R1600,elm,-34318.9,-47765.9,3714.8,88.27,1.074
R1601,elm,-31604.4,-47938,3749.2,-240.02,0.86
R1602,poplar,21505,-47395.7,4255.5,-19.16,1.134
R1603,elm,22733.1,-47785.8,4074.4,-7.56,0.862
R1604,poplar,23790.2,-47348.8,4345.1,80.99,1.238
R1605,poplar,24513.4,-47583.7,4241.2,-252.14,1.089
R1606,poplar,25370.8,-47802,4293.1,55.77,1.214
R1607,pine,25709,-47604,4441.1,2.99,0.841
R1608,elm,27455.8,-47765.6,4194.2,50.5,0.869
R1609,pine,33147.3,-47549.3,3343.4,-114.74,0.996
R1610,pine,39264.3,-47732.7,3760.4,-214.48,1.026
R1611,elm,45899.6,-47294.4,3592.7,-266.34,1.012
R1612,pine,47332.5,-47503.1,3929.7,-215.44,1.027
R1613,elm,48344.7,-47630.4,4167.3,21.58,1.167
R1614,pine,49201.6,-47965.1,4290.1,-146.16,1.177
R1615,elm,50386.6,-47793.5,4282.3,-31.11,1.144
R1616,elm,-58967.4,-46968.4,5854.8,-64.79,1.202
R1617,poplar,-57797.7,-46965.4,5820.6,16.27,0.879
R1618,elm,-57577.7,-46652.4,5790,-94.08,0.918
R1619,pine,-43412.2,-46401.7,5458.7,-23.44,1.161
R1620,elm,-42766.3,-46430.8,5157.1,-120.49,1.187
R1621,pine,-41674.8,-46531.8,5194.9,-202.94,0.916
R1622,elm,-41565.1,-46412.5,5185.9,82.23,1.208
R1623,pine,-40469.8,-46793.8,4756.1,42.21,0.88
R1624,pine,-39391.9,-46833.2,4552,-163.66,1.128
R1625,pine,-33949.6,-46996.7,3545.3,-252.62,1.09
R1626,pine,20741.1,-46524.6,4097.1,-267.71,0.819
R1627,pine,21573.8,-46783,4289.9,-262.44,0.994
R1628,pine,22378.4,-46980.4,4236.3,-215.82,1.193
R1629,poplar,23423.4,-46769.6,4279.8,-99.96,1.147
R1630,elm,24689.1,-46941.2,4359.2,-239.59,0.827
R1631,pine,25359.7,-47042.9,4393.2,-202.02,1.154
R1632,elm,27629.5,-46705.6,3885.2,-73.1,0.928
R1633,elm,31775.9,-46564.4,3225.4,-137.1,0.917
R1634,pine,45252.5,-46951.9,3454.7,32.84,0.876
R1635,elm,50115,-46903.3,3797.5,17.05,1.07
R1636,elm,-58616.1,-46252.7,5887.2,-92.02,1.15
R1637,elm,-57672.6,-45847.3,6013.5,-158.22,1.037
R1638,elm,-54530.6,-45764,6606.5,18.15,0.952
R1639,pine,-53914.2,-45917.2,6526.6,-32.13,0.871
R1640,pine,-52822.7,-45629.6,6537.7,-254.66,1.049
R1641,elm,-48633.6,-46114.6,6774.3,85.49,0.802
R1642,pine,-47012.2,-45976.4,6063.4,64.33,0.895
R1643,elm,-45486,-45808.8,5399.6,-89.46,1.13
R1644,elm,-44037.4,-46098.9,5430,-133.9,0.969
R1645,pine,-43648,-45705.9,5033.7,39.84,1.091
R1646,pine,-41831.9,-45835.8,5247.4,-128,1.183
R1647,poplar,-41169.6,-46388.7,5080.1,79.4,1.076
R1648,pine,-40171.2,-46206.1,4903.1,47.48,0.833
R1649,poplar,-39977.6,-46331.3,4795.7,69.26,0.926
R1650,pine,-38603.4,-46278.8,4009.5,-161.61,0.982
R1651,pine,-37634.5,-46219.9,3740.5,-64.65,0.984
R1652,pine,-35942.2,-46259.5,3759.7,86.27,1.139
R1653,pine,-33780.2,-46391.2,3331.3,-249.43,1.087
R1654,pine,22244.8,-46062.2,4154.1,-97.44,1.03
R1655,pine,23654.8,-46262,4249.4,-82.75,1.068
R1656,pine,24710,-45993,4199.5,84.76,0.971
R1657,poplar,25207.8,-46194.5,4307.7,-260.82,0.921
R1658,pine,25839.4,-45606.3,3846.2,-183.6,1.101
R1659,pine,-59241,-45349.1,5907.7,-139.61,0.909
R1660,pine,-58712.8,-45149.5,6136.8,-240.91,1.181
R1661,poplar,-57905.4,-44913.1,6285.5,-113.08,1.002
R1662,pine,-52961.3,-45335.7,6481.9,-23.55,0.921
R1663,pine,-48117.8,-45192.4,6705,-174.61,1.186
R1664,elm,-47387.5,-44971.6,5836.2,-98.34,1.229
R1665,pine,-47124.9,-45471.2,5775.7,-53.82,1.023
R1666,elm,-44871.2,-44884.1,5009,-238.27,1.186
R1667,pine,-44121.8,-45247,4969.1,82.06,0.847
R1668,poplar,-43277.9,-44919.8,4894,-200.16,1.002
R1669,pine,-42511.7,-45240.8,5160.1,-259.29,0.863
R1670,pine,-41686.4,-44868.7,4587,-20.14,1.095
R1671,elm,-41426,-45346.3,4856.5,-250.15,1.024
R1672,pine,-40331.1,-45226.8,4183.9,-20.16,0.857
R1673,pine,-35792.3,-45148.5,3256.9,-19.85,1.008
R1674,poplar,21312.6,-45323.7,4057.6,-194.14,0.996
R1675,pine,22039.2,-45416.4,4078.2,-218.05,1.076
R1676,elm,22518.1,-45494.2,3999.6,-185.74,0.995
R1677,pine,23370.1,-45239.5,3891.3,-65.86,1.221
R1678,pine,24841.4,-45205.5,3720.9,-45.1,0.915
R1679,elm,40716.8,-44990.4,3273.3,-101.04,0.852
R1680,pine,-56466.5,-44145.1,6716.7,-33.2,0.966
R1681,poplar,-55970.1,-44745.1,7067,-28.46,1.088
R1682,pine,-53747,-44660.5,6899.1,58.82,1.16
R1683,pine,-52643.7,-44249.9,6727.3,-238.65,1.118
R1684,poplar,-50663.2,-44212.9,6838.3,-104.17,0.997
R1685,pine,-46713.7,-44523.5,5544,30.88,1.21
R1686,elm,-45640.3,-44231.1,5350.4,53.94,1.132
R1687,pine,-44963.7,-44758.3,4976.7,-134.24,1.155
R1688,elm,-43769.6,-44627.6,4834.2,-229.25,0.897
R1689,pine,-42736.9,-44425.9,4909.9,53.74,0.97
R1690,pine,-41929.2,-44539,4360.3,-268.54,1.155
R1691,poplar,-38749,-44145.3,3855.9,-252.79,0.993
R1692,elm,58934.2,-44090.6,6013,-118.71,1.044
R1693,pine,59289.8,-44071.4,5828.7,38.75,0.819
R1694,elm,-58406.8,-43559.4,5725,53.18,0.803
R1695,elm,-58325.5,-43893.3,6012.8,52.51,1.138
R1696,pine,-56737.7,-43931.2,6352.8,-62.93,0.957
R1697,pine,-53523.7,-43457,7108.7,-4.52,0.968
R1698,pine,-52284.6,-43436.1,6917.9,-32.88,0.815
R1699,elm,-51599.1,-43395.6,6513.3,-43.77,1.235
R1700,elm,-51033.6,-43236.9,6892,-143.62,0.992
R1701,pine,-49834.6,-43858.2,6788,-34.07,0.949
R1702,elm,-48608.3,-43420.4,7189.2,-6.24,1.033
R1703,pine,-47779.6,-43290.8,6736.5,-264.36,0.96
R1704,pine,-46850.8,-43401.5,5917.1,17.4,1.028
R1705,pine,-45898,-43355.4,5428.3,-17.17,1.213
R1706,poplar,-44549.4,-43578.2,5238.2,-181.17,0.879
R1707,pine,-43732.5,-43748.9,5559.7,-237.69,1.142
R1708,pine,-42946.3,-43971,4706.2,-59.04,0.818
R1709,pine,-41428.4,-43741.7,3721.2,-235.75,0.872
R1710,pine,-40222.6,-43654.9,3580.9,-54.29,1.206
R1711,pine,-38718.5,-43470.7,3770.7,24.46,1.107
R1712,elm,-37862.8,-43675.7,3692,-242.91,1.172
R1713,pine,57573.2,-43549.5,5855,-80.48,0.937
R1714,pine,58137.7,-43229,6335.1,-152.47,1.236
R1715,pine,58641,-43886.6,6012.6,-147.37,1.038
R1716,pine,59492.3,-43202.6,5206.8,-146.77,0.893
R1717,poplar,-58954.3,-42511.1,5117.9,-217.31,1.096
R1718,pine,-57669.9,-42603.9,5672.7,38.86,0.809
R1719,poplar,-55127.6,-42867.6,6857.5,-37.29,1.206
R1720,pine,-53635,-43064.6,7093.2,-240.16,0.889
R1721,pine,-53251.4,-42572.3,7352.4,-50.93,1.2
R1722,pine,-52637.9,-42855.3,7291.3,-50.59,0.817
R1723,poplar,-51186,-42701,7128.1,-231.63,1.151
R1724,elm,-50064.1,-42930.4,6987.3,-52.37,1.175
R1725,pine,-49161.8,-43108.7,6859.4,40.14,1.145
R1726,poplar,-47378.9,-43092.7,6588,-97.71,1.051
R1727,pine,-46819.9,-42759.7,6451.1,-198.63,1.185
R1728,pine,-45823.6,-43130,5434.6,-137.28,1.155
R1729,pine,-44877.6,-42804.2,5151.9,-77.87,0.907
R1730,elm,-44381.6,-43146.4,5294.3,-248.49,1.221
R1731,pine,-43544.9,-42508.9,4360.4,-34.84,0.817
R1732,pine,-42748.4,-43093.9,4253.3,-116.22,1.126
R1733,pine,-42033.4,-42796.2,3736.2,-211.66,0.813
R1734,elm,-39776.9,-43128.7,3666.6,-202.38,0.803
R1735,pine,58033.3,-42810.7,6322.5,69.3,0.926
R1736,pine,58568.6,-43148,5828.7,77.4,0.976
R1737,pine,-56659.6,-42359,5788.9,-206.75,1.062
R1738,elm,-55341.1,-42398,6751.1,43.7,1.05
R1739,pine,-54700,-42293.5,7009.5,55.17,0.8
R1740,pine,-53932.1,-42324.4,7126.5,-104.17,0.835
R1741,pine,-52921.6,-42307.1,7438.3,11.61,1.214
R1742,pine,-52209.3,-42375.3,7491.7,-121.88,0.876
R1743,poplar,-51277.9,-41927.9,7339,8.42,1.164
R1744,poplar,-50871.2,-41888.7,7210.8,-79.88,0.922
R1745,elm,-49550.2,-41693.6,6930.4,-37.79,0.907
R1746,pine,-48188.4,-42199,7424.1,-108.44,1.246
R1747,pine,-47959.9,-41674.7,7048.2,-6.69,0.818
R1748,pine,-46402.7,-41753.6,6291.4,-53.07,0.88
R1749,pine,-46250.2,-42077,5987.9,-194.26,1.189
R1750,elm,-45097.7,-42325.8,5309.3,80.7,1.025
R1751,pine,-44216.6,-41648.8,4728.5,-53.57,0.898
R1752,pine,-43810.2,-42361,4370.8,-108.67,0.867
R1753,poplar,57246.9,-41972.8,6058.3,-178.19,0.952
R1754,pine,58030.2,-42261.1,5783.3,2.01,0.808
R1755,elm,58621.4,-42258.2,5552.9,52.67,0.975
R1756,pine,59236,-41632.3,5083.3,-90.47,0.977
R1757,elm,-59318,-40959.4,5226.6,-75.69,1.18
R1758,pine,-57751.2,-40889.3,5617.9,-164.7,1.089
R1759,elm,-57307,-41024.4,5615.8,-91.76,1.097
R1760,pine,-56363.5,-41349.4,5763.6,-74.63,0.814
R1761,poplar,-55666.3,-41343.5,6342.5,47.06,1.096
R1762,elm,-54707.6,-41051.5,7123.2,0.11,0.966
R1763,pine,-54104.4,-40926.4,7964.5,-258.8,0.927
R1764,pine,-53177.9,-40806.4,8327.8,-205.7,1.168
R1765,pine,-52076,-41524.5,7301.8,-148.69,0.892
R1766,elm,-51460.9,-40900.7,7321,-88.02,0.819
R1767,elm,-50719.9,-40928.6,7292.1,-72.45,0.871
R1768,pine,-49697.8,-40926.1,6976.1,-217.52,1.089
R1769,poplar,-48814.3,-41320,7103.6,-158.74,1.209
R1770,pine,-48714.9,-41221.1,7017.7,-132.99,1.134
R1771,poplar,-47762.5,-40827.2,7028.8,-266.17,1.145
R1772,pine,-46799.8,-41359.9,6909.1,-210.05,0.938
R1773,poplar,-45897,-41416.3,6192.8,66.68,0.965
R1774,elm,-45025.4,-41268.2,5406.1,-195.93,1.05
R1775,pine,-44580.3,-41555.2,5059.3,76.02,0.931
R1776,poplar,-43858.1,-41052.7,4293.8,-121.56,0.914
R1777,poplar,-42611.8,-41504.8,3844.5,-256.72,0.842
R1778,elm,-41797.9,-41276.6,3736.8,-139.88,0.849
R1779,elm,55978.1,-40852.3,5588.4,-208.84,1.047
R1780,pine,56728,-41420.1,5931.9,-157.36,0.914
R1781,elm,56814.2,-40829.5,5696.5,-235.38,1.061
R1782,pine,58002.8,-41286,5208.7,-150.55,1.238
R1783,elm,58907,-40973.5,5043.5,-135.12,1.052
R1784,pine,-58794.6,-40575.2,5361.7,-11.11,1.217
R1785,pine,-57577.6,-40635.9,5738.3,-247.72,0.988
R1786,pine,-56764.6,-40623.1,5705.1,-82.31,1.065
R1787,elm,-55775.6,-40021.9,6230.1,-40.51,0.909
R1788,poplar,-54925,-40494.3,6957.1,-1.81,1.056
R1789,pine,-54222.5,-40639.3,7720.9,-8.53,0.983
R1790,pine,-53106.4,-40030,8422.3,-64.28,1.231
R1791,pine,-51316.5,-40360,7490.6,-70.62,1.007
R1792,pine,-50759.7,-40157.8,7667.9,-152.54,1.219
R1793,elm,-50341.3,-40782.4,7246.5,-226.29,0.803
R1794,pine,-49144.7,-40006.1,7296.4,-222.46,0.926
R1795,pine,-48152.5,-40787.9,6955.8,-134.42,0.93
R1796,elm,-47966.2,-40744.6,7002.4,-109.08,1.104
R1797,pine,-46697.6,-40736.3,6258.4,-27.5,1.17
R1798,elm,-46187.7,-40460.7,5699.3,-237.77,1.131
R1799,elm,-45473.4,-40405.8,4877.8,-209.78,0.911
R1800,pine,-41094.5,-40386.5,3366.3,-115.41,1.051
R1801,pine,55575.5,-40628.6,5428.9,12.21,1.008
R1802,pine,56410.8,-40439.7,5788.3,45.31,1.2
R1803,pine,57189.7,-40172.3,5513.8,-157.35,0.95
R1804,pine,58313.1,-40114.4,5044,-250.11,1.155
R1805,pine,58667.9,-40069.6,4840.9,-38.25,0.86
R1806,pine,-59407.3,-39350.7,5501.8,-64.88,0.993
R1807,pine,-58960.7,-39337.7,5589.1,-162.9,0.819
R1808,pine,-58118,-39773.9,5614.6,88.33,1.151
R1809,poplar,-56937.5,-39987.1,5740.6,12.32,1.188
R1810,poplar,-56136.5,-39391.5,6166.1,40.52,1.048
R1811,elm,-55595.6,-39906.6,6505,-169.49,1.162
R1812,pine,-54445.7,-39290.3,7407.7,-191.01,1.186
R1813,pine,-54052.9,-39547,7657.5,-34.97,1.163
R1814,pine,-52372,-39371,7909.1,-56.75,0.915
R1815,pine,-51566.1,-39342.8,8056.9,-17.4,0.888
R1816,pine,-49704.6,-39394.9,7234.2,43.27,1.099
R1817,pine,-49331.7,-39602.3,7144.2,-163.22,1.162
R1818,pine,-47248.9,-39491.2,6092.7,-9.15,1.097
R1819,elm,-46677.6,-39686.8,5620.1,68.28,0.974
R1820,pine,-46052.5,-39202.3,5281,-262.46,1.244
R1821,poplar,-44143.8,-39743.4,4273.9,-179.54,1.077
R1822,pine,-43248,-39225.3,3767.3,81.22,0.826
R1823,elm,54562.7,-39662.8,4633.8,16.15,1.03
R1824,pine,56726.4,-39262.7,5416.7,76.21,0.9
R1825,pine,57254.6,-39876.4,5408.4,54,0.827
R1826,elm,57889.3,-39668.6,5078,61.06,1.105
R1827,pine,58792.2,-39269.9,4865.2,-183.89,1.219
R1828,poplar,-59019.9,-39007.9,5593.1,-250,0.885
R1829,pine,-58221.9,-38739.5,5743,13.96,1.207
R1830,elm,-56890.1,-38888.6,6343.6,-100.61,1.009
R1831,pine,-56650.8,-38847.7,6387.1,-209.76,0.83
R1832,pine,-55228,-38723.3,6888.1,7.07,0.817
R1833,pine,-53753.3,-39134.3,7940.2,-218.48,1.012
R1834,pine,-52740.2,-38702,7950.8,-5.02,1.236
R1835,pine,-51874.7,-39054,7954.7,36.31,1.027
R1836,pine,-50780.6,-38602,7501.9,-3.2,0.866
R1837,poplar,-49562.8,-39070.8,7030.6,-83.3,0.873
R1838,elm,-48247.9,-38490.2,5751.2,-208.36,0.856
R1839,elm,-46905.8,-39178.1,5623.8,61.19,1.055
R1840,pine,-46287.5,-38746.8,4798.8,-97.72,1.208
R1841,elm,-44964.4,-38777.2,4510,-49.54,0.964
R1842,elm,-44648.2,-38808,4397.6,23.38,0.814
R1843,elm,-43322.7,-38574.7,4125.5,-68.7,1.158
R1844,pine,-43149.6,-38708.7,3999.1,-232.91,1.16
R1845,pine,56717.1,-39040.5,5373.2,-262.11,0.801
R1846,pine,57230.5,-38801.7,5029.8,-51.22,1.01
R1847,elm,58321.1,-38497,4976.4,-113.64,1.21
R1848,pine,58798.8,-39151.5,4884.6,-127.17,0.916
R1849,pine,59539.9,-38659.2,4849.1,43.51,1.14
R1850,elm,-59572.2,-37621.5,5127.1,70.74,1.025
R1851,elm,-59195.7,-37975.2,5477.3,-130.9,1.244
R1852,poplar,-57775,-37711.4,6214.3,57.94,1.003
R1853,pine,-57425.8,-38018.8,6375.1,-236.96,0.939
R1854,poplar,-56771.6,-38002.9,6618.4,-230.73,1.247
R1855,pine,-55787.9,-37770,6870.5,-27.91,0.828
R1856,pine,-55066.2,-37897.5,7146.9,-85.48,1.198
R1857,pine,-53629.1,-38191.3,7804.3,-19.91,0.966
R1858,pine,-53207.7,-38253.5,7972.3,-243.21,1.147
R1859,pine,-51281.5,-37824.5,7775.5,60.19,0.961
R1860,pine,-50910.9,-37881.5,7702.5,-102.25,1.23
R1861,elm,-49791.7,-38276.4,6997.3,-120.76,1.006
R1862,poplar,-49236.5,-38227.7,6469.4,-31.09,1.151
R1863,pine,-47652.7,-37625.7,5272.6,70.96,1.191
R1864,pine,-45215.1,-37917,4378.3,-184.41,1.028
R1865,elm,-44726.7,-37726.7,4325.3,-89.89,1.143
R1866,elm,-43621.2,-37796.8,4251.2,21.34,0.806
R1867,pine,-42560.3,-37640.9,3724.4,6.7,1.182
R1868,elm,54628.6,-38312,4481.1,-84.53,1.003
R1869,elm,55899.8,-37828.7,4965,39.87,0.925
R1870,elm,57036.6,-37937.8,4904.2,-254.1,0.87
R1871,pine,57900.5,-38371,4851,57.24,1.113
R1872,pine,59067.8,-38079.7,4804.7,-164.08,1.142
R1873,elm,59490.7,-38104.6,4986,83.58,1.168
R1874,elm,-59317.8,-37435.3,5296.5,-180.92,0.858
R1875,pine,-58467.8,-37442.1,5863.1,18.44,1.083
R1876,pine,-57976.1,-37493.4,6069.6,-235.49,1.161
R1877,pine,-57326.9,-37429.4,6375.8,30.83,0.878
R1878,pine,-56772.5,-37457.1,6710.1,6.17,0.939
R1879,pine,-55864.1,-37385,7121.5,83.32,1.104
R1880,pine,-54596.6,-37464.5,7423.8,-6.25,0.806
R1881,pine,-53096.5,-37081.9,7903.3,-209.55,1.121
R1882,pine,-52305.1,-37259.6,7781.6,54.53,0.939
R1883,pine,-51480.5,-37509.2,7739,73.2,0.991
R1884,pine,-50507.9,-37002.7,6792.3,-58.78,0.973
R1885,elm,-50358,-37146.3,6764.8,-101.18,0.912
R1886,pine,-48052.8,-37401.5,5380.1,77.05,1.198
R1887,pine,-45482.2,-37274.5,4499.7,-196.41,1.189
R1888,elm,-43653.9,-37407.2,4054,-241.41,0.915
R1889,elm,-42979.4,-37374.2,4006.5,-99.09,1.165
R1890,poplar,54333.2,-37248.1,3984.5,66.75,1.059
R1891,elm,55403.3,-36876.2,4588.3,-142.3,1.155
R1892,poplar,56522.1,-37012.2,4679.3,12.16,0.868
R1893,pine,58940.3,-37109.9,4727.7,-71.23,0.873
R1894,pine,-58541.8,-36493,5652.5,-99.72,1.175
R1895,elm,-57708.4,-36147.5,5912.2,-222.9,1.209
R1896,elm,-56906.8,-36073.1,6382.2,72.85,0.891
R1897,elm,-56058.1,-36586.8,6657.9,-22.78,1.066
R1898,pine,-55875.9,-36055.1,6469.9,-233.78,1.034
R1899,pine,-53721.2,-36638,7664.4,39.69,0.844
R1900,pine,-53327.2,-36302,7688.1,-214.89,1.177
R1901,pine,-52629,-36453.3,7885.1,-185.91,1.09
R1902,pine,-51616.7,-36605.5,7451.2,-122.76,1.034
R1903,pine,-50443.9,-36081.3,6443.2,21.18,1.143
R1904,pine,-49922.9,-36105.4,6009.9,-172.64,1.181
R1905,elm,-48462.5,-36583.4,5538.7,-265.66,1.138
R1906,pine,-47957,-36306,5097.7,-5.36,1.131
R1907,elm,-46417.7,-36274.6,4728.7,-126.53,1.089
R1908,elm,-45782.1,-36092.2,4887.3,-76.97,1.158
R1909,elm,-44985.4,-36153.2,4737.1,75.95,1.035
R1910,elm,-44439,-36208.6,4532.4,-77.98,1.027
R1911,pine,-43943.9,-36672.7,4290.2,-149.52,0.904
R1912,pine,56029,-36324.5,4414,-9.88,1.068
R1913,pine,58106.9,-36377.4,4513.1,-240.82,1.058
R1914,pine,59057.4,-36126.3,4660.9,72.54,1.028
R1915,poplar,59354.6,-36103.9,4734.5,-122.83,1.234
R1916,elm,-59229.1,-35415.3,5262.2,-265.43,0.869
R1917,elm,-58643.5,-35885.9,5452.5,-177.46,0.889
R1918,pine,-57685.9,-35460.8,5803.4,-181.23,0.909
R1919,pine,-57564.1,-35528,5886.7,-127.15,0.941
R1920,elm,-56323.4,-35617.8,6102.2,20.64,0.892
R1921,poplar,-55384.3,-35673.9,6410.2,11.07,0.874
R1922,elm,-54465.3,-35566.3,6571.4,-82.5,1.148
R1923,pine,-53441,-35893.2,7351.5,-216.3,1.219
R1924,poplar,-51947.6,-35686.7,7276.3,-174.35,1.137
R1925,elm,-50437.1,-35802.1,6430.7,85.42,1.015
R1926,elm,-50134.5,-35844.8,6205.5,-14.17,0.944
R1927,pine,-46458.4,-35514.4,4720,-26.06,0.903
R1928,pine,-45500.3,-35666,5078.3,65.79,1.112
R1929,pine,-44116.9,-35823.7,4255.1,-61.73,0.965
R1930,pine,-42590.8,-35743.7,3464.7,-143.18,0.976
R1931,pine,-42048.3,-35948.8,3505.2,-21.82,0.937
R1932,elm,53611.7,-35455.3,3723.1,-254.31,0.853
R1933,pine,55546.1,-35314.3,4329.5,-71.82,1.053
R1934,pine,57791.2,-35556.5,4394.5,15.06,0.939
R1935,pine,58921.7,-35892.8,4635.1,-65.23,1.206
R1936,pine,59407.7,-35258.8,4727.2,-213.64,1.171
R1937,pine,-58578.3,-34415.7,5235.6,-139.51,1.228
R1938,elm,-58055.2,-34443.7,5341.5,-74.66,1.074
R1939,pine,-57162.9,-35124.3,5882.1,-189.38,1.099
R1940,poplar,-56372.8,-34900.5,5751.1,-52.9,0.962
R1941,poplar,-55295.7,-34916.2,5886.7,13.85,1.152
R1942,pine,-54476.5,-34599.2,5888.5,-3.44,0.843
R1943,elm,-53860.5,-34400.7,5829.2,-124.33,0.92
R1944,pine,-52993.5,-34964.9,6623.3,60.93,0.898
R1945,elm,-51290,-34522.7,5992,-60.94,1.213
R1946,pine,-50705.5,-34775.8,6183.6,-155.04,1.174
R1947,pine,-49330.8,-34646.7,5993,-124.98,0.945
R1948,pine,-48062.1,-34495.1,5207.1,-5.02,1.115
R1949,pine,-47476.8,-34731.7,5040.3,-95.4,1.24
R1950,poplar,-46003.3,-34886,5039.5,-24.13,1.007
R1951,pine,-45547.5,-34653.1,5094.9,-254.68,1.193
R1952,pine,-44614.1,-34854.4,4578.2,-94.71,1.066
R1953,elm,-43525.6,-35149.7,3847.7,-82.8,1.19
R1954,pine,54594.1,-34607.8,3827.8,-253.02,1.088
R1955,elm,55956.1,-34749.1,4447.5,-178.45,1.002
R1956,elm,56704.3,-34431.6,4579.8,-210.82,0.842
R1957,pine,57247,-34781.9,4547.3,-249.69,1.192
R1958,elm,-58947.8,-34141,5199.7,-236.23,0.886
R1959,pine,-57914.9,-33895,5199.7,-12.62,1.013
R1960,poplar,-57184.9,-34196.1,5348.5,-240.16,0.802
R1961,elm,-56765.7,-33674.6,5178.5,-189.62,0.952
R1962,elm,-55383.1,-34240.1,5424.2,-76.43,1.135
R1963,pine,-54654.2,-34341.3,5709.2,-4.3,1.202
R1964,pine,-53984.5,-33697.3,5300.1,56.67,1.076
R1965,pine,-52886,-34240.5,5943.4,-45.13,0.825
R1966,pine,-52475.4,-34227.8,5898.1,-220.7,0.816
R1967,elm,-51591.7,-33931.7,5564.3,-126.6,0.943
R1968,pine,-50629.6,-33689.9,5203.9,13.69,1.242
R1969,pine,-49901.3,-34000.1,5498.1,-13.97,0.897
R1970,poplar,-47711.8,-33750.8,4707.3,-88.2,1.152
R1971,elm,-46697,-34099.6,5116.4,-219.84,0.973
R1972,pine,-45855.2,-33817.8,4472.9,43.88,1.155
R1973,pine,-45348.5,-34113,4609.9,-135.19,1.081
R1974,pine,-44726.1,-34348.8,4320.9,10.5,0.867
R1975,pine,55939,-33843.5,4552.6,-148.72,0.907
R1976,poplar,56080.9,-33773.7,4549.6,27.94,1.205
R1977,pine,57106.5,-33935.3,4685.5,-171.02,1.134
R1978,elm,58271.7,-34095,4809.9,79.62,0.928
R1979,pine,58906,-33997.9,4962.6,48.86,1.162
R1980,pine,59347.3,-34288.5,4960,-180.77,1.181
R1981,poplar,-53946,-33224.2,5181.7,16.33,1.161
R1982,pine,-52258.9,-32962.7,5049.8,-225.71,0.819
R1983,pine,-51318.4,-33153.8,5046.8,-63.52,0.876
R1984,poplar,-50648.9,-32838,4931.9,-37.6,1.092
R1985,pine,-49670,-33301.1,5096.6,29.77,1.213
R1986,pine,-49560.1,-32806.3,4911.4,4.89,0.948
R1987,elm,-47303.8,-33105.2,4249.8,-12.83,0.8
R1988,poplar,53523.2,-32846.3,3715.5,-192.69,1.003
R1989,pine,54258.6,-32937.2,3954.3,-148.58,1.22
R1990,pine,54422,-33263.5,3812.4,-135.62,1.049
R1991,elm,55772.6,-32898,4395.5,-141.1,0.926
R1992,poplar,56526.7,-32909.5,4782.4,-171.53,1.157
R1993,poplar,56983.2,-33075.8,4956.5,-205.71,0.939
R1994,elm,57766.6,-33140.7,5055.1,-129.46,1.133
R1995,poplar,58554.2,-32983.7,5200.9,-65.37,1.013
R1996,elm,-49693.6,-32532.4,4892.8,-167.44,1.106
R1997,pine,-48994.2,-32505.9,4561.8,-22.55,1.134
R1998,pine,-48369.5,-32351.2,4184,-229.14,1.23
R1999,elm,52563.5,-32008,3734.8,-185.81,1.096
R2000,pine,54390.8,-32554,4305.2,-131.6,1.054
R2001,elm,54758.4,-32256.5,4465.4,1.67,0.901
R2002,elm,55368.5,-32025.7,4672.5,-90.82,0.896
R2003,pine,56728.4,-32126.2,5108.5,-121.59,0.937
R2004,poplar,56970.9,-32738.1,5100.3,-192.25,1.074
R2005,pine,58063.4,-32432.5,5356.7,-71.95,1.169
R2006,pine,58650.9,-32236.5,5336.1,-197.5,0.987
R2007,poplar,52981.4,-31670.3,3984.6,-87.89,1.054
R2008,pine,53878.4,-31927.2,4213.3,-71.41,1.201
R2009,pine,55233.1,-31809.5,4714.6,51.06,0.83
R2010,elm,56388.8,-31831.5,4899.5,49.45,1.058
R2011,poplar,56872.7,-31725.7,5186.7,87.37,1.199
R2012,pine,58111.6,-31365.1,5358,61.91,1.09
R2013,pine,59008.2,-31416.2,5486.2,33,1.156
R2014,pine,-58455.7,-30439,5241.1,-144.12,0.92
R2015,elm,-57736.9,-30516.4,5232.7,-44.38,0.945
R2016,pine,52647.8,-31051.8,3801.7,72.12,1.081
R2017,poplar,53066.6,-30870.6,3883.1,5.78,1.198
R2018,poplar,53814.5,-31151.6,4161.3,-241.34,1.051
R2019,pine,54856.8,-31094,4599.9,-208.56,1.153
R2020,elm,55924.5,-31058.5,5070.2,-59.49,0.831
R2021,pine,56479.2,-31076,5235,-252.47,0.836
R2022,elm,57223.3,-30844.2,5211.1,25.31,1.19
R2023,pine,58104.3,-31139.7,5351.9,-116.2,1.203
R2024,pine,59240.9,-31119.1,5621.4,51.83,0.873
R2025,pine,-59253.3,-29922.8,5287.2,21.75,0.807
R2026,elm,-58451,-29730,5358.3,-109.01,1.157
R2027,elm,-58310.8,-29921.3,5366.2,88.53,1.105
R2028,elm,-57129.4,-29650.4,5473.8,-49.27,1.006
R2029,pine,-56093.8,-29820.7,5254.1,-9.94,0.83
R2030,pine,-53882.5,-30084.5,5148.3,-4.59,0.975
R2031,elm,-53218,-29830.5,5099,64.95,0.952
R2032,pine,-50913.7,-29746,4913.7,-216.92,0.87
R2033,elm,53570.4,-30363.7,3905.4,-178.71,1.135
R2034,elm,54066.2,-30161.2,3996.2,-169.36,1.004
R2035,elm,55162,-30372.2,4768.3,-201.96,1.029
R2036,elm,55773.9,-30123.9,4932.2,-48.43,0.854
R2037,pine,56678,-30241.5,5148,-101.46,0.86
R2038,pine,58045.5,-30304.8,5290.4,-199.27,0.894
R2039,poplar,58473.9,-30167.4,5444.9,-178.01,1.116
R2040,pine,-59472.8,-28989.4,5271,-166.4,1.199
R2041,pine,-58554.1,-29088.6,5365.6,-95.8,1.17
R2042,poplar,-58102.3,-28933.1,5401.4,-12.84,1.175
R2043,poplar,-57123.2,-29546,5474.3,-165.83,0.902
R2044,pine,-56223.9,-29091.1,5340.1,9.82,1.208
R2045,elm,-55045.2,-28846.8,5162.3,-231.49,0.882
R2046,elm,-51679.9,-29270.6,4963.5,-32.48,0.921
R2047,poplar,-50769,-29052.6,4998.7,43.02,1.015
R2048,elm,55286.6,-29211.2,4081.9,65.26,0.919
R2049,elm,56159.6,-29417.8,4832.4,-207.6,1.075
R2050,pine,57557.9,-29230.7,5205.9,-221.09,1.237
R2051,elm,58343.9,-29532.4,5650.1,-236.22,1.226
R2052,pine,58693.9,-28815,5041.9,-105.06,1.141
R2053,elm,-59439.9,-28529.1,5274.9,-171.27,1.213
R2054,pine,-58792.7,-28349.5,5192.2,-40.27,1.038
R2055,elm,-57725.9,-28119.8,5232.7,-49.1,0.867
R2056,pine,-57191.2,-28426.4,5449.6,-19.37,1.104
R2057,pine,-56653.8,-28263.9,5223.2,55.59,0.908
R2058,poplar,-55830.8,-28745.8,5197.5,-248.38,0.99
R2059,pine,-52776.2,-28281.4,5006.1,-180.87,1.189
R2060,elm,-51220,-28178.4,5033.1,-156.78,1.134
R2061,pine,57103,-28666.8,4451.3,23.61,0.83
R2062,pine,58127.9,-28343.9,3837.9,41.41,0.975
R2063,pine,59450.9,-28775.5,5393,26.48,1.071
R2064,elm,-58415.6,-27694.5,5101.7,-7.72,1.23
R2065,pine,-58265,-27412.3,5148,-88.29,1.156
R2066,pine,-57490,-27268.8,5162.2,-59.85,0.826
R2067,pine,-55892.2,-27586.2,5176.4,-46.64,0.99
R2068,pine,-54684.7,-27481.7,5006.2,-238.52,1.235
R2069,pine,-52196.6,-27559.6,4945.5,-269.94,1.007
R2070,elm,-51912.2,-27642.1,4974.1,-117.39,1.181
R2071,pine,-50698.6,-27923.2,5033.4,-61.1,1.038
R2072,pine,-58847.7,-26452.7,4780.5,-169.61,1.105
R2073,elm,-57906.8,-27065.1,5139.1,-71.86,0.964
R2074,pine,-57567.3,-27111,5139.5,-220.9,1.072
R2075,pine,-56302.7,-26729.6,5136.5,-89.86,1.011
R2076,elm,-55431.5,-26709.7,5018.6,-56.46,0.892
R2077,pine,-54852.7,-27096.5,5057.3,-209.33,0.89
R2078,pine,-53727.2,-26861,4833.3,-156.86,1.104
R2079,pine,-53333.2,-26497.9,4873.3,-232.09,1.129
R2080,elm,-52236.3,-26447.5,4836.1,-239.35,1.031
R2081,elm,-51442.8,-26664,4731.8,-20.99,1.236
R2082,pine,-50733.8,-26523.8,4730.8,-192.63,1.138
R2083,pine,-59589.9,-25854.8,4771,27.13,0.956
R2084,elm,-59019.1,-26086.6,4708.8,-18.5,1.042
R2085,pine,-58372.4,-26353.4,4895.3,-8.77,1.028
R2086,elm,-57113.8,-25646.7,4980.9,-84.08,1.196
R2087,pine,-56783.9,-26273,4991.5,-250.36,0.866
R2088,pine,-55637.3,-26015.1,5085.1,-36.31,1.078
R2089,poplar,-54658,-26125.5,4945.7,-191.31,1.104
R2090,pine,-53872.4,-25944,4980.1,-60.57,0.967
R2091,pine,-53532.5,-26017.5,4976.9,-99.47,0.982
R2092,pine,-52389.1,-25611.6,4912.1,-241.58,1.064
R2093,pine,-51941.7,-26166.8,4713.4,-5.57,0.941
R2094,pine,-51181,-25771.2,4659.4,-13.28,1.053
R2095,pine,-59447.9,-25536.7,4689.2,-24.16,1.207
R2096,pine,-58648.1,-25144.1,4523.5,-11.2,0.991
R2097,poplar,-58343.4,-25525.4,4676.1,-31.64,1.242
R2098,poplar,-57029.2,-24806.2,4600.5,-133.83,0.845
R2099,pine,-56620.3,-24911.6,4864.8,25.38,1.05
R2100,pine,-55613.3,-25361,5013.9,41.93,0.995
R2101,poplar,-55118.5,-24944.9,4928.8,-178.41,1.083
R2102,poplar,-54126.8,-25471.4,5076.6,82.49,1.007
R2103,poplar,-53437.2,-25271.2,5069.6,-5.52,0.966
R2104,poplar,-52557.5,-24968.5,4893.3,76.16,0.838
R2105,poplar,-51734.8,-25251.5,4738.6,-225.83,0.957
R2106,poplar,-50257.5,-25344.9,4468.3,-107.51,1.18
R2107,elm,-49011.6,-25379.2,3803,-61.41,1.04
R2108,poplar,-59376.3,-24757.8,4722.7,0.17,1.203
R2109,pine,-57911.1,-24517.8,4442,-205.85,1.237
R2110,elm,-57034,-24280.1,4495,-103.61,1.016
R2111,elm,-56642.4,-24452.6,4690.3,46.65,0.91
R2112,elm,-55672,-24586.3,4720.8,-130.04,0.869
R2113,elm,-55068.2,-24298.8,4713.4,-78.02,1.051
R2114,pine,-53951.1,-24669.2,5069.2,-121.11,0.803
R2115,elm,-53050.2,-24676.9,4927.8,71.68,1.211
R2116,poplar,-52545.8,-24494.1,4875.1,-72.53,0.9
R2117,pine,-50992.9,-24772.6,4535.9,-66.15,0.942
R2118,pine,-59318.6,-23660.2,4938.4,-171.07,1.103
R2119,elm,-59188,-23915.6,4759.9,-126.44,1.171
R2120,poplar,-57882.1,-23279.2,4510.9,-51.42,1.102
R2121,elm,-56996.1,-23695.4,4520.8,82.67,1.119
R2122,pine,-56507.4,-23475.8,4564.9,-84.72,0.902
R2123,elm,-55200.6,-23773.3,4684,47.02,1.202
R2124,poplar,-54515.5,-23320.2,4573,-16.36,0.82
R2125,elm,-53980.3,-23490.7,4621.4,-204.64,1.114
R2126,pine,-53017.7,-23237.5,4594.3,66.8,1.124
R2127,pine,-52077.1,-23644.1,4706.1,79.13,0.996
R2128,elm,-51954.6,-23447.5,4576.6,-107.7,1.228
R2129,pine,-50184.6,-23214.1,4138.9,-161.7,0.806
R2130,pine,-59011.4,-22536.7,4663.4,-192.51,1.075
R2131,pine,-58086,-22744.1,4409.5,-14.38,0.956
R2132,elm,-57284.5,-22678.3,4505.1,-162.33,1.007
R2133,pine,-56477.4,-22955.5,4550.9,-250.65,1.086
R2134,poplar,-55549.6,-22794.5,4560.4,-88.59,1.141
R2135,pine,-53985.7,-22929.9,4624.3,59.87,0.85
R2136,pine,-52839.8,-22950.1,4549.8,-235.5,0.906
R2137,pine,-49742.6,-22811.4,3787.7,-35.43,0.874
R2138,elm,-48309,-22734.9,3275.8,-197.02,0.818
R2139,pine,-58813.1,-22303,4634.9,-25,1.04
R2140,poplar,-57818.5,-21639.4,4628.2,-8.92,1.118
R2141,pine,-56197.8,-22363.7,4722.5,-199.56,0.857
R2142,pine,-55646.3,-21705.3,4658,34.29,0.854
R2143,pine,-54773.4,-22398.7,4659.3,36.03,1.165
R2144,pine,54329,-21838.5,3750.3,-258.69,0.873
R2145,pine,55810.2,-21796.9,3949.4,-132.13,1.142
R2146,pine,56455.4,-22175.2,3720.2,-117,0.894
R2147,poplar,59173.9,-22181.5,3819.2,40,1.016
R2148,pine,-58801.3,-21485.5,4917.2,-41.25,1.135
R2149,pine,-58148.8,-20887.3,4867.6,-121.66,1.22
R2150,pine,-57395.5,-20993.3,4832.7,4.99,1.028
R2151,pine,-56278.9,-21328.8,4714.5,-14.8,0.961
R2152,pine,-55945.6,-20864.8,4694.5,-68.7,0.802
R2153,elm,-53663.3,-21585.4,4497.3,-157.86,1.12
R2154,pine,-53425.1,-21220.1,4390.9,-199.2,1.13
R2155,elm,-52438.6,-21080.6,4279.5,64.62,1.214
R2156,pine,-50552.8,-21184.2,3851.3,67.66,0.844
R2157,elm,56552.9,-20954.1,4312,-232.56,1.234
R2158,pine,57386,-20812.3,4550.5,-138.33,0.889
R2159,poplar,57889,-21153,4695.2,-90.82,0.986
R2160,poplar,58416.1,-21143.7,4767.5,-151.66,0.857
R2161,poplar,-58744.8,-20271.9,5026.8,5.98,0.854
R2162,poplar,-57838.4,-20072.3,4836.8,-16.95,0.985
R2163,pine,-56892.4,-20359.5,4870.1,-198.17,0.833
R2164,pine,-56684.2,-20217.8,4862.9,-187.19,0.92
R2165,elm,-55710,-20717,4680.2,38.64,1.119
R2166,pine,-55078.1,-20482.1,4676.9,-181.2,0.956
R2167,pine,-54367.5,-20244.5,4577.1,-250.51,1.168
R2168,elm,-53393.3,-20486.2,4268.5,84.33,1.208
R2169,pine,-52295.9,-20515.3,4103.1,0.21,1.188
R2170,pine,55699.6,-20641.7,4235,-104.84,1.027
R2171,pine,56548.7,-20463.2,4467.9,23.47,1.126
R2172,pine,57171.4,-20109.7,4614.9,-199.37,0.931
R2173,elm,58300.9,-20191.5,4344,-84.65,0.9
R2174,poplar,58521.8,-20188.7,4371.1,-179.31,0.944
R2175,pine,-58622.9,-19340.3,5207,-209.09,0.978
R2176,poplar,-58255.4,-19968.4,4892.5,-212.84,0.853
R2177,pine,-57545.6,-19791.4,4896,-58.76,1.212
R2178,pine,-56149.7,-19561.1,4858.4,-86.47,0.956
R2179,pine,-55541.1,-19987.9,4682.5,-112.67,1.24
R2180,pine,-55173.7,-19689.7,4607.9,2.45,0.831
R2181,poplar,55229.1,-19933.7,4223.2,-101.16,0.939
R2182,pine,56412.6,-19490.2,4919.7,-212.69,1.021
R2183,pine,57122.2,-19685.3,4539.1,59.28,1.125
R2184,pine,58227.7,-19671.7,4374.2,-181.13,1.101
R2185,pine,58765.8,-19872.5,4434.7,61.11,0.961
R2186,pine,-58589.1,-19000.5,5315.7,-28.33,1.187
R2187,elm,-56137.1,-19098.4,5012.8,-164.72,0.853
R2188,pine,-55224.6,-18604.5,4749.4,-149.23,1.118
R2189,pine,53858.8,-19029.6,3987.3,-134.93,0.935
R2190,pine,54556.4,-18702.7,4272.6,87.06,1.204
R2191,pine,55897,-18741.2,4608.6,-257.93,0.944
R2192,elm,56228.2,-18416.5,4551.3,-249.68,1.156
R2193,poplar,57024,-18744.7,4615.5,-66.61,0.862
R2194,elm,58106.7,-18500.2,4633.7,-51.2,1.201
R2195,elm,-59082.8,-17777.6,5990.7,35.99,0.907
R2196,pine,-58182.7,-18087.1,5438.4,-234.24,0.978
R2197,pine,-57024.3,-18001.2,5276.4,-182.87,1.19
R2198,pine,-56552.4,-18202.8,5140.7,-180.36,0.91
R2199,elm,-55612,-18310.1,4942.9,-215.95,0.93
R2200,poplar,-55179.9,-17750.5,4939.6,-81.22,0.975
R2201,elm,-54344,-18278.5,4473,-187.57,0.992
R2202,elm,-53239.9,-18089.4,4330,-132.7,1.156
R2203,poplar,53418.4,-18213.1,3855.9,-187.99,1.001
R2204,pine,54789.3,-17891.7,4236.2,-24.76,1.174
R2205,pine,55515.3,-18003.1,4344.9,66.08,1.24
R2206,elm,56125.3,-18217.3,4516.2,-57.42,1.247
R2207,pine,56905.2,-18364,4481.4,50.36,0.872
R2208,elm,57760.2,-18042.9,4540.8,-58.62,1.113
R2209,elm,58593.5,-18353.8,4605,16.98,1.058
R2210,pine,59550.5,-18246.4,4795.3,-177.15,0.935
R2211,pine,-53863.4,-17143.6,4404.4,-218.65,1.09
R2212,elm,-52565.5,-17324.4,4167.4,6.59,0.963
R2213,elm,-51627.1,-17523.5,3916.5,-261.84,1.185
R2214,pine,-48861,-17598,3321.1,27.68,0.84
R2215,pine,53617.7,-17285.2,3582.5,-77.68,0.891
R2216,pine,55214,-16962.4,4200.5,-262.87,1.083
R2217,elm,56155.4,-17076.9,4414.2,-193.35,1.219
R2218,pine,57512.9,-17136.6,4320.6,-198.29,0.907
R2219,pine,57704.6,-16962,4352.7,-269.11,0.877
R2220,elm,58454.8,-16844.9,4332.8,-36.17,1.231
R2221,poplar,59599.7,-17569.1,4801.8,-259.62,0.867
R2222,elm,-58342.4,-16003.2,5866.6,-165.04,0.896
R2223,poplar,-54468.2,-16199.2,4950.8,-254.27,0.939
R2224,elm,-54011.8,-16275.6,4736.1,-260.26,1.177
R2225,pine,-53343.8,-16314.4,4403.8,45.35,0.835
R2226,elm,54903.6,-16410.6,3799.6,-96.27,0.977
R2227,pine,55800.6,-16154,4033.3,74.05,1.141
R2228,pine,56271.6,-16778.1,4388.2,-159.54,0.827
R2229,pine,57301.9,-16601.4,4251.6,-79.12,1.024
R2230,pine,58311.5,-16202.1,4201.6,-150.63,1.246
R2231,elm,58922.3,-16093.8,4459.8,31.92,1.174
R2232,poplar,-54498.3,-15285.2,5155.7,-262.54,0.981
R2233,pine,-52171,-15293.6,3984,-61.35,1.197
R2234,pine,57864.5,-15782.8,4114.8,-246.63,1.072
R2235,pine,59021.9,-15543.4,4501.7,-97.74,0.931
R2236,pine,-59209.9,-14570.1,5567.3,11.49,1.204
R2237,pine,-57271.6,-14830.9,5685.7,-256.44,0.843
R2238,elm,-56427.9,-14616.7,5782.3,81.49,1.227
R2239,poplar,-54709.2,-14996.9,5258.1,-177.4,1.204
R2240,poplar,-54386.4,-14871.4,5206.2,-107.34,0.883
R2241,pine,-53251.3,-14924,4647.3,-204.87,1.156
R2242,pine,-51789.8,-14849.8,4026.1,24.88,0.952
R2243,poplar,56757,-14510.6,3868.7,74.57,0.982
R2244,elm,57963.2,-14834.3,4284,-63.29,0.901
R2245,pine,58854.6,-14707.5,4674.3,10.97,0.982
R2246,elm,-57222.5,-14390.5,5616.5,-84.7,0.985
R2247,pine,-51944.3,-13688.5,4470.1,-234.83,1.206
R2248,pine,-51183.2,-13686.2,4229,-84.14,1.116
R2249,pine,-50329.2,-14378.5,3652.1,-102.94,0.803
R2250,poplar,57015,-14179.9,3933.7,-91.76,1.079
R2251,poplar,58392.3,-13669,4475.1,-48.61,1.192
R2252,pine,59150,-14099,4651.2,13.93,1.187
R2253,poplar,-56163.9,-12972,5224.1,-60.53,0.935
R2254,elm,-52649.2,-13390.4,4589.6,71.32,1.206
R2255,pine,-50312.6,-13470,3854.2,-30.12,1.089
R2256,pine,57381.5,-12930.1,3998.2,-5.24,1.09
R2257,pine,58788.8,-13427.1,4391.6,-66.79,1.02
R2258,pine,-56562.9,-12495.6,5166.4,-138.9,1.213
R2259,elm,-52395.5,-12794.6,4469.5,-149.89,1.201
R2260,elm,-51244,-12414,4462.4,84.88,0.822
R2261,elm,-51098.2,-12077.6,4352.9,-224.41,1.14
R2262,pine,57676.2,-12134.6,4189.7,35.15,1.201
R2263,pine,58473.3,-12225.5,4604.9,-106.34,1.069
R2264,pine,59379.7,-12483.7,4624.7,21.01,1.155
R2265,elm,-56064.4,-11868.1,4987.9,-89.06,0.973
R2266,elm,-54399.2,-11971.8,4775.1,-253.21,1
R2267,elm,-50609.8,-11914.4,4228.2,-231.69,0.909
R2268,pine,58118.2,-11237.9,4545.7,-0.83,1.213
R2269,poplar,59198.4,-11335.6,5166.8,-235.44,1.152
R2270,pine,59550.4,-11944.6,4859.9,42.25,0.813
R2271,pine,-52489.2,-11183.5,4457.9,-179.27,1.201
R2272,pine,-50538.5,-10827.3,4250.2,-269.08,1.202
R2273,elm,-50356.4,-10781.5,4220.1,-103.09,0.886
R2274,pine,56942.2,-11025.9,3974.7,-269.95,0.968
R2275,elm,57805.7,-10758.9,4294.4,-3.41,1.098
R2276,pine,-51459.6,-10370.3,4476.5,-240.36,0.881
R2277,pine,-50866.2,-10135,4379.9,-254.93,1.051
R2278,poplar,56527.2,-10001.4,3726.1,26.56,0.955
R2279,elm,57885.5,-10261.3,4110.9,-49.35,1.116
R2280,pine,59070.8,-9732.5,4686.5,-116.64,0.86
R2281,pine,-55490.3,-9594.9,4964.3,-180.71,0.98
R2282,pine,-54623.1,-9408.9,4927.6,-90.91,1.241
R2283,pine,-53929.2,-9082.9,4938.1,61.47,1.126
R2284,pine,-51803.7,-9000.4,4965.6,-137.87,0.975
R2285,pine,-48202.3,-9015.9,3647.8,6.3,1.059
R2286,poplar,56215.9,-9255.1,3668,-9.28,0.834
R2287,elm,56800.2,-9350,3802.8,88.99,1.101
R2288,pine,58418.9,-8953.8,4346.9,-59.62,0.913
R2289,pine,59287.1,-9411.1,4763.9,39.15,1.054
R2290,elm,-51158.7,-8393.8,4899.8,-192.68,1.011
R2291,poplar,56113.3,-8461.7,3679.9,-108.14,1.016
R2292,pine,58126.2,-8251.5,4417.2,-80.17,1.248
R2293,pine,59047.5,-8047.2,4871.2,62.99,1.121
R2294,poplar,59385.1,-8646.7,4909.3,-101.82,1.22
R2295,pine,-53302.6,-7218.3,4734.9,-181.09,0.977
R2296,pine,-52300.2,-7324.2,4884.5,-105.82,1.048
R2297,elm,-51294.2,-7597.8,4669.9,70.41,0.996
R2298,pine,-51100.2,-7566.8,4563.5,-19.6,0.995
R2299,pine,-49847.8,-7530.1,4026.1,-94.17,0.812
R2300,pine,57225,-7321.1,4015.8,-32.1,0.907
R2301,pine,57665.2,-7728.4,4155.5,-146.51,1.147
R2302,poplar,-55057,-6760.1,4893.1,-267.05,0.997
R2303,pine,-53336.6,-6422.2,4785.2,-81.2,1.074
R2304,pine,-52513.4,-6854.2,4721.7,-170.9,1.022
R2305,pine,-50384.6,-7136.3,4047.4,65.9,1.131
R2306,poplar,-48018.1,-6507.8,3570.3,-57.39,0.903
R2307,pine,55886.4,-7172.8,3727.7,-35.17,1.017
R2308,pine,57062.3,-6892.9,4034,-20.57,1.029
R2309,poplar,58326.8,-6713.3,4488.2,-182.79,1.103
R2310,pine,58968.4,-7083.3,4757.2,-268.26,1.218
R2311,elm,-54079.5,-5906.6,5131.8,-179.46,0.849
R2312,pine,-53114.9,-6147,4738.6,36.32,1.102
R2313,poplar,-50744,-6028.8,3580,-30.81,0.917
R2314,pine,-49488.9,-6010.3,3422.7,-26.74,1.173
R2315,pine,54604.1,-5851.1,3703.4,-200.66,1.107
R2316,elm,55833.8,-5844.4,4015.9,-264.92,0.916
R2317,elm,57247,-5885.6,4253.6,-106.92,1.105
R2318,pine,58092.9,-6136.7,4697.8,42.29,1.2
R2319,pine,59060.9,-5999.4,5047.3,-55.66,1.117
R2320,poplar,59504.7,-6213.6,5148.5,-54.2,1.073
R2321,pine,-53403.3,-5343,4509.5,-83.61,0.965
R2322,elm,-52503.9,-5149.7,3985.3,-256.34,0.944
R2323,elm,53651.8,-5313.6,3622,-218.02,1.147
R2324,pine,56217.3,-5129,4082.4,52.35,0.914
R2325,elm,57545.8,-5214.7,4098.7,-40.98,0.817
R2326,pine,58922.5,-4936.8,4874.9,-194.83,0.851
R2327,elm,59339.2,-5354.3,5101.4,-94.87,1.091
R2328,poplar,-57453,-4053,5233.4,-62.88,1.096
R2329,pine,-56339.2,-4662.2,5232.1,60.02,1.032
R2330,pine,-53537.3,-4642.6,4336.3,-214.5,0.944
R2331,poplar,54591.2,-4242.7,4113.6,-226.61,1.03
R2332,pine,56693.5,-4116.1,4053.2,-248.8,1.026
R2333,poplar,57201,-4378.6,3927.6,-174.37,1.225
R2334,pine,57728,-4492.2,4105.7,65.06,0.991
R2335,poplar,58676.8,-4284.7,4632.1,-176.16,0.947
R2336,elm,-58591.2,-3663.1,5094,40.02,1.124
R2337,pine,-58230.7,-3246.2,5147.2,-259.81,0.98
R2338,pine,-56498.3,-3222.7,5113.2,20.34,0.898
R2339,elm,-55446,-3780.8,5069.5,-227.59,1.244
R2340,elm,-54538,-3432.4,4505.4,-79.94,0.88
R2341,pine,-54024.9,-3573.5,4322.1,-113.73,0.948
R2342,elm,54494.6,-3283.2,3944.1,-240.65,0.968
R2343,elm,55305.8,-3523.8,4205.4,-35.18,0.819
R2344,elm,56510.6,-3583.1,4152.6,68.26,0.972
R2345,pine,58146,-3846.9,4327,-79.84,0.972
R2346,pine,58900.3,-3486.8,4486.6,-20.72,1.076
R2347,elm,-59359.1,-2433,5188.4,25.41,1.143
R2348,pine,-58605.9,-2830.8,5065.2,-228.68,0.982
R2349,elm,-56986.8,-3045.9,5218.7,-69.62,0.959
R2350,elm,-56691.7,-2649.6,4946.8,-94.58,1.113
R2351,poplar,-55501.8,-2790.4,4463.1,65.49,1.2
R2352,pine,-54416.8,-2536.4,4202.1,-2.64,0.821
R2353,poplar,-53171.5,-2950.3,3777.1,-213.66,1.016
R2354,elm,-52148.4,-3092.9,3769.7,-55.83,1.091
R2355,elm,54131.3,-2844.1,3803.4,-255.24,1.187
R2356,pine,54527.3,-3101.4,3964,-65.24,1.086
R2357,pine,56165.2,-2841.4,4385.1,40.92,1.1
R2358,pine,57231.9,-2963.4,4253.7,68.62,0.859
R2359,pine,58260.2,-2474.7,4578.6,-240.09,0.995
R2360,pine,58473.7,-2486.4,4624.5,-258.81,1.187
R2361,pine,-57886,-1673.5,5148.4,55.59,1.171
R2362,pine,-57295.7,-1966,4939,-224.84,0.843
R2363,pine,-56508.2,-1730.1,4655.1,-44,0.973
R2364,poplar,-55831.5,-1866.1,4410,71.5,1.124
R2365,pine,-54925.8,-2372,4225.6,58.16,1.122
R2366,poplar,55969.1,-1816.4,4311,-231.1,0.807
R2367,elm,56671.5,-1738.4,4390.8,-57,0.875
R2368,poplar,56836.8,-2204.1,4358.7,86.01,1.087
R2369,elm,57990.6,-1781.3,4581.2,27.39,1.13
R2370,elm,58476.7,-1610.1,4622.3,-153.52,0.862
R2371,elm,59301.2,-1891,4590.7,-218.64,0.934
R2372,pine,-59349.2,-1096.7,5402.9,-57.66,1.137
R2373,elm,-59193,-1211.7,5405,-129.4,1.218
R2374,pine,-57638.8,-1450.1,4983.4,-48.98,1.108
R2375,pine,-57491.7,-1149.1,4957.2,11.51,1.11
R2376,poplar,-55786.1,-1527.3,4270.6,-267.27,1.246
R2377,pine,-54953,-1166.2,3921.5,-150.8,1.147
R2378,pine,-54282.5,-1066.7,3800.1,-39.29,1.177
R2379,pine,54906.9,-1378.2,3854.1,80.18,1.192
R2380,poplar,55539.5,-1252.6,4150.2,-254.54,1.001
R2381,elm,56606.1,-1255.6,4283.1,-67.94,1.183
R2382,pine,57323.7,-1383.4,4393.4,-72.43,0.964
R2383,pine,57669.2,-1598.1,4470.8,41.51,1.157
R2384,pine,58640.5,-1024,4619.3,-86.91,0.935
R2385,elm,59244,-900.9,4623.7,47.69,1.107
R2386,pine,-58897.6,-295,5413.5,-118.9,1.143
R2387,poplar,-57969.6,-564.8,5158,6.85,0.892
R2388,pine,-57457.4,-295.3,4784.3,-64.72,0.895
R2389,elm,-55255.8,-790.3,3871.2,-130.28,0.943
R2390,poplar,-54776.9,-747.6,3811.6,-247.4,0.832
R2391,poplar,-51634,-376.4,3402.2,-24.12,0.979
R2392,pine,55092.9,-53.3,4221.4,-194.08,0.808
R2393,elm,55345.6,-669.6,4188.7,-202.53,1.017
R2394,elm,56157.9,-622.9,4370,-94.36,1.2
R2395,elm,57371.1,-473.4,4441,-8.81,0.906
R2396,elm,57966.8,-139.3,4747.1,-17.94,1.036
R2397,elm,58980,-173.3,4787.1,57.12,0.83
R2398,pine,59542.4,-292.9,4828.1,-70.46,1.233
R2399,poplar,-59228.7,323.1,5497.4,-102.77,0.916
R2400,pine,-57891.1,643.9,4780.4,-181.46,1.193
R2401,poplar,-57444.5,680.5,4566.3,-181.03,1.037
R2402,elm,-56083.5,574.7,4215,-121.42,0.916
R2403,elm,-54622.3,716.7,3695.2,28.52,1.06
R2404,pine,54519,306.6,4112.1,-185.52,1.052
R2405,elm,55990.3,574.5,4565,33.78,0.949
R2406,elm,56701.5,472.8,4585.6,-50.13,0.89
R2407,elm,56913.3,15.3,4508.5,69.38,1.248
R2408,poplar,57831.4,143.1,4808.9,-147.32,1.192
R2409,pine,59156.3,324.9,4751.6,-63.29,0.875
R2410,elm,59390.2,144.6,4757.6,-30.61,0.896
R2411,pine,-59533.7,847.2,5417.6,-170.51,0.911
R2412,elm,-58774.8,912.2,5067.7,2.56,1.223
R2413,elm,-58218.3,1069.6,4806.6,-176.69,0.86
R2414,pine,-57470.2,1141.3,4547.1,-100.27,0.929
R2415,pine,-56261.4,1326.1,4359.4,-238.07,1.195
R2416,pine,-55786,800.7,4117,-150.21,1.161
R2417,poplar,-54213.2,1592.8,3922,-131.32,1.215
R2418,pine,54817.7,1510,4681,-160.98,0.873
R2419,pine,55599.6,1165.1,4833.8,-89.79,0.934
R2420,pine,56055.1,872.7,4679.6,-112.57,1.008
R2421,poplar,57242,1358,4831.2,-1.46,1.068
R2422,pine,57734.5,907.2,4756.5,-126.7,1.107
R2423,elm,58637.6,1173.4,4782.1,-183.67,1.034
R2424,elm,-59084.6,2373,5343.8,-85.57,0.943
R2425,poplar,-58063.4,1960.6,4834.5,-28.59,1.025
R2426,elm,-57482.6,2150.5,4736,-220.18,0.976
R2427,pine,-56123.9,2173.8,4304.8,-161.22,0.975
R2428,elm,-55572.2,2016.9,4125,-250.88,1.125
R2429,elm,-54386.6,1729.3,3947,24.43,0.953
R2430,pine,-51094.7,1784.5,3524.4,65.91,0.9
R2431,pine,53039.5,1712,4377.4,54.24,1.099
R2432,pine,53865.1,2363.5,4659.9,-77.47,1.071
R2433,poplar,54776.7,1840.2,4822.4,-35.57,1.173
R2434,pine,55687.4,2225.2,5155.6,-189.45,0.885
R2435,elm,56151.9,2054.4,5115.6,89.64,1.138
R2436,poplar,57222.3,2065.6,5028.4,66.75,1.231
R2437,poplar,58147,1695.2,4771.9,60.13,1.191
R2438,elm,58756.6,1798.3,4810.4,-188.84,0.924
R2439,poplar,59490.1,2322.6,5080.9,-77.18,1.137
R2440,pine,-59365.3,2730,5303.4,-169.26,0.829
R2441,pine,-58827.7,2691.1,5262.9,-219.86,0.807
R2442,pine,-57938,2443.3,5048.2,-74.12,0.867
R2443,pine,-57072.7,2885,4775,-118.51,0.889
R2444,pine,-56496.4,2608.3,4400.6,-172.49,1.061
R2445,elm,-55800,2473,4067.3,-126.2,1.016
R2446,poplar,-53831.1,3050,3785.6,-25.67,1.173
R2447,pine,-52539.6,2942.9,3776.1,-168.25,1.116
R2448,pine,-50879.5,2531.2,3889.7,-114.36,0.84
R2449,pine,-47849.6,2867.4,3703.8,-35.1,0.821
R2450,pine,52860.8,2710.5,4035.3,-178.33,0.946
R2451,elm,53756.1,2544.4,4565.5,-25.04,1.248
R2452,pine,55133.9,2814.1,5432.4,-240.31,0.961
R2453,poplar,55573.7,2804,5510.6,0.35,0.973
R2454,poplar,56140.8,2464,5162.6,-212.18,0.802
R2455,elm,57397.3,2940.8,5409.2,-30.91,1.211
R2456,elm,58107.3,2421.5,5110.8,-120.08,1.199
R2457,pine,59122.8,2467.4,5072,-138.44,1.211
R2458,elm,59359.8,3021.5,5071,70.93,0.982
R2459,pine,-58863.7,3937.7,5492.2,-212.5,0.885
R2460,poplar,-58139.6,3736.5,5536.7,-108.29,0.973
R2461,pine,-57484.9,3377.4,5107.7,41.24,0.905
R2462,pine,-56320.1,3750.9,4461.3,-265,1.001
R2463,pine,-55132.2,3912.8,4143.6,-75.68,0.937
R2464,pine,-51655.1,3887.5,4084.3,65.26,1.176
R2465,elm,-50441.4,3377,4121.8,-241.34,0.852
R2466,elm,-48996.8,3597,3772.9,-163.21,1.227
R2467,pine,-47850.8,3578.3,3800.6,-195.8,0.944
R2468,pine,-46476.1,3528.6,3599.5,6.51,0.8
R2469,pine,54913.9,3560.6,5529.1,-242.34,0.904
R2470,pine,55841.8,3652.1,5772.8,-69.53,1.116
R2471,pine,56506.3,3297.1,5506.8,43.93,0.872
R2472,elm,57333.3,3838.8,5769.7,-39.26,0.95
R2473,pine,57803.2,3378.4,5410.1,34.53,0.816
R2474,poplar,58489,3611.4,5272.1,-63.46,0.821
R2475,pine,-59362.9,4463.3,5604.7,-190.2,1.187
R2476,elm,-58691.6,4401.3,5688.1,-25.38,1.213
R2477,pine,-57900.6,4240.4,5627.5,19.9,1.102
R2478,elm,-57298.6,4192.7,5120.1,85.1,1.01
R2479,pine,-56502.7,4524.7,4768.6,-200.58,0.864
R2480,pine,-55956.3,4592.1,4485.2,-175.61,1.059
R2481,poplar,-54660.2,4526.2,4180.1,-157.44,1.001
R2482,pine,-54213,4507,3944.8,-161.58,0.863
R2483,pine,-53173,4780.1,4055.6,-214.85,1.026
R2484,poplar,-52738,4602.3,4077.9,-254.22,0.998
R2485,elm,-51912.3,4044.2,4165.6,80.23,0.979
R2486,elm,-50582.1,4658.6,4009.9,-250.69,0.803
R2487,pine,-50165.5,4041.5,4041.2,71.65,1.027
R2488,elm,53084.6,4344.7,3806.4,-138.89,1.126
R2489,pine,55088.8,4079.1,5369.8,-219.48,1.129
R2490,pine,55724.7,4511.7,5327.9,-185.15,0.947
R2491,elm,57492,4386.9,5770.6,-113.09,1.181
R2492,pine,58168.2,4292.4,5486.6,-58.67,0.813
R2493,elm,59193.4,4729.8,5295.5,-22.28,1.229
R2494,elm,-59170.3,4807.9,5647.9,-5.78,1.245
R2495,elm,-56654.2,5065.3,5004.4,-91.23,0.939
R2496,elm,-55672.8,5359.2,4557.8,11.35,0.801
R2497,pine,-54968.2,5467.2,4553,-112.31,1.051
R2498,pine,-54114.1,4936.7,4077.1,62.65,0.988
R2499,pine,-53336.5,5339.5,4232.1,5.46,1.214
R2500,pine,-52566,5491.1,4367.8,-10.08,0.976
R2501,elm,-51764.3,5171.7,4231,18.86,1.168
R2502,pine,-50969,5333.1,4008.2,79.29,1.091
R2503,pine,-45513,5296.9,3412.7,-65.62,0.957
R2504,pine,55919.2,4876.4,5125.3,-27.17,1.058
R2505,elm,57447.7,5402.8,5838.7,-188.99,1.161
R2506,poplar,58439.9,5543.6,5590.2,45.11,1.216
R2507,pine,59296.9,4991.2,5339.4,48.7,1.174
R2508,elm,-58859.7,5806,5842.9,76.33,1.087
R2509,poplar,-57413.4,6351.5,5906.3,-135.18,0.989
R2510,elm,-55377.9,5709.2,4644.8,-51.62,1.225
R2511,pine,-54820.2,5887.1,4752.1,-60.98,0.907
R2512,pine,-54317.1,5962.6,4853,-46.86,0.907
R2513,elm,-53226.3,6220.2,4732.9,-172.78,0.886
R2514,poplar,-52028.9,6355.8,4600,-50.01,0.952
R2515,elm,-51987.5,5909.2,4503,-246.55,1.101
R2516,pine,-47796.7,6112.8,3586,-242.37,1.248
R2517,pine,-47072.2,5785.4,3604.7,-148.18,1.126
R2518,elm,-46375.5,5788.5,3458.2,-118.24,0.824
R2519,pine,58773.4,5790.1,5608.2,63.21,0.917
R2520,pine,-59278.9,6667.3,5974.1,53.81,0.857
R2521,elm,-58714.4,6937.1,6163.2,16.9,1.036
R2522,poplar,-58396.8,6403.8,6042.3,-152.73,0.989
R2523,elm,-56509.2,6483.3,5640,-95.16,0.816
R2524,pine,-55850.5,6946.5,5720.2,-167.64,1.042
R2525,pine,-53633.2,7022.5,5310.2,-52.21,1.01
R2526,poplar,-52871.6,6681.8,4917.2,-176.31,0.895
R2527,pine,-52410.6,6430,4716,-15.7,1.018
R2528,pine,-50839.9,7023.3,4078.1,-186.67,1.188
R2529,poplar,-50220.8,6599,3815,-132.68,1.148
R2530,pine,-46809.2,6447.1,3474.4,-149.69,0.984
R2531,pine,58772.3,6561.8,5645.5,-5.46,1.229
R2532,elm,-59301.5,7371.4,6148,-96.12,1.121
R2533,poplar,-58537,7242.3,6291.3,-142.73,1.184
R2534,pine,-58042.8,7998.5,6505.1,-49.92,1.042
R2535,pine,-54982.8,7810.8,6021.8,-159.09,1.08
R2536,elm,-54042.3,7575.3,5666.9,41.43,1.104
R2537,pine,-53228.2,7242.4,5312.6,-88.97,1.154
R2538,elm,-52600.7,7341.2,5169.9,-13.16,1.079
R2539,pine,-51848.8,7675.5,4835,-173.23,1.121
R2540,poplar,-51060.5,7604.6,4399,-153.99,1.052
R2541,elm,-48811,7655.3,3778.4,-102.87,1.03
R2542,elm,58511.5,7426.5,5440,89.58,1.029
R2543,elm,-59077.7,8022.9,6378.3,83.66,0.882
R2544,pine,-57458.3,8177.2,6337.5,-8.37,1.183
R2545,pine,-56024.7,8064.6,6189.2,-36.34,1.185
R2546,pine,-55261.7,8213.7,6223.4,-16.61,0.954
R2547,poplar,-54884.6,8669.6,6200.8,87.28,1.042
R2548,pine,-54333.1,8458.9,6034,-208.25,1.187
R2549,elm,-53243,8526.9,5920,19.23,0.802
R2550,elm,-52726,8608.7,5738.2,28.23,1.22
R2551,pine,-51602.1,8748.8,4998.5,3.31,1.236
R2552,pine,-50402.4,8592.2,4270,-46.5,0.918
R2553,pine,-50278.2,8639,4216,25.1,1.16
R2554,pine,-47263,8287.3,3575.3,-186.04,1.024
R2555,pine,-59418.5,9500.3,6181.6,11.64,0.901
R2556,pine,-57099.5,9322.8,5985.8,-51.46,1.164
R2557,elm,-56174.9,8851.6,6031.2,-76.93,0.957
R2558,pine,-54684.2,9001.1,6177.3,-21.3,0.811
R2559,poplar,-53797.9,9157.5,6242.1,-112.7,1.208
R2560,pine,-53209.2,8901.3,5989.4,-87.65,1.073
R2561,pine,-52622.4,9485.7,6021.5,-0.19,1.246
R2562,elm,-51458.6,8994.1,4922.8,-5.05,1.17
R2563,elm,-50765.6,9157.4,4395.6,-27.57,1.241
R2564,pine,-49905.9,9279.5,3860.8,7.63,0.965
R2565,pine,-48979,8835.6,3854.3,24.08,0.876
R2566,pine,-51787.4,10322.8,5171,-234.83,1.133
R2567,elm,-50457.5,10124.6,4208.8,-219.85,1.193
R2568,pine,-49848.4,10002.8,3864.5,87.23,0.916
R2569,elm,-50504.7,10614,4221.6,-34.35,0.905
R2570,pine,59189.6,11301.8,5058.9,-28.5,1.243
R2571,pine,59578.9,11250.2,5142.3,-185.35,1.074
R2572,poplar,-55092,12752.2,5524.9,-250.69,0.955
R2573,elm,-52245.6,12430.3,5181.7,-122.17,1.001
R2574,pine,-51226.3,12029,4552.9,-23.87,0.894
R2575,poplar,59477.7,12781.4,5064.6,83.22,1.25
R2576,pine,-53398.7,12833.4,5024.3,34.1,1.099
R2577,pine,-49982.8,13000.8,3832.1,44.75,0.957
R2578,pine,58814.8,13529.7,4825.8,-119.64,1.009
R2579,pine,-56233.5,13976,5554.6,-164.59,1.078
R2580,pine,-54078.3,13665.9,4994.1,-205.35,0.977
R2581,pine,-53535.7,13674.2,4838.9,-185.06,1.066
R2582,pine,-52545.6,14074.9,4834.5,-49.88,0.921
R2583,poplar,-50523.1,14211.4,4070.2,46.72,1.028
R2584,poplar,-50313.2,13979.9,4027.8,-242.28,1.16
R2585,pine,59017.2,13942.1,4889.5,49.5,1.218
R2586,pine,59414.6,14291.5,4930.1,70.13,1.16
R2587,pine,-56261.8,14936.5,5404.3,-159.35,0.939
R2588,elm,-54870.9,14859.3,5170.2,32.22,1.128
R2589,pine,-54239.7,14665.2,5044.3,63.78,1.073
R2590,pine,-52718.7,14759.6,4813.8,-150.7,0.883
R2591,elm,-51573,14651.5,4579.3,-220.93,1.036
R2592,pine,-55987.3,15497.2,5167.6,-132.6,1.05
R2593,pine,-54952.3,15296.9,4998.1,-34.22,1.043
R2594,elm,-53777.5,15504.4,4732.1,-259.58,1.025
R2595,pine,-52628.8,15535.9,4568.4,31.19,1.237
R2596,pine,-51632.1,15405.3,4580.4,65.71,0.945
R2597,poplar,-51116.3,15990.3,4354.8,-45.21,0.827
R2598,pine,-49899.5,15366.7,3453.4,-91.48,0.889
R2599,elm,-57189.9,16554.8,4848.1,16.08,0.899
R2600,elm,-51782.8,16391.6,4370.1,-82.51,1.034
R2601,elm,-51161.6,16709,4297.3,-26.59,1.013
R2602,elm,58266.9,16640.1,4986.4,-88.3,1.17
R2603,poplar,-55021.7,16901.5,4610.4,22.1,0.958
R2604,elm,-53410.3,17412.9,4433.1,-183.61,0.829
R2605,pine,-52561.5,16925.9,4256.4,-257.53,1.052
R2606,elm,-51546.6,17483.9,4173.7,-82.56,1.225
R2607,elm,-50633.7,17218.7,3913,49.89,1.195
R2608,pine,59040.6,17037,5061.7,-26.25,0.856
R2609,poplar,-54842.9,17635.6,4641.9,-106.74,1.014
R2610,pine,-52341.8,18287.2,4432.4,28.65,0.908
R2611,pine,-51689.1,17974.8,4258,-91.72,1.195
R2612,poplar,-50671,18372.1,4130.6,-45.23,0.836
R2613,pine,-50308.6,17847.9,3702.3,-186.78,1.205
R2614,pine,58964.2,17756.1,5151.2,51.01,0.96
R2615,pine,59265.6,18221.8,5322.5,21.25,0.962
R2616,elm,-50995.8,19185.7,4295.6,-12.17,1.002
R2617,elm,57788.3,18849.5,4821.7,-46.03,1.054
R2618,pine,-51146.2,19389.1,4188.9,-24.39,1.093
R2619,pine,-58336.2,20746.5,4940,-188.92,1.203
R2620,poplar,-51605.4,20170.7,3713.9,-47.99,0.947
R2621,pine,-50514.8,20241.4,3845,-45.21,1.118
R2622,pine,58105,21334.7,4624,-155.13,0.937
R2623,poplar,-59002.3,21849,5329.2,-178.97,1.218
R2624,elm,-55795.6,22298,4705.7,-158.08,0.881
R2625,poplar,48940.6,21934.2,3395.8,-96.29,1.079
R2626,pine,-58546.4,23060,5194.9,-85.71,1.087
R2627,pine,-57941,22775.8,4991.3,-181.99,1.199
R2628,elm,-56512.1,23118.7,4745.6,49.76,1.182
R2629,elm,58151,23045.5,4806.5,-230.74,1.145
R2630,pine,-58302.5,23614.2,5354.7,-63.55,1.182
R2631,pine,-57206.8,23693.1,4998.5,-197.13,0.894
R2632,pine,-56646.8,23971.1,4912.6,-15.34,1.236
R2633,elm,-53024.5,23495.4,4009.4,-196.29,1.085
R2634,pine,49048,23324.8,3886.9,-237.55,1.25
R2635,poplar,50057.3,23476.3,4337,17.23,0.931
R2636,poplar,-59382.9,24035.8,5399.7,-262.67,0.961
R2637,elm,-58479.9,24006.8,5543.8,-92.58,1.057
R2638,pine,-57774.3,24146.5,5359.1,-207.54,1.153
R2639,elm,-55374.8,24597.6,4986.8,-221.23,1.197
R2640,elm,-55088.9,24763.7,4883.8,-61.1,0.905
R2641,pine,-54107.7,24390.3,4426,43.89,1.218
R2642,pine,51781.5,24213,5136.4,-237.58,0.94
R2643,poplar,53462.5,24751.8,4689,-122.8,1.035
R2644,pine,57111.8,24403,4610.4,-239.33,0.877
R2645,pine,58341,24253.9,4942,-89.9,0.953
R2646,pine,-59460.1,24972.4,5480.1,-90.15,0.828
R2647,pine,-58735.3,24824.4,5651.7,-257.38,1.091
R2648,elm,-58222.4,25164.9,5756.8,-76.08,0.896
R2649,elm,-57143.4,25360,5191.7,-102.58,0.891
R2650,poplar,-56113.8,25463.7,5005.5,-239.86,1.122
R2651,elm,-55372,25584.7,4899.5,-88.82,0.978
R2652,pine,-54361.9,25380.9,4662.7,-73,1.209
R2653,pine,-53525.5,25426.1,4200.6,-114.61,1.059
R2654,elm,-52244.4,25331.1,3771.6,-114.98,0.894
R2655,pine,50214.9,25185.3,3902.9,-177.49,1.136
R2656,pine,50658.4,25465.3,4193.1,21.55,1.169
R2657,pine,52468.9,24994.2,4922.3,27.3,1.234
R2658,pine,56235.7,25077.1,4683.7,-46.5,1.227
R2659,pine,58013.2,25312,5195.2,-31.62,0.83
R2660,pine,58674.7,25433.7,5377.8,60.8,1.175
R2661,elm,59522.2,24949.5,5493.9,-84.48,1.015
R2662,pine,-58659.4,25766.8,5668.2,18.18,0.997
R2663,pine,-57741.2,25616.3,5499.6,-49.31,0.843
R2664,elm,-56982.3,26136.3,5195,0.86,0.954
R2665,poplar,-56032,25887.6,4968.3,-131.91,0.815
R2666,pine,-55337.5,25767.1,4920.6,-128.2,1.188
R2667,elm,-55183.7,26114.5,4921.8,40.96,1.083
R2668,elm,-53904.8,25644.5,4429.9,-266.09,0.939
R2669,elm,-51778.1,26130.2,3735.6,-220.8,1.04
R2670,pine,50353,26180.1,3657.3,-188.52,0.842
R2671,poplar,51361,26156.8,4371.3,-179.16,0.912
R2672,poplar,52304.9,26040.9,5003.6,-217.28,1.21
R2673,elm,53218.9,25867.8,5008.2,32.32,0.883
R2674,elm,53700.7,26387.8,5005.7,-39.69,1.153
R2675,elm,55749.3,26227.8,4917,-156.44,0.914
R2676,pine,57799.4,25814.8,5207.6,-85.33,0.924
R2677,elm,-58398.3,26947.2,5845.2,-35.51,1.155
R2678,pine,-57446.6,26915.4,5394.4,9.21,0.83
R2679,elm,-55791.2,26998.4,4894.7,-139.35,0.854
R2680,poplar,-54666.6,26645.2,4667.9,-261.29,1.064
R2681,poplar,-54073.2,27199,4490,72.49,0.81
R2682,pine,51061.3,27046,3812.6,-146.59,0.993
R2683,pine,51297.2,26593.2,4122.9,-185.08,0.972
R2684,elm,52783.7,26479.1,5140.8,-243.07,1.077
R2685,pine,53313.3,26745.3,5216.4,-69.31,1.176
R2686,pine,53706.2,27137,5256.1,37.06,1.079
R2687,pine,58284.7,26494.2,5323.7,36.34,0.924
R2688,poplar,-57736,27505.3,5605.7,-83.94,1.197
R2689,elm,-57056.2,27663.7,5248.6,-59.33,0.991
R2690,elm,-56372.4,27635,4943.9,-85.31,1.21
R2691,pine,-55573.8,27709,4628.4,-134.38,1.168
R2692,pine,-54756.3,27914.7,4583.7,-260.4,1.053
R2693,elm,-54102.5,27788,4555.2,42.92,0.808
R2694,pine,-53527.6,27544.3,4338.4,-252.74,1.141
R2695,poplar,-52100.6,27972,3834.4,-0.06,1.173
R2696,elm,-50543.5,27979.9,3664.3,-146.53,0.814
R2697,pine,50392.5,27895.9,3378.1,-43.59,0.9
R2698,poplar,51429.7,27851.6,3825.2,-154.2,0.821
R2699,elm,52587.8,27732.7,4741.7,-52.94,1.077
R2700,pine,53554.1,27793.1,5183.8,-66.45,0.895
R2701,pine,54355.6,27367.5,5316.3,81.02,1.098
R2702,poplar,55897.7,27949.1,5375.8,-263.48,0.996
R2703,poplar,56429.7,27798.4,5271.9,-26.33,0.808
R2704,elm,58003,27749.7,5130.6,-245.08,0.824
R2705,elm,59299.2,27386.6,5148.6,40.9,0.851
R2706,elm,-58438.4,28494.3,5463.2,-160.65,0.933
R2707,pine,-58188.2,28712.6,5392.1,77.55,0.908
R2708,elm,-56876.4,28493.8,5005.5,-269.83,1.075
R2709,poplar,-55232.4,28776.3,4472.8,27.38,1.05
R2710,elm,-54510.9,28095,4506.8,-108.08,1.192
R2711,pine,-53852.4,28165,4570.8,-269.16,0.855
R2712,pine,50788.1,28213.1,3569.5,-81.93,0.928
R2713,elm,51715.6,28162.1,3977.2,7.11,0.912
R2714,pine,52302.4,28490.9,4329.7,-199.62,0.923
R2715,elm,52862.4,28136.7,4701.8,-211.91,0.864
R2716,pine,53643.8,28086.7,5090.2,-216.38,0.993
R2717,pine,55424.2,28575.2,5471.4,-227.13,0.84
R2718,pine,57070.1,28496.3,5228.3,-99.25,1.136
R2719,pine,58235.7,28520.9,5063.3,61.9,1.056
R2720,elm,-58556.9,28874.3,5506.9,-232.9,0.988
R2721,elm,-57740.1,29121.3,5201.7,-113.57,0.89
R2722,elm,-56736.7,28921,4887.8,-200.33,1.197
R2723,pine,-55203.6,29596.5,4579.8,-177.24,0.923
R2724,pine,-54315.6,29283.1,4494,-238.48,1.135
R2725,poplar,-53582.1,28969.6,4515.9,-47.63,1.061
R2726,elm,-52716.9,28918.5,3973.7,-221.64,1.168
R2727,elm,52164.4,28831.7,4163.1,-27.38,0.989
R2728,pine,53539.4,28808.3,4877,-191.39,1.06
R2729,pine,53656.7,29016.2,4919,-15.85,1.148
R2730,elm,54448.5,29047.6,5412.2,-140.29,0.934
R2731,poplar,55992.6,29339,5641.3,-105.93,1.188
R2732,pine,57411.5,29416.7,5220.6,-117.03,0.95
R2733,pine,57621.9,29531,5166.4,-75.06,0.973
R2734,pine,-57588.3,29766.5,4828.8,-171.72,0.949
R2735,pine,-55303.4,29991,4587.1,-45.23,1.183
R2736,pine,-54949.5,29969.9,4549.2,18.22,1.22
R2737,poplar,-53470.5,30335.8,4435.6,-240.11,1.139
R2738,poplar,51318.4,29702.6,3686.1,-106.92,1.221
R2739,pine,52264.5,29793.1,4220.3,54.15,0.987
R2740,elm,53475.2,30282.6,4948.8,39.77,0.953
R2741,elm,53918,29911.8,5136,-166.82,0.943
R2742,pine,54747.8,29673.6,5377.2,-115.3,1.181
R2743,elm,55884.1,30056.8,5413.7,-4.68,1.24
R2744,pine,56699.2,29822,5503.3,60.95,0.997
R2745,elm,56828.5,29858.2,5453.5,-103.59,0.924
R2746,poplar,58017.5,30315.7,5105.5,71.35,1.047
R2747,elm,58766,29795.3,5019.2,-143.89,1.021
R2748,pine,-58967.6,30469.4,5081.5,25.95,1.202
R2749,elm,-57083.8,30472.2,4691,28.83,0.808
R2750,pine,-56127.3,30579.2,4477.2,-74.51,1.025
R2751,poplar,-54227.9,30567.3,4438.1,87.3,1.112
R2752,pine,51808.9,30556.3,4064,12.84,0.839
R2753,poplar,52421.3,30543.8,4494,-53.44,0.878
R2754,elm,52890.9,31190.5,5048.1,-177.69,1.187
R2755,poplar,54009.9,30558,5110.4,-265.53,0.947
R2756,elm,55004.6,30528.1,5109.4,-268.7,0.896
R2757,poplar,55462.6,30996.2,5035.8,74.66,1.185
R2758,pine,56310.1,30870.3,5189.9,-81.87,1.093
R2759,pine,56856.2,31137,5257.9,-189.59,1.016
R2760,elm,-59454.5,31652.4,5151.2,-106.29,0.802
R2761,elm,-53679.7,31283.6,4254.4,87.8,1.097
R2762,pine,51090.5,31898.6,3818.1,8.61,1.179
R2763,pine,51501.8,31469.7,4126.7,-235.52,1.225
R2764,poplar,52009.2,31648.7,4654.8,-36.15,1.227
R2765,poplar,53486.3,31784.7,5114.9,-19.31,1.182
R2766,pine,53783.7,31497.4,5099.5,2.04,1.124
R2767,elm,54452.9,31543.1,5061.8,-152.99,1.003
R2768,elm,55572.2,31339.7,5009.5,-36.85,0.936
R2769,pine,56046.1,31323.7,5072.9,-188.07,1.118
R2770,elm,57418.8,31746.2,5178.3,-183.09,1.168
R2771,pine,58326.8,31416.8,5085.2,29.54,0.965
R2772,pine,51136.2,32152.7,3939.4,-135.77,1.012
R2773,elm,52792.7,32535.9,4849.3,2.87,0.839
R2774,elm,52861.3,32691.9,4867.2,-31.91,1.032
R2775,elm,54241.9,32580.5,5134.2,38.4,1.052
R2776,elm,54718.9,32784.2,5078.3,-61.6,0.864
R2777,pine,55909.2,32633,5213.5,73.82,0.997
R2778,pine,56060,32185.5,5133.4,-211.9,1.166
R2779,pine,57030.1,32778.7,5409.3,-15.29,1.053
R2780,pine,57794.8,32719.6,5359.8,14.61,1.24
R2781,pine,50696.9,33423.3,4073.6,-56.62,0.865
R2782,pine,51980.8,33248.8,4462.3,-204.49,1.181
R2783,elm,53211,32921.1,4852.2,-81.74,0.936
R2784,elm,53830.5,32957.7,4985.7,-27.8,0.963
R2785,pine,54739.4,33463.7,5063.3,-137.7,0.901
R2786,pine,55226.7,33544.7,5059.5,-39.38,0.809
R2787,elm,56495.3,33096.2,5399.5,-34.5,1.213
R2788,pine,56870.9,32898.6,5423,-89.25,0.834
R2789,pine,58368.1,33599.8,4995.3,-259.75,1.167
R2790,elm,49594.4,33702.3,3591,-56.93,0.804
R2791,pine,51100,33626.5,4251.9,-219.64,1.199
R2792,elm,51475.4,34223.1,4376.1,-262.13,0.826
R2793,poplar,52062,34325.3,4636.4,42.5,0.955
R2794,elm,53471.9,34379.1,5367.5,-206.08,0.836
R2795,elm,53854.7,33718.2,5225.5,-132.41,0.955
R2796,poplar,54504.1,34183.5,5235.7,-13.1,1.056
R2797,pine,55620.5,33651,5180.5,-97.83,0.981
R2798,pine,56058.7,34173.2,5423.8,61.53,1.075
R2799,elm,57719.1,33880.3,5400.5,36.9,0.96
R2800,pine,59526.7,33634.8,4816.9,-226.91,0.845
R2801,elm,49960.9,35031.8,3836.6,20.89,1.218
R2802,pine,50767.6,34806.1,4157.8,-6.4,1.238
R2803,pine,51754,34701.5,4482.7,-244.38,1.066
R2804,poplar,52170.4,34910.9,4681,-71.71,0.947
R2805,elm,53237.2,35052.8,5366.4,-14.51,0.833
R2806,pine,54092.7,34807,5417.1,-141.39,0.846
R2807,pine,54572.4,34584.1,5367.6,64.33,0.881
R2808,pine,55259.3,34565.5,5368.2,18.5,1.095
R2809,poplar,56464,35055.2,5717.9,70.75,0.993
R2810,elm,57117.4,34613.1,5667.2,-5.43,1.127
R2811,pine,58150.1,35160.4,5283.8,64.53,0.962
R2812,pine,58722.6,35047.1,4937.6,58.62,0.846
R2813,pine,59404.8,34451.2,4810.8,-255.78,0.87
R2814,elm,50336.9,35695.6,4134.8,-9.76,1.073
R2815,elm,50641.5,35501.8,4213.1,-256.58,1.025
R2816,poplar,51502.7,35643.8,4519.9,-256.02,1.158
R2817,elm,53434.6,35545,5551.5,-125.77,0.921
R2818,elm,53815.2,35692.6,5737.2,-249.41,0.935
R2819,pine,55040,35790,5966.3,-194.61,1.047
R2820,elm,55842.2,35446.4,5854.8,-148.89,0.824
R2821,elm,56315.3,35353.3,5718.4,-217.72,0.862
R2822,pine,57033.6,35865.4,5385.3,-243.69,0.906
R2823,pine,57963.2,35521.6,5225.5,-258.22,0.965
R2824,poplar,58575.4,35884.4,4974.8,-171.47,1.025
R2825,pine,46081.4,36366.1,3545.7,-153.49,0.928
R2826,poplar,49769.4,36520.8,4024.9,-197.49,1.23
R2827,poplar,50827.5,36292.5,4445.4,-109.27,0.992
R2828,pine,51311.1,36153.3,4535.1,-66.23,1.174
R2829,pine,52038.6,36783.3,4718.6,-68.86,0.994
R2830,poplar,52916.5,36215,5158.7,-165.53,0.989
R2831,pine,54006.6,36048.8,5838.9,-173,1.24
R2832,pine,55044.2,36055.4,5990.6,6.14,0.921
R2833,pine,55947.3,36381.1,5534.7,-201.7,1.136
R2834,pine,57395.9,36565.2,5100.9,-170.77,1.139
R2835,elm,42123.5,36876.7,3215.7,80.55,1.16
R2836,pine,43540.7,36923.9,3895.9,45.52,1.047
R2837,pine,44773.3,37561.6,3913.2,-2.14,1.241
R2838,pine,45606.3,37430.9,3655.3,57.93,1.005
R2839,elm,47803.2,37418.3,4323.7,-11.13,0.903
R2840,elm,48546,37417.8,4767.7,51.84,1.051
R2841,pine,49122.8,37017.8,4330.4,-150.7,1.235
R2842,pine,49725.9,37369.9,4533.5,48.22,0.896
R2843,elm,50649.8,37443.2,4523.1,-239.4,1.227
R2844,poplar,51279.1,37159.2,4504.7,-206.69,1.103
R2845,pine,52890.2,36982.9,5160.3,-2.61,1.203
R2846,pine,55170.1,37107.2,5654.8,-180.21,1.013
R2847,pine,55328,37247.6,5581.9,-120.86,0.822
R2848,elm,43467,37898.9,3764.8,-59.39,1.104
R2849,pine,46998.7,38091,4135.4,-89.11,1.193
R2850,pine,47854.9,38200.7,4401,-159.41,0.984
R2851,pine,48154.2,37994.2,4588.9,-169.63,0.846
R2852,pine,49469.8,38392.7,4383.3,53.42,1.142
R2853,pine,49948.5,37955.8,4373.6,-93.83,1.23
R2854,pine,50721.5,37795.8,4676.1,-260.08,1.244
R2855,pine,51684.4,38070.4,4643.6,-138.97,0.84
R2856,poplar,52415.2,37904,4772.5,-247.79,1.111
R2857,poplar,52982.3,37726.1,4927.5,-71.58,0.838
R2858,pine,54752.1,38222.7,5352.1,-242.95,0.932
R2859,elm,43767.8,38571.5,3951.2,-99.33,1.118
R2860,pine,44323.1,39019.7,4278.7,-39.67,0.818
R2861,elm,45278.1,38938.7,4450.6,-161.19,1.006
R2862,elm,46659.4,39109.1,4626,-196.95,0.959
R2863,pine,47965.1,39198.8,4664.9,-253.73,0.841
R2864,pine,49590,38680.3,4429.7,-146.44,0.927
R2865,pine,50258.6,39159.3,4431.3,-226.94,0.908
R2866,elm,50883.5,39184,4542.5,-267.51,0.895
R2867,pine,51249.9,39044.5,4679.9,18.29,1.057
R2868,elm,52246.5,38922.2,4732.4,51.54,1.17
R2869,poplar,53527,38851.2,4860.9,-109.58,1.079
R2870,elm,55143.7,39178.9,5122.8,-15.58,0.876
R2871,pine,45069,39677.9,4405.3,-14.9,1.138
R2872,pine,45666.9,39307.3,4391.1,-210.87,1.082
R2873,pine,46941.4,39772.7,4958,59.57,0.917
R2874,pine,47680,39366.7,4784.7,-5.21,1.187
R2875,pine,48647.3,39767,4682.2,-262.11,0.981
R2876,elm,49048.9,39971.9,4641.6,-96.26,0.97
R2877,pine,49949.2,39320.4,4479.9,-160.73,1.243
R2878,pine,50533.4,39518.3,4556.9,-21.9,1.031
R2879,elm,51221.6,39469.5,4651.5,-248.53,0.845
R2880,elm,52737.3,39826.9,4806.7,-96.62,1.099
R2881,elm,52935,39857.9,4802.9,14.98,1.213
R2882,pine,54240.5,39939.1,5008.6,-57.93,1.03
R2883,pine,54487.3,39914,5031.6,-208.86,0.874
R2884,poplar,40211.6,40230.6,3372.7,-131.28,0.804
R2885,elm,43886.7,40556.7,4465.9,45.38,0.824
R2886,pine,44423.5,40727.8,4768.5,-181.77,1.162
R2887,poplar,45429.1,40285.1,4071.9,-218.73,1.068
R2888,pine,45703.8,40220.3,4120.7,-243.63,0.997
R2889,pine,47180.5,40640.6,4588.9,-176.33,0.889
R2890,poplar,47494.9,40698.5,4706.1,-221.81,0.839
R2891,poplar,48632.5,40374.7,4597.9,-217.41,1.081
R2892,pine,49279.9,40473.4,4843.3,-232.06,0.902
R2893,pine,49889.8,40690.4,4888.6,-165.84,1.148
R2894,pine,50921.4,40311.4,4551.9,-240.67,0.996
R2895,pine,51233,40481.9,4544.6,-69.87,0.874
R2896,pine,52654.4,40284.9,4733.7,-180.2,0.977
R2897,pine,53495.9,40461.8,4923.5,-85.15,0.804
R2898,pine,54025.1,40792.5,5013.6,-134.88,0.95
R2899,pine,55075.5,40083.5,5159.5,-192.42,1.038
R2900,pine,43636.1,41265.4,4429.3,-139.1,0.876
R2901,poplar,44714.2,41010.4,4397.7,-151.37,1.176
R2902,elm,47793.9,40835,4866.1,-185.81,0.897
R2903,elm,48768.6,41545.7,4909.2,-21.53,0.861
R2904,elm,49050.5,41008.6,4996.1,-79.34,0.917
R2905,pine,50142.7,41492.2,4715.4,62.43,0.808
R2906,pine,50561,41242.6,4566,-119.78,1.063
R2907,elm,51261.3,41365.8,4439.8,-185.11,0.952
R2908,pine,52678.7,41254.7,4769.1,-161.65,1.056
R2909,pine,53126.2,41509.7,4928.5,85.25,0.831
R2910,poplar,53928.1,41497.7,5112.9,34.93,0.82
R2911,pine,55197,41002.7,5302.4,-228.84,1.038
R2912,pine,55377.5,41062.8,5278.2,-156.48,1.237
R2913,elm,43529.5,42297.2,4203,-80.72,1.09
R2914,elm,44132.2,41966,4221.7,65.26,1.217
R2915,pine,44938.6,41910.2,4115.4,-150.13,0.927
R2916,pine,46121.8,42334,4074,-112.64,1.007
R2917,poplar,46697.6,42201.6,3959.1,1.62,0.867
R2918,pine,47793.6,41603.1,4318.4,-223.59,0.819
R2919,poplar,48642.4,42371.2,4559.6,-138.09,0.931
R2920,elm,49022.8,42139.1,4827.7,-146.74,0.887
R2921,poplar,49844,42295.7,5016.3,-171.36,0.896
R2922,pine,51161.7,42138.5,4541.3,52.98,0.928
R2923,poplar,51664.2,42185.7,4631.8,-41.33,1.137
R2924,pine,52135.4,42081.8,4604.2,-49.2,1.199
R2925,elm,53177.9,41887.7,5013.6,22.7,0.826
R2926,elm,53739.8,42197,5115.5,-9.48,0.919
R2927,elm,54784.6,42113.5,5875.6,-113.54,1.073
R2928,pine,55373.3,42378.8,6305.3,-169.81,1.114
R2929,pine,45429.3,42436.9,4103.7,62.49,0.93
R2930,elm,46052.8,42611.1,4128,47.06,1.106
R2931,pine,47902,42928.3,4398.3,-184.65,1.199
R2932,pine,48577.2,43112.2,4612.7,-236.44,1.116
R2933,pine,48951.2,42674.7,4619.1,-221.47,0.972
R2934,elm,50035.8,42932.9,5259.4,-131.79,0.865
R2935,pine,50656.6,43062.7,5375.7,-9.9,0.996
R2936,pine,51372.9,42900.4,4952.1,-114.75,1.051
R2937,elm,52501.8,42401.1,4802.2,-216.12,1.16
R2938,elm,53362.7,42584.5,5132,-116.92,1.057
R2939,pine,54108.5,43146.7,5604.1,-229.85,1.052
R2940,pine,54827.5,42510.4,5948.6,75.08,0.812
R2941,elm,55856.1,42480,6146.2,-116.31,1.04
R2942,elm,45167.4,43548.5,4126.2,-202.92,1.045
R2943,pine,45818.2,43439.8,4280.2,43.26,0.868
R2944,pine,46667.8,43671.2,4291.3,-32.35,1.076
R2945,pine,47595,43527.8,4159.8,-123.82,1.108
R2946,poplar,48625.4,43596.3,4720.3,-177.62,1.015
R2947,elm,49463.6,43625.9,5102.8,-122.25,1.054
R2948,poplar,49890.4,43897.6,5166.7,-228.68,0.986
R2949,elm,50667.7,43752.1,5649.2,-172.82,1.132
R2950,poplar,51962.7,43926.6,5200.1,-42.57,0.809
R2951,elm,52248.1,43374.8,5074.4,-76.6,1.155
R2952,pine,53371.4,43758.7,5465.1,34.7,1.111
R2953,poplar,54128.5,43772.4,5816.4,-69.19,0.984
R2954,elm,54405.3,43874.2,5986.7,-28.55,0.879
R2955,pine,55293,43596,6501.2,64.07,1.213
R2956,pine,45040.7,44250.3,4067.7,-38.3,1.073
R2957,pine,45609.3,44483.7,4062.1,-126.22,0.834
R2958,poplar,47217.8,44750.2,3898.6,-232.16,1.068
R2959,pine,48547.8,44535.5,4403.8,75.38,0.858
R2960,poplar,49542.4,44579.5,4644.8,-24.45,0.861
R2961,pine,50221.7,44164.5,5255.7,-107.9,1.237
R2962,elm,50688.9,44140.4,5580.9,-8.2,0.845
R2963,pine,51605.3,44555.4,5166.5,-6.12,0.949
R2964,elm,52359.2,44743.4,5314.5,58.96,0.997
R2965,elm,53038.8,44461,5397,-158.79,0.974
R2966,elm,53830.9,44109.2,5738.5,-16.26,0.802
R2967,pine,54850.8,44752.8,6049.2,-50.52,1.05
R2968,pine,55608.7,44502.2,6071.2,-209.51,0.933
R2969,pine,56470.5,44349.3,5912.2,-35.39,1.069
R2970,pine,44942.9,45233.6,3944.8,-164.55,1.215
R2971,pine,47761.5,45564.8,3971.2,-121.76,1.124
R2972,elm,48461.2,45489.8,4191.8,-194.38,1.192
R2973,pine,48903.5,45546.1,4413.4,-238.41,0.823
R2974,pine,49813.4,44918.4,4753.5,-5.41,1.019
R2975,poplar,50431.4,45489.7,4958.5,-53.68,1.116
R2976,pine,51871.6,45277.3,5414.4,-227.57,0.866
R2977,poplar,52356.1,45084.8,5388.6,-138.66,0.866
R2978,elm,53229.7,45331.8,5606.7,-150.32,1.128
R2979,pine,54139.7,44963.8,5871.6,-222.19,0.914
R2980,poplar,54618.2,45301.7,5896.6,-80.64,0.971
R2981,elm,55639.6,45318.9,6063.4,31.2,1.107
R2982,poplar,56066.8,45170.2,5933.6,-259.65,0.88
R2983,pine,47031.4,46006.2,4059.3,-17.52,1.19
R2984,poplar,47969.9,46372.1,3975,63.06,1.168
R2985,pine,48098.2,45751.4,4041.2,-193.15,1.095
R2986,pine,49221.7,46221.2,4218.9,-78.35,0.916
R2987,pine,50133.4,46242.5,4585.3,31.33,0.84
R2988,poplar,50667.6,45784.5,5049.1,-266.22,0.939
R2989,elm,51275.2,45874.5,5261.7,-158.07,0.91
R2990,poplar,52345.4,46281.5,5410.3,-236.82,0.915
R2991,pine,52874.7,46282.4,5571.7,58.5,0.829
R2992,elm,53873.8,45820.9,5542.7,-258.15,1.033
R2993,elm,54604.7,45792.3,5843.8,78.33,1.076
R2994,elm,55797.8,46202.1,5925.7,-108.61,1.206
R2995,pine,56451.5,45928.1,5794.8,-51.1,1.004
R2996,poplar,59016.7,45763.6,4637.8,-38.96,0.9
R2997,elm,49507.1,46416,4281,-143.75,0.864
R2998,elm,50248.9,46944.5,4496.7,-83.09,1.137
R2999,pine,50423.2,47051,4462.2,-202.64,0.931
R3000,elm,51507.1,46559.1,5247.6,-248.4,1.04
R3001,pine,52282.4,46513,5276.9,-201.42,0.937
R3002,pine,53321.2,46984.2,5597,9.75,0.998
R3003,pine,54249.3,47065.4,5707.3,-146.48,1.118
R3004,pine,55020.6,46738.8,5995.5,-58.26,1.138
R3005,pine,55752,47131.8,5790.1,80.37,1.229
R3006,pine,56527.9,46812.5,5815.1,-81.61,1.106
R3007,poplar,59124.5,47093.6,4839.3,-254.48,1.158
R3008,pine,47314.4,47412.6,4095.8,-87.74,0.89
R3009,elm,49431.6,47346.2,3955.6,-75.58,0.824
R3010,pine,50898.3,47426.8,4582.9,-93.31,0.862
R3011,poplar,53089.4,47490.3,4921.1,-175.92,0.905
R3012,elm,53761.5,47359.2,5427.9,-137.38,1.03
R3013,elm,54520,47990.4,5420.4,9.86,0.952
R3014,elm,55455.1,47794.9,5577.5,-160.33,0.897
R3015,elm,56517.1,47312.6,5661,69.31,1.035
R3016,poplar,57512,47329.3,5229.5,14.16,1.205
R3017,pine,53740.6,48421.1,4805.8,-263.66,1.145
R3018,pine,50406.2,48854.9,4009.6,-145.35,1.021
R3019,elm,55149.9,48981.8,5196.1,17.39,1.112
R3020,elm,56564.9,48943.1,5324.4,-15.07,0.843
R3021,pine,57804.8,49236,5135.9,-117.58,0.858
R3022,pine,58820.6,48876.5,5279.3,-187.1,1.227
R3023,poplar,-50221.5,49889.5,3586.1,-101.31,0.875
R3024,pine,-51763.1,50584,3761.8,-73.85,1.034
R3025,elm,-50240.1,51100.9,3602.4,-31.2,0.968
R3026,elm,-51182,51359.3,4063,-53.24,0.902
R3027,pine,-15254.7,51852.4,3855.1,-5.13,1.25
R3028,poplar,-14094.7,51492.6,3257.3,79.62,1.046
R3029,poplar,51236.7,51632.6,3697.8,-106.94,0.812
R3030,elm,53792.4,51905.3,4357.8,-3.75,0.903
R3031,elm,-59452.1,52471.4,5092.1,-78.33,1.207
R3032,pine,-58450.6,52624.7,4865.6,-164.81,0.825
R3033,pine,-53332,52480.9,4458.8,-229.91,1.028
R3034,elm,-52428.3,52661.8,4344.1,-223.28,0.906
R3035,pine,-19972.2,52198,3326.1,7.67,1.054
R3036,pine,52112.6,52039.6,3833.5,-60.67,0.974
R3037,elm,-58962.3,52829.2,4820.7,-166.17,0.894
R3038,elm,-55241.7,53199.9,5053.4,-146.63,1.185
R3039,poplar,-54156.6,53403.8,5035.3,-105.38,1.073
R3040,poplar,-52886.7,53573.5,4575.8,-247.11,1.153
R3041,elm,-52131.4,53203,4140.1,-53.61,0.96
R3042,pine,-51703.6,53523.5,3886,44.45,1.107
R3043,pine,-50681.3,53326.8,3496.8,-78.19,1.119
R3044,pine,-14709.6,53228.5,3926.1,-210.46,0.931
R3045,elm,28583.1,53373.8,3709.5,58.58,0.987
R3046,pine,32678.8,53124.4,3560.8,-142.02,1.109
R3047,pine,33727.5,52979.1,3552.4,-242.33,1.196
R3048,elm,35114.4,53389.2,3676.1,-4.88,0.908
R3049,elm,35267.9,53141.9,3625.3,-248.53,1.206
R3050,pine,-58660.8,54224.9,4867.8,-153.63,0.966
R3051,pine,-58316.8,54008.4,4875.1,-86.18,1.027
R3052,pine,-56424.7,54323.8,5047.4,40.73,0.985
R3053,pine,-55588.9,53617.8,5101,-174.49,1.096
R3054,poplar,-55045.8,54181.4,5323.5,-203.31,0.901
R3055,pine,-53786.1,53913.3,5097.6,41.42,1.041
R3056,elm,-45226.3,53935.3,3376.6,-132.29,0.814
R3057,elm,-15445.7,54161.6,4477.9,-268.32,1.129
R3058,elm,-15034.4,54326.7,4498.7,-180.43,1.046
R3059,pine,-12497,54136.3,3857,-40.28,1.107
R3060,elm,3772.6,54333.9,4805.9,-172.15,1.009
R3061,pine,6671.7,54043.7,3471.5,76.39,1.008
R3062,pine,19191.5,54036.4,3647.8,-139.87,1.132
R3063,pine,20512.4,54290.8,3905.9,-215.04,1.213
R3064,elm,21860.6,54253.9,3900.2,-125.46,0.82
R3065,pine,24061.8,54061.5,3874.1,-104.08,0.965
R3066,elm,25982.6,53888.7,3699.2,-129.84,1.124
R3067,elm,27585.8,54236.9,3745.9,-58.93,1.106
R3068,pine,34808.1,53911.6,3692.6,-264.24,1.042
R3069,pine,35267.7,54155.9,3893.8,-123.78,0.997
R3070,pine,36489.7,53791,3979.7,-13.55,1.131
R3071,elm,54983.4,54006.5,4058.4,-125.62,1.064
R3072,elm,-59137.4,55080.2,4903.3,-162.52,1.148
R3073,pine,-57927.5,54847.4,4734.2,-105.7,0.889
R3074,elm,-55073.4,55116.6,5396.6,-87.4,1.154
R3075,pine,-54144.4,54468.4,5106.1,-66.71,1.01
R3076,elm,-53351,54558.1,4474.2,-69.98,0.922
R3077,pine,-52701.6,54944.6,4022.9,62.38,1.124
R3078,pine,-16994.6,54402,4866.2,16.71,0.988
R3079,elm,-16094.1,54999.8,5025.4,-221.64,0.948
R3080,elm,-14199.8,54893.8,4673.2,89.26,0.881
R3081,pine,-13437.7,54685.6,4434.2,56.08,1.181
R3082,pine,3908.7,54437.9,4865,-108.29,0.973
R3083,elm,5310.1,54925.1,4128.3,-220.55,0.826
R3084,pine,8291.8,54497.4,3155.9,41.86,0.826
R3085,pine,17821.1,54504.1,3519.9,-147.14,1.178
R3086,pine,18763.2,54819.4,3941.3,39.97,0.929
R3087,poplar,19732.2,54810.6,4043.9,85.04,0.853
R3088,pine,20060.3,54809.2,4000.8,-204.32,1.23
R3089,pine,21328.4,54449.3,3922.9,-211.31,0.871
R3090,elm,23186.6,54483.8,3904.7,-78.02,1.245
R3091,pine,23339.4,54878.1,3960.8,-160.58,1.016
R3092,pine,25301.4,54624.3,4110.4,-4.35,1.144
R3093,poplar,26713.8,54445.2,3844.7,-61.48,0.873
R3094,elm,27791.5,54427.1,3786.8,-156.18,0.807
R3095,poplar,30061.8,54571.7,3975.4,-175.89,1.114
R3096,pine,34228,54628.1,3645,-176.86,0.972
R3097,elm,36465,54624,4297.9,-151.84,1.004
R3098,pine,47349.4,55166.3,3380.2,-123.33,0.94
R3099,pine,-59354.2,55612.5,4827.2,-238.29,1.004
R3100,pine,-59046.5,55761.4,4813.1,9.86,1.113
R3101,poplar,-57696.3,55519.6,4768.9,-105.65,1.09
R3102,elm,-56890,55667.5,5020.7,-104.13,1.047
R3103,pine,-55228.9,55849,5096.2,8.57,1.067
R3104,pine,-54519.5,55883.3,4934.6,-222.57,1.098
R3105,elm,-54197.7,55596.3,4716.3,1.81,0.81
R3106,elm,-52784,55399.1,4013.4,-228.16,0.833
R3107,pine,-50023.3,55451.3,3563.2,-187.49,0.949
R3108,pine,-49390.1,55857.9,3678.9,-188.4,0.879
R3109,elm,-46916.2,55514.5,3703,-82.49,0.818
R3110,pine,-44662,55835.5,3819.5,-13.1,0.962
R3111,elm,-43437.6,55914.2,3849,-26.47,1.188
R3112,pine,-43125.6,55596.5,3811.4,1.49,0.866
R3113,elm,-41201.8,55628.6,3729.4,-182.04,1.145
R3114,elm,-38183.5,55928.1,3733.6,-238.34,1.124
R3115,pine,-34930.5,55892.7,3808.5,22.31,0.874
R3116,pine,-16425.9,55268.7,4995.6,41.74,1.243
R3117,poplar,-15974,55529.4,4892.2,19.94,0.986
R3118,elm,-14340.4,55974,4909.2,-193.74,0.816
R3119,pine,-12920,55539.5,4457.7,71.22,0.905
R3120,elm,-12388.1,55419.8,4390.8,-259.4,0.856
R3121,pine,-11763.9,55726.1,4481.4,-22.83,0.836
R3122,elm,-10575.4,55756.8,4337.1,-97.75,1.133
R3123,elm,-10183.1,55984.5,4424.2,59.22,0.831
R3124,pine,-8229.5,55269.9,4170.8,77.22,1.249
R3125,elm,1969.6,55229.4,3958.8,-11.08,0.865
R3126,pine,3317,55542.1,4781,-147,1.051
R3127,pine,5192.4,55316,4454.9,-151.21,1.068
R3128,pine,18131.3,55258.2,3881.3,-14.75,0.848
R3129,elm,19373.7,55431.6,4218.5,-103.5,0.847
R3130,elm,20337,55559,4108.1,-35.64,1.183
R3131,pine,22890.1,55723,4098.2,-84.9,0.977
R3132,elm,23924.8,55725.2,4059.7,1.84,1.148
R3133,pine,25498.1,55821.7,4185.7,48.3,1.18
R3134,pine,25949,55605.3,4234.4,-18.99,1.185
R3135,poplar,26467.9,55722,4082.5,-104.03,1.227
R3136,elm,34760.1,55850.8,3639.3,-206.55,0.95
R3137,elm,41652.3,55607.2,3741.4,-88.72,1.138
R3138,poplar,50001.5,55702.5,3382.3,-9.81,0.866
R3139,pine,56141,55856.7,4234.2,25.09,1.103
R3140,pine,-59453.1,56376.2,4909.2,-160.2,0.866
R3141,poplar,-58640.6,56618,4945.1,-88.6,0.933
R3142,pine,-57952.4,56538.6,4957.8,63.65,1.204
R3143,pine,-57488.3,56318.2,4957.4,-228.78,1.137
R3144,pine,-56691.6,56654.1,5332.1,-70.21,1.158
R3145,pine,-55775.8,56793.3,4910.2,-257.13,0.853
R3146,pine,-54916.7,56316.5,4867.8,62.36,1.051
R3147,pine,-53767.7,56119,4439,84.1,0.95
R3148,elm,-53311,56547.2,4266,-193.43,0.887
R3149,poplar,-50505.4,56370.8,3728.9,-204.32,0.975
R3150,pine,-49271.9,56561.5,3892.9,-224.85,0.899
R3151,elm,-47173.7,56345.4,3715.1,33.59,1.086
R3152,elm,-43103.8,56634.9,3966.4,-247.77,0.859
R3153,pine,-42197,56232.9,3798.8,-150.07,0.893
R3154,pine,-41115.9,56752.5,3846.2,-34.92,1.047
R3155,pine,-40188,56227.8,3916.2,24.39,0.809
R3156,poplar,-38545.1,56245,4022.6,-149.65,1.244
R3157,elm,-35082.3,56253,3935.5,33.72,1.234
R3158,pine,-31713.4,56468.6,4469.8,-215.22,1.157
R3159,elm,-30587.4,56747.5,4384.6,82.21,0.986
R3160,pine,-17771.2,56776.5,4473.3,1.88,0.96
R3161,pine,-17479.1,56735.2,4558.8,-46.96,0.898
R3162,pine,-16587.6,56354.4,4864.3,-27.83,1.042
R3163,pine,-15357.8,56587.3,4870.4,-250.26,1.045
R3164,pine,-14548,56196.6,5020.2,80.23,1.225
R3165,elm,-13377.1,56167.6,4675.4,-218.77,1.156
R3166,poplar,-11510.5,56057.4,4494.2,-241.97,0.912
R3167,elm,-11161.4,56438.9,4448.5,-222.92,1.017
R3168,pine,-10163.5,56781.5,4472.6,-212.96,1.165
R3169,poplar,-9086.1,56635.7,4453,-177.4,1.183
R3170,elm,-7432.9,56228,4401.1,-192.15,0.861
R3171,pine,-5208.7,56556.9,3478.4,-219.58,0.889
R3172,pine,-4102.1,56583,3227.6,-16.13,1.208
R3173,pine,-306.4,56157,3287.6,-108.66,1.033
R3174,pine,1160.2,56158.2,3712.3,-255.81,0.864
R3175,elm,3602.3,56570,5061,71.29,1.097
R3176,elm,4393.5,56693.9,5344.2,-113.02,0.971
R3177,poplar,5518,56232.3,4686.4,-125.59,0.947
R3178,pine,6253.3,56257.5,4427.3,-18.2,0.954
R3179,elm,6544.3,56743.9,4583.5,11.16,0.899
R3180,poplar,7353.5,56736.7,4586.3,-65.19,1.158
R3181,elm,10332.2,56676.3,4019.5,-197.69,1.153
R3182,elm,16571.2,56052.2,3871.5,-258.3,1.231
R3183,pine,16957.2,56163.6,3983.8,-98.16,1.107
R3184,elm,18196.6,56460.7,4299.8,-242.94,1.126
R3185,pine,19079.9,56218.7,4347.4,1.61,1.25
R3186,poplar,19735.7,56393.9,4261.2,80.78,1.102
R3187,elm,20630.8,56472.4,4201,-25.27,0.836
R3188,poplar,21901.4,56267.6,4195.5,-41.34,0.864
R3189,elm,22848.5,56657.8,4267.7,-199.41,1.238
R3190,pine,24305.1,56349.3,4077,-227.94,1.198
R3191,elm,25559.9,56636.8,4216.1,-166.08,0.861
R3192,pine,25936.3,56663.4,4141,-217.68,1.18
R3193,pine,28051.2,56621.2,4076,5.77,0.923
R3194,elm,29409.5,56705.6,3959.9,-218.33,1.031
R3195,pine,31002.4,56497.3,4258.9,-120.35,1.21
R3196,elm,31891.4,56792,4063,-0.7,0.94
R3197,elm,44162.9,56376.7,3844.7,-12.01,1.1
R3198,elm,45842.1,56671,3878.4,36.58,1.026
R3199,pine,48071,56246.9,3989.5,-121.02,1.111
R3200,elm,56260.5,56173.5,4332.5,-132.09,0.876
R3201,pine,58513.5,56559.4,4764.7,-11.14,1.176
R3202,poplar,-59107.7,56894.1,4964,-112.85,0.903
R3203,elm,-57607.1,57581.4,5376.9,-23.7,0.89
R3204,pine,-57534.2,57464.5,5352.2,37.15,0.823
R3205,poplar,-56699.7,57032.9,5134.3,-139.57,1.206
R3206,pine,-55483.2,57006.1,4865.4,-88.54,1.03
R3207,elm,-54803.9,57363.4,4580.4,69.82,1.054
R3208,elm,-53659.9,57073.3,4534.5,-10.24,1.025
R3209,elm,-53591.4,57241,4505.9,-34.95,1.214
R3210,pine,-52555.4,57570.9,3966.2,-5.14,0.919
R3211,pine,-46944.7,56879.1,3792.4,-113.82,0.928
R3212,elm,-45646.2,56935.3,3962.7,-25.02,0.804
R3213,pine,-45468.5,57146.4,3969.2,1.72,0.837
R3214,pine,-43752.9,57443.8,4132.9,-91.08,0.923
R3215,pine,-42570.4,56830.3,3962.5,65.63,1.093
R3216,pine,-40793.8,56953.1,3893,-83.59,1.04
R3217,elm,-39315.4,57511.8,4281,-43.04,1.001
R3218,elm,-39177.5,56828.7,4196.1,-146.72,0.828
R3219,pine,-37187,56938.2,4148.8,-258.4,0.944
R3220,poplar,-36566.1,57263.5,4233,-149.95,1.138
R3221,poplar,-35837,57360.4,4348,66.45,1
R3222,poplar,-34712.3,56887.9,4271.5,-170.93,0.834
R3223,elm,-34018.7,56907.1,4287.4,-226.67,0.916
R3224,pine,-33387.8,57516.5,4355,79.23,1.22
R3225,elm,-32302.3,57391.8,4712.2,-11.09,0.813
R3226,elm,-31470.9,56869.2,4485.4,-183.17,1.17
R3227,poplar,-29970.3,57535.9,4818,-62.67,1.22
R3228,pine,-28435.2,57495.9,4754.6,-147.01,1.076
R3229,elm,-27357.6,57457.6,4641.9,-232.76,0.973
R3230,elm,-20022.6,56834.8,4223.8,-85.86,1.156
R3231,pine,-19451.6,57130.6,4092.6,37.77,1.196
R3232,pine,-17836.2,56975.8,4422.6,-30.39,0.889
R3233,elm,-16959.5,57017.3,4757.9,-210.07,0.885
R3234,elm,-16218.8,56817.9,4835.3,14.28,1.069
R3235,poplar,-15936,56933.6,4790.9,-186.98,0.993
R3236,elm,-14613.1,57550.4,4948,57.1,1.246
R3237,elm,-14010.4,57457.2,4923.3,-96.77,1.199
R3238,pine,-12524.6,56852.7,4666.3,-239.63,1.165
R3239,pine,-11458.9,57360.1,4485.8,-215.3,1.175
R3240,pine,-11043.3,57083.5,4416.1,-127.75,1.2
R3241,elm,-10103.8,56950.1,4470.1,-116.24,1.151
R3242,pine,-8221.6,57052.3,4493.8,-39,0.881
R3243,pine,-6970,57179.4,4839.4,52.31,1.136
R3244,pine,-5804.6,57411.1,4328.1,78.96,1.093
R3245,pine,-4263.4,57504.6,3747.1,22.09,1.23
R3246,pine,611.9,56804.1,3702,84.22,0.996
R3247,elm,1202.7,56910.9,3804.4,47.67,0.851
R3248,elm,1947.4,57214,4085.6,-33.35,1.152
R3249,pine,2808.7,57171.8,4588.8,-219.26,1.035
R3250,elm,3566.3,57398,5123.6,49.77,1.093
R3251,pine,4036.9,57539.4,5285.7,-248.75,1.152
R3252,elm,5179.3,57288.7,4997.8,-51.17,1.008
R3253,pine,6236.8,56808.8,4723.7,20.87,0.951
R3254,elm,7003.3,57022.2,4650.6,12.81,0.886
R3255,pine,7504.2,57378.4,4907.2,-257.79,1.063
R3256,elm,8061.4,56985.1,4532,37.34,0.946
R3257,elm,8943.3,56817.4,4426.8,-181.12,1.017
R3258,pine,10032.7,57390.5,4261.1,-32,1.153
R3259,elm,11983.7,57562.9,4150.6,74.61,0.823
R3260,pine,12728.9,57448.8,4296.5,-136.61,0.894
R3261,pine,14780.2,57295.1,3806.3,-42.72,1.221
R3262,pine,15934.1,56814.1,3934.3,-121.28,1.134
R3263,poplar,16569.5,57552.2,4211.3,18.91,0.968
R3264,pine,18298.9,56813.9,4404.1,-151.23,1.005
R3265,pine,19110.9,56876.1,4295.7,89.42,1.106
R3266,pine,20226.4,56999.7,4208.9,-216.53,0.858
R3267,pine,20937.9,57525.2,4256,-100.02,0.887
R3268,poplar,23156.6,57151.2,4230.8,-187.78,0.838
R3269,pine,23964.9,57211,4026.7,-110.84,1.19
R3270,elm,24184.8,57543,4039.2,42.98,0.973
R3271,pine,25455.8,57138.4,4229.1,13.75,1.166
R3272,pine,26234.4,57485.4,4317.2,-232.29,0.982
R3273,elm,26700,57545.3,4180.2,41.03,1.227
R3274,pine,28012.4,57081.5,3997.9,-83.14,1.038
R3275,pine,30749.4,56872.3,4121.8,-149.5,0.979
R3276,pine,32798.5,57027.9,3794.9,39.86,0.974
R3277,pine,37200.6,56862.1,3575,21.39,1.182
R3278,pine,38197.8,57529.6,3737.1,84.87,1.224
R3279,poplar,38681.3,57302.2,3581.5,-104.36,1.23
R3280,poplar,42631,57319.7,3756,82.93,1.223
R3281,elm,43209.9,56922.4,3742.6,-172.78,0.827
R3282,pine,45831.2,57087.6,3967.6,21.98,0.85
R3283,poplar,48664.8,57096.3,4279.8,62.61,1.024
R3284,elm,49838.2,57262.5,3833.6,-132.86,0.825
R3285,pine,51575,56890.2,3285.4,-172.1,0.99
R3286,pine,56247,57335.8,4571.1,-48.53,1.229
R3287,poplar,56896.2,57474.1,4737.2,40.39,0.932
R3288,poplar,57764.1,57140.2,4750.5,-242.3,0.831
R3289,poplar,58598,57416.1,4854.7,-139.78,1.154
R3290,poplar,59575.2,57427.8,4917.2,-47.33,1.125
R3291,elm,-58972.1,57757.2,5257.7,-228.64,0.862
R3292,elm,-58360.8,58369.5,5313.3,-127.73,1.144
R3293,elm,-57575.8,57895.1,5225.5,75.19,1.216
R3294,elm,-55459,58399.2,4553.9,-148.22,1.04
R3295,pine,-55169.7,57729.6,4563.5,-154.07,1.032
R3296,poplar,-54325.2,57745.1,4626.4,16.94,1.225
R3297,elm,-53426.7,57650.1,4362.8,34.12,1.095
R3298,elm,-52627.7,57804.2,3969.5,-29.19,0.877
R3299,pine,-50662.6,57673,3894.9,-9.82,0.887
R3300,pine,-48019.8,58257.6,4063,-156.94,1.08
R3301,elm,-47562.8,58273.3,4162.9,-66.87,1.223
R3302,pine,-44974.8,57681.2,4111.4,-253.31,0.877
R3303,elm,-44627.8,57883.4,4133.2,-22.23,1.206
R3304,elm,-43322.3,58205.1,4417.6,-200.9,1.135
R3305,pine,-43188.9,58201.4,4446.4,-253.6,1.118
R3306,pine,-41944.1,57682.8,4078.5,-170.32,0.968
R3307,pine,-40935.8,57690.1,4044.1,-225.75,0.89
R3308,pine,-39425.1,57865.7,4347,-240.23,1.059
R3309,pine,-38863.6,58193.3,4329.1,-140.91,1.125
R3310,elm,-37141.3,57970.8,4496.4,-151.45,1.059
R3311,pine,-36778.2,58035.6,4557.8,-97.13,1.207
R3312,elm,-35605.7,58005.2,4494.8,-159.63,0.834
R3313,elm,-33389.9,57623,4373.2,-268.4,1.127
R3314,pine,-32280.6,58100.2,4628.9,-269.37,1.083
R3315,pine,-31368.7,57825.5,4755.1,-243.6,1.136
R3316,pine,-31100.4,57973.3,4799.9,-62.78,1.103
R3317,pine,-29152.4,58105.3,5110.2,19.69,0.871
R3318,elm,-18145.8,57952.8,4421.7,-132.48,0.97
R3319,elm,-17226.4,57940.1,4806.9,-82.37,0.941
R3320,elm,-16667.9,58105.4,4904.4,-234.81,0.823
R3321,elm,-15642.1,58257.2,4842.5,-102.1,1.233
R3322,poplar,-14857.2,58033.1,4820.8,56.89,1.246
R3323,elm,-14230.5,57629.4,4968.8,73.82,1.167
R3324,pine,-12996.6,57645.5,4819.1,-238.85,1.179
R3325,pine,-12033.1,57880.3,4669.3,-196.5,1.02
R3326,elm,-11345.2,57755.5,4560.2,-89.68,1.014
R3327,pine,-9382.1,57803.2,4312.7,9.02,1.009
R3328,elm,-8534.4,58247,4223.6,2.34,1.177
R3329,poplar,-7326.8,57909,4425.3,-32.53,1.038
R3330,pine,-6887.3,58302.5,4480.6,-220.63,1.084
R3331,elm,818,57965.4,3740.7,-231.25,0.825
R3332,pine,1663.7,58284.1,4284.4,-82.06,1.226
R3333,pine,2940.7,57932.1,4809.4,-27.21,0.877
R3334,elm,3324.5,57765.9,5026.4,-202.93,0.964
R3335,elm,4398.6,58199,5056,-76.94,1.244
R3336,pine,5288.4,58083.2,4791.5,68.53,0.972
R3337,pine,5995.7,58138.2,4611.8,11.47,0.936
R3338,elm,6612.6,58031.4,4636.3,-233.38,0.901
R3339,pine,7437.8,57876.5,4771.8,-25.55,0.946
R3340,elm,8315.4,57962.4,4422.7,-143.86,0.851
R3341,pine,8857.8,58354,4261.1,-184.5,1.236
R3342,elm,10082.8,58129.5,4337,-262.29,0.814
R3343,pine,11128.6,58176.5,4219.9,-205.24,1.06
R3344,pine,11951.6,57969.4,4235.8,-127.05,1.202
R3345,pine,12568.1,57882,4416.4,84.55,1.094
R3346,elm,14394.1,57856.6,4052.5,25.57,0.819
R3347,pine,14628.8,57645.9,3997,-69.05,1.247
R3348,pine,15343.9,57998,4219.4,-203.72,0.844
R3349,pine,16122.3,58156.3,4357.9,74.59,1.231
R3350,elm,17156.7,57642.7,4442.1,-249.63,0.925
R3351,pine,17955.9,57666,4580.2,67.18,0.971
R3352,poplar,18599.8,58374.2,4739.2,-190.05,1.198
R3353,elm,19844.2,57860.3,4483.3,-125.21,1.244
R3354,elm,20688.7,58073.3,4442.7,72.32,1.197
R3355,poplar,21151.5,57728,4234.7,-196.71,1.071
R3356,poplar,23047.9,57788.1,4226.1,61.91,0.961
R3357,elm,23990.5,58042.6,4172.1,16.35,0.877
R3358,elm,24951.6,58300.5,4246.7,-162.64,0.938
R3359,elm,26224.1,57768,4315,-119.1,1.216
R3360,elm,27714.2,58109.6,3850.7,-97.73,0.811
R3361,poplar,28033.8,57635.7,3914.9,36.45,0.947
R3362,elm,29869.1,57865.3,4099.9,-57.35,1.062
R3363,pine,32049.7,57913.7,3988.4,-209.87,1
R3364,elm,32855.9,57894.3,3727.7,-203.17,0.941
R3365,pine,35199.6,57653.2,3503.3,-136.53,1.043
R3366,pine,39845.4,58279.2,3937.9,-174.64,1.079
R3367,pine,46127.4,57923.6,4275.8,-140.99,0.905
R3368,pine,47824.4,58382.8,4272.2,-56.07,0.866
R3369,elm,48283.6,58349.5,4168.9,-24.02,0.995
R3370,pine,49228.7,58177.9,4022.9,-117.38,0.877
R3371,pine,55641.2,58102.3,4254.1,-95.28,1.108
R3372,poplar,56490.1,57614.1,4583.9,-35.93,1.164
R3373,pine,57268.1,58146.2,4922.6,-161.88,1.153
R3374,pine,57766.2,57709,4971.3,-63.7,0.838
R3375,elm,58966.9,58240.2,5253.2,-155.81,1.043
R3376,elm,59218.7,57731.9,5084.6,53.78,0.849
R3377,pine,-59365.5,59007.4,5331.8,38.64,0.877
R3378,elm,-58937.8,58524.4,5220.8,53.1,0.823
R3379,pine,-58187.4,59080.5,5389.2,-23.09,1.016
R3380,pine,-56619.4,59078.9,4811.5,-224.21,1.058
R3381,pine,-55604.9,58882.6,4574.7,-157.41,1.153
R3382,pine,-54705.4,58634.5,4534.6,-259.42,1.103
R3383,elm,-54333.2,58756.1,4375,88.37,1.212
R3384,elm,-50011.3,58765.3,3778.8,-232.67,1.066
R3385,pine,-48568.9,58736.3,4023.9,-217.66,1.021
R3386,pine,-46036.7,58566.2,4284.6,-77.38,1.069
R3387,pine,-44036.8,59198.2,4346.6,9.01,1.037
R3388,elm,-43591.1,58704.8,4438,-56.87,1.089
R3389,pine,-42755.6,58450.4,4412.6,-139.63,1.116
R3390,poplar,-41712.8,58626.5,4459.8,-258.12,0.893
R3391,elm,-40826.1,58637,4435.1,-179.63,1.157
R3392,pine,-40077.7,58508.4,4489.8,-147.13,1.106
R3393,elm,-39768.7,58688.3,4487.7,-234.1,1.213
R3394,poplar,-38971.5,58780.6,4381.9,-189.55,0.994
R3395,pine,-37670,59193.3,4434.8,-110.07,1.248
R3396,pine,-37049.2,58401.2,4610.7,-50.2,1.1
R3397,elm,-36324.2,58634.4,4670.2,-33.09,1.044
R3398,pine,-35633.3,58476.6,4508.7,-77.5,0.817
R3399,pine,-34920.2,58809.2,4330.1,-263.76,0.846
R3400,pine,-34224.6,58742,4266.2,-190.49,1.214
R3401,pine,-32896.6,58966.6,4493.4,-168,1.156
R3402,poplar,-32475.4,58566.4,4581.8,-42.88,0.931
R3403,pine,-31395.8,58786.6,4764,-262.31,1.22
R3404,pine,-30996.5,59073.9,4874.1,-125.86,0.918
R3405,pine,-29862.5,58790.9,5244.7,-261.71,1.033
R3406,elm,-29371.5,58530.5,5251.3,-40.7,1.104
R3407,pine,-28684.8,58598.2,5094.4,-120.61,1.025
R3408,pine,-19794.9,58961.3,4214.7,-130.28,0.864
R3409,pine,-17693.2,59065,4429.1,38.45,1.239
R3410,pine,-16580.6,59194.9,4923.9,-150.32,1.226
R3411,elm,-15881.3,58985.5,5021.8,-159.88,1.049
R3412,pine,-15133.3,58758.8,4810.5,5.48,0.859
R3413,poplar,-13955.3,58552.4,4866,-204.85,1.24
R3414,pine,-13275.5,58479,4823.3,-41.5,0.938
R3415,elm,-12712.5,58590.6,4734.5,-154.78,1.164
R3416,elm,-11621.7,58543.6,4676.5,-3.2,1.03
R3417,pine,-10595.3,59066.7,4282,-213.76,1.052
R3418,elm,-9980.1,58519.1,4252.8,-206.75,1.219
R3419,pine,-8187.5,59109.7,4103.9,79.39,1.078
R3420,pine,-6863.5,59168.6,4452.5,-64.79,1.143
R3421,pine,-5430.4,58490.4,4557.5,-212.14,1.046
R3422,elm,-4375.6,58787.6,4356.8,-135.71,0.958
R3423,pine,-3109.7,59166.3,4336.7,-241.14,1.065
R3424,elm,-1449.9,58518.7,4009.3,-228.03,1.125
R3425,pine,425.8,58865,4023.6,-196.87,0.872
R3426,elm,3601.9,58690.1,5138,-28.79,1.006
R3427,elm,4719.5,58804.2,4981,-35.12,0.996
R3428,pine,5460.7,58899.6,4746.2,-219.88,0.897
R3429,elm,6251.1,58519.1,4543.5,39.2,0.951
R3430,pine,6504.3,58430.1,4554.8,-78.9,0.83
R3431,elm,7231.3,58680.5,4524.5,-45.64,1.163
R3432,poplar,8113.2,58435.3,4356.4,-54.43,1.172
R3433,elm,10221.2,58987.9,4252,-148.82,1.229
R3434,poplar,10413,58811.4,4311,17.76,0.955
R3435,elm,11982.1,58969.4,4320,-216.33,1.237
R3436,elm,13004.9,59094.5,4340.7,-190.82,0.869
R3437,poplar,13740.4,59053.8,4478.7,-73.45,1.108
R3438,pine,14700,58809.5,4423.4,-250.64,1.092
R3439,elm,15534.5,58604.5,4411.3,-140.95,1.18
R3440,pine,16123.6,59045.5,4565.3,11.02,1.201
R3441,elm,16829,59067.4,4675.4,-161.79,0.833
R3442,elm,18395.5,58699.7,4854.1,-203.47,0.877
R3443,pine,18471.3,58620.1,4827,-0.31,1.199
R3444,pine,19968.5,58985.7,4961.6,-32.82,1.046
R3445,pine,20534,58978.9,4851.5,-124.66,0.88
R3446,elm,21401.4,58706.8,4550.7,-155.66,1.105
R3447,pine,21788.6,58950.1,4646.3,-147.37,1.165
R3448,pine,22541.8,59005.9,4448.7,-61.1,1.241
R3449,elm,23960.9,58709.8,4269.2,-164,1.236
R3450,elm,24272.1,58563.4,4247.8,-50.66,0.947
R3451,pine,25003.5,59081.6,4468.8,-256.89,1.078
R3452,elm,26014.1,58950.8,4193.8,74.24,1.111
R3453,pine,28936.9,58576.4,4017.2,-142.3,1.02
R3454,poplar,31206.7,58483.6,4229.8,75.7,1.027
R3455,pine,33527,58654.3,3516.2,37.23,0.819
R3456,elm,34144.6,58932.4,3446.6,15.85,1.158
R3457,pine,38491.1,58864.7,3850.1,40.88,1.206
R3458,elm,40000.5,58596.3,3994.7,72.36,1.043
R3459,elm,41648.2,59184.9,3754,-212.01,0.961
R3460,elm,45325.4,58630.9,3959,64.69,1.093
R3461,pine,46022.7,59019,4167.3,-89.27,1.037
R3462,elm,46749.6,58517.7,4326.1,-84.55,0.974
R3463,poplar,54138.3,58605.2,4022.2,65.99,1.047
R3464,elm,55010.7,59112.6,4232.6,-97.93,1.224
R3465,poplar,56250.6,58934.5,4480.5,-173.79,1.055
R3466,elm,57365.1,59115.9,5062.7,31.35,1.052
R3467,elm,57710.9,58729.7,5097,-55.68,0.996
R3468,poplar,58982.7,58604.5,5540.5,-192.13,1.199
R3469,elm,59537,59185.4,5826,-227.61,1.182
R3470,elm,-59338.5,59513,5360.4,67.71,0.834
R3471,pine,-56489,59578.7,4946.5,-154.29,1.192
R3472,pine,-54206.6,59252.2,4380.1,-56.21,1.041
R3473,poplar,-52713.3,59473.6,4189.3,58.63,1.096
R3474,elm,-51718.5,59477.8,3992.6,-249.96,1.004
R3475,pine,-48735.4,59365.5,3861.7,-150.77,1.166
R3476,pine,-47200.9,59572.5,4093.5,-260.58,1.239
R3477,pine,-45917.3,59496.1,4204.8,-22.61,1.205
R3478,elm,-43131.7,59312.4,4442.5,-133.4,0.947
R3479,pine,-39134.8,59311.1,4360.5,-24.09,1.164
R3480,poplar,-37166.5,59255.5,4492.6,-132.43,1.108
R3481,poplar,-36515,59479,4579.6,4.61,0.993
R3482,pine,-35284.7,59452.7,4458.5,16.14,1.113
R3483,pine,-33703.9,59546.3,4422.9,-38.66,1.209
R3484,poplar,-33343.9,59585.3,4456,-261.28,0.812
R3485,pine,-32527,59541.7,4557.9,10.46,0.865
R3486,elm,-31801.6,59262.5,4600.1,-196.19,1.127
R3487,pine,-30873.2,59278.7,4924,57.36,0.819
R3488,pine,-19144.4,59567.1,4279.4,-134.64,0.884
R3489,poplar,-12579.1,59346.3,4518.5,-58.86,1.104
R3490,elm,-6634.2,59239.6,4514.9,-6.51,1.002
R3491,pine,-5625,59213.4,4746.2,-12.08,1.151
R3492,poplar,-751.8,59463.7,4325.2,-19.11,1.031
R3493,pine,2236.3,59599.6,5011.8,59.49,0.947
R3494,elm,5428.3,59369.3,4757.7,87.86,1.201
R3495,pine,8058.5,59574.2,4377.6,-119.48,1.106
R3496,pine,12341.8,59260.7,4299.6,-146.42,1.092
R3497,elm,15328.3,59278.7,4425.4,23.6,1.027
R3498,poplar,17155.8,59586,4818.2,-162.75,1.228
R3499,pine,19050.2,59461.1,5027.5,88.39,0.827
R3500,pine,19478.8,59289.5,4959.3,-19.06,1.111
R3501,pine,23966.9,59571.4,4428.2,-125.8,1.198
R3502,poplar,24092,59580.1,4434.4,-2.56,0.855
R3503,elm,25501.5,59309.6,4348,-179.78,1.008
R3504,pine,28514.7,59358.8,3922.3,30.88,0.826
R3505,poplar,29044.2,59526.5,3976.9,-34.18,0.824
R3506,pine,32060.2,59328.1,3892.4,45.73,1.09
R3507,pine,38949,59203.8,3814.4,-130.49,1.247
R3508,pine,47155.7,59311.2,4174.5,-169.35,0.852
R3509,poplar,56470.5,59551.6,4804.6,-179.06,1.03
R3510,poplar,-37591.7,-59595.5,5419.3,84.46,1.059
R3511,pine,-31177.2,-57436.6,6706.2,-19.39,1.096
R3512,poplar,-26794.5,-58000.5,5355.5,-157.92,0.822
R3513,elm,-18877,-59391,5319.1,-67.53,0.842
R3514,pine,-4022.6,-58688.7,5649.8,35.73,0.909
R3515,pine,29609.3,-58513.1,7558.2,-55.85,0.936
R3516,pine,35004.8,-59353.3,5820.5,46.54,1.034
R3517,poplar,36793.5,-57557.9,5639.5,-64.99,0.838
R3518,pine,-48331.5,-56371.2,7300.4,-261.68,1.109
R3519,elm,-38045.2,-56280,5786.6,-123.08,0.859
R3520,poplar,-27500.3,-56772.6,4899.2,-58.29,1.11
R3521,pine,-11689.3,-56774.8,5191.4,-83.96,1.062
R3522,elm,-4911.7,-55760.2,5880.5,-181.86,0.868
R3523,elm,4859.1,-55330.3,4984.9,47.76,1.05
R3524,pine,25182.5,-54918.4,5746.8,15.76,0.886
R3525,elm,-59045.2,-53764.1,5882.4,-170.34,0.902
R3526,pine,-48264.2,-54415.3,7271.4,26.87,1.129
R3527,pine,-37630.6,-54796.7,6018.4,-223.9,0.864
R3528,pine,-35523.7,-53673.5,6494.4,-157.49,0.949
R3529,elm,-7720.5,-54232.1,4971.2,45.63,0.969
R3530,poplar,29220.8,-54389.5,5695.3,-219.44,1.141
R3531,jujube,35082,-53848.6,4853.3,-118.87,1.045
R3532,elm,38583,-54643.6,4912.8,-257.34,0.912
R3533,elm,39045.9,-52774.8,4732.7,-160.22,0.848
R3534,jujube,43989.4,-53320.2,4011.2,-252.55,0.868
R3535,jujube,53177.3,-53683,5024.5,-243.27,1.067
R3536,poplar,54789.5,-53093.4,5247.2,-53.25,1.117
R3537,pine,-57795,-51422.6,6037,-207.78,0.839
R3538,elm,-55642.2,-52163.5,5780.1,-201.91,1.141
R3539,jujube,-48131.6,-50219.4,5583.1,-251.95,0.866
R3540,pine,-42846.6,-51718.1,6184.5,64.9,0.972
R3541,pine,-35531.4,-52034.3,6290.1,-254.66,1.149
R3542,jujube,-2563.3,-50676.4,3804.7,75.98,1.079
R3543,poplar,1784.7,-51160.7,4104.5,-170.69,0.948
R3544,elm,4387.1,-50749.5,4371.2,-108.94,1.013
R3545,poplar,10441.2,-50194,3995.1,-24,1.064
R3546,poplar,34141.2,-49991.6,4200.8,54.77,0.882
R3547,pine,37906.7,-51446.8,4028,-215.16,1.122
R3548,elm,39943.5,-50044,4422.7,-207.53,0.946
R3549,jujube,52934,-51561.7,5321.3,-16.93,0.887
R3550,poplar,-52402.3,-48002.9,5666.3,-144.67,1.098
R3551,jujube,-19875,-48786.8,4106.9,-1.75,0.851
R3552,poplar,-13687.6,-49598.3,4529.1,-268.77,0.824
R3553,pine,-11847.9,-48052.5,3470.4,-226.17,1
R3554,pine,-7070.2,-48636.2,3202.1,-250.13,0.988
R3555,poplar,16742,-49358.7,3505.5,-197.39,1.116
R3556,poplar,23041.8,-47428.8,4175,-59.59,0.919
R3557,poplar,24022.6,-48418.2,4021,-112.36,0.842
R3558,pine,27235.1,-49381.5,4374.6,-11.02,0.83
R3559,poplar,32918.4,-47774.6,3413,-27,1.059
R3560,pine,46945,-49352.3,3957,-146.35,0.813
R3561,poplar,-58049.4,-46877.3,5799.9,33.88,1.06
R3562,elm,-28495.7,-45059,3056.2,41.02,1.122
R3563,jujube,-16911.6,-44708,2264.4,-30.98,1.139
R3564,poplar,-15326.6,-46165.7,2606.3,-177.5,0.962
R3565,poplar,-1951.7,-46486.5,2898.8,-235.41,1.099
R3566,jujube,1302.6,-46809.3,2880.7,-20.11,0.968
R3567,poplar,6485.4,-44495.8,2661.8,24.88,1.082
R3568,poplar,9065.9,-46262.6,2933.6,-64.31,1.15
R3569,pine,39862.1,-45896.6,3070.2,-269.57,0.906
R3570,pine,43622.3,-44951.1,3248,88.61,0.871
R3571,elm,57503,-45907,4564.3,-137.33,0.961
R3572,elm,-58132.6,-42058.7,5352.4,-54.54,0.994
R3573,pine,-49439.8,-42243.7,6933.1,-163.44,1.059
R3574,poplar,-46294.4,-44387.5,5422.6,-240.44,1.07
R3575,jujube,-38054.5,-44061.9,3805.2,-141.82,0.92
R3576,elm,-19049.7,-42285.1,1536,-112.49,1.094
R3577,poplar,-4628.8,-42907.1,1923,-215.97,1.011
R3578,elm,49347.5,-42880.6,2670.6,-110.83,1.045
R3579,elm,52765,-41872.1,4014.2,-114.79,1.032
R3580,pine,57673.2,-42407.3,6101,13.53,1.118
R3581,pine,-55269.1,-39277.5,6793.4,-222.55,1.056
R3582,pine,-54018.3,-41303.9,7972.4,-65.05,0.846
R3583,pine,-31505.6,-39528,1524.7,-124.54,1.012
R3584,poplar,-23238.9,-41022.4,1620,45.54,1.113
R3585,elm,6279.2,-40501.7,1976.3,61.22,0.909
R3586,pine,10531.4,-39390.8,1721.8,-155.62,0.821
R3587,pine,23337.5,-41104.6,2044.3,-20.15,0.968
R3588,jujube,49533.6,-39504.4,2253.9,-32.58,0.943
R3589,poplar,52600.4,-39965.8,3529.6,65.61,0.998
R3590,pine,-52067.7,-38658,7880.1,61.29,1.136
R3591,elm,-35510.7,-36924.6,1925.1,-160.16,1.026
R3592,poplar,-33905.9,-39051.9,1644.4,-98.13,1.043
R3593,pine,-25760.1,-39040.7,1445.8,32.25,0.983
R3594,pine,-18654.9,-36889.2,978.5,57.25,1.141
R3595,elm,-15489.7,-39148.1,1549.9,-60.93,1.135
R3596,pine,2083.5,-37119,1425.3,29.82,0.853
R3597,pine,3669.7,-38897.6,1817,-165.3,1.081
R3598,jujube,9510.9,-37214.5,1312.9,-202.11,0.941
R3599,poplar,10992.5,-36828.9,1420.2,-212.08,1.023
R3600,elm,13985.9,-38875.3,2118.5,-263.64,0.832
R3601,pine,20349.3,-38482.3,1497.9,-224.74,0.835
R3602,elm,30408.1,-37074.4,1322.3,-250.95,1.044
R3603,pine,34302.1,-36673.1,1567.8,-217.71,0.81
R3604,pine,38881.7,-38718.8,1760.7,-58.97,1.142
R3605,poplar,46231.2,-37311.7,1939.1,-158.18,0.812
R3606,pine,49193.2,-37526.9,2284,-82.21,0.816
R3607,jujube,58703.3,-38263.4,4777.2,-39.41,0.97
R3608,poplar,-38026.6,-36576.1,2466.1,58.82,1.148
R3609,elm,-21202.5,-35401.3,1147.1,62,0.979
R3610,poplar,7973.8,-35873.5,1192,84.14,1.018
R3611,elm,41240.5,-34702.5,1527.3,-125.52,0.882
R3612,poplar,50908.9,-36102.5,2986.3,-29.34,0.851
R3613,jujube,-49947.3,-32854.4,4982.6,-134.7,1.023
R3614,pine,-41466.5,-33233.5,2744,80.16,1.13
R3615,poplar,-34827.9,-33196,1769.9,-87.54,0.924
R3616,poplar,31012.5,-33990.6,995.5,-47.78,0.803
R3617,elm,-17842.8,-30387.2,1032.8,-138.87,0.917
R3618,elm,17016.9,-28990.4,1138.7,-219.54,1.131
R3619,poplar,22282.8,-30469.1,1094.9,-261.54,0.895
R3620,elm,44386.6,-29627.4,1037.6,69.65,0.962
R3621,pine,49848.7,-31370.5,2826.3,-105.6,0.997
R3622,poplar,-44159.7,-27906.1,2579.4,-55.8,0.822
R3623,pine,-22451.7,-28308.6,1491.1,-113.56,1.149
R3624,jujube,-19396.9,-27228.6,1373.3,-151.57,1.083
R3625,poplar,-16771.3,-28661.4,1241.3,27.84,0.95
R3626,elm,-14963.3,-26881.8,1179.2,-176.8,0.95
R3627,pine,-58717,-24611.4,4424.3,50.96,1.041
R3628,jujube,-49183,-24430.3,4184.5,6.34,0.965
R3629,elm,-42278.7,-24465.6,2183.3,2.19,0.958
R3630,poplar,-36879.9,-25408.7,1863.1,-100.75,0.886
R3631,poplar,-24820.3,-25067.5,1617.6,89.8,1.12
R3632,elm,-6204.2,-24643.3,1083.7,65.3,0.9
R3633,poplar,2880.7,-25884.1,1357.6,-212.27,1.008
R3634,jujube,16274.2,-25928.1,1367.7,-77.83,1.088
R3635,elm,47461.1,-24073.1,1096.8,-38.22,0.924
R3636,poplar,49546.7,-24821.6,914.5,-229.82,1.06
R3637,poplar,-49546.1,-21699.9,3466.1,-5.15,0.998
R3638,jujube,-39768.4,-21723.4,1859.5,-82.26,0.852
R3639,elm,-17235.1,-22173.9,1251.6,-235.28,0.881
R3640,poplar,-5284.1,-22779.2,1126.2,-146.49,0.929
R3641,poplar,-2162.7,-22638.5,1143.9,12.64,1.046
R3642,pine,2988.7,-22496.1,1220.5,-192.88,0.856
R3643,jujube,12695,-21024.3,1237.7,-111.31,0.839
R3644,elm,29333.9,-23437.3,1364.8,58.84,1.025
R3645,poplar,33276.1,-23569.8,912.6,-174.65,0.842
R3646,jujube,33959.2,-23262.7,982.3,-78.44,0.963
R3647,elm,43156.5,-22853.1,1035,-61.8,0.992
R3648,elm,53902.5,-22072,3523.4,-152.59,1.148
R3649,jujube,-47257.2,-19984.7,2766.8,60.88,0.952
R3650,pine,-44378,-18689.2,2080,-249.42,0.98
R3651,jujube,-40746.2,-19504.3,1819.5,-253.48,0.871
R3652,poplar,-14511.5,-18443.8,1121.1,-20.58,0.849
R3653,pine,14803.8,-19491.6,1225.4,-235.86,1.058
R3654,poplar,23710.5,-19453.1,1384.1,-36.77,1.144
R3655,elm,26571,-18539.6,1386.8,-215.23,1.075
R3656,pine,32927.8,-20911.7,1143.2,-249.66,0.822
R3657,elm,41586.8,-20914.9,1318,-189.92,0.969
R3658,poplar,52676.1,-19078.2,3594.8,-23.41,1.133
R3659,poplar,-40751.7,-16304.1,1838.7,0.86,1.059
R3660,elm,-36384.2,-16829.1,1597.4,-169.66,0.892
R3661,poplar,-30438.7,-16491,1752.1,63.91,1.072
R3662,poplar,58349,-17219.7,4478.2,17.11,0.867
R3663,elm,-59019.5,-13412,5241,2.51,1.007
R3664,pine,-52249.3,-14733.9,4198.6,-129.37,0.831
R3665,poplar,-49012.1,-14046.9,3087.3,6.34,1.097
R3666,elm,-33713.4,-15082,1581,-248.63,0.992
R3667,jujube,-24749.9,-14158.2,1600.5,61.25,1.071
R3668,poplar,39323.2,-14169,1458.8,-264,1.053
R3669,elm,56779.9,-13611.6,3863.1,-194.46,0.974
R3670,elm,57898.2,-14330,4301.6,-162.81,1.086
R3671,poplar,-57406.5,-12143.5,5083.9,-69.47,0.811
R3672,poplar,-53180.1,-10718.2,4551.9,-205.66,1.081
R3673,jujube,-49891.3,-11096.5,4012.7,-140.41,1.122
R3674,jujube,-39114.8,-12374.5,1578.8,-100.43,0.906
R3675,poplar,-27933,-12011.8,1561.9,54.27,0.857
R3676,elm,28035,-11002.1,1293.8,-199.29,0.857
R3677,pine,50954.7,-12673.2,2655,-214.72,1.041
R3678,elm,-54528.7,-8833.9,4785.9,33.24,0.817
R3679,elm,-40478.4,-9596.5,1724.3,-192.23,1.111
R3680,elm,-36378,-10441.3,1585.3,-206.72,0.998
R3681,elm,-24696.3,-10293.5,1629.2,-40.08,0.812
R3682,poplar,-23045.1,-8128.7,1620.9,-100.6,1.085
R3683,elm,15527.2,-8447.1,1242.6,-134.56,0.885
R3684,poplar,37582.9,-10036.3,1539.7,-115,1.071
R3685,elm,41405.5,-8575.6,1337.7,79.29,1.015
R3686,elm,46125.3,-9972.3,1503.9,-2.74,0.977
R3687,elm,47616.7,-8172.5,1944.1,12.34,1.127
R3688,pine,55362.7,-8494.2,3299.9,44.09,0.86
R3689,poplar,58405.3,-8543.1,4465,-14.13,0.847
R3690,elm,-50817.4,-6290.4,3704.8,54.71,0.994
R3691,jujube,-17776.6,-7002.7,1480.6,82.95,1.028
R3692,poplar,15682.8,-7744.3,1288.7,66.55,0.885
R3693,poplar,18608.1,-5429.9,1384.8,-75.23,0.882
R3694,pine,22278.2,-5709.1,1469.2,-243.4,1.07
R3695,poplar,27894.1,-5578.9,1479.7,-222.15,0.964
R3696,elm,29179.9,-5738.5,1591.4,-260.78,0.874
R3697,elm,40621.5,-7122.9,1296.3,-48.56,1.106
R3698,pine,42253.5,-6509.1,1202.1,-216.74,0.915
R3699,elm,46182.4,-7475.9,1473.9,-92.21,0.972
R3700,elm,47422.4,-6544.2,1730.1,-161.75,0.849
R3701,elm,57410.2,-7448.6,4064.6,-165.39,0.995
R3702,poplar,-51185.4,-4393.9,3503.1,-128.39,1.022
R3703,poplar,-19626.3,-3240.1,1511,-224.05,0.839
R3704,pine,17879.9,-4581.6,1414.6,-15.41,0.881
R3705,elm,25596.2,-5131.1,1453.6,-107.36,0.915
R3706,poplar,26143.5,-4332.4,1514.2,-149.48,0.855
R3707,poplar,28899.6,-3778.3,1582.4,-24.06,1.089
R3708,elm,36625.9,-3282.5,1637.2,54.52,1.116
R3709,elm,45347,-3353.4,1625.4,26.92,1.013
R3710,jujube,50347.4,-3630,2226.9,-95.99,0.941
R3711,poplar,-54907.3,-2603,4279.2,-51.56,0.913
R3712,elm,-47098,-2451.6,2484.3,51.78,1.052
R3713,jujube,-34477.2,-356,1563.8,-65.71,1.072
R3714,jujube,-20508.8,-2779.3,1565.3,-157.52,1.128
R3715,elm,14488.3,-2693.4,1298.7,-31.96,1.005
R3716,jujube,22753.1,-1568.7,1668.2,82.18,1.139
R3717,poplar,-20079.7,903,1502.3,-147.41,1.14
R3718,elm,-16897.5,655.1,1459.1,-101.61,0.829
R3719,elm,-14368.1,954.4,1386.5,-84.21,0.863
R3720,poplar,19107.5,2395.6,1498.8,-166.62,0.994
R3721,poplar,41826.6,1539,1547.6,-216.28,1.117
R3722,elm,-55062.6,4196.9,4200.9,89.8,0.951
R3723,elm,-32644.4,2797.1,1587.2,-110.54,1.149
R3724,elm,-25252.2,4878.2,1580.6,-44.27,0.98
R3725,poplar,-10576.2,3644.5,1279.2,69.13,0.866
R3726,jujube,17145.1,2831.9,1575.2,-43.67,1.059
R3727,elm,40971.1,3321.1,1668,-94.85,1.019
R3728,poplar,43934,3242.7,1921.6,28.59,1.142
R3729,jujube,-57019.5,6914.3,5943.9,-79.04,0.984
R3730,poplar,-51648.3,6002.4,4279.1,-269.3,0.999
R3731,pine,-43122.9,6098.8,2535.2,-205.42,0.886
R3732,jujube,-36076.9,7078.5,1290.7,-128.17,0.814
R3733,pine,-15564.7,6264.7,1118,-84.92,0.826
R3734,jujube,4629.9,6903.7,1583.5,-203.66,1.119
R3735,elm,16967.6,5704.9,1424.2,-268.37,1.016
R3736,jujube,19087.6,7570.7,1414.3,-262.3,0.811
R3737,elm,32578,5596,1690.5,-5.89,1.085
R3738,jujube,-56507.3,9352,5939.9,44.77,1.026
R3739,elm,-50886.3,7955.5,4483.5,-78.23,1.093
R3740,elm,-30044.5,9225.3,1011.9,9.19,0.878
R3741,jujube,-17413.3,7752.5,1042,48.26,0.879
R3742,elm,7238.4,8765.7,1498.1,-132.36,0.863
R3743,poplar,15552,7769.1,1463.5,-13.67,0.976
R3744,poplar,22516.5,9236.1,1582.7,-94.61,0.864
R3745,pine,24061.4,8140.6,1607.8,-36.4,1.015
R3746,elm,26608.4,8764,1691.4,-181.64,0.815
R3747,pine,-59408.2,10202.7,6124.5,45.65,1.065
R3748,poplar,-53261.2,12140.4,5353.5,-219.62,0.826
R3749,pine,-37310.2,10663.2,1165.1,-266.58,1.092
R3750,poplar,-32454.5,11073.4,966.9,-155.91,1.036
R3751,elm,-26652.6,10446.4,1187.1,0.93,1.057
R3752,elm,-15439,11793.9,1252.6,-60.01,0.915
R3753,elm,-731.9,12711.6,1570.5,-3.41,1.05
R3754,poplar,7841.5,11214.2,1371.2,-63.64,1.143
R3755,poplar,16021,12733.6,1509.1,-171.24,0.918
R3756,elm,19884,10712,1605.1,-41.91,1.082
R3757,jujube,25555.9,10623.1,1658.9,-223.77,0.875
R3758,elm,33398.5,11462.9,1522.1,-149.18,0.91
R3759,poplar,38806.6,12570,1428.9,-101.87,0.93
R3760,pine,41580.8,11079.3,1460.7,-234.33,1.059
R3761,pine,44828.7,12658.1,1565.3,-83.94,0.818
R3762,elm,51660.7,10849.8,2404,-241.66,0.94
R3763,poplar,54766.2,12535.5,3198.3,-239.22,0.891
R3764,elm,-56787.1,14662,5444,-102.88,0.909
R3765,poplar,-43993.7,12896,1965.7,-76.89,1.145
R3766,elm,-23852.7,13652.2,1252.7,49.54,1.079
R3767,elm,-14755.4,12956.6,1402.2,-65.65,1.065
R3768,poplar,14246.8,13986.7,1357.6,-15.42,0.827
R3769,poplar,37675.1,13075.3,1468.3,-214.23,0.84
R3770,poplar,41794.1,15392.1,1343.7,-138.79,1.133
R3771,poplar,-59526.9,16470.5,5086.3,-197.78,0.968
R3772,elm,-48700.5,16523.9,2779,-177.85,0.828
R3773,elm,-37844.7,15656.3,1070.4,-27.55,1.014
R3774,elm,-29093.4,17442.3,811.1,-218.53,1.086
R3775,poplar,-10380.6,16940.3,1590.4,-70.84,1.018
R3776,jujube,7270.7,17492.9,1323.7,-77.22,1.047
R3777,elm,12178.8,16163.5,1215.4,-114.13,0.996
R3778,elm,27212.1,16757.5,1420.7,75.57,1.031
R3779,poplar,30132.3,17649.2,1301.3,35.33,0.801
R3780,poplar,34751.2,15556.6,1399.3,-253.8,1.135
R3781,poplar,38239.9,17083.3,1366.3,41.27,1.115
R3782,poplar,-59337,18362.9,4947.3,-220.11,1.06
R3783,poplar,-54897.3,19644.5,4321.7,14.13,1.009
R3784,jujube,-25244.7,19057.8,938.5,-77.52,0.805
R3785,poplar,-5923.8,19123.1,1602.9,6.13,0.956
R3786,jujube,-1281.6,19916.4,1422.3,89.95,0.965
R3787,poplar,8932.2,20381.1,1349.7,61.17,0.966
R3788,pine,22520.1,19839.6,1389.4,-128.1,0.884
R3789,poplar,24788.5,19530.7,1201.9,-214.91,0.903
R3790,elm,30037.5,19746.2,1239.8,-158.5,0.853
R3791,elm,53215.1,19581.3,3701.9,23.37,0.954
R3792,poplar,56441.3,18837.6,4300.4,-212.97,0.986
R3793,poplar,-44408.1,21261.6,2434.5,-171.93,0.819
R3794,poplar,-36585.9,21410.7,1121.4,-97.7,0.996
R3795,elm,-29177.5,21311.3,889,-35,1.112
R3796,elm,-22640.5,22681.7,1301.5,-268.25,1.033
R3797,elm,-12856.1,21163.3,1641,-263.75,1.031
R3798,pine,-3880.5,22164.5,1341.9,86.43,0.806
R3799,elm,54464.8,21806.4,4562.2,-214.38,0.879
R3800,pine,-50246.4,25114,2952.5,-11.56,0.905
R3801,jujube,-46438.5,24662.4,2432.8,-231.83,0.989
R3802,elm,-42568.6,23457.1,1712.7,-179.59,0.859
R3803,poplar,-40372.9,23945.5,1217.2,-73.68,1.09
R3804,poplar,-21842.2,24652.6,1363,-183.19,0.959
R3805,pine,-8084.4,24386.1,1481.7,3.05,1.126
R3806,elm,16385.7,23225.9,1129.1,-146.06,1.039
R3807,pine,23092.4,24276,962.9,-110.24,0.908
R3808,poplar,28749.4,25513.5,1179.6,-105.91,0.844
R3809,poplar,45909.1,24596.4,2515.9,-6.73,1.093
R3810,poplar,48143.2,25417.9,3290.8,42.73,1.134
R3811,pine,-58949.4,27680.3,5567.5,-269.86,0.835
R3812,elm,-49538.3,28231.8,3029.2,-269.44,0.933
R3813,elm,-34154,27768.5,1321.9,10.03,0.829
R3814,pine,-23730.3,26308.2,1319.2,-52.17,0.909
R3815,elm,-16395,26174.8,1513.9,-89.66,1.048
R3816,poplar,2442.6,27519,1215.2,-155.06,1.014
R3817,jujube,23682.4,27724.5,1000.9,-226.55,1.089
R3818,poplar,48745.4,28359.9,2702.4,65.56,1.132
R3819,poplar,53849,28217.2,5122.5,-23.29,0.972
R3820,elm,-39259.1,30947.7,1367.8,-182.73,0.903
R3821,elm,-11431.3,29795.9,1433.4,-200.81,0.861
R3822,pine,26644,29652.3,1143.8,29.14,1.012
R3823,elm,30208.8,30804.8,1573.6,-63.78,0.817
R3824,poplar,41710.2,30781.6,2086.1,-160.8,0.916
R3825,jujube,-16515.4,31629.8,1449.5,87.59,0.909
R3826,elm,-12633.7,32873.4,1407.6,-235.58,0.81
R3827,jujube,32987.3,31933.6,1626.6,-168.85,0.895
R3828,elm,36509.6,33223.8,2128.6,-130.44,1.133
R3829,elm,40655.3,31448.8,2177,-70.56,0.834
R3830,poplar,-37256,35801.7,1308.3,-115.35,1.12
R3831,jujube,-24261.4,34445.8,1558.1,18.11,0.947
R3832,elm,-21937.4,34983,1780.5,17.25,1.054
R3833,poplar,-18146,34381.3,1783.4,-120.39,0.938
R3834,pine,-2870.8,35553.9,1223.2,-145.43,0.879
R3835,elm,12236.9,33963.5,1192.5,-133.38,0.891
R3836,jujube,16795.3,34008.5,975.4,-109.58,1.021
R3837,poplar,18185.1,34553.8,1022.8,11.2,0.812
R3838,jujube,23463.9,33692.1,1137.9,-58.11,0.82
R3839,pine,25932,35359.1,1415.6,-75.29,0.973
R3840,elm,29955,35885.7,1619.5,-157.9,0.937
R3841,pine,47645.6,34470.3,3103,-27.44,1.149
R3842,jujube,53031.5,34004.6,4998.2,-127.01,0.997
R3843,poplar,55305,35687.9,5948.5,-16.16,1.005
R3844,elm,-59092.7,36555.1,4065.2,10.35,1.135
R3845,elm,-53054.2,38559.6,3825.7,-23.88,0.869
R3846,elm,-51524.3,37470.2,3415.2,59.74,0.867
R3847,pine,-47170.6,38653.9,2390.9,2.98,0.886
R3848,elm,-37396.5,36688.3,1339.4,-36.75,0.837
R3849,elm,-24956.2,38753.8,1635.1,-217.13,1.044
R3850,poplar,-23176.9,36291.1,1626.9,-180.1,1.068
R3851,elm,-17506.6,37190.3,1732.8,-260.25,0.902
R3852,jujube,34653.8,36973.7,2236.4,76.22,0.845
R3853,elm,37296.1,36574.4,2582.4,53.36,0.991
R3854,elm,-46507.4,40140.8,2488.9,78.55,1.085
R3855,poplar,-12868,40993.5,1572.6,9.11,1.048
R3856,elm,14941.9,39666.1,1196.7,46.79,1.115
R3857,poplar,17119.2,39734.9,1201.9,73.08,0.941
R3858,poplar,19579.7,40008.6,1147,-46.77,1.075
R3859,jujube,22160.9,40047,1333.7,-33.74,1.095
R3860,pine,25785.1,40134.3,1454.2,-7.11,0.898
R3861,elm,29765.8,39704.2,1546.7,-90.71,1.034
R3862,elm,32221.6,41044,1806.5,28.57,0.932
R3863,poplar,37031.8,38854.3,2497.4,-21.47,0.884
R3864,poplar,40882.6,39436,3414.2,-203.21,1.015
R3865,poplar,55538.5,38815.2,5063.1,-48.76,1.044
R3866,poplar,-57693.2,42670.3,3620.2,38.37,0.828
R3867,poplar,-40859.1,42301.3,1401.6,83.33,1.068
R3868,jujube,-35165.1,43145.9,1480.4,-216.19,1.063
R3869,pine,-21413.6,42773.1,1735.4,27.89,0.853
R3870,jujube,-16241,42633.1,1662.1,-39.48,1.046
R3871,pine,-8405.5,43899.4,1189.1,23.58,0.933
R3872,poplar,5152.1,42500.6,1259.9,-68.25,0.97
R3873,pine,13778.8,42425.1,1125.3,29.16,0.954
R3874,poplar,31558.3,41852.7,1739.6,-113.31,0.876
R3875,jujube,34998.9,42325.8,2347.9,13.7,1.123
R3876,jujube,39791.4,42915.5,2986.2,3.38,0.964
R3877,poplar,42575.8,41782.6,3801.9,-156.73,0.918
R3878,poplar,-54638.4,44144.5,3305.9,-54.11,0.803
R3879,elm,-50482.6,44092,2830.9,-199.68,0.909
R3880,pine,-48843.3,44483.2,2483.1,-82.07,0.913
R3881,poplar,-45109.2,45528.8,2283.8,-19.15,1.077
R3882,elm,-32897.9,45454.3,1865,-232.47,0.803
R3883,poplar,-29155.8,44875.5,1947.1,-34.24,0.816
R3884,poplar,-23625.3,44878.1,1685,-210.23,0.81
R3885,pine,-20820.8,45184.8,1592.1,46.67,1.135
R3886,poplar,-11712.3,45235.1,1451.8,-53.53,0.915
R3887,poplar,-7418.9,44442,1158.5,59.54,0.805
R3888,poplar,48367.3,44298.2,4325.4,-185.02,0.878
R3889,pine,54959.3,45840.7,6061.9,-99.09,1.03
R3890,poplar,-58671.1,48503.2,4352.1,33.16,1.066
R3891,jujube,-54076.9,48253.9,3395.8,43.53,0.876
R3892,elm,-48982.3,48368.7,3261.3,61.64,0.843
R3893,poplar,-25692.4,47480.6,1743.1,-189.51,0.989
R3894,jujube,-18750.5,48127.1,2667.9,-56.26,1.043
R3895,jujube,-13281.2,46963.5,1468.4,-235.72,0.904
R3896,elm,-12542.4,47827.8,1568.8,-10.06,1.058
R3897,poplar,546.6,48391.1,1927.1,-77.67,1.085
R3898,elm,2637.5,46908.6,1842.6,21.31,0.958
R3899,poplar,19584,48761.3,1713.1,-72.56,0.971
R3900,poplar,28604.3,48545.4,1788.5,-130.95,0.818
R3901,elm,52093,47976.7,4411.2,-149.03,1.038
R3902,jujube,-53436.6,49641.4,3890.3,-187.21,0.898
R3903,jujube,-37284,51426.1,2816.7,-209.71,1.12
R3904,pine,-25377.4,49864.2,2355.4,67.02,1.092
R3905,elm,-13512.9,49370.1,2014.2,59.35,0.839
R3906,pine,-8298.9,49966.4,1690.5,-226.33,0.971
R3907,poplar,-7628,49726.2,1570.3,39.96,1.096
R3908,elm,-5302.1,50246,1708.6,51.6,1.095
R3909,elm,310.8,51245.8,3076.8,-84.64,1.117
R3910,poplar,10159.8,49524.3,2217.4,-129.51,1.112
R3911,pine,21868.1,49774,1830.8,-7.47,0.836
R3912,pine,26011,49881.2,2336.4,-156.23,1.085
R3913,poplar,39634.6,50595.3,2400.7,22.39,1.025
R3914,pine,-48196.4,54323.5,3150.3,-173.34,0.985
R3915,jujube,-39604.4,52571.1,2578,-46.84,1.078
R3916,elm,-32631.4,53873.6,3561.1,-186.15,1.025
R3917,poplar,14664.6,53688.7,2698.2,30.36,0.999
R3918,elm,25523.8,52231.8,3343.5,17.57,1.118
R3919,elm,32762.4,53790.3,3797.8,-258.66,1.051
R3920,poplar,38089.3,53284.3,3301.1,-161.71,0.897
R3921,pine,42403.4,52667,2377.2,26.35,0.95
R3922,elm,45949.6,53449.1,2922.8,-203.4,0.898
R3923,elm,49145,51905,3392.9,-23.76,0.862
R3924,elm,51098,52778.4,3119.4,-227.74,0.872
R3925,jujube,-52501.1,55188.9,3926.1,-156.78,1.06
R3926,elm,-39160.3,55212.1,3547.5,-15.53,0.87
R3927,poplar,-1857.6,54834.2,2799.5,-99.17,0.874
R3928,poplar,8903.7,54751.4,3197.5,-21.05,0.998
R3929,elm,23050.7,54752.2,3958.4,38.26,1.129
R3930,pine,26590.5,56956,4171.7,26.87,0.886
R3931,elm,28427.1,56818.4,4048.5,60.95,0.859
R3932,elm,44491,54421.2,2678.9,-16.61,0.992
R3933,jujube,51436.4,56516.6,3129.6,-228.82,1.109
R3934,jujube,-55248.2,57454.1,4658.9,-73.56,0.866
R3935,elm,-49223.8,57554.2,4065,5.06,0.969
R3936,elm,-42516.1,57771.6,4145.6,22.99,1.051
R3937,elm,-32679.5,59031.6,4527,-257.08,1.07
R3938,elm,-27262.8,58993,4694.2,-78.45,0.989
R3939,elm,-16562.1,59512.7,4983.9,0.13,1.101
R3940,poplar,-5584.8,58958,4689.1,-90.53,1.076
R3941,jujube,13698.5,57931.5,4275.3,-47.12,0.917
R3942,poplar,20845.6,57336.4,4260.6,-89.04,1.099
R3943,elm,28157.5,58093,3867.2,25.29,0.893
R3944,elm,42381.5,58543.7,3738.8,-103.57,0.823
R3945,poplar,48607,58909.9,4143.7,-62.07,0.885
R3946,poplar,49704.8,58394.7,4039,-95.53,1.149
R3947,poplar,54227.8,57251.5,3737.2,-234,0.869
R3948,shrub,-30696.5,-59331.9,6476.1,-226.96,0.737
R3949,shrub,-29258.9,-59312.9,7078.6,-100.97,1.199
R3950,shrub,-23864.3,-58932,5504.7,-92.92,1.149
R3951,shrub,-7419.4,-59360.5,4935.7,-232.86,1.132
R3952,shrub,5345,-59569.1,5144.5,-199.97,1.325
R3953,shrub,22404.6,-59348.7,6179.2,86.59,0.719
R3954,shrub,48019.8,-58929.9,5061.1,-258.54,1.295
R3955,shrub,57339.6,-58905.2,5616.6,-173.72,1.03
R3956,shrub,-55131.2,-58567.3,6247.7,-205.53,1.062
R3957,shrub,-53761.9,-58393.7,6464.7,-126.01,0.709
R3958,shrub,-10190.7,-58779.2,4578.8,-113.4,1.164
R3959,shrub,26616,-58418.7,7064.5,-162.25,1.272
R3960,shrub,53774.5,-57812.6,4510.3,22.62,1.353
R3961,shrub,-46144.4,-57069.9,7105.4,-0.33,1.241
R3962,shrub,6251.4,-56961.1,5204.8,-34.02,1.119
R3963,shrub,8302.8,-57362.1,4953.9,-55.83,1.037
R3964,shrub,18632.8,-56851,5939.3,-224.76,0.714
R3965,shrub,19580.5,-57739.6,6481.2,-86.66,1.389
R3966,shrub,23140.7,-56853.3,6350.9,-225.05,1.22
R3967,shrub,43880.9,-56769.3,5618.2,-119.86,0.997
R3968,shrub,55804.8,-57402.6,5639.7,-82.97,0.855
R3969,shrub,-56239,-55625.6,5450.5,-73.27,0.832
R3970,shrub,-42642.6,-56224.5,6189.2,-260.7,0.75
R3971,shrub,-33689.2,-56668,5410.9,29.88,1.317
R3972,shrub,-18203.6,-56094.6,5387.4,5.2,0.862
R3973,shrub,6075.4,-56370.7,5201.2,-147.52,1.282
R3974,shrub,38703.5,-56349.4,5586.7,32.88,1.104
R3975,shrub,44165.7,-56672.2,5492,-17.8,1.179
R3976,shrub,45301.7,-56473.4,5178.6,28.38,1.192
R3977,shrub,-53350.2,-54962.8,5841.6,-214.75,0.954
R3978,shrub,-46037,-54965.9,6889.4,-246.26,1.336
R3979,shrub,-35512.2,-55336.7,5883.2,-17.11,1.033
R3980,shrub,-31497.9,-55578.4,5743.8,-27.79,1.003
R3981,shrub,-23992.6,-54570.3,5211.9,-120.84,0.749
R3982,shrub,28403.6,-55435,6194.8,-53.66,0.984
R3983,shrub,47083.3,-54557.3,4220,-37.34,0.744
R3984,shrub,52783.8,-54711.9,4470,-160.04,0.962
R3985,shrub,-42340.6,-54452.2,6734.8,-196.04,1.065
R3986,shrub,17964.5,-53841.3,5442.2,-184.11,1.31
R3987,shrub,39851.8,-54025.5,5202.7,-94.04,1.325
R3988,shrub,48098.9,-54067.5,3802.9,-195.87,0.728
R3989,shrub,52383.6,-54476.9,4489.1,-264.48,0.822
R3990,shrub,-59183.5,-52617.5,5634.4,-90.8,1.062
R3991,shrub,-57656.1,-52397.3,5862.9,-227.74,1.115
R3992,shrub,-36657.9,-52940.3,6354,-156.26,1.023
R3993,shrub,-19930.4,-52683.9,5361.6,-165.62,0.988
R3994,shrub,1834,-52855.6,4703.1,31.39,0.722
R3995,shrub,30667.6,-52454.6,5049.6,-123.97,1.007
R3996,shrub,44810.9,-52981.7,4056.1,-142.45,0.826
R3997,shrub,-49261.7,-51796.2,6063.4,-193.46,0.915
R3998,shrub,-45578.9,-51740.4,6655.8,69.06,1.393
R3999,shrub,-23039.1,-51715.2,5266.4,21.58,1.173
R4000,shrub,18813.9,-52123.2,4844,87.21,1.14
R4001,shrub,26691.6,-51453.6,5012.3,47.83,1.287
R4002,shrub,56484.1,-51849.6,4803.9,-61.42,1.16
R4003,shrub,58338.2,-51398.9,4468.4,-171.53,0.859
R4004,shrub,-24544.5,-50560.8,5556.2,70.85,1.207
R4005,shrub,-12006.9,-50474.3,4754.2,-146.7,0.804
R4006,shrub,8230.8,-50529.7,4113.5,-203.14,1.138
R4007,shrub,29177.8,-51002.4,4720,-252.28,0.907
R4008,shrub,-52097.7,-49433.3,5879.2,-153.44,1.136
R4009,shrub,-46505.4,-49438.8,6431.9,89.47,0.817
R4010,shrub,-7747.5,-50047.6,3791.7,44.56,1.388
R4011,shrub,16238.8,-49338.2,3522.8,-144.57,1.101
R4012,shrub,50435.4,-49019.2,4573.2,-258.13,0.714
R4013,shrub,53256.9,-49376.5,4198.8,-88.49,1.091
R4014,shrub,-43564.9,-48604.8,5869.1,-211.18,1.105
R4015,shrub,-42018.4,-48623.9,5638.8,-196.91,1.114
R4016,shrub,-38186.9,-48019,4211.7,-208.39,1.26
R4017,shrub,-23257.4,-48866.5,4299.7,-228.89,0.867
R4018,shrub,-21827.6,-48814.2,4029.3,-89.63,0.874
R4019,shrub,-17721.6,-48130.8,3301.6,-135.72,1.347
R4020,shrub,-16511.2,-48515.3,3515.5,-200.25,1.026
R4021,shrub,-14302.9,-48069.7,3447.2,-240.59,1.254
R4022,shrub,-3633.5,-48812.3,3294.7,36.11,1.081
R4023,shrub,17694.2,-48560.3,3457.7,-127.83,1.065
R4024,shrub,20855.2,-48150.3,4132.9,-180.32,0.932
R4025,shrub,23007.8,-48841.3,3740.8,-191.73,0.831
R4026,shrub,33565.4,-48216,3488.4,38.55,0.778
R4027,shrub,45746.4,-48902.6,3904.4,-253.31,0.851
R4028,shrub,-56471.8,-46985.6,6463.9,61.47,1.143
R4029,shrub,-53570.9,-47317.9,6237,-147.66,0.844
R4030,shrub,-36569.6,-47698.3,3910.6,-211.93,1.207
R4031,shrub,-34894.3,-47224.6,3683.4,41.68,1.026
R4032,shrub,-31225,-46828.6,3618.2,15.11,1.116
R4033,shrub,-18458.6,-47046.4,2844.7,-62.37,0.804
R4034,shrub,5682.9,-47368.7,3537.7,-179.52,1.232
R4035,shrub,13628.6,-47398.2,3131.1,-19.02,0.895
R4036,shrub,29938,-47823.1,3608.9,-165.81,1.312
R4037,shrub,40933.6,-47564.6,3412.3,83.82,1.016
R4038,shrub,43427.3,-47652.2,3519.3,-248.91,1.003
R4039,shrub,-55636.8,-46648.3,6311.4,-124.8,1.171
R4040,shrub,-31269.8,-46121.6,3313.2,-190.28,1.102
R4041,shrub,44737.2,-45985.4,3088.8,-30.37,1.334
R4042,shrub,59587.5,-46388.8,4900.3,-76.96,0.856
R4043,shrub,-57836.5,-45467.8,6234.8,56.4,1.083
R4044,shrub,-28033.7,-45508.1,3440.7,-81.07,0.968
R4045,shrub,-26715,-45104.7,3111,-259.29,1.212
R4046,shrub,-11483.8,-45196.9,2725.9,36.39,1.163
R4047,shrub,7591.9,-45523,2855.8,-239.28,1.062
R4048,shrub,10644.1,-45273.2,2585.3,-160.38,1.092
R4049,shrub,11937.7,-44640.6,2747.4,-201.89,0.833
R4050,shrub,20203.4,-45278.9,3828.4,-216.63,0.879
R4051,shrub,35477.5,-44853.3,2932.2,39.66,0.856
R4052,shrub,43313.1,-44811.4,3200.7,-229.97,1.163
R4053,shrub,57095.9,-44835.3,4841.4,-132.03,1.383
R4054,shrub,-21903.7,-43840.3,2074.8,-99.41,1.22
R4055,shrub,18332.9,-43531.8,2732.6,-40.54,0.935
R4056,shrub,43040.7,-44591.2,3145.5,-111.17,1.221
R4057,shrub,55959.9,-44113.8,4782,-147.96,0.745
R4058,shrub,57176.8,-44021.6,5409.7,-70.28,1.133
R4059,shrub,59020,-44468.1,5883.3,-219.95,0.847
R4060,shrub,-46477.7,-43182.8,5877.5,-5.47,1.361
R4061,shrub,-18576.9,-43013.4,1929.6,75.98,1.107
R4062,shrub,8668.4,-43115.9,2790.8,17.23,0.913
R4063,shrub,14532.8,-42513.9,2737.8,-93.53,1.023
R4064,shrub,18280.7,-42482.3,2633.9,-247.7,1.048
R4065,shrub,25071.1,-42477.9,2074.9,-76,1.178
R4066,shrub,-40357.9,-41818.7,3325.7,-43.02,1.147
R4067,shrub,-33887.2,-42316.7,2173,-60.5,1.196
R4068,shrub,-18388.8,-42235.9,1647.5,-233.09,1.063
R4069,shrub,-12275.7,-42364.4,2002.7,-13.98,1.15
R4070,shrub,-8309.1,-42356.5,2373.3,-82.36,1.113
R4071,shrub,13939.6,-41540.8,2758.4,69.83,1.006
R4072,shrub,30468.4,-41621.8,1654.2,-63.37,0.798
R4073,shrub,43243.5,-42265.9,2511.8,-63.03,1.361
R4074,shrub,58766.8,-42066.8,5384.2,-169.35,0.709
R4075,shrub,-29825.2,-41067.8,1695.6,-3.18,0.732
R4076,shrub,-18238.2,-40832,1275.5,-202.19,0.871
R4077,shrub,-13157.6,-40576.7,1905.4,-100.46,0.923
R4078,shrub,38292.7,-40976.5,2708,71.11,0.848
R4079,shrub,-55139.9,-40181.6,6832.5,-125.29,1.169
R4080,shrub,-21377.6,-39882.9,946.2,-206.54,0.938
R4081,shrub,-18122.7,-39306.4,1096.7,-254.93,0.81
R4082,shrub,-14239.6,-39130.2,1763,-131.78,1.165
R4083,shrub,-6210.6,-39224.6,1563.9,6.1,1.237
R4084,shrub,25276.5,-40147.1,1453.7,-76.89,0.81
R4085,shrub,47123.4,-39923.3,2016.1,-104.18,1.262
R4086,shrub,-45203.2,-38786.8,4691.8,-259.7,0.919
R4087,shrub,-4353,-38798.3,1587.6,-152.92,1.208
R4088,shrub,9093.9,-38934.7,1406.5,-76.02,1.054
R4089,shrub,29391.4,-38970,1398.8,-269.53,0.723
R4090,shrub,-53431.2,-37150.2,7962.2,-61.94,1.123
R4091,shrub,-32539,-36915.3,1292.8,-154.96,0.74
R4092,shrub,-31798.8,-37815.7,1417.6,-119.08,1.128
R4093,shrub,-25326.2,-37028.1,1038.3,-254.5,1.073
R4094,shrub,10751.7,-37504.2,1456.5,-90.12,0.839
R4095,shrub,18329.6,-37339.7,1279,75.54,1.03
R4096,shrub,21791.4,-36928,1158.3,48.46,1.161
R4097,shrub,33050.6,-37483.7,1710.5,-9.02,0.802
R4098,shrub,-59284,-36242.4,5343,-263.44,0.834
R4099,shrub,-37574.6,-36771.9,2326.1,-205.68,0.878
R4100,shrub,-36753.2,-36883.4,2263,-247.23,0.703
R4101,shrub,-17445.6,-36296.4,970.5,66.64,1.264
R4102,shrub,13945.4,-36464,1507.1,-76.39,1.295
R4103,shrub,49232.2,-36153.6,2661.8,-199.31,0.731
R4104,shrub,55861.7,-36106.8,4408.1,19.16,1.309
R4105,shrub,-55722,-35747.2,6294.4,46.04,1.248
R4106,shrub,-49186,-35710.7,5559.8,-114.2,1.016
R4107,shrub,-42745.3,-35156.4,3471.2,-205.71,0.908
R4108,shrub,-39119.1,-35376,2818.3,-136.4,1.227
R4109,shrub,35893.2,-35472.4,1475.2,-260.48,1.078
R4110,shrub,46162.8,-35787.2,2169.7,-161.94,0.851
R4111,shrub,59199.3,-34946.5,4684,-207.13,1.35
R4112,shrub,-48046.8,-34359.5,5124.1,67.35,0.833
R4113,shrub,-45272.2,-34216.6,4679.7,18.72,0.961
R4114,shrub,-43037.3,-34678.5,3486.4,-12.44,1.223
R4115,shrub,15942.8,-33687.2,1003.3,-4.4,1.09
R4116,shrub,30568.5,-34662.8,1142.3,6.55,0.763
R4117,shrub,36374.4,-34556.8,1381.4,-117.96,0.907
R4118,shrub,38918.7,-34342,1419.6,-95.45,1.148
R4119,shrub,49375.1,-34063.7,2940,-53.26,1.133
R4120,shrub,50228.6,-34090.4,3015.3,-53.73,0.754
R4121,shrub,53048.9,-32570.1,3738.8,-233.87,0.951
R4122,shrub,53402.5,-33241.3,3522.7,-129.64,1.183
R4123,shrub,-36149,-32403.4,1782.6,-118.94,0.918
R4124,shrub,10777.5,-32329.8,941.9,-98.34,1.033
R4125,shrub,42978.2,-31932.2,1461.7,81.53,1.153
R4126,shrub,44519.8,-32454.1,1682.9,-106.59,1.062
R4127,shrub,46874.4,-31889.9,2337.8,-34.3,1.329
R4128,shrub,59367.4,-31708.9,5623.8,-92.44,1.212
R4129,shrub,21195.3,-30536.4,1045.2,-156.26,0.831
R4130,shrub,41310,-30435.7,987.1,19.06,0.766
R4131,shrub,47445.6,-30620.6,2095.5,69.94,1.38
R4132,shrub,-56955.9,-29731.9,5433.6,-32.83,0.776
R4133,shrub,-48394.3,-29470,4098,-134.32,0.802
R4134,shrub,-20070.7,-29627.7,1358.8,-143.06,0.821
R4135,shrub,-7471.9,-29759.1,1031.1,6.26,1.032
R4136,shrub,16817.2,-30229.8,926.8,-121.86,1.326
R4137,shrub,18128.4,-29442.2,1129.6,41.15,0.896
R4138,shrub,22908,-29720.9,1221.1,-80.44,0.86
R4139,shrub,-46070.2,-28545.3,3182.4,60.21,1.393
R4140,shrub,-28775.4,-28767,1473.3,-246.94,0.72
R4141,shrub,-22259.1,-29151,1432.9,8.89,1.128
R4142,shrub,-21146.8,-28158.5,1527.7,-218.9,1.296
R4143,shrub,533.3,-28200.1,1027.7,-60.66,1.142
R4144,shrub,-40896.4,-27746.6,2158.5,-10.88,1.362
R4145,shrub,-20036.5,-27467.7,1388.8,28.02,1.356
R4146,shrub,17198.9,-27759.9,1271.7,-197.51,1.282
R4147,shrub,24863.3,-27637,1076.6,-83.61,0.939
R4148,shrub,29854.5,-27822.6,1176.5,-189.74,0.843
R4149,shrub,36101.7,-27369,1133.2,22.12,0.783
R4150,shrub,39742.6,-27433.1,902.5,40.9,0.714
R4151,shrub,-27321.8,-26721.3,1470.5,-234.04,0.844
R4152,shrub,-8497.1,-26038.7,1134.3,-181.49,1.263
R4153,shrub,-530.5,-26659.2,1181.3,-21.49,1.334
R4154,shrub,743.9,-25955.3,1244.9,-201.92,1.202
R4155,shrub,3291.4,-25959.2,1346.1,-255.6,0.987
R4156,shrub,9707.3,-26513.2,1159,-192.6,1.269
R4157,shrub,-57407.6,-25784,4976.9,-136.92,1.047
R4158,shrub,-26900,-25752.2,1527.9,-21.79,1.378
R4159,shrub,-22973.6,-24925.9,1699.2,-247.05,1.177
R4160,shrub,1184.9,-25824.9,1328.9,-223.29,1.12
R4161,shrub,19390.8,-25694.6,1297.9,-237.71,1.005
R4162,shrub,43777.7,-25409.9,969.2,-183.43,0.944
R4163,shrub,-48880.8,-24606.1,4018.9,-204.21,0.786
R4164,shrub,-31545.2,-24547.4,1694.1,31.05,1.191
R4165,shrub,-20451.1,-24474.2,1475.4,-17.79,0.98
R4166,shrub,10452.7,-24575.2,1165,-230.52,1.322
R4167,shrub,30954.7,-24462.5,1163.3,1.65,1.051
R4168,shrub,40768,-24505.6,1213.8,-61.95,1.047
R4169,shrub,43822.8,-24112.7,1034.1,-212.02,0.828
R4170,shrub,53587.3,-23736.7,1358.7,-228.08,1.352
R4171,shrub,-40401,-23669,1968.1,-182.95,1.149
R4172,shrub,-36902.2,-23020.9,1915,-53.97,0.855
R4173,shrub,-32741.9,-22873.9,1649,-122.89,1.322
R4174,shrub,-16115,-23063.5,1098.7,-18.15,1.19
R4175,shrub,-12610.7,-22947.7,1130.4,-31.57,0.832
R4176,shrub,12008.1,-23697.3,1250.4,-146.67,0.943
R4177,shrub,18954.7,-23143.9,1242.2,-174.09,0.94
R4178,shrub,55558.1,-23693.3,1166.7,38.27,0.97
R4179,shrub,-51158.2,-21578.9,3952.9,75.8,1.357
R4180,shrub,-43614.6,-22399.8,2044.8,-16.2,1.031
R4181,shrub,-37302.5,-22186.4,1844.8,-10.69,0.758
R4182,shrub,-21195.3,-21765.7,1423.9,44.16,0.877
R4183,shrub,-12771.4,-22511.7,1138.3,-119.4,0.775
R4184,shrub,-12394,-21534.6,1179.8,-70,1.118
R4185,shrub,-10622.8,-22474.7,1116,-111.08,1.371
R4186,shrub,-10359.9,-21847.9,1142.6,-141.23,0.911
R4187,shrub,17509.9,-22509.6,1266.6,-91.92,0.771
R4188,shrub,33505.7,-22207.6,1027.7,-54.96,1.188
R4189,shrub,45082.3,-22517.6,968.1,-234.21,1.248
R4190,shrub,46603.9,-22077,1144.2,-155.13,1.269
R4191,shrub,51860.4,-21926.9,3021.5,-81.28,0.775
R4192,shrub,52764.5,-22079.4,3241.2,-131.93,1.029
R4193,shrub,54876.4,-21770.1,3788.1,-42.06,1.317
R4194,shrub,-54273.9,-21478.1,4511.9,-54.32,1.218
R4195,shrub,-48798.7,-20423.2,3059.7,-202.58,1.359
R4196,shrub,-7491.2,-21075.9,1215.1,63.11,0.788
R4197,shrub,-7184.6,-20916.7,1219.7,-150.51,1.361
R4198,shrub,3705.4,-20700.1,1234.4,-13.64,1.349
R4199,shrub,27932.3,-21332,1302.5,53.17,0.953
R4200,shrub,31036.2,-20945.3,1046.6,-89.68,1.356
R4201,shrub,38015,-21335.9,1280.9,-104.13,0.996
R4202,shrub,39926.4,-21125.5,1349.2,-134.84,0.904
R4203,shrub,43067.8,-20429,1258.7,-10.31,1.369
R4204,shrub,45626.5,-21494.5,1066.6,-249.52,0.721
R4205,shrub,49872.9,-21444.6,2084.4,-169.25,0.891
R4206,shrub,52066.7,-21225.2,3108.7,-207.9,0.918
R4207,shrub,57453.7,-21277.1,4548.4,-267.83,1.31
R4208,shrub,-54606.3,-20223.6,4618.5,-237.39,0.912
R4209,shrub,-36699.1,-20008.7,1652.3,89.78,1.309
R4210,shrub,-18288.1,-20373.2,1335,-198.13,1.107
R4211,shrub,36724.4,-20006.3,1347.6,-232.4,0.754
R4212,shrub,37159.6,-19708.8,1331.4,-253.37,0.913
R4213,shrub,39916.3,-19564.5,1354.4,-264.76,1.311
R4214,shrub,46575.7,-20099.1,1287.2,86.42,0.819
R4215,shrub,48727.3,-19441.3,2266.2,-156.46,0.732
R4216,shrub,-57852.8,-18314.1,5325.3,-229.35,1.134
R4217,shrub,-55046,-18536.3,4690.9,-49,1.233
R4218,shrub,30929.4,-18357,1346.7,-62.71,0.799
R4219,shrub,36424,-18844.8,1395.4,-243.54,1.214
R4220,shrub,37078.5,-18870.5,1365.7,-172.8,0.77
R4221,shrub,38334.7,-18668.1,1300.8,-188.92,1.103
R4222,shrub,39203.1,-18670.9,1244.4,47.43,1.353
R4223,shrub,40666.9,-18468.1,1364,11.59,1.33
R4224,shrub,42815.7,-18836.6,1308.1,-6.43,1.088
R4225,shrub,43829,-18760.3,1265.7,-177.04,1.201
R4226,shrub,47120.3,-19108.1,1647.9,-244.3,1.398
R4227,shrub,53016.6,-18227.2,3604.8,-169.62,1.161
R4228,shrub,-55481,-17518.5,5190.3,-139.24,1.097
R4229,shrub,-50666.8,-18140.6,3770.3,-65.86,1.15
R4230,shrub,-46033.8,-17290.8,2325.5,87.32,1.356
R4231,shrub,-15176,-17959.7,1113.7,-110.64,0.848
R4232,shrub,32892.8,-17561.5,1453.8,-136.06,1.338
R4233,shrub,36690.9,-17903.5,1466.7,34.75,0.731
R4234,shrub,48295,-18001.8,2310.4,-169.51,1.054
R4235,shrub,-58826.4,-16844.1,6028.7,-134.28,0.931
R4236,shrub,-56833,-16735.5,5721.8,-262.94,0.804
R4237,shrub,-54342.7,-17020.3,4681.9,53.49,1.148
R4238,shrub,-46933.3,-16957.9,2621.6,-111.48,1.136
R4239,shrub,-19672.5,-16371.2,1451.4,-36.39,1.35
R4240,shrub,-17957.6,-16618.1,1398.1,-48.29,1.072
R4241,shrub,29385.4,-16017.7,1444,-221.41,0.839
R4242,shrub,34723.2,-16231.8,1539.1,-40.79,0.782
R4243,shrub,35971.2,-16046.8,1461.3,-104.8,1.112
R4244,shrub,37506.2,-16560.7,1355.2,-209.22,1.276
R4245,shrub,40637.8,-16371.4,1403.5,-266.24,1.07
R4246,shrub,42660.1,-16932.3,1339,-28.51,1.204
R4247,shrub,46632.6,-16028.3,1991.6,81.54,1.397
R4248,shrub,53416.2,-16191,3204.8,-78.72,1.366
R4249,shrub,55765.2,-16966.4,4332.3,-250.78,1.343
R4250,shrub,-55188.3,-15802.8,5347.8,-17.12,1.204
R4251,shrub,-37265.6,-15402.9,1541.8,72.31,0.803
R4252,shrub,-28132.3,-15660.3,1591.3,-11.99,0.811
R4253,shrub,30230.3,-15170,1537.8,-143.15,1.266
R4254,shrub,33735.3,-15950.6,1529.9,-161.09,1.258
R4255,shrub,35893.2,-15972.7,1468.7,-57.92,0.929
R4256,shrub,41983.4,-15315.1,1511.6,-121.48,1.14
R4257,shrub,42933.2,-15126,1454.6,70.76,1.109
R4258,shrub,46058.2,-15372,2072.5,-22.55,1.148
R4259,shrub,47782.7,-15705.1,2446.7,50.45,0.787
R4260,shrub,50342.3,-15770,2849.1,-89.15,0.899
R4261,shrub,-53351.2,-14783.6,4705.2,-35.07,1.39
R4262,shrub,-35699.3,-14726,1452.8,81.69,0.929
R4263,shrub,-22102.7,-14538.5,1716.8,-129.94,0.95
R4264,shrub,-19954.3,-14311,1691.7,66.14,1.174
R4265,shrub,-16618.3,-14504.7,1424.1,-266.82,0.791
R4266,shrub,13794.3,-14481,1175.9,-91.05,1.105
R4267,shrub,28403.6,-14770.4,1473.5,-17.05,1.346
R4268,shrub,33038,-14742.1,1619.4,-117.74,1.362
R4269,shrub,35288.1,-14487.8,1541.6,-116.06,1.275
R4270,shrub,37004.4,-14633.5,1342.6,-65.04,0.945
R4271,shrub,47613.9,-14127.4,2575.8,-13.02,0.715
R4272,shrub,56327.1,-14282.8,3737.2,-259.61,1.181
R4273,shrub,56814.3,-14641.2,3909.1,-75.93,1.01
R4274,shrub,-53538.6,-13010.2,4680.2,27.57,1.203
R4275,shrub,-46089.7,-12918.4,2464.1,-102.49,1.107
R4276,shrub,-29873.9,-13650.6,1630.8,-236.16,0.796
R4277,shrub,16369.9,-13340.6,976.3,41.83,1.376
R4278,shrub,18021.5,-12835.6,1151.5,-157.63,0.747
R4279,shrub,42683.5,-13190.5,1588.5,72.26,0.852
R4280,shrub,43900.1,-13591.7,1566.5,40.9,0.874
R4281,shrub,46981.4,-12801.1,2294.5,-168.42,0.836
R4282,shrub,50194.7,-12959.1,2624.1,-174.57,0.746
R4283,shrub,-50137.8,-11813.1,3979.2,-92.2,0.778
R4284,shrub,-39339.5,-12399.4,1594.9,-234.93,1.235
R4285,shrub,-36629.4,-12301.6,1562.4,-41.84,0.875
R4286,shrub,-24814.7,-12277,1626.4,39,1.215
R4287,shrub,-22498.6,-12014,1825,-94.6,1.047
R4288,shrub,-13174,-12139.6,1236.1,-121.59,0.986
R4289,shrub,22275.1,-12547.1,1089.4,2.1,0.863
R4290,shrub,31582.7,-12142.3,1482.1,43.47,1.201
R4291,shrub,33576.7,-12676.2,1581.5,-116.02,1.375
R4292,shrub,47335,-12476.7,2208.6,-111.31,1.038
R4293,shrub,48935.7,-12679.7,2550.7,-30.74,0.843
R4294,shrub,-46615.9,-11178.4,2785.6,85.21,0.766
R4295,shrub,-30329.8,-10838.5,1845.6,-155.95,1.329
R4296,shrub,-18736.1,-11310.4,1683.6,0.03,1.337
R4297,shrub,26814.3,-10851,1255,-137.81,0.763
R4298,shrub,37803.6,-10545.2,1478.2,80.26,1.232
R4299,shrub,42489.9,-11012.3,1483.1,-0.5,1.381
R4300,shrub,44366.6,-11376.6,1405.7,-166.32,1.35
R4301,shrub,44936.4,-11324.4,1539,-28.91,0.95
R4302,shrub,49975.8,-10683,2135.4,-70.43,1.101
R4303,shrub,54307.4,-11406.9,2884.1,-191.22,1.172
R4304,shrub,-38870.4,-9936.8,1501.6,-239.72,1.261
R4305,shrub,-34506.8,-9948.4,1667.9,80.38,1.146
R4306,shrub,-31761.9,-9613.2,1841,-171.34,0.822
R4307,shrub,-21195.2,-9741.5,1780.1,69.62,1.027
R4308,shrub,18517.6,-9952.5,1265.5,-157.71,1.091
R4309,shrub,31858.8,-9578,1397.5,85.17,1.178
R4310,shrub,37470.8,-9787.6,1542.8,-241.13,1.385
R4311,shrub,42371.2,-9838.9,1372.1,-114.08,0.984
R4312,shrub,46759.7,-10046.6,1785.1,49.29,1.144
R4313,shrub,48691.2,-10152.9,2115.7,39.12,0.759
R4314,shrub,50315.1,-9597.4,2248.2,13.12,1.094
R4315,shrub,-41555.5,-8843.8,1989.4,-153.76,1.4
R4316,shrub,-37987.6,-9049.9,1494.9,-4.85,1.104
R4317,shrub,-24089.6,-8427.8,1604.1,-98.77,0.849
R4318,shrub,19633.2,-8741.8,1346.8,-104.08,0.965
R4319,shrub,23869.2,-8973.6,1364,-0.22,1.107
R4320,shrub,34801.1,-9159.9,1589.1,-111.14,1.297
R4321,shrub,47127.8,-8744.2,1991.9,-178.88,1.191
R4322,shrub,-26959.4,-7818.6,1578.2,-22.16,1.387
R4323,shrub,-25877.3,-7354.5,1577.4,30.45,0.792
R4324,shrub,20020.8,-7856.2,1445.2,-120.05,0.802
R4325,shrub,26521.4,-7786.6,1380.1,-52.02,1.058
R4326,shrub,27345.2,-7349.5,1384.7,-85.49,0.778
R4327,shrub,32157.2,-7432.3,1640.6,-235.02,0.797
R4328,shrub,33797.9,-7436.4,1725.1,-262.21,0.738
R4329,shrub,36763,-8132,1467,-144.12,0.952
R4330,shrub,42918.1,-7883.7,1246.6,-214.58,0.914
R4331,shrub,43873.6,-7633.4,1259.6,-4.67,0.803
R4332,shrub,47722.2,-8054,1916.4,-100.65,1.112
R4333,shrub,49033.6,-7360.6,1986.2,-158.95,1.24
R4334,shrub,-47400.1,-6316.6,3389,-191.03,1.144
R4335,shrub,-21425.9,-7029.4,1614.9,-129.63,1.247
R4336,shrub,-14561.5,-6828.8,1326.2,-233.44,0.811
R4337,shrub,25658.4,-6111.5,1392,-20.69,0.974
R4338,shrub,42428.1,-6187.2,1207.1,-265.18,1.222
R4339,shrub,46937.3,-6897.2,1633.9,-164.65,0.805
R4340,shrub,54919.3,-6691.3,3449.1,-216.58,1.39
R4341,shrub,-55266.9,-6061.1,5020.5,-16.43,1.377
R4342,shrub,-51874.2,-5504.1,3845.7,-219.82,1.097
R4343,shrub,-13333,-5109.1,1249.1,-248.36,1.306
R4344,shrub,21619.8,-5126.1,1502.7,-220.69,0.76
R4345,shrub,32920.6,-5907.4,1828.7,-173.79,0.887
R4346,shrub,38085.8,-5410.5,1467.7,-206.48,0.795
R4347,shrub,43992.1,-5420.6,1305.2,85.99,1.054
R4348,shrub,55888.2,-5539.7,4043.4,-165.27,1.236
R4349,shrub,32766.9,-4450.5,1771.8,-45.74,1.101
R4350,shrub,37220.8,-4421.2,1594.5,-19.96,1.39
R4351,shrub,38819.6,-4948.8,1423.2,-179.65,0.88
R4352,shrub,41112.8,-4713.8,1304.6,-208.95,0.766
R4353,shrub,43297.1,-4216.5,1368.9,10.29,0.921
R4354,shrub,45372.2,-4341.6,1501.1,-49.31,0.753
R4355,shrub,48158.9,-4614.5,1720.4,-67.71,1.247
R4356,shrub,-52138,-3769.9,3811,-253.47,1.151
R4357,shrub,-45643.7,-3397,2612,-167.13,0.953
R4358,shrub,-41064.8,-3350.8,1904.9,-225.17,0.807
R4359,shrub,-39922.3,-3072.8,1650.9,-57.07,1.389
R4360,shrub,-16515.5,-2834.2,1483.1,-18.47,0.83
R4361,shrub,33127.4,-2869.2,1688.4,-232.17,1.03
R4362,shrub,35864.7,-3562.5,1621.5,89.13,0.722
R4363,shrub,40649.9,-3666.8,1445.1,-183.39,0.701
R4364,shrub,-59000.2,-2093.6,5263.9,-87.04,1.314
R4365,shrub,38778.9,-2025.6,1680.3,-267.23,1.382
R4366,shrub,-57581.1,-1554.4,4972.1,-116.02,0.849
R4367,shrub,-41715,-1151.7,1882.7,21.34,1.067
R4368,shrub,-40099.8,-1417.5,1661.9,-251.81,1.313
R4369,shrub,27280.7,-984.9,1690.3,85.3,1.364
R4370,shrub,28402.8,-827.1,1680.1,45.13,0.964
R4371,shrub,30568.4,-725.2,1668.3,69.28,0.714
R4372,shrub,32488.4,-867,1701.1,-262.3,1.193
R4373,shrub,39278.5,-825.9,1678,-132.96,1.194
R4374,shrub,56525.6,-1089.1,4301.6,31.08,1.063
R4375,shrub,40154.8,-329.5,1650.5,59.74,1.331
R4376,shrub,42388,123.1,1480.2,-114.81,1.207
R4377,shrub,52963.2,-323.1,3204.9,66.3,0.885
R4378,shrub,54371.2,188.9,3989.1,-52.44,1.126
R4379,shrub,58233.9,246.1,4828.1,-127.1,0.738
R4380,shrub,-21999,1045.6,1546.3,-169.21,0.797
R4381,shrub,39720.8,1224.4,1686.7,34.12,1.101
R4382,shrub,48479.8,1233.2,2347.7,-105.32,0.936
R4383,shrub,14959.3,2056.9,1478.3,-161.17,1.003
R4384,shrub,19638.2,2535.7,1494.3,46,0.886
R4385,shrub,53177.3,1766.3,4393.3,23.7,1.366
R4386,shrub,-57796.6,3031.3,5233.7,43.46,0.99
R4387,shrub,-50689.3,2843.3,3968,-118.34,1.032
R4388,shrub,-49841.8,2827.4,3971.3,86.07,0.745
R4389,shrub,-47265.1,3304.3,3736,-226.06,1.007
R4390,shrub,-36534.1,3442.7,1568,-79.74,0.897
R4391,shrub,3204.9,2825.7,1286.2,-152.7,1.317
R4392,shrub,-49644.1,4310.7,3977.9,69.41,1.321
R4393,shrub,-44458.5,4582,3088,-83.18,0.929
R4394,shrub,-39532.1,4113.6,1596.8,-111.8,1.043
R4395,shrub,-31999.9,4496.1,1582,-4.61,0.721
R4396,shrub,-21088.5,4359.4,1266.6,-106.24,1.032
R4397,shrub,-16448.2,4232,1214.9,-82.25,1.357
R4398,shrub,2765.7,3916.5,1413.6,-207.59,1.147
R4399,shrub,16035.4,4670.5,1546.6,-145.61,0.924
R4400,shrub,41367.6,3961.5,1660.5,31.93,0.86
R4401,shrub,55566.9,4357.1,5356.7,-177.44,1.165
R4402,shrub,58211.9,4118.9,5493.7,-218.83,1.3
R4403,shrub,-48807.1,5776.9,3586,8.13,0.701
R4404,shrub,-45183.4,5125.7,3333.8,-150.58,1.133
R4405,shrub,-20636.8,5135.6,1216.4,-114.42,0.918
R4406,shrub,-4147.7,5880,1680.3,-158.99,0.717
R4407,shrub,20716.5,5996.4,1379.6,-246.37,1.072
R4408,shrub,40640.9,5853.9,1687.2,-219.56,1.398
R4409,shrub,-48121.7,6797.9,3485.9,-175.87,1.053
R4410,shrub,-32177,6275.4,1454.7,-241.82,1.316
R4411,shrub,-27070.6,7016.1,1440,-248.04,0.715
R4412,shrub,-24660.4,6504,1496,-207.59,1.272
R4413,shrub,-16172.4,6014.6,1098.8,-29.65,0.999
R4414,shrub,-3150.4,7060.1,1695.1,-109.74,0.958
R4415,shrub,9491.9,6206.6,1693.9,-211.41,0.728
R4416,shrub,10633.2,6230.5,1734.9,78.26,0.926
R4417,shrub,17994.7,7099.4,1433.8,35.93,0.86
R4418,shrub,20732.4,6714.9,1388,-134.74,0.998
R4419,shrub,39970.5,6229.9,1675.8,-223.56,0.709
R4420,shrub,54069.7,6921.3,3288,2.77,0.871
R4421,shrub,-54454.1,8006.5,5947.7,-131.25,1.361
R4422,shrub,-45831.9,7363,3235.1,-59.77,1.239
R4423,shrub,-39099.2,7423.2,1474.2,-2.18,0.704
R4424,shrub,-22961.4,8043,1360.6,-269.23,0.97
R4425,shrub,2475.4,7631.2,1723.5,-109.05,0.92
R4426,shrub,-52642.6,9222.2,5917.5,-201.59,1.036
R4427,shrub,-42280.8,9237.4,2304.7,-104.93,1.344
R4428,shrub,-38989.2,8486.6,1456.4,-120.13,0.779
R4429,shrub,6781.3,8832.3,1444.5,-235.8,0.851
R4430,shrub,13923.3,8695.4,1558.6,-173.12,1.34
R4431,shrub,15448.1,8692.4,1555.1,-209.44,1.167
R4432,shrub,53713,8482.6,3028.4,-51.6,0.805
R4433,shrub,-54308.2,9394,6170,-64.07,0.753
R4434,shrub,-50210.1,10331.6,4082.3,-193.2,0.702
R4435,shrub,-39815.2,10227.2,1707.6,-259.71,1.311
R4436,shrub,-21477.2,10117.5,1182,-74.94,0.901
R4437,shrub,-17180.2,9540.5,1143.8,-183.99,0.914
R4438,shrub,18733.8,9727.1,1600,-260.9,0.816
R4439,shrub,20374.2,9634.9,1641.6,-201.21,1.064
R4440,shrub,27946.4,10337.9,1678.3,-121.43,0.795
R4441,shrub,38096.5,10260.5,1662.9,-115.64,0.713
R4442,shrub,53514.1,9562.1,2916.8,20.15,1.335
R4443,shrub,-55568.8,10929.1,5833.2,-132.24,1.281
R4444,shrub,-50158.8,11009.9,3939.9,-243.52,1.175
R4445,shrub,-49367.2,10595.8,3786,-131.15,1.217
R4446,shrub,-47532.8,10904.1,2885.2,80.16,1.273
R4447,shrub,-44835.3,10659.4,2432.9,46.38,1.279
R4448,shrub,-41030.3,10988.4,2043.5,-7.93,0.702
R4449,shrub,-20134.7,10473.7,1105.7,-48.1,1.25
R4450,shrub,-2273.1,11215.9,1689.7,14.57,0.969
R4451,shrub,14511.7,11105.8,1473.8,-174.37,1.357
R4452,shrub,15878.9,10494.8,1571.4,-54.79,1.399
R4453,shrub,35629.8,11403.3,1593.3,82.83,1.33
R4454,shrub,-55543.4,12266.1,5824.8,24.54,1.294
R4455,shrub,-52764.5,12592.6,5087,12.35,0.754
R4456,shrub,-51752.6,12185.9,5043.8,-165.03,0.887
R4457,shrub,-50545.5,11674.2,4074.6,-2.29,0.724
R4458,shrub,-46606.9,11522.2,2382,-205.99,1.294
R4459,shrub,-43800.7,12502.2,1981.9,68.98,1.358
R4460,shrub,-12302.5,11865.5,1561.8,86.18,1.054
R4461,shrub,21144.5,12299.8,1524,-189.12,1.2
R4462,shrub,35558.2,12348,1581.1,-27.92,1.255
R4463,shrub,-54907,12846.9,5446.9,-167.81,0.842
R4464,shrub,-52439.4,13626.8,4867.4,-90.19,0.996
R4465,shrub,-45059.9,12812.3,2014.6,-169.61,1.075
R4466,shrub,-5401.7,12825.4,1667.8,64.15,1.164
R4467,shrub,30050.2,12945.1,1381.6,-11.95,0.843
R4468,shrub,41517.6,13240.2,1363.6,-58.68,0.846
R4469,shrub,45303.5,13023.6,1704.2,47.08,0.919
R4470,shrub,56184.3,12963.5,3681.5,-16.07,0.79
R4471,shrub,-56112.8,13913.9,5590.3,-94.03,0.723
R4472,shrub,-47904.8,14146.8,2531.5,-23.94,0.877
R4473,shrub,-45252.4,14547.1,1947.2,-76.62,0.868
R4474,shrub,-39930,14187.1,1309.8,10.48,0.97
R4475,shrub,-35836.6,14435.4,1109.5,-218.81,1.002
R4476,shrub,-7462.5,14257.1,1721.1,-81.3,0.984
R4477,shrub,-2741.3,13704.5,1599.3,-188.32,1.33
R4478,shrub,7876.4,14489,1299.4,-201.77,0.953
R4479,shrub,19554.1,13939.3,1514.8,-152.37,1.324
R4480,shrub,27226.8,13780.3,1469.1,-93.19,0.722
R4481,shrub,52584.4,14317.7,3426.5,3.3,1.123
R4482,shrub,-51893.7,15425.8,4636.1,-224.76,1.327
R4483,shrub,-45473.3,15364.9,2131.8,-90.76,1.351
R4484,shrub,-43025.3,14902.8,1922,-256.51,1.278
R4485,shrub,-32730.5,14998.6,1148.5,-94.67,0.879
R4486,shrub,5215.9,15468,1266.1,6.19,1.052
R4487,shrub,6716.6,15502,1280.1,-131.88,0.987
R4488,shrub,31118,15730.7,1328.3,-256.24,1.102
R4489,shrub,-55411.7,16716.9,4708.4,-56.84,0.884
R4490,shrub,-54382.9,16922.3,4438.5,-101.84,0.867
R4491,shrub,-51123.8,16493.9,4313.2,59.06,0.945
R4492,shrub,-38382,16055.6,1133.5,5.87,1.139
R4493,shrub,-27139.5,16553.3,867.4,-3.49,1.338
R4494,shrub,2332.7,16731.2,1517.4,-127.91,1.23
R4495,shrub,30315,16331.6,1300.5,-171.28,0.727
R4496,shrub,55105.5,16206.8,3907,-34.89,1.069
R4497,shrub,58379.4,16016,4848.4,17.22,1.11
R4498,shrub,-48405.5,17981.5,2636.4,-26.92,1.264
R4499,shrub,-44516.5,18065.6,2554.5,84.23,1.181
R4500,shrub,-42215.6,17492.3,2136.7,32.63,0.896
R4501,shrub,-38893.7,17097.1,1303.8,-78.38,0.737
R4502,shrub,-36323.8,17338.1,1050.7,-207.48,1.356
R4503,shrub,-33111.4,17577.1,968.3,-265.62,0.794
R4504,shrub,-25830.5,17834.1,833.2,-99.35,0.992
R4505,shrub,32773.9,17349.5,1254.1,-188.56,1.176
R4506,shrub,-49716.6,18716.5,3378.5,-87.02,1.08
R4507,shrub,-48746.8,18776.6,2899,-36.14,1.112
R4508,shrub,-44922.2,18738.1,2657.8,10.18,0.72
R4509,shrub,-41686,18674.7,2014.7,-230.21,1.19
R4510,shrub,-39030.7,18596.3,1390.5,76.28,0.734
R4511,shrub,-26855.6,18147.8,767.4,-26.1,1.355
R4512,shrub,-234.9,19058.9,1515.2,-149.44,1.241
R4513,shrub,1244.7,18653.8,1488.2,81.3,0.85
R4514,shrub,23678.6,18443.9,1319.6,-163.62,1.095
R4515,shrub,32232.4,18986.1,1334.9,42.59,0.703
R4516,shrub,46204.9,18768.7,2015.2,14.38,0.838
R4517,shrub,52101.2,18206.4,3134.1,23.86,0.922
R4518,shrub,55602.4,18496.5,3821.2,-5.28,1.098
R4519,shrub,-57136.6,19366.3,4851.4,-143.03,1.241
R4520,shrub,-52536.3,19667.8,4015,-139,1.187
R4521,shrub,-45088.3,19784.4,2521.5,20.99,1.246
R4522,shrub,-42440.6,19881.6,2096.8,-173.09,0.938
R4523,shrub,-36920.8,19633.8,1194,-267.83,1.096
R4524,shrub,-25815.1,19711.8,986.4,70.54,0.762
R4525,shrub,317.2,20286.2,1345.2,-98.66,0.89
R4526,shrub,27348,19329,1299.3,-79.84,1.052
R4527,shrub,34464.2,19997.3,1315.4,-10.74,1.248
R4528,shrub,-42194.9,20906.9,1953.1,14.2,0.799
R4529,shrub,-40349.6,20575.3,1379.1,-157.52,1.066
R4530,shrub,-39140.2,21173.4,1267.1,-136.45,1.385
R4531,shrub,-36581.7,20897,1098.8,-184.09,1.259
R4532,shrub,-31379.1,20878.4,766.3,-256.34,0.727
R4533,shrub,-23611.3,21069.2,1276,48.74,1.359
R4534,shrub,-18538.8,20335.1,1367.3,23.44,0.894
R4535,shrub,-18012.7,21356.9,1481.2,66.16,0.89
R4536,shrub,8156.3,21198,1360.5,-64.47,1.244
R4537,shrub,36827,21211.8,1664.6,35.78,1.09
R4538,shrub,42260.1,21373.5,1822.3,-160.63,0.998
R4539,shrub,50111.2,21361,3722.6,66.9,0.774
R4540,shrub,-57498.7,21601.2,4934,-116.68,1.226
R4541,shrub,-55701.4,21567.5,4656.1,-242.23,1.363
R4542,shrub,-49342.6,22103.8,3057.6,-156.94,1.224
R4543,shrub,-40888.3,21473.1,1457.6,2.12,1.354
R4544,shrub,-39715.8,22033.7,1276.2,-124.04,1.275
R4545,shrub,-39010.8,21793.7,1256.6,-4.83,1.389
R4546,shrub,-596.2,21783,1257.8,54.96,0.75
R4547,shrub,7277.2,22081.4,1285,-138.17,1.046
R4548,shrub,19117.1,22327,1347.5,9.42,0.914
R4549,shrub,22703,21759.7,1302.6,-163.37,0.902
R4550,shrub,24084.3,22395,1089.2,-205.61,0.937
R4551,shrub,28295,22266.9,1253.3,56.49,0.755
R4552,shrub,45576.1,22306.4,2496.1,18.06,0.826
R4553,shrub,56041.5,21889,4487.3,-146.45,0.929
R4554,shrub,-57572.4,23144.8,4995.8,-31.53,1.378
R4555,shrub,-56266,23428.3,4788.6,-124.76,1.123
R4556,shrub,-55404.7,22984.3,4816.6,-151.57,0.934
R4557,shrub,-53056.6,22807.7,3899.6,-216.13,1.095
R4558,shrub,-51537.8,22896.1,3688,-89.74,0.805
R4559,shrub,-48148.1,23178.4,3113.9,80.53,0.774
R4560,shrub,-47594.6,23490.3,2929.3,-217.65,0.705
R4561,shrub,-41760.4,22929.6,1631.9,-105.85,0.912
R4562,shrub,-19641.1,23235.1,1477.2,78.33,0.938
R4563,shrub,-12131.5,22632.2,1617.9,85.66,1.041
R4564,shrub,7018.3,23469.5,1231.7,-187.24,0.712
R4565,shrub,15484.2,22674.5,1169.7,77.61,1.309
R4566,shrub,21850.3,22886.7,1174.9,49.43,1.344
R4567,shrub,-58718.2,24068.8,5475,25.96,1.033
R4568,shrub,-44082.4,24210.3,1915.5,63.77,1.217
R4569,shrub,-42108,23713.6,1472.1,51.62,0.883
R4570,shrub,-37542.2,23798,1128,-79.94,1.054
R4571,shrub,-25698.8,23702.9,1159,-144.79,1.062
R4572,shrub,-21766.6,24140.6,1420,-259.42,0.971
R4573,shrub,-16412.6,23910.9,1595.2,-116.99,0.797
R4574,shrub,3544.7,23981.9,1222.2,-226.34,1.063
R4575,shrub,18592.4,24124.7,1078.6,-108.25,1.042
R4576,shrub,29609.9,23877.6,1238,-192.29,1.059
R4577,shrub,-58972.8,25355,5661.7,-124.21,1.198
R4578,shrub,-49502.8,25294.8,2746.5,-128.71,1.079
R4579,shrub,-43902.3,24963.5,1656.8,-56.51,1.138
R4580,shrub,-36564.2,25484.8,1050.5,-47.67,0.984
R4581,shrub,-35366,24995.8,959.6,88.11,1.293
R4582,shrub,46514.7,25607.2,2615.8,-47.32,0.945
R4583,shrub,-54669.5,26404.8,4749,-198.97,1.205
R4584,shrub,-53479.1,25992.4,4184.9,10.58,1.197
R4585,shrub,-51363,25998.1,3700.9,52.45,0.707
R4586,shrub,-45288.6,26628.6,1917.7,-74.75,1.274
R4587,shrub,-40057.2,25974.2,1282.6,70.59,0.821
R4588,shrub,-21852,25970.1,1357.9,79.22,1.064
R4589,shrub,-19006.4,26233.1,1525.1,-153.53,0.858
R4590,shrub,17720.8,26742.8,1042.3,30.26,0.719
R4591,shrub,44718.1,25866,2131.8,11.68,1.061
R4592,shrub,50763.1,25999.3,4020.7,-231.33,1.058
R4593,shrub,51486.4,26317.5,4361.2,11.14,0.876
R4594,shrub,54936.7,26283.3,5098.2,-265.49,1.208
R4595,shrub,57866.4,26680.5,5220.9,4.07,1.227
R4596,shrub,-54277.5,27066.9,4543.9,-128.11,0.96
R4597,shrub,-45712.6,26915.7,1989.3,-215.64,1.362
R4598,shrub,-36839.1,27719.5,1229.7,-249.29,1.372
R4599,shrub,-35774.3,27705.7,1245.9,81.59,1.203
R4600,shrub,-22639.6,26916.3,1408.6,50.34,0.872
R4601,shrub,-20711.6,27056,1479.4,-31.43,1.342
R4602,shrub,-15464.4,27380.7,1468.8,11.61,0.972
R4603,shrub,21935.2,27798.7,1025,-15.22,1.302
R4604,shrub,38202.8,27294.3,1739.3,-236.03,0.816
R4605,shrub,54488.7,27797.5,5322.2,-189.12,1.281
R4606,shrub,-52472.1,28372.4,3873,-241.82,0.823
R4607,shrub,-51284.1,28473.5,3831,-19.99,0.801
R4608,shrub,-46317.7,28149.1,2188.3,-259.39,1.224
R4609,shrub,-43150.6,28853.9,1270.4,-60.44,1.199
R4610,shrub,-39895.6,28692.8,1248.9,-66.1,0.831
R4611,shrub,-37719.5,28362.1,1262.9,-261.32,1.043
R4612,shrub,-36583,28952.9,1296,66.95,1.164
R4613,shrub,16564.9,28839.1,949.6,-169.69,1.242
R4614,shrub,22843.4,28835.1,1095,-91.68,0.716
R4615,shrub,40442.8,28462.7,1927.9,-176.62,1.278
R4616,shrub,50461.2,28342.2,3418.7,-131.47,0.922
R4617,shrub,-41246.9,30153.9,1279.3,15.88,1.086
R4618,shrub,-26168,29635.5,1480.8,69.28,0.774
R4619,shrub,-6042.2,29256.6,1240.4,-184.44,1.308
R4620,shrub,20095.8,29325.7,1056.1,-200.85,0.732
R4621,shrub,21242.7,29624.3,1122.9,-179.77,0.751
R4622,shrub,36976.2,30037.9,1870.2,69.87,0.719
R4623,shrub,48091.1,29733.7,2610.2,55.82,0.808
R4624,shrub,-42260,31095.9,1376.5,-105.54,0.749
R4625,shrub,40485,30224.5,2070.7,-29.64,1.37
R4626,shrub,-57406.8,31649,4631.5,28.77,0.79
R4627,shrub,-40415.8,32332.5,1175.1,-79.58,1.058
R4628,shrub,14753.9,31657.8,879.3,0.48,0.826
R4629,shrub,29810.5,32053.2,1558.6,-160.29,1.267
R4630,shrub,33897.6,32139.6,1620.8,-26.17,1.181
R4631,shrub,38678.1,32070.2,2178,80.54,0.992
R4632,shrub,-55339.3,32579.2,4133.1,53.51,0.846
R4633,shrub,-21617.1,32677.8,1763.2,-141.07,1.184
R4634,shrub,-14911.3,32408.6,1395.9,63.9,1.065
R4635,shrub,3461.3,32847.4,1244,-264.15,0.986
R4636,shrub,9005,33141.8,1244.1,-164.9,0.818
R4637,shrub,9389.9,33030.1,1240.5,-203.75,1.2
R4638,shrub,22339.2,33390.7,1073.7,-267.15,0.844
R4639,shrub,27658.1,32902.3,1366.3,-55.74,0.967
R4640,shrub,34409.8,33238.2,1861.4,21.07,0.925
R4641,shrub,34877.6,32577.6,1820.4,16.04,0.825
R4642,shrub,-49718.4,34176.4,2682.4,-86.17,1.175
R4643,shrub,-35583.6,33912.6,1416,-185.53,1.014
R4644,shrub,-15709.9,34513.6,1659.7,-192.43,1.389
R4645,shrub,19631.5,34147.6,1021.8,-94.62,1.37
R4646,shrub,23464.2,34257.8,1193.9,-35.17,0.959
R4647,shrub,29393.2,33953.2,1470.1,-9.73,1.272
R4648,shrub,34558.8,34390.9,2074,16.46,1.061
R4649,shrub,-21276.8,35438.8,1833.3,-62.21,0.937
R4650,shrub,-9856.5,34906,1463,1.16,0.814
R4651,shrub,14821.8,35003.2,1025.7,-115.76,0.924
R4652,shrub,-29881.7,35961.3,1505.8,-14.81,1.272
R4653,shrub,-20846.3,36508.7,1802.9,15.34,0.778
R4654,shrub,-12837.3,35861.4,1593,-104.24,1.118
R4655,shrub,-8222.9,36241.4,1270.1,12.17,0.873
R4656,shrub,13469.2,36693.5,1112.4,-48.86,1.024
R4657,shrub,56437.8,35870.2,5577.8,-65.73,1.018
R4658,shrub,-51133.5,37754.4,3165.8,-258.91,1.201
R4659,shrub,-34770.2,37403.9,1487.7,-41.06,1.289
R4660,shrub,-27795.2,37549.8,1528.2,-23.46,1.379
R4661,shrub,-18235.7,37702.2,1700.9,-82.4,1.14
R4662,shrub,-3683.1,37271.8,1165.9,33.86,0.97
R4663,shrub,20739.7,37003.8,1100,-166.55,1.322
R4664,shrub,27952.4,36869,1491.4,52.22,0.82
R4665,shrub,3697.6,38728.3,1141.1,-247.38,0.939
R4666,shrub,18182.2,38669.8,1094,-47.1,0.964
R4667,shrub,43191.5,38823,3486.8,-269.38,0.887
R4668,shrub,-29332.9,39193.6,1518.9,-217.92,1.326
R4669,shrub,-8627.6,40041.5,1421.7,-13.37,1.212
R4670,shrub,-1614.3,39931.7,1143.8,-129.48,0.817
R4671,shrub,-52835.7,40773.9,3242.1,-80.54,0.964
R4672,shrub,-50947.9,40607,2766.1,-191.95,0.787
R4673,shrub,-47067.7,40357.2,2535.6,-135.59,1.104
R4674,shrub,-4366.5,40889,1190.1,-59.99,1.332
R4675,shrub,-3595.4,40529.6,1148.8,-139.01,1.301
R4676,shrub,5127.5,40337,1229.9,-232.01,1.381
R4677,shrub,18588.8,41039.7,1282.8,62.57,1.293
R4678,shrub,21652.7,40208,1307.3,14.17,1.369
R4679,shrub,40188.9,40612.7,3344.9,-262.89,0.945
R4680,shrub,42588.2,40184.2,3491.4,-20.32,0.967
R4681,shrub,54180.9,40832.2,5065.9,-200.2,0.767
R4682,shrub,-57702.3,42213.7,3630.2,-184.56,0.973
R4683,shrub,-47237.3,41582.2,2415.6,-252.9,0.889
R4684,shrub,-9491,41253.9,1385.5,-78.67,1.345
R4685,shrub,8661.9,42162,1143.7,-233.33,0.806
R4686,shrub,21200.5,41831.9,1414.7,-246.71,1.321
R4687,shrub,23490.5,41677.6,1458.2,-232.2,0.985
R4688,shrub,23960.4,41613.4,1468.5,-155.34,0.803
R4689,shrub,32106.5,41797.1,1845,-66.32,1.378
R4690,shrub,42760.3,41450.6,4015,77.06,1.111
R4691,shrub,46723.1,41934.8,4037.6,-249.27,0.736
R4692,shrub,53656.2,41422.3,5088.1,49.99,1.315
R4693,shrub,59003.3,42250.5,4751.1,-242.95,1.077
R4694,shrub,-55576.3,43017,3381.6,-266.61,0.86
R4695,shrub,-44772,42636.4,2053.5,-152.83,1.317
R4696,shrub,-17362.1,43071.4,1665.3,56.87,1.281
R4697,shrub,-10581.9,43205.2,1308.3,-157.43,0.743
R4698,shrub,-9833.7,42617.4,1264.8,15.82,0.806
R4699,shrub,-7373.1,43316.3,1163.2,-97.39,1.16
R4700,shrub,-3549,43048.7,1063.8,-34.85,1.022
R4701,shrub,4394.9,43160.1,1315.6,-223.79,1.106
R4702,shrub,21094.8,42943.4,1418.4,-190.69,1.323
R4703,shrub,28764.2,42593.1,1452.9,-182.31,0.984
R4704,shrub,50414.8,42969,5541.5,-104.66,1.121
R4705,shrub,51819.6,43244.9,5131.2,-115.59,1.334
R4706,shrub,-51101.1,44263.6,3094.9,-53.6,0.764
R4707,shrub,-36042.7,44341.7,1500.5,-152.78,1.008
R4708,shrub,-22470.8,43718.9,1735.6,-197.85,0.757
R4709,shrub,-12369.5,44346.1,1514.7,-264.39,1.051
R4710,shrub,9012.6,43431.7,1053.1,35.41,1.039
R4711,shrub,30230.7,44244.8,1433.4,54.28,0.992
R4712,shrub,49369.2,44290.4,4655.5,-220.54,1.097
R4713,shrub,-34857.1,44820.5,1523.7,-206.82,1.347
R4714,shrub,-30478.4,44794.1,1967,-18.71,1.165
R4715,shrub,-26965.1,45124.9,1767.6,-46.47,1.339
R4716,shrub,-14035.7,45016.3,1510.3,-1.07,0.914
R4717,shrub,12855.5,45547.4,1372,-131.53,1.036
R4718,shrub,42798.6,45095,3210.2,52.19,1.348
R4719,shrub,-57857.6,46011.9,3769.2,41.65,1.094
R4720,shrub,-9034.3,45735.6,1348.5,-216.64,1.293
R4721,shrub,27955.2,45621.7,1250.9,77.93,0.75
R4722,shrub,39158.5,45858.1,2884.2,45.59,1.066
R4723,shrub,43640.4,46523.3,2859.1,-33.98,1.042
R4724,shrub,-30443.4,47080.8,2047.1,-118.3,0.872
R4725,shrub,-22391.9,47729.3,2082.5,-193.48,1.031
R4726,shrub,2006.5,47230.8,1827.3,-42.41,0.983
R4727,shrub,31626,46772.5,1296.3,61.56,1.006
R4728,shrub,38519.2,46820.3,2518.1,-33.24,1.294
R4729,shrub,-54837.9,48876,3516.9,-48.72,1.261
R4730,shrub,-51529.8,48762.8,3256.4,-76.14,1.291
R4731,shrub,-47990.3,48529.8,3086.3,-242.4,0.912
R4732,shrub,-34966.4,48727.8,2714.3,-72.61,1.328
R4733,shrub,-30131.7,47887.8,2239.9,-140.98,0.847
R4734,shrub,-2957.5,48422,1700.8,-188.73,0.768
R4735,shrub,750.1,48124.1,1817.7,18.8,1.138
R4736,shrub,6050.4,48381.6,2161.2,69.94,1.143
R4737,shrub,17747.4,47958.3,1572.3,-256.35,1.217
R4738,shrub,20330.9,48773,1644.7,-60.1,0.806
R4739,shrub,27762.3,48053.6,1785,-35.78,1.379
R4740,shrub,42659.2,48238.4,2485.5,-239.92,1.039
R4741,shrub,52164.1,48791.6,4323.9,-250.27,1.091
R4742,shrub,-28359.6,49826.4,2575.5,-165.96,1.275
R4743,shrub,-23441.4,49432.7,2212.7,17.17,1.055
R4744,shrub,-20835.6,49881.3,2429.6,-1.2,1.396
R4745,shrub,-11956.5,49794.7,1816,47.88,0.826
R4746,shrub,-4062.1,49331.4,1726.4,-160.08,0.778
R4747,shrub,10332.8,49496,2260.5,-183.99,0.779
R4748,shrub,13858.6,49347.1,2011.4,-242.95,1.371
R4749,shrub,56775.2,49454.1,5140.1,-174.31,1.252
R4750,shrub,59098.8,49009.8,5191.6,-222.49,0.999
R4751,shrub,-48292.8,50974.6,3107.1,-265.26,0.96
R4752,shrub,-11686,50003.2,1812.5,44.13,1.212
R4753,shrub,-8324.9,50708.7,1768.9,-233.16,0.818
R4754,shrub,-6673.4,51041.7,1760.4,-59.39,0.989
R4755,shrub,1990.1,50896.2,3310.3,18.87,0.748
R4756,shrub,17169.2,50828,2276.1,-20.11,0.736
R4757,shrub,35796.1,50407.9,2902.4,-120.06,0.899
R4758,shrub,37445.9,50787,2972.4,40.37,0.983
R4759,shrub,49644.7,50540,3184.9,-231.75,1.127
R4760,shrub,51298.4,51085.2,3774.2,-4.88,0.768
R4761,shrub,-9021.7,51646.2,2226.2,-223.55,1.311
R4762,shrub,12669.6,51381.8,2110.9,-53.48,1.17
R4763,shrub,28041.1,51633.3,2640.1,14.9,0.743
R4764,shrub,54427.9,51491.9,4429.2,-195.6,0.7
R4765,shrub,-36661.1,53253.3,3191,-194.81,0.773
R4766,shrub,40000.5,53031.1,2574.1,-87.92,0.886
R4767,shrub,47842.3,52411.7,3066.6,-21.25,1
R4768,shrub,-40533.8,54353.6,3196.8,-180.44,1.22
R4769,shrub,-16275.8,53770.3,4520.7,-181.49,0.816
R4770,shrub,16257.8,54136.9,2948.3,-78.25,1.057
R4771,shrub,23159,53837.2,3750,-8.95,0.939
R4772,shrub,25580,53441.2,3669.8,86.58,1.077
R4773,shrub,31119.8,54148,4094.6,-117.6,0.741
R4774,shrub,-58887.9,54722.7,4869.7,21.23,1.186
R4775,shrub,-56371.2,55239.9,5274.5,35.74,0.929
R4776,shrub,-3448.7,55236.5,2732.2,-39.3,0.744
R4777,shrub,21035.7,55495.7,4071.1,-138.67,1.283
R4778,shrub,38767.3,55330.3,3367.2,77.63,1.395
R4779,shrub,49969.4,55338.9,3309.7,-73.85,1.258
R4780,shrub,-52536,56535.1,3987.8,-207.68,1.275
R4781,shrub,-47622.8,56509,3659.3,-230.37,1.39
R4782,shrub,-45960.5,56298.5,3983.8,31.58,1.083
R4783,shrub,-34695.1,55534.6,3688.8,-69.43,1.153
R4784,shrub,-31228.2,55638.5,4032.4,-69.08,1.347
R4785,shrub,-11311.3,55789,4451.7,47.46,1.132
R4786,shrub,-6795.2,56255.2,4055.3,45.15,0.978
R4787,shrub,12011.7,55710.5,3153.3,73.51,1.197
R4788,shrub,18974.1,55715.9,4280.5,-13.66,1.079
R4789,shrub,28802.8,55833.6,3947.8,73.79,0.916
R4790,shrub,37794.8,55667.4,3371.6,-27.99,0.971
R4791,shrub,-13476.9,57096.4,4867.3,-180.27,1.211
R4792,shrub,26566.8,57352.4,4217,-194.99,1.282
R4793,shrub,37473.7,57339.5,3715.3,-4.99,1
R4794,shrub,43206.9,56782.4,3718,-18.63,0.794
R4795,shrub,-42985,58389.7,4438.4,-108.3,1.176
R4796,shrub,-26453.3,58642.1,4525.2,-240.62,1.201
R4797,shrub,-18207.9,57735.7,4328.9,-31.66,0.973
R4798,shrub,-7748.1,57760.1,4356.3,-76.64,1.149
R4799,shrub,-2548.6,58132.5,3961.3,20.35,0.83
R4800,shrub,55845.8,58285,4318.4,-73.27,1.26
R4801,shrub,57593.6,58509.2,5024.9,-245.09,0.815
R4802,shrub,-50939.5,58848.6,3704.7,-200.1,0.744
R4803,shrub,-48878.6,59396.8,3812,4.73,0.961
R4804,shrub,-29535.2,59230.5,5394.5,-175.44,0.851
R4805,shrub,-18917.2,59201.1,4367.2,-16.56,0.834
R4806,shrub,-14688.6,59220.9,4942.1,28.76,1.013
R4807,shrub,-11913.5,59338.7,4343.3,-107.83,1.23
R4808,shrub,610.6,59088.3,4220.6,32.89,1.213
R4809,shrub,4607.1,58837.2,4995.8,-28.22,0.881
R4810,shrub,28708.8,59223.2,3937.5,34.98,1.063
R4811,shrub,45526,58842.9,4060.3,-106.21,1.331
R4812,shrub,49576.2,58939.7,4096.3,-108.15,0.78
R4813,shrub,-4575.4,51756.3,2094.6,-131.89,1.117
R4814,shrub,-5621.4,51960.7,2119.7,-86.54,1.028
R4815,elm,-4629.5,50140.1,1718.5,-74.37,1.018
R4816,shrub,-4806.8,51996.4,2194.8,-240.5,1.177
R4817,elm,-4906.4,50601.8,1765.1,8.65,1.078
R4818,elm,-6709.5,50425.1,1667.3,-57.43,1.097
R4819,elm,-4141.4,52005.7,2195.7,42.86,1.045
R4820,shrub,-3613.5,51579.5,2182.4,-77.37,1.088
R4821,mulberry,39342.4,14601.8,1348.8,-46.6,1.071
R4822,mulberry,39180.8,17590,1489.1,-103.46,1.047
R4823,mulberry,40741.2,16489.4,1479.4,-14.29,1.039
R4824,mulberry,40464.2,15632.9,1409.2,-92.91,1.184
R4825,mulberry,40662.8,16200.3,1461.2,-219.62,0.908
R4826,mulberry,40350.2,16520.2,1483.8,-90.68,1.137
R4827,shrub,40074.2,15458.1,1419,24.1,0.917
R4828,mulberry,40151.5,15441.6,1411.3,-201.05,0.905
R4829,mulberry,41150.4,18205.4,1690.9,-88.89,1.006
R4830,mulberry,40758.8,16800.7,1493.8,-89.79,1.056
R4831,mulberry,41040.4,16593.4,1478.5,-41.22,1.069
R4832,elm,33605.7,-957.3,1666.6,-44.72,1.147
R4833,elm,34257.5,-4117.7,1671.3,-188.19,0.871
R4834,shrub,35097.3,-3379.9,1664.3,-52.1,1.106
R4835,elm,32488.6,-2102.3,1678.4,-227.08,0.999
R4836,shrub,33932.8,-4254.1,1687.6,-63.23,1.186
R4837,elm,34174.4,-2733.5,1684.4,49.06,0.91
R4838,elm,33442.1,-4386.2,1744.5,-170.34,0.916
R4839,elm,33534.2,-2750.3,1699.5,-93.64,1.094
R4840,elm,34908.1,-4323.4,1665.1,57.34,0.907
R4841,elm,34373,-2988,1687.6,-81.45,0.939
R4842,elm,34921.3,-1138.5,1704.7,-183.34,1.056
R4843,shrub,32839.2,-1843.3,1688.3,-218.24,1.169
R4844,elm,34399.6,-2504,1669.1,-91,0.968
R4845,elm,33614.9,-3777.4,1709.7,65.9,0.964
R4846,elm,34208,-1687,1664.2,-69.31,1.064
R4847,mulberry,141.9,12924.9,1570.4,88.7,1.16
R4848,mulberry,-378,12913.9,1542.2,-149.5,1.09
R4849,shrub,-2847.2,12045.8,1673.1,-134.1,1.131
R4850,mulberry,264.2,13227.1,1544.9,-197.2,0.912
R4851,shrub,-2317.4,11229.5,1688.6,-8.19,1.141
R4852,mulberry,-1525.1,12240.5,1635.5,-147.33,1.048
R4853,mulberry,-3321.1,12338.9,1622.9,-28.35,0.871
R4854,mulberry,193.3,11058.6,1705.5,-100.89,1.149
R4855,mulberry,-2427.6,10452.6,1731.7,-238.73,1.101
R4856,mulberry,-2493.9,10695.4,1719.5,-180.15,1.179
R4857,mulberry,-1544.2,11201.1,1718.7,-36.8,1.072
R4858,mulberry,-3361.2,11493.9,1657.4,-179.7,0.924
R4859,mulberry,-1532.7,11902.4,1642.7,88.13,1.143
R4860,mulberry,-2225,13299.7,1660.4,76.34,1.057
R4861,elm,-26594.4,-7124.6,1579.3,-155.74,1.086
R4862,elm,-26559.2,-4938.4,1567.9,-264.89,1.102
R4863,elm,-26299.4,-5071.6,1563,-46.63,0.911
R4864,elm,-25763,-4420.2,1577.4,-129.11,1.111
R4865,shrub,-27068.5,-6673.7,1586.6,-258.68,1.102
R4866,elm,-24627,-5451.7,1560.6,53.77,1.179
R4867,elm,-26726.8,-6027.1,1575,-111.72,0.979
R4868,shrub,-27450.1,-6272.1,1562,-128.5,1.095
R4869,jujube,33643.9,34683.9,1880.2,-236.68,0.865
R4870,jujube,32996.7,34821.3,1770.5,-46.91,0.886
R4871,jujube,33325.1,36003.5,1931.7,-158.56,1.051
R4872,jujube,32650.8,37050,1948.1,85.33,0.897
R4873,jujube,33743.5,35412.4,2005.3,-269.21,0.93
R4874,jujube,31536,35951,1643.7,-164.96,1.183
R4875,jujube,33207.1,36946.1,2023.5,-180.2,1.019
R4876,jujube,32656,34927.2,1717.3,-62.82,1.002
R4877,jujube,32610.9,36595.4,1884.8,-134.28,1.02
R4878,jujube,32273.3,37394,1870,-88.82,0.878
R4879,shrub,34601.4,36211.6,2174.7,-160.11,0.885
R4880,jujube,30895,37484.5,1619.9,38.99,1.051
R4881,shrub,-11055.9,18440.8,1500.4,18.15,0.986
R4882,jujube,-11454,16358.9,1511.7,-8.57,0.858
R4883,shrub,-11138.6,17226.3,1521.6,-243.91,0.863
R4884,jujube,-10618.6,18120,1549.1,-175.74,1.131
R4885,jujube,-11289.8,16972.2,1520.5,-205.13,1.086
R4886,poplar,-6861.7,-21063.5,1215.8,-110.08,1.052
R4887,poplar,-6944.7,-20753.3,1218.8,-66.97,0.879
R4888,poplar,-8088.9,-20897.3,1218.7,49.26,1.037
R4889,shrub,-5753.3,-22610.9,1159.3,-123.34,0.93
R4890,shrub,-8213.4,-22070.8,1149.4,70.85,0.853
R4891,poplar,-8553.5,-21535.3,1197.7,-119.11,0.962
R4892,poplar,-7597.7,-22343.6,1160.8,31.58,1.015
R4893,shrub,-8147.8,-20720,1229.4,-139.47,0.964
R4894,poplar,-6274.6,-21583.5,1176.5,-210.3,0.959
R4895,poplar,-5083.3,-21656.1,1183.8,-145.12,1.029
R4896,poplar,-31818.9,44131.5,1686.2,-227.31,1.121
R4897,poplar,-31979.1,44246.3,1724.3,-71.13,1.081
R4898,poplar,-30352.9,44280.6,1855.7,-241.21,0.958
R4899,shrub,-31843.5,44439.4,1727,-22.49,1.026
R4900,poplar,-32720.2,44051.7,1731.5,25.46,1.021
R4901,poplar,-32278.8,45530.9,1960.3,-167.72,0.916
R4902,poplar,-31244.1,42704.6,1685.8,-60.8,0.907
R4903,shrub,-32433.1,44584.1,1791.7,-196.5,1.04
R4904,shrub,-30608.8,44957.2,1965.8,-215.09,1.029
R4905,shrub,-30421.4,42810.2,1751.5,-109.71,1.199
R4906,shrub,-32471.8,44176.9,1750.5,-15.98,0.886
R4907,poplar,-30810.7,44626.6,1844.8,-41.55,0.98
R4908,poplar,-33857,44241,1620.7,62.62,1.173
R4909,poplar,-31747.7,43087.9,1653.1,-30.71,0.936
R4910,poplar,-32961.4,44923.2,1803.7,29.46,1.027
R4911,shrub,421.3,-37611.2,1298.8,4.12,1.082
R4912,mulberry,-1132,-36492.2,1242.5,83.07,0.853
R4913,mulberry,620.6,-38172.6,1347.6,-86.63,1.158
R4914,shrub,692.6,-36844.7,1230.6,-255.76,1.178
R4915,elm,-50722.5,46355,2970.3,-108.91,1.107
R4916,elm,-51439.6,47423.1,2966.4,-122.05,0.989
R4917,elm,-50635.8,47933.2,3028.2,-240.8,1.186
R4918,elm,-50642.6,47593.7,2961.4,-221.55,1.138
R4919,elm,-48847.7,47738.6,3026.9,-114.33,0.869
R4920,elm,-51579.8,46386.6,3079.4,-124.87,1.087
R4921,elm,-50056.3,47213.6,2953,-214.81,1.164
R4922,shrub,-33519.1,16977.7,1013,-176.07,1.021
R4923,shrub,-33483.7,16537.8,1060.1,-238.18,0.858
R4924,mulberry,-35698.7,18332.5,1055.7,-181.73,1.187
R4925,mulberry,-32640.7,15858.1,1082.5,-62.05,0.961
R4926,shrub,-34090.8,17785.1,994.5,-0.7,1.193
R4927,shrub,-34000.3,18777.6,1019.4,-25.33,1.061
R4928,shrub,-34052.2,17897.2,995,-0.42,1.109
R4929,mulberry,-31976.6,17654.2,1019.5,-170.61,1.12
R4930,mulberry,-33639.3,15920.1,1088.2,15.37,0.858
R4931,mulberry,-33671.7,17397,963.8,-59.51,1.075
R4932,mulberry,-34090,16040.8,1102.5,-221.4,0.854
R4933,mulberry,-33146.5,16412.2,1062,69.79,0.913
R4934,elm,-15172,12881.4,1377.1,-161.68,1.085
R4935,elm,-16565.6,12188.2,1235.2,-258.92,1.134
R4936,elm,-16776.5,12091.2,1214,-42.18,1.107
R4937,elm,-17311.5,12630.6,1284.7,-242.86,1.131
R4938,mulberry,-33707.3,33687.1,1495,-17.12,0.956
R4939,mulberry,-34476.1,33953.7,1468.2,-195.56,1.013
R4940,shrub,-32318.4,33674,1473.7,46.67,0.864
R4941,mulberry,-32805.4,33697,1487.2,-137.87,0.963
R4942,poplar,32809,22688.2,1467.6,6.59,0.94
R4943,shrub,33258.1,23130.4,1507.7,-32.55,1.122
R4944,poplar,31130.1,22803.7,1333.1,-88.36,0.971
R4945,poplar,31636.9,21449.6,1335.7,87.93,1.146
R4946,poplar,34823.8,23021.2,1625.2,-236.96,1.066
R4947,poplar,34716.2,21702.5,1564.3,10.62,1.171
R4948,poplar,33199.1,23911.9,1509.9,-20.74,0.96
R4949,elm,37088.6,-7587.5,1486,-136.14,1.126
R4950,elm,37145.1,-5418.1,1623.6,-255.18,1.009
R4951,shrub,35625.8,-8308.7,1590.9,-96.99,1.182
R4952,elm,35484.3,-8435.1,1596,27.89,1.134
R4953,elm,34028.4,-5987.5,1728.8,-135.97,0.971
R4954,elm,36028.9,-8144.9,1565.3,-129.64,1.148
R4955,elm,33837.2,-5648.1,1714.5,-27.26,1.129
R4956,elm,25714.5,53761.5,3715.2,-180.69,1.165
R4957,elm,26062,52984.8,3462.1,-214.11,0.999
R4958,elm,28115.3,53634.1,3843.7,-52.06,1.163
R4959,elm,27365.8,51973.1,2793,-235.36,0.876
R4960,elm,25770.6,54308.8,3940.5,-56.22,0.853
R4961,shrub,28304.2,51594.2,2634.4,-219.47,0.907
R4962,elm,26933.1,52207.6,3003.6,-201.79,0.855
R4963,elm,28219.9,52648.1,3129.9,-135.92,1.074
R4964,elm,28423.6,52874,3364.8,-169.63,1.079
R4965,elm,26366.2,52944.3,3397,-215.76,1.09
R4966,elm,28956.7,53802.8,3873.3,-262.45,1.131
R4967,elm,27375.4,52713.6,3177.6,-144.2,1.053
R4968,shrub,41020.8,30937.8,2078.2,30.08,1.072
R4969,poplar,39744.9,32686.3,2282,-84.11,1.065
R4970,poplar,38453.9,31446.4,2170.6,-48.9,1.021
R4971,shrub,39922.4,30169.7,2084.5,-161.08,1.106
R4972,shrub,38993.2,29386.2,2003.3,-179.76,0.878
R4973,poplar,39638.4,32826.1,2291.4,-121.88,1.037
R4974,poplar,38917,31512.3,2132.1,-191.96,1.127
R4975,mulberry,-7113.8,-27139.8,1168.5,81.13,1.197
R4976,shrub,-7767.3,-28120.3,1199.5,-79.13,1.122
R4977,mulberry,-8075.9,-26930.4,1163.2,-214.39,0.865
R4978,mulberry,-6351.9,-28075.7,1197.9,-116.68,0.936
R4979,mulberry,-8271.7,-28534.9,1225.4,-214.96,1.163
R4980,shrub,-8234.9,-25233.2,1085.7,-182.48,1.197
R4981,mulberry,-8640.8,-27348.6,1206,-205.66,0.901
R4982,mulberry,-8785.2,-26275.9,1195.9,-130.21,0.958
R4983,shrub,-8562.7,-26143.3,1150.9,-15.54,0.894
R4984,mulberry,-8777.9,-25323.1,1159.8,-189.97,0.901
R4985,shrub,-9517.3,-26899.4,1192.8,-124.02,0.961
R4986,shrub,-31348,17759.4,950.5,-176.46,0.957
R4987,poplar,-33190,17902.2,958.2,-218.04,0.982
R4988,poplar,-31936.4,18801,841.3,-167.02,1.09
R4989,poplar,-34708.2,18250.8,1050.3,68.99,1.003
R4990,shrub,-32797.8,19031.7,867.8,70.56,1.176
R4991,shrub,-31074.8,19364.7,789,-89.12,1.124
R4992,shrub,-32677.8,18982.8,848.9,2.09,1.003
R4993,poplar,-33151.9,19821.4,978.9,-131.68,0.915
R4994,poplar,-31339.5,20033.5,721.4,-30.68,1.016
R4995,poplar,-31318.1,19193.1,819.4,-236.85,1.101
R4996,poplar,-32732.7,19555.4,910.1,-75.47,0.87
R4997,shrub,-34114.2,20311.8,938,-188.07,1.145
R4998,poplar,-32028.6,16825.6,1069,-224.22,0.853
R4999,elm,11928.7,53913.3,2620.8,37.1,1.009
R5000,elm,11214.7,52700.7,2341.9,-171.4,0.854
R5001,elm,11168.6,53678.2,2538.7,57.65,1.151
R5002,elm,11856.1,52419.6,2276.5,-200.36,1.062
R5003,elm,12587.5,52657.3,2179.2,24.21,0.974
R5004,elm,11468.1,53399.5,2510.9,-34.75,1.085
R5005,elm,11167,54640.8,2997.4,66.25,1.171
R5006,elm,12105.6,54193.1,2668.4,-39.27,0.999
R5007,elm,12162.6,54734.7,2844.4,-83.46,1.062
R5008,elm,9639.9,53316.2,2407.2,42.02,1.188
R5009,elm,10979,53449.4,2422.6,-71.26,0.922
R5010,poplar,-19464.8,22044.4,1469.5,-163.34,0.967
R5011,shrub,-19544.2,20367.8,1305.5,72.39,1.013
R5012,poplar,-20313.5,21470,1391.3,-153.45,0.99
R5013,shrub,-20582.5,22193.5,1462.7,38.66,0.93
R5014,poplar,-20475.4,19936.4,1339.4,-231.45,0.974
R5015,poplar,-20238.5,20452.1,1316.8,-63.25,1.069
R5016,shrub,-20583.2,19563.3,1359.7,34.28,1.129
R5017,poplar,-20288.5,20021.1,1330.7,-222.23,1.132
R5018,jujube,-44432.4,15385.2,2156.1,-128.94,1.154
R5019,jujube,-44888.5,14533.4,1967.8,-188.59,1.025
R5020,jujube,-44293,13539.3,1919.3,-179.96,1.147
R5021,jujube,-42646.2,12880.8,1890.2,-167.59,1.023
R5022,jujube,-44117.7,13189.6,1940.5,-119.33,0.967
R5023,jujube,-42447.9,13941.4,1820,-132.29,0.949
R5024,jujube,-43426.7,11187,2287.3,-197.29,1.044
R5025,jujube,-44434.3,14101.6,1927.7,-248.79,0.91
R5026,jujube,-42280.9,12170.9,2013.5,-236.16,0.889
R5027,shrub,-44236.1,13337.5,1924.7,21.35,1.143
R5028,jujube,-44431.3,13378.4,1914.3,-29.56,1.044
R5029,shrub,-29577.7,-10952.5,1809.7,48.52,0.927
R5030,elm,-30530.3,-10722.6,1868.9,-188.07,0.885
R5031,elm,-29379.1,-9746.4,1830.2,-88.29,1.147
R5032,elm,-30513.8,-10940.7,1850.9,-183.18,0.851
R5033,elm,-31658.8,-11627.6,1779.2,-179.36,0.917
R5034,shrub,-32147.3,-10514.9,1823.4,-183.04,0.903
R5035,elm,-28559.3,-10026.7,1739.1,-101.27,0.95
R5036,shrub,-31412.3,-12119.8,1734.6,-132.88,1.17
R5037,elm,-31107.4,-10715.6,1903.3,-128.31,0.97
R5038,elm,-31282,-9248.5,1868.4,-123.06,0.945
R5039,shrub,-30015.4,-12808.1,1681.4,3.06,1.09
R5040,elm,-33215.1,4098.5,1573.7,-71.83,0.928
R5041,shrub,-33269.8,3931.1,1582.9,25.54,1.005
R5042,elm,-33570.8,4726.1,1552.9,-31.36,1.092
R5043,shrub,-33980.1,5477.5,1481.5,-253.06,1.057
R5044,elm,-33360,6058.2,1423.4,-244.69,1.191
R5045,elm,-33817.8,4905,1540.6,80.9,0.934
R5046,jujube,-1826.3,17710.8,1592.4,-252.43,1.017
R5047,jujube,-2596.5,17581.2,1565.8,-139.1,0.879
R5048,shrub,-2731.1,15386.2,1535,-71.31,1.031
R5049,jujube,-705.1,17252.2,1537.8,-99.72,1.053
R5050,jujube,-4015.5,16400,1539.4,55.62,1.062
R5051,willow,-58859.6,-34871,5256.7,-48.53,0.96
R5052,willow,-57656,-34741.8,5549,-218.48,1.092
R5053,poplar,-57114.9,-29980.3,5458,-27.84,0.968
R5054,poplar,-55063,-33796.3,5253.9,-68.09,0.995
R5055,willow,-45742.6,-32485.5,3319.7,85.95,0.986
R5056,willow,-42638.7,-31945.5,2484.9,-247.68,0.981
R5057,willow,-41141.8,-31822.8,2199,-229.78,1.199
R5058,poplar,-37046.1,-32069.5,1854.2,15.94,1.017
R5059,willow,-35721.5,-32250.8,1738.6,-176.89,0.941
R5060,willow,-31002.5,-28450.6,1536.7,-241.39,0.853
R5061,poplar,-27671.7,-33396.9,1199,-41.93,0.923
R5062,poplar,-25466.7,-29568.9,1263.7,32.36,0.938
R5063,poplar,-24142.9,-29923.6,1207.9,78.44,0.987
R5064,poplar,-20166.8,-30324.4,1216,-264.02,1.008
R5065,willow,-18937.4,-30976.6,1001.6,16.05,0.915
R5066,poplar,-16360.5,-30762.8,1009.2,73.38,1.112
R5067,willow,-13794.6,-30817.2,991.1,-161.67,1.009
R5068,willow,-11985,-35043.4,1068,-225.35,0.897
R5069,willow,-4875.9,-33545.2,975.7,15.57,0.961
R5070,willow,541.1,-32328.6,936.7,75.34,1.165
R5071,willow,2745.3,-28050.1,1035.4,43.39,0.861
R5072,willow,4187.4,-28248.8,974.5,78.36,1.142
R5073,willow,8194.7,-32514.3,1055.6,-130.5,1.058
R5074,willow,10188.2,-28108.4,1014.2,-117.93,0.894
R5075,willow,10886.3,-32390.2,946.4,-20.98,0.995
R5076,willow,12179.2,-32827.4,1018,-129.96,0.972
R5077,willow,13428.9,-33492.3,1096.1,18.12,0.904
R5078,willow,16192.8,-33932.1,1031.9,38.53,0.892
R5079,willow,17602,-34137.9,964.7,-27.5,0.901
R5080,willow,21880.1,-34821.6,967.8,-34.33,1.151
R5081,willow,26044.5,-31269.2,941.1,42.77,1.019
R5082,willow,27830.9,-34786.6,980.9,51.82,0.986
R5083,willow,30819.4,-34454.1,1062,-266.75,1.14
R5084,poplar,35152.2,-33164,1043.3,39.13,1.095
R5085,willow,37750.4,-27545.5,998.2,68.52,0.885
R5086,willow,41793.8,-26114.4,982.3,25.01,0.949
R5087,willow,43117.9,-25672.9,967.6,-72.69,0.981
R5088,poplar,46699.8,-29149.2,1200,-141.59,0.889
R5089,poplar,48188,-28675,1052.5,-202.79,0.855
R5090,willow,51311.8,-27918,1050.5,-213.38,1.14
R5091,elm,1012,16318.9,1540.3,11.2,0.98
R5092,elm,3316.7,23172.7,1244.3,-17.47,0.928
R5093,willow,-11430.5,26472.7,1545.1,-72.61,0.986
R5094,poplar,-14691.6,27032.5,1505.9,-143.91,0.898
R5095,poplar,-25537.8,29494.7,1477,-115.27,0.868
R5096,elm,14503.4,-6053.1,1287.9,-232.47,0.88
R5097,elm,23575.4,63.7,1588.2,81.33,0.881
R5098,elm,656.6,-22476.5,1218.3,-227.07,1.072
R5099,poplar,503.7,-33441.6,1107,14.1,1.056
R5100,poplar,274.1,-40563.1,1635.1,-238.08,0.893
R5101,poplar,-1539.8,-58227,6097.4,62.01,0.933