Name,Type,Asset,X,Y,Z,Yaw,Scale
R0,scatter,stump,21482,-33235.1,3908.2,-243.63,0.957
R1,scatter,stump,18823.9,-30462.2,5228.5,-89.26,1.131
R2,scatter,stump,9836.1,-28681.4,8931,-132.3,1.07
R3,scatter,fallenPine,27492.9,-28550.7,3602.2,-147.93,1.068
R4,scatter,stump,19134.7,-26728.7,4689.2,19.54,1.035
R5,scatter,stump,27150.1,-25513.2,3353.6,-20.77,0.904
R6,scatter,stump,18193.1,-24947.1,6123.2,-158.85,1.038
R7,scatter,stump,10073.6,-23508.3,7741.6,-247.45,0.894
R8,scatter,fallenPine,27383.6,-23547.3,3182.7,-112.91,1.047
R9,scatter,stump,30964.4,-23328,3436.5,-216.71,0.95
R10,scatter,stump,11477.6,-20114.7,7390.7,-54.85,0.867
R11,scatter,stump,13063,-20443.5,6231,13.26,0.922
R12,scatter,fallenPine,15203.3,-18946.5,5017.1,-214.11,0.889
R13,scatter,stump,18095.7,-17971.2,4001.6,-135.82,0.878
R14,scatter,fallenPine,27347.1,-16550,2851.2,-131.46,0.912
R15,scatter,stump,14748.1,-15917.1,4375.6,-227.21,1.005
R16,scatter,stump,22946,-15498.5,3010,-2.91,0.902
R17,scatter,stump,13806.4,-15029.8,4817.3,-233.87,1.138
R18,scatter,stump,15832.9,-11769.9,3281.2,-132.19,0.949
R19,scatter,stump,19255,-11953.2,3210.3,-24.78,1.105
R20,scatter,fallenPine,22166.2,-11900.3,2825.3,-180.95,1.101
R21,scatter,stump,22782.7,-11094.2,2615.4,-143.7,0.9
R22,scatter,stump,29276.7,-8948.7,2173.5,39.51,0.988
R23,scatter,stump,9764.6,-8265.6,3689.1,-183.03,1.141
R24,scatter,stump,-21870.4,7202.6,2313.8,-48.6,1.148
R25,scatter,fallenPine,-13463.5,7597.6,2949.7,-249.75,0.963
R26,scatter,stump,-21731.9,8341.5,2451.2,-188.25,1.051
R27,scatter,fallenPine,-20424.9,11378,3011.3,86.3,0.881
R28,scatter,stump,-24551.7,11973.4,2257.9,-267.49,1.149
R29,scatter,stump,-30231.3,13041,2112,56.75,0.927
R30,scatter,stump,-27743.1,13628.9,2204.9,-196.08,0.927
R31,scatter,fallenPine,-26313.1,14229,2485.4,-155.65,0.956
R32,scatter,stump,-15121.2,16392,4548.3,-248.32,0.952
R33,scatter,fallenPine,-8985.2,16318.2,5571.3,-3.34,0.882
R34,scatter,fallenPine,-32345.2,18040.4,2823.7,-218.3,1.087
R35,scatter,fallenPine,-13689.2,18105.4,5464.6,-226,1.004
R36,scatter,stump,-29224.9,19766.8,2969.4,82.85,0.881
R37,scatter,stump,-31431.3,20242.8,2931.5,-1.03,1.026
R38,scatter,stump,-26958,20351.9,3077.8,-177.26,0.976
R39,scatter,fallenPine,-22273.3,21570.5,3584.8,-242.34,1.148
R40,scatter,stump,-17084,25613.9,6973.1,-28.58,0.918
R41,scatter,fallenPine,-17056.6,26702.7,6014,-74.34,0.969
R42,scatter,fallenPine,-17530.8,34572.6,5233.7,-212.7,0.888
R43,scatter,fallenPine,49976.6,13471.8,2175.9,77.23,1.06
R44,scatter,fallenPine,68492.6,14276.9,4152.6,-122.73,0.977
R45,scatter,fallenPine,45513.4,16865.3,3414.8,-144.76,1.047
R46,scatter,fallenPine,52423.7,18023.1,2826.8,-94.79,0.86
R47,scatter,fallenPine,57961.2,18169.2,3473.8,-95.53,0.883
R48,scatter,fallenPine,61824.4,19241.4,4701.4,-8.44,1.009
R49,scatter,stump,54958.2,20677.5,2884.9,61.22,0.921
R50,scatter,fallenPine,49118.5,22131.5,3814.1,-112.78,0.909
R51,scatter,fallenPine,52958.6,22258.2,3426,-140.52,0.998
R52,scatter,fallenPine,47220.3,22491,4310.3,-67,1.032
R53,scatter,fallenPine,49881.7,22954.7,3690.5,-258.08,0.967
R54,scatter,fallenPine,60510,23016.9,4160,-97.58,1.095
R55,scatter,fallenPine,47145,24354.1,4584.9,-204.54,1.088
R56,scatter,fallenPine,64150.8,24108.8,4573.9,-217.65,1.143
R57,scatter,fallenPine,58411.1,25167.4,3266.8,-53.12,0.951
R58,scatter,stump,60299.6,25499.4,3705.8,-144.21,1.057
R59,scatter,fallenPine,56653.1,27268.8,3311.9,69.33,1.002
R60,scatter,fallenPine,49992,27940.8,4095.7,-122.78,1.021
R61,scatter,fallenPine,51734,28002.6,3756.7,-116.15,0.897
R62,scatter,fallenPine,55724.5,28192.9,3257.6,-253.7,1.012
R63,scatter,fallenPine,59878.7,28920.9,3497.5,-198.69,0.907
R64,scatter,fallenPine,48759,29721.3,5245.7,-141.8,0.877
R65,scatter,stump,62486.9,29713.7,4615.4,-61.76,0.965
R66,scatter,fallenPine,67065.7,29593.4,5366.7,-178.39,1.119
R67,scatter,stump,43970.9,30726,8092.7,-238.94,0.96
R68,scatter,stump,62286.6,31611.6,4447.7,-55.54,0.882
R69,scatter,fallenPine,64216.3,31685.7,5614.1,-25.43,0.925
R70,scatter,stump,65892.8,33039.5,5607.3,-144.18,1.133
R71,scatter,stump,60310.4,36295.7,4038.2,-48.44,1.145
R72,rock,1,24485,-69598.2,21654,-224.73,0.972
R73,rock,0,24334.8,-69153.1,21698.6,54.86,1.516
R74,rock,0,24463.1,-68412.6,21601.1,-253.13,0.612
R75,rock,0,24219.5,-67889.5,21680.1,66.38,0.336
R76,rock,2,25461.4,-66388.3,21701.1,-118.81,0.39
R77,rock,0,24022.6,-65806,21586.5,-201.14,0.695
R78,rock,1,24134.8,-64459.4,19379.5,-176.74,0.491
R79,rock,1,24079,-64110.4,18873.5,56.6,0.683
R80,rock,1,25697.9,-63695,18762.9,-196.84,0.318
R81,rock,1,25413,-62974.5,17439.8,-268.15,0.714
R82,rock,0,25513.4,-60654.8,15119.5,-235.19,0.454
R83,rock,2,25186.3,-59857.3,14693.3,-78.35,0.514
R84,rock,2,24166.3,-59483,14316.9,37.15,0.632
R85,rock,2,24061,-59071.6,13929.4,36.47,1.231
R86,rock,0,24018.5,-56941.8,10870.3,-244.46,1.138
R87,rock,2,25198.4,-55583.1,8711.9,-147.77,1.286
R88,rock,2,25192.3,-55138.7,8372.1,-15.12,0.374
R89,rock,2,23737.7,-54291.3,8418.4,74.54,0.745
R90,rock,2,25107.6,-53793,8342.4,81.28,0.357
R91,rock,1,23826.6,-51546.7,7259.3,-125.91,0.575
R92,rock,2,23642.8,-51090,7096.5,-1.47,0.455
R93,rock,2,23489.1,-50631,6735.3,-223.56,1.032
R94,rock,1,24923.6,-48723,4602.7,27.86,0.649
R95,rock,2,23488.7,-48298.2,4284,-162.4,1.306
R96,rock,2,25069.3,-47784,3932.1,-162.82,1.062
R97,rock,0,24959.6,-46851.9,3237.1,-40.16,0.423
R98,rock,0,25000.6,-45915.9,2875.3,-26.38,0.515
R99,rock,2,23474,-44556.4,2711,-43.9,0.416
R100,rock,0,23596.6,-43623.4,2703.6,-134.76,0.467
R101,rock,2,23538.5,-41322.7,2669.9,-184.29,0.451
R102,rock,2,24542.5,-40846.8,2674.3,-132.03,0.317
R103,rock,0,23326.8,-40418.1,2812.6,-173.2,0.983
R104,rock,0,23085.1,-36454.7,2824.5,-9.5,1.106
R105,rock,0,24458.4,-34357.8,2667.4,-235.85,0.403
R106,rock,0,24480.2,-33554.1,2700.9,53.79,1.294
R107,rock,1,24545.5,-32768.8,2718.8,18.03,0.678
R108,rock,2,24860.4,-32004.3,2812.1,82.65,0.442
R109,rock,1,24802,-29324.4,2792.7,-116.19,0.308
R110,rock,2,23334.1,-27926.1,2781.2,-7.61,0.457
R111,rock,1,23352.3,-27476.7,2792,-18.45,1.534
R112,rock,1,23558.5,-27037.7,2647.7,-8.84,0.611
R113,rock,1,23336.7,-26585.2,2774,59.68,0.326
R114,rock,2,24638.7,-26203,2686,-229.27,0.39
R115,rock,0,23356.3,-24837.9,2770.7,-211.84,0.389
R116,rock,2,23450.3,-23985.2,2799,-23.27,0.699
R117,rock,2,23696.7,-23153.5,2694.9,7.59,0.664
R118,rock,2,25207.7,-22425.1,2855.8,-223.16,0.443
R119,rock,2,25231.7,-22015.1,2799.4,-181.78,1.469
R120,rock,0,25183.8,-21193.5,2774.4,62.82,1.211
R121,rock,0,25415.7,-19598.8,2791.7,-227.61,1.123
R122,rock,0,23761.5,-19051.5,2854.5,-179.87,1.576
R123,rock,2,24151.7,-18686.5,2667.9,-135.01,0.593
R124,rock,0,24139.3,-18287,2723.1,-116.38,1.444
R125,rock,0,25174,-17987.4,2660.7,-132.53,0.99
R126,rock,1,25291.5,-17604.4,2740.7,-131.75,0.511
R127,rock,1,25419,-17224,2734.8,-88.94,0.423
R128,rock,1,25591.6,-14139.7,2462.6,23.5,0.967
R129,rock,1,25809.5,-13777.8,2440.5,-0.41,0.616
R130,rock,1,24591.6,-12511,2402.4,-176.38,0.558
R131,rock,0,24725.4,-11764.1,2368.2,-213.47,0.602
R132,rock,1,26143.7,-11140.2,2322.3,-160.57,1.516
R133,rock,1,26372.9,-10021.5,2052.6,-6.67,0.423
R134,rock,1,26060.1,-9614.2,1893,-219.91,0.606
R135,rock,1,25038.3,-7263.2,1866,53.98,0.655
R136,rock,0,26370.2,-6600.1,1734.9,-199.29,0.59
R137,rock,0,26609.1,-5851.6,1894.9,-96.67,0.334
R138,rock,0,26611.3,-5084.5,1797.7,65.05,0.369
R139,rock,1,26581.2,-4313,1769.9,-170.11,0.347
R140,rock,0,26719.9,-3933,1821.3,-156.14,0.353
R141,rock,2,26839.9,-3160.9,1898.3,-56.71,0.528
R142,rock,1,26626.4,-2763.8,1818.1,-182.42,0.385
R143,rock,1,26837.6,-2379,1896.4,-191.94,0.553
R144,rock,0,26791.8,-798.9,1882.7,-173.36,0.513
R145,rock,0,26667.1,399.7,1820.4,-212.69,0.46
R146,rock,2,26466.4,795.8,1690.6,-179.58,1.501
R147,rock,1,26543.4,1192.3,1641.4,-193.42,0.41
R148,rock,0,26658.4,2764.8,1659.2,-181.99,0.693
R149,rock,2,26605.8,3540.7,1644.6,45.32,0.429
R150,rock,0,26717.8,3932.9,1694.9,22.44,0.55
R151,rock,1,26609,4314.4,1716.1,-201.58,0.621
R152,rock,1,25339.1,5014.4,1529.4,79.39,1.34
R153,rock,0,26404.1,5838.9,1615.8,54.36,1.117
R154,rock,1,25254.7,7279.2,1513.5,-86.92,1.284
R155,rock,0,25945.2,9983.2,1555.8,-182.15,1.21
R156,rock,2,26023.4,10369.5,1621.6,-249.48,1.104
R157,rock,2,26123.9,10758.4,1612.8,-178.03,0.391
R158,rock,2,24539.3,10988.9,1638.4,-58.2,0.618
R159,rock,0,25770.6,13390.9,1617.4,-135.88,1.552
R160,rock,1,24414.1,13638.6,1615.4,-193.62,0.411
R161,rock,0,25535.2,14518.4,1526,-26.84,0.983
R162,rock,2,24211.5,15545.5,1615.9,-71.23,0.385
R163,rock,0,25526.8,16064,1588.5,-67.62,0.74
R164,rock,2,25472.5,16447.7,1571.6,-161.21,0.708
R165,rock,2,23915.8,17079.4,1727.7,-101.04,1.53
R166,rock,0,25537.1,17627.8,1643.2,81.31,0.537
R167,rock,1,25244.9,17994,1563.1,-45.45,0.371
R168,rock,2,25309.1,18395.3,1647.6,-233.37,0.302
R169,rock,1,23747.5,18649.7,1704.9,34.96,0.428
R170,rock,0,23814.9,19056.3,1619.8,-239.92,0.348
R171,rock,1,23996.5,20690.1,1557,-14.42,0.322
R172,rock,0,23659.4,21483.8,1597.3,64.67,0.372
R173,rock,1,23554,21889.5,1653.2,-42.57,0.919
R174,rock,1,23514.2,22720.9,1682.1,10.33,0.546
R175,rock,2,23475.4,23986.7,1624,-210.36,0.311
R176,rock,1,24758.2,24915.1,1555.8,-153.25,0.524
R177,rock,0,24968.4,25354.5,1702.8,-171.44,0.483
R178,rock,1,24920.1,25782.6,1698.7,-157.63,0.595
R179,rock,0,23335.4,26143.9,1642.2,-78.39,1.402
R180,rock,1,24909.1,27975.3,1671.6,-203.19,0.619
R181,rock,1,23390.8,28380.7,1650.1,-145.69,0.724
R182,rock,0,23106.7,28830,1725,-60.77,0.749
R183,rock,0,23207.8,29755.7,1714.9,-226.82,1.414
R184,rock,2,23473.8,31250.6,1520.1,-185.2,0.629
R185,rock,1,23114.2,31620.5,1680.7,85.94,0.322
R186,rock,2,23446.3,31999.3,1593,58.44,0.471
R187,rock,1,23465.9,32381.4,1548,-144.75,0.547
R188,rock,2,24861.4,33952.1,1667.7,-241.18,0.396
R189,rock,2,23491.8,34772.6,1565.8,-88.79,0.495
R190,rock,2,23434.8,35604.3,1572.9,-162.03,0.732
R191,rock,0,24706.2,36012.6,1667,-159.33,1.072
R192,rock,2,23521.2,37310,1540.6,9.26,1.471
R193,rock,2,24595,38166.6,1550.8,-136.72,1.111
R194,rock,2,23484.6,39068.5,1549.6,34.76,1.435
R195,rock,1,24611.5,39494.6,1581.3,-70.32,0.511
R196,rock,0,23372.6,39965.9,1606.4,-96.99,1.321
R197,rock,2,23492,41323.6,1588.9,47.61,0.967
R198,rock,1,24904.3,41750.1,1671.3,-81.33,0.685
R199,rock,2,23458.6,42240.7,1575.5,-51.52,1.535
R200,rock,0,25000.6,46383.2,1667.8,-135.52,0.713
R201,rock,2,24918.4,47320.7,1612.5,-195.69,1.342
R202,rock,2,23592.9,50162.7,1626.1,-140.38,0.317
R203,rock,2,23633.4,50626.4,1622.5,-82.57,0.686
R204,rock,1,24965.7,51047.9,1560.4,-165.46,1.171
R205,rock,0,23570.8,51555,1720.3,65.72,0.909
R206,rock,1,24959.6,52430.5,1555.2,-95.99,1.103
R207,rock,0,25119.1,53792.6,1604.1,89.14,0.359
R208,rock,2,25348.7,55577.9,1700.8,-260.35,0.638
R209,rock,0,23761.7,56075.1,1719.5,2.13,1.303
R210,rock,0,23834.1,56511.9,1686.4,60.85,0.651
R211,rock,2,23755.7,57814.2,1720.1,-169.27,1.348
R212,rock,0,23997.7,58232,1551.3,62.75,0.722
R213,rock,1,25357.4,61058.5,1559.6,38.58,0.544
R214,rock,2,23837.1,61507.3,1694.7,-157.45,1.458
R215,rock,2,25164,61847.7,1550.4,88.36,1.105
R216,rock,1,25197.7,62230.2,1521.8,-97,0.504
R217,rock,2,25376.4,62602.4,1642.2,23.24,1.249
R218,rock,1,24063.4,63023.6,1642,-201.64,0.308
R219,rock,1,23925.9,63396.6,1772.2,-258.97,0.563
R220,rock,1,24203.8,63749,1536.8,-144.41,0.476
R221,rock,0,23956.3,65482.2,1743.6,-5.91,0.709
R222,rock,2,24053.4,67333.8,1722.4,-199,0.567
R223,rock,2,25654.2,67842.5,1640.5,-39.16,1.585
R224,rock,0,25418.1,68120.2,1541.3,58.78,0.49
R225,rock,2,24243.8,68419.6,1681.5,-18.84,0.622
R226,rock,1,24247.2,68918.5,1603.3,-222.81,0.735
R227,rock,0,25656.1,69114.3,1608.9,-135.41,0.557
R228,rock,1,24535.9,69596.8,1578.6,-21.83,0.681
R229,rock,crag,-14971.4,-67518.2,19583.6,-26.75,6.869
R230,rock,crag,-905.8,-67975,17617.7,70.85,7.818
R231,rock,crag,-44515.2,-62488.3,14723.8,-182.76,9.864
R232,rock,crag,-33523.5,-62361.4,17458,-0.01,8.624
R233,rock,crag,-19658.3,-62355.7,16693.4,-14.31,8.476
R234,rock,crag,-14834.8,-65025,19507.8,-52.32,6.197
R235,rock,crag,-11482.6,-64820,21655.3,-63.31,10.543
R236,rock,crag,10553.3,-61325.3,13790.5,-155.95,8.766
R237,rock,crag,14574.7,-63131.5,15393.1,-62.07,8.868
R238,rock,crag,18041.3,-63365.2,21517.8,-87.87,6.054
R239,rock,crag,35608.6,-63716.4,18739,-186.83,5.29
R240,rock,crag,61815.9,-63847.8,16037.7,-157.69,9.258
R241,rock,crag,71244.4,-64784.7,21252.8,-55.14,7.378
R242,rock,crag,-65712.8,-58508.7,13119.5,22,8.925
R243,rock,crag,2131.7,-59157.5,12671.4,-129.95,9.856
R244,rock,crag,29787.5,-56012.8,13785.2,-57.11,10.191
R245,rock,crag,36631.9,-58314.5,13409,-153.57,5.535
R246,rock,crag,53226.7,-58342.7,11525.3,8.69,8.198
R247,rock,crag,69402.5,-56632.7,11600.9,-107.99,8.409
R248,rock,crag,-44669.8,-51971.2,8094.5,-140.45,7.393
R249,rock,crag,-33419.3,-53967.5,6946.9,81.44,5.299
R250,rock,crag,29311.5,-55192.9,11721.9,-190.35,6.3
R251,rock,crag,62570.6,-51128,7279,53.34,8.265
R252,rock,crag,-64916.2,-49738.3,4723.2,-73.17,8.601
R253,rock,crag,-18529.4,-49665.8,6491.1,8.8,5.196
R254,rock,crag,-15151.6,-50735.1,8379.9,86.33,6.756
R255,rock,crag,-803.6,-47237.5,7458.2,-225.15,8.794
R256,rock,crag,6618.5,-49595.7,9694.1,-35.81,9.414
R257,rock,crag,-36699.3,-39493.6,9383.5,-201.15,10.366
R258,rock,crag,-11748,-37600.4,7364.9,-122.85,6.715
R259,rock,crag,11396.3,-39764.8,7143.1,26.72,5.247
R260,rock,crag,12386.9,-37605.7,6574.9,-25.66,5.585
R261,rock,crag,41106.7,-37917,8552.3,-257.11,6.582
R262,rock,crag,-33795.2,-33875.2,10611.5,-267.92,7.121
R263,rock,crag,-17357.5,-33944.4,5494.4,-85.01,8.336
R264,rock,crag,-8228.6,-34340,10244.8,-17.31,9.267
R265,rock,crag,-5548.2,-35861.4,11768.2,-169.51,9.832
R266,rock,crag,2276.4,-33147.8,13032.7,-151.86,5.583
R267,rock,crag,11111,-34322.3,9859.7,65.46,6.046
R268,rock,crag,-19255.1,-27861.8,5366.5,50.4,7.56
R269,rock,crag,-10893.3,-29649.5,9705.4,-68.77,10.639
R270,rock,crag,36486.9,-27514.8,4802.8,-117.95,7.426
R271,rock,crag,1291.6,-23023.7,13147.7,-5.05,8.414
R272,rock,crag,7400.3,-21618.5,8573.3,-26.4,8.061
R273,rock,crag,2534.9,-8828,4546.5,-86.52,8.452
R274,rock,crag,-1940.6,15043.9,6683.8,-26.3,6.197
R275,rock,crag,4036.9,21152.2,10580.6,-212.22,7.693
R276,rock,crag,8884.7,19857.7,8124.7,-236.2,6.75
R277,rock,crag,-13602.8,23187.2,6141.7,-234.14,7.259
R278,rock,crag,1270.6,27265.5,15518.9,-146.79,9.292
R279,rock,crag,34447.3,32279.9,9434,-75.53,6.72
R280,rock,crag,40885.6,32971.5,8770.4,75.91,5.435
R281,rock,crag,50773.3,31296.2,5362.1,-135.67,10.166
R282,rock,crag,-43378,43132.1,7073.9,19.45,6.809
R283,rock,crag,-6851.8,40440.9,10440.4,-56.66,6.489
R284,rock,crag,1159.4,50046.3,5670.8,40.15,7.063
R285,rock,crag,-52406.9,57843.4,5094.3,-124.17,9.504
R286,rock,crag,-41441.8,59463.4,5769.7,12.32,5.348
R287,rock,crag,-8455,59108.2,8556.2,74.84,8.246
R288,rock,crag,53480.8,58802.7,9269.4,31.59,7.051
R289,rock,crag,61502.5,55697.2,5337.9,-105.11,9.778
R290,rock,crag,-41001.8,64169.4,13266.8,36.46,10.362
R291,rock,crag,-13965.4,61980.7,15857.3,-23.06,7.662
R292,rock,crag,-8981.8,61539.8,12428.8,-35.04,9.574
R293,rock,crag,-943.3,61178.8,15319.6,-147.28,10.518
R294,rock,crag,31934.6,60634,6127.5,-18.31,9.082
R295,rock,crag,35866.1,64297,11561.2,-116.25,8.11
R296,rock,crag,50019.9,61831.7,13958.8,-114.96,6.387
R297,rock,crag,-38486,69071.4,19226.3,-102.23,9.778
R298,rock,crag,-8057.5,65893.4,18437,-66.65,8.275
R299,rock,crag,50545.9,65390.3,20318.8,-39.54,9.841
R300,rock,crag,-40131.1,72236.1,18287.3,-139.1,10.423
R301,rock,crag,-25665.6,71785.1,21514.1,51.42,7.586
R302,rock,crag,-21219.1,71563.4,16968.7,-108.11,10.23
R303,rock,crag,-2515.5,70757.4,20398.8,-246.93,9.146
R304,scatter,deadTree,-1153.6,-69418,16632,-244.28,0.928
R305,scatter,deadTree,42884.9,-64259,20037.9,-164.59,0.96
R306,scatter,deadTree,-24350.4,-53274.9,5726.6,-80.88,0.75
R307,scatter,deadTree,29507.5,-50243.2,6789.4,35.9,0.837
R308,scatter,deadTree,47535,-55628.3,6701.5,-41.6,0.72
R309,scatter,deadTree,-65027.6,-44300.2,4285.5,-91.27,0.86
R310,scatter,deadTree,-58600.4,-45924.8,3480.6,-176.84,0.983
R311,scatter,deadTree,20552.6,-44163.3,3468.5,60.52,0.734
R312,scatter,deadTree,40209.9,-47839.4,6046.7,73.36,0.927
R313,scatter,deadTree,-49324.6,-38589.1,4908,-47.64,0.943
R314,scatter,deadTree,-48205.5,-38198.3,5348.2,-64.65,0.988
R315,scatter,deadTree,45349.1,-35690.9,6923.5,-65.57,0.768
R316,scatter,deadTree,-66124.7,-27384.1,5487.9,77.75,0.868
R317,scatter,deadTree,61494,-26537.1,3715.1,-228.99,0.823
R318,scatter,deadTree,-44578.7,-19481.7,3820.6,-98,0.751
R319,scatter,deadTree,4380.9,-17301.5,8088.6,81.44,0.84
R320,scatter,deadTree,47637,-17344.7,2347.3,-33.08,0.974
R321,scatter,deadTree,-51696.1,-13310,2623.3,-61.39,0.751
R322,scatter,deadTree,-23640,-10684.8,2540,-32.93,0.9
R323,scatter,deadTree,15202.2,-13898,4391,-111.24,0.981
R324,scatter,deadTree,48206.6,-13477.6,2158.6,-186.73,0.756
R325,scatter,deadTree,-67735.5,-6166,4755.3,-37.03,0.728
R326,scatter,deadTree,-55893.7,-6240,3321.5,-20.37,0.762
R327,scatter,deadTree,-16764.5,-4972.3,2370.1,-19.22,0.806
R328,scatter,deadTree,34217.9,-1018.2,2079.2,-15.5,0.769
R329,scatter,deadTree,-53469.9,6782.4,2902.8,-87.35,0.872
R330,scatter,deadTree,-33407.5,1175.8,1936.5,-144.55,0.919
R331,scatter,deadTree,33085.5,5611.2,1936.7,68.86,0.927
R332,scatter,deadTree,-69469.1,7392.9,4567.4,-65.96,0.821
R333,scatter,deadTree,-55896.1,12238.8,3047,-156.18,0.726
R334,scatter,deadTree,13981.4,19170.6,6077.1,53.41,0.788
R335,scatter,deadTree,39570.8,20191.4,5136.8,31.46,0.704
R336,scatter,deadTree,57920.3,22768.5,3030.2,-170.45,0.88
R337,scatter,deadTree,11070.1,33957.6,8332.9,-162.15,0.735
R338,scatter,deadTree,45166.1,33333.3,7711.6,85.44,0.818
R339,scatter,deadTree,-60752,38410.3,4666.6,-80.78,0.965
R340,scatter,deadTree,-28321,36293.5,4222.3,-205.55,0.882
R341,scatter,deadTree,31064.1,35570.8,8134.7,58.58,0.954
R342,scatter,deadTree,46882.6,35947.9,6010.8,-57.36,0.981
R343,scatter,deadTree,-60833.1,43162,4061.1,-58.63,0.919
R344,scatter,deadTree,-27816.7,46414.3,2858.2,-174.57,0.794
R345,scatter,deadTree,-13786.1,45054.1,4850.2,-95.2,0.83
R346,scatter,deadTree,66719.5,42522.8,5463.1,-177.76,0.75
R347,scatter,deadTree,-9440.9,50661.6,4252.8,66.08,0.75
R348,scatter,deadTree,9101.8,50839.1,3658.1,-60.56,0.928
R349,scatter,deadTree,32823.8,55867,5238.7,34.1,0.983
R350,scatter,deadTree,38792.3,50452.6,3789.2,-15.95,0.84
R351,scatter,deadTree,46243,49596.1,2888.2,-257.81,0.757
R352,scatter,deadTree,52030.1,54489.3,2834.1,-200,0.828
R353,scatter,deadTree,62338.7,54590.6,3670.4,-11.45,0.941
R354,scatter,deadTree,18062.5,64502.4,13592.1,-19.85,0.887
R355,rock,0,-69366.8,-69853.3,23057.3,89.11,0.645
R356,rock,1,-66603.3,-69418,18766.7,-30.54,1.671
R357,rock,1,-62971.6,-69224.4,16630.7,-253.61,0.605
R358,rock,0,-58745.2,-69215.6,20438.5,-70.74,2.443
R359,rock,2,-53205.6,-69329.9,22138.7,34.24,0.633
R360,rock,2,-50232.4,-69373,24355.5,37.69,0.621
R361,rock,2,-49686.1,-69963.9,24323.6,-173.36,0.326
R362,rock,0,-47825.2,-69478.3,25211.7,-150.88,0.303
R363,rock,0,-44813.2,-69601.3,19847.1,-269.74,1.644
R364,rock,1,-41650.3,-69910.7,20053.9,-266.79,1.586
R365,rock,0,-40100.7,-69867.8,19193.5,-91.28,2.448
R366,rock,2,-37227.6,-69349.4,19457.1,-159.7,0.532
R367,rock,1,-35942.3,-69281.7,20801.1,-15.17,1.974
R368,rock,0,-35398.2,-69197.3,21726.8,-112.35,1.815
R369,rock,1,-32089.2,-69482.7,21219.8,-243.29,2.048
R370,rock,2,-30469.2,-69672.1,21479.7,-187.72,0.547
R371,rock,1,-29746.6,-69177.5,23092.5,-243.11,1.201
R372,rock,0,-28801,-69997.4,22826.4,-110.53,3.04
R373,rock,1,-23350.3,-69226.8,19430.1,-125.65,1.517
R374,rock,1,-11050.9,-69240.6,23475.3,4.52,2.544
R375,rock,1,-8056.6,-69334.2,22401.5,-150.65,0.47
R376,rock,2,-5358,-69978.1,17290,-188.62,1.417
R377,rock,1,-2631.2,-69883.1,16782.8,4.11,0.276
R378,rock,1,3811.1,-69999.9,19073.4,-97.63,0.601
R379,rock,0,18245.8,-69334,18495,-189.48,1.147
R380,rock,0,19700.8,-69714.6,22982.7,-132.52,0.508
R381,rock,1,20196.9,-69991.4,23271.6,-19.52,3.161
R382,rock,0,32280.2,-69378.2,21585.6,-31.33,0.501
R383,rock,1,36058.6,-69479.9,18831.3,-22.17,1.933
R384,rock,0,39213,-69624.3,16639.3,-1.4,0.488
R385,rock,0,40978.7,-69703.1,16810.1,-50.62,0.343
R386,rock,1,45762.6,-69528.8,19056.5,-45.16,2.957
R387,rock,1,47196.6,-69548.1,20205.7,59.59,2.002
R388,rock,0,48191.1,-69598.1,20177.6,-46.85,2.287
R389,rock,2,62030.6,-69182.6,17854.1,-79.02,1.643
R390,rock,0,62747,-69400.9,17845,-258.16,1.65
R391,rock,1,69431.1,-69170.9,22906.2,-137.17,2.092
R392,rock,0,69704.1,-69818.7,21996.4,-138.96,0.324
R393,rock,0,-69938.8,-68588.3,20812.4,-109.76,2.72
R394,rock,2,-66523.2,-68429.7,16076,-125.13,1.976
R395,rock,2,-65848.7,-68214.8,15130.9,-266.43,1.365
R396,rock,2,-59337.4,-68706.9,18275.4,-117.3,1.296
R397,rock,1,-58722.6,-68830.4,20071.2,-238.64,1.583
R398,rock,0,-56731.1,-68748.3,23548,-183.88,1.084
R399,rock,2,-56290.8,-68228,23960.4,-261.81,1.298
R400,rock,0,-44768.8,-68917.8,20242.3,-121.22,2.565
R401,rock,0,-43890.4,-68827.9,19703.7,-199.23,0.295
R402,rock,1,-40924.3,-68586,17678.9,-1.33,0.271
R403,rock,2,-38449.4,-68298.3,18681.7,40.96,1.051
R404,rock,1,-37254.7,-68692,19867.1,-45.12,1.423
R405,rock,0,-36697.2,-68850.2,20193.6,-128.24,2.967
R406,rock,0,-35351.1,-68464.6,21986.7,-161,0.367
R407,rock,2,-31267.3,-68238.7,22730.4,-40.74,2.915
R408,rock,0,-26553.3,-68520.8,22059.7,-54.62,2.63
R409,rock,1,-21060.8,-68622.2,18262.9,-142.38,0.417
R410,rock,1,-19067.2,-68691.9,18452.9,-79.48,1.136
R411,rock,1,-15225.1,-68926,20757.2,-89.85,0.573
R412,rock,0,-14636.6,-68747.8,21530.7,-173.44,0.552
R413,rock,0,-12213,-68313.8,23155.8,-107.91,2.585
R414,rock,2,-10631.2,-69088.9,23552.4,-28.33,0.568
R415,rock,1,-10532.5,-68531.9,23450.3,-23.33,2.42
R416,rock,1,-6682.4,-68766.9,21120.4,62.36,1.456
R417,rock,0,-5935.7,-68717.1,19989.2,-83.89,2.259
R418,rock,2,-4841.9,-68806.1,17133.1,-92.92,1.803
R419,rock,2,-2347.8,-69027.7,16598.7,50.88,0.634
R420,rock,1,-257.6,-68369.1,18151.7,39.21,2.167
R421,rock,0,1265.7,-68643,18136,-204.85,0.489
R422,rock,0,5427.4,-68607.3,20171,-185.97,0.444
R423,rock,0,7451.5,-68978.5,17846.5,-18.38,0.602
R424,rock,2,9625,-68793.1,14453.3,-117.77,1.339
R425,rock,1,12491.8,-68222.2,14154.4,71.59,3.014
R426,rock,0,13003,-68792.3,15183.9,-227.93,2.405
R427,rock,0,14627.3,-68973.8,15928.5,0.3,0.283
R428,rock,1,16704.6,-68471.4,16066,-14.15,2.963
R429,rock,1,18633.4,-68810.9,19084.8,-71.28,2.682
R430,rock,1,21971.8,-68370.8,23728.2,-184.55,2.522
R431,rock,1,22907.7,-68931.6,22134.7,-45.65,0.453
R432,rock,0,45381.6,-68431.4,20771.9,-185.53,1.958
R433,rock,0,51210.2,-68340,20643.5,-27.98,2.015
R434,rock,0,56785.6,-68594.5,16454,-218.33,0.613
R435,rock,2,58781.6,-68202,15747.3,68.23,1.592
R436,rock,0,66635.7,-68837.8,18732.3,24.78,0.25
R437,rock,2,67443.8,-68530.8,19553.3,-222.58,0.425
R438,rock,2,68687.1,-69094.8,21026.5,-27.4,2.29
R439,rock,1,69880.7,-68225.8,22870.5,-69.46,2.802
R440,rock,2,-67930.8,-67961.2,18568,-3.14,3.123
R441,rock,2,-60347.1,-68162,17282.9,-46.63,3.185
R442,rock,1,-58766.4,-68056.4,18136.8,-119.31,2.671
R443,rock,1,-58109.3,-67312.7,19517.6,11.18,1.23
R444,rock,0,-49858,-67571.6,24053.2,88.13,1.614
R445,rock,2,-48218.3,-67589.6,24914.4,84.76,1.353
R446,rock,0,-44623.5,-67565,22495.8,-107.38,1.284
R447,rock,1,-32014,-67524.2,22596.7,-61.38,2.5
R448,rock,1,-26108.9,-67635.8,20170.6,51.58,2.834
R449,rock,2,-20183.6,-67541.2,17370,2.92,1.417
R450,rock,0,-5006.8,-67616.2,18797.5,-14.33,2.352
R451,rock,1,-2727.4,-67498.5,17348.3,-142.15,1.001
R452,rock,0,-927.9,-67453.9,18743.9,-102.5,1.515
R453,rock,0,-492.4,-67679.8,18985.1,-99.2,1.707
R454,rock,0,956.2,-67714.6,19451.5,-128.97,2.209
R455,rock,2,2295.8,-67525.8,19648.4,-70.89,2.483
R456,rock,2,5264.2,-67493.6,21166.9,-149.3,1.075
R457,rock,0,6605,-67442.5,18849.8,-145.53,2.51
R458,rock,2,7532.9,-67526.8,17962.5,-128.54,0.625
R459,rock,2,9245.5,-68060.5,15651.3,-20.71,1.365
R460,rock,1,14788.8,-67770.1,16306.7,-186.78,1.5
R461,rock,1,16719,-67651.9,15855.6,66.55,2.94
R462,rock,2,17653.5,-67513.4,16105.2,-201.12,1.581
R463,rock,1,18505.6,-67786.4,17192.8,-191.76,3.129
R464,rock,2,31102.2,-68013.4,21532.9,-195.91,0.379
R465,rock,2,36179.6,-67478,21619.9,-49.27,2.876
R466,rock,2,37263.8,-67383.8,20354.9,-198.39,1.708
R467,rock,2,42078,-67892.3,18948,63.2,0.435
R468,rock,0,47386.6,-68038.2,21558.7,-257.86,0.503
R469,rock,2,50598.8,-68027.4,21303.8,52.46,3.12
R470,rock,0,52511.9,-68136.1,20121.7,10.54,0.305
R471,rock,1,58681.2,-67844.7,15797.2,-213.58,1.383
R472,rock,1,60377.5,-67531.5,17549.5,-82.9,0.599
R473,rock,2,62875.4,-67496.6,16487.8,-134.84,1.053
R474,rock,2,-63103.7,-67080.2,13602.2,-69.59,0.536
R475,rock,2,-62131.9,-66988.3,14049.6,-213.35,0.546
R476,rock,1,-61593.6,-66725.5,14447.9,-205.25,2.432
R477,rock,0,-58088.3,-66689.5,19199.6,11.79,2.447
R478,rock,2,-46510,-66691.4,24821.3,-47,1.373
R479,rock,0,-42773.6,-67245.5,19681.7,-223.94,0.626
R480,rock,1,-41623.1,-67041.5,18809.3,88.08,1.542
R481,rock,2,-37762.2,-66653.5,19992.3,-27.28,1.51
R482,rock,2,-37022.6,-66599.7,20647.2,-207.01,2.791
R483,rock,1,-33987.7,-66852.6,20894.4,39.08,1.383
R484,rock,1,-30624.1,-67227.2,24512.9,-108.24,2.82
R485,rock,1,-28676.8,-66418.6,24343.3,-219.47,2.675
R486,rock,0,-28421,-66765.4,23561.9,-253.65,2.153
R487,rock,2,-23741.1,-66879.6,18017.9,-260.6,2.728
R488,rock,0,-15612.7,-66589.3,18644.1,-198.41,0.257
R489,rock,0,-14688.6,-67118.7,19428.4,-51.53,0.619
R490,rock,1,-8818.7,-67190.9,21862.3,-40.02,0.367
R491,rock,0,-6643,-66523,19971.7,-200.53,3.034
R492,rock,2,-2943.5,-66488.3,18195.5,-118.44,1.066
R493,rock,1,1334,-66429.1,18672.3,-59.74,3.07
R494,rock,0,2726.8,-66815,19242.3,-220.29,3.036
R495,rock,2,3720.5,-66632.3,21363,-3.92,0.6
R496,rock,0,4290.6,-66562.7,21288,-47.38,0.423
R497,rock,2,6870.7,-66570.2,18274.2,33.21,2.315
R498,rock,2,7649,-66881.1,17437.3,-218.98,0.58
R499,rock,1,8627.3,-67214,17693.9,-130.17,0.571
R500,rock,0,12097.3,-67051.5,14427,-261.12,0.426
R501,rock,2,14141.4,-66545.4,16314.5,-168.89,2.173
R502,rock,1,17090.3,-66789.8,16026.9,-89.91,0.323
R503,rock,0,19911.6,-66901.1,20731.7,-68.92,2.272
R504,rock,0,21723.5,-66509.2,23316.2,87.58,0.363
R505,rock,1,23924.5,-67149,21804.8,-167.7,0.397
R506,rock,2,26772,-66751.1,21963,-145.52,0.429
R507,rock,1,30022.2,-67209.1,21054.6,-87.48,0.299
R508,rock,1,32293.2,-66852.7,22462.5,-170.48,2.127
R509,rock,0,35784.4,-66789.8,22310.2,-131.18,0.485
R510,rock,0,42325.7,-66542.8,19640.8,9.71,1.062
R511,rock,2,44383.2,-66817.4,20165.2,24.77,0.455
R512,rock,0,47429.4,-66984.3,20813.8,-137.6,0.487
R513,rock,0,51381.9,-67189,20726.2,-243.07,3.066
R514,rock,2,60871.4,-66981.1,18419.7,-165.55,3.192
R515,rock,0,63435.7,-66636.2,16003.5,-127.57,0.424
R516,rock,2,64516,-67092.1,17660.4,-186.57,1.043
R517,rock,2,66943.5,-66516.9,20226.6,72.34,2.912
R518,rock,0,-65686.8,-66280.3,13727.4,-151.73,2.712
R519,rock,1,-64567.1,-65676.3,14905.2,62.02,2.41
R520,rock,1,-59923.7,-65707.5,15002.6,86.01,1.605
R521,rock,2,-56302.8,-65898.4,21881.3,-255.09,1.686
R522,rock,0,-53072.7,-66160.6,22787.7,32.74,1.027
R523,rock,2,-47502.9,-66329.4,22897.2,-153.6,1.763
R524,rock,1,-46931.9,-65741.1,22492.6,64.5,0.503
R525,rock,0,-45187.1,-65911.9,22326.9,-36.54,2.964
R526,rock,2,-44600.7,-65542,21254.3,-116.92,1.297
R527,rock,1,-38091.2,-65769.2,22513.2,-174.81,1.18
R528,rock,2,-36776.3,-65877.3,21480.1,-48.66,2.813
R529,rock,2,-33343.3,-65966.3,21305.5,-186.29,0.381
R530,rock,1,-32200.2,-66172.1,22757.1,-216.53,0.479
R531,rock,0,-29801.2,-65550.7,24279.8,-258.37,1.258
R532,rock,1,-28978.5,-66381.7,24649,34.62,1.094
R533,rock,2,-23577.6,-66129.4,16840,1.01,0.345
R534,rock,0,-20207.1,-66110.5,15563.3,86.88,0.508
R535,rock,1,-17905.9,-65534,16976.2,-147.37,0.455
R536,rock,1,-15663.2,-66395.6,18421.8,-98.79,1.355
R537,rock,2,-12031.1,-65971.5,21642.1,-266.54,1.873
R538,rock,2,-6429.8,-66384.5,19800.7,49.79,1.399
R539,rock,0,-785.5,-65535.3,19528,-136.09,1.041
R540,rock,2,-526.9,-66180.1,19697.7,-137.14,2.407
R541,rock,1,5599.7,-65933.9,20963.4,-117.51,0.409
R542,rock,2,12202.8,-66260.6,14863.8,-115.23,0.456
R543,rock,0,13649,-66373.1,16204.2,4.87,0.394
R544,rock,0,14208.3,-65961,17447.6,-30.27,1.27
R545,rock,2,15109.6,-65968.9,17725.7,44.39,1.273
R546,rock,2,17231.1,-65735.6,18307,-10.39,1.927
R547,rock,2,21152.4,-65568.5,21965,-215.26,1.917
R548,rock,2,29284,-65869.1,21619.6,-82.64,1.094
R549,rock,2,29956.9,-66163.4,20972,-230.32,3.057
R550,rock,0,36766.1,-65536.6,20484.3,43.76,0.354
R551,rock,2,38586,-65720.7,19298.4,-258.21,1.506
R552,rock,1,40708.7,-65777.9,17820.3,-22.58,0.286
R553,rock,0,41676.6,-66049.2,18392.5,-58.51,2.855
R554,rock,2,47367.2,-65618,19334.9,-153.46,2.488
R555,rock,0,48206.6,-65782.8,19195.2,-8.85,2.597
R556,rock,1,53301.3,-66281.9,20001,-226.72,1.468
R557,rock,0,55760,-66064.8,17225.7,-101.1,0.3
R558,rock,0,58604.6,-66230.8,16921.2,-128.27,1.603
R559,rock,1,58874,-65839.8,16766.2,84.43,3.023
R560,rock,0,60256.7,-66134.7,17342.9,26.29,0.602
R561,rock,1,60804.5,-65502.5,15750.8,3.94,0.272
R562,rock,1,61608.7,-65614,16314.9,-2.73,2.487
R563,rock,1,64836.8,-65698.8,17067,28.87,0.393
R564,rock,2,65556.1,-65737.5,18514.3,21.21,0.577
R565,rock,1,66046.3,-65867.3,19588.7,-127.87,0.662
R566,rock,1,68539.4,-66148.2,21722.5,-8.98,0.436
R567,rock,2,70272.3,-65612,22582.1,-70.12,1.933
R568,rock,1,-63920.3,-65494.5,15039.4,-199.95,2.835
R569,rock,2,-62825.6,-64748.4,15588.7,-160.33,0.352
R570,rock,1,-61125.3,-64871.4,15515.4,-151.76,0.28
R571,rock,1,-59485.7,-65460,15497.1,77.37,3.113
R572,rock,1,-59116.2,-64928.5,16129.8,-79.85,2.288
R573,rock,1,-54648.5,-64744.9,22161.2,-261.72,0.326
R574,rock,0,-52893.2,-64979.6,22200.9,25.82,0.414
R575,rock,1,-51295.7,-64897.7,22955.2,1.24,2.414
R576,rock,1,-50971.3,-64612.4,22224.7,-231.48,1.842
R577,rock,2,-47878.3,-64941.6,22801.5,30.46,1.96
R578,rock,1,-46464,-65145.1,20873.5,-53.88,2.501
R579,rock,2,-44824.9,-64870.3,19616.4,58.16,1.91
R580,rock,0,-44653.4,-65294.9,20506.4,-252.65,2.771
R581,rock,1,-40649.7,-65399.5,20073.1,-196.02,0.665
R582,rock,1,-35082.9,-65449.3,20603.9,-158.75,0.373
R583,rock,0,-34565.2,-64738.4,19286.4,-163.77,1.048
R584,rock,1,-33676,-65001.2,21040.5,32.08,0.326
R585,rock,2,-32999,-64717.9,20655.5,84.63,3.017
R586,rock,0,-29530.5,-64776.3,22723.3,-10.85,0.597
R587,rock,0,-27516.2,-64931.8,20988,-144.7,0.61
R588,rock,1,-25140,-65076.5,19234.2,-108.8,1.719
R589,rock,1,-20046.3,-64845.5,15356.2,-47.69,1.27
R590,rock,0,-19042.6,-65271.7,16014.9,-247.59,0.255
R591,rock,2,-14317,-65148.1,20320.5,-100.26,0.585
R592,rock,1,-6905.6,-64817.2,21466.1,-210.17,3.054
R593,rock,2,-4785.3,-64946.3,19406.6,-127.36,1.983
R594,rock,2,-2106.8,-64855.9,20187.1,34.05,2.265
R595,rock,1,425.8,-65429.5,18923.3,-174.69,2.031
R596,rock,0,2997.8,-65045.8,18733,-225.84,2.036
R597,rock,2,6382.2,-65171.9,18690.9,-100.08,2.984
R598,rock,0,7228.1,-64923.4,17206.4,73.69,3.075
R599,rock,0,10283.2,-65240.8,15667.7,-206.76,1.576
R600,rock,0,11095.9,-65278.3,15254.9,-63.91,0.542
R601,rock,0,12770,-64731.4,15479.6,-187.07,1.486
R602,rock,0,14601,-65379,16518.1,-184.14,2.166
R603,rock,1,18730.8,-65396,20352.6,-0.65,1.448
R604,rock,1,19500.8,-65346,21384.4,-78.88,2.697
R605,rock,0,20848.9,-64808.2,21424.8,-87.6,2.802
R606,rock,2,30360.4,-64888.9,19696.8,-181.62,2.029
R607,rock,2,34124.6,-64890.3,19229.5,-146.21,0.437
R608,rock,1,37360.5,-64806.7,19707.6,-69.52,2.964
R609,rock,0,41040.5,-64650.1,18587,-178.39,1.689
R610,rock,2,44479.3,-65144.6,20010.9,-197.37,1.917
R611,rock,1,45794.8,-64747.6,21636.3,-245.6,2.117
R612,rock,1,46882.1,-65317.9,20066.4,51.81,2.876
R613,rock,0,48696.8,-64819.8,18650.1,-95.57,1.313
R614,rock,2,48817.9,-65166.3,18922.8,-231.63,0.35
R615,rock,1,49743,-65019.7,19319.4,16.2,0.292
R616,rock,1,52589,-65018.6,20848,-10.07,2.18
R617,rock,0,53822.1,-65340.4,20168.8,39.31,0.321
R618,rock,0,54377.7,-64915.8,20516,-207.4,2.344
R619,rock,0,56118.5,-64786.1,16322.9,-73.28,1.401
R620,rock,1,58822.1,-65256.5,15249.9,-82.91,0.401
R621,rock,2,61096.1,-65003.7,15022.2,-254.54,2.331
R622,rock,1,62863.6,-65333.6,17111.3,85.5,0.393
R623,rock,1,-67719.6,-63745,11387.5,7.62,0.376
R624,rock,2,-62605.3,-64207.5,15862.6,-66.13,0.345
R625,rock,2,-61361.4,-64426.9,15444.3,88.85,1.048
R626,rock,1,-59823.5,-64215.3,15575.1,-180.24,0.659
R627,rock,0,-56449.6,-63936.2,20435.4,-0.16,3.1
R628,rock,0,-54874.3,-64554.9,22347.8,37.38,2.593
R629,rock,0,-48519.3,-64064.1,21274,-133.61,1.707
R630,rock,0,-47441.9,-63736,19466.2,-206.9,2.133
R631,rock,2,-43845.5,-64553.5,17962.8,-147.25,2.527
R632,rock,1,-42278.3,-64259.5,18589.5,-74.6,2.001
R633,rock,2,-41046.9,-64172.7,18768.6,-89.04,0.331
R634,rock,0,-38783.8,-64309.5,19932.3,64.91,1.74
R635,rock,2,-37060.9,-64521.2,18737.3,-35.44,2.931
R636,rock,0,-36140.5,-64426.6,18072.2,-89.55,3.1
R637,rock,0,-28506.2,-63845.2,22421.7,-28.02,0.587
R638,rock,0,-24581.3,-64097.7,18675.2,-255.51,1.912
R639,rock,1,-20119.9,-64108.5,15932.4,57.87,2.343
R640,rock,1,-17489.1,-64077.6,18259.6,-193.57,2.746
R641,rock,2,-9938.3,-63766,19924.8,60.56,0.544
R642,rock,1,-9144,-64014,19638.9,-224.95,2.206
R643,rock,2,-8664.7,-64152.5,19768.7,-180.46,0.331
R644,rock,1,-7302.3,-64147.3,19898.3,-258.19,0.481
R645,rock,0,-974.7,-64321.6,18906.8,-38.31,1.978
R646,rock,0,4040.4,-64401.9,21246.1,-8.94,0.624
R647,rock,2,5560.8,-64288.6,19700.3,-243.25,2.707
R648,rock,0,12168.8,-64272.4,15226.3,57.61,0.695
R649,rock,0,13879.3,-64556.4,15218.4,40.6,3.036
R650,rock,1,17609.7,-63859.7,20347.7,78.27,1.385
R651,rock,2,20912.2,-64073,20180.2,-249.16,0.651
R652,rock,2,27814.3,-64251.9,20973.3,-168.64,1.4
R653,rock,1,31488.1,-64257.7,18734.6,-23.36,1.568
R654,rock,0,33210.2,-64227.5,19339.8,-192.29,0.371
R655,rock,0,34685.2,-64511.3,18604.1,27.3,2.398
R656,rock,0,36325.4,-63704.6,20353.2,-131.02,1.438
R657,rock,1,37774,-64014.1,20051,-69.87,3.129
R658,rock,2,39712.3,-63780.5,19269.8,-139.36,1.073
R659,rock,2,42938.5,-64221.8,20134.7,-266.92,0.276
R660,rock,2,46431.5,-64126,20673.6,-158.83,2.756
R661,rock,2,52219.7,-64417.1,20519.9,-14.19,2.507
R662,rock,0,55083.1,-63909.7,18642.7,-151.94,2.204
R663,rock,1,56029.4,-63823.9,16009.9,-208.98,0.27
R664,rock,2,61261.5,-64373.7,14967.2,-85.26,2.577
R665,rock,0,62612.9,-64439.4,16529,-42.33,0.414
R666,rock,2,63464,-63910.7,18156.9,-14.99,2.092
R667,rock,2,-65155.2,-62830.5,14386.8,-171.26,0.578
R668,rock,2,-63220,-63248.3,15478.8,-212.94,2.038
R669,rock,0,-61535.3,-63009.1,15147.5,78.74,2.084
R670,rock,1,-60416,-63421.7,15706,-71.52,1.751
R671,rock,0,-56808,-63684.2,19441.5,-183.14,1.295
R672,rock,0,-56004.8,-62983.1,17362.5,2.99,2.439
R673,rock,0,-55264.1,-63601.6,19251.5,-125.51,0.678
R674,rock,0,-54198.9,-63580.1,18387.8,-11.1,1.856
R675,rock,0,-52224,-63502.5,20211.4,-169.86,1.515
R676,rock,2,-50165.5,-63448.7,21370.5,85.87,1.837
R677,rock,0,-46001.3,-63077.6,17092.5,-101.37,1.625
R678,rock,0,-44849.1,-63636.1,16541.9,64.61,0.585
R679,rock,0,-43184.2,-63036.5,16270.5,-61.16,1.382
R680,rock,0,-40151.8,-63015.4,17520.2,52.38,1.577
R681,rock,2,-37311.5,-63427.3,16610.1,-239.9,2.142
R682,rock,1,-34054.7,-63188.2,16490.1,-115.1,3.181
R683,rock,2,-31494.3,-63277.6,20950.3,-207.92,0.507
R684,rock,1,-31009.5,-63150,20512,36.19,2.15
R685,rock,1,-25621.7,-62853,19771.3,-118.73,1.881
R686,rock,1,-23347.5,-63639.4,16105.6,-111.97,0.382
R687,rock,1,-22014.8,-63362.8,15186.7,-64.01,0.438
R688,rock,1,-20016.7,-63023.3,16053.9,-219.54,2.909
R689,rock,2,-18501.9,-63047.9,17053.7,-129.33,0.681
R690,rock,1,-17647.7,-63199,18235.9,-234.29,2.86
R691,rock,1,-15301.5,-63578.6,18724.3,-118.13,1.087
R692,rock,2,-14482.8,-63137.4,19840.4,-207.25,0.408
R693,rock,0,-11444.4,-63098.8,22823.7,-43.93,0.467
R694,rock,2,-6217.8,-63301.3,19596.8,-224.65,2.732
R695,rock,0,-5186.9,-62819.8,18831.4,-205.55,2.554
R696,rock,1,-1929.4,-63059,17057.8,-130.41,2.149
R697,rock,0,-1426.2,-63563.9,17200.5,-188.44,2.206
R698,rock,2,3786.6,-63584.4,20264.2,-156.35,1.488
R699,rock,2,4491,-63144.8,21795,-246.69,3.022
R700,rock,1,5717.2,-63337.3,18533.5,-123.07,0.384
R701,rock,2,7792.3,-63418,16049.9,-99.92,0.445
R702,rock,1,10557.9,-63224.5,15191.2,-227.34,2.531
R703,rock,1,14319.1,-63295.3,15175.8,-221.33,1.3
R704,rock,0,19189,-63056.8,21096.9,-236.6,2.508
R705,rock,0,20367.4,-63326.1,20029.1,-228.33,0.467
R706,rock,2,36698.9,-63108.6,19774.8,39.83,0.542
R707,rock,2,38600.9,-62955,18363.9,-145.75,0.342
R708,rock,0,39976.5,-63119.7,19387.5,-148.23,0.415
R709,rock,0,44448.2,-63511,20483.4,-29.21,0.309
R710,rock,0,45848.4,-63146,20287.8,-212.38,2.825
R711,rock,0,46363.2,-62844.4,18559.1,-218.58,3.018
R712,rock,0,47168.5,-63471.2,18513.3,-167.25,3.134
R713,rock,2,52173.6,-62817.5,19118.6,18.02,2.139
R714,rock,2,53797.4,-63525.1,21700.4,12.4,0.318
R715,rock,0,55865.1,-63371.8,16645.3,-104.21,1.442
R716,rock,2,57557.2,-63166.8,14717.1,9.14,3.018
R717,rock,2,60221.3,-63211.5,14769.3,-151.38,2.951
R718,rock,2,69411.4,-63121.6,18256.2,-24.48,2.519
R719,rock,2,-65663.1,-62295.4,13367.5,-77.6,3.108
R720,rock,0,-64962.9,-62331.6,14260.6,-208.31,1.658
R721,rock,2,-61644.9,-62271.8,15196.5,-108.46,1.251
R722,rock,2,-60695.6,-62364.6,15210.6,14.32,0.271
R723,rock,2,-58425.4,-62248.3,16797.4,-168.23,1.639
R724,rock,0,-57245.9,-62360.8,17251.9,-167.03,2.465
R725,rock,0,-55443.4,-62391.2,15808.7,-109.32,1.694
R726,rock,0,-49685.7,-62646.9,19921.5,-42.14,0.336
R727,rock,0,-47822,-62222.2,18178,-46.64,1.257
R728,rock,0,-41133.8,-62755.2,17681.6,-202.91,0.47
R729,rock,0,-37849.8,-62457.2,16286.1,77.92,1.454
R730,rock,0,-35849.5,-62580.5,14840.6,-70.78,0.308
R731,rock,1,-31911.7,-62171.8,18078.2,-129.81,2.838
R732,rock,1,-28140.6,-62170.5,20769.8,45.89,1.076
R733,rock,2,-25734.7,-62185.2,20501.5,-144.85,2.77
R734,rock,2,-24575.5,-62189.2,19824.1,63.1,2.59
R735,rock,2,-19708.3,-62257.2,16857.1,-128.1,1.979
R736,rock,2,-13179.2,-62701.4,20744.4,-203.41,0.631
R737,rock,0,-12030.7,-62191.8,21190.9,-185.15,2.534
R738,rock,2,-11011.6,-62011.7,21901,-101.01,0.405
R739,rock,2,-1350.2,-61901.4,16151.5,-224.91,0.301
R740,rock,1,3864.8,-61951.7,20188.3,-70.66,0.444
R741,rock,1,5997.5,-62655.8,16956.3,24.27,1.508
R742,rock,1,9787.9,-62055.2,13928.7,-145.99,2.845
R743,rock,0,11601.3,-62080,13469,-47.98,2.117
R744,rock,2,15885.7,-62458.1,17108.2,-3.85,1.673
R745,rock,2,22625.3,-62280.5,16484.9,-219.37,0.656
R746,rock,2,26306,-62476.5,17233.7,87.44,0.504
R747,rock,0,27464.6,-62041.9,17193.7,-237.45,0.415
R748,rock,0,28379.6,-62162.8,18253.7,-57.65,1.037
R749,rock,0,31524.6,-62117.3,17820.7,-97.12,1.031
R750,rock,2,37299,-62550.8,18948.7,-67.57,2.962
R751,rock,2,39239.7,-62062.1,19548,-1.65,1.82
R752,rock,2,41458,-62184.6,18631.2,29.1,1.729
R753,rock,0,43057.3,-62480.8,18347.4,70.54,2.016
R754,rock,1,47203.2,-62121.3,16759.2,73.05,2.839
R755,rock,0,50568.8,-62047.9,14992.2,-69.31,2.024
R756,rock,1,53860,-62714.9,20392.3,-106.2,0.606
R757,rock,0,54795.4,-62021.1,19021.4,-122.09,0.451
R758,rock,0,56451,-61910.6,18083.7,-122.95,1.593
R759,rock,1,57083.3,-61977.9,17243.7,-109.62,0.285
R760,rock,1,59036.3,-62592.7,14587.4,-204.93,2.554
R761,rock,2,62129.4,-62251,17200.3,50,0.583
R762,rock,1,62448.9,-62395.2,17383.6,-239.54,0.616
R763,rock,0,64841.6,-62227.1,19711.3,-57.87,2.864
R764,rock,0,65437.1,-62449.5,20608.5,-214.64,1.586
R765,rock,1,68219.4,-62324,18859.3,-197.94,0.436
R766,rock,1,-60996.7,-61057.8,15064.3,-78.16,0.578
R767,rock,2,-58659.9,-61060.1,16564.7,-15.75,1.259
R768,rock,2,-55611.1,-61054.6,13992.1,-264.21,2.368
R769,rock,2,-54200.3,-61461.1,15198.3,-59.33,0.657
R770,rock,0,-52687,-61884.3,15039.3,-100.2,0.515
R771,rock,2,-49736.5,-61126.3,15349.1,-35.04,1.017
R772,rock,1,-46760.5,-61080.2,16193.2,-4.98,2.148
R773,rock,2,-45307.7,-61084.1,14553.3,83.49,0.679
R774,rock,0,-41534.7,-61354.3,16436.5,13.92,0.646
R775,rock,1,-32036,-61827.8,17549.7,-246.13,1.685
R776,rock,1,-31051.6,-61878,18170.4,-171.73,1.089
R777,rock,1,-30088.4,-61876.2,19262.7,-147.92,1.906
R778,rock,1,-29243.2,-61583.2,19244,-119.05,1.8
R779,rock,1,-28345.8,-61040.2,17479.8,-135.91,2.56
R780,rock,2,-25925.1,-61530.7,18744.2,-88.27,1.296
R781,rock,1,-24287.5,-61373.2,18695.3,17.15,2.324
R782,rock,0,-22839.4,-61661.2,16474.6,-26.66,2.541
R783,rock,0,-21193,-61778.7,16985.4,-265.32,2.287
R784,rock,0,-19674.1,-61758.9,18154.3,-73.48,1.273
R785,rock,2,-18378.4,-61482.7,17741.4,-83.73,0.682
R786,rock,1,-14797.1,-61217.2,18858.3,-185.4,0.493
R787,rock,2,-10653.4,-61701.4,20813.1,-87.45,2.751
R788,rock,2,-10045.4,-61066.7,18409.7,-11.96,1.837
R789,rock,0,-9342.1,-61261.6,16965.7,-245.77,1.359
R790,rock,2,-6876.1,-61484.3,15318.6,-231.99,1.944
R791,rock,1,-4918.7,-61510.3,16200.2,37.92,1.985
R792,rock,0,-3674.1,-61702.9,19371.3,-51.02,0.638
R793,rock,0,5224.9,-61216,18697.3,-36.18,0.356
R794,rock,1,8261.3,-61106.1,13623.9,-212.87,0.47
R795,rock,0,18763.7,-61178,15814.4,-186.91,1.383
R796,rock,2,33717.4,-61354.3,16597.6,-41.09,1.477
R797,rock,2,40847.5,-61586.5,18510.5,4.9,2.701
R798,rock,1,43832.1,-61838.4,19029,-74.42,2.461
R799,rock,2,46554.3,-61105.5,15307.2,-84.69,2.865
R800,rock,2,47702.8,-61208.2,13655.7,-161.6,2.126
R801,rock,0,49217.6,-61806.4,13412,-219.81,2.509
R802,rock,0,53017,-61796.6,17318.2,73.06,1.933
R803,rock,0,57364,-61059.4,17831.2,-90.76,1.41
R804,rock,2,59387.3,-61713.2,16557.3,1.48,0.566
R805,rock,0,64531.4,-61634.7,19108.1,-257.94,1.843
R806,rock,0,66631.7,-61056.4,18166.2,-123.75,3.022
R807,rock,2,-69561,-60818.4,12240.5,-234.38,0.458
R808,rock,0,-67628.4,-60724,11533.6,-17.69,0.479
R809,rock,0,-66480.8,-60162.4,12729.9,37.64,1.748
R810,rock,0,-65695.2,-60298.7,13545.2,48.08,0.514
R811,rock,2,-65114.1,-60136.9,13811.6,-118.8,0.449
R812,rock,0,-59956.8,-60163.9,15879.2,-237.03,0.337
R813,rock,2,-58894.3,-60371,15411.4,-82.6,2.916
R814,rock,2,-57282.7,-60894.3,14355.8,-131.51,2.978
R815,rock,2,-49778.5,-60485.3,13466.8,-226.95,1.413
R816,rock,1,-48409.4,-60328.6,14873,-87.96,1.977
R817,rock,2,-48288.6,-60487.4,15783.4,-163.8,1.357
R818,rock,2,-45102.8,-60173.9,14267,-2.47,1.882
R819,rock,1,-40480,-60311,14616.5,-181.86,1.314
R820,rock,2,-38792.1,-60767.2,14713.5,43.75,2.515
R821,rock,0,-34416.9,-60554.9,14354.7,-184.21,1.781
R822,rock,1,-33770.9,-60932.3,14592.7,2.73,2.528
R823,rock,1,-25998,-60882.2,17238.6,-211.03,1.279
R824,rock,1,-22810.9,-60430,16402.1,-11.69,1.055
R825,rock,1,-19792.2,-60784.2,18546,-86.86,1.526
R826,rock,0,-15583.7,-60128.3,17940.5,-226.87,0.449
R827,rock,0,-14110.4,-60252.8,17664.5,-50.05,2.951
R828,rock,0,-12084.3,-60675.7,18690.2,-148.6,0.487
R829,rock,2,-11448.4,-60373.3,18076.5,-166.29,1.955
R830,rock,2,-9187.4,-60789.6,16478.9,57.52,1.643
R831,rock,2,-3075,-60272.2,16927.5,59.84,2.696
R832,rock,1,-2102.1,-60352.3,16329.3,-104.94,3.019
R833,rock,1,1115.2,-60160.1,15172.1,39.41,0.309
R834,rock,0,4657.6,-60777.2,18323.9,-201.65,2.245
R835,rock,1,5227.4,-60909.1,18306.4,-85.55,0.669
R836,rock,1,6506.4,-60165.1,17390.7,-96.15,2.845
R837,rock,0,9580,-60560.9,13693.5,-201.47,2.96
R838,rock,2,10252.7,-60427.9,14022.8,-264.16,0.61
R839,rock,2,12974,-60602.1,15222.9,-158.96,1.845
R840,rock,1,14306.1,-60222.1,17157.4,-227.47,3.016
R841,rock,2,15596.7,-60814.6,18288.2,-102.78,1.479
R842,rock,2,19457.8,-60920.5,16073.6,-46.98,1.665
R843,rock,1,26320.1,-60532,15493.6,-28.26,1.686
R844,rock,0,28497.2,-60871.1,17670.2,-48.76,2.149
R845,rock,2,30775.9,-60915.4,16773.7,-134.55,1.721
R846,rock,2,31563.7,-60831.2,16933,-111.36,0.274
R847,rock,1,33973,-60484.4,14372.1,-176.33,2.51
R848,rock,1,38310.5,-60905.9,18773.7,57.05,2.51
R849,rock,2,38943.4,-60255.9,18886.5,59.56,2.425
R850,rock,0,43744,-60157,17270.2,-226.93,0.459
R851,rock,1,47431,-60527.7,12210.8,-138.76,2.11
R852,rock,1,49114.5,-60912.1,11065.6,-197.74,1.116
R853,rock,1,50513.2,-60158.7,10545,-235.79,1.381
R854,rock,2,50606.4,-60853.7,12055.1,17.71,0.613
R855,rock,0,53047.8,-60465.3,15804.2,-266.49,1.571
R856,rock,1,54597.7,-60277.5,17478.1,-266.02,1.442
R857,rock,0,61754.5,-60858.9,15944.5,-97.59,2.359
R858,rock,2,65774.6,-60898.2,17351.7,-61.35,0.454
R859,rock,0,68277.1,-60501.3,18183.2,-61.99,1.246
R860,rock,1,-67185.7,-59931.8,11065.5,-199.9,1.386
R861,rock,1,-66339.8,-59892.2,12455.2,-177.64,0.531
R862,rock,0,-65229.1,-59875.8,13785.7,-235.91,1.712
R863,rock,1,-59974.8,-60059.2,15673.5,-202.59,3.107
R864,rock,0,-53452.5,-59385.6,12890.9,-105.33,1.42
R865,rock,0,-51833.3,-59684.3,13115.1,-53.64,2.722
R866,rock,0,-49977.6,-59509.3,11352.7,-251.11,2.021
R867,rock,0,-48578.4,-59841.4,13118.8,-165.92,2.887
R868,rock,2,-47625.2,-59491.7,14200.3,-198.32,1.513
R869,rock,0,-45820.6,-59706.1,13581.8,48.4,0.683
R870,rock,0,-44655.1,-59527.1,13512.1,-203.36,1.174
R871,rock,0,-43744.2,-59469.1,13890.6,88.98,1.309
R872,rock,0,-41264.1,-59418,13713.4,-111.99,0.278
R873,rock,2,-37988.6,-59474.9,14102.8,24.61,0.369
R874,rock,2,-36809,-59516.4,13969.4,-70.47,0.689
R875,rock,2,-35247,-59384.4,13514.9,-81.25,2.96
R876,rock,2,-33523.1,-59342.6,14426.7,-254.2,0.582
R877,rock,0,-32324.7,-59902.1,15847.7,-79.56,3.147
R878,rock,2,-30491,-59822.7,15426,27.65,1.606
R879,rock,0,-26911.3,-59309,14196.3,-2.98,1.627
R880,rock,0,-23798.6,-59323.7,13252.2,-232.92,1.565
R881,rock,2,-19075.6,-60095.7,16762.6,-92.81,0.427
R882,rock,0,-17509.7,-59751.8,16396.6,73.23,2.326
R883,rock,2,-16280.8,-59601.4,19029.5,-54.66,1.121
R884,rock,0,-15098.5,-59893.7,17715.8,-182.53,1.178
R885,rock,0,-14030.1,-59237,16331.7,-70.8,2.025
R886,rock,2,-7826.2,-59604.6,14182,-193.52,1.232
R887,rock,0,-4565,-59909.3,14503.3,-2.96,2.682
R888,rock,1,-3795.6,-59538.1,15875,-165.88,0.564
R889,rock,1,-3134,-59268.4,15245.5,-90.41,2.738
R890,rock,2,-1659.5,-59338.7,14319.8,52.65,2.755
R891,rock,1,577.6,-60091.9,15104.3,-128.34,1.107
R892,rock,1,3212.3,-59489.7,13981,-121.01,1.768
R893,rock,0,7721.5,-59299.9,14337.1,64.11,0.686
R894,rock,0,9632.8,-59850.5,13737.2,-139.1,2.544
R895,rock,0,11192.4,-59794.1,14320.8,54.74,0.486
R896,rock,0,12669.5,-60071.4,14805.1,-184.48,0.298
R897,rock,1,14578.1,-59925.3,17945.6,-243.72,1.706
R898,rock,2,15740.2,-59579.9,18395.1,75.13,0.386
R899,rock,0,16558.2,-59773.8,17648.4,-33.87,1.954
R900,rock,2,28163.1,-59714.2,18072.1,84.64,2.785
R901,rock,1,33927.3,-59846.4,13526.8,-145.29,1.176
R902,rock,0,34614.3,-59795.5,13393.4,51.13,2.204
R903,rock,2,40631.2,-59702.5,17096.5,-66.12,0.571
R904,rock,2,43597.6,-59929.2,16837.9,81.01,1.015
R905,rock,1,51888,-59336,11004,-137.84,1.011
R906,rock,2,53420,-59781.4,14895.2,-90.07,2.076
R907,rock,1,55940.9,-59847,16830.3,-154.67,0.558
R908,rock,1,57543,-59746.2,16423.4,-221.8,1.441
R909,rock,2,62901,-59902.6,14725.2,-184.84,0.547
R910,rock,1,66064.1,-59771.1,16565,-182.99,0.481
R911,rock,1,69731.1,-59811,15668.4,9.54,0.63
R912,rock,0,-66896.6,-59009.1,10461,42.32,0.324
R913,rock,0,-62169.8,-58684.7,14398.5,-76.46,1.248
R914,rock,2,-61861.3,-58805.2,14825.5,-171.61,2.347
R915,rock,0,-59940.9,-58385.2,12299.3,-96.36,2.337
R916,rock,0,-59144.5,-58963.9,13139.7,-70.98,1.14
R917,rock,0,-57777.3,-58834.6,12435.2,80.09,0.64
R918,rock,1,-55156.6,-59123.6,13312.1,-192.97,0.674
R919,rock,0,-53412,-58488,10874.2,-111.54,0.3
R920,rock,2,-50130.8,-58650,10361.7,-41.98,0.327
R921,rock,0,-42530.6,-59079.6,13221.5,-68.23,0.348
R922,rock,0,-36600.3,-58662.9,13727.2,-74.58,2.945
R923,rock,0,-34691.3,-58944.8,12902,-162.06,1.969
R924,rock,1,-24512.2,-58532.1,11945.9,-214.09,0.608
R925,rock,0,-23804.4,-58660.1,11906,-169.68,1.764
R926,rock,2,-21998.9,-58341.6,14905.6,-259.46,2.201
R927,rock,0,-21226.4,-58469.7,16055.7,-89.23,2.813
R928,rock,0,-19831.8,-58548.9,16563.2,-56.32,2.867
R929,rock,2,-18932.1,-58447.1,15854.8,-181.84,3.016
R930,rock,2,-17869,-58731.8,15854.6,-226.68,1.32
R931,rock,2,-16787.7,-58820.2,17011,-30.73,0.457
R932,rock,1,-14522.1,-58650.6,16153.3,-227.62,2.054
R933,rock,0,-12108.6,-58744.2,15358.3,-122.23,2.004
R934,rock,0,-10962.2,-58489.9,14790.7,-70.82,0.608
R935,rock,2,-544.4,-59190.3,14489.5,5.72,2.304
R936,rock,2,3418.4,-58918.1,12676.1,-107.67,2.763
R937,rock,0,5138.2,-59156.2,15374.1,-105.16,0.469
R938,rock,1,9987.7,-59007.2,13664.7,-120.58,3.035
R939,rock,0,10635.2,-58629.6,14531.3,-256.7,2.006
R940,rock,0,11759.1,-59063.4,14651.6,15.41,3.161
R941,rock,2,13597.9,-58944.9,17227.8,25.99,2.946
R942,rock,1,14316.4,-59065.9,18331.7,-19.93,3.055
R943,rock,1,16192,-59150.8,17657.9,32.17,1.748
R944,rock,0,16718.9,-59115.5,17658.1,-157.27,1.534
R945,rock,1,19837.9,-58567.6,15338.9,14.65,0.582
R946,rock,1,27047.5,-58906.8,15962.7,-63.91,0.69
R947,rock,1,31820.4,-58670.8,13675.5,-240.23,3.042
R948,rock,1,34691.2,-59036.5,12595.7,-1.64,0.689
R949,rock,0,36141,-58587.9,12497.7,-96.25,3.061
R950,rock,2,37199.1,-59060.6,14722.5,-48.59,0.555
R951,rock,1,38398.4,-58647.2,15501.2,-182.6,1.706
R952,rock,0,39189.5,-58406.8,15409.3,-193.79,2.665
R953,rock,2,42805.4,-58714.9,16654.8,-54.36,1.655
R954,rock,1,46729.5,-58635.7,11270.5,-20,2.349
R955,rock,2,53259.9,-59148.5,12982.1,-266.43,3.068
R956,rock,2,55086.5,-58843.8,14356.8,-60.55,0.481
R957,rock,2,56735.8,-58641.7,14483.7,-1.02,1.613
R958,rock,0,57683.7,-59019.9,15368.8,-118.74,2.947
R959,rock,1,59043.8,-59059.8,15513.5,-119.72,2.671
R960,rock,1,60309.1,-58675.8,13846,-173.93,3.123
R961,rock,2,64038,-58509.9,15169.3,-57.23,1.155
R962,rock,0,65364.4,-58359.2,15899.7,-172.88,0.574
R963,rock,1,66472.9,-58895.8,15853.8,-133.18,1.33
R964,rock,2,68295.1,-58462.7,15397.6,-191.07,1.486
R965,rock,1,-65832.8,-57426.7,12605.1,-264.03,1.674
R966,rock,1,-61614,-58078.4,13287.7,-162.52,3.138
R967,rock,1,-58580.8,-57868.4,10642.7,51.14,2.259
R968,rock,1,-56673.7,-57819.4,10993.1,-74.08,2.22
R969,rock,1,-50045.2,-58035.9,10609.5,-9.04,0.676
R970,rock,1,-47095.3,-57905,12001.2,-246.18,2.22
R971,rock,1,-45847.1,-58276.4,11319.6,-11.9,0.286
R972,rock,2,-44892.1,-57871.7,10564.1,62.34,1.16
R973,rock,1,-42951.1,-57598.3,11355.8,45.48,1.314
R974,rock,1,-40659.1,-58005.5,11918.3,-74.9,2.469
R975,rock,2,-40011.1,-57560.4,11545.2,-200.18,1.204
R976,rock,1,-38802.8,-57651.5,13436.8,-217.11,2.51
R977,rock,0,-37875.4,-58080,13677.9,-112.29,0.423
R978,rock,0,-37077.2,-57424.4,12869.8,44.12,1.765
R979,rock,0,-32449.7,-57505.1,13691.3,52.71,1.3
R980,rock,2,-31206.3,-57725.3,11917,-205.78,0.405
R981,rock,1,-27358.4,-58231.2,13242.4,-169.96,1.571
R982,rock,1,-24320.9,-58175.9,11250,-188.79,1.813
R983,rock,1,-22925.7,-57437,11464.9,-36.06,2.934
R984,rock,1,-19648.7,-58133.9,15824.7,-184.89,1.24
R985,rock,2,-17908.1,-57684.4,14599.6,-114.94,0.59
R986,rock,1,-11910.2,-57406.4,14627.5,-65.06,1.596
R987,rock,2,-9730.6,-58105.4,13873.3,70.63,0.549
R988,rock,0,-4781.6,-57840.2,14300.7,-72.48,1.809
R989,rock,0,-3757,-57855,14484.7,-101.58,2.572
R990,rock,1,-1898.6,-58144.4,12591.5,-7.11,2.947
R991,rock,1,1525.7,-57961.5,11310.3,17.33,0.263
R992,rock,0,5421.1,-58248.7,13434.6,-113.12,1.924
R993,rock,1,7024.5,-57799.6,11984.1,52.45,0.297
R994,rock,0,10091.8,-57828.8,13312.4,-237.43,0.672
R995,rock,1,10278.3,-58189.2,13560.2,-30.76,1.087
R996,rock,2,11286.3,-57494.9,14662.1,-182.26,2.293
R997,rock,2,15564.6,-57682.1,16029.7,-250.35,0.368
R998,rock,2,17901.9,-58144,15715,-112.47,0.326
R999,rock,2,18470.8,-57642.4,14840.3,-256.84,2.745
R1000,rock,0,19630.9,-58233.9,15029.9,67.33,0.587
R1001,rock,1,21301.2,-57478,13425.6,80.52,1.491
R1002,rock,1,28062.3,-57543.3,14323,24.64,1.133
R1003,rock,2,28941.5,-58165.7,17167.2,53.2,2.89
R1004,rock,1,30820.7,-57451,14859.1,-13.55,2.779
R1005,rock,0,33218.8,-58004.2,12582.6,58.95,1.481
R1006,rock,0,39406.2,-57967.5,14711,-15.95,1.125
R1007,rock,2,42140.5,-57803.8,15193.7,-258.42,2.707
R1008,rock,2,43168.3,-57501.7,12510.6,-149.8,2.775
R1009,rock,2,47604.4,-57869,9317.5,-0.34,2.745
R1010,rock,1,51372.6,-58157.2,9403.8,-109.29,0.294
R1011,rock,1,53539.1,-57557.2,11074.8,-250.05,1.848
R1012,rock,0,55149.6,-58262.5,13347.7,-97.12,0.426
R1013,rock,1,60206.6,-57740.8,13143.8,-7.22,0.417
R1014,rock,1,65807,-57638.2,14578.9,-202.37,0.578
R1015,rock,2,68026.6,-57475.8,14116.2,1.95,0.661
R1016,rock,1,68852.7,-57610.3,14053.1,-122.68,2.635
R1017,rock,1,70100.6,-58172.9,14312.9,-254.98,2.026
R1018,rock,0,-62716.3,-56578.1,11052.6,-33.88,3.019
R1019,rock,0,-61076,-56687.8,9859,18.54,1.708
R1020,rock,2,-60346.7,-57335.7,10753.8,-53.88,3.138
R1021,rock,2,-38528.2,-57283.1,13034.3,-40.46,1.025
R1022,rock,1,-37730.5,-56535,12136.2,-139.99,1.761
R1023,rock,1,-37350,-57302.1,13068.3,-57.43,2.343
R1024,rock,1,-33252.6,-57333.3,13931.4,-93.98,0.577
R1025,rock,0,-31831.9,-57372.5,12954.6,-54.31,1.473
R1026,rock,2,-31232.4,-56655.8,10744.6,37.64,2.489
R1027,rock,0,-30385,-57166,11216.7,85.58,0.614
R1028,rock,1,-25303.6,-57324.8,10229.3,52.72,2.668
R1029,rock,1,-24750.3,-57328.3,9694.6,-146.71,3.146
R1030,rock,2,-19309.4,-56832.7,14043.1,-91.16,2.774
R1031,rock,0,-17261.9,-56891,13488.9,66.69,3.038
R1032,rock,1,-15413.4,-57065.8,14661.7,-78.87,2.983
R1033,rock,1,-12782.3,-56973.9,15611.4,-76.28,1.54
R1034,rock,1,-11087.5,-57318.6,14288.8,-97.99,0.563
R1035,rock,2,-8576.6,-56917.4,12885.9,-228.01,2.293
R1036,rock,1,-7081.2,-57104.8,12862.7,-213.96,2.149
R1037,rock,1,-5662.4,-56688.6,11605.9,-93.01,2.464
R1038,rock,1,-3942.4,-56741.5,13243.6,-113.57,0.588
R1039,rock,0,620,-56756.8,11014.2,14.11,2.873
R1040,rock,1,2224.5,-57051.6,10556.4,-179.64,0.636
R1041,rock,0,3650.9,-56547.6,9473.6,62.76,2.164
R1042,rock,2,4019.1,-56521,8930.6,-189.77,2.424
R1043,rock,1,8149.2,-56572.6,11674.6,56.23,0.276
R1044,rock,1,10793.8,-57180.1,14201.5,89.31,0.557
R1045,rock,0,11753.7,-56699.6,14975.9,-223.2,0.695
R1046,rock,2,15616.5,-56835.1,15818.7,-230.9,2.537
R1047,rock,1,17956.1,-56547.7,14230.5,-77.99,1.848
R1048,rock,2,28712.5,-57348.1,14938.6,-35.01,1.331
R1049,rock,1,30998.8,-57294.9,14432.7,-253.83,2.368
R1050,rock,1,31715.6,-57152.8,13314.7,-2.57,0.451
R1051,rock,1,35894.8,-57201.1,12389,-140.97,0.345
R1052,rock,1,37837.3,-57320.8,15075.4,-175.42,3.116
R1053,rock,2,39172,-56961.2,14363.4,-129.6,0.565
R1054,rock,2,42268.4,-57260.3,12900.6,-124.79,2.961
R1055,rock,1,44353.5,-57337.1,10249.6,-127.73,2.599
R1056,rock,2,45608.1,-56911.1,9405.9,23.29,2.874
R1057,rock,1,47692,-57014.1,7906.5,37.73,2.236
R1058,rock,2,48575.4,-57119.9,7198.6,-160.02,2.385
R1059,rock,2,50134.3,-57368.7,7822.8,25.71,1.33
R1060,rock,0,53605.9,-56879.9,11040.1,-197.7,0.357
R1061,rock,0,56279.8,-56556.7,11848.8,-111.35,3.098
R1062,rock,0,58974.6,-57283.5,12603.4,-21.19,2.701
R1063,rock,1,67922.2,-57117.2,13784.1,78.04,0.255
R1064,rock,1,70159.7,-57069.6,11842.8,15.72,0.253
R1065,rock,1,-69073,-56485.7,13156,-228.62,0.656
R1066,rock,2,-65542.8,-55700.6,9983,-15.08,1.179
R1067,rock,0,-63011,-56360.5,10858.7,-37.21,2.161
R1068,rock,2,-62146.7,-55938.1,9139.6,-143.28,2.389
R1069,rock,1,-55561.6,-56223.7,9739.1,-187.44,0.541
R1070,rock,2,-54652.2,-55969.8,9596.8,-95.19,0.604
R1071,rock,2,-49560.1,-56035.9,12674.8,-81.17,3.193
R1072,rock,1,-43239.6,-55825.7,11098.7,-36.78,1.565
R1073,rock,1,-36763.3,-56063.5,11466.3,-84.37,0.49
R1074,rock,1,-36695,-56342.6,11550.5,28.02,2.96
R1075,rock,2,-34845.3,-55945.3,11999.9,-132.41,1.059
R1076,rock,0,-33113.5,-55976.4,9615.3,-35.46,3.029
R1077,rock,0,-30929.1,-56491.5,10059.1,-21.87,1.234
R1078,rock,2,-29399.1,-55990.8,8370.6,-11.92,3.123
R1079,rock,2,-27326.5,-56168.4,9737.3,-45.23,0.556
R1080,rock,0,-22336,-56262.7,10457.6,-238.74,0.647
R1081,rock,2,-22281.6,-55743.1,9874.3,-236.95,0.611
R1082,rock,1,-19909,-56174.4,13011.2,-201.71,0.419
R1083,rock,1,-17485,-55732,12681.5,40.04,1.275
R1084,rock,1,-10046.2,-55838.5,11323.2,-121.91,2.875
R1085,rock,1,-8100.4,-55662.9,10749.5,-188.65,2.429
R1086,rock,1,-6315.1,-56162,11642.5,10.32,0.416
R1087,rock,0,-4863.6,-55940.6,11253.5,45.19,1.177
R1088,rock,1,-1613.2,-55996.7,11387.3,-21.67,2.773
R1089,rock,2,-956,-55946.9,10797.7,14.39,0.603
R1090,rock,1,761.9,-56241.5,10753.3,-162.71,0.573
R1091,rock,0,3041.5,-56423.3,9515,-9.74,0.522
R1092,rock,0,4604.6,-55985,8459.3,-35.96,0.559
R1093,rock,0,7920.7,-56406.2,11366.3,-134.09,2.113
R1094,rock,2,9192,-56256.4,13399.1,75.27,1.5
R1095,rock,1,13369.1,-55978.7,14991,50.89,0.257
R1096,rock,1,18881.3,-56094.6,13623.2,-127.7,0.637
R1097,rock,0,19691.4,-56172.7,13294.3,-119.42,2.459
R1098,rock,0,20164.4,-56171.7,12756.7,77.78,2.564
R1099,rock,2,21409.4,-56261.1,10763.1,-214.64,1.252
R1100,rock,0,26700.1,-56017.5,9945.8,26.28,1.088
R1101,rock,1,37639.5,-55605.1,12018.8,-216.62,2.873
R1102,rock,2,40550.7,-56236.6,13533.2,-39.57,0.599
R1103,rock,0,42243.7,-56192.1,11387.2,83.85,0.53
R1104,rock,1,43793.7,-56493.4,9732.7,-152.98,0.424
R1105,rock,0,49133.5,-56003.3,6777.6,21.27,0.673
R1106,rock,0,52555.7,-56066.1,9780.3,55.96,0.579
R1107,rock,2,56899.5,-55679.1,10041.9,-53.56,2.054
R1108,rock,0,57533.5,-56074.4,10022.3,30.4,3.2
R1109,rock,1,57854.5,-55802.2,9349.9,-175.8,3.109
R1110,rock,0,59661.7,-56406.3,10910.2,-238.43,2.732
R1111,rock,2,63736.8,-56012.7,14744.7,-33.86,2.334
R1112,rock,1,64897.1,-56071.9,14520.9,-72.6,1.1
R1113,rock,1,66494.4,-56003.2,12895.6,-226.18,0.483
R1114,rock,0,-64805.9,-55053.9,9949.5,-184.48,2.214
R1115,rock,1,-62948.4,-55198.5,9148.9,-70.74,0.656
R1116,rock,2,-58838.2,-54800.2,7231.9,-80.15,2.47
R1117,rock,2,-51535,-55042.1,10865.3,-148.73,1.537
R1118,rock,1,-50670.7,-55538.3,11680.1,70.04,0.647
R1119,rock,2,-49482.5,-55163.7,10986.9,-128.37,1.762
R1120,rock,0,-47651.2,-55323.3,10322.2,-252.94,1.445
R1121,rock,1,-47386.5,-55078.1,9945.6,-235.35,0.469
R1122,rock,1,-43719.9,-55138.2,11440.7,-101,2.295
R1123,rock,1,-41909.1,-54912.1,11444.3,-70.67,2.352
R1124,rock,0,-34465.2,-54995.5,10250.3,8.15,2.096
R1125,rock,0,-32368.9,-55525.3,7780.2,-261.68,1.683
R1126,rock,0,-32140.2,-55588.2,7822.4,35.83,0.497
R1127,rock,0,-23601.9,-54741.5,7369.4,-87.19,0.684
R1128,rock,1,-20342.2,-54897.7,11598.5,84.85,1.944
R1129,rock,0,-10900,-55093.1,11996.8,-251.56,0.494
R1130,rock,1,-10039.7,-54821.6,10599.9,-258.75,2.07
R1131,rock,2,-9547.9,-55470.9,10449.1,-79.28,0.621
R1132,rock,0,6206,-55331.1,9043,-241.82,0.653
R1133,rock,0,9168.9,-55165.2,12596.2,-222.45,1.538
R1134,rock,0,10851.1,-55373.6,14450.6,-31.41,1.262
R1135,rock,2,13245.5,-55483.2,14261,-182.24,3.051
R1136,rock,0,16633.7,-55576.9,14050.3,-169.86,2.835
R1137,rock,0,30858.6,-55323.2,12814.1,64.33,2.523
R1138,rock,0,34333.1,-55457.8,8807.7,-42.81,1.131
R1139,rock,0,35153.9,-55408.9,8999.3,-231.69,0.672
R1140,rock,2,37458.8,-55498.2,11280.8,60.53,2.833
R1141,rock,1,41929.5,-55513.4,10980.9,74.86,1.955
R1142,rock,2,49839.6,-55205.4,7083,-194.77,0.621
R1143,rock,0,52751.9,-55364.7,9632.4,-62.69,2.481
R1144,rock,2,53471.3,-55034.4,10826.1,-31.55,2.523
R1145,rock,0,55523.3,-54760.2,10315.6,56.55,2.601
R1146,rock,0,56919.8,-54832.4,8764.5,-103.11,1.466
R1147,rock,2,58028.7,-55036.4,8133.1,-46.1,0.537
R1148,rock,2,60190.4,-55170.7,10218.3,90,0.284
R1149,rock,0,63104,-55486.6,14543.8,-106.38,0.548
R1150,rock,1,64932.6,-54959,12657.3,-65.55,2.681
R1151,rock,1,68245.6,-54989.7,10275.3,-24.16,1.958
R1152,rock,2,69425.2,-54955.1,9878.4,-236.63,0.591
R1153,rock,2,69689.3,-55008.6,9839.6,-167.49,0.386
R1154,rock,1,-69363.2,-54392.4,8669.9,69.4,0.296
R1155,rock,0,-68484.1,-54468.8,8548.2,-228.95,2.441
R1156,rock,0,-67927.1,-54645.4,8886.2,-99.14,0.28
R1157,rock,2,-65996,-54175.1,8194.2,-24.9,0.536
R1158,rock,0,-63713,-54277.7,8305.6,-231.45,0.679
R1159,rock,1,-62312,-53967.7,7515.7,-174.97,1.147
R1160,rock,1,-59500.7,-54545.4,6309,-219.26,1.403
R1161,rock,2,-56895.7,-53860.3,9094.6,-36.94,1.112
R1162,rock,2,-50036.8,-53893.3,9420.4,-9.23,0.493
R1163,rock,0,-48463.8,-54055.7,9150.3,-136.63,1.925
R1164,rock,1,-48366.1,-54575.7,9389.1,-22.98,0.423
R1165,rock,1,-47257.5,-54082.8,8234.4,-32.37,0.353
R1166,rock,0,-46379.7,-54444.6,9052.5,-101.48,1.14
R1167,rock,1,-43911.9,-54296.4,10861.7,-226.45,3.083
R1168,rock,2,-43654.7,-54662.4,11464.6,80.99,0.68
R1169,rock,2,-36316.5,-54647.1,11144.4,-144.69,2.469
R1170,rock,1,-35040.2,-54277,9366.4,-152.95,1.778
R1171,rock,1,-33661.3,-54552.1,8124,-66.97,3.047
R1172,rock,2,-26955.1,-54418.6,6720.4,11.58,2.078
R1173,rock,0,-24706.4,-53927.8,6521.5,-208.26,1.31
R1174,rock,2,-21452.7,-53984.3,10232.7,-157.31,3.043
R1175,rock,1,-18279.1,-54551.6,12105.6,37.7,1.552
R1176,rock,0,-17711.3,-54173.6,11362.3,-252.28,0.337
R1177,rock,1,-15468.2,-54417.1,11756.4,-265.72,0.316
R1178,rock,1,-14263.2,-54573.7,12956.7,-131.75,0.269
R1179,rock,1,-10755.2,-54594,11633.2,45.05,1.367
R1180,rock,1,-3864.4,-54061.5,10911.9,47.32,1.31
R1181,rock,2,740.3,-54332.1,10500.3,-76.85,0.548
R1182,rock,0,2799.2,-54060.2,8324.9,83.44,0.401
R1183,rock,0,5465.4,-54404.5,8463.4,-156.74,2.803
R1184,rock,2,10581.9,-54005.8,13149.8,-210.33,0.431
R1185,rock,0,11359.4,-54504.6,13699.8,-186.56,3.016
R1186,rock,2,12809.9,-54158.3,12417.9,-56.26,2.122
R1187,rock,1,14078.6,-53870.5,11583.9,44.95,3.094
R1188,rock,1,29909.6,-54080.3,11155.9,-129.04,2.868
R1189,rock,2,37338.9,-53969.5,7409,-37.38,0.644
R1190,rock,0,39012.2,-54217.9,8238.7,54.02,0.697
R1191,rock,0,44790.5,-54090.4,8466.6,4.51,1.946
R1192,rock,2,46597.7,-54471.3,6576.1,-22.26,0.251
R1193,rock,2,52509.3,-54664.7,9039.3,-202.75,1.772
R1194,rock,1,55366.8,-54512.1,9881.1,-57.52,1.62
R1195,rock,1,62497.5,-53966.1,12723,-54.1,2.858
R1196,rock,1,64031.2,-54160.8,12160.1,-160.88,2.955
R1197,rock,0,64431.2,-53984.3,11658.6,-245.76,2.642
R1198,rock,0,68777.9,-54080.8,9022.2,-54.25,0.282
R1199,rock,1,-64908.3,-53760,7465,-214.19,0.412
R1200,rock,1,-64403.7,-53658.5,7506.7,-10.17,0.581
R1201,rock,2,-63107,-53202.4,7462,72.88,2.952
R1202,rock,1,-55680.2,-53637.2,8090,-131.37,1.061
R1203,rock,1,-55427.3,-53797.9,8113.6,-73.29,1.343
R1204,rock,0,-52676.5,-53154,9373.6,-230.58,1.603
R1205,rock,1,-51612.4,-53792.2,10447.7,-190.59,2.11
R1206,rock,2,-47905.2,-53354,8132.4,-106.83,2.442
R1207,rock,0,-47076.5,-52974.6,7585.3,87.14,1.14
R1208,rock,1,-45237.8,-53340.9,7985.3,-57.27,1.769
R1209,rock,0,-44437,-53415.5,9095.1,-192.37,1.621
R1210,rock,1,-42363.5,-53471.7,10237.5,-149.63,1.839
R1211,rock,0,-40396.2,-53464.7,9618.3,-62.36,2.246
R1212,rock,2,-32822.3,-53508.7,5870.5,-149.15,0.542
R1213,rock,1,-32148.1,-53681.3,5449.9,-8.81,1.199
R1214,rock,1,-30338.5,-53082.2,5578.9,-241.18,0.333
R1215,rock,0,-27021.2,-53603.6,5953.5,-190.7,0.665
R1216,rock,0,-24547.4,-53634,6035,-8.93,1.184
R1217,rock,0,-22908.9,-52908.4,6933.7,1.05,0.475
R1218,rock,1,-20602.4,-53688.5,11874.7,-258.62,2.556
R1219,rock,2,-16231.4,-53027,10608.3,74.38,2.077
R1220,rock,2,-14213.7,-52911.4,12540.8,-10.1,0.332
R1221,rock,1,-12535.4,-53781,13318.6,-64.28,1.985
R1222,rock,2,-8833.2,-53001.1,9709.2,-131.98,2.521
R1223,rock,2,-6585.2,-53190.3,10585.1,-150.67,0.403
R1224,rock,2,-4641.9,-53395.6,11189.3,-62.66,0.386
R1225,rock,2,219.2,-53557.6,9904,-101.09,0.687
R1226,rock,0,5977.7,-53334.4,9629.2,-76.88,0.494
R1227,rock,2,7631.7,-53307.6,10865.1,-225.14,0.667
R1228,rock,1,13397.2,-53612.5,11232.8,-166.77,0.358
R1229,rock,2,18424.5,-53563.8,9465.4,-105.01,0.339
R1230,rock,0,19888,-52964.2,7338.8,-68.35,0.462
R1231,rock,1,27187.1,-53147.7,8663.1,-128.1,0.611
R1232,rock,1,28648.5,-53717.3,9514.4,-181.36,0.29
R1233,rock,2,29002.4,-53199.2,8984.9,-215.04,2.928
R1234,rock,1,39748.1,-52965.9,6746.4,70.59,1.289
R1235,rock,0,41942.1,-53775.5,8338.8,-252.71,0.443
R1236,rock,0,49303.2,-53175.9,6589.1,-191.44,0.65
R1237,rock,1,50014.5,-53245,7247.3,-14.97,2.277
R1238,rock,1,51745.3,-53091.7,9035.3,60.59,0.514
R1239,rock,1,53666.6,-53088.7,8705.1,-78.65,2.17
R1240,rock,2,56766.7,-53270.9,6756,-41.09,1.078
R1241,rock,0,60788.5,-52949.8,9784.3,-48.52,1.76
R1242,rock,0,61464.7,-53673.8,11451.2,13.64,1.12
R1243,rock,1,62383.2,-53162.8,11171.5,-153.15,2.54
R1244,rock,2,63582.7,-53719.3,11756.7,-250.39,2.963
R1245,rock,0,64502.1,-53558.1,11333.2,-24.83,2.893
R1246,rock,2,65510.1,-53751.9,10843.6,73.01,0.376
R1247,rock,1,-63538.3,-52750.3,7388.5,-143.05,1.261
R1248,rock,0,-59828.6,-52114.3,6174.6,-181.31,2.202
R1249,rock,2,-56898.8,-52799.3,8523.9,40.85,0.678
R1250,rock,1,-56380.7,-52189.5,8041,-22.34,0.321
R1251,rock,2,-51108.5,-52807.5,9204.8,21.02,1.84
R1252,rock,1,-50278.3,-52394.3,8179.4,-84.32,1.382
R1253,rock,1,-48021,-52837,7837,58.94,2.487
R1254,rock,1,-46970.8,-52873,7442.5,-188.61,0.341
R1255,rock,2,-44146.3,-52219.3,8700.4,-237.3,1.503
R1256,rock,0,-39261.4,-52329.3,9464.6,-9.74,0.467
R1257,rock,2,-21193.8,-52051.8,7318.8,-45.85,2.492
R1258,rock,1,-17075.1,-52401.4,9629.8,1.64,2.006
R1259,rock,1,4563.8,-52739.6,8587.5,37.19,0.477
R1260,rock,0,5093,-52589.9,8964.6,-27.79,2.111
R1261,rock,1,9588.1,-52302.6,11466.9,-258.93,3.144
R1262,rock,1,10715.3,-52010.8,10218.1,89.86,1.098
R1263,rock,0,12237.8,-52811.4,11258.4,20.57,0.603
R1264,rock,1,15627.2,-52683.7,9953,-135.81,1.416
R1265,rock,1,19693.1,-52340.9,7305,55.03,1.612
R1266,rock,0,20042.9,-52176.3,6946.9,-180.46,1.924
R1267,rock,1,30487.8,-52107.8,7575.2,-119.67,1.649
R1268,rock,0,32664.8,-52342.5,6986.3,-176.72,1.392
R1269,rock,1,46396.3,-52258.9,6554.3,-208.62,0.292
R1270,rock,0,51112.1,-52510.2,8719.1,-209.9,0.302
R1271,rock,2,52176.3,-52037.4,8380.8,-6.18,2.059
R1272,rock,0,56209.4,-52067,5607.9,54.66,0.493
R1273,rock,2,57303.9,-52549.5,6562,12.62,2.106
R1274,rock,2,61159.3,-52887.2,9820.2,-181.52,2.259
R1275,rock,0,62936.7,-52189,9323.8,41.74,1.984
R1276,rock,2,63722.6,-52443.9,9931.9,-240.05,2.328
R1277,rock,1,67603.6,-52596.7,9407.1,-20.91,0.542
R1278,rock,1,68017.9,-52491.2,9085.8,-146.89,3.019
R1279,rock,1,70194,-52235.1,8254.5,74.55,1.711
R1280,rock,2,-57463.8,-51975.2,8367.2,-234.64,0.36
R1281,rock,1,-54326.6,-51364.4,9022.4,-223.65,0.581
R1282,rock,0,-48129.9,-51605.1,6681.4,62.39,1.456
R1283,rock,0,-37944.6,-51816.8,9668.6,-240.45,0.26
R1284,rock,2,-36697.8,-51490.1,9465.3,34.66,0.644
R1285,rock,0,-13696.7,-51146,10285.5,-67.82,2.892
R1286,rock,1,-5617.3,-51319.1,8745.1,-50.65,0.549
R1287,rock,2,-4108.2,-51668.7,9582.2,-93.48,0.262
R1288,rock,2,-1846.4,-51219,8639.4,-21.89,1.722
R1289,rock,0,1141.6,-51431.6,10764.9,-29.23,1.396
R1290,rock,2,9614.7,-51570,10325.4,-56.94,0.378
R1291,rock,2,10119.7,-51232.1,9294.9,82.4,1.043
R1292,rock,1,12372.2,-51355.4,8289.6,-138.08,1.421
R1293,rock,1,13042.4,-51324,8168.1,24.05,2.182
R1294,rock,2,20149.4,-51160.3,6554.3,-102.3,2.734
R1295,rock,2,27615.8,-51531.4,8563.9,8.44,0.282
R1296,rock,2,29512.6,-51940.1,7498.6,-94.61,0.634
R1297,rock,0,30583.2,-51657.1,6753.1,-212.58,2.795
R1298,rock,2,43325.1,-51975.7,5691.1,-109.76,0.592
R1299,rock,0,43984.2,-51319.4,5722.8,-185.87,1.331
R1300,rock,0,45882.7,-51254.8,5931.7,-149.83,1.614
R1301,rock,0,50425.5,-51772.2,8029.5,-267.44,0.368
R1302,rock,1,53032.4,-51597.5,6144.3,16.66,2.414
R1303,rock,1,58888.2,-51544.4,6820.4,-91.64,2.885
R1304,rock,1,68377.5,-51773.9,8312.9,87.47,0.251
R1305,rock,2,69528.6,-51186.6,8347.6,-22.01,0.261
R1306,rock,2,-65828.6,-50682.6,7195.1,-145.09,2.84
R1307,rock,2,-65013.9,-51080.3,6519,-1.8,2.579
R1308,rock,1,-64050.7,-50460.4,5401.8,-191.31,2.097
R1309,rock,0,-63291.5,-50834.5,5999,-44.5,3.153
R1310,rock,0,-55063.7,-50600.6,8367.6,-20.72,0.615
R1311,rock,0,-52766.4,-50679.5,8954.7,68.96,2.594
R1312,rock,1,-46231.2,-50208.5,7348.8,-122.73,1.226
R1313,rock,0,-40946.9,-50531.8,8431.9,15.26,1.849
R1314,rock,0,-24170.1,-50594.5,5771.9,-127.2,1.564
R1315,rock,2,-22619.6,-50691.8,5934.5,44,0.486
R1316,rock,1,-22037.2,-50856.4,6252.7,-268.55,0.253
R1317,rock,1,-21137,-50558.5,6620.9,-184.61,1.942
R1318,rock,0,-20284.1,-50659.5,7317.9,-134.37,1.759
R1319,rock,2,-19276.5,-50407.3,7725.4,-146.34,0.47
R1320,rock,2,-18145.2,-50557.5,7384.8,-77.13,0.552
R1321,rock,0,-14470.5,-50785,8864.4,30.03,1.582
R1322,rock,0,-2708.1,-51057.8,9116.3,27.16,2.874
R1323,rock,1,-572.3,-50200.5,8673.4,52.96,0.561
R1324,rock,2,1764.2,-50929.2,10311.5,-0.83,0.682
R1325,rock,2,8243.5,-50346.9,10212.7,-216.76,0.526
R1326,rock,1,11716,-50337.7,6797.3,61.34,0.507
R1327,rock,1,15496.9,-50353.5,8589,-154.76,0.304
R1328,rock,2,20166,-51028.6,6609.7,-13.24,2.908
R1329,rock,0,25272.3,-50605,6847.9,46.88,0.433
R1330,rock,0,26825.6,-50950.3,8094,-212.41,0.608
R1331,rock,1,57161.7,-50895.7,5353.2,-231.86,0.559
R1332,rock,0,59323.3,-50841.5,5886.7,-173.29,0.446
R1333,rock,0,61560.5,-50553.4,6247.5,-268.6,0.365
R1334,rock,0,63230.4,-50691.1,7253,89.98,2.727
R1335,rock,1,65659.5,-50355.1,7268.5,-218.13,2.437
R1336,rock,0,-66272,-49701.2,6531.5,-14.31,2.934
R1337,rock,1,-55780.5,-49577.1,6996.5,-238.39,0.616
R1338,rock,1,-52080.5,-49621.8,7005.7,-264.16,1.58
R1339,rock,0,-51285.2,-49812.8,6534.1,-91.98,2.683
R1340,rock,1,-51070.2,-49526.3,5944.5,-10.16,2.259
R1341,rock,2,-48781,-50080.5,6324.9,-96.9,0.398
R1342,rock,1,-45034.5,-49512.3,8186.7,-249,0.413
R1343,rock,0,-41766.7,-50074.4,8246.2,74.77,0.555
R1344,rock,0,-38742.3,-49528.2,9047.5,87.23,0.378
R1345,rock,1,-35874.1,-50157.8,8093.1,-100.96,0.298
R1346,rock,1,-33239.8,-49800.7,5898.2,-89.71,1.246
R1347,rock,0,-16352.5,-49398.9,7294.7,69.51,0.625
R1348,rock,0,-12787.8,-49963.6,9341.5,-152.31,0.382
R1349,rock,2,-10518.4,-49880.8,9773.5,-241.33,0.316
R1350,rock,0,-7633.2,-50014.1,8478.8,-99.6,0.662
R1351,rock,2,-4352.3,-49691.2,7963.8,-80.96,0.27
R1352,rock,1,-2637.7,-49775.2,7933.5,-205.31,1.809
R1353,rock,0,4594.3,-50072.4,10618.6,-250.63,0.559
R1354,rock,2,6678.2,-49878.8,10174,-145.04,1.971
R1355,rock,1,14576,-50066.8,7991.2,-213.78,0.608
R1356,rock,0,16682.4,-49859.5,7134.2,19.89,2.584
R1357,rock,2,18986.4,-49915.6,7384.2,80.6,1.057
R1358,rock,1,20105.3,-49314.6,5665,12.25,0.443
R1359,rock,2,26930.2,-49426.7,6106.1,20.36,0.525
R1360,rock,2,33066.4,-49918.3,4946.7,-33.2,2.314
R1361,rock,2,48160.9,-49646.7,5663.6,-148.13,2.338
R1362,rock,2,63384.9,-49432.7,6355.4,40.8,0.343
R1363,rock,0,-57173.3,-48903.8,4624.5,51.93,1.092
R1364,rock,0,-55864.5,-48673.7,5490.4,-210.78,3.082
R1365,rock,2,-53984.6,-48509.2,5566.1,-230.41,2.719
R1366,rock,1,-52360.8,-48403.3,5200.6,82.09,2.772
R1367,rock,0,-49335.1,-49205,5663,-130.29,2.753
R1368,rock,2,-47564,-48486.5,6151.9,46.84,0.637
R1369,rock,0,-39513.3,-48558.9,9301.2,-115.97,1.082
R1370,rock,2,-22515.1,-49017.3,5075.4,-102.18,0.361
R1371,rock,0,-18988.2,-49228.2,5900.3,-249.75,0.29
R1372,rock,2,-17703.8,-49150.4,6372.6,42.16,0.675
R1373,rock,1,-15987,-48990.2,7443,-25.56,0.606
R1374,rock,1,-11347.6,-48879.7,9000.5,-3.66,2.705
R1375,rock,2,-9171.2,-48478.7,8328.6,-19.44,0.508
R1376,rock,1,-6661,-48601.9,7719.4,-110.02,0.491
R1377,rock,0,-3864.8,-49016.1,7580.3,-13.7,0.534
R1378,rock,0,477.3,-49047.2,9061.3,18.02,0.578
R1379,rock,1,4692.1,-48675.8,9072.4,25.29,0.576
R1380,rock,2,8100.6,-48581.9,8239.7,58.81,0.543
R1381,rock,1,14569.8,-49030,6697,89.89,1.402
R1382,rock,1,15782.9,-48968.8,5884.9,-212.34,0.523
R1383,rock,2,17339.1,-48561,4892.9,-199.84,0.562
R1384,rock,2,19267.8,-49070,5445.6,0.05,0.31
R1385,rock,1,22214.4,-48679.4,4898.7,-27.45,0.472
R1386,rock,2,26790.2,-48904.5,5689.6,-241.97,0.419
R1387,rock,0,52656.9,-49026.6,5836.2,-200.4,2.228
R1388,rock,1,69549.5,-48762.7,5186.8,-194.69,2.48
R1389,rock,2,-56860.5,-47993.4,3725.8,-107.71,2.744
R1390,rock,0,-56456.1,-48193.6,4367,-12.55,1.057
R1391,rock,2,-53038.4,-47569.5,4444.5,-249.14,1.945
R1392,rock,1,-48430.1,-47898.8,5161.9,-17.75,1.952
R1393,rock,2,-42022.5,-47626.2,7638.7,-245.61,1.137
R1394,rock,1,-33411.7,-48271.2,6363.2,-118.4,2.298
R1395,rock,2,-26877.2,-47801.4,5661.6,75.37,0.634
R1396,rock,0,-26056.8,-47500.3,4851.2,-75.02,0.41
R1397,rock,1,-9463.2,-47859.2,8972.4,-156.31,1.948
R1398,rock,1,-4310.6,-48104.6,6780.4,-251.53,0.557
R1399,rock,0,-3693.1,-48228.1,7180.1,-23.94,0.323
R1400,rock,0,1900.8,-47649.5,8741.8,-98.79,0.356
R1401,rock,2,4522.4,-47872.2,8404.6,34.19,0.329
R1402,rock,1,7293.5,-48155.2,8416.2,-210.99,2.391
R1403,rock,2,10992.1,-47818.2,5637.1,-122.05,2.391
R1404,rock,2,11719.5,-48074.5,5458.3,61.2,0.441
R1405,rock,0,13951.7,-48351.4,5903.3,-187.45,0.354
R1406,rock,0,14815.5,-48386.1,5773.3,-214.64,1.027
R1407,rock,0,20120.2,-47955.6,3805.9,-132,0.496
R1408,rock,1,21466.9,-47845.5,4369.4,-199.77,3.075
R1409,rock,2,40661.3,-47900.6,6101.6,30.16,0.662
R1410,rock,1,40874.4,-48050.6,6077.2,-20.64,1.058
R1411,rock,2,43740.1,-48134.6,5320.8,58.78,0.506
R1412,rock,1,50585.6,-48190.8,6630.9,-230.37,0.432
R1413,rock,0,52202.6,-47879.6,6195.8,-256.65,0.334
R1414,rock,2,52791.6,-47898.3,5808.5,68.95,1.749
R1415,rock,0,66128.1,-48177.7,6455.6,73.71,0.361
R1416,rock,0,-53546.4,-46887,4003,66.6,0.261
R1417,rock,0,-40639.7,-46670.8,6834.4,87.86,1.543
R1418,rock,0,-30659.9,-47136.8,6027.9,-95.84,0.601
R1419,rock,1,-7886,-46611.5,8640.7,-141.07,1.248
R1420,rock,2,-5843.9,-46745.8,7659.5,-172.07,0.336
R1421,rock,0,-3846.5,-47002.8,6405.4,-211.48,1.66
R1422,rock,0,-1908.2,-47308.1,6655.2,-66.58,1.303
R1423,rock,0,762.7,-47396.8,8612.4,72.3,0.601
R1424,rock,1,2701.5,-47335.2,9707.4,-129.87,0.531
R1425,rock,1,2918.5,-47084.3,9614.8,-211.48,0.34
R1426,rock,0,6652.9,-47189.5,7646.8,-39.98,1.723
R1427,rock,0,16978.2,-47386.5,4267.7,70.15,2.394
R1428,rock,0,21250.2,-47325.8,3746,-199.71,1.062
R1429,rock,2,28979.4,-46891.8,4080.1,-109.18,0.377
R1430,rock,0,32129.3,-47012.3,3993.7,-97.5,2.593
R1431,rock,0,40019.1,-47019.4,6157.6,-174.76,0.371
R1432,rock,2,44397.6,-47482.1,5840.2,-196.51,0.38
R1433,rock,0,47813.7,-47236.3,6510,68.87,0.515
R1434,rock,0,52866.1,-47399.2,5728.4,-269.79,1.894
R1435,rock,0,62267.4,-47326.5,4146.6,-197.27,0.394
R1436,rock,0,-64770.2,-45958.9,4229.1,-61.91,0.265
R1437,rock,1,-53384.3,-46324.1,3582,-17.69,0.316
R1438,rock,0,-48746.5,-46597.5,4062.9,-190.29,0.555
R1439,rock,1,-41695.2,-46412.2,7089.7,-263.83,0.558
R1440,rock,1,-40988.3,-45797.6,6417.4,-218.26,1.195
R1441,rock,2,-37937.1,-46029.7,6853.7,16.9,0.675
R1442,rock,1,-36140.4,-45979.1,7500.3,-82.87,0.586
R1443,rock,1,-33019.5,-45846.4,6602.8,50.42,0.623
R1444,rock,1,-28886.4,-45959,6219.2,-3.35,0.673
R1445,rock,0,-22480.4,-46522.6,5315,-252.04,2.199
R1446,rock,2,-19280.2,-46566.9,5607.4,-260.95,0.626
R1447,rock,1,-11105.1,-46514.3,7029.1,-181.48,2.801
R1448,rock,1,-4872.7,-46467.5,7113.4,-171.88,0.287
R1449,rock,0,973,-46566.6,8685.8,-170.17,0.555
R1450,rock,1,2571.6,-45753.7,8995.4,-219.06,2.882
R1451,rock,0,5583.5,-46120.5,7270.2,-58.3,0.607
R1452,rock,0,6714.8,-46216.9,7526.1,10.1,0.279
R1453,rock,1,10161.3,-46082,6821.1,-255.5,0.367
R1454,rock,1,40666,-46103.7,6596.6,-42.83,0.6
R1455,rock,2,42225.4,-46049.9,6135.9,-192.56,0.528
R1456,rock,1,44656.4,-46414,6417.5,-97.38,0.518
R1457,rock,0,-50069.3,-45280.7,3656.8,-63.47,0.576
R1458,rock,2,-48540.4,-45084.5,3483.5,56.1,0.457
R1459,rock,0,-42972.4,-45258.5,6591.5,-117.85,0.341
R1460,rock,2,-41458.9,-45012.9,6085.1,-263.32,0.457
R1461,rock,1,-32068.6,-45076.4,7039.8,-42.42,1.405
R1462,rock,1,-27195.7,-44857.8,4636,-174.33,1.45
R1463,rock,2,-11283.5,-44825.8,6625.8,-60.56,0.594
R1464,rock,0,-5175.1,-45334.4,6497.5,-133.29,0.664
R1465,rock,1,-3164.9,-45532.1,7327.7,69.69,3.052
R1466,rock,0,933.4,-45181,7498.4,15.6,0.333
R1467,rock,0,6789.7,-44953.2,7135.9,57.97,0.276
R1468,rock,1,8264.4,-45236.4,7993.5,-236.56,0.253
R1469,rock,2,10552.4,-45591.2,6711.8,-67.33,2.215
R1470,rock,1,11873.3,-45672.8,5525.4,63.75,0.4
R1471,rock,1,31492.3,-45204.6,3523.6,-49.64,0.28
R1472,rock,0,33305.5,-45095.4,4328.4,-158.15,1.927
R1473,rock,2,44883.1,-44926.7,6476.7,-104.25,1.152
R1474,rock,2,51208.2,-45066.5,5893.4,-62.71,2.701
R1475,rock,2,54303.1,-44881.4,4434.2,-149.9,0.61
R1476,rock,1,-56806.4,-43926.3,3876.3,-39.14,0.454
R1477,rock,0,-51116.9,-44096.8,3914.8,-192.09,1.056
R1478,rock,1,-42782.1,-44625.3,6046.7,73.59,2.595
R1479,rock,1,-34723.9,-43905.2,6410.1,-105.55,0.433
R1480,rock,2,-30640.3,-44429.8,6070.6,-212.75,0.395
R1481,rock,0,-26677.2,-44208.9,4898.1,-186.53,0.473
R1482,rock,1,-24098.6,-44784,5068.7,-235.31,2.612
R1483,rock,2,-22914.4,-44781.9,4935.4,-216.11,0.311
R1484,rock,1,-13948,-44144.9,5243.3,-47.67,0.618
R1485,rock,1,-9395.8,-44093.3,7803.4,49.14,2.384
R1486,rock,1,-7358.3,-44230.2,7659.7,-100.21,0.326
R1487,rock,1,3520.5,-43981.2,9322.9,-226.84,0.314
R1488,rock,0,5012,-44048.4,8408,31.09,1.36
R1489,rock,0,36189.7,-44726.7,5854.8,-56.23,2.363
R1490,rock,2,44976.3,-44208.1,7334.2,42.21,1.517
R1491,rock,2,47504.2,-44178,6101.2,-30.82,0.488
R1492,rock,2,66664.4,-44008.6,5408.8,-60.51,0.509
R1493,rock,0,-46377.8,-43208.4,5076.5,-98.28,0.296
R1494,rock,2,-43657.8,-43514,5927.5,-86.21,1.586
R1495,rock,2,-36875.6,-43896.9,6809.2,88.22,1.833
R1496,rock,2,-34287.1,-43807.3,6245.2,-31.3,0.322
R1497,rock,1,-13524.5,-43263.6,5795.9,-256.35,0.584
R1498,rock,1,-12265.3,-43840.2,5824.3,-205,0.354
R1499,rock,0,-7398.3,-43614.8,8340.9,-103.64,0.374
R1500,rock,2,-5571.4,-43007.1,7826.3,29.68,0.354
R1501,rock,2,-3290.6,-43623.9,8113.6,17.29,2.088
R1502,rock,0,-1658.4,-43831.7,7620.4,-247.22,0.356
R1503,rock,2,9935.2,-43185,7717.4,-183.04,0.43
R1504,rock,0,35677.9,-43867.2,5259.7,87.97,0.546
R1505,rock,0,38950.1,-43692.6,6423.7,-111.31,0.297
R1506,rock,2,45046.3,-43143.5,7157.3,-43.28,0.522
R1507,rock,0,45210.4,-43624.6,7458,-129.42,2.646
R1508,rock,2,46193.3,-43015.7,6046.1,31.94,0.44
R1509,rock,1,47286.5,-43199.4,5923.9,-110.56,0.536
R1510,rock,1,56069.3,-43682.5,4198.2,7.35,0.416
R1511,rock,2,58131.3,-43356.6,4061.6,-2.48,0.497
R1512,rock,2,-45986.2,-42456.7,5671.8,-213.69,2.336
R1513,rock,2,-40482.9,-42924.9,5637.5,-216.05,2.917
R1514,rock,1,-39538.5,-42903.8,5459.5,56.17,0.682
R1515,rock,2,-26416.8,-42846.9,5118.6,-106.58,0.547
R1516,rock,0,-14715.7,-42522,5509.9,86.25,0.531
R1517,rock,2,-13184.4,-42805.7,6412.5,-101.36,1.338
R1518,rock,0,-4700.4,-42522.4,9565.4,85.79,2.757
R1519,rock,1,-2293.2,-42452.2,9743.5,-119.95,1.5
R1520,rock,0,981.9,-42484.4,7878.5,-151.75,0.652
R1521,rock,1,1663.9,-42411.4,7891.2,-16.13,0.6
R1522,rock,0,3580,-42581.4,8569.4,-188.79,0.379
R1523,rock,1,6554.6,-42621.4,8772.4,-29.78,2.948
R1524,rock,0,9553.8,-42443.6,8539.5,20.76,1.745
R1525,rock,2,15971.6,-42750.8,4555.3,-11.47,0.272
R1526,rock,0,31681,-42233.1,4381.7,31.63,2.941
R1527,rock,2,55038.6,-42334.4,4602.2,-160.99,0.535
R1528,rock,1,-68926.1,-41445.6,5518.7,-95.34,0.522
R1529,rock,2,-63341.9,-41605.3,4588.2,-246.37,2.351
R1530,rock,0,-62436.4,-41627.3,4344.8,-268.97,0.694
R1531,rock,0,-45433.6,-41828.5,6253.4,-175.72,2.182
R1532,rock,1,-44493.2,-41593.9,5908.4,-66.68,0.64
R1533,rock,2,-43195.4,-41555.5,6198.8,-56.08,2.058
R1534,rock,1,-39297.5,-41957.6,6237.6,5.79,1.968
R1535,rock,0,-12226,-41203.6,7241.2,2.46,2.44
R1536,rock,1,-8512.1,-41663,8833.5,-70.68,0.404
R1537,rock,0,-3499.2,-41701.3,10961.1,-140.37,1.176
R1538,rock,0,1601.1,-41778.8,8751.4,14.12,0.543
R1539,rock,2,2636.6,-41994,7724,-15.25,0.328
R1540,rock,2,5199.5,-41706.7,10702,38.24,0.362
R1541,rock,0,12344.5,-42096.5,6886.8,-122.01,2.224
R1542,rock,0,17770.3,-41768.7,4058.3,-108.25,2.649
R1543,rock,0,26240,-41957.8,3088.4,-176.41,1.712
R1544,rock,0,44406.5,-41939.7,6631.7,-206.72,2.647
R1545,rock,1,46064.9,-41843.4,6751.2,-74.69,1.609
R1546,rock,2,46568.2,-41575.2,7051.6,-96.21,1.081
R1547,rock,2,48812.4,-41558.7,5794.9,-37.53,0.365
R1548,rock,2,50229.5,-41724.9,5524.5,-113.19,0.605
R1549,rock,2,52200.1,-41861.4,5099.8,-172.54,0.519
R1550,rock,2,-69298.9,-40547,5169.3,-37.36,0.297
R1551,rock,2,-41075.5,-40656.4,7855.6,-135.23,1.361
R1552,rock,1,-37971.7,-40868.7,7017.3,18.98,1.517
R1553,rock,2,-36974.2,-41158.7,6530,46.46,3.129
R1554,rock,1,-29274.1,-40442.5,6279.6,26.71,1.967
R1555,rock,0,-10567,-40505.3,9174.9,-228.81,1.83
R1556,rock,2,-9177.9,-40458.2,9424.4,-67.78,2.882
R1557,rock,2,-5833.2,-40680.2,9142.8,-8.38,1.661
R1558,rock,2,-4391.2,-40300.9,10135.1,8.83,0.436
R1559,rock,0,-3216.5,-41068.4,11285,-139.59,2.459
R1560,rock,2,-1531.9,-40929.7,10430.6,-111.56,2.325
R1561,rock,2,6081.7,-40633.5,9556.3,69.63,2.4
R1562,rock,0,8004.9,-41069,8660,-163.43,2.412
R1563,rock,2,45705.5,-40915,7975.5,-243.49,0.332
R1564,rock,2,-66876.9,-39687.8,5447,-69.22,1.441
R1565,rock,2,-60444.9,-39830,4209.4,-97.29,0.546
R1566,rock,1,-45722.8,-39958.5,7008,21.37,0.536
R1567,rock,2,-43285,-40020.5,6227.1,-155.64,0.441
R1568,rock,0,-40342.4,-40258.1,8590.6,-198.65,0.259
R1569,rock,0,-38160.5,-39724.6,7777.8,-219.97,0.605
R1570,rock,1,-36492.4,-39524.5,9558,82.99,3.103
R1571,rock,2,-31384.8,-39757.3,7843.2,51.27,3.17
R1572,rock,0,-27047.3,-40139.2,5262.5,-208.94,0.644
R1573,rock,0,-13338.4,-39835,6430.2,-86.49,2.568
R1574,rock,2,-13064.2,-40065.1,6906.5,-102.86,0.558
R1575,rock,2,-9119.4,-39669,9040.6,-199.38,1.114
R1576,rock,0,-8343.3,-39941.4,8353.7,-109.5,1.742
R1577,rock,2,-573.2,-39412.8,10247.1,5.39,1.878
R1578,rock,0,2149.7,-39696.3,9586.8,-101.26,0.504
R1579,rock,2,3126.6,-39556.2,9268.5,-56.02,2.481
R1580,rock,1,21209.4,-39980.4,3548.2,-120.58,3.029
R1581,rock,0,40231.7,-39865.4,7663.2,-31.38,1.52
R1582,rock,1,41752.3,-39814.5,8413.9,89.8,0.254
R1583,rock,0,43924.4,-39733.6,8741.1,-186.34,0.524
R1584,rock,2,44413.8,-39607,8636.3,-133.52,1.624
R1585,rock,2,45987.9,-40231.4,7480,79.24,0.692
R1586,rock,1,46862.9,-39945.9,7683.6,-246.94,0.612
R1587,rock,1,56516.4,-40016.5,4849.8,17.11,1.705
R1588,rock,1,-69832.6,-38543.5,4415.9,6.35,0.347
R1589,rock,2,-67312.3,-38949.3,5350.9,26.91,0.603
R1590,rock,1,-45936.5,-39250.4,7069,-262.68,3.026
R1591,rock,0,-41142.8,-39356,7341,-250.37,1.86
R1592,rock,1,-35974.2,-38859.9,8716.3,-99.09,0.317
R1593,rock,0,-35799.8,-39313.4,9100.6,48.2,0.321
R1594,rock,1,-32355.3,-38941,7934.3,-251.18,0.657
R1595,rock,1,-28924.7,-38903.4,5773.8,-100.36,0.466
R1596,rock,1,-20618,-38646.6,5323.1,-6.19,2.969
R1597,rock,0,-10258.3,-38867.5,9346.5,-176.52,0.379
R1598,rock,0,-8853.3,-38534.1,8974.6,-163.42,0.351
R1599,rock,0,-3314.7,-39116.5,11529.3,-243.64,2.295
R1600,rock,1,-2318.1,-38925.6,12605.9,-26.99,3.196
R1601,rock,0,-1264.9,-39018.9,11346.7,-190.79,1.824
R1602,rock,1,2072.7,-39211.9,10106.6,-150.81,1.607
R1603,rock,0,3301.1,-39380.2,9364,-102.52,1.197
R1604,rock,1,4056,-38622.1,10833.2,-16.15,0.351
R1605,rock,1,7303.1,-38726,9189.2,65.7,2.369
R1606,rock,1,8709.6,-39288.9,9021.2,-212.3,0.432
R1607,rock,2,9847.9,-38950.3,9904.3,-112.5,2.626
R1608,rock,1,22476.9,-38700.8,3004.7,-43.59,2.89
R1609,rock,0,28999.7,-39255.4,4272.7,-166.26,2.45
R1610,rock,2,36172.9,-38833,5966.8,-107.58,0.628
R1611,rock,0,36294.6,-38699.3,6005.5,-51.59,0.302
R1612,rock,2,37517.1,-39346.1,6875.7,69.98,0.629
R1613,rock,0,38502.2,-38749.9,6798.6,-233.67,0.261
R1614,rock,0,40009.7,-39351.8,7600.3,73.82,2.464
R1615,rock,1,42236.7,-39053.1,8059.6,-211.85,0.677
R1616,rock,0,46810.7,-39072,8307.6,-36.1,1.864
R1617,rock,1,49673.2,-38608.9,6509.6,-186.73,2.564
R1618,rock,0,57066.9,-39106.3,4600.4,-133.91,0.668
R1619,rock,2,-62578.3,-37914.1,4911,-50.91,1.764
R1620,rock,0,-49403.6,-38316,5127.9,-187.33,2.665
R1621,rock,1,-43835.1,-38012.4,6551.3,-245.53,0.633
R1622,rock,2,-38383.8,-37654.7,8990.3,-259.89,3.073
R1623,rock,0,-37012.8,-38266,8755.2,-6.37,0.663
R1624,rock,0,-33000.1,-37757.9,8020.8,-239.26,1.91
R1625,rock,1,-29974,-38130.3,7513.7,-148.43,2.848
R1626,rock,2,-19624,-38138.6,5294.9,-86.96,2.625
R1627,rock,1,-17239.6,-37701.5,6504.8,-147.55,2.496
R1628,rock,0,-5742.4,-38378.5,8831.9,-144.89,0.327
R1629,rock,2,-4722,-37706.7,11288.8,-147.46,2.172
R1630,rock,1,-2180.6,-38170.3,12999.2,-131.45,0.447
R1631,rock,0,3699.8,-37740.6,11195.5,-40.8,0.269
R1632,rock,2,4361,-37673.1,12858.4,-40.45,1.84
R1633,rock,1,6769.9,-38281.4,9660,-77.79,2.83
R1634,rock,0,8559.3,-38339.4,8571,24.84,0.635
R1635,rock,0,10434,-37863.4,9371.6,29.68,2.464
R1636,rock,1,14024.5,-38308.8,5953.7,85.37,0.407
R1637,rock,1,15683.5,-38100.5,5536,-147.07,0.322
R1638,rock,1,17142.2,-38199.2,5951.8,-253.83,0.347
R1639,rock,0,39211.5,-38425.1,7318,-56.66,2.13
R1640,rock,1,40408.4,-37682.1,7640.9,-53.36,0.29
R1641,rock,1,41062.2,-37888.4,8478.2,-258.78,2.941
R1642,rock,1,42908.1,-37949.2,7501.8,-147.31,2.563
R1643,rock,1,43552.5,-38369,7574.9,-28.43,0.329
R1644,rock,2,45091.2,-37829.6,7355.1,-88.64,1.668
R1645,rock,0,47171,-37785,7915,-225.22,0.483
R1646,rock,1,48342.1,-37988.9,7339.2,-167.73,0.625
R1647,rock,2,52035.9,-37722.2,6229.9,-36.11,1.516
R1648,rock,1,68149.4,-38361.2,4823.4,-102.06,0.412
R1649,rock,0,-58776.8,-37125.4,4372.9,-108.09,2.718
R1650,rock,1,-50300.7,-36941.1,4907.6,-165.06,0.6
R1651,rock,2,-46462.3,-37513.9,6618.4,-163.88,2.749
R1652,rock,2,-37959.3,-37046.8,8556.6,-139.5,0.404
R1653,rock,1,-33803.5,-36983,8497.6,-134.03,1.803
R1654,rock,2,-25636.9,-37547.4,5855.2,-246.63,0.52
R1655,rock,0,-24840.7,-37016.2,6023.8,-119.83,1.279
R1656,rock,0,-14408.5,-36804.1,6697.3,-220.78,2.659
R1657,rock,1,-9552.5,-36983.5,9965.9,-214.25,2.471
R1658,rock,0,-7346.8,-37391.9,9071.1,-46.87,0.578
R1659,rock,2,-2201.3,-37105.8,12207.7,46.4,0.685
R1660,rock,1,1679.2,-37115.8,12515.3,-44.19,0.613
R1661,rock,1,3703.8,-37529.4,11323.2,-248.22,2.895
R1662,rock,1,5467.5,-37598.7,11534.8,-1.91,1.482
R1663,rock,1,10094.6,-36999.2,10736.9,-109.1,2.662
R1664,rock,2,17229.5,-36837.4,5679.6,-149.14,1.572
R1665,rock,2,17391.8,-37118.9,5613.6,-110.02,1.903
R1666,rock,2,21152.5,-37109.2,3424.6,55.17,0.378
R1667,rock,1,39676.7,-37519.6,7111.4,-72.69,1.327
R1668,rock,2,52864.7,-36910.6,6018.5,-252.75,2.874
R1669,rock,1,53948.6,-36734.4,5410.7,-51.27,1.453
R1670,rock,2,-63559.5,-36289.9,4466.6,19.35,0.314
R1671,rock,0,-60830.6,-35985.5,4582.4,-27.51,2.455
R1672,rock,0,-51151.8,-36098.8,4729.3,-62.16,0.341
R1673,rock,2,-44996.6,-36510.1,6757.1,-30.02,0.521
R1674,rock,1,-42100.8,-35950.1,8176.7,-66,2.564
R1675,rock,0,-33028.3,-35822.5,9263.2,16.27,2.519
R1676,rock,0,-30442.6,-36393.7,7591.7,-203.28,2.313
R1677,rock,0,-21689,-36484.1,5136.2,-232.66,0.266
R1678,rock,1,-15369.1,-35884.9,6246.8,-19.36,0.542
R1679,rock,1,-14847.4,-36185.8,6319.2,-51.1,0.335
R1680,rock,0,-11956.1,-36033.5,8765.2,-226.22,1.021
R1681,rock,2,-5314.8,-36604.5,10414.6,-89.75,1.651
R1682,rock,1,-2524.9,-36137.1,14465.6,-83.96,2.379
R1683,rock,2,-298.4,-35878.4,13407.6,-11.16,2.88
R1684,rock,0,787.2,-35865.9,14863.9,-47.61,2.332
R1685,rock,1,10099.2,-35978.2,11509.5,48.59,0.64
R1686,rock,0,12000.2,-36194,7674.5,-225.21,0.615
R1687,rock,1,17111.6,-36602.8,5665.2,-129.39,2.18
R1688,rock,1,32586.6,-36589.4,5308.1,-4.33,2.282
R1689,rock,2,34652.8,-36206.4,6916.4,75.04,0.425
R1690,rock,0,35877.5,-35819,6667.2,-193.8,0.603
R1691,rock,0,36528.7,-36168.3,6817.9,-112.75,2.946
R1692,rock,1,38605.2,-35915.9,6865.8,-24.69,0.523
R1693,rock,1,39579,-36101.5,7163.7,-77.07,0.401
R1694,rock,2,49312.3,-36372.5,5746,-194.93,3.011
R1695,rock,0,53029.6,-36075.5,5793.1,-84.11,0.267
R1696,rock,1,-44001.8,-35018,7312.6,-238.25,2.933
R1697,rock,0,-41644.6,-35333.4,8955.4,-126.45,1.936
R1698,rock,2,-40220.2,-35015.8,9797.7,-32.04,0.419
R1699,rock,2,-37713.7,-35592.7,9255.7,-221.8,0.589
R1700,rock,2,-37581.7,-35791.4,8585.4,-99.58,1.239
R1701,rock,1,-34011.5,-35737.5,7944.9,55.32,0.303
R1702,rock,0,-32102.6,-35106.7,8412.3,-131.52,2.744
R1703,rock,1,-26643.3,-35698.8,6186.6,76.17,0.253
R1704,rock,2,-18937.1,-35422.1,6433.4,-94.17,1.255
R1705,rock,1,-18203.9,-35248.2,6020.9,-203.47,0.318
R1706,rock,1,-11725.6,-35746,9263,-154.38,2.461
R1707,rock,2,-11134.2,-35786.1,9707.8,40.96,1.472
R1708,rock,2,-6040.5,-34902.2,10237.2,43.06,3.062
R1709,rock,0,-5067,-35678.9,12233,-178.82,0.259
R1710,rock,2,-1600.1,-35092.7,14736.9,-37.56,2.555
R1711,rock,0,5.3,-35075.2,14497.5,-260.94,2.122
R1712,rock,2,4133.1,-35420.7,13707.9,-2.97,3.118
R1713,rock,2,6622.4,-34915.8,11211,-126.83,3.111
R1714,rock,1,9590.5,-34959.7,11970.8,-223.33,2.47
R1715,rock,2,10374.2,-35386.7,10849.6,-235.95,1.073
R1716,rock,0,11708.6,-35604.7,8612.4,51.91,2.269
R1717,rock,0,13829.3,-35190.2,6815.3,-171.98,1.726
R1718,rock,1,17715.4,-35294.4,5243.1,-151.88,2.068
R1719,rock,2,38225.8,-35633.4,7144.3,89.47,0.313
R1720,rock,2,40632.2,-35689.7,7828.4,-162.15,2.751
R1721,rock,2,41294.6,-35616.8,8091.7,50.73,1.817
R1722,rock,0,44810.4,-34993.2,7387.7,-204.2,0.362
R1723,rock,2,47686.2,-35037.2,8219.8,77.17,1.718
R1724,rock,2,49381.5,-35168.9,6283.4,38.21,0.566
R1725,rock,0,57955.4,-35324.9,4201,-68.66,1.864
R1726,rock,1,-51520.2,-34376.9,4751.1,13.59,1.892
R1727,rock,2,-42221.3,-34103.8,9446.2,-215.47,0.524
R1728,rock,1,-42036.6,-34237,9740.8,63.48,2.302
R1729,rock,2,-38894.9,-34882.1,8766.3,-206.27,0.599
R1730,rock,0,-33177.3,-34510.1,9893,52.37,1.768
R1731,rock,0,-30598.5,-34399.6,7428.8,-7.73,0.67
R1732,rock,0,-28160.2,-34183.8,7152.2,3.69,1.225
R1733,rock,2,-26441.8,-34667.8,7566.1,-208.86,0.401
R1734,rock,0,-19735.3,-34092.3,5935.8,6.3,0.373
R1735,rock,0,-11750.7,-34884.1,9358.8,33.34,2.36
R1736,rock,1,-11262.6,-34793.4,10342.9,-59.66,1.877
R1737,rock,0,-4615.1,-34749.8,11374.5,-64.71,1.972
R1738,rock,1,2734.7,-34125.9,13044.9,-69.31,2.537
R1739,rock,2,10993.2,-34254.8,10210.9,-185.57,2.763
R1740,rock,0,11777.3,-34499,8702.9,-175.36,1.313
R1741,rock,2,17881.6,-34436.1,4950,-189.09,0.381
R1742,rock,2,28109.4,-34346.9,3690,-142.63,0.422
R1743,rock,2,33214.3,-34156.2,6975.8,-12.61,1.19
R1744,rock,1,40910.7,-34559.2,8906.8,-65.46,2.185
R1745,rock,1,48562.6,-34590.8,7108.1,41.92,0.346
R1746,rock,1,-65254.1,-33125.1,4136.4,-95.68,0.469
R1747,rock,1,-49431.2,-33404.6,6461,-190.27,1.246
R1748,rock,0,-47543.3,-33295.2,6427.5,-243.88,1.55
R1749,rock,1,-39959.6,-33314.6,9730.4,-246.1,0.658
R1750,rock,0,-38666.1,-33689.1,9217.4,-43.11,2.386
R1751,rock,0,-36997.6,-33445.4,9421.8,51.99,0.336
R1752,rock,2,-34081.7,-33140.6,10021.3,-120.62,1.259
R1753,rock,1,-29932.7,-33347.1,7135.9,-246.58,0.415
R1754,rock,1,-26231.2,-33414.4,6635.2,-63.46,0.575
R1755,rock,2,-12638.5,-33305.9,7872.5,-26.54,2.142
R1756,rock,2,-6966.8,-33532.4,10709.1,-16.01,0.364
R1757,rock,1,-3984.6,-33956.5,13075.2,-231.42,2.482
R1758,rock,1,-1549.2,-33396,12697.8,-7.5,2.163
R1759,rock,0,1757.1,-33805.2,12835.2,-153.78,1.839
R1760,rock,0,3025.2,-33131.6,14155.1,-229.38,0.368
R1761,rock,2,7343.7,-33856.2,12801.7,-256.98,1.346
R1762,rock,1,8185.8,-33348.9,11763.2,-206.39,3.04
R1763,rock,2,14360.7,-33616.2,8062,-28.59,0.481
R1764,rock,0,15404.8,-33191.2,7208,78.44,1.611
R1765,rock,0,17472.7,-33322.2,4856.4,-260.77,2.39
R1766,rock,2,36484.3,-33739.5,7673,57.34,2.42
R1767,rock,1,38051.1,-33638.9,8600.6,-227.67,1.015
R1768,rock,2,40515.2,-33969.1,8873.3,-179.93,0.531
R1769,rock,1,51828.4,-33505.3,5915,61.18,0.517
R1770,rock,1,-50348.4,-32600.8,5501,84.65,1.596
R1771,rock,1,-48822.8,-32884.2,7038.7,-86.66,2.037
R1772,rock,0,-46947.2,-33038.4,7119.3,-160.07,0.675
R1773,rock,1,-45644.7,-32893,6783,62.01,2.765
R1774,rock,0,-44289.2,-32605,7211.7,-81.29,0.385
R1775,rock,2,-38956.1,-32878.3,11020.3,59.89,1.492
R1776,rock,1,-37895.6,-32577.6,10758.5,-259.83,2.859
R1777,rock,2,-36082.2,-32484.1,10637.9,-189.24,2.339
R1778,rock,1,-34150.3,-32675.2,9673.4,-245.8,2.731
R1779,rock,2,-32004.6,-32330.9,7952,-225,2.873
R1780,rock,2,-26058.2,-33049.7,6333.8,-175.58,2.942
R1781,rock,1,-23135.1,-32725.1,5679.7,-267.2,0.327
R1782,rock,2,-18974.1,-32583.6,5697.3,-230,0.495
R1783,rock,0,-16267.2,-33022.6,5690.1,-165.46,3.015
R1784,rock,2,-12281.3,-32819.2,8583,-168.65,2.9
R1785,rock,2,-10480,-32228.2,8695.5,-167.41,0.502
R1786,rock,1,-9557.1,-32702.9,10227.4,24.9,1.093
R1787,rock,1,-6719.4,-32244.4,10946.3,-34.81,2.925
R1788,rock,0,-5022.6,-32347.6,11569.6,-88.28,2.942
R1789,rock,2,-3560.8,-32732.3,13422.8,63.81,0.592
R1790,rock,2,-115,-32324.4,12071.6,71.48,0.28
R1791,rock,1,2836.7,-33094.4,13958.2,-51.35,0.659
R1792,rock,0,4749.4,-32622.2,12215.4,-225.3,0.483
R1793,rock,2,6355.7,-32717.4,11251.5,-231.48,1.065
R1794,rock,0,7856.6,-32821.1,10573.4,66.72,1.761
R1795,rock,2,15969.3,-32826.2,6694.6,-161.68,1.155
R1796,rock,0,20601.9,-32242,4397.2,-189.7,0.681
R1797,rock,2,26751.3,-32840.9,3624.9,-101.14,1.983
R1798,rock,1,32293.9,-32890.3,5556.5,-96.03,2.705
R1799,rock,1,34325.7,-32913.6,6140.5,50.3,0.384
R1800,rock,0,36723.3,-32658.9,6881,-20.68,0.407
R1801,rock,1,43262.4,-33063.8,9011.6,-175.9,0.363
R1802,rock,0,44855,-32375.5,7873.3,-112.86,0.686
R1803,rock,1,46740.2,-32456.9,7708.9,-262.58,1.295
R1804,rock,0,48160.8,-32369.9,7635.4,-68.28,0.479
R1805,rock,2,-67684.5,-31800,4321.6,-39.39,0.53
R1806,rock,1,-66230.2,-32099.7,3989.6,27.63,0.335
R1807,rock,1,-44282.2,-31623.7,7440.7,-135.67,0.422
R1808,rock,1,-42225.2,-32110.8,9689.8,64.46,0.325
R1809,rock,2,-40779.2,-31518,8299.5,-133.39,2.33
R1810,rock,1,-37872.1,-31498.6,10972.5,71.7,1.476
R1811,rock,2,-36286.5,-31326.6,10617.4,0.39,1.229
R1812,rock,2,-34796.7,-31933.7,9672.9,-146.45,0.348
R1813,rock,1,-25485.3,-31579.9,6873.1,-79.91,1.025
R1814,rock,0,-23138.5,-32051.7,6029.6,-72.52,2.243
R1815,rock,1,-20545.6,-31847.6,6250.4,-96.07,0.357
R1816,rock,2,-19520.4,-31446.4,6594.7,4.38,1.194
R1817,rock,0,-14723.6,-32000.6,6677.6,8.42,3.153
R1818,rock,0,-14030.9,-32071.9,7059.3,-55.33,2.616
R1819,rock,0,-12535,-31931.8,7658.7,48.35,2.277
R1820,rock,1,-11320.3,-31942.4,8945.9,-133.41,0.638
R1821,rock,1,-5640.5,-32010,13072.9,-247.76,2.832
R1822,rock,1,-1190,-31457.6,13956.4,59.97,2.218
R1823,rock,0,188.9,-31739.7,11562.5,-232.02,3.021
R1824,rock,1,3540.8,-31741.5,16414.2,-67.56,1.732
R1825,rock,1,4533.3,-31673.3,11612.1,-122.48,1.315
R1826,rock,2,10285.9,-31872.6,10759.3,5.4,0.679
R1827,rock,0,12193.7,-32092,9314.3,-255.44,2.077
R1828,rock,0,15189.3,-31799.5,7202.3,-82.35,2.631
R1829,rock,0,17132.9,-31395.9,5794.3,15.57,0.583
R1830,rock,2,22893.5,-31534.9,2867.9,-206.33,0.572
R1831,rock,0,39413.3,-31478.2,7384.6,36.32,2.492
R1832,rock,0,42690.8,-31664.4,8591.8,33.28,0.257
R1833,rock,1,47204.3,-31762.2,7487.6,56.01,1.913
R1834,rock,2,48847.4,-31563.9,6698.4,65.14,2.551
R1835,rock,1,-48566.4,-30772.8,6503.5,-83.37,0.392
R1836,rock,1,-46180.7,-31110.9,6746,-122.76,0.591
R1837,rock,2,-41824.6,-30721.1,7902.4,8.27,1.043
R1838,rock,2,-39221,-30981.8,9555.3,-43.77,2.318
R1839,rock,0,-38477.2,-31028.5,10000.3,-166.16,2.398
R1840,rock,1,-36502.4,-31216,10722,-7.09,1.122
R1841,rock,2,-33418.6,-31033.2,8831.9,-252.52,1.412
R1842,rock,0,-20508.4,-30620.5,5574.4,-225.79,0.524
R1843,rock,1,-18118.9,-30790.7,6390.2,74.15,1.951
R1844,rock,2,-7685.8,-30640.9,12004.3,-187.37,1.647
R1845,rock,2,-4572.6,-30461,12871.8,-52.34,0.567
R1846,rock,0,-3717.6,-30530,14272.9,-23.23,1.406
R1847,rock,0,-1681.4,-30446.8,14025.2,6.22,0.416
R1848,rock,2,-607.5,-30681.6,15075.8,-107.02,2.118
R1849,rock,2,401.6,-30956.8,12969.6,-177.57,1.541
R1850,rock,1,2790.3,-30956.2,15147.5,-119.32,2.385
R1851,rock,1,5158.5,-31071.1,10740.2,-256.85,1.389
R1852,rock,0,11595.9,-31298.6,9797.1,-226.88,2.978
R1853,rock,1,13745.8,-31277.5,7870.8,-147.3,2.905
R1854,rock,0,16760.2,-31265.3,6626.5,-180.75,2.088
R1855,rock,1,18250.5,-30504.3,5685.1,29.09,2.726
R1856,rock,0,21214.6,-31275.4,4059.7,-239.75,0.636
R1857,rock,0,31690.3,-31197.8,5426.4,22.9,1.701
R1858,rock,2,33247.8,-30458.3,5656.8,-56.25,0.496
R1859,rock,2,34830,-31172.6,5681.9,-27.53,0.408
R1860,rock,2,41566.9,-31011.5,6995.5,-191.77,0.46
R1861,rock,0,41689,-31195,7160.9,23.24,0.484
R1862,rock,2,47811.1,-30504.3,6206.6,-55.93,0.683
R1863,rock,0,-50459.8,-29654,4628.3,-124.03,0.337
R1864,rock,1,-47837.1,-30025.6,7285.9,-92.7,0.499
R1865,rock,0,-46396,-29692.8,7960.5,-194.25,0.348
R1866,rock,2,-44087.7,-29678.5,8137,65.99,0.61
R1867,rock,2,-43571.8,-29559.4,7914.9,5.34,1.662
R1868,rock,0,-38852.1,-29704.8,9552,-98.98,2.027
R1869,rock,0,-34694.2,-30305.5,9150.7,-45.4,1.634
R1870,rock,1,-33305.4,-30226.3,8081.3,-164.21,0.426
R1871,rock,1,-30587.7,-29712.1,6327.9,-104.37,2.917
R1872,rock,0,-30214.4,-29614.4,6113.9,39.89,0.636
R1873,rock,1,-29128.2,-29663.5,5794.2,-245.39,3.154
R1874,rock,1,-17769.2,-30024.9,7487.7,-160.32,1.859
R1875,rock,0,-9881.1,-29982.6,9654.3,63.64,2.177
R1876,rock,0,-7926.6,-29557.7,11935.9,77.85,1.774
R1877,rock,1,-7153.9,-30395.3,13085.1,-259.07,2.981
R1878,rock,1,-6951.4,-29776.7,13024.7,19.02,2.429
R1879,rock,1,-4510,-29618.7,13565.9,-90.09,2.599
R1880,rock,1,-1614.9,-30044.7,14278,-68.65,2.586
R1881,rock,2,-1288.8,-30347.2,14946,-175.66,2.551
R1882,rock,1,-615.9,-29791,17031.3,49.13,2.014
R1883,rock,2,10554.5,-29838.5,9727.9,-68.03,1.599
R1884,rock,0,11888.4,-30373.9,9284.4,53.62,0.378
R1885,rock,0,15983.6,-30214,6194,-82.94,0.44
R1886,rock,2,18293.3,-29639.4,5991.3,-237.86,0.641
R1887,rock,1,21935.1,-30255.7,3569.4,49.15,0.357
R1888,rock,0,26107.8,-29875.6,3158,-106.31,0.289
R1889,rock,0,34909.4,-30074.7,5491.1,-64.33,0.666
R1890,rock,0,43326.6,-29703.7,7419.3,24.54,2.388
R1891,rock,1,50027.9,-29512,4888.2,-258.2,0.657
R1892,rock,2,-68399.1,-28724.4,5555.3,-218.01,3.173
R1893,rock,1,-66787.3,-29197.4,4989.6,-149.78,0.546
R1894,rock,2,-51623.9,-28919.1,4784.6,-132.19,0.378
R1895,rock,1,-47318.3,-29299.5,7521.8,33.75,1.946
R1896,rock,0,-34067.9,-28652.9,8984.7,58.82,0.417
R1897,rock,1,-33147.6,-28935.9,9347.9,22.61,2.719
R1898,rock,0,-30581.9,-28707.5,6527.5,-86.3,0.395
R1899,rock,2,-27923.3,-28808.2,5382.4,7.76,0.515
R1900,rock,1,-26283.4,-29233.8,6449.1,-38.04,0.46
R1901,rock,0,-23952.7,-28806.4,5946.6,-217.38,0.389
R1902,rock,0,-6904.6,-28662.9,15316.7,-253.43,1.049
R1903,rock,0,-5390.9,-29140.2,13357.1,-93.39,2.054
R1904,rock,2,-5043.4,-28781.5,13870.9,52.06,0.356
R1905,rock,0,-3310.7,-29142.4,14228.6,88.03,2.618
R1906,rock,1,-348.5,-29120.7,15393.7,-7.18,2.467
R1907,rock,2,1450,-29406.1,15109.1,-29.08,2.603
R1908,rock,2,2024.9,-28699.5,13944.8,-230.41,2.507
R1909,rock,0,3125.6,-28793.4,12750.9,-174.65,2.125
R1910,rock,0,6945.9,-28872.6,12225.6,38.35,3.131
R1911,rock,2,8021.1,-29062.6,13705.7,-19.16,0.282
R1912,rock,0,9047.4,-29147.1,10996.2,-195.44,1.639
R1913,rock,2,30705.4,-29189.9,4350.8,58.93,0.272
R1914,rock,2,31138.5,-29352.4,4769.3,-66.29,0.673
R1915,rock,0,32953.1,-29203.8,5723.3,62.21,0.565
R1916,rock,2,34658.8,-29133.9,5115.8,-246.62,0.621
R1917,rock,1,39288.9,-29350.1,5790.8,-146.36,0.265
R1918,rock,2,48858,-29310,5289.2,33.75,1.356
R1919,rock,1,49704.1,-29150.5,4844.8,-52.03,0.622
R1920,rock,0,69115.6,-29439.3,5026.4,-254.62,0.251
R1921,rock,0,-66582.9,-28395.1,5643.5,0.14,0.343
R1922,rock,2,-66274.7,-28112.8,5521.9,-225.48,2.053
R1923,rock,1,-47147.2,-28545.2,6852.5,-241.33,0.653
R1924,rock,0,-45240.8,-28371.2,6711.2,-20.14,3.057
R1925,rock,2,-44350.6,-28542.5,6893.6,9.99,1.601
R1926,rock,0,-41710.6,-28044.8,7183.2,18.33,1.565
R1927,rock,0,-40520.6,-28273.9,7849.6,-49.3,0.561
R1928,rock,2,-37459.6,-28160.2,8691.8,41.33,2.567
R1929,rock,0,-30282.5,-27847,6414.5,-245.57,0.52
R1930,rock,2,-28231.3,-27853.5,5906.4,-266.63,0.482
R1931,rock,1,-26581,-28338.6,6466.2,37.56,0.676
R1932,rock,2,-24846.5,-28198.3,5784.1,-86.95,2.894
R1933,rock,0,-22517.8,-28058.4,5369.4,-155.04,0.542
R1934,rock,2,-13452,-28064.1,9138.6,-126.08,0.324
R1935,rock,0,-13039.2,-28028.8,8983.4,-242.34,2.668
R1936,rock,2,-10377.9,-28020,11964.1,56.96,0.371
R1937,rock,0,-8390.2,-28315.4,11214.4,-62.74,3.154
R1938,rock,2,-7421.2,-28315.1,13852.4,72.3,2.467
R1939,rock,1,-6831.7,-28574.3,15701.9,-77.69,2.568
R1940,rock,0,-5890.3,-27731.5,11611.4,20.98,0.314
R1941,rock,2,-4545,-27941.4,11849.6,-96.55,0.69
R1942,rock,2,-3421,-28235.8,13232.5,-12.82,2.787
R1943,rock,0,-2897.8,-27918.5,14330.5,-265.39,1.526
R1944,rock,1,-2486.4,-28339.7,15475.5,-268.99,2.136
R1945,rock,0,1348.4,-27901.6,13980.2,-144.4,2.033
R1946,rock,1,4521.6,-28514,11826.6,-136.51,0.697
R1947,rock,0,6166.1,-28084.4,11946.9,-237.74,0.384
R1948,rock,0,7283.3,-27922.6,14526.4,-186.39,0.663
R1949,rock,2,12130.4,-28116.1,9139.9,-147.35,0.631
R1950,rock,2,13101.3,-28092.5,8434.1,-47.81,2.782
R1951,rock,2,14062.3,-28533.7,6300.7,-9.7,0.587
R1952,rock,0,17236.9,-28506.6,5133.6,-264.88,1.972
R1953,rock,1,17493.1,-28033.2,5565.3,-237.66,1.114
R1954,rock,1,21175.5,-28020.3,4145.9,-138.67,0.632
R1955,rock,2,28188.7,-28178.1,3679.2,-144.57,0.614
R1956,rock,2,34345,-27944.8,4629.8,-195.82,2.858
R1957,rock,2,34952.3,-28221.9,4777.5,-165.26,0.61
R1958,rock,1,38827.7,-27959.7,5801.3,-162.74,2.651
R1959,rock,2,62957.2,-28331.3,4277.9,-6.15,0.326
R1960,rock,2,-50807.7,-26884.4,5292.6,-34.16,1.746
R1961,rock,0,-47982.6,-27655.9,5832.3,-129.42,3.017
R1962,rock,0,-47191,-27031.1,5804.3,-25.34,0.3
R1963,rock,2,-43953.6,-26979,7165.2,-185.91,2.416
R1964,rock,0,-32632.5,-26901.2,6909,-139.18,0.556
R1965,rock,1,-29548.4,-26962,5870.8,-126.27,1.445
R1966,rock,0,-27791.8,-27039.4,5957.7,70.35,0.418
R1967,rock,0,-21795.1,-26850.5,4994.9,-197.28,0.443
R1968,rock,1,-21292.3,-27158.6,4879.7,-191.64,0.674
R1969,rock,0,-3219.6,-27514.8,12949.9,-67.83,1.804
R1970,rock,1,3020.6,-27207.2,11763.8,-74.7,0.695
R1971,rock,0,5181.8,-27018.3,14376.2,-232.48,0.655
R1972,rock,0,13317.1,-26907.4,8891.5,-3.56,1.726
R1973,rock,1,40739,-27517.5,5820.2,26.47,2.841
R1974,rock,1,46376.7,-27037.9,4945.6,51.25,1.41
R1975,rock,1,-68038.3,-26013.3,5072.1,88.85,0.461
R1976,rock,0,-47541.7,-26477.1,5461.5,-255.19,1.947
R1977,rock,0,-37966.9,-26138.7,8640.6,-269.27,0.412
R1978,rock,0,-35771.2,-26722.9,6598.2,11.09,2.432
R1979,rock,1,-32692.1,-26680,6852.6,33.93,1.749
R1980,rock,0,-31977.4,-26168.9,7483,-228.89,2.353
R1981,rock,1,-30624.5,-26656.7,6767.2,-23.66,2.418
R1982,rock,0,-29535.7,-26584,6087.5,-153.19,0.658
R1983,rock,1,-27589.1,-26280.2,5805,83.22,0.532
R1984,rock,2,-17525.9,-26029.6,6370.1,-55.39,2.472
R1985,rock,0,-15192.2,-26060.4,7049.4,-264.36,0.454
R1986,rock,1,-8244.9,-26538,11264.3,-95.88,1.01
R1987,rock,1,-7174.9,-26591.7,11351.3,-38.12,1.488
R1988,rock,0,-3550.1,-25904,11342.4,78.02,1.825
R1989,rock,2,-3301.5,-26396.1,13690.3,-257.98,1.229
R1990,rock,0,1746,-26570.7,11729.3,-212.21,2.625
R1991,rock,2,2343.1,-26567.7,11867.7,-224.92,2.493
R1992,rock,2,3287.4,-26402.1,13081.8,-166.16,2.653
R1993,rock,0,4263.9,-26576,12325.5,34.52,1.67
R1994,rock,2,5214.9,-26314.2,14239.8,-166.52,1.486
R1995,rock,1,5902.9,-26448.1,14401.1,-4.71,2.848
R1996,rock,1,8091.2,-25918.9,10856.6,14.28,1.584
R1997,rock,2,14123.1,-26527.6,8603.9,-203.13,1.882
R1998,rock,2,45161.3,-25936.5,5652,-156.29,0.64
R1999,rock,1,60470.2,-26296.5,3543.1,-228.05,0.498
R2000,rock,0,-52057.8,-25289.1,4696.2,-240.18,2.607
R2001,rock,0,-39370.1,-25825.9,7334.1,-29.89,0.66
R2002,rock,0,-36104.7,-25336.8,7322.1,-193.66,3.137
R2003,rock,1,-22580.5,-25841.4,5273.8,-171.89,1.313
R2004,rock,1,-18771.1,-25304,5990.1,-46.37,2.254
R2005,rock,2,-17986.5,-25123,6688.6,-159.21,1.886
R2006,rock,0,-17324.2,-25243.2,6643.6,-44.25,2.546
R2007,rock,0,-12446.4,-25664.5,7544.4,55.48,0.553
R2008,rock,2,-5704.1,-25878.6,11029.3,-120.97,0.437
R2009,rock,1,-5130.1,-25733.8,11349.7,-69.78,2.776
R2010,rock,2,-2884.5,-25351,12084.3,-5.63,1.421
R2011,rock,0,-2462.5,-25754.5,14034.3,-113.71,2.558
R2012,rock,1,1642.6,-25502.8,11267.8,-206.12,1.808
R2013,rock,0,5498.3,-25646.6,13599.8,62.26,2.417
R2014,rock,2,7092.5,-25611.4,11069.9,-252.08,0.502
R2015,rock,0,12845.7,-25267.7,7501.2,44.55,1.127
R2016,rock,0,15972.2,-25412.2,6778,10.75,0.551
R2017,rock,2,18444.2,-25625.6,5336.3,4.44,1.366
R2018,rock,1,19789.2,-25487.6,4310.9,-155.39,1.736
R2019,rock,0,-66938.9,-24761,5147.4,-155.29,0.306
R2020,rock,1,-44124.5,-24280.2,6412.3,-105.5,2.741
R2021,rock,2,-39405.5,-24648.9,6309.9,-186.69,1.09
R2022,rock,0,-36507.5,-24618,7860.5,33.76,1.578
R2023,rock,2,-35402.4,-24110.4,6435.6,66.77,0.636
R2024,rock,0,-33760.9,-24956.6,5868.9,37.94,2.271
R2025,rock,0,-29395.4,-24396.9,5872.5,-52.74,0.432
R2026,rock,0,-13442.9,-24243.9,8376.4,-180.81,1.141
R2027,rock,2,-11765.5,-24968,8015.1,77.62,2.748
R2028,rock,0,-8460.5,-24581.4,11283.9,-107.4,0.611
R2029,rock,2,-7237.2,-24675.6,11429.3,-170.81,0.334
R2030,rock,0,-6729.8,-24336,12054.7,-200.15,2.926
R2031,rock,1,-5323,-24411.2,11765.1,-73.42,2.055
R2032,rock,1,-5020.1,-24883.8,11368.4,-207.83,2.342
R2033,rock,2,-3653.6,-24769.8,11107.6,-160.78,2.182
R2034,rock,1,-2336.7,-24469.8,13646.7,27.82,1.659
R2035,rock,0,-1565.9,-24877.5,14746.6,-7.81,1.365
R2036,rock,1,-188.2,-24420.9,13327.3,-140.29,2.68
R2037,rock,2,916.9,-24964.6,11094.8,-249.26,2.012
R2038,rock,1,2120.2,-24271.1,11734.4,-128.89,1.382
R2039,rock,0,4391,-24843.5,14009.6,-70.1,2.942
R2040,rock,0,4803,-24237.8,11085.9,-191.75,1.234
R2041,rock,1,5735.4,-24659.2,11041,-97.89,2.571
R2042,rock,2,11631.3,-24687.9,7196,-262.21,0.685
R2043,rock,1,12275,-24529.1,7045.5,-76.14,1.378
R2044,rock,0,13524.6,-24958.3,7057.3,-46.58,2.47
R2045,rock,2,14495.2,-24810.4,6008.9,35.52,1.41
R2046,rock,2,16823.6,-24195.9,5727.2,-107.79,2.809
R2047,rock,1,18115.4,-24386.3,5636.6,-256.46,0.649
R2048,rock,0,38047.7,-24976,4292,-167.53,0.554
R2049,rock,2,-45166.4,-23700.6,5607.8,-76.33,1.288
R2050,rock,2,-43981.4,-23928.3,6786.7,-193.8,0.347
R2051,rock,0,-43552.3,-23748,6629.2,-245.24,0.609
R2052,rock,2,-42040.3,-23242.3,7082.1,-150.69,0.648
R2053,rock,0,-40811.2,-23814.2,6805.2,68.99,2.281
R2054,rock,0,-39292.7,-23517.4,5928.7,-13.93,0.351
R2055,rock,2,-36945.8,-23410.7,5994,-54.73,0.697
R2056,rock,1,-36468.9,-23464.3,6300.2,26.61,2.104
R2057,rock,1,-35315.9,-24026.1,6322.1,-112.01,1.961
R2058,rock,0,-26804.4,-24091.9,4525.2,-177.58,0.697
R2059,rock,0,-23431.8,-23996.9,4962.3,-33.82,2.986
R2060,rock,2,-16369.2,-23206.3,6299.7,39.53,1.541
R2061,rock,1,-11923.4,-23704.1,8712.9,70.63,2.532
R2062,rock,0,-7408.6,-23437,11487.6,-261.39,2.981
R2063,rock,0,-5727.7,-23333.7,11389.4,-165.02,3.04
R2064,rock,0,2182.4,-23987.1,12432.8,-94.98,3.047
R2065,rock,2,4659.3,-23711.4,10718.3,-44.49,1.145
R2066,rock,0,5868.7,-23687.4,10218.3,-89.81,0.603
R2067,rock,0,7800.9,-23387.5,9048.1,-76.73,1.969
R2068,rock,1,9814.4,-23428.8,8076,13.92,3.015
R2069,rock,0,12293.1,-23917.2,7775,-207.76,1.527
R2070,rock,2,13609.6,-24023.3,6731.8,21.6,2.857
R2071,rock,2,35806.3,-23908.9,4572.5,-116.75,0.414
R2072,rock,2,48588.8,-23239.4,3577.5,49.55,0.25
R2073,rock,1,63777.7,-23821.2,3854,-8.43,0.478
R2074,rock,2,-52125.8,-23013.2,3988.1,-134.08,0.561
R2075,rock,1,-46685,-22562.8,4634.6,-85.06,1.497
R2076,rock,1,-44817.6,-22700.9,5610.2,-183.67,0.568
R2077,rock,1,-42517.4,-22820.8,6080.6,-201.08,1.488
R2078,rock,2,-40597.8,-22609.5,6019.8,41.46,2.33
R2079,rock,2,-39816.4,-22351.8,5665.8,18.47,1.675
R2080,rock,2,-37564.8,-23180.8,5942.2,-206.25,1.22
R2081,rock,1,-35080.9,-23111,6605.4,-134.59,0.57
R2082,rock,2,-31732.8,-22764.9,5985.4,-46.5,0.274
R2083,rock,0,-28554.5,-22340.3,5187.3,-209.6,2.884
R2084,rock,2,-24460.3,-22515,4645.4,-51.74,2.575
R2085,rock,1,-20609.4,-22501.2,5534.7,-254.81,0.496
R2086,rock,0,-12828.4,-22756.8,7807,-29.8,3.163
R2087,rock,1,-10874.6,-22960.8,9860.8,-80.92,2.169
R2088,rock,1,-9979.1,-23091.4,10124.6,-69.83,1.379
R2089,rock,2,-9249.9,-23030.8,10525,-2.79,1.761
R2090,rock,2,-8353.9,-22344.4,10558.3,-246.42,3.071
R2091,rock,1,-5982,-22647.3,11368.8,9.95,1.956
R2092,rock,2,-5045.8,-22856.6,11570.7,-60.11,0.265
R2093,rock,1,999.6,-22980.6,13184.1,-3.74,0.318
R2094,rock,1,1528.2,-22604.7,13690.2,-53.78,2.919
R2095,rock,2,3210.4,-22441.6,10712.6,-0.75,1.144
R2096,rock,1,3939.7,-22991.7,11683.4,-202.24,1.739
R2097,rock,2,9731.8,-22585.4,8762.4,-115.81,2.751
R2098,rock,1,15169.8,-22461.5,5788.8,-250.41,0.289
R2099,rock,1,16104.3,-22393.1,5806.9,86.8,0.584
R2100,rock,2,34829.1,-22486,3288.8,-192.06,1.609
R2101,rock,2,37491.1,-22602.7,4030.2,-138.85,0.56
R2102,rock,1,46219.7,-22511.3,3892.6,83.56,0.433
R2103,rock,1,69929.1,-22516.3,4901.1,-255.87,0.429
R2104,rock,1,-58869,-21410.8,4053.5,-207.45,0.465
R2105,rock,0,-33911.1,-21918.1,5902.2,-164.01,2.803
R2106,rock,1,-28274.1,-22071.2,5055,-176.32,1.31
R2107,rock,0,-12509.5,-22214.4,7581.7,-178.03,3.12
R2108,rock,0,-11934.7,-22193.6,8127.9,-131.12,0.328
R2109,rock,1,-10056.9,-22194.7,7905.8,-47.58,0.324
R2110,rock,2,-8821.4,-21684.1,9520.5,-136.23,0.403
R2111,rock,1,-4514.6,-22235.4,11141.7,-112.93,2.547
R2112,rock,0,-3451,-21955.2,11013.9,-245.89,0.265
R2113,rock,1,1727.1,-22011.3,13553.7,-266.78,2.583
R2114,rock,1,3454.3,-21520.2,10012.1,39.66,2.562
R2115,rock,0,7877.2,-21591.6,9447.6,28.55,3.068
R2116,rock,1,9794.2,-22112.5,9802.9,-269.8,0.425
R2117,rock,1,13287.8,-21540,7650.3,-222.14,0.655
R2118,rock,2,14601.6,-22188.3,6534.1,85.7,1.49
R2119,rock,0,25486.9,-22058.1,2890,-267,0.608
R2120,rock,0,43338.3,-21707.7,3637.5,-182.04,0.595
R2121,rock,1,65713.4,-21409.1,4725.1,-177.2,0.597
R2122,rock,0,-46958.2,-21063,4440.2,-21.34,0.425
R2123,rock,0,-46389.9,-20920.7,4108.9,-189.48,1.18
R2124,rock,1,-37454.2,-21234,4442.7,-223.91,2.015
R2125,rock,0,-28990,-20921.2,3935.6,-178.47,0.301
R2126,rock,2,-23969,-21095.8,3739.8,-142.28,1.702
R2127,rock,1,-20765.6,-20567.3,4824.2,-123.95,1.105
R2128,rock,0,-16797.5,-21073.6,5059.9,17.31,2.691
R2129,rock,1,-15292.3,-20930.4,5969.8,-208.26,0.381
R2130,rock,0,-13755.6,-20609.7,6320.7,83.43,0.348
R2131,rock,0,-13221,-21059.6,6904.6,-95.67,1.019
R2132,rock,1,-10751.7,-21103.2,7294.5,-120.19,1.41
R2133,rock,1,-9362.2,-21275.9,8871.6,-107.24,2.46
R2134,rock,2,-5890.1,-20691,10316,43.48,1.525
R2135,rock,2,4625.1,-20792.9,10035.3,-51.35,0.482
R2136,rock,1,10989.9,-20756.4,8463.6,-26.66,3.149
R2137,rock,0,12490.5,-20644.8,7014.7,-114.23,2.855
R2138,rock,2,14636.9,-20842.1,6711.4,-144.21,0.652
R2139,rock,1,21803.5,-21302.9,3615.5,-59.6,1.441
R2140,rock,1,41640.7,-20969.3,3673.6,-91.51,0.467
R2141,rock,2,-29947.6,-19950.7,4128.1,-89.02,0.338
R2142,rock,0,-15948.5,-20426.7,5859.5,39.78,0.366
R2143,rock,2,-13639.3,-19749.8,7009.3,-153.85,0.468
R2144,rock,2,-8297.7,-19688.2,9095.2,22.18,1.593
R2145,rock,2,-7372.9,-20243.3,10628.3,-119.17,2.279
R2146,rock,0,-6759.4,-20086.2,10142.1,-161.46,2.408
R2147,rock,1,-2691.6,-19845.8,9570.4,-229.26,1.389
R2148,rock,0,-1744.4,-19810.8,10291.6,-205.71,1.497
R2149,rock,1,-872.9,-20374.9,11893,-198.97,2.538
R2150,rock,1,-114.7,-19807.3,10848.4,-37.19,1.881
R2151,rock,0,2809.2,-20391,11836.7,-166.64,0.358
R2152,rock,1,12064,-19702.6,6754.5,-128.39,0.315
R2153,rock,1,13243,-19980.3,5873.3,77.83,0.362
R2154,rock,1,14340.5,-20306.7,5542.8,-221.62,2.218
R2155,rock,1,17506.5,-20434.3,4902.9,15.26,0.454
R2156,rock,2,23675.3,-20069.2,2834.3,-126.83,0.59
R2157,rock,1,51336.1,-20241.6,2443.7,-202.81,0.559
R2158,rock,2,-40416.2,-18868.8,4279.1,-242.07,0.614
R2159,rock,1,-34571.3,-19468.5,4339.9,74.81,2.435
R2160,rock,1,-30552,-18934.2,3897.2,36.53,0.451
R2161,rock,2,-3402.4,-19302.5,8141,-213.27,0.399
R2162,rock,2,-2017.5,-19023.9,9658.5,2.7,1.007
R2163,rock,1,-1586.4,-19396.5,10058.3,-257.1,1.632
R2164,rock,0,10301,-19588.3,7856.2,-35.27,1.716
R2165,rock,0,13105.7,-19168.3,5884.5,-60.79,2.254
R2166,rock,1,16235.8,-19054.1,4372.4,77.58,2.554
R2167,rock,2,41936.1,-19237.3,3056.2,-76.25,2.312
R2168,rock,1,53304.4,-19527.2,2118.1,-257.21,1.906
R2169,rock,0,-13724.7,-18344.8,6086.3,-15.23,1.381
R2170,rock,2,-12990.4,-17922.7,5806.1,-4.99,0.455
R2171,rock,0,-8668.4,-18349.2,9116.5,-37.56,0.32
R2172,rock,2,-4285.4,-18455.6,8148.7,-39.18,2.039
R2173,rock,2,-2573.6,-18205.8,8585.6,-168.94,1.934
R2174,rock,2,-233.9,-18368.1,10607.4,-162.01,1.595
R2175,rock,2,2868.3,-17831.3,9191.9,22.11,1.424
R2176,rock,0,7048.4,-17861.5,7531.3,-46.9,0.508
R2177,rock,0,7611.1,-18120.2,8220.4,-202.9,2.718
R2178,rock,0,14574.4,-18466.6,4847.7,-44.31,0.259
R2179,rock,0,14863.4,-18630.5,5057,76.42,0.576
R2180,rock,2,45497.8,-18339.4,2503.4,-85.77,0.279
R2181,rock,2,47316.9,-18450.3,2466.7,-169.33,0.352
R2182,rock,1,62723,-18493.5,3771.2,-176.16,0.645
R2183,rock,0,-9981.3,-17795.8,8107.9,-171.18,0.6
R2184,rock,2,-3351,-16973.1,8424.8,-164.77,2.735
R2185,rock,0,2352,-17520.4,9548.8,-224.72,0.31
R2186,rock,1,6342.9,-17713.4,7700.9,-60.32,2.105
R2187,rock,2,9539.3,-17529.2,6484.5,-112.69,1.674
R2188,rock,2,12719.3,-16995.2,5080.7,-136.42,0.628
R2189,rock,2,66346.1,-17495.1,4454,15.84,0.533
R2190,rock,1,-69566.3,-16010,4661,-205.03,0.5
R2191,rock,1,-56218.5,-16175.3,2989.6,-163.39,0.652
R2192,rock,0,-16842.6,-16593.6,4578.4,-4.62,3.186
R2193,rock,0,-4740.1,-16666,9381.5,-225.85,2.126
R2194,rock,1,-3118.5,-16335.5,9098.2,60.8,0.64
R2195,rock,1,5336.7,-16584.5,7087.3,15.4,0.628
R2196,rock,0,10857.6,-16545.1,5562.6,53.88,1.862
R2197,rock,0,-66519.8,-15351.3,4121.8,-251.25,0.669
R2198,rock,0,-38327.2,-15117.5,3174.8,-39.32,2.171
R2199,rock,0,-21371.6,-15456.5,3301.3,-166,0.655
R2200,rock,2,-14881.5,-15313,4246.5,-15.75,0.486
R2201,rock,1,-11240.7,-15124.1,5611.5,-31.3,0.428
R2202,rock,0,-5260.8,-15713.5,7221.6,-73.05,2.589
R2203,rock,1,-3282.6,-15181,7490.3,83.06,0.27
R2204,rock,1,-1077.5,-15178.7,8318.3,-60.3,0.451
R2205,rock,0,2223.5,-15770,7985.8,47.91,0.63
R2206,rock,1,10067.3,-15362.9,4617.2,59.44,0.499
R2207,rock,0,10783.9,-15605.1,5210.2,-135.48,2.9
R2208,rock,0,30824.9,-15902.1,2513.8,-168.41,0.674
R2209,rock,1,41202.2,-15511.6,2402.8,-223.31,0.331
R2210,rock,2,-59951.5,-14394.5,3880.9,-49.66,3.036
R2211,rock,1,-12591,-14434.8,5457.6,-139.49,0.499
R2212,rock,1,-10166.8,-14536.4,5768.8,-172.66,0.541
R2213,rock,2,-8235.5,-14984.4,6489.8,-85.51,0.611
R2214,rock,1,-5942.4,-15030.1,6175.6,-132.68,1.569
R2215,rock,1,-3540.3,-14249,6676.3,-55.83,1.269
R2216,rock,0,-2836.9,-14432.7,6922.7,-192.43,1.506
R2217,rock,1,-106.1,-15061.5,8885.9,-148.93,0.599
R2218,rock,1,623.7,-14393.2,8081.4,-135.55,2.468
R2219,rock,1,1586,-14840.3,8137,80.36,3.017
R2220,rock,1,10976.1,-14324.9,4654.8,77.52,0.286
R2221,rock,0,-38407.4,-13560.9,2866.8,11.37,0.479
R2222,rock,1,-14622.9,-14123.3,4700.9,-246.3,1.538
R2223,rock,0,-12326.3,-13396.2,4776.3,-113.88,0.579
R2224,rock,0,-7151.3,-13695.6,6066.9,75.31,2.782
R2225,rock,2,-6742.1,-13454,5721.7,-207.07,2.764
R2226,rock,0,-1199.5,-14078.6,8058.8,38.99,0.451
R2227,rock,1,585.5,-13496.5,6225.9,-92.64,1.914
R2228,rock,1,2634,-13935.5,6719.1,-38.3,0.531
R2229,rock,1,3720,-13424,6927.4,-69.17,2.334
R2230,rock,2,3917.2,-13931.6,7593.6,-80.17,1.058
R2231,rock,0,15124.4,-13506.8,4202.3,54.17,1.486
R2232,rock,0,-69885.7,-12856.9,4858.7,-26.24,0.256
R2233,rock,0,-16427.9,-12853.4,3599.7,-164.02,0.386
R2234,rock,1,-7942.3,-12912.5,5745.9,-147.7,0.31
R2235,rock,2,-6900.8,-12409,5975.4,-219.2,0.677
R2236,rock,1,-1155.3,-13041.1,7363.3,-201.45,1.212
R2237,rock,1,1374.6,-12661.6,5425,-154.77,2.866
R2238,rock,2,5293,-12985.5,5946.1,-50.44,2.169
R2239,rock,0,7516.9,-13194.1,5080.6,0.52,2.29
R2240,rock,1,17091.4,-12701.7,3746,-193.47,2.343
R2241,rock,0,-60037.2,-12171.1,4248,22.6,0.61
R2242,rock,0,-57360.2,-11882.9,3103,-178.36,1.55
R2243,rock,1,-55846.8,-12252.3,2567.8,73.83,0.355
R2244,rock,2,-14646.6,-12373.3,3900.6,31.94,0.354
R2245,rock,1,-6734,-12398.2,6012.6,-18.15,0.375
R2246,rock,0,4612.1,-12322.9,5989.8,75.41,1.643
R2247,rock,2,6566.8,-12327.5,5087.3,-192.81,0.525
R2248,rock,2,10675.9,-12292.1,4248.6,-129.12,0.424
R2249,rock,0,35834.6,-11735.6,2099.4,89.71,3.07
R2250,rock,1,67300.3,-12312.3,4665.1,-3.12,0.446
R2251,rock,1,-58146.4,-10730.1,3625.4,83.93,0.552
R2252,rock,2,-3936.7,-10864,5756.8,-41.51,2.91
R2253,rock,1,8687.3,-10952,4393.5,2.64,2.274
R2254,rock,1,42892.2,-11288.6,2178.3,-244.33,0.295
R2255,rock,0,-9759.8,-9808.3,3884.2,-145.02,0.654
R2256,rock,2,-3051,-9948.3,5178.5,-198.08,1.399
R2257,rock,1,6676.4,-9854.3,3841.5,-121.94,0.606
R2258,rock,1,23106.7,-9928.2,2424.3,-220.23,0.579
R2259,rock,2,28853.9,-10020.6,2168.7,-201.94,0.504
R2260,rock,2,44130.1,-10244.8,2155.1,-127,2.541
R2261,rock,1,68118.4,-9831,5088.5,-72.42,0.405
R2262,rock,1,-60753.7,-9495,4431.9,-45.03,0.401
R2263,rock,1,-55065.9,-9481,2475.8,-93.16,0.522
R2264,rock,1,2298.5,-9519.3,5243.2,-152.89,0.641
R2265,rock,0,60842.1,-9642.6,3320,-188.94,0.315
R2266,rock,2,-25104.3,-8298.8,2039.6,18.73,0.381
R2267,rock,2,-8704.8,-8646.1,3927.1,76.93,0.277
R2268,rock,2,-2612.6,-8111.7,4714.5,-267.33,2.33
R2269,rock,1,4461.7,-8197.8,3357,-245.67,0.431
R2270,rock,1,18656.7,-8226.2,2745,-6.2,1.328
R2271,rock,2,-64246.6,-7616.2,4516,-82.85,2.158
R2272,rock,1,-11454,-7534.3,3647.6,-133.67,0.664
R2273,rock,0,34513.2,-7835.2,2168.9,-24.93,0.485
R2274,rock,1,-12527.9,-6751.1,3059,-168.78,0.604
R2275,rock,2,-7435.7,-6169.2,3839.1,-131.24,2.478
R2276,rock,2,3928.4,-5661.8,3004.3,-36.8,0.555
R2277,rock,1,7524.5,-5962.6,3361.9,-12.21,2.673
R2278,rock,1,11060.1,-5977.7,3166.1,-263,0.528
R2279,rock,0,69928.8,-5645.1,4702.6,-17.45,1.144
R2280,rock,1,-65678.3,-3561.2,4723.9,22.41,0.398
R2281,rock,2,1499.4,-3934.9,2999.6,-1,1.619
R2282,rock,2,3874.9,-4136.9,3064.9,-66.07,0.438
R2283,rock,0,17966.5,-3887.3,2272.3,-73.9,1.622
R2284,rock,0,21136.8,-4158,2185.2,-95.95,1.778
R2285,rock,1,-47431.8,-3042.4,1969.2,-105.5,1.287
R2286,rock,2,-30979.4,-2299.5,1719.8,-11.92,0.646
R2287,rock,2,-11285,-2003.9,2977.3,-173.89,2.435
R2288,rock,0,-5170.1,-1656.6,3429.4,-29.05,0.519
R2289,rock,2,-3643,-1898.1,3317.2,-8.78,0.49
R2290,rock,0,407.8,-1905.7,3263.4,55.54,0.441
R2291,rock,2,36264.4,-2200.9,2110.9,74.92,0.37
R2292,rock,0,58851.1,-2004.5,2722.5,-240.25,0.628
R2293,rock,0,63313.4,-1703.4,4374.9,-69.33,1.136
R2294,rock,1,59333.1,-1213.6,3010.7,-8.07,0.569
R2295,rock,1,-18502.8,-602.5,2328.4,-197.52,1.002
R2296,rock,2,-60850,1289.1,4488.4,-158.82,0.602
R2297,rock,1,-27338.3,1443.6,1958.1,-127.98,0.514
R2298,rock,1,-3797.7,1853.3,3362.3,26.47,0.511
R2299,rock,1,3416.3,1179.4,2706.1,-9.58,0.452
R2300,rock,1,15884.7,1714.6,2177.1,-141.06,1.744
R2301,rock,2,58546.6,1384.6,2771.9,-144.69,2.9
R2302,rock,0,-47185.3,2014.8,1972.1,-63.89,0.535
R2303,rock,1,-20214.4,2783.3,1983.3,-30.54,2.082
R2304,rock,0,-3463.6,2359,3437.4,20.12,0.253
R2305,rock,0,8567.8,2191.2,2750.7,-74.81,0.286
R2306,rock,0,27260.7,2378.1,1793.6,-156.65,0.689
R2307,rock,0,58169.2,2792.4,2412.8,5.43,2.564
R2308,rock,2,58953.1,2206,2884.5,87.22,1.728
R2309,rock,1,66303.2,2526.3,5074.1,-27.65,0.605
R2310,rock,2,-61836.9,3781.7,4010.3,-67.11,0.536
R2311,rock,1,-54016.6,3495.1,3202.4,-84.25,0.288
R2312,rock,2,-69937.6,4423.3,4905.1,-261.68,0.474
R2313,rock,2,18227,4576.2,2162.8,-6.97,0.449
R2314,rock,0,-10607.1,5538.6,3166.1,-156.29,0.289
R2315,rock,1,65638,5465.8,4661.9,-243.62,1.826
R2316,rock,0,68808.3,5028.6,4990.6,-160.72,0.622
R2317,rock,0,-56418,5612.1,3813.2,-4.8,0.453
R2318,rock,2,-49895.2,6474.8,1959.1,50.24,0.547
R2319,rock,1,5372,6204.1,3441,-232.9,2.305
R2320,rock,2,60058.8,5758.7,3398.4,-240.01,0.314
R2321,rock,2,-57780.4,6914.4,3620,-82.05,2.752
R2322,rock,0,-8124.1,7071.1,3863.4,15.58,0.52
R2323,rock,0,22137.6,6501.1,2156,-32.91,0.579
R2324,rock,2,-13746.6,7861.8,2972.5,42.61,1.935
R2325,rock,0,-10421.6,8048.4,3420.9,-152.44,0.413
R2326,rock,0,-4154.6,7498.4,3692.5,-64.18,0.351
R2327,rock,0,2224.7,7937,4427.9,-199.45,2.092
R2328,rock,0,10690.7,7752.1,3382.9,30.27,0.594
R2329,rock,2,-8827.2,8626.3,4073.6,-171.59,3.026
R2330,rock,1,-8720.9,8527.7,4061,-181.59,0.353
R2331,rock,0,-3918.4,8357.1,3702.9,-96.08,0.606
R2332,rock,2,5466,8635.1,3809.5,-85.2,1.189
R2333,rock,2,15604.8,9110.7,2963.2,-54.22,0.313
R2334,rock,2,65235.7,9152.1,4007.2,-37.08,0.296
R2335,rock,2,68344.5,9185.5,4722.4,-110.98,1.923
R2336,rock,2,-12206.7,9261.4,3648.6,-99.73,0.497
R2337,rock,2,-2101.1,9645.2,5126.8,-247.54,0.499
R2338,rock,1,8156.8,9428.2,3686.9,-134.91,1.664
R2339,rock,1,10988.5,9439.9,3960.2,-220.14,1.456
R2340,rock,1,65832.6,9751.8,4172.2,-181.09,0.301
R2341,rock,0,-6805,10454.3,5053.4,8.16,0.527
R2342,rock,1,-4705.4,10819.3,5477.5,-101.54,1.059
R2343,rock,1,3150.9,10415.7,4803.1,58.68,0.522
R2344,rock,2,6123.3,10938.3,4901.3,-41.97,1.811
R2345,rock,1,2599.8,11573.9,5375.9,-233.99,0.456
R2346,rock,2,-69742.8,12418.3,4803.4,47.04,0.644
R2347,rock,0,-6340.5,11993.3,5615.9,-45.76,0.578
R2348,rock,2,-3763.2,12132.9,5469.3,-125.1,0.416
R2349,rock,0,-2019.5,12680.6,5890.4,-246.2,0.425
R2350,rock,0,-738,12049,4990.2,-71.38,0.604
R2351,rock,2,-111.6,11981.9,5009.2,-103.94,2.318
R2352,rock,0,10468.5,12062.4,4503.7,-102.54,0.496
R2353,rock,1,15595.1,12544.4,3548.3,-139.89,1.904
R2354,rock,2,17786.9,12587.8,3153.1,86.08,0.384
R2355,rock,1,49095.7,12424.5,2165.5,-73.85,1.978
R2356,rock,0,50816.9,12173.8,2019.2,29.84,1.703
R2357,rock,1,-5636.4,13313.9,6801,-226.61,0.531
R2358,rock,0,-3278.6,12884.7,5916.6,-24.18,0.428
R2359,rock,1,16346.6,13625.1,4012.7,-170.49,2.464
R2360,rock,0,17102.2,13541.4,3619.6,-208.77,1.993
R2361,rock,1,66116.6,13692.7,3785.2,32.8,0.437
R2362,rock,2,-7633.2,14133.1,6058.8,68.12,1.959
R2363,rock,1,-4617.4,13993,6679.8,-19.61,2.45
R2364,rock,1,-3642.1,14447.7,7140.4,-11.2,1.389
R2365,rock,1,438.9,14351,6878.6,-252.56,1.789
R2366,rock,1,10397.4,14508.3,5906.6,-93.15,2.584
R2367,rock,0,21600.6,13885.3,2573.6,-80.48,0.545
R2368,rock,2,27560.3,13700.3,2455.1,-262.55,0.269
R2369,rock,2,-21314.7,14963.9,3434.5,-224.11,0.396
R2370,rock,1,-6703.1,15107.6,7661.3,-220.8,1.294
R2371,rock,1,-5088.1,14616,7563.9,44.34,1.738
R2372,rock,0,-4168,15340.5,7475.1,53.22,1.143
R2373,rock,2,-2190.4,14857,6774.8,-185.74,2.995
R2374,rock,0,3737.8,14980.7,6984.4,-242.64,0.298
R2375,rock,1,4163.4,15475.6,7894,-266.08,1.928
R2376,rock,2,7772.8,14718.6,6189.9,-15.87,2.341
R2377,rock,1,15617.3,15165.1,4631.1,35.09,0.579
R2378,rock,1,18135.1,15328.4,3911,-136.69,1.447
R2379,rock,1,18409.5,15454.8,3740.3,-174.36,2.645
R2380,rock,2,31559.9,15458.5,2978.7,-21.59,0.281
R2381,rock,0,35689.2,14861.1,3171.2,-67.33,0.285
R2382,rock,2,61929.7,14951.4,3663.5,-214.9,0.285
R2383,rock,2,-59775.7,15545.7,3888.2,-148.69,0.267
R2384,rock,2,-43467.1,16180.4,2886.4,-227.75,0.352
R2385,rock,2,-14574.6,15827.8,4312.5,85.38,0.379
R2386,rock,1,-6278.3,15697.4,7675.6,-6.64,0.669
R2387,rock,0,-5970.4,15972.8,8018.1,-32.8,0.644
R2388,rock,0,1510.7,15794,8690,-121.13,0.612
R2389,rock,0,5408.7,15924.9,7760.7,-193.72,1.727
R2390,rock,1,7595,15827,7905.2,-31.98,2.001
R2391,rock,0,14592,15504,4491,-90.57,0.649
R2392,rock,2,17908.6,16287.6,3716.4,-168.46,0.401
R2393,rock,1,62014.3,16334.3,3989.3,28.73,0.452
R2394,rock,0,-24491.9,16764.9,3021.8,29.39,0.51
R2395,rock,1,-12371.4,16892.1,4926.7,-188.49,0.404
R2396,rock,1,-6323.9,16680.2,7608.8,-59.21,0.476
R2397,rock,0,-5941.5,16464,8075.9,-92.19,1.874
R2398,rock,0,-3026.1,17142.8,7486.9,-235.81,0.684
R2399,rock,2,5317.1,16752.2,8274.7,-79.13,1.68
R2400,rock,1,5616,16796.1,8260.2,-2.9,2.185
R2401,rock,0,11761.9,16664.4,5867.5,-160.28,0.523
R2402,rock,2,16533.4,16935.8,4296.3,-27.3,0.627
R2403,rock,1,17354,16554.6,4030.4,-133.15,1.717
R2404,rock,0,23243.6,16984.8,1976.8,-95.82,2.851
R2405,rock,2,25985.7,16613.9,1762.3,-21.94,0.357
R2406,rock,2,-58895.4,17658.4,3624.6,-257.29,0.444
R2407,rock,0,-54622.1,17570.2,3888.8,-90.95,1.493
R2408,rock,0,-45407.8,17370.3,2998.3,-47.93,0.588
R2409,rock,2,-11180,17612,5790.5,-43.1,0.489
R2410,rock,1,-4717.9,17607.3,9601.4,-112.43,2.502
R2411,rock,0,-3693.1,17638.8,8114.2,-155.36,2.031
R2412,rock,1,-443.7,17722.4,9645.7,-174.08,3.077
R2413,rock,2,676.7,17899.6,10250.1,-259.2,2.568
R2414,rock,0,3446.3,17907.1,8879.8,-13.97,1.463
R2415,rock,2,7505.5,17983.6,8340.1,-146.78,0.3
R2416,rock,1,9915.3,17619,6612.7,-176.43,2.194
R2417,rock,2,22051.8,17441.8,3040.4,-7.86,3.099
R2418,rock,2,22842.3,17610.4,2318.2,11.23,3.087
R2419,rock,2,33746.4,17464.7,3529.8,-11.65,2.527
R2420,rock,1,40862.8,18002.9,3719.6,81.29,0.313
R2421,rock,1,67013.9,17708.4,3921.5,-123.35,2.831
R2422,rock,0,-11808.8,18245.6,5678.2,4.65,0.424
R2423,rock,1,-7166.3,18999.9,8066.5,-75.44,0.264
R2424,rock,1,-6570.2,18846.7,7630.2,-149.9,0.536
R2425,rock,0,-5553.8,18351.4,9686,-15.99,0.331
R2426,rock,0,-4357.1,18411.9,9566.6,-256.9,0.48
R2427,rock,2,707.8,18293.1,10560.1,-217.26,1.838
R2428,rock,0,2556.7,18790.6,8613.2,-164.59,0.379
R2429,rock,2,5701.5,18415.9,8834.8,65.85,0.258
R2430,rock,1,7849.7,18851.1,9266,-57.06,2.688
R2431,rock,0,21783,18468.4,3713,-50.45,0.684
R2432,rock,1,22564.3,18539.4,2690.7,-231.69,0.367
R2433,rock,0,40372.7,18659.5,3829.3,-142.41,0.255
R2434,rock,1,-59010.1,19355.4,3882.4,58.99,1.877
R2435,rock,0,-17582.4,19826.6,4638.6,-263.76,1.078
R2436,rock,1,-11210.1,19569.5,6402.2,28.13,0.557
R2437,rock,0,-9875.6,19266,6683.9,-105.77,2.719
R2438,rock,2,-8815.5,19631.1,7177.3,51.06,0.585
R2439,rock,1,-8224.3,19569.3,7395.6,-99.57,0.578
R2440,rock,0,-7348.7,19939.9,8505.7,-266.55,0.679
R2441,rock,1,-5630.1,19848.6,10195.4,-251.89,0.501
R2442,rock,0,3945.1,19743.6,10124.8,-156.03,1.989
R2443,rock,0,7355.7,19342.8,10336,-94.5,2.297
R2444,rock,1,9456.7,19857.5,7603.3,-92.34,0.319
R2445,rock,1,19861.9,19723.7,4404.2,-65.36,2.216
R2446,rock,1,21815.3,19543.3,3687.9,-247.09,2.179
R2447,rock,1,23033.1,19314.7,2126.9,-188.96,1.901
R2448,rock,2,27149.3,19962.4,3001,-50.84,0.55
R2449,rock,2,27675.2,19615.4,3437.6,24.81,0.491
R2450,rock,0,38882.4,19541.5,4596.3,-161.71,0.476
R2451,rock,0,46986.4,19922.4,3946.7,-52.53,0.622
R2452,rock,1,-50938.8,20125.6,3516.8,-123.15,0.535
R2453,rock,2,-45511.9,20359.5,3767.6,-46.32,2.734
R2454,rock,1,-38677.1,20882.6,3899.2,-43.75,1.996
R2455,rock,2,-34897.3,20872.9,3706.7,-268.56,0.61
R2456,rock,2,-19350.6,20730.9,4247.2,-238.51,0.67
R2457,rock,0,-17472.8,20664.5,5376.5,-234.44,2.136
R2458,rock,0,-14908.7,20716.7,5594.7,-233.33,1.242
R2459,rock,1,-14061.8,20755.9,6913.2,-10.67,0.54
R2460,rock,1,-13228.5,20712.7,6697.1,-256.69,0.382
R2461,rock,2,-11747.2,20159.6,7286.2,-120.56,1.722
R2462,rock,1,-8248.2,20360.9,7334.7,-18.53,0.617
R2463,rock,0,-4160.1,20577.9,11288.1,-57.57,1.959
R2464,rock,1,-1113.8,20827.7,9871.6,-19.43,1.669
R2465,rock,1,272.6,20096.3,11395.6,-124.73,2.528
R2466,rock,2,1100.4,20335,11716.9,-250.05,1.912
R2467,rock,1,2493.3,20671.7,11981.3,-56.41,3.085
R2468,rock,1,3536.8,20582.3,11396.8,-239.09,0.635
R2469,rock,1,4503.6,20390.1,9698.4,-86.79,1.817
R2470,rock,2,9925.9,20872.8,7274.6,-155.71,0.568
R2471,rock,1,12459.1,20542.4,7649.3,-209.75,0.353
R2472,rock,0,14132.8,20236.6,7124,-244.14,0.455
R2473,rock,2,15953.3,20536.4,5533.5,-16.32,1.241
R2474,rock,1,19448.1,20026.8,4444.6,-71.55,0.39
R2475,rock,0,22152.3,20358.9,2949.9,33.88,0.509
R2476,rock,1,43552.9,20042.1,3834.5,-73.7,3.189
R2477,rock,0,57892.2,20256.5,3158.1,-18.38,0.666
R2478,rock,0,-39687.7,21075.6,4105.9,-59.15,2.337
R2479,rock,0,-16122,21106.3,5619.1,-143.68,2.776
R2480,rock,1,-11745.7,21566.3,8813.7,-254.1,3.072
R2481,rock,1,-9240.3,21599.3,8476.8,57.25,0.426
R2482,rock,1,-6073.8,21660.6,10080.3,-190.89,0.391
R2483,rock,0,-1580.6,21301.8,9775.3,20.67,0.65
R2484,rock,1,323.2,21651.7,10557.1,-231.15,1.193
R2485,rock,0,1695.6,21013.8,11734.2,28.57,3.186
R2486,rock,2,3678.3,21400.4,11559.7,-122.84,1.92
R2487,rock,1,4616.6,21006.2,10006.3,-124.54,1.028
R2488,rock,2,7703.5,21374.1,8082,-179.17,0.487
R2489,rock,1,9162.2,21117.6,8361.4,-212.05,1.872
R2490,rock,2,12375.2,21204,8231.5,-22.49,2.456
R2491,rock,2,14387.3,21502.5,7213.1,-148.91,0.425
R2492,rock,2,14650.7,21253.2,7318.7,-189.96,2.957
R2493,rock,0,17089.7,21305.4,5078.7,-244.07,2.225
R2494,rock,0,18357.6,20971.4,4896.5,-110.3,2.889
R2495,rock,1,21849,21398.3,3252.5,-70.08,2.748
R2496,rock,2,58817.8,21452.5,3577.5,-219.79,0.425
R2497,rock,1,60550.3,21151.4,4521.2,15.15,0.522
R2498,rock,1,-68530.8,22548.9,5076,8.23,0.641
R2499,rock,1,-43450.3,22037,4620.7,-50.51,1.47
R2500,rock,0,-42052.7,22432.3,4970.4,-215.52,0.614
R2501,rock,2,-19449.2,22438.7,4308.2,23.31,1.496
R2502,rock,2,-17572,22196.6,5137.1,42.23,0.603
R2503,rock,0,-16709.5,22257.9,5747.2,-143.57,0.558
R2504,rock,2,-12603.3,22540.2,7296.9,-69.54,1.894
R2505,rock,2,-12186.6,21942.4,7865.4,-47.3,0.472
R2506,rock,2,-7652.3,21927.9,10137.9,-105.38,2.197
R2507,rock,1,-6380.6,22563.7,11829.8,-209.89,2.657
R2508,rock,2,-1622.1,21922.5,10988.9,-171.81,1.126
R2509,rock,0,2492.3,22429.4,11498.1,58.97,0.401
R2510,rock,1,4727.9,22005.1,12229.8,-261.71,2.889
R2511,rock,1,14109.4,22096.2,6836.8,-40.49,0.632
R2512,rock,0,18419.2,22139,5723.2,12.89,0.421
R2513,rock,1,21422.9,22476.2,3921.4,-61.99,2.703
R2514,rock,2,26907.6,22207.1,3817,31.94,1.355
R2515,rock,0,27996.2,22162.4,4968.4,-257.21,1.377
R2516,rock,2,32384.2,22425.5,5348.3,-59.26,0.386
R2517,rock,0,34235.4,22002.8,5303.2,-25.67,0.533
R2518,rock,1,40317,22698.5,5793.6,74.85,2.047
R2519,rock,2,45115.9,22628.2,5484.7,14.72,1.986
R2520,rock,2,-64962.3,23229.8,4720.7,-108.24,0.402
R2521,rock,2,-62859.2,23313.2,4911.7,-195.8,2.607
R2522,rock,2,-20585.5,23177.7,3961.2,-107.25,0.504
R2523,rock,1,-13016.5,22993.2,6664.8,-153.68,0.429
R2524,rock,2,-11563.9,22929.8,8184.3,-176.69,1.7
R2525,rock,2,-9436.3,22771.8,10383.7,-41.11,2.578
R2526,rock,0,3551.4,23026.1,12868.1,-199.96,2.747
R2527,rock,0,4248.7,23508.6,14339.4,7.43,0.271
R2528,rock,0,6056,23178.1,12526.5,-218.98,0.299
R2529,rock,2,7197.2,22782.2,9739.6,-49.98,0.632
R2530,rock,1,11764.7,23174.1,8945.3,-66.33,1.914
R2531,rock,1,12517.8,23120.5,7413.3,-20.43,1.976
R2532,rock,1,16210.6,22838.3,6684.2,47.61,2.231
R2533,rock,2,17069.3,23087,7065.9,23.64,2.752
R2534,rock,1,18600,23369.1,5825.9,-50.95,0.473
R2535,rock,0,22496.2,23042,2236.8,12.21,0.305
R2536,rock,2,23075.9,22974.4,1827.4,-28.14,0.411
R2537,rock,2,30497.9,23015.6,5845.4,-110.36,2.447
R2538,rock,1,38710,23093.6,6077.4,-245.14,2.816
R2539,rock,2,52200.2,22786.7,3700.8,-4.8,2.459
R2540,rock,1,58117.3,23035.3,3003.3,-242.52,0.475
R2541,rock,0,59306.9,22975.1,3419.9,-261.39,0.274
R2542,rock,0,-51166.7,23791.3,3702.3,-208.98,0.335
R2543,rock,0,-39681.9,24271.7,5116,50.49,0.347
R2544,rock,0,-35144.8,24170.3,4743.1,5.36,0.334
R2545,rock,2,-23839.9,23639.9,3907.6,-192.92,0.504
R2546,rock,2,-17483.3,23997.9,4833.3,-81.34,0.551
R2547,rock,2,-12724.6,23995.1,6816.5,25.86,1.441
R2548,rock,2,-10916,23648.6,8449.4,19.86,0.503
R2549,rock,0,-8995.4,24214.4,8736.2,57.59,3.091
R2550,rock,2,-8553.3,24204.4,8751.7,-47.02,0.582
R2551,rock,2,-6685,24262.6,10153.7,11.82,1.476
R2552,rock,2,-4800.6,24347.6,13174.6,-12.17,2.291
R2553,rock,0,-2997.4,24038.6,11852.6,-263.14,3.197
R2554,rock,2,941,24404.4,11895.1,7.77,1.081
R2555,rock,1,4735,23711.3,13423.1,-146.5,2.116
R2556,rock,2,7047.1,23754.3,10939,-82.33,1.916
R2557,rock,0,8191.7,24163.3,9751.9,-59.76,2.458
R2558,rock,2,9255.9,23636.5,9832.1,46.17,2.869
R2559,rock,1,10975.1,24178.5,9440.3,-179.23,2.15
R2560,rock,2,11094.5,23840.9,9927.8,-120.15,2.456
R2561,rock,1,19941.5,23642.8,4777,8.72,2.892
R2562,rock,0,20463.8,24064.7,4968.5,-61.63,0.671
R2563,rock,1,30961.9,24198.5,6429.5,-259.35,0.522
R2564,rock,0,35143.2,24328.5,6874.7,-171.1,0.556
R2565,rock,1,40912.5,23808.4,6473.9,-197.54,2.019
R2566,rock,1,-35265.2,24607.1,5015.1,72.58,2.416
R2567,rock,2,-32063.9,24703.3,3612.5,-200.28,0.573
R2568,rock,2,-23925,25131.3,3881.5,-74.86,0.602
R2569,rock,2,-17919.6,25376.5,5740.7,-165.23,0.447
R2570,rock,0,-15691.3,25397.2,6645.5,56.5,1.182
R2571,rock,0,-1612.4,25340.4,12730.9,-157.9,2.319
R2572,rock,0,4068.7,25280.2,11337.3,-8.24,2.857
R2573,rock,1,5942,24799.7,12487.5,-168.29,1.003
R2574,rock,0,8737.5,24859.5,10791.3,-20.75,2.018
R2575,rock,2,9264.6,24507.4,10982,-121.55,2.14
R2576,rock,2,11180.9,24537.1,8361,-50.27,2.282
R2577,rock,0,19361.7,25311.8,6494.4,80.56,2.7
R2578,rock,2,26073,24690.5,2648.6,73.19,1.582
R2579,rock,1,29886.6,24928.9,5532.4,-37.5,0.607
R2580,rock,1,37335.4,25133.1,7010.1,87.5,0.264
R2581,rock,1,42013.7,24584.4,6693.7,-216.61,1.107
R2582,rock,0,42901.8,25120.5,7042.7,-55.38,2.229
R2583,rock,2,69945.3,25342.2,5200.1,-212.03,1.272
R2584,rock,0,-61232.8,26038.6,4394.6,65.52,0.312
R2585,rock,0,-10684.7,25732.2,8300.8,-206.12,2.662
R2586,rock,1,-8303.5,25673.2,9889.8,-7.15,0.658
R2587,rock,0,-6213.3,25517.6,11147.4,-95.66,1.718
R2588,rock,2,-5395.4,25864.7,14780.2,-229.6,1.227
R2589,rock,2,-4955.4,25536.7,13995.6,-157.66,0.415
R2590,rock,2,-4116.9,25735.3,13563.7,-231.16,2.124
R2591,rock,2,-3124.3,26141.1,13303,-102.78,2.931
R2592,rock,1,4264,25450.7,11207.5,-206.37,2.613
R2593,rock,1,5190.6,26164.9,12270.5,79.02,0.63
R2594,rock,2,7506.5,25485.7,13394.7,-219.7,2.75
R2595,rock,2,18588.3,26184.8,6141.4,-244.4,0.654
R2596,rock,1,20975.1,25800.1,4762.8,-12.18,1.614
R2597,rock,1,21974.9,25541.2,3002.5,66.45,2.632
R2598,rock,1,28974.7,25669.6,5902.5,-257.99,1.719
R2599,rock,0,29013.6,25550.7,5790.3,-35.34,2.194
R2600,rock,0,34162.6,25671.5,6496.7,31.09,0.681
R2601,rock,1,35760.1,26181.9,6834.6,66.68,1.063
R2602,rock,0,38505.7,26128.3,7150.6,-122.73,1.699
R2603,rock,0,41366.2,25411.4,7910.3,-12.81,0.452
R2604,rock,0,-46749.9,26763.9,5906.1,48.78,0.611
R2605,rock,2,-44456.2,27070.4,6870.1,-243.15,2.018
R2606,rock,1,-39996.3,26702.2,6358,11.78,2.3
R2607,rock,1,-38042,26621.5,5642.6,-11.65,2.094
R2608,rock,2,-28638.5,26598.1,3621,-229.84,0.549
R2609,rock,1,-16520.7,26508.5,6654,45.86,3.153
R2610,rock,0,-4004.5,26655,14149,-250.22,1.558
R2611,rock,0,-2160.8,27020.4,13683.3,-191.38,2.538
R2612,rock,2,-1344.5,27102.6,13633.5,-151.06,2.018
R2613,rock,1,-325.7,26737.5,14539.5,-184,3.175
R2614,rock,0,605.3,26532.2,14686.2,-46.18,2.809
R2615,rock,0,1890,26405.2,15960.3,-208.61,2.091
R2616,rock,0,5034,26730.1,10723.2,-84.67,1.474
R2617,rock,0,9621.1,27075.2,11024.8,-13.2,1.044
R2618,rock,0,15053.9,26643.8,8959.3,17.28,1.359
R2619,rock,0,16242.3,27106,6959.2,-238.87,2.711
R2620,rock,2,22677.1,26711.1,1894.3,-106.32,0.308
R2621,rock,2,26383.5,26875.1,3675.8,-145.48,1.397
R2622,rock,2,28242.7,27097.6,6688.7,36.81,2.673
R2623,rock,1,32813.5,26643.9,7182.2,-254.24,0.652
R2624,rock,1,34413.7,27032.5,7824.5,68.28,1.095
R2625,rock,2,46490.1,26804.2,6181.2,21.87,1.616
R2626,rock,2,49464.5,26429.1,4203.1,-93.83,1.707
R2627,rock,1,56886.4,27049.8,3320.8,-220.04,0.53
R2628,rock,0,68967.1,26431.8,5300.8,87.54,0.3
R2629,rock,2,-60372.5,27219.5,4457.9,-47.67,3.028
R2630,rock,0,-57030.4,27471.4,4424,64.89,0.354
R2631,rock,1,-50746.1,27588.6,5843.2,60.74,0.588
R2632,rock,2,-46718.6,28031.8,6224.5,-29.77,0.272
R2633,rock,0,-45859.8,27693.3,6439.7,10.59,2.558
R2634,rock,1,-42906.6,27842.1,7459.4,-76.45,0.592
R2635,rock,0,-35227.5,27374.6,5832.5,-101.7,1.928
R2636,rock,1,-33518.5,27569.8,4943.4,-235.73,0.291
R2637,rock,2,-20483.4,27391.2,5124.5,-128.77,2.662
R2638,rock,1,-16653.7,27307.3,5919.4,-150.62,1.515
R2639,rock,0,-15052.7,28083.7,7017.8,-197.55,1.179
R2640,rock,1,-12473.7,28090.8,9447.6,-236.88,0.263
R2641,rock,0,-10994,27316.2,8522.8,-129.74,1.434
R2642,rock,0,-6718.7,28082.8,12342.4,-4.12,3.136
R2643,rock,1,-1888.2,27687.5,14348.6,-157.55,2.302
R2644,rock,0,-223,27357.1,15863.8,-37.54,1.003
R2645,rock,2,352.7,27211.1,17153.1,-68.54,3.002
R2646,rock,2,3425.2,28023.5,11229.8,-41.16,1.564
R2647,rock,0,7362.7,27690.4,13961.5,-84.49,2.262
R2648,rock,0,14493.3,27428.3,8702.3,-32.29,2.005
R2649,rock,0,19094.4,28063.7,6233.3,-245.46,2.511
R2650,rock,2,19962.6,27835.1,6220.6,-230.01,0.652
R2651,rock,0,21912.1,27738.6,3268.5,-172.34,1.361
R2652,rock,1,27297.1,27478.7,5834,-230.64,2.931
R2653,rock,2,29362.4,28086.1,7199.6,-10.18,1.423
R2654,rock,2,34314.3,27280.9,8018.2,46.14,2.976
R2655,rock,0,35051.8,27249.5,7796.9,-124.87,3.01
R2656,rock,1,36192.5,27522.3,8149.5,-32.83,0.361
R2657,rock,2,40985.8,27593.4,8126.8,21.83,1.159
R2658,rock,1,46496.2,27265.9,6739.7,-219.97,1.254
R2659,rock,0,52301.7,27737.2,3616.7,-73.91,2.981
R2660,rock,0,-56351.5,28964,4862.2,44.23,0.444
R2661,rock,0,-53359.5,28543.4,5297.6,-3.38,0.422
R2662,rock,2,-47549.5,28988.3,6644.1,-19.08,0.346
R2663,rock,1,-45225.8,28389.9,6209.6,-37.77,2.542
R2664,rock,0,-41715.4,28898.5,7908.5,83.88,0.617
R2665,rock,0,-38668.3,28999.3,8112.7,-201.04,0.628
R2666,rock,0,-38220.2,28359.6,7255.1,-120.55,2.911
R2667,rock,0,-35237.7,28279.6,6039.2,-19.94,2.254
R2668,rock,1,-30168.5,28671.7,3957.1,39.28,2.9
R2669,rock,1,-13145.3,28649.9,9319.5,-180.88,1.905
R2670,rock,0,-12255.5,28415,9798.5,-208.56,1.176
R2671,rock,2,-10738.2,28527,8540.9,-188.25,0.505
R2672,rock,2,-10054.1,28652.4,9111,47.67,0.315
R2673,rock,0,-7192.8,28769.1,12563.5,-227.14,1.473
R2674,rock,2,-3985.7,28205,13930.9,5.45,2.185
R2675,rock,0,-3007.6,28296.1,12995.1,-25.8,0.679
R2676,rock,1,-1135.5,28964.2,15534.2,-92.56,0.564
R2677,rock,0,1083.2,28862.3,13635.8,-91.28,1.557
R2678,rock,2,7167.4,28579.3,13608.3,-224.88,1.789
R2679,rock,2,8426.6,28297.3,13644.4,-118.09,2.11
R2680,rock,1,10327,28742,9947.4,-92.35,1.188
R2681,rock,0,13716.2,28990.1,8912.2,-19.27,2.772
R2682,rock,2,15805.6,28331.8,6522.7,69.21,2.725
R2683,rock,0,17186.7,28206.9,5987.9,-55.96,0.695
R2684,rock,1,20111.2,28346.5,6482.8,52.72,2.796
R2685,rock,0,22080.1,28490.2,3265.4,-181.85,0.681
R2686,rock,0,29020.9,28424.2,6509.9,69.57,0.45
R2687,rock,0,31147.3,28670.8,8315.3,-118.02,0.276
R2688,rock,0,32270.1,28969.2,8669.4,-239.62,2.496
R2689,rock,1,37694.8,28571.9,7897.2,88.98,0.692
R2690,rock,2,38780.6,28197.2,8774.7,-103.63,3.082
R2691,rock,2,45411,28883.2,6998.5,-63.18,0.364
R2692,rock,2,46569.6,28519.2,6908,-91.71,2.667
R2693,rock,2,53185,28727.4,4316,-54.9,0.278
R2694,rock,1,-61065,29753.2,4967.8,-47.24,0.657
R2695,rock,0,-51389.7,29032.3,5849.4,-236.57,0.619
R2696,rock,0,-50395.1,29488.4,5885.9,-216.3,0.35
R2697,rock,2,-44377,29415.8,6528.9,58.94,2.728
R2698,rock,1,-39927.5,29710.9,7038,25.69,0.268
R2699,rock,2,-8745.8,29780.9,13097.6,-236.43,1.361
R2700,rock,1,-7297.2,29257.8,12236.7,-260.65,1.204
R2701,rock,0,-2843.5,29553.3,13733.6,24.04,2.874
R2702,rock,2,-685.3,29851.1,15420.6,64.68,1.122
R2703,rock,2,893.7,29191.6,13774.9,-145.39,1.658
R2704,rock,1,1844.3,29169,12474,-266.91,1.09
R2705,rock,2,3616.3,29117.2,11427.8,-52.59,1.812
R2706,rock,2,5466.9,29482.9,13217.7,-81.76,2.399
R2707,rock,2,8905.7,29255.8,12164.9,75.77,2.247
R2708,rock,2,9994,29797.8,10304.3,13.73,3.172
R2709,rock,1,21899.2,29459.8,3250.5,-28.62,0.255
R2710,rock,0,27110,29873.2,5634.7,72.63,1.157
R2711,rock,1,27750.1,29326.4,6079.3,25.9,2.823
R2712,rock,2,32170.7,29379.4,8213.2,-3.19,2.649
R2713,rock,0,37461.3,29150.9,8321,-154.83,0.35
R2714,rock,2,38669.6,29748.9,9457.8,-16.97,0.307
R2715,rock,2,44242.4,29215.2,6718.5,-11.74,0.444
R2716,rock,2,45308.4,29362.3,7000.2,-64.29,0.333
R2717,rock,1,46131.2,29076,6600.2,-269.18,0.429
R2718,rock,0,47857.6,29623.5,6460.3,70.82,1.07
R2719,rock,0,62128.5,29694.7,4423.9,11.08,2.699
R2720,rock,2,-51478.1,30563.1,5634.1,-118.17,0.524
R2721,rock,2,-49047,30795.3,6391.7,7.38,0.606
R2722,rock,2,-43432.5,30790.7,6881.2,24.93,0.585
R2723,rock,0,-36719.9,30376.8,6722.1,-164,1.544
R2724,rock,2,-19701,30324.9,5111.2,-59.48,0.321
R2725,rock,0,-19015.7,30462.8,5650.3,-193.93,3.034
R2726,rock,0,-17143.7,30308.9,6421.3,-34.53,2.701
R2727,rock,2,-16589.5,30215.4,6784,-88.85,2.542
R2728,rock,1,-10609.4,30425.3,11041.3,36.03,1.551
R2729,rock,0,-9855.8,30613.2,13313.6,7.01,2.767
R2730,rock,0,-8182.8,30447.9,11225.3,85.5,1.805
R2731,rock,0,-6297.1,30627.3,10310,-261.44,0.455
R2732,rock,1,-129.5,30070,14692.6,-212.83,0.319
R2733,rock,1,2761.7,30621.3,14697.8,52.49,2.688
R2734,rock,1,7171.5,30676.5,11738.7,-267.26,1.126
R2735,rock,0,8104.2,30109.9,12846.4,-141.96,1.444
R2736,rock,2,11940.4,30416.7,9600.2,87.64,2.347
R2737,rock,2,15405.4,30702.2,7988.2,-137.2,0.581
R2738,rock,2,17019.6,30276.3,6882,-28.76,0.525
R2739,rock,0,17348.2,30288.5,7242,9.24,2.032
R2740,rock,1,18903.8,30091.7,6673.9,-225.81,2.387
R2741,rock,1,20807.9,30623.2,5737.5,-15.83,1.955
R2742,rock,2,21077.8,30597.6,5255.7,-56.98,2.813
R2743,rock,1,22218.1,30071.6,2706,-204.43,3.038
R2744,rock,1,30605.1,30251.8,9491.4,41.91,0.26
R2745,rock,1,34293.2,29967.1,7870.3,17.21,2.684
R2746,rock,2,34531.5,30732.1,8096.8,-181.37,1.806
R2747,rock,1,39712.7,30683.6,10043.3,-160.88,1.222
R2748,rock,1,43884.6,29953.4,7067.8,-252.66,1.917
R2749,rock,1,44442,30690.8,8030.9,-68.97,1.755
R2750,rock,1,49395.6,30775.1,5583.6,-156.16,1.56
R2751,rock,2,52188.1,30011.5,4521.4,-29.15,2.496
R2752,rock,1,-53780.8,31400.8,5891.3,10.87,0.601
R2753,rock,0,-47495.7,31200.9,6518,-105.43,0.485
R2754,rock,2,-39299.9,31636.6,7433.5,-116.01,0.467
R2755,rock,0,-37721.7,31244.9,6877.8,-237.97,0.256
R2756,rock,0,-37556.6,30890.8,6792.1,-131.87,0.339
R2757,rock,0,-32076.5,31618.2,4656.3,1.68,0.305
R2758,rock,0,-15698.6,31630.8,6570.8,86.83,0.274
R2759,rock,1,-14565.5,30814.6,8683.8,-181.75,3.059
R2760,rock,1,-10766.7,30978.7,11118.2,-60.4,0.332
R2761,rock,0,-10007.3,30875.1,13332.4,-42.47,2.852
R2762,rock,0,-8377.7,31243.3,10149.1,-114.36,2.374
R2763,rock,2,-6629.8,30880.8,10125.9,-233.17,2.702
R2764,rock,2,-1199.8,31636.8,16354.5,-180.63,0.265
R2765,rock,0,899.3,31519.9,17694.1,-47.87,1.78
R2766,rock,1,1819.9,30868.6,14099.7,56.94,0.439
R2767,rock,0,4490.4,31207.2,14372.6,-256.65,2.397
R2768,rock,1,6368.8,31537.7,12784.5,-31,1.538
R2769,rock,1,7557.4,31551.7,12937,-132.99,2.217
R2770,rock,1,8898.3,30931.8,12627.9,-114.97,1.558
R2771,rock,2,13723.1,30857.7,9781.1,-93.15,2.095
R2772,rock,1,17631,31249.1,7253.6,-249.18,2.657
R2773,rock,0,18936.7,31340.9,5856.9,-136.15,0.352
R2774,rock,1,22437.4,31251.3,2134.7,-254.25,3.135
R2775,rock,1,25721.7,31679.3,2819.2,77.83,3.188
R2776,rock,2,27396,31208.4,6009,-88.89,2.718
R2777,rock,1,28194.6,31341.8,6656.5,67.89,0.333
R2778,rock,2,32524.3,31601.3,8068.8,-254.31,0.543
R2779,rock,1,32753.1,31567.1,7940.1,-193.26,0.574
R2780,rock,0,34279.6,31297.9,8431.9,-113.39,0.34
R2781,rock,1,34932.1,31136.2,7813.1,-114.61,0.552
R2782,rock,1,35977.1,31379.3,8377.1,8.89,1.447
R2783,rock,1,36376.5,30831.3,8213.8,18.59,2.043
R2784,rock,1,40462.8,31396.7,10419.7,-212.26,1.075
R2785,rock,0,41218.9,31077.3,9000.4,-50.91,0.379
R2786,rock,1,42092.9,30957,8499.6,-144.92,0.285
R2787,rock,2,43193,30961.7,8098.2,21.68,0.287
R2788,rock,0,54584.9,31175.3,3381.3,-12.01,0.296
R2789,rock,1,64635.7,31080.4,5540.4,-243.95,0.679
R2790,rock,1,-61742.2,32095.7,5185.2,-264.93,0.383
R2791,rock,2,-56019.7,32313.7,5001.1,-150.48,0.28
R2792,rock,0,-54702.4,31783.1,5825.5,-27.97,0.681
R2793,rock,0,-49412.2,31816.6,6511.7,1.89,2.592
R2794,rock,1,-38601.7,31743.2,7425.7,-13.08,0.479
R2795,rock,1,-34287.6,31908.3,5990.5,76.09,2.258
R2796,rock,2,-27789.3,32067.7,3889,-83.94,0.696
R2797,rock,1,-9529.1,32520.7,11248.3,-127.89,0.576
R2798,rock,1,-4444.7,32570.3,10614.8,1.07,1.158
R2799,rock,1,-2066.1,31828.9,13763.4,-162.99,1.702
R2800,rock,2,-561.5,32281,16505,-188.84,2.308
R2801,rock,2,2947.5,31842.7,14022.3,-128.62,1.234
R2802,rock,1,4464.4,31972.7,11468.7,-114.87,1.555
R2803,rock,1,5476.5,31948,10750.2,-243.68,1.396
R2804,rock,0,5857.6,32457.2,10452.1,-136.18,1.767
R2805,rock,2,8492.1,31762.8,13587.8,-179.81,2.272
R2806,rock,1,16137.4,32486.2,8457.6,-97.51,1.678
R2807,rock,2,37514.1,32335.7,10360.4,27.38,2.921
R2808,rock,1,40973.3,31976.2,9215.3,-12.23,0.334
R2809,rock,1,41753.5,32167.1,8731.9,-155.49,1.008
R2810,rock,2,42936.7,32577.3,7729.3,22.23,0.571
R2811,rock,2,52520.6,31936,4044.5,-51.31,2.822
R2812,rock,1,64267.2,32137.6,5650.6,-86.4,0.665
R2813,rock,0,-53177.6,33313.8,6031.9,-35.12,0.69
R2814,rock,2,-42136.4,32633.1,9327.4,-50.95,2.702
R2815,rock,1,-32753.6,32912.8,5928.6,-4.7,0.436
R2816,rock,0,-27893.2,33212.3,4204.9,-20.07,0.517
R2817,rock,0,-12643.6,33242,8296.9,-38.47,0.522
R2818,rock,1,-7913.5,33086.3,11106.4,10.44,2.827
R2819,rock,1,-6150,32938.3,10643.8,-70.81,0.307
R2820,rock,0,-4469.1,33301.2,11179.7,-80.67,2.583
R2821,rock,1,569,32666.5,14344.7,-113.52,2.589
R2822,rock,0,2051.9,32827.1,13250.7,-66.77,1.764
R2823,rock,1,6170.3,33352.4,10582.2,-113.41,1.644
R2824,rock,1,8254.6,32601.6,12037.8,-269.13,0.512
R2825,rock,2,8576.4,32774.3,12715.4,72.62,2.898
R2826,rock,1,11220.5,33462.6,8693.3,-58.95,1.064
R2827,rock,2,13478.2,33154.8,8410.4,-67.86,0.288
R2828,rock,0,19065.4,33311.1,6311.6,-16.04,0.68
R2829,rock,0,21788.7,33442.2,3487.8,-176.4,0.532
R2830,rock,2,22217.5,32724.6,2679.8,-195.96,2.03
R2831,rock,1,25970.9,33079.2,3394.9,-14.21,0.408
R2832,rock,2,29650.9,33373.7,8602.1,-88.24,0.297
R2833,rock,1,31828.6,32648.3,8039.9,-17.62,3.003
R2834,rock,2,32655.4,33484.3,9097.3,-238.31,2.436
R2835,rock,0,33839.9,33300.1,9433.1,-137.37,1.218
R2836,rock,2,38937.7,32856.1,10809.7,-186.78,0.323
R2837,rock,2,41529.8,33015.6,8151.4,-68.96,1.517
R2838,rock,2,43653,32762.6,7215.5,-248.11,0.442
R2839,rock,1,47222.8,33438.5,6300.6,-33.16,0.634
R2840,rock,0,48100.1,33063.4,6494.6,-267.98,2.591
R2841,rock,1,61556.5,33436.5,4287.1,35.24,0.665
R2842,rock,1,65849,32840.1,5563.3,17.58,0.358
R2843,rock,0,-64646.4,33764.5,5721.5,-250.04,0.327
R2844,rock,0,-55240.3,33879.7,5893.1,-13.34,1.091
R2845,rock,1,-47419.8,33784.1,6538.6,-225.49,1.556
R2846,rock,1,-43272.4,33581.2,8207.5,11.92,1.664
R2847,rock,2,-39443.6,34305.7,9580.5,-146.08,1.622
R2848,rock,2,-38827.6,33944.8,9161.4,12.12,1.154
R2849,rock,2,-36337.7,33615,7545.1,-214.88,2.227
R2850,rock,1,-21788.7,34216.8,4064,-31.34,0.56
R2851,rock,2,-17742.1,34272.6,4849.2,-30.13,1.438
R2852,rock,2,-16582.4,34331.6,5537.2,-224.41,1.955
R2853,rock,0,-15238,34269.6,6730.2,-116.59,0.292
R2854,rock,0,-14671.9,33524.5,6889.8,-52.6,0.327
R2855,rock,1,-13843.9,33508.9,7150,39.49,0.318
R2856,rock,1,-13187.9,34167.8,7471.8,-181.14,0.386
R2857,rock,1,-11822.7,34280.7,9407.5,-213.56,1.06
R2858,rock,1,-8389.5,33690.4,10225.4,80.76,3.078
R2859,rock,0,-7615.9,33900.3,11703.9,-152.67,0.655
R2860,rock,2,-4515.3,33851.9,11720.9,-131.73,1.393
R2861,rock,1,-3707.8,33633.5,11562.9,-139.57,2.505
R2862,rock,2,9850.2,34124.3,10459,-90.33,2.493
R2863,rock,2,20497.2,33980.1,5674.2,64.65,0.387
R2864,rock,0,34515.7,33735.5,10172.8,-53.25,2.26
R2865,rock,1,37386.8,33772.7,10782.2,-150.77,1.8
R2866,rock,2,41248.8,33913.7,8513.4,-72.98,2.831
R2867,rock,0,44209.8,33938.8,7561.2,-68.51,0.349
R2868,rock,1,51138.8,33903.8,4967.8,-158.4,0.641
R2869,rock,1,54126.3,34140.6,4236.9,-111.78,3.044
R2870,rock,0,-63438.7,34455.1,5634.4,-77.92,0.681
R2871,rock,2,-57764,34679,5586,16.88,0.345
R2872,rock,2,-55581.5,35162.3,5096.4,-162.63,1.009
R2873,rock,2,-50557,35043.5,6813.5,-52.32,0.554
R2874,rock,0,-47565.2,34918.2,7168.3,-85.27,1.719
R2875,rock,1,-45653.8,34733.1,7317.8,-33.72,0.647
R2876,rock,0,-42184,34932.2,9178.8,-145.93,0.383
R2877,rock,1,-40593,34860.2,9448.9,85.08,0.472
R2878,rock,1,-37608.8,34687.6,8089.8,-80.86,3.118
R2879,rock,1,-37316.7,34515.6,8502.6,72.97,1.497
R2880,rock,1,-36304.7,34590.4,7809.2,-81.56,2.653
R2881,rock,0,-14602.5,34886.7,6409,-5.11,0.374
R2882,rock,1,-10047,34764.9,11301.1,58.99,2.906
R2883,rock,2,-9347.4,34692.5,10686.1,-62.98,0.469
R2884,rock,2,-8006.1,35091.5,10608.6,-123.83,1.031
R2885,rock,2,-7583.3,34942.9,10308.2,-14.76,1.046
R2886,rock,2,-4866.1,34778.7,11208.6,-228.12,1.152
R2887,rock,0,-2507,34651.1,12833.9,-123.81,0.632
R2888,rock,1,-721.9,34881.4,16850.7,-122.91,3.194
R2889,rock,0,-411.3,34665.8,16307.3,-209.19,2.713
R2890,rock,0,2814.6,35056,10529.2,-50.77,1.916
R2891,rock,2,6256.3,34610.8,11441.7,-202.39,2.139
R2892,rock,1,11403.5,34955.4,8118.6,60.06,0.456
R2893,rock,0,12398.9,35236.3,9408.7,-27.51,0.399
R2894,rock,0,13327.8,34450.9,9778,-19.75,1.415
R2895,rock,1,15363.6,34401.3,8059.3,-143,2.014
R2896,rock,0,16783.5,35212.3,7071.9,-138.94,0.252
R2897,rock,2,17360.9,34451.5,6951.1,-63.11,0.525
R2898,rock,2,26182,35296.9,4113.8,-100.13,0.293
R2899,rock,1,26608.3,34445.9,5390.1,-45.88,2.427
R2900,rock,1,27785.5,34579.9,7035,-129.88,2.413
R2901,rock,1,31049.4,35180.4,8227.8,-211.15,0.435
R2902,rock,1,33817.1,34675.6,9334.7,52.89,0.303
R2903,rock,2,41162.6,35211.8,9455.1,-121.03,2.78
R2904,rock,0,41740.4,34725.1,8508.8,37.37,2.936
R2905,rock,0,44399.2,35263.8,7041,-185.03,1.162
R2906,rock,0,67725.7,34734,5149.3,-268.52,0.692
R2907,rock,2,-65660.8,35788.4,5877.9,-186.79,0.416
R2908,rock,1,-65462.3,35510.1,5934.3,-57.56,0.488
R2909,rock,1,-52411,35950.2,6325.4,74.93,1.76
R2910,rock,1,-51877,35765.7,6487,-186.33,0.454
R2911,rock,2,-49913.2,35315.4,7239.9,-134,3.052
R2912,rock,2,-43086.1,36069.3,8277.7,-258.32,1.695
R2913,rock,1,-32389.5,35695.2,6101.5,84.01,2.159
R2914,rock,1,-24732.3,36073.8,3524,-256,0.599
R2915,rock,2,-12412.8,35488,7062.5,-2.43,2.235
R2916,rock,0,-11450,35889.9,8553.3,66.12,0.381
R2917,rock,1,-4163.4,35824,10500.5,-207.8,2.525
R2918,rock,1,-1353.2,35613.7,13501.9,-230.37,1.233
R2919,rock,1,1099,35363.5,13336,-122.38,0.354
R2920,rock,2,1141.7,35514.5,12844.4,-54.48,2.786
R2921,rock,0,2414.7,36017.1,11857.6,85.94,2.658
R2922,rock,1,5343,35819.3,11913.5,-183.19,2.168
R2923,rock,1,5956.5,35785.3,12030.7,-171.53,2.359
R2924,rock,0,6749.4,36112.8,11773.4,-139.83,3.03
R2925,rock,0,9801.1,35665.7,11341,-188.34,1.108
R2926,rock,1,14220.8,36135.5,6872.6,-138.44,2.632
R2927,rock,0,25823.1,35952,3187.4,-147.6,2.249
R2928,rock,1,27283.1,36033.6,6382.9,50.05,2.753
R2929,rock,0,29670.6,35934.3,7998.5,-229.61,3.151
R2930,rock,1,31849.6,35652.6,8661.9,-230.28,2.802
R2931,rock,2,43154.6,35598,7966.4,-62.03,0.6
R2932,rock,2,44931,36033.2,7071.2,-37.59,0.411
R2933,rock,1,51604.6,36119.6,4266,-185.21,0.28
R2934,rock,0,-68311.1,36944.3,5551.7,-144.79,0.519
R2935,rock,2,-53365.5,36226.9,5339.9,-223.28,0.602
R2936,rock,2,-38063.8,36274.2,8007.2,47.34,1.808
R2937,rock,2,-8560.6,36253.9,9515.2,-209.69,0.328
R2938,rock,0,-3744.4,36929.1,10250,79.7,1.621
R2939,rock,2,-3326.2,36750.9,10527.6,-232.61,3.002
R2940,rock,1,1554.3,36902.2,11343.5,-225.9,1.113
R2941,rock,2,3342.8,36269.2,11212.3,-113.13,1.667
R2942,rock,2,7043.6,36401.5,12016.7,-97.96,1.41
R2943,rock,0,13684.5,36245.7,7096.3,-14.78,2.97
R2944,rock,2,14008.5,36223.8,6822.2,-266.28,2.36
R2945,rock,2,16645.3,36698.3,6064.6,-252.45,0.601
R2946,rock,2,17934.6,36901.2,6039.3,-111.44,0.626
R2947,rock,2,21741.3,36468.8,3844.3,-227.05,0.293
R2948,rock,1,22042.8,36878.9,3097.7,-90.5,1.867
R2949,rock,0,28450.2,36967.7,7688.1,-155.99,0.355
R2950,rock,2,31365,36365.2,7799.6,53.92,1.668
R2951,rock,2,31896.3,36275.9,7945.1,-263.23,2.978
R2952,rock,1,35667.9,36423.9,8626.8,-70.32,0.595
R2953,rock,1,36637.6,36731,8626.6,-98.61,2.958
R2954,rock,0,37821.3,36351.5,8136.9,-70.41,0.368
R2955,rock,2,50510.8,36863.7,4548.4,-38.91,2.304
R2956,rock,2,66407.2,36416,4789.1,46.28,0.42
R2957,rock,1,-63175.2,37434.9,4605,-100.63,0.376
R2958,rock,0,-52479.9,37178.7,6084.7,-228.26,0.626
R2959,rock,2,-50239,37570.7,6135.8,8.41,1.042
R2960,rock,1,-44541.4,37156,8151.6,-113.01,1.461
R2961,rock,1,-41198.6,37925.8,8209.6,-101.63,1.649
R2962,rock,1,-39117.2,37794.1,7018.7,-56.42,0.571
R2963,rock,0,-34370.4,37690.5,6847,10.32,1.852
R2964,rock,0,-31094.2,37618.9,4490.8,-25.7,0.412
R2965,rock,1,-11203.4,37341.8,9088.2,-102.5,1.989
R2966,rock,1,-9940.5,37723.3,10034.6,-207.3,1.046
R2967,rock,0,-9545,37841.7,9554.2,35.51,2.764
R2968,rock,0,-7895.2,37527.7,9506.6,-231.78,2.094
R2969,rock,2,-4543.5,37644.6,10091.7,44.28,2.74
R2970,rock,0,-4030.8,37663.8,9817.7,5.79,1.645
R2971,rock,1,-1951.1,37480.9,11975.7,-233.62,2.126
R2972,rock,0,-825.8,37588.7,15229.4,-82.31,0.479
R2973,rock,0,1122.3,37633.8,11982.1,27.27,1.214
R2974,rock,0,11633.2,37911,8524.6,9.89,2.65
R2975,rock,2,12406.5,37202.9,7998.7,32.67,1.198
R2976,rock,0,12860.7,37689.2,7391.9,-130.59,0.447
R2977,rock,2,14224.1,37872.1,6957.7,-116.86,0.307
R2978,rock,0,16716.3,37668.1,5864.2,-2.49,0.488
R2979,rock,1,19741.5,37380.5,6418.9,-188.14,0.593
R2980,rock,1,20000.5,37970,6283.8,-186.72,1.265
R2981,rock,1,20971.9,37400.4,5233.9,-260.28,0.517
R2982,rock,1,47756,37399.9,6315.4,-238.15,0.426
R2983,rock,1,49417.6,37493.9,5504,39.56,0.415
R2984,rock,0,-69549.2,38488.7,5955.9,-20.52,0.272
R2985,rock,2,-51649.9,38588.5,6088.4,43.8,0.292
R2986,rock,1,-45590.9,38525.2,9193,-201.83,2.622
R2987,rock,1,-42650.9,38764.8,9393.6,-97.67,2.43
R2988,rock,2,-34270,38340.3,6692.6,-0.89,0.518
R2989,rock,0,-16673.5,38860.2,5276.8,-111.28,3.115
R2990,rock,0,-14265,38498.2,6172.8,-254,1.504
R2991,rock,2,-7193.8,38552.9,8851,-67.77,0.459
R2992,rock,2,-2046.3,38216.3,11885.3,29.62,2.993
R2993,rock,0,-985.5,38438.3,14083.7,57.2,2.137
R2994,rock,0,3675.7,38757.1,9328.8,-37.74,0.514
R2995,rock,1,4988.5,38662.4,10442.5,29.23,0.465
R2996,rock,1,6438.1,38206.8,8959.6,-89.32,0.682
R2997,rock,2,10777.3,38755.2,9066.8,-44.06,0.527
R2998,rock,1,11874.3,38192.6,8154.1,-233.98,0.4
R2999,rock,0,15116.6,38787.9,6803.3,-267.23,0.38
R3000,rock,2,37595.8,38708.7,6986.2,-238.57,0.489
R3001,rock,1,42101.4,38816,8570.5,-73.88,1.371
R3002,rock,0,46753.4,38362.6,7343.3,-131.24,3.03
R3003,rock,1,48298.1,38125.3,5985.8,-82.65,0.593
R3004,rock,1,-69263,39405.8,6336.7,-85.9,0.38
R3005,rock,2,-43990,39287.4,8943.7,-42.21,1.758
R3006,rock,2,-40922.2,39422.8,7291.5,-221.54,2.212
R3007,rock,0,-34406.3,38915.8,6670.9,18.33,1.801
R3008,rock,1,-32769.5,39697.3,4994.9,-75.23,1.262
R3009,rock,2,-31559.8,38939.2,4501.9,-35.6,0.271
R3010,rock,2,-24996.8,39483.6,3443.1,-159.96,0.39
R3011,rock,2,-19065.9,39404.5,4711,9.67,0.429
R3012,rock,1,-12228.5,39137.3,6456,-7.47,1.183
R3013,rock,2,-4211.6,39546.5,11809.3,-19.97,1.567
R3014,rock,0,-3257,39630.6,11146.2,-173.86,2.256
R3015,rock,0,-1144.3,39071.4,13309.6,-59.12,1.339
R3016,rock,1,-180.3,39186.5,12513.6,-60.39,2.699
R3017,rock,1,324.8,39454.6,11545.3,-232.49,2.402
R3018,rock,0,3122.4,39769.5,8510.5,-28.1,0.32
R3019,rock,0,5064.7,39670.4,8238.4,51.08,0.405
R3020,rock,2,7858.6,39153.7,10154,-210.24,0.502
R3021,rock,0,13711.3,39102.9,8323.6,-20.34,2.888
R3022,rock,0,16841.9,39265.3,6865.8,-165.37,0.27
R3023,rock,0,30961.4,39318.4,6779.8,-50.71,2.698
R3024,rock,1,36471.2,39099.6,7133.2,-2.28,1.704
R3025,rock,2,38514.3,39792.5,7383.1,-139.5,0.58
R3026,rock,1,42455.1,39447.2,8840.4,-103.79,0.301
R3027,rock,0,66981.8,39397.3,5116.3,-207.58,0.673
R3028,rock,1,-64852.6,39946.3,4687.8,-63.47,0.262
R3029,rock,2,-43504,40463.1,7321.5,-136.8,1.264
R3030,rock,0,-36085.6,40465.4,6951.2,-65.7,1.976
R3031,rock,0,-23952.8,40006.8,3521.8,-90.3,0.582
R3032,rock,2,-21246.1,40157,3473.3,-16.73,0.454
R3033,rock,0,-15909.4,40011.9,5420.8,-184.8,0.584
R3034,rock,1,-14052,40188.1,6323.4,22.07,1.903
R3035,rock,2,-6437.4,40073,10062.2,85.71,1.952
R3036,rock,2,-2748.5,40073.7,11347,-160.19,2.068
R3037,rock,0,-1715.3,40576.5,10120.7,35.38,1.138
R3038,rock,1,-1384.6,39887.8,11885.6,-176.56,1.036
R3039,rock,0,-451.7,40047.7,11059,43.57,3.094
R3040,rock,1,5048.7,40229.2,7742,-141.87,1.519
R3041,rock,2,11014.7,39992.5,8472.5,-52.41,0.39
R3042,rock,1,14813.4,40211.9,6821.1,-250.98,1.467
R3043,rock,0,15850.1,39860.5,6819.4,69.12,2.942
R3044,rock,2,16804.8,40457.9,5963.7,-129.63,0.372
R3045,rock,0,20991,40208.5,5233.3,76.82,2.829
R3046,rock,0,30308.4,40258.2,6750.2,-118.02,2.943
R3047,rock,1,31715.4,40159.3,6904.1,-242.11,2.371
R3048,rock,2,34126.6,40391.9,6098.8,-234.57,1.15
R3049,rock,0,41235.8,40497.2,8422.1,-188.83,0.31
R3050,rock,1,44169.3,40040.3,6545.5,-30.84,2.174
R3051,rock,0,46815.6,39864.5,6771.7,70.02,0.356
R3052,rock,1,-54680.6,41226,5097.6,-106.66,3.02
R3053,rock,1,-53483.4,41092.2,5501.6,-151.79,0.418
R3054,rock,0,-41105.3,40793.8,6815.7,53.88,1.446
R3055,rock,2,-38022.9,41595.6,6316.8,50.14,2.162
R3056,rock,2,-37592,41133.1,6459.9,-10.45,1.018
R3057,rock,1,-36543.9,40856.8,6233.2,-132.21,1.095
R3058,rock,1,-16799.6,41243.4,4168.8,-96.22,0.485
R3059,rock,0,-12194.3,40911.8,7561.6,-241.37,0.294
R3060,rock,2,-11160.3,40927,7393.3,-226.25,0.497
R3061,rock,2,-9797.1,41170.9,8165.5,-240.96,1.471
R3062,rock,0,-7098.2,40727.1,9821.4,-261.22,1.359
R3063,rock,1,-6700.1,41216.1,9005.3,76.69,1.559
R3064,rock,2,-6049.5,41118.6,9569.8,-157.02,1.867
R3065,rock,0,2476.5,40797.1,8895.3,-253.37,1.971
R3066,rock,0,4581.9,40788.2,8072.6,-249.65,0.515
R3067,rock,1,4907.5,41017.2,8088.7,61.03,3.113
R3068,rock,2,6168.6,41443.9,9470,-75.37,2.648
R3069,rock,0,7743.6,41576.3,9280.8,34.72,1.052
R3070,rock,0,9990.7,40765.7,8260.5,-28.74,2.33
R3071,rock,0,10211.2,41421.4,6692.9,-98.78,0.332
R3072,rock,1,18322.5,41103,5539.4,52.18,0.536
R3073,rock,1,31039.5,41295.2,6419.1,-161.73,2.785
R3074,rock,2,33459.8,41115,6173.6,-146.83,0.51
R3075,rock,1,36969.7,41223.8,6714.9,-259.35,0.3
R3076,rock,0,38466.7,40776.7,6841.6,-208.46,0.53
R3077,rock,1,40485,41138,8500.6,80.96,0.316
R3078,rock,2,41972.5,40798,7033.4,-126.55,0.408
R3079,rock,2,66349.1,41412.3,5620.9,-155.49,0.612
R3080,rock,0,67149.3,41065.5,5360,-23.55,2.5
R3081,rock,0,-64505,41920.9,4433.1,28.5,2.002
R3082,rock,2,-49167.7,42002.2,5841.5,12.74,1.074
R3083,rock,1,-37248.6,41882.7,6489.6,82.72,0.325
R3084,rock,0,-19485.8,41640.5,3887.3,-192.65,0.664
R3085,rock,1,-15767.5,42133.9,4560.3,-73.46,3.027
R3086,rock,1,-14441.5,42203,5709.1,-179.66,2.744
R3087,rock,1,-10370.2,41869.6,7389.8,-268.78,1.984
R3088,rock,2,-7632,41962.5,7965.5,-235.48,3.143
R3089,rock,0,-6376.1,42285.9,7451.4,-222.15,0.494
R3090,rock,1,-4790.5,42300.5,8145,-149.62,2.016
R3091,rock,2,-2470.3,41754.3,9656,-63.16,1.201
R3092,rock,0,-979.9,42206.1,11070.6,-124.99,0.519
R3093,rock,1,4948.3,41858.1,8859.7,-44.22,1.865
R3094,rock,1,7170.5,42479.6,7625.3,-122.5,2.175
R3095,rock,1,9116.6,42085.9,6990,-247.75,2.588
R3096,rock,0,11424.4,42257,6512.8,-254.2,0.359
R3097,rock,0,19832.1,42337.5,5083.5,-218.3,0.322
R3098,rock,0,22049,42107.3,2925.4,19.32,0.28
R3099,rock,0,26422.5,41839.6,3557.4,-60.59,3.177
R3100,rock,2,29573.9,41773.8,6420.4,-199.06,3.189
R3101,rock,1,30306,42466.4,6285.6,15.27,2.894
R3102,rock,1,31162.8,42220.6,6065.9,-252.03,3.188
R3103,rock,0,38085.9,42020.2,6621.3,45.17,0.451
R3104,rock,1,40214.4,42172.9,7020.8,-7.01,2.527
R3105,rock,0,51264.8,42321.8,3644.7,55.64,0.628
R3106,rock,2,-51518.8,42727.1,4606.3,30.63,0.492
R3107,rock,1,-46006.9,42731.5,6622.8,78.93,2.919
R3108,rock,0,-15807.8,42868.8,4594.3,-154.99,2.814
R3109,rock,0,-10547.1,43370.4,6070,-134.34,0.53
R3110,rock,0,-8786.7,43191.6,7788.2,-111.19,1.444
R3111,rock,2,-6332.1,43391.5,6868.5,33.04,1.934
R3112,rock,0,-5126.5,43357.4,6954.5,-98.58,0.306
R3113,rock,0,-3632.7,42564.5,7955.5,-75.57,1.491
R3114,rock,2,-175.8,43251.2,9037.9,-163.16,0.299
R3115,rock,2,753.3,43024.2,10001.1,-57.54,1.948
R3116,rock,1,9169.2,42533.5,6616,-180.69,0.335
R3117,rock,2,9350.6,43128.8,6723,-18.14,1.25
R3118,rock,2,11369.3,42996.8,6497.9,15.46,0.565
R3119,rock,0,14771.6,42618.3,5404.8,50.81,1.758
R3120,rock,2,18155.5,42672.4,5071.2,-172.11,0.69
R3121,rock,0,30549.2,42521.7,6550.1,-122.7,0.649
R3122,rock,0,42873.1,43153,5200.2,-114.02,0.645
R3123,rock,1,46560.1,43218.3,4944.6,-155.07,0.577
R3124,rock,2,-66037.1,44016.4,4725.5,-208.43,0.477
R3125,rock,2,-50993.3,43738.6,4561.6,-4.98,2.945
R3126,rock,0,-16640,43753,3963.3,-206.36,0.322
R3127,rock,2,-8526.2,44224.7,7039.4,-76.93,2.705
R3128,rock,1,-4410.2,43722.2,7289.4,26.12,1.6
R3129,rock,0,-3636.1,44091.9,8449.9,-175.15,2.022
R3130,rock,2,-2130.7,43456.7,9331.6,-72.46,2.866
R3131,rock,1,218.1,43769.5,8320.3,-254.65,2.391
R3132,rock,0,7584.1,44162.9,6128.1,-114.12,0.653
R3133,rock,2,9836.8,44108.9,6283,-155.1,1.261
R3134,rock,0,13229.8,43688.8,5581,68.61,1.78
R3135,rock,0,14494.9,44198.7,5056.6,-17.1,0.694
R3136,rock,2,15026.1,44152.1,4656.6,-138.09,2.019
R3137,rock,2,19451.6,43672.7,4773.1,-108.21,0.593
R3138,rock,2,35048.9,43510.5,6038.1,-30.7,0.624
R3139,rock,0,36307.2,44177.1,6452.5,19.5,1.517
R3140,rock,0,38440.2,43442,7390.6,-56.59,0.251
R3141,rock,2,48494.6,43967,4017,-98.19,0.337
R3142,rock,1,56257,43442.2,3331.6,-256.78,0.63
R3143,rock,2,60493.4,43422.9,3364.3,-245.64,0.311
R3144,rock,2,-59798.5,44851.3,4187.6,-269.55,0.674
R3145,rock,1,-47074.2,45122,5084,-53.18,1.591
R3146,rock,0,-46579.8,44945.8,5530.5,-159.19,0.542
R3147,rock,1,-44696.4,44630.2,5858.8,74.98,1.691
R3148,rock,0,-43620.9,44999.7,5727.4,45.56,3.088
R3149,rock,0,-42653.9,44457.8,6032.3,86.64,0.66
R3150,rock,0,-10414.5,44333.5,5670.8,23.36,0.505
R3151,rock,0,-9358.9,44977.5,5843.7,-182.51,0.277
R3152,rock,0,1980,45145.9,8274.8,-201.78,0.298
R3153,rock,1,5870,45056.2,6337.9,-168.73,0.402
R3154,rock,1,6607.9,45038.2,6360.4,-112.05,0.556
R3155,rock,1,11507.7,44917.9,6394.8,-213.18,0.35
R3156,rock,1,29928.6,44887.9,4609.1,-24.43,1.167
R3157,rock,1,32850.3,44909.1,5509.2,-136.51,1.265
R3158,rock,1,35196.4,45107.5,5703.1,-122.14,0.357
R3159,rock,2,42526.1,45198.1,4515.3,-17.33,0.49
R3160,rock,2,-64154.8,45530.1,4430.6,-50.15,0.39
R3161,rock,2,-63297.9,45556.5,4431.5,-197.24,0.312
R3162,rock,0,-49336,45559.7,5202.5,-249.99,0.426
R3163,rock,2,-43705.5,45940.4,4966.5,-250.53,1.89
R3164,rock,2,-11107.8,45877.4,4771.1,83.93,0.449
R3165,rock,0,-10267.9,45637.9,5315.4,61.18,3.193
R3166,rock,1,-6178.8,45368.1,7304.4,-195.03,1.406
R3167,rock,1,-215.5,45242.1,7545.5,-84.64,0.318
R3168,rock,1,2016.1,45325.2,8102.8,59.05,2.374
R3169,rock,1,3460.3,45502.6,8275.1,-234.22,1.935
R3170,rock,1,4544.1,46096.7,7463.9,-89.81,2.371
R3171,rock,1,12947.9,45219.3,5630.3,-204.36,2.988
R3172,rock,1,17493.4,45977.7,4471.5,-43.98,0.485
R3173,rock,2,25728.3,45522.4,2075.8,-146.65,1.874
R3174,rock,2,36595.8,45295.5,6456.2,-222.89,3.131
R3175,rock,0,53968.5,45673.3,2667.4,-210.26,0.282
R3176,rock,2,-59887.4,46387,4334.3,-268.33,2.69
R3177,rock,2,-55458.7,46624.3,4266.4,-158.66,0.517
R3178,rock,2,-36630.7,46472.6,4091.7,27.58,0.634
R3179,rock,2,-35603.6,46111.5,4149.5,-200.5,1.101
R3180,rock,1,-33123.7,46179.8,3898.1,80.06,0.398
R3181,rock,2,-23226.6,46844.1,2701.9,-183.19,0.413
R3182,rock,0,-20227.2,46315.9,2942.3,-232.57,0.37
R3183,rock,1,-9079.9,46278.6,5488.9,-265,1.276
R3184,rock,1,-7654.8,46388.3,6513.8,-104.51,1.648
R3185,rock,0,-5227.6,46405.4,7572.9,-221.13,0.542
R3186,rock,0,-3638.6,46552.8,6834.7,-162.34,1.158
R3187,rock,0,9525.3,46743,6359.9,56.42,0.335
R3188,rock,0,13141.4,46430.7,5214,-8.75,0.648
R3189,rock,1,16579.2,46737.6,4222.7,77.45,1.354
R3190,rock,2,22559.6,46941.5,2042.9,-257.39,0.446
R3191,rock,2,35370.8,46930.4,5088.6,-141.29,1.408
R3192,rock,2,-6784.8,47543.5,6613.3,-180.9,0.453
R3193,rock,1,-3392.3,47178.1,6579.4,-190.16,1.966
R3194,rock,0,-2427.9,47682.7,6181.5,-122.87,0.57
R3195,rock,0,670.1,47872.9,6047.3,7.04,0.361
R3196,rock,2,7324.8,47793.4,6071,-91.14,1.981
R3197,rock,0,8292.6,47200.4,6572.3,-32.67,2.236
R3198,rock,2,12382,47091.8,4885.8,-103.66,0.395
R3199,rock,0,25848.4,47044.8,2115.1,-78.04,0.589
R3200,rock,2,28904.2,47374.4,3523.7,-31.77,0.543
R3201,rock,0,-68855.8,47979.9,4817.9,14.27,1.377
R3202,rock,1,-50024.9,47927.4,3669.2,-70.6,0.265
R3203,rock,2,678.7,48158.6,6007.3,-135.29,2.859
R3204,rock,1,7168.1,48383.1,5379.1,24.46,0.556
R3205,rock,0,35490.4,48628.4,3802.6,20.77,0.632
R3206,rock,1,48483,48369.8,2876.9,-37.04,1.588
R3207,rock,2,54448.7,47993.3,2169.4,-61.4,0.669
R3208,rock,0,-44464.9,49276.8,3590.2,-49.11,0.532
R3209,rock,0,-43645.6,48861.8,3663.9,38.78,1.508
R3210,rock,0,-22938.2,48919.1,2603,-167.48,0.529
R3211,rock,2,-18471.9,48867.1,2933.4,-96.22,0.467
R3212,rock,1,-7558.1,49413.1,5184.4,-181.27,2.626
R3213,rock,2,-6569.6,49295.9,5168.6,-57.77,0.576
R3214,rock,2,4199.3,49118,5992.9,-203.41,0.628
R3215,rock,2,11832.7,48838.1,4224.8,-191.49,0.533
R3216,rock,0,22219.2,49664.5,2415.7,-209.95,1.786
R3217,rock,2,29905.5,48993.4,3131.4,-5.59,0.548
R3218,rock,1,2106,50571.5,4970,56.02,2.617
R3219,rock,2,4695.5,50422.5,4900.4,82.59,0.352
R3220,rock,1,8939.4,49923.2,3933.1,62.03,0.435
R3221,rock,1,62830.6,49949.3,3910.3,-118.73,2.552
R3222,rock,1,-69440.3,50690.8,4463.6,-202.94,1.903
R3223,rock,2,-62991.5,50934,4443.4,-148.99,0.261
R3224,rock,2,-10550.1,50699.4,4472,-147.09,1.838
R3225,rock,2,-7524.4,50751.4,4348.1,-162.91,1.412
R3226,rock,2,39317.3,50678.7,3635,-82.2,0.409
R3227,rock,2,70126.8,51075.7,5259.9,-233.42,0.623
R3228,rock,1,-65352.9,52207.1,4303,21.36,2.784
R3229,rock,0,-52350.5,52321.4,2968.6,16.91,0.437
R3230,rock,1,-1821.5,51842.1,5074.8,-43.18,0.56
R3231,rock,0,-134.3,51581.4,4692.1,-29.83,0.565
R3232,rock,1,5514.9,52212.1,6793.1,40.2,1.41
R3233,rock,1,14852.7,52100.7,4158.7,-262.36,2.12
R3234,rock,0,48143.5,51519.9,2393.9,10.23,0.674
R3235,rock,0,69889,51729.2,5151.5,6.64,0.466
R3236,rock,0,-65780.6,53023.5,4057.6,-31.1,0.288
R3237,rock,1,-40154.7,52658.7,3103,-226.15,0.252
R3238,rock,1,-10173.1,52691.7,4366.7,-217.99,2.094
R3239,rock,0,-8365.4,52615.8,4053,-204.98,0.607
R3240,rock,2,1960.8,52724.1,4377.2,-31.98,0.314
R3241,rock,1,4075.3,52651.9,6870,-3.33,2.971
R3242,rock,1,6610.5,52926.6,7377.5,-208.81,1.176
R3243,rock,2,16353.9,52542.4,5244.4,-85.89,3.039
R3244,rock,1,54727.3,52898.5,1832.8,-68.98,0.687
R3245,rock,0,68142.9,53063.2,4683,-175.46,0.438
R3246,rock,1,-54341.2,53510.2,2872.5,-165.45,0.556
R3247,rock,0,-38106.7,53585.9,4610.7,19.57,0.688
R3248,rock,2,-12477.2,53990.8,5510.9,-74.01,1.603
R3249,rock,0,-9493.8,53589.3,5464.8,-245.02,1.994
R3250,rock,2,-4664.9,53336.9,4208.9,-43.28,2.05
R3251,rock,2,2191.2,54004.2,5427.9,-216.86,1.835
R3252,rock,0,9609.7,53471.2,4764.8,55.78,0.688
R3253,rock,1,14098.6,54059.1,4256.1,-120.1,0.656
R3254,rock,2,16524.1,53435.2,6491,-157.89,0.291
R3255,rock,0,18861.1,53462.6,3735.6,-103.66,2.357
R3256,rock,2,44169.9,53997.1,3294.2,31.36,2.363
R3257,rock,0,-66097.5,54425.3,3851.4,-231.97,1.552
R3258,rock,2,-51443.5,54973,2779.4,-12.76,1.127
R3259,rock,1,-50879.3,54930.6,2792.7,-141.21,0.291
R3260,rock,0,-37354.6,54897.3,5295,-44.7,0.665
R3261,rock,2,-34235.4,55010.7,6282.4,-126.89,2.778
R3262,rock,1,-26567.8,55030.3,4792.3,-243.72,0.29
R3263,rock,0,-25191.9,54359.5,4695,-151.65,2.628
R3264,rock,1,-22377.1,54479.3,3282.7,71.58,0.437
R3265,rock,2,-14263.4,54889.3,6487.9,-225.9,2.131
R3266,rock,1,-10743.8,54259.3,6372.8,39.71,2.654
R3267,rock,2,3327.1,54383.4,8481.8,-59.93,2.495
R3268,rock,2,4795.4,54621.6,9501.9,-242.96,2.758
R3269,rock,2,20576.5,55000.5,6727,-164.14,2.425
R3270,rock,1,21535.9,54996.7,4970.5,8.56,2.851
R3271,rock,1,22041.7,54244.9,3264.1,32.94,1.406
R3272,rock,1,44533.6,54581.2,3875.3,81.56,0.27
R3273,rock,1,47791.8,54450.4,4262.1,-265.5,2.761
R3274,rock,1,48101.5,54730.2,4519.8,-44.09,2.722
R3275,rock,1,51891,54996,3345.8,11.07,2.313
R3276,rock,0,54695.3,54435.1,2127.1,-138.58,1.887
R3277,rock,0,57559,54943,2364.5,-84.43,0.311
R3278,rock,2,59569.9,54869.1,3892.8,-230.48,2.201
R3279,rock,1,-47676.1,55383.4,2620.1,-133.42,1.845
R3280,rock,0,-34413.2,55515.7,8056.4,16.91,1.54
R3281,rock,2,-31943.5,55447.3,4988.4,-216.08,1.886
R3282,rock,2,-24594.1,55158.7,6522.5,-20.65,3.06
R3283,rock,2,-20025.9,55349.1,4431.8,-77.02,0.286
R3284,rock,2,-9995.1,55597.5,5978.3,-234.62,0.588
R3285,rock,1,-8797.4,55838,4095.9,-268.96,1.02
R3286,rock,2,8378.3,55438.7,5443.7,-222.18,1.059
R3287,rock,1,10679.7,55521.5,3955.7,-149.86,1.367
R3288,rock,2,17201.2,55280.4,8522.5,-169.47,1.246
R3289,rock,2,18630.1,55476.5,7644.1,-12.54,2.153
R3290,rock,1,19298.9,55857.9,8003.7,-193.01,1.697
R3291,rock,0,21658,55396,5737.4,15.05,2.61
R3292,rock,2,22931,55423.7,2171.7,-188.72,1.994
R3293,rock,0,47856.6,55909,6392.2,-87.09,0.4
R3294,rock,2,48877.7,55723.7,6030.7,-162.05,2.115
R3295,rock,2,54161.2,55219,3050.2,-105.2,2.762
R3296,rock,2,61355.7,55780.4,5488.8,-196.33,0.53
R3297,rock,1,63058.4,55176.6,4084.7,-116.46,0.293
R3298,rock,1,-67104.3,56854.5,4512.8,-184.7,2.993
R3299,rock,1,-55225.6,56232.3,3167.6,-103.49,0.397
R3300,rock,0,-46226.8,56257.1,3024.4,77.27,0.286
R3301,rock,0,-37279.3,56213.4,6437.2,-50.79,1.025
R3302,rock,2,-32104.3,56772.8,7758.5,-236.19,1.717
R3303,rock,2,-31243.8,56879.4,7690.6,-188.58,0.663
R3304,rock,1,-26054.7,56310.5,8101.4,-90.4,2.904
R3305,rock,0,-23496.4,56620.7,6167.3,-14.89,2.001
R3306,rock,1,-13932.1,56392.6,7426,-258.55,1.081
R3307,rock,1,-6526.3,56138.9,3513.1,-100.97,0.31
R3308,rock,0,-4753.5,56516.4,5172.5,-213.16,2.166
R3309,rock,1,-2672.9,56502,5134.9,-231.15,1.878
R3310,rock,1,1287,56638.7,5956.6,4.1,0.487
R3311,rock,1,3498.7,56393.5,8971.4,63.38,1.776
R3312,rock,0,4607.8,56205.1,9453.2,-58.88,0.64
R3313,rock,2,5998.7,56695.7,8737.6,-268.57,3.1
R3314,rock,1,16747.3,56211.4,9713,31.45,0.474
R3315,rock,1,19635.6,56012.6,8175.1,68.56,2.341
R3316,rock,1,21376.9,56665.2,8876,-129.44,2.905
R3317,rock,1,26542.5,56404.4,2813,60.8,2.11
R3318,rock,2,29201.1,56677.9,3839.9,-193.07,0.477
R3319,rock,2,35095.6,56839,4480.6,-30.74,0.504
R3320,rock,0,47261.6,56802.2,7030.8,-33.01,1.86
R3321,rock,0,54015.5,56369.1,4583.1,-115.62,1.78
R3322,rock,1,54943.1,56137.7,4356.3,83.42,0.449
R3323,rock,2,63166,56021.6,5557.7,-139.27,1.893
R3324,rock,0,64328.1,56687.1,5286.5,19.7,2.642
R3325,rock,2,65661.8,56459.5,4333.1,-2.06,1.356
R3326,rock,2,-67138.7,57781.5,6213.4,-148.12,1.88
R3327,rock,1,-66388.7,57047.9,5012,-91.92,2.409
R3328,rock,2,-65050.3,57112.3,5436.3,-48.08,1.19
R3329,rock,1,-63967.6,57393.6,5904.1,-149.94,0.406
R3330,rock,2,-62949.3,57081.3,4152.4,-239.62,1.697
R3331,rock,0,-58675.7,57407.9,4903.1,-169.35,2.381
R3332,rock,2,-55563,57546.3,4130.4,40.8,3.133
R3333,rock,2,-52864.2,57652.8,4638.7,-198.93,1.037
R3334,rock,2,-48180.2,57342.7,4359.7,-158.61,0.407
R3335,rock,2,-42108.5,57525.2,4794.3,-133.78,2.387
R3336,rock,1,-40870.3,57027.1,4207.9,-201.33,0.556
R3337,rock,1,-38089.7,57025.8,7365.9,15.23,1.645
R3338,rock,1,-28764.4,57467.1,6520.5,-119.21,0.389
R3339,rock,0,-21846.7,57026.3,5195.2,80.32,2.943
R3340,rock,1,-19465.7,57485.9,4432.9,-158.92,1.946
R3341,rock,0,-11506.2,57146.7,6933.2,-173.19,2.377
R3342,rock,1,-10222.1,57373.5,7308.2,-39.57,2.881
R3343,rock,2,-8931.3,57583.5,6073.8,-205.88,1.145
R3344,rock,0,-8141.3,57199.8,4575.8,11.45,2.045
R3345,rock,2,-6039.5,57333.5,5887.5,-40.23,2.788
R3346,rock,0,-3198.6,57277,6667.7,-88.4,2.409
R3347,rock,0,-1784.2,57472.6,6616.6,-237.2,2.593
R3348,rock,2,946.8,57213.9,6597.9,-23.76,0.395
R3349,rock,2,3116.2,56946.6,8872.5,-44.16,1.343
R3350,rock,1,8197.6,57605.9,5107.8,-40.52,2.947
R3351,rock,0,15048.8,57665.6,6924.9,6.39,2.207
R3352,rock,1,15865.8,57082.5,7835.3,-105.22,2.115
R3353,rock,2,19872.2,57139.3,10008.6,56.36,1
R3354,rock,1,41381.4,57586.2,3888.4,-145,1.627
R3355,rock,0,42808.1,57583.7,4243.8,-192.54,2.062
R3356,rock,1,45875.9,57296.6,6018,-2.01,0.695
R3357,rock,0,46428.2,57146.8,6691,-24.79,0.272
R3358,rock,2,48725.7,56992.7,7195.9,-185.82,0.672
R3359,rock,1,50242.3,57543.6,6062.3,-147.39,0.54
R3360,rock,1,53033.5,56941.1,5449.6,-44.35,2.658
R3361,rock,0,53305.1,57407.2,6638.6,-6.19,2.303
R3362,rock,0,54387.2,57599.1,7286.4,35.71,0.262
R3363,rock,2,56745.6,57275.4,6761.3,-109.23,0.496
R3364,rock,0,57216.3,57732.2,7487.9,-258.72,2.125
R3365,rock,2,-65766.2,58131.2,7961.2,51.71,2.801
R3366,rock,1,-63868.8,58330.2,8964.7,-195.14,0.617
R3367,rock,2,-63345.7,58398.7,8358.5,50.33,2.086
R3368,rock,2,-59421.8,58040.2,6035.6,-43.44,2.615
R3369,rock,2,-55852.7,58549,6212.9,0.38,2.131
R3370,rock,2,-54788.7,58235,5514.4,-254.84,1.707
R3371,rock,0,-53935.3,58623.3,6136.1,-61.21,2.292
R3372,rock,1,-50088.3,58483.4,6268.1,-65.69,3.017
R3373,rock,2,-47728.9,57991.8,4626.8,-152.52,1.638
R3374,rock,0,-40524.7,58193.1,5003.6,-144.59,0.455
R3375,rock,2,-36620.8,58411.6,8588.2,-87.07,0.398
R3376,rock,2,-30654.8,58620.8,9761.4,-99.38,0.58
R3377,rock,1,-30111.9,58599.2,9236.6,-177.76,1.324
R3378,rock,0,-25242.8,57980.4,9597.3,-265.37,2.391
R3379,rock,1,-20911,58092.3,6217.3,-44.11,2.686
R3380,rock,1,-19870.9,58514.3,6033.8,49.82,0.34
R3381,rock,1,-16782.7,57973.5,4402.4,-1.39,1.531
R3382,rock,0,-12790.3,58281.8,8073.1,-73.14,2.936
R3383,rock,0,-11286.6,58429.1,9087.6,-222.2,0.296
R3384,rock,0,-2336.7,57905.5,8047,79.49,0.314
R3385,rock,2,1660.3,58149,9761.3,-237.09,3.088
R3386,rock,0,2977,58304.5,10803.4,-153.05,1.259
R3387,rock,1,5781.3,58338.6,8406.7,-234.31,0.251
R3388,rock,2,10674.9,58224.6,4271.6,-148.01,2.161
R3389,rock,2,11442.4,58118.7,4909.3,-50.65,0.546
R3390,rock,0,14437.2,58103.9,6570.8,28.73,1.663
R3391,rock,2,16582.5,57963.2,9851.7,-248.42,2.098
R3392,rock,0,21595.5,57806.1,9665.2,-216.07,2.997
R3393,rock,1,26564.1,58527.2,2966.1,69.04,1.854
R3394,rock,0,39142.2,58644.3,4655.1,-26.83,1.565
R3395,rock,2,40524.9,58022.9,4528.3,-243.44,2.901
R3396,rock,2,41604.7,58238.4,5153,-117.87,0.505
R3397,rock,1,45028.6,58495,7492.9,-27.46,2.289
R3398,rock,0,46717.6,58201.9,8972,-140.93,0.599
R3399,rock,1,49851.2,58417.8,6838,73.45,3.178
R3400,rock,2,53721.5,58270,8932.3,-154.06,2.67
R3401,rock,1,54370.2,58258.6,8751.5,-257.95,0.502
R3402,rock,2,56019.5,58557.8,8628.2,82.19,2.996
R3403,rock,2,62655.7,58368.5,8153.4,14.46,1.247
R3404,rock,1,63464.3,58101.4,7892.3,-131.46,1.242
R3405,rock,0,69302,58206.9,5251.4,-108.41,1.073
R3406,rock,1,-66309.4,59592.9,11184.4,-136.71,2.339
R3407,rock,1,-65292.9,58858.4,10522.1,-219.62,2.165
R3408,rock,2,-64011.1,59597.3,12542.2,-209.71,2.341
R3409,rock,0,-63157,59140.8,10803.1,39.16,1.848
R3410,rock,1,-60265.3,59190.7,9257.7,-227.45,2.165
R3411,rock,1,-58794.3,58847.9,8601.4,-179.09,2.551
R3412,rock,1,-58105.1,58992.4,7769.2,-268.01,1.402
R3413,rock,2,-57184.5,58761.7,6668.5,67.18,0.381
R3414,rock,1,-56088,59210.6,8567.3,-122.66,2.275
R3415,rock,2,-54376.6,59085.1,7533.7,32.54,0.554
R3416,rock,0,-53559.6,59442.1,8093.3,-204.47,0.539
R3417,rock,0,-47325.9,58884.7,5547.1,-238.42,0.561
R3418,rock,0,-32935.9,59530.3,10184.6,37.35,2.619
R3419,rock,2,-28462.2,58901.8,8356.7,-261.22,2.268
R3420,rock,2,-27296.8,58828.7,8633.6,-1.31,3.127
R3421,rock,1,-23285.4,59328,11029.2,-118.47,0.553
R3422,rock,1,-23194.6,59560.5,11249,-7.14,2.195
R3423,rock,0,-22158.2,59351.1,10239.2,-129.3,2.949
R3424,rock,0,-20474.4,58832,7297.6,-161.59,2.989
R3425,rock,1,-18736.8,58820.6,5757.6,-238.78,2.302
R3426,rock,0,-16558.4,59379,5755.9,-212.63,2.372
R3427,rock,1,-15736.1,58749.9,5209.2,23.39,2.041
R3428,rock,2,-14702.3,59101.6,6684.3,-113.85,2.308
R3429,rock,0,-12380,59598,10307.1,-262.3,2.856
R3430,rock,2,-8069.2,59032.6,8297.3,-19.48,1.997
R3431,rock,1,-3413.5,59452,12334.4,28.81,1.296
R3432,rock,1,-3063.7,58718.7,10413,-217.08,0.51
R3433,rock,2,-749.4,59470.7,11171.8,29.6,2.967
R3434,rock,0,-224.9,59465.3,11705.3,-59.46,0.594
R3435,rock,2,927.3,58703.4,10556.1,66.99,3.014
R3436,rock,1,1156.3,59177.2,12249.8,-242.22,3.183
R3437,rock,2,7268.2,59585.3,7329.2,-238.46,0.273
R3438,rock,0,14405.9,58732.2,7826.9,20.39,0.608
R3439,rock,1,20794,59285.9,12996.9,87.55,2.387
R3440,rock,0,21003.2,59091.6,12667.4,-196.03,1.473
R3441,rock,1,36488.6,59287.9,4559.5,37.34,2.522
R3442,rock,1,42442.2,59455.2,10123,-174.43,2.629
R3443,rock,2,44827.7,59263.6,10402.7,-110.44,2.998
R3444,rock,1,48327.2,58874.6,8871.7,-116.91,1.976
R3445,rock,2,55635.9,59321.3,9949.4,84.69,1.495
R3446,rock,0,58005.8,59101.9,10039.5,-56.82,1.393
R3447,rock,0,59274,59043.9,10257.5,-45.22,1.873
R3448,rock,2,61156.6,58836.8,8791.8,-18.21,2.146
R3449,rock,1,61798,59386.7,11005.5,60.22,1.634
R3450,rock,2,64074.8,59281.9,10817.2,-196.59,1.065
R3451,rock,0,65504.4,59105.5,10606.8,-77.21,1.387
R3452,rock,0,67898.3,58818.5,5264.3,-31.07,1.079
R3453,rock,1,69438.6,59380.7,7139.1,-143.37,1.105
R3454,rock,0,-67607.2,60008.2,12644.4,-42.25,2.524
R3455,rock,0,-63122.2,59911,12913.9,65.37,3.016
R3456,rock,0,-61658.4,59890,11030.6,-222.4,2.922
R3457,rock,0,-58308,59833.7,10646.5,-153.17,2.982
R3458,rock,2,-57367.6,59968.9,9957.9,0.76,2.829
R3459,rock,0,-52972.4,59802.8,9332.6,-135.76,2.396
R3460,rock,2,-52526.5,60221.8,10597.9,-118.12,3.155
R3461,rock,0,-51383.6,60462.6,9256.2,47.48,3.108
R3462,rock,2,-44880.2,60383.1,10018.7,69.69,2.213
R3463,rock,2,-44070.4,60255.6,8891.2,-234.1,0.277
R3464,rock,1,-32912.8,60440,11644.1,-206.72,1.451
R3465,rock,1,-31922.5,59705.1,10134.1,13.35,1.664
R3466,rock,1,-31107.1,60244.8,9841.9,-175.17,1.791
R3467,rock,1,-26352.9,59838.3,10209.6,-185.87,2.79
R3468,rock,2,-24028.3,59721.5,11284,-149.47,0.262
R3469,rock,2,-22646,60018.4,11905.1,-89.85,0.274
R3470,rock,1,-21649.4,60232.9,10868.1,-187.56,1.228
R3471,rock,1,-17894.5,60053.5,8896.1,-121.3,2.176
R3472,rock,1,-16482.8,60419.8,11163.5,61.32,1.9
R3473,rock,1,-15989.8,60138.8,10227.9,-19.86,1.202
R3474,rock,0,-15006.6,60339.6,11588.2,-245.29,2.712
R3475,rock,2,-13606.3,59888.3,8697.4,-49.83,3.139
R3476,rock,2,-11012.5,60093.1,11029.8,-255.32,1.516
R3477,rock,2,-10099.9,60142.7,10376.7,-25.54,0.353
R3478,rock,0,-9280,60120.1,10540.9,-154.19,3.038
R3479,rock,1,-8218.5,60316,11485,-205.46,1.067
R3480,rock,2,-7103.9,59835.5,8809.9,-39.73,0.512
R3481,rock,1,-6877.6,60364.1,9290.8,-209.97,0.521
R3482,rock,1,-3569.3,60246.2,14241.2,-2.94,1.299
R3483,rock,1,-1682,60424.3,14632,43.26,2.379
R3484,rock,1,-217.5,60456.4,14285.2,-126.63,1.406
R3485,rock,0,7227.9,60214,8892.9,-250.53,2.137
R3486,rock,0,8698,59859.6,6739.5,56.06,0.657
R3487,rock,1,9200.7,59661.8,6005.6,-105.73,1.931
R3488,rock,2,17084.7,59859,13085.2,-169.97,1.312
R3489,rock,0,22444.6,60416.5,6518.6,-253.84,3.169
R3490,rock,1,22919,60453.9,3348.8,38.92,2.78
R3491,rock,2,26221.1,60049.9,2647,-33.71,0.429
R3492,rock,1,27551.4,59751.5,6327.3,-146.23,2.85
R3493,rock,0,29840.4,60025.7,6378.9,-10.52,0.583
R3494,rock,1,33308.9,60383.6,5447.8,-77.61,2.822
R3495,rock,1,38281.2,59688.2,5474.2,-91.35,0.543
R3496,rock,1,38900.6,59694,6126.7,82.79,0.645
R3497,rock,2,40757.5,60461.3,11408.6,-230.92,2.247
R3498,rock,0,43143.9,60345,14564.7,12.89,1.112
R3499,rock,0,45667.6,59760.2,13132.5,-45.25,1.92
R3500,rock,0,46435,59732.5,13223.2,-7.42,1.789
R3501,rock,1,48238.5,60068.4,12290.1,-127.75,2.931
R3502,rock,1,49415.1,59822.7,10584.4,34.88,2.345
R3503,rock,0,52640.7,59719.1,9150.7,-165.17,2.858
R3504,rock,2,53946.6,60261.8,11019.4,-212.68,1.269
R3505,rock,2,54519.6,60367.3,11487.8,-128.53,2.476
R3506,rock,0,55860.4,60056.7,11160.3,-231.93,2.312
R3507,rock,2,56568,59725.3,10989,-128.76,0.563
R3508,rock,1,56957.2,60260.8,12288.3,-92.8,1.592
R3509,rock,0,61113.3,60106.6,11156.4,-251.33,1.88
R3510,rock,2,63387,59627.2,11878.5,-16.19,3.054
R3511,rock,0,64700.8,60114.2,12051,-166.9,0.66
R3512,rock,1,66674.2,60196.8,9877,-250.62,0.451
R3513,rock,1,67619.1,59718.7,7431.6,85.87,0.531
R3514,rock,0,-69065.2,60769.1,13324.3,-156.6,2.815
R3515,rock,2,-68166.3,60713.2,14190.4,23.32,2.121
R3516,rock,1,-65323.8,61361.6,14025.8,70.15,0.529
R3517,rock,2,-63883.5,60701.6,12905.5,-18.52,0.614
R3518,rock,2,-60966.7,60614.6,10772.1,70.2,2.915
R3519,rock,2,-59140.2,60692.3,12965.7,56.27,2.124
R3520,rock,2,-57884.4,60605.9,12148.7,-224.93,1.37
R3521,rock,1,-56946.3,61078.4,12805.5,54.34,0.476
R3522,rock,0,-51402.2,61196.2,11708.5,56.61,1.442
R3523,rock,0,-49481.3,61239.7,9813.4,73.23,2.662
R3524,rock,0,-45150.8,61263.3,12259.3,-11.4,2.908
R3525,rock,0,-44224.3,61123.5,10106.4,71.15,0.491
R3526,rock,2,-42705.2,60799.4,8180.8,64.34,0.501
R3527,rock,0,-41302.1,60940.7,6232.5,14.42,2.357
R3528,rock,0,-40037.7,60525.1,5660.1,-94.45,1.312
R3529,rock,1,-38790.7,61242.2,7604,-92.9,0.333
R3530,rock,0,-33943.2,60543.4,12107,-198.05,1.731
R3531,rock,0,-30349.8,61195,10659.6,-139.98,1.209
R3532,rock,1,-28849.6,61189.2,11932.7,-99.79,0.538
R3533,rock,0,-21812.5,60963.8,11148.9,-36.73,0.464
R3534,rock,2,-20022.8,61362.3,10398.3,84.8,1.298
R3535,rock,0,-19116.9,60603.6,9476.2,-37.03,1.743
R3536,rock,1,-16984.1,60986.7,13169.8,75.6,1.769
R3537,rock,1,-16797.9,61260.7,14190.5,1.01,0.396
R3538,rock,1,-15466.2,61103.1,14657.2,-112.26,2.525
R3539,rock,0,-13840.9,61032.5,13689.1,-8.92,2.327
R3540,rock,2,-8402,61144.1,12484.1,-55.06,0.312
R3541,rock,0,-7505.4,61256.4,11808.8,-150.04,0.456
R3542,rock,2,-6455.6,61341.2,11212,-67.21,3.191
R3543,rock,0,-4838.7,60603.2,11809.4,-226.68,1.378
R3544,rock,0,-3515.4,61141,16360.5,-265.55,2.647
R3545,rock,1,-3273.4,60613.8,16041.2,6.05,2.123
R3546,rock,1,-2452.1,61164.5,17885.6,-104.62,0.308
R3547,rock,1,3950.5,61289.2,11997.5,-74.13,0.528
R3548,rock,0,9276.4,60957.9,8740.2,-219.5,0.254
R3549,rock,1,11096.9,61363.5,8660.5,-116.12,2.759
R3550,rock,2,19555.3,61119,13767.1,-79.42,0.649
R3551,rock,2,28389.9,61094,10476.6,-89.43,0.421
R3552,rock,1,32105.7,60729.1,6198.6,-122.22,1.924
R3553,rock,0,32819.1,61193.2,6432.7,-239.59,0.325
R3554,rock,2,33889.3,60537.1,6058.3,-79.05,1.481
R3555,rock,2,34699.2,61005.9,7498.1,-116.31,1.851
R3556,rock,0,36478.6,61195.6,7100,47.14,2.099
R3557,rock,0,39010,60752.6,7842.9,-216.27,1.587
R3558,rock,0,41395.5,60842.6,14484.8,-124.96,1.423
R3559,rock,2,41722.5,60620.2,14315.2,-255.27,2.474
R3560,rock,0,45363.6,60605.4,16276.4,57.87,1.716
R3561,rock,2,46908.6,61224.5,16109.7,-80.94,0.279
R3562,rock,1,49475.6,60784.4,13924.4,-233.17,1.159
R3563,rock,2,50270.1,60725.4,11705.5,-211.58,1.235
R3564,rock,2,50654.1,61248.7,11823.7,75.52,1.175
R3565,rock,1,53693.2,61178.3,12621.4,6.89,2.651
R3566,rock,2,54238.6,61195.4,12963.5,33.39,2.72
R3567,rock,0,55131.9,61244.3,14130.7,27.1,1.213
R3568,rock,0,58351.8,61006.1,16491.7,-201.35,1.971
R3569,rock,1,60304.6,61258.2,14885.7,-128.53,1.199
R3570,rock,1,61641.8,60664.9,12015.2,-92.74,0.252
R3571,rock,1,68405.8,60632,8335,-31.8,1.085
R3572,rock,1,69343.6,60844.9,8902.9,-215.2,1.683
R3573,rock,1,69845.3,61236.2,9562.6,-147.3,1.653
R3574,rock,2,-65920,61685.6,15122.4,-184.65,1.482
R3575,rock,2,-65456,62000.9,15645.9,-20.02,0.37
R3576,rock,0,-64525.2,62256,14566.7,-26.74,0.375
R3577,rock,1,-63106.3,62199.9,12642,-184.42,1.34
R3578,rock,1,-59890.7,61411.1,11769.5,-203.77,0.662
R3579,rock,0,-58631.2,61935.2,12204.7,-79.72,2.327
R3580,rock,2,-55028.4,62023.9,14827.8,-137.34,1.912
R3581,rock,0,-54011.7,62214.2,16596.8,-59.66,1.292
R3582,rock,0,-52066.2,62265.3,15990.6,16.98,1.969
R3583,rock,0,-51507.1,61448.9,12737.3,-243.37,2.863
R3584,rock,0,-50204,61673.6,11267.4,54.24,1.671
R3585,rock,1,-49721.3,62160.4,13398.2,-209.66,2.731
R3586,rock,2,-48648.6,61709.1,12390.3,-268.41,1.247
R3587,rock,1,-43578.8,61817.4,9718.2,-69.69,2.945
R3588,rock,1,-41470.8,61797.1,7142.5,-70.06,1.936
R3589,rock,2,-40468.3,62054.9,6563.1,-41.24,1.119
R3590,rock,2,-38771.5,61618.1,7886.1,-40.33,2.452
R3591,rock,2,-37851.9,61746.6,9050.7,-97.54,0.49
R3592,rock,2,-35427.3,61882,10242.6,46.19,2.474
R3593,rock,1,-33670.6,62231.9,13305.8,-87.62,2.775
R3594,rock,2,-29679.8,61985.3,12848.8,-88.56,1.044
R3595,rock,0,-29028.8,61889.8,13030.1,-13.29,2.975
R3596,rock,0,-23136.7,62176.5,12611.9,-263.45,0.36
R3597,rock,0,-20859.7,61707.3,10720.5,-261.56,0.305
R3598,rock,1,-19083.5,61875.6,12461.2,-12.63,0.65
R3599,rock,2,-18073.1,62073.8,13473.3,16.66,0.667
R3600,rock,2,-16952.4,61866.6,14380.7,-160.49,2.499
R3601,rock,2,-15414.2,61503,15442.5,-198.38,2.563
R3602,rock,2,-14304.9,61713.7,15671.8,67.23,2.153
R3603,rock,2,-14155.6,62282.7,16240.6,-150.38,1.854
R3604,rock,1,-9975.3,61472.1,12634.8,-210.45,2.936
R3605,rock,0,-8503.6,61461.2,12650.7,-120.87,1.392
R3606,rock,2,-6238.2,62166.6,14689.6,-123.96,1.179
R3607,rock,0,-5633,61733.2,13436.6,-114.12,1.675
R3608,rock,1,-3897.2,61607.1,16166.2,-36.16,0.35
R3609,rock,2,-1913.1,61693.4,17204.3,4.28,1.455
R3610,rock,1,1506.1,62246.6,14820.2,1.04,1.779
R3611,rock,0,6928,62086.5,11046.8,70.52,1.389
R3612,rock,2,7406.7,62120.2,11220.6,86.15,0.486
R3613,rock,2,10800.9,62255.8,9614.8,74.77,1.626
R3614,rock,0,12224,61981.8,10311.7,-53.47,0.651
R3615,rock,1,13086.4,61566.4,10704.6,-2.4,2.246
R3616,rock,0,13939.5,61424.6,10780.7,77.28,2.35
R3617,rock,1,17259.6,61669.4,12557,2.34,1.721
R3618,rock,0,18233.3,61629.1,12627.1,-130.72,0.428
R3619,rock,1,25634.6,61646.1,1744.4,-208.27,2.198
R3620,rock,2,28884.1,61735.5,10968.1,-204.51,2.484
R3621,rock,0,29394.8,61820.9,10715.6,-230,1.466
R3622,rock,1,39746.6,61576.4,10487.9,-114.88,3.003
R3623,rock,2,40337.7,61527,12035.8,78.33,2.086
R3624,rock,2,41901.4,61607.6,16127.4,-231.52,1.914
R3625,rock,1,44079.9,61588.2,16199.4,-68.79,0.542
R3626,rock,2,53726.8,61765.1,13880.3,-135.55,2.804
R3627,rock,2,54432.7,61859.2,15038,-216.08,2.554
R3628,rock,0,55172,62250.5,16216.9,-50.91,0.439
R3629,rock,1,59381.8,62060,15765.6,-177.41,0.648
R3630,rock,0,62114.2,61489.8,12966.4,-94.01,1.998
R3631,rock,1,63178.2,62213.7,12281.4,-119.52,0.605
R3632,rock,2,69358,61558.4,9525.7,88.12,2.5
R3633,rock,0,-68870.5,62572.9,17083.2,-228.83,2.024
R3634,rock,2,-66211.9,63193.2,16917.7,-48.35,1.247
R3635,rock,1,-64616.4,62783.9,14885.2,-239.8,0.303
R3636,rock,1,-63610.2,62802.9,14160,-264.26,0.668
R3637,rock,1,-56780.8,62499.5,12379.7,67.1,2.812
R3638,rock,1,-54519.6,62325.3,16110.7,-14.07,1.427
R3639,rock,0,-53450.4,62732.4,18087.7,47.38,2.737
R3640,rock,2,-52607.2,62498.9,17929.7,7.25,3.027
R3641,rock,1,-50758.6,62724.9,15412.1,-5.63,2.502
R3642,rock,2,-49795.5,62315.2,13828.2,-39.29,1.884
R3643,rock,2,-48401.8,62779.6,17178,77.08,1.3
R3644,rock,0,-48337.7,63071.1,18036,-18.2,0.29
R3645,rock,2,-47359,63159.3,18646.7,-185.37,1.944
R3646,rock,1,-44089.2,62847,13213.4,-197.85,2.113
R3647,rock,0,-42023.6,63046.8,10215,40.08,0.528
R3648,rock,1,-39880.6,62403.3,7720.3,-164.63,2.371
R3649,rock,2,-39064.6,63194.8,11110.4,-156.45,2.334
R3650,rock,1,-38440.8,63045.6,11475.9,-248.67,2.193
R3651,rock,2,-36747.7,62351.3,9999.7,-170.3,2.863
R3652,rock,0,-36138,62481.3,10046.7,-232.25,2.322
R3653,rock,1,-35182.1,62944.9,10827.3,75.21,2.135
R3654,rock,2,-34893.9,62313.8,10754.8,-128.04,2.38
R3655,rock,2,-30003.2,62853.6,14575.2,-48.36,0.484
R3656,rock,0,-28175.2,62787.2,13164.7,-88.64,2.702
R3657,rock,2,-27298.4,63185.8,12656.6,-122.93,3.06
R3658,rock,2,-23901.4,62515.4,12139.9,58.81,2.528
R3659,rock,2,-19406.9,63193.3,13324,-202.38,0.607
R3660,rock,1,-18157.2,62786.8,13619.1,-172,1.444
R3661,rock,1,-14566.6,62650,17672.8,50.49,0.561
R3662,rock,0,-14168.7,62873.5,17191.6,-103.74,2.058
R3663,rock,2,-12952.9,62976.4,15765.3,-7.61,2.905
R3664,rock,0,-11429,62882.8,14957.3,54.35,2.065
R3665,rock,1,-8568.2,62833.2,14884.7,-254.03,0.416
R3666,rock,1,-5603,62395,16215.8,-91.33,2.858
R3667,rock,0,-4594.7,62428.4,16932.5,-15.55,1.71
R3668,rock,1,-2577.5,62365.8,18310.7,-112.62,1.568
R3669,rock,0,1316.7,63050.7,16172.9,65.38,1.221
R3670,rock,1,4826.7,62359.1,11558.3,85.29,2.13
R3671,rock,2,8792.5,63131.5,11576.9,-209.74,0.363
R3672,rock,1,9766.1,62841.7,10829.8,-3.69,2.009
R3673,rock,2,10723.2,62712.8,10359,-217.03,1.215
R3674,rock,0,16109.9,62662.4,13328.9,-62.75,1.549
R3675,rock,0,18357.4,63114,13231.1,45,0.361
R3676,rock,2,21017.1,62780.2,15400.8,-111.4,0.42
R3677,rock,2,22444.3,62947.5,9050.8,-71.15,1.17
R3678,rock,0,23639.8,62889.2,1829.6,-258.05,0.259
R3679,rock,0,26971,63072.6,7892.1,-172.9,1.169
R3680,rock,1,28778.7,62837.6,13143,-232.63,2.372
R3681,rock,0,30174,62425.5,11425,-5.46,3.191
R3682,rock,2,31446.9,62604.4,10483.3,-177.96,3.106
R3683,rock,1,31915.8,63065.3,11653.2,-250.13,2.72
R3684,rock,1,40155.2,62365.4,12985.5,-165.41,1.837
R3685,rock,0,41507,62909.4,16743.5,56.25,0.598
R3686,rock,0,43604.9,62331.3,17620.2,-78.06,1.683
R3687,rock,0,48617.8,63104.2,16478.7,-212.66,2.431
R3688,rock,1,48982.8,62528.1,17025.4,-178.65,0.269
R3689,rock,1,54854.8,62802.3,18182.6,-95.46,1.343
R3690,rock,0,55808.2,63113.2,19971,-18.62,1.431
R3691,rock,2,56416.7,62991.9,19846.3,29.56,1.894
R3692,rock,0,57946.6,62680.7,17171.2,-214.39,1.517
R3693,rock,2,59109.7,62412.6,16026.3,-173.29,0.498
R3694,rock,2,60691.9,62682.4,14939.5,-220.74,1.428
R3695,rock,2,67024.5,62758.1,9842.2,62.01,0.284
R3696,rock,2,69717.5,62851.2,9928.4,-142.89,0.542
R3697,rock,2,-67764.8,63601.4,19212.6,-122.52,1.943
R3698,rock,2,-62337.3,63792.6,13829.1,-162.78,2.334
R3699,rock,1,-58002.2,63645.4,10480.7,-194.76,0.349
R3700,rock,2,-56831.5,63642.9,12721.9,-68.68,1.031
R3701,rock,1,-54130.9,63476.3,17436.1,-169.04,0.528
R3702,rock,1,-52756.5,63676.8,18914.5,43.53,1.173
R3703,rock,2,-50826.2,63259,18010.8,-269.13,2.243
R3704,rock,1,-38207.1,63496.8,13041.1,-175.83,2.387
R3705,rock,1,-36509.1,63665.1,12929,-18.19,2.22
R3706,rock,1,-33413.8,63249,13444.2,-194.1,3.072
R3707,rock,0,-32748.5,63433.8,14421.4,-259.25,3.196
R3708,rock,2,-30270.3,63802.8,16111.6,65.57,2.382
R3709,rock,1,-28989.3,63951.8,15796.3,-242.31,3.116
R3710,rock,2,-27543.9,63669.7,13203.1,-29.05,0.372
R3711,rock,2,-25991.4,63749,13854.5,57.49,2.703
R3712,rock,2,-20915.5,63750.2,12918.6,88.76,1.98
R3713,rock,1,-19455,63608.4,14121.1,24.6,2.089
R3714,rock,1,-11095.5,63774.6,15365.7,-166,0.638
R3715,rock,1,-10240.5,63486.8,14938.4,-16.43,3.027
R3716,rock,2,-8432.9,63983.4,14902.4,-235.27,0.41
R3717,rock,2,-7135.1,63323.9,18150.9,-112.94,1.501
R3718,rock,0,-4960.2,63693.6,21433.4,-192.18,2.97
R3719,rock,2,-3922.9,63905.7,20842.9,57.28,0.32
R3720,rock,2,-1829.6,63711.2,18093.4,76.92,1.438
R3721,rock,2,932.4,63780.9,17067.8,-78.19,2.231
R3722,rock,1,2268,63490.7,14010.3,-22.05,1.868
R3723,rock,1,7044.9,63349.5,12606.9,8.34,0.618
R3724,rock,1,10509.7,63243.1,11295.9,-160.94,0.271
R3725,rock,0,11824.1,63225.4,11228.2,6.33,1.845
R3726,rock,1,15296.1,63279.2,13120.7,75.49,0.289
R3727,rock,0,16101.1,63299.1,14150.9,-57.58,0.357
R3728,rock,2,29520.2,63511,14053.1,-133.14,2.174
R3729,rock,1,33485.3,63472.4,10990.9,-52.41,2.067
R3730,rock,1,34869.7,63960.7,11461.4,-184.22,1.537
R3731,rock,1,36535.6,63890,10852.9,-43.19,3.173
R3732,rock,2,37830.5,63982.8,12583.4,-7.15,1.384
R3733,rock,2,38202.5,63308.9,11524.5,-134.19,1.144
R3734,rock,0,39085.2,64053.1,14576.6,-95.07,2.428
R3735,rock,2,41090.2,63812.6,17769.4,-265.73,1.042
R3736,rock,0,41748.3,63756.5,18135.6,-158.76,0.268
R3737,rock,1,43804.7,63664.3,16121,27.45,0.392
R3738,rock,1,50909.5,63215.6,16738.3,-100.13,1.998
R3739,rock,2,54913.7,63485.9,20029.4,33.59,2.877
R3740,rock,0,-69256.2,64477.9,17244.8,-45.5,1.756
R3741,rock,2,-63605.3,64311,13771.5,-146.14,0.548
R3742,rock,2,-62561.2,64664.2,12493.4,-154.28,3.124
R3743,rock,0,-58283.3,64922.8,12386.6,60.96,2.676
R3744,rock,2,-56647,64399.5,13256.4,-84.36,2.378
R3745,rock,1,-54454.7,64948.6,17899.8,-107.77,3.133
R3746,rock,1,-48761,64452.3,18775.5,-48.82,0.292
R3747,rock,1,-44991.1,64770.1,13874.9,-235.12,0.643
R3748,rock,1,-41156.1,64666.8,14340.6,-161.81,2.249
R3749,rock,1,-39531,64630.4,15995.1,-147.73,1.852
R3750,rock,2,-38153.6,64471,15449.3,-107.19,2.442
R3751,rock,0,-36894,64215.1,14983,-137.56,3.088
R3752,rock,2,-36343.9,64277,15251.5,-26.35,1.985
R3753,rock,2,-35518.9,64299.1,15272.4,36.19,0.588
R3754,rock,0,-34437.1,64664.3,15073.7,-258.17,0.405
R3755,rock,1,-30134.7,64302.7,17645.2,-171.95,3.138
R3756,rock,2,-28434.9,64941.6,17755.3,41.72,1.031
R3757,rock,1,-26284.5,64917.3,13633.8,-113.88,2.267
R3758,rock,0,-20137.3,64727.8,15219.2,-122.55,2.941
R3759,rock,1,-18286.7,64202.9,15550.6,-229.36,0.358
R3760,rock,2,-15310.5,64371.7,17806.6,39.36,1.665
R3761,rock,0,-14884.5,64534,18628.5,-212.61,1.008
R3762,rock,2,-11462.6,64516.5,16009.5,-259.16,2.992
R3763,rock,0,-9914.8,64500.7,14969.9,-85.16,2.191
R3764,rock,2,-8630.5,64414,14842.4,-1.62,2.788
R3765,rock,2,-7718.5,64440.3,16666,-62.53,1.749
R3766,rock,1,-6525.9,64324.1,20408.8,-149.88,0.611
R3767,rock,0,-2457.7,64775.4,19782.8,-218.44,3.142
R3768,rock,2,987.9,64205.1,17865.7,-182.57,2.543
R3769,rock,2,2560.7,64439,14147.3,-206.45,0.521
R3770,rock,0,5397.4,64308.5,12928.6,-130.54,0.494
R3771,rock,2,7849,64313.9,13202,-128.35,0.552
R3772,rock,0,15028.7,64856,14689.3,-199.52,1.709
R3773,rock,1,15815.9,64299.8,14770.4,-227.15,0.635
R3774,rock,2,18001.8,64800.7,13999.1,-121.08,2.449
R3775,rock,1,18653.3,64897.3,14186,-7.45,2.133
R3776,rock,1,23089.3,64242.6,5155.6,-7.27,1.01
R3777,rock,1,26439.6,64999.3,4054.5,62.39,2.491
R3778,rock,0,27882.4,64967.9,14055.9,65.46,2.677
R3779,rock,2,30088.5,64301.3,15084.1,-107.3,2.45
R3780,rock,0,33227.7,64981.3,14521.3,87.41,2.02
R3781,rock,0,34641,64849.7,13370,-47.35,1.587
R3782,rock,1,38061.4,64859.7,16483.4,-82.93,3.136
R3783,rock,2,39342.5,64243.9,15680.9,46.21,1.181
R3784,rock,1,41671.3,64221.5,18055.1,-123.31,2.689
R3785,rock,2,46085.8,64189.1,15569.2,19.31,0.406
R3786,rock,2,46723.1,64795.7,16109.3,82.56,1.118
R3787,rock,0,47007.6,64398.3,15882,52.66,2.53
R3788,rock,0,48633.1,64397.2,17840.5,-70.63,3.14
R3789,rock,2,54553,64129.4,21654.5,-215.57,2.722
R3790,rock,2,57466.6,64806.1,18889.4,-122.97,1.023
R3791,rock,2,63838.4,64194.1,13534.2,-204.25,1.379
R3792,rock,1,64691.7,64457.7,13531.7,-215.23,2.919
R3793,rock,2,67029.9,64960.1,12211.1,37.61,0.521
R3794,rock,0,-69633.9,65156.2,17647,89.05,0.574
R3795,rock,1,-68623.5,65319.8,19142.1,-247.69,0.447
R3796,rock,0,-63289.9,65108.8,12729.1,-47.79,2.228
R3797,rock,1,-61484.3,65146.9,12099.9,-224.09,0.473
R3798,rock,1,-55841.8,65254,14782.7,-144.33,2.848
R3799,rock,0,-46271.4,65814.8,14243.2,53.59,0.629
R3800,rock,1,-44432.4,65847.5,15110.8,-134.78,1.746
R3801,rock,1,-41292.9,65077.1,14940,-215.74,1.404
R3802,rock,0,-38316.1,65269.8,18108.3,-172.69,1.593
R3803,rock,1,-35731.5,65721.6,18885.2,-23.49,1.222
R3804,rock,0,-34856.2,65284.4,16672.8,68.92,2.62
R3805,rock,1,-31874.2,65327.2,20888.1,-133.16,1.483
R3806,rock,0,-30968.6,65888.9,21361.8,-240.42,0.652
R3807,rock,0,-29747.9,65201.2,20427.9,36.76,1.159
R3808,rock,1,-26790,65846.2,16447.1,48.7,3.102
R3809,rock,1,-23191.7,65005.1,14005.5,-263.54,2.78
R3810,rock,0,-21099,65210.9,13975.2,-133.18,0.482
R3811,rock,0,-19494.1,65119.2,16285.2,-96.56,3.084
R3812,rock,0,-15510.3,65138.1,17601,86.05,2.034
R3813,rock,2,-12181.6,65804.3,18811.3,-198.09,0.621
R3814,rock,2,-10984.6,65864.8,17651.6,-29.33,0.667
R3815,rock,2,-8478.5,65782.6,17567.4,-98.52,3.098
R3816,rock,1,-7782.8,65513.4,18232.4,-194.68,0.519
R3817,rock,1,-1603.1,65325.1,19218.2,-229.4,1.472
R3818,rock,0,360.6,65010.5,18171.5,-16.07,3.112
R3819,rock,2,4067.6,65173.6,14126.1,-84.38,0.442
R3820,rock,2,6417.2,65826.3,15474.6,-153.98,3.188
R3821,rock,1,7523.9,65781,14717.5,-168.23,3.185
R3822,rock,0,8954.9,65691.5,14833.1,-197.95,1.177
R3823,rock,0,10418.8,65094.5,14505.6,-117.83,2.52
R3824,rock,2,23128.4,65242.8,4329.8,-255.93,1.158
R3825,rock,1,26251.9,65135,2858.1,-62.08,3.17
R3826,rock,0,28434.2,65506.7,16067,-201.66,3.197
R3827,rock,1,30750.4,65036.6,14777.8,-154.47,1.687
R3828,rock,0,39756.4,65644.5,18527.8,-180.35,0.349
R3829,rock,0,43473.5,65792,17922.2,50.35,0.695
R3830,rock,1,44830.4,65728.7,16836.7,-32.37,0.62
R3831,rock,1,47237.5,65096.4,16785.7,-79.43,2.961
R3832,rock,1,50891.4,65893.8,21588.7,-65.69,1.708
R3833,rock,2,52804.7,65736.1,22711.7,32.64,2.419
R3834,rock,2,57009.1,65257.3,19628.4,-40.1,0.524
R3835,rock,2,60884.4,65324.7,16849.3,-164.92,2.587
R3836,rock,2,65488.3,65249.2,15358.3,-139.26,1.762
R3837,rock,1,-68208.4,66016,20515.2,-180.89,2.484
R3838,rock,1,-67175.9,66707.5,19966.6,-178.57,2.307
R3839,rock,1,-65778.1,66392.2,16066.6,-247.07,2.036
R3840,rock,1,-62177.7,66013.6,12348,-234.88,2.94
R3841,rock,1,-60032.7,66372.4,14220.3,-54.49,0.487
R3842,rock,2,-57355.8,66792.4,15800.8,-199.41,1.182
R3843,rock,2,-56359.2,66597.3,16825.5,-11.33,2.254
R3844,rock,1,-48592.3,66683.4,16312.8,-58.84,1.314
R3845,rock,0,-48306,66463.3,15951.7,-107.89,1.462
R3846,rock,1,-47157.9,66251.2,14821.6,38.23,0.674
R3847,rock,1,-45956.1,66207.6,14212.2,-91.86,0.471
R3848,rock,0,-40773.5,66234.9,17925.9,-86.44,1.337
R3849,rock,2,-40254.9,66598.9,18063.1,-118.23,1.837
R3850,rock,0,-38650.3,66097.9,19452.2,77.33,2.975
R3851,rock,1,-37922.4,65905,19090.3,-101.46,2.836
R3852,rock,2,-36415.6,66176.5,21554.6,66.69,1.739
R3853,rock,2,-32022.9,65968.4,21711.2,73.67,2.989
R3854,rock,0,-21293.8,65962.3,14712.6,39,0.539
R3855,rock,2,-20085.9,66370.5,15691,55.48,2.063
R3856,rock,1,-18916.5,66787.8,16772,-73.06,0.313
R3857,rock,0,-18036.8,66593.6,16946,58.64,2.467
R3858,rock,1,-6692.6,65975.9,21243.4,-170.26,0.563
R3859,rock,0,-2440.3,66742.7,20449.7,6.14,1.449
R3860,rock,0,-1395,66186,18961.4,-182.37,0.477
R3861,rock,0,-82.2,66586.6,19030.6,65.16,0.466
R3862,rock,1,5697.6,66265.2,16184.9,-32.68,0.571
R3863,rock,1,7481.8,66103.6,15562.9,-149.91,2.322
R3864,rock,0,11341.2,66214.8,14664,-236.52,0.615
R3865,rock,1,22640,66453.7,9091.2,16.59,2.823
R3866,rock,0,22931.6,66673,7079.8,-192.89,2.53
R3867,rock,0,27277.7,65957.2,9076.2,-48.56,2.831
R3868,rock,1,29189.9,66672.8,16803.4,-47.19,2.587
R3869,rock,0,32038.3,66740.1,16369.4,-180.99,0.431
R3870,rock,0,34614,66561.9,17589,-101.59,2.973
R3871,rock,0,36026,66099.7,18445.9,-128.71,2.51
R3872,rock,1,37047.1,66706.4,20985.3,-182.16,0.314
R3873,rock,0,41673.1,65959.3,17793.7,-115.23,0.626
R3874,rock,0,42801.6,66470.7,18460,72.85,0.304
R3875,rock,1,44901.9,66122.4,16850,-33.99,1.64
R3876,rock,1,48610.3,66174.8,18330.6,-53.83,0.336
R3877,rock,2,49438.4,66410.1,19881.9,-100.62,1.615
R3878,rock,1,53363.6,66533.7,24036.3,-111.11,1.209
R3879,rock,2,56237.7,66077.1,20300.5,-139.64,2.964
R3880,rock,2,61153.3,66139.7,17670.3,-68.59,0.489
R3881,rock,0,63984.3,66768.2,15594.2,-267.3,2.221
R3882,rock,0,-67773.3,67501.8,21785.8,37.58,2.07
R3883,rock,1,-65791,67090.5,16575.4,-171.82,2.508
R3884,rock,1,-64784.9,66876.5,14909.2,-200.81,2.003
R3885,rock,0,-64032.6,67546.2,15935,3.61,1.973
R3886,rock,0,-62208,67091,14978.4,-5.1,1.191
R3887,rock,1,-60908.9,67011.9,14379.3,-267.9,0.32
R3888,rock,0,-58637.8,67241.9,15752.1,-112.37,2.207
R3889,rock,2,-56965.9,67278.3,17168.7,30.13,0.488
R3890,rock,1,-54106.7,67058.1,20860.2,-57.03,2.631
R3891,rock,1,-48334,67359.3,16718.1,-174.04,2.35
R3892,rock,1,-46159.5,67600.1,17361.1,24.89,1.858
R3893,rock,0,-45222.4,66952,16382.3,5.42,0.622
R3894,rock,2,-36826.8,67364.3,23172.3,-18.31,0.3
R3895,rock,1,-36133.4,67014.9,23272,-170.99,2.433
R3896,rock,0,-32467.5,67058.3,23252.2,-109.16,0.649
R3897,rock,2,-29355.5,67650.9,22040.2,-94.31,0.586
R3898,rock,1,-26206.6,67650.9,18745.9,-86.25,1.19
R3899,rock,0,-24104.1,67484.5,17057.5,-239.74,1.29
R3900,rock,1,-22092.6,67328.1,15761.5,81.92,0.369
R3901,rock,0,-17826.5,67040.2,16863.4,27.9,2.151
R3902,rock,0,-15606.4,67569.9,18803.1,42.94,2.015
R3903,rock,1,-13084.3,67280,19290.2,-205.31,2.16
R3904,rock,0,-11477.1,67511.4,19942.5,-99.26,2.079
R3905,rock,0,-9645.9,66982.7,18596.8,-172.77,2.827
R3906,rock,1,-4562.6,67619,20895.3,-26.62,1.501
R3907,rock,2,3098.5,67045.9,15913.6,29.44,2.948
R3908,rock,1,9983,66806.3,16800.5,-175.46,2.469
R3909,rock,0,14868.4,67045.8,15189.2,20.71,0.414
R3910,rock,0,19970.9,67447.7,15207.3,68.36,1.27
R3911,rock,0,21453.7,67626.5,17405.6,-187.14,0.548
R3912,rock,1,26667.6,67243.1,4242.9,29.33,2.211
R3913,rock,0,30203.1,67014.4,15276.3,38.02,1.925
R3914,rock,2,31133.9,67541.8,15927.3,-144.65,0.362
R3915,rock,2,35004.5,67060.8,20329.7,-266.88,1.194
R3916,rock,1,39183.8,67266.4,19412.9,22.65,2.889
R3917,rock,0,41099,67009.2,17861.9,6.05,0.267
R3918,rock,1,44708.3,67111.4,17880.5,-60.44,1.482
R3919,rock,0,50695.1,67170.5,22063.8,25.79,0.668
R3920,rock,0,54493.8,67203.3,24020.5,-157.46,1.358
R3921,rock,1,55682,67038.5,21080.5,26.16,1.584
R3922,rock,0,56022.6,67168.6,20733.9,-145.79,3.055
R3923,rock,0,59488,66930.2,17336,-195.16,1.118
R3924,rock,2,63021.2,67244.1,15568.4,-167.27,3.076
R3925,rock,1,-68438,67930.2,21658.8,-160.13,1.12
R3926,rock,1,-66773,67719.9,20008.3,58.62,1.337
R3927,rock,2,-63464.6,67893.5,16476.6,-14.36,2.543
R3928,rock,2,-60990.6,68503.1,15276.2,-197.9,0.68
R3929,rock,2,-52681.6,68375,18827.6,37,0.447
R3930,rock,0,-51404.7,68412.9,19516.2,62.05,2.583
R3931,rock,2,-48533,68472.1,18748.6,-130.22,1.769
R3932,rock,2,-48001.2,67772.5,16350.1,43.32,2.948
R3933,rock,0,-46464.1,68293.8,19199.5,-181.58,1.05
R3934,rock,2,-44547.2,68070.6,16123.8,79.18,0.303
R3935,rock,2,-41493.1,67971.6,18210.3,52.23,2.018
R3936,rock,0,-40058.8,67843.4,18792.8,-94.26,1.895
R3937,rock,1,-34854.3,68550.5,20684.6,68.54,0.437
R3938,rock,1,-33057.7,68268,21626.8,-131.29,3.043
R3939,rock,1,-30289,68028.6,23107.3,-203.96,0.585
R3940,rock,2,-29437.6,68075.7,22668.9,-87.75,2.098
R3941,rock,0,-25621.6,67889,18428.4,-138.25,3.132
R3942,rock,1,-24971.5,68595.4,19263,-223.91,2.415
R3943,rock,1,-23631.9,68361.5,17642.4,-38.81,0.635
R3944,rock,0,-21850.9,68510.4,16786.9,-200.88,2.599
R3945,rock,0,-11310.9,68543.6,20017.3,-188.3,1.462
R3946,rock,2,-9078.3,68535.5,22511.9,-66.15,0.449
R3947,rock,2,-8532.9,68205.3,20946.3,-252.84,1.429
R3948,rock,0,-6174.1,68078.7,21410.4,-258.24,0.5
R3949,rock,2,-1014.9,68102.6,17831.4,-50.28,0.599
R3950,rock,0,4663.5,68136.2,16539.9,-22.93,0.319
R3951,rock,1,7646.3,67932.4,15509,-96.41,0.637
R3952,rock,1,12939.3,68267.6,14503.2,24.64,0.378
R3953,rock,1,17076.3,67955.7,17628.8,78.6,0.265
R3954,rock,0,18814.7,68465.3,16542.8,38.17,2.77
R3955,rock,1,19249.2,68360.8,16268.4,-178.33,0.411
R3956,rock,1,26384.7,68297.9,2665.1,-2.39,2.528
R3957,rock,0,27461.3,68515.4,11801.1,72.34,1.21
R3958,rock,1,31435.9,68006.9,16974.8,-228.83,1.679
R3959,rock,2,36154.9,68557.7,25895.6,-86.53,2.684
R3960,rock,0,36854.4,68443.6,26510.2,-183.68,0.357
R3961,rock,0,38155.8,68120.7,22307,83.12,2.226
R3962,rock,1,43879.3,68089.7,17555.8,-204.8,3.07
R3963,rock,1,44710.2,68511.7,18289.8,-34.93,0.383
R3964,rock,2,53958.5,67895.3,23588.6,-81.26,0.342
R3965,rock,0,57418.9,68375.7,20453.6,-168.54,1.703
R3966,rock,2,62269,68322.9,16504.7,-77.47,2.52
R3967,rock,2,69008.4,68297.1,16790.4,32.39,2.592
R3968,rock,2,-69478.2,69218.6,22480.8,-95.59,1.157
R3969,rock,0,-68740.1,69026.7,22127.3,80.71,2.855
R3970,rock,0,-64234.9,68761.3,17618.2,-32.91,1.14
R3971,rock,0,-61206.9,68850.3,15404.4,-244.11,1.295
R3972,rock,2,-60642.3,68795.5,14925,-127.56,1.613
R3973,rock,0,-60093.8,69231.9,14996.1,76.26,0.276
R3974,rock,2,-56394.3,68613.1,18495.9,-77.4,0.421
R3975,rock,0,-54606.3,68926.3,18824.6,-119.21,0.58
R3976,rock,0,-53609.5,68879.1,19377.9,-53.69,2.882
R3977,rock,2,-43154.9,68850.7,16658.3,-50.46,2.355
R3978,rock,0,-41408.9,69384.8,18320.2,-168.75,1.072
R3979,rock,2,-31463.1,69135.1,21820.5,-82.73,2.685
R3980,rock,0,-30878,69305.5,21790.7,-173.81,1.047
R3981,rock,2,-30149.6,68845.4,22675.3,-122.1,2.451
R3982,rock,2,-26324,69405.9,22143.1,-159.17,0.367
R3983,rock,1,-25580.9,69129,21152.7,-83.99,2.656
R3984,rock,2,-18277,69072.4,17629.6,-79.29,2.638
R3985,rock,1,-16190.4,69064.8,17897.5,-107.29,2.219
R3986,rock,0,-13976,69068.7,18483.7,-226.65,1.858
R3987,rock,1,-13219.7,68707.9,18713.7,-143.67,0.315
R3988,rock,1,-8873.9,69369.6,21452.4,58.74,1.275
R3989,rock,1,-4122.3,69387.6,20355.8,-223.63,1.963
R3990,rock,1,-1980.5,68940.7,21048.8,-235.05,0.379
R3991,rock,0,-1493.9,68981.9,20389.8,-172.23,1.859
R3992,rock,0,1873.5,69228.1,18277.2,-85.3,3.185
R3993,rock,2,7072.5,69257,14916.1,-89.7,0.533
R3994,rock,2,8264.2,68910.9,13900.3,-155.24,1.176
R3995,rock,1,11919.5,68826.5,13597.5,84.97,0.385
R3996,rock,2,12949.8,69419.2,14615.6,-44.56,1.981
R3997,rock,0,16233,69421.2,15449.1,-230.23,1.571
R3998,rock,1,16871.8,68865.7,16668.2,56,2.498
R3999,rock,1,18544.5,69180.3,19498.2,76.29,2.887
R4000,rock,1,19173.1,69080.6,18448.4,-74.37,2.706
R4001,rock,2,20930.4,68636.7,18451.1,-217.16,1.834
R4002,rock,1,23550.2,69430.6,3439.9,-9.1,2.61
R4003,rock,2,29223.5,68940.6,17503.9,-251.89,1.435
R4004,rock,2,30030.9,69043.2,16839.6,-267.01,3.022
R4005,rock,2,32360,68790.7,18753.7,-166.61,2.495
R4006,rock,1,33465.2,69203.5,21702.7,51.69,2.238
R4007,rock,2,34196.1,69072.6,22157.5,56.59,0.657
R4008,rock,2,34841.8,68816.2,23534.5,-139.94,2.897
R4009,rock,0,36434.1,68672.9,26735.1,-146.9,1.24
R4010,rock,0,37665,68795,23836.2,76.07,0.411
R4011,rock,0,39219.6,69208.3,21003.1,36.95,0.289
R4012,rock,2,46795.1,68768,18617.5,-14.08,1.772
R4013,rock,0,47398.4,69310.5,19079.1,-13.29,1.121
R4014,rock,2,50751.4,69465.3,22260.9,-134.44,0.4
R4015,rock,1,54056.7,68769.8,21149.2,-160.59,3.124
R4016,rock,1,55408.6,69487.4,19699.8,-64.43,0.642
R4017,rock,0,56439.6,69209.9,22980.4,-30.38,1.958
R4018,rock,1,60445,69094.5,18489.7,49.59,1.96
R4019,rock,0,61989.8,68662,17506.5,-90.61,1.089
R4020,rock,2,66743.7,68988.9,16334.4,-164.29,1.643
R4021,rock,2,67923.3,69307.5,17939.9,5.68,2.701
R4022,rock,2,-69789.1,69902.8,21772.2,-252.21,2.4
R4023,rock,2,-64518.8,69668.9,18806.4,-88.65,1.525
R4024,rock,2,-55564.8,70181.7,20230.6,-84.08,3.12
R4025,rock,1,-53884.3,69823.9,20421.7,-12.86,0.257
R4026,rock,0,-53584.6,69519.2,19960.5,42.51,0.397
R4027,rock,2,-48484.4,69789.6,20967.8,-116.1,0.421
R4028,rock,2,-48079.3,70054.8,22192.5,53.73,0.666
R4029,rock,0,-47266.1,70239.6,22032.9,-42.4,2.484
R4030,rock,0,-44953.3,69790.2,17389.1,-210.34,1.712
R4031,rock,0,-42475.5,69918.1,17555.7,-108.08,0.687
R4032,rock,0,-38937.6,69660.4,18524.4,-80.9,0.345
R4033,rock,1,-38250.6,70292.7,18507.1,78.74,0.665
R4034,rock,2,-36283.1,69524.8,19683,-264.56,2.82
R4035,rock,1,-28992,69622.2,23060.1,29.97,0.578
R4036,rock,0,-26074.1,70087.8,22096.1,-85.95,1.351
R4037,rock,1,-19375.4,70098.1,17357.4,-188.19,2.881
R4038,rock,0,-18185.1,69703.4,19287.6,-204.07,1.89
R4039,rock,1,-12730.9,69716.2,19128.4,-138.99,0.372
R4040,rock,1,-9828.3,69665.7,22094.9,-71.91,1.084
R4041,rock,1,-6155.8,70353,21322.1,-92.46,0.342
R4042,rock,0,-4313.7,69708.1,20595,-245.55,1.286
R4043,rock,0,-1892.6,69753.5,20350.5,-124.56,1.53
R4044,rock,1,84.4,69780.8,19214.6,70.66,1.337
R4045,rock,1,7524.1,70023.2,13565.2,42.41,2.834
R4046,rock,0,9057.6,70133.8,12975.7,-124.51,0.442
R4047,rock,0,15433.3,70079.6,16150.1,-206.67,3.091
R4048,rock,0,19764.1,69930,20996.2,-213.33,0.395
R4049,rock,2,26626.7,70288.2,4223.6,-147.44,2.879
R4050,rock,0,27256.7,69599.3,10132.8,-222.51,1.71
R4051,rock,1,28147,69770,16395.3,-55.7,1.713
R4052,rock,0,30786.2,69565.1,17760.2,-172.16,0.479
R4053,rock,1,31458.5,69948.2,19571.8,34.24,1.404
R4054,rock,0,32433.9,69544.3,20729.9,-39.34,3.164
R4055,rock,1,34807.3,70275.3,24298.5,-72.8,1.039
R4056,rock,0,39303.5,69997.5,21486,39.33,2.974
R4057,rock,1,39882.2,69922.2,20790.1,-127.28,1.529
R4058,rock,2,41241.9,70239.3,19256.1,68.27,1.351
R4059,rock,2,43815.4,69890.4,18815.9,-187.36,1.279
R4060,rock,1,46305.4,69996.1,21741.7,-37.95,0.43
R4061,rock,2,48051.5,69658.9,17750.3,-258.64,0.491
R4062,rock,1,55850.4,69640.5,20042.1,-108.55,3.15
R4063,rock,1,56954.3,70381.7,21947.8,-126.2,1.728
R4064,rock,0,59753.6,69607.6,20126.4,-94.78,2.701
R4065,rock,2,60612.1,70284.1,20790.3,-263.84,1.341
R4066,rock,1,61787.8,70201.8,20677.5,-169.57,1.847
R4067,rock,2,62421.7,69784.2,18493.8,-128.92,0.558
R4068,rock,0,64076,69998.9,16132.2,-202.66,1.066
R4069,rock,1,65631,69885.2,15773.2,89.77,1.858
R4070,rock,0,67227.7,70022.5,17597.1,35.92,2.25
R4071,spot,pass_east,1400,0,2955.5,180,1
R4072,spot,pass_west,-1400,0,3047.5,0,1
R4073,spot,camp_gate_n,-42000,-5900,1954.6,90,1
R4074,spot,commandTent,-42000,3550,1954.8,-90,1
R4075,spot,coalition_command,47000,5050,2093.8,-90,1
R4076,spot,coalition_centre,47000,0,2088.2,90,1
R4077,spot,trainingGround,-44000,1400,1964.5,90,1
R4078,spot,campFire,-39800,1450,1953.3,90,1
R4079,spot,dongCamp_command,-42000,3550,1954.8,-90,1
R4080,spot,dongCamp_centre,-42000,0,1936.6,90,1