Name,Species,X,Y,Z,Yaw,Scale
R0,elm,18540,-35091.6,4806.3,-28.02,1.1
R1,pine,14648.6,-33920.9,8117,-33.65,0.807
R2,pine,18300.1,-33583.5,4512.6,-229.4,0.902
R3,elm,16642.6,-32978.8,5831.3,-151.27,1.154
R4,elm,19213.9,-32899.5,4695.3,-100.71,0.978
R5,elm,19918.4,-32981.9,4649.1,-200.62,0.911
R6,pine,17673.7,-32090.2,5025.1,78.75,0.869
R7,elm,19474.8,-32365.4,4438.5,38.26,1.138
R8,elm,21423.2,-31963.6,3994.6,-267.07,1.116
R9,pine,22290.1,-32178,3146.6,17.18,1.08
R10,elm,24908,-32327.8,2847.9,-65.67,1.121
R11,elm,27377.1,-32188,4011.1,-55.1,1.148
R12,elm,29720,-31991.4,4526.9,-108.24,0.847
R13,elm,10784.7,-31550.3,11265.6,-150.17,1.158
R14,pine,18347.1,-31663.8,5166.5,39.81,1.166
R15,pine,18838.7,-31428.2,4890.3,-224.75,1.145
R16,pine,20395.5,-31712.2,4197,-63.79,0.923
R17,pine,22010.5,-31645.2,3454.1,-108.39,0.918
R18,elm,22746,-31558.4,2886.9,23.79,1.126
R19,pine,28062.7,-31329.5,4298.3,-61.28,1.102
R20,elm,32012.4,-31481.5,5658.2,87.69,0.831
R21,elm,14721.3,-30526,6640.6,-213.1,1.17
R22,pine,16955.4,-30713.1,6500.6,58.08,0.845
R23,pine,18186.3,-30987.5,5551.8,46.85,0.903
R24,elm,19817.8,-30969.5,4154.5,41.68,0.989
R25,pine,20736.1,-30566.3,3945,-241.29,0.849
R26,pine,21249.7,-30605.7,3793.3,-117.11,0.892
R27,elm,26590.2,-30793.8,3439.3,-263.63,0.843
R28,pine,28590.1,-30793.5,4242.9,-86.26,1.133
R29,pine,30481.6,-30818.6,4597.4,-40.92,0.916
R30,elm,14735.5,-29983,6272.6,-149.84,1.181
R31,pine,21203.6,-30242,3903.9,-24.91,1.168
R32,pine,25526.4,-29734.6,2932.1,-182.02,1.043
R33,pine,10482.6,-29546.3,9370.4,-176.77,0.985
R34,elm,12033.2,-29037.5,11082.5,76.01,0.924
R35,pine,15113.5,-29517.4,6066.1,-79.07,1.141
R36,pine,16545.1,-29413,5265.7,-204.1,0.818
R37,elm,18101.6,-29093.2,5434.6,-36.73,0.823
R38,pine,26243.9,-29309.6,3237,47.96,0.97
R39,elm,31663.9,-29057.2,4789.4,-82.43,1.099
R40,pine,34130.1,-29399.7,5557.4,-202.4,1.145
R41,elm,12920.9,-28607.6,8070,-73.87,0.976
R42,elm,15214,-28797.7,6230,41.47,0.906
R43,elm,15872.9,-28377.6,6276.1,27.23,1.01
R44,pine,16875.8,-28643,5434.6,-252.09,0.954
R45,pine,18505.3,-28383.6,5486.5,-69.9,0.862
R46,elm,18732.7,-28329.2,5410.9,23.85,1.112
R47,pine,19900.2,-28611.8,5261.2,-85.1,1.135
R48,elm,20750.8,-28371.9,4739.9,-110.47,0.93
R49,pine,22174,-28629.1,3223.3,-257.08,0.889
R50,pine,29783.2,-28517.4,4168.6,71.15,0.83
R51,pine,32708.4,-28711.2,5426.3,-185.85,1.042
R52,pine,13026,-27458,8885,-169.09,1.03
R53,elm,14273.1,-27583.3,7022.1,-63.51,1.063
R54,elm,15161.1,-27585.9,6179.9,-61.31,0.931
R55,elm,16817.3,-27497.7,5255.8,77.39,1.11
R56,elm,17346.4,-27888.2,5913.1,-34.15,0.808
R57,pine,18215.7,-27954.9,5173.5,33.1,1.199
R58,elm,19155.4,-27932.3,5237.9,-238.04,0.943
R59,pine,19497.7,-27729.6,5378.2,-123.16,1.116
R60,pine,22186.2,-27854.4,3232.8,-219.13,0.893
R61,pine,22577.2,-27853.8,2991.5,-268.42,1.095
R62,elm,25461.3,-27454.2,2968.9,59.58,1.06
R63,pine,26784.1,-27874.5,3618.9,-256.53,1.031
R64,elm,28285.4,-27889.2,3837.8,-153.13,1.175
R65,elm,29236.2,-27852.6,3920.7,-46.69,1.025
R66,pine,30724.8,-27875.8,4169.9,13.64,1.079
R67,pine,14544.1,-26768.4,7924.5,-109.3,0.893
R68,elm,17369.3,-27152.6,5479.4,62.85,1.016
R69,pine,21547.3,-26899.1,3460.3,-168.86,1.023
R70,elm,22084.4,-27194.3,3199.3,-85.13,1.113
R71,pine,22467.2,-27233.6,3074.8,6.39,0.933
R72,pine,25760.4,-27071,3032.5,-170.88,1.081
R73,elm,27056.1,-26949,3754.2,-251.63,1.185
R74,pine,28831.7,-26758.2,3870.9,-244.88,1.171
R75,elm,29598.8,-27100.4,3885.2,-158.32,0.818
R76,elm,34731.6,-26833.8,4924,76.77,0.971
R77,elm,12378.6,-25954.2,7740.6,-38.73,1.192
R78,pine,15071.1,-26247.6,8166.4,17.68,0.991
R79,elm,16954.7,-26189.1,5780.6,76,0.993
R80,elm,19780.1,-26201.2,4227.8,-16.59,0.976
R81,pine,21083.4,-26464.5,3984.7,-179.18,1.178
R82,pine,22278.2,-26320.8,3094,-190.84,0.847
R83,elm,22600.7,-26342.6,2941.8,-55.13,1.081
R84,pine,26289.4,-26194.6,3194.4,22.04,1.017
R85,elm,26958.1,-26250.6,3619.4,-33.22,0.873
R86,elm,28745.9,-26488.8,3911.9,55.71,0.835
R87,elm,30360,-26218,4139.6,-221.09,1.18
R88,pine,7579.8,-25547,10999.3,-76.74,1.085
R89,elm,11989.3,-25735.4,7344.9,-177.66,0.819
R90,pine,16574.5,-25359.8,6274.7,-196.31,1.171
R91,pine,17296.3,-25475.3,6307.9,56.05,1.006
R92,pine,19830.4,-25686.1,4243.2,-135.36,1.134
R93,elm,20300.7,-25470.2,4108.2,-183.35,1.001
R94,pine,21463.6,-25779.5,3814.1,88.89,1.186
R95,elm,23030.3,-25534.9,2879.2,-181.45,1.024
R96,pine,25203.4,-25648.5,2868.5,8.09,0.858
R97,elm,25813.9,-25792.2,3042.5,-114.98,1.098
R98,pine,26679.7,-25306.7,3191,-204.05,0.979
R99,pine,30441.9,-25359,3968.2,-57.89,1.164
R100,pine,30971.5,-25756.2,3952.1,-159.51,1.179
R101,pine,9067.7,-24638.6,8812.1,5.82,0.863
R102,elm,10710,-24543,8534.3,12.92,1.163
R103,pine,11560.5,-24882.2,7230.7,20.19,1.095
R104,elm,12059.9,-24871.2,6928.2,-77.68,0.846
R105,pine,14015.1,-24687.9,6348.6,2.86,0.901
R106,pine,14548.3,-25022.8,6045.9,72.05,1.185
R107,pine,16094.2,-24757.4,6260.1,35.52,1.078
R108,pine,17026.5,-24827.8,5909.4,-109.94,1.139
R109,elm,19049.5,-24834.4,5215.3,-166.65,1.174
R110,pine,19781.5,-24797.2,4467.5,-211.02,1.176
R111,pine,20960.4,-24839.7,3839.1,-5.09,1.091
R112,pine,22015.6,-24915.8,3353.6,-95.01,0.833
R113,pine,26268.4,-25014.1,3068.6,74.02,1.122
R114,pine,27501.9,-25009.2,3379.9,-89.5,1.158
R115,elm,29771.4,-24703.3,3911.8,-260.23,1.145
R116,pine,30923.5,-24562.2,3728.4,80.97,0.991
R117,pine,10029.4,-24079.5,7725,-216.51,0.898
R118,pine,12124.9,-24276.8,7362.2,-216.7,0.874
R119,elm,14037,-23920.8,6186.7,-53.02,0.998
R120,pine,14368.4,-23999.3,6024.5,-230.15,0.929
R121,elm,18261.7,-23909,5569.3,-86.82,1.081
R122,elm,18944.7,-23786.2,4890.4,-115.2,1.051
R123,pine,22515.5,-24029.9,3019.1,-119.8,0.989
R124,elm,26021,-23719.9,2983.6,-177.04,1.19
R125,elm,26233.4,-23999.3,3050.9,-98.84,1.116
R126,elm,27911.5,-23783.5,3279.5,-146.49,0.866
R127,pine,28457.7,-23980.2,3369.7,-241.05,0.952
R128,elm,29553.3,-24095.3,3667,-230.55,1.111
R129,pine,30218.5,-23924.7,3545,16.79,0.999
R130,elm,32362.8,-23719.5,3721.2,-138.19,1.069
R131,elm,11516.5,-23187.5,8033.4,1.14,0.915
R132,elm,14523.8,-23113.5,5929.4,-183.55,0.849
R133,pine,17729.7,-23308.9,5300.6,-33.66,1.081
R134,elm,18454,-22962.4,5354.2,10.45,1.084
R135,elm,18714.9,-23132.3,5048,-111.65,1.07
R136,elm,19560.4,-23095.7,4764.8,-162.33,1.149
R137,elm,20962.7,-23547.1,3896.1,2.61,0.984
R138,elm,21844.6,-23063.3,3387.9,-80.64,0.917
R139,elm,25907.3,-23254.8,2951.9,-129.42,1.122
R140,elm,26204.3,-23298,3036.3,-114.91,0.974
R141,elm,28252.4,-23456.6,3350.4,59.47,0.809
R142,pine,30302.5,-23478.7,3469.5,-207.33,1.193
R143,elm,34224.8,-23363,3475.6,-185.79,0.961
R144,elm,7518.2,-22659.1,8921.9,-146.32,1.061
R145,elm,11751.8,-22577.7,8339.1,9.89,0.999
R146,pine,12861.5,-22235.7,7931.6,-211.17,0.888
R147,pine,18255.2,-22518.4,5609.6,-70.98,1.076
R148,elm,19814.6,-22219,4232.4,-263.19,1.118
R149,pine,20273.3,-22610.1,4232.2,-101.29,0.809
R150,pine,21907.8,-22493.2,3398.4,-15.55,0.95
R151,elm,22960.7,-22445.6,2919.5,-123.81,1.055
R152,elm,23282,-22519.3,2864.4,-195.88,1.195
R153,pine,25979.7,-22698.4,2997,-167.98,1.195
R154,elm,26333.4,-22701.6,3066.8,-231.7,0.867
R155,pine,27174.4,-22457.7,3258.5,-86.18,0.808
R156,pine,27845.8,-22302.9,3466.6,-184.79,1.037
R157,pine,29024.7,-22427.3,3517.8,-86.33,0.886
R158,elm,29552,-22336.7,3510.7,-249.45,1.004
R159,elm,30164.4,-22238.4,3393.4,-135.56,1.029
R160,elm,30897.5,-22501.7,3367.3,-84.19,1.162
R161,pine,31884.9,-22339.7,3299.6,-86,1.159
R162,elm,32227.6,-22310.2,3304.4,-197.5,1.07
R163,pine,33713.7,-22322.7,3286.6,49.01,1.195
R164,elm,6769.2,-21547.6,8409.5,-57.15,0.968
R165,pine,12144.1,-21851.7,8482.4,51.92,0.849
R166,elm,13134.9,-21976.3,7813.9,-8.13,0.83
R167,elm,15310.6,-21621.8,6225.8,81.31,1.163
R168,pine,16505.6,-21513.8,6160.4,-174.32,1.087
R169,elm,18973.2,-21815.3,4956.9,-98.85,0.92
R170,pine,20021.6,-21895.6,4178.7,8.47,0.917
R171,elm,20340.9,-21662.8,4050.9,-21.51,0.951
R172,elm,21371.5,-21590.9,3812.6,-220.73,1.017
R173,pine,22107.3,-21662.4,3326.8,-41.29,0.875
R174,pine,22564.1,-21902.1,3074.8,-219.67,1.125
R175,pine,23251.1,-21952.1,2895.7,-172.68,0.932
R176,pine,25716.9,-21826,2934.1,-91.56,1.05
R177,elm,28142.3,-21702,3443.6,-69.4,1.167
R178,pine,28916.8,-21972.6,3438.6,76.75,1.145
R179,pine,29563.4,-21978.1,3409.7,22,1.028
R180,pine,30728.9,-21833.5,3237.8,-79.59,1.087
R181,pine,35355.8,-21698.3,3216.6,3.69,0.856
R182,pine,8443.3,-20963.8,8204.9,-54.9,1.125
R183,elm,10029.4,-20743.9,9338.2,-248.38,1.052
R184,elm,13876.6,-20842.6,6499.9,42.34,0.9
R185,pine,14638.5,-21127.5,6792.5,77.68,1.061
R186,elm,16537.8,-21170.9,5930.6,-190.99,1.086
R187,pine,18734.1,-21276.6,4705.3,-58.07,0.838
R188,pine,19467.5,-20847.7,4145.5,21.1,0.892
R189,elm,22291.2,-20991,3259.9,-254.76,0.992
R190,elm,22861.8,-20905,2984.5,-179.99,1.046
R191,elm,23441.7,-21221.4,2845.9,-40.94,1.187
R192,pine,25912.2,-21296.9,2921.8,-166.41,0.932
R193,pine,28148.8,-20935.4,3161.7,-259.43,0.861
R194,elm,29557.5,-20871.4,3126.3,7.48,0.822
R195,elm,30100.6,-21213.9,3165.6,-177.07,1.072
R196,pine,30945.4,-21081.4,3086.1,-0.17,0.855
R197,pine,31887.8,-20950.4,3117.7,-1.47,0.997
R198,pine,32318.8,-21026.6,3076,-174.09,1.101
R199,elm,35763.7,-21139.2,3297.9,-132.51,0.921
R200,elm,7914.7,-20097.3,8632.6,2.73,1.012
R201,elm,8734.8,-20003.2,8743.6,-127.5,0.96
R202,pine,16867.7,-20267.6,4987.7,-265.8,0.887
R203,pine,17526.6,-20121.7,4641.2,39.53,1.065
R204,pine,18483.3,-20229.8,4449.2,-143.91,0.864
R205,elm,19171.2,-20274.2,4183.6,7.11,0.825
R206,pine,20213.8,-20453.3,3925.1,-47.21,1.009
R207,pine,22092.3,-20280,3410.6,-86.6,1.07
R208,pine,23276.1,-20503.1,2907.6,16.73,1.028
R209,elm,26499.2,-20111.1,3041.8,-163.8,1.097
R210,pine,27269.8,-20230,3089.6,31.33,0.874
R211,elm,28155.5,-20073.6,2942.4,17.21,0.853
R212,elm,28769.7,-20052.8,2980.2,37.06,0.926
R213,elm,29291.9,-19961.5,2955.2,-212.79,1.009
R214,elm,33812.5,-20129.5,3097.4,89.82,1.015
R215,elm,8241.3,-19739.5,8857.6,45.36,0.925
R216,elm,8962.5,-19553.9,9323.5,73.52,0.982
R217,pine,12881.7,-19456.8,5965.6,-159.45,1.195
R218,pine,15420.4,-19506.5,5162.5,-209.69,0.866
R219,pine,16182.8,-19318.2,4544.4,29.87,0.883
R220,pine,17655.9,-19404.2,4351.2,-201.52,1.189
R221,pine,20458.9,-19690.4,3703.7,7.68,1.006
R222,elm,26260.4,-19773.5,2956.8,78.83,0.801
R223,pine,9799.1,-18772.3,7111.4,-37.93,0.962
R224,pine,11309.7,-19037.3,6400.6,-228.5,0.965
R225,pine,12192.4,-18868.1,5972,-140.96,0.922
R226,elm,13681.9,-18915.7,5490.2,-167.04,0.849
R227,elm,16766.2,-18520,4161.7,-126.6,1.125
R228,elm,17299.7,-18906.4,4269.6,-162.39,1.033
R229,pine,18321.6,-18487.9,4107.9,-126.55,0.843
R230,pine,20715,-18683.7,3416.2,35.6,1.15
R231,elm,21246.3,-18581.1,3367,-38.64,1.034
R232,pine,23281.9,-18887,2911.3,4.33,1.198
R233,pine,25910.7,-18966.4,2896.2,-104.35,0.914
R234,elm,26493.2,-18923.3,2968.4,-267.81,0.838
R235,pine,30342,-18488.3,2762.7,26.23,1.033
R236,pine,5986.2,-17903.8,7939.9,-158.57,1.082
R237,elm,7858.4,-17861,8238.6,-50.29,1.173
R238,pine,11378.7,-17895.5,5974.9,-259.73,1.134
R239,pine,13012.2,-17898.4,4882.4,-119.53,1.143
R240,pine,14239.1,-18161.6,4782.5,31.04,1.123
R241,pine,16705.1,-18154,4157.4,13.2,0.879
R242,pine,17355.6,-18015.9,4096.1,-69.68,0.944
R243,pine,19525.1,-17774.8,3516.5,12.21,0.94
R244,pine,22757.6,-18257.6,3096.2,-182.09,0.889
R245,elm,23238.6,-17787.5,2914.5,-119.58,1.146
R246,pine,26486,-17994.3,2921.9,-41.16,0.816
R247,pine,27547.4,-17713.2,2897.8,-5.94,1.028
R248,pine,28602.9,-18299.5,2812.9,44.39,1.141
R249,pine,30784.6,-18022.6,2727.6,48.83,0.97
R250,elm,31806.9,-17847.3,2883.1,-160.37,0.825
R251,pine,33252.4,-18269.5,2864.8,-96.89,0.931
R252,elm,11711.4,-16961.4,5321.4,-19.21,1.14
R253,elm,12738.6,-17074,5081.5,-202.57,1.159
R254,elm,14305.9,-17523.4,4633.8,2.71,1.149
R255,pine,15878.2,-17203.5,4034.7,37.42,1.161
R256,elm,16934,-17346.1,4031.1,-259.91,1.063
R257,elm,17349.2,-17382.1,4232.5,-168.63,1.197
R258,elm,19124.5,-17136.9,3451.4,39.96,0.924
R259,elm,21099.7,-17421.7,3196.6,-51.01,0.946
R260,elm,21899.9,-17259.3,3143.8,-223.38,1.062
R261,pine,22950.1,-17047.1,3002,-104.02,0.859
R262,pine,23367.8,-16976.7,2940.6,-230.55,0.876
R263,pine,27096.4,-17457.8,2932.8,-174.32,0.926
R264,elm,29630.3,-17251.3,2635.8,18.55,1.122
R265,pine,33800.6,-17536.5,2792.3,85.01,0.817
R266,pine,35547.3,-16981,2675.2,-61.97,0.856
R267,pine,7026.6,-16596.6,6841,89.2,1.082
R268,pine,8408.2,-16640,5753,55.09,0.904
R269,elm,9334.4,-16394,5226,-233.13,0.871
R270,pine,9819.1,-16704.2,5500.4,-231.37,0.982
R271,elm,13210.1,-16453,5214.4,-14.54,1.111
R272,elm,14791.3,-16715.7,4228.9,-38.99,1.038
R273,pine,15810.2,-16243.4,4432.1,-55.54,0.891
R274,elm,18303.8,-16485.6,3425.2,-2.75,0.881
R275,pine,19704.4,-16209.5,3353.3,58.87,0.892
R276,pine,21808.2,-16419.4,3064.8,12.45,1.096
R277,elm,22659.2,-16368.7,3082.9,-111.37,1.195
R278,pine,23728.4,-16283.6,2879.8,57.73,0.949
R279,elm,26791.5,-16217.2,2825,-70,0.953
R280,elm,33446.1,-16443,2588,-86.61,1.095
R281,pine,33992.6,-16329.1,2596,-12.03,0.824
R282,elm,34453.9,-16602.2,2651,-44.44,0.9
R283,pine,7175.1,-15756,6038.2,-103.89,0.999
R284,elm,10728.2,-15811.6,5207,-261.7,1.036
R285,elm,11553.4,-16017.3,4553.5,-72.07,0.993
R286,elm,13239.8,-15993.7,4731.2,-68.28,0.813
R287,elm,15173.3,-15834.9,4422.1,-71.92,0.955
R288,pine,16213.5,-15492.6,4017.1,-77.82,0.855
R289,pine,16807.6,-15643,3891.9,25.08,1.042
R290,pine,17772.8,-15661.2,3586.3,82.48,0.958
R291,pine,18747.6,-15733.5,3352.2,-36.2,1.198
R292,pine,21164.9,-15969.4,3066.1,3.87,0.97
R293,pine,21848.4,-15595.7,3262.8,-103.77,1.183
R294,pine,26477.1,-15722.3,2864.1,-171.6,0.869
R295,elm,28912.6,-15577.3,2662.1,56.31,1.065
R296,elm,29432.4,-15747.6,2570.1,-39.84,1.094
R297,pine,31856.4,-15811.3,2481.2,-229.84,1.025
R298,elm,34810.6,-15929.6,2519.2,0.72,0.802
R299,pine,5347.9,-14854.1,6465.2,-39.51,0.895
R300,pine,8451.1,-15035.7,5552.9,-7.41,1.005
R301,pine,13183.6,-15159.9,4534.5,-204.68,0.983
R302,elm,14983.4,-14900.3,4530.4,-31.07,0.976
R303,pine,17434,-15240,3507.9,15.62,0.993
R304,elm,17978.2,-14998.1,3503.6,-61.59,1.124
R305,pine,19669,-15110.9,3102.4,-60.85,0.826
R306,pine,21428.5,-14706.3,3501.5,-160.91,1.062
R307,elm,22463.3,-15128.7,3166.2,-80.61,1.101
R308,pine,23416.7,-15214.3,2878.8,-240.25,0.946
R309,elm,31475.8,-15263.1,2394.4,-121.55,0.959
R310,elm,32658.5,-15029,2420.6,-44.29,1.138
R311,pine,8781.5,-14031.2,4607,-35.09,1.089
R312,elm,11784.2,-14267.4,4298.1,88.82,0.91
R313,elm,13484.2,-14326.2,4532.3,-127.8,0.92
R314,elm,14789.1,-14264.8,4753.3,-127.02,0.801
R315,elm,15482.3,-14544.9,4389.2,-86.94,0.87
R316,elm,16049.2,-14500.2,4120.5,-31.03,1.147
R317,pine,17486.3,-14094.1,3566.7,-199.04,1.062
R318,pine,18152.8,-14072.3,3515.3,60.92,1.085
R319,elm,22218.2,-14204,2967.3,-69.8,0.964
R320,elm,26502.4,-14259.3,2714.1,-249.8,1.127
R321,elm,28918,-14390.1,2472,58.27,0.823
R322,elm,31191.3,-14502.9,2393.4,-34.63,0.852
R323,elm,32227.5,-14513.5,2373.3,-42.83,0.813
R324,elm,35588.8,-14327.9,2295,-12.8,0.875
R325,elm,10910.9,-13306.4,4249.3,-156,0.814
R326,pine,11300.6,-13675.5,4412,73.51,1.147
R327,pine,12824.6,-13415.1,4601.8,66.15,0.821
R328,elm,13509.5,-13575.1,4922.3,-13.77,0.891
R329,elm,15531.8,-13364.7,3992.4,-228.6,0.997
R330,pine,16292.3,-13472.9,4033.8,-53.79,0.865
R331,elm,17695.5,-13743.3,3537.3,-171.21,0.981
R332,elm,19213.1,-13698.3,3314.3,-196.23,1.175
R333,elm,21522.2,-13665.1,3136.8,-42.2,1.067
R334,pine,21723.8,-13588.8,3088.5,-2.09,0.863
R335,pine,22459.8,-13645.7,2840.9,-228.63,1.001
R336,pine,26668.6,-13766.7,2627.9,-134.19,0.927
R337,pine,27048.8,-13467.3,2654.6,-191.96,0.865
R338,pine,29670.4,-13414.3,2386.8,60.47,0.854
R339,elm,9039.5,-12644.6,4581.1,88.03,0.859
R340,pine,11687.6,-12508.8,4590.2,-258.49,0.842
R341,elm,12425.4,-12978.9,4606.5,-213.89,1.002
R342,elm,13237.5,-13040.9,4622.8,50.63,1.051
R343,pine,13557.8,-12964.1,4236.8,18.4,1.023
R344,elm,14645.9,-12915.6,4035.5,-195.63,1.128
R345,elm,16672.5,-12878.1,3883.6,-183.82,1.139
R346,pine,18502.5,-12968.6,3401.7,-55.86,0.891
R347,pine,19685.5,-12613.7,3453.9,-237.06,1.196
R348,elm,20720.2,-12477.1,3056.5,-104.39,1.031
R349,elm,23425.2,-12518.7,2634.7,-25.53,0.997
R350,pine,24027.5,-12673.5,2553.5,-151.9,0.952
R351,elm,26695.8,-12544.7,2554.4,-147.42,0.827
R352,elm,26990.2,-12994,2597.7,-34.13,0.823
R353,pine,30284.3,-12751,2286.9,-234.47,1.129
R354,pine,32430.3,-12708.8,2287.6,-250.62,0.966
R355,elm,9905.1,-11776.4,4287.9,-128.82,0.891
R356,pine,13616.8,-11771.6,3586.3,23.52,1.032
R357,elm,15144.8,-12070,3556.1,-154.52,1.098
R358,elm,17329.3,-12261.7,3564.9,-127.13,0.98
R359,pine,19881.9,-11738.5,3039.5,-71.98,0.896
R360,elm,20423.5,-12062.3,3102,-194.22,1.076
R361,pine,21517,-12002.8,2922.8,-233.78,1.006
R362,elm,22764.4,-11782,2676.9,-256.21,0.954
R363,pine,24190.2,-12005.3,2498.6,-178.76,0.859
R364,pine,26535.5,-12284.4,2526.4,79.29,0.808
R365,elm,27518,-12134.2,2483,-171.05,1.054
R366,pine,8403.2,-11329.9,4268.1,4.13,1.193
R367,elm,16788.8,-11497,3263.5,-103.42,0.946
R368,elm,18157.1,-11329.1,3229.9,-37.65,0.884
R369,pine,22104.4,-10975.7,2805.6,-46.03,1.099
R370,elm,24190.3,-11476.4,2486.1,-184.39,0.944
R371,pine,26633,-11042.7,2298,56.53,0.958
R372,pine,28475.7,-10969.4,2267.7,-240.91,0.827
R373,elm,29621.8,-11022.8,2276.8,-259.03,1.139
R374,pine,8679.8,-10474.4,4499.1,-261.73,0.929
R375,pine,10630.4,-10318.5,4306.7,82.49,1.132
R376,elm,16803.3,-10332.9,3166.7,-47.11,0.934
R377,pine,21933.4,-10481.3,2838.6,-106.02,0.873
R378,pine,29258.5,-10384.7,2219.1,-56.09,1.028
R379,pine,30167.4,-10424.1,2287.6,-58.6,0.809
R380,elm,15856.7,-9492.5,3090.7,-153.74,1.182
R381,elm,16878.8,-9494.6,3030.4,67.09,0.907
R382,elm,17233,-9651.6,3025.4,56.38,0.892
R383,pine,18317.3,-9580.9,3048.1,38.54,1.049
R384,pine,18951.1,-9708.4,2987.2,-70.44,1.168
R385,elm,20599,-9541.1,2732.2,-264.41,0.996
R386,elm,21008.3,-9500.2,2695.4,-33.87,0.885
R387,elm,22583.4,-9825.2,2539.7,-21.12,1.107
R388,elm,24336,-9492.6,2074.7,-87.52,0.952
R389,pine,27228,-9862.6,2106.9,-112.75,0.851
R390,elm,30193.4,-9627.5,2282,-201.68,0.982
R391,elm,14633.6,-8961.4,2965,-239.95,1.043
R392,pine,16186,-9084.1,3143.7,-193.79,1.052
R393,pine,17716.5,-8774.1,2818,-114.55,0.909
R394,elm,18978.2,-9060.4,2931.1,-160.49,1.097
R395,elm,19972.3,-8879,2749.7,-99.65,0.99
R396,elm,22988,-9293.7,2416.1,-141.05,1.074
R397,pine,23651.2,-9044.2,2182.6,-75.33,0.803
R398,pine,17334.3,-8319.9,2668,-15.77,1.016
R399,elm,19781.2,-8018.7,2566.4,66.8,1.001
R400,elm,21725.6,-8468,2550.1,79.84,0.964
R401,pine,27195.6,-8423.8,2032,57.29,0.87
R402,pine,27956.9,-8346.1,2090.9,12.19,0.985
R403,elm,28976.5,-8179.1,2120.9,-205,0.938
R404,elm,20965.7,-7620.7,2464.9,-26.25,1.135
R405,pine,22969.3,-7370,2346,-245.04,1.129
R406,pine,16796.8,-6862.6,2459.8,81.1,0.898
R407,elm,17648,-6656.2,2486.4,-157.86,0.853
R408,elm,18499.4,-6962.7,2538.2,-230.58,1.108
R409,elm,21901.5,-6586.5,2382.9,74.8,0.901
R410,pine,17457.6,-6177.8,2459.1,-228.25,0.997
R411,elm,21194,-5915.8,2305.5,-173.08,0.957
R412,pine,21099.2,-5307.1,2251.4,-138.03,1.014
R413,elm,27255.5,-4539.8,1936.5,-208.38,1.155
R414,pine,-16782.1,5860.1,2603.5,-121.34,0.809
R415,elm,-23379.6,6992.3,2070.7,-6.53,1.179
R416,elm,-21510.7,6906.4,2315.7,-248.54,0.896
R417,pine,-17260.9,6899.8,2659.6,-158.19,1.056
R418,pine,-22736.5,7556,2226.8,-34.44,0.839
R419,elm,-21269.7,7787.9,2556.1,-202.6,0.898
R420,pine,-18636.7,7376.9,2710.3,-73.17,0.861
R421,pine,-24123.5,8073.9,2071.5,-204.26,0.87
R422,pine,-20993.6,8426.2,2570.2,-39.67,0.872
R423,pine,-17053.3,8115.7,2954.6,-157.5,0.971
R424,pine,-24268.7,8734.4,2084.2,-195.55,1.131
R425,elm,-22997.2,8817.8,2232.7,-263.45,1.183
R426,pine,-22266.9,9101.6,2389.9,-2.16,0.808
R427,pine,-17977.7,9203.7,3054.9,-131.54,0.982
R428,pine,-12464,8812.5,3467.3,-109.79,1.123
R429,pine,-9925.6,9267.3,3801.5,-127.09,0.858
R430,pine,-27199.9,9675.5,2092,-3.13,1.06
R431,pine,-25742.1,9867.5,2072,-244.1,0.817
R432,pine,-24023.2,9482.8,2136.9,-37.53,1.029
R433,pine,-23204.3,9480.8,2236.5,27.91,1.061
R434,pine,-22222.2,10049.5,2534.1,72.33,1.156
R435,pine,-17080.7,9558.5,3108,-166.77,0.966
R436,pine,-16708.6,9855.8,3186.6,-101.51,1.116
R437,pine,-25962,10761.3,2174,-215.65,0.962
R438,pine,-24120.9,10633.1,2283.3,-22.38,0.892
R439,elm,-21665.3,10361.5,2688.1,16.76,0.906
R440,elm,-20312.4,10671.3,2958.5,-199.57,1.13
R441,pine,-18566.3,10592.4,3127.7,-5.63,0.808
R442,pine,-8419.1,10668,5307.5,-252.22,0.974
R443,elm,-24988.9,11240.5,2193.2,-148.49,0.999
R444,elm,-24018.2,11354.8,2326.9,84.41,1.103
R445,elm,-23353.2,11363,2476.5,-122.48,1.095
R446,pine,-21033.1,11548.8,2903.6,-39.75,0.892
R447,pine,-17234.4,10960.1,3366.7,-240.23,1.097
R448,pine,-15167.5,11247.4,4026.4,-70.62,1.109
R449,elm,-14232.3,11519.7,4043.3,-16.86,1.002
R450,pine,-29062.6,11955.6,2140.6,-259.85,0.912
R451,elm,-23748.2,11741,2406.3,52.58,0.978
R452,elm,-22578.3,12273.7,2702.1,5.45,1.026
R453,pine,-18778.7,11909,3304.1,-76.19,0.857
R454,pine,-18298.5,11742.2,3348.8,-70.88,1.181
R455,elm,-16758.5,12062,3710.6,53.16,0.845
R456,pine,-15644.9,12145.3,4378.1,9.14,0.876
R457,pine,-14047.9,12036.9,4324.8,-92.14,1.155
R458,pine,-13781.3,11909.9,4259.2,-26.97,1.187
R459,elm,-11779.5,12146.8,5112,-33.62,1.011
R460,pine,-32284.4,12617.8,2350.7,-158.02,0.937
R461,pine,-31024.9,12991.5,2192.5,33.72,0.878
R462,elm,-26254,12796.8,2258.7,-170.68,1.187
R463,elm,-24263.5,12778.2,2337.7,22.3,1.138
R464,pine,-19429.8,12785.6,3493.5,58.08,0.988
R465,pine,-14856.2,12472.9,4251.5,-99.88,0.961
R466,elm,-14023.2,12942.2,4147.4,-209.3,1.179
R467,pine,-12878.4,13007.8,4472.3,-191.43,0.963
R468,pine,-8491,12923.5,5863.1,-163.38,1.146
R469,elm,-32381.8,13253.2,2380.4,-0.6,1.082
R470,pine,-31311.7,13305,2232.9,-237.3,1.16
R471,pine,-26148.2,13691.4,2356.8,-253.64,0.99
R472,pine,-24161.6,13210.7,2393.4,-178.57,1.135
R473,pine,-21657.5,13595.5,3083.3,15.31,1.074
R474,elm,-20182.7,13266.4,3520.7,83.33,1.143
R475,pine,-19539.4,13267.5,3439,-122.76,1.147
R476,pine,-18078.3,13629.2,3572.3,-197.69,1.135
R477,pine,-17518,13510.1,3720,-180.78,1.069
R478,pine,-16453.7,13297.5,4196.9,33.82,0.805
R479,elm,-14341.9,13287.2,4069.9,-59.9,0.935
R480,pine,-13472.1,13275.5,4253,65.04,0.826
R481,pine,-33558.3,14382.5,2483.5,-158.97,1.069
R482,pine,-27169.8,14141.5,2262.1,-203.08,0.949
R483,pine,-25492.1,14122.6,2430.6,-42.88,0.86
R484,elm,-23861.5,14048.7,2609.2,-110.31,1.166
R485,elm,-22705,14383.3,2896.8,-133.19,0.979
R486,pine,-21219.1,14396.1,3540.2,-59.27,0.999
R487,pine,-20478.9,14027.9,3490.1,45.65,1.053
R488,pine,-19752.7,13957.5,3440.7,-51.05,0.845
R489,elm,-18260,13959.5,3550.6,18.03,0.807
R490,elm,-17510.5,13957,3862,39.25,0.911
R491,elm,-16225.6,14549.8,4299,-113.46,1.166
R492,pine,-13675.9,14330.9,4479.7,-248.09,0.84
R493,pine,-12014.3,14520.4,4827.9,-62.62,0.932
R494,pine,-5377.2,14144,7089.4,-239.77,1.137
R495,pine,-32885.8,15180,2560.2,-61.28,1.107
R496,elm,-31417.7,14859.2,2332.5,-103.39,1.122
R497,pine,-28974.4,14850.6,2180.9,-57.44,1.144
R498,pine,-26823.4,14955,2443.2,20.22,1.041
R499,elm,-24016.4,15164.4,2810.7,14.59,0.808
R500,pine,-21863,15162,3402.7,-23.05,0.854
R501,elm,-20109,15171,3357.6,-164.9,1.116
R502,pine,-18991.3,15113.6,3411.8,-172.68,1.081
R503,pine,-17728.7,14705.2,3828.8,-78.97,0.95
R504,pine,-17480,14773.6,3860.2,-169.51,0.888
R505,pine,-16512.5,15002.5,4239.1,-218.54,1.143
R506,pine,-13324.3,14843.3,4801.3,71.71,1.148
R507,pine,-10740,14727.2,5306,-57.82,1.082
R508,pine,-9526.4,15159.6,5836.6,-16.37,0.832
R509,pine,-6636.9,14729.4,7303.9,57.83,0.807
R510,elm,-32839.4,16040,2519.1,-55.15,0.918
R511,elm,-32335.9,15755.8,2489.6,18.3,0.91
R512,elm,-31540.1,15473.9,2388.8,-106.85,0.987
R513,elm,-27901.5,15736.7,2434.1,6.54,0.83
R514,elm,-26495.9,15932.1,2645.3,50.46,1.082
R515,pine,-23240.2,16048.3,3280.6,-59.79,1.122
R516,pine,-21481.2,15835.4,3289,77.24,1.192
R517,elm,-18825.8,15479.7,3590.6,-75.55,1.034
R518,pine,-16628.4,15479.6,4449.3,55.41,1.176
R519,pine,-14888.8,15865.8,4315.2,-50.33,1.107
R520,elm,-13638.2,15878.4,4492,30.99,1.085
R521,pine,-8754.3,15695.4,5814.1,-143.85,1.1
R522,pine,-31678,16374.8,2474.9,-106.43,1.103
R523,pine,-30187.1,16712.3,2492.2,-149.77,1.042
R524,pine,-27526.4,16508.5,2622.2,-72.92,0.997
R525,elm,-23235.8,16396.4,3352,63.87,0.854
R526,pine,-22667.5,16409,3275.9,-9.02,0.954
R527,pine,-21806.1,16632.8,3131,-53.47,1.009
R528,pine,-21190.6,16217,3289.3,-216.88,0.861
R529,pine,-19733.7,16525.3,3485.1,67.38,1.048
R530,pine,-18070,16536.2,3517.4,-136.65,0.915
R531,pine,-15834,16794.3,4952.3,-260.83,0.884
R532,pine,-14426.1,16752.3,4470.3,-96.45,0.933
R533,elm,-13746,16697.4,4726.4,24.36,0.95
R534,pine,-11908.4,16729,4873.4,-217.25,1.028
R535,pine,-10461.2,16305.9,5262.2,-93.18,1.105
R536,elm,-6653.6,16250.8,7008.9,-265.35,1.01
R537,elm,-33540.2,17070.3,2715.9,-175.94,1.084
R538,pine,-30514.7,17128.6,2618,-191.99,1.097
R539,pine,-28586.7,17397,2706.2,27.69,1.154
R540,pine,-27457.7,17271.4,2751.1,37.05,0.932
R541,elm,-26206.2,17088.5,2885,10.8,1.151
R542,pine,-25346,16973.3,2961.6,30.68,0.838
R543,pine,-24110.6,17050.5,3265.9,57.44,0.879
R544,elm,-22286.9,17304.3,3145.9,-118.9,0.971
R545,elm,-19687.5,16957.9,3533.9,-241.89,0.91
R546,pine,-18211.7,17232.7,3771.8,-196.31,1.022
R547,pine,-17061.1,17521.2,5074.9,-87.69,1.008
R548,pine,-15105.9,17473.2,4558.1,-241.84,0.84
R549,elm,-14119,17454.8,4865.8,-146.25,0.893
R550,elm,-13362.5,17377.7,5209.6,-24,1.073
R551,elm,-12472.3,16997.5,4959.1,-204.71,0.975
R552,elm,-12278.7,17093.9,4941.1,-165.29,1.041
R553,pine,-11415.6,16987,5328,5.75,0.84
R554,pine,-10381.4,17486.8,5677.2,74.15,1.048
R555,pine,-9777.9,17071.1,5648.1,-47.08,0.942
R556,pine,-9097,16991.5,5655.8,-112.9,1.046
R557,pine,-8286.9,17453.4,6297.2,48.26,1.07
R558,pine,-6853.6,17035.1,6979.9,-23.91,0.872
R559,pine,-4335.6,17430,9156.4,-18.83,0.999
R560,elm,-34047.3,17804.2,2861.7,-116.08,1.198
R561,elm,-28254.3,17931.1,2852.5,-148.98,1.028
R562,elm,-26734.9,17800.2,2796.4,4.27,1.043
R563,pine,-26263.2,17932,2877.9,-121.31,0.954
R564,pine,-23409.8,18299.8,3241.3,-179.51,1.051
R565,pine,-20144.5,17787.9,3489,-153.09,1.068
R566,pine,-18727.1,18297.2,3861.9,3.36,0.825
R567,elm,-17062.4,17711.8,5139,-190.21,1.013
R568,pine,-16526.7,17784.4,4989.4,53.43,1.159
R569,pine,-15853.8,18019.5,4885,-246.48,1.124
R570,pine,-14740.8,17856.8,4881.4,-162.99,1.154
R571,elm,-14331.8,18135.6,5035.8,-216.39,0.857
R572,pine,-11969.1,17841.9,5298.9,-134.2,0.807
R573,pine,-11325.2,17747.8,5669.8,-252.33,1.178
R574,pine,-10331.1,17947.5,5872.3,-209.33,1.057
R575,pine,-9495.7,17986,6462.6,-30.14,0.903
R576,pine,-7545.6,18055,6967.5,-175.06,0.826
R577,pine,-31478.2,18459.8,2666.2,5.53,1.185
R578,pine,-27678.9,18784.7,2851.7,21.26,0.988
R579,elm,-26743.9,19030.1,2910.2,-49.37,0.912
R580,elm,-25328.5,18645.6,3094,-53.87,1.087
R581,pine,-24614.8,18919.9,3330.4,-196.02,0.865
R582,elm,-24067.9,18903.3,3354.4,-136.93,0.9
R583,pine,-22226.9,18817,3445.8,-257.34,1.106
R584,pine,-21454,18887.5,3467.3,88.15,1.157
R585,pine,-20923.9,19041.3,3625.7,-83.15,1.008
R586,elm,-20241.4,18766,3755.5,-148.85,1.101
R587,pine,-18850.7,18488.7,3826.3,60.2,1.085
R588,pine,-18235.3,18639.2,4224.3,58.9,1.056
R589,pine,-16545.7,18662.7,4612.4,-102.39,1.155
R590,pine,-15575.4,18841.9,4940.4,-88.01,0.829
R591,pine,-15131.7,18840.8,4813.9,-91.14,0.948
R592,elm,-14316.5,18720.7,5134.5,-1.46,1.137
R593,pine,-13409,19005.2,5951.1,-25.48,0.951
R594,pine,-12980.1,18707.1,5856.1,-26.55,1.186
R595,pine,-12194.2,18674.4,5771.5,-60.09,1.122
R596,pine,-10283.5,18833.3,6317.4,-98.05,0.99
R597,elm,-9872.7,18842.7,6466.7,-267.22,0.901
R598,elm,-32869.3,19438.2,2880.4,-124.34,0.855
R599,pine,-27820,19264.4,2999.6,-243.07,0.971
R600,pine,-27024.4,19315.7,2989.4,49.37,0.885
R601,elm,-26489.7,19414.7,3020.8,-99.71,0.944
R602,pine,-22601.9,19256.6,3438,-226.35,1.087
R603,elm,-21501.6,19457.6,3497,-262.73,1.015
R604,elm,-18755.7,19326.7,4332.5,43.25,0.937
R605,pine,-18029.6,19785.8,4902.1,-200.63,1.05
R606,pine,-15745,19319.8,4949.2,-226.33,0.95
R607,elm,-12707.1,19702.7,6548.3,-221.71,0.888
R608,pine,-11745.4,19218.9,6373.8,-163.24,0.947
R609,elm,-33609.3,20421,3212.3,-141.29,0.901
R610,pine,-32428.5,20297.3,3027.4,-138.75,1.031
R611,pine,-28796.9,20209.4,3019.9,-211.3,0.839
R612,elm,-27684.4,20417.6,3110,-28.12,0.926
R613,pine,-26102.1,20125.8,3177.8,-157.82,0.85
R614,elm,-25359.5,19996.3,3234.1,28.55,0.836
R615,elm,-24682.8,20169.7,3344.9,-244.48,0.939
R616,pine,-22372.8,20223.6,3365,17.49,0.939
R617,pine,-20980.8,20188.4,3571.6,-163.25,1.195
R618,elm,-20042.8,20130.1,4081.2,63.64,0.873
R619,pine,-19430.9,20020.7,4439.2,-34.41,1.126
R620,pine,-18051.2,20061.9,4963.9,-127.56,0.806
R621,elm,-16675.8,20064.4,5121.1,-201.6,1.129
R622,pine,-15617,20170.1,4908.1,62.24,0.926
R623,pine,-15008.7,20168.7,5077.5,-72.92,1.199
R624,pine,-33546,20961.5,3370.3,-92.24,1.055
R625,elm,-30897.3,21173.1,3185,-6.14,0.888
R626,elm,-28350,20701.2,3129.1,-245.1,1.079
R627,pine,-26783.9,20937.9,3016.3,-190.33,1.183
R628,elm,-25790.7,20913.3,3128.8,-153.48,1.166
R629,pine,-24909.9,20726.5,3359.8,-15.58,1.052
R630,elm,-22414.7,20763.6,3480.7,-38.85,0.812
R631,pine,-21810.1,20808.4,3534.5,83.47,0.884
R632,pine,-19798.4,20787.1,3952,-229.53,0.948
R633,pine,-18658.6,21057,4952.1,5.84,1
R634,elm,-18262.3,20714.7,5159.5,-42.34,1.188
R635,elm,-17397.4,20839.1,5702,-107.93,0.904
R636,elm,-14059.9,21117.4,7233.3,83.93,0.861
R637,elm,-13431.2,21154.4,6968.4,33.64,1.064
R638,elm,-28454.4,21939.8,3225.9,-165.68,1.192
R639,pine,-27210,21701.1,2981.6,18.28,1.178
R640,elm,-25219.5,21476.6,3326.2,-89.14,0.836
R641,pine,-24539.9,21958.2,3316.5,39.95,0.933
R642,elm,-21464.1,22034.8,3810.4,-229.77,1.112
R643,pine,-20031.1,21973.8,3992.2,-230.69,0.909
R644,pine,-19667.8,21743.9,4080.8,-65.9,0.988
R645,pine,-16282.1,21764.3,6202,33.73,0.888
R646,pine,-15669.4,21618.6,6199.6,-175.71,1.065
R647,pine,-13487.3,21873.3,7249.9,-7.2,0.854
R648,pine,-12947.6,21894.1,7327.3,-144.41,0.856
R649,pine,-10275.2,21909,9898.2,-38.32,1.03
R650,pine,-7027.9,21530.2,9835.5,-232.82,1.033
R651,pine,-33040.2,22200.1,3467.5,-49.71,0.9
R652,pine,-32352.7,22365.2,3293,-112.04,1.098
R653,elm,-29126.9,22590.8,3339.9,-86.29,0.925
R654,pine,-28594.9,22682.2,3186.1,-81.55,0.91
R655,elm,-26549.3,22242,3097.3,-220.58,1.108
R656,elm,-25505.6,22486.3,3263.1,-72.43,0.971
R657,pine,-24730.2,22351.6,3306.1,52.39,0.903
R658,pine,-24064,22496.6,3556.8,-109.75,0.928
R659,elm,-23034.8,22552.7,3650.8,-139.09,1.12
R660,pine,-22737.2,22375.8,3722.8,-188.82,1.058
R661,elm,-18765.3,22606,4727.4,-59.09,1.151
R662,pine,-16728.3,22710.1,5287.6,-139.88,0.803
R663,pine,-14296.3,22260.3,6427.3,-89.8,0.938
R664,elm,-13403.2,22675.6,6715.4,-62.68,1.097
R665,pine,-12956.8,22499.4,6964.9,-106.61,1.139
R666,elm,-11070,22546.1,9027.2,-170.47,1.052
R667,elm,-30501.6,23015.4,3427.1,-61.04,1.071
R668,pine,-29501.8,23419.9,3427.5,-139.88,1.165
R669,pine,-28255.8,23382.4,3116.8,-103.23,0.947
R670,elm,-27872.9,23331.8,3021.5,-0.98,1.16
R671,elm,-26834.2,23263.4,3150,-147.07,1.157
R672,pine,-26151.7,23199,3244,-7.72,0.847
R673,pine,-25663,23141.7,3229.6,-189.75,0.844
R674,pine,-24830.7,22973.2,3332.6,-214.64,0.979
R675,elm,-23806.4,23321.9,3721.8,-151.36,0.908
R676,pine,-23081,23041,3861.7,-246.64,0.994
R677,pine,-22715.3,23332.6,3651.2,-111.43,0.832
R678,elm,-21473.2,23494.8,3891.7,-74.95,1.153
R679,elm,-21206.5,23077.2,3981,-159.07,0.99
R680,elm,-18689.8,23245.7,4501.8,-112.59,0.997
R681,pine,-17164.6,23256.5,4907.2,-237.36,1.122
R682,elm,-16784.5,23489,5062.7,60.78,1.154
R683,elm,-16026.4,23173.1,5596,-123.49,0.951
R684,pine,-15168.6,23084.8,5691.7,-188.43,1.199
R685,elm,-12103.4,23132.9,7258.8,75.24,1.059
R686,elm,-10537.1,22950.1,9453.2,-207.97,0.808
R687,elm,-32059.3,23928.1,3583.5,-269.52,1.16
R688,elm,-30218.5,23950.5,3602.4,-255.61,0.882
R689,pine,-29219,23723,3418.5,81.19,0.817
R690,elm,-27643.4,24030.6,3167.8,35.42,0.804
R691,pine,-27035.9,24162.5,3205.3,-104.32,0.994
R692,elm,-26172.2,23744.9,3320,-156.39,1.004
R693,pine,-25254.4,24083.5,3423.1,-91.92,0.808
R694,pine,-21776.5,24094.5,3589.4,-90.36,1.05
R695,elm,-20360.2,24261.3,4074.1,-75.7,0.941
R696,elm,-18471,23987.7,4539.8,-74.62,1.169
R697,pine,-18093.9,23851,4634.7,-11.42,1.179
R698,pine,-16259.1,23769.3,5148.8,33.41,0.971
R699,pine,-15904.7,23724,5487.3,-81.55,1.118
R700,pine,-15091.9,24052.1,5850.9,-77.87,1.04
R701,pine,-14531.4,23793.6,5706.3,-261.9,1.068
R702,pine,-13394.3,23790.2,6296.8,-248.29,1.041
R703,pine,-11955.3,24021.8,7283.2,33.79,0.829
R704,pine,-11341.4,23868.7,8079.3,-107.35,0.845
R705,elm,-10783.9,24190.5,9055.1,-260.24,1.089
R706,pine,-32067.6,24450.2,3586,22.34,0.834
R707,elm,-31714,24925.9,3598.6,-131.3,1.03
R708,pine,-30682.7,24918.1,3608.2,-127.08,1.07
R709,elm,-29214.3,24890,3702.7,67.28,0.88
R710,pine,-26478.1,24913.9,3464,-64.92,1.16
R711,pine,-25214,24930.9,3598.2,-258.14,1.034
R712,elm,-24914.2,24606.3,3667.2,-158.61,1.006
R713,elm,-22692.7,24627.8,3771,16.58,1.178
R714,pine,-21926.3,25003.7,3923.9,64.84,1.126
R715,pine,-20245.4,24512.5,4151.8,57.85,0.945
R716,elm,-18177.2,25022.1,5364.9,-14.76,1.178
R717,elm,-16005.4,24649.9,5860.7,-204.12,0.915
R718,pine,-14382.4,24606.5,6410.5,-172.22,0.827
R719,elm,-12576.2,24546.1,6874.5,2.01,0.84
R720,elm,-10593.8,24672.2,8026.6,-88.9,0.966
R721,pine,-9505,24875,8026.5,53.05,0.868
R722,pine,-29913.7,25605.5,3883.5,-166.14,1.123
R723,pine,-26410.4,25436.9,3449.6,-105.39,1.103
R724,pine,-25546.9,25447.3,3596.6,-267.15,0.815
R725,pine,-24625.8,25225,3719.5,-76.1,1.025
R726,pine,-23938.9,25410.5,3947.9,-56.53,0.811
R727,pine,-21987.4,25611.2,3976.4,-69.54,1.086
R728,elm,-20131.3,25310.1,4451.9,-16.1,0.903
R729,pine,-19345,25237.8,4678,-226.63,1.024
R730,pine,-18951,25754.8,5313.6,-212.96,1.027
R731,pine,-16218.6,25271.2,6358.7,15.33,1.042
R732,pine,-12002.7,25505.5,7328.2,-150.14,0.968
R733,pine,-11457.8,25498.6,7620.3,-147.81,1.089
R734,pine,-10569.5,25797.2,8211.1,-201.79,0.855
R735,pine,-33054.3,26336.2,4251,-76.91,0.972
R736,pine,-30716.1,26103.7,3837.6,2.9,0.985
R737,pine,-29821.5,26031.2,3901.4,-92.99,1.138
R738,pine,-29379.4,26469.9,3739.3,-164.37,0.861
R739,pine,-28380.7,26067.3,3432.8,46.64,0.96
R740,pine,-27881.3,26483.8,3332.4,-16.98,1.166
R741,pine,-26995.8,26310.3,3515.8,-147.76,1.055
R742,elm,-25763.9,26172.5,3513.7,-207.54,0.941
R743,pine,-23806.1,26229.6,3864.5,80.25,1.12
R744,pine,-23127.4,26363.2,4064.3,-88.82,0.853
R745,pine,-20736.3,26545.3,5044.1,-106.84,1.132
R746,pine,-20327.3,26140.8,4680,-149.83,1.124
R747,elm,-19403.7,25977.3,5044.1,-0.95,0.87
R748,pine,-18950.3,26009.2,5491.9,-61.35,0.86
R749,pine,-17382.9,26232.9,6503.7,-214.95,1.037
R750,pine,-15490.7,25952.7,7422.3,51.97,0.891
R751,pine,-14521.3,26248.3,8154.6,81.59,1.109
R752,pine,-13745.5,25983.4,8496.4,-18.09,0.925
R753,pine,-10531.1,26314.5,8494.7,-116.77,1.158
R754,pine,-30537.6,27154.5,3933.3,-2.65,1.148
R755,pine,-29775.4,27048.9,3752.1,-66.44,0.874
R756,pine,-28569.4,27204.5,3706.1,-100.98,1.166
R757,elm,-27885.3,27172.4,3462.8,23.24,1.049
R758,elm,-26727.6,26911.5,3664.6,-199.86,0.989
R759,elm,-26242.4,26826.8,3597.4,6.54,0.881
R760,elm,-24912.4,27099.1,3708.2,79.88,1.074
R761,pine,-23301.9,26796.9,4032.8,-148,1.194
R762,pine,-21512.1,26942.7,4330,-10.99,0.952
R763,pine,-21173.9,27027.1,4591.6,-88.8,0.956
R764,pine,-19963.8,26883.5,5502.4,-186.86,1.144
R765,elm,-19484,27049.3,5278.5,-113.74,1.051
R766,pine,-18628.1,26867.3,5381.7,-213.93,1.004
R767,pine,-17811.2,26736.8,5763.1,-252.32,0.872
R768,pine,-16400.1,27026.4,5997.9,-140.94,0.836
R769,pine,-14209.4,26790.4,8503.5,8.2,0.865
R770,pine,-10591,26791.2,8908.3,-163.45,1.114
R771,elm,-8827.1,27197.7,8910,-107.67,1.082
R772,elm,-32815.7,27611.9,4721.2,47.73,0.8
R773,elm,-29727.4,27576.7,3918.5,82.1,0.848
R774,pine,-28317.5,27734.1,3742.3,-269.91,0.82
R775,pine,-27984.3,27938.3,3724,-126.66,0.913
R776,pine,-26415,27889.1,3725.8,-192.47,1.056
R777,pine,-24164.7,27856.4,3913.5,-127.12,1.149
R778,pine,-21546.6,27959.1,4669.4,-119,1.074
R779,pine,-21015.9,27703.1,4846.5,9.11,0.874
R780,pine,-18589.5,27860.8,5248.9,-63.8,0.914
R781,pine,-17965.9,27643.1,5383.2,-211.48,1.145
R782,pine,-14338.1,27660.1,7606.7,-176.47,0.982
R783,pine,-11336.4,27853.3,8423.6,-82.97,0.898
R784,pine,-8804.5,27535.2,8919.4,-6.06,1.127
R785,pine,-32963.8,28676.8,5145.8,37.67,0.942
R786,elm,-29862,28402.6,3972.8,-253.64,0.999
R787,pine,-29381.4,28389.4,3887.5,-139.25,1.032
R788,elm,-28404.3,28399.7,3690,66.35,0.813
R789,pine,-26828.3,28266.6,3677,8.8,1.094
R790,elm,-26499.1,28203.5,3720.3,-204.5,1.099
R791,elm,-24100.4,28703.5,3955.6,-13,1.132
R792,pine,-22581.4,28516.4,4382.9,-185.17,1.082
R793,pine,-20752.2,28392.3,4681.3,-225.82,0.911
R794,pine,-20359.7,28638.5,4606.6,-236.21,0.92
R795,elm,-19501.4,28389.8,4993.9,-173.88,1.098
R796,elm,-18565,28671.6,5086.1,-164.2,1.01
R797,elm,-16996.8,28559.6,5843.4,-186.34,0.994
R798,pine,-15051.9,28708,7528.6,-211.31,1.028
R799,pine,-10457.4,28394,8288.8,-133.36,0.956
R800,pine,-29947.7,29107.2,3910.1,-262.62,1.051
R801,elm,-27645.8,29262.9,3754.2,24.22,0.969
R802,elm,-26995.8,28988.3,3570.6,63.64,1.108
R803,pine,-25635.9,29129.8,3655.1,60.92,0.846
R804,elm,-23769.6,29137.8,4006.8,-203.92,1.01
R805,pine,-23202.6,29131.9,4035.3,46.33,1.056
R806,pine,-22314.2,29238.5,4471.9,85.13,0.889
R807,pine,-21474.4,29191.2,4783.4,-164.33,0.997
R808,elm,-20942.8,29113.6,4694.7,72,1.16
R809,pine,-20286.5,29189.4,4943.2,24.86,0.983
R810,elm,-18950.3,29248.6,4905.6,-6.46,0.806
R811,pine,-17907.5,28955.1,5300.3,-77.99,1.067
R812,elm,-16353.5,29397.9,6183.3,-188.69,1.005
R813,pine,-15750.4,29479.8,6494.4,-105.57,0.831
R814,elm,-10648.7,29263.1,9755.4,-44.1,1.087
R815,elm,-29429.6,30192.5,3885.7,-48.18,0.929
R816,elm,-26456.4,30216.8,3962.3,69.57,0.809
R817,pine,-24626.1,30186.5,3577,40.78,0.807
R818,elm,-23984.8,29705.5,3792,-1.72,1.14
R819,pine,-23249.1,30102.6,3972.7,74.04,1.047
R820,pine,-22727.8,29925.5,4205.4,-53.39,1.041
R821,pine,-21800.4,30133.6,4507.7,-147.98,0.941
R822,pine,-20933.3,30131,4624.5,-37.9,0.909
R823,pine,-20310,29872.6,4840.6,-183.23,1.158
R824,elm,-19598.1,29756.1,5295.6,-73.02,0.967
R825,pine,-17704.9,29715.8,5324,-187.14,1.093
R826,pine,-17156.9,29787.4,5775.3,-227.57,1.016
R827,pine,-15265.6,29780.8,6747.7,-164.02,1.119
R828,pine,-11817.8,29870,10441.7,-98.7,1.06
R829,pine,-29090.5,30791,3886.1,-77.83,1.067
R830,pine,-27828.7,30507.9,3855.6,26.83,0.943
R831,elm,-27176.3,30601.2,3826.3,25.38,1.157
R832,pine,-25966.2,30602.9,3884.9,-152.52,0.945
R833,elm,-24884.7,30588.1,3629.1,-62.13,1.176
R834,elm,-24292.2,30639.2,3562.3,61.18,1.143
R835,pine,-22537.2,30890.6,4152.8,-56.05,0.879
R836,pine,-22030.7,30485.2,4336.1,-201.51,0.934
R837,elm,-20823.8,30741.6,4562.9,-151.94,0.881
R838,pine,-20447,30710.7,4794.2,-49.75,0.891
R839,pine,-27728.3,31579.2,3801.4,-176.05,1.162
R840,pine,-26047.8,31712.2,3746.1,-217.73,0.909
R841,pine,-25584.3,31381,3694.2,-96.14,1.138
R842,elm,-24490.6,31390.2,3643,-84.86,0.937
R843,elm,-23004.9,31251.5,3724,-259.58,0.922
R844,pine,-21035.2,31536.2,4320.6,-131.58,1.048
R845,pine,-18905.8,31301.9,5635.8,-155.59,0.876
R846,pine,-26755.1,31993.2,3797.6,-42.35,1.026
R847,elm,-25482.8,32054.5,3675.6,-150.69,0.955
R848,elm,-19365.5,32300.1,5077.5,-48.05,0.973
R849,pine,-18895.3,32429.6,4860.6,-115.9,0.817
R850,pine,-16626.1,32449.3,6038.7,-210.16,0.936
R851,pine,-14896.4,32507.4,6631.2,42.4,0.997
R852,pine,-14419.2,32257.7,7052.6,-253.61,1.007
R853,pine,-27832.6,32782,4126.4,-44.21,1.158
R854,pine,-25304.5,32841.7,3680.6,-17.08,0.888
R855,pine,-24080.3,32753.9,3633.2,76.22,0.85
R856,pine,-23368.1,33160.8,3501.6,42.16,0.847
R857,pine,-22796.7,33038,3558.4,31.66,0.953
R858,pine,-22036.1,33210,3818.6,-121.05,1.015
R859,pine,-21026.4,32814.1,4099.4,-65.99,0.867
R860,elm,-18831.8,32991,4437.7,-19.5,0.848
R861,pine,-16965,32822.1,5707.4,-205.71,0.851
R862,pine,-16781,33247.8,5773.5,78.2,1.06
R863,elm,-26217.2,33514.8,3752.5,-212.8,0.995
R864,pine,-24122.2,34000.5,3626.7,-70.28,0.863
R865,pine,-21163.7,33972.9,4120.7,-124.21,0.833
R866,pine,-16353.4,33643.6,5985.2,87.76,0.823
R867,pine,-14186.7,33468.1,6951.4,11.64,0.815
R868,elm,-24542.1,34308.1,3562,-41.64,0.975
R869,elm,-24295.9,34347.7,3570,-240.42,1.161
R870,pine,-14154,34611.7,6523.5,-127.7,0.865
R871,pine,-29342.3,35245.4,4306.5,-102.85,1.061
R872,elm,-18284.9,35082,4723.6,-94.25,0.916
R873,pine,-14751.5,35121.3,6350.6,72.64,1.165
R874,pine,-14539,34989.4,6429.4,-257.36,1.035
R875,pine,-13799.9,35455.6,6277,16.7,0.939
R876,pine,-17505.5,36925.1,5192.3,-59.55,1.012
R877,pine,51305.4,10951.4,2041.7,-148.3,0.875
R878,pine,57490,10863.5,2379.1,-137.2,0.848
R879,elm,50533.5,11239,2039.2,-115.04,0.927
R880,pine,53547.9,11261.8,1844.9,39.61,0.914
R881,elm,56545.5,11427.4,2270.8,60.9,0.982
R882,pine,59804,12517,3018.4,-135.68,0.922
R883,pine,62818.4,12117.3,3425.2,-225.93,0.91
R884,elm,49729.7,12729.1,2106.8,-143.74,1.02
R885,pine,52010.7,12946.5,1977.4,73.33,0.909
R886,pine,52898.1,13191.8,2000,-188.05,1.11
R887,pine,56801.7,12921.7,2491.1,-237.31,0.974
R888,pine,58244.1,13110.6,2921.8,-227.35,1.001
R889,elm,60971.2,13203.3,3211.9,-261.92,0.872
R890,elm,62209.8,12814.2,3416.1,70.89,1.148
R891,pine,50869.2,13836.8,2236.4,52.73,0.95
R892,elm,51657.8,13659.3,2178.2,22.17,0.829
R893,elm,53695.2,13503.1,2100.6,72.18,1.017
R894,elm,55909,13460.5,2312.4,-253.28,0.879
R895,elm,60657.6,13945.9,3253.1,-152.37,0.896
R896,pine,61233.6,13453.4,3303.4,19.42,1.095
R897,elm,49542,14241.7,2290.2,-62.21,1.086
R898,pine,53145,14391.2,2323.2,-234.45,0.907
R899,pine,55549.1,14512.4,2406.7,-68.91,0.91
R900,elm,55901.9,14341.6,2438.4,-241.84,0.878
R901,pine,57452.2,14254.4,2714.6,-32.01,0.96
R902,elm,52922.7,15489.7,2596.7,-170.88,1.159
R903,elm,55350.6,15187.2,2495.8,40.38,0.801
R904,elm,56259,15539.3,2707.4,-79.12,0.857
R905,elm,56594.5,15332.6,2713,-240.64,0.948
R906,elm,57438.6,15376.8,2992.5,-28.06,0.855
R907,pine,58741.7,15532.4,3294,-162.46,1.002
R908,pine,59995.4,15348.9,3524.1,-189.18,1.172
R909,pine,60569.5,15167.8,3553.8,12.45,1.013
R910,pine,44117.2,15988.8,3083.4,-162.55,0.892
R911,elm,44688.7,15946.1,3375.8,76.76,1
R912,pine,51027.4,16169,2826.2,72.53,1.035
R913,pine,53246.6,15769,2639.7,51.52,1.07
R914,elm,53610.2,15714.6,2583.2,12.56,1.111
R915,pine,54699.7,15736.1,2558.4,25.4,0.872
R916,pine,55182.6,16269.5,2709.8,-222.17,0.802
R917,pine,55744.6,15888,2701.5,21.27,0.915
R918,pine,57743.7,16202.6,3205.9,-106.42,0.894
R919,pine,58159.2,16280.8,3365.9,-34.7,1.049
R920,elm,59776.5,15981.9,3654.3,-0.99,1.146
R921,elm,60986.9,15750.8,3875.4,-172.38,1.093
R922,elm,52267.4,16729.1,2896.5,-241.71,1.06
R923,pine,53231.6,16921.9,2731.3,41.12,0.842
R924,pine,53690,16721.6,2712.7,56.36,0.864
R925,elm,56081,16701.9,2926.8,-168.91,0.847
R926,pine,61454.9,16927.2,4114.6,-202.67,1.192
R927,elm,62263.3,16686.9,4186.6,-253.06,1.121
R928,elm,44839.5,17402.6,3436,-37.34,0.84
R929,elm,48044,17655.2,3444.1,-114.18,0.866
R930,elm,53921.5,17788,2765.2,-148.88,0.952
R931,elm,54525.8,17258,2841.2,-220.68,1.051
R932,pine,55708.8,17374.8,2940.9,85.88,1.16
R933,pine,56618.4,17305.8,3067.6,-1.01,1.141
R934,elm,62297.8,17704.2,4551.5,-130.94,1.014
R935,elm,43710.1,18490,3717.2,-42.14,0.857
R936,elm,51519.7,18312,3221.9,-171.09,0.937
R937,pine,56286.4,18282.1,2919.8,-229.47,1.141
R938,pine,62936.3,18286.7,4730.5,-76.96,1.118
R939,pine,63641.5,18198.4,4737.5,48.65,1.111
R940,pine,44064.8,18770.5,3662.1,-132.85,1.031
R941,pine,47008,18767.7,3595.3,45.75,1.024
R942,elm,48711.8,18893.9,3684.8,-258.35,0.837
R943,pine,48969.4,19198.7,3676.7,-58.58,0.92
R944,elm,52026.2,19016.9,3044.2,-182.56,0.938
R945,pine,53507.6,18799.3,2696.8,-147.94,1.014
R946,pine,54532.6,19054.5,2802.2,31.45,0.973
R947,elm,57263.3,18869,2968.4,-24.43,1.061
R948,elm,58267,19223.2,3483.7,-226.36,1.191
R949,elm,59638.2,18993.5,4108.8,-100.76,1.018
R950,pine,61444.6,19102.9,4729.1,-62.09,1.04
R951,elm,63410,18831.3,4819.1,-10.14,0.823
R952,elm,64262.6,18715.4,4720.7,-23.56,1.011
R953,pine,65064.1,18844.5,4424.7,-151.75,1.122
R954,pine,66499.4,18950.8,4071.9,-166.74,0.992
R955,elm,45255.1,19698.6,3552.5,-206.09,0.966
R956,elm,46060,19805.5,3699.2,80.81,1.02
R957,pine,48584.6,20011.1,3849.4,-86.82,1.179
R958,pine,49951.6,19665.4,3850.5,-57.04,0.923
R959,elm,50946.5,19608.3,3274.3,-187.14,1.048
R960,pine,51664.2,19875,3111.4,11.13,1.154
R961,elm,52733.5,19722.1,2981.5,-249.4,1.012
R962,pine,54409.6,19748.9,2796.6,-55.09,0.862
R963,elm,55473.2,19886.8,2807.5,65.6,1.178
R964,elm,56972.1,19897.5,2819.1,12.01,1.071
R965,pine,58996.3,19827.9,3689.3,-249.4,0.92
R966,pine,60496.6,19743.6,4392.6,-113.24,1.135
R967,elm,62942.6,19597.2,4794.8,-200.8,1.114
R968,pine,65263.8,19531.6,4387,-60.19,0.954
R969,elm,65600,19735.6,4303.5,71.39,1.056
R970,pine,67011.6,19821.5,4283.3,-119.58,0.884
R971,pine,46116.3,20381.3,3793.5,-76.69,0.836
R972,elm,47541.3,20407.4,4536.2,-254.44,0.831
R973,pine,48364.7,20275.3,3929.7,37.61,1.144
R974,elm,49226,20741.8,3666.6,-118.46,0.955
R975,pine,50954.5,20355,3431.3,-259.4,1.037
R976,elm,53259.2,20464.3,2902.3,50.36,1.002
R977,elm,56539.4,20564.1,2822.8,-152.89,1.075
R978,elm,57582,20567.7,3017.5,-202.49,0.812
R979,pine,58103.6,20747.3,3173.4,-4.83,1.072
R980,pine,61946.4,20480.8,4905.2,-86.66,1.194
R981,elm,62706.9,20302.1,4771.5,-237.92,0.903
R982,elm,63327.8,20638.5,4793.7,54.96,0.978
R983,elm,64419.1,20310.6,4840,-113.18,1.064
R984,elm,65062.2,20570.5,4787.4,-45.98,1.068
R985,elm,65541.3,20504.4,4624.6,25.87,0.994
R986,pine,47494.4,21264.3,4534.9,47.1,1.139
R987,pine,48716.7,21292.1,3758.7,53.68,0.987
R988,pine,51448.1,21163.7,3515.3,77.04,1.131
R989,elm,53450.6,21068.1,2961.3,13.1,1.113
R990,pine,58993.8,21018.1,3685,-79.21,0.875
R991,pine,60461.9,21003.5,4451.1,-112.14,1.056
R992,pine,61171.6,21035.4,4822.3,-84.3,0.901
R993,pine,62271.4,21200.9,4960.7,-191.29,1.156
R994,pine,62510.2,21269.8,4949.7,-176.63,0.837
R995,pine,65792.5,21349.9,4805.3,-187.83,1.193
R996,pine,69011.7,21010.7,5028.9,-155.48,1.018
R997,pine,47055.9,21919.2,4508.6,-214.36,1.194
R998,pine,47788,21935.6,4242.8,-196.33,1.003
R999,elm,48604.2,22130.6,3845.1,-71.07,0.846
R1000,pine,50925,22190.9,4023.9,-74.44,1.15
R1001,elm,51310,22140.3,3955.1,-93.81,1.129
R1002,pine,52183.7,21715.7,3471.6,-257.85,0.933
R1003,pine,56498.2,21881.4,2964.3,-83.94,0.809
R1004,pine,58535.4,21942.2,3301.7,-265.2,1.149
R1005,pine,60481.2,22181.1,4238.3,-139.32,1.018
R1006,pine,62901.3,21889.4,4980.7,-76.77,1.132
R1007,elm,65768.3,21916.6,4879.7,-125.62,1.14
R1008,elm,67544,22047,4868.3,-239.88,1.057
R1009,elm,44154.6,22475.3,5153.9,-213.08,0.981
R1010,elm,46046.4,22960.1,4670.6,-255.13,1.135
R1011,elm,48503.4,22931.8,4108.3,-34.3,1.032
R1012,elm,49147.2,22822.4,3865.4,29.39,1.093
R1013,elm,51551.4,22577.1,3806.3,-236.63,0.916
R1014,elm,53823.8,22558.8,3352.6,81.7,1.08
R1015,elm,59240.6,22528.6,3499.7,-68.2,0.847
R1016,elm,59853,22603.8,3869.1,-183.69,1.112
R1017,pine,61856.4,22567.1,4545.9,-73.28,1.062
R1018,pine,65209.5,22542.3,5133.8,36.88,0.844
R1019,pine,67314.5,22530.6,4910.3,-244.86,1.153
R1020,pine,69536,22702.3,5280.7,-261.82,0.988
R1021,pine,47145.3,23293.5,4219.3,-85.98,0.87
R1022,pine,48714.8,23780.1,4410.7,-197.81,1.162
R1023,elm,49009.6,23515.6,4161.6,-41.17,1.09
R1024,pine,51039,23610.3,3850.4,-10.22,1.092
R1025,pine,53212.3,23576.8,3689,-103.93,1.143
R1026,elm,53893.1,23646.6,3623.1,-94.23,0.822
R1027,elm,54710.4,23266.5,3289.2,-146.92,0.952
R1028,elm,55322,23611.5,3160.7,-168.55,0.933
R1029,elm,57211.9,23716.7,3052.3,-256.68,1.163
R1030,elm,58810.5,23275.1,3156.4,-161.98,0.996
R1031,pine,60392.6,23521.1,4057.5,-103.56,0.81
R1032,elm,61038.3,23328.6,4257.6,-268.42,0.97
R1033,elm,62164.9,23711.2,4383.3,-215.78,1.103
R1034,pine,64228.2,23464.9,4718.9,-226.76,0.895
R1035,elm,66023.7,23463.6,5084.8,-193.96,0.842
R1036,elm,68501.1,23593.3,5126.6,-119.36,1.099
R1037,pine,43935.5,24372.6,6484.7,-70.4,1.168
R1038,pine,44934.7,24438.4,5594.3,58.27,1.066
R1039,pine,49424.9,24219.2,4035.6,85.27,0.978
R1040,elm,49761.2,24387.4,3937.2,84.31,0.869
R1041,pine,52016.1,24015.4,3588.4,-12.66,0.901
R1042,elm,53860,24041.6,3538.8,-57.75,1.053
R1043,elm,55933.2,24373.2,3142,-41.8,1.172
R1044,pine,59545.7,23973.7,3481.4,-217.68,0.931
R1045,elm,60775.4,24411.3,4014.7,32.14,1.194
R1046,elm,61728.9,24112.2,4197.5,11.33,1.087
R1047,elm,62523,24471.5,4309,15.84,0.828
R1048,pine,64816.4,24482.1,4688.5,-97.68,0.909
R1049,elm,66041.6,24459,4949.7,-32.15,0.939
R1050,elm,68274.7,24109.3,5048.7,-172.2,0.987
R1051,pine,68972.4,24243.5,5043.2,-25.34,1.199
R1052,elm,69367.1,24345.1,5068.6,-104,0.963
R1053,elm,44107.5,25001.8,6604.6,13.84,0.965
R1054,pine,46878.2,25032.3,4818.7,-41.09,0.959
R1055,elm,48777.1,24907.7,4680.5,-230.12,0.887
R1056,pine,49232.1,25260.3,4206.6,-253.3,0.835
R1057,pine,50687.2,24722.3,3907.7,-116.9,0.838
R1058,pine,53274.6,24897.9,3478.9,-177.78,1.018
R1059,pine,55466.3,24823.1,3225.9,50.76,0.883
R1060,pine,55842.1,25054.4,3281,82.57,0.832
R1061,pine,56577.6,25108.3,3242.2,-249.28,0.925
R1062,pine,59185.4,25252,3376.6,-89.96,0.854
R1063,pine,60591.8,25282.8,3782.9,67.99,0.86
R1064,elm,64020.8,24923.6,4432.9,-149.56,1.153
R1065,pine,66038.2,25245.6,4950.1,-45.8,0.857
R1066,elm,67080.1,25119.7,4853.8,-226.15,0.936
R1067,elm,68627.6,24735.5,4959.4,-10.65,1.179
R1068,pine,44687.5,25896,6504.7,-131.11,0.831
R1069,elm,47199.7,25583.7,5037.2,83.68,1.078
R1070,pine,47566.7,25830.3,5162.1,72.19,1.05
R1071,elm,49114.3,25475.7,4363,-180.92,1.081
R1072,elm,52274.1,25507.4,3726.6,-177.17,1.071
R1073,pine,53915.2,25883.2,3248.1,13.64,0.854
R1074,pine,54374.7,26031.2,3329.1,-65.24,1.028
R1075,elm,55545.1,25984,3630.4,-25.14,0.869
R1076,pine,56499.8,25918.9,3387,-49.01,1.003
R1077,pine,60046.3,25480.6,3635.7,-37.89,0.912
R1078,elm,62916.1,25567.1,4201.1,-203.81,0.886
R1079,pine,64185.8,25660.8,4516.9,-230.77,0.832
R1080,pine,65144.8,25937.9,4882.3,-178.9,0.902
R1081,pine,44023,26412,7528.8,37.1,0.848
R1082,pine,47918.4,26217,5334.5,80.87,0.88
R1083,elm,48324.6,26561.4,5181.1,-262.09,0.814
R1084,elm,51395.2,26678.8,3739.8,-156.42,0.828
R1085,elm,53138.4,26537.7,3277.8,-35.38,0.926
R1086,elm,54440.1,26480.9,3560.6,34.26,0.972
R1087,pine,57430.4,26583.5,3206.6,-107.63,1.057
R1088,elm,59530.6,26253.1,3516.5,65.29,0.997
R1089,elm,62032.7,26712.9,4190,9.82,1.055
R1090,elm,63391.2,26554.2,4400.4,-13.24,0.97
R1091,pine,64546.5,26222.8,4678.8,81.49,0.815
R1092,pine,65079.7,26694.5,4842.5,24.45,0.823
R1093,elm,66665,26777.7,4817.6,-172.82,1.036
R1094,pine,67099.3,26443.6,4924.7,-47.18,1.136
R1095,pine,43514.4,27279.3,6970.8,27.67,1.001
R1096,pine,47686.8,27006.7,5861.7,-37.66,0.867
R1097,pine,51269.8,27419.8,3745.3,-63.9,1.02
R1098,elm,52252,27426.4,3557,-14.28,0.931
R1099,elm,53895.6,27271.2,3659.1,-129.19,0.93
R1100,pine,54306.9,27195.4,3823.4,6.6,1.06
R1101,elm,57675.1,27301.5,3146.1,-189.13,1.067
R1102,elm,58843.5,26965.6,3317.6,-136.95,1.013
R1103,pine,59891.2,27498.4,3592.5,72.95,0.914
R1104,pine,60492.5,27411.4,3818,-105.6,1.107
R1105,elm,61317.3,26970.7,3943.6,-64.69,0.963
R1106,pine,62276.7,27159.5,4324.9,-168.56,1.061
R1107,pine,62832.9,27297.4,4542.5,21.44,1.11
R1108,elm,64022.1,27241.3,4687.5,58.48,1.105
R1109,elm,46172.9,28049.1,6760.4,-166.68,1.135
R1110,elm,47861.5,28140.1,6011.2,-264.9,0.878
R1111,elm,48383.1,27791.8,5273.7,-76.54,1.2
R1112,elm,50998.1,28222.3,3778.3,5.78,1.106
R1113,pine,53129,28234.4,4091.4,-51.69,0.989
R1114,pine,55514.8,27947.2,3313.1,-92.54,1.085
R1115,pine,57691.1,27972.8,3114.4,-35.03,0.953
R1116,pine,59686,27736.5,3526,14.8,1.105
R1117,pine,62711,27992.2,4609.1,-159.4,0.997
R1118,pine,63719.8,28037.8,4723.5,-139.48,1.13
R1119,elm,65535.6,28279,4999.4,-65.19,1.164
R1120,elm,66261.2,28139,5076.6,-236.98,0.996
R1121,elm,42681.3,28727.5,7017.2,-247.22,1.01
R1122,pine,44697.1,28526.5,6886.7,52.92,1.019
R1123,pine,45315.7,28495,6998.1,-60.63,0.957
R1124,elm,46220.2,28452.7,6558.7,-215.44,0.966
R1125,pine,49747.3,28548.8,4794.5,52.28,0.832
R1126,elm,53508.6,28623.3,4015.1,-86.98,0.922
R1127,pine,54517.2,28817.2,3391.6,-29.97,0.886
R1128,pine,57386.4,29012.5,3050.5,-114.69,1.064
R1129,elm,59243.3,28452.9,3425.4,-255.62,0.976
R1130,pine,60318.4,28546,3560,75.96,0.823
R1131,elm,61123.6,28667.9,3671.8,-154.1,1.043
R1132,pine,64968.6,28925.8,4961.6,-13.86,1.025
R1133,elm,65498.5,28600.7,4962.3,11.86,0.937
R1134,pine,67855.6,28944.7,5289.5,-152.21,1.149
R1135,pine,43708.8,29580.1,6873.7,-98.13,1.072
R1136,elm,45019.6,29613.5,7334.7,29.41,1.165
R1137,elm,50720.3,29684.5,4865.1,-167.92,0.937
R1138,pine,59077.9,29336.4,3278.8,-150.52,0.842
R1139,pine,59734.3,29718.9,3338.5,57.77,1.166
R1140,pine,62222.9,29200.7,4378.6,-228.98,0.972
R1141,pine,63317.3,29219.5,5033.6,18.05,1.015
R1142,elm,66602.8,29212,5275.6,35.16,1.133
R1143,elm,67808.2,29500,5261.1,-165.36,1.057
R1144,pine,69516.6,29479.8,5153.1,62.95,1.031
R1145,elm,44155.3,30004.8,6774.3,-160.88,1.051
R1146,elm,51047.7,30206.1,4830.1,-132.85,1.136
R1147,elm,52943.1,30219.7,3872.8,-175.53,1.098
R1148,elm,54453.8,30101.8,3506.1,-155.59,0.851
R1149,elm,55462.9,30399.9,3205.8,-146.9,0.882
R1150,elm,55872.3,30057.7,3176.8,63.26,0.925
R1151,pine,56502.9,30514.6,3168.9,-214.85,1.047
R1152,elm,57695.6,30315.4,3064.3,66.79,0.93
R1153,pine,62050.3,29970.3,4325.5,-191.26,1.017
R1154,elm,64243.5,30137.6,5255.2,29.33,0.91
R1155,pine,67010.8,30345.9,5260.8,-48.26,0.993
R1156,elm,46359.1,31047.2,7758.6,63.69,1.011
R1157,pine,46775.9,31152.9,7578.8,-186.01,0.922
R1158,elm,51303,30938.7,4856.5,-123.39,1.014
R1159,elm,54795.7,30896.6,3424.5,-49.91,0.867
R1160,pine,56179.1,30867.5,3223.5,-46.64,1.183
R1161,pine,57340.5,30958.1,3288.7,-9.83,0.993
R1162,pine,59006.2,31165.7,3307.5,20.23,0.805
R1163,elm,60538,30936.1,3543.8,78.86,1.15
R1164,elm,63433.2,31153.8,5243.6,-238,0.854
R1165,pine,67328.8,31271.1,5318.9,-20.85,0.81
R1166,elm,48628.4,31924.2,6031.2,-250.45,0.85
R1167,elm,49341.1,31471,6167.5,-131.36,1.066
R1168,elm,50847.2,31579.4,5328,-84.78,0.817
R1169,elm,52298,31539.4,3995.4,-114.27,0.911
R1170,pine,53932.2,32027.7,3629.7,-118.57,0.983
R1171,elm,54606.4,31674.5,3363.7,-251.28,1.126
R1172,elm,56097.5,31484.1,3370.4,-93.44,1.046
R1173,pine,62676.2,31782.4,4686.1,-101.83,1.066
R1174,pine,47899.2,32386.2,6527.1,-82.31,0.821
R1175,pine,48373.4,32616.6,6363.4,-229.99,0.972
R1176,elm,52075.1,32438.6,4591.7,-135.81,0.983
R1177,elm,53085.2,32613.1,3907.7,-58.68,1.197
R1178,elm,53574.8,32444.7,3786.1,88.6,0.884
R1179,pine,54697.6,32753,3535.7,-65.32,1.111
R1180,elm,55322.3,32606.8,3564,43.9,0.996
R1181,elm,55769.9,32409.7,3567,-58.25,1.063
R1182,pine,57332.9,32478.2,3453.2,-37.25,0.973
R1183,elm,61189.4,32536,3916.3,-144.53,1.122
R1184,elm,62499.8,32683.9,4544,-174.94,0.909
R1185,pine,64151.2,32720.1,5582.9,-219.8,1.144
R1186,pine,64921.8,32208,5826.7,-114,0.921
R1187,elm,46743.6,33277,6451.7,-125.04,1.073
R1188,pine,49794.5,33222.3,5213.7,-230.42,1.138
R1189,pine,54612.9,33107,3672.3,-1.29,1.038
R1190,elm,60342.3,33542.2,4005.2,-106.95,1.156
R1191,elm,62936.3,33022.9,4669.6,-217.63,1.055
R1192,elm,64464.6,33398.4,5356.3,86.42,0.969
R1193,elm,49350,34112.1,5188.3,-98.64,0.865
R1194,pine,55514.8,33806.2,3873.7,7.55,1.01
R1195,elm,57557.2,34132,3830,-86.8,1.04
R1196,pine,58485.7,34198.3,3719.8,25.9,1.052
R1197,pine,58927.2,34148.9,3734,-8.7,0.872
R1198,pine,61895.7,33947.9,4290.3,58.63,1.004
R1199,elm,62582.7,33966.8,4381.5,35.22,1.15
R1200,elm,64529.1,34201.6,4950.3,-67.25,0.973
R1201,elm,66998.5,34074.2,5467.6,-157.82,0.879
R1202,pine,48457.2,34684.3,5612.2,-69.41,1.126
R1203,pine,50516.9,34692.3,4529.2,-187.42,0.889
R1204,pine,53061.8,34544.4,4282.6,20.63,1.139
R1205,pine,54346.5,34638.8,4053.5,-127.9,1.146
R1206,elm,55546,34481.2,3784.3,-210.38,0.936
R1207,pine,57651,34733.6,3663.7,-169.31,0.949
R1208,elm,59689.1,34457.2,4009.2,-54.56,0.884
R1209,pine,61011.9,34736.1,4298.7,-140.41,0.891
R1210,pine,63507.6,34557.5,4500.1,52.76,0.856
R1211,pine,64731.3,34737.4,4870.3,-67.2,0.974
R1212,elm,50235.7,35791.2,4609.7,-69.96,0.946
R1213,elm,52473.7,35750.7,4161.9,65.51,0.836
R1214,pine,53487.3,35463.4,3849.3,-260.19,0.823
R1215,elm,58310.4,35452.3,3712.5,-188.83,1.008
R1216,elm,62084.6,35352.1,4322.6,-23.22,1.105
R1217,elm,62673.2,35469.2,4373.1,-87.75,0.877
R1218,elm,63960,35701.9,4615.6,-41.39,1.049
R1219,pine,64793.8,35205.7,4753.9,-125.91,1.195
R1220,pine,50483.2,35978.6,4376.5,-39.13,1.048
R1221,pine,51229.5,36231.6,4219.6,-170.97,0.975
R1222,elm,53023.5,36009,3738.7,-35.05,0.92
R1223,elm,53544.7,36096.8,3676.4,-207.38,1.011
R1224,elm,54633,36524.5,3620.7,-74.22,1.151
R1225,pine,55957.2,36457.9,3494.4,-37.58,1.132
R1226,pine,61296.7,36100.9,4209.4,65.34,0.805
R1227,elm,49070.6,37130.8,5455.6,-235.1,1.035
R1228,elm,49761.8,37169.1,5049.9,-76.31,1.091
R1229,elm,54343.3,36985.2,3578.2,-257.62,0.847
R1230,pine,62206.2,36844.6,4389,-261.06,1.134
R1231,pine,55067.8,38032.3,3496.1,44.79,1.185
R1232,elm,55732.2,38022.3,3582.1,-22.53,1.016
R1233,pine,47236.2,38406.5,6706.7,-204.78,1.165
R1234,pine,-55010.9,-69569.2,20349.8,-198.99,1.165
R1235,pine,-42207.3,-69406.4,19923.2,-185.81,1.069
R1236,pine,-40207.4,-69297,17590.3,-124.06,0.842
R1237,pine,-38996.7,-69450.8,18060.1,-77.23,1.045
R1238,pine,-37914.3,-69345.6,18689.6,-100.96,0.808
R1239,pine,-36468.9,-69262,19994.5,-112.96,0.918
R1240,pine,-33293.2,-69292.3,20069.8,-235.27,1.179
R1241,pine,-17272,-69205.4,19019.1,78.08,1.23
R1242,pine,-16628.4,-69330.2,19752.5,-267.06,0.919
R1243,pine,8096.9,-69532.6,16975.8,-65.27,1.075
R1244,pine,8641.2,-69556.3,16765.2,-107.81,0.914
R1245,pine,9803.1,-69408.3,14264.8,-120.24,1.14
R1246,pine,12511.2,-69330.9,14705,-266.04,0.962
R1247,pine,14895.7,-69243.1,16016.9,-193.22,0.846
R1248,pine,17236.7,-69331.8,17252.1,-267.22,0.923
R1249,pine,35680.6,-69296.1,19269.8,-230.96,0.93
R1250,pine,51699.3,-69571.2,20095.9,-203.06,1.219
R1251,pine,54032.9,-69342.3,20155.4,-245.87,1.158
R1252,pine,56567.5,-69225.6,17737,33.13,1.083
R1253,pine,58525.6,-69252.5,16271.8,26.93,0.821
R1254,pine,59807.6,-69378,17690.9,-189.52,1.186
R1255,pine,62062.4,-69516.5,17519.4,-52.85,0.833
R1256,pine,63344.9,-69416.1,17881.7,-269.62,0.876
R1257,pine,66230.4,-69220.4,18137.7,-159.26,0.812
R1258,pine,67506.8,-69320.4,19424.4,13.89,0.919
R1259,pine,-53861,-68740,21646.2,-111.39,0.975
R1260,pine,-44205,-68491.6,20141.3,12.12,1.04
R1261,pine,-40787.7,-68742.9,17965.3,-4.78,0.954
R1262,pine,-40069.5,-68671.4,17117.2,-252.83,1.117
R1263,pine,-39144.5,-68978.8,18071,89.56,0.964
R1264,pine,-38456.1,-69146.2,18608.8,-35.31,1.179
R1265,pine,-37268.5,-69069.3,19451.8,-118.09,0.994
R1266,pine,-24283.8,-68436.3,19342.3,-109.98,0.948
R1267,pine,-17864.4,-68721.1,18069.7,46.47,0.913
R1268,pine,-16628.9,-68669,18454.3,-17.65,1.168
R1269,pine,5590.1,-68731.1,20081.2,-31.38,0.843
R1270,pine,6760.8,-68938.5,18715.1,-80.93,1.013
R1271,pine,7792.7,-68557.4,17678,-72.27,0.906
R1272,pine,9349.5,-69194.1,14937.4,-14.84,1.006
R1273,pine,10087.8,-68427.9,14017.1,-150.36,1.132
R1274,pine,11540.2,-68795.9,14392.8,-198.97,0.861
R1275,pine,11786.3,-68622.8,13903.3,-52.41,1.064
R1276,pine,12407.2,-68560.4,13840.6,-65.25,0.825
R1277,pine,13753.1,-68827.6,15237.8,-207.65,1.064
R1278,pine,14494.2,-69055.2,15798.7,-12.16,0.923
R1279,pine,15236.5,-68434.2,16209.1,8.83,1.021
R1280,pine,16323.7,-68471.1,16624.6,14.94,0.879
R1281,pine,17056.7,-69171.1,16908.7,-150.93,1.149
R1282,pine,18473.5,-68849.9,18677.8,-170.1,0.96
R1283,pine,31624.2,-68474.3,21255.9,80.38,1.046
R1284,pine,33343.3,-69179.2,20054.2,-175.38,0.991
R1285,pine,34039.1,-68512.7,20020,-94.94,1.16
R1286,pine,37234.1,-68882.8,17580.7,10.03,0.997
R1287,pine,38726.5,-69048.4,16536,-187.31,0.898
R1288,pine,48156.5,-68452.9,21717.7,-63.18,0.846
R1289,pine,55612.9,-68495.6,17507.8,73.89,1.218
R1290,pine,56881,-68708.7,16619.6,-212.19,1.078
R1291,pine,57996.4,-69069,15902.7,-186.5,1.058
R1292,pine,58757.3,-68681.7,15695,-105.97,1.167
R1293,pine,59412.9,-68722.5,16654.8,-114.75,0.873
R1294,pine,59753,-68558.5,16805.3,-95.87,1.069
R1295,pine,60771.4,-68530.3,18029,-130.5,1.123
R1296,pine,61514.3,-69171.5,18002.3,-256.29,1.12
R1297,pine,62326.3,-69044,17804.7,-187.85,0.88
R1298,pine,63081.9,-68944.8,17672.1,-220.67,0.835
R1299,pine,63826.7,-69165.2,18059.3,-207.25,1.036
R1300,pine,65081.4,-68519.3,18036.2,-60.88,0.855
R1301,pine,65619.3,-69083,18241.4,-221.29,1.21
R1302,pine,66207.7,-68505.2,18325.7,-219.36,0.905
R1303,pine,67421.7,-69191.3,19268.8,-49.98,1.192
R1304,pine,68083.6,-68646.7,20124.9,-54.67,1.105
R1305,pine,-45038.4,-68392.4,20651.2,-120.42,1
R1306,pine,-43948.6,-67965.6,20809,-222.57,0.94
R1307,pine,-41203.3,-68385.3,17795.2,-93.6,0.918
R1308,pine,-40832.5,-68047.7,17142.7,-241.93,0.803
R1309,pine,-39905.4,-68246.4,17310,-125.2,1.175
R1310,pine,-38814,-67864.6,18390.5,-100.34,1.135
R1311,pine,-37543.4,-68037.5,18615.6,-152.69,1.167
R1312,pine,-26253,-68136.3,20655.5,-106.97,1.011
R1313,pine,-23705.3,-68077.5,19801.8,-113.65,1.089
R1314,pine,-18888,-68161.6,17269.9,-234.67,0.821
R1315,pine,-16034.8,-68101.8,18554.6,-138.81,1.053
R1316,pine,-14466.1,-68017,21348.3,-160.52,1.104
R1317,pine,4843.3,-68048.4,19919.2,-114.69,0.958
R1318,pine,7366.6,-67847.4,18016.1,-42.59,1.114
R1319,pine,7765.9,-68364.1,17625.3,-259.01,0.854
R1320,pine,8859.9,-68012.1,16526.3,-31.13,1.118
R1321,pine,9279.4,-67747.3,15537.7,14.06,1.05
R1322,pine,10717.3,-67735.8,14271,-237.52,1.157
R1323,pine,11241.2,-68354.5,14685.9,-184.73,1.103
R1324,pine,11971.1,-67707.3,14104.6,-89.89,0.896
R1325,pine,12483.2,-68237.8,14120.9,20.68,0.963
R1326,pine,13490.4,-67672.4,15520.6,-151.17,0.993
R1327,pine,14557.5,-67818,16441.2,17.67,0.856
R1328,pine,15075.6,-67738.5,16241.2,54.57,1.058
R1329,pine,16190.2,-67639.7,16791.1,-186.37,1.088
R1330,pine,17087.7,-68376.3,16039.7,-189.25,1.186
R1331,pine,17931,-67844.8,16545.1,-117.23,1.215
R1332,pine,18411.9,-68185.7,17646.9,-89.48,1.002
R1333,pine,25965.4,-68238.5,21787.4,-67.96,1.002
R1334,pine,34101.1,-67920.2,20657.1,-37.15,0.907
R1335,pine,47269.5,-68331.4,21538.1,-51.2,0.866
R1336,pine,50414.7,-68221.6,20911.1,76.65,1.231
R1337,pine,54542.4,-68052.7,18928.2,-236.22,0.862
R1338,pine,55482.5,-67604.4,17997.2,-104.6,0.873
R1339,pine,56026.5,-68188.8,16713.4,-181.22,1.008
R1340,pine,56731.5,-68223.8,16494.6,-167.53,1.075
R1341,pine,57758,-67895.1,15854.2,37.52,0.864
R1342,pine,58402.1,-67603.9,15882.7,-127.53,1.236
R1343,pine,59177.7,-67720.9,16749.6,-247.7,1.144
R1344,pine,59772.3,-68225.5,16713.4,-18.26,0.803
R1345,pine,60588.2,-68344.5,17620.3,-208.94,0.901
R1346,pine,61855.4,-67940.5,17789.6,81.8,0.889
R1347,pine,62342.8,-67736,17668.2,5.01,1.167
R1348,pine,63370.9,-68124.2,17072.4,-200.51,0.848
R1349,pine,64366.6,-68076.1,18372.7,-133.68,0.835
R1350,pine,65059.6,-67768.3,17842,-5,1.046
R1351,pine,65368.9,-68230.9,17907.9,38.78,0.901
R1352,pine,-68666.3,-67034.3,15373.9,-57.54,1.198
R1353,pine,-42913.9,-66804.1,19887.3,-220.37,1.126
R1354,pine,-42395.1,-67220.3,19508.5,-21.02,1.012
R1355,pine,-41799.7,-67321.6,18999.8,29.02,1.241
R1356,pine,-40447.7,-67097.2,18124.1,-176.37,1.236
R1357,pine,-39759.5,-66843.9,18830.5,40.85,1.04
R1358,pine,-39449.1,-67212.3,18583.4,84.65,0.94
R1359,pine,-38447.5,-67309.8,18332.7,-59.31,1.007
R1360,pine,-37508.2,-67072,19006.3,56.54,0.843
R1361,pine,-36407.5,-67061.1,20730.3,-221.48,1.106
R1362,pine,-25304.8,-67215.7,18718.7,-178.1,1.046
R1363,pine,-24381.5,-67367.9,18459.1,-142.49,0.884
R1364,pine,-17988.5,-66946.5,16444.5,-200.68,1.126
R1365,pine,-16731,-67330.1,17576.3,-207.29,1.177
R1366,pine,-16398.9,-67494.5,18142.2,83.97,1.078
R1367,pine,-14610.2,-67471,19924.1,-149.76,0.822
R1368,pine,-6032.7,-67119.7,19379.8,-47.52,1.008
R1369,pine,-454.7,-67291.1,19277.7,15.96,1.241
R1370,pine,7578.6,-67370.7,17864.4,-100.28,1.174
R1371,pine,8149.5,-67558.6,18159.1,-210.57,1.007
R1372,pine,8780,-66885.6,17996.1,-57.6,1.01
R1373,pine,9380.6,-67098.3,16064.4,31.78,0.865
R1374,pine,10396,-67231.1,14381.8,-258.14,0.84
R1375,pine,10899.5,-66948,14740.2,-156.27,1.078
R1376,pine,12218.4,-67403.6,14524.2,-49.61,1.014
R1377,pine,13108.5,-67425.3,14732.7,43.62,0.896
R1378,pine,13252.1,-66809.5,15339.4,-140.2,1.105
R1379,pine,14535.7,-67141,16426.9,-38.24,0.833
R1380,pine,15065.6,-67581.9,16278.1,-14.11,0.897
R1381,pine,15824.9,-66913,16590.7,61.52,1.078
R1382,pine,16665.8,-67245.2,16201,-83.83,0.951
R1383,pine,17917.4,-67542.3,16408.1,-141,1.247
R1384,pine,18296.4,-67337.1,17045.6,-43.25,0.825
R1385,pine,18969.1,-66812.7,18366,-113.35,0.909
R1386,pine,33288.5,-67055.5,22676.3,65.78,1.103
R1387,pine,38569.1,-66994.3,20609.3,-266.59,0.894
R1388,pine,40243.2,-67026.6,19477.1,-47.74,1.09
R1389,pine,45854.3,-67479.3,20816.1,25.37,0.978
R1390,pine,54148.9,-67377.8,19122.5,-174.75,1.216
R1391,pine,55478,-67499.2,18190.3,-53.33,1.191
R1392,pine,56221.8,-67088.5,17213.8,63.26,1.016
R1393,pine,57033.5,-66990.3,16124.8,-185.74,1.108
R1394,pine,57657.8,-67295,15720.9,-219.3,0.992
R1395,pine,58079.3,-67523.7,15906.7,-190.43,1.007
R1396,pine,59359.2,-67375.8,17141.2,-104.53,0.967
R1397,pine,59631.9,-67417.6,17162.5,70.29,0.825
R1398,pine,61169.6,-67124,18417.3,-116.78,0.991
R1399,pine,61365.6,-67579.6,18412.3,87.41,1.177
R1400,pine,63389.7,-67182.3,16383.8,-1.03,1.239
R1401,pine,63646.8,-67039.5,16400.5,-16.97,0.913
R1402,pine,64645.8,-67020.4,17654.3,42.53,0.828
R1403,pine,66178.6,-67035.4,18769.7,-198.72,0.846
R1404,pine,-69437.9,-66704.2,15425.8,-135.18,0.8
R1405,pine,-69066.4,-66409.2,14170.4,-25.17,0.91
R1406,pine,-66291.6,-66115.1,14368.4,-194.19,0.847
R1407,pine,-42917.1,-66441.3,19784.8,-205.63,0.902
R1408,pine,-40891.2,-66414.1,19317.7,-149,0.807
R1409,pine,-39843.4,-66567.8,19031.8,-13.8,1.203
R1410,pine,-26425.3,-66438.7,20871.3,-161.27,1.19
R1411,pine,-24313.5,-66736,18089.3,-66.9,1.049
R1412,pine,-19842,-66729.1,15968.4,-54.83,1.145
R1413,pine,-19020.9,-66298.2,15461.9,-237.06,1.192
R1414,pine,-18369.9,-66279.7,15895.9,-20.77,0.965
R1415,pine,-584.9,-66284.1,19456,-235.61,0.971
R1416,pine,6669.9,-66210.9,18872.6,-104.14,1.188
R1417,pine,8205.7,-66557.2,17064.2,-30.15,0.895
R1418,pine,8836.8,-66657.6,17785.3,-44.97,0.998
R1419,pine,9994.7,-66298.4,16228,-107.53,0.882
R1420,pine,10356.3,-66242.1,15476.2,-245.85,0.857
R1421,pine,11081.5,-66362.7,15397.2,-189.77,0.94
R1422,pine,11761.7,-66069.4,14738.3,67.1,1.084
R1423,pine,12582.9,-66003.8,15098.8,-56.16,0.813
R1424,pine,13636.4,-66002.2,16812.2,-96.62,0.907
R1425,pine,14787.5,-66422.4,17137.8,-40.44,1.047
R1426,pine,15445.5,-66409,16799.6,-263.26,1.022
R1427,pine,15885.4,-66490.2,16700.5,-93.2,0.997
R1428,pine,16723.2,-66235.7,17364.4,55.09,1.032
R1429,pine,17584.7,-66572.8,16344.7,53.55,0.934
R1430,pine,18086.8,-66398.3,17190.3,-114.82,1.124
R1431,pine,29929.2,-66756.7,21193.1,-117.13,1.08
R1432,pine,35561.7,-66175.5,21375.8,-151.45,0.81
R1433,pine,40546.5,-66570.9,19349.5,-56.3,1.236
R1434,pine,48862,-66051,19407.6,-231.94,1.004
R1435,pine,53678.6,-66355,19984.1,21.29,0.855
R1436,pine,54684.2,-66252.8,18861.3,-182.22,0.946
R1437,pine,55241.1,-66539,17634.3,-111.36,1.043
R1438,pine,55629.3,-66303.2,17142.1,-48.95,0.965
R1439,pine,56476.6,-66424.4,16471,-155.38,1.065
R1440,pine,57277.6,-66015.8,17015.4,-96.54,1.016
R1441,pine,58250.9,-66324.5,16438.5,-234.5,0.832
R1442,pine,59518.4,-66228.5,17543,-187.78,0.82
R1443,pine,59989.7,-66472.6,18451.7,62.2,1.047
R1444,pine,61577.5,-66504.1,18505.2,16.7,1.081
R1445,pine,62619.8,-66094.8,17299.2,-76.08,0.966
R1446,pine,62937.4,-66220.5,16651.8,78.42,1.237
R1447,pine,63608.7,-66445.9,16083.7,-200.71,0.928
R1448,pine,64498.5,-66285.8,17119.9,-145,0.93
R1449,pine,65486,-66723.1,18037.2,61.33,0.813
R1450,pine,-68760.7,-65753,13235.8,-63.72,1.227
R1451,pine,-68264.2,-65792.1,12923.1,-55.78,0.986
R1452,pine,-57043.8,-65553.1,19613.9,-40.83,0.986
R1453,pine,-42128.5,-65423.3,19703.7,-22.87,0.842
R1454,pine,-41452.9,-65786.3,19312.8,-214.73,0.921
R1455,pine,-33672.3,-65790.1,21090.5,-231.7,1.054
R1456,pine,-26178.6,-65685.6,20165.4,-107.35,1.042
R1457,pine,-24600.9,-65710.2,17962.5,-158.66,0.886
R1458,pine,-19985.1,-65779.7,15480.6,-26.39,0.973
R1459,pine,-17939.1,-65547.8,16937.9,75.5,0.854
R1460,pine,138.7,-65257.9,18601.9,-83.61,0.835
R1461,pine,1806.9,-65746.7,17436,50.06,1.048
R1462,pine,2261.6,-65394.6,17921.8,13.32,1.186
R1463,pine,2800.5,-65369.9,18498.2,-255.13,1.14
R1464,pine,5869.6,-65341.2,20063.3,-163.56,0.828
R1465,pine,7390.3,-65633,17110,-160.79,0.868
R1466,pine,8351.5,-65323.8,16693.7,66.05,0.905
R1467,pine,8833.2,-65787.5,17282,-25.77,0.934
R1468,pine,9721.5,-65724.9,16702.3,-178.29,1.193
R1469,pine,10548.3,-65320.6,15454.5,38.46,1.196
R1470,pine,10965.6,-65543.3,15311.6,-254.39,1.141
R1471,pine,11696.4,-65701.4,14840.5,76.43,0.883
R1472,pine,13128.3,-65855.6,15794.6,77.82,1.189
R1473,pine,13572.6,-65654.6,16801,-116.11,0.976
R1474,pine,14269,-65471.4,16885.9,-104.67,1.014
R1475,pine,14825.2,-65481.8,16965.3,-139.19,1.196
R1476,pine,15607.3,-65604.1,17571.7,-26.83,1.126
R1477,pine,16906.9,-65904.2,18011.3,-78.04,0.952
R1478,pine,17725.6,-65669,18688.1,-29.08,0.865
R1479,pine,19250.8,-65754.7,19973.4,-21.6,0.955
R1480,pine,29330.4,-65732.5,21355.1,-118.24,1.162
R1481,pine,31619.3,-65371.7,19614.2,-254.04,1.125
R1482,pine,32442.1,-65204.8,19682.9,-207.95,1.238
R1483,pine,33420.7,-65739,20869.6,-144.25,0.807
R1484,pine,34382.1,-65254.6,19668.9,-174.41,0.946
R1485,pine,35271.5,-65485.6,20674.9,-15.39,1.226
R1486,pine,36727.7,-65221.6,20670.8,-23.71,1.036
R1487,pine,39592.7,-65900.3,19109,-234.92,0.821
R1488,pine,41805.7,-65795.4,18078,-109.37,1.132
R1489,pine,42140.8,-65768.7,18560.6,-227.99,1.071
R1490,pine,52134.9,-65426.6,20602.2,-35.92,0.914
R1491,pine,53987.5,-65809.1,19686,-203.04,1.099
R1492,pine,55514,-65818.3,17636.1,11.93,0.891
R1493,pine,56340.7,-65523.6,17087.2,-43.47,1.14
R1494,pine,56990.2,-65654.4,17131.7,-198.53,0.892
R1495,pine,57627.3,-65526.9,16722,-44.1,0.887
R1496,pine,58326.6,-65569.5,16286.3,-155.22,1.021
R1497,pine,58904.5,-65339.8,15256.6,-65.09,1.151
R1498,pine,60388.8,-65544.3,15799.2,-44.18,1.235
R1499,pine,60440.7,-65801.4,16365.6,-258.47,1.111
R1500,pine,61508.2,-65427.3,15914.4,-56.55,1.176
R1501,pine,62542.4,-65450,17100.3,-186.12,0.865
R1502,pine,63367,-65291.6,16624.5,-237.13,1.067
R1503,pine,63904.7,-65864.3,16441.1,-227.09,1.011
R1504,pine,64995.2,-65693.1,17273,-191.27,1.151
R1505,pine,65674.6,-65377.1,19573.2,-142.6,1.105
R1506,pine,66876.8,-65583.2,20386.3,-176.11,1.226
R1507,pine,68851.9,-65246.2,21029.2,-83.38,0.871
R1508,pine,-69010.5,-65025.7,12282.5,-194.43,0.991
R1509,pine,-68323.4,-64492.2,11978.6,32.79,1.042
R1510,pine,-57516.2,-65126.1,18011.9,83.87,0.943
R1511,pine,-56686.5,-64676.4,19917.6,-59.04,0.821
R1512,pine,-56091.7,-64889.1,21849.3,-32.78,0.938
R1513,pine,-46339.2,-64441.9,19300.2,-49.33,0.814
R1514,pine,-45266.1,-64708.8,19007.7,82.39,1.03
R1515,pine,-44919.6,-64610.8,19006.5,-11.32,1.186
R1516,pine,-40810.8,-65180,19842.4,-76.7,0.988
R1517,pine,-39790.3,-64649.8,19653.7,-210.77,0.929
R1518,pine,-26206.4,-64609.3,19700.1,-6.1,1.03
R1519,pine,-25207.4,-64940.9,19395.8,33.26,0.842
R1520,pine,-24760.9,-64596.3,18764.7,-160.23,1.19
R1521,pine,-22013.3,-64486.7,14419.5,-115.37,1.037
R1522,pine,-12690.8,-64517.7,22323,-182.81,1.124
R1523,pine,-0.2,-64624.7,18247.1,-106.11,1.202
R1524,pine,1585,-64717.7,17419,-219.28,0.949
R1525,pine,2625,-64684.2,18169.8,-48.77,0.92
R1526,pine,3234.6,-65042.6,19236.9,-33.34,0.864
R1527,pine,5309.7,-64775.1,21052.4,-64.52,1.118
R1528,pine,6691.2,-64415.2,17792.9,-120.37,1.057
R1529,pine,6824.2,-64628.9,17761.1,-194.54,1.21
R1530,pine,8398.2,-64537.2,16537.2,-72.92,1.142
R1531,pine,9153.8,-64783.8,16845,79.58,1.166
R1532,pine,9646.6,-64770.2,16126,-127.58,1.209
R1533,pine,10514,-64468.2,15782.6,-247.64,0.878
R1534,pine,11454,-65136.9,15203.7,-260.67,1.075
R1535,pine,11911.6,-64686.7,15954.9,-147.35,0.856
R1536,pine,13198.6,-64957.8,15800.8,-131.44,0.954
R1537,pine,13476.1,-64899.4,15752.4,78.69,1.122
R1538,pine,14647.7,-64445.4,15637.5,-7.18,1.214
R1539,pine,14937.5,-64900.3,15597,31.64,1.238
R1540,pine,16990.2,-64843.6,19426.7,-103.66,0.876
R1541,pine,27004.2,-64760.2,21252.8,24.54,1.074
R1542,pine,29422.1,-64829.9,19895.7,-11.67,0.987
R1543,pine,31364.1,-64442.5,18949,50.4,1.104
R1544,pine,31940,-64549.1,18510.6,32.54,0.83
R1545,pine,33803.9,-64451,18927.4,2.78,0.918
R1546,pine,34439.1,-64643.5,19032.9,-261.8,1.208
R1547,pine,35533.2,-64752.6,19441.2,-75,1.095
R1548,pine,36459.6,-64816.6,21171,21.82,1.054
R1549,pine,39108.7,-64833.9,18999.6,-103.46,0.817
R1550,pine,41121.8,-65179.7,17650.6,11.17,1.016
R1551,pine,41474.5,-64519.9,18733.2,-82.58,0.88
R1552,pine,43182.3,-65005.2,19285.3,-171.44,1.078
R1553,pine,48813.4,-64450.6,18218,-158.57,0.898
R1554,pine,53683,-64779,20416.5,-98.96,1.139
R1555,pine,55276.5,-65007.7,18451.1,-258.16,1.232
R1556,pine,56357.2,-64670.7,15846.7,-44.49,0.992
R1557,pine,57154,-64668.1,15878,-212.31,1.109
R1558,pine,57643.6,-64983.8,16159.7,-197.82,1.164
R1559,pine,58063.2,-64405,15106.3,-220.36,1.213
R1560,pine,58800.7,-64889.8,14697.2,-52.89,0.822
R1561,pine,60038.8,-64941.9,14626.9,18.09,0.957
R1562,pine,60509.3,-64861.7,14522.2,-112.46,0.943
R1563,pine,61772,-64861.1,15842.3,46.08,0.902
R1564,pine,62772.7,-64933.1,16886.3,12.83,1.043
R1565,pine,63427.5,-65078.8,16811.6,-211.81,1.072
R1566,pine,64228.9,-64625.6,17531.5,18.22,1.141
R1567,pine,65838.2,-65002.6,20009.7,-200.78,1.107
R1568,pine,-53446,-63700.2,18948.4,-92.29,1.136
R1569,pine,-50567.8,-63950.3,21766,-116.04,1.214
R1570,pine,-45999.2,-63652.2,17643.6,4.43,0.819
R1571,pine,-44952.5,-63812,17082.4,31.57,0.954
R1572,pine,-44101.4,-64379.2,17319.8,-250.48,1.133
R1573,pine,-43564.1,-64222.3,16836.9,-14.01,1.195
R1574,pine,-42379.4,-63941.6,18018.7,-261.37,1.241
R1575,pine,-41139.7,-63603.7,18015.7,-269.89,1.112
R1576,pine,-33877.1,-64339.2,18618.4,-61.43,1.093
R1577,pine,-27161.3,-63878.1,20536.4,-245.13,0.832
R1578,pine,-26443.3,-63850.6,20124.2,-106.02,1.075
R1579,pine,-25834.3,-64248.2,19725.6,-91.66,0.841
R1580,pine,-24109.4,-64027.1,17573.2,0.23,1.24
R1581,pine,-23555.7,-64279.1,16144.8,89.03,1.193
R1582,pine,-7243.5,-63956,19583.4,-12.84,1.233
R1583,pine,-688.6,-63803.3,16984.6,66.12,0.895
R1584,pine,-44.8,-64214.8,18016.2,-23.37,0.89
R1585,pine,426.9,-64031.1,17222,-156.78,1.245
R1586,pine,1387.2,-63839.6,16955.3,-117.92,0.82
R1587,pine,2691.7,-63907.9,17977.7,-58.66,1.021
R1588,pine,3032.2,-64198.4,18446.2,-164.67,1.207
R1589,pine,5774,-63775.9,18694.7,-156.28,1.06
R1590,pine,6509.2,-64272.5,17894,2.3,0.875
R1591,pine,6900.7,-64119.9,17391.1,-26.49,0.871
R1592,pine,8259.2,-64164.2,16386.7,-231.39,1.146
R1593,pine,9122.4,-64113.2,16420,-221.04,0.909
R1594,pine,9559.3,-63669.3,15659.8,-232.52,0.931
R1595,pine,10177.8,-64382,15954.5,-204.45,1.107
R1596,pine,10823.3,-64191.8,16226.7,-22.69,1.149
R1597,pine,12213,-64391.3,15383.3,75.24,1.112
R1598,pine,13193.8,-64079.8,14401.8,-153.48,1.108
R1599,pine,13975.6,-64112.8,14954.8,-69.27,0.805
R1600,pine,14308.4,-63719.5,15142.4,53.88,1.091
R1601,pine,15483.6,-63850.4,15925.2,-176.99,0.858
R1602,pine,16026.7,-63993.9,17151.1,77.88,0.818
R1603,pine,27518.9,-64175.4,20494.7,-246.34,0.821
R1604,pine,28792.4,-63940.1,20379.3,-260.23,1.107
R1605,pine,29419.7,-64327.8,19834.6,-221.6,1.105
R1606,pine,30421.9,-63820,18807.9,-152.95,1.193
R1607,pine,32243,-64142.4,18433.6,-170.99,1.224
R1608,pine,32466.9,-63746.6,17981.1,-68.11,0.99
R1609,pine,33291,-63971.6,19085.4,-118.28,0.886
R1610,pine,34777.7,-64214,18547.3,47.75,0.876
R1611,pine,35119,-63611.4,18180.6,-51.2,0.818
R1612,pine,35819.1,-63917,19316.6,85.35,1.116
R1613,pine,38502.4,-64381.3,19869.4,38.69,1.034
R1614,pine,39234.5,-63926.4,19634.4,-204.34,1.024
R1615,pine,40219,-63863.1,19586.8,-98.22,0.898
R1616,pine,40827.3,-63892.6,19662.5,50.26,0.969
R1617,pine,43350.5,-63969.3,19894.4,-38.06,1.046
R1618,pine,54403.7,-64309,20111.1,-54.86,0.841
R1619,pine,55598.3,-63675.9,17038.3,-130.11,0.871
R1620,pine,56326,-64164.7,15662.1,-50.06,1.091
R1621,pine,56626.4,-63677.1,15668.1,28.31,1.203
R1622,pine,57770.7,-64051.6,14344.1,-16.06,1.113
R1623,pine,58765.7,-63893.9,14599.6,-101.73,1.087
R1624,pine,59274.7,-63909,14747.6,-71.97,1.029
R1625,pine,60383.4,-63968.2,14494.5,60.76,1.191
R1626,pine,61154,-63871.4,15051.9,24.03,0.896
R1627,pine,61224.5,-63787.1,15213.3,-214.76,1.245
R1628,pine,62777.9,-63958.3,17358,-222.74,1.226
R1629,pine,63154,-64179.1,17322.8,-171.12,1.196
R1630,pine,63807,-63781.9,19114.4,-100.81,1.071
R1631,pine,65549.4,-63778.2,20880.2,-100.38,0.916
R1632,pine,-68513.7,-63389.4,11507.4,-226.1,1.025
R1633,pine,-67176,-63060.6,11656.8,67.01,1.104
R1634,pine,-58505.5,-63224.8,15943.9,75.01,1.133
R1635,pine,-54414.2,-63168.8,17315.8,-182.81,1.19
R1636,pine,-53623.8,-63079.4,17483.3,48.28,0.915
R1637,pine,-51265.8,-62948,19097.2,58.81,0.915
R1638,pine,-48667.5,-63413.3,19984.7,-204.61,0.806
R1639,pine,-47524.5,-63168.1,18723.5,-56.83,0.999
R1640,pine,-46282,-63165.8,17676.3,-59.25,1.144
R1641,pine,-44581.7,-63549,15951.9,-224.44,1.094
R1642,pine,-34427.3,-63575,16452.9,-171.68,0.824
R1643,pine,-8056.4,-62969.6,17579.5,-89.58,1.089
R1644,pine,-6479.7,-62918.9,18559.5,-267.89,1.139
R1645,pine,-1499.5,-63097.8,16637.1,28.16,1.171
R1646,pine,-679.9,-63466.9,16078.7,-6.55,0.842
R1647,pine,-100.3,-63270.8,16030.2,39,0.891
R1648,pine,772.1,-63294.6,16533.9,12.51,1.201
R1649,pine,3189.4,-62944.9,18154.3,29.35,1.039
R1650,pine,5946.2,-63280.2,18014.9,28.32,0.847
R1651,pine,6559.3,-63032.1,16361.8,-208.51,0.863
R1652,pine,7443.2,-63098.2,16026.1,50.32,1.155
R1653,pine,7969.7,-62926,15117.2,-16.03,0.863
R1654,pine,8781.8,-63090.4,14627.4,-242.96,0.869
R1655,pine,9728.9,-63179.3,14833.1,-158.97,0.831
R1656,pine,10677.3,-62923.4,14730.4,-178.14,1.241
R1657,pine,11146.7,-63575.8,15622.7,85.93,1.205
R1658,pine,11819.1,-63136.4,14814,-114.97,0.945
R1659,pine,12572.6,-63057.1,14059.5,-117.83,0.875
R1660,pine,13953.1,-63286.6,14774.4,-92.34,1.209
R1661,pine,14560.6,-63491.1,15329.4,16.05,1.171
R1662,pine,15268.1,-62976.6,15931.6,-54.44,1.184
R1663,pine,15861.3,-63006.1,16636.1,-217.94,0.926
R1664,pine,16979.2,-63206.6,18533.9,-147.04,1.057
R1665,pine,26161.7,-63244,18201.2,-183.53,0.81
R1666,pine,26801.8,-63307.5,18722.1,-30.88,1.152
R1667,pine,27947.4,-63314,19674,-13.15,1.222
R1668,pine,29374.5,-63352.1,18926.8,39.6,1.053
R1669,pine,30556.8,-63216.4,18441.5,-50.77,1.226
R1670,pine,31028.4,-62897.4,18608.4,-51.92,1.104
R1671,pine,32066.2,-63186,17773.7,9.01,0.995
R1672,pine,32763.3,-63584.4,18282.3,69.98,0.86
R1673,pine,33718,-63214.4,18673.2,-263.33,0.857
R1674,pine,34597.2,-62953.9,17931.7,-86.11,1.135
R1675,pine,35597.8,-62885.9,18831.7,-34.46,0.821
R1676,pine,35999,-63404.5,19380.9,-0.18,1.004
R1677,pine,37037.1,-63307,19781.8,-205.78,1.123
R1678,pine,38073.8,-62901.1,18425.8,-36.15,1.215
R1679,pine,39425.3,-63421.4,19124,-138.29,0.841
R1680,pine,39880.1,-62991.2,19425.9,81.89,1.216
R1681,pine,41373.7,-63169.2,20396,44.51,1.241
R1682,pine,42696.1,-63146.3,18687.2,-159.56,0.935
R1683,pine,42834.6,-63021.2,18521.5,-105.86,1.04
R1684,pine,47277.1,-63386.9,18290.4,-9.7,0.994
R1685,pine,48263.4,-63460.6,17387.6,-94.01,1.156
R1686,pine,48423.3,-63594.5,17625.5,79.8,0.941
R1687,pine,53215.7,-63039.3,20323.8,-246.95,1.218
R1688,pine,55917.8,-63596.6,16299.4,-268.19,1.199
R1689,pine,56647.3,-62807.7,16189.9,-0.06,0.839
R1690,pine,57930.8,-63280.9,14510.5,-29.98,1.174
R1691,pine,58170.4,-63055.2,14086.6,-263.89,0.979
R1692,pine,59231.6,-63041.2,14294.7,-110.92,1.189
R1693,pine,60148.4,-63371.9,14591,-269.86,1.005
R1694,pine,61018.1,-62928.3,15464.3,-156.34,1.244
R1695,pine,61303.2,-62870.8,15689.8,-188.88,1.224
R1696,pine,62366.4,-63419.7,17179,-177.06,1.182
R1697,pine,62955.7,-62829.1,18391.1,63.92,1.237
R1698,pine,65563.6,-63490.6,20830,-17.01,0.834
R1699,pine,-58140.1,-62696.9,17058.7,83.21,0.805
R1700,pine,-56799.1,-62239.5,16179.2,-207.65,0.864
R1701,pine,-55221.4,-62299.5,15580.9,-40.4,1.121
R1702,pine,-54740,-62124.2,15610.5,-68.27,1.217
R1703,pine,-49677.4,-62567.5,19742.6,-34.95,1.123
R1704,pine,-48954.3,-62136.6,18895.2,-58.49,1.071
R1705,pine,-47793.9,-62297.4,18187.1,-7.42,1.231
R1706,pine,-47053.9,-62502.5,17793.6,-120.33,0.884
R1707,pine,-43944.8,-62306.7,15731.4,-211.77,0.813
R1708,pine,-41776.4,-62574.1,16806,1.31,1.213
R1709,pine,-31917.4,-62227.8,18237.3,-138.31,1.012
R1710,pine,-31407.8,-62299,18540.8,-165.49,0.891
R1711,pine,-27378.9,-62584.3,21356.5,-68.77,0.967
R1712,pine,-26064,-62051.6,19786.4,-138.78,0.926
R1713,pine,-25846.3,-62748.9,20087.4,-95.8,1.141
R1714,pine,-23913.4,-62783,18156.9,-172.61,1.065
R1715,pine,-22927.7,-62572.4,16087.1,-234.64,1.03
R1716,pine,-20350.2,-62330.9,16810.1,-159.53,1.137
R1717,pine,-15245.3,-62494,18660,-223.56,0.885
R1718,pine,-14574.9,-62214.1,19667.7,17.79,1.024
R1719,pine,-13854.2,-62187.7,19913,-98.91,0.969
R1720,pine,-11874.9,-62047,21021.6,-98.81,0.982
R1721,pine,-8162.1,-62186.5,16404.1,39.53,1.134
R1722,pine,-6644.9,-62562.6,17781.8,88.47,1.075
R1723,pine,-2995.6,-62372.2,19091.6,11.05,1.028
R1724,pine,-1502.8,-62705,16471.5,-80.05,1.097
R1725,pine,-917.9,-62633.9,15805.2,89.46,0.818
R1726,pine,-197.3,-62795.1,15590,-75.25,1.005
R1727,pine,1053.2,-62076.3,15439.7,-249.6,1.028
R1728,pine,1317.6,-62567,15976.6,-207.01,0.948
R1729,pine,2457.5,-62745.8,16942.9,40.19,1.239
R1730,pine,4913.5,-62227.6,20501.5,-206.59,1.222
R1731,pine,6407.5,-62080.6,16316.1,7.61,1.069
R1732,pine,7252.6,-62404.2,15974.5,-116.81,1.191
R1733,pine,8297.9,-62027.4,14235.8,-32.03,0.861
R1734,pine,8647,-62605.7,14387.7,24.64,0.885
R1735,pine,9611.3,-62354.3,14137,-203.04,1.244
R1736,pine,10249.2,-62232.6,13601.7,-158.76,0.99
R1737,pine,11043.2,-62016.1,13806.1,0.23,1.205
R1738,pine,12166.7,-62206.7,13731.7,-90.49,1.173
R1739,pine,12689.9,-62426.5,13405.6,33,1.098
R1740,pine,13422.1,-62604.3,14177.9,37.21,1.109
R1741,pine,14508.5,-62452.5,15306.8,-135.47,1.148
R1742,pine,16132.5,-62484,17460.2,-126.89,1.132
R1743,pine,19710.2,-62120.2,17614,-58.2,0.895
R1744,pine,20483.3,-62793.8,19145,52.23,1.041
R1745,pine,28302.3,-62764,19066.3,-119.3,0.948
R1746,pine,29103.7,-62619.9,18044,-27.49,1.068
R1747,pine,29473.9,-62018.4,17300.3,58.97,1.021
R1748,pine,30553,-62551.7,18017.3,-139.83,0.834
R1749,pine,31465.5,-62285,18052.4,3.62,1.193
R1750,pine,32938.4,-62404,17829.5,-40.25,0.91
R1751,pine,33995.4,-62292.9,17396.8,-5.43,1.113
R1752,pine,34848.8,-62049.6,17710.7,-63.63,1.228
R1753,pine,35744.9,-62446.8,19291.4,-180.38,1.039
R1754,pine,36550.7,-62297.9,19167.8,-214.81,0.998
R1755,pine,37722.2,-62595.9,18465,-5.4,1.006
R1756,pine,38665.8,-62074,18925.6,-5.7,1.074
R1757,pine,39162.6,-62238.1,19066,67.7,0.876
R1758,pine,39736.5,-62476.3,19687.9,-176.2,1.035
R1759,pine,42307.5,-62361.4,18430.3,-136.23,1.182
R1760,pine,43497.2,-62526,18598.8,-189.18,1.16
R1761,pine,45647.1,-62195,17701.6,-122.79,0.893
R1762,pine,46189.9,-62492.2,17994.1,-151.15,1.102
R1763,pine,47033,-62613,17795.4,78,1.15
R1764,pine,54322.4,-62546.3,19871.4,-35.96,1.144
R1765,pine,55193.7,-62537,18510.2,26.85,0.827
R1766,pine,55704.9,-62111.1,18238.3,-191.97,1.096
R1767,pine,56781.4,-62796.7,16237.1,-186.2,0.958
R1768,pine,57296.3,-62662.2,15733.3,-130.62,0.982
R1769,pine,58048.2,-62465.8,14954.2,-156.36,1.063
R1770,pine,59199.4,-62538.6,14711.6,13.92,0.99
R1771,pine,60176.9,-62605.6,16081.1,-51.91,1.139
R1772,pine,60733.5,-62099,16081.3,-269.16,0.898
R1773,pine,61880.2,-62643.3,16384.6,2.28,0.95
R1774,pine,62046.7,-62110.7,17047.2,-27.69,1.128
R1775,pine,62914.8,-62221.6,18012.8,-94.39,1.17
R1776,pine,65082.7,-62072.9,19432.9,-69.7,1.119
R1777,pine,65842.1,-62449.8,20691.7,-14.23,0.917
R1778,pine,67686.6,-62318.3,18968.2,-109.74,0.915
R1779,pine,-58437.5,-61592,17481.6,-93.36,0.834
R1780,pine,-56944.3,-61514.4,15348.8,76.38,0.838
R1781,pine,-55719,-61912.9,15242,-120.79,0.854
R1782,pine,-54901.9,-61399.1,14868.2,22.76,0.883
R1783,pine,-54558.5,-61735.8,15246.3,-82.14,1.215
R1784,pine,-53427.8,-61520.5,14754.8,-255.54,0.88
R1785,pine,-52957.5,-61785.9,14704.6,-199.19,0.859
R1786,pine,-52059.6,-61503.5,15021.1,-218.8,1.206
R1787,pine,-50063.4,-61325.8,15592.1,-104.99,0.823
R1788,pine,-48638.2,-61628.1,18751.6,-186.84,0.972
R1789,pine,-46874.9,-61428.2,16158.6,-97.01,1.069
R1790,pine,-44755.6,-61728.2,14469.9,6.67,0.981
R1791,pine,-33097.8,-61430.1,16429.5,-116.81,1.105
R1792,pine,-31891.2,-61279,16860,-167.53,0.83
R1793,pine,-31302.2,-61277.9,17210.9,-40.54,1.044
R1794,pine,-30430.9,-61339.5,17792,32.72,1.095
R1795,pine,-29808.4,-61630,18934.5,-22.75,1.184
R1796,pine,-28796,-61269.1,17895.6,-61.77,1.211
R1797,pine,-27758.3,-61745.3,19570.7,-265.67,0.915
R1798,pine,-27043.8,-61606.3,19128.8,-123.88,1
R1799,pine,-26092.6,-61268.4,18070.9,-25.84,0.889
R1800,pine,-25252.1,-61680.1,19249.7,51.42,1.025
R1801,pine,-24469.3,-61884.7,19822.3,-187.53,1.063
R1802,pine,-23761.2,-61877.2,17911.1,-99.02,1.078
R1803,pine,-22904,-61808.1,16416.6,-0.03,1.216
R1804,pine,-19822.4,-61477.9,18822.4,-180.53,0.892
R1805,pine,-16531.2,-61291.3,18376.8,-25.71,0.838
R1806,pine,-14561.3,-61645.2,19334.2,-175.04,1.216
R1807,pine,-13946.5,-61529.3,19680.1,21.15,1.145
R1808,pine,-13164.8,-61252.9,19672.9,64.26,0.926
R1809,pine,-11494.8,-61380.9,20310.2,-92.47,1.231
R1810,pine,-10538.7,-61519.5,20077.8,74.93,1.045
R1811,pine,-9223.7,-61428.8,16885.8,-246.74,1.222
R1812,pine,-8769.3,-61529.6,16639.9,-57.85,1.198
R1813,pine,-7870.3,-61394.2,15674.9,66.98,0.823
R1814,pine,-7071.2,-61451.7,15288.8,-32.73,1.249
R1815,pine,-6630.7,-61732.7,15698.3,-212.79,0.858
R1816,pine,-4716,-61731.8,16961.8,82.07,1.066
R1817,pine,2598.1,-61317.3,16324.6,-200.94,0.848
R1818,pine,3786.5,-61739.5,19884.3,-29.95,0.898
R1819,pine,4722.1,-61845.7,19864.9,-154.72,1.238
R1820,pine,6261.8,-61870.6,16746.6,-268.39,1.214
R1821,pine,7278.2,-61262.5,16299.3,-33.17,0.826
R1822,pine,8355.8,-61698.3,13830.7,65.76,1.212
R1823,pine,8914.8,-61223.9,13324.6,-198.43,1.011
R1824,pine,10100.9,-61877.7,13672,-120.39,0.821
R1825,pine,11387.6,-61455.8,13701.1,-245.48,0.943
R1826,pine,12225.7,-61401.5,14236.9,-200.65,1.032
R1827,pine,12822.9,-61779.1,14161,-31.89,1.192
R1828,pine,13839,-61972.4,14919.3,-128.06,1.181
R1829,pine,14009.3,-61562.8,15594.3,-121.42,0.864
R1830,pine,15214.1,-61679.8,16754.5,15.17,0.95
R1831,pine,17033.1,-61678.4,19343.2,-158.96,1.179
R1832,pine,19060.5,-61489.7,16570,-217.61,0.983
R1833,pine,19797.5,-61264.5,16688.6,-43.57,1.197
R1834,pine,26382.9,-61694.5,16392.9,-10.9,0.944
R1835,pine,27360,-61297.8,16345.4,-174.26,1.149
R1836,pine,28382,-61698.5,17618.1,-231.45,0.896
R1837,pine,28764.1,-61824.9,17916.7,-110.47,0.842
R1838,pine,29867.3,-61489.4,16656.4,-6.78,1.151
R1839,pine,30117.9,-61501.3,16726.3,-62.23,1.237
R1840,pine,31476.7,-61470.3,17355,-177.05,0.958
R1841,pine,31663.4,-61612,17358.2,-34.22,0.908
R1842,pine,32525.1,-61343.8,17543.8,-62.69,0.818
R1843,pine,33990,-61927,17248.1,-141.49,0.918
R1844,pine,34694.4,-61899.3,17448.1,-86.46,1.031
R1845,pine,35220.4,-61530.2,16702.3,-176.81,0.916
R1846,pine,35696,-61279.9,17046.1,-96.12,1.046
R1847,pine,37133.3,-61511.7,18324.7,-207.54,0.906
R1848,pine,37241.5,-61450.5,18255.9,72.64,1.229
R1849,pine,39336.3,-61705,20326.7,-120.84,1.092
R1850,pine,40574.4,-61892.3,19566.8,-122.38,0.981
R1851,pine,41844.7,-61978.2,18265.1,83.95,0.915
R1852,pine,42281.7,-61516.6,18299.2,-51.58,0.824
R1853,pine,43071.8,-61219.5,18379.9,34.33,1.126
R1854,pine,43936.4,-61608.8,18682.8,-15.32,0.829
R1855,pine,55238.9,-61648.6,18916.8,62.83,1.149
R1856,pine,56383.7,-61448.4,18469.3,-227.52,0.984
R1857,pine,57104,-61755.5,17599,-162.2,1.101
R1858,pine,57218.1,-61573.1,17625.9,-180.65,0.972
R1859,pine,58156.4,-61338.6,17342.8,-28.57,1.144
R1860,pine,58923.3,-61591.9,16797.3,-189.1,1.12
R1861,pine,59790.4,-61413.8,17010.9,-0.08,1.233
R1862,pine,61171.6,-61772.8,16193.7,-155.7,1.037
R1863,pine,61267.2,-61219.6,16292.2,-83.08,0.805
R1864,pine,62569.2,-61832.1,17522.8,-196.39,0.98
R1865,pine,62967.9,-61547.1,17146.8,-78.09,1.234
R1866,pine,64908.4,-61649.6,18795,-265.91,1.118
R1867,pine,65854.2,-61640.2,18901.4,-66.71,1.133
R1868,pine,66443.3,-61560.8,19424.1,-9.99,1.136
R1869,pine,68645.5,-61974.5,18493.9,-29.41,1.127
R1870,pine,-60184.2,-60800.8,15954.2,-116.12,0.953
R1871,pine,-58707.1,-60487.4,15422.6,-121.51,1.211
R1872,pine,-56737.3,-60906.7,13826.6,-234.58,1.215
R1873,pine,-55757.6,-61142,14217.9,-181.39,0.987
R1874,pine,-55052.6,-61088.1,14210.6,40.31,0.842
R1875,pine,-54498.2,-60725.8,14296.7,31.19,1.124
R1876,pine,-52693,-61034,14295.2,56.55,0.885
R1877,pine,-51388.6,-60699.4,14090.6,35.21,0.881
R1878,pine,-50740.8,-60657.8,14536.9,19.34,1.227
R1879,pine,-48918,-61153.3,16782.8,11.99,1.218
R1880,pine,-47821.5,-61031.1,17870.2,-176.93,1.224
R1881,pine,-34645.3,-60695.2,14813.3,-109.81,0.88
R1882,pine,-33255.8,-60852.6,14973.1,71.77,1.17
R1883,pine,-32792,-61006.4,15972.6,71.6,0.987
R1884,pine,-31782.7,-60422.8,16578.2,-124.32,1.085
R1885,pine,-30888.9,-60971.1,16814.1,88.21,1.104
R1886,pine,-30751.5,-60728.5,16696.6,-116.32,1.238
R1887,pine,-29573.4,-60801,16561.3,22.17,0.9
R1888,pine,-29165.1,-61147.4,17666.9,10.64,1.06
R1889,pine,-27885,-60712.4,16546.5,-207.06,0.958
R1890,pine,-26854.1,-60553.8,16343.5,-153.74,0.937
R1891,pine,-26326.1,-60818.5,17296.9,78.59,1.237
R1892,pine,-25513.3,-60965.4,17826.2,87.53,0.982
R1893,pine,-25081.7,-60978.9,17789.6,-177.3,1.099
R1894,pine,-23983.2,-60701.3,16792,-195.49,0.829
R1895,pine,-23139.3,-60852,17329.1,86.73,0.811
R1896,pine,-19498.7,-60598.6,17582.9,-192.78,1.055
R1897,pine,-14702.6,-61024,18606.3,-48.62,0.846
R1898,pine,-13408.7,-60615.1,18446.2,-12.11,0.922
R1899,pine,-12608.5,-61139.9,19481.4,-45.04,0.845
R1900,pine,-12185.3,-60411.4,18193.9,-135.23,1.238
R1901,pine,-10861.2,-61173,19483.8,-20.88,1.117
R1902,pine,-10041.8,-60545.9,17603.4,-21.14,0.966
R1903,pine,-9461.2,-60808.5,17041.2,-237.1,0.875
R1904,pine,-8691,-60669,15974.3,-13.8,0.893
R1905,pine,-7847.3,-60759.6,15992.2,-133.58,0.981
R1906,pine,-6880.8,-60843.3,14921.5,-121.97,1.041
R1907,pine,-6239.3,-61000.5,14774.1,-167.96,1.156
R1908,pine,-5614.1,-60504.5,13801.6,-38.94,0.902
R1909,pine,-554.8,-60778.9,15238.3,-164.44,0.852
R1910,pine,217.5,-60700,14700.7,33.71,1.076
R1911,pine,617.9,-61189.6,14815.2,-151.56,0.949
R1912,pine,1673.5,-60770.2,15497.8,-207.95,1.145
R1913,pine,3426.7,-60794.2,17076.2,-115.69,0.837
R1914,pine,4830.4,-60478.5,17684,-177.55,0.937
R1915,pine,6712,-60986.9,16969,-111.94,1.098
R1916,pine,7982.9,-61026.7,14107.8,-108.73,0.833
R1917,pine,9962.4,-60522.6,14061.1,-173.71,1.157
R1918,pine,10790.1,-60817.5,13795.1,-210.35,1.145
R1919,pine,11423.2,-60963.4,13947,0.96,1.21
R1920,pine,11878.4,-61193.7,14089.6,-85.54,1.157
R1921,pine,15058.4,-61046.9,17805.5,-95.16,0.848
R1922,pine,16269,-61021.9,18628,72.85,1.041
R1923,pine,17533.3,-61066.7,16998.1,-171.12,0.909
R1924,pine,19317,-60449.5,15764.7,-105.4,1.244
R1925,pine,20798.2,-60726.9,16694,-122.6,1.139
R1926,pine,27795.4,-60885.1,16540.1,-227.84,0.892
R1927,pine,28971.4,-60605,17507.2,-171.11,1.224
R1928,pine,29967.1,-60596.3,16323.5,77.92,0.81
R1929,pine,30147.7,-60886.8,16210.7,38.49,0.875
R1930,pine,30903.8,-61067.3,16877.3,-269.66,1.114
R1931,pine,32255.3,-60528,15492.8,72.73,0.986
R1932,pine,32654.5,-60843,15737.2,39.9,1.236
R1933,pine,33881.1,-61140.4,16055,-234.75,1.105
R1934,pine,34649.7,-60514.2,14596.5,-93.67,0.844
R1935,pine,34896.3,-61101,15590.2,20.46,0.831
R1936,pine,35973.6,-60956.7,16462,-268.88,1.074
R1937,pine,37029.6,-61115.2,17725.8,-253.01,1.189
R1938,pine,37349.2,-61102.3,17932.8,-162.77,1.173
R1939,pine,38578.3,-60467.8,19106.8,45.34,1.18
R1940,pine,39090.5,-61048.2,20112.4,37.15,0.982
R1941,pine,40508.2,-60892.4,18323.7,-59.07,0.95
R1942,pine,41350,-60510.4,16976.5,-4.13,1.15
R1943,pine,42019.4,-61085.2,17580.9,82.23,1.065
R1944,pine,43306.4,-60915.7,18447.4,-251.42,1.227
R1945,pine,46383.3,-61189.7,15407,-178.09,0.962
R1946,pine,46950.5,-60641.2,13093.7,41.14,1.022
R1947,pine,56240.3,-60848.2,18595.7,-248.22,0.923
R1948,pine,57805.3,-60411.1,17068.9,-190.52,0.961
R1949,pine,58294.5,-60730.9,17339.9,24.91,0.831
R1950,pine,58891.2,-61094.4,16943.1,0.45,1.21
R1951,pine,59611.9,-60547.4,16399.9,48.55,0.95
R1952,pine,61079.9,-60775.6,16178,43.01,0.867
R1953,pine,61689.9,-60638.1,15484.1,-180.31,0.999
R1954,pine,62193.6,-60425.1,15170.9,40.53,0.994
R1955,pine,63223.1,-60906.8,16610.5,-250.2,0.813
R1956,pine,64552.5,-60479.3,16639.4,42.9,1.219
R1957,pine,66740,-61023.4,18071.4,14.24,0.954
R1958,pine,66858.9,-60437.5,17399.8,-147.67,0.997
R1959,pine,67807.9,-60467.2,18775.3,-41.95,1.056
R1960,pine,-62554,-59827.4,14555.5,-260.24,0.964
R1961,pine,-60466.7,-59614.1,15473.8,-106.06,0.886
R1962,pine,-60352.1,-59906.4,15588,-19.69,0.994
R1963,pine,-59057.5,-60314.5,15422,-70.29,1.161
R1964,pine,-58386.8,-60009.3,14313.1,38.71,0.963
R1965,pine,-57323.5,-60125.8,12835,-78.06,1.094
R1966,pine,-56985,-59788.5,12659.3,-93.69,1.24
R1967,pine,-55824.2,-59747.8,12900.1,-152.68,0.951
R1968,pine,-55348.5,-59853.8,13360,82.82,0.96
R1969,pine,-54394.2,-60108,13956.6,-13.33,1.169
R1970,pine,-53458.3,-60228.8,13561.4,-24.81,1.173
R1971,pine,-50021.9,-60057.6,12370.1,-6.41,1.176
R1972,pine,-49324,-60340.7,13328.9,-91.5,1.168
R1973,pine,-34731.1,-59986.3,14317.4,-144.16,1.164
R1974,pine,-32958.8,-59886.6,14989.1,-58.47,0.851
R1975,pine,-32331.3,-59770.4,15698.1,-200.8,1.111
R1976,pine,-31323.4,-60125.9,16238.8,-58.28,0.971
R1977,pine,-30104.8,-60329,16126.2,-128.87,1.023
R1978,pine,-29426.2,-59756.1,14738,-205.92,0.864
R1979,pine,-28423.5,-60398.7,16372.1,79.28,0.967
R1980,pine,-28000.9,-60327.2,16151.1,-144.64,1.086
R1981,pine,-27222.2,-59631.2,14745.5,-1.09,1.243
R1982,pine,-26651.1,-59938,15384.4,-167.37,1.203
R1983,pine,-25668.2,-60153.4,15579.9,38.92,1.029
R1984,pine,-24954.4,-60034.4,15570.2,-165.33,1.122
R1985,pine,-23613.5,-59750.6,14077.5,-81.35,0.948
R1986,pine,-22977.7,-60354.1,16177.4,31.72,0.896
R1987,pine,-20657.5,-60241.9,19344.7,-214.07,1.168
R1988,pine,-19651.5,-60016.5,17202.2,42.52,1.238
R1989,pine,-19474.7,-60119.4,17028.8,-180.7,0.931
R1990,pine,-15674.4,-59664.9,18299.3,-146.59,0.931
R1991,pine,-14948.8,-60164.9,17910.7,-216.81,0.988
R1992,pine,-14589.9,-60197.7,17729.1,-101.73,1.144
R1993,pine,-13708.7,-59786.5,16881.2,-113.65,0.976
R1994,pine,-11927.9,-60137.1,17633.2,-208.02,0.9
R1995,pine,-11292,-59780.9,16740.6,-34.99,0.956
R1996,pine,-10536.2,-60389.6,17470,-244.43,1.177
R1997,pine,-9278.7,-59831.2,16199.3,-126.51,1.242
R1998,pine,-8444.7,-59760.3,15517.5,-213.9,1.129
R1999,pine,-8177.5,-60340,15623.5,-228.28,0.901
R2000,pine,-7242.5,-59912.7,13730.1,61.09,0.92
R2001,pine,-6547.8,-60070.9,12990,-236.08,0.821
R2002,pine,-5476.9,-60008.6,13478.9,-114.16,1.012
R2003,pine,-3570.8,-59984.3,16271.8,-176.95,0.964
R2004,pine,-1624.3,-59900.6,15418.9,39.97,1.249
R2005,pine,-1117.2,-59661.5,14767.1,43.37,1.136
R2006,pine,4697.8,-59778,16091.2,-128.65,1.135
R2007,pine,5927.8,-59840.8,17448.4,-245.87,1.086
R2008,pine,6175.9,-59790.2,17540.3,39.46,0.814
R2009,pine,8698.5,-59746.9,13946.2,-141.71,1.22
R2010,pine,9326.7,-59724,13665.7,-122.84,1.131
R2011,pine,10665.5,-59944.7,13854.1,-201.54,0.959
R2012,pine,10992.5,-60027.1,13940.1,-244.53,1.153
R2013,pine,13979.4,-59712.7,16844.3,-162.54,1.103
R2014,pine,17599.1,-60375.1,15686.5,-22.73,1.191
R2015,pine,18960.9,-60181.4,15664.5,21.65,1.201
R2016,pine,28750.2,-59911.8,18740.3,-37.43,0.918
R2017,pine,30798.2,-60199,16246.4,-168.97,1.188
R2018,pine,31575.3,-60192,15768.2,-61.31,1.061
R2019,pine,31625,-59784.7,14755.3,-38.27,0.851
R2020,pine,32927.6,-59704.6,13376.5,-186.77,1.131
R2021,pine,33473.9,-59638,13285.9,-80.45,1.18
R2022,pine,34463.7,-60341.3,14331.5,-156.09,1.021
R2023,pine,35341,-60133.8,13928.2,-155.72,0.864
R2024,pine,37085.7,-60002.2,15851.8,8.16,1.205
R2025,pine,37412.8,-59899.7,16225.6,67.12,1.141
R2026,pine,38367,-59988.6,17796.4,-62.85,0.985
R2027,pine,39857,-59779.3,17530.3,-206.8,0.985
R2028,pine,41056,-59671.5,17394.8,-240.55,0.978
R2029,pine,41588.9,-60012.4,17692.6,-229.35,0.853
R2030,pine,42150.8,-60245,17845.7,-152.83,0.987
R2031,pine,43345.2,-60227.3,17861.3,-98.88,1.172
R2032,pine,45376,-60313,14832.3,-31.26,1.225
R2033,pine,56812,-60169.7,17308.3,-94.26,1.173
R2034,pine,57645.5,-59802.6,16482.7,87.42,0.91
R2035,pine,59323.8,-60354,16626.7,-29.77,1.133
R2036,pine,59931.1,-60299.9,16230.4,-129.43,1.133
R2037,pine,60999.8,-60102.4,15330.7,-130.68,1.181
R2038,pine,61229.1,-60322.1,15491.2,-185.58,1.169
R2039,pine,62371.7,-59857.7,14126.4,-70.73,1.233
R2040,pine,63015.7,-60267.5,15231.2,-159.48,0.808
R2041,pine,63876.7,-59765,16156.5,-77.39,1.16
R2042,pine,65031.9,-59651.7,15831.1,-260.58,1.092
R2043,pine,65824.6,-59751.2,16292.3,-81.16,1.117
R2044,pine,-62612.4,-58983.2,14689.2,45.12,0.88
R2045,pine,-61818.7,-59252.8,15084.7,-98.68,0.861
R2046,pine,-59657.8,-59206.3,13916.7,-168.75,1.008
R2047,pine,-59586.7,-58804.3,12874.6,55.5,1.019
R2048,pine,-58386.2,-59543.1,13752.7,-17.46,1.095
R2049,pine,-57206.5,-59256.2,12795.9,-136.71,0.805
R2050,pine,-56730.2,-59577,12307.2,-115.08,1.147
R2051,pine,-56322.1,-59283.4,12397.9,27.73,0.816
R2052,pine,-55162,-59474.4,13598.6,-109.83,1.015
R2053,pine,-54685.7,-59034.3,12876.3,-35.41,1.139
R2054,pine,-53506,-59355.6,12826.6,-73.69,0.982
R2055,pine,-52846.1,-58917,11878.4,52.22,0.867
R2056,pine,-51329.7,-59425.7,12210.1,-4.7,1.243
R2057,pine,-49181.6,-59172.1,11070.3,-145.49,1.148
R2058,pine,-46213.7,-59303.4,12855,-216.08,0.972
R2059,pine,-33814.9,-59318.4,14093.2,-259.64,0.926
R2060,pine,-32542.5,-58949.3,15030.7,-57.34,0.812
R2061,pine,-31967.1,-59501.2,15453,-204.61,0.866
R2062,pine,-31577.3,-59340.7,14928.1,15.23,1.103
R2063,pine,-30173.6,-59476.8,14710.7,-215.51,0.987
R2064,pine,-29538.8,-59521,14464.5,-15.75,0.996
R2065,pine,-29016.2,-58896,13795.4,72.32,1.2
R2066,pine,-27800.8,-59034.3,13929.2,41.64,1.198
R2067,pine,-27091.4,-59426.2,14333.6,-125.81,1.2
R2068,pine,-26307.5,-59326.8,14483.5,-251.51,0.846
R2069,pine,-25976.5,-59123.2,14159.2,66.57,1.084
R2070,pine,-24732.5,-59339,14298.3,30.91,0.957
R2071,pine,-24185,-59144,13331.4,-49.75,0.803
R2072,pine,-23495.4,-58878.7,12343.9,-87.66,1.23
R2073,pine,-19530.8,-59436.2,16928.1,-203.67,1.104
R2074,pine,-16693.7,-58848.8,17142.8,-88.23,1.161
R2075,pine,-14892.7,-58971.5,17006.6,79.22,0.933
R2076,pine,-14615.2,-59491.4,16828,-33.93,1.059
R2077,pine,-13832.5,-58845.5,15735,-178.12,0.88
R2078,pine,-12920.5,-59207.7,16099.7,-61.01,1.041
R2079,pine,-11774.2,-58954.1,15867.5,-32.16,0.851
R2080,pine,-11133.9,-59175.9,15704.8,-186.51,1.2
R2081,pine,-10622.9,-58952.1,15268.4,-40.79,1.154
R2082,pine,-9641.3,-58863.6,14507,4.1,0.861
R2083,pine,-8415.8,-59350.7,15277,22.24,1.19
R2084,pine,-8062,-59417,14685.6,31.71,0.897
R2085,pine,-7508.1,-59000.7,13304.2,-188.21,0.971
R2086,pine,-6031.5,-58936.8,12906.5,-253.07,0.964
R2087,pine,-4740.7,-59124.7,14285.7,22,0.904
R2088,pine,-3485.1,-58827.7,14630.1,56.21,1.236
R2089,pine,3467.6,-59256.1,13703.5,-116.62,1.077
R2090,pine,4221.3,-59287.4,14458.9,-59.6,0.802
R2091,pine,4914.4,-59503.5,15662,-139.29,0.942
R2092,pine,7331.6,-59182,14889,-173.97,1.239
R2093,pine,8229.8,-59430.3,13801.9,-114.46,1.037
R2094,pine,10477.3,-59524.6,14081.7,-233.85,0.856
R2095,pine,11059,-58921.8,14603.5,-89.86,1.176
R2096,pine,11701.1,-58902.6,14879.8,-245.71,1.053
R2097,pine,12751.7,-58984.8,16069.9,-171.27,1.112
R2098,pine,13662.1,-59441.6,16637.2,-259.83,1.092
R2099,pine,16740.9,-59452.3,17475.6,-69.46,0.88
R2100,pine,28283.9,-59135.2,17761.8,-247.98,0.854
R2101,pine,30625.1,-59138.8,15506,-205.53,1.225
R2102,pine,33124.7,-59211,13189.4,-239.69,0.898
R2103,pine,33635.1,-59103.6,13352.8,26.3,0.857
R2104,pine,35182.2,-59353.3,12482.1,-234.88,0.923
R2105,pine,35762.2,-59340.1,12661.2,54.19,0.839
R2106,pine,36776.7,-59439.6,14212.7,0.67,0.895
R2107,pine,37527.4,-59238.8,15641.7,-261.84,0.823
R2108,pine,38370.4,-58870.5,15762.8,-44.72,0.905
R2109,pine,38996.8,-59469.5,17189.9,67.83,0.993
R2110,pine,40126.5,-59367.6,17137.9,-154.79,1.201
R2111,pine,40415.1,-59276.8,17221,-99.01,1.07
R2112,pine,41276.1,-58818.9,18088.9,-88.84,0.939
R2113,pine,43906.4,-59198.7,14504.1,-219.8,0.935
R2114,pine,56215.5,-59464.8,15884,-193.06,1.242
R2115,pine,57496.9,-59479.9,16201.4,-25.46,0.92
R2116,pine,58018.8,-59214.8,16000.8,-1.12,1.052
R2117,pine,58945.5,-58971.5,15442.9,-222.22,0.872
R2118,pine,59694.5,-58988.1,15074.8,28.35,1.084
R2119,pine,60635.4,-58920.8,14013.8,-98.45,0.825
R2120,pine,61346,-58805.4,13233.6,-143.11,0.912
R2121,pine,62215,-59526.1,13573.5,-93.81,1.24
R2122,pine,63364.9,-58974.5,14539.2,-0.17,0.966
R2123,pine,-68660.7,-58145.4,11142.1,87.38,0.806
R2124,pine,-65397.8,-58221.3,13510.4,-246.2,1.205
R2125,pine,-64400.9,-58574.2,13791.9,-145.15,0.954
R2126,pine,-62126.9,-58016.5,13391.9,-23.79,1.098
R2127,pine,-61661.3,-58677.2,14788.2,-166.08,0.906
R2128,pine,-60916.6,-58208.4,13003.3,-180.87,1.1
R2129,pine,-60300.8,-58215.9,12518.6,-36.97,1.044
R2130,pine,-58913.9,-58176.6,11361.6,-24.38,0.987
R2131,pine,-58107.9,-58394.5,11772.2,-204.54,1.202
R2132,pine,-57824.5,-58631.6,12070.5,7.52,1.231
R2133,pine,-56487.2,-58791.3,11877.1,-225.25,0.858
R2134,pine,-56317.1,-58479,11623.7,-252.75,0.854
R2135,pine,-55551.9,-58496.2,12620.2,-189.72,0.961
R2136,pine,-54555.8,-58348.6,11908.4,4.41,0.959
R2137,pine,-53402.7,-58673.1,11093.8,-253.21,1.062
R2138,pine,-52561.1,-58651.1,11557.7,-228.22,1.151
R2139,pine,-52370.3,-58221,11057.8,-7.17,0.806
R2140,pine,-51466.7,-58581.8,10659.6,-95.09,0.843
R2141,pine,-50093.6,-58515.9,10373.8,-247.93,0.916
R2142,pine,-48714.1,-58155.8,10695.5,5.27,0.816
R2143,pine,-47968.8,-58417.2,11455.7,-113.81,0.991
R2144,pine,-47184.1,-58464.9,12513.4,78.11,0.807
R2145,pine,-44698.2,-58328.4,11252.8,-2.54,0.953
R2146,pine,-44056.8,-58494.2,11841.6,43.33,1.078
R2147,pine,-31615.5,-58699.9,13549,-235.95,1.061
R2148,pine,-30876.7,-58367.7,12617.1,30.28,0.809
R2149,pine,-30506.9,-58099.7,12191.7,-138.1,1.066
R2150,pine,-29875,-58351.8,12648.1,-227.4,0.963
R2151,pine,-28465.5,-58268.1,13191.3,10.41,1.139
R2152,pine,-28069.3,-58747.6,13937.6,-124.15,0.956
R2153,pine,-27196.6,-58522.4,13741.8,-117.26,0.954
R2154,pine,-26776.3,-58550.6,13727.3,75.02,1.19
R2155,pine,-25257.5,-58402.7,12677.7,-26.09,0.938
R2156,pine,-24985.3,-58139,11518.6,-194.25,1.13
R2157,pine,-24316,-58319.8,11504.1,-58.74,1.194
R2158,pine,-23443,-58416.9,11783.7,-9.76,0.904
R2159,pine,-22071.1,-58489.3,14924.4,-159.11,0.886
R2160,pine,-18336.8,-58622.2,15534.2,-260.42,1.024
R2161,pine,-15588.1,-58244.9,16732.1,-11.91,0.818
R2162,pine,-13444.3,-58698.7,15469.7,-63.11,0.979
R2163,pine,-12918.9,-58275.5,15207.6,-124.21,0.963
R2164,pine,-12067.5,-58441.9,15059.4,-77.99,0.971
R2165,pine,-11087.7,-58285.8,14702.8,-4.12,0.811
R2166,pine,-10015.5,-58341.3,14105.3,-88.66,0.83
R2167,pine,-9664.9,-58697.6,14344,-222.95,1.139
R2168,pine,-8777.5,-58155.2,14714.9,-164.29,0.97
R2169,pine,-8390.1,-58041.3,14375.1,-43.11,1.094
R2170,pine,-6864.3,-58253.6,12869.9,-7.6,1.227
R2171,pine,-6531,-58071.3,12733,-240.9,0.814
R2172,pine,-4586.7,-58160.6,14859.4,-190.54,1.069
R2173,pine,11036.3,-58646.1,14818.3,52.39,0.939
R2174,pine,11652.4,-58798.2,15041.8,-160.8,1.022
R2175,pine,12655.8,-58724.9,16529.1,75.29,0.957
R2176,pine,13979,-58276,17460.5,28.48,0.835
R2177,pine,15872.9,-58410.3,16572.1,-238.43,1.189
R2178,pine,31395.2,-58760.9,14193.3,54.34,1.142
R2179,pine,31702.6,-58287,13750.4,-72.36,0.938
R2180,pine,32965.7,-58133.4,12839.4,-195.31,1.231
R2181,pine,34696,-58258.7,12098.9,22.39,1.152
R2182,pine,34863.7,-58341.9,12077.5,-150.47,0.863
R2183,pine,36026.3,-58723.4,12456.5,-237.27,1.247
R2184,pine,37018.2,-58765.2,14247.1,20.14,0.876
R2185,pine,37428.2,-58504,15055,78.42,1.13
R2186,pine,38006.4,-58428.2,15206.7,43.52,1.176
R2187,pine,39114.3,-58793.9,15947.4,-6.14,1.168
R2188,pine,41710.4,-58107.2,17037.4,-183.25,1.177
R2189,pine,43595.3,-58262.6,13783.7,-198.44,1.189
R2190,pine,56198.8,-58460.1,13884.1,-263.57,0.853
R2191,pine,57245.2,-58187.2,13254.4,-69.38,0.881
R2192,pine,58523.7,-58766.4,15133.7,-210.29,1.205
R2193,pine,59460.3,-58127.1,14180.5,-52.85,1.07
R2194,pine,60253,-58119.2,13595,-18.83,1.043
R2195,pine,60422.8,-58370.9,13572.5,-117.4,0.858
R2196,pine,61859,-58362.5,13403,-243.8,1.035
R2197,pine,62064.4,-58577.1,13064.1,13.23,0.923
R2198,pine,63023.6,-58015.6,13896.4,32.6,0.914
R2199,pine,64082.6,-58576.9,15216.5,85.72,1.221
R2200,pine,65418.1,-58050.8,15705.4,70.41,0.966
R2201,pine,-69434.2,-57590.9,11889.4,-248.59,0.976
R2202,pine,-68902.2,-57266.7,11926.3,-140.07,1.118
R2203,pine,-67613.5,-57600.8,10395,-175.33,1.127
R2204,pine,-66332.4,-57555.8,12051,-27.77,1.156
R2205,pine,-65658.4,-57264.4,12546.4,-36.52,1.227
R2206,pine,-64652.4,-57260,12931.3,-120.22,1.043
R2207,pine,-63756.2,-57534.9,13026.2,-125.83,1.168
R2208,pine,-62248.3,-57274.6,11962.7,81.17,0.892
R2209,pine,-61980.8,-57284.2,11658,47.33,1.116
R2210,pine,-60752.1,-57926.8,12224.7,-124.06,0.97
R2211,pine,-60222.1,-57272.6,10559.1,-69.31,1.082
R2212,pine,-58910.5,-57840.4,10700.8,-90.55,1.074
R2213,pine,-58022.3,-57881.7,10770,-166.33,1.093
R2214,pine,-57372.9,-57713.4,10860.9,-193.41,0.914
R2215,pine,-56935.6,-57491.6,10615.9,-92.22,1.212
R2216,pine,-56381.1,-57232,10415.3,65.48,0.806
R2217,pine,-54873.5,-57664.1,11539.6,-35.58,1.203
R2218,pine,-54199.4,-57808.2,10790.4,-127.44,1.167
R2219,pine,-53941.7,-57485.1,10710.5,-61.26,1.082
R2220,pine,-52497.6,-57284.7,11482.8,9.52,1.212
R2221,pine,-51902.8,-57378,11081.3,-148.14,1.185
R2222,pine,-50963.4,-57750.2,10435.1,16.56,1.145
R2223,pine,-50424.2,-57202.8,10842.9,63.26,1.111
R2224,pine,-49241.6,-57904.4,10573.9,-206.96,0.999
R2225,pine,-49027.5,-57674.7,10651.5,82.14,0.819
R2226,pine,-47976.4,-57998.5,11108.5,-224.05,1.032
R2227,pine,-47121.8,-57615.7,11605.4,-86.07,1.034
R2228,pine,-46116.7,-57284.4,11366.3,-157.13,0.857
R2229,pine,-45401.3,-57653.1,10468.5,-207.45,1.012
R2230,pine,-35788.8,-57964.1,12825.3,-10.06,1.189
R2231,pine,-33896.1,-57330.6,14109,-3.46,1.171
R2232,pine,-32380.9,-57851.1,13936.6,-256.26,0.867
R2233,pine,-31012.7,-57476.6,11725.3,-143.81,1.08
R2234,pine,-30784.1,-57601.2,11570.1,-47.63,1.074
R2235,pine,-29972,-57693.6,12093.1,-1.45,1.171
R2236,pine,-28847.5,-57858.4,12702.9,-108.92,1.091
R2237,pine,-27983.7,-57202.5,11987.8,20.38,1.213
R2238,pine,-27326.8,-57550.1,12319.2,-158.41,1.032
R2239,pine,-26544.4,-57884.1,12815.2,-204.14,0.805
R2240,pine,-24961.8,-57205.1,9662.3,-186.96,0.843
R2241,pine,-23688.1,-57665.3,10766.6,-137.57,0.995
R2242,pine,-23529.2,-57474.9,10702,-18.73,1.24
R2243,pine,-22264,-57867.5,13763.2,-120.61,0.903
R2244,pine,-20819.1,-57363,13387.5,-80.37,1.247
R2245,pine,-19448.4,-57474.6,14865.9,-102.8,0.994
R2246,pine,-16286.4,-57957.9,15965.9,-267.39,1.081
R2247,pine,-14008.9,-57477.6,16205.1,-107.78,1.109
R2248,pine,-13403.1,-57714.8,15934.9,75.15,1.064
R2249,pine,-12424.9,-57802.5,14924.7,-235.4,1.044
R2250,pine,-12087.3,-57918.5,14953.9,64.15,1.22
R2251,pine,-11071.9,-57796.9,14476.4,-226.11,0.884
R2252,pine,-10194.7,-57915.9,14401.8,-101.64,1.01
R2253,pine,-9423.3,-57442,13612.7,86.4,0.876
R2254,pine,-9037.6,-57677.2,13999.1,65.12,0.887
R2255,pine,-7619.8,-57210.1,13145.9,-186.76,0.867
R2256,pine,-7254.2,-57277.7,13167.5,63.72,1.207
R2257,pine,-6621.2,-57629.5,12747.8,-190.53,0.816
R2258,pine,-5839.5,-57484.9,12464.2,-109.47,0.956
R2259,pine,-4617.4,-57686.1,14219.5,-81.7,1.192
R2260,pine,-3963,-57550.5,14602.5,-6.36,1.03
R2261,pine,1716.8,-57379.6,10784.7,-181.55,1.159
R2262,pine,3586.5,-57428.9,10093.2,-148.01,0.987
R2263,pine,4752.5,-57474.4,10083.5,-142.44,0.875
R2264,pine,5731.1,-57639.3,12152.8,-92.22,1.041
R2265,pine,6393.7,-57207.7,11340.3,-11.67,1.156
R2266,pine,6971.2,-57863,12159.7,-35.1,1.136
R2267,pine,9386.2,-57464.1,12428,84.54,1.095
R2268,pine,10438.2,-57922.1,13791.8,-178.88,0.957
R2269,pine,11133,-57619.9,14668.4,-3.62,0.83
R2270,pine,14423.5,-57511.8,16329.4,-236.54,1.211
R2271,pine,15327.9,-57530.3,16160,-105.73,1.18
R2272,pine,27552.4,-57901.5,14741.2,-126.51,1.039
R2273,pine,28224,-57908.1,15371.4,-83.35,0.923
R2274,pine,32061.9,-57749.6,13320.7,-2.63,0.861
R2275,pine,32808.5,-57424,12525.6,-96.31,0.969
R2276,pine,33636.9,-57946.7,12407.9,76.62,1.083
R2277,pine,34948.2,-57897,12028.9,-193.2,1.162
R2278,pine,35947.4,-57300.7,12485.8,-10.35,0.987
R2279,pine,37801.7,-57924.5,15134.5,-231.53,0.904
R2280,pine,38695.4,-57818.7,14813.2,-65.99,1.078
R2281,pine,42785.3,-57473.5,12973.9,-121.17,1.046
R2282,pine,43055.1,-57896.8,14018.6,-48.59,1.063
R2283,pine,57888.5,-57645.6,13366.6,7.53,1.087
R2284,pine,58744.7,-57607,13525.1,-116.89,1.236
R2285,pine,59079.8,-57517.1,13324.1,-50.67,1.014
R2286,pine,59732.1,-57498.5,13029.5,23.17,0.828
R2287,pine,60670.2,-57746.7,13078.3,88.69,1.086
R2288,pine,61546.8,-57805,13390.4,67.78,1.125
R2289,pine,62936.5,-57856.5,13682.6,-3.55,1.101
R2290,pine,64529.7,-57947.2,15378.1,-30.4,0.906
R2291,pine,66891.8,-57472.6,13551.2,-133.25,0.819
R2292,pine,69147.6,-57604.7,13591.9,-225.28,0.951
R2293,pine,-68418.8,-56541.3,11307.7,-85.82,1.126
R2294,pine,-68243.3,-57191.1,11117.3,-5.8,0.954
R2295,pine,-67025.7,-56488.4,10079.8,-6.58,0.856
R2296,pine,-65967.1,-56591.9,11054.1,72.37,0.897
R2297,pine,-63907,-57160,12596.3,-267.95,1.13
R2298,pine,-63059.4,-56694.4,11804.6,-51.58,1.108
R2299,pine,-62120.9,-56721.7,10653.5,-226.42,1.015
R2300,pine,-61329,-57196.5,10918.2,-207.42,1.147
R2301,pine,-60567.2,-57076.5,10331.8,-127.28,0.895
R2302,pine,-60125.4,-57090.8,10193.2,-121.04,0.966
R2303,pine,-59280,-57130.4,9874.3,-74.91,1.142
R2304,pine,-58661.6,-57168.7,10020.9,-175.83,0.829
R2305,pine,-57682.7,-56490,9802.2,56.81,0.879
R2306,pine,-56723.4,-57122.5,10315.8,60.16,0.975
R2307,pine,-56065.9,-56825.9,10366,50.96,1.041
R2308,pine,-55331,-57195.2,10527.4,-223.16,0.856
R2309,pine,-54287.8,-56523.6,10296.1,-65.31,0.839
R2310,pine,-53310,-56494.4,11461.4,61.88,1.134
R2311,pine,-52816.7,-56541.3,11237.4,-143.83,1.068
R2312,pine,-51757.5,-57096.1,10891.4,-237.84,1.157
R2313,pine,-51022.6,-56651.2,10819.9,-121.12,1.049
R2314,pine,-50392.9,-56461.9,11732.9,70.96,1.238
R2315,pine,-49944.1,-57161.4,11078.3,-90.81,0.863
R2316,pine,-48632.7,-56849.6,11376.6,45.16,0.94
R2317,pine,-47132.3,-57184,11398.6,-47.22,1.156
R2318,pine,-46738.4,-57168.6,11574.7,-212.1,0.922
R2319,pine,-45445.7,-56569.1,11637.4,-155.62,0.907
R2320,pine,-44473.7,-56740.8,10444.7,-207.23,0.877
R2321,pine,-39787.4,-56574.5,11099.4,-51.23,0.957
R2322,pine,-36447.2,-56506.1,11630.9,-48.75,1.078
R2323,pine,-34160.5,-56549,12504.8,36.32,0.825
R2324,pine,-31044.9,-56832.3,11055,-112.21,1.078
R2325,pine,-30377.4,-57035.7,10941.9,-186.43,1.087
R2326,pine,-29751.7,-56621,9974.7,-168.78,0.867
R2327,pine,-28850,-57072.6,11394,-104.6,0.985
R2328,pine,-27798,-56974.6,11606.6,47.1,1.043
R2329,pine,-27215.6,-56550.9,11036.1,-24.24,0.842
R2330,pine,-26559.1,-56758.8,10978.2,-117.33,1.127
R2331,pine,-25961.4,-56566.5,9999,-164.56,0.943
R2332,pine,-24982.8,-56692.9,8983,-203.54,1.205
R2333,pine,-23990.1,-56415.3,9307,-107.31,0.972
R2334,pine,-23268.7,-56981.6,10334.5,-202.25,1.119
R2335,pine,-21308.6,-56647,11901.2,-46.9,0.838
R2336,pine,-16245.8,-56779.1,13911,-87.38,1.214
R2337,pine,-12601,-56424.6,14633.3,-23.61,0.942
R2338,pine,-12187.3,-56709.4,14766.2,-69.78,0.982
R2339,pine,-11268.8,-56794.9,13614.9,3.94,1.23
R2340,pine,-10769.6,-56944.9,13378.9,31.85,0.9
R2341,pine,-9602.4,-56438.4,11879.3,-240.91,1.223
R2342,pine,-9157.2,-56509.5,11963.7,-47.71,1.093
R2343,pine,-8195,-57125.5,13357.1,19.75,1.054
R2344,pine,-7277.8,-57097.3,12955.9,-61.68,0.959
R2345,pine,-6746.8,-56471.7,11867.2,-212.42,1.138
R2346,pine,-5269.9,-57010.6,12402.2,-93.69,0.936
R2347,pine,-5029.5,-56775.7,12141.6,-243.52,0.931
R2348,pine,-2317.9,-57122.9,12376.5,-269.33,0.875
R2349,pine,-700.9,-56508.7,11045.7,-193.63,1.141
R2350,pine,290.1,-56478.8,11482.2,-248.97,0.862
R2351,pine,3389.4,-56447.1,9426.6,49.51,1.192
R2352,pine,4022.1,-56969.3,9306.4,-94.69,0.951
R2353,pine,4446.7,-56554.5,8921,-127.34,1.023
R2354,pine,5350,-56688,9477.3,45.23,0.996
R2355,pine,6221.5,-56848.4,10592.6,-79.55,1.027
R2356,pine,8626.3,-56601.5,12397.5,10.89,1.151
R2357,pine,9892.8,-56859.4,13580.8,-97.85,1.069
R2358,pine,12787.6,-56495,15707.5,-38.31,1.223
R2359,pine,15268,-56805.5,15709.9,-261.74,0.8
R2360,pine,17157.8,-57186.9,15178.9,-133.48,1.214
R2361,pine,26427.1,-57074.5,12403,-215.39,1.134
R2362,pine,27067.4,-57178.8,13033.6,-54.45,1.199
R2363,pine,27947.7,-56822.3,13016.5,-196.76,1.089
R2364,pine,29403.7,-56951.6,15079.5,-108.39,0.811
R2365,pine,30264.3,-56679.5,14516.8,-218.5,0.988
R2366,pine,32919.3,-56491.9,11549.6,-199.89,0.837
R2367,pine,33203.9,-56435.6,11465.7,63.85,1.088
R2368,pine,35027.2,-57079.5,11668.7,-113.8,1.043
R2369,pine,36265.8,-56668.7,12316.8,-93.81,0.992
R2370,pine,36828.7,-56962.5,13287.5,-239.12,1.112
R2371,pine,37991.4,-56538.7,15484.6,-28.19,1.117
R2372,pine,39255.6,-57095.3,14258.4,-167.78,1.057
R2373,pine,39711.6,-57162.3,14107.2,-201.33,1.06
R2374,pine,40469.6,-57133,14735.4,-262.71,1.006
R2375,pine,55352.6,-56684.6,11795.2,-101.96,1.167
R2376,pine,56368,-56722.8,11896,53.51,1.167
R2377,pine,56829.8,-56971,12375.7,-170.01,1.056
R2378,pine,57826.9,-56512.7,10657.9,-227.55,0.907
R2379,pine,58641.3,-56572.7,10846.3,-229.98,0.969
R2380,pine,59212.4,-56753.3,11267.7,73.03,0.975
R2381,pine,60031.5,-57166.3,12524.6,80.35,0.985
R2382,pine,60930.1,-56596,12492.2,-210.49,1.177
R2383,pine,61541.2,-56441.1,13288.4,-91.87,1.034
R2384,pine,62514.5,-56978.5,13879.8,-90.69,0.878
R2385,pine,-68542.5,-55825.3,10701,-129.99,1.006
R2386,pine,-67926,-56092.4,9919.4,-127.07,1.151
R2387,pine,-67059.1,-55624.7,8894.4,-32.26,0.926
R2388,pine,-66714.9,-56077.8,9550.2,-233.43,0.895
R2389,pine,-64928.5,-55652.5,10573.7,-94.17,1.115
R2390,pine,-64134.5,-55722.2,10798.8,3.23,1.075
R2391,pine,-62997.6,-56008.3,10165,-267.46,0.928
R2392,pine,-62091.7,-55956.2,9089.6,-122.39,0.89
R2393,pine,-61565.1,-56265.1,9066.1,-66.86,1.046
R2394,pine,-60569.4,-55727.3,8303.2,-41.53,0.896
R2395,pine,-60181.7,-55772.8,8013.3,-211.1,1.113
R2396,pine,-59584.2,-56379.8,8802.6,62.63,1.008
R2397,pine,-58015.6,-56399.8,9932.2,-230.82,1.066
R2398,pine,-57386.9,-56184.7,9758.6,-91.21,0.964
R2399,pine,-57150.7,-56198.2,9781.8,-44.64,0.907
R2400,pine,-56399.3,-56102.7,9852.9,-120.29,1.104
R2401,pine,-54981,-56379,9882.1,66.63,1.191
R2402,pine,-54289.8,-56006.5,9695.6,-56.22,1.067
R2403,pine,-53584.7,-56231.3,10700.5,76.68,0.863
R2404,pine,-53192.9,-56257.2,11350.1,-160.24,0.888
R2405,pine,-52239.3,-55741.9,10417.1,56.86,1.074
R2406,pine,-51380.2,-56085,10728.5,78.61,1.024
R2407,pine,-50742.2,-55672.3,11593,60.98,0.924
R2408,pine,-49840.5,-55930.3,12667.5,-36.98,1.165
R2409,pine,-48759.8,-56174.2,11679.3,30.76,1.088
R2410,pine,-48046.8,-55685.9,10900.4,-228.75,0.959
R2411,pine,-47258.8,-55731.3,11249.6,-234.14,1.191
R2412,pine,-46229.2,-56266.6,11776.8,-34.9,1.179
R2413,pine,-45528.2,-55849,11054.4,-174.09,0.87
R2414,pine,-44888.8,-56008.7,10907.7,-187.08,0.889
R2415,pine,-43774.9,-56372.6,10351.8,-29.65,0.998
R2416,pine,-42915.3,-55880.6,11149.8,-52.18,0.904
R2417,pine,-41416.7,-55659.8,11351.1,79.06,0.819
R2418,pine,-40221.7,-55630.2,11188.8,-248.73,1.018
R2419,pine,-38342,-56134.4,11485.9,-80.45,1.017
R2420,pine,-37790.7,-55860.3,11308.5,89,1.139
R2421,pine,-34579.5,-56002.8,11903.1,-99.09,1.184
R2422,pine,-31394.8,-56009.7,8845.5,-117.93,1.134
R2423,poplar,-30060,-55688,7989.3,-25.4,1.071
R2424,pine,-29882,-55900.7,8374.2,68.76,1.051
R2425,pine,-28560.2,-56236.8,9105.1,-47.79,1.247
R2426,pine,-27842.7,-55651,8361.1,-14.05,1.133
R2427,pine,-27511,-56271.8,9985.9,-132.45,0.869
R2428,pine,-26164.4,-56292.3,9609.1,-267.02,1.237
R2429,pine,-25337.2,-56338,8950.4,-20.05,1.098
R2430,pine,-25129.7,-55756,8321.8,-147.18,1.001
R2431,pine,-23828.5,-56259.3,9437.5,-45.65,0.893
R2432,pine,-23327.8,-55753,9213.1,-240.04,1.093
R2433,pine,-22774.2,-55810.4,9649.5,67.71,1.091
R2434,pine,-13608.1,-56185.8,14416.5,-109.23,1.224
R2435,pine,-12963.2,-55914.5,13781.3,-8.92,1.099
R2436,pine,-12294.7,-56256.5,13864.5,47.74,1.084
R2437,pine,-11366.9,-55885.6,12874,74.12,0.956
R2438,pine,-10787.9,-55683.5,12080.3,-96.83,0.805
R2439,pine,-9275.1,-56009.9,11075.3,49.66,1.023
R2440,pine,-8406.3,-56375.8,11863.3,57.99,0.838
R2441,pine,-8032.5,-55929.8,11264,-202.52,1.213
R2442,pine,-6976.7,-55966.4,11530,-131.29,1.228
R2443,pine,-6146.3,-55652,10985.1,-34.67,0.845
R2444,pine,-5987.9,-55965,11102.1,51.57,1.031
R2445,pine,-5187.4,-55709.2,10959,-200,1.229
R2446,pine,-3839.4,-55975.3,11832,-258.27,1.072
R2447,pine,-2379.6,-56141.6,12025.6,-55.07,1.207
R2448,pine,3015.1,-55775.2,8955.3,-192.85,1.178
R2449,pine,4229.4,-56214.6,8569.7,-24.33,0.865
R2450,pine,4454.1,-56254.6,8612.6,28.31,0.851
R2451,pine,5488.6,-56127.9,9094.6,-200.16,1.036
R2452,pine,6089,-55946.2,9439.9,82.88,0.964
R2453,pine,7338.3,-56148.9,10255.1,33.82,0.948
R2454,pine,8341.1,-56016.7,12062.7,-236.79,0.937
R2455,pine,9674.4,-56379.2,13875.3,-43.13,1.038
R2456,pine,11223.9,-56247,14800.7,10.81,1.225
R2457,pine,12323.4,-56296.7,15418.8,53.14,0.888
R2458,pine,25937.5,-56249.3,9903.9,-59.48,0.857
R2459,pine,27524.5,-56029.2,10703.2,-3.99,1.06
R2460,pine,29482.4,-56384.2,14188.1,-8.89,1.198
R2461,pine,31036.5,-55684.8,13114.1,-119.85,1.07
R2462,pine,33233.6,-55734.1,10661.1,-185.28,0.923
R2463,pine,39980.4,-55613,12145.9,-262.62,1.143
R2464,pine,55407.8,-55976.9,11839.6,-18.07,0.969
R2465,pine,56755.8,-56331.5,11455.4,68.6,1.192
R2466,pine,57823.4,-55790.5,9341.7,-25.39,0.954
R2467,pine,58269.7,-56230.9,10265,-228.34,0.889
R2468,pine,59204.8,-55821.2,9694.5,50.23,0.927
R2469,pine,59651,-55602.9,9873,21.43,0.965
R2470,pine,60975.9,-56024.9,12176.4,62.52,1.151
R2471,pine,61734.2,-55779.7,13055.9,71.84,1.087
R2472,pine,62770.2,-55807.8,14392.9,-229.89,0.949
R2473,pine,63409.6,-56056.9,14834.7,-208.92,0.939
R2474,pine,63768,-55611.6,14288.2,53.45,1.186
R2475,pine,68638.3,-56206.9,11516.2,46.5,1.093
R2476,pine,69512.4,-56114.3,10920.1,-207.06,0.838
R2477,pine,-69042.7,-54975.7,9347.8,-204.5,1.122
R2478,pine,-67775.2,-55221.1,9398.1,-123.19,1.042
R2479,pine,-67067.2,-55095.4,8930.5,-93.49,0.862
R2480,pine,-66002.1,-54893.9,8887.5,-37.22,0.862
R2481,pine,-65927.2,-55510,9409.3,-251.16,0.846
R2482,pine,-64493.8,-54817.6,9433.5,-261.1,1.087
R2483,pine,-63778.9,-54890,9441.9,-68.08,0.949
R2484,pine,-63481.5,-55458.7,10009.9,-256.34,1.228
R2485,pine,-62498.1,-55070.8,8686.8,25.48,0.957
R2486,pine,-61750.3,-54933.8,8051.4,-132.82,0.904
R2487,pine,-60988.6,-55284.4,7882.9,-16.72,1.124
R2488,pine,-59839.7,-55258.3,7110.9,-59.23,1.032
R2489,pine,-58860.7,-54984.4,7522.3,32.88,1.093
R2490,pine,-58636.5,-55356.2,8152.7,-176.83,1.211
R2491,pine,-57405,-55248.5,9714.2,81.41,1.054
R2492,pine,-57154.4,-54855.9,9629,-249.8,0.984
R2493,pine,-55887.7,-55073.8,9349,-139.17,0.829
R2494,pine,-55114.1,-55503.8,9333.4,-116.91,1.124
R2495,pine,-54199.1,-55488.5,9222,-122.57,1.219
R2496,pine,-53376.3,-55091.3,9222,-52.89,0.878
R2497,pine,-52693.8,-55315.4,9876.7,-44.67,1.081
R2498,pine,-52165.9,-54909.3,9993.4,-6.98,1.222
R2499,pine,-51455.7,-55146,11098.1,-164.77,1.215
R2500,pine,-50251,-55145.8,11440.8,-145.74,1.053
R2501,pine,-49646.7,-55116.1,10991.6,-109.04,1.059
R2502,pine,-48624.1,-55337.6,10632.7,80.11,0.897
R2503,pine,-48304.1,-55395.4,10447.5,-169.3,1.205
R2504,pine,-46838.4,-55538.1,11298.6,-187.32,1.074
R2505,pine,-46356.5,-55247.1,10905.6,49.44,0.966
R2506,pine,-45584.7,-55163,10659.4,-23.6,1.203
R2507,pine,-44711.3,-55125.6,10756.5,-15.44,1.247
R2508,pine,-44191.4,-54813.5,11057.8,-52.47,0.812
R2509,pine,-43033.7,-55343.1,11822.5,-104.71,1.245
R2510,pine,-42134.3,-54873.6,11600.6,-158.3,1.199
R2511,pine,-40866.1,-55038.1,11415.5,-102.47,0.816
R2512,pine,-39701.7,-55105.3,11174.3,-30.63,1.116
R2513,pine,-38522.7,-54885.7,11215.3,79.35,1.153
R2514,pine,-36640.7,-54899.8,11856.8,-216.26,0.924
R2515,pine,-36389,-54914.8,11665,-95.34,0.879
R2516,pine,-35027.2,-54983.9,10743,-139.94,1.231
R2517,pine,-34592.7,-54823.8,10146,-222.51,1.028
R2518,pine,-33016,-55388.3,8141.3,-232.53,1.137
R2519,elm,-32118.8,-55310.5,7344,-76.14,1.14
R2520,pine,-30863.1,-55158.4,6904.8,-245.07,0.857
R2521,pine,-30006.2,-55170.7,6928.8,-35.13,1.073
R2522,pine,-29207.1,-55156.6,7220.2,-22.25,1.035
R2523,elm,-29002.9,-55073.7,7199,46.65,1.151
R2524,pine,-28103.9,-55332.1,7840,52.79,1.244
R2525,pine,-27280.6,-55052.8,7445.9,-69.78,1.154
R2526,elm,-26458,-55019.4,7651.9,-3.96,0.922
R2527,pine,-25453.6,-55479.8,8373.3,-229.17,1.039
R2528,elm,-24972.5,-54908,7870.6,14.65,1.242
R2529,poplar,-23719.1,-55036.3,7837.8,-158.55,0.873
R2530,pine,-22889.6,-54892.7,8130.9,-124.93,1.042
R2531,pine,-22695.9,-55396.4,9158,-159.51,1.136
R2532,pine,-19444.3,-54864.6,12376.1,-3.64,0.823
R2533,pine,-13729.7,-55273.6,13822.7,-123.26,0.825
R2534,pine,-12699.7,-54988.6,13512.7,-216.2,0.865
R2535,pine,-11920,-54886.9,13658.4,68.49,0.926
R2536,pine,-11543.9,-55131.6,13238.1,-57.62,0.948
R2537,pine,-10127.3,-55241,10865.3,-200.35,1.217
R2538,pine,-9749.8,-55243,10418.8,-194.36,1.021
R2539,pine,-8979.4,-54901.9,9817.4,-206.51,0.923
R2540,pine,-7754.1,-55222.6,10267.8,8.55,1.077
R2541,pine,-7143.7,-55494.5,11024.1,-85.55,1.241
R2542,pine,-6403.9,-55319.4,10871.8,71.57,1.191
R2543,pine,-5758.3,-55003.7,10432.6,-121.95,1.065
R2544,pine,-5003.6,-55171.9,11239.9,-1.23,0.92
R2545,pine,-261.1,-55165.2,10763.8,59.14,1.136
R2546,pine,1949.4,-55599.9,9732,-108.96,1.135
R2547,pine,3378.9,-55071,8416,-42.43,0.826
R2548,pine,4808.4,-54895.4,8174.4,-188.44,0.925
R2549,pine,5890.4,-54970,8686.4,-154.53,0.839
R2550,pine,6754.2,-55318.3,9430.2,-190.91,1.078
R2551,pine,7049.1,-54926.4,9719.3,-108.98,0.828
R2552,pine,9020.2,-55264.6,12599.9,-249.36,1.059
R2553,pine,11038.1,-55224.2,14396,-127.72,1.1
R2554,pine,25796.8,-55053,8486.1,-78.67,0.998
R2555,pine,27635.2,-55278.1,9253.9,-176.28,1.163
R2556,pine,28433.7,-55206.3,10096.3,-226.85,1.177
R2557,pine,29220.5,-55297.5,11678.9,-247.93,1.211
R2558,pine,31514.2,-55592.8,11824.2,63.86,0.816
R2559,pine,33016.4,-54828.8,9563,-252.23,0.914
R2560,pine,35836.6,-55272.2,9466,-67.54,0.884
R2561,pine,36980.4,-55212.4,9831.5,-244.01,0.847
R2562,pine,37268.1,-55067.5,9768.2,24.61,0.861
R2563,pine,40499.3,-54938,10540.6,-214.84,0.932
R2564,pine,52381.9,-55433.9,9158,-134.53,1.209
R2565,pine,54623.3,-55168.4,11978.5,85.25,1.195
R2566,pine,55778.3,-55390.7,10871.7,-244.74,1.071
R2567,pine,56569.9,-55402.2,9913.7,32.03,1.013
R2568,pine,57251.6,-55040.4,8686.1,-125.79,1.147
R2569,pine,58791.5,-55004.4,8582.7,-265.81,1.027
R2570,pine,59111.1,-55209.8,9197.7,-203.72,1.192
R2571,pine,59909,-55264.4,10003.1,59.86,1.118
R2572,pine,60613.9,-55112.8,10673.2,-117.73,1.071
R2573,pine,62671.6,-55142,14303.1,65.03,0.836
R2574,pine,62837.2,-54954.4,13887.3,-208.54,0.833
R2575,pine,-69015.7,-54276.7,8432.7,-123.25,0.818
R2576,pine,-67628.2,-54120.3,8406.5,-25.6,1.213
R2577,pine,-67155.4,-54443.1,8907.9,-256.83,0.962
R2578,pine,-66574.7,-54458.6,8715.2,59.11,0.853
R2579,pine,-65733.5,-54706.7,8742.2,-9.16,0.87
R2580,pine,-64512.6,-54115.1,8063.5,-212.32,0.886
R2581,pine,-64184,-54536.5,8930.4,-168.3,0.826
R2582,pine,-63271.2,-54076.4,8005.6,-266.45,1.138
R2583,pine,-62684.6,-54285.1,8132.8,39.95,1.103
R2584,pine,-61965.6,-54563.5,7911.3,-27.69,1.09
R2585,poplar,-60672.7,-54580.7,7112,-130.2,0.946
R2586,elm,-59896.2,-54124.7,6096.4,-54.08,1.204
R2587,pine,-59031.6,-54351.5,6452.3,-256.61,0.841
R2588,pine,-58602.7,-54045.2,6711.3,-174.34,1.187
R2589,pine,-57484.7,-54190.8,8462.2,-249.53,1.142
R2590,pine,-56507.7,-54121.6,8904,-182.77,0.997
R2591,pine,-56092.7,-54085.9,8487.3,-135.98,1.245
R2592,pine,-55067.1,-54444.6,8523.3,-56.03,1.075
R2593,pine,-54420.8,-54405.8,8232,-185.91,1.133
R2594,pine,-53546.8,-54517.6,8458.4,-135.19,1.01
R2595,pine,-52845,-54187,9048.8,-187.86,1.145
R2596,pine,-52250.4,-54451.9,9822.2,-192.94,0.825
R2597,pine,-51410.3,-54395.8,10678,-229.53,0.982
R2598,pine,-50026.5,-54058.7,9561.4,-120.19,0.814
R2599,pine,-49647.1,-54634.1,10253.8,29.54,1.005
R2600,pine,-48768.4,-54500.3,9942.3,-183.6,1.169
R2601,pine,-47748.8,-54297.1,8679.2,-161.66,0.956
R2602,pine,-47203.5,-54656.7,9061.8,-154.32,1.002
R2603,pine,-46562.9,-54014.2,8154.5,-242.96,1.226
R2604,pine,-45516.6,-54479,9705.5,-254.61,1.093
R2605,pine,-44890.4,-54733.1,10524,-215.31,1.055
R2606,pine,-43850,-54042.6,10574.2,-58.07,0.865
R2607,pine,-43043.5,-54557.1,11910.8,-104.88,0.965
R2608,pine,-42483.8,-54182,11181.6,-62.63,0.896
R2609,pine,-41482,-54542.7,10898.7,-32.51,1.067
R2610,pine,-40819.1,-54654.5,11162.4,33.01,1.17
R2611,pine,-39555.6,-54371.1,11254.6,61.83,0.866
R2612,pine,-38313.4,-54503.5,11803.6,69.77,1.01
R2613,pine,-37826.6,-54223.4,11881.9,-76.04,0.952
R2614,pine,-36945.9,-54599.2,11824.4,-83.07,1.12
R2615,pine,-36183.3,-54444.1,10694,87.33,1.046
R2616,elm,-33346.7,-54116.7,7040.4,89.88,0.967
R2617,pine,-32920.5,-54092.6,6442.6,-22.48,0.883
R2618,pine,-32140,-54389.8,6109.9,-141.38,0.961
R2619,pine,-31275.4,-54347.4,5727.7,-133.17,0.858
R2620,pine,-30535.8,-54554.1,5910.5,-223.16,0.918
R2621,elm,-29208.1,-54341.1,6101.6,-181.52,1.077
R2622,poplar,-28689,-54419,6284.8,-136.34,0.856
R2623,pine,-27849.5,-54356.6,6433.4,81.07,1.235
R2624,pine,-27295,-54708.5,7015.5,58.96,0.962
R2625,elm,-26607.4,-54649.6,7112.4,-265.69,1.108
R2626,pine,-25411.6,-54418,7179.7,-119.63,1.067
R2627,pine,-25000.2,-54793.2,7741.9,-238.04,1.049
R2628,elm,-24007.5,-54709.8,7320.4,24.71,0.904
R2629,elm,-22960.1,-54475.7,7661.2,8.83,1.04
R2630,pine,-21949.2,-54219.3,9157.5,74.16,0.997
R2631,pine,-14098.2,-54089.9,12622.6,-190.23,0.953
R2632,pine,-13251.5,-54785.6,13816.9,-209.39,1.056
R2633,pine,-12948.2,-54005.1,13374.7,-50.33,1.185
R2634,pine,-12265.4,-54632.3,13743.1,-16.32,1.219
R2635,pine,-11021.6,-54389.5,11904.8,-187.47,1.063
R2636,pine,-10185.4,-54639.3,10835,-58.81,0.868
R2637,pine,-9845.9,-54139.7,10604.3,69.52,1.159
R2638,pine,-8766.6,-54448.6,9749.6,-174.5,1.242
R2639,pine,-7755.8,-54790.1,9947.2,-53.41,1.082
R2640,pine,-7301.8,-54739.2,10268.8,49.88,1.219
R2641,pine,-6315.2,-54147.2,10502,-134.71,1.003
R2642,pine,-5435,-54673.8,10461.9,-105.4,1.011
R2643,pine,-4787.8,-54066.3,11046.6,-264.24,0.917
R2644,pine,-4151,-54766.9,11129.1,-12.49,1.163
R2645,pine,-2263.7,-54671.8,11165,-201.69,1.11
R2646,pine,-440.7,-54366.2,10522.1,-59.21,1.108
R2647,pine,1985.4,-54755.4,9390.8,-48.1,1.088
R2648,pine,2349.4,-54277.1,9003.5,4.46,0.832
R2649,elm,3592.1,-54085.7,7890.5,-72.48,1.139
R2650,pine,4126,-54506.9,8021.5,-232.38,1.067
R2651,pine,4552.8,-54605.7,7882.6,60.64,1.113
R2652,pine,6244,-54054.5,9631.5,74.55,0.801
R2653,pine,9564.8,-54495.4,12480.9,75.25,1.185
R2654,pine,28350.4,-54084.5,9530.9,87.8,1.206
R2655,pine,29499.5,-54335.4,11193.6,-125.93,1.234
R2656,elm,34149.6,-54464.4,7452.1,-50.62,1.181
R2657,elm,36192.6,-54000.6,6787,-65.09,1.191
R2658,pine,36909.2,-54726.8,8769.6,38.32,0.924
R2659,pine,39174.9,-54652.7,9619.8,-128.05,0.999
R2660,pine,53327.6,-54026.6,10030.8,-116.1,1.156
R2661,pine,54718.8,-54145.2,10245.1,14.6,0.866
R2662,pine,54887.1,-54743.4,11415,-226.28,1.142
R2663,pine,55664.6,-54002.2,8358.1,-243.61,1.192
R2664,pine,56592.6,-54028.3,7648.4,-213.3,1.03
R2665,pine,57874.2,-54039.4,7638.9,-77.32,0.89
R2666,pine,58478.7,-54297.8,7897.8,-231.08,0.904
R2667,pine,59489.4,-54401.1,8856.1,-20.5,1.135
R2668,pine,60127.9,-54679.2,9831.7,-93.75,0.972
R2669,pine,60741.5,-54140.8,10396.2,-34.07,0.967
R2670,pine,61826.5,-54734.5,13433.3,-126.1,0.814
R2671,pine,62982.8,-54608.8,13280.5,86.12,0.953
R2672,elm,-69286,-53816.3,7845.6,-157.81,0.819
R2673,elm,-68589.2,-53237.8,7477.3,-134.59,1.159
R2674,pine,-67867,-53626.5,8057.3,-195.1,1.231
R2675,pine,-67570.3,-53854.8,8289.5,38.95,1.093
R2676,pine,-66726.9,-53398,8146.8,16.65,0.989
R2677,poplar,-65792.3,-53713.5,7543.8,-20.42,1.223
R2678,pine,-64409.6,-53603.9,7445.5,-147.06,0.869
R2679,pine,-63742,-53944.9,7892.1,-228.05,0.953
R2680,elm,-63334.3,-53586.3,7699.4,-102.34,1.158
R2681,elm,-62594.1,-53826.2,7611.6,-138.43,0.889
R2682,pine,-61650.5,-53487.1,6417.2,-268.35,0.858
R2683,elm,-60497.3,-53558.4,6178.2,-33.25,1.006
R2684,pine,-60134.5,-53918,6255.1,-220.52,1.064
R2685,pine,-58800,-53379.6,6583.9,-61.85,1.015
R2686,pine,-58753.5,-53863,6460.1,-18.81,1.213
R2687,pine,-57296,-53742.7,8690.6,-155.58,1.113
R2688,pine,-56439,-53984.9,8694.3,-20.6,0.843
R2689,pine,-56263,-53975.4,8520.9,-181.86,1.009
R2690,poplar,-55037.4,-53229.6,7605,-78.19,1.194
R2691,pine,-54567.1,-53613.7,7491.8,-146.21,0.832
R2692,pine,-53445.4,-53861.3,8255.3,-17.19,1.043
R2693,pine,-53187.3,-53747.2,8576.9,-165.53,0.823
R2694,pine,-51887.4,-53213.6,10243.6,-165.92,1.242
R2695,pine,-51486.6,-53345.3,9966.7,-209.74,1.174
R2696,pine,-50521.3,-53589.4,9283.6,-196.89,0.85
R2697,pine,-49480.6,-53632.9,9058.5,-160.58,0.998
R2698,pine,-48556.1,-53867.8,9110.1,-189.33,1.199
R2699,poplar,-47641.5,-53207.5,7774.7,-139.96,1.194
R2700,pine,-47057,-53566.1,7851.5,-108.5,1.023
R2701,pine,-46008.9,-53444.1,7800.2,-260.01,1.094
R2702,pine,-45397.4,-53457.5,7995.4,1.49,0.816
R2703,pine,-44962.1,-53455.6,8474.4,8.32,1.028
R2704,pine,-43825.8,-53843.5,10265.1,-268.24,0.966
R2705,pine,-43246.8,-53794.5,10794.3,-181.21,1.125
R2706,pine,-42551.2,-53950.7,10953.2,9.72,0.924
R2707,pine,-41593.9,-53233.9,9749.9,-42.32,0.914
R2708,pine,-40926.1,-53625.7,9764.5,-37.55,0.849
R2709,pine,-39937.1,-53964.8,10597.5,-227.13,1.096
R2710,pine,-39100,-53356.2,10562.6,-49.77,0.806
R2711,pine,-38455,-53229.8,11226.1,-118.41,1.195
R2712,pine,-36580.2,-53728.5,10900.2,-210.12,0.819
R2713,pine,-35977.9,-53273.9,9682.5,-34.3,1.077
R2714,pine,-35147.5,-53525.3,8604.8,-246.74,1.192
R2715,poplar,-34096.1,-53746,7848.1,72.2,0.928
R2716,pine,-33490.1,-53608,6682.2,6.22,0.861
R2717,poplar,-32513.9,-53685.5,5740.4,-201.2,1.07
R2718,pine,-31654.7,-53482.2,5137.9,-261.47,1.119
R2719,elm,-31423.6,-53903.8,5351.2,-234.18,1.046
R2720,pine,-30046.4,-53409.2,5521.4,63.55,1.212
R2721,pine,-29919.4,-53507.5,5528.3,-15,0.941
R2722,poplar,-28898.3,-53344,5876.1,61.39,1.048
R2723,pine,-27706.5,-53572.4,5875.6,-166.34,1.024
R2724,elm,-26933,-53913.1,6232.7,-230.53,1.215
R2725,pine,-26753.3,-53391.5,5689.1,-157.05,1.046
R2726,pine,-25856.3,-53867,6389.2,-51.34,1.237
R2727,elm,-24841.7,-53732.6,6255.8,-240.28,1.134
R2728,elm,-24210.8,-53900.1,6445.4,-63.17,1.109
R2729,elm,-23062.6,-53713.8,7184.9,-146.96,1.166
R2730,elm,-22693.7,-53499.9,7514.6,8.83,1.096
R2731,pine,-20323.7,-53581.8,11926.4,39.77,1.075
R2732,pine,-14745.5,-53237.5,12166,-68.83,0.888
R2733,pine,-13429,-53693.5,12774.3,-89.78,1.219
R2734,pine,-12469.3,-53237.5,12248.3,-206.93,0.94
R2735,pine,-12336.5,-53696.5,12899.7,-40.92,0.833
R2736,pine,-11052.5,-53670.7,11685.1,39.07,1.196
R2737,pine,-10693.5,-53896.7,11476.5,-57.29,1.118
R2738,pine,-9714.5,-53397.9,10691.9,16.57,1.197
R2739,pine,-8881.8,-53262.3,9918.5,16.26,1.103
R2740,pine,-8094,-53324.2,9450.9,68.3,1.201
R2741,pine,-7291.6,-53476.6,9906.9,-165.81,0.97
R2742,pine,-6079.1,-53582.7,11150.9,-170.96,1.026
R2743,pine,-5619.7,-53324.1,11466.5,-255.03,0.843
R2744,pine,-4759,-53856.6,11236.1,-89.87,1.16
R2745,pine,-4383.3,-53587.3,11067,-214.41,1.093
R2746,pine,-2709.7,-53285,9700.5,76.14,1.027
R2747,pine,-983.9,-53498.6,9931.5,0.27,1.139
R2748,pine,-215.1,-53480,9861.9,-57.45,1.042
R2749,pine,1096,-53546.9,10533,-107.83,1.088
R2750,pine,1472.2,-53219.8,10581.7,-31.6,0.9
R2751,pine,3534.1,-53845.2,7952.1,-170.53,0.876
R2752,elm,4864.4,-53846.4,7835.7,75.13,0.902
R2753,pine,8026.9,-53740.9,11054.4,-68.95,0.905
R2754,pine,8713.8,-53884.8,11977.3,-1.89,1.051
R2755,pine,10136.9,-53932.1,12831.1,-120.89,1.233
R2756,pine,27533.2,-53369.8,8540.9,57.03,0.848
R2757,poplar,36870.8,-53302.4,6155.3,-131.28,0.801
R2758,pine,54296.3,-53432.6,9243.8,-141.73,0.849
R2759,pine,55083.6,-53546.9,8356.2,-66.45,0.907
R2760,elm,55625.2,-53364.8,7300.5,-210.57,1.141
R2761,elm,56646.9,-53254.6,6711.6,-78.98,1.05
R2762,poplar,57958.3,-53741.4,7669.2,-182.5,0.991
R2763,pine,58259.3,-53899.9,7807.1,-71.07,1.224
R2764,pine,59073,-53546.4,8465.2,2.23,1.037
R2765,pine,60291.9,-53346.6,9765.5,-76.26,0.963
R2766,pine,60743.2,-53255.3,10384.7,-194.29,0.97
R2767,pine,61306.9,-53646.2,11214.2,12.48,1.138
R2768,pine,68843.7,-53657.9,8517.5,-103.2,1.171
R2769,pine,-69012.5,-52575,7008.8,75.86,1.101
R2770,pine,-67871.1,-52972.4,8048.1,-191.31,0.962
R2771,pine,-67214.8,-52603.8,8626.1,-159.49,1.153
R2772,pine,-66480,-52459.2,8258.4,-207.51,1.102
R2773,pine,-65752,-52641,7693.6,-91.05,0.832
R2774,pine,-65127.5,-52569.8,7662.2,-240.45,0.881
R2775,poplar,-64203,-52951.9,7428.2,-104.54,0.845
R2776,pine,-62951.5,-52442.3,6700.7,55.09,1.224
R2777,pine,-62368,-53161.2,6779.6,-258.09,1.178
R2778,pine,-61483.8,-53144.9,6080.9,-231.74,0.834
R2779,pine,-60784.6,-52514.4,5749.2,-181.86,0.812
R2780,poplar,-60277,-52605.1,5901,83.3,1.134
R2781,elm,-59168.7,-52741.9,7056.5,-11.34,1.043
R2782,pine,-58753.1,-53025.2,6974,-69.98,0.913
R2783,poplar,-57880.8,-53155.4,7962.8,-208.49,0.815
R2784,pine,-57198.4,-52758.5,8474.3,-206.66,0.881
R2785,pine,-55934.8,-53153.6,8105.7,80.83,1.083
R2786,poplar,-55184.1,-52777.6,7759.2,-150.04,0.955
R2787,pine,-54155.6,-53062.8,7605.9,-148.56,0.902
R2788,elm,-53961.2,-52975.5,7774.4,41.86,1.101
R2789,pine,-52789,-52680.9,9338.6,-55.87,0.862
R2790,pine,-52162.9,-52535.8,9892.2,-5.96,0.805
R2791,pine,-51333.9,-52868.9,9676.1,30.1,0.996
R2792,pine,-50217.3,-52714,8216.7,19.9,1.135
R2793,pine,-49843.8,-52685.2,8248.9,-44.61,0.93
R2794,poplar,-48993.8,-52554.2,7717.8,-57.16,1.153
R2795,pine,-48128.5,-52988.1,8031.9,-253.59,0.979
R2796,elm,-46888.4,-53021.4,7564.5,-218.71,0.905
R2797,elm,-46312.5,-52730.6,7375.3,-239.74,0.865
R2798,poplar,-45766,-52868.2,7421.9,66.21,1.158
R2799,pine,-44771.3,-52938.7,8254.4,44.18,0.994
R2800,pine,-44024.2,-52813.7,9177.6,-15.17,1.165
R2801,pine,-42816.8,-52496,9341.9,60.18,1.213
R2802,pine,-42028.5,-52720,9362.1,81.94,1.241
R2803,pine,-41570.5,-52711.6,9457.7,-116.07,1.054
R2804,pine,-40485.4,-52607.2,8960,-116.82,1.127
R2805,pine,-40294.4,-53187.7,9424.6,67.59,0.842
R2806,pine,-39103.6,-52823.5,10050.7,-145.31,0.856
R2807,pine,-37189.8,-52780.6,11041.5,-147.92,0.937
R2808,pine,-36002,-52472.6,9788.9,-239.87,0.849
R2809,pine,-35092.6,-52928.4,8290.7,-105,0.87
R2810,pine,-34731.9,-52444.2,7712.4,-87.05,0.857
R2811,pine,-33252.6,-52748.3,6046.7,-262.32,1.029
R2812,elm,-32932.9,-53059.4,5763.5,-194.53,0.835
R2813,pine,-31673.3,-52872.1,4997.3,71.12,1.224
R2814,pine,-31224.8,-52516.9,5150.2,57.11,1.203
R2815,elm,-30426.9,-53068,5562.7,81.1,0.977
R2816,elm,-29215,-53088.1,5837.2,-67.83,1.098
R2817,poplar,-28496.5,-53021.7,5772.6,-83.44,1.186
R2818,elm,-27967.7,-52431.3,5256.7,-256.73,1.213
R2819,elm,-27505.7,-52415.6,5264.6,-217.3,1.123
R2820,pine,-26644.6,-53106.2,5475.8,-254.69,0.889
R2821,pine,-25502.5,-52674.9,5048.4,-238.3,1.106
R2822,pine,-25193.6,-52790.2,5019.4,-22.39,1.01
R2823,pine,-24247.6,-52511.3,5484.4,55.21,1.077
R2824,poplar,-23536,-52709.1,6218.5,-129.28,0.939
R2825,elm,-22560.7,-52835.9,7222.1,55.98,0.894
R2826,pine,-21644.5,-52603,7382.7,18.09,0.86
R2827,pine,-21151,-53176.8,9556.4,48.96,0.834
R2828,pine,-19984.6,-52532.7,10859.7,-142.55,1.099
R2829,pine,-14896.5,-52802,12030.5,-92.61,1.141
R2830,pine,-14583.1,-52576.4,12551.9,28.79,1.052
R2831,pine,-13869,-52900.8,12716.9,80.1,1.196
R2832,pine,-12443.2,-52940.6,11892.3,22.41,1.087
R2833,pine,-11714.7,-52971.7,11622.7,-146.56,0.843
R2834,pine,-11154.4,-52941.8,11556.3,8.6,1.093
R2835,pine,-10559.2,-52566.2,11053.1,-147.14,0.93
R2836,pine,-9846.2,-53066.4,10806.7,70.81,1.055
R2837,pine,-9030.3,-52602.4,9351.6,-247.76,0.917
R2838,pine,-7746.2,-52584.2,9295.9,-97.65,0.931
R2839,pine,-6803,-52812,10175.6,-14.16,1.148
R2840,pine,-6725.7,-53105.5,10386.2,-194.16,0.897
R2841,pine,-5303.7,-52529.2,10521.3,-241.31,1.088
R2842,pine,-4751.2,-52919.4,10907.5,-107.32,1.219
R2843,pine,-3015.4,-53112.9,9510,16.48,1.012
R2844,pine,-1767.3,-53160,9798.1,-20.45,1.169
R2845,pine,-672.2,-52947.8,9878.6,-46.82,0.909
R2846,pine,-73,-52632.4,9614.9,-247.19,0.879
R2847,pine,1186.9,-52755,10478.3,-66.25,0.964
R2848,pine,2698.6,-52552.2,9786.8,-55.72,0.889
R2849,pine,12952,-52662.8,10589,-53.91,0.919
R2850,pine,26560.3,-53131.9,8746.7,-245.08,1.123
R2851,pine,27267.3,-53170.6,8653.5,15.67,1.1
R2852,pine,27969.7,-52416.4,8143.8,-168.62,1.002
R2853,poplar,36356.6,-52547.1,5634.7,-98.6,1.047
R2854,pine,53103.3,-52958.5,8859,-258.11,1.084
R2855,pine,53864.1,-53153.8,8818.8,-84.19,0.95
R2856,pine,54777.3,-52517.5,6719.4,-92.84,0.826
R2857,pine,54830.1,-53036.2,7525.9,-102.78,0.857
R2858,poplar,55798.8,-53081.9,6643.8,-89.59,0.867
R2859,pine,57025.3,-52763.2,6455.3,-262.63,0.897
R2860,elm,57665,-52998.3,7211.4,-95.18,1.13
R2861,poplar,58423.5,-52876.6,7901.9,-142.49,0.857
R2862,pine,58892.2,-52939.1,8216.2,-87.84,0.938
R2863,pine,59658.2,-52591.2,8462.2,-54.91,1.107
R2864,pine,60449.6,-52880.1,9400.5,-246.68,1.094
R2865,pine,-69382.8,-52059.9,6905.7,-190.36,0.932
R2866,pine,-68711,-51874.6,7080.9,71.01,1.229
R2867,pine,-67640,-52033.3,8598.3,78.46,1.12
R2868,pine,-66802.2,-52392.9,8494.7,-30.15,0.845
R2869,pine,-66221.2,-52174.3,8128.7,-171.57,1.222
R2870,elm,-65985.3,-52245.9,7923.1,-14.79,1.101
R2871,elm,-65055.7,-51805.9,7670.1,-67.67,0.956
R2872,poplar,-63744,-51749.2,6701.3,-16.42,0.983
R2873,elm,-62861.4,-52004.9,6142.5,-154.08,0.845
R2874,pine,-62526.5,-52159.8,6154.9,-124.2,0.906
R2875,elm,-61269.9,-51798.8,5584.6,-146.84,0.908
R2876,pine,-61150.9,-52031.1,5679.6,-108.17,0.83
R2877,pine,-59748.7,-51980.4,6205,-72.43,0.985
R2878,elm,-59254.9,-51940.4,6952.8,46.75,0.86
R2879,pine,-58150,-51699.1,7728.3,-220.4,1.184
R2880,pine,-57415.6,-52185.6,8575.2,-73.38,1.034
R2881,elm,-56412.6,-51702.6,7930.6,68.75,0.916
R2882,pine,-55805.6,-52386.3,8115.6,-181.98,1.085
R2883,pine,-55086.1,-51876,8199.6,-69.18,1.147
R2884,pine,-54517.2,-51712.1,8740.7,-9.73,1.15
R2885,pine,-53297.4,-52143.3,9024.2,-154.32,1.195
R2886,pine,-52975.1,-51897.3,9349.6,-40.73,1.077
R2887,pine,-52294.7,-52254.1,9755.1,20.01,0.928
R2888,pine,-51203.4,-51786.4,8965.7,-147.39,1.236
R2889,poplar,-50313.4,-51700.4,7972,-52.24,0.898
R2890,elm,-49238.2,-52202.6,7388.9,-233.5,0.99
R2891,poplar,-49143.2,-51976.2,7172,-210.86,1.018
R2892,pine,-47970.5,-51745,6683.1,44.84,0.929
R2893,pine,-47385.7,-52157.9,6869.5,20.6,1.164
R2894,elm,-46321.7,-51662.6,6619.9,-237.21,0.83
R2895,pine,-45794.9,-52065,7111.7,12.09,1
R2896,pine,-44665,-52077.1,8113.9,16.32,0.854
R2897,pine,-44272.2,-51755.4,8597.9,12.33,1.159
R2898,pine,-42856.1,-51907.2,9263.9,-175.5,1.021
R2899,pine,-42027.6,-52268.5,9075.4,-125.61,0.867
R2900,pine,-41368.7,-51756.4,8786,-98.08,1.141
R2901,pine,-40690.9,-51915.6,8832.9,-267.27,1.073
R2902,pine,-40068.9,-51654.1,9006.2,-223.36,1.106
R2903,pine,-38992.5,-52245.8,9778.3,-173.78,0.987
R2904,pine,-38398.4,-51977.1,9822.2,-149.12,1.107
R2905,pine,-37731,-52210.6,10179.8,-213.06,1.168
R2906,pine,-36916.5,-51889.8,10315,-253.53,0.963
R2907,pine,-35878.8,-51983.2,8997.6,39.44,1.133
R2908,pine,-35349.4,-51830.2,8053.6,-99.69,1.04
R2909,pine,-34331.8,-51913.1,7030.5,-75.3,1.155
R2910,pine,-33668.6,-51727.5,6538.9,-36.32,0.869
R2911,pine,-33173.3,-51680.5,6104.1,26.66,0.861
R2912,elm,-32104.6,-51931.6,5200.6,81.58,0.98
R2913,pine,-31508.4,-51878.7,5012.9,-155.86,1.236
R2914,pine,-30239.3,-51777.1,5388.9,-202.21,1.124
R2915,elm,-29235.7,-52141.7,5681.1,-125.84,0.899
R2916,pine,-28907.7,-51981.5,5521.3,-154.56,1.239
R2917,pine,-27616.3,-51787,5139.5,-265.56,1.221
R2918,pine,-27548.9,-52177.5,5176.7,-106.27,1.22
R2919,elm,-26033.7,-52062,4968.9,-1.96,1.074
R2920,elm,-25917.2,-52239.7,4983.6,54.98,1.175
R2921,pine,-24846.3,-52118.4,4968.6,-110.51,0.851
R2922,elm,-24080.2,-51601.4,5899.3,-35.47,0.834
R2923,poplar,-23394.7,-52031.2,6436.5,-127.24,1.097
R2924,poplar,-22764.9,-51762.1,6583.4,-4.78,1.247
R2925,pine,-21771.4,-52094.7,6769.7,89.56,0.884
R2926,pine,-20749,-52087.1,8133.1,-142.53,0.812
R2927,pine,-14468.6,-51809.5,11459.2,22.41,0.96
R2928,pine,-13606.9,-52326.9,12103.1,-165.14,0.877
R2929,pine,-12795,-51834.5,10818,-74.36,0.891
R2930,pine,-11958.3,-51902.9,10728.8,-135.92,0.872
R2931,pine,-11084.7,-51736.3,10764.2,61.35,1.237
R2932,pine,-10067.1,-52227.5,10387.6,-182.63,1.066
R2933,pine,-9650.1,-52113.7,9757.8,-91.48,1.054
R2934,pine,-8808.8,-52311.1,9106.8,-63.89,0.847
R2935,pine,-7780.7,-52350.6,9206.4,-255.73,1.099
R2936,pine,-7483.5,-51670.2,9555.4,69.52,1.21
R2937,pine,-6129.7,-52103.3,9803.4,-81.95,1.045
R2938,pine,-5506.7,-52113.4,9819.5,-95.04,1.153
R2939,pine,-5110.1,-52015.1,9774.9,65.47,0.903
R2940,pine,-3915.7,-52350.6,9809,66.94,1.096
R2941,pine,-3532.5,-51722.2,9777.9,88.09,1.095
R2942,pine,-2272.5,-51882.6,9352.2,-140.71,1.109
R2943,pine,-1091.7,-52221.2,9901.1,-11.8,1.022
R2944,pine,-117.5,-51922.8,9724.3,44.33,1.084
R2945,pine,808.1,-52327.8,10352,-227.13,1.06
R2946,pine,1265,-52334.1,10591,-136.64,1.014
R2947,pine,8794.2,-51811.6,11109.9,-265.97,1.024
R2948,pine,25467.5,-51946.4,7753.4,-29.24,0.921
R2949,pine,26588.2,-52047.8,8473.5,-253.31,0.946
R2950,pine,26991.3,-51965.8,8669.5,-195.82,0.946
R2951,elm,28628.8,-51746.2,7884.1,-57.97,1.1
R2952,pine,42471.4,-51702.6,5241.9,-79.37,0.995
R2953,pine,52880.9,-52067.6,6963,-249.88,1.182
R2954,pine,53912.5,-52000.7,6450.9,9.03,0.802
R2955,pine,54692.1,-51630.4,5851.7,-42.47,1.166
R2956,pine,55015.7,-51720.2,5724.3,85.35,1.127
R2957,poplar,55645.1,-52124.4,5750.6,-97.38,0.925
R2958,pine,56404,-51687.8,5543.1,82.21,0.837
R2959,poplar,57302.9,-51894.6,6264.8,88.01,0.801
R2960,pine,58408.2,-51970.8,7059.5,64.8,1.049
R2961,pine,59035.7,-52039,7310.4,-170.71,1.075
R2962,poplar,59818,-51654.7,6771,-122.63,1.241
R2963,pine,60893,-51818.8,7668.1,-0.83,0.84
R2964,pine,61778.2,-52359.5,8669.2,-42.56,0.967
R2965,poplar,-69117.9,-50926.3,7742.7,-96.21,1.171
R2966,pine,-67909.5,-51049.5,8370.9,89.22,1.242
R2967,pine,-67505.2,-51020.4,8597.2,-179.19,0.815
R2968,pine,-66276.9,-51523.7,8036.5,6.64,1.071
R2969,pine,-65558.1,-51097.6,7205.2,-209.37,1.065
R2970,elm,-64406.9,-51267.9,6416.9,66.34,0.81
R2971,pine,-63855.4,-51286,6356.6,-50.31,0.946
R2972,pine,-62861.5,-51043.6,5830.3,74.75,1.058
R2973,poplar,-62502.5,-51385.5,5608.8,-118.4,0.933
R2974,pine,-61878.5,-51362.4,5470.5,-36.61,0.901
R2975,poplar,-61033.7,-51511.4,5416.2,-171.37,1.081
R2976,poplar,-59715.1,-51067,5568.8,35.09,1.115
R2977,elm,-59572.9,-51327.5,5999.2,-65.16,1.161
R2978,pine,-58476.6,-51493.9,7274.7,-51.27,1.25
R2979,pine,-57934.5,-50838.5,6553.7,-267.88,1.106
R2980,pine,-56424.2,-51470.2,7861.6,-30.31,0.924
R2981,pine,-55960.5,-51088.2,7690.9,-149.5,0.871
R2982,pine,-55460.9,-50940.6,8019.1,-180.23,1.052
R2983,pine,-54021.2,-51158.6,9053.8,46.04,1.219
R2984,pine,-53628.6,-51314.4,9114.2,-245.81,1.007
R2985,pine,-52859,-51426.2,9557.4,27.06,1.037
R2986,pine,-52350.4,-51468.8,9627,83.73,1.109
R2987,pine,-51009.3,-51250.5,8349.7,-155.41,0.829
R2988,elm,-50708,-51027.1,7844.7,-72.79,0.843
R2989,elm,-49891.7,-50857.7,6876.6,68.61,1.2
R2990,elm,-49044.4,-51383.2,6814.2,-203.55,0.829
R2991,pine,-47887.8,-51400.5,6351.4,-241.47,0.873
R2992,elm,-46876.1,-51294.5,6373.9,-6.81,1.144
R2993,pine,-46184.4,-50932.8,6901.6,26.85,0.97
R2994,elm,-45327.2,-51284.1,7661.8,-84.68,0.831
R2995,pine,-44974.4,-51444,7924.3,77.15,0.955
R2996,pine,-43977.8,-50853.4,8899.3,-78.81,1.239
R2997,pine,-43025.6,-51176.4,8877.1,61.67,1.192
R2998,pine,-42586.1,-51318.2,8933.5,-260.63,1.156
R2999,pine,-41436.7,-51130.8,8557.2,-70.17,1.233
R3000,pine,-40772.5,-51428,8784.7,-17.31,1.057
R3001,pine,-40234.2,-50825.1,9025.1,-248.49,0.816
R3002,pine,-38998.3,-51261.5,9413.1,-23.99,1.143
R3003,pine,-38221.5,-51090.8,9492.5,-49.29,0.947
R3004,pine,-37833.7,-50941.2,9575.1,-141.42,1.225
R3005,pine,-35995.4,-51084.3,8337.5,64.62,1.065
R3006,pine,-35113.8,-51470.8,7591.8,-164.66,1.068
R3007,pine,-34541.7,-51541.9,7164.8,-12.63,1.164
R3008,poplar,-33924.1,-51367.2,6733.5,-139.69,1.112
R3009,elm,-32709.2,-50895.9,5639,26.31,1.084
R3010,pine,-32057.1,-51404.7,5276.4,28.58,1.173
R3011,elm,-30816.5,-51030.5,5353.2,-86.05,0.99
R3012,elm,-30286.2,-51255.8,5259,-204.01,1.101
R3013,elm,-29328.9,-50949.2,5177.9,-239.48,0.933
R3014,poplar,-28639.2,-51503.7,5235.8,-182.91,1.128
R3015,elm,-27002.8,-51214.6,5384.8,-16.07,1.125
R3016,elm,-26552.6,-51498,5156,44.64,1.209
R3017,elm,-24775.1,-50847.8,5368.2,-157.27,0.81
R3018,pine,-23728,-51551.7,6268.1,-261.36,1.035
R3019,pine,-23392.6,-50936.8,6071.7,-122.36,1.004
R3020,poplar,-22405.3,-51338.5,6321.1,64.82,1.12
R3021,elm,-21482.5,-51466.2,6887.6,29.99,0.907
R3022,pine,-19558,-51184.8,9409.5,-7.55,0.876
R3023,pine,-14262.7,-51557.5,10970,-132.61,1.013
R3024,pine,-13448.2,-51231.7,10628.3,-241.63,1.017
R3025,pine,-13118.6,-51077.7,10322.5,-219.86,0.929
R3026,pine,-11962.1,-51043,10437.4,-21.61,0.957
R3027,pine,-11408.9,-51011.4,10481,45.02,1.14
R3028,pine,-10762.8,-50863.5,10405.6,61.86,1.149
R3029,pine,-9660.2,-51282.1,9698.2,-111.16,1.231
R3030,pine,-9015.2,-51009.9,9150.9,69.62,0.863
R3031,pine,-7962.8,-51538.3,9431.1,-105.92,1.1
R3032,pine,-6945.2,-51527.9,9330.6,-231.52,0.931
R3033,pine,-6370.1,-51286,8772.1,-195.07,0.903
R3034,pine,-5926.7,-51499.8,9100.4,53.51,0.858
R3035,pine,-4478.6,-51133.3,8957.1,59.16,0.839
R3036,pine,-4317.8,-50867.4,9014.2,-107.1,0.952
R3037,pine,-2091.1,-51144.4,8653.8,-155.66,0.902
R3038,pine,-1417.2,-50862.6,8446.9,-90.05,1.101
R3039,pine,-53.3,-51270.7,9801.8,-12.97,0.87
R3040,pine,1931.5,-50961.5,10289.8,-199.17,0.928
R3041,pine,2087.7,-51595.7,10408.3,-93.15,1.149
R3042,pine,3018.2,-51246.3,10362.8,-5.76,1.242
R3043,pine,26038.6,-50972.4,7604.1,58.56,1.175
R3044,pine,27495.2,-51197.1,8473.9,-12.57,0.955
R3045,pine,27884.7,-50827.3,8194.4,-5.42,0.945
R3046,pine,29777.1,-51257.9,7088.6,5.89,1.022
R3047,poplar,32847.3,-51470.7,5724,63.03,1.108
R3048,elm,33332.6,-51349.9,5665.7,-129.41,0.883
R3049,poplar,44100,-51579,6014.5,-190.21,1.114
R3050,elm,44821.6,-51536.5,6166.1,-254.43,1.074
R3051,pine,46662.7,-50929,5459.1,27.68,0.87
R3052,pine,48847.3,-50876.5,6417.7,44.33,0.822
R3053,elm,49421.3,-50917.1,6795.2,-81.54,0.816
R3054,pine,50185.9,-51282.1,7746.7,15.57,0.846
R3055,pine,51566.7,-51287.3,8183.6,-157.94,1.034
R3056,elm,52189.6,-51260,6784.1,-20.61,1.144
R3057,elm,52533.1,-50918.2,6130.7,-9.88,1.01
R3058,elm,53709.7,-50826.9,5685.6,-131.01,1.058
R3059,pine,54457.7,-51584.6,5951.3,-18.31,1.176
R3060,pine,55357.6,-51031.3,5149.4,-222.73,1.149
R3061,pine,55733.6,-51174,5062,15.11,0.84
R3062,pine,56745.6,-50915.3,5139.5,-212.21,0.817
R3063,pine,57469.2,-50862.5,5595.4,31.23,1.117
R3064,pine,58434.5,-51189.8,6535.1,-96.79,0.87
R3065,poplar,58821.6,-51277.3,6541,11.78,0.814
R3066,pine,60342.9,-51413.6,6564.6,-136.11,1.231
R3067,pine,60484.5,-50850.5,5752.8,-265.54,1.221
R3068,pine,61229.3,-51340.4,6905.1,-227.26,1.007
R3069,elm,62422.2,-51053.4,7150.8,-49.78,1.215
R3070,pine,-68481.5,-50326.9,8026.4,-108.19,1.067
R3071,pine,-68173.4,-50341.1,7985.1,-185.56,1.131
R3072,pine,-66959.5,-50620.8,8343,-170.02,1.156
R3073,pine,-66690,-50416.4,8092.8,68.65,0.916
R3074,pine,-64542.2,-50086.5,4947.5,13.1,1.079
R3075,pine,-63693.2,-50642.8,5718.2,-250.21,0.983
R3076,pine,-62208.4,-50272.6,5604.5,-7.39,0.829
R3077,elm,-61670.8,-50347.7,5494.3,0.02,1.126
R3078,poplar,-60807.9,-50316.7,5191.5,-127.18,0.907
R3079,pine,-59503.9,-50683.6,5215.9,-37.37,0.917
R3080,pine,-58628.3,-50486.5,5498.4,-14.84,0.863
R3081,elm,-56412.7,-50618.9,7401.8,-188.82,0.955
R3082,pine,-55872.8,-50748.2,7659,-113.73,1.225
R3083,pine,-55265.5,-50550.3,8169.3,-150,1.133
R3084,pine,-54593.1,-50559.2,8689.1,37.92,1.238
R3085,pine,-53539.9,-50700.2,8906.5,6.5,1.094
R3086,pine,-52489.2,-50509.9,8621,-151.54,0.905
R3087,pine,-52246.3,-50606.2,8694.7,-44.78,1.082
R3088,pine,-50963.1,-50056.5,6448,-40.87,1.14
R3089,poplar,-50513.3,-50703.4,7076.8,-247.61,1.089
R3090,poplar,-49921.5,-50342.1,6160,-198.04,1.06
R3091,elm,-48820.9,-50727.4,6467.6,-224.9,1.219
R3092,elm,-48228,-50730,6304.8,-70.08,1.15
R3093,pine,-46966.4,-50585.8,6396.2,-238.91,1.233
R3094,elm,-46044.2,-50215.9,7576.9,-218.71,1.246
R3095,pine,-45711.9,-50773.5,7546.3,-108.26,1.236
R3096,pine,-44655.8,-50414.6,8696,45.91,0.862
R3097,pine,-44022,-50613.8,8883.6,-32.61,1.001
R3098,pine,-43505.3,-50481.1,8632.3,-180.58,1.073
R3099,pine,-42749.7,-50732.7,8627,-179.19,1.22
R3100,pine,-41825,-50371.9,8101.9,-67.69,1.072
R3101,pine,-40935.1,-50438.8,8386.8,-215.72,1.176
R3102,pine,-40126.4,-50374.1,8905.6,-93.82,1.043
R3103,pine,-39419.2,-50535,8967.3,-32.37,0.86
R3104,pine,-38797.9,-50619,9040,-71.92,1.154
R3105,pine,-37677.8,-50031.1,8733.5,-205.73,0.841
R3106,pine,-36636.2,-50414,8390.3,-209.32,1.084
R3107,pine,-36372.2,-50004.1,8360.9,-237.2,1.006
R3108,elm,-35238.2,-50567.2,7611,-134.08,0.807
R3109,pine,-34195.5,-50129.5,7579,89.05,1.214
R3110,pine,-33551.3,-50285.6,6570.3,-162.8,0.961
R3111,pine,-32983.4,-50723.7,5871.9,-188.12,0.889
R3112,pine,-32257.1,-50529.3,5301.7,78.04,1.062
R3113,poplar,-31318.9,-50198.3,5356,-0.78,1.158
R3114,elm,-30797.8,-50725.3,5360.2,-41.95,1.08
R3115,elm,-29752.9,-50483.3,5207.9,-179.1,0.842
R3116,poplar,-28431.8,-50531.5,5343.1,-102.52,1.11
R3117,poplar,-28075.1,-50044,5397.1,-196.59,1.197
R3118,elm,-27568.9,-50486.4,5439.5,-23.75,1.227
R3119,poplar,-25714.3,-50084.3,5288.6,-269.27,0.925
R3120,poplar,-24365.4,-50325.5,5600.7,38.98,1.12
R3121,pine,-23181.8,-50529.3,5739.5,-244.28,1.146
R3122,elm,-22347,-50456.5,5835.2,-203.44,0.825
R3123,elm,-21767.3,-50366.8,6099.1,-249.93,1.063
R3124,pine,-19953.4,-50478.6,7436.1,-264.89,1.027
R3125,elm,-15601.6,-50443.2,7787.7,-225.84,0.962
R3126,poplar,-14773.8,-50192.4,7889.3,-38.91,1.196
R3127,pine,-13811.6,-50332,8541.8,-265.44,1.238
R3128,pine,-12510.9,-50052.5,9511.9,-240.61,0.99
R3129,pine,-11865.9,-50270.3,9886,-54.43,0.839
R3130,pine,-11197.5,-50425.6,10383.5,56.42,0.833
R3131,pine,-10057.9,-50777.9,10031,-24.43,0.846
R3132,pine,-9545.1,-50061.1,8829.8,43.16,1.001
R3133,pine,-8413.8,-50715.9,8950.8,-128.91,0.833
R3134,pine,-7764.4,-50351.8,8547.2,-253.53,1.102
R3135,pine,-7349,-50628.5,8779.3,-163.32,1.125
R3136,pine,-6442,-50747.2,8280,-48.78,0.972
R3137,pine,-5974.9,-50336.7,7719.9,-234.12,1.004
R3138,pine,-5071.9,-50209,8213,-73.34,0.944
R3139,pine,-2391.5,-50337,8407.8,-68.49,1.015
R3140,pine,-1283.7,-50687.9,8403.4,22.43,1.003
R3141,pine,1104,-50020.3,10248.7,-190.41,1.055
R3142,pine,3784.1,-50463.1,10413.1,-24.53,0.996
R3143,pine,5436.1,-50708.6,10940.3,-2.59,0.87
R3144,elm,25976,-50244.8,6735.8,-224.87,0.905
R3145,poplar,26126.8,-50524.7,7186.7,-33.63,0.817
R3146,elm,28303.4,-50384.1,7607.3,-93.95,1.146
R3147,pine,28764,-50440.4,7537.4,-192.43,1.245
R3148,pine,30015.3,-50356,6447.8,-166.63,1.114
R3149,elm,32358.7,-50311,5190.3,-108.96,1
R3150,pine,42627.2,-50498.7,5524.4,-12.34,1.041
R3151,elm,44221.1,-50177.4,5132.4,-142.2,0.904
R3152,poplar,47832.7,-50317.6,5608.9,-224.99,1.212
R3153,pine,49786.7,-50734.2,7007.7,-127.84,1.048
R3154,pine,50427.8,-50742.5,7931.4,61.66,1.096
R3155,elm,51532.1,-50118.6,6411.5,-182.59,1.025
R3156,pine,52135.1,-50118.7,6014.4,-82.17,1.163
R3157,poplar,52807.4,-50704.2,5828.4,-136.84,0.963
R3158,pine,53774.7,-50387.1,5579.4,-241.87,1.2
R3159,poplar,54136.5,-50417,5466.1,-153.92,1.183
R3160,pine,55384.2,-50435.4,5102.3,76.2,1.089
R3161,elm,55952,-50233.8,4890.1,-66.09,0.947
R3162,elm,56735.5,-50245.6,4918.4,47.56,1.077
R3163,elm,57841.6,-50613.9,5621.7,43.92,0.926
R3164,pine,58256.2,-50147,4977.8,86.09,0.956
R3165,pine,59401.3,-50501,5489.3,-174.78,0.974
R3166,poplar,59705.2,-50212.8,5259.9,-244.78,0.817
R3167,pine,60800.8,-50753.8,5796.1,44.93,0.805
R3168,elm,61722.3,-50729.6,6536.8,-14.81,0.82
R3169,pine,63229.7,-50185.1,6790.3,-99.12,1.184
R3170,elm,63750.3,-50143.4,7387.8,48.38,0.874
R3171,pine,-68903,-49525.7,7690.4,81.75,0.92
R3172,pine,-67964.6,-49859.5,7475.8,21.74,0.968
R3173,pine,-66744.2,-49855,7476.7,30.35,1.149
R3174,poplar,-65911.9,-49436.2,5502.6,-71.36,0.816
R3175,pine,-55459.7,-49653.4,7106.4,52.77,0.979
R3176,pine,-54673.1,-49328.1,6336.8,-221.17,1.08
R3177,poplar,-53595.9,-49303,6498.9,-161.36,1.184
R3178,poplar,-52846,-49348.1,6934.7,-153.34,1.167
R3179,pine,-52113.3,-49277.7,6379,-172.75,0.876
R3180,pine,-51223.7,-49260.7,5818.1,-90.42,1.028
R3181,pine,-50687.9,-49919.8,6095.5,-155.52,0.903
R3182,pine,-49421.9,-49412.2,5769.1,-25.78,0.945
R3183,pine,-48726.5,-49903.7,6245.5,-71.98,1.171
R3184,poplar,-47610.4,-49209.3,6718,87.62,0.905
R3185,elm,-47160.2,-49832.8,6686.3,67.67,1.116
R3186,pine,-46603.4,-49721.3,7064.7,51.61,1.216
R3187,pine,-45984.2,-49248.1,7090.7,-183.48,0.94
R3188,pine,-44595.3,-49457.4,8439.7,87.29,0.912
R3189,pine,-43719.9,-49594.2,9068.7,-94.38,1.08
R3190,pine,-42882.2,-49881,8597.3,-217,0.805
R3191,pine,-42529.3,-49292.4,8736.3,-163.73,0.891
R3192,pine,-41457.1,-49326.2,8403.5,53.87,1.233
R3193,pine,-40459.8,-49726.3,9027.2,-212.73,0.994
R3194,pine,-40140.6,-49689.7,9272.9,-76.54,0.858
R3195,pine,-39013.6,-49849.2,9206.9,-234.91,1.211
R3196,pine,-38040.7,-49764.8,8704.7,-245.5,1.071
R3197,pine,-37318.2,-49272,8404.8,-72.62,0.949
R3198,pine,-36906.2,-49359,8600,-211.9,1.18
R3199,pine,-35180.6,-49770.3,8197.5,-51.73,0.944
R3200,elm,-34106.3,-49697.5,7445,-197.31,0.98
R3201,pine,-33427.6,-49825.5,6175.4,-106.71,0.993
R3202,pine,-32911.4,-49454.9,5504,-4.3,0.968
R3203,elm,-31975.7,-49988.8,5266.4,-30.27,1.116
R3204,pine,-30585.5,-49748,5300.1,-51.78,0.893
R3205,poplar,-29566.9,-49979.7,5433.1,-7.27,0.838
R3206,elm,-28332,-49845.8,5373.2,-189.29,1.224
R3207,elm,-26983.8,-49839.1,5670.4,-154.91,1.048
R3208,pine,-26391.5,-49960.5,5493,-48.94,1.087
R3209,pine,-21731.9,-49411.3,5436.9,-266.3,0.963
R3210,elm,-21120,-49782.8,5802.3,-142.38,1.034
R3211,pine,-14498.4,-49670.6,7790,21.46,1.182
R3212,pine,-13556.7,-49586,8340.8,-167.97,0.914
R3213,pine,-12671.6,-49349.9,9424.2,16.52,1.148
R3214,pine,-12066.1,-49915.3,9756.9,-92.53,1.164
R3215,pine,-11208.5,-49795.4,9743.3,-35.23,1.205
R3216,pine,-10543.7,-49869.9,9769.1,-145.2,1.117
R3217,pine,-9749.2,-49887.7,8934.2,-78.62,0.899
R3218,pine,-8658.1,-49801.9,8383.8,-33.88,0.908
R3219,pine,-8071.5,-49865.1,8461,-193.72,0.807
R3220,pine,-7168.6,-49373.5,8013.1,-183.97,1.159
R3221,pine,-6796,-49972.2,7876,51.6,0.856
R3222,poplar,-5345.7,-49566.5,7940.6,-234.69,1.077
R3223,elm,-2886.3,-49941.8,7927.2,-219.84,1.223
R3224,pine,-1605.2,-49415.8,8686.5,-65.8,0.823
R3225,pine,1945.1,-49858,9687.5,72.68,0.839
R3226,pine,12122.6,-49296.8,5949.4,-263.67,0.818
R3227,pine,20198.3,-49575.3,6111,-111.96,1.245
R3228,elm,22038.2,-49399.7,5820.5,-105.55,0.822
R3229,pine,25931.9,-49247.4,5523.6,-239.18,1.11
R3230,elm,26454.9,-49402.3,5956.9,-266.21,1.186
R3231,elm,27557.5,-49640.1,6350,-102.45,1.208
R3232,pine,27853.1,-49849.1,6738.5,58.55,0.852
R3233,elm,28544.2,-49557.6,6466.1,-143.29,1.106
R3234,pine,29268,-49579.8,6345.6,63.68,1.115
R3235,poplar,32236.4,-49827.3,4897.2,-39.97,1.236
R3236,poplar,43520.3,-49693,5537.8,-101.94,0.853
R3237,elm,44438.6,-49360.9,5096.5,-227.03,1.247
R3238,poplar,46664.2,-49809.6,4991.4,-158.37,1.167
R3239,pine,46919.4,-49332.4,4897.7,-125.52,0.818
R3240,pine,47950,-49336.9,5391.3,-3.97,1.002
R3241,poplar,49044.4,-49415.9,6683.2,-113.26,1.231
R3242,elm,49821.7,-49417.5,6907,-0.74,0.918
R3243,pine,50506.1,-49323.7,6593.9,-186.04,1.161
R3244,pine,51186,-49739,6585.1,-189.36,1.199
R3245,poplar,51799.6,-49252,6299.3,-140.39,0.979
R3246,pine,52538.1,-49739.3,5604.6,10.56,1
R3247,pine,53385.6,-49626.2,5396.2,79.54,0.808
R3248,pine,54697.7,-49702.2,5145.9,-53.59,1.224
R3249,pine,54895.5,-49320.7,5049.5,11.5,1.082
R3250,pine,55754.2,-49324.7,4904.7,83.01,1.154
R3251,elm,58780,-49254.7,4531.4,-35.62,1.214
R3252,elm,59161.8,-49928.6,5043.6,17.54,1.094
R3253,pine,59999.1,-49731,5204.1,-193.86,0.886
R3254,pine,60898.7,-49366.2,5311.5,-199.38,1.038
R3255,pine,61526.5,-49841.2,5354.4,-17.34,1.129
R3256,pine,64074.6,-49773,7583.6,-269.7,0.896
R3257,poplar,66750.3,-49922,6577,-236.63,0.943
R3258,pine,-69419.2,-48717.1,7817.7,-184.71,1.084
R3259,pine,-68624.1,-48868.2,6912.7,-117.52,1.152
R3260,pine,-68061.2,-48944.2,6435.6,-185.34,0.943
R3261,pine,-66971.1,-49042.1,6069.5,-171.82,0.823
R3262,pine,-66771.1,-48601.8,5073.9,-168.92,1.142
R3263,elm,-56541.5,-48787.6,5379.6,-82.91,0.941
R3264,pine,-55985.8,-48607.8,5338.4,52.44,1.009
R3265,pine,-54385.6,-49003.9,5826.9,13.96,1.109
R3266,elm,-53086.2,-48930.2,6170.9,-160.51,0.847
R3267,pine,-52341.7,-48856.6,5782.3,-145.72,1.189
R3268,elm,-51118.1,-48798.1,5343.8,70.66,0.806
R3269,poplar,-50279.8,-49068.1,5344.6,-258.44,0.944
R3270,elm,-49455.7,-48577.4,5223.8,-101.23,0.984
R3271,elm,-49196.2,-48643.2,5370,-213.41,0.974
R3272,pine,-47633.8,-48982.3,6530.6,60.28,1.055
R3273,pine,-46907.4,-48441,6466.5,-65.3,0.823
R3274,pine,-46174.5,-48741,6809.9,-179.04,0.85
R3275,elm,-45569.8,-49199.2,7330.5,13.94,1.115
R3276,pine,-45009.5,-49188.7,7828.9,-49.56,1.105
R3277,pine,-44397.7,-49172.6,8295.1,-242.81,0.829
R3278,pine,-43496.2,-48945.9,8762.5,-62.42,0.971
R3279,pine,-42081.2,-48829.2,8635.1,-138.89,1.034
R3280,pine,-41644.7,-48516,8567.7,-118.49,0.956
R3281,pine,-40822.5,-48754,9238.4,-129.01,1.083
R3282,pine,-40045.6,-48832,9847.8,-255.96,0.824
R3283,pine,-39183.6,-48970,9320.7,-154.65,1.211
R3284,pine,-38575.3,-48773.3,8321.7,-122.8,0.982
R3285,pine,-37647,-48734.5,8086.3,-203.34,0.964
R3286,pine,-36874.1,-48869.9,8088.8,-189.68,1.162
R3287,pine,-35608,-48655.6,7902.6,-91.09,1.118
R3288,pine,-34806.7,-48693.9,7862.4,60.75,0.932
R3289,pine,-34451.6,-49160.2,7860,-65.64,1.034
R3290,pine,-33308.8,-48585.8,6136.5,53.83,1.073
R3291,pine,-32439.2,-49189.9,5242.8,-255.28,0.91
R3292,poplar,-32274.1,-48496.6,5575.2,24,1.027
R3293,pine,-31502.8,-48484.8,5263,-215.66,0.912
R3294,pine,-30125.8,-49137.9,5279.4,-216.54,1.005
R3295,pine,-29440,-48947.5,5406.3,-81.9,1.183
R3296,pine,-29193.2,-48903.3,5454.5,10.55,1.06
R3297,elm,-26541.4,-49044.3,5427.2,13.48,1.103
R3298,elm,-25670.2,-48881,5017.9,-111.01,0.907
R3299,pine,-23735.3,-48837.8,5264.6,38.83,0.915
R3300,pine,-20998.3,-49146.3,5489.6,-4.87,1.017
R3301,elm,-15925.8,-49046,7483,-157.94,0.946
R3302,pine,-12517.1,-49158.9,9577.8,-184.03,0.852
R3303,pine,-12215.8,-48701.5,8758.6,-268.85,1.044
R3304,pine,-11192.8,-48569.8,8602.4,-142.1,0.853
R3305,pine,-10430,-48505.1,8592.1,-173.26,1.008
R3306,pine,-9528.1,-49003.4,8078.4,-56.31,0.973
R3307,pine,-8815.6,-48716.6,8097.8,-172.09,1.03
R3308,elm,-8016.6,-48620.4,7682.8,-235.66,1.162
R3309,elm,-6861.6,-48792.4,7835.7,-258.38,1.044
R3310,pine,-6060.2,-48639.2,7643.4,-27.95,0.913
R3311,poplar,-2190.5,-48438.1,7589.3,-92.06,0.805
R3312,pine,-1964.9,-48712.1,8089.3,59.7,1.161
R3313,pine,1885.3,-48706.9,9172.4,6.76,1.007
R3314,elm,13113,-48773.8,5814.1,-245.58,0.857
R3315,pine,15283.5,-48665.7,6013.1,50,1.037
R3316,pine,15697.3,-49196.3,6274.7,-179.42,0.959
R3317,pine,20029.1,-49054.8,5217.1,70.88,1.072
R3318,elm,21311.8,-49169.4,5837.7,-63.73,0.98
R3319,pine,22636.9,-48669.9,4761.2,-211.8,0.858
R3320,elm,25889.8,-49131.2,5352.6,6.48,0.921
R3321,poplar,26701.8,-49084.2,5696.1,-6.93,1.125
R3322,pine,27469.9,-48807.3,5694.1,6.5,0.967
R3323,pine,28221.5,-48591.3,5354.6,37.49,1.184
R3324,pine,28676,-48426.8,5274,-228.35,1.217
R3325,elm,30798.3,-49058.7,5076.9,-27.19,1.199
R3326,elm,30956.4,-49186.6,5056.8,-190.72,0.81
R3327,poplar,44142.1,-48977.3,5203.4,-15.38,0.938
R3328,elm,44706.5,-49084.3,5117.4,-153.28,1.016
R3329,pine,45237,-48558.6,5141.1,-76.4,1.086
R3330,elm,46961.2,-48777.7,4948.3,-216.17,1.234
R3331,elm,47811,-48832.2,5344.6,86.72,0.93
R3332,pine,49067.3,-48503.7,7357,-116.32,0.859
R3333,elm,49312.2,-48845.8,7219.4,22.38,1.113
R3334,elm,50326.4,-49105.5,6614.5,-88.41,1.247
R3335,pine,50842.3,-48654.9,6577,-166.84,0.912
R3336,pine,51749.5,-48585.6,6533.7,-238.29,1.002
R3337,pine,52630.3,-48833.6,5930.2,84.95,1.12
R3338,elm,53677.6,-48723.9,5097.5,-184.79,1.108
R3339,elm,55412.6,-48784.9,5025.6,26.57,1.159
R3340,poplar,56207.1,-49002.1,5128.8,40.57,0.906
R3341,elm,58689.7,-49159.3,4438.1,-34.09,1.095
R3342,elm,60226.6,-49109.2,5124.3,-56.79,1.153
R3343,pine,63079.8,-49066.9,5773.2,-259.41,0.972
R3344,elm,64428.9,-48550.6,6539.6,24.32,1.088
R3345,elm,65330.7,-48938.1,7387.2,-246.69,0.951
R3346,pine,66259.1,-48810.5,6977.9,-96.98,0.883
R3347,pine,67041.8,-48849.2,6517.3,-60.41,1.211
R3348,elm,-68700.3,-48376.1,6509.4,-114.21,1.243
R3349,pine,-53670.5,-48254.1,5395.3,-181.28,1.118
R3350,pine,-52771.6,-48351.5,5226.7,-264.46,0.946
R3351,poplar,-49961.2,-48378.3,5021.7,-96.62,1.221
R3352,elm,-48290.1,-47954.2,5277.7,-104.69,1.212
R3353,pine,-47272.1,-47801.8,5796.8,-222.74,0.907
R3354,pine,-46678.3,-48384.9,6544.5,-233.95,0.855
R3355,elm,-45815.1,-47602.5,6274.4,-236.82,1.054
R3356,pine,-45135.5,-48078.1,7042.8,79.81,0.953
R3357,elm,-44399.2,-48305.3,7811.4,57.69,0.861
R3358,elm,-42818.3,-47881.2,7767.7,-85.68,1.249
R3359,elm,-42060.7,-47944.7,7925.5,-253.67,0.823
R3360,pine,-41695.7,-48339,8454.3,71.26,1.116
R3361,pine,-41046.3,-47751.1,8447.4,-135.23,0.866
R3362,elm,-38498.3,-47958.3,7612.3,79.61,0.81
R3363,pine,-36661.4,-47706.1,7570.8,-131.91,1.016
R3364,pine,-36095.2,-47963.7,7505,-96.6,1.09
R3365,pine,-35456.8,-48036.6,7638.2,-259.61,1.167
R3366,pine,-34772.6,-48304.6,7713.7,-205.33,0.863
R3367,elm,-33256.4,-48041.5,6421.2,52.43,0.946
R3368,pine,-32928.6,-47928,6307.7,-145.49,1.147
R3369,poplar,-32240.5,-48162.6,5759.7,-107.24,1.195
R3370,pine,-31571.9,-48144.8,5349.2,-176.68,1.052
R3371,pine,-30589.6,-47614.2,5515.8,1.77,0.824
R3372,elm,-29382.9,-47698.7,5655,-221.44,0.838
R3373,elm,-29068.7,-47959.5,5611.3,42.98,1.003
R3374,elm,-15269.8,-47627.1,7238.6,-114.91,0.822
R3375,pine,-12904,-48309.7,8148.6,49.05,0.964
R3376,pine,-12126.5,-48205.3,8040.6,-251,1.037
R3377,pine,-11479.8,-48017.2,7901.5,13.78,0.8
R3378,pine,-10423.5,-47694.4,8644.5,-46.44,0.824
R3379,pine,-9389.7,-48194.1,8560.5,-34.1,1.241
R3380,pine,-8470,-47915.4,8647.1,-81.85,0.983
R3381,pine,-8333.3,-47731,8823.6,-14.04,1.156
R3382,pine,-7302.1,-48026.2,7849.3,-28.19,1.241
R3383,pine,-5540.5,-48336.5,7015.5,82.28,1.2
R3384,elm,-4586.5,-47987.5,6712,-260.23,1.106
R3385,pine,-3806,-47748.8,6675.2,-196.26,0.962
R3386,poplar,-2290.5,-47659.4,6604,25.98,0.991
R3387,pine,-309.2,-48180.7,8733.7,-125.88,1.107
R3388,pine,921.7,-47872.8,8597.1,-268.08,0.916
R3389,pine,17997.8,-48046.2,4576.2,24.16,0.895
R3390,elm,22209.3,-48217.3,4465.4,-80.78,1.09
R3391,pine,27461.5,-48177.3,5079.1,-192.48,1.027
R3392,elm,42827,-48371.6,5452.7,-178.68,0.922
R3393,pine,46584,-48205.4,4910.9,-29.24,1.173
R3394,pine,50161.5,-47965.5,6851.7,-40.7,1.232
R3395,poplar,50891.3,-47698.5,6610.4,-99.25,1.027
R3396,pine,51767.5,-47703.2,6467.2,-214.05,0.854
R3397,poplar,53094.1,-47839.5,5561.9,-49.33,0.927
R3398,pine,53444.7,-47981.9,5291.1,-176.85,1.089
R3399,pine,54210.6,-47695.2,5061.1,-117.54,0.804
R3400,pine,55263.4,-48222.4,5029.5,-153.94,1.013
R3401,pine,55742.9,-47734.8,5083.5,-47.06,0.922
R3402,elm,56826.8,-48044.4,4907.6,-158.25,1.237
R3403,pine,63747.4,-47686.5,5055.8,-228.93,0.988
R3404,pine,64754.8,-47786.8,5626.9,3.46,0.944
R3405,elm,66595.2,-47695.9,6006.8,-107.75,1.201
R3406,pine,67249.8,-48308,6039.8,81.42,1.164
R3407,pine,68464,-48250.1,5227.2,48.56,1.24
R3408,elm,69325,-48042.1,4973.5,-88.94,0.862
R3409,pine,-69139.1,-47122.6,5121.7,76.68,0.804
R3410,pine,-67721.4,-47152,4795.3,82.5,0.86
R3411,elm,-47709.7,-47552.6,5242.8,-160.46,1.066
R3412,pine,-47173.4,-47004.2,4715.5,-93.19,0.946
R3413,pine,-46508,-47454.8,5575.1,88.07,0.826
R3414,elm,-45723.1,-47506.2,6203.9,25.14,1.174
R3415,elm,-44821.5,-47536.3,7099,-244.08,1.105
R3416,poplar,-43981.6,-47594.6,7759.6,-202.88,0.842
R3417,elm,-43458.9,-47342.4,7624.9,-216.76,0.958
R3418,pine,-42046.2,-47023.4,7302.3,-183.73,1.13
R3419,elm,-41843,-47438.8,7616.8,-195.35,1.023
R3420,pine,-40466.2,-46840.9,6923.8,-196.25,1.065
R3421,elm,-39834.2,-47216.5,7010.2,-190.15,1.228
R3422,elm,-38000.4,-47542.4,7323.6,70.73,0.869
R3423,poplar,-37258.7,-46840.4,7426,-234.45,0.909
R3424,pine,-35608,-47556,7532.2,64.01,1.091
R3425,elm,-35398.6,-47562.9,7662.2,37.82,1.205
R3426,pine,-34471.9,-47126.5,7998.9,-152.11,0.858
R3427,elm,-33794.2,-47314,7535,61.15,0.945
R3428,pine,-33013.1,-47026.8,6735.7,-242.55,0.945
R3429,poplar,-31738.4,-47470,6148,-64.94,0.934
R3430,pine,-30830.8,-46943.6,6269.4,28.69,1.053
R3431,pine,-30276.1,-47561.5,5615.8,-48.81,0.9
R3432,elm,-29571.4,-47537,5764.6,-78.92,1.116
R3433,pine,-26695.9,-47456.6,5334.8,-154.45,1.156
R3434,pine,-13292.1,-47581.3,6644.5,53.91,1.19
R3435,elm,-12649.9,-47230.4,6567.6,-201.23,1.247
R3436,elm,-11863.1,-47101.1,7038.5,-9.06,0.912
R3437,pine,-10736,-47255.5,8152,82.39,1.137
R3438,pine,-9521.9,-47303.2,9191.4,-3.17,0.99
R3439,pine,-9074.4,-46811.2,9053.9,81.09,0.906
R3440,pine,-7859.1,-47273.9,9096.5,-65.51,1.234
R3441,pine,-6928.5,-47210.1,8343.8,-194.56,0.857
R3442,poplar,-6328.1,-47571,7587.6,-178.73,1.189
R3443,elm,-965.1,-47158.8,7299.3,83.21,1.132
R3444,pine,243.5,-46847.6,8563.4,35.25,1.021
R3445,pine,27405.8,-47047.1,4102.3,-175.57,0.827
R3446,poplar,29109,-47041.6,4243.9,-74.54,1.074
R3447,pine,30150.7,-47153.1,4379.3,-16.31,0.845
R3448,elm,44175.5,-47222.8,6112.2,-22.5,0.911
R3449,pine,47329.8,-46829.5,5887.3,12.9,0.842
R3450,pine,48371.9,-47123.2,7060.4,-38.21,0.919
R3451,elm,48573.4,-47472.7,7414.5,-102.02,0.971
R3452,pine,49288.8,-46916.8,6998.3,-245.29,1.179
R3453,pine,50280.1,-46887.6,6389.1,-194.07,1.005
R3454,poplar,51447.6,-47281.3,6318.1,-23.56,1.026
R3455,pine,52072,-47252.9,5974.3,-242.04,0.811
R3456,elm,52416.8,-47372.2,5910.8,-109.84,0.847
R3457,poplar,53214.5,-47170.1,5397.8,-172.66,0.987
R3458,pine,55718.7,-47401.8,4881.2,-139.61,1.247
R3459,pine,56945.6,-47098.1,4458.7,-3.47,1.058
R3460,pine,57764.6,-46862.5,4140.3,-129.47,0.873
R3461,pine,58012.6,-47032.3,4065.9,-71.47,0.859
R3462,pine,62278.3,-46904.3,4153,-121.56,0.836
R3463,poplar,64198.9,-47283.1,5125.4,75.74,0.879
R3464,pine,64472.7,-47051.6,5262.3,-214.98,1.151
R3465,elm,65960.7,-46846.6,5812.9,-147.2,1.086
R3466,pine,66315.4,-46836.5,5873.7,-59.37,1.05
R3467,poplar,68491.6,-47006.7,5207.5,-15.66,0.904
R3468,poplar,-68990.2,-46376.3,4995.8,52.19,0.919
R3469,pine,-46060.3,-46517.7,4986.2,-86,0.97
R3470,poplar,-45585.9,-46574.3,5618.1,62.33,0.997
R3471,pine,-44422.8,-46510.2,6574.8,-98.39,0.861
R3472,pine,-43946.4,-46581.1,6831,48.71,1.179
R3473,pine,-43179.7,-46478.4,7153.8,-205.32,0.985
R3474,elm,-42274.3,-46426.6,7045.5,-9.23,1.101
R3475,elm,-41465.6,-46154.7,6885.7,3.78,1.078
R3476,pine,-40975.2,-46289.8,6661.5,-242.47,1.122
R3477,pine,-39970.8,-46474.7,6361.9,-12.05,1.142
R3478,pine,-39469.8,-46183.8,6262.1,-227.69,1.149
R3479,pine,-37232.9,-46402.7,6961.3,-127.75,1.032
R3480,poplar,-35861.8,-46726.7,7632.2,-152.88,0.831
R3481,pine,-34470.9,-46038.8,7363.7,-201.38,1.113
R3482,elm,-33366.9,-46122.8,6610.6,-43.33,1.233
R3483,elm,-32606.4,-46586.2,6689.2,-56.76,1.009
R3484,pine,-32153.8,-46357.3,7227.8,-238.56,1.225
R3485,elm,-31341,-46747.4,6900.4,-75.82,0.93
R3486,elm,-30446.5,-46487.2,6454.6,-8.14,0.989
R3487,elm,-29222.7,-46200.9,6777.9,19.7,1.121
R3488,elm,-26641.5,-46674.1,4883.2,-100.87,1.026
R3489,elm,-13432,-46341.1,5888.5,-33.82,1.239
R3490,elm,-11600.8,-46287.5,6541.1,-90.6,1.131
R3491,elm,-11406.4,-46460.8,6717.2,-164.52,1.032
R3492,pine,-10646.2,-46258.3,7538.6,-239.45,0.969
R3493,pine,-9225.6,-46186.7,8480.8,-140.95,1.046
R3494,pine,-6677.8,-46003.5,8546.6,-139.22,0.904
R3495,poplar,-5838.8,-46486.9,7863.2,-185.71,1.136
R3496,pine,-3650.5,-46450.4,6975.7,-129.43,0.948
R3497,elm,12015,-46227.1,5591,-250.52,0.927
R3498,pine,15019.4,-46329.5,4545.4,-239.27,1.009
R3499,pine,33966.8,-46027.4,4360.5,-65.25,1.139
R3500,poplar,46239,-46707.7,5223.2,-216.86,1.229
R3501,elm,47670.5,-46464,5894.2,-64.26,1.02
R3502,pine,48938.1,-46308.1,6541.2,22.12,0.961
R3503,elm,49679.4,-46374.7,6836,-175.41,1.145
R3504,pine,50160.7,-46430.7,6502.3,-70.58,0.996
R3505,pine,51358.7,-46588.1,5695.5,-266.88,1.2
R3506,elm,51659.8,-46317.1,5384,40.07,1.176
R3507,elm,52546.8,-46364.8,5300.6,-61.99,1.131
R3508,pine,53666.1,-46400.4,4970.4,-71.93,0.827
R3509,poplar,54046.8,-46471.9,4913.1,-12.88,0.854
R3510,pine,55464.5,-46510,4517.9,-53.87,1.152
R3511,elm,55870.1,-46757.3,4442.7,-169.54,1.141
R3512,pine,62058.8,-46070.1,4024.4,-111.19,0.889
R3513,pine,63869.2,-46506.7,5033.6,48.66,0.981
R3514,elm,65560.9,-46546.9,5680.7,-188.35,1.131
R3515,pine,66029.2,-46407.1,5857.3,-3.79,1.013
R3516,pine,67444.2,-46068.6,5637.5,13.53,1.223
R3517,pine,67871.1,-46290.8,5523.8,-89.87,0.992
R3518,elm,68561,-46649.3,5223.6,-42.07,1.21
R3519,pine,-68713.7,-45664.1,4981.2,-36.85,0.881
R3520,pine,-44724.6,-45356.5,5278.4,-90.56,1.093
R3521,elm,-44252.5,-45245,5537.5,-54.2,0.859
R3522,pine,-43056.7,-45847.7,6968.8,-248.98,0.842
R3523,pine,-42697.4,-45306.3,6814.9,-240.92,0.814
R3524,pine,-41939.2,-45846,6791,-205.91,0.909
R3525,elm,-40794.9,-45762.7,6254.2,-92.69,0.846
R3526,pine,-40360.9,-45594.7,6116.7,-235.35,0.934
R3527,elm,-39122.1,-45546.9,6476.6,87.18,0.975
R3528,pine,-37648.9,-45628.1,6398.1,-249.79,1.147
R3529,elm,-36871.6,-45440.8,6693.1,-260.01,0.906
R3530,poplar,-36017.9,-45722,7433.5,-259.99,0.93
R3531,pine,-35494.4,-45747.1,7525.7,-214.53,0.994
R3532,elm,-34683.4,-45687.9,6887.3,-132.46,1.051
R3533,pine,-33558.1,-45417.1,6629.5,18.69,1.14
R3534,pine,-32516.7,-45543.1,7130.2,79.84,0.889
R3535,pine,-30441.1,-45791.5,6579.8,-185.67,1.183
R3536,pine,-29074.6,-45356.6,5984.7,79.31,0.831
R3537,elm,-27970.6,-45289.6,4954.9,-111.68,0.975
R3538,pine,-12177.5,-45281.7,5642.6,-25.42,0.878
R3539,pine,-10806.5,-45705.5,6998.5,-13.74,1.198
R3540,pine,-9613.7,-45670.2,8760.3,37.13,0.944
R3541,pine,-8972.7,-45204.6,8103.4,-23.68,1.125
R3542,elm,-5625.4,-45700.2,6994.8,-248.17,1.09
R3543,elm,-4492.4,-45569.8,6375.7,-250.13,0.83
R3544,elm,55.5,-45485.7,7789.2,76.49,0.826
R3545,pine,7964,-45231.7,8153,-57.52,0.908
R3546,pine,9152.1,-45366.4,7721.2,-46.69,1.029
R3547,pine,14578.1,-45897.1,4373.1,-102.41,0.89
R3548,pine,34615.2,-45258.4,4793.3,-136.12,0.982
R3549,poplar,44874.2,-45619.9,6289.1,-104.24,0.952
R3550,elm,47493,-45777.7,5509.7,-81.36,0.974
R3551,pine,48232,-45977.3,5793.9,-212.86,0.951
R3552,elm,49002.6,-45220.3,6266.1,-200.91,0.821
R3553,pine,49229,-45781,6629.3,-267.88,0.906
R3554,elm,50567.5,-45928.8,6346.3,-105.7,1.085
R3555,poplar,51040.4,-45981,5647,46.31,1.146
R3556,poplar,52046.9,-45671.5,5098.9,-179.92,1.05
R3557,pine,52910,-45913.6,5074.6,-261.55,1.046
R3558,pine,53551,-45567.6,4828,-10.14,1.022
R3559,pine,56280.8,-45870.3,4294.6,-238.62,0.807
R3560,pine,57269.1,-45420.9,4113.8,13.47,0.998
R3561,pine,62228.8,-45460.3,3960.2,51.26,0.926
R3562,poplar,63827.9,-45536.4,4820.4,-104.32,0.999
R3563,elm,64544,-45941,5393.7,56.86,1.119
R3564,pine,67504.8,-45291.6,5434.2,41.27,1.174
R3565,elm,67663.8,-45885.6,5539,-200.81,1.105
R3566,poplar,68537.9,-45300.5,5209.9,-87.01,1.065
R3567,elm,-69398.4,-45083,5085,-114.15,1.089
R3568,elm,-69175.3,-44842.9,5080.3,-180.98,0.815
R3569,pine,-46236,-44689.6,4400.5,-18.34,0.824
R3570,pine,-45548.5,-45049.6,5021.4,-130.55,1.247
R3571,elm,-44586.1,-45071.5,5415.6,-140.67,1.048
R3572,pine,-44010.4,-44923.8,5704.1,69.24,1.105
R3573,pine,-43150.8,-45107.5,6495,9.42,1.145
R3574,pine,-42236.2,-45088.4,6344.7,-233.1,0.971
R3575,elm,-41331.5,-45067.8,6105.9,-104.5,0.92
R3576,pine,-41127.3,-45022.1,5987,-214.02,1.117
R3577,pine,-39971,-45108.3,5797.2,-248.67,1.135
R3578,poplar,-39435.6,-44783.9,5583.5,-155.15,0.934
R3579,pine,-38158.7,-45067.5,5968.1,-127.63,1.21
R3580,pine,-36478,-44669.6,7029.2,-178.76,1.221
R3581,elm,-33639.7,-45176.7,6681.1,-137.56,0.977
R3582,elm,-31874.3,-44996.2,7007.6,-74.03,0.932
R3583,elm,-31038.9,-45161.3,6602.7,57.01,1.044
R3584,elm,-30070.1,-44425.1,5603.5,-129.28,0.948
R3585,elm,-28866.1,-44559.5,4829.1,-79.13,0.978
R3586,pine,-10312.7,-44925.2,8030.3,-73.69,1.16
R3587,pine,-9993.9,-44622.2,8070.8,-200.63,1.137
R3588,pine,-8458.1,-44403.3,7775.8,-229.05,0.887
R3589,elm,-6384.2,-44860.1,7413.5,-197.51,1.108
R3590,elm,-5764,-45114.7,6769.7,-244.1,1.049
R3591,pine,1297.6,-44639.8,7225.3,-3.65,1.029
R3592,poplar,9078.3,-45191.6,7986.2,3.61,0.846
R3593,pine,9595.7,-45131.2,7754.9,-92.04,0.918
R3594,pine,10238.6,-45175.9,7852.2,-245.41,1.106
R3595,poplar,12931,-45188.3,4737.2,67.78,0.931
R3596,pine,13852.8,-44882.5,4381.9,-253.53,0.815
R3597,elm,36810,-44801.9,6046.4,-116.09,0.822
R3598,pine,43041.1,-44855.2,5639.4,-54.94,0.961
R3599,pine,44451.9,-44929.1,6186,-14.66,0.894
R3600,pine,45993.7,-44914.5,6369.5,-260.73,1.236
R3601,pine,46376.2,-45133.5,6016.2,-6.86,0.805
R3602,pine,47577.5,-44795.9,5840.7,-135.04,1.222
R3603,pine,48151.8,-44601.1,5817.5,-120.29,0.855
R3604,pine,49146.1,-44648.9,5952.2,84.27,0.868
R3605,pine,49618.2,-45176.1,6535.1,-227.01,0.914
R3606,pine,50476.5,-45158.7,6595.7,-246.32,1.052
R3607,pine,51596.4,-45072.6,5368.3,-167.46,1.076
R3608,pine,51900.5,-44721.7,5419.6,1.48,1.019
R3609,elm,53098.7,-44705.9,4853.5,2.9,0.978
R3610,elm,53532.8,-44785.4,4694.3,-88.72,0.958
R3611,elm,57629.2,-44503.2,4049.1,-84.02,1.048
R3612,pine,58054.4,-44568,3953.5,-93.58,1.061
R3613,pine,63339.8,-45025.2,4512.6,-145.98,1.246
R3614,poplar,63843.3,-44874.5,4737.3,-68.92,1.205
R3615,pine,65993.5,-44965.8,5451.9,75.58,1.238
R3616,poplar,66218.6,-44754.3,5472.5,-148.89,0.999
R3617,pine,67070.5,-45073.9,5552.2,-132.3,1.069
R3618,pine,67712.8,-44981.1,5357.4,-96.34,0.852
R3619,pine,68975.2,-44414.9,5065.4,74.98,1.245
R3620,elm,-69411.1,-43734.5,5477.6,-133.38,1.08
R3621,pine,-68939.3,-44267.7,5295.7,-241.68,1.194
R3622,pine,-42859.5,-44120.5,5861.9,-50.09,1.075
R3623,pine,-42678.1,-43721.6,5831.8,-183.31,1.048
R3624,elm,-41447.6,-44203.4,5917.8,81.27,0.906
R3625,pine,-40952.1,-43996.3,5793.1,71.76,1.186
R3626,poplar,-40357.5,-43631.5,5501.3,-119.43,1.227
R3627,elm,-38319.6,-43706,5467.4,-210.44,0.892
R3628,elm,-37147.2,-43993.6,6365.1,83.03,1.051
R3629,elm,-35692.8,-43930.5,6565.5,-258.43,0.966
R3630,poplar,-35287.6,-43688.6,6203.7,-58.52,1.223
R3631,elm,-34081.9,-43820.6,6239,-25.51,0.911
R3632,elm,-32673,-44270.8,6873.3,-200.39,1.216
R3633,pine,-32210.5,-44387,6673.5,60.99,1.087
R3634,pine,-31181.9,-44169.2,6486.1,27.96,1.169
R3635,pine,-30625.9,-43814.2,5748.7,-189.88,1.219
R3636,pine,-29736.4,-43851.6,5253.7,-167.29,1.175
R3637,pine,-10017.5,-43666.4,7479.5,7.5,0.817
R3638,pine,-8655.3,-44218.1,7970.3,-224.48,1.009
R3639,pine,-8165.3,-43944.5,7865,-67.02,1.202
R3640,pine,-921.5,-43909.9,7627.5,-229.55,1.095
R3641,elm,824.2,-43969.2,7506.6,14.58,1.214
R3642,elm,2086.3,-44017.2,7486.3,-134.8,1.187
R3643,pine,9253.4,-43772.6,8400.5,-156.43,0.852
R3644,pine,11774.6,-44083.1,5827.4,2.48,0.824
R3645,elm,13656.4,-43937.3,4692.5,-143.1,0.984
R3646,pine,14379.9,-43854.9,4523.6,29.89,0.898
R3647,pine,41031.9,-43763.3,6212.5,-225.84,0.981
R3648,pine,43343.4,-43914.9,5574.8,63.86,1.205
R3649,poplar,44865.7,-43871.6,7343.8,3.51,1.182
R3650,elm,45443.8,-44361.6,7176.6,-224.16,1.161
R3651,pine,47012.4,-44217,6106.2,-246.79,1.244
R3652,elm,47810.2,-44166.3,6071.2,-176.39,1.116
R3653,pine,49143.3,-43706,5627.1,-112.15,0.902
R3654,pine,49929.5,-44321.4,6232.7,-257.73,0.987
R3655,poplar,50446.7,-44202.2,6158.8,16.89,0.98
R3656,elm,51452.2,-44149,5571.2,16.23,0.927
R3657,pine,51687.8,-43898.9,5320.4,64.51,0.802
R3658,elm,54606.5,-43997.4,4584.8,-199.82,0.909
R3659,pine,64512.3,-43719.9,4898.2,58.92,1.078
R3660,pine,65325.5,-43795.4,5356.7,37.27,0.887
R3661,elm,66378.1,-44115.8,5403.6,-194.75,0.834
R3662,pine,67719.6,-43814.3,5321.7,-268.7,0.876
R3663,pine,68820,-43630.6,5041.9,-38.01,0.805
R3664,pine,-42823.9,-43119.4,6351,-4.6,0.877
R3665,elm,-42543.4,-43253.9,6062.6,-97.45,0.956
R3666,pine,-40585.3,-43550.1,5456.5,42.88,0.962
R3667,pine,-39187.9,-43266.8,5383.9,48.69,1.075
R3668,elm,-36294.7,-43445.9,7456.2,-246.16,1.079
R3669,pine,-35213.9,-43039.2,6086.2,66.42,0.928
R3670,elm,-34388.3,-42813.2,5714.8,24.95,1.157
R3671,pine,-32961.6,-43203,6114.2,53.34,1.111
R3672,pine,-32276.1,-43193.6,6520.1,-76.17,1.082
R3673,elm,-30839.5,-43253.9,5781.1,-138.89,1.138
R3674,poplar,-30690.3,-43237.4,5613.7,68.34,1.121
R3675,pine,-29266.4,-43447.1,5011.1,-48.94,1.121
R3676,poplar,-11221.4,-43206.6,7572.9,-134.09,0.963
R3677,elm,-10274.4,-43469.5,7718.5,-187.33,1.071
R3678,poplar,-6749,-43466.6,7928.6,-161.57,1.067
R3679,pine,-4107.1,-43054.8,9501.3,5.59,1.203
R3680,pine,-2116,-42994.8,8445.1,88.99,1.128
R3681,pine,-1320.2,-43359.6,8283.5,41.41,1.115
R3682,pine,-606.6,-42867.8,8011.4,32.34,1.2
R3683,pine,-223,-43426.6,8098.8,-84.76,1.11
R3684,elm,425.9,-43428.1,7542.2,47.29,1.246
R3685,pine,4652,-43098.6,9811.2,-45.4,1.056
R3686,pine,6688.5,-43071.1,9260.2,-243.81,0.837
R3687,pine,7909.4,-43048.8,9415.7,-63.4,1.189
R3688,pine,8423.9,-43371.7,8605.6,86.13,1.228
R3689,pine,9771.6,-43533,7772,43.12,1.01
R3690,pine,10402.6,-42900.2,7687,-230.34,1.212
R3691,pine,10984.8,-43268.8,7186.8,-243.55,0.954
R3692,pine,12615.7,-42939.6,6233.2,-185.54,1.246
R3693,elm,13793.8,-42939.9,5369.5,-27.95,1.147
R3694,pine,15411.7,-42954.4,5550.1,-238.27,0.804
R3695,pine,34232.4,-43301.1,4952.8,9.96,1.219
R3696,pine,36208.2,-42987.7,5042.6,-252.7,0.833
R3697,elm,37400.7,-43264.6,5915.9,-79.15,0.92
R3698,poplar,41644.1,-43502.1,5655.3,-74.9,1.052
R3699,pine,47018.1,-43002.7,5659.8,60.4,1.03
R3700,pine,48817.5,-43143.1,5610,75.06,1.239
R3701,pine,49543.1,-43087.2,5634.7,-194.07,0.902
R3702,elm,50413.3,-43026.6,5518.9,29.39,0.83
R3703,elm,51404.6,-43247.5,5277.6,-12.11,1.19
R3704,pine,52159.4,-43315.8,5249.8,-93.53,0.972
R3705,pine,52425.6,-43124.3,5110.6,-52.08,1.148
R3706,pine,53978.4,-43483,4772.8,-78.85,0.919
R3707,poplar,62547.4,-42928.4,4322.1,-257.91,1.041
R3708,elm,63455.4,-43546.5,4478.5,-181.11,1.021
R3709,pine,65167.5,-42839,5156.9,-73.86,0.872
R3710,elm,65486.7,-43065.5,5267.8,-67.56,1.041
R3711,pine,66297,-43536,5399.8,-193.97,1.136
R3712,pine,67807,-43418.8,5308.4,-251.26,1.013
R3713,pine,68869.4,-43274,5021.8,72.46,1.016
R3714,pine,-69329,-42155.7,5495.2,-125.92,1.239
R3715,pine,-68781.8,-42082.6,5695.3,-5.59,0.944
R3716,elm,-68214.9,-42298.7,5901.5,-165.37,1.198
R3717,poplar,-45508.5,-42022,6092.4,-189.41,0.926
R3718,elm,-45156.6,-42091.9,5893.2,-141.97,1.17
R3719,pine,-42810.3,-42773.2,6631.7,-122.46,1.143
R3720,elm,-42583.6,-42142.8,6788.1,-70.06,1.146
R3721,elm,-37557.3,-42604.3,5852.4,-76.51,0.964
R3722,pine,-35825.4,-42171,8016.7,-110.04,1.242
R3723,poplar,-35287.2,-42293.8,6780.5,-208.24,0.851
R3724,pine,-34252,-42759.6,5800.7,81.11,0.962
R3725,elm,-33221.2,-42005.7,6534.9,-14.17,0.982
R3726,pine,-32944.3,-42170.5,6608.5,45.94,1.164
R3727,pine,-32125.5,-42306.2,6752.2,-121.91,1.001
R3728,pine,-31306.5,-42583.7,6715.7,-252.43,1.228
R3729,pine,-29529.2,-42258.1,5184.3,-180.63,0.976
R3730,pine,-29128.4,-42173.9,5207.8,-90.37,0.842
R3731,pine,-9447.4,-42009.2,9146.5,-95.65,0.807
R3732,pine,-8587.8,-42176.9,9413.9,46.41,0.822
R3733,pine,-5891.7,-42754.7,8251.4,-260.98,0.978
R3734,pine,-4893.5,-42756.1,9056.8,-14.68,1.027
R3735,pine,-3604.8,-42542.4,10922.7,-239.16,0.964
R3736,pine,-2973.5,-42225.6,10496.8,-73.88,1.121
R3737,pine,-1589,-42657,9377.2,-19.72,1.206
R3738,pine,-699.3,-42357.7,8024.9,-226.97,0.909
R3739,elm,170.2,-42662.6,7529.9,18.68,0.921
R3740,pine,882.9,-42128.2,8049.6,74.05,1.079
R3741,pine,1369.7,-42201,8264.8,-10.96,0.939
R3742,pine,2154.3,-42427.5,7558.7,-146.34,0.943
R3743,elm,3089.4,-42165.3,7701.9,-211.9,1.225
R3744,pine,5842.7,-42230.1,9838.4,-97.51,1.173
R3745,pine,6618.5,-42566.1,8734.6,6.05,0.996
R3746,pine,7393.2,-42459.6,8817,23.42,1.03
R3747,pine,8572.9,-42028,9045.6,55.63,1.104
R3748,pine,10777.4,-42214.8,8023.4,-181.4,1.203
R3749,pine,11580.5,-42200.7,8027.8,27.95,0.852
R3750,pine,11930.9,-42749.7,7034.3,-101.12,0.864
R3751,pine,13023,-42168.9,6322.1,-66.21,1.056
R3752,poplar,14274.7,-42786.4,5474.7,-3.54,1.176
R3753,pine,14966,-42545.2,5590.1,-158.03,1.046
R3754,elm,32241.9,-42362.6,4780.5,-187.73,0.89
R3755,pine,34380.8,-42160.8,4859.1,-221.64,1.15
R3756,elm,41873.9,-42059.3,6741.9,-83.27,1.098
R3757,pine,44131,-42571.2,6293.9,-140.55,0.985
R3758,pine,45439.9,-42048.1,7330.1,-206.15,1.199
R3759,pine,46450.8,-42614.1,5983.4,-124.99,1.094
R3760,pine,47015.5,-42038.6,6137.3,12.39,0.805
R3761,poplar,48173.1,-42134.5,5784.4,-156.64,1.032
R3762,poplar,49120.2,-42314.8,5564.9,-45.89,1.149
R3763,elm,49381.9,-42271.1,5385.2,-104.79,1.152
R3764,elm,50644.5,-42584.6,5399.9,-69.49,1.184
R3765,poplar,51081.3,-42440.9,5464.3,76.07,1.147
R3766,elm,51799.8,-42693.1,5163.6,-100.37,1.138
R3767,pine,52630.1,-42488.8,5093.3,49.48,0.969
R3768,poplar,53395.9,-42009.9,5020.2,-39.6,1.155
R3769,elm,55011.6,-42259,4651.1,-37.17,1.244
R3770,elm,55858.4,-42695.8,4374.8,-212.44,1.058
R3771,pine,57175.1,-42059.1,4348.5,-33.2,1.101
R3772,pine,60835.2,-42039.7,3844.9,13.09,0.857
R3773,poplar,63088,-42220.2,4479.3,-50.59,1.07
R3774,elm,64602.1,-42578.6,4900.6,10.36,1.162
R3775,elm,65686,-42202.9,5186,-63.3,0.949
R3776,pine,66279.7,-42748.4,5412.8,-143.56,1.103
R3777,elm,69026.9,-42002.6,4799,-29.73,1.106
R3778,pine,-68601.8,-41327.9,5526.5,-233.36,1.046
R3779,pine,-67661.9,-41842,5698.3,11.46,0.921
R3780,pine,-66214.1,-41316.1,5431,-98.39,1.077
R3781,elm,-47278.9,-41377.7,4786.5,-118.59,1.231
R3782,pine,-46678.5,-41900.9,5258.1,-194.99,1.131
R3783,elm,-43273.8,-41566.6,6130.3,22.79,0.848
R3784,elm,-42275.3,-41628.8,6883.1,32.51,1.068
R3785,poplar,-40202,-41284.3,7642.2,-138.51,0.814
R3786,poplar,-39338.7,-41712.3,6534.8,7.54,0.895
R3787,pine,-36178.3,-41778,7565.3,-63.43,1.131
R3788,pine,-35384.4,-41207.6,8129.2,72.51,0.902
R3789,pine,-34055.2,-41561.9,6655.4,-238.53,0.929
R3790,elm,-33567,-41504.3,6756.8,-152.19,1.119
R3791,pine,-32852.6,-41729.9,7085.7,73.45,1.098
R3792,pine,-32344.6,-41967.2,6904.3,50.86,1.243
R3793,pine,-31313.7,-41496.6,7006.4,-40.09,1.032
R3794,elm,-30266,-41767.4,5830.8,-244.76,0.829
R3795,pine,-29572,-41999.5,5194.6,-143.17,1.242
R3796,pine,-28624.9,-41306.8,5409.8,81.16,0.953
R3797,pine,-10711.3,-41372.6,8122.9,-93.57,1.205
R3798,pine,-7849.9,-41218.5,8156.8,2.11,1.242
R3799,pine,-7559.1,-41792.1,8721.3,-140.93,0.92
R3800,pine,-5904.2,-41902.1,9425.4,27.7,1.15
R3801,pine,-3155.1,-41514,11436.8,26.35,0.955
R3802,pine,-1599.8,-41258.9,9918.6,-78.79,1.106
R3803,pine,-1022.9,-41961.7,8242.9,-11.94,0.97
R3804,pine,96.5,-41829.8,8381.1,-76.25,0.846
R3805,pine,925.4,-41639.7,9296.9,-229.56,0.956
R3806,pine,1624.3,-41452.8,9322.9,-194.95,0.809
R3807,pine,2266.9,-41711.2,8303.5,-87.57,1.129
R3808,pine,3517.8,-41709.9,8113,54.16,0.961
R3809,pine,4031.4,-41604.4,8448.8,-260.4,1.058
R3810,pine,4786.1,-41502.3,9805.7,-184.31,1.052
R3811,pine,5477.1,-41364.1,11093.1,-54.98,1.214
R3812,pine,8847.9,-41979.7,9373.9,-205.14,1.238
R3813,pine,9270.6,-41573.3,9063,-239.01,1.072
R3814,pine,10396.9,-41622.2,8387.5,-129.94,0.962
R3815,pine,11553.6,-41791.7,7701.6,-9.56,1.228
R3816,poplar,12034.8,-41995.5,7374.7,51.75,1.133
R3817,pine,13563.2,-41220,6315.7,28.33,0.997
R3818,elm,14095.3,-41838.2,6224,14.03,0.973
R3819,elm,14875.6,-41375.9,5506.6,38.62,1.066
R3820,pine,40243.8,-41912,7805.3,-171.84,0.883
R3821,elm,40422.6,-41253.7,7860.2,31.92,1.06
R3822,poplar,45954.3,-41215.8,7848.8,-108.56,0.838
R3823,elm,46318.7,-41981.3,6449.3,-154.84,0.949
R3824,pine,47361.7,-41354.7,6746.5,-162.8,1.182
R3825,pine,48329.7,-41930.3,5750.9,42.97,1.198
R3826,pine,48869.6,-41964.1,5590,50.6,1.235
R3827,elm,49482.9,-41867.3,5320.2,-45.54,1.125
R3828,poplar,50626.3,-41503.5,5613.3,-174.6,1.123
R3829,pine,51419.4,-41790.6,5252.8,13.9,1.215
R3830,elm,51833.4,-41347.9,5359.2,-78.51,0.915
R3831,pine,53033.5,-41955,4992.6,83.44,1.222
R3832,pine,54696.2,-41208.2,4605.3,-154.76,1.183
R3833,pine,55582.8,-41736.2,4779.4,-136.54,0.9
R3834,pine,56574.2,-41628.1,4674.2,58.36,0.835
R3835,elm,57211.8,-41484.7,4494.3,-69.63,0.867
R3836,pine,63654.3,-41863.3,4567.3,61.16,0.826
R3837,elm,64802.9,-41378.6,4739.4,33.99,1.012
R3838,pine,65243.4,-41825.4,4975.4,-74.46,1.17
R3839,pine,66382.2,-41398.5,5240.3,-139.83,0.981
R3840,poplar,66874.6,-41218.9,5063.2,-231.76,1.017
R3841,poplar,67969.6,-41436.5,4576.3,-217.02,0.813
R3842,pine,68599.8,-41320,4526.8,-138.29,0.837
R3843,pine,-69213,-41108.3,5380.3,-114.81,1.203
R3844,poplar,-69064.1,-41112.3,5401.8,-17.46,1.046
R3845,pine,-67954.6,-40991.4,5385,-241.75,0.832
R3846,elm,-66860.4,-40803.7,5632.6,-101.17,1.206
R3847,poplar,-44005.9,-40983.4,6108.9,-93.63,0.967
R3848,elm,-43091.4,-41036.8,6273.6,70.2,1.046
R3849,pine,-42649.4,-40466.6,6069.2,-125.39,1.248
R3850,pine,-40370.7,-41175.3,7901,18.76,0.88
R3851,elm,-37328.4,-40492.7,7186.1,-68.32,1.219
R3852,pine,-35395.3,-40957.2,8420.2,-147.12,1.207
R3853,poplar,-34704.7,-40705.5,7782.3,-42.64,1.191
R3854,pine,-33380,-40750.2,6823.9,-266.51,1.249
R3855,pine,-32772,-40764.9,6841.3,15.48,1.245
R3856,pine,-32301.1,-40795.7,6938.3,-137.57,1.245
R3857,pine,-31176.8,-40580,7308.1,-233.8,1.075
R3858,elm,-30400.6,-40559.3,6886.7,7.44,0.815
R3859,pine,-29693.1,-41151.2,5714.5,-60.73,1.24
R3860,pine,-28598.5,-40891.1,5479.3,-42.83,0.894
R3861,pine,-27895.1,-40719,5384.1,8.97,1.021
R3862,pine,-8855,-40835.4,8553.1,-238.87,0.93
R3863,pine,-7793.4,-41062.8,8123.4,-77.77,0.968
R3864,pine,-5675.3,-41090.4,9480.6,-260.29,0.914
R3865,pine,-4659.8,-40906.5,9738.8,-264.94,1.07
R3866,pine,-3984.8,-40873.6,10856.4,-204.74,0.926
R3867,pine,-2880.9,-40727.4,11576.2,-76.78,1.241
R3868,pine,-2503.8,-40557.1,11820.7,63.45,1.068
R3869,pine,-609,-40542.5,10068.5,-79.67,0.918
R3870,pine,58.1,-40534.4,10020.2,-262.95,1.195
R3871,pine,942.2,-41129.7,9308.1,-269.08,0.967
R3872,pine,1339.9,-40746.3,9598.2,81.81,1.047
R3873,pine,2733,-40797.4,9084.8,-268.39,1.192
R3874,pine,2902.9,-40994.1,8879.7,-179.31,0.875
R3875,pine,4220,-40930.8,8794.5,-128.26,0.934
R3876,pine,4925.9,-40546.3,9971,-192.82,0.965
R3877,pine,5271.7,-41044.1,10514.5,31.97,0.836
R3878,pine,6099.7,-40402.5,9207,-267.35,0.851
R3879,pine,7298,-40813.2,9178,16.44,1.019
R3880,pine,7716.6,-40504.5,8576.7,20.14,1.199
R3881,pine,9351.1,-40809.8,9346,33.98,1.231
R3882,pine,10599.1,-40769.5,8353.4,-192.71,1.074
R3883,elm,12239.7,-40921.5,6311.9,-189.75,1.035
R3884,pine,12505.2,-40660.6,6077.1,-84.54,1.142
R3885,pine,13222.4,-40626.9,6366.6,-259.73,1.024
R3886,elm,14632.5,-41103.5,5359.4,-141.71,1.082
R3887,pine,15752.6,-40654.1,5091,-211.83,0.964
R3888,pine,16421.9,-40706.3,4768.4,-234.8,0.806
R3889,pine,30685.4,-40672.6,5033,-183.76,0.927
R3890,elm,31009,-40590.3,4865.5,5.09,0.807
R3891,elm,34370,-41123,5044.7,32.12,0.897
R3892,elm,40709.2,-40783.5,7960.3,-123.86,0.97
R3893,poplar,41388.9,-41181.1,7551.9,-13.15,0.955
R3894,pine,46075,-40660.2,7669.8,88.91,1.237
R3895,pine,47931.8,-40980,6927.2,56.78,1.027
R3896,elm,49051.2,-40775.4,6621.4,-78.67,1.061
R3897,pine,49900.7,-41011.7,5924.8,-108.88,1.083
R3898,elm,50222,-40451.7,6296.6,57.14,1.129
R3899,elm,51495.3,-40679.8,5991.7,-54.17,1.092
R3900,pine,52237.7,-40876.2,5640,-204.11,0.85
R3901,elm,53026.8,-40669.5,5273.1,-66.45,1.127
R3902,elm,53630.4,-41178.3,4767.6,82.21,0.874
R3903,pine,54721.2,-41004.3,4694.2,-18.09,1.049
R3904,poplar,54954.5,-40469.9,4616.3,50.98,0.901
R3905,elm,56385.6,-40628.9,4936.1,-27.34,1.013
R3906,elm,57443.2,-40499.6,4578.3,-200.6,1.18
R3907,pine,65962,-40695.9,5121.6,-138.07,0.84
R3908,pine,66193.2,-41195.7,5222.2,-59.73,0.845
R3909,pine,67126.8,-40877.4,4907.8,-82.18,0.84
R3910,elm,-68805.3,-40263.7,5295.1,13.48,1.174
R3911,elm,-67939.8,-40318.7,5266.8,42.24,1.141
R3912,pine,-67154.9,-39697.6,5362.8,-195.81,1.016
R3913,pine,-66205.8,-40114.9,5762.1,-5.82,0.859
R3914,pine,-65312.5,-39798.2,5499.5,24.79,0.96
R3915,pine,-42228.1,-40232.1,6049.7,-220.14,1.131
R3916,pine,-41785,-39899.3,6393.7,-83.46,1.085
R3917,pine,-38053.4,-40351.8,7667.7,22.21,1.05
R3918,pine,-37744.5,-39665.4,8377.6,-88.61,1.019
R3919,pine,-36996.8,-39979.5,8386.7,-95.17,1.159
R3920,pine,-35069.8,-40219.7,8514.6,-249.43,1.04
R3921,pine,-34046.1,-40378.3,7668.7,-141.21,1.067
R3922,poplar,-33568.4,-39913.5,7308.4,-199,0.931
R3923,pine,-32626.3,-40234.3,7212.7,-106.71,1.087
R3924,elm,-31728.3,-39956.9,7553.4,18.49,1.086
R3925,pine,-31410.7,-40291.7,7840.1,15.51,1
R3926,elm,-30585.5,-40037,7712.8,45.79,1.075
R3927,pine,-29579.4,-39672.6,6319.2,-211.21,1.125
R3928,pine,-28964.1,-39970.7,5797.2,-179.72,1.01
R3929,poplar,-27880.6,-39852.1,5765.4,-127.18,0.888
R3930,poplar,-26761,-40258.4,5012,-229.31,1.173
R3931,pine,-7477.5,-40050.5,8177.1,-82,1.004
R3932,pine,-5515.4,-40037.3,9269.4,-103.89,1.038
R3933,pine,-2275.9,-39854,12466.2,-114.45,1.098
R3934,pine,-1764.2,-40133.6,11992.6,46.01,1.231
R3935,pine,-1055,-39782.6,11155.7,75.66,0.893
R3936,pine,368.7,-40310.7,9466.1,-59.54,1.084
R3937,pine,774.8,-40088.2,9589.4,-104.01,1.044
R3938,pine,1789.8,-40297.2,9842.3,41.71,1.233
R3939,pine,2652.5,-39976.1,9188,-147.4,1.143
R3940,pine,2949.3,-40249,9373.1,-252.65,0.864
R3941,pine,4389.4,-40382.9,9246,18.9,1.232
R3942,pine,4842.7,-39727.9,10928.8,8.74,1.097
R3943,pine,5778.9,-39633.6,9946,34.59,0.857
R3944,pine,9662.7,-39604.4,9475.3,-210.29,1.01
R3945,pine,10307.1,-40383.5,9317,79.23,0.817
R3946,pine,11211.8,-40179.2,7269.3,36.38,0.948
R3947,pine,11917.7,-40016.5,6631.2,86.75,1.064
R3948,elm,12698.8,-39822.4,6636.9,-222.8,1.14
R3949,pine,13916.6,-40045.4,5291.3,54.66,1.08
R3950,pine,14215.8,-40030.7,5201.2,-224.87,1.12
R3951,poplar,17294.1,-40048.7,4862.2,-253.11,1.131
R3952,pine,18869.2,-39683.9,5067.9,18.28,1.026
R3953,pine,19949.3,-40109.4,4292.8,-178.42,1.081
R3954,pine,30192.2,-40262.3,4924.9,-68.26,1.069
R3955,elm,32873,-39656.6,4558,-143.79,0.878
R3956,elm,33391.3,-39963.4,4798.4,-149.66,0.833
R3957,pine,34621.7,-39640.1,5132.8,-16.24,1.211
R3958,pine,40497.5,-40184.8,8038.4,-21.04,1.119
R3959,pine,44305.2,-40273.5,8346.7,-101.97,1.117
R3960,pine,44457.8,-40131.4,8432.7,-222.01,1.141
R3961,pine,45294.6,-40225.3,8098.3,-73.46,1.169
R3962,poplar,46304,-40117.4,7436.5,-111.84,1.158
R3963,elm,48162.4,-39755,7501.4,-230.58,0.903
R3964,pine,48745.4,-40014.5,6866.3,-163.84,1.051
R3965,pine,49214,-40247.8,6765.9,-259,0.94
R3966,poplar,50167.5,-40165.2,6307.9,-234.65,1.043
R3967,elm,50856,-40110,6723.4,-111.07,1.009
R3968,pine,52276.7,-39787.5,5325,-264.98,0.986
R3969,pine,52528.4,-40312.8,5195.8,-193.91,1.055
R3970,pine,53372.8,-40394.8,5016.3,-157.01,0.863
R3971,pine,54152.1,-39866.2,4786.9,-12.21,1.077
R3972,pine,55080.2,-40231.2,4690.4,-78.75,1.044
R3973,poplar,56242.6,-39926.7,4767.8,-128.16,1.126
R3974,pine,56481,-40085.2,4856.2,-42.86,0.899
R3975,elm,64485,-40388,4489.8,-146.69,1.221
R3976,poplar,65648.1,-39782.6,4816.3,-44.77,0.836
R3977,pine,66945.2,-40225.1,5030.2,13.07,1.21
R3978,elm,68348.9,-39631.7,4635.8,-197.72,1.091
R3979,elm,-69249.1,-39276,4798.7,-19.29,0.881
R3980,pine,-67723.2,-39198.8,5333.5,62.22,1.06
R3981,elm,-66865.6,-39214.6,5419.4,-190.11,0.922
R3982,poplar,-66667.4,-38976.2,5462.6,35.16,1.129
R3983,pine,-64466.3,-39306.6,5490.2,-98.13,1.07
R3984,pine,-58085.3,-39106.2,4226.2,-268.26,0.924
R3985,elm,-55028.4,-39577,4102.1,26.12,1.114
R3986,pine,-54745.4,-39399.6,4150.3,1.33,1.135
R3987,pine,-36804.7,-39509,9239.6,37.28,0.811
R3988,pine,-35971.4,-39320.2,9239.7,77.01,1.105
R3989,pine,-35566.3,-39333.4,8743.7,-91.09,1.125
R3990,pine,-34433.5,-39022.6,7595.6,-242.15,0.882
R3991,elm,-33929.8,-38896.6,7512.5,-226.38,1.008
R3992,elm,-33032.8,-39537.9,7327.8,-228.26,0.959
R3993,pine,-32319.5,-39128.7,8004.3,88.81,0.908
R3994,pine,-30945,-39312,8341.7,-70.22,1.036
R3995,pine,-30051.2,-39302.3,6751.4,-100.63,0.903
R3996,elm,-29887.2,-39126.1,6546.3,-167.48,1.045
R3997,pine,-28426.3,-39333.6,5483.7,-226.11,0.804
R3998,pine,-28377.4,-38965.9,5457.5,-205.32,0.952
R3999,pine,-27288.1,-39512.4,5716.9,-44.52,1.106
R4000,poplar,-25820.7,-39270,5060.3,-30.78,0.997
R4001,pine,-24027.1,-39072.7,4788.8,-90.12,1.082
R4002,pine,-22799.6,-39236.5,5094,-162.33,1.021
R4003,pine,-8276.2,-39240.6,8701.6,81.68,1.136
R4004,poplar,-7457.6,-39174.9,7955.1,-93.19,1.085
R4005,pine,-5204,-38928.2,9469.1,-60.92,1.246
R4006,pine,-5072.6,-39505.4,9569.5,-47.68,0.962
R4007,pine,-3860.1,-39041.7,10974.4,-187.14,0.835
R4008,pine,-2147.8,-39304.7,11812.1,17.86,0.853
R4009,pine,-559.3,-39261.8,10430.3,-142.95,0.926
R4010,pine,236,-38878.8,9492.6,72.73,0.9
R4011,pine,984.3,-39053.7,9583.3,6.1,0.829
R4012,pine,2058.5,-39533.7,9991,-91.72,1.031
R4013,pine,3543.8,-39319.6,9560.2,-38.67,0.871
R4014,pine,4398.8,-38994.6,10598.8,-151.38,0.811
R4015,pine,5125.6,-39000.8,10704.9,-269.46,0.967
R4016,pine,5502,-39210.2,10308.8,21.76,1.11
R4017,pine,6015.4,-39374.4,9588.5,-36.88,0.992
R4018,pine,7573.5,-38889.1,9366.7,-138.99,0.907
R4019,pine,7728.8,-39057.7,9277.1,-215.57,0.81
R4020,pine,8734.5,-39399.2,9040.1,-136.24,0.968
R4021,pine,10251.5,-39180.4,10205.1,-183.4,1.044
R4022,poplar,12141.5,-38973.1,6615.7,74.91,1.084
R4023,pine,12886,-39559.7,6193.2,-211.16,0.905
R4024,poplar,13785.8,-38964.7,5349.4,75.15,1.148
R4025,pine,17402.6,-39086.9,5095.8,-37.64,1.162
R4026,poplar,19136,-39283.6,4682.7,-100.25,0.989
R4027,poplar,31238.7,-39361.6,4451.3,-181.67,1.155
R4028,pine,32347.9,-39069.3,4810.9,-196.72,0.952
R4029,pine,32689.1,-38859.5,5284.3,54.59,0.867
R4030,pine,33651.2,-39070.7,5010.4,-116.11,1.196
R4031,pine,34371.2,-39360.9,5024.4,-193.98,1.228
R4032,pine,35197.8,-39400.7,5621.3,-141.36,1.162
R4033,pine,38599.1,-39359,6858.1,4.77,0.884
R4034,poplar,39877.6,-38873.1,7460.9,-132.99,1.032
R4035,pine,40749,-38921.2,8337.7,-55.32,1.101
R4036,pine,41702.4,-38800.6,8124.3,72.34,1.02
R4037,pine,42644.1,-39316.6,8405.7,-9.05,1.195
R4038,pine,42931.1,-39070,8069.5,65.47,1.025
R4039,pine,45916.1,-39521,7380.5,-123.05,0.916
R4040,pine,46968,-39164.7,8309.5,-182.73,0.838
R4041,elm,47946.8,-38838.2,7838.5,-209.96,0.95
R4042,pine,48909,-39231.2,6819.7,-53.61,1.034
R4043,pine,49623.1,-39248.7,6549.9,-229.37,0.859
R4044,pine,50206.2,-38991.6,6598.7,89.44,0.992
R4045,elm,51557.4,-39224.8,6318.3,66.63,0.897
R4046,poplar,51787,-38926.8,6174.4,-69.52,0.947
R4047,pine,52771,-39549.6,5088.3,-65.72,1.078
R4048,elm,53321.2,-39547.2,5146.1,-65.14,1.068
R4049,pine,55745.1,-38830.6,5015.4,-210.4,1.098
R4050,pine,57201.1,-39027.7,4495,-256.52,1.149
R4051,pine,64471.5,-39429.8,4555,-231.45,0.968
R4052,pine,65821.2,-38970.1,4989.4,-256.9,0.966
R4053,poplar,66321,-38829.3,5090.1,-39.58,0.981
R4054,elm,67000.9,-38802.4,5147.3,-33.72,1.24
R4055,pine,67601,-39008,4841.7,-257.04,1.226
R4056,pine,-68269.5,-38631.8,4766.4,56.66,0.846
R4057,pine,-67536.7,-38438.7,4969.7,-217.76,0.837
R4058,poplar,-66303.9,-38756.2,5368,-261.32,1.144
R4059,poplar,-65855.6,-38038.7,5035.2,-223.27,1.193
R4060,pine,-64998,-38277.5,5253.6,20.11,1.234
R4061,pine,-62240.7,-38494.3,4922,-155.49,0.943
R4062,pine,-36022.4,-38660.6,8597.4,-104.78,1.055
R4063,poplar,-35058.5,-38675.1,7834.6,-42.53,1.003
R4064,elm,-34626.9,-38065.7,7287.6,-134.5,1.011
R4065,pine,-33326.7,-38478.3,7772.3,-251.53,0.959
R4066,pine,-32708.5,-38502.6,8251,70.89,1.027
R4067,pine,-32303.3,-38250.5,8261.6,14.12,0.838
R4068,pine,-31042.6,-38405.3,8061.9,-137.14,0.809
R4069,pine,-30361.4,-38358.7,7709.2,80.26,1.002
R4070,elm,-29994.4,-38021.9,7417,-64.38,0.875
R4071,pine,-28946.6,-38307.3,6018.2,-24.39,1.219
R4072,elm,-28395.6,-38730.4,5639.5,-73.4,0.83
R4073,elm,-27097.7,-38161.7,5780.6,-264.85,0.925
R4074,pine,-26219.8,-38643.5,5648,68.52,1.046
R4075,pine,-24419.3,-38161,4842.5,-239.96,1.076
R4076,pine,-23437.9,-38710.4,4992.4,-151.24,1.018
R4077,pine,-9586.1,-38369,9366.2,-57.39,1.099
R4078,pine,-8368.7,-38224.6,9164.6,57.11,1.247
R4079,pine,-7263.8,-38226.3,8982.1,77.39,1.211
R4080,pine,-6103.3,-38212.7,8583.3,-70.28,0.854
R4081,pine,-5734.5,-38483.1,8862.7,-11.65,0.928
R4082,pine,-4792.5,-38428,10180.6,-111.02,1.23
R4083,pine,-3641.6,-38216.1,13430.8,-168.91,1.015
R4084,pine,-2958.5,-38324.8,13749,-29.98,0.958
R4085,pine,335.1,-38062.8,10209.1,-80.87,0.983
R4086,pine,1180.1,-38746,9686.5,-128.29,1.098
R4087,pine,1340.6,-38644.9,9998.9,-255.07,1.204
R4088,pine,2233.1,-38076,11145.6,51.13,0.871
R4089,pine,3383.1,-38782.3,10460.2,-170.84,1.213
R4090,pine,5107.6,-38704.4,11058.9,-166.14,0.872
R4091,pine,5353.8,-38655.5,11066.4,-201.98,1.147
R4092,pine,6161.3,-38269.3,9826.5,-126.5,0.917
R4093,pine,8135.1,-38036.1,8728,-216.91,1.123
R4094,pine,9879.5,-38798.7,9957,49.63,0.816
R4095,pine,10189.6,-38597.7,10093.3,-241.07,0.88
R4096,pine,11542.2,-38654.7,7385.7,-10.99,0.854
R4097,elm,12213.1,-38640.5,6373.3,-46.8,1.024
R4098,pine,12408,-38584.2,6093.4,-170.67,1.22
R4099,elm,13228.6,-38262.8,5832.1,81.99,0.836
R4100,pine,16762.2,-38792.9,5239.4,-188.63,0.808
R4101,elm,28900.5,-38176.7,4507.1,-24.57,1.055
R4102,elm,29227.7,-38228,4518.3,-148.27,1.176
R4103,pine,30418,-38014.5,4247.1,86.22,1.031
R4104,elm,31419,-38041.2,4482.1,67.42,1.172
R4105,pine,32217.8,-38003.9,4975.5,78.32,0.877
R4106,pine,32590.8,-38020.3,5222.8,-244.02,1.023
R4107,pine,33484.1,-38746.9,5015.6,-40.55,1.117
R4108,elm,34672.4,-38374.4,5130.6,-43.13,0.996
R4109,elm,35207.6,-38531.3,5486.8,-50.85,0.965
R4110,elm,36115.3,-38482.3,5864.4,-132.2,0.999
R4111,pine,39005.8,-38589.9,7229.9,8.22,0.885
R4112,pine,39602,-38736.7,7146.2,-199.11,1.198
R4113,pine,40666.4,-38464.8,8759.9,-199.95,1.103
R4114,pine,41200.8,-38246.4,8445.1,50.78,1.241
R4115,pine,42908.7,-38121.5,7619.5,-39.8,1.1
R4116,pine,44068.1,-38233.8,7724.7,67.83,1.128
R4117,elm,45000,-38344.1,7880.4,-129.13,1.231
R4118,pine,45661.9,-38471,7636.9,-71.8,1.002
R4119,elm,47851.6,-38287.9,7965.4,23.37,1.053
R4120,elm,48543.5,-38421.7,7407.1,-231.05,0.934
R4121,pine,49343.7,-38718.2,6745.9,-106.11,1.205
R4122,poplar,50022.7,-38506.1,6146.8,-177.87,0.967
R4123,elm,51583.2,-38544.6,6324.8,-176.83,0.854
R4124,pine,51768.7,-38197.1,6100.3,-124.18,1.25
R4125,pine,52537.6,-38724,5538.7,-29.85,1.04
R4126,elm,53564,-38537.7,5216.5,-57.61,0.934
R4127,pine,54371.7,-38639,5121,75.97,1.231
R4128,poplar,55388.9,-38631.8,5003.4,-198.26,1.136
R4129,elm,55936.8,-38270.8,4842.4,-48.96,0.971
R4130,elm,57174.2,-38466.2,4517.6,-263.3,1.2
R4131,pine,63130.6,-38701.3,4249.5,82.97,1.115
R4132,elm,65210.7,-38553.8,4831.6,-110.24,1.237
R4133,pine,66536.5,-38589.5,5115.2,-47.31,1.117
R4134,pine,67425.6,-38338.6,5074.7,37.07,0.94
R4135,pine,69572.1,-38390.7,4699.8,29.32,1.037
R4136,poplar,-65772,-37287.5,4745,-2.96,1.033
R4137,pine,-53943.5,-37717.9,4310,-31.85,1.185
R4138,poplar,-34351.7,-37979.6,7283.3,-95.18,1.163
R4139,elm,-33841.7,-37371.8,7879.3,75.25,1.003
R4140,pine,-33005.8,-37533.6,8346.1,-111.16,0.92
R4141,pine,-32376.9,-37830.5,8739.1,-216.32,1.229
R4142,pine,-31003.2,-37481.1,8140.9,-262.04,1.249
R4143,poplar,-30451.3,-37621.6,7539,-153.13,1.103
R4144,elm,-29273.1,-37998,6746.7,-255.86,1.138
R4145,elm,-28470.4,-37702.9,6092.1,48.11,0.82
R4146,pine,-28279.4,-37965.2,5772.7,-65.56,0.881
R4147,pine,-27360,-37556.2,5888.4,-116.98,1.132
R4148,pine,-26112,-37535,5960.9,-65.3,1.217
R4149,pine,-25316.4,-37299.6,5765.6,-215.19,1.093
R4150,poplar,-24730.2,-37794.8,5126.6,-84.07,0.842
R4151,pine,-24159.9,-37371.5,5487,-97.12,0.884
R4152,elm,-23432.3,-37892.3,5497.7,-239.55,1.236
R4153,pine,-22209.3,-37558.9,5082.5,-43.34,1.15
R4154,elm,-21908.1,-37533.5,4900.3,-236.49,0.947
R4155,elm,-21184.7,-37792,5047.6,-160.71,0.99
R4156,pine,-16930.2,-37552.1,6631.7,-106.66,1.131
R4157,pine,-9217.7,-37750.9,8942.3,-13.88,1.204
R4158,pine,-9151.6,-37625,8884.1,0.85,1.164
R4159,pine,-7689.5,-37540.2,9610.7,-74.79,0.94
R4160,pine,-7257.3,-37596.2,8865.8,-113.08,0.833
R4161,pine,-6179.6,-37496.8,8826,-113.44,0.863
R4162,pine,-5404.1,-37721.2,10049,65.87,1.058
R4163,pine,-4422.3,-37324.6,11854,-267.66,0.915
R4164,pine,-4122.7,-37775,12191.4,-52.81,1.223
R4165,pine,-1733.8,-37758.9,12253.2,-140.46,1.1
R4166,pine,-441.5,-37463.6,12554.7,51.26,0.845
R4167,pine,953.5,-37274,11486.5,-147.98,0.921
R4168,pine,1994.7,-37688.1,11783.6,-28.67,1.155
R4169,pine,2461.7,-37507.5,11671.9,-55.11,1.099
R4170,pine,3087.2,-37621.1,11062.8,69.72,0.834
R4171,pine,3628.7,-37872.6,10966.5,-80.18,1.167
R4172,pine,4836.2,-37685.4,12587.9,-41.91,1.125
R4173,pine,5403.5,-37789.4,11559,-112.61,0.909
R4174,pine,6074,-37413.1,10718.5,-62.87,1.244
R4175,pine,7393.2,-37931.1,9623.9,-3.76,0.947
R4176,pine,8186.5,-37618.7,8457.1,-65.19,1.12
R4177,pine,8987.3,-37328.1,9079.4,86.57,1.066
R4178,pine,10799.4,-37875.6,8397.6,-46.14,0.826
R4179,poplar,12187.3,-37556.8,6670.3,-195.6,1.062
R4180,pine,12706.2,-37209.5,7069,-264.48,0.995
R4181,elm,14356.7,-37770.1,6165.6,-247.15,0.873
R4182,pine,15078.6,-37482.3,5618.6,-57.36,0.947
R4183,pine,15624,-37809.3,5711.9,-99.26,1.089
R4184,poplar,17294.7,-37240,5953.3,-181.51,1.067
R4185,pine,28489.7,-37747.5,4491,36.28,1.179
R4186,poplar,30422.8,-37647.7,4333.4,83.44,0.943
R4187,pine,33189.9,-37703.7,5409.6,-146.5,0.876
R4188,pine,33682.7,-37693.3,5162.8,-94.6,0.816
R4189,pine,35027.9,-37666.1,5506.8,-227.65,1.198
R4190,elm,35790.1,-37662.9,5633,-220.27,1.069
R4191,poplar,36628,-37268.3,6305.1,53.85,1.073
R4192,pine,40201.3,-37909.3,7742.5,-95.93,1.183
R4193,elm,40864.3,-37295.3,7483.5,-61.05,0.855
R4194,elm,42649.2,-37996.3,7853.9,-93.55,0.968
R4195,poplar,42946.5,-37800.8,7434,30.42,0.918
R4196,pine,43907,-37451.1,7404.3,40.32,1.244
R4197,pine,44896.9,-37202.6,7586.5,-267.12,0.926
R4198,elm,45966.1,-37221.7,7071.2,48.42,1.241
R4199,poplar,46737.6,-37600.1,7643.9,22.6,1.074
R4200,pine,47220.7,-37462.3,7941.4,68.4,1.223
R4201,pine,47683.1,-37672.1,7644.9,-137.11,0.828
R4202,poplar,49010.5,-37625.8,6573.8,-221.36,0.813
R4203,pine,49999.8,-37854.1,6067,-226.44,0.95
R4204,pine,50509.3,-37560.4,5543.9,27.78,1.202
R4205,elm,50938.2,-37566.3,5636.9,-166.49,0.853
R4206,elm,51645.5,-37517.1,5979.6,-248.37,1.104
R4207,elm,52789.6,-37565.3,5653.5,33.32,1.249
R4208,poplar,53430.8,-37399.1,5275.5,-28.47,1.199
R4209,poplar,54670.4,-37999.7,4905.6,-183.83,1.182
R4210,pine,54940.8,-37311.2,4718.2,-206.05,1.055
R4211,poplar,63011.7,-37691.7,4522.6,-50.93,1.002
R4212,pine,65081.6,-37683.9,4910,-118.12,1.141
R4213,pine,66515.8,-37984.9,5056.3,-101.55,1.106
R4214,pine,67063.3,-37939.6,5276.1,-89.44,0.811
R4215,pine,-68376.7,-37134.4,4415.2,86.6,1.175
R4216,poplar,-67508.5,-36619.7,4376.8,-132.83,1.085
R4217,poplar,-65321.6,-36890.4,4729.9,-56.24,0.829
R4218,poplar,-64970.7,-36491.3,4630,-92.92,1.017
R4219,pine,-64178.8,-36992,4745,18.32,1.137
R4220,pine,-62425.2,-36437.6,4680.6,-112.2,1.167
R4221,poplar,-61360.4,-37036,4597,-80.13,1.241
R4222,pine,-57417.6,-36470.6,4242.1,32.57,1.048
R4223,pine,-33792.6,-36905.5,8621.3,27.72,1.118
R4224,pine,-33136.6,-37123.8,8732.4,23.41,1.003
R4225,pine,-32189.5,-36407.1,9681.5,-16.42,1.16
R4226,pine,-31281.9,-36551.7,8673.4,-121.89,1.21
R4227,poplar,-30514.2,-36603.7,7579.4,-51.5,1.038
R4228,pine,-29995.5,-36778.5,7163.4,-219.15,0.807
R4229,pine,-28448.6,-36666.8,6450.5,-128.63,1.248
R4230,poplar,-27899.8,-36608.3,6257.9,-95.32,1.029
R4231,pine,-27219.4,-36482.9,5857.8,19.6,1.228
R4232,elm,-26666,-36472.9,5884,-142.34,0.942
R4233,pine,-25760.9,-36528.3,6025,-136.72,0.982
R4234,pine,-24703.6,-36902.7,6269.7,-231.05,1.074
R4235,elm,-24079.5,-36959.5,6230.7,-140.17,1.055
R4236,pine,-23331.1,-36713.5,5288.3,-6.91,1.029
R4237,poplar,-22611.7,-36489.2,5075,-38.48,0.961
R4238,pine,-20622.4,-37001.1,5200,-40.66,0.995
R4239,elm,-19943.6,-36539.8,5544.2,30.6,1.167
R4240,pine,-8496.8,-37183.3,8915.4,-50.13,0.806
R4241,pine,-7934.9,-36686.3,8900.8,-233.53,0.905
R4242,pine,-6887,-36410.5,10254.6,-71.84,1.123
R4243,pine,-6249.3,-36710.8,9918,-88.91,0.93
R4244,pine,-5670.5,-36437.7,10192,54.72,0.919
R4245,pine,-4748.5,-37186.7,11919.5,-249.1,1.24
R4246,pine,-4105.8,-36902.9,12412.8,-199.34,0.883
R4247,pine,-2968.5,-37096.9,12940.6,78.06,0.961
R4248,pine,-2117.9,-37131.5,12109.8,-156.65,1.151
R4249,pine,-546.8,-36575.4,13149.7,-45.98,1.22
R4250,pine,12.3,-36858.9,12632.7,-14.73,1.051
R4251,pine,1683.4,-36894.4,12339.2,-228.18,0.966
R4252,pine,2162.6,-37040.5,12210,-151.1,0.887
R4253,pine,3000.5,-36409.2,12185.9,17.01,1.024
R4254,pine,4254.1,-36633.6,13033.4,18.63,0.835
R4255,pine,4467.6,-37119.2,13180.7,-146.58,1.047
R4256,pine,5565.2,-37177.1,11455.9,-6.11,0.998
R4257,pine,6773.4,-36562,9049.5,-226.82,1.2
R4258,pine,7083.2,-37045.3,8864.3,-252.75,1.057
R4259,pine,7635,-37010.3,8701.2,69.31,0.923
R4260,pine,9003.4,-36779.6,8951.2,-121.73,0.938
R4261,pine,9293.6,-36705.7,9489.2,49.78,1.215
R4262,pine,10123.4,-36724.3,11120.4,-87.04,0.982
R4263,pine,10881.2,-36574.5,8938.1,-164.94,0.864
R4264,pine,11927.9,-37039.5,7085.3,-5.78,0.855
R4265,pine,12946.2,-36898.3,7276.6,89.01,1.011
R4266,elm,13493.9,-36983.1,6992.8,4.03,0.862
R4267,elm,14785.7,-37180.7,5788.8,-193.27,1.141
R4268,poplar,15011.9,-36778.5,6236.9,83.09,1.209
R4269,elm,15817.2,-36712.1,6518.7,-54.96,1.115
R4270,elm,16850.7,-37048.4,6314.2,-95.88,1.14
R4271,pine,18659.9,-36794.2,4530.3,-176.42,0.9
R4272,pine,29502.9,-36797.1,4553.9,76.13,1.077
R4273,pine,30552.6,-36685.8,4780.6,-142.82,0.856
R4274,pine,31396.5,-36574.3,5289.3,-35.23,0.913
R4275,pine,31748.8,-36768.1,5102.4,-67.01,1.249
R4276,pine,32738.1,-36529.6,5395.9,7.68,0.959
R4277,elm,33541.2,-37144.6,5629.4,-20.06,1.032
R4278,poplar,35476.9,-37133,5787.3,-113.89,0.934
R4279,elm,35840.5,-36689.1,5982.4,-231.51,0.948
R4280,poplar,38216.4,-36702.1,6936.3,-237.08,1.127
R4281,pine,40268.6,-36781.4,7034.7,16.42,0.993
R4282,elm,41013.7,-36805.8,7097.7,-14.72,1.23
R4283,pine,41779.2,-36801.9,7480.4,74.26,0.856
R4284,pine,42006.2,-36561.5,7638.1,82.9,1.01
R4285,elm,43280.4,-37112.4,7540.7,-19.1,0.996
R4286,elm,45473.3,-36453.6,7065.1,-255.07,1.175
R4287,pine,47826.5,-36559.3,7167.3,-238.18,0.949
R4288,pine,49054.9,-37154.2,6253,-213.74,1.067
R4289,poplar,49212.7,-37062.7,6164.6,53.83,0.815
R4290,pine,50185,-37029.6,5523,-176.8,1.018
R4291,pine,51392.6,-36827.5,6291.9,56.36,1.049
R4292,pine,51921.3,-37080.2,6219.2,32.28,0.856
R4293,pine,52411.3,-36873.2,6476.7,-32.98,0.845
R4294,elm,53805.5,-37042.9,5220.4,-212.21,0.987
R4295,pine,54080.1,-36700.9,5357.4,-175.6,0.989
R4296,poplar,55376.9,-37091.8,4680.6,-157.76,0.86
R4297,pine,56879,-36804.3,4737.1,17.63,0.891
R4298,elm,57511.4,-36973.1,4214.9,-115.52,1.117
R4299,elm,62530.5,-36510.3,4455,-260.69,0.822
R4300,poplar,63859.1,-37107,4553,9.51,1.167
R4301,pine,64832.5,-36846.6,4862.8,-209.56,0.895
R4302,pine,65732,-37141.3,4951.9,-106.55,0.827
R4303,pine,66028,-36470.4,5047.3,-198.88,0.967
R4304,elm,67643.4,-37057.1,5305.3,-191.91,0.818
R4305,poplar,-67725.8,-36387.2,4346.7,-195.99,0.976
R4306,pine,-67165.5,-35840.3,4465.1,-131.77,0.808
R4307,elm,-65547.5,-36209,4412.2,1.62,0.861
R4308,elm,-64489.9,-36226.8,4606.8,-50.26,0.816
R4309,pine,-32474.7,-36385.8,9488.1,76.87,0.888
R4310,pine,-30646.2,-36335.1,7903.5,20.54,1.186
R4311,pine,-29465.9,-36242.2,7132.4,9.63,1.029
R4312,pine,-28594.4,-36388.1,6373.6,-13.79,0.845
R4313,elm,-28052.2,-35877.1,6224.1,-145.23,1.064
R4314,elm,-27036.2,-36179.5,5888.2,-88.84,1.072
R4315,elm,-26246.9,-36091.2,5884.4,50.63,1.249
R4316,elm,-25407.3,-35694,6650.6,-91.31,1.162
R4317,elm,-24898.2,-35904.7,6600.5,-153.94,1.09
R4318,pine,-24210.9,-35873.1,6225.4,-241.52,1.138
R4319,pine,-22987.8,-36012.4,5207.3,75.92,1.043
R4320,poplar,-22000.4,-36081.3,5419.9,47.46,0.88
R4321,elm,-21268.3,-36044.9,5343.8,-36.06,0.956
R4322,pine,-21057.5,-35610.2,5541.5,84.26,0.992
R4323,pine,-19692,-35895.8,6109.9,86.2,0.939
R4324,pine,-19195.5,-35691.3,6396.8,-189.26,1.036
R4325,pine,-17276.4,-35983,5733.3,-175.71,1.078
R4326,pine,-11516.6,-35933.7,9256,89.49,0.975
R4327,pine,-8454,-35605.6,8828.5,-163.7,1.016
R4328,pine,-8146.5,-36364.2,8142.8,-29.41,1.065
R4329,pine,-5624,-36342.2,10444.6,0.45,1.143
R4330,pine,-4496.4,-35682.4,12345.8,-54.15,0.932
R4331,pine,-3788.2,-35630,13253.6,76.49,0.892
R4332,pine,-3538.7,-36171.4,13507.3,-174.6,0.819
R4333,pine,-1216.5,-35886.2,14291.6,-127.5,0.81
R4334,pine,-922.5,-35819.7,14182.5,-216.93,1.13
R4335,pine,790.9,-36330.3,13813.5,-189.31,1.128
R4336,pine,1455,-36194.1,12492.1,-94.6,1.083
R4337,pine,2401.5,-35682.6,13390.7,74.66,1.03
R4338,pine,3362.1,-36141.2,12513.1,-28.36,1.17
R4339,pine,3684.5,-35626.5,14008.2,-115.35,0.939
R4340,pine,4837.9,-36175.7,13467.3,10.01,1.247
R4341,pine,6351.9,-35839.8,10747.2,-49.42,1.127
R4342,pine,7143.9,-36205.8,9374.4,-54.34,1.108
R4343,pine,8364.3,-35795.4,9219.8,37.17,0.808
R4344,pine,9141.5,-36016.4,9544.2,-32.68,1.053
R4345,pine,9357.7,-35901.9,9996.3,-254.82,1.187
R4346,pine,10130.7,-36080.4,11421.4,-247.52,0.916
R4347,pine,10903,-36278.8,9139.4,-120.72,0.964
R4348,poplar,12271.3,-36397.1,7470.3,6.06,0.968
R4349,pine,13141.5,-36024.9,6951.3,84.98,1.076
R4350,poplar,13344.3,-35864.9,6980.3,-261.4,1.179
R4351,pine,14215.3,-35939,6603.1,29.32,0.803
R4352,pine,15315.4,-35680.2,7203.5,-165.31,1.028
R4353,pine,16228.7,-35682.1,6495.3,84.7,0.971
R4354,pine,16866.7,-35944.1,5668.7,-73.29,0.874
R4355,pine,17431,-35696.2,5224.9,-240.85,0.865
R4356,poplar,29983.8,-35735.5,4817.4,-55.63,1.045
R4357,pine,30684,-35716.1,5401.3,45.42,0.99
R4358,elm,31085.7,-35843.4,5784,77.25,1.13
R4359,pine,31809.9,-36150.6,5645.8,74.3,1.163
R4360,elm,33092,-36056.4,5679,65.47,0.804
R4361,pine,34650.3,-36169,6935.6,-228.85,0.946
R4362,poplar,35089.4,-35672,7043.8,-166.32,0.924
R4363,elm,35707.4,-36004.8,6428.6,-105.59,0.901
R4364,pine,37503,-35956.8,7000.9,-216.97,0.927
R4365,elm,38368.4,-35660.7,7008.6,-130.01,0.848
R4366,elm,39118.6,-35726.3,7156.5,-72.95,1.033
R4367,pine,40777.9,-36219,7253,-12.85,1.2
R4368,pine,45524.8,-35814.7,6948.6,-135.24,1.088
R4369,elm,46670.2,-35913,7825.9,-42.92,1.05
R4370,pine,47349.9,-36395.7,8059.9,-247.11,0.828
R4371,pine,47886.3,-35639.1,7268,-172.87,0.868
R4372,elm,49754.4,-35784,5719.3,-199.79,0.911
R4373,pine,50738.4,-35878.3,5624.6,50.68,0.803
R4374,elm,51316.2,-36306.2,6007.5,-237.23,1.237
R4375,pine,52088,-36311.1,6170.5,-191.37,1.186
R4376,pine,52711.9,-36205.6,6167.7,-244.9,0.856
R4377,pine,53213.7,-35612.2,5547.8,-54.89,1.186
R4378,elm,54699.5,-35738.4,4817,-57.81,0.994
R4379,elm,54947.1,-35849,4752.1,-154.4,0.847
R4380,poplar,56068,-35619.5,4746.9,-199.26,0.862
R4381,elm,57972.1,-35882.6,4176,-131.19,0.819
R4382,pine,60681.7,-36033.6,4138.9,-225.26,1.037
R4383,pine,61292.7,-35970.9,4288,-228.73,1.199
R4384,pine,63655.6,-36214.1,4637.7,-242.31,1.149
R4385,poplar,64639.8,-36268.2,4920.2,-194.52,0.896
R4386,pine,65945.6,-36107.7,4917.6,-1.47,1.188
R4387,pine,66510.7,-36206.4,5086.9,-86.39,0.987
R4388,poplar,66917,-36112.2,5157.3,-254.56,1.022
R4389,pine,-68250,-35192.1,4424.3,-227.62,1.022
R4390,pine,-67293.2,-35423.8,4482.3,-258.28,1.105
R4391,pine,-66630.2,-35530.6,4481.7,-159.13,0.803
R4392,poplar,-65630.1,-35501.6,4227.9,19.03,0.881
R4393,pine,-64113.3,-35274.2,4104,-204.05,0.878
R4394,elm,-61342.7,-35339.5,4589.9,-206.28,1.151
R4395,poplar,-60316.9,-35117.8,4448.1,-232.7,0.902
R4396,pine,-55465.9,-35273.5,4209.7,-143.7,0.909
R4397,pine,-48703,-35171.2,6143.1,-91.88,1.172
R4398,elm,-46640.8,-35255.6,7029.9,-83.88,1.163
R4399,pine,-45470.8,-35326.9,6678.1,-26.52,1.124
R4400,elm,-43904.9,-34868.5,7500.3,-229.25,0.933
R4401,pine,-30176.2,-35118.8,8279.4,-158.55,1.13
R4402,elm,-29249.7,-35168.6,7463.8,-251.53,1.173
R4403,pine,-28539.4,-35048.9,6695.5,-210.81,1.05
R4404,pine,-27929.7,-35421,6486.3,86.67,1.072
R4405,poplar,-27015.5,-35161.9,6366.2,-98.37,1.195
R4406,pine,-26104.5,-35284.3,6728.6,64.16,1.048
R4407,elm,-25386.7,-34833.2,5965.7,-125.71,0.87
R4408,pine,-24537.7,-35362.6,5819.3,21.67,0.968
R4409,pine,-24021.9,-35350.5,5985.7,25.44,1.15
R4410,pine,-22842.2,-35424.3,5698.7,-123.79,1.203
R4411,poplar,-22132.1,-35165.2,5855.2,21.99,0.807
R4412,pine,-21279.4,-35480.8,5542.7,-174.41,0.954
R4413,poplar,-20896.2,-35403.8,5704.4,-235.62,1.245
R4414,elm,-20215.2,-35505.9,5722.4,-230.95,1.034
R4415,elm,-19506.5,-35559.7,6233,67.63,1.126
R4416,pine,-9439.4,-35493.2,9717.8,-125.44,1.228
R4417,pine,-8428.3,-35225.2,8964,-84.7,1.124
R4418,pine,-7712.5,-35085.3,8974.5,-234.32,1.077
R4419,pine,-6898.3,-35526.8,9645,-156.86,0.951
R4420,pine,-6621.6,-35008.3,9990.9,-197.03,0.972
R4421,pine,-5441.4,-34915.7,10894.1,66.1,0.879
R4422,pine,-4762,-35586.5,12190.5,68.87,0.943
R4423,pine,-3701.4,-35184.4,14278.4,-254.49,1.236
R4424,pine,-3530.7,-34929.8,13862,-210.12,1.091
R4425,pine,-2101.2,-35386.7,15899.1,-126.76,1.18
R4426,pine,59,-35391.3,14927.6,77.58,0.948
R4427,pine,800.3,-35530.6,16024.1,86.48,1.077
R4428,pine,2120.6,-35028,13524.9,-66.38,1.151
R4429,pine,3150.7,-35139.8,14134.4,61.66,0.974
R4430,pine,3906.4,-34956.6,13575.7,-171.45,0.838
R4431,pine,4766.5,-35088,13320.8,-235.92,0.846
R4432,pine,5740.3,-34961,13431.9,-217.89,1.008
R4433,pine,6953.1,-35566.5,10860.3,9.97,1.094
R4434,pine,8058.9,-35396,9966.5,73.89,1.203
R4435,pine,8414,-34867.5,10913.5,43.64,0.894
R4436,pine,9396.8,-34959,12014.4,50.64,1.187
R4437,pine,10892.3,-34858.5,9868.9,31,0.931
R4438,pine,12068.9,-35059,8674.5,-20.94,1.009
R4439,pine,13060.7,-35540.6,7500.9,-240.17,1.047
R4440,poplar,13665.1,-35268.7,6989.9,-186.76,1.061
R4441,poplar,14513.9,-35349,7115.1,-70.48,1.121
R4442,poplar,14935.8,-35330.1,7413,-215.3,0.91
R4443,pine,16095.6,-35289.9,6547,-151.22,0.899
R4444,poplar,17177.2,-35387.5,5677.4,86.6,0.892
R4445,pine,17781.5,-35191.7,5299.8,-233.04,0.949
R4446,elm,30080.2,-35413.8,4813.2,-9.67,0.891
R4447,elm,31383.7,-35300.8,5569.2,-91.85,1.052
R4448,pine,32333.4,-35068.6,6684.2,-84.55,0.838
R4449,pine,32827.7,-34826.6,6751.1,20.53,0.983
R4450,pine,34673.8,-35586.1,7049.3,35.83,0.834
R4451,elm,35804.7,-35538.7,7045,22.66,1.208
R4452,pine,38597.5,-35486.7,7014.5,10.55,1.174
R4453,pine,41175.1,-35456.1,8387.4,-7.77,0.956
R4454,pine,41374.2,-34802.5,9155.7,-193.1,1.058
R4455,pine,42056.2,-34828.4,8634.9,-103.92,1.17
R4456,poplar,43058.4,-35471.4,7901,-203.38,0.978
R4457,pine,45258.5,-35410.5,7250.5,-68.8,1.015
R4458,pine,46298.8,-35370.1,8110.5,-104.92,1.166
R4459,pine,47017.2,-35165.2,8732.5,18.67,0.829
R4460,elm,48356,-35485.9,6546.8,77.59,1.117
R4461,elm,49154.6,-35360.6,5948.4,58.79,1.07
R4462,pine,49664.3,-35453.4,6284,54.75,1.214
R4463,poplar,50307.3,-35228.5,5789.9,-193.17,0.978
R4464,pine,50939.9,-35131.3,5560.2,-34.58,0.896
R4465,pine,52263.1,-35466.1,6269,-210.81,0.893
R4466,pine,53028.6,-35087.2,5546.4,55.21,0.914
R4467,pine,53506.3,-34879.8,5265.1,-71.45,0.888
R4468,pine,54352.8,-34927.8,4683.6,-140.32,1.081
R4469,elm,55488.5,-35111,4677,-250.73,1.058
R4470,pine,55939.3,-35469.6,4714.4,40.46,0.919
R4471,elm,64507.6,-35033.2,4723.4,26.91,1.018
R4472,elm,67071.8,-35332.4,5013.6,55.65,0.985
R4473,pine,-67794.6,-34250.2,4555.7,-57.33,1.132
R4474,pine,-67181,-34704.6,4541.9,68.86,1.088
R4475,pine,-60822.9,-34122.9,4169.6,-185.91,1.21
R4476,elm,-55810.2,-34777.9,4304.2,-46.74,0.99
R4477,pine,-55106.9,-34200.1,4378.2,-258.75,0.865
R4478,elm,-52608,-34034.4,4948.5,-209.6,0.807
R4479,elm,-51044,-34547.6,5024.4,-159.02,0.952
R4480,pine,-48094.3,-34552.3,6129.4,-108.79,1.078
R4481,pine,-46901.8,-34277,6404.1,9.28,1.18
R4482,pine,-46741.4,-34751.8,7129.3,9.03,1.181
R4483,elm,-45141.3,-34253.5,7336.1,76.36,1.18
R4484,pine,-29489.2,-34195.2,7211.8,-106.27,1.11
R4485,pine,-28742.4,-34500.8,7030.6,-29.72,0.964
R4486,pine,-27883,-34653,6802.4,-16.41,1.21
R4487,pine,-27057.3,-34474.8,7228,-226.2,1.204
R4488,pine,-26745.8,-34589.2,7493.9,11.71,0.888
R4489,pine,-25699.9,-34063.5,6174.6,-33.45,0.987
R4490,pine,-25130,-34018.2,5902.9,49.21,0.915
R4491,poplar,-23927,-34782.9,5890,-238.55,1.071
R4492,pine,-23270.9,-34669.2,5688,-251.73,0.807
R4493,pine,-22310.1,-34050.1,5763.6,-168.62,1.112
R4494,elm,-21933.1,-34077.6,5796.6,-23.98,0.804
R4495,elm,-20814.2,-34157.7,5814.2,46.67,0.893
R4496,elm,-20067.2,-34136.3,5829.1,56.76,0.805
R4497,pine,-19514.2,-34096.9,5878,-63.46,1.092
R4498,pine,-12110.5,-34266.2,8476,-137.16,0.991
R4499,pine,-10748,-34124.6,10790.8,-147.15,1.123
R4500,pine,-9965.7,-34304.7,11397.8,-59.76,1.204
R4501,pine,-8723.8,-34254.9,10140,-154.79,1.217
R4502,pine,-7882.6,-34074,11022.5,-115.86,1.236
R4503,pine,-7392.9,-34583.1,9786.6,47.46,0.834
R4504,pine,-6496.7,-34005.1,10672.3,-210.56,0.902
R4505,pine,-5908.5,-34693.9,10231.5,-28.69,1.106
R4506,pine,-3645.4,-34038.1,12405.9,32.02,0.997
R4507,pine,-2992,-34727.8,13139.6,-129.49,0.904
R4508,pine,-2506.3,-34449.3,13342.4,-243.19,1.101
R4509,pine,-172.8,-34185.6,12473.2,62.36,0.812
R4510,pine,1994.9,-34332.1,12745.5,-123.02,1.006
R4511,pine,2240.6,-34675.5,13252.1,-45.12,0.892
R4512,pine,3247.2,-34345.1,13022.5,29.3,1.087
R4513,pine,3600.8,-34423,13452.3,-62.05,0.9
R4514,pine,5564.4,-34758.2,13702,-249.34,1.09
R4515,pine,6545.6,-34289.4,12413.9,-76.21,1.208
R4516,pine,7433,-34320.4,12542.2,67.08,1.089
R4517,pine,7818,-34788.9,10991.7,-156.37,1.151
R4518,pine,8955.9,-34393.6,12292.3,-103.38,1.027
R4519,pine,9780,-34143.4,11280.8,7.05,1.157
R4520,pine,10132,-34770.1,11818.3,-81.38,1.227
R4521,pine,11206.6,-34075,9669.3,-217.12,1.156
R4522,pine,12372.1,-34652.2,8399.1,-113.85,1.117
R4523,pine,12756.6,-34641.1,8658.9,76.17,0.893
R4524,poplar,13464.3,-34429.6,7835.2,-136.58,1.012
R4525,pine,14189.2,-34354.7,7426.9,-67.69,1.129
R4526,pine,15348.1,-34759.5,6730.9,3.53,0.853
R4527,pine,15626.2,-34512.4,6368.4,-257.12,0.944
R4528,pine,16568.3,-34244.6,5637.6,-267.63,1.03
R4529,pine,17563.3,-34724.6,5178.3,47.7,0.963
R4530,pine,18392.2,-34153.7,4665.4,-97.98,0.899
R4531,pine,18855.6,-34020.6,4516.2,-168.72,1.144
R4532,pine,32076.1,-34487.9,5749.5,-208.1,0.985
R4533,pine,32766.1,-34345,6540.8,59.93,1.114
R4534,poplar,33247.9,-34797.8,6748.7,-135.91,1.232
R4535,pine,34182.8,-34727.3,6865.4,4.12,1.221
R4536,elm,35663.5,-34614.6,7906.3,-193.55,0.918
R4537,pine,41959.4,-34056.7,9613.1,-171.73,0.88
R4538,pine,42304,-34668.1,8515.7,-177.9,1.077
R4539,elm,44552.8,-34634.1,7059.8,-0.08,1.025
R4540,pine,45279.5,-34038.4,7885.7,19.69,1.154
R4541,pine,47618.9,-34251.5,8100.1,-151.73,1.084
R4542,pine,48618.4,-34182.6,7237.6,-21.28,0.893
R4543,elm,49267.7,-34231.6,6528,89.97,1.081
R4544,pine,50032.8,-34754.4,5953.8,-240.52,0.814
R4545,pine,50970,-34603.4,5796,-187.83,0.94
R4546,elm,52284.4,-34076.1,5916.7,-116.56,1.199
R4547,poplar,52764.4,-34387.1,5752.8,-160.41,1.005
R4548,pine,53761.2,-34272.5,5161.7,-143.72,1.15
R4549,elm,55226.8,-34103.2,4743.2,9.91,1.082
R4550,elm,56224.5,-34175.4,4623.4,-196.66,1.168
R4551,pine,57183.6,-34546.7,4771.6,-13.66,1.169
R4552,pine,57868.9,-34671.4,4278.2,-145.78,1.148
R4553,pine,-68441,-33293.9,4224.6,-68.05,1.044
R4554,pine,-68078.7,-33898.9,4408.3,-29.87,1
R4555,pine,-66861.6,-33304.6,4232.8,-184.2,0.911
R4556,elm,-64915.3,-33408.8,4145.9,18.84,1.108
R4557,pine,-62666.6,-33921.5,4332,-224.11,1.175
R4558,elm,-60817.1,-33856.8,4137.4,-259.82,0.864
R4559,pine,-52977.1,-33564.1,4952.4,-35.45,0.988
R4560,poplar,-51647.7,-33799.9,5477.4,-69.92,1.241
R4561,elm,-51409.7,-33781.9,5531.3,-258.52,0.979
R4562,pine,-50012.9,-33278,6344.9,-142.23,0.806
R4563,pine,-49809.7,-33250.4,6467.9,32.81,1.049
R4564,elm,-48795.6,-33295.8,6715.9,-85.72,1.248
R4565,elm,-47825.3,-33472.6,6224.5,-52.78,1.237
R4566,pine,-46173,-33538,6763.3,-150.31,1.002
R4567,poplar,-45942.2,-33323.2,6829.6,34.16,0.895
R4568,pine,-44699,-33815.6,7174.2,84.9,0.824
R4569,pine,-43910,-33997.5,7403,-53.94,1.17
R4570,elm,-28604.2,-33231.4,7483.8,-184.69,0.818
R4571,pine,-27507.7,-33467.5,7682.7,-241.43,1.193
R4572,pine,-26029.1,-33566.3,6291.3,-256.04,1.024
R4573,pine,-25959.5,-33882.1,6271.2,59.92,1.204
R4574,poplar,-24903.1,-33288.6,5689,29.17,1.194
R4575,pine,-23936.6,-33293.9,5568.9,-178.4,1.15
R4576,elm,-23359.9,-33794.1,5677.3,-44,0.977
R4577,elm,-22123.5,-33968.2,5726,-265.48,0.814
R4578,pine,-21318.1,-33238.6,6533.6,47.19,1.084
R4579,elm,-20693.1,-33402.6,6079.8,-253.05,0.976
R4580,pine,-19605.7,-33850.8,5841.5,74.42,0.849
R4581,pine,-18985.7,-33269.6,5912.7,-42.59,0.934
R4582,elm,-17300.9,-33606,5248.4,-263.02,0.873
R4583,elm,-14423.3,-33308.2,7191.2,-124.08,0.958
R4584,pine,-8602.2,-33944.8,10686.7,-141.38,1.105
R4585,pine,-8159.6,-33726.6,10728.8,-87.57,1.203
R4586,pine,-7541.4,-33365.8,10287,-71.28,0.829
R4587,pine,-6508,-33563,11831.2,-33.68,1.11
R4588,pine,-5842.1,-33983.4,10569.3,-88.81,0.941
R4589,pine,-4817.5,-33460.4,11285.3,-220.64,1.057
R4590,pine,-3924.5,-33914.3,12939.5,-28.87,1.176
R4591,pine,-2849.4,-33260.3,12290.1,-113.08,1.178
R4592,pine,-2687.5,-33745.2,12704.7,68.31,0.895
R4593,pine,-1456.1,-33482.5,12735.1,-239.65,1.187
R4594,pine,-873.9,-33682.1,12984.6,-265.35,0.802
R4595,pine,-23.3,-33553.2,12579.7,24.35,1.111
R4596,pine,1435.3,-33903.9,12312.6,84.8,1.23
R4597,pine,2258.9,-33930.9,13051,-130.36,0.945
R4598,pine,2887,-33260,13958,-46.34,1.226
R4599,pine,4069.3,-33338.9,13820.4,-245.52,0.861
R4600,pine,5948.6,-33818,13463.8,-173.46,1.002
R4601,pine,6895.2,-33860.1,13317.2,-15.73,0.953
R4602,pine,8801.1,-33288.1,12762.1,-144.73,0.861
R4603,pine,9733.3,-33403.7,10897.7,25.64,1.008
R4604,pine,10500.2,-33823.2,10620,-152.82,1.178
R4605,pine,11102.6,-33708.2,9532.1,10.58,1.222
R4606,pine,12379.5,-33300.4,8169.1,3.86,0.815
R4607,pine,13040.8,-33597.5,8427.3,59.71,1.069
R4608,pine,13723.2,-33223.4,8248,-195.78,1.035
R4609,pine,14217.6,-33771.6,7984.5,-176.36,1.133
R4610,elm,15164.4,-33923.1,7463.3,-65.78,0.922
R4611,elm,16005.6,-33299,6312.6,-190.69,1.006
R4612,pine,16650.9,-33478.5,5680.3,84.18,1.181
R4613,pine,17232.8,-33605.6,5118.8,57.13,0.993
R4614,pine,29703.2,-33687.6,4287.9,-150.27,1.108
R4615,pine,31921.4,-33702.1,5331.5,5.68,0.957
R4616,elm,39090.2,-33262.5,7566.3,-53.1,0.876
R4617,pine,40105.3,-33279.3,8232.3,47.52,1.154
R4618,pine,41188.5,-33550,10051.9,-84.94,0.887
R4619,pine,41845.9,-33764.6,9585.6,-152.73,1.054
R4620,pine,42313.3,-33476.7,9008,-257.08,0.861
R4621,pine,43058.7,-33842.6,8163.2,-169.52,1.182
R4622,pine,44099,-33746.4,7769.2,-75.86,0.914
R4623,poplar,45599.9,-33421.7,7308.6,30.55,0.994
R4624,pine,46002,-33987.6,7471.5,-261.07,0.867
R4625,pine,47565.6,-33490.1,8070,-151.53,1.229
R4626,elm,48047.1,-33294.7,7946,-69.13,1.139
R4627,poplar,48883.1,-33409.6,7256.2,-147.55,1.153
R4628,pine,49268.3,-33920.2,6474.3,-76.44,1
R4629,pine,50225.2,-33390.9,6504.1,-176.72,0.946
R4630,elm,51415,-33849.6,6005,-240.04,1.091
R4631,pine,51700.8,-33233.2,5829,-23.42,0.97
R4632,poplar,53075.4,-33945.7,5143.1,69.88,1.07
R4633,elm,53900.6,-33284.4,4689.2,-115.95,1.212
R4634,pine,55274.7,-33965.9,4710.4,35.08,0.96
R4635,pine,56968.4,-33810.6,4646.5,-214.79,0.953
R4636,pine,57847.2,-33786.1,4384,-148.48,1.153
R4637,pine,58082.9,-33306.3,4229.9,-75.54,1.003
R4638,poplar,63422.3,-33458.3,4476.1,-60.5,1.178
R4639,pine,63724.2,-33735.7,4594,-197.5,0.898
R4640,pine,65422.6,-33764.6,4627.1,52.99,0.885
R4641,elm,66796.3,-33303.1,5037.3,60.41,0.909
R4642,elm,-67130.4,-32893.2,4099.7,-75.19,0.922
R4643,pine,-63121.4,-32402.4,4241.2,-240.31,0.827
R4644,pine,-62509.1,-33142.4,4344.2,-225.73,1.066
R4645,pine,-56320.5,-32638.8,3920.1,-124.75,0.874
R4646,pine,-51717.4,-32419.9,4531.6,-124.54,1.145
R4647,pine,-51364.2,-32405.8,4586.3,-75.15,0.91
R4648,pine,-50687.7,-32427.7,4914.5,49.99,1.239
R4649,elm,-49714.8,-32914.2,6412,85.75,0.9
R4650,pine,-48992.8,-32486.5,6770.3,-220.01,1.13
R4651,pine,-48053.4,-32439.8,6601.9,-100.04,0.871
R4652,elm,-46996.6,-32576.4,6617.4,-144.85,0.913
R4653,pine,-46254,-33098.2,6911.2,4.74,1.004
R4654,pine,-45797.1,-32454.7,6865.2,-203.86,1.071
R4655,elm,-44186.6,-32802.5,7164.5,10,1.049
R4656,pine,-42633,-33180.8,9405.5,-45.5,1.009
R4657,pine,-28501.6,-32601.8,7483.9,-199.37,1.025
R4658,pine,-26890.8,-32668,7324.2,-42.23,1.107
R4659,pine,-26300.8,-32527.4,7056,-4.72,0.816
R4660,elm,-25517.2,-32646.1,6123,-89.09,1.139
R4661,pine,-24566.5,-32779.2,5782.3,-45.66,1.161
R4662,pine,-23846,-32874.2,5698.8,-1.76,0.868
R4663,elm,-23135.7,-32460.8,5788,-112.6,1.233
R4664,pine,-22563.7,-33111.2,5805.6,85.42,1.201
R4665,elm,-21644.4,-32725.1,6252.4,31.79,1.139
R4666,pine,-21036.8,-32496.4,6425.1,65.98,1.083
R4667,elm,-19965.5,-33140.5,6016.8,37.43,0.895
R4668,poplar,-18634.8,-32617,5448.6,-223.69,1.185
R4669,elm,-14309.6,-32414.9,6804.6,-46.34,0.812
R4670,pine,-13258.7,-32402.9,8108,-201.32,0.938
R4671,pine,-12960.2,-33065.3,7861,-141.17,0.945
R4672,pine,-12039.3,-32825.5,8541.3,-132.97,0.803
R4673,pine,-8871.1,-33085.6,12875,-246.93,0.871
R4674,pine,-7869.5,-32903.2,11445,-20.94,1.084
R4675,pine,-6870.5,-32473.7,10774.5,-114.71,1.117
R4676,pine,-6759.7,-33022,11107.3,-136.35,1.228
R4677,pine,-5303.4,-32549.8,10886.1,-220.79,1.069
R4678,pine,-4631.7,-32403.2,11912.7,-127.38,1.126
R4679,pine,-4241.6,-32844.6,12376.3,-224.47,0.818
R4680,pine,-3118.4,-33164.5,12056.3,-199.63,0.948
R4681,pine,-2573.7,-32814.2,12349.9,24.01,0.824
R4682,pine,-1413.4,-32780.2,13020,-191.88,0.838
R4683,pine,-873.9,-33081.8,13056,-128.12,1.106
R4684,pine,287.7,-33044.3,13462.6,82.77,1.102
R4685,pine,858.2,-33108,13653.8,-233.74,1.003
R4686,pine,1460.1,-32889.4,12405.2,-216.43,1.136
R4687,pine,2774.8,-32404,14078.3,-188.75,1.081
R4688,pine,2829.1,-32866.8,14031.8,-6.54,0.902
R4689,pine,4807.8,-32693.6,12233.5,-7.76,1.024
R4690,pine,6409.7,-32746.9,11192.4,-133.9,0.916
R4691,pine,7423.5,-33021.1,10778.8,-176.73,0.923
R4692,pine,7719.3,-32601.9,10548.1,-163.16,0.892
R4693,pine,8959.2,-32869.7,11903.7,52,1.014
R4694,pine,9692,-32473,10820,2.22,0.918
R4695,pine,10024.6,-32899.5,10480.7,-9.76,0.836
R4696,pine,11142.6,-32519,9954.3,-50.94,1.026
R4697,pine,12174.2,-33081.6,8331.7,-70.09,0.958
R4698,elm,12813.5,-32783.4,7876.5,-254.15,1.17
R4699,pine,13861.3,-32539.3,7647.3,-73.08,0.973
R4700,pine,14760.5,-32813.3,8203.6,47.85,0.803
R4701,elm,15596.2,-32742.6,7371.5,-181.38,0.933
R4702,elm,15812.5,-33178.2,6496.5,-94.15,0.894
R4703,elm,16705.6,-32416,5659.5,65.19,1.135
R4704,pine,18705.1,-32609,4667.7,-62.82,1.062
R4705,pine,19761.3,-33054.7,4618.4,-55.02,0.897
R4706,pine,30333.3,-33038.9,4793.7,-241.27,1.086
R4707,pine,40954.5,-33076.2,9154.1,-105.31,0.96
R4708,pine,42039.1,-32710.8,8223,82.64,1.207
R4709,pine,44428.7,-32972.3,8488.1,2.42,0.924
R4710,poplar,45711.4,-32933,7233.2,24.86,1.085
R4711,pine,46363.1,-33196.5,7460.4,-178.44,0.988
R4712,elm,46907.6,-32549.8,7608.8,-9.07,0.842
R4713,pine,47693,-32935.8,8163.5,-53.81,0.876
R4714,pine,49059.8,-32660,7131.3,-55.03,0.96
R4715,poplar,50433.7,-32663.5,5802.8,-139.19,0.915
R4716,elm,51267,-32946.4,5717.2,-153.95,0.893
R4717,elm,52062.5,-33008.6,5174.2,-76.84,1.25
R4718,pine,52867.5,-33070.9,4789.4,8.35,1.002
R4719,pine,54348.7,-32710.6,4572.7,-160.51,0.863
R4720,pine,54890.7,-32837.5,4699.8,-183.69,0.842
R4721,poplar,55825.5,-32972.3,4486.1,-81.22,0.804
R4722,elm,59109.3,-32773.4,3870.4,-164.38,1.237
R4723,poplar,64249.9,-33026.8,4532.3,-111.07,0.956
R4724,poplar,-69521.7,-32190,4681.3,-125.91,1.226
R4725,pine,-67984.7,-31730,4323.3,87.55,0.993
R4726,elm,-63172,-31684.8,4384.8,-203.6,1.082
R4727,pine,-61671.3,-31758.5,4302.7,-238.14,1.16
R4728,pine,-52628.8,-32132.8,4240.8,70.9,1.001
R4729,elm,-51261.1,-31815,4498.1,-257.08,1.111
R4730,elm,-50551.8,-31851.2,5005.9,-34.52,1.089
R4731,elm,-49937.8,-31968.4,5296,-2.31,1.235
R4732,poplar,-49118.4,-32348.7,6396.1,-84.08,0.911
R4733,pine,-48153.8,-31880.9,6617.8,-51.91,1.131
R4734,elm,-47456.3,-32299.7,6290.1,15.24,1.21
R4735,pine,-46489.6,-31854.5,6940,-46.65,1.19
R4736,poplar,-44737.5,-31632.1,7243.8,41.17,1.074
R4737,poplar,-43707.3,-32015.7,7897.3,7.74,0.856
R4738,pine,-41945,-31845.1,8840.4,-157.64,1.007
R4739,pine,-40167.7,-31768.9,8143.9,-210.61,0.991
R4740,pine,-29971,-31794.1,6178.7,-35.35,1.035
R4741,pine,-28799.8,-31972.2,6918.4,64.53,0.835
R4742,pine,-28007.3,-31980,6743.5,-211.16,1.173
R4743,pine,-27474.5,-31655.4,6341.3,56.98,1.146
R4744,elm,-26444.4,-32139.2,7120.8,60.15,0.878
R4745,pine,-25244.4,-32344.6,6245.6,-205.8,1.214
R4746,pine,-24717.6,-31730.6,6463.1,-62.66,0.995
R4747,elm,-24391,-31862.9,6306.2,53.3,1.034
R4748,elm,-23591,-31772.8,6159.8,-6.85,0.988
R4749,pine,-22532.2,-32120.5,5895.2,-2.89,1.227
R4750,poplar,-21589.1,-31853.5,6160.5,-263.78,0.882
R4751,poplar,-20721.2,-32203.8,6419.8,-241.56,1.215
R4752,pine,-18551.1,-31861.6,5639.5,67.04,0.899
R4753,elm,-16908.5,-32174,5532.8,-200.83,1.042
R4754,elm,-14700.2,-32192.7,6906.8,-74.95,1.043
R4755,elm,-13887.1,-31893.3,7219.5,-108.21,1.126
R4756,elm,-12530.7,-31837.5,7743.3,-247.12,0.966
R4757,pine,-11344,-32128,9091.1,17.49,1.057
R4758,pine,-10072.3,-31633.7,8491,-6.94,0.804
R4759,pine,-9831.7,-32276.5,9337.5,62.31,0.98
R4760,pine,-8288.2,-32338.3,13364.2,-35.49,1.193
R4761,pine,-6940.8,-31960.8,11498.1,-148.89,1.227
R4762,pine,-6584.5,-31981.4,11235.5,67.14,1.017
R4763,pine,-4902.5,-32091.8,12169.1,82.16,1.029
R4764,pine,-4054.4,-32113.1,13670,-8.22,0.881
R4765,pine,-3053.8,-31935.1,13518.8,-185.64,1.007
R4766,pine,-2279.9,-31611.8,14189.2,-74.78,0.881
R4767,pine,-1547.6,-32039.2,14322.9,-213.83,1.061
R4768,pine,-504,-31976.5,11874.5,-251.61,1.236
R4769,pine,83.6,-32144.2,12108.2,69.06,1.131
R4770,pine,1183.8,-32000.4,12353.5,-227,1.104
R4771,pine,1214.1,-32119.5,12496.1,-113.31,1.075
R4772,pine,2754.7,-32212.7,14122.3,-255.09,1.205
R4773,pine,5105.1,-32212.8,11294.4,-131.97,1.214
R4774,pine,5350.8,-32254.4,11096.6,-24.15,0.829
R4775,pine,6503.5,-31744.1,10062.8,-248.15,1.089
R4776,pine,7350.5,-31840.1,9793.6,26.47,1.164
R4777,pine,8342.4,-31733.1,10981.2,79.27,1.072
R4778,pine,8885.5,-31856,11786.7,12.61,0.809
R4779,pine,9983.8,-31874.9,10879,-86.42,1.122
R4780,pine,10660.6,-32397.5,10020.1,-221.49,1.133
R4781,pine,11037.2,-31741.1,10886.5,-208.7,1.162
R4782,pine,11868.4,-31742.8,9873.2,-120.82,1.012
R4783,pine,12645.5,-31829.7,8933.3,13.05,1.027
R4784,elm,13625.9,-31609.2,7769.8,-210.72,1.033
R4785,pine,14461.3,-32253.3,7832.4,-213.75,1.166
R4786,pine,15472,-31982.7,7264.8,-233.2,0.821
R4787,pine,16351,-32379.2,6096.5,-206.29,0.999
R4788,pine,16436.3,-31661.2,6773.7,56.16,1.183
R4789,pine,18145.9,-31639.8,5176,2.27,0.93
R4790,pine,18950.7,-32196.3,4764.2,9.64,1.082
R4791,poplar,30619.3,-32283.9,5243,70.5,0.947
R4792,pine,42658.5,-31867.1,8381,-225.32,1.029
R4793,pine,44093.2,-31664.1,8695.9,-225.75,0.845
R4794,pine,44475.3,-32185,8295,6.51,0.851
R4795,pine,45722.6,-32141.5,7485.3,-200.1,1.246
R4796,elm,46705.5,-32276.1,7864.1,-161.95,1.117
R4797,pine,48164.7,-31642.4,6851.5,-208.32,1.073
R4798,elm,50095.9,-31966.8,5687.8,-108.63,0.925
R4799,pine,51210.8,-31678,5330.5,-153.2,0.926
R4800,elm,51756.2,-31969.8,5479.3,86.72,0.802
R4801,poplar,52853.2,-31785.6,5160,-28.99,1.113
R4802,elm,53576,-31815.1,5036.7,72.55,0.907
R4803,pine,54340.2,-31619.8,4962.2,-266,0.845
R4804,elm,55460.1,-31787.6,4685.6,29.93,0.803
R4805,pine,59685.1,-31813,4038.7,-187.9,0.87
R4806,pine,65234.3,-31940.9,4735.2,-14.91,1.117
R4807,pine,67082.6,-31672.2,4999.3,-31.31,1.198
R4808,pine,67722.9,-32013.1,4810.5,-206.08,1.164
R4809,pine,-69032.4,-30808.5,5128,-167.27,1.091
R4810,pine,-67762.1,-31387.1,4472.6,-206.27,1.064
R4811,elm,-66904.7,-31119.4,4474.9,-192.87,1.106
R4812,pine,-66046.1,-31116.2,4423.3,-9.37,1.007
R4813,elm,-62006.8,-31190.4,4408.6,-60.49,0.862
R4814,pine,-61198.7,-30960.7,4252.7,-161.99,1.206
R4815,pine,-57298.5,-30970.3,4454,-99.13,1.218
R4816,pine,-54346.1,-31393.1,4266.6,-4.12,0.953
R4817,pine,-52308.2,-31253.5,4252.4,-234.97,0.985
R4818,pine,-50200.1,-30983,4933.3,-45.8,1.208
R4819,pine,-49475.1,-31585.3,5421.8,-35.99,0.9
R4820,pine,-48893.1,-31125.1,6082.4,-101.06,0.82
R4821,elm,-48066.2,-30967.1,7126.5,-260.01,0.921
R4822,pine,-47296.2,-31384.1,6541.7,-208.41,1.043
R4823,pine,-46459.9,-31159.3,6847.2,-112.78,1.194
R4824,pine,-45802.2,-31074.2,6939.8,-13.72,0.826
R4825,elm,-44910.7,-31448.1,7165.3,62.74,1.093
R4826,pine,-43691.7,-31134.3,8741.9,-91.08,1.149
R4827,pine,-42595.1,-31382.5,9277.1,-70.45,0.872
R4828,pine,-28723.1,-31251.2,6906.9,-225.96,1.234
R4829,poplar,-27660.5,-31561.4,6217.5,-182.54,1.174
R4830,elm,-27259.5,-30897.1,5906.4,-154.64,0.865
R4831,poplar,-26641.8,-31118,6150.7,-106.87,1.222
R4832,pine,-25398.3,-31463.2,6856.3,-117.1,1.038
R4833,pine,-24415.2,-31204.5,6541.1,66.85,0.834
R4834,poplar,-24232.6,-31365.2,6436.1,41.59,0.837
R4835,elm,-23002.5,-31022.5,6176,-106.39,1.12
R4836,poplar,-22325.9,-31126.1,5899.8,47.82,0.816
R4837,elm,-20470.6,-30972.8,5752.8,-161.45,0.963
R4838,pine,-17389.8,-31042.2,5863.6,-253.6,0.986
R4839,elm,-16905.9,-30849.5,6435.9,-45.19,1.124
R4840,pine,-15331.5,-31391.9,6158.7,30.66,0.882
R4841,elm,-13202.9,-31504.5,7851.8,-27.24,1.071
R4842,pine,-12683.4,-31104.1,7557.6,-158.44,1.053
R4843,pine,-11642.7,-31015.3,7407.2,-257.7,0.85
R4844,elm,-11218.6,-31072.5,7986.5,14.54,1.056
R4845,pine,-10071.8,-31074,8889,-32.16,0.989
R4846,pine,-8432.5,-31551.4,11725.2,43.63,1.131
R4847,pine,-7628.6,-31528.3,12910.5,58.17,0.898
R4848,pine,-7411.4,-31466.7,13499.7,-108.59,1.205
R4849,pine,-6366.5,-31413.4,12060.3,-141.54,1.166
R4850,pine,-5367,-30910.7,13200.1,-142.5,1.008
R4851,pine,-4559,-30808.5,13494.3,62.3,0.912
R4852,pine,-4186.2,-31448.7,13712.2,-172.36,0.951
R4853,pine,-2830.5,-30826.5,14033.6,-193.88,1.182
R4854,pine,-2333.1,-30929.2,13935.2,-167.19,1.19
R4855,pine,-252.2,-31172.3,12583.4,-200.32,1.188
R4856,pine,983.7,-31582.7,11738.3,-249.78,1.247
R4857,pine,1330.5,-31114.5,12530.2,-214.26,1.038
R4858,pine,2431,-30965.2,14942,-21.59,1.015
R4859,pine,2903.2,-31378,15092.4,-52.47,0.877
R4860,pine,5400.7,-31084.3,10626.8,-229.6,1.002
R4861,pine,6070.1,-31318,10104.8,-204.24,1.138
R4862,pine,6845.1,-31309.5,10088.4,29.06,0.891
R4863,pine,8072.2,-31176.1,10778.9,8.79,1.009
R4864,pine,8792.6,-31178.1,12165.7,-29.65,1.248
R4865,pine,9778.7,-30973.7,12853.8,-140.96,1.243
R4866,pine,10659.5,-31275,11572.7,-46.59,0.853
R4867,pine,11252.8,-31054.7,9998,-97.61,1.174
R4868,pine,11878,-30811.4,9178.7,-225.53,0.999
R4869,pine,13038,-31454.6,8223.2,31.05,0.95
R4870,elm,13356.8,-31329.3,7885.9,-65.21,0.856
R4871,elm,14331.5,-31220.6,7808.6,-228.56,0.834
R4872,pine,15124,-30913.2,6521.9,66.75,0.909
R4873,elm,15636.9,-31346.5,6404.5,-220.48,1.123
R4874,poplar,16641.2,-31047.5,6598.6,-162,1.177
R4875,poplar,17846.8,-31583.8,5356.7,-17,1.204
R4876,pine,18354.8,-31006.7,5514.6,-62.97,0.836
R4877,pine,40310.3,-30912.6,6398.3,21.96,1.072
R4878,pine,41871.4,-31405.2,7558.6,-224.59,1.142
R4879,pine,44260.7,-31171.7,8005.3,-52.52,0.816
R4880,poplar,45133.6,-30887.3,7956.8,-77.79,0.862
R4881,elm,47531.2,-30959.9,6248.2,-118.8,0.868
R4882,pine,48436.8,-31408.1,7014.2,57.03,1.115
R4883,elm,49235.9,-31396.5,5904,-226.51,0.974
R4884,pine,50854,-31171.3,4958.9,-69.5,1.153
R4885,pine,52299.9,-31307.8,5008.1,-65.97,1.216
R4886,elm,53010,-31498.2,4911.3,-190.36,1.151
R4887,pine,53888.2,-31476.9,4774.7,-157.16,1.088
R4888,pine,55235.9,-30932.7,4865.3,-146.74,1.146
R4889,elm,63615.3,-31005.9,4415.8,-205.38,0.896
R4890,pine,65312,-31559.8,4878.3,-81.14,1.185
R4891,poplar,66766.8,-31048.2,5246,-89.58,1.214
R4892,pine,67445.2,-31070.4,5162.5,79.03,0.98
R4893,pine,68115.1,-30989.1,5022.2,66.85,1.21
R4894,pine,68618.8,-31432.2,4910.1,-159.09,1.146
R4895,elm,-69029.2,-30374,5182.6,-83.51,1.119
R4896,pine,-67860.3,-30076,5005,-109.56,0.905
R4897,pine,-67551.7,-30115.7,4846.2,-93.02,1.028
R4898,pine,-66761.1,-30752.6,4468.1,-191.91,1.221
R4899,pine,-63591.6,-30758.1,4546,-192.94,1.236
R4900,elm,-55572.5,-30185.6,4602.8,-252.53,1.019
R4901,elm,-54294.5,-30137,4925,-171.1,0.861
R4902,pine,-53956.1,-30641.5,4665.8,-126.33,0.811
R4903,pine,-49640.3,-30362.1,4982.7,40.95,0.858
R4904,pine,-48704.4,-30361.8,6190.6,-243.4,1.156
R4905,poplar,-48347.8,-30468.9,6902.8,47.74,1.201
R4906,elm,-47219.2,-30396,7336,59.77,1.102
R4907,poplar,-46536,-30046.5,7427.1,-33.69,0.844
R4908,pine,-45227.5,-30539,7211.7,72.43,0.943
R4909,pine,-43491.1,-30239.8,7813.9,37.7,0.828
R4910,pine,-42144.5,-30369.9,7724.3,21.19,0.997
R4911,elm,-41532.8,-30342.1,7724.6,36.78,1.037
R4912,elm,-40532.6,-30114.5,7623.4,-34.93,1.21
R4913,pine,-39523.4,-30631.6,8577.3,-158.88,0.887
R4914,pine,-29936.6,-30433.2,6030.2,-122.97,0.971
R4915,elm,-28507,-30570.2,6440.3,52.33,0.859
R4916,pine,-28296.6,-30368.7,6226.7,-94.34,0.975
R4917,elm,-27543.3,-30112.4,5952.8,-169.06,0.819
R4918,poplar,-26047.3,-30701.3,6039.2,-85.01,0.934
R4919,poplar,-25776,-30216.4,6051.3,-244.29,0.991
R4920,pine,-25066.2,-30081.7,6799.3,80.58,1.125
R4921,elm,-23658,-30652.7,6531.4,58.68,1.038
R4922,elm,-23565.3,-30798.5,6427.5,75.35,1.213
R4923,elm,-22401.8,-30170.3,5315.5,84.88,1.16
R4924,pine,-21637.1,-30514.2,5604.1,-132.85,0.942
R4925,poplar,-20732.8,-30364.3,5488.1,57.84,0.811
R4926,poplar,-20346.3,-30462.5,5551.6,-167.05,1.157
R4927,pine,-18313.4,-30343.1,7100.4,-16.46,1.114
R4928,poplar,-15949.6,-30160.8,6214.2,-231.92,1.204
R4929,elm,-15235.3,-30424.7,6051.3,-113.26,1.096
R4930,elm,-14369.7,-30141.6,7127,58.52,1.085
R4931,pine,-13862.3,-30135.9,7259.4,77.97,0.842
R4932,pine,-12950.6,-30423.1,8086.9,57.51,0.9
R4933,elm,-11989.3,-30130.6,7732.2,-142.82,1.004
R4934,pine,-11056,-30755.1,8444.2,-13.61,1.029
R4935,pine,-10642,-30168.7,9355.6,-174.3,1.229
R4936,pine,-9512,-30282.6,9798.1,-202.09,1.169
R4937,pine,-8493.2,-30647.8,11192.3,-46.68,1.098
R4938,pine,-7843.5,-30305.4,11545.4,-177.23,1.185
R4939,pine,-7185.2,-30466.3,13037.4,-73.33,1.19
R4940,pine,-6437.4,-30679.7,12982.6,-247.91,0.923
R4941,pine,-5405,-30046.1,12887.9,-59.86,0.992
R4942,pine,-4490.4,-30238,12868.5,-82.13,1.242
R4943,pine,-3827,-30500.6,13999.9,-14.57,1.12
R4944,pine,-3084.1,-30239.1,13926.3,44.64,1.121
R4945,pine,-2792.5,-30109.7,13611.4,52.94,1.217
R4946,pine,909.3,-30595.3,13413.7,-13.29,0.817
R4947,pine,1640.8,-30165.4,15758.5,-157.06,0.98
R4948,pine,2491.9,-30743.4,15371.1,-117.21,1.231
R4949,pine,3556.4,-30124.8,11490.1,-170.32,0.848
R4950,pine,5165.7,-30021.1,12017.8,-257.77,0.833
R4951,pine,5695.5,-30087.2,11782.5,-0.94,0.936
R4952,pine,6253.5,-30702.4,11095.2,-63.8,1.227
R4953,pine,7381.7,-30210.7,11263.4,-178.8,0.892
R4954,pine,7882.6,-30665.9,11513.5,-202.51,1.198
R4955,pine,9165.3,-30487.1,12581.8,-255.42,1.183
R4956,pine,10474.9,-30047.1,10183.2,-208.6,1.232
R4957,pine,11402,-30183.8,10212.9,-230.86,1.119
R4958,pine,11880.8,-30159.2,9598.8,-74.22,0.979
R4959,pine,12783.2,-30768.3,8464,-84.46,1.012
R4960,pine,13688.5,-30795.1,7631.3,-269.07,1.239
R4961,pine,14149.7,-30357.5,6883.7,-127.63,1.047
R4962,elm,15025.2,-30040.1,6329.9,-151.9,1.101
R4963,elm,15684.7,-30241,6208.6,-232.01,1.11
R4964,pine,16680.3,-30784,6506.6,-0.01,0.949
R4965,poplar,17574.5,-30276.5,6659.6,-223.71,1.006
R4966,pine,18605.1,-30227.3,5445.7,15.2,0.858
R4967,pine,19409.9,-30573.2,4350.7,-147.46,0.886
R4968,pine,41722.1,-30200.9,6917.5,-229.24,1.074
R4969,pine,44632.6,-30375.1,8091.5,-227.53,0.918
R4970,pine,45577,-30704.8,7686.2,-138.86,0.922
R4971,elm,46011.1,-30767.5,7638,-153.35,0.92
R4972,pine,48931.7,-30584.1,5645.9,-157.94,0.984
R4973,pine,49501.9,-30721.1,5285.5,-112.38,1.158
R4974,elm,50373.9,-30474.5,4821.4,65.23,0.846
R4975,pine,51254.7,-30266.8,4799.1,-169.02,1.232
R4976,elm,52364.5,-30685.4,4570.7,-159.24,1.117
R4977,pine,52864.1,-30326.7,4582.1,10.36,0.986
R4978,poplar,53950.1,-30705.5,4652.8,-250.67,0.98
R4979,pine,54321,-30343.2,4871.9,-136.46,1.176
R4980,pine,58016.4,-30484,4177.5,46.4,1.215
R4981,pine,62205.7,-30734.2,4022.4,-4.29,0.895
R4982,elm,63924.3,-30360.8,4651.1,-138.93,0.916
R4983,poplar,65756.3,-30350.1,5326.2,-115.74,1.18
R4984,pine,66397.2,-30505.7,5315.3,-227.62,1.064
R4985,elm,67204.1,-30311.6,5345,-180.54,0.878
R4986,elm,67622.1,-30671.5,5228.7,-103.87,0.893
R4987,pine,68749.2,-30557.2,5015.1,-150.23,1.12
R4988,elm,-69501.7,-29981.5,5275.7,-9.22,0.989
R4989,pine,-69187,-29287.8,5452.9,-109.88,0.8
R4990,poplar,-68195.6,-29250.8,5413.4,-197.95,0.821
R4991,pine,-66937,-29447.7,4948.9,-121.25,1.194
R4992,pine,-63277.1,-29525.8,4810.5,-115.55,0.99
R4993,poplar,-55644.3,-29888.1,4542.8,59.12,1.228
R4994,pine,-53239,-29987.9,4989.6,-64.98,0.844
R4995,poplar,-49761.8,-29314.3,4843.6,71.23,0.81
R4996,pine,-48453.7,-29874.9,6210.4,-159.04,0.905
R4997,pine,-47650.7,-29712.2,7406.8,23.09,1.107
R4998,elm,-47363.6,-29334.3,7502.3,-253.89,1.239
R4999,pine,-46759.1,-29948.4,7538.7,38.15,1.17
R5000,pine,-45669,-29652.2,8489.7,-121.34,1.136
R5001,pine,-44750.7,-29530.3,8129.2,-219.56,1.127
R5002,pine,-43903.6,-29748.1,8106.6,-169.4,0.939
R5003,pine,-43458.1,-29834.7,8197.7,-8.23,0.958
R5004,pine,-42423.6,-29941.4,7673.6,-16.13,1.009
R5005,pine,-41783.4,-29598.1,7246.2,-151.59,1.012
R5006,elm,-40257.8,-29561.8,7066.6,-264.2,1.144
R5007,elm,-30595.8,-29353.2,6209.4,-42.58,1.012
R5008,pine,-29697.7,-29745.5,5985.6,-141.06,0.845
R5009,pine,-28468.7,-29605.4,5686.3,-171.49,0.834
R5010,poplar,-28098.8,-29991.9,5790.8,-8.11,1.094
R5011,elm,-27310.4,-29547.2,5983,-145.04,1.162
R5012,pine,-26507,-29656.9,6130.2,-263.29,1.164
R5013,pine,-25649,-29582,6477.9,-230.44,0.922
R5014,pine,-24555.8,-29775.1,6680,-81.03,0.85
R5015,poplar,-24290.1,-29826.1,6627.2,73.84,0.992
R5016,elm,-23444.9,-29803.7,5825.5,46.15,0.912
R5017,pine,-22223.8,-29521.7,5239.9,-14.89,0.998
R5018,pine,-21251.4,-29257.3,5268.9,-30.31,1.219
R5019,pine,-20614.2,-29449,5365.7,-258.72,1.217
R5020,pine,-17797.6,-29954,7591.6,-185.2,1.087
R5021,elm,-16467.2,-29228.7,7161.1,-165.74,1.149
R5022,poplar,-16014.7,-29779.5,6409.7,-80.17,0.959
R5023,pine,-15395.7,-29522.6,6676.2,-100.33,0.82
R5024,poplar,-14390.9,-29953.2,7205,-34.1,1.207
R5025,pine,-13527.6,-29313,8670.9,-66.81,1.01
R5026,pine,-12882.8,-29778.5,8130.9,-56.92,1.162
R5027,pine,-12015.5,-29300.9,9080.9,-43.47,1.059
R5028,pine,-11336.8,-29734.6,8875.4,-165.18,0.87
R5029,pine,-10786.2,-29513.5,9800.6,68.29,1.144
R5030,pine,-9663.7,-29931.3,9846.5,13.18,0.989
R5031,pine,-8572.1,-29925.5,10582.5,64.18,1.128
R5032,pine,-8356.8,-29335.6,10608.3,-21.13,0.804
R5033,pine,-6397.9,-29236,15082.9,77.15,1.004
R5034,pine,-5531.1,-29637.5,13726.5,-74.96,0.858
R5035,pine,-4762.3,-29930.7,12975.5,57.29,0.866
R5036,pine,-4108.3,-29303.2,13813.5,-236.82,1.198
R5037,pine,-3345.4,-29489.1,14212.8,29.87,0.962
R5038,pine,-2510.9,-29696.7,13753,86.99,1.092
R5039,pine,-1573.1,-29955.2,14464.1,-204.19,1.075
R5040,pine,-1144.3,-29711.7,15002.1,-171.98,1.1
R5041,pine,-139.7,-29767.7,17355.7,-13.49,1.123
R5042,pine,1110.2,-29584.2,16092.5,76.27,0.938
R5043,pine,1337.4,-29909.3,15938.1,-262.19,1.123
R5044,pine,2737.9,-29799.1,12876.2,-225.51,1.013
R5045,pine,3275.3,-29689.2,11543.8,-105.45,1.212
R5046,pine,3680.1,-29221.9,12063.1,-28.16,1.147
R5047,pine,4659.4,-29405.2,11122.4,-73.01,1.011
R5048,pine,5464.8,-29896.6,11787.6,-190.15,0.934
R5049,pine,6261.5,-29395.5,10666.4,35.23,1.182
R5050,pine,7345.2,-29321.9,12400,-242.36,1.194
R5051,pine,8370.1,-29297.5,13076.6,-256.13,1.234
R5052,pine,9898.2,-29633.4,10169.7,-176.17,0.984
R5053,pine,10388.8,-29787.8,9546.3,-15.89,0.904
R5054,pine,11063.2,-29447.3,9293.8,53.49,0.919
R5055,pine,12105.7,-29865.8,9698.2,-129.93,0.978
R5056,pine,13081.5,-29930.5,8446.6,29.73,1.077
R5057,pine,13268,-29224.8,7328.8,-200.4,1.014
R5058,pine,14185,-29870.7,6324.1,6.04,1.17
R5059,pine,15324.9,-29341.6,6019.5,-230.24,1.22
R5060,pine,15885.7,-29983,5769.1,-229.44,1.219
R5061,elm,17043.1,-29607.7,5685.4,-216.63,0.883
R5062,pine,17869.8,-29559.1,5809.3,-146.13,0.859
R5063,poplar,18604.3,-29824.5,5579.7,73.45,0.878
R5064,poplar,18954.2,-29806.2,5297.7,-156.3,1.045
R5065,pine,19758.7,-29363.3,5184,-238,1.095
R5066,pine,42063.8,-29702.9,6970.2,24.89,1.212
R5067,poplar,42872.1,-29614.2,7128.1,-149.34,1.043
R5068,pine,45202,-29451,7949.8,13.21,0.98
R5069,pine,46387.8,-29837.8,6353.3,-103.15,1.06
R5070,pine,48114,-29454.8,5573,11.48,0.977
R5071,elm,49880.4,-29498.5,4987.7,-207.86,1.122
R5072,poplar,50815.9,-29639.6,4809,58.11,1.072
R5073,pine,52238.3,-29590.7,4800.4,-58.28,0.918
R5074,poplar,52702.5,-29205.7,4742.1,15.57,0.873
R5075,poplar,53902.9,-29284.7,5063.4,-175.35,1.243
R5076,elm,54062.5,-29332.7,4997.2,-32.23,1.081
R5077,elm,64146.8,-29592.6,4780.4,5.56,0.995
R5078,elm,64489.5,-29274.1,4679.6,-158.54,1.211
R5079,pine,65209.1,-29269.3,4785,-6.16,1.015
R5080,poplar,66562.6,-29598.4,5152.4,-175.09,0.808
R5081,pine,67566.7,-29946.6,5296.1,-153.92,1.106
R5082,poplar,67697.5,-29399.1,5081.5,-38.25,0.817
R5083,elm,68475,-29298,5033.6,-21.85,1.037
R5084,elm,-69131.8,-28917.3,5509.6,-133.54,1.013
R5085,pine,-68351.3,-28942.3,5457.8,-116.22,0.808
R5086,poplar,-65607.9,-28425.9,5289.9,56.86,0.902
R5087,pine,-65070.1,-28909.3,4991.9,22.99,0.808
R5088,pine,-62590.7,-29022.5,4765.6,-148.79,0.925
R5089,poplar,-57359,-28451.2,4040.6,-196.2,1.171
R5090,pine,-54418.5,-29121.3,4710.3,-87.95,0.92
R5091,pine,-50143.7,-28985.9,4699.4,65.83,0.838
R5092,pine,-48282.6,-28519.9,6035.8,-222.78,1.183
R5093,elm,-47275.7,-29070.3,7285.3,-129.26,1.158
R5094,pine,-46622.2,-28404.1,6700.2,55.3,1.242
R5095,poplar,-45487.3,-28845.6,7374.4,-117.29,1.089
R5096,elm,-45082.1,-28447.1,6704.4,-123.96,1.082
R5097,elm,-44028.2,-28513.4,6635.5,-43.15,0.889
R5098,poplar,-43388.5,-28489.8,7095.9,-246.91,0.908
R5099,poplar,-41337.7,-28740.8,7824.7,-45.64,0.915
R5100,pine,-38922.5,-28858.6,9542.5,-227.87,1.051
R5101,pine,-31351.8,-28811.5,7384.7,28,1.216
R5102,pine,-30279.3,-28612.8,6482.4,-110.52,1.152
R5103,pine,-29910.9,-28538,6257.2,-75.01,1.201
R5104,elm,-28985.5,-29050.5,5475.6,-39.24,0.854
R5105,pine,-28295.6,-28495.5,5369.6,-152.84,0.851
R5106,poplar,-27028.4,-29088.8,5951.3,-56.53,0.843
R5107,elm,-26186.5,-29137.7,6553.7,22.63,1.202
R5108,elm,-25670.5,-28833.2,6567.5,28.42,1.063
R5109,elm,-24596.1,-28872.3,6263.6,-268.76,0.842
R5110,elm,-24015.9,-28954.5,6101.3,-108.87,0.903
R5111,elm,-22978.5,-28647.5,5624.8,-187.71,1.048
R5112,poplar,-22054.5,-28901.2,5447.3,-82.56,0.958
R5113,pine,-21810.4,-28874.8,5252.9,48.43,1.081
R5114,pine,-20919.1,-29011.1,5145.5,15.27,0.998
R5115,elm,-19670.2,-28575.1,5441.9,5.22,0.834
R5116,elm,-18925.9,-28819.3,5908,82.45,0.993
R5117,poplar,-18408.9,-29180.5,6275.3,-165.02,0.971
R5118,pine,-17800.8,-28421.8,5698.6,-162.47,0.937
R5119,pine,-17104.8,-28748.7,6873.7,-122.12,1.136
R5120,pine,-16282.1,-28553.5,7706.3,-26.9,1.131
R5121,elm,-14984.3,-29184.9,7151,-227.55,0.98
R5122,pine,-13974.8,-29168.1,8066.2,-258.89,1.083
R5123,pine,-12898.2,-28804.4,9488.8,-184.24,1.148
R5124,pine,-11739.8,-28502.5,10231.7,-213.5,1.006
R5125,pine,-10804.2,-28944.7,9427,29.25,1.209
R5126,pine,-10656.3,-29161.5,9424,-138.55,1.068
R5127,pine,-9705.3,-28428.3,11494.6,-176.81,0.801
R5128,pine,-8749.4,-28866.6,10632.4,-117.54,1.158
R5129,pine,-7765.4,-28555.6,12305.4,-98.33,1.246
R5130,pine,-5144.9,-29044.8,13595.4,-34.93,0.973
R5131,pine,-3834.8,-29162.4,13731.7,64.13,0.877
R5132,pine,-2836.7,-28468.8,14857.9,-233.49,0.844
R5133,pine,-2457.4,-29083.6,14331,-122.73,0.95
R5134,pine,-1553.3,-29047.5,15068.2,-17.45,1.018
R5135,pine,-1092.5,-28899.2,14744,-175.43,1.116
R5136,pine,-375.7,-28709.9,14466.7,-39.39,0.947
R5137,pine,1043.6,-28888.1,14941.3,-101.41,1.045
R5138,pine,1438.6,-28732.8,14584.8,-12.47,0.923
R5139,pine,4396.7,-28666.1,11861.1,-32.08,0.853
R5140,pine,4451.6,-28464.7,11633.3,-160.34,0.816
R5141,pine,5527.3,-28982.1,10858.7,-7.76,0.955
R5142,pine,6748.4,-28639.3,12097,-218.46,1.07
R5143,pine,7302.6,-28552,13406.2,-140.75,1.199
R5144,pine,7622.4,-28891.4,13841.1,57.98,0.824
R5145,pine,9220.8,-28410,9747.1,-246.98,1.156
R5146,pine,10776.4,-28769.6,8933.5,-247.62,1.049
R5147,pine,11004.3,-28511.6,9158,54.38,1.078
R5148,pine,11657.7,-28789,10113.2,82.72,0.882
R5149,pine,13737.1,-28422.6,6600.4,24.92,0.809
R5150,poplar,14533.2,-29039.9,6110.9,-41.3,1.162
R5151,elm,15012.4,-29134.3,6219.6,-224.89,1.007
R5152,pine,16019.6,-29052.5,5476.9,-67.65,1.085
R5153,poplar,17131.2,-28488.4,5288.1,-150.3,1.041
R5154,pine,17348.8,-28855.3,5128.4,-204.46,0.883
R5155,pine,18076.4,-28425.9,5327.3,-224.11,1.114
R5156,pine,19244.1,-28819.6,5768.5,-219.86,0.991
R5157,pine,19694.4,-28611.6,5358.9,45.63,0.958
R5158,elm,41974.8,-28546.4,6386.8,-148.33,1.123
R5159,elm,43885.1,-28913.5,6667.5,-261.68,1.164
R5160,pine,44632.5,-28672.8,6951.1,42.14,1.136
R5161,pine,47443.5,-28986.6,5655.4,-249.85,1.037
R5162,elm,48382.5,-28952,5545.8,-200.84,0.871
R5163,pine,48875.7,-28432.9,5053.7,-72.2,1.11
R5164,pine,49782.4,-28709.6,4701.9,9.38,0.912
R5165,elm,50758.7,-28814.5,5054.8,-219.45,1.061
R5166,elm,51169.9,-28523.9,4843.9,-182.35,0.903
R5167,elm,52034.1,-28489.9,4610.2,-93.26,1.147
R5168,pine,53231.6,-28412.7,4421.4,-43.09,0.9
R5169,elm,64526.2,-29173.9,4655.4,-6.53,0.808
R5170,poplar,66501.2,-28818.9,4921.6,-71.01,0.806
R5171,elm,67533.9,-29061.2,5024.1,-117.58,0.806
R5172,pine,68078.8,-28596.2,4796.6,-39.17,1.205
R5173,elm,69106.9,-28633.6,4809.2,-167.6,1.043
R5174,elm,-69129.6,-28290.1,5346.1,40.9,0.974
R5175,poplar,-68089,-27731.5,5285.4,31.2,0.868
R5176,poplar,-65565.1,-27778.9,5371.4,19.04,0.841
R5177,pine,-64534.9,-27899.9,5174.8,63.39,1.071
R5178,poplar,-63203.5,-27743.2,5173.1,-106.61,0.861
R5179,pine,-49017,-27826.1,5166.9,56.1,1.061
R5180,pine,-47832.3,-28119.9,6326.3,-38.07,0.805
R5181,poplar,-47484.2,-27752.5,6046.8,34.97,1.208
R5182,poplar,-46034.1,-27892.6,6328,-95.43,1.092
R5183,poplar,-45187,-27752.1,6195.8,66.34,1.135
R5184,pine,-43113.4,-28353.6,6952.2,-226.43,0.842
R5185,pine,-41610.9,-27717.3,6639.3,-150.83,1.109
R5186,pine,-39191.1,-27963.7,8907,-106.83,0.801
R5187,pine,-36907.9,-28322.4,8745.2,-253.49,1.057
R5188,poplar,-33586.5,-27673.9,6947.3,45.7,1.009
R5189,elm,-30806.6,-28166.7,6386.2,-254.26,0.99
R5190,pine,-30525.2,-28154.4,6571.5,-144.81,1.045
R5191,pine,-29251.6,-28199.3,6021.4,-108.88,1.116
R5192,pine,-29060.2,-27842.5,6125.5,-102.59,0.943
R5193,pine,-27822.9,-28078.7,5809.7,-9.03,1.091
R5194,elm,-27413.6,-27744.5,6394.4,-240.36,0.9
R5195,elm,-26237.5,-27679.6,6273.8,-47.56,0.931
R5196,elm,-25506.3,-27914.8,5783.1,-82.63,0.918
R5197,elm,-25113.9,-27655.9,5523.7,-194.84,0.944
R5198,pine,-24391.6,-27800.6,5395.5,-48.31,1.016
R5199,poplar,-22814.8,-28222.7,5631.8,-59.53,0.89
R5200,pine,-22631.1,-27752.7,5396.3,-17.33,0.884
R5201,pine,-21388.3,-28090.6,4785.1,-61.81,1.06
R5202,pine,-20434.6,-28099.9,4966.9,-251.53,0.937
R5203,elm,-19809.5,-27861.2,5440.9,-42.78,1.11
R5204,pine,-19074.3,-28277.2,5578,-202.22,1.17
R5205,pine,-17198.7,-27673.1,6386.6,-75.09,1.068
R5206,pine,-16239.8,-28266.7,7894.4,-231.92,0.883
R5207,pine,-15207.6,-27837.9,8341.6,-171.92,0.905
R5208,pine,-14702,-27985.3,8568.6,-245.78,0.814
R5209,pine,-13578.5,-27957,8970.3,-177.28,1.123
R5210,pine,-12903.5,-27744.1,8552.3,-130.3,1.043
R5211,pine,-12304.5,-28140.9,10210.5,38.69,0.872
R5212,pine,-10989.1,-28026.8,10620.1,-183.08,1.22
R5213,pine,-9339.6,-27959.7,12002.5,-242.08,1.158
R5214,pine,-9015.3,-27620.8,12025.8,-100.29,0.833
R5215,pine,-7982.6,-28306.3,11912.7,-20.15,1.147
R5216,pine,-7511.1,-27734.3,13890.5,-219.18,1.086
R5217,pine,-6302.1,-27758,12218.7,-54.44,0.975
R5218,pine,-4595.4,-27699.7,11448.7,-40.61,1.035
R5219,pine,-4182.3,-28330,13017.9,-132.56,1.109
R5220,pine,-3236.1,-27702.1,12875,-176.12,1.165
R5221,pine,-2314.1,-28248,15987.8,-169.25,0.807
R5222,pine,-152.2,-27901,14555.4,-145.18,0.906
R5223,pine,558.1,-27992.7,15139.9,-149.61,1.01
R5224,pine,1875.2,-28360.9,13448.2,-55.07,1.02
R5225,pine,3091.1,-28323.9,11217.4,-258.23,1.213
R5226,pine,4037.4,-27631.9,11084.2,2.7,0.99
R5227,pine,4801.9,-28075.1,11788.4,-18.66,0.893
R5228,pine,5650.9,-28340.7,11015.7,-36.11,1.108
R5229,pine,6400.8,-27801.3,12516.4,-79.67,1.207
R5230,pine,8343.6,-27881,10266,3.99,0.87
R5231,pine,8871.4,-27689.1,9574,-253.07,1.049
R5232,pine,9869.3,-27690.5,8571.5,-136.35,0.904
R5233,pine,10535.5,-27770.9,9115.5,-58.88,1.168
R5234,pine,10941.7,-27996.8,9513.1,-29.98,0.888
R5235,pine,12067.2,-28005.9,9084.1,43.12,0.917
R5236,pine,13015.3,-27863.3,8790.5,79.05,1.089
R5237,pine,13246.8,-27779.3,8165.5,-132.66,1.215
R5238,poplar,14213.3,-27711.6,6841.2,70.57,1.076
R5239,pine,15458.6,-28089.3,6111.4,-142.82,1.015
R5240,pine,16298.5,-28074.6,5846.1,-62.84,0.865
R5241,pine,17031.7,-28338,5615.3,-171.44,1.241
R5242,elm,17966.1,-28239.5,5332.6,-221.08,0.921
R5243,pine,18362.5,-27792.9,5067.3,-30.72,0.989
R5244,elm,19064.5,-27673.5,5075.5,56.4,1.036
R5245,elm,20210.5,-28331.9,4965.4,20.84,1.065
R5246,pine,38623.3,-27819.5,5595.2,79.49,1.219
R5247,poplar,43806.1,-28176.7,6141.1,-31.29,1.237
R5248,elm,44638.6,-27694.1,6753.4,-261.77,1.046
R5249,pine,45890.9,-28113.7,6183.2,38.35,0.85
R5250,elm,46351.3,-27886.8,5490.3,-105.74,0.809
R5251,elm,47951.7,-28272,5008.4,-26.56,0.961
R5252,pine,49897.2,-28112.4,4664.1,-150.27,1.074
R5253,poplar,50608.3,-28188.7,4789.2,-230.49,1.161
R5254,elm,65745,-27676,4428.6,22.59,0.842
R5255,elm,66361.7,-28216.3,4708.4,-124.98,1.093
R5256,poplar,66900.1,-28173.9,4743.5,-126.84,0.881
R5257,elm,-68768.8,-27244.5,5014.7,-205.55,1.14
R5258,pine,-67763.9,-26807.8,5114.3,-26.28,0.986
R5259,pine,-66934.2,-27242.5,5402.1,-55.57,1.183
R5260,poplar,-66382,-27321.5,5489.5,-167.25,0.895
R5261,pine,-65625.5,-27414.6,5467.6,-204.61,0.891
R5262,elm,-64847.4,-27346.4,5285.9,-110.54,1.099
R5263,poplar,-63991.3,-27452.9,5224,-187.27,0.924
R5264,pine,-63303.7,-27268.8,5282.3,79.62,0.892
R5265,pine,-61943,-27233,4933.7,-152.16,1.221
R5266,elm,-49230.3,-26944.9,4963.7,60,1.103
R5267,pine,-48642.9,-27320,5156.3,8,0.842
R5268,elm,-48112.6,-26986.2,5480.7,-198.71,1.244
R5269,elm,-47223.9,-27002.9,5774.1,37.33,1.182
R5270,pine,-46341.8,-27504,6252.6,-26.64,0.994
R5271,pine,-45919.3,-27036.8,6168.2,-165.9,1.102
R5272,pine,-45104.2,-27341.6,6198,-25.11,1.248
R5273,pine,-43743.5,-27165.9,7310.4,7.14,0.914
R5274,elm,-43265.1,-27307.7,7153.9,-75.65,1.196
R5275,elm,-42703.4,-27559.3,7344.2,-229.56,0.989
R5276,pine,-41426.4,-27489.5,6740.4,55.2,1.035
R5277,pine,-39270.9,-27353.2,8360.1,-137.35,0.908
R5278,pine,-38599.9,-27274.6,8827,-259.8,0.931
R5279,pine,-37265,-26873.9,7923.8,-118.99,0.926
R5280,pine,-36784.8,-27593.1,7878.6,-206.79,1.159
R5281,pine,-36206.6,-26990.1,6783.7,6.97,0.902
R5282,pine,-35087.9,-27267.4,6307.4,-167.42,1.143
R5283,pine,-31096.3,-27454.4,6579.5,-92.82,1.069
R5284,pine,-30370.1,-27428.1,5997.9,-54.81,1.159
R5285,elm,-29427.5,-27030,5779.2,-268.54,0.928
R5286,pine,-28580,-27399.2,5722.7,-69.68,0.825
R5287,poplar,-28199.4,-27266.4,5903.2,-70.58,0.864
R5288,pine,-27498.1,-27340.6,6220.3,-253,1.056
R5289,pine,-26156.2,-26965,5120.3,-144.07,1.153
R5290,elm,-25442.1,-27196.8,4979.6,-109.83,0.939
R5291,pine,-24837.9,-27205.9,5043,-44.22,0.986
R5292,pine,-24047.9,-27108.9,5209.6,-236.55,0.922
R5293,poplar,-23524.5,-27102.6,5114.8,-222.89,1.014
R5294,pine,-22221.8,-26908,5007,-34.21,0.991
R5295,pine,-21886.4,-27433.9,4773.2,-18.9,0.994
R5296,pine,-21005.9,-27496.1,4818,-123.95,0.901
R5297,pine,-19338.5,-27576.1,5150,-102.65,0.816
R5298,elm,-18029.3,-26996.8,5519.2,65.23,1.137
R5299,pine,-16654.2,-27350.7,6977.6,-245.58,0.833
R5300,elm,-16005.1,-26999.6,7352.7,-128.01,0.941
R5301,pine,-15223.6,-27118.2,8541.3,-222.63,1.089
R5302,elm,-14326.4,-26881.8,7690.5,3.46,0.922
R5303,pine,-13294.3,-26967.5,7398.7,-218.44,0.808
R5304,pine,-13150.5,-26855.6,7330.4,-58.73,1.083
R5305,pine,-12090.7,-26964.5,8159.3,-165.66,0.907
R5306,pine,-11288.6,-27186.7,8557.1,-230.19,1.057
R5307,pine,-8739.6,-27355.3,11713.3,-248,1.079
R5308,pine,-7665.5,-26883.7,11711.2,-136.3,0.92
R5309,pine,-7309.2,-27151.1,12285,-259.08,0.829
R5310,pine,-6174.9,-27427.1,11579.9,83.63,0.865
R5311,pine,-5891.5,-26866.9,11614,-224.76,0.908
R5312,pine,-4850.9,-26827.2,12011,-130.33,0.8
R5313,pine,-4200,-27038.4,12083.6,-33.64,1.017
R5314,pine,-3216,-27455.9,13008.3,-20.55,0.981
R5315,pine,-2325.3,-26975.5,14961.1,-136.93,1.248
R5316,pine,-1437.1,-26857.4,13986,82.98,0.874
R5317,pine,-561.2,-27045.4,12381.3,-13.21,0.841
R5318,pine,-100.4,-26986.1,11921.3,-182.53,1.171
R5319,pine,779.5,-27182.7,11878.7,-99.45,1.168
R5320,pine,1335.2,-27288.5,12094.7,53.48,1.099
R5321,pine,2557.3,-27589.4,12674.2,-80.02,1.076
R5322,pine,3184.3,-27241.1,11465.5,45.03,1.201
R5323,pine,4109,-27342,11236.8,-101.42,0.984
R5324,pine,6696.6,-27011.3,12841.8,5.04,0.817
R5325,pine,8150.7,-26915.5,10698.7,-11.07,0.878
R5326,pine,8761,-27410.4,9767.3,-251.49,1.044
R5327,pine,9314.4,-27469.1,8515.2,-166.5,0.93
R5328,pine,10338.7,-27063,9049.8,-209.8,0.918
R5329,pine,11381.7,-27533.1,8650.9,0.48,0.882
R5330,pine,11821,-27501.3,8447.8,-242.92,0.894
R5331,pine,12662.9,-27000.4,8584.1,-220.04,0.912
R5332,pine,13837.8,-26885.6,8717.6,-39.98,1.242
R5333,pine,14252.9,-27039.2,7851.6,-81.12,1.025
R5334,pine,14874.4,-27115.6,7192.4,-155.37,1.034
R5335,pine,16073,-26884,5925.6,47.21,1.001
R5336,pine,16952.5,-27190,5165.9,-231.14,1.01
R5337,pine,17512,-27567.7,5836.8,14,1.226
R5338,elm,18388.6,-27238.1,5139,-19.55,0.803
R5339,pine,19099,-27526.7,5060.6,-136.87,0.845
R5340,pine,19708.9,-27583.2,5128,-128.38,0.955
R5341,pine,20458.2,-27459.4,4416.4,85.19,0.986
R5342,pine,39862.2,-27409.6,5331.3,15.1,1.15
R5343,poplar,40530.6,-26853.3,5411.6,-168.17,1.091
R5344,pine,45737.2,-27132,5776.7,35.64,1.242
R5345,pine,50650.1,-27048.5,4524.8,33.85,1.073
R5346,poplar,51743.5,-26821.4,4622.3,-259.31,0.872
R5347,pine,65654.2,-27360.6,4277,-52.32,1.044
R5348,poplar,67747.8,-27558.5,4722.5,77.08,1.064
R5349,elm,68797,-26800.9,4568.1,78.22,0.997
R5350,pine,-69207.1,-26498.2,4863.4,-195.58,0.904
R5351,elm,-68455.8,-26261.1,4998.4,45.99,1.132
R5352,elm,-68018.3,-26236.9,5087.6,-139.85,1
R5353,pine,-67170.4,-26259.5,5230.5,-225.47,1.131
R5354,pine,-65776.5,-26059.3,5303.5,-259.03,0.828
R5355,pine,-63870.9,-26563.5,5228,-56.11,1.107
R5356,poplar,-63403,-26773.4,5264.7,-182.91,1.247
R5357,pine,-62795.1,-26532.8,5137.4,-224.14,1.069
R5358,pine,-51473.6,-26538.3,5201.3,-226.46,0.982
R5359,pine,-50210,-26198.5,5266.6,25.87,0.83
R5360,elm,-48460.3,-26629.9,5228.2,-133.45,1.16
R5361,poplar,-48087.3,-26360.3,5340.1,-52.19,0.936
R5362,pine,-46979.7,-26730.2,5778.2,27.91,0.855
R5363,elm,-46139.8,-26560.6,6105.4,-157.89,1.15
R5364,elm,-45647.6,-26113.4,5461.7,-71.27,0.896
R5365,pine,-44591.1,-26147.5,6017.5,-195.5,1.128
R5366,pine,-43957.1,-26497.6,6921.6,-22.08,0.977
R5367,pine,-43570.7,-26061,6499.9,15.35,1.106
R5368,pine,-42341.4,-26109.2,6962.5,-100.98,1.117
R5369,elm,-40794.8,-26346.5,6867.3,52.58,0.942
R5370,pine,-40099.9,-26178.2,7017.1,-225.2,0.991
R5371,pine,-38836,-26154.4,7995.7,20.66,0.975
R5372,pine,-38369.2,-26280.9,8658.7,-30.81,0.899
R5373,pine,-37714.7,-26348.9,8619.1,75.1,0.871
R5374,pine,-36569.4,-26213.5,7176,-83.53,1.062
R5375,pine,-35699,-26538.1,6419.3,35.21,1.009
R5376,pine,-33815,-26326.4,6473.6,-255.94,1.065
R5377,pine,-32494.5,-26537.5,7115.5,-90.14,1.053
R5378,pine,-31149.9,-26511.6,7455,-45.67,0.895
R5379,elm,-30565.2,-26378,7023.3,-134.16,1.042
R5380,pine,-29825.2,-26746.2,6065.9,8.56,1.239
R5381,elm,-29070.5,-26782.1,5719.2,-81.45,1.228
R5382,pine,-27975.2,-26258.1,6109.1,-133.95,0.869
R5383,pine,-27360.7,-26625.7,5895.2,9.22,1.008
R5384,elm,-26691.1,-26019.6,4961.8,-24.61,0.869
R5385,pine,-25441.8,-26114.3,4624.1,-244.54,1.174
R5386,pine,-24131.1,-26421.3,5166.3,-8,0.984
R5387,pine,-23496.1,-26495,4942.2,-170.26,0.902
R5388,pine,-22410.2,-26538.5,5124.4,43.79,1.242
R5389,pine,-21472.1,-26299.9,5129.2,-6.65,0.965
R5390,pine,-20863.5,-26044.4,5162.5,-87.85,1.116
R5391,pine,-20050.6,-26086.1,5155.7,83.74,1.013
R5392,pine,-19157.4,-26633.1,5034.5,-23.82,0.85
R5393,elm,-17685.6,-26599.8,5869,9.16,0.837
R5394,pine,-15660.3,-26759.8,7403,5.74,0.941
R5395,pine,-15532.5,-26342.5,6935.9,-66.22,0.823
R5396,pine,-14613.3,-26772.1,8136.6,-138.41,0.935
R5397,pine,-13215,-26196.9,7107.7,-83.52,0.863
R5398,pine,-12564.7,-26295.6,7345.1,-8.99,1.131
R5399,pine,-12374,-26632.8,7546,-48.87,1.134
R5400,pine,-11526.5,-26735.8,8011.1,-257.16,0.837
R5401,pine,-10289.4,-26735.4,9711.9,-244.47,0.914
R5402,pine,-9422.6,-26663.5,10592.8,-207.86,1.035
R5403,pine,-9186.2,-26795.4,10377.2,-63.77,1.079
R5404,pine,-7759,-26312.1,10982.1,47.31,0.801
R5405,pine,-7105.9,-26317.2,11175.7,-121.89,0.828
R5406,pine,-6093.4,-26297.6,11878.5,-13.51,0.875
R5407,pine,-5844.8,-26069,11350.1,-84.82,1.025
R5408,pine,-4553.2,-26099.3,12026.8,-35.7,0.922
R5409,pine,-4346.9,-26456.8,12388.6,-247.27,0.835
R5410,pine,-2627.8,-26715.7,14005.8,24.21,1.134
R5411,pine,-1783.6,-26029.8,15171.8,-161.32,1.089
R5412,pine,-571.2,-26052.6,11752.3,-227.85,0.826
R5413,pine,59.4,-26557.1,11499.8,46.71,1.169
R5414,pine,496.4,-26228.3,11504,-12.88,1.114
R5415,pine,1665.1,-26303.4,11560.4,1.25,1.01
R5416,pine,5930.1,-26701.1,14282,-2.82,1.217
R5417,pine,7272.4,-26055.3,11334.7,-149.38,1.056
R5418,pine,8275.9,-26466.9,10006.1,-53.42,0.957
R5419,pine,9106.4,-26176,9353.5,-119.58,1.184
R5420,pine,9366.9,-26741.3,8614,-134.22,1.111
R5421,pine,10614.2,-26175.3,8190.7,-41.99,0.993
R5422,poplar,11555.2,-26080.4,7435.7,-37.34,0.819
R5423,pine,12017.4,-26280.8,7913.4,-241.99,1.067
R5424,pine,12526.1,-26117.5,8056.5,-56.14,0.909
R5425,pine,13302.3,-26287.9,8450.6,-83.89,1.079
R5426,pine,14215.5,-26459.1,8450.2,48.43,1.085
R5427,pine,15270,-26509.9,7319.3,81.4,0.98
R5428,pine,16142.1,-26601.8,5968.5,-232.48,0.807
R5429,pine,16423.5,-26799.6,5586.8,-253.35,1.178
R5430,pine,17209.1,-26417.3,5544,-244.43,1.146
R5431,pine,18027.6,-26270.1,5722.2,82.45,1.036
R5432,pine,19724.7,-26761,4586.1,-198.78,1.186
R5433,poplar,20930.3,-26614.7,4199.6,58.37,1.048
R5434,elm,30157.9,-26508.1,4031.1,-230.03,0.988
R5435,elm,40869.2,-26400.7,5430.6,-243.08,0.923
R5436,poplar,46175,-26769.6,5038.9,-27.45,1.071
R5437,elm,47029.8,-26108.6,4994.3,11.02,0.815
R5438,pine,50830.8,-26614.5,4495.5,-64.19,1.039
R5439,pine,64064.3,-26667.7,4016,-15.76,1.195
R5440,pine,66792.3,-26185.5,4510.9,57.2,1.055
R5441,elm,68115.8,-26543,4680.6,-176.46,1.15
R5442,pine,68978.6,-26035.6,4696.7,-185.14,0.992
R5443,pine,-68672.6,-25331.5,4890,-207.93,1.092
R5444,pine,-66198.4,-25249.1,5236.4,-198.93,1.068
R5445,elm,-65338.2,-25447.8,5112.6,-222.05,1.052
R5446,poplar,-65165.4,-25767.3,5157.6,-135.62,1.01
R5447,poplar,-63720.8,-25457.3,5135.1,-51.63,1.089
R5448,pine,-63510.4,-25384,5137.1,-203.17,1.233
R5449,poplar,-62757.5,-25912.7,5184.5,10.12,1.173
R5450,pine,-61298.3,-25936.5,4797.9,-98.36,0.875
R5451,pine,-51957,-25701.9,4653.7,15.18,1.126
R5452,pine,-50924.9,-25425.3,5091.5,-177.66,1.123
R5453,elm,-50452.2,-25277.5,4737.8,-60,0.884
R5454,elm,-49541.4,-25212.1,4530.6,-85.81,0.897
R5455,pine,-46836.4,-25766.1,5110.5,-66.21,1.056
R5456,pine,-46236.7,-25388,5662.3,-135.65,0.913
R5457,pine,-45820.7,-25597.1,5452.1,79.11,1.159
R5458,pine,-44694.5,-25558.1,5965.2,44.24,1.13
R5459,pine,-43794.3,-25761.9,6792.4,-196.61,1.098
R5460,pine,-43418.6,-25821.5,6345.8,-72.81,0.824
R5461,elm,-42570,-25693.8,6703.6,-112.66,0.845
R5462,pine,-41870.9,-25259.1,6604.1,-199.03,0.981
R5463,poplar,-41047.5,-25748.7,7359.5,-114.54,1.084
R5464,pine,-40162.2,-25404.9,7076,-107.54,1.242
R5465,pine,-39217.1,-25294.9,7162.9,-17.33,0.999
R5466,pine,-38530.6,-25626.8,7543.7,-82.53,1.138
R5467,pine,-37527.3,-25444.8,8784.7,-200.72,1.172
R5468,pine,-36348.3,-25462,7634.5,-126.25,1.2
R5469,elm,-33775.3,-25563.8,5673.3,5.15,0.965
R5470,elm,-32807.6,-25546.2,5824,-122.42,1.022
R5471,pine,-31838.3,-25480.6,6298.6,-113.98,1.196
R5472,poplar,-31008,-25643.9,6715,-82.44,0.883
R5473,pine,-30414.2,-25422.6,6221.8,-259.4,1.043
R5474,elm,-29831.2,-25824.7,6259.1,36.27,1.069
R5475,pine,-28462.3,-25798.9,6275.1,-251.01,1.124
R5476,pine,-28001.1,-25900.1,5849.8,11.91,1.064
R5477,pine,-27306.6,-25823.3,5121.6,-240.45,1.211
R5478,poplar,-26127.8,-25964.1,4652.4,-148.29,0.948
R5479,elm,-24411.4,-25624.5,4858.2,67.35,1.024
R5480,pine,-23793.6,-25391.8,4737.4,37.68,1.137
R5481,pine,-23378.4,-25599.1,4771.2,-23.06,1.239
R5482,pine,-22614.8,-25209.3,5416.3,-269.04,0.986
R5483,elm,-21227.5,-25553.6,5460.3,-260.17,1.004
R5484,pine,-21001.8,-25908.6,5224.5,-191.29,1.003
R5485,elm,-18832.3,-25280.4,6009.4,-30.37,1.167
R5486,poplar,-18700.3,-25334.7,5969.5,-109.02,0.954
R5487,elm,-17443.9,-25505.5,6656.5,-3.55,1.188
R5488,pine,-16274.3,-25913.2,6293.1,65.03,1.033
R5489,poplar,-15259.3,-25672.9,6768.8,-156.87,1.235
R5490,pine,-13650.7,-25445.1,8263.4,-153.69,1.211
R5491,pine,-12623.2,-25890.6,7493.7,-203.92,1.057
R5492,poplar,-11391.7,-25521.7,7771.3,-174.26,1.045
R5493,pine,-10703.6,-25296.3,8165.3,43.12,0.908
R5494,pine,-8216.9,-25824,10893.1,-173.92,1.236
R5495,pine,-6982.4,-25299.3,10385.4,-256.51,1.051
R5496,pine,-6712.1,-25947.2,11100.3,-4.91,0.887
R5497,pine,-5515.1,-25395.7,10462.3,73.49,0.928
R5498,pine,-5014.3,-25853.7,11623,-264.99,1.043
R5499,pine,-3843.2,-25472.8,10891.6,-17.27,1.193
R5500,pine,-2116.4,-25761.7,15348.1,-248.32,0.859
R5501,pine,-1987.7,-25850.8,15420.2,-133.29,0.93
R5502,pine,-96.4,-25968.7,11165.1,-248.38,1.011
R5503,pine,904.8,-25394.7,10757.5,-244.35,0.969
R5504,pine,5244.7,-25774.1,14365.4,-104.04,0.828
R5505,pine,6012.5,-25253.6,11981,78.14,0.805
R5506,pine,7104.2,-25420.9,11115.3,-89.03,0.94
R5507,pine,7809.5,-25464.7,11291.2,-6.39,0.98
R5508,pine,8578.9,-25350.8,9652.7,-40.38,0.873
R5509,pine,9861.6,-25878.9,9335.1,-0.19,0.85
R5510,pine,10717.2,-25489.9,8274.1,32.02,0.957
R5511,elm,11508.5,-25336,7560.9,75.34,1.239
R5512,elm,11874,-25957.2,7413.3,-241.83,1.107
R5513,poplar,12459.2,-25394.9,7065.4,-256.68,0.899
R5514,poplar,13852.7,-25897.2,7661.3,-125.58,1.167
R5515,poplar,14436.7,-25413.4,6469.5,51.59,1.159
R5516,elm,15578.2,-25398.4,6800.8,-74.71,1.031
R5517,pine,15667,-25291.9,6677.6,-23.98,0.804
R5518,poplar,16554,-25512,6354.2,-162.49,0.865
R5519,elm,17793.5,-25784.8,6192.9,-205.48,1.195
R5520,pine,18033.6,-25786.1,6042,24.64,1.165
R5521,pine,19406,-25966.9,4501.6,-140.89,1.205
R5522,pine,39633.9,-25585.6,4841.9,-112.76,1.132
R5523,pine,41050.2,-25864.6,4982.2,-98.43,0.962
R5524,poplar,42878.7,-25805.6,4990.4,-227.55,0.839
R5525,elm,44397.1,-25689.2,5562.4,-168.85,1.235
R5526,poplar,45009.8,-25782.9,5700.4,-247.92,1.131
R5527,elm,45977.9,-25883.6,5101.1,41.36,1.009
R5528,elm,46620.2,-25654.8,4794.4,-42.86,1.082
R5529,poplar,47334.1,-25244.5,4358.2,38.64,0.864
R5530,pine,49976.9,-25635.5,4347.9,-4.44,1.062
R5531,pine,51345.9,-25643.5,4226.3,-88.03,0.942
R5532,poplar,67318.8,-25367.1,4704.5,-187.95,1.091
R5533,pine,67650.3,-25769.5,4725.8,-53.64,1.166
R5534,elm,68426,-25787.3,4816,-215.72,0.956
R5535,pine,-68043.9,-24811.5,5000,-247.38,1.003
R5536,poplar,-67083.4,-24786.5,5102.9,-102.55,0.951
R5537,pine,-64881.5,-24698.4,5188.7,-106.69,1.172
R5538,pine,-63729.4,-24833.3,5105.4,-256.85,1.227
R5539,pine,-62909.3,-25105.2,5193.7,-132.98,1.237
R5540,pine,-62693.3,-24829,5160,-198.52,1.233
R5541,poplar,-52309.9,-24446.4,4603.5,-114.71,0.932
R5542,pine,-50910.1,-24546.5,4802.4,-117.72,0.894
R5543,pine,-47518.4,-24479.2,4704.3,55.57,0.801
R5544,elm,-46606.2,-24904.1,5125.9,42.42,0.976
R5545,pine,-45802.5,-24539.3,5498.3,-163.76,1.06
R5546,pine,-44400.8,-24682.9,5920.9,-174.3,1.083
R5547,pine,-43642.5,-24634.9,6870.4,-132.42,0.851
R5548,poplar,-43517,-24968.4,6817.3,-141.47,1.037
R5549,poplar,-42322.5,-25000,6786.8,-267.81,0.91
R5550,pine,-41227.8,-24400.1,6712.8,-211.49,0.854
R5551,pine,-41083.5,-24869,6834.1,-73.32,0.834
R5552,elm,-40034.5,-24808.8,6710.6,-72.38,1.215
R5553,pine,-39007.8,-24713.6,6431.4,-66.92,1.22
R5554,elm,-38350.4,-24999.7,6962.3,-231.76,0.956
R5555,pine,-37599.7,-24407.5,6544.6,-86.26,0.957
R5556,poplar,-36604,-25020.7,7830.3,-221.36,1.034
R5557,elm,-34346.4,-24605.6,6572.1,-8.78,1.053
R5558,pine,-31943.4,-25101.6,5907.9,14.13,1.099
R5559,pine,-31415.8,-24968.1,6207.9,-193.75,1.02
R5560,pine,-29459.8,-24659.8,6051.8,-98.19,1.045
R5561,poplar,-28846.7,-24612.7,5805.2,-102.81,0.843
R5562,elm,-27681.4,-24495.8,5225.2,-90.24,0.962
R5563,pine,-26594.3,-24705,4797.4,56.96,1.005
R5564,pine,-25338.8,-24714.5,4610.3,36.5,0.863
R5565,pine,-23825.1,-24483.8,5045.2,60.43,1.192
R5566,pine,-23411.2,-24997.7,4972.2,-223.73,1.077
R5567,pine,-22143.6,-24655.1,5180.3,-260.9,0.832
R5568,elm,-21837.9,-24822.2,5267.1,-215.19,0.975
R5569,poplar,-20995.4,-24502,5551.3,-177.36,1.157
R5570,elm,-19188.6,-24550.1,6032,-3.86,1.064
R5571,pine,-15831.9,-24800.7,7347.5,-31.12,1.186
R5572,pine,-15201.2,-24999,7013.5,25.59,1.146
R5573,pine,-11862.3,-24630.2,7865.8,-158.9,0.955
R5574,pine,-10062.3,-24752.6,9273.9,-90.05,1.15
R5575,pine,-7661.9,-25092.5,10609.8,-5.08,1.017
R5576,pine,-6940.9,-24713.5,11056.2,-60.56,1.059
R5577,pine,-6002.3,-25177.9,10852.9,-250.86,0.904
R5578,pine,-5421.3,-24710,11595.2,8.13,1.236
R5579,pine,-5166.3,-25138.7,10949.9,10.77,0.801
R5580,pine,-3866.4,-25038.2,10617.2,-204.41,0.852
R5581,pine,-2500.7,-24614.2,13161.5,-234.67,1.119
R5582,pine,-439.8,-24780.8,12882.5,-82.72,1.015
R5583,pine,310.4,-25044.1,11824,-174.98,1.184
R5584,pine,472.8,-24536.2,11986.8,87.14,1.099
R5585,pine,1905.4,-24601.1,11240.4,-268.47,0.902
R5586,pine,2155.6,-24826.7,11020.7,-245.02,0.855
R5587,pine,5246.5,-24627.1,11676.8,35.13,1.22
R5588,pine,6035.1,-24575.9,10450.6,-118.57,1.115
R5589,pine,6817.3,-24595.6,9912.9,-37.09,0.831
R5590,pine,7651.7,-24460.3,10350.6,-265.47,0.821
R5591,pine,8582.5,-24555.6,8714.9,-32.11,1.205
R5592,pine,9935.4,-24753.7,8528.2,-135.59,0.89
R5593,pine,10122.2,-24845.8,8647.7,-124.4,0.972
R5594,elm,11554.2,-24601.8,7349.4,-133.25,1.161
R5595,poplar,11916.6,-25011.4,6973.2,50.72,0.894
R5596,elm,12943.5,-24642.8,7563.3,22.6,1.234
R5597,poplar,13915.8,-24601.4,6311.4,-226.71,0.94
R5598,elm,14475.5,-24852.3,6028.6,-80.99,1.192
R5599,poplar,15367.4,-24798.5,5583.9,70.62,1.079
R5600,elm,15863.6,-25148,6540.7,-66.64,0.884
R5601,pine,16773.3,-25104.2,6287,74.52,1.151
R5602,pine,17228.9,-25129.4,6224,-239.2,1.045
R5603,poplar,18754.4,-24874.8,5444.1,-184.17,1.142
R5604,pine,19342,-24978.4,4866.4,33.32,0.975
R5605,pine,20196.2,-24776.7,4296.3,2.73,1.174
R5606,pine,40397.9,-25048,4548.3,13.5,1.162
R5607,pine,40580.6,-25143.1,4486.1,-144.7,1.168
R5608,pine,41330.7,-25089.2,4661.2,-102.08,0.91
R5609,poplar,42126.6,-24537,4843.1,-165.91,1.046
R5610,elm,43154.9,-25070.2,5058.3,-26.77,0.977
R5611,pine,43723.5,-25058.7,5098.8,86.93,1.156
R5612,poplar,45169,-25163.9,5334.4,-177.03,1.099
R5613,poplar,45368.3,-24694.9,5266.6,-177.6,0.919
R5614,elm,48035.9,-24902.8,4112.3,-20.6,0.997
R5615,elm,65678.7,-25074.3,4137.3,50.75,1.178
R5616,poplar,66377.5,-25035.4,4364.2,79.37,0.96
R5617,pine,-69083.3,-24347.4,4874.5,-157.14,1.151
R5618,pine,-68123,-23783.5,5158.8,1.02,0.88
R5619,pine,-67241.8,-23816.4,5159.2,-109.21,1.192
R5620,elm,-66298.7,-23823,5465.8,-183.01,1.174
R5621,pine,-65491.5,-24019.5,5382,11.11,1.185
R5622,pine,-64990.4,-23898.5,5329.4,-181.17,0.926
R5623,pine,-63517.7,-24375.8,5143.5,-29.91,1.07
R5624,elm,-62202.5,-23884.6,4954.6,55.81,1.187
R5625,pine,-51910.9,-24333.1,4806.2,-181.59,0.841
R5626,pine,-47021.4,-24293.3,4703,-5.13,1.031
R5627,pine,-46358.3,-24262.1,5349.5,-197.56,1.04
R5628,poplar,-45864.8,-24148.5,5330.8,-138.43,1.091
R5629,elm,-44449.9,-23967.5,6406.5,-248.41,1.223
R5630,poplar,-43793.8,-24281.7,7105.1,-139.62,1.219
R5631,poplar,-43363.8,-24351,7158.5,-98.86,0.857
R5632,elm,-42139.3,-23821.5,7104.3,-226.21,1.144
R5633,elm,-41464.4,-24199.7,6923.6,22.93,1.018
R5634,pine,-40950.3,-23945.3,6879,-116.97,1.059
R5635,pine,-40283.6,-24109.3,6570.4,21.82,1.094
R5636,pine,-39001.8,-23683.4,5906.7,-16.87,0.897
R5637,pine,-37899.7,-23943.3,5909.4,-155.97,1.024
R5638,pine,-34837.5,-23836.3,6044.3,-171.82,1.232
R5639,pine,-29219.7,-24090.7,5712.7,-248.3,1.062
R5640,elm,-24924,-23765.5,4462.7,-220.08,0.878
R5641,pine,-23608.7,-24173.7,4996,-151.11,1.133
R5642,elm,-23268.3,-23750.4,4795.9,38.52,1.247
R5643,poplar,-22757.8,-24371.5,5023.3,77.84,0.835
R5644,pine,-21623.2,-23684.6,4985.1,5.17,0.819
R5645,elm,-21074.4,-24383.5,5527,-94.44,1.176
R5646,poplar,-20152.7,-24037.7,5757.8,-66.05,0.877
R5647,pine,-18556.3,-24233.1,6037.2,-83.78,1.225
R5648,elm,-17253.8,-24000.9,6512.2,-99.52,0.877
R5649,poplar,-15797.8,-24173.4,7411.2,-165.81,1.23
R5650,elm,-14288.3,-23806.2,7810.5,-102.99,1.117
R5651,pine,-9955.7,-24353,9856.5,-259.39,1.147
R5652,pine,-7473,-23680.4,11581.3,-48.52,0.978
R5653,pine,-6016.7,-24269.4,11802.2,47.92,0.918
R5654,pine,-4795.1,-24016.2,12025.3,-89.04,1.212
R5655,pine,-202.5,-24222.3,13363.9,-257.31,0.984
R5656,pine,1533.3,-24247.1,11526.9,-249.58,1.026
R5657,pine,2687.7,-23707,13506.9,-16.33,1.225
R5658,pine,3315.7,-23718.6,13782.5,-105.08,1.049
R5659,pine,5020.9,-23774.1,10084.2,-11.18,0.899
R5660,pine,5332.8,-23734.8,10280.6,-258.3,1.228
R5661,pine,6271.1,-24180.8,10410.4,-193.12,1.201
R5662,pine,7085.6,-24093.2,10807.3,-128.8,1.139
R5663,pine,8178.4,-23955.4,8862.5,-221.04,1.153
R5664,pine,8586.8,-23916.7,8452.2,-143.86,0.919
R5665,pine,9303.3,-23651.6,8456.4,-20.05,1.22
R5666,pine,10580.9,-24153.3,8009.1,-173.08,0.832
R5667,pine,10831.4,-24234.7,8418.1,-221.36,1.053
R5668,pine,12023.6,-23722.3,8381.1,-145.55,0.847
R5669,pine,12423.4,-24343.3,7048.3,-146.84,1.187
R5670,poplar,13606.9,-24393.3,6690.4,-246.9,1.241
R5671,elm,14365.3,-24136.4,6169.4,59.67,1.1
R5672,pine,15226.5,-24190.1,5395.8,47.99,1.229
R5673,poplar,15810.7,-23800.2,5649.7,-246.89,0.821
R5674,pine,16478,-23941.3,5864.9,74,1.028
R5675,elm,17827.6,-24034.1,5168.8,-149,0.863
R5676,poplar,18792.3,-23665.4,4994.7,39.18,1.224
R5677,elm,20448.2,-23822,4400.8,-108.06,1.143
R5678,poplar,40741,-24222.4,4558.5,28.77,1.232
R5679,elm,42467,-24385.8,4933.3,26.71,1.039
R5680,pine,43094,-23662.6,4183.1,-249.39,0.883
R5681,pine,44440,-23697.6,4579,-3.45,0.822
R5682,elm,67712.1,-24341.6,4853.1,63.56,0.997
R5683,elm,-68684.1,-23137.8,5004.3,25.29,1
R5684,elm,-67684.3,-23391.1,5294.7,-189.38,1.209
R5685,poplar,-67399.6,-23254.5,5258.3,-37.58,0.819
R5686,pine,-66094.4,-23558.4,5485,-28.29,1.031
R5687,pine,-65525.1,-23147.8,5335.7,67.93,1.16
R5688,elm,-64482,-23263.9,5225.2,-246.79,0.908
R5689,pine,-63727.9,-22805.7,5107.7,-247.33,1.147
R5690,poplar,-62942.8,-23389.3,5218.7,-145.26,0.901
R5691,elm,-62729.9,-23050.8,5222.3,-209.35,0.909
R5692,elm,-61705.5,-23313.6,4963.5,-9.41,0.981
R5693,pine,-60849.4,-23147.1,4687.3,-81.86,1.164
R5694,pine,-47870.8,-23352.6,4421.2,-195.66,1.092
R5695,pine,-47231.7,-23477.3,4717.8,-186.88,1.126
R5696,elm,-46371.5,-23430.9,5288.8,-262.5,0.881
R5697,pine,-45312.8,-23210.3,5871.5,-86.28,1.048
R5698,elm,-44523,-23316.8,6315.1,-134.59,1.091
R5699,pine,-44159.7,-22886.7,5577.2,-241.55,0.841
R5700,pine,-43232.5,-23537.6,6543,-3.06,0.885
R5701,elm,-42384.2,-23552,6984.8,-243.7,1.117
R5702,pine,-41629,-23537.5,7301.4,-184.33,1.075
R5703,pine,-40575.7,-22940.4,6186.5,-23.63,0.871
R5704,elm,-39730.3,-23544.2,6088.1,-192.1,0.885
R5705,elm,-38943.8,-23120,5731.5,-127.28,1.048
R5706,elm,-38772.5,-23553.6,5683.6,-200.01,1.159
R5707,pine,-37028.9,-23312.8,5954.6,-242.5,1.116
R5708,pine,-35106.2,-23034.4,6602.8,80.28,1.1
R5709,pine,-34275.1,-23563.9,5748,3.16,0.965
R5710,elm,-33697.5,-23523.4,5877.2,-244.15,1.158
R5711,elm,-27280.4,-22958,4520.6,1.26,1.132
R5712,elm,-25453,-22821.1,4405.9,78.48,1.008
R5713,pine,-23901.4,-23403.2,4944.5,-123.89,0.86
R5714,pine,-22975.5,-23217.4,4744.7,-210.76,0.838
R5715,pine,-21416,-23488,5021.2,-248.89,0.859
R5716,pine,-20946.4,-22831.2,5473.4,-154.27,1.238
R5717,pine,-20097.7,-23595.5,5598,-78.94,0.926
R5718,elm,-19202.4,-23534.2,5188.6,-216.62,1.124
R5719,pine,-5327.5,-23372.5,11474.7,68.86,1.047
R5720,pine,-5139.2,-23105.7,11687.5,-215.28,1.026
R5721,pine,-1024.3,-23317.2,12910.1,15.86,1.233
R5722,pine,30.3,-23536.3,13567.1,-20.07,1.129
R5723,pine,4693.7,-23377.1,10670.5,-76.46,1.185
R5724,pine,5703.5,-23554.1,10376.6,-213.67,0.868
R5725,pine,6655.2,-23068.6,9235.4,55.31,0.994
R5726,pine,7235.7,-22913.2,8913.6,-62.22,1.194
R5727,pine,8302,-23207.2,8502,20.23,1.209
R5728,pine,9049.5,-22856.6,8728.5,-57.32,0.936
R5729,pine,9916.9,-22996,8369.1,9.28,0.908
R5730,pine,10049,-23074,8341.3,12.94,1.031
R5731,pine,10848.1,-23456.4,7960,-168.99,1.218
R5732,pine,12036.5,-22932.2,8188.8,-42.13,1.019
R5733,pine,12744.7,-23322.6,7888.4,80.14,0.891
R5734,elm,13723.3,-23005.1,6748.8,-212.66,0.98
R5735,elm,14753.5,-23497.4,5815.2,-59,0.874
R5736,pine,15292.1,-23278.6,5434,-23.03,0.923
R5737,poplar,15639.6,-22857.9,5502.8,-236.19,1.154
R5738,elm,17146.5,-22886.8,5265.9,43.67,1.17
R5739,elm,17847.6,-23055.5,5367.1,-257.24,0.979
R5740,elm,18008.4,-22845.5,5495.8,17.79,1.064
R5741,pine,19449.2,-22835.9,4848.6,-217.9,1.021
R5742,pine,19746.4,-23575.2,4652.8,45.36,0.841
R5743,pine,68258.9,-23229.5,4850.7,-215.04,0.908
R5744,pine,69141.2,-23072.2,4854.9,0.41,1.077
R5745,elm,-69045.6,-22440.5,5026.2,22.77,1.045
R5746,poplar,-67034.5,-22474.2,5073.4,60.73,0.89
R5747,pine,-66538.2,-22498.8,4988.4,77.62,1.125
R5748,poplar,-65338.4,-22524.8,5183.7,-29.44,1.114
R5749,elm,-64964,-22374.5,5093.8,-32.42,1.121
R5750,pine,-64162.1,-22639.2,5116.3,65.65,1.066
R5751,pine,-63506.1,-22022.5,5088.2,84.69,0.914
R5752,pine,-62070.7,-22717.1,5160.2,-53.85,1.118
R5753,pine,-46704.1,-22359.4,4617.9,10.28,0.852
R5754,pine,-45335.4,-22717.6,5934.6,6.23,0.951
R5755,pine,-45123.4,-22139.6,4985.6,48.41,0.877
R5756,poplar,-43682.4,-22151.9,4765.4,-18,1.212
R5757,pine,-42848.6,-22475.3,5903.9,22.48,0.928
R5758,pine,-42429.7,-22122.6,5275.8,46.93,0.974
R5759,elm,-41220.4,-22512.5,6279.7,-84.49,1.24
R5760,pine,-40424.7,-22533.3,5916,-40.41,1.019
R5761,pine,-40167.5,-22576.3,5898.7,73.05,0.935
R5762,pine,-39314.8,-22224,5125.3,-258.97,1.098
R5763,elm,-38609.7,-22794.9,5664,-257.45,0.938
R5764,pine,-37296.2,-22328.4,5507.1,-246.98,0.932
R5765,elm,-35984.9,-22266.3,5649.9,15.77,0.935
R5766,pine,-35440.7,-22284.3,5831.5,-230.86,1.007
R5767,elm,-34438.3,-22472.2,6171.9,-51.3,1.121
R5768,elm,-28763.1,-22198.9,4917.9,-29.08,1.014
R5769,pine,-28324.2,-22458.1,5347.3,-160.03,1.209
R5770,pine,-25847.3,-22406.5,4354.9,-73.47,0.957
R5771,pine,-23849.9,-22437.8,4384.6,52.79,1.131
R5772,pine,-21606.9,-22731.4,4799.8,-157.5,1.169
R5773,pine,-21036.4,-22677.6,5396.3,-258.08,1.079
R5774,pine,-5531.7,-22557.4,11170,57.55,0.901
R5775,pine,-2884,-22798.4,12421.6,-154.15,0.9
R5776,pine,1217.9,-22325,14500.1,28.51,0.804
R5777,pine,3183,-22472.4,10804,-24.54,1.084
R5778,pine,4898.9,-22103.1,11078.8,-10.03,0.912
R5779,pine,5297,-22349.9,10343.2,-1.16,1.002
R5780,pine,6275.7,-22678.7,9656,-138.36,1.211
R5781,pine,7133.8,-22541.5,8841,-185.59,0.811
R5782,pine,8061.5,-22623.4,8554.2,-87.17,0.944
R5783,pine,8747.3,-22384.5,9394.1,-268.26,1.184
R5784,pine,9393.9,-22464.9,9325.8,-207.74,1.173
R5785,pine,10727.2,-22586.8,8391.2,48.19,1.031
R5786,pine,11254.5,-22164.7,8985.9,-11.91,1.067
R5787,pine,11640.7,-22645,8271.6,77.99,1.219
R5788,pine,12562.9,-22092,8350.2,-95.48,0.823
R5789,pine,13709.3,-22078,7413.8,-193.62,0.984
R5790,pine,14774.5,-22627.7,6029.7,-0.19,1.244
R5791,pine,15181.6,-22587.1,5699.8,-119.96,0.898
R5792,pine,15607.7,-22044.8,6020,-37.46,1.198
R5793,elm,16869.3,-22571.9,5561.7,-186.79,0.827
R5794,elm,17541.5,-22604.4,5425.2,-252.28,1.126
R5795,elm,18416.3,-22300.6,5546.5,-168.26,0.881
R5796,poplar,37120.2,-22741.2,4065.1,-1.74,1.014
R5797,pine,40666,-22510,4609.8,-143.06,1.051
R5798,elm,41213.7,-22762.2,4505.6,-217.53,1.13
R5799,elm,66519.4,-22007,4757.1,-238.78,0.994
R5800,pine,67132.1,-22335,4736.5,-13.03,0.844
R5801,elm,68337.5,-22581.4,4893.1,-246.96,0.875
R5802,elm,68465.4,-22757,4889.7,30.22,1.151
R5803,pine,-68638.2,-21237.1,5195.1,-83.31,1.023
R5804,poplar,-67726.9,-21884.1,4975.2,-147.42,1.218
R5805,poplar,-66974.1,-21591,4803.2,32.92,1.034
R5806,elm,-66279.5,-21870.8,4920.2,37.11,0.842
R5807,pine,-65896.4,-21350.1,4905.3,-95.72,0.864
R5808,pine,-64130.8,-21850.1,4939.5,-86.16,0.953
R5809,elm,-63040.4,-21625.2,4947.4,18.16,1.102
R5810,elm,-62572,-21973.1,5023.6,-38.99,1.169
R5811,pine,-46428.6,-21877.3,4836.2,76.67,1.082
R5812,pine,-45319.8,-21914.8,4951.9,-192.06,0.857
R5813,pine,-43218,-21515.1,4793.8,-230.28,1.083
R5814,pine,-42462.2,-21416.8,4964.6,-131.83,1.083
R5815,pine,-41203.4,-21425.3,5482.9,-116.62,1.065
R5816,elm,-41183.3,-21891.2,6118.9,-245.69,0.899
R5817,pine,-39141.7,-21454.6,4685.5,-264.49,0.853
R5818,pine,-36607.6,-21750.4,5093.6,-85.1,1.154
R5819,poplar,-34317.8,-21642.3,5664.8,-233.27,0.873
R5820,pine,-27636.6,-21910.5,4946.8,3.71,0.955
R5821,pine,-22381.3,-21222.1,3948.3,-141.47,0.833
R5822,pine,5714.1,-21232.2,9289.6,-263.29,1.031
R5823,pine,6292,-21374,9052.6,-74.01,1.243
R5824,pine,7253.9,-21777.1,8480,-264.08,1.113
R5825,pine,7737.1,-21913.9,8543.9,-169.58,1.149
R5826,pine,8405.8,-21925,9933.1,8.36,1.126
R5827,pine,9522.8,-21419,8639.8,-188.54,0.857
R5828,pine,10462.6,-21842.7,9694,13.54,1.007
R5829,pine,10956.2,-21905.4,9483.4,-144.33,0.959
R5830,pine,11709.5,-21932.3,8922.7,-133.59,0.867
R5831,pine,12504.2,-21539.1,8244.6,35.46,0.997
R5832,pine,13219.5,-21611.8,7726.7,-229.15,0.907
R5833,elm,14294.2,-21303.7,7160.9,-183.2,1.011
R5834,pine,16044.8,-21427,6086.5,-187.24,0.949
R5835,poplar,17085.4,-21822,5961.4,-64.72,1.117
R5836,elm,17407.5,-21884.4,5753.2,-220.52,0.919
R5837,elm,19164.3,-21493.6,4655.2,17.05,1.047
R5838,pine,65378.3,-21833.2,4423.5,-187.34,1.22
R5839,pine,66012.3,-21527.7,4859.8,62.47,1.146
R5840,pine,67300,-21924.3,4806.1,-228.63,1.037
R5841,elm,68223.5,-21559,4973.3,31.93,0.84
R5842,pine,68861.4,-21384.5,4967.9,-100.7,0.958
R5843,pine,-68832.6,-20692,5076.1,49.07,1.071
R5844,elm,-66111.8,-20442.2,4661.3,-188.87,1.064
R5845,pine,-63516.2,-21086.5,4758.6,-195.57,0.803
R5846,poplar,-62253,-20741.2,4366.4,-9.18,0.825
R5847,pine,-61673.9,-20474.8,4251.5,-114.06,1.009
R5848,elm,-47405.6,-20872.5,4445.6,-253.92,1.026
R5849,elm,-41945.4,-21042.2,4621.6,41.81,1.113
R5850,elm,-40717.1,-20877.2,5610.6,86.74,1.104
R5851,elm,-39465.8,-20646.1,4347.6,-115.78,1.205
R5852,pine,-35072.7,-20916.3,4844.2,62.86,1.032
R5853,pine,-33630.1,-20732.9,5105.5,52.71,1.176
R5854,pine,-31654.2,-21076.6,4335.5,-204.89,0.995
R5855,pine,4015.5,-20427.2,9692.3,-101.66,0.909
R5856,pine,6315.1,-20644.8,9560.6,22.12,0.996
R5857,pine,7516.4,-20540,8782.4,82.77,1.133
R5858,pine,8318.3,-21190.3,8321.1,-248.85,1.245
R5859,pine,9015,-20860.6,8651.1,-53.06,1.147
R5860,pine,9297.9,-20550.6,8554.8,-105.26,1.063
R5861,pine,10504.2,-20746.7,9251.4,-3.43,0.975
R5862,pine,11069.4,-21165.5,9183.3,-18.44,0.823
R5863,pine,11623.8,-21086.5,8661.6,-230.09,1.013
R5864,elm,12849.5,-20668.5,6609.5,-198.72,1.015
R5865,elm,13693.4,-20737.9,6433.3,-208.01,0.849
R5866,pine,14318.6,-21044,6904.7,0.9,0.964
R5867,pine,15117,-20680.1,6202.9,-79.11,1.074
R5868,elm,15975.1,-20472.9,5271.8,-84.68,0.874
R5869,elm,16962.5,-21186.8,5953.1,69.21,0.892
R5870,elm,18666.5,-21008.1,4703.9,-170.28,0.922
R5871,pine,65222.5,-21118.2,4621.1,38.68,0.826
R5872,elm,69209.9,-20494.5,4737.2,-261.25,0.949
R5873,elm,-69248.5,-20254.5,5056.1,-262.48,0.864
R5874,elm,-63699.9,-19842.3,4438.5,-9.8,1.193
R5875,elm,-47974.5,-20018.9,4195.5,-51.99,1.178
R5876,pine,-42634.3,-19797.8,4231.6,-42.86,0.827
R5877,pine,-41732.6,-19793.4,4710.5,-108.19,1.172
R5878,poplar,-40784.9,-20254.9,5349.6,18.71,1.02
R5879,pine,-39717.7,-20324.3,4449.5,-213.75,0.849
R5880,pine,-38528.6,-19896.8,4130.6,-152.52,1.056
R5881,pine,-34395.1,-19927.1,4630.5,-85.99,1.245
R5882,poplar,-33206.5,-19713,4190.8,-206.16,0.863
R5883,pine,1213.2,-20207.8,10967.8,-217.65,1.192
R5884,pine,4166.4,-20270.5,9836.7,-128.11,1.235
R5885,pine,5436.7,-19956.2,9808.2,-144.29,0.815
R5886,pine,6418.1,-20287.8,9282.1,-124.79,1.056
R5887,pine,7231,-20012.9,8502.1,-64.42,0.86
R5888,pine,7668.2,-20113.6,8840.3,-191.18,1.196
R5889,pine,8846.9,-20390.3,8760.7,-0.42,1.129
R5890,pine,9308.9,-19971.4,8961.5,-90.36,1.128
R5891,pine,10172.1,-19931,8539.7,-61.87,1.186
R5892,pine,11056.5,-19764.7,7127.6,56.92,1.119
R5893,pine,12039.2,-20278.5,7510.5,-37.94,1.118
R5894,pine,13180.9,-20185.2,6017.7,-69.91,1.054
R5895,pine,13932.3,-20145.8,5322.6,-197.06,0.883
R5896,pine,14353,-19937.3,5159.4,-63.29,0.96
R5897,pine,14848.7,-20033.9,5628.9,72.48,0.965
R5898,pine,15673,-20212.1,5237.4,-203.01,0.935
R5899,elm,16519.7,-20013.9,4948.5,-3.47,1.046
R5900,pine,17606.4,-19653.2,4294.9,-30.69,0.947
R5901,elm,67286.4,-19852.8,5051.3,-153.54,0.829
R5902,elm,68406.3,-20323.6,4966.3,76.6,1.189
R5903,elm,-68478.2,-19328.4,4735.4,89.33,1.068
R5904,pine,-66745.8,-19079.2,4535.8,-96.93,1.143
R5905,pine,-40917.9,-19553.9,5023.6,-222.87,1.143
R5906,elm,-34239.5,-19146,4070.7,-129.69,0.964
R5907,pine,-3823.6,-18812.3,8210.7,-74.86,0.898
R5908,pine,2004.5,-19010.3,11473.4,-149.69,1.024
R5909,pine,3454.9,-18841.2,10709,3.11,1.116
R5910,pine,3839.1,-19168.8,10662.5,1.16,1.017
R5911,pine,5014.1,-19145.8,11532.1,81.06,1.118
R5912,pine,6057.5,-19361.8,9587.3,-206.35,1.228
R5913,pine,7235.7,-19124.8,9233.3,86.33,1.054
R5914,pine,7993.5,-19063.1,8988.9,-188.09,0.837
R5915,pine,8526.1,-19285.7,9038.7,-140.42,1.2
R5916,pine,10251.3,-19283.7,7304.9,34.68,1.228
R5917,pine,11154.8,-19437.1,6934.7,-63.49,1.142
R5918,elm,11683.6,-19293.9,6260,-118.57,1.169
R5919,pine,12661,-18994.1,6233.2,-181.29,0.801
R5920,pine,13785.5,-19115.9,5192,68.9,1.225
R5921,pine,14407.3,-19090.9,5069.7,-141.54,1.06
R5922,pine,15504.4,-18827.8,4805.5,-269.71,1.198
R5923,elm,65426.8,-19495.8,4826.3,-13.63,1.233
R5924,elm,-41141.3,-18441.4,4680.7,-30.53,1.06
R5925,poplar,-32022.9,-18188.3,4052,-98.26,1.137
R5926,elm,-29838.8,-18296,3986.3,-118.21,1.2
R5927,elm,-12206.6,-18749.3,6944.8,-230.07,1.243
R5928,elm,-11591.3,-18579.5,6741.7,-261.47,0.961
R5929,pine,3801.4,-18426.2,9280.3,-41.23,0.985
R5930,pine,6441.9,-18206.7,8434.9,82.9,1.218
R5931,pine,6944.9,-18048.1,7696.5,-20.78,1.098
R5932,pine,7607.8,-18508.5,8427.4,-82.71,0.874
R5933,elm,8802.4,-18141.9,7385.9,-93.77,1.147
R5934,elm,9636.7,-18772.2,7323.3,8.83,0.959
R5935,elm,10751.8,-18677.1,6271.3,-127.92,0.901
R5936,pine,11305.7,-18697.1,6065.3,31.62,0.896
R5937,elm,12249.4,-18394.1,5503.8,-122.31,0.861
R5938,pine,12974,-18705.1,5805.8,-88.79,0.815
R5939,elm,13540,-18766.8,5663.9,-121.81,0.893
R5940,elm,14128.7,-18572.8,4978,-185.32,0.99
R5941,pine,15252.5,-18193.8,4396.4,-23.68,1.227
R5942,elm,15850.6,-18622.3,4336.5,-218.68,0.983
R5943,elm,-68854.8,-17984.6,4903.9,-118.48,0.956
R5944,elm,-67813.9,-17613.9,4558.7,-50.65,1.158
R5945,pine,-67426.3,-17875.1,4538.6,-75.36,1.175
R5946,pine,-65659.5,-17656,4410.7,-75.5,1.075
R5947,pine,-64723.6,-17267.4,4213.2,40.64,1.047
R5948,pine,-14058.8,-17958.2,5275,-72.65,0.998
R5949,elm,-12479.3,-17644,5929.5,59.59,0.862
R5950,elm,-10260.8,-17472.8,7612.2,-257.6,0.991
R5951,poplar,-9687.3,-17442.9,7948.8,-183.53,1.078
R5952,pine,-5256,-17476.3,8794.7,-100.5,0.845
R5953,pine,3788.5,-17785.4,8290.3,-199.19,0.967
R5954,pine,4734.6,-17717.8,8664.7,47.53,0.926
R5955,poplar,6481.2,-17760.7,7558.4,14.32,0.994
R5956,pine,7082.8,-17968.6,7640,-99.68,1.138
R5957,pine,8153.3,-17870.4,7946.7,-249.26,1.006
R5958,elm,9108.1,-17473.2,6458.2,69.6,0.806
R5959,pine,9691.1,-17497.2,6455.1,63.83,1.183
R5960,pine,10106.9,-17234.3,6082.8,-177.58,0.942
R5961,elm,12069.5,-17744.6,5502.1,-58.14,1.06
R5962,pine,12639.6,-17708.7,5185.9,-207.07,1.012
R5963,pine,13485.8,-17626.8,4628.2,-163.95,1.047
R5964,pine,16242.4,-17960.3,4162.8,-212.11,1.034
R5965,pine,-68726.2,-16584,4839.7,-251.83,1.184
R5966,pine,-67914.6,-16818.6,4719.1,-259.92,1.239
R5967,pine,-64607.2,-17029.3,4122.6,-121.82,0.875
R5968,elm,-64116.9,-16540.9,3915.7,-139.13,1.187
R5969,pine,-15188.8,-16482,4655.1,50.61,1.237
R5970,pine,-14105.8,-16412.8,5072.6,-155.09,0.98
R5971,pine,-12905.7,-16681.8,5124.7,-36.39,1.162
R5972,pine,-6843.9,-16446.5,8011.3,-193.15,0.861
R5973,pine,2474.1,-16927.8,9178.2,-39.25,0.849
R5974,pine,4711.7,-16826.4,7856.2,1.94,1.108
R5975,elm,8218.9,-17120.8,6593.8,2.92,1.119
R5976,pine,8728,-16753.7,5597.7,-8.89,1.072
R5977,poplar,9546.4,-16724.8,5529.9,8.09,1.12
R5978,poplar,11301,-16685.1,5258.2,-105.49,1.009
R5979,elm,-69062.3,-15684.7,4552.9,-176.53,1.196
R5980,elm,-68327.1,-15703.2,4681.7,-30.71,1.143
R5981,elm,-65160,-15604.8,4043.7,-241.03,0.895
R5982,elm,-14256.7,-15811.1,4554.9,-121.7,0.895
R5983,poplar,-13599,-15836.8,5206.9,35.49,1.129
R5984,elm,-12067.4,-15827.7,5658.6,-164.3,1.089
R5985,pine,-10813.5,-16203.9,6372.4,-128.48,1.089
R5986,poplar,-8050.7,-16098.9,7208.6,-150.1,0.886
R5987,pine,-1943.3,-15678.4,8515.4,-220.52,0.884
R5988,pine,5054.3,-15751.5,6698.3,25.34,0.818
R5989,elm,6659.1,-16139.8,6256.5,-78.97,0.893
R5990,elm,7519.5,-16195.5,6580.6,5.99,0.831
R5991,pine,7710.4,-15661.2,5856.6,-84.35,0.883
R5992,pine,8499.4,-16255,5326.8,21.65,1.009
R5993,pine,10775.5,-16173.8,5256.4,-162.51,0.882
R5994,poplar,11120.4,-15615.5,4602.5,44.06,0.987
R5995,pine,12074.4,-15644.2,4385,-198.78,1.172
R5996,pine,-68547.2,-15381.5,4594.2,-65.17,0.848
R5997,elm,-68085.8,-14850.1,4634.9,73.78,0.886
R5998,poplar,-13761.5,-15212.3,4815.9,-150.1,0.973
R5999,pine,-12812.6,-15562.1,5458.9,-11.92,0.928
R6000,elm,-12305.8,-15091.1,5541.5,-234.18,1.162
R6001,pine,-11053.3,-15528.8,5784.7,-157.6,0.936
R6002,pine,-10477.7,-14874.6,5870.5,-44.61,0.946
R6003,pine,-7679,-14910.1,6185,-133.37,1.236
R6004,pine,-7393,-15195.7,6201.9,69.05,0.856
R6005,elm,-6718.8,-14880.6,6274,-143.51,0.968
R6006,poplar,-5083.1,-14917.4,6474.6,-107.69,1.24
R6007,pine,-4262.6,-15115.6,7009.9,-123.64,1.134
R6008,pine,-2729.1,-15560.4,8166.8,54.03,1.23
R6009,pine,-1444.7,-15298.9,8310.5,-163.79,0.921
R6010,pine,3061.9,-15256.9,7073.6,28.15,1.214
R6011,elm,8373,-15102.4,5534.2,-123.9,1.034
R6012,pine,-66965.3,-14348.3,4127.7,-98.74,0.919
R6013,pine,-65856.3,-14592.7,3819.7,-99.7,0.982
R6014,pine,-13338.1,-14008.1,5327.1,-199.82,1.027
R6015,pine,-12703.5,-14528.1,5438,-179.13,1.11
R6016,pine,-11832.1,-14383.2,5602.2,65.79,1.149
R6017,pine,-11146.9,-14224.2,5784.3,-13.88,1.11
R6018,pine,-10664.1,-14471.8,5687.1,71.83,1.187
R6019,elm,-9185,-14640.3,6579.7,-146.67,1.199
R6020,pine,-8276.7,-14569.5,6386.7,89.89,1.184
R6021,pine,-6818.3,-14027.8,6163.5,-248.58,0.852
R6022,pine,-6190.4,-14728.3,6024.3,-213.48,0.947
R6023,elm,-5724,-14740.4,6024,-101.39,0.923
R6024,poplar,-4425.1,-14798.8,6587,-206.81,0.982
R6025,pine,-4372.7,-14156,6071.9,71.36,0.925
R6026,pine,2314.8,-14090.2,6937.7,-45.53,0.956
R6027,elm,3396.6,-14559,7499.2,-185.48,1.216
R6028,pine,6769.9,-14470.1,5203.1,-107.17,1.114
R6029,pine,7895.9,-14551,4730.3,-131.37,1.169
R6030,pine,8412.4,-14785.3,5087.1,41.09,0.894
R6031,elm,9579.5,-14226.6,5059.2,-72.08,1.242
R6032,pine,10760.7,-14530.1,4897.6,-17.92,1.155
R6033,elm,-14386.1,-13461.6,4442.5,-88.36,0.855
R6034,elm,-12790.2,-13521.9,4806.5,73.43,0.986
R6035,elm,-11650.2,-13582.5,5446,44.58,1.246
R6036,pine,-10952.2,-13941,5728.6,-84.27,1.01
R6037,pine,-10169.6,-13336.8,5329.9,-262.87,1.096
R6038,pine,-9916.9,-13440.6,5449.1,-194.97,0.815
R6039,elm,-8041,-13598,6118.4,-25.64,1.207
R6040,pine,-7390.9,-13872,6175.7,-82.34,1.214
R6041,poplar,-5879.6,-13728.6,5952.1,1.43,0.893
R6042,pine,-4901.5,-13476.7,6082.5,-237.83,1.105
R6043,poplar,-2864.4,-13226.6,5943.8,-42.97,0.885
R6044,poplar,-2490,-13700.9,6134.9,-168.31,1.075
R6045,elm,-1939.9,-13525.2,6720.7,-242.75,1.245
R6046,poplar,6566.6,-13332.6,5697,-94.02,1.104
R6047,pine,7606.8,-13404.1,4716.9,85.48,0.963
R6048,pine,11425.5,-13580.7,4441.4,21.13,1.058
R6049,elm,12257.2,-13676.7,4547.9,-202.9,0.88
R6050,pine,13493.2,-13416.6,4789.1,-33.73,0.981
R6051,pine,-12305.3,-12442.9,4105.3,-38.42,1.097
R6052,pine,-11180.7,-12748.1,4931.2,-80.8,1.071
R6053,elm,-10457.5,-12853.2,5179.7,-107.32,0.871
R6054,elm,-9441.7,-13007,5343.4,-217.42,0.88
R6055,elm,-8608.3,-12802.4,5998.3,8.82,1.134
R6056,pine,-8073.7,-12596.6,5920.2,-211.28,1.075
R6057,pine,-5457.4,-12901,5278.3,-165.48,0.857
R6058,elm,-4010.6,-12750.5,5592.6,-162.84,0.931
R6059,pine,-2967.5,-12907.1,5842,-210.28,1.143
R6060,pine,9226.4,-12692.9,4384.5,-82.79,1.136
R6061,poplar,12273.2,-12543.4,4606.5,-173.39,0.955
R6062,pine,12670.6,-12554.4,4606.8,-150.13,0.876
R6063,pine,-69335.5,-12129.6,4795.1,-128.89,1.001
R6064,pine,-10803.8,-11864.3,4727.5,58.05,1.188
R6065,pine,-10093.7,-11704,5309.6,67.38,1.127
R6066,pine,-9495.1,-11668.9,4961.1,-248.11,0.921
R6067,elm,-8535,-11785.1,5319,-16.25,1.162
R6068,pine,-6994.8,-11982.3,5973.9,-115.58,1.023
R6069,elm,7465.6,-11688.5,4372.1,64.81,0.911
R6070,pine,11150.6,-11656.3,4362.5,-41.18,0.895
R6071,elm,-68185.8,-11078.4,4356.5,-89.26,1.036
R6072,pine,-61970.2,-10983.7,4245.4,-268.85,0.948
R6073,pine,-11380.9,-11244.4,4148.5,-43.53,0.83
R6074,elm,-9709.1,-11160.3,4725.4,-201.87,1.169
R6075,pine,-7746.8,-11006.9,4839.2,-129.3,0.831
R6076,elm,-7479.7,-11594.8,5497.9,-178.92,1.067
R6077,pine,6691.4,-10852.9,4741.9,-124.08,0.967
R6078,pine,9218.3,-10995.6,4460.7,-176.74,1.121
R6079,poplar,68478.8,-10916.2,4789.8,-86.8,1.161
R6080,elm,-69522.6,-10422.9,4630.4,-259.22,0.858
R6081,elm,-62995.6,-10309.8,4164.4,21.71,0.804
R6082,pine,-10919.2,-10755,4407.2,-227.13,1.055
R6083,elm,5971.2,-10006.6,4180.7,-225.43,1.222
R6084,pine,7889.4,-10576.5,4428.4,-68.86,1.164
R6085,pine,65853.8,-10060,4077.5,-100.52,1.1
R6086,pine,68926.2,-10507.9,4945.5,-185.05,1.065
R6087,pine,-69025.1,-9627.7,4509.8,-87.64,1.238
R6088,elm,-67680.9,-9853,4497.6,-74.98,1.019
R6089,poplar,-64735.7,-9293,4347.5,-127.76,0.853
R6090,poplar,-6648.5,-9974.6,4579,-221.14,1.132
R6091,poplar,-4593.5,-9503.8,5100.3,-99.74,1.187
R6092,poplar,66138.6,-9784.9,4180.9,-31.89,1.085
R6093,elm,69195.3,-9750,5153.4,-0.89,1.175
R6094,pine,69260.7,-9964.2,5109.1,-72.67,0.81
R6095,elm,-68496.8,-9022.4,4445.3,69,1.067
R6096,pine,-67300.5,-9075,4441.7,-251.6,0.888
R6097,pine,-66706.2,-8879.7,4444.1,-252.42,0.812
R6098,pine,-64286.9,-8788.7,4434.4,-234.14,1.029
R6099,pine,-6950,-8629.1,4039.8,22.18,0.867
R6100,pine,-5353.5,-8991.3,4975.2,4.46,1.207
R6101,pine,66539.4,-9015.8,4452.3,-105.52,0.98
R6102,elm,68287.2,-9006,5245,-119.33,1.046
R6103,poplar,69088.2,-9055.7,5350.8,29.53,1.191
R6104,pine,69223.8,-8946.1,5330.4,-110.31,0.897
R6105,pine,-68762.2,-8349.9,4462.4,-124.86,1.039
R6106,elm,-67847.1,-7678.2,4448.7,40.88,0.994
R6107,elm,-65765.6,-8051.4,4582.7,-261.06,1.171
R6108,pine,-63555.9,-8193.2,4350.4,-27.28,1.106
R6109,pine,-60738.6,-7613.6,4306.2,-124.59,0.994
R6110,elm,-5785.1,-8062.3,4534.2,-255.77,1.188
R6111,pine,67080.7,-7629.9,4845.8,-124.03,0.885
R6112,pine,67900,-8097,5396.4,49.26,0.853
R6113,elm,68516.9,-7910.3,5370.6,-124.09,0.912
R6114,pine,-67913.8,-7275.3,4541.1,-145.53,0.832
R6115,poplar,-66966.4,-6989.6,4616.5,-127.76,0.972
R6116,pine,-66377.4,-7235.7,4661.7,-99.9,1.215
R6117,poplar,-5772,-7340.4,4174,-136.51,1.112
R6118,poplar,67015.8,-7028.6,4886.1,-121.89,0.966
R6119,pine,68090.5,-6944.9,5071.2,-75.57,0.865
R6120,poplar,68860.7,-7087.4,4940.3,55.75,0.829
R6121,pine,-69472.2,-6280.5,4854.1,18.21,1.072
R6122,elm,-68122,-6141.1,4733.6,66.5,1.169
R6123,poplar,-67447.3,-6771.7,4617.5,-97.26,1.147
R6124,pine,-66095.7,-6467.6,4551.4,74.83,1.2
R6125,pine,-63823.2,-6132.3,4594.6,-255.22,1.099
R6126,pine,-62160,-6715.5,4323.4,-66.06,1.18
R6127,pine,-60809.6,-6211.6,4352.2,62.23,0.925
R6128,pine,-60300.9,-6603.3,4316.2,-79.14,1.216
R6129,elm,-58934.9,-6128.7,4418.2,-159.12,0.984
R6130,elm,-58556.5,-6454.3,4435.3,7.24,0.806
R6131,pine,67470.5,-6774.3,4917.4,-173.61,0.966
R6132,pine,67987.7,-6105.1,4838.4,-63.14,1.231
R6133,pine,68402.5,-6769.4,4887.6,-89.37,0.959
R6134,pine,-69238.4,-5993.3,4838,-226.73,1.145
R6135,pine,-68921.3,-5285.5,4874,-8.34,1.237
R6136,elm,-67776.6,-5806.1,4850.6,58.66,1.077
R6137,pine,-67296.8,-5506,4888.1,83.21,1.081
R6138,elm,-64754.8,-5516.2,4486.9,-198.49,0.936
R6139,elm,-62041.4,-5870.7,4458.5,49.05,1.16
R6140,pine,-60278.9,-5815.9,4491.1,-241.5,1.061
R6141,poplar,-58840.5,-5798.7,4469.8,69.49,0.973
R6142,poplar,-58198.7,-5353.4,4620.6,-150.93,0.935
R6143,pine,-57939.2,-5325.1,4576.2,-52.18,0.897
R6144,pine,63788,-5253.9,4412.5,28.22,1.108
R6145,elm,64553.9,-5984.5,4458.7,-206.57,1.107
R6146,elm,65906.4,-5524.5,4747.2,-86.35,0.86
R6147,pine,66495.5,-5517.8,4708.3,-176.24,1.067
R6148,pine,67088.1,-5621.3,4788.1,-151.29,0.812
R6149,elm,68081.4,-5827.3,4854,-238.32,1.099
R6150,poplar,68894.7,-5573,4803.3,54.57,1.171
R6151,pine,-69218.1,-4643.9,4841.8,-178.44,1.09
R6152,elm,-68064.5,-4617.8,5049.7,-119.06,1.11
R6153,pine,-67398.4,-4602,5084.4,-219.32,1.174
R6154,pine,-66454.2,-4868.4,4564,-129.14,0.958
R6155,pine,-65387.6,-4553.4,4580.4,23.73,1.105
R6156,poplar,-65161.9,-5169.9,4541.2,86.33,0.852
R6157,elm,-61128.8,-4436.4,4299.9,-258.57,0.879
R6158,pine,-60324.6,-5131.9,4618.8,-257.76,0.895
R6159,pine,-59127,-4487.8,4514.4,-123.87,1.039
R6160,poplar,-58017.3,-4934.4,4534.3,30.13,1.039
R6161,pine,64712.1,-4566.5,4802.1,-207.27,1.174
R6162,pine,67021.9,-5069.4,4591.4,-125.68,1.219
R6163,elm,67639.5,-4742.1,4568.2,-62.04,1.245
R6164,pine,69031.3,-5124.9,4862.6,-121.67,1.243
R6165,pine,69534.6,-4408.4,4790.1,13.59,1.109
R6166,poplar,-69509.7,-4198.2,4973.9,-125.87,1.036
R6167,elm,-69107,-3947.2,4978.7,-220.86,0.831
R6168,pine,-68262.4,-4230.2,5031.2,-206.32,1.073
R6169,elm,-67111.1,-3656.7,5129.5,60.43,0.818
R6170,pine,-66473.4,-3924.7,4923.2,-151.97,0.97
R6171,pine,-65216.4,-3795.6,4550.1,-205.39,1.172
R6172,pine,-62935.1,-3676.2,4253.3,-113.5,0.994
R6173,elm,-61669.6,-3674.4,4119.7,-88.87,0.96
R6174,poplar,-57550.7,-3865.5,4378.9,-196.68,1.206
R6175,elm,63223.2,-3959.9,4041.8,-85.06,1.175
R6176,poplar,68378.8,-3889.6,4778.6,-74.72,1.242
R6177,pine,69076.4,-3801.6,4994.8,-40.48,1.126
R6178,pine,69310.8,-4219.1,4868.4,-140.74,1.055
R6179,elm,-68771.3,-3017.1,4924.8,-133.49,1.222
R6180,pine,-66954.7,-3548.4,5122.8,-41.7,1.067
R6181,pine,-66573,-2996.1,5091,-189.16,1.094
R6182,pine,-65705.6,-3321.5,4767.3,-131.12,0.942
R6183,pine,-59216.9,-3445.6,4390.8,-155.38,0.885
R6184,elm,-57747.4,-3340.8,4373.3,-177.43,1.21
R6185,poplar,66251.9,-3377.6,4762.1,-210.88,1.082
R6186,poplar,67271.3,-2879.1,4693.2,-177.53,1.015
R6187,poplar,68411.5,-3016.5,4908.2,-184.28,0.817
R6188,poplar,-69342.7,-2532,5043.2,79.42,1.114
R6189,pine,-68448.3,-2780.5,4966,-50.87,0.841
R6190,pine,-68282.4,-2232.3,5086.2,-25.56,1.227
R6191,pine,-66996,-2147.7,5025.8,-68.12,1.242
R6192,pine,-66237,-2502.8,5106.7,76.19,0.871
R6193,elm,-65768.1,-2001.9,4948.4,59.12,1.164
R6194,pine,-60309.9,-2771.1,4186.3,56.69,0.864
R6195,pine,64478.6,-2084.8,4706.7,-66.27,1.064
R6196,elm,66926.9,-2025.7,4790,-122.56,1.156
R6197,pine,68378.4,-2032.9,4600.4,-74.54,0.916
R6198,pine,68609.4,-2556.2,4859.9,-13.7,1.04
R6199,elm,-68982.3,-1771.8,5163.5,-160.36,1.144
R6200,pine,-68005.6,-1924.3,5149.1,-211.85,0.864
R6201,poplar,-67172.6,-1558.5,5094.8,-55.16,0.805
R6202,pine,-66160.8,-1601.3,4953,-96.87,1.12
R6203,poplar,-65245.6,-1834.2,4777.6,-67.23,0.953
R6204,pine,-64467.3,-1771.9,4706.1,-5.87,1.2
R6205,pine,-64257.3,-1771.6,4629.5,-1.41,1.048
R6206,elm,-59089,-1265.4,4324.6,-101.36,1.161
R6207,elm,60948.2,-1404.6,3920.6,35.07,0.942
R6208,poplar,62966.5,-1961.6,4268.7,-157.44,0.874
R6209,pine,64892.2,-1223.5,5099.3,-105.4,1.033
R6210,elm,65567.5,-1847.1,5061.2,-190.67,0.997
R6211,pine,66131.3,-1293.3,4950.5,15.85,1.179
R6212,elm,67496.1,-1803.8,4704.7,-83.87,1.043
R6213,poplar,67642.8,-1257.6,4603.5,42.17,0.923
R6214,pine,-69533.4,-1123.9,5128.4,69.83,1.198
R6215,elm,-69124.1,-1021.5,5155,-216.84,0.971
R6216,poplar,-66163.6,-547.9,4782.8,-64.85,1.073
R6217,elm,-65420.1,-752.7,4704.3,19.49,1.193
R6218,pine,-63572.2,-983.5,4444.4,-117.36,1.033
R6219,pine,-62070.2,-442.3,4625.2,-13.27,0.963
R6220,pine,-61834.7,-482.1,4670.8,-266.77,1.076
R6221,pine,-60691.2,-846.4,4415.3,-149.13,0.829
R6222,pine,-60227.3,-999.2,4429.1,50.56,0.813
R6223,pine,-59430.4,-914.8,4386,84.46,0.978
R6224,elm,65992.5,-604.9,4959.4,-130.08,1.166
R6225,pine,68855.1,-1018.1,4610.7,-258.11,0.837
R6226,pine,-68428.1,309,5201.2,59.45,0.868
R6227,pine,-67894.4,-195,5013.5,-193.52,0.808
R6228,pine,-66519.6,-254.1,4925.5,-110,1.051
R6229,poplar,-64984.5,-127.3,4573.8,-6.24,1.174
R6230,pine,-64029.1,117.3,4529.1,-103.1,1.181
R6231,pine,-62022.8,84.1,4599.8,-133.91,1.1
R6232,poplar,-59037.7,-103.4,4536.4,-254.25,0.853
R6233,pine,64407.2,612.7,4677.3,-218.22,0.808
R6234,elm,65498.2,836.7,5026.5,-59.33,0.889
R6235,poplar,66633.8,1091,4970.9,30.13,0.917
R6236,elm,67881.6,666.7,4883,-36.11,1.003
R6237,elm,68622.7,758.3,4860.4,-147.27,0.844
R6238,pine,-68124.1,1528.3,5276.3,58.25,1.139
R6239,poplar,-65860.6,1640.6,4718.3,-179.9,0.813
R6240,poplar,-63909.1,1527.4,4460.5,-90.63,1.194
R6241,elm,-63461.8,1494.9,4475.4,40.47,0.826
R6242,pine,-62519.6,1791,4333.9,-101.05,1.003
R6243,pine,-61657,1500.4,4395.2,-5.78,1.135
R6244,elm,-60017.9,1603.6,4181.2,-106.91,0.927
R6245,elm,-58231.2,1602.1,3977.4,21.54,1.21
R6246,elm,64631.4,1907.8,4853.7,-246.97,0.964
R6247,elm,67323.9,1896.3,4945.6,63.42,0.843
R6248,poplar,69025.1,1262.3,4870,-60.77,0.818
R6249,elm,-67576,2499.8,5315.6,-146.39,0.88
R6250,elm,-66235.3,2758.3,5086.9,-79.81,1.21
R6251,pine,-63800.9,2594.9,4452.8,-9.26,1.144
R6252,elm,-63110.6,2353.4,4253.5,10.5,0.848
R6253,pine,-61697.8,2737.1,4136.3,-134.45,0.957
R6254,pine,64995.9,2667.3,4879.5,60.15,1.147
R6255,elm,66511.4,2629.7,4951.9,-83,1.074
R6256,pine,67934.1,2667.1,4755.1,53.32,1.047
R6257,elm,68819.7,2722,4879.6,-157.89,1.042
R6258,elm,-67806.4,2847.2,5444.4,-87.05,0.981
R6259,pine,-64148.7,3220.6,4588.5,-148.83,1.127
R6260,pine,-62226.3,3081.3,4192.5,75.15,0.824
R6261,pine,-59238.6,2843.5,3871.4,-227.61,0.931
R6262,pine,-57794.8,2872.2,3993.9,-205.93,1.144
R6263,elm,65167,2857.2,5010.5,-103.74,0.998
R6264,poplar,65738.3,2810.7,5030.8,21.36,1.033
R6265,elm,66309.8,3411.8,4838.7,-3.99,1.153
R6266,pine,68266.1,3545.9,4772.3,-150.18,0.91
R6267,pine,68735.9,3515,4872.7,-124.61,0.824
R6268,pine,69389.6,3095.6,4942.3,-127,0.999
R6269,elm,-68697.3,3925.7,5246.4,-132.41,1.205
R6270,pine,-65881.6,3627.3,5194,-130.68,0.933
R6271,elm,-63576.5,3664.2,4422,-91.62,1.204
R6272,elm,65149.2,4092.8,4720.2,-64.29,1.12
R6273,elm,67562.3,3850.8,4614.6,-238.85,0.825
R6274,poplar,68037,4360.5,4801.3,-87.08,1.209
R6275,elm,68429.3,3683.4,4790,-50.83,1.11
R6276,elm,-60918.9,5120.8,4085.3,-85.43,1.118
R6277,pine,64024.4,5081.4,4325.5,-16.61,1.125
R6278,poplar,65024.4,4420.9,4693.7,-226.1,0.853
R6279,elm,65962.7,4732.3,4739.1,-11.81,1.052
R6280,pine,66702.9,4795,4752.3,-161.05,0.832
R6281,poplar,67277.5,5091.4,4791.3,-35.9,0.976
R6282,poplar,68766.9,4571.9,4933.1,-265.98,1.047
R6283,elm,62834.9,5308.1,4011.7,75.21,0.893
R6284,elm,65216.5,5488.9,4516.2,-95.46,0.807
R6285,pine,66538.9,5929,4702.3,-227.81,1.055
R6286,pine,68098.9,5624.2,4783.1,-119.13,1.109
R6287,poplar,68709,5741,4910.4,68.48,0.848
R6288,elm,69263.4,5917.5,5002.7,72.25,1.045
R6289,elm,-63928.5,6160.2,4671.7,84.97,0.916
R6290,poplar,1250,6232.7,4002.6,-28.76,1.187
R6291,poplar,61586.7,6619.4,3946.1,-7.81,1.144
R6292,pine,66510.3,6419,4741.1,67.82,1.123
R6293,poplar,69037.3,6636.6,5101.8,-88.07,0.974
R6294,pine,69444.1,6452.2,5037,8.64,0.893
R6295,pine,-61452.1,7580.7,3984.8,-6.68,0.868
R6296,pine,769.3,7319.1,4346.6,76.37,1.198
R6297,elm,1204,7252,4289.1,85.44,0.903
R6298,pine,64574.9,7199.8,4059.6,-90.42,0.839
R6299,poplar,65220,7082.6,4311.4,-10.78,1.058
R6300,elm,66953.2,7027.7,4842.7,-123.47,0.882
R6301,pine,68945.2,7193.3,5032.2,-268.01,1.017
R6302,poplar,-61606.6,8347.4,4105.4,-10.96,0.855
R6303,pine,-3010.8,8392.5,4096.5,-192.88,1.204
R6304,pine,-1728.4,8207,4618.6,17.81,1.239
R6305,elm,-830,7937.7,4666.9,-45.85,1.165
R6306,poplar,2140.1,8263,4446.7,27.5,0.972
R6307,poplar,64812,8023.6,4123.7,-259.04,0.827
R6308,pine,66058.5,8342,4441.7,21.73,0.99
R6309,pine,68114.1,7943.2,4952,68.73,1.203
R6310,elm,68647.6,7640.4,4930.2,18.82,0.881
R6311,pine,-61224.1,8875.5,4237.8,-193.65,1.072
R6312,poplar,-7805.9,8823.4,4501.4,51.05,1.075
R6313,elm,-3085.3,8838.2,4279.2,14.97,1.194
R6314,elm,-2028.7,9037,5176.3,-11.76,1.081
R6315,elm,-1883.8,8668.8,4913.9,-202.46,1.243
R6316,pine,2586,9080.2,4352.3,54.01,0.813
R6317,pine,66221.8,8513.4,4485.3,-267.4,0.993
R6318,pine,68648.4,8779.2,4776.3,-150.42,1.24
R6319,pine,-67515.7,9244.8,4873.7,-212.32,1.068
R6320,pine,-62504.4,9656.3,4632,-5.86,1.153
R6321,elm,-60659.7,9509,4323.1,-147.55,1.062
R6322,pine,-10068.3,9450.6,3827.7,-92.03,0.946
R6323,pine,-8364.6,9665.5,4659.1,-146.15,0.969
R6324,pine,-7127.7,9660.6,4287.4,10.3,0.878
R6325,pine,-3666.7,9988.8,4930.6,0.41,0.991
R6326,elm,-2912.4,9955.4,5562.3,-210.63,1.123
R6327,poplar,-2325.5,9267.2,5427.2,-213.99,0.956
R6328,elm,-1622.3,9775.3,4856.8,24.42,0.863
R6329,pine,5985.3,9932,4317.6,-114.12,1.041
R6330,poplar,6115.1,9752.6,4188.1,-243.42,1.212
R6331,elm,66960.6,9885.5,4737.6,-267.7,1.211
R6332,pine,67781.8,9418.2,4907.6,-75.3,1.129
R6333,elm,-10505.3,10445.3,4135,-7.5,0.944
R6334,pine,-7700.7,10632.3,5412,-3.27,1.195
R6335,elm,-7226.1,10112.1,4683.1,-195.36,0.913
R6336,poplar,-6735.3,10422.2,4981.7,-8.61,1.239
R6337,elm,-5848.3,10261.3,4909.7,-3.88,0.911
R6338,elm,-4748.5,10644.8,5132,-224.79,1.184
R6339,pine,-3852,10315.3,5091.3,53.2,0.884
R6340,elm,-2800.7,10098.4,5570.6,-54.59,1.036
R6341,pine,-2663.2,10536.2,5422.2,-136.78,0.978
R6342,pine,3680.7,10331.5,4427.2,-36.06,0.959
R6343,poplar,7201.1,10500.3,4531.1,65.64,1.066
R6344,pine,7876.7,10737.3,4647,-225.4,0.833
R6345,poplar,10582,10178.7,4278.5,-135.88,0.973
R6346,elm,-63680.4,10834,4508.4,56.34,0.943
R6347,pine,-61830.4,11068,4596.1,-190.82,1.081
R6348,pine,-12378.5,11356.8,4252.2,-137.72,0.858
R6349,elm,-8818.7,11384.3,5177.9,-195.73,1.097
R6350,pine,-7810.9,11269.3,5487.8,-128.04,0.902
R6351,elm,-7327.5,11403.5,5328,75.7,0.982
R6352,pine,-6257.3,10987.6,5150.7,-180.25,1.034
R6353,pine,-5497.5,11326,5659.6,-110.01,0.97
R6354,elm,-4739,11280.3,6008,-0.21,0.993
R6355,pine,-3974.6,11361.3,6068.9,-16.31,0.963
R6356,pine,-2988.3,11144,5596.3,21.59,1.107
R6357,pine,-2058.3,11557.1,5304.1,-165.59,1.229
R6358,poplar,-1362.9,11173.7,5036.2,-97.7,1.014
R6359,elm,-640.1,11189.8,4702.7,-123.36,1.083
R6360,elm,1361.9,10931,4777.3,-180.44,1.156
R6361,poplar,2062.2,11585.2,5496.8,-176.12,1.067
R6362,pine,3399.4,11001.6,4839.1,-140.22,1.205
R6363,pine,3880.8,11079.5,4544,-252.65,1.105
R6364,pine,6250.8,10928,4840.1,52.61,0.937
R6365,pine,8078.4,11357.2,4819.1,-68.2,0.949
R6366,pine,8880.4,10807.1,4502.5,-202.76,1.226
R6367,pine,-61171.2,12073.1,4085.9,54.92,0.85
R6368,pine,-60389.8,11617.7,3841.7,-101.13,1.246
R6369,elm,-14503,12313.9,4330.1,-132.27,0.963
R6370,pine,-11276.4,12017.6,4912.1,-185.61,1.026
R6371,elm,-10047.9,12039.6,5074.8,-204.17,1.24
R6372,elm,-9735.6,11928.6,5086.3,-12.05,1.13
R6373,poplar,-8616.6,11609,5332.6,-98.2,0.849
R6374,elm,-8089.8,12109.8,5618.6,53.29,1.127
R6375,elm,-6913.8,12222.1,5751.2,-52.13,0.811
R6376,poplar,-6399.3,12328.3,5829.7,-4.49,1.186
R6377,pine,-5381.6,11741.7,5978.3,-54.14,0.864
R6378,elm,-4609.1,11890.2,5980.8,-219.79,1.031
R6379,pine,-4009.3,11970.2,5572.7,-133.37,0.806
R6380,pine,-3246.3,12109.2,5505.9,4.04,1.203
R6381,pine,-2689.1,12287.5,5947.8,-15.08,1.036
R6382,pine,-1443.6,11860.4,5177.8,-235.69,1.172
R6383,pine,-1063.5,12136.6,5210.7,-92.62,1.163
R6384,elm,1108.6,11704,5220.7,-261.46,0.882
R6385,pine,1386.6,12285.7,5615,-268.08,0.942
R6386,pine,2232.3,11928.5,5289.1,-50.47,1.209
R6387,elm,2891.5,11613.4,5402.5,38.85,1.012
R6388,elm,4022.6,12304.2,5234.7,-12.99,0.978
R6389,poplar,5034.5,11624.2,4989,-116.99,1.053
R6390,pine,7518.1,11904,4707.2,-254.7,0.971
R6391,pine,8040.6,11912.6,5026.8,63.01,1.173
R6392,pine,8624.8,11668.1,5149.8,4.41,0.911
R6393,elm,9501.4,11830.5,5139.4,58.44,1.209
R6394,pine,-12039.3,12513.5,4868.7,-163.39,0.953
R6395,elm,-10261.3,12562.1,5015.8,-136.84,1.104
R6396,pine,-9720.9,12565.5,5222.6,-213.57,1.018
R6397,pine,-8515.2,12632.9,6003.2,-221.22,1.053
R6398,pine,-7730,12711.4,6086.6,51.2,1.11
R6399,poplar,-7386.9,12884.9,6329.4,-269.95,0.82
R6400,poplar,-6020.9,13096.4,6583.1,-245.43,1.127
R6401,elm,-5278.8,12838.2,6481.2,-75.53,1.164
R6402,elm,-5064.4,13052.1,6576.4,-195.29,0.823
R6403,elm,-3722.6,13082,6171.2,-204.45,0.898
R6404,pine,-3091.9,12966.6,6105.2,3.65,0.928
R6405,pine,-2772.4,12825.8,6282.2,-153.57,0.833
R6406,pine,-1205.3,13151.3,6089.8,48.48,1.25
R6407,poplar,-1023.6,12602.9,5685.7,-265.14,1.216
R6408,pine,143.9,12961.1,5846.8,-15.62,1.183
R6409,pine,835.5,12663.6,6007.6,-160.37,1.002
R6410,elm,1496.5,12402.6,5564.8,-220.34,0.916
R6411,pine,2161.3,12995,5558.3,18.36,1.161
R6412,elm,3570.3,12826.8,5804.4,19.8,0.948
R6413,elm,4176.8,12916.4,5677.9,-16.73,0.869
R6414,elm,4749.2,12736.3,5388.1,-210.6,1.026
R6415,elm,5386.8,12734.5,5010.7,-58.86,1.202
R6416,pine,6583.6,12633.2,4986.3,-209.65,0.821
R6417,pine,7142.2,12481,4891,-26.79,0.905
R6418,elm,8013.4,13128.9,5513.3,-260.75,1.19
R6419,elm,9119.3,12534.7,5660.8,-146.62,1.026
R6420,pine,9655.7,12521.1,5851.1,-2.14,1.191
R6421,elm,10014.1,12411.2,5206.9,-259.65,0.881
R6422,pine,10833.1,13013.9,5268.1,-123.9,1.103
R6423,pine,-15738,13890.6,4318.7,-73.45,1.17
R6424,poplar,-14930.8,13980.8,4159.3,-138.34,1.153
R6425,poplar,-13375,13324.2,4327.5,-157.35,1.135
R6426,elm,-10823,13524.5,4936.2,-9.46,1.21
R6427,pine,-9927.8,13609,5329.1,25.7,0.996
R6428,poplar,-8454.3,13871.7,5516.3,-5.1,1.181
R6429,pine,-7626.7,13757.2,5925.9,-54.39,0.822
R6430,pine,-6846.6,13669.8,6715.3,-116.54,1.014
R6431,pine,-6304.3,13543.9,6940.1,79.93,0.94
R6432,elm,-5544.3,13937,7097.7,-62.92,1.029
R6433,pine,-4765.8,13864,6673.3,-122.65,0.933
R6434,elm,-3678.1,13588.6,6808.2,-7.52,1.055
R6435,pine,-3571.4,13628.9,6924,-164.69,1.117
R6436,elm,-2000.3,13503,6288.2,-214.81,1.081
R6437,pine,-1264.9,13773.8,6440.3,71.6,0.907
R6438,pine,-551.3,13955.4,6909.4,84.38,0.949
R6439,elm,174.1,13747,6892,-108.65,0.87
R6440,pine,1011.9,13543,6259.6,-75.17,0.896
R6441,elm,1542.2,13235.2,5740.5,-221.18,0.84
R6442,pine,2415.2,13362.1,5451.2,-13.08,1.17
R6443,pine,3416.1,13794.9,6407.8,-156.1,0.832
R6444,pine,4135.3,13861.8,6482.2,81.88,0.993
R6445,poplar,4435.6,13282.9,5807.6,-255.02,1.15
R6446,pine,5357.3,13906.9,5715.9,10.07,0.815
R6447,pine,6061.9,13630.3,5519.7,-253.33,0.879
R6448,elm,7093.7,13633,5897.3,3.91,1.23
R6449,poplar,7792.7,13687.2,5725.4,-93.11,1.013
R6450,elm,8674.3,13891.2,5646.2,-250.11,1.18
R6451,elm,9894.6,13673.5,6288.8,-221.86,0.858
R6452,elm,10153.5,13755.7,6387,-131.52,0.927
R6453,pine,-61897,14469,4614.1,53.5,1.172
R6454,poplar,-14616.3,14641.4,4302.6,-77.76,1.117
R6455,pine,-12040.9,14379.3,4917.6,-79,1.218
R6456,pine,-11545.6,14643.5,5051.7,-1.4,0.965
R6457,pine,-9764.1,14781.2,5493,-41.28,1.063
R6458,pine,-8558.3,14132.1,5489.9,78.84,0.866
R6459,pine,-7858.2,14782,5984.3,-261.61,0.909
R6460,pine,-7201.5,14104.6,6437.1,35.48,1.237
R6461,elm,-6259.3,14049.1,7262.2,-213.28,0.951
R6462,pine,-5694.2,14721.8,7903.7,-10.11,1.155
R6463,pine,-4961.9,14344,7224.5,-69.54,0.994
R6464,pine,-3742.3,14293.8,7318,-88.24,1.036
R6465,elm,-3232,14702.1,6854.6,-186.55,1.175
R6466,elm,-2028.9,14170.8,6463.6,-78.45,0.877
R6467,pine,-1833,14483.5,6461.1,-58.57,1.024
R6468,pine,-1180.4,14641.5,7121,-236.03,1.182
R6469,pine,36.5,14472,7240.9,16.7,0.874
R6470,elm,1056.2,14676,6856.2,38.7,0.987
R6471,pine,1615.9,14583.1,6756.7,-198.32,1.204
R6472,pine,2591.3,14255.4,6631.2,-17.48,1.015
R6473,pine,3500.1,14553,6817.6,-97.27,1.237
R6474,poplar,3790.9,14500,6896,53.41,1.011
R6475,pine,4927.3,14057.4,6035.6,-66.28,1.098
R6476,elm,5689.1,14082.4,5990.7,-127.67,1.058
R6477,pine,6417.6,14409.9,6617.1,7.87,1.059
R6478,pine,6871.5,14712,6328.8,-63.83,0.849
R6479,elm,8207.9,14179,5654.9,-25.53,1.047
R6480,pine,8503.2,14717.8,6223.6,-208.87,1.236
R6481,pine,9650.5,14413.7,6325.5,-147.3,1.113
R6482,elm,11343,14575.7,5509.2,76.07,1.022
R6483,poplar,11884.6,14712.9,5610.7,-108.65,1.214
R6484,elm,16889.7,14152.4,4023.1,-156.72,1.013
R6485,poplar,69179.6,14144.7,4489.2,48.26,1.008
R6486,elm,-61205.4,14928,4505,61.18,0.91
R6487,elm,-60729.5,15104.4,4369.5,-266.45,0.811
R6488,pine,-15817.7,14920.3,4480.5,37.24,1.152
R6489,pine,-15355.9,15260,4360.6,-65.08,0.959
R6490,pine,-14341.8,14836.3,4338.6,3.22,0.951
R6491,pine,-10433.3,14881.2,5287.8,-206,0.93
R6492,elm,-9249.8,14953.5,5617.7,-71.7,1.156
R6493,elm,-8530.9,15325.5,6290.3,-123.69,1.184
R6494,elm,-8086.3,14975.8,6164.6,-159.86,1.017
R6495,elm,-6956.9,15015.7,7395.5,68.4,1.05
R6496,poplar,-6792.7,15168.8,7729,20.74,0.923
R6497,pine,-5815.8,15060.4,8192.9,-115.66,0.915
R6498,pine,-5105.1,14888.7,8099.3,-251.79,0.953
R6499,pine,-4058.6,15219.1,7449.4,-183.1,1.209
R6500,poplar,-3320.3,15479.6,6972.8,-23.15,0.9
R6501,pine,-2031.8,15250.7,7057.2,-12.82,0.982
R6502,elm,-1817.2,15063.4,6645.2,44.48,1.21
R6503,poplar,-862.4,15140.7,7800.6,25.48,1.209
R6504,pine,-294.8,15420.8,8227.7,-255.17,0.981
R6505,pine,838.6,14947.2,7395.8,-206.49,1.106
R6506,pine,1648.9,15166.4,8136.8,-62.54,0.848
R6507,elm,2740.9,15582.9,7807.3,-265.83,1.192
R6508,pine,3105.4,15198,7327.5,-192.94,1.054
R6509,poplar,4007.7,15358.1,7640.8,-131.74,1.035
R6510,pine,4976.6,15033.7,6671.4,-75.71,0.806
R6511,pine,5574.2,14975.1,6807.3,-19.01,1.121
R6512,pine,6259.9,15523.1,7386.9,-143.03,0.894
R6513,elm,6865.8,15225.6,7372.3,37.48,1.061
R6514,elm,7829.9,14961.1,6463.9,39.95,1.036
R6515,elm,8721.4,15416.1,6933,-60.47,1.196
R6516,elm,9698.2,15017.7,5850.3,-19.07,0.973
R6517,poplar,10754.9,15331.2,5545.7,-253.63,0.89
R6518,pine,11364.8,15113.6,5595.7,-245.06,0.975
R6519,poplar,12036.1,15151.3,5593.7,86.86,0.809
R6520,poplar,12716.8,15120.5,4997.6,-172.02,0.886
R6521,pine,15279.7,15127.1,4583.2,30.78,1.057
R6522,pine,-16059.7,16012.1,5075.6,-21.92,1.146
R6523,elm,-11369.5,15841.1,4715.9,-94.51,1.078
R6524,pine,-10708.9,16129.7,5070.5,-79.03,0.864
R6525,poplar,-9495,15673.2,5773.8,63.84,1.032
R6526,pine,-7650.9,15688.6,6404.3,-58.66,0.852
R6527,pine,-7334.6,16241.6,6688,25.01,0.816
R6528,pine,-6795,16199.6,6841,-233.77,1.169
R6529,pine,-5931.3,15884.3,8093.4,-12.63,1.094
R6530,pine,-4941.1,16005.9,8776.1,-121.75,1.209
R6531,pine,-4072.4,15671.6,7529,52.92,1.087
R6532,pine,-3479.3,15741.9,7146.7,79.47,0.834
R6533,pine,-2783.6,15619.4,6926.4,-77.95,0.913
R6534,pine,-1232.8,15822.1,7876.5,24.38,1.047
R6535,pine,-1077.4,15671.3,7800.7,-199.92,1.236
R6536,pine,150.6,15806.6,8861,-76,1.236
R6537,pine,655.4,16184.3,9080.6,-224.65,1.171
R6538,pine,1235.2,15814.7,8847.2,-4.91,1.212
R6539,pine,2698,15952.5,8040.5,-228.6,0.945
R6540,pine,3103.7,15927.9,8091.7,-121.9,0.86
R6541,pine,3735,15756.4,8125.3,-258.9,0.808
R6542,pine,5943,15625.8,7363.6,-22.39,0.88
R6543,pine,6683.1,15813.9,7932.2,5.35,1.161
R6544,pine,7552.4,16032.3,8431.5,-30.48,1.125
R6545,pine,7682.7,16338.5,8819.8,-51.78,1.244
R6546,elm,8660.7,16144.6,6956.2,-212.4,1.237
R6547,poplar,9292.6,16193.2,6697.2,37.32,1.158
R6548,pine,10261.6,16209.8,6061.1,35.64,1.16
R6549,elm,11155.4,16195.2,5547.5,-29.12,0.801
R6550,pine,11677.9,16064.9,5688.1,-58.17,0.87
R6551,poplar,12845.1,16204.2,5207,-113.46,0.883
R6552,elm,14344,15848.5,4594.3,-210.07,0.948
R6553,poplar,-15286.8,16883.4,4701.2,-239.31,0.974
R6554,elm,-13551.9,17024.6,5029.8,-233.41,0.86
R6555,elm,-12647.2,16652.9,4879.7,79.81,0.864
R6556,pine,-10480.1,16840.5,5673.1,-141.53,1.218
R6557,elm,-9938.8,17065.2,5617.6,-241.05,1.01
R6558,poplar,-8843.4,16661.5,5669.2,-48.65,0.82
R6559,elm,-8284.9,17175.4,6167.8,-123.11,1.103
R6560,poplar,-7251.7,16496,6772.2,-131.07,1.071
R6561,pine,-6240.5,16530,7683.4,55.39,0.899
R6562,pine,-5356.6,16502.6,9004.8,-27.04,0.823
R6563,pine,-4834.3,16524.2,9017.6,-44.13,1.116
R6564,pine,-4003.6,16548.1,8244.5,82.23,0.825
R6565,elm,-3067.6,16628.7,7828.3,15.65,0.977
R6566,elm,-2491.6,16883.7,7572.8,-238.64,1.059
R6567,pine,-1724.5,16445.7,7453.6,-219.36,1.044
R6568,pine,-716.1,17095.5,9077.6,-173.65,0.948
R6569,pine,60.9,16482.4,9091.9,32.61,0.856
R6570,pine,439.4,16621,9400,-121.52,1.171
R6571,pine,1221.7,17005.2,9081.6,86.12,0.988
R6572,pine,2568.8,16493.9,8948.8,68.68,1.037
R6573,pine,3596,16603,8900.5,23.65,0.839
R6574,pine,4231.1,17129.2,9406.4,-204.64,0.905
R6575,pine,4903.3,17038.4,8504.7,-208.85,0.918
R6576,pine,5476.7,16446.2,8729.5,2.4,1.028
R6577,pine,6550.5,16842.7,8945.9,34.95,1.154
R6578,pine,7028.8,17013.4,8858.5,-69.26,1.004
R6579,pine,8043.2,16419.5,8280.9,-27.28,1.233
R6580,pine,8843.8,16437.1,7020,59.76,0.931
R6581,elm,9339.5,16723.8,7005.8,-228.41,0.918
R6582,pine,10004.1,16619.4,6142.9,-7.89,1.186
R6583,pine,11595.8,16659.3,5782,-136.93,1.03
R6584,poplar,11751.9,16561.3,5891,-195.71,0.915
R6585,pine,12431.6,16957.8,5991.3,-111.15,1.134
R6586,pine,14527,17103.4,5089.7,-175.95,1.032
R6587,elm,14913.1,16733.4,4688.9,-63.28,1.004
R6588,pine,68337.2,16815.3,4404.6,-160.32,0.805
R6589,poplar,-17197.6,17664.1,5002.2,-134.69,0.992
R6590,pine,-16106.3,17609.6,5012.1,-106.13,1.108
R6591,elm,-15225.7,17883.7,4794.6,-181.63,1.151
R6592,elm,-14545.6,17240.6,4714.2,-155.63,0.862
R6593,elm,-13974.5,17410.7,4935,-168.71,1.173
R6594,elm,-12762.7,17771.1,5502.9,-3.02,1.036
R6595,pine,-11637.4,17344.4,5397.7,-141.08,1.051
R6596,pine,-9597.1,17331,5714.3,-63.2,0.983
R6597,poplar,-8456.1,17846.6,6333.7,33.87,1.11
R6598,elm,-7827.4,17582.7,6569.9,-40.06,1.076
R6599,elm,-7049.2,17846.4,6800.1,-163.1,1.07
R6600,pine,-6173.5,17400.8,7539.8,-266.98,1.095
R6601,pine,-5919.4,17763.5,8197.6,-162.76,0.918
R6602,pine,-4562.5,17472,9343.9,-98.61,0.989
R6603,pine,-3704.3,17231,8023,-95.43,1.136
R6604,elm,-2980.5,17719.9,7676.2,-226.08,1.092
R6605,pine,-2024.6,17974.2,7507.6,-1.2,1.125
R6606,pine,-1487,17800.2,8250.1,-28.2,1.002
R6607,pine,-437.9,17735.4,9664.9,-72.39,0.896
R6608,pine,391.8,17763.8,10282.2,-158.11,1.117
R6609,pine,861.9,17248.7,9994.4,-107.79,1.06
R6610,pine,1550.7,17815.2,9248.2,76.15,1.179
R6611,pine,2099.4,17688.4,9014,23.81,1.107
R6612,pine,3038,17516.7,9127.9,-83.88,0.991
R6613,pine,3619.7,17237.8,8765.2,-184.04,1.192
R6614,pine,4583.9,17517.7,9092.3,-211,0.99
R6615,pine,5440.5,17576.7,8246.3,-111.79,1.106
R6616,pine,6720.7,17249.4,8766.4,-216.15,1.057
R6617,pine,6829.2,17628.3,8239.7,-127.19,1.117
R6618,pine,7933.1,17971.1,8301.5,-94.23,0.865
R6619,pine,8822.9,17304.3,8472.3,-83.34,1.146
R6620,poplar,9746.9,17909.5,7146.8,-107.61,1.008
R6621,pine,10736.4,17259.9,6009.2,-164.01,1.205
R6622,pine,11055.2,17846.2,6038.5,-190.83,1.114
R6623,pine,12150.5,17798.5,5983.3,-56.04,1.2
R6624,pine,12761.3,17749.1,5866.6,-72.74,0.87
R6625,elm,13724.6,17854.6,5236.8,87.54,1.119
R6626,elm,14540.3,17569.5,5240,-30.21,0.823
R6627,elm,14851.4,17741.9,5031.8,-4.28,0.932
R6628,pine,17245.4,17697.6,4164.2,38.42,1.007
R6629,poplar,62274.4,17229.4,4415.4,-154.45,1.181
R6630,pine,63830,17440.7,4617.5,89.94,1.083
R6631,pine,69508.4,17787.9,5277.2,-116.75,1.208
R6632,pine,-61162.9,18005,4155.6,-194.99,0.871
R6633,pine,-17630.9,18685.2,4530.4,17.02,0.989
R6634,pine,-16459.1,18090.1,4821.7,-232.73,0.894
R6635,pine,-13044,18186.9,5664.9,-221.19,0.991
R6636,pine,-12267.8,18341.5,5556.4,5.44,0.884
R6637,elm,-10818.8,18414.9,5872.3,-188.26,0.831
R6638,elm,-9743.5,18355.4,6352.3,49.44,0.911
R6639,pine,-8845.4,18021.8,6357.7,-102.15,0.946
R6640,elm,-7762.7,18154,7111.8,-178.25,1.166
R6641,pine,-6881.5,18038.1,7088.3,-251.25,1.055
R6642,pine,-6731.7,18685.2,7706.9,-16.85,0.903
R6643,pine,-5719.9,18525,9168.7,12.45,1.082
R6644,pine,-4849.7,18675,10519.5,51.6,0.907
R6645,pine,-3818.9,18436.1,8604.2,-159.49,1.159
R6646,pine,-3482.9,18419.1,8509.1,62.69,1.227
R6647,elm,-2301.3,18452.1,7739.2,-74.44,1.209
R6648,pine,-1696.1,18542.7,8191.5,31.09,1.243
R6649,pine,-1047.6,18677.8,9159.5,-200.42,0.855
R6650,pine,-383.8,18386.9,10804.8,23.7,1.067
R6651,pine,1142.6,18796.4,10383.4,-262.58,1.007
R6652,pine,1664,18798.6,9662.1,-17.67,1.211
R6653,pine,2576.6,18780.9,8584.6,-3.75,1.009
R6654,pine,3964.1,18014.3,8710.9,-244.88,1.134
R6655,pine,4658,18297.1,8994.6,-44.88,1.168
R6656,pine,5856.1,18031.2,8899,-72.62,0.956
R6657,pine,6155.9,18132.8,8314.2,-158.57,0.822
R6658,pine,7179.4,18586.6,8421.7,-124.25,1.129
R6659,pine,8107.5,18392.7,8810.2,47.04,1.037
R6660,pine,8999.7,18723.3,8076.1,71.24,1.214
R6661,pine,9650.6,18332.4,7801.8,-265.72,1.123
R6662,pine,10355.7,18677.6,6840.3,-233.92,0.835
R6663,pine,11170.2,18031.7,5884,38.65,1.115
R6664,pine,12354.9,18636.6,6273.8,-54.64,1.064
R6665,pine,12455.7,18318.6,6149.1,-198.13,0.832
R6666,pine,13841.9,18158.2,5462.7,-31.13,1.081
R6667,elm,14505.7,18525.8,5412.2,-265.12,0.86
R6668,pine,14958.7,18417.7,5386.9,-259.58,1.149
R6669,pine,16597.3,18703.5,4975.5,76.16,1.023
R6670,pine,36432.5,18576,4731.1,-49.94,0.852
R6671,pine,38212.4,18191.4,4313.6,-80.28,0.995
R6672,pine,41924.7,18272.9,4040.2,-92.73,1.156
R6673,elm,42765.6,18341.4,4437.9,22.14,0.901
R6674,elm,60520.5,18222.4,4439.9,58.48,0.973
R6675,pine,61788.7,18751.9,4636.4,33.93,1.125
R6676,elm,62434.2,18230.4,4658.3,-124.08,1.025
R6677,elm,64348.3,18265,4655,-212.8,0.904
R6678,pine,65373,18153.6,4208.7,-172.04,0.945
R6679,elm,68955.4,18740.5,5048.9,-260.07,1.225
R6680,elm,-19743.4,19561.3,4160.3,-50.65,1.207
R6681,pine,-16113.4,19051.4,4965.1,-231.46,1.048
R6682,pine,-12434.4,19448.6,6276.5,27.05,1.047
R6683,pine,-12025.2,19027.7,6186.2,-79.04,0.96
R6684,pine,-11037.5,19435.1,6474.1,4.33,1.005
R6685,pine,-10561.6,19456.8,6511.9,-235.64,0.971
R6686,elm,-9683.6,18813.3,6700.3,-198.55,1.062
R6687,poplar,-8243.8,19321.6,7436.7,-35.3,1.003
R6688,pine,-7082.7,19543.4,8166.7,-186.78,0.97
R6689,pine,-6497.7,19528.1,8108.9,-83.53,1.131
R6690,pine,-5366.1,19595.1,10752.7,-152.8,0.923
R6691,pine,-5181.4,18919,10609.1,49.65,1.109
R6692,pine,-4330.8,19453.1,9719.7,-182.89,1.12
R6693,pine,-3260.1,19451.6,8981.2,-72.55,1.071
R6694,pine,-2284,19075.3,8614.2,-175.21,0.836
R6695,pine,-1455.6,19365.3,9640.3,42.83,0.95
R6696,pine,-749.9,19563,10542.6,62.98,0.909
R6697,pine,-102.4,18964.2,11182.2,13.74,0.85
R6698,pine,1166.9,19231.8,10307.1,-72.51,0.913
R6699,pine,1958.5,19291.3,9199.9,36.59,0.813
R6700,pine,4265.7,19056,9459.4,-253.17,1.088
R6701,pine,4967.4,19078.6,9161.9,-29.03,0.879
R6702,pine,5971.7,18970,8662.9,-154.91,1.069
R6703,pine,6101.9,19504,9724.9,-173.29,0.889
R6704,pine,7044.3,19245.8,9973.2,16.67,1.103
R6705,pine,8309.7,18993.6,8807.9,-79.69,1.24
R6706,pine,9161.2,18911.6,7905.2,-10.65,0.827
R6707,elm,9830,19414.6,7254.7,-158.15,0.966
R6708,pine,10405.8,19396.8,6698,-99.98,0.941
R6709,pine,11536.7,19581.8,6296.7,48.19,1.174
R6710,elm,12131,19093.2,6298.3,32.96,1.049
R6711,pine,12575.1,19201.1,6359.5,-200.41,0.891
R6712,pine,13941.4,19594.7,6461.7,-244.48,1.06
R6713,pine,14778.2,19504.3,5770.9,71.41,1.211
R6714,elm,15260,18840.2,5501,-207.56,1.094
R6715,elm,15642.4,19195.8,5320.9,-222.34,0.92
R6716,elm,16755.9,19285.2,4607.9,65.29,0.987
R6717,pine,17833.8,19105.6,4324.8,59.69,0.846
R6718,elm,18879.3,19419.2,4383.3,7.28,0.846
R6719,poplar,34919.8,19131.2,4751.9,73.75,0.811
R6720,pine,36047.4,19558.6,4834.7,-193.67,1.151
R6721,pine,36528.2,18987.2,4617,-207.98,1.144
R6722,pine,38557.9,19495.6,4788,-135.74,0.864
R6723,elm,39182,18981,4144,-269.52,1.147
R6724,elm,41303.6,19279.5,4627.4,-104.38,0.846
R6725,elm,63474.5,19549,4895.6,-195.88,1.186
R6726,elm,63717.9,19553.7,4941.4,-219.59,0.953
R6727,pine,64952.4,19437.3,4448.7,-227.95,0.906
R6728,pine,66381.8,18876.2,4044.2,3.16,0.995
R6729,pine,69045.3,19059.7,5037.4,-228.52,0.875
R6730,pine,69228,19050.4,5134.5,-222.59,0.982
R6731,pine,-64915.9,19986.9,4684.6,68.45,0.991
R6732,elm,-61897.3,20074,4437.4,-74.86,0.822
R6733,pine,-16704.1,19752.1,5013.6,-37.7,0.836
R6734,pine,-15744.8,20071.1,4940.1,-30.52,1.127
R6735,elm,-14593.5,19701.5,5053.6,-215.2,0.835
R6736,elm,-13340,19766.3,6301,-269.35,0.825
R6737,pine,-12590.8,20210.9,6854.6,-194.09,0.983
R6738,elm,-12380,19778,6644.2,-268.79,1.184
R6739,pine,-11529.6,20222.5,7231.8,12.6,1.038
R6740,pine,-10426.6,20131.2,7437.8,-143.21,1.101
R6741,poplar,-8635.7,20388.8,7267.7,24.4,1.229
R6742,pine,-7293.8,20026.7,8651.6,-261.79,1.173
R6743,pine,-5897.4,19966.3,10028.6,-105.73,1.156
R6744,pine,-4556.3,20391.3,11524.3,-134.98,1.2
R6745,pine,-4014.5,19739.4,9848.2,2.52,1.198
R6746,pine,-3276.9,19612.6,9342.2,41.2,1.188
R6747,pine,-2065.4,19885.4,9187.4,-107.64,1.111
R6748,pine,-1498.4,20067.3,9859.9,-158.43,1.117
R6749,pine,-229.4,19606.1,10750.3,-159.91,1.009
R6750,pine,1637.7,19675.2,10024.4,85.3,1.094
R6751,pine,2969.5,19643.7,8994.1,-171.43,1.222
R6752,pine,6123,20086.2,10196.5,-45.29,0.921
R6753,pine,7045.2,20076.1,10523.9,76.46,1.111
R6754,pine,7963.7,20295.5,8335.6,-155.46,1.141
R6755,poplar,8588.7,20310.6,7718.7,66.79,1.065
R6756,poplar,9508.3,20332.2,7820.2,-223.26,1.069
R6757,elm,10128.8,19768.5,7260.5,79.61,0.812
R6758,poplar,11264.6,19689.8,6483.6,-93.15,0.832
R6759,pine,12393.9,19697.1,7031.7,-250.67,1.107
R6760,pine,13165,19854.4,6728,-161.52,0.835
R6761,pine,13727.3,19807.5,6644,-36.76,0.957
R6762,elm,14488.7,20343.9,7022.3,26.13,0.903
R6763,pine,15329,19756.6,5781.6,-92.73,1.106
R6764,pine,16117.1,20133.6,5091.2,-73.4,0.973
R6765,elm,17748.7,20310.6,4671.1,88.26,1.128
R6766,pine,35698.7,20001.4,4899,15.17,1.111
R6767,pine,36848.3,19971.8,5133.5,71.64,1.202
R6768,pine,37213.8,20349.3,5210.3,-186.35,1.101
R6769,poplar,38156.4,19983.6,5170.3,24,0.89
R6770,elm,40600.8,20343.6,5295,23.04,0.889
R6771,pine,41714.2,20047.8,4991.7,-91.05,1.068
R6772,pine,47651.6,19896.8,4230.7,-65.95,0.876
R6773,elm,61945.4,19972.4,4760.7,-227.22,1.01
R6774,pine,62388.2,19952.5,4737.5,-204.02,1.039
R6775,elm,63492.4,19901.4,4835.4,76.72,1.129
R6776,pine,68306.5,20183.6,4676.4,-54.49,1.011
R6777,pine,68594.4,20275.5,4742,-95.2,1.095
R6778,elm,69544.4,19990.2,5155.9,-211.63,0.94
R6779,pine,-65918.8,20854.3,4546.3,-23.13,1.135
R6780,poplar,-64667.1,20833.6,4773.7,2.74,1.18
R6781,elm,-61234.8,20571.5,4593.7,-235.47,1.122
R6782,elm,-59771.5,20976.3,4079.4,-123.24,0.913
R6783,elm,-43420.1,21077.1,4174.4,-209.97,0.898
R6784,elm,-16959.3,20793,5505.7,-210.03,1.189
R6785,poplar,-16359.3,21178.9,5848.4,-94.07,1.2
R6786,pine,-12965.3,21125.3,7327.1,-83.51,0.98
R6787,pine,-10551.2,21126.7,9024.9,-222.59,1.076
R6788,pine,-8302,20780.2,7603.7,-150.8,1.163
R6789,pine,-6061.4,20849,10090.6,57.13,0.81
R6790,pine,-4768.4,20878.3,11767.9,-205.68,1.188
R6791,pine,-3729.9,20943.4,10429.1,-182.25,0.866
R6792,pine,-2940.6,20759,9494.9,41.85,0.877
R6793,pine,-1710.6,21051.1,9305,81.68,1.248
R6794,pine,3038.3,21182.4,12631.7,-239,1.155
R6795,pine,4035,20687.2,10494.4,60.44,0.804
R6796,pine,4886,20838.3,9738.1,-37.31,1.201
R6797,pine,6107.1,20463.9,10175.2,86.85,0.801
R6798,elm,8132.1,20929.1,7706.1,-122.75,1
R6799,elm,8988,20915.1,7761.4,-1.26,1.044
R6800,elm,9841.8,20920.9,7293.1,-124.06,1.154
R6801,elm,10730.1,20897.3,6913.4,-0.59,1.201
R6802,pine,11111.9,20656.2,7150.8,81.1,1.061
R6803,elm,11632.2,20979,7163.2,-43.64,0.851
R6804,pine,13067.1,20872.2,8035.2,-201.55,0.829
R6805,pine,13641.8,20947.3,7888.1,-137.15,0.876
R6806,pine,14789.2,20872.9,7550.3,-68.01,1.181
R6807,pine,15120.1,20861.2,7106,-17.68,0.957
R6808,pine,15804.1,20618.2,5867.3,76.11,0.893
R6809,pine,16829,20422,4742.6,-192.99,1.146
R6810,poplar,18612.3,21198.9,4857,-84.25,0.809
R6811,elm,20568.2,20954.9,4949,-118.44,0.81
R6812,elm,33058.2,20729.5,4806,37.68,1.138
R6813,pine,34463.8,20981.6,4652.3,-136.02,0.876
R6814,pine,35296.7,20835.7,4947.3,-48.98,1.005
R6815,poplar,35617,20731.8,5036.5,-212.14,0.889
R6816,elm,36946.9,20826.3,5264.5,37.46,1.058
R6817,pine,37638.3,20861.5,5101.7,-90.93,1.245
R6818,pine,38064.2,21100.2,4983.4,-263.23,0.883
R6819,poplar,40319.3,20705.3,5405.1,-62.39,0.835
R6820,pine,40823.5,21197.1,5386.3,-261.9,1.045
R6821,elm,42325.4,20465.1,4493.7,22.77,1.012
R6822,pine,45463.9,20595.7,3888.8,-1.14,1.027
R6823,pine,47088.9,20741.9,4433.3,-11.82,0.998
R6824,pine,61741,20402.2,4893.6,5.39,1.04
R6825,pine,62008,21079.9,4993.7,-185.55,0.868
R6826,pine,64307.1,20763,4831.1,-96.53,0.88
R6827,elm,64835.2,20918,4853.4,48.74,1.04
R6828,poplar,66017.5,21000.4,4857.1,89.57,0.921
R6829,pine,66982.3,20506.2,4552.2,-168.29,1.009
R6830,elm,67987.6,20595.4,4711.6,-31.94,1.1
R6831,pine,68799.2,20809.9,4858.2,-264.2,0.929
R6832,poplar,69228.4,20970.2,5078.8,-126.39,0.804
R6833,pine,-62110.4,21864.9,4933.9,4.18,0.871
R6834,elm,-60180.2,21202.2,4263.9,-230.92,1.033
R6835,pine,-59315.5,21727.6,4277.4,-264.72,0.833
R6836,poplar,-43808.3,21396.8,4450.3,-136.09,0.979
R6837,pine,-42859.4,21439.8,4455.3,-17.91,0.81
R6838,elm,-41897.1,21865.4,4534.2,11.47,1.185
R6839,poplar,-39997.8,21235.5,4143,-239.36,0.894
R6840,pine,-16176.9,21790.8,6151.9,-48.49,1.22
R6841,pine,-15149.7,21603.9,6664,37.55,1.012
R6842,elm,-14212.9,21444.7,7492.2,-118.61,0.86
R6843,poplar,-13256.2,21522.3,7590.1,-242.72,1.224
R6844,pine,-12574.6,21704.5,7574.2,64.41,1.137
R6845,poplar,-12153.4,21983.9,7844.2,-256.39,1.03
R6846,pine,-10250.7,21491.2,8966.6,-45.41,1.139
R6847,pine,-5546,21714.3,10966,46.8,1.101
R6848,pine,-3292.5,21287.3,9702.9,-245.13,1.021
R6849,pine,3306.9,21664.9,12545.1,-130.45,1.025
R6850,pine,4698.1,21771.3,11738.2,-92.62,1.166
R6851,pine,6373.2,21695.7,11030.3,-167.21,1.223
R6852,pine,7495,21371.5,8321.3,-31.12,1.166
R6853,pine,7855.7,21577.9,8158.3,8.21,1.05
R6854,pine,9177.6,21310,8465.5,-38.81,1.103
R6855,pine,9282.3,21270.2,8337.5,-15.37,1.173
R6856,pine,10245.9,21958.5,6878.4,-248.18,1.05
R6857,pine,10906.7,21416.6,7202.3,-177.27,0.94
R6858,pine,11864.8,21817.2,8499.4,-59.58,1.151
R6859,pine,12575,21467.3,8592.7,63.18,0.887
R6860,pine,13518.7,21823.3,7474.1,-198.6,1.03
R6861,pine,14782.1,21271.9,7316.1,-53.44,1.247
R6862,pine,14855.9,21506.7,7043,-183.92,1.121
R6863,pine,16040.3,21651.3,6615.9,-43.69,1.164
R6864,pine,17175.5,21203.5,4932.6,-240.67,0.844
R6865,poplar,17371.4,21827.3,5591.7,-165.41,0.844
R6866,pine,18389.9,21712.1,5369.6,58.86,1.034
R6867,elm,18806.6,21687.6,5152.8,-177.19,1.205
R6868,pine,34996.1,21854,5003.2,-70.02,1.032
R6869,pine,36715.4,21436.2,5337.2,69.08,1.193
R6870,elm,37609.1,21586.6,5212.5,52.39,0.852
R6871,poplar,38484.3,21230.1,4946.7,-95.64,0.984
R6872,pine,38842.2,21793.4,5249.1,-135.81,0.913
R6873,pine,39608.7,21672.5,5000,89.28,0.848
R6874,elm,40740.7,21642.9,5464.4,-177.22,1.062
R6875,elm,41926.9,21493.6,4638.9,-133.26,0.885
R6876,elm,45000.8,21632.9,4284.5,-196.05,1.084
R6877,pine,46809.3,21214.2,4619.2,-244.29,1.158
R6878,pine,47622.7,21762,4399.8,55.7,0.943
R6879,elm,62534.7,21536.4,4994,-266.06,1.091
R6880,poplar,63516.8,21740.3,4915.2,-265.72,0.971
R6881,pine,64059.2,21903.5,4990.7,28.56,0.838
R6882,poplar,64729.8,21670.2,4960,-219.85,0.899
R6883,pine,65877.6,21461.6,4822.3,-155.16,0.964
R6884,elm,66327.2,21733.7,4878.2,-142.67,1.176
R6885,elm,68009.8,21447.8,4777.7,-90.37,1.107
R6886,pine,68719.9,21956.3,4941.7,35.89,1.248
R6887,pine,69516.4,21424,5137.4,-103.53,0.999
R6888,elm,-68233.4,22615,5066.2,-119.53,1.116
R6889,elm,-45659.9,22783.6,4073.1,-241.52,1.126
R6890,poplar,-45139.2,22366.4,4395.2,64.15,1.247
R6891,pine,-43937.5,22619.5,4483.7,-123.92,0.887
R6892,elm,-42862.7,22605.8,4711.5,-251.76,1.089
R6893,poplar,-42028.1,22666.7,5126.2,-145.91,1.133
R6894,elm,-41804.3,22713,5115.9,40.28,1.093
R6895,pine,-40750.3,22493.3,4712.9,-165.18,1.247
R6896,poplar,-40201.7,22431.7,4467.7,-128.21,0.855
R6897,poplar,-39475.3,22537,4414.4,25.36,1.087
R6898,elm,-38716.2,22107,4029.3,-87.65,0.849
R6899,poplar,-17207.4,22127.8,5465.6,-228.38,1.139
R6900,pine,-14842.3,22397.1,5966.4,-31.84,0.97
R6901,poplar,-12409.7,22639.7,7459.4,33.33,1.166
R6902,pine,-12037,22536.8,7963.5,-48.98,1.136
R6903,pine,-11593,22189,8548.6,-31.91,1.088
R6904,pine,-4757.4,22377.8,12310,-108.86,1.095
R6905,pine,2060.1,22002.3,12096.1,-8.65,0.815
R6906,pine,5090.5,22634.1,13761.4,22.51,1.234
R6907,pine,5320.4,22015,12518,-67.35,1.115
R6908,pine,6149.7,22508.3,12513.7,-91.56,0.86
R6909,pine,7020.4,22416.8,10160.3,-112.81,1.092
R6910,pine,8222.6,22514.9,8834.4,55,1.045
R6911,pine,8679.3,22699.9,9048.8,-163.17,1.032
R6912,pine,9723.2,22099,7499.5,-36.51,0.862
R6913,pine,10423.8,22170.4,6874.8,-58.02,1.029
R6914,poplar,11065.4,22252.2,7848.5,-137.18,1.22
R6915,pine,12074.4,22102.8,9336.5,-65.44,1.122
R6916,elm,12836.6,22701,7525.7,-76.51,0.815
R6917,pine,13245.6,22131.6,7705,72.96,1.221
R6918,pine,14672.2,22562.7,6438,26.79,1.05
R6919,elm,14866.2,22448.6,6443.9,-34.44,1.146
R6920,poplar,16047.1,22737.9,6642,-111.48,0.844
R6921,pine,16737.4,22269.5,6827.3,-253.91,0.842
R6922,pine,17968.8,22512.8,6168.4,-35.89,1.208
R6923,pine,18420.7,22056.3,5692.8,-80.78,0.865
R6924,elm,19978.6,22115.3,4970.3,-37.32,0.931
R6925,pine,33039.5,22263.1,5267.7,-7.09,1.103
R6926,poplar,34022,22571.4,5422.3,-261.36,0.819
R6927,elm,35713,22721.1,5471.4,-192.13,1.055
R6928,elm,36953.1,22390.6,5126.8,-200.05,1.205
R6929,elm,37878.7,22728,5948.5,-236.96,0.82
R6930,poplar,38274.8,22741.3,6149.7,-264.59,1.226
R6931,elm,40311.5,22288.4,5696,-80.9,0.878
R6932,pine,40788.5,22157.1,5481.6,54.63,1.182
R6933,elm,41811.2,22421.3,4896.6,63.85,1.19
R6934,poplar,42001.3,22745.7,4874.9,46.92,1.018
R6935,elm,43358.7,22784.3,5298.8,-173.03,1.119
R6936,elm,43859.3,22527.2,5202.4,-231.16,1.061
R6937,pine,44922.9,22341.2,4973.7,73.7,0.998
R6938,pine,45933.8,22618,4988.8,-210.49,0.95
R6939,poplar,46125.2,22241.3,4937.6,-70.24,0.874
R6940,elm,62398.4,22712.5,4672.6,-41.52,1.223
R6941,elm,63244,22445,5002.1,-163.43,0.878
R6942,elm,64618.9,22296,5142.5,-138.44,1.144
R6943,elm,65713.3,22558.9,4978.4,-17.89,0.879
R6944,poplar,66401.1,22436.6,4862.3,-111.73,0.91
R6945,pine,66822.9,22780.9,4980.7,-121.89,0.95
R6946,pine,68154,22357.3,4865.4,-34.28,1.057
R6947,pine,68585.2,22318.4,4939.7,-201.66,1.038
R6948,poplar,-67783.5,23484.7,5292.1,-28.52,1.031
R6949,pine,-66383.6,22863.3,5107.8,-11.52,0.888
R6950,elm,-64693.1,23274.2,4695.2,-216.96,1.173
R6951,pine,-61991.2,22886.5,4897.6,24.92,1.188
R6952,elm,-61187.5,23122.2,4702.9,-26.63,0.925
R6953,pine,-41791,23173.3,5150.4,40.85,0.816
R6954,elm,-40618.1,23517.4,4928.5,26.99,0.82
R6955,pine,-39716.5,22805.1,4528.2,-26.65,1.109
R6956,poplar,-39462.4,23311.1,4730,-244.35,1.124
R6957,elm,-37739.3,22991.9,4477.6,74.52,0.863
R6958,poplar,-36362.5,23394.7,4352.5,-154.1,1.084
R6959,pine,-15031.5,22985.5,5836.2,-53.03,1.031
R6960,poplar,-13860.9,22861.8,6160.6,-33.68,0.816
R6961,pine,-12746.6,22862.8,6877.6,-229.63,0.819
R6962,elm,-11711.2,23526.5,7490.7,55.82,1.209
R6963,pine,-10806.8,23321.8,8777.7,-228.98,1.022
R6964,pine,-10401,23182.6,9125.4,-22.92,1.022
R6965,pine,-9888.4,23332,9205.8,-202.01,1.039
R6966,pine,-2132.3,23101.7,11518.8,-174.43,1.177
R6967,pine,5627.9,22822.4,12757.7,-141.03,1.248
R6968,pine,6234.1,22896.5,12168.1,-26.09,1.067
R6969,pine,7458.7,23133.4,9714.1,-27.53,0.91
R6970,pine,8212,23532.2,9381.8,-68.74,0.97
R6971,pine,8985.2,23141.3,9263,-64.01,1.025
R6972,pine,9881.6,23253.6,8979.3,-133.2,1.087
R6973,pine,10857.5,23016.9,9582.1,-207.41,0.874
R6974,pine,11995.3,22805,9069,-9.43,0.803
R6975,poplar,12999.3,22878.6,7088.9,38.27,0.859
R6976,poplar,13917.4,22912,6341.6,-252.59,1.238
R6977,poplar,14167.4,23395.8,6120.9,-231.39,1.219
R6978,pine,15276.2,22981.9,6350.4,-166.33,0.975
R6979,pine,15661.8,23294.1,6132.7,80.57,0.979
R6980,pine,16954.2,23452.4,6732.4,-26.6,1.11
R6981,pine,17262.6,23001.6,7078.9,-203.62,1
R6982,pine,35586.5,22862.7,5603.7,-166.23,0.877
R6983,pine,35803.9,22916,5551,-263.04,0.91
R6984,pine,37065.8,22801.2,5257.9,-61.06,1.06
R6985,pine,37306.5,23398.5,5722.8,-11.06,0.909
R6986,elm,38130.8,23479.3,6222.1,-187.9,0.883
R6987,pine,39094.1,23564.4,6599.2,-198.82,0.877
R6988,elm,39672.6,23284.7,5997.5,-118.97,1.165
R6989,poplar,41158.9,23558.1,6013.1,-45.82,0.878
R6990,pine,41349.2,23176.5,5473.8,-205.13,0.951
R6991,elm,42753.1,23072.9,5042.2,-123.72,1.202
R6992,pine,42965.1,23001.3,5011.3,-83.71,0.858
R6993,elm,43778.9,22904,5468.9,4.85,0.87
R6994,elm,45012,23137.2,5919.8,-107.56,0.871
R6995,pine,45806.4,23553.6,4845.5,-159.81,1.188
R6996,pine,64192.4,23370.2,4737.8,-90.66,0.911
R6997,elm,65170.7,23085.8,5153.7,-60.34,1.193
R6998,pine,65908.3,23093.8,5035.7,-80.16,0.973
R6999,elm,66624,23498,5033.6,-78.06,0.888
R7000,elm,67254.6,23393.9,4995.2,45.04,0.92
R7001,pine,67607.1,23314.6,5030.7,79.22,1.024
R7002,elm,68697.4,22948.3,5040.8,-259.02,1.242
R7003,poplar,69501.9,22927.9,5319.4,-172.64,1.178
R7004,poplar,-61293.3,23607.5,4584.9,-233.97,1.011
R7005,pine,-61009.5,23947.2,4489,-204,0.862
R7006,elm,-59388,24338.2,4160.6,-123.88,1.034
R7007,elm,-58104.9,23879.5,4081,72.53,1.091
R7008,elm,-46937.8,24027.9,4553.5,-12.52,0.914
R7009,elm,-46594.2,24379.1,4679.4,41.86,0.938
R7010,elm,-43132.4,24163.1,4644.5,-81.47,1.216
R7011,pine,-42344.8,24399.2,5388,-96.43,1.092
R7012,pine,-41269.8,24198.3,5344.8,-8.2,1.066
R7013,elm,-40435.3,23793.3,4951.6,-133.93,1.091
R7014,elm,-40227.7,24360.3,5068.1,-28.85,1.036
R7015,pine,-38819.2,24294.4,5165.1,89.97,1.126
R7016,elm,-35998.2,24264.5,4765.5,-28.26,0.811
R7017,pine,-34879.8,23681.4,4555,3.92,1.18
R7018,elm,-13952.5,24268.6,6070.3,-37,0.994
R7019,elm,-11653.4,23670.1,7540.5,-47.09,1.234
R7020,pine,-10646,24271.3,8646.7,-102.44,1.097
R7021,pine,3538.8,24095.1,13950.7,-142.78,0.821
R7022,pine,5251.5,24295.6,12024.4,-90,1.056
R7023,pine,6529.8,24134.8,13775.2,54.43,1.194
R7024,pine,6874.2,23648,11214.9,39.7,1.091
R7025,pine,8330,23672.1,9368.3,-46.12,0.953
R7026,pine,9011.4,24148.7,10179.3,-137.36,0.944
R7027,pine,9511,23686.5,9952.3,-248.7,0.845
R7028,pine,10116.2,23762.9,10703.7,-169.96,0.813
R7029,pine,11376.1,23846.6,9045,-214.98,0.989
R7030,poplar,11816.9,24177.8,7705.9,-193.74,0.834
R7031,pine,12808.9,24282.3,7094.9,87.61,0.86
R7032,pine,13907.2,23756.4,6295.9,-238.9,0.9
R7033,pine,14196.1,24028.9,6158.6,-71.4,0.92
R7034,pine,15066.8,24123,6338.1,-88.81,0.876
R7035,pine,16337.6,23930,6605.2,-230.84,0.965
R7036,elm,16622.6,24005,6801.5,33.07,0.942
R7037,elm,17497.4,24287.2,6803.4,-165.44,0.998
R7038,pine,35026,23979.1,6675.4,-75.9,1.19
R7039,elm,36955.7,23965.3,6552.8,-94.54,0.918
R7040,pine,37468.2,24393.2,7019.2,-6.84,0.969
R7041,poplar,38301.2,24394.3,7358.6,-143.35,1.19
R7042,pine,38846.9,24026.3,6845.4,-189.9,1.036
R7043,elm,40391.3,24093.2,7298.2,-67.7,1.222
R7044,elm,41887.5,23888.9,6028.1,-23.73,1.245
R7045,pine,42277.3,24358.1,6643,-199.2,1.124
R7046,elm,43019.2,23653.7,5794.2,-128.57,1.174
R7047,elm,43960.1,23764.1,6154.2,-264.67,1.106
R7048,pine,45431.4,23700,5285.6,-19.4,1.006
R7049,pine,46640.4,23989.3,4538,-220.62,1.166
R7050,pine,62561.5,23677.3,4468.7,-163.71,1.046
R7051,pine,63029.2,23617.2,4609.6,-16.35,0.836
R7052,elm,64883,24048.1,4759,-259.95,0.977
R7053,pine,66793.7,23696.9,4949,-31.72,0.976
R7054,pine,67903.8,24053.3,4965.4,41.57,1.064
R7055,pine,68567.9,24299,5035.5,48.46,1.007
R7056,elm,-63545,25018.9,4877.9,89.76,0.915
R7057,pine,-61630.4,24986.7,4522.6,-230.15,1.225
R7058,pine,-49954.1,24622.7,4640.9,5.37,1.157
R7059,pine,-46709.2,24718.4,4726.5,-102.72,0.949
R7060,pine,-45544.3,24774.1,5151.2,-47.94,1.107
R7061,pine,-44682.8,24653.3,4739,31.3,1.225
R7062,poplar,-43703.4,24977.4,5119.2,-21.79,0.958
R7063,pine,-43321.6,24817.4,5040.3,-126.91,0.841
R7064,pine,-41990,24690.3,5433.6,6.59,1.075
R7065,pine,-40674.7,24921.5,5292.4,-60.05,0.855
R7066,pine,-39842.5,24881.5,5272.7,-83.15,1.123
R7067,pine,-38986.4,24586.7,5274,-106.74,1.057
R7068,pine,-38711.1,24800.1,5070.8,-26.43,1.052
R7069,pine,-37780.1,24478.9,4556.1,-154.88,1.189
R7070,pine,-36973.3,25021.9,4825.2,-124.25,0.837
R7071,pine,-35950.7,24415.4,4818.5,-175.44,0.897
R7072,pine,-34808.9,24810.8,4729.5,-98.78,1.053
R7073,pine,-14183.5,24536.6,6256.4,30,1.186
R7074,pine,-13945.2,24857,6698.3,30.05,0.838
R7075,pine,-12445.1,24962.1,6609.1,-144.67,1.038
R7076,poplar,-12322.4,25150.3,6714.5,-105.47,1.135
R7077,pine,5085.5,25109,11397,23.08,0.968
R7078,pine,6582.3,24702,14056,-139.93,1.035
R7079,pine,7148.9,24586.8,12601.9,55.29,0.934
R7080,pine,7756.4,24768,11142,-170.92,0.893
R7081,pine,8591.6,24440,9950,-231.77,0.845
R7082,pine,9617.7,24424.8,11408.5,25.18,0.876
R7083,pine,10670.6,24803.5,9506.9,-113.78,1.213
R7084,poplar,11458.5,25162.9,7989.8,-130.86,0.863
R7085,elm,11902.7,24656.3,7293.8,5.52,0.826
R7086,pine,12494.2,24788.8,7159.1,-155.54,1.243
R7087,poplar,13502.5,25022.7,7462.7,-225.52,1.192
R7088,pine,14345,24854.4,6448.3,-43.94,1.146
R7089,elm,15080.8,25002.1,6420.5,-189.4,1.2
R7090,elm,15695.2,25033.1,6982.7,-189.17,1.049
R7091,pine,16990.8,24709.7,6968.9,-122.15,1.097
R7092,pine,17574.1,25131.6,6284,-237.48,1.193
R7093,pine,18785.1,24676.7,6317.9,-178.85,1.228
R7094,pine,34700.7,25087.2,6692.5,-117.38,0.874
R7095,elm,34862.8,24945.6,6777.4,-156.5,1.176
R7096,elm,36027.7,25172.9,6932.8,-167.81,0.932
R7097,pine,36931.2,24782.7,7322.8,-194.14,0.974
R7098,poplar,37524,24802.6,7113.9,-51.73,1.156
R7099,pine,38344.3,24690.5,7402,39.69,0.867
R7100,elm,39086,24678.4,7547.4,-178.09,1.241
R7101,elm,40369.8,25059.6,7867.5,10.15,0.946
R7102,elm,40701.1,24659,7506.5,-114.8,0.933
R7103,elm,41286.4,24645,6971.8,-25.09,1.069
R7104,elm,42449.1,25007.7,6977.2,-107.44,1.18
R7105,pine,42966.1,24761.4,6626.6,-69.85,0.878
R7106,pine,43943.3,24880.3,6764.2,-259.41,0.973
R7107,pine,44447.3,24488.3,6249.4,-197.96,1.122
R7108,pine,45851.4,24706.6,5376.1,-266.94,0.996
R7109,elm,46622.2,25154.3,5230.1,18.38,0.969
R7110,poplar,63388.6,24722.9,4352.1,71.5,0.948
R7111,pine,63673.3,24884.3,4370.5,78.21,0.978
R7112,pine,66008.5,24997.5,4958.7,-166.47,1.112
R7113,poplar,67399.4,25115.7,4846.6,-121.93,0.88
R7114,elm,68933.5,24853.9,4964.3,-180.68,0.837
R7115,poplar,69530.1,24610.8,5058.8,-47.58,1.199
R7116,pine,-59534.7,25204.8,4139.4,-157.78,0.813
R7117,pine,-58518.1,25700.7,4129.9,27.5,0.919
R7118,pine,-57372.4,25717.9,4154.9,-135,1.045
R7119,pine,-56120.3,25548.1,4255.5,44.22,1.167
R7120,pine,-52633,25398.1,4575.1,40.58,0.971
R7121,pine,-51784.3,25528.7,4772.5,-224.3,0.982
R7122,elm,-50928.5,25430.6,4949.8,-4.71,0.877
R7123,elm,-48715.5,25857.1,5310.4,-150.14,0.851
R7124,poplar,-47722.7,25729.2,5233.7,-134.25,1.002
R7125,pine,-46941.4,25492.9,5282.7,-223.46,0.961
R7126,pine,-46466.8,25311.9,5239.9,-118.68,1.186
R7127,pine,-45795.8,25403.5,5165.8,-100.45,0.866
R7128,poplar,-44493.5,25415,5517.4,-193.1,0.946
R7129,pine,-44367.3,25955.2,6045.6,62.87,0.903
R7130,elm,-42837.2,25931,5991.7,18.48,0.981
R7131,elm,-42397.2,25377.9,5585,48.95,0.899
R7132,pine,-41496,25374.2,5358,28.87,0.844
R7133,elm,-40832,25527.5,5668.7,-136.18,0.851
R7134,poplar,-39811.2,25445.9,5673.8,-60.28,1.216
R7135,elm,-39242.2,25792,5599.4,49.59,0.805
R7136,elm,-38435.1,25407.7,5035.5,8.62,0.913
R7137,poplar,-37419.2,25778.4,5133.8,-30.81,1.066
R7138,elm,-36931.3,25481.8,5007.6,-10.86,0.982
R7139,pine,-36173.5,25762.9,5820.9,-59.29,0.82
R7140,pine,5063.4,25890.2,11622.2,46.34,1.026
R7141,pine,5618.5,25805.7,12279.7,44.28,0.818
R7142,pine,6213.8,25947.7,12482.1,-175.64,0.981
R7143,pine,7262.5,25284.5,13409,-115.74,1.202
R7144,pine,7845.2,25918.7,12887.7,-85.29,0.873
R7145,pine,8712.2,25607.2,12464.2,-256.82,1.199
R7146,pine,9916.7,25616.8,10090.3,1.78,0.889
R7147,pine,10394.7,25682.1,9130.8,-99.11,1.168
R7148,pine,10979.3,25256.2,8807.1,-99.31,1.183
R7149,pine,12233.9,25485.7,8336.2,-110.8,1.069
R7150,pine,12721.8,25622.2,8237.3,-226.36,1.171
R7151,pine,13771.8,25549.2,8035.7,-90.31,1.071
R7152,poplar,14113.4,25976.8,7886.6,-143.41,0.921
R7153,poplar,15395.7,25808.9,7620.3,-5.06,1.065
R7154,pine,15645.6,25241.8,7090.9,-79.59,1.17
R7155,elm,16642.5,25668.9,6830.4,-226.72,0.801
R7156,elm,17534,25961.8,6337,-41.06,0.969
R7157,pine,33523.6,25724.2,6721,-139.6,1.145
R7158,poplar,34721.7,25802.1,6470.5,-128.64,0.928
R7159,pine,35116.6,25767.8,6442.5,-226.13,1.21
R7160,pine,36073.7,25581.7,6991.2,-222.07,0.823
R7161,pine,36487,25327.2,7226.3,-186.34,1.108
R7162,pine,37792.6,25471.6,6768.9,14.99,0.963
R7163,pine,38443.4,25734.5,6954.1,-187.43,0.891
R7164,elm,39168.4,25683.6,7734.5,88.24,1.166
R7165,poplar,40022.4,25547.9,7740.3,-23.47,1.077
R7166,pine,40721.8,25856.2,7983.3,30.42,1.054
R7167,elm,41469.1,25485.5,7867.9,23.27,1.121
R7168,pine,42149.2,25627.8,7565,-66.83,0.829
R7169,pine,43120.9,25467.5,7453.2,49.12,1.093
R7170,pine,43734.6,25746.8,7402.8,-73.14,0.875
R7171,elm,45092.5,25220.3,5690.9,-74.2,1.076
R7172,pine,46028.5,25355,5422.6,-30.66,0.979
R7173,pine,47784.3,25759,5072,-76.84,1.173
R7174,pine,65684.8,25888,4926.8,-143.52,1.077
R7175,pine,66628.2,25231.9,4903.8,-161.81,1.22
R7176,pine,66886.7,25660.8,4923.8,-140.99,0.935
R7177,pine,68903.9,25463.1,5046.1,7.84,1.223
R7178,pine,-57985.3,26571.2,4287.2,-81.45,1.113
R7179,pine,-57105.3,26229,4324.8,-150.75,1.119
R7180,elm,-54817.1,26702.7,4768.7,-163.38,1.124
R7181,pine,-54485.8,26667.9,4792,-3.16,0.817
R7182,pine,-53642.8,26094.3,4763.5,-218.04,1.166
R7183,elm,-52461.4,26491.6,5234.3,-144.88,1.239
R7184,pine,-51626.4,26112.1,5165.6,-54.64,1.054
R7185,pine,-50801.8,26199.6,5547.9,52.42,1.003
R7186,pine,-50752.9,26791.9,5504.1,-68.16,1.101
R7187,pine,-49312.6,26569.9,6364.9,-220.16,0.919
R7188,pine,-47741.4,26306.4,6022.5,-225.68,0.905
R7189,poplar,-47429.8,26565.6,6111.3,-12.3,1.209
R7190,poplar,-46366.8,26280.3,5602.7,-267.93,1.048
R7191,elm,-45569.8,26567.8,5949.6,-35.97,0.96
R7192,pine,-45175.8,26429.3,5904.4,-47.65,0.869
R7193,pine,-43678,26628.2,6657.7,-65.17,1.194
R7194,pine,-43597.8,26421,6562.7,63.03,0.989
R7195,elm,-42465.1,26626.9,6659,-155.28,1.247
R7196,pine,-41358.8,26420.6,6294.7,-84.82,1.097
R7197,pine,-40623.2,26004.5,5824.3,-57.83,0.966
R7198,pine,-40259.6,26444,6467.1,3.29,1.165
R7199,elm,-39044.4,26686.7,5625.7,46.49,0.84
R7200,poplar,-38080.9,26023.8,5145.4,-172.52,1.119
R7201,pine,-37710.8,26783.3,5720.5,-199.73,0.814
R7202,pine,-36934.7,26128.1,5727.1,-111.48,0.992
R7203,pine,-36031.2,26261.6,5691.5,-236.38,1.131
R7204,pine,-34924.1,26429.2,5710.3,34.77,0.973
R7205,elm,-34333.1,26133,4770,-78.15,1.039
R7206,pine,-13439.3,26300.1,8499.4,-241.27,1.24
R7207,pine,-9699.9,26153.4,9109,-81.72,0.959
R7208,pine,-3626.1,26483.4,14581.9,-88.08,1.24
R7209,pine,4733.1,26102.9,11935.4,7.7,1.233
R7210,pine,5662.1,26490.2,12306.5,-6.63,0.935
R7211,pine,6679.2,26722.8,12608.5,-41.82,1.149
R7212,pine,7200.4,26788.1,13300.6,-159.48,1.154
R7213,pine,7712.3,26379.1,12813.1,86.57,1.239
R7214,pine,8681.4,26091.9,12087.9,-91.27,1.02
R7215,pine,9240.7,26510.1,11369.3,-97.71,1.202
R7216,pine,10109.4,26753.8,9531.9,-77.97,1
R7217,pine,10866.5,26302.8,8796.4,-218.33,0.907
R7218,pine,12159.6,26268.8,8369.2,-97.41,1.213
R7219,pine,12449.3,26232.5,8142.1,-21.62,0.986
R7220,pine,13580.9,26447,7031.5,-119.45,1.07
R7221,pine,14761.1,26144.8,7900.8,-92.59,1.223
R7222,pine,15401.5,26139.5,8316.3,49.68,1.155
R7223,poplar,16082.1,26397.2,6969.2,-177.48,1.074
R7224,elm,16728,26756.5,6619.2,25.71,1.05
R7225,elm,17565.5,26295.7,6251.7,-230.89,0.868
R7226,pine,33092.9,26178,7153.5,-157.02,0.931
R7227,elm,33314.9,26310.3,7074.3,-135.98,0.98
R7228,elm,34545.7,26454.8,6877.1,-11.13,1
R7229,pine,34981.6,26611.2,7190.7,-36.98,1.242
R7230,pine,36277.7,26070.8,6620.8,-259.55,1.234
R7231,pine,36898.2,26795.8,6909.4,-216.24,1.215
R7232,pine,37253.5,26033.8,6668.1,-17.6,1.021
R7233,elm,38520.8,26249.1,7252,29.8,0.824
R7234,pine,39033.2,26174.7,7656.6,-45.35,0.925
R7235,pine,40363.6,26537.4,8548.5,-0.32,0.964
R7236,pine,40410.2,26166.7,8311.9,2.3,0.908
R7237,pine,41527.7,26216,8123.9,-152.68,0.927
R7238,pine,42600.4,26211.5,7944.3,-132.92,1.061
R7239,poplar,43106.2,26750.8,7168.5,16.03,1.076
R7240,pine,43627.7,26216.6,7390.1,-117.36,1.05
R7241,elm,44586.8,26311.9,6971.2,5.63,1.14
R7242,pine,45250.7,26765.9,7249.9,-58.14,0.904
R7243,elm,46492.2,26224.9,5632.6,-125.14,1.209
R7244,elm,48079.8,26754.5,5515.6,-248.88,1.2
R7245,elm,62668.3,26752.9,4263.4,-110.1,0.869
R7246,elm,63541.3,26044.1,4390.2,11.22,0.871
R7247,elm,64361.3,26774.7,4739.3,-185.94,1.071
R7248,pine,64457.6,26393.6,4664.2,-221.94,1.172
R7249,pine,66522.8,26428.4,4817.6,-81.37,0.872
R7250,elm,66990.2,26773.6,4887.3,3.88,0.822
R7251,elm,68226.7,26621.7,5075.9,22.58,1.158
R7252,poplar,68546.5,26482.2,5221.7,-260.98,1.082
R7253,pine,-62882.4,26872.6,4736.9,-35.9,1.102
R7254,elm,-58351.7,27093.3,4390.1,-107.72,0.97
R7255,elm,-57790.5,27017.7,4436.6,81,0.925
R7256,elm,-55631.1,27302.3,4916.4,-91.62,1.156
R7257,pine,-55422.1,27025.6,4888.6,-251.44,1.127
R7258,pine,-54081,27306.1,5115.6,-252.61,0.966
R7259,pine,-52759,26880.9,5183,16.31,0.837
R7260,elm,-51842.9,27372.3,5614,-172.31,1.131
R7261,pine,-51239.4,26837.2,5416.5,-207.91,1.143
R7262,pine,-50346.7,27362,5871.1,-83,1.165
R7263,elm,-48589.8,27083.3,6833.8,-236.92,1.074
R7264,pine,-47830.4,27563,6677.9,-151.96,0.925
R7265,pine,-47318.3,26975.1,6488,-157.05,1.205
R7266,poplar,-46547.4,27292.1,6391.2,-68.6,0.816
R7267,pine,-45302,26815.6,6240.6,27.54,0.884
R7268,poplar,-44769.6,27597.3,6438,-20.24,1.115
R7269,pine,-43868.4,27306.9,7147.4,-148.65,1.176
R7270,pine,-43542.1,27273.4,7323,65.24,0.88
R7271,elm,-42190.6,26993.9,7118.3,-240.78,1.235
R7272,elm,-41829.6,27252.7,7493.2,-203.48,1.249
R7273,elm,-40522.4,27227.9,7370.5,30.6,1.072
R7274,poplar,-40268.9,26921,7061.6,-46.73,1.237
R7275,pine,-39116.2,27392.5,6760.6,30.69,1.182
R7276,pine,-38729.8,27066.3,5965.4,-204.92,0.851
R7277,pine,-37971,26993.2,5968.3,68.69,0.925
R7278,pine,-36407.7,26809.2,5770.5,77.81,0.999
R7279,elm,-35940.2,26815.6,5711.5,29.5,0.819
R7280,elm,-34906.9,27109.6,5725.1,-5.6,1.043
R7281,elm,-34267.6,27129.2,5366.1,-205.45,1.006
R7282,poplar,-33986.6,27284.7,5181.8,-93.63,1.103
R7283,elm,-32448.1,26850,4188.8,-76.31,1.015
R7284,elm,-14701.7,27293.3,7407.2,35.51,1.131
R7285,pine,-13932.4,27126.5,8816.9,-236.61,0.808
R7286,pine,-12723.5,27549.9,9016.3,-45.01,1.223
R7287,pine,-9058.2,27558,8966.5,-236.25,1.011
R7288,pine,-6927,26947.3,12759,-210.71,0.889
R7289,pine,-5267,26887.3,14769.8,-100.64,1.006
R7290,pine,4078.3,27200.3,11112.1,-185.53,1.225
R7291,pine,4615.8,27038.5,10328.9,-83.71,0.928
R7292,pine,5484.9,26928.2,11284.2,-185.17,1.108
R7293,pine,6521.7,27307.5,13031.4,58.9,1.148
R7294,pine,7056.8,27291.1,13260.2,-136.07,0.904
R7295,pine,8261.8,27488,13713.3,-205.41,1.052
R7296,pine,8624.6,27207.3,12380.2,3.33,1.067
R7297,pine,10206.7,26874.2,9585.2,-88.88,1.186
R7298,pine,11129.9,27084.7,9529.3,-35.11,0.873
R7299,pine,11765.8,26990.1,9483,-217.87,1.234
R7300,pine,12424.8,27422.5,8019.2,15.53,0.967
R7301,pine,13367.7,27129,7741.9,-108.75,1.04
R7302,pine,14137.6,26868.2,7922.9,-74.79,1.004
R7303,pine,15391.2,27369.1,7561.6,24.84,1.223
R7304,pine,15903.9,27427,7274.9,-45.47,0.863
R7305,elm,17154.5,27028.4,6513.2,81.18,1.192
R7306,pine,17632.6,26863.4,6158.4,28.69,1.038
R7307,poplar,18114.1,27007.2,5865,-214.16,0.897
R7308,pine,19108.8,27302.2,5487.4,-11.76,1.134
R7309,elm,31749.5,26818.1,6994.9,-251.69,1.201
R7310,pine,33383.1,27289,7549.6,12.03,1.145
R7311,pine,34119.8,27443.7,8035.4,-199.85,1.166
R7312,pine,35447.8,27360.6,7717.5,-184.79,0.876
R7313,pine,35701.4,27162.6,7335.6,-35.66,1.107
R7314,pine,36457.2,27387.6,7949.6,-211.32,0.801
R7315,elm,37604.9,26966.2,6982.1,-176.93,1.106
R7316,elm,38734.8,27048.7,7985.7,-63.71,1.024
R7317,pine,39054,27116.3,8305.9,-79.16,0.993
R7318,pine,40203.1,27226.5,8807.3,15.29,1.163
R7319,pine,40778.8,27395.8,8491.4,-202.63,0.899
R7320,elm,41601.8,27391.6,7335.2,44.02,0.844
R7321,pine,42913.9,27001.4,7056.5,-249.3,0.841
R7322,poplar,44307.3,27182.3,7403.7,-12.55,1.165
R7323,elm,44998.9,27135.8,7029.2,-215.45,1.227
R7324,elm,45819.4,27417.2,6995.2,-214.93,1.024
R7325,poplar,46007.6,27214.8,7094.7,-119.35,1.224
R7326,pine,48957.3,27420.8,5081.2,-117.93,0.961
R7327,elm,49349.2,27349.2,4390.9,-233.93,1.139
R7328,pine,64786.7,27280.7,4949.8,-87.88,0.861
R7329,pine,65519,27058.4,4872.1,-73.52,1.08
R7330,elm,66655.9,27433.9,4912.6,-104.77,1.113
R7331,pine,67080.7,27340.4,4912.9,-139.88,1.208
R7332,pine,67819.6,26907.8,4998.7,19.76,1.156
R7333,elm,68428.7,27064.2,5128.5,-36.88,1.161
R7334,elm,-64641.2,28228.9,5068.4,-255.01,1.058
R7335,pine,-64209.3,28376.6,5091.8,-217.2,1.063
R7336,pine,-62085.9,28092.8,4718.2,-66.82,0.946
R7337,elm,-59655.5,28065.2,4538.5,85.6,1.002
R7338,poplar,-58258.4,27828,4503.1,-13.71,1.179
R7339,elm,-56711.5,27666.4,4539.5,-56.59,0.837
R7340,pine,-55982.8,27796.5,4914.4,51.12,0.813
R7341,pine,-55566.4,27753.1,4931.4,88.41,0.862
R7342,pine,-54416,27747.4,5243.2,31.72,1.159
R7343,pine,-52457.3,27693.9,5199.2,84.74,0.965
R7344,pine,-51699.7,27971.1,5540.8,-123.35,1.06
R7345,pine,-51078.5,28301.9,5951.3,-248.9,1.105
R7346,pine,-50028.9,28174.2,6424.6,-49.18,1.115
R7347,pine,-49670.3,27848.1,6245.9,49.69,1.211
R7348,pine,-48872.3,28078,6658.2,-215.66,1.002
R7349,pine,-48072.9,27619.8,6623.1,-259.36,0.877
R7350,pine,-46862.9,28147.6,6276.4,22.39,0.942
R7351,pine,-46224.6,27689.5,6248.3,-250.92,0.993
R7352,pine,-45936.1,27921.7,6205.1,-98.05,1.103
R7353,elm,-44799.6,27708.7,6411.3,-79.9,1.159
R7354,poplar,-44177.6,27707.7,6744.1,81.68,0.938
R7355,pine,-43191.4,27896.3,7163.3,-196.92,1.036
R7356,elm,-42318.7,28021.4,7727.6,-76.83,1.232
R7357,elm,-41447.6,27606.4,7426.3,35.4,0.867
R7358,pine,-40759,28388.1,7315.8,-80.19,1.155
R7359,pine,-39936,28305.2,7700.2,-254.78,0.885
R7360,pine,-38932.5,27637.1,6828.4,-42.42,1.003
R7361,pine,-38110.5,27688.7,6437.4,-237.92,1.226
R7362,pine,-37620,27683.5,6286.6,-187.76,1.212
R7363,pine,-36680.2,28060.2,7151,-118.27,1.065
R7364,pine,-35667.1,27780.2,6373.7,-67.8,0.855
R7365,pine,-34876.5,27931.7,5713.7,-193.12,1.126
R7366,elm,-34362.5,27644,5571.5,-109.22,0.964
R7367,elm,-14104.7,28062.5,7739.1,68.99,0.871
R7368,pine,-6384.5,28008.4,11899.3,-229.76,1.161
R7369,pine,-5785.3,28390.6,10927.4,71.6,1.163
R7370,pine,-3980.7,28142.6,14113.1,-245.65,1.223
R7371,pine,1287,28209.9,13488,-252.53,1.101
R7372,pine,3504.2,27952.7,11175.6,5.37,1.077
R7373,pine,4696,27626.4,10130.8,-63.85,1.054
R7374,pine,7558.8,27906.7,14061.8,-203.85,1.246
R7375,pine,7880,27627.1,13995.2,-96.32,0.903
R7376,pine,8855.4,27885.2,12744.5,-149.69,1.104
R7377,pine,9316.6,27877.5,11762.1,-169.11,1.192
R7378,pine,10582.4,28380.3,9693.1,-50.35,0.924
R7379,pine,11555.8,27623.3,9700.3,-175.39,1.083
R7380,pine,12268.3,28226.2,9774.1,-172.57,1.019
R7381,pine,12752,28289.3,9514.1,-8.69,0.904
R7382,pine,13356.3,27958.2,9020.4,-60.79,0.985
R7383,elm,14687.6,27943.8,7530.5,57.8,1
R7384,pine,15396.1,27657.8,7328.9,-62.36,1.089
R7385,elm,15819.5,27725.7,7111.4,-214.71,1.081
R7386,pine,16515.9,28383.1,5941.5,73.33,1.005
R7387,elm,17728.9,28388.5,5702.5,-184.1,0.987
R7388,elm,18498.8,27757,5714.7,-88.59,1.003
R7389,elm,32252.8,27705.1,7675.2,-76.77,1.155
R7390,pine,32973.2,28387.3,8151,78.66,0.914
R7391,elm,33839,27751.4,7889.5,32.18,1.032
R7392,pine,34522.9,28036.9,7115.6,-207.22,1.188
R7393,pine,34855.3,28310.1,7480.5,-108.44,1.115
R7394,elm,36018.2,28331.7,7481.9,-8.86,1.055
R7395,pine,36441.1,27659.3,8000.2,-257.85,1.149
R7396,pine,37388,27836.3,7649.2,82.81,0.981
R7397,pine,38236.2,28162.8,8066.5,-56.85,0.977
R7398,pine,38805.9,28010.8,8592,-163.4,0.822
R7399,pine,39670.4,28082.7,9568.2,-207.06,0.979
R7400,pine,42233.4,28346.9,7222.1,16.48,0.935
R7401,pine,43088.1,28246.7,6710.3,-54.16,0.974
R7402,pine,44109.3,27920.1,6963.5,-247.83,1.117
R7403,poplar,44425,27651.8,7263.1,-147.41,0.947
R7404,elm,45726.5,27976.8,6932.4,-0.49,0.875
R7405,pine,46544.6,28108.1,6981.2,-204.38,0.829
R7406,poplar,46832.2,28128.5,7299.1,26.26,0.825
R7407,pine,48856.9,28291.2,5074.6,-77.32,0.864
R7408,pine,62205.9,27648.9,4311.8,-201.76,1.019
R7409,pine,64467.4,27794.8,4784.7,-246.07,1.121
R7410,pine,65783.9,28380.7,5045.6,-209.92,0.827
R7411,pine,66491.7,28268.6,5141.7,13.1,1.158
R7412,pine,67123.8,27933.4,5045.7,-175.25,0.99
R7413,pine,67723.5,27857,5200.2,-248.22,0.803
R7414,pine,69078.6,27883.7,5211.4,-152.76,0.848
R7415,pine,-63234.2,28916.5,5094.3,61.68,1.139
R7416,elm,-60020.3,28729.4,4495.1,-217.72,0.941
R7417,poplar,-59538.2,28824.9,4599.6,-153.29,0.989
R7418,pine,-56523.2,28673.1,4782.9,-265.06,0.865
R7419,elm,-56262.6,29088.6,4909.8,-34.68,1.025
R7420,elm,-55185.7,29174.3,4932.6,40.96,1.137
R7421,pine,-51859.7,28634,5466.9,-145.62,0.886
R7422,pine,-51364.5,29151.5,5761.7,35.64,0.838
R7423,elm,-49591.1,28923.9,6428.9,-183.62,0.947
R7424,poplar,-48485.5,28574.6,6984.7,-34.6,1.046
R7425,elm,-47707.8,29083.3,6697.3,-167.92,0.958
R7426,pine,-47129.1,28429.6,6485.2,38.13,1.015
R7427,elm,-46633.8,28587.7,6309.3,30.91,0.822
R7428,pine,-45697,28827,6040.7,-209.6,1.124
R7429,poplar,-44742,28553.1,6347.5,70.21,1.179
R7430,poplar,-43694.2,28506.9,6972.8,-108.98,1.197
R7431,elm,-43490,28668.6,7214.9,-50.75,0.948
R7432,pine,-42760.1,29066.6,6991.9,-164.65,1.232
R7433,pine,-41228.1,28690.8,7138.9,-155.49,1.077
R7434,pine,-40504.6,28702.6,7090.4,-269.73,1.083
R7435,pine,-40143.3,29140.4,7308.9,44.39,0.861
R7436,pine,-39312.2,28514.9,8010.4,-190.87,1.058
R7437,poplar,-38209.8,28811.1,7978,-261.04,1.169
R7438,pine,-37983.2,28596.2,7629,-2.08,1.144
R7439,pine,-37049.5,28472.3,7548.8,-196.63,0.974
R7440,pine,-36045,28592.4,6800.3,-65.83,0.8
R7441,elm,-35315.1,28930.5,6568.7,-252.23,1.145
R7442,elm,-34639.9,28506,5828.8,-105.23,1.174
R7443,elm,-33543.4,28672,5234.7,-37.23,0.903
R7444,elm,-33175.3,29130.2,5310.1,-132.91,0.867
R7445,poplar,-15222.5,28937.9,7050.7,-157.9,1.147
R7446,elm,-14471.8,28573.5,7444.2,-64.32,0.96
R7447,pine,-12443.7,28638.3,9551.9,-87.01,1.007
R7448,pine,-11527.2,28696.1,8874.7,70.86,1.15
R7449,pine,-9198.6,28410.6,9530.9,-1.6,0.916
R7450,pine,-7075.5,28993,11886.8,-114.75,1.17
R7451,pine,-6620.1,28717.3,10908.7,-165.63,0.885
R7452,pine,-5298,28475.4,11708.2,62.86,1.09
R7453,pine,-4587.2,28457.6,13036.8,30.34,1.09
R7454,pine,1581.4,29149,12953.9,-81.39,1.036
R7455,pine,2595.4,28624.6,11799.1,-241.48,1.104
R7456,pine,4056.7,29023,11405.6,-162.14,1.057
R7457,pine,5723.1,28586.8,12935.6,-159.43,0.936
R7458,pine,6328.5,28925,13010.5,-89.28,0.929
R7459,pine,7579.6,28405.2,13631.4,-223.17,1.175
R7460,pine,7789.4,28830,13654.8,-234.17,0.864
R7461,pine,8674.2,28481.2,12793.2,-65.03,1.188
R7462,pine,9893.4,29101.5,10725.2,-239.57,1.014
R7463,pine,10574.3,29023.8,9578.6,-39.17,1.103
R7464,pine,10836.1,28505.9,9589.7,-66.36,0.961
R7465,pine,12141.8,28955.2,9803.5,-150.5,0.913
R7466,pine,12449.5,29007.5,9947.6,-46.15,0.868
R7467,poplar,14523.9,28656.6,7712.3,-33.29,1.181
R7468,pine,15208.5,28951.2,7315.5,-3.87,0.994
R7469,pine,16179.6,29050.1,6190.4,-113.69,1.04
R7470,pine,16554.5,29041.2,5938.4,-5.86,0.857
R7471,pine,17599.4,28605.1,5728.5,-52.46,0.956
R7472,pine,31320.9,28952.8,8462.2,-233.3,1.067
R7473,pine,31648.8,28542.1,8409.3,84.47,1.042
R7474,pine,33077.8,28990,7358.4,-173.09,1.102
R7475,pine,33351.6,29064.3,7282.3,-30.7,0.934
R7476,pine,34400,28820.1,7340.6,-128.93,1.049
R7477,pine,35315.6,29057.5,7401.7,55.12,0.845
R7478,elm,36243.9,28792.7,7236.4,-250.85,1.235
R7479,pine,36924.5,28804.1,7376.1,85.97,0.846
R7480,pine,37738.6,28685.5,7917.5,-250.15,0.957
R7481,pine,38636,28560.6,9064.3,5.4,1.219
R7482,pine,39111.1,29120.7,9554.6,-193.99,1.223
R7483,pine,39964.4,28762.9,9087,78.58,0.915
R7484,pine,40626.8,29171.1,8366.3,-60.92,0.884
R7485,elm,42252.6,28506.5,7281.9,-262.64,0.839
R7486,pine,43481.6,29175.3,6606.1,-231.38,1.195
R7487,poplar,44429.2,28455,6822.8,-62.2,1.028
R7488,elm,45314.7,28664.7,7075,-88.45,1.2
R7489,elm,46718.9,28488.3,7111.6,-130.22,1.233
R7490,elm,66218.9,28419.6,5136.8,61.53,0.975
R7491,poplar,66901.6,28977.4,5351.6,-181,1.231
R7492,pine,68383.6,28782,5175.2,-81.62,1.18
R7493,pine,68862.7,28713.2,5103.1,-160.03,1.126
R7494,elm,-62824.9,29582.9,5082.9,-233.13,0.996
R7495,pine,-62371.6,29996.2,5113.7,54.79,1.049
R7496,pine,-61251.3,29327.6,4914,17.67,1.088
R7497,pine,-57687.3,29432.7,4624.7,-157.57,1.028
R7498,poplar,-53888.3,29258.9,5253.6,-54.56,1.153
R7499,pine,-52934.7,29378.2,5375.6,-94.97,1.234
R7500,pine,-52175.6,29219.8,5294.1,5.16,1.007
R7501,elm,-49488.2,29256.4,6390.9,-53.63,0.801
R7502,poplar,-48971.7,29481.4,6567.8,-54.93,1.058
R7503,pine,-47879.5,29857.4,6702.3,-115.94,1.087
R7504,pine,-47192.7,29561.2,6415.1,-117.33,1.061
R7505,elm,-46656.9,29726.1,6291.9,-68.59,0.924
R7506,elm,-45670.3,29836.5,6470.9,-267.49,0.961
R7507,pine,-45183,29271.2,6217.2,-185.19,0.863
R7508,pine,-43771.6,29436,7113.4,-164.58,1.205
R7509,poplar,-43557.6,29558.8,6952.4,-240.97,1.134
R7510,pine,-42053,29896.5,6922,-160.61,1.1
R7511,poplar,-41340.8,29465.1,7572.7,-90,0.972
R7512,elm,-41040.9,29340.3,7298.2,-178.2,1.21
R7513,elm,-40080.3,29634.3,7190,-13.8,1.086
R7514,pine,-39497.9,29902.4,6771.3,-10,1.178
R7515,pine,-38575.9,29765,7051.1,-9.26,1.177
R7516,elm,-37200.3,29378.5,7437,25.18,1.137
R7517,poplar,-36770,29216.3,7292.6,-206.69,0.933
R7518,pine,-36145.6,29452.1,6779.2,-176.51,1.021
R7519,elm,-35084.8,29412,6513.6,50.55,0.921
R7520,elm,-34674.9,29499.9,6070.9,42.44,1.127
R7521,elm,-33546.8,29258.9,5458.3,-116.18,0.905
R7522,elm,-32482.4,29696.3,4752.4,-170.35,1.047
R7523,pine,-31770.4,29593.4,4737.4,88.14,0.977
R7524,elm,-16705.5,29337.7,6053,-130.95,0.823
R7525,pine,-16178.8,29814,6383.1,-112.96,0.817
R7526,pine,-14574.2,29816.4,7968.5,-144.46,1.163
R7527,pine,-13254.7,29667.3,9176.1,-238.55,0.993
R7528,pine,-11882.1,29296.7,10089.1,-200.8,1.035
R7529,pine,-11217.2,29562.9,9521.4,-254.25,1.046
R7530,pine,-8828.2,29958.3,13157.4,-249.98,1.166
R7531,pine,-6393,29613.3,10967.2,-143.17,0.864
R7532,pine,-5805.9,29255.6,11363.2,-90.07,1.068
R7533,pine,-4971.7,29292.3,11766,-29.03,1.23
R7534,pine,2724.1,29954.2,12117.6,-81.35,1.158
R7535,pine,4532.8,29883.7,14329.3,-56.94,0.879
R7536,pine,5228.5,29721.2,13808.3,-43.52,0.83
R7537,pine,6877.5,29386.4,12817.7,25.11,1.051
R7538,pine,7938,29827.8,13108.1,72.8,0.833
R7539,pine,8463.1,29416.7,12717.2,-48.09,1.118
R7540,pine,10284,29444.6,10105.8,87.25,0.846
R7541,pine,11047.6,29508.2,10389.9,-113.35,1.217
R7542,pine,12059.3,29629.8,9460.2,-37.71,1.139
R7543,pine,12869.7,29270.4,10197.6,-116.16,1.01
R7544,pine,13738.7,29830,8099.6,-216.52,1.027
R7545,elm,14330,29431,7690.5,-202.15,1.187
R7546,pine,15080.2,29839.2,7495.1,-177.39,0.905
R7547,elm,16314.3,29542.3,6052.4,-50.31,0.987
R7548,pine,29057.7,29968.5,7299.2,-72.06,0.817
R7549,elm,29505,29669.3,7539.9,65.22,0.81
R7550,pine,30661.7,29694.2,8478.9,-146.03,0.887
R7551,pine,31360.1,29359,8648.6,11.17,1.112
R7552,pine,32258.8,29433.4,8152.1,-225.76,1.036
R7553,elm,33048.1,29744.5,7313,-162.37,1.012
R7554,pine,33669,29400.6,7427.4,89.38,0.833
R7555,poplar,34778.1,29655.4,7882,-101.46,1.163
R7556,pine,34854.8,29536.4,7733.4,-140.04,0.812
R7557,pine,36295.4,29724.5,8487.5,-111.64,0.848
R7558,pine,36560.5,29219.9,7544.5,-81.35,0.805
R7559,pine,37291.4,29318.6,8233.4,-107.46,1.183
R7560,pine,38766.3,29509.2,9535.5,-169.04,1.165
R7561,pine,39551,29364.4,9566,-268.65,1.005
R7562,pine,40256.9,29398.5,8723.6,-154.55,1.009
R7563,pine,40817.9,29436.6,8515.2,-215.19,1.11
R7564,elm,41871.6,29318.9,7797,-194.32,0.829
R7565,pine,42605.2,29284,7228.1,-189.81,0.818
R7566,pine,43216.7,29931.1,7025.9,12.09,0.809
R7567,pine,44516.9,29956.6,6852.2,30.65,0.975
R7568,poplar,47119.2,29960.2,7237.5,-48.29,1.175
R7569,pine,48014,29449.8,5945.2,-153.68,1.018
R7570,poplar,49217.2,29438.2,4817.2,-16.04,0.803
R7571,pine,67427.6,29342.6,5306.4,21.85,0.869
R7572,pine,67793.8,29874.3,5312.6,-243.47,1.068
R7573,elm,68682.2,29784.5,5167.1,-3.28,0.936
R7574,pine,69380.3,29292.4,5124.5,-0.31,1.031
R7575,poplar,-62964.2,30550.3,5233.8,-26.54,1.003
R7576,pine,-62091.4,30625.8,5095.9,-126.79,1.029
R7577,pine,-61648.8,30380.1,5005.6,27.72,1.144
R7578,pine,-60602.6,30745.7,4815,-80.54,1.119
R7579,pine,-60317.9,30686,4716.6,-206.54,0.822
R7580,pine,-58107.3,30075.1,4770.6,70.38,1.186
R7581,elm,-57381.1,30445.3,4868.6,-107.19,1.028
R7582,pine,-56853.2,30559.2,4945,-202.79,0.877
R7583,pine,-55697.9,30011.8,4871.6,-165.8,0.808
R7584,pine,-55174,30426.8,4915.9,-135.1,1.105
R7585,pine,-52112.7,30406.4,5483,-80.98,0.9
R7586,elm,-50653.9,30469,5841.6,29.83,0.979
R7587,pine,-48954.5,30262.2,6559.4,-116.58,0.861
R7588,elm,-48257.2,30650,7136.8,-138.72,1.124
R7589,pine,-47505.5,30595.1,6537.1,58.61,0.907
R7590,pine,-46133.4,30357.4,6672.9,-228.21,0.881
R7591,pine,-45884.5,30798.2,7155.5,-168.86,0.832
R7592,pine,-45080.2,30327,7200.2,-4.66,0.962
R7593,pine,-43995.9,30515.1,7230.7,-230.31,1.144
R7594,elm,-43017.7,30048,6531.7,-164.14,1.098
R7595,pine,-42224.7,30468.1,7488.2,58.93,0.916
R7596,pine,-41798.8,30205.9,7476.3,-48.03,1.051
R7597,pine,-40761.8,30497.4,7234.6,-153.41,1.176
R7598,pine,-40065.3,30675.9,7076.1,-135.06,1.24
R7599,pine,-39420.2,30628.4,6804.9,-234.26,0.933
R7600,pine,-38562,30309.3,6933.5,-158.62,0.871
R7601,elm,-37521,30023.3,7520,-214.31,1.079
R7602,pine,-37151.1,30611.8,7118.7,-174.37,1.108
R7603,elm,-35736.6,30176.5,5989.5,-206.75,1.145
R7604,poplar,-35514.2,30525.2,6171.7,-119.91,1.217
R7605,poplar,-34171.5,30569.3,5465.7,80.61,0.803
R7606,pine,-33219.8,30140.5,5014.2,-188.84,1.065
R7607,pine,-32525.6,30308.9,4761.1,-136.89,1.246
R7608,poplar,-31748.1,30329.2,4600.4,-120.11,0.859
R7609,poplar,-16599.2,30212.4,6793.7,64.91,1.068
R7610,elm,-15799.3,30684.8,7253.5,35.35,1.059
R7611,pine,-14862.3,30503.5,8086.4,-145.58,0.962
R7612,pine,-14069.8,30743,9708.7,-84.44,1.246
R7613,pine,-13300.8,30555.8,9493.2,-116.28,0.916
R7614,pine,-12618.7,30126.4,9871.3,34.35,1.011
R7615,pine,-12128.8,30752.1,10591.5,62.18,0.827
R7616,pine,-9328.7,30529.9,12348.5,-116.09,1.227
R7617,pine,-9006.4,30465.8,11963.6,-38.5,1.078
R7618,pine,-6398.1,30211.8,11172.3,-92.22,0.934
R7619,pine,-4543.6,30436.8,11860.8,-82.98,1.197
R7620,pine,-819,30151.2,15570.6,-177.73,0.813
R7621,pine,894.5,30319.3,15634,-19.95,0.993
R7622,pine,3263.8,30202.5,13204,10.66,0.807
R7623,pine,3749,30044.9,13978.1,-188.11,0.944
R7624,pine,6001.9,30762.3,12360.7,-238.08,1.17
R7625,pine,7437.8,30419.3,11589.6,-263.45,0.903
R7626,pine,8381.9,30758.9,12661.9,-129.65,0.938
R7627,pine,8854.9,30068.9,12923.4,-87.35,1.161
R7628,pine,9865.6,30001.1,10333.7,-258.08,0.905
R7629,pine,10177,30211,9934.3,17.45,1.123
R7630,pine,11335.9,30451.5,9955.8,-119.12,0.919
R7631,pine,12023,30667.4,9362.7,-72.43,1.212
R7632,pine,12776.1,30584,9729.3,52.09,0.974
R7633,pine,13739.7,30199.9,8398.6,-43.06,0.847
R7634,poplar,14129.7,30087.8,7776.8,-191.24,1.011
R7635,pine,15075.6,30720.5,7944.2,38.61,1.141
R7636,pine,15721.8,30074.1,6893.8,-201.91,1.195
R7637,pine,16572.2,30434.4,6944.2,-24.47,1.123
R7638,pine,18270.8,30294.2,7392.3,-94.15,0.923
R7639,pine,20641.8,30535.9,5775.4,64.04,1.077
R7640,pine,29669.9,30731.5,8139.2,17.34,1.109
R7641,pine,30518.4,30482.1,9459.7,-89.54,1.032
R7642,pine,31429.2,30613.9,8195.6,-82.93,1.144
R7643,pine,31956.8,30184,8136,82.61,0.857
R7644,pine,32451.1,30399.8,7732.1,-32.25,0.98
R7645,elm,33200,30444,7478.7,-37.16,1.178
R7646,pine,34526.3,30762.1,8077.2,-221.62,1.2
R7647,pine,35102.7,30452.4,7684.6,-4.82,1.019
R7648,pine,36196.9,30556.3,7950.7,49.64,0.987
R7649,pine,36690.7,30585.7,8823.1,26.6,0.834
R7650,pine,37209.3,30276.9,8979,27.26,1.086
R7651,pine,38405.6,30152.3,9583,3.05,1.193
R7652,pine,39247.6,30404.5,9628.1,-77.13,0.86
R7653,pine,40119.6,30476.6,9635.6,-41.61,1.003
R7654,pine,41162.1,30239.2,9180.6,-24.8,1.029
R7655,pine,41440.3,30212.2,8701.1,57.16,0.817
R7656,pine,42590.8,30443.1,8091.6,-185.66,0.938
R7657,elm,42989.9,30546.9,7626.3,13.88,1.066
R7658,pine,43905.2,30208.8,7325.1,7.66,1.237
R7659,elm,45265,30746,7849.9,-240.59,1.121
R7660,pine,47725.8,30033.9,7099,-193.78,0.988
R7661,poplar,66582.6,30195,5256.9,-77.51,0.849
R7662,elm,67083.6,30735.4,5244,-45.48,0.878
R7663,poplar,67873.9,30410.1,5271.1,-36.55,1.067
R7664,pine,68823.9,30018.6,5152.2,0.3,0.818
R7665,pine,69274.6,30546.9,5099.6,-200.52,0.866
R7666,pine,-61263.5,31058.4,5147.4,-39.11,0.981
R7667,pine,-61022,30904.8,5050.4,-268.4,1.11
R7668,elm,-59757.2,31236.9,4926.2,-268.62,0.882
R7669,poplar,-58758.8,31178.9,4851.4,12.74,1.247
R7670,pine,-57505.7,30836,4957,-227.51,1.154
R7671,pine,-57130.4,31255.1,5098,-164.02,0.949
R7672,elm,-56134.4,31445.7,5071.5,-184,0.99
R7673,poplar,-54899.7,31291.9,5525.1,-222.53,1.242
R7674,pine,-52785.4,30937.2,5351.4,-135.5,0.963
R7675,poplar,-51481.9,31307.9,5765.9,-128.32,1.046
R7676,pine,-48160.3,30980.1,6969.6,-76.2,0.948
R7677,pine,-47533.5,31207.2,6537.2,-256.16,1.158
R7678,pine,-45977.4,30952,7194.3,13.26,1.081
R7679,pine,-44579,31254.2,7436.7,67.72,0.995
R7680,pine,-43758.2,31585.2,7388,-189.45,1.157
R7681,elm,-42907.1,30978.6,7300,-168.79,0.881
R7682,pine,-42764.3,31212,7557.1,-42.57,1.107
R7683,elm,-41686.5,30824.3,7959.2,4.36,1.026
R7684,elm,-41060.3,31083.1,7259.6,-217.12,1.173
R7685,elm,-40211.3,31189.5,7124.4,-52.77,1.155
R7686,pine,-39015.2,31272.6,7125.7,-148.6,0.854
R7687,pine,-38444.4,31339.6,7174.4,-192.01,1.113
R7688,pine,-37840,31277.8,6927.9,-59.02,0.802
R7689,pine,-37089.1,31476.9,6599,-229.36,1.004
R7690,pine,-35904.2,31421.9,6703.9,-184.42,1.106
R7691,pine,-34895.6,31435.8,5857.2,-38.68,0.909
R7692,pine,-34264.8,31230.3,5448.4,-184.77,1.09
R7693,pine,-33751.2,31303.8,5253.2,-265.09,0.903
R7694,pine,-33165.5,30948.8,4968.4,79.87,1.196
R7695,elm,-31940,30820.1,4677.6,-71.4,1.219
R7696,pine,-30535.7,31178.9,4384.2,27.72,1.217
R7697,pine,-17603.6,31247.9,6142.5,27.1,1.097
R7698,elm,-15413.2,31522.7,6772.1,-131.37,0.802
R7699,pine,-14054.3,31173.2,9035.9,-243.66,1.02
R7700,pine,-11249.1,31403.9,11092.4,-242.84,1.005
R7701,pine,-10216,31167.6,12452,-186.83,1.243
R7702,pine,-9932.8,31182.2,12836.7,-74.38,0.988
R7703,pine,-8919.5,31312.3,10413,71.4,1.167
R7704,pine,-7659,30999.4,10469.7,17.71,1.159
R7705,pine,-7470.5,31334.2,10214.7,-56.85,1.217
R7706,pine,-6502.6,30813.1,10253.9,-59.86,0.875
R7707,pine,-5712.9,30811.7,10601.9,-117.29,1.116
R7708,pine,-4772.7,31125.7,11265.9,-175.32,1.153
R7709,pine,-4095.3,31337,12453.1,-172.97,0.842
R7710,pine,-3481.2,31371.5,12647.4,19.47,1.186
R7711,pine,-2742.3,31531.8,12998,-137.85,0.83
R7712,pine,2781.6,31273.2,15531,53.87,1.191
R7713,pine,3001.4,31044.5,15671.3,-205.92,1.115
R7714,pine,5615.1,31343.2,13030,-220.62,1.142
R7715,pine,6251,31269.4,13007.2,-129.52,1.156
R7716,pine,7252.9,31020.5,12205.9,-188.41,1.242
R7717,pine,8345.8,30907.3,12416.7,-128.53,0.818
R7718,pine,8593.8,31545.1,12960.2,-174.07,1.236
R7719,pine,9973.7,31278.8,9852.3,-260.7,1.063
R7720,pine,10462.9,31122.3,9733.4,54.61,1.046
R7721,pine,10989.4,30908.6,9416,29.58,1.134
R7722,pine,11878.4,31124,9559,65.97,0.923
R7723,pine,13065.2,31453.5,9212.7,-113.21,1.213
R7724,pine,13494.7,31472.8,9835.3,-141.17,1.035
R7725,pine,14544.9,31567.3,8783.7,-15.24,1.068
R7726,pine,15490.3,30989.6,8002,-190.96,1.161
R7727,poplar,15826.4,31268.7,7939.7,-87.87,0.885
R7728,elm,16442.7,31091.9,7705.6,35.13,1.176
R7729,pine,17558.3,31090.7,7556.8,-17.19,0.821
R7730,elm,18918.1,31317.2,5874.7,-142.78,1.086
R7731,elm,19935.7,31483.6,5885,-24.4,1.147
R7732,elm,21082.8,31543.9,5191.4,85.36,1.247
R7733,pine,28280.1,30982.3,6500.4,-195.44,0.964
R7734,poplar,29096.5,30969.3,7535.7,-233.84,0.866
R7735,pine,29573.5,31098.5,8362.6,-217.59,0.964
R7736,pine,30500.7,31348.6,8897.2,41.97,1.15
R7737,pine,31022.1,31192.1,8375.3,63.53,1.164
R7738,pine,31829.2,31271.5,7664.2,-38.43,0.885
R7739,poplar,32799.7,31427.3,7749.7,-255.7,0.897
R7740,poplar,33601,30916.5,7958.7,-65.65,1.218
R7741,pine,34207,31309,8616.5,42.76,0.867
R7742,pine,34846.3,31048.8,7790.2,-232.74,0.989
R7743,pine,36204.1,31035.3,8098.6,-49.84,0.905
R7744,pine,37052.4,31030.3,9177.9,-60.66,1.172
R7745,pine,37731.2,30862.9,9478.4,48.29,1.041
R7746,pine,38580.1,31569.1,9851.3,-20.57,0.828
R7747,pine,38831,31094.1,10158.4,67.87,1.19
R7748,pine,40031,30975.6,10395.6,-116.74,1.186
R7749,pine,40841.2,31116.2,9361.3,-51.13,1.095
R7750,pine,41742.9,31094,8937.6,-22.04,1.14
R7751,pine,42171.5,31575,9204.1,22.32,0.803
R7752,pine,43279.1,31462.3,9067.4,-94.21,1.168
R7753,pine,45209.8,31214.7,8624.8,-224.92,0.845
R7754,elm,64840.4,31355.6,5667.2,-230.68,1.179
R7755,pine,65758.5,31470.5,5428.2,-229.7,0.801
R7756,elm,67337,31179.4,5330.3,-218.78,0.897
R7757,pine,67707.8,30974.8,5340.3,-117.2,1.224
R7758,pine,68444.6,31422.5,5152.5,81.95,0.886
R7759,pine,69535.7,31277.4,5045.9,-160.95,1.091
R7760,poplar,-62921.4,32287.2,5455.6,-162.32,1.246
R7761,poplar,-62414.6,31734.7,5327.1,3.82,0.91
R7762,poplar,-61910.1,32146.3,5224,-122.48,0.823
R7763,pine,-61118.5,31706,5144,-199.09,0.912
R7764,elm,-60278.3,31651.1,5049.8,-144.68,0.891
R7765,poplar,-59041.1,31829.8,5043.8,-10.23,0.808
R7766,pine,-57434.6,31916,4934.3,-6.96,0.945
R7767,elm,-57118.3,32162.5,4916.9,86.44,1.076
R7768,elm,-55328.4,31737.9,5437.1,-42.32,1.02
R7769,elm,-53058.6,32139.6,5998.6,88.79,1.004
R7770,poplar,-48757.2,31878.6,7159.7,-141.44,1.145
R7771,elm,-46565.6,32210.2,7274.6,-38.27,1.215
R7772,pine,-44510.6,31978.1,8026.6,-53.96,1.205
R7773,pine,-43534.1,31906.1,8017.2,57.01,1.075
R7774,pine,-42732.8,32187.6,8757.7,-183.07,0.835
R7775,pine,-41546.6,32306.2,8927.7,-64.9,1.007
R7776,pine,-40891.2,31984.6,8178.1,-121.24,0.942
R7777,pine,-39788,31746.1,7280.9,-177.18,1.137
R7778,pine,-39100.3,32132.3,7809.5,54.7,1.106
R7779,poplar,-38204.7,32028.4,7127.9,-99.23,0.935
R7780,elm,-37808.6,31645.2,6440.6,-188.62,1.156
R7781,poplar,-36460.2,32177.7,6344.8,-191.02,0.921
R7782,pine,-35624.9,32075.3,6798.7,-40.9,1.224
R7783,pine,-35479.5,31628.6,6376.7,-269.42,0.927
R7784,pine,-34524.4,32018.1,6246.6,12.18,1.219
R7785,elm,-33730.1,32344.7,6038.7,-164.53,1.147
R7786,pine,-33022.1,32348.4,5395.6,-218.61,1.123
R7787,pine,-30133.3,32364.3,4287.3,-187.2,1.088
R7788,pine,-18160.9,32065.4,5062.4,36.56,0.929
R7789,poplar,-17512.4,32072.1,5417,62.2,0.891
R7790,pine,-15851.5,31860,6365.5,-125.86,1.109
R7791,pine,-15150.8,32268.1,6758.7,-32.84,0.927
R7792,poplar,-14536.8,31905.1,7243.9,-175.43,1.195
R7793,pine,-13121.4,31925.6,8523,-206.28,1.118
R7794,pine,-12323,31723.8,9537.7,59.75,0.993
R7795,pine,-11006.8,32235.7,10913.2,-98.76,1.043
R7796,pine,-10471.4,32362.7,10764.3,80.7,1.016
R7797,pine,-9474.6,31635.8,11634.6,-202.55,1.186
R7798,pine,-8520.2,31847.3,10242,-87.69,1.175
R7799,pine,-8242.2,31712.1,10332.3,-183.74,1.146
R7800,pine,-7214,31969.3,10320.1,-206.74,0.972
R7801,pine,-6144.6,31661.6,10329.3,14.83,1.113
R7802,pine,-5474.4,31822.1,10750.2,-205.22,1.146
R7803,pine,-4586.7,31969,10322.1,6.53,1.04
R7804,pine,-3114.5,31906.6,13587.2,89.92,1.113
R7805,pine,-2372.9,32331.8,14324.6,-268.84,0.957
R7806,pine,-594.9,32368,16831,-141.7,1.174
R7807,pine,490,32317.2,14996.5,-214.07,1.135
R7808,pine,1868.6,32195.3,15423.2,31.83,0.817
R7809,pine,2565.5,32149.8,14263,27.5,0.813
R7810,pine,4717.1,32238.7,10574.8,-149.11,1.112
R7811,pine,5721.5,32013.8,10665.6,-10.48,0.974
R7812,pine,6308,32348.4,11005.1,-21.3,1.115
R7813,pine,7089.8,31715.9,11843.5,-206.97,0.934
R7814,pine,10363.2,31722.8,9164.8,3.67,1.11
R7815,pine,11031.7,32246.2,8939.7,-75.04,0.894
R7816,pine,11936.9,32081.1,8761.5,79.73,1.183
R7817,pine,12714.5,31693.5,8829.2,-181.06,1.062
R7818,pine,13470.9,31622.4,9548.2,-225.75,0.986
R7819,pine,14373.3,32019.4,9196.6,-40.32,1.141
R7820,pine,15477.3,32142.1,8621.5,-246.78,1.172
R7821,pine,16347.8,32279.6,8289.9,75.55,1.193
R7822,elm,17047.4,32170.5,6986.3,-264.3,0.863
R7823,pine,17392.7,31867.4,6787,-116.29,1.246
R7824,pine,18517.9,31742.5,6038.6,-81.33,0.988
R7825,elm,19207.4,32151.7,6042.7,-236.34,0.991
R7826,poplar,20320.5,31974.2,5892.4,-31.73,0.996
R7827,elm,28281.3,32069.1,7146.1,-7.74,1.14
R7828,elm,28682.6,32062.3,7378.4,-155.77,0.997
R7829,pine,29270.9,31964.4,8279,-227.35,1.008
R7830,pine,30505.5,32036.4,8598.4,-193.74,0.941
R7831,pine,30964.7,31814.2,8349.2,-170.03,0.949
R7832,pine,32012.7,31808.9,7937.4,-155.38,0.909
R7833,pine,32679.1,32053.3,8011.6,-115.77,0.811
R7834,pine,33890.5,32375.6,8753.1,-232.42,0.995
R7835,pine,34138.8,31755.6,9149.7,-207.55,0.872
R7836,pine,35372.2,31621.1,8645.1,-62.75,0.886
R7837,pine,36016.9,31975.8,9076.8,-168.26,1.221
R7838,pine,37030.9,32148,10340.4,-156.75,0.942
R7839,pine,37473.7,31775.4,9797.7,44.3,1.178
R7840,pine,38262.6,32146.9,10681.4,-89.83,0.853
R7841,pine,38894.2,31838.5,10542.1,-23.91,0.942
R7842,pine,40253.7,31738.4,10109,-261.04,1.141
R7843,pine,40880.2,32153.1,9212.1,-161.52,1.076
R7844,pine,41488.2,32100.8,8929.5,-216.03,1.024
R7845,pine,42711.1,31753.1,9124.9,-169.72,1.092
R7846,pine,42993.8,32135.6,8576.5,-25.23,1.123
R7847,pine,44094.6,32033,8468.1,-57.51,0.881
R7848,pine,44529.4,32129.4,8045.5,-181.53,1.164
R7849,poplar,45854,32048.2,7580.5,37.85,1.135
R7850,pine,46698.5,31860.6,7488.5,15.32,1.018
R7851,pine,46860.9,32199.3,7010,9.89,0.862
R7852,pine,48284.1,31736.8,6180.2,-251.01,1.159
R7853,elm,65875.5,32128.5,5423.7,20.35,0.974
R7854,pine,69136.8,31782,5149.9,-205.02,1.035
R7855,poplar,-65891.5,33167.7,5365.4,49.88,0.812
R7856,elm,-63057.2,32558.8,5495.3,-41.38,0.883
R7857,pine,-62406.5,33120.5,5249.1,-90.69,1.042
R7858,poplar,-61807.3,32727.5,5018.3,-54.33,0.891
R7859,pine,-61081.4,32617.8,4940.4,-55.23,1.043
R7860,poplar,-59911.3,32795.4,5081,-194.84,0.81
R7861,elm,-58807.3,33099.3,5357.8,14.38,0.806
R7862,pine,-57572.4,32882.7,5049.4,-147.64,0.897
R7863,pine,-56549.5,33149.6,5143.8,-106.63,0.828
R7864,poplar,-47707.3,32734,7206.1,-190.11,0.83
R7865,pine,-45920.5,32772.2,7349.9,47,0.985
R7866,pine,-44175.2,32782.8,7691.1,-75.45,1.173
R7867,pine,-42860.4,32725.4,8652.7,-126.49,1.127
R7868,pine,-42019.7,32453.1,8964.3,-42.68,0.814
R7869,pine,-41316.9,32477.1,9335.9,-156.65,0.92
R7870,pine,-40682.3,32865.9,9629.7,15.59,1.219
R7871,pine,-40336.6,32434.2,8548.7,-196.34,0.802
R7872,pine,-38929.9,33093.1,8460,-181.45,0.943
R7873,pine,-38736.5,32880,8294.1,-72.56,0.828
R7874,poplar,-37446.5,32416.7,6410,-119.67,0.882
R7875,elm,-36456.3,32723.1,6440.1,-38.15,1.242
R7876,poplar,-36080.3,33133.4,6774,-115.33,0.87
R7877,pine,-35151.8,32717,6655.7,-26.52,0.896
R7878,pine,-34754.2,32481.7,6627.4,-239.03,0.937
R7879,poplar,-33386.3,32569.3,5987.3,-158.04,1.052
R7880,pine,-32952.3,33047,6050.1,1.42,1.003
R7881,elm,-31842.9,33142.7,5124.6,-37.24,1.191
R7882,elm,-28580,32792.8,4544.1,-165.91,1.218
R7883,pine,-15288.4,32474.2,6735.8,-50.24,1.232
R7884,elm,-14448,32745.8,6899.4,-36.66,0.812
R7885,pine,-12462.2,32558.4,8954,54.84,1.051
R7886,pine,-11863.8,32573.9,9681.9,-182.13,1.017
R7887,pine,-10022.2,32708.6,10458.7,21.4,0.915
R7888,pine,-9323.6,33057.2,10571.8,-37.82,0.836
R7889,pine,-8547,33158.2,10601.7,-173.29,1.015
R7890,pine,-8238.1,32430.2,9957.4,-103.86,0.864
R7891,pine,-6961.7,33047.1,10409.4,81.94,0.808
R7892,pine,-6424.9,32637.5,10091.2,-82.16,1.245
R7893,pine,-5964.8,33040.3,11089.2,-89.22,1.18
R7894,pine,-4466.4,32879,11048.6,-208.28,1.088
R7895,pine,-4048.2,32684.1,11787.7,40.89,1.122
R7896,pine,-3427.1,32898.5,11742,-187.88,1.069
R7897,pine,-2216.3,32671.3,14831,-39.73,0.938
R7898,pine,-677.7,32600,16395.2,-208.96,1.193
R7899,pine,76.2,33010.5,14305.9,-28.44,0.976
R7900,pine,841.8,32945,14526.3,20.7,1.073
R7901,pine,3195.3,32630.1,13318,-74.4,1.118
R7902,pine,3688.7,32748.6,12376.8,-49.42,0.975
R7903,pine,5014.2,32472.8,10585.5,23.23,1.115
R7904,pine,5833.5,33112.4,10450.1,-193.72,1.18
R7905,pine,6531.7,33019.5,10404,-8.77,0.938
R7906,pine,7408.2,33198.3,10285.5,-74.6,1.159
R7907,pine,7663.5,32820.3,11106.1,-2.54,1.175
R7908,pine,10164.7,32535.6,9654.9,40.31,0.877
R7909,pine,11428.8,33031.7,9146.9,-187.29,0.937
R7910,pine,11898.5,32471.4,8491.3,-146.75,1.028
R7911,pine,13139.4,32893.7,8107,-258.32,1.06
R7912,pine,13818.5,32590.5,8673.4,-244.23,0.959
R7913,pine,14603.3,33027,8720.4,-23.34,0.821
R7914,pine,14905.8,32881.2,8965.6,-6.37,1.223
R7915,pine,15695.6,33014.6,8932,-196.39,0.818
R7916,elm,16663.7,33182.8,7085.9,-60.33,1.007
R7917,pine,17986.3,33030.3,5809.4,-24.4,1.171
R7918,pine,18242.9,32730.5,5914,-9.79,1.168
R7919,elm,19242.6,33151,6143.7,-138.27,1
R7920,pine,19740.6,33050.7,5929.9,-258.04,0.937
R7921,pine,27087.1,32401.9,5949.2,41.2,1.028
R7922,poplar,27725.7,32626.1,6535.4,-169.88,1.175
R7923,pine,28715.4,32623.9,7617.4,73.75,0.894
R7924,pine,29826.5,33016.7,8893.7,81.35,1.028
R7925,pine,30597.1,32485.8,8664.6,-7.73,1.195
R7926,pine,30865.1,32460.9,8542.3,-188.25,0.847
R7927,pine,31670.9,32588.1,7908.4,41.66,1.057
R7928,pine,33069.6,33052.8,8672.3,76.05,1.217
R7929,pine,33846.9,32759.4,8807.9,68.5,0.874
R7930,pine,34282.8,32763.3,9094.5,-88.62,1.135
R7931,pine,34939,33028,9169.1,-242.27,1.052
R7932,pine,36099.6,32825.4,9439.1,-177.72,1.059
R7933,pine,37137.9,32535.7,10209.5,75.95,1.168
R7934,pine,37222.3,33126,10349.8,-100.53,0.825
R7935,pine,38414.9,32738,10685.1,-240.73,0.982
R7936,pine,39307.1,32726.8,10284.7,-225.32,0.834
R7937,pine,39843.2,32810.5,9774.1,-63.76,1.111
R7938,pine,40864.2,33084.6,8727.1,-39.7,1.231
R7939,pine,41200.6,32795.5,8301.3,-133.22,1.176
R7940,poplar,42131.1,32670.5,7757.2,-197.33,1.176
R7941,elm,43192.3,33199.2,7447.1,-1.8,0.887
R7942,elm,44144.7,32764,7347.2,34.61,0.862
R7943,poplar,44941.9,32416.1,7851,41.55,1.126
R7944,elm,45440.8,32629.7,7674.6,-18.92,1.2
R7945,pine,47128.4,32943.8,6488.5,-61.97,1.05
R7946,pine,48336.7,32853.9,6534.9,-99.71,1.027
R7947,poplar,52857.8,33177.4,4106.9,-87.25,1.021
R7948,pine,63119.8,32577.2,4839.6,-222.48,1.032
R7949,elm,64333.7,32465.4,5669.6,-81.7,1.152
R7950,pine,64803.1,33107.6,5678.9,-86.52,1.23
R7951,elm,65788.5,32707.3,5547.3,47.32,1.232
R7952,pine,66400.3,32649.7,5414.7,-21.72,1.012
R7953,pine,67145.3,32635.7,5206.1,56.39,0.956
R7954,poplar,68186.4,33034.8,4914.3,-40.97,0.886
R7955,elm,-66046.9,33511.1,5455.3,48.97,0.919
R7956,pine,-64870.5,33516.4,5628.3,-152.61,1.226
R7957,elm,-63744.2,33445.1,5852.3,21.01,1.197
R7958,pine,-61291.3,33686.6,4829.5,20.62,0.986
R7959,elm,-60979.8,33900.4,4846.6,-22.47,0.883
R7960,pine,-60339,33341.4,4969.6,-180.27,0.998
R7961,elm,-58905.4,33298.4,5333.1,-112.32,0.802
R7962,pine,-58284.9,33838,5451.5,-31.68,1.167
R7963,poplar,-57858.9,33915.8,5589,-82.37,1.22
R7964,pine,-57069.5,33701.9,5375.4,74.16,1.055
R7965,poplar,-56318.7,33846.2,5365.1,-113.65,1.164
R7966,elm,-55079,33709.4,5937.5,-201.56,0.917
R7967,pine,-43631.3,33565.8,7945.2,-176.3,1.213
R7968,pine,-41516.5,33659.2,9392.3,4.31,0.892
R7969,pine,-41061.7,33506,9210,-50.41,0.855
R7970,pine,-39895.5,33947,9543.2,76.65,0.924
R7971,pine,-39085.4,33992.1,9521.7,-266.77,1.11
R7972,pine,-38682.8,33906.5,9042.3,-49.11,0.997
R7973,pine,-37537.8,33655.3,8952.5,-255.3,1.039
R7974,pine,-37042.2,33408.7,7607.1,56.24,1.078
R7975,pine,-35868.5,33691.2,7751.3,41.19,1.07
R7976,elm,-35244.4,33470.5,7056.9,82.58,0.89
R7977,pine,-33442.9,33346.7,6219.5,-67.6,1.098
R7978,pine,-32635.3,33536.5,5754.3,-239.65,1.195
R7979,pine,-32161.8,33914.9,5525.4,-72.03,1.118
R7980,pine,-31210.6,33549.6,4774.5,58.47,0.805
R7981,elm,-30781.5,33680.6,4760.3,-152.24,1.233
R7982,elm,-28834.9,33766.9,4293.8,37,1.075
R7983,pine,-27923.3,33835.1,4351.3,-101.01,1.073
R7984,elm,-17654.6,33907.3,4643.9,-231.2,1.044
R7985,elm,-16523.3,33880.9,5875,-11.21,1.232
R7986,pine,-15005.3,33291.1,6611.6,14.47,1.058
R7987,pine,-14054.9,33429.7,6926.7,-165.77,0.932
R7988,pine,-10089.8,33515.6,10953.5,-169.82,0.842
R7989,pine,-9814.3,33521.4,10502.6,-177.03,0.804
R7990,pine,-8651.7,33790.6,9795.6,-155.24,0.992
R7991,pine,-7982.4,33986,10657.7,-86.06,1.006
R7992,pine,-6739,33749.5,12155.6,-138.65,1.122
R7993,pine,-5868.1,33550.5,12286.5,-235.24,1.009
R7994,pine,-4764.2,33455.8,11645.4,-66.74,1.211
R7995,pine,-3783.7,33320.5,11388.4,-76.3,1.141
R7996,pine,-3161.7,33390.2,11985,69.02,1
R7997,pine,-2771.4,33459.6,12182.8,-18.92,0.988
R7998,pine,-1838.1,33875.3,12973.6,60.68,0.951
R7999,pine,-688.7,33220.7,15792.8,14.4,1.058
R8000,pine,-169,33224.5,14528,7.12,0.848
R8001,pine,971.5,33451.3,13482.8,76.36,1.151
R8002,pine,2346.4,33924.6,11434.6,12.06,1.201
R8003,pine,5578.7,33650,10501.1,-65.66,0.841
R8004,pine,6621.2,33897.7,10792.6,-35.65,0.966
R8005,pine,6808.7,33446.4,10286.5,45.2,0.853
R8006,pine,7825.5,33933,11135.9,-216.58,0.85
R8007,pine,9068.8,33472.7,11990.3,-246.98,0.868
R8008,pine,9309.7,33230.7,11990,77.36,1.093
R8009,pine,10341.1,33200.8,10425.5,59.95,0.84
R8010,pine,11484.5,33689.5,8349,-225.21,1.035
R8011,pine,11979.1,33579.8,8524.4,-179.17,0.836
R8012,pine,13199.4,33937.9,9288.6,-168.4,1.134
R8013,pine,13957.9,33651,8685.1,-140.76,0.866
R8014,pine,14551.8,33229.4,8896.3,-155.91,1.023
R8015,pine,14916.6,33609,9115.3,81.92,1.097
R8016,pine,15729.4,33362.1,8719.3,-73.94,0.915
R8017,pine,17585.2,33976,6335.8,-206.46,0.895
R8018,pine,18330.2,33833.2,6093.4,69.05,1.207
R8019,pine,19046.9,33688.5,6189.9,-197.92,0.802
R8020,pine,19663.3,33883.7,5784.2,-35,0.863
R8021,pine,20660.6,33982.3,5563.3,0.58,0.876
R8022,elm,27124.5,33539.6,6395.9,-262.39,1.15
R8023,pine,29055.8,33502.6,8170.4,-100.33,0.94
R8024,pine,29765.1,33916.9,8532.5,-5.97,0.983
R8025,pine,30784.6,33901.8,9324.1,-164.65,1.175
R8026,pine,31481.6,33828.9,10043.9,-150.73,1.241
R8027,pine,32254.8,33648.9,9543,-208.6,1.153
R8028,pine,32571.7,33502.1,9155.7,-33.92,0.855
R8029,pine,33570.3,33236,9147.4,-241.86,0.803
R8030,pine,34304.8,33726.7,10088.2,41.33,0.923
R8031,pine,35152.6,33465.1,9562.8,-186.07,1.161
R8032,pine,36257,33308.2,9464.2,-38.98,0.913
R8033,pine,36894.4,33706.8,10197.2,-106.43,1.222
R8034,pine,37857.5,33307.5,10296.2,-57.58,0.964
R8035,pine,38779.8,33989,10841.2,-46.72,1.066
R8036,pine,39005.5,33995.8,10751.6,-83.01,0.866
R8037,pine,39613.5,33346,10216.6,-223.2,1.068
R8038,pine,40556.3,33401.8,9360.8,-2.06,1.237
R8039,pine,41978.9,33674.4,7352.4,37.7,1.244
R8040,elm,42762.3,33952,7505.3,-45.07,1.127
R8041,pine,43039.9,33789.7,7250.4,-92.63,1.114
R8042,elm,44087.1,33205.7,7089.9,-267.49,0.994
R8043,poplar,45369,33297.1,7604.3,54.34,0.822
R8044,elm,46500.1,33953,6417.2,-168.14,0.961
R8045,elm,47006.2,33413.1,6481.5,-77.72,1.148
R8046,elm,47998.6,33387.4,6547,-78.72,0.951
R8047,elm,49127.5,33850.7,5259.1,-59.66,1.116
R8048,pine,50952.4,33423.7,5274.3,-128.97,1.057
R8049,pine,63879.1,33584.7,4977.5,-253.56,1.006
R8050,pine,66629.3,33487.7,5535.2,-212.46,1.101
R8051,pine,66965.2,33716.5,5509.8,40.22,1.066
R8052,poplar,68329.2,33302.2,4910.3,22.32,1.085
R8053,poplar,-65461.2,34752.3,5758.9,70.04,0.852
R8054,elm,-63810.5,34112.3,5886.8,-137.08,1.12
R8055,pine,-63081.4,34400.1,5523.5,-2.72,0.81
R8056,pine,-62339.4,34229.6,5154.4,-234.8,1.231
R8057,pine,-61709.5,34585.5,4960.1,-67.53,0.936
R8058,pine,-61133.9,34517,4921,5.17,1.04
R8059,elm,-59662.9,34182.3,5215.9,-23.48,1.137
R8060,pine,-59148.7,34520.9,5224.6,-60.68,1.099
R8061,elm,-57857.9,34560.6,5676.7,69.67,1.066
R8062,pine,-42495.9,34278,9327.2,-23,1.155
R8063,pine,-41973.4,34653.5,9225.3,-250.68,0.858
R8064,pine,-40941,34082,9450.6,2.16,1.2
R8065,pine,-40180,34338.6,9469.2,-266.92,1.105
R8066,pine,-39462.2,34715.2,8893.3,-164.29,1.192
R8067,pine,-38791.3,34423.7,9295.9,65.84,1.216
R8068,pine,-37969,34166.7,8812.2,-25.06,1.049
R8069,pine,-36782.9,34062.4,8634,-129.84,1.2
R8070,pine,-35875.7,34585,7525.4,-258.56,0.921
R8071,pine,-35427.4,34535.2,7929.9,-25.74,1.031
R8072,pine,-34086.2,34154.4,6665.8,1.5,0.835
R8073,pine,-33580.7,34486.1,6255,-252.5,1.141
R8074,pine,-32519.7,34526.9,6021.6,-97.29,1.237
R8075,pine,-31826.2,34462.9,5282.6,61.87,0.965
R8076,pine,-11326,34578.7,10012.8,-82.27,0.839
R8077,pine,-9378.5,34177.3,10370.3,-191.99,0.93
R8078,pine,-8828.1,34720,10773.3,5.78,1.084
R8079,pine,-8347.1,34356.2,10066.4,-138.02,1.145
R8080,pine,-6982.7,34180.9,10660.8,-23.44,1.008
R8081,pine,-6396.1,34537.7,10205.1,-74.18,0.983
R8082,pine,-5507.5,34487.1,10319.6,-212.01,0.95
R8083,pine,-4425.3,34240.5,12200.1,-187.98,1.173
R8084,pine,-3822.1,34366.7,13062.1,73.82,1.146
R8085,pine,-3249,34372.8,12494.9,-0.25,1.205
R8086,pine,-2791.1,34068.8,11957.2,-206.4,1.143
R8087,pine,-1972.4,34410.6,13194.4,-181.77,1.22
R8088,pine,480.4,34630.3,13836.5,19.74,1.121
R8089,pine,5923.4,34071.8,10370.9,-116.61,1.222
R8090,pine,6680.5,34231.2,10891.3,-27.47,1.05
R8091,pine,7491.4,34005.7,11343.3,-170.23,0.908
R8092,pine,7812.8,34193.4,11656.1,-15.24,1.201
R8093,pine,8449.8,34497.4,12810.8,-64.47,1.216
R8094,pine,10715.2,34319.2,8632,-106.97,0.918
R8095,pine,11628.8,34562.7,8396.6,-211.34,1.09
R8096,pine,12998.3,34299.1,9421.8,8.58,1.246
R8097,pine,13559.3,34250.9,9346.2,-47.43,1.148
R8098,pine,14251.2,34108.8,8848,85.79,1.064
R8099,pine,15073.9,34557.8,7885.2,-177.47,1.247
R8100,pine,16256.1,34292.7,8457.8,-21.34,0.946
R8101,pine,16683,34573.4,8044.2,-113.9,1.145
R8102,pine,17449.9,34003.3,6425,-237.09,0.99
R8103,poplar,18722.5,34445.3,6078.6,-176.9,0.969
R8104,pine,18816.3,34128.7,6021.5,-201.39,1.133
R8105,pine,19819.4,34795.6,5859.1,-39.24,0.91
R8106,pine,21184.2,34714.9,4997.9,52.4,1.098
R8107,pine,27320.9,34632.6,6554.8,43.98,1.123
R8108,pine,28071.4,34427.2,7345.1,-138.86,0.958
R8109,pine,28718.4,34586.2,8253.8,-162.53,1.011
R8110,pine,29934,34728.7,8109.7,-13.34,0.997
R8111,pine,30668.7,34137.2,8792,-117.06,0.922
R8112,pine,31348.6,34292,9114.9,-68.4,1.052
R8113,pine,32070.6,34638,9626.6,13.61,1.002
R8114,pine,32793.8,34493.8,9536.3,-15.78,1.161
R8115,pine,33641.5,34647.6,9355.8,-28.38,1.14
R8116,pine,34428.3,34612.6,8943.9,-198.45,0.859
R8117,pine,35110.2,34268.2,10218.3,-187.75,1.11
R8118,pine,35759.6,34532,9757.5,77.1,0.849
R8119,pine,36910.6,34566.5,9831.6,2.55,0.952
R8120,pine,37935.4,34352.3,10541.6,-90.51,1.191
R8121,pine,38739.3,34390.7,11208.6,-240.67,0.842
R8122,pine,39139.6,34537.4,11533,85.9,0.852
R8123,pine,39984.9,34268,9494.4,-193.29,0.823
R8124,pine,41099.3,34034.9,8973,-101.13,1.217
R8125,poplar,42720.6,34640.4,7662.7,-15.6,1.027
R8126,pine,44060.7,34081.9,7461.6,-137.65,1.099
R8127,poplar,44531,34395.9,6719.7,50.81,1.148
R8128,pine,45360.4,34769.5,6434.3,19.77,1.028
R8129,elm,46404.2,34307,6495.2,5.12,1.103
R8130,elm,47279.7,34137.1,6619.3,31.96,1.111
R8131,elm,48063.6,34626,5707.5,-200.9,1.008
R8132,pine,49021.9,34031.1,5272.7,-124.93,1.165
R8133,pine,49265.3,34196,5177.4,76.18,0.899
R8134,elm,51030.7,34140.6,4788.5,-132.38,1.077
R8135,elm,64212.6,34057.8,4896.5,-122,0.998
R8136,poplar,65259,34383.7,5291.8,-109.11,0.908
R8137,pine,66949.8,34183.4,5401.8,-174.52,0.874
R8138,pine,67799,34234.8,5414.4,-55.36,0.994
R8139,elm,69177.2,34155.1,4986.8,-28.58,1.094
R8140,pine,-65627.2,35378.1,5789.5,-13.99,1.06
R8141,pine,-64985.9,35185,6032.1,-230.68,0.881
R8142,elm,-63615.6,34977.7,5487.8,-92.37,1.238
R8143,pine,-63099,35092.2,5188.5,66.37,1.079
R8144,pine,-62630.3,35029.1,5261.3,-48.08,1.133
R8145,elm,-60549.3,35490.3,5068,50.16,0.953
R8146,pine,-59977.2,34874.7,5089.3,41.26,0.855
R8147,pine,-58942.9,34997,5291,41.68,1.231
R8148,elm,-58454.9,35488.9,5439.3,-136.66,0.814
R8149,pine,-57648.8,34937.2,5423.4,-127.97,0.991
R8150,pine,-43169,35337.7,8534.5,-136.23,1.01
R8151,pine,-42163,35068.3,9164,-266.49,0.823
R8152,pine,-41269.1,35336.3,9592.3,-227.18,1.047
R8153,pine,-40468.5,35474.1,8939.2,-190.4,0.894
R8154,pine,-40380,35053.9,9044,39.45,0.827
R8155,pine,-39248.7,35442,8219.3,-261.93,1.249
R8156,pine,-38762,35263.7,8085.7,-228.13,0.946
R8157,elm,-37974.2,35185.2,7771.5,-156.63,1.214
R8158,poplar,-36501,35448.6,7258.5,44.97,0.891
R8159,pine,-35958.2,34949.3,7198.6,-111.14,1.032
R8160,pine,-35248.1,34842,7698.9,-114.07,0.962
R8161,poplar,-34698.9,35429.3,7177.7,-42.78,0.938
R8162,elm,-33554.2,35153.6,6725,-21.95,1.033
R8163,elm,-32760,35006.1,5985.8,-153.73,1.118
R8164,elm,-31996.8,35368.4,5428.6,-146.31,0.949
R8165,elm,-30865,35392,4791,-87.42,0.875
R8166,pine,-14148.7,34873.6,6438,-59.06,0.875
R8167,pine,-13870.9,35011.2,6301.9,-221.18,1.172
R8168,elm,-12402.7,35572.7,7087.9,-69.15,0.917
R8169,pine,-11783.4,35485,8064.7,-73.18,0.883
R8170,pine,-11417.9,35569,8524.9,-28.96,0.845
R8171,pine,-10291.1,35251,10718.8,-237.87,1.179
R8172,pine,-9549.6,35483.5,10689.7,-142.88,1.205
R8173,pine,-8463.7,35423.3,11168.4,7.98,1.138
R8174,pine,-8326.8,35036.9,10674.2,-126.27,0.93
R8175,pine,-6972,35367.7,9777.2,22.42,0.825
R8176,pine,-6640.9,34834.1,10101.5,-261.42,1.172
R8177,pine,-5946,35041.9,9544.3,58.42,1.198
R8178,pine,-4429.4,34866.1,12392.8,-146.37,1.062
R8179,pine,-3811.6,34801.6,11825.4,-206.03,1.214
R8180,pine,-3564.5,35026.4,11477,-168.82,0.81
R8181,pine,-2046.6,35411.7,13082.8,-197.33,1.176
R8182,pine,-1999.8,35014.4,13338.4,-33.58,0.865
R8183,pine,942.5,34914,13803.7,10.96,1.037
R8184,pine,7012.8,35030.3,11065.1,25.93,1.087
R8185,pine,8353.7,35347.1,11515.8,-58.87,0.954
R8186,pine,10550.8,35248.6,9293.9,-256.34,0.899
R8187,pine,11373.3,35337.1,8500.6,-213.97,1.12
R8188,pine,12068.9,35205.9,9042.1,-4.73,0.94
R8189,pine,13714.3,35157.2,8576.3,-57.91,0.988
R8190,poplar,14775.2,35220,6966.8,-127.75,1.054
R8191,pine,15270.1,35115.1,6981.7,78.51,0.963
R8192,elm,16132,35196.1,7032.1,-149.79,0.92
R8193,elm,17013.1,35177.8,7162.1,50.99,1.123
R8194,pine,17263.9,34824.1,7745.7,-138.71,1.095
R8195,pine,18176.6,35442.1,7301.4,54.8,1.064
R8196,pine,18994.4,34988.2,6672.2,-267.32,0.818
R8197,elm,19974,34982.8,5794.8,-223.86,1.219
R8198,elm,20588.3,35145.1,5559.7,38.14,0.852
R8199,elm,26660.5,35488.7,5354,-188.64,1.102
R8200,pine,27572,35400,6598,-95.26,1.045
R8201,elm,27804.1,35184.8,6671.9,-191.44,1.114
R8202,pine,28960.4,35130.8,8162.9,-76.98,0.967
R8203,pine,29531.6,35047.8,8076.3,-72.61,1.085
R8204,pine,30360.1,35458.8,8225.2,-205.61,0.832
R8205,pine,31033.4,35131.3,8169.2,-57.53,1.051
R8206,pine,31854.5,35411.8,8783.3,-248.24,1.247
R8207,pine,33089.1,35558.1,7930.4,15.86,0.91
R8208,pine,33881.7,35455.4,8227.2,-142.15,1.121
R8209,pine,34003.8,35304.1,8456.5,-65.3,1.111
R8210,pine,35475.8,35251.1,9091.3,68.94,1.082
R8211,pine,35862.2,35575.7,9396,-98.52,0.865
R8212,pine,37033.5,35565.1,8931.9,-99.46,1.199
R8213,pine,37557.3,35535,8873.3,-198.56,1.083
R8214,pine,38381,35199.8,10153.9,-217.44,0.846
R8215,pine,39198.1,35016.8,11561.6,82.44,1.05
R8216,pine,40019.4,34898.1,9939.3,36.98,0.994
R8217,pine,41064.9,35164.7,9458.5,-29.11,1.055
R8218,pine,41464.1,35439.2,9783.9,-224.22,1.212
R8219,pine,42994.7,34935.6,8000.6,-56.96,0.836
R8220,pine,44188.9,34849.7,6728.3,-49.93,1.101
R8221,pine,45199.6,35192.3,6533.5,-251,0.895
R8222,pine,45731.5,35085.2,6554.8,-184.67,1.241
R8223,pine,46214.2,35128.8,6957.2,-159.62,0.802
R8224,pine,47412.7,35405.3,5768.1,-121.44,1.15
R8225,pine,47675.1,35260.4,5638.6,-219.56,1.159
R8226,pine,48584.1,35486.6,5286.2,-209.11,1.132
R8227,pine,50443.5,35190.2,4439.2,69.28,1.012
R8228,pine,65845.2,35517.5,5100.3,-180.36,1.156
R8229,poplar,67123,35540.2,4818,89.32,0.823
R8230,pine,67694.8,35532.4,4821.4,72.6,1.076
R8231,pine,-66191.7,36190.7,6019.7,-223.22,0.945
R8232,poplar,-65621.1,35926.7,5875.2,-254.4,0.941
R8233,poplar,-64599.1,35922,5547.3,10.5,0.983
R8234,elm,-64336.5,36200.4,5234.7,-111.86,0.913
R8235,elm,-63010.2,35626.7,4989.2,20.38,1.124
R8236,elm,-62023.9,36241.3,4866.1,-136.95,1.125
R8237,elm,-60587.7,35825.7,5019.8,-246.9,0.954
R8238,poplar,-59818.2,36028.4,5099.3,-181.02,0.827
R8239,poplar,-58999.4,36067.1,5462.1,-180.98,1.205
R8240,poplar,-58634.4,35675.6,5486.1,-161.57,1.19
R8241,pine,-57932.1,36179.3,5335.9,-162.58,1.091
R8242,pine,-43308.1,35753.9,8100.6,-159.54,1.191
R8243,pine,-42075.7,36293.7,9436.8,-236.34,1.01
R8244,pine,-40950.2,35931.8,9395.7,-40.01,1.145
R8245,pine,-40098.7,36271.9,8583.4,-164.65,1.166
R8246,pine,-39078.1,36169.6,8301.8,-155.01,1.099
R8247,pine,-38508.2,35742.7,7814.6,-95.6,0.995
R8248,poplar,-37355.8,36245.2,7674.1,-51.01,1.045
R8249,pine,-37126.6,36147.9,7776.8,-249.92,1.149
R8250,elm,-36081.1,35896.8,7407.5,58.55,1.16
R8251,elm,-35264.2,36212.7,7037.7,-160.91,1.021
R8252,pine,-34047.8,35915.9,6649.3,-31.39,0.813
R8253,elm,-33970,36012,6708.9,-67.21,1.188
R8254,elm,-32798.3,35652.4,6340.1,68.2,0.806
R8255,pine,-31894.4,36377.2,5288.4,21.88,1.243
R8256,pine,-31192.3,35668.4,4795.2,38.29,1.086
R8257,pine,-29241.1,36262.8,4257.2,-131.88,0.872
R8258,pine,-28419.8,35662.4,4172.9,-247.85,1.146
R8259,poplar,-14925.7,35688.4,6038.5,-184.89,0.925
R8260,poplar,-14333.8,36190.6,5802.8,-168.23,1.004
R8261,pine,-13761.8,36264,6229.2,48.84,0.818
R8262,pine,-12688.9,36331.7,6872.4,-101.78,1.061
R8263,pine,-12106.5,35659.9,7386.5,-251.92,0.856
R8264,pine,-11364.5,35821.9,8634.3,-35.95,1.242
R8265,pine,-10744.7,35741.2,9443.8,-124.55,0.985
R8266,pine,-9956.4,35948.2,10134.7,-132.67,0.961
R8267,pine,-8701.3,35918,9838.6,19.41,1.098
R8268,pine,-8284.6,35858,10315.3,-99.76,1.197
R8269,pine,-6936.4,36087.3,9365.8,76.58,0.844
R8270,pine,-6206.6,35871,9605.6,49.41,0.865
R8271,pine,-5636.3,35627,10502.4,13.45,1.137
R8272,pine,-4787.5,35659.2,11353.9,-241.21,1.155
R8273,pine,-4398.3,35941.8,10156.4,-98.89,1.079
R8274,pine,-2007.8,36362.1,12377.9,-88.23,1.055
R8275,pine,-1358.1,36376,13518.4,-129.49,0.92
R8276,pine,-471.1,36160.7,13590,-73.37,0.846
R8277,pine,-10.7,35901.5,12904.6,-29.84,1.035
R8278,pine,543.6,35640.5,12410,-128.58,0.838
R8279,pine,2387.4,35841.8,12678.2,47.85,1
R8280,pine,3496.4,36113.2,11673.1,18.35,0.938
R8281,pine,8120.7,36395.3,11020.5,-167.94,0.949
R8282,pine,9006.1,36102.3,11304.5,-243.18,0.91
R8283,pine,9556.1,36098.2,11258.3,-206.95,1.242
R8284,pine,10204.6,36139.3,10521.3,-172.82,1.144
R8285,pine,12361.9,35756.5,9682.2,50.02,1.119
R8286,pine,12800.7,35796.1,9273.8,4.57,0.926
R8287,pine,13492,35880.4,7943.5,-218.21,1.13
R8288,elm,14303.6,35901.6,7186.8,-68.78,1.193
R8289,elm,15409.1,35770.8,6222.3,-100.95,1.025
R8290,pine,15809,35790.8,6213.5,-38.21,0.916
R8291,pine,16913.2,36241.9,6204.8,-22.85,1.144
R8292,pine,17762.8,36109.2,6267.1,-93.5,1.008
R8293,elm,18765.1,36386.3,6327.2,-205.77,0.85
R8294,pine,19554.4,35654,6061.1,-207.8,0.872
R8295,elm,20144.9,35935.6,5761.7,-102.95,1.076
R8296,elm,20715.8,36188.4,5629.7,1.26,1.077
R8297,poplar,26621.8,35717.1,5326.7,-205.99,0.933
R8298,pine,26812,36059,5664.4,75.87,1.032
R8299,pine,27614,35909.4,6745.6,-10.78,1.065
R8300,pine,29069.5,36141.2,7621.5,27.77,0.995
R8301,elm,29650.5,36087.4,7787.3,-124.38,0.944
R8302,pine,30397.7,36025.6,8319.2,-114.11,1.14
R8303,pine,30893.8,36273.8,8009.9,-216.98,0.878
R8304,pine,31812.2,36308.2,7849.3,65.24,1.187
R8305,pine,32425,35699.8,8045.6,-47.79,1.062
R8306,pine,33717.8,36362.6,7209.7,-129.34,1.207
R8307,pine,34734.3,36186.6,8566.2,37.27,1.155
R8308,pine,34981.7,36012,8852.6,70.21,0.85
R8309,pine,36268.5,36276.2,8903.3,-48.07,1.029
R8310,pine,36521.2,35661.3,9384,1.33,0.856
R8311,pine,37994.3,36350.8,8113.9,-60.83,1.036
R8312,pine,38158.3,35828,8536.8,-56.38,1.218
R8313,pine,39087.4,36255,9629.5,-184.52,0.969
R8314,pine,40210.3,36082.4,9009,-193.24,1.232
R8315,pine,40817.7,36252.2,9146.2,-74.98,0.941
R8316,pine,41302.3,35696.7,9757.3,1.74,1.038
R8317,pine,42111.2,35844.3,9838.7,-82.41,0.886
R8318,pine,43039.3,35831.2,8515.8,-192.65,1.153
R8319,poplar,43627.6,35817.9,7433.1,-211.6,0.834
R8320,elm,44687.5,35765.2,6985.4,82.25,1
R8321,pine,45432.8,35912.8,7512.3,-23.35,0.937
R8322,pine,46103.7,35721.3,6923.6,-109.33,1.184
R8323,pine,47512.6,35987.4,5877.2,-177.37,0.851
R8324,pine,47935.6,36091.5,5555.2,-97.36,0.907
R8325,elm,48636.1,35804.6,5285.3,-73.59,1.21
R8326,elm,49265.6,36156.4,5256.8,-234.12,1.02
R8327,pine,50224.8,36331.9,4582.3,37.41,0.872
R8328,elm,65532.2,35856.3,5017.4,-186.42,1.075
R8329,pine,67675.4,35776.4,4766,-150.1,1.165
R8330,poplar,-66537.5,37078.2,5994.1,-192.98,1.174
R8331,elm,-65578.2,36987.3,5566.9,52.52,1.127
R8332,poplar,-64589.3,37149.4,5082.5,-120.54,1.025
R8333,elm,-64352.7,36698,5042.3,-31.74,1.241
R8334,pine,-63442.3,36891.4,4748.3,10.89,0.885
R8335,pine,-62675.4,36978.5,4731.5,-22.29,1.048
R8336,elm,-61986.5,36829.9,4835.4,-50.76,1.245
R8337,pine,-60749.5,37157.2,4937.4,-82.4,1.046
R8338,elm,-60335.1,36673.6,5186.6,-0.36,0.827
R8339,pine,-59576.6,36584,5323.8,-220.42,1.24
R8340,poplar,-58314,36955.9,5437.3,-161.83,1.087
R8341,elm,-57862.5,37075.6,5221.1,-233.86,0.915
R8342,pine,-42894.1,36561.6,8062,-102.79,0.958
R8343,pine,-42191.5,36861,9349.5,-123.36,0.855
R8344,pine,-41611.2,37193.2,9733.6,-263.67,0.932
R8345,poplar,-38082.1,36477.7,7797,-74.56,1.069
R8346,elm,-37998,36563.2,7599.7,-169.98,0.819
R8347,poplar,-36685.9,36975.5,6623.8,-168.26,0.852
R8348,pine,-36383.5,36971.7,6423.3,-100.89,1.143
R8349,pine,-35076.7,36607.9,6791.2,-160.98,1.142
R8350,elm,-33667.9,36904.5,6562.1,-236.78,1.094
R8351,pine,-31663.1,37116.8,5184.5,-212.39,1
R8352,pine,-31509,37058.4,4985.6,-54.27,0.985
R8353,pine,-30208.4,36512.1,4628.7,-219.91,1.021
R8354,pine,-28999.8,37046.3,3907.3,-177.8,1.159
R8355,poplar,-14333.5,37010.9,6191.1,-244.66,0.844
R8356,elm,-12825.6,37141.8,7354.5,-206.72,1.008
R8357,elm,-11890.5,36935,7865.6,-176.89,1.065
R8358,pine,-11479.8,36945.5,8500.3,-192.8,0.977
R8359,pine,-10140.9,36762.2,10499.6,57.62,1.091
R8360,pine,-9613.8,37120.6,10607.5,38.48,0.874
R8361,pine,-8545.9,36529,9550.4,77.31,0.958
R8362,pine,-8307.3,36538.7,9859.8,-225.87,1.178
R8363,pine,-6903.5,36456.1,9365.8,17.68,1.004
R8364,pine,-6351.3,36986.3,10706.9,65.93,1.143
R8365,pine,-5336.4,36805.2,10066.2,-136.62,1.181
R8366,pine,-4997.3,37149.6,9779.1,-107.86,1.162
R8367,pine,-3843.8,37059.6,10026,-264.8,0.911
R8368,pine,-3145.4,36679,10611.4,24.47,1.223
R8369,pine,-2760.2,36713.2,11189.8,-254,0.982
R8370,pine,-1822.6,36410.9,12530.7,-72.37,1.242
R8371,pine,384.8,36559.9,12106.8,27.82,1.144
R8372,pine,1030.4,37002.6,12327.9,-54.95,1.009
R8373,pine,1457.3,36880.2,11503.5,-37.31,0.934
R8374,pine,3372.4,36654.9,10438.7,-32.65,1.246
R8375,pine,4493.6,37178.6,10583.4,-52.1,1.18
R8376,pine,8050,36572.3,10907.6,78.35,0.859
R8377,pine,9814.6,36765.7,10751,-121.17,0.809
R8378,pine,10436.9,36546.1,10266.1,-212.96,0.989
R8379,elm,14553.9,37133.2,6943.9,-104.36,1.013
R8380,elm,14916.8,36683.7,7145.1,34.5,0.82
R8381,pine,15798.8,36718.8,6591.5,23.23,0.814
R8382,poplar,16772.5,37101.5,6159.5,-176.88,0.992
R8383,elm,17438.3,37185.8,6418.5,-237.83,1.148
R8384,pine,18133.5,36507.2,6097.1,48.18,1.08
R8385,elm,19092,36419.3,6491.7,-181.12,0.96
R8386,pine,20246.9,36466.9,5683.4,-146.15,1.11
R8387,elm,20494.6,36715.8,5678.2,-210.85,0.913
R8388,pine,26760,36790.5,5930.7,-146.05,1.202
R8389,pine,27386.5,36730.1,6914.2,-249.83,0.8
R8390,elm,27673.9,36418.1,7022.8,28.77,1.153
R8391,elm,28520.1,36689.6,7515.2,-269.25,1.145
R8392,poplar,29418.8,36757.3,7460.8,-139.87,1.005
R8393,pine,30367.5,36818.5,7785.9,-147.64,0.812
R8394,pine,31176.1,36990.5,7467,-213.91,1.093
R8395,elm,32044.6,36615.2,7716.8,26.23,0.875
R8396,elm,32789.7,36705.7,7419.7,-129.27,0.944
R8397,poplar,33369.9,36998.4,7810.4,-95.24,0.947
R8398,pine,34016.9,37155.6,8399.7,-131.51,1.092
R8399,pine,35413.3,36570.4,8483.8,-77.34,1.205
R8400,pine,36111.7,36696.9,7879,-171.15,1.02
R8401,pine,37545.6,36808.4,8406.1,-77.97,1.03
R8402,pine,38248.9,36442.9,8221.1,-167.81,0.845
R8403,pine,41039.3,36730.7,9255,-156.79,0.919
R8404,pine,41519.2,37053.1,8827.7,78.91,1.049
R8405,pine,42406.6,36871.5,9209.4,-259.93,1.227
R8406,pine,43030.5,37011.9,9230.6,-261.01,0.802
R8407,pine,43764.3,36824.5,8672.3,-71.09,0.908
R8408,poplar,45097.1,36905,7411.8,55.59,0.807
R8409,poplar,45574,36943.7,7094.3,-103.91,1.115
R8410,pine,46019.4,36525.1,6464.8,55.02,1.109
R8411,pine,47049.1,36639.4,6262.4,-79.85,0.963
R8412,pine,48103.8,36847,6079.5,-251.25,0.813
R8413,pine,48887.5,36984.6,5519.9,-8.81,0.988
R8414,pine,49940.1,36425,4731.5,-71.49,0.848
R8415,elm,50072.8,37176.9,4811.2,-209.23,0.906
R8416,pine,63762.8,37166.2,4552.9,21.58,0.832
R8417,elm,64894.4,36737.2,4617.8,-116.06,0.908
R8418,poplar,68951.8,36464,4974.4,80.71,1.028
R8419,elm,-67439.2,37967.5,6244.8,-65.24,1.123
R8420,elm,-66148.4,37577.7,5645.7,-57.18,1.136
R8421,poplar,-65689.6,37857.7,5350.9,89.68,1.066
R8422,pine,-64248.3,37733.5,4798.9,-38.4,1.116
R8423,pine,-61933.8,37699.8,4560.2,-7.15,1.174
R8424,pine,-59257.6,37969.3,5003.3,-86.73,0.814
R8425,poplar,-58676.5,37309.4,5476.1,22.39,1.137
R8426,pine,-57359.8,37330.1,5038.5,-257.19,0.96
R8427,pine,-56355.6,37696,5135.2,71.42,0.827
R8428,pine,-43787.7,37865.3,8144.5,-118.67,0.922
R8429,pine,-43361.1,37204.5,7896.8,-217.15,1.071
R8430,pine,-42539.5,37893.8,9756.1,-113.92,0.814
R8431,elm,-40500.7,37268.8,7805.3,88.31,1.165
R8432,pine,-39341.7,37873.6,6887.8,-181.91,1.162
R8433,elm,-38289.4,37202.5,7168.2,-179.26,0.831
R8434,pine,-36618.8,37718.5,6404.2,-58.67,1.113
R8435,poplar,-35626.5,37746.6,6604.1,41.95,1.177
R8436,pine,-34034,37510.4,6531.1,-58.32,1.117
R8437,poplar,-32984.4,37593.8,5550.8,86.77,1.161
R8438,elm,-31815.3,37508.9,5276.7,13.08,0.903
R8439,pine,-14717.8,37686.6,5944,-55.19,1.007
R8440,elm,-13313.9,37246.1,7198.3,-45,0.84
R8441,poplar,-12446.6,37680.7,6882.7,-246.44,0.999
R8442,pine,-12313.5,37796.7,6832.3,-138.97,1.117
R8443,pine,-11505.2,37403.4,8584.1,-181.27,1.049
R8444,pine,-10206.1,37732.3,9977.9,24.98,1.025
R8445,pine,-9943.2,37322.4,10693.1,4.59,1.006
R8446,pine,-9175.4,37941.2,9150.6,-115.83,1
R8447,pine,-7997.4,37207.4,9868.2,-210.34,1.15
R8448,pine,-6991.3,37947.2,9156.9,-15.9,1.227
R8449,pine,-6006.2,37726.9,9630.8,-54.85,1.014
R8450,pine,-5263.9,37714.8,9273.8,-139.61,1.177
R8451,pine,-4410.1,37756.6,10074.2,-238.54,0.824
R8452,pine,-3919.5,37229.1,9897.1,-239.85,1.038
R8453,pine,-3441.9,37214.8,10658.6,-247.9,1.007
R8454,pine,-1734.5,37690.3,12132,-145.46,1.064
R8455,pine,-857,37611.4,15136.3,-70.37,0.902
R8456,pine,1547.3,37360.5,11806.8,56.18,1.032
R8457,pine,2672.4,37754.9,10931.6,-266.57,0.879
R8458,elm,12853.4,37768.1,7437.5,-190.31,1.246
R8459,pine,14434.2,37570.7,6901.3,-64.62,0.836
R8460,elm,15559.1,37947.4,5847.9,-154.05,1.12
R8461,elm,16371.6,37684.7,5883.5,-173.11,1.175
R8462,poplar,16957.6,37474.8,5978.1,-262.32,0.863
R8463,elm,17609.4,37564.1,6296.3,-175.32,0.893
R8464,elm,18064.7,37485.8,6175.6,-61.49,1.147
R8465,pine,19559.1,37696.8,6538.3,-253.44,0.834
R8466,pine,20086.9,37522.7,6209.7,36.36,1.192
R8467,pine,21102,37952.5,5097.4,-79.45,1.116
R8468,poplar,21340.7,37678.9,4554.7,-200.88,1.138
R8469,pine,27289.1,37344,6608.8,4.39,1.098
R8470,pine,27993,37862.6,7236.7,38.89,0.977
R8471,pine,28901.4,37717.7,7869.2,-147.82,1.217
R8472,pine,29208.1,37735.9,8027.5,-179.42,1.177
R8473,pine,30297.2,37720.3,7515.4,67.85,1.167
R8474,elm,31058.5,37920.2,7717.5,-243.11,1.061
R8475,pine,32009.8,37466.9,7481.2,38.49,1.165
R8476,pine,32455.8,37859.2,7585.4,-178.26,1.246
R8477,pine,33961.9,37458,8263.4,-79.31,0.944
R8478,pine,34230.3,37409.6,8204.4,-246.37,1.215
R8479,pine,34926.3,37235.3,7909.9,-71.8,0.832
R8480,poplar,36203.1,37853.7,7217.2,-76.69,0.984
R8481,pine,37139.1,37554.8,8035.8,-202.01,1.008
R8482,pine,37969.1,37834.7,8353.8,22.11,1.034
R8483,pine,38000.6,37595.8,8639,-260.04,0.95
R8484,pine,40016.5,37404.4,8072.7,-242.22,1.212
R8485,pine,41170.4,37738,8042.2,-3.16,1.051
R8486,pine,41283.5,37848.7,7880.5,-232.2,0.968
R8487,pine,42757.8,37932.3,8572,-30.55,1.165
R8488,pine,43550.2,37574.3,8670.5,-212.14,0.867
R8489,pine,43890.3,37630.5,8333.2,77.09,1.065
R8490,pine,44749.9,37215.1,7842,-256.16,0.84
R8491,elm,45374.6,37358.2,7395.6,-7.79,1.13
R8492,pine,46357.8,37533.3,6659.4,-119.9,1.132
R8493,pine,47094.4,37529.3,6643.7,-124.41,1.206
R8494,elm,47994.6,37628,6082,-66.81,1.019
R8495,elm,49103.7,37688.5,5526.4,-259.81,1.02
R8496,pine,49818.6,37856.9,5573.2,-265.66,0.891
R8497,poplar,50211,37517.5,5001,-211.33,0.906
R8498,pine,50832.6,37813.4,4856.3,-202,0.833
R8499,pine,51869.4,37371.2,4379.3,-132.87,0.977
R8500,pine,65755.3,37953.4,5063,37.47,1.008
R8501,elm,67681.1,37591,4813.9,-62.43,1.153
R8502,pine,68928.5,37989.4,4701.2,31.54,0.919
R8503,elm,-67483.8,38581.1,5987.9,-204.68,1.141
R8504,elm,-66413.8,38545.3,5442.8,-137.86,1.061
R8505,elm,-65418,38178.1,5161.3,-34.09,0.953
R8506,elm,-64916.6,38152.1,5054.2,-243.62,0.969
R8507,poplar,-63884.1,38407.9,4626.2,-72.34,1.058
R8508,poplar,-62212.5,38071.6,4500.8,-31.03,1.139
R8509,pine,-61519.4,38217.6,4527.9,-100.14,1.076
R8510,elm,-60488.7,38483.7,4707.2,-228.53,0.86
R8511,pine,-60199.5,38641.5,4635.4,-4.11,1.016
R8512,elm,-59414.4,38163.9,4855.9,-206.35,1.093
R8513,pine,-57066,38486.2,5221.4,-17.81,1.097
R8514,poplar,-56393.2,38599.8,5270,-39.21,1.192
R8515,pine,-46916.3,38513.5,7436.7,79.7,0.893
R8516,pine,-44044,38411.9,9184.3,87.97,0.864
R8517,pine,-42974,38240.7,9962.5,-63.44,1.067
R8518,pine,-42079.2,38299.6,8953.7,-154.45,1.122
R8519,pine,-40862.4,38606.5,7197.7,60.55,1.075
R8520,pine,-37545.3,38455.3,6258.3,-176.27,0.942
R8521,pine,-36858.7,38093.5,6102.8,14.08,0.968
R8522,poplar,-35039.8,38231.2,7547.5,-217.35,1.015
R8523,poplar,-27237.7,38391.7,3878.1,28.07,1.077
R8524,pine,-14023.7,38334.5,6184,-11,0.945
R8525,elm,-11925.7,38624.1,6909.8,-73.58,0.844
R8526,pine,-10028.9,38192.6,9360.6,21.56,0.855
R8527,pine,-9872.2,38382.9,9108.1,88.37,1.183
R8528,pine,-8593.6,38629.2,8300.4,51.72,1.151
R8529,pine,-8122.8,38042.8,9112.1,41.99,1.121
R8530,pine,-7315.5,38359.3,8870.6,-43.29,0.897
R8531,pine,-6331.8,38712.7,8700.2,39.91,1.062
R8532,pine,-5333.6,38265.5,9864.6,22.65,0.882
R8533,pine,-4916.2,38221.7,9880,-220.48,0.913
R8534,pine,-4265.8,38259,10603,-53.99,0.818
R8535,pine,-3054.8,38641.1,11199.8,-116.02,0.955
R8536,pine,-2214.1,38609,11818.9,-247.35,1.057
R8537,pine,-1758.9,38737.6,12857.7,38.02,1.197
R8538,pine,-468.5,38097.2,14116.7,9.91,1.12
R8539,pine,40.6,38481,12938.3,-132.08,1.053
R8540,pine,1109,38797.2,11873.1,55.06,1.163
R8541,pine,1571.6,38680.5,11158.7,-37.8,1.003
R8542,pine,13603.6,38386.6,7742.5,-121.32,1.19
R8543,elm,14604.1,38128.1,6466.1,-92.84,1.145
R8544,pine,15350.6,38201.1,6090.2,-97.82,1.093
R8545,pine,15674.2,38570.2,6530.6,-247.84,0.881
R8546,pine,16474.5,38680.6,6335.7,86.84,0.934
R8547,elm,18297,38660.9,6097.1,-218.82,0.85
R8548,pine,18947.6,38058.6,6204.4,42.27,1.196
R8549,poplar,20113.7,38044.1,6090,-114.93,1.04
R8550,elm,20645,38208.4,5478.2,-115.31,0.846
R8551,pine,21215.5,38182.1,4780,-73.5,0.937
R8552,pine,27296.5,38187.5,6212,19.45,0.941
R8553,poplar,28170,38509.6,7100.2,-79.79,1.176
R8554,poplar,29873.3,38601.5,7365.2,-253.56,0.811
R8555,elm,30067.6,38289.8,7697,-21.04,1.124
R8556,pine,31118.4,38593.7,7124.6,-136.92,1.175
R8557,elm,32261.7,38330.9,7816.8,-157.03,1.175
R8558,pine,32759.5,38055.4,7629.8,-19.06,1.09
R8559,elm,33682.7,38311.8,7692.3,-61.4,1.006
R8560,pine,34309.9,38703,7152,-257.33,0.966
R8561,pine,35239.4,38031.1,7006.2,9.62,0.937
R8562,elm,36336.3,38437.1,7176.1,-146.81,1.218
R8563,elm,37095.8,38055,7801.7,76.32,0.865
R8564,pine,37575.9,38739.5,6989.8,-36.1,0.966
R8565,pine,40019.3,38414.1,8093.1,-76.13,0.918
R8566,pine,40872.4,38621.8,8227.9,-112.37,0.837
R8567,pine,41468.7,38726.2,8301.5,68.77,1.033
R8568,pine,43142.8,38719.8,8937.7,-122.42,1.144
R8569,pine,43880.9,38365.3,8443.2,-187.73,1.013
R8570,pine,44540,38637.9,7781.2,-94.59,1.084
R8571,pine,45503.5,38131,7161.6,6.26,0.978
R8572,poplar,46319,38014.6,7157.5,-27.31,1.168
R8573,poplar,47133.9,38637.4,6588.5,21.36,1.092
R8574,elm,48152.9,38117.6,6082.9,-32.49,1.015
R8575,pine,49093.7,38283,5486.5,-187.15,0.965
R8576,pine,49778.1,38029.6,5600.4,-249.58,0.998
R8577,pine,50299,38483.6,5379.1,-35.87,1.119
R8578,elm,51083.7,38519.2,4933.1,77.72,1.177
R8579,elm,63807.8,38798.7,4812.1,-12.3,1.172
R8580,elm,67539.1,38544.2,4961.3,-171.37,1.227
R8581,elm,-68001.4,39525.4,5712.3,-169.49,1.116
R8582,pine,-67388.3,39501.8,5403.4,-51.89,1.14
R8583,poplar,-66732.1,39502,5106.1,-258.36,1.032
R8584,pine,-65843.8,39521.7,4926.9,-6.08,1.22
R8585,pine,-64667.6,39393.5,4780,-174.45,0.954
R8586,pine,-62603.6,39520.3,4316.7,-135.29,1.159
R8587,pine,-61728.9,39225.6,4520.4,-217.93,0.918
R8588,pine,-57500.3,39200.4,5200.3,69.63,0.926
R8589,pine,-56614.1,39520.7,5043.6,4.74,0.801
R8590,pine,-55798.7,39523.4,5016.7,-234.61,0.962
R8591,pine,-55444.5,39336.5,5109.8,10.81,1.112
R8592,poplar,-52871,39078.5,5399.7,-78.41,0.937
R8593,elm,-51197.7,39229.5,5832.5,36.35,0.939
R8594,pine,-50042.6,39275.7,5529.7,18.57,1.069
R8595,elm,-49293.1,39140.8,5497.1,-182.89,1.244
R8596,pine,-46195.3,39409.4,7377.7,32.36,0.845
R8597,pine,-44419.1,39251.4,8856.3,-267.36,0.843
R8598,pine,-44137.4,39217.5,9040.7,60.74,0.893
R8599,elm,-38699.2,39087.4,6962.8,-108.55,1.116
R8600,elm,-37298.2,38885.8,6420.2,-198.23,1.037
R8601,pine,-36358.4,39547.3,6869.1,52.19,0.91
R8602,pine,-12406.8,39416.1,6430.7,-259.12,1.204
R8603,pine,-12019.8,38801.3,6744.4,-135.46,1.11
R8604,pine,-10882.2,39549.6,8575.5,-197.83,0.99
R8605,pine,-10400.8,39208.9,9092.6,-117.78,0.819
R8606,pine,-9246,39180.4,8686.4,-63.91,0.955
R8607,pine,-8771.9,39119.8,8337.2,-60.16,0.965
R8608,pine,-7628.1,39350,9245.5,-127.54,0.843
R8609,pine,-7366,39521.2,9095.6,-242.22,0.893
R8610,pine,-6725.9,39261.2,9230.4,66.83,1.201
R8611,pine,-5428.7,39517,10858.1,-170.42,0.939
R8612,pine,-4909.7,39481.6,10747.8,-63.74,0.924
R8613,pine,-3646.1,39194.1,11496.3,-182.36,0.888
R8614,pine,-2883.3,38839.3,11097,-130.88,0.918
R8615,pine,-2715.9,39404.6,11870.8,-114.24,1.107
R8616,pine,-1250.2,38842.6,13815.4,-106.15,1.231
R8617,pine,-666,38986.9,12686.1,-23.8,1.216
R8618,pine,37.7,39481.2,11435.3,-23.97,0.84
R8619,pine,13592.1,39398.8,8356.6,-258.6,1.02
R8620,elm,14398.3,39527.9,7843.8,-120.19,0.926
R8621,elm,14900.5,38816.6,7027,-174.71,0.868
R8622,pine,15723.8,38922.1,6813.1,-212.68,1.049
R8623,pine,17619.5,38813.5,6496.2,-214.89,1.096
R8624,pine,19849.6,39154.7,5581.3,-17.58,1.244
R8625,elm,27586.3,38886.3,6277.7,-49.72,0.99
R8626,pine,28200,38924.5,6770.3,-170.16,1.151
R8627,pine,28653.1,38853.9,7017,-221.54,1.019
R8628,elm,29756.9,39046.5,6901,-219.11,0.94
R8629,pine,30798.3,39283.1,6747.5,-126.31,0.818
R8630,poplar,31157.1,39122.7,7004.3,-1.93,1.015
R8631,elm,31850.4,39016.3,7260.2,-45.05,1.202
R8632,poplar,32622.8,39028.4,7460.6,-58.29,0.934
R8633,pine,33591.2,38802,7744.9,-1.79,0.907
R8634,elm,34142,39380.5,7096.3,-215.83,1.084
R8635,pine,35579.8,39386.2,7635.5,66.73,1.027
R8636,pine,35678.7,39171,7220.2,23.76,0.913
R8637,pine,36830.7,38994.7,6957.9,-108.69,0.999
R8638,poplar,38295.5,39160.6,6844.4,22.54,0.826
R8639,elm,38900.9,39106,7460.5,85.62,1.186
R8640,pine,39695,39002.3,7584.7,-187.48,1.047
R8641,pine,41123.2,39487.2,7771.4,-160.08,0.985
R8642,pine,41958.7,39354.9,8364.9,47.6,1.172
R8643,pine,42189.3,38887.1,8803.9,-216.32,0.954
R8644,pine,43070.1,38923.2,9077.5,-99.26,1.105
R8645,pine,44967.9,39477.6,7115.7,-64.35,1.191
R8646,poplar,45373.5,39133.3,7370.4,-262.76,0.994
R8647,elm,46102.4,39042,7515.5,-87.58,1.236
R8648,elm,47197.7,39544.5,6300.3,71.49,0.993
R8649,elm,47704.5,38810.4,5997.2,-103.32,1.048
R8650,poplar,48859.7,39264.3,5108,-253.88,1.165
R8651,elm,49640.4,39467.7,4899.7,-214.44,1.154
R8652,poplar,50074.2,38822.7,5246.4,-197.71,0.811
R8653,pine,52471.4,39137.1,4193.6,-199.86,1.138
R8654,pine,64239.8,39334.3,5011.3,-156.35,1.215
R8655,pine,65218,38820.8,5187.9,-6.77,1.236
R8656,pine,67248.6,38851.9,5086.8,68.76,0.991
R8657,poplar,68254.2,39356.7,4842,78.69,0.963
R8658,pine,69184.3,38905.5,4815.1,-177.16,1.216
R8659,poplar,-69573.8,39850.7,6266,-58.45,1.212
R8660,elm,-68826.2,40243.2,5953.8,-224.69,1.063
R8661,pine,-67691.2,39803.6,5459,-104.53,0.806
R8662,elm,-67471.8,40147.7,5349.8,-177.92,1.103
R8663,pine,-66625.1,39600.7,5073.5,-205.02,0.963
R8664,pine,-65960.2,40224.4,4828.2,-116.4,1.041
R8665,elm,-65196.8,39664.6,4806.9,35.48,0.953
R8666,pine,-61860.7,39686.9,4384.5,-148.1,0.975
R8667,pine,-60714.9,39800.6,4489.1,-52.93,1.226
R8668,pine,-59537.1,40296.2,4304.2,-111.51,1.157
R8669,elm,-55101.5,39783.9,5119.3,-199.69,1.242
R8670,elm,-52651.9,40061.1,5633.8,-156.08,1.095
R8671,elm,-51863.5,40114.7,6000.6,-222.63,1.084
R8672,pine,-51452.1,40160.4,5808.4,-73.51,0.811
R8673,elm,-50331.6,40171.8,5634.9,-180.47,1.17
R8674,elm,-47370.7,40122,6362.4,-250.01,0.961
R8675,pine,-46338.5,39616.9,6909.7,-37.5,0.981
R8676,pine,-45256.8,39802.5,7508.4,-11.52,0.939
R8677,elm,-44251.6,40177.8,7538.7,87.34,1.016
R8678,poplar,-38933.7,39754.6,6736.4,-110.87,0.989
R8679,pine,-35774.1,39795.5,7078.5,-7.33,1.036
R8680,poplar,-13470.9,40125.8,6007.3,-92.1,0.882
R8681,pine,-12922,40224.5,6427.6,65.5,1.105
R8682,pine,-11867.3,39803.3,7281.9,-181.69,1.045
R8683,pine,-11364.7,39928.2,7528,5.71,0.951
R8684,pine,-10552.4,40025.7,8073.6,-152.9,0.978
R8685,pine,-9423.8,40339.1,8660.4,-117.87,1.23
R8686,pine,-8668.4,39909.8,8360.3,-170.07,1.095
R8687,pine,-7955.6,40370,8757.8,66.13,0.978
R8688,pine,-7049.1,39649.2,9148.7,-126.8,1.182
R8689,pine,-6074.9,39851.2,9757.3,10.44,1.196
R8690,pine,-5696.7,40203.7,9939.2,-259.16,1.202
R8691,pine,-814.6,40045.5,11648.2,-137.06,1.197
R8692,pine,59.6,40205.1,10728.9,-187.03,0.811
R8693,pine,13267.7,39794.6,8085,27.26,1.143
R8694,pine,14163.5,39619.5,7989.5,-73.3,0.956
R8695,pine,15626.1,39791,7144.7,-244.04,1.026
R8696,pine,17248.5,40185.5,6135.5,-264.2,0.82
R8697,pine,18518.1,40050.4,6102.6,-24.81,0.826
R8698,elm,18926.3,39891,5903.5,-3.63,1.165
R8699,elm,19933.9,39749.5,5619.8,-197.65,0.871
R8700,pine,20445.1,39784.4,5419.3,-104.97,0.972
R8701,pine,27031.2,40270,5450.2,-55.52,1.107
R8702,pine,28042.8,39859.4,6286.7,-143.91,1.135
R8703,poplar,28855.6,40246.4,6678.7,-84.73,0.986
R8704,elm,29371,39691.1,6760.6,-30.5,1.018
R8705,pine,30381.9,40194.1,6782.1,28.43,1.163
R8706,poplar,30982.4,39833.2,6555,-224.93,1.215
R8707,pine,32395.7,39962.7,7044,-127.41,0.976
R8708,pine,32763.2,39958.7,6551.3,82.49,0.822
R8709,elm,33939.1,39747.5,6653,-37.4,0.895
R8710,pine,34658.8,40321.7,6439.4,57.14,1.071
R8711,pine,34992.7,40109.4,6947.5,86.6,1.022
R8712,pine,35655,39994.8,7716.4,59.96,1.175
R8713,poplar,38381.3,39835.9,7374.3,-264.57,1.001
R8714,poplar,40550.9,39629,7701.9,-40.35,1.118
R8715,pine,41751.1,39650.2,8179.4,-154.14,0.927
R8716,pine,42613.3,39706.3,8039.6,-169.14,1.101
R8717,elm,43113.5,39708.1,7265.5,70.58,1.186
R8718,pine,43948.8,39979.9,6689.3,-193.53,1.067
R8719,pine,44516,40143.6,6633.9,-189.37,0.898
R8720,pine,45812.1,40027.4,6555.1,71.1,0.99
R8721,elm,46596.8,39912.3,6938.5,77.81,0.966
R8722,elm,47247.7,40003.9,6184.7,85.65,1.24
R8723,pine,47754.3,40141.8,5691.5,35.4,1.059
R8724,pine,48653.7,39837.5,5363,-262.34,1.186
R8725,pine,49334.7,40346.5,4456.9,21.81,0.854
R8726,pine,64303.4,40154.7,4849.5,53.8,0.959
R8727,elm,65090.6,39859.3,5526.5,26.22,0.989
R8728,elm,66757.9,39668.2,5223.1,-39.74,0.997
R8729,pine,66807.7,39904.9,5202.2,-112.72,1.214
R8730,elm,69041.1,40257.3,4988.9,-221.82,1.177
R8731,elm,-69005.3,41064.5,5701.5,53.46,1.043
R8732,pine,-67969.6,41004.3,5628.2,-265.64,1.16
R8733,elm,-67212.2,40439.6,5240,-224.8,0.874
R8734,poplar,-66796.3,41179.7,5152.8,-56.45,1.054
R8735,pine,-65262.5,41063.5,4560.5,-70.94,1.132
R8736,elm,-64114.8,40677.1,4595.1,85.17,1.217
R8737,poplar,-63214.8,40871.4,4192.4,39.16,1.175
R8738,elm,-56255.4,40417.4,4720.4,-78.75,0.82
R8739,poplar,-54811.1,41188.1,5089,-51.74,1.03
R8740,pine,-53594.1,40526.5,5283.1,57.6,1.05
R8741,pine,-51665.4,40561.6,5571.5,32.66,0.904
R8742,pine,-51410.5,40970.6,5257.7,64.58,1.065
R8743,poplar,-48199.2,40953.6,6101.8,28.68,1.029
R8744,pine,-45988.6,41090.4,7155.9,48.87,1.154
R8745,pine,-34285.6,40816,5803.6,-241.27,1.113
R8746,pine,-32605.8,40962,5714.9,-94.2,1.097
R8747,elm,-27050.2,40553.6,3861.1,40.21,0.869
R8748,pine,-14106.1,40736.2,6797.6,-235.12,1.228
R8749,pine,-13681.6,40656.2,6419.8,63.4,1.155
R8750,pine,-12198.6,40773.4,7554.1,-205.25,0.874
R8751,pine,-10997.3,40612.8,7306.2,-7.03,1.036
R8752,elm,-10158.6,41086,7933.4,-137.23,1.221
R8753,pine,-9204.5,40451.4,8755.9,-182.48,1.198
R8754,pine,-9102.4,40842.1,8775.7,19.45,0.891
R8755,pine,-8163.1,40920.6,8234.7,-262.67,1.246
R8756,pine,-7091.5,40875.9,9726.2,-89.4,0.876
R8757,pine,-6131.4,40519.4,10186.6,-46.87,0.997
R8758,pine,-5280.4,40915.5,8503.6,68.88,1.234
R8759,pine,-4945.2,40942.2,8341.5,-188.03,1.146
R8760,pine,-3808.8,40410.8,9824.3,-91.83,0.911
R8761,pine,-1275.8,40555.2,10801.7,-214.89,1.055
R8762,pine,6252.9,40540.4,8258.5,-246.51,1.154
R8763,elm,13946.4,41196.8,6354.1,-82.9,1.15
R8764,pine,15053.7,41051.3,5799.4,-234.86,0.93
R8765,elm,16340.2,40643.8,5766.5,62.95,1.242
R8766,poplar,16744.4,40526.9,5874.7,-154.53,1.17
R8767,pine,17475.5,40504.6,5836.7,-146.31,0.895
R8768,elm,18277.6,40860.6,5656.2,73.76,1.172
R8769,pine,19912.1,40508.2,5596.6,-32.41,0.857
R8770,poplar,20869.5,40952.4,5455.2,-103.89,0.981
R8771,pine,21246.5,41029.5,4922.3,1.33,0.857
R8772,elm,26943.5,40931.2,5434,-5.79,1.097
R8773,pine,28327.2,40496.1,6437.1,-116.66,0.992
R8774,elm,28490.1,40540.7,6506,-88.56,1.04
R8775,pine,29213.4,40956.6,7261.7,18.86,0.88
R8776,pine,30084.2,40523.8,6760.5,-247.38,1.072
R8777,elm,31596.7,40483,6386.2,-243.19,0.881
R8778,pine,32377.9,41095,6076.3,35.81,1.211
R8779,pine,33134.8,40841,6132.3,55.3,1.145
R8780,poplar,33925.6,41051.7,6124.8,-1.67,0.921
R8781,elm,34669.9,40775.5,6111.2,-242.14,1.068
R8782,elm,34852.6,40864.6,6164.5,-124.02,1.076
R8783,pine,35913.1,40469.6,7139.2,41.07,0.824
R8784,pine,37542.2,40433.7,7268.5,29.49,1.008
R8785,poplar,38734.9,40415.4,7274.5,80.4,1.239
R8786,pine,40075.1,40707.5,8155,-155.38,0.975
R8787,elm,42823.9,40499,6715.4,79.46,1.085
R8788,elm,45639.5,41153.3,5914.3,-263.46,0.941
R8789,pine,46027.4,40958.3,6091.8,-239.82,1.118
R8790,poplar,47393.3,41064.6,5305.5,-28.09,1.202
R8791,pine,48228.4,40844.8,4833.9,74.17,1.083
R8792,poplar,48790.4,40659.2,4554.4,89.4,0.928
R8793,elm,61496,41158.6,3907.4,-26.58,1.227
R8794,poplar,64724.1,41006.6,4929.4,-77.91,0.992
R8795,pine,67599.3,40598.4,5112.2,-222.61,0.881
R8796,pine,68583.9,40761.3,5042.1,-194.66,1.042
R8797,elm,-69445.5,41512.3,5617.2,-229.65,0.934
R8798,pine,-68534.6,41341.6,5623.1,-130.55,0.819
R8799,pine,-67681,41641.9,5348.3,37.35,0.951
R8800,elm,-66879.9,41922.7,5213.4,-201.37,0.989
R8801,poplar,-66097.7,41754.4,4760.3,-65.61,1.065
R8802,pine,-65192.3,41520.2,4536.4,-206.5,1.192
R8803,elm,-63800.2,41841.7,4558,29.34,0.909
R8804,pine,-60575.1,41608.7,4211.8,-132.32,1.223
R8805,elm,-56983,41472,4348,-190.66,1.013
R8806,pine,-55250.2,41967.8,4373.2,36.1,1.168
R8807,pine,-54095.1,41225.8,5419.2,9.26,1.092
R8808,poplar,-53404.1,41262.3,5562.9,-202.46,1.18
R8809,pine,-51613.7,41291.6,5094.9,0.98,0.805
R8810,pine,-51173.2,41709.8,4896.8,-125.37,1.081
R8811,pine,-50514.4,41589.4,5207.4,-128.68,0.963
R8812,pine,-48781.8,41373.6,5699.2,-66.62,1.002
R8813,pine,-31853.4,41824.7,4243.7,-15.47,1.139
R8814,pine,-30611.9,41645.6,4060.7,-99.71,0.92
R8815,elm,-14500.6,41873.2,5659,-78.77,1.129
R8816,pine,-12974.2,41697.8,6948.4,5.73,1.022
R8817,pine,-9630.5,41255.4,8251,-149.36,1.175
R8818,pine,-8776.7,41226,8723.2,-232.04,1.154
R8819,pine,-7665.8,41479.3,8982.9,4.71,1.105
R8820,pine,-7597.4,41903.5,7991.9,1.29,1.199
R8821,pine,-6086.1,41440.7,8745.4,-185.75,1.243
R8822,pine,-5252.3,41834.4,8211.2,31.31,1.185
R8823,pine,-4677.2,41424.6,8377.3,-106.02,0.933
R8824,pine,-3414,41935.8,8384.1,-178.93,1.02
R8825,pine,4444.5,41698,8676,55.24,1.165
R8826,pine,5921.6,41305.1,9093.2,25.49,1.01
R8827,elm,12633.2,41297.9,6795.9,-31.42,1.142
R8828,pine,15429.2,41497.1,5518.6,-82.92,1.163
R8829,pine,16779.8,41250,5483.1,-109.33,1.206
R8830,poplar,17994.7,41734.8,5290.9,-89.81,1.001
R8831,pine,18436.9,41700,5524.8,-131.92,0.86
R8832,pine,19044.7,41681.6,5616,-21.62,0.858
R8833,elm,20120.6,41216.5,5499.9,-249.43,0.92
R8834,elm,20640.4,41236.7,5470.6,-100.18,1.205
R8835,poplar,21473.9,41436.7,4308.9,-203.63,1.019
R8836,poplar,27591,41382.2,5715,-190.12,0.899
R8837,elm,27631.4,41468.6,5689.4,-85.05,0.823
R8838,pine,29041.9,41504.7,6429.3,-55.42,1.177
R8839,elm,29383.8,41684.1,6378.7,-36.68,0.881
R8840,pine,30497.5,41805.8,6717.5,-212.41,1.137
R8841,pine,31284.5,41719.8,5975.5,-136.45,1.14
R8842,pine,32264.8,41937.4,5797.5,-134.69,1.199
R8843,pine,32535.3,41955.1,5670.2,-55.08,1.238
R8844,pine,35851.2,41236.5,6493.2,-123.9,1.038
R8845,elm,37815.1,41440.7,6764.9,-49.99,0.879
R8846,pine,39783.4,41406.3,7772.8,-91.8,0.84
R8847,pine,43528.6,41238.4,5945.7,-237.34,1.14
R8848,poplar,44312.8,41219.6,5860.8,75.93,1.072
R8849,elm,45451.2,41253.9,5912.6,15.97,0.885
R8850,elm,46728.4,41224.3,5797.2,-227.69,1.216
R8851,pine,47220.5,41577.5,5389.3,30.87,1.146
R8852,elm,62795.3,41608.1,4087.4,-114.76,1.116
R8853,poplar,65690.8,41899.8,5312.7,-66.38,1.051
R8854,pine,66151.7,41427.6,5576.2,-268.28,0.824
R8855,pine,67211.6,41636,5553.8,-190.05,0.879
R8856,pine,68050.6,41488.8,5158.7,-253.05,1.146
R8857,pine,68465.8,41995.1,5222.1,-227.36,0.8
R8858,pine,-69006.2,42684.6,5286.1,-33.46,1.246
R8859,pine,-68088.6,42253.9,5326.3,-252.19,0.809
R8860,elm,-66847.6,42767.6,4865.7,-167.96,0.831
R8861,pine,-63681.1,42443.6,4381.2,-260.67,1.211
R8862,elm,-62894.2,42161.1,4201.3,-243.51,1.027
R8863,pine,-60140.2,42098.7,4104.2,-185.71,0.921
R8864,elm,-55464.7,42205.2,4245.6,-248.63,0.935
R8865,elm,-54783,42618.9,4340.1,-224.27,1.063
R8866,pine,-53491.6,42054.3,4977.6,-241.58,1.245
R8867,elm,-52873.8,42075,4978.8,35.75,0.886
R8868,pine,-49497.7,42210.5,5422.8,-240.4,0.803
R8869,pine,-47661.4,42710.3,5867.8,33.57,0.994
R8870,pine,-47227.8,42643.5,6088.4,-223.43,0.912
R8871,elm,-10934.4,42117.2,7533,-144.85,0.842
R8872,pine,-9647.3,42042.5,7418.1,-97.3,0.884
R8873,pine,-7979.3,42361.8,8286.4,86.59,0.911
R8874,pine,-7484.4,42708.8,7289.1,33.21,1.205
R8875,elm,-6629.1,42614.3,7068.3,-121.8,0.849
R8876,pine,-5442.3,42102.4,8110.9,54.13,1.051
R8877,pine,-4861.7,42217.7,8311.6,13.81,1.088
R8878,pine,-3681.8,42476.8,8159.7,-256.21,1.029
R8879,poplar,-3414.6,42695.1,7728.8,-198.58,0.952
R8880,pine,-1030.1,42350.1,11385,-171.34,0.969
R8881,pine,3739.6,42311.5,8659.1,88.93,0.86
R8882,pine,5691.8,42304.7,9142,-228.93,0.801
R8883,pine,6306.1,42600.6,8819.1,-85.38,1.051
R8884,elm,12231.4,42704,6178.6,-239.81,0.927
R8885,elm,13092.9,42428.1,5783.1,70.52,1.125
R8886,elm,13778.4,42291.7,5863.5,-237.34,1.1
R8887,pine,14916.7,42626.1,5303.5,-123.44,0.981
R8888,elm,17127.1,42061.1,4968,-167.73,1.089
R8889,elm,17265.1,42743.6,4775.6,-191.72,1.063
R8890,pine,18174.8,42540,5105.9,-72.24,0.889
R8891,elm,19524.2,42530.5,5192.2,-16.03,0.977
R8892,elm,20372,42193.9,4952.9,-196.71,0.895
R8893,pine,26490.1,42293.1,4048.3,-239.83,0.823
R8894,pine,27372.6,42241.9,5154,32.21,1.229
R8895,elm,28195.9,42180.4,5542.1,-88.64,0.889
R8896,pine,28930.9,42215,5888.4,-191.35,0.858
R8897,pine,29640.1,42783.3,5369.8,59.22,0.971
R8898,pine,30393.1,42709,6016.8,74.25,0.897
R8899,pine,31283.7,42017.9,5888.2,-34.13,0.948
R8900,pine,32482.5,42300.1,5724.7,65.07,1.25
R8901,elm,34268.3,42721.7,6382.2,-164.15,1.031
R8902,pine,42615.5,42618.8,5251.5,-226.22,1.028
R8903,poplar,43246.1,42736.8,5295.5,-56.61,0.831
R8904,pine,44195.9,42350.4,4930.1,-142.28,1.048
R8905,poplar,45944,42387.5,5372.1,41.02,0.91
R8906,elm,46768.1,42082.6,5400,-59.75,0.925
R8907,elm,47337.3,42192,5413.2,-127.45,0.881
R8908,pine,47700.2,42474.8,5266.4,-11.65,1.003
R8909,pine,48691.1,42541.5,4539.5,-265.17,1.004
R8910,pine,49860.9,42140.4,4034.1,-44.23,1.008
R8911,poplar,66417.5,42151.4,5362.8,54.87,1.182
R8912,pine,67340.1,42284.5,5599.5,30.94,1.146
R8913,pine,67956.8,42749.3,5622.6,-6.57,1.041
R8914,pine,68475.5,42493.2,5355.5,-254.37,0.871
R8915,elm,69344.2,42664,5330.6,-73.87,0.858
R8916,elm,-68108,43288.5,4806.7,-23.2,1.003
R8917,pine,-67191.4,42949.4,4807.4,-205.86,1.024
R8918,elm,-66434.4,43348.8,4700.8,-140.36,0.942
R8919,elm,-65992.5,43413,4661.6,-233.66,0.817
R8920,elm,-64800.7,43464.7,4491.2,47.07,1.242
R8921,pine,-61907,43531.7,4149.4,66.62,0.919
R8922,elm,-55805.8,43122.2,4021.8,85.53,1.243
R8923,pine,-54091.7,43577.3,4383.6,-23.36,1.035
R8924,elm,-53048.7,42877.5,4467.2,79.52,1.235
R8925,pine,-48549.9,43138.3,5771.5,-52.47,1.055
R8926,pine,-9748.6,42990.7,7154.5,33.78,0.988
R8927,pine,-9122.1,43403.5,7110.3,-139.34,0.836
R8928,pine,-8054.6,43176.7,7881.5,59.16,1.233
R8929,pine,-7212,43497.2,6741.7,65.59,0.839
R8930,pine,-6238.3,43238.7,6931.3,-83.52,1.176
R8931,pine,-5803.3,43157.1,7148.9,-259.51,1.104
R8932,pine,-5060.8,42884.5,7536.4,-133.13,0.845
R8933,pine,-1633,43377.8,9513.7,38.88,0.889
R8934,pine,-1145.6,43466.4,9379.5,-52.34,1.045
R8935,poplar,7119.4,42960.4,6782.1,39.98,0.857
R8936,elm,10735.5,43429.2,6454,64.4,0.929
R8937,pine,11838,43392.2,6366.5,-262.28,1.166
R8938,pine,12474.1,43512.4,5764.5,-267.52,1.056
R8939,poplar,13692,43322.6,5483.3,-148.96,1.112
R8940,elm,14278.3,43450.5,5333.6,-82.08,1.2
R8941,elm,16260.8,43439,4871.1,24.53,0.95
R8942,pine,16409.5,43583,4841.7,-119.81,1.076
R8943,elm,17906.6,43320.1,5114.3,-196.5,1.013
R8944,elm,18368.3,42854.9,5287.8,-113.79,1.038
R8945,elm,18921.5,43597.4,5035,50.54,1.183
R8946,poplar,19705.4,43175,4749.6,-224.04,1.007
R8947,pine,27923.5,43119.1,4969,-82.24,1
R8948,elm,29402.4,42864.6,5215.4,-98.71,1.156
R8949,pine,30084.5,43541.4,5006.9,23.83,1.003
R8950,pine,31348.8,43337,6622.3,-228.17,1.064
R8951,elm,32359.6,43446.8,5773.2,-235.6,0.899
R8952,elm,33091.6,43080.8,5503.8,-152.29,1.017
R8953,elm,33649.9,43138.9,5673.7,-36.59,0.863
R8954,pine,34619.3,43420.3,6050.5,-180.69,1.083
R8955,pine,35447,43559,5887.3,-92.24,0.867
R8956,elm,38408.3,43338.8,7479.2,-245.35,1.149
R8957,pine,44730.4,42858.1,4664,-266.45,0.984
R8958,pine,45741,43501.8,4334.1,-185.5,0.866
R8959,pine,47520.2,42942,4947,-154.64,0.856
R8960,elm,47966.8,43411.8,4672.5,-107.72,1.208
R8961,pine,49479.2,42893,4418.6,30.24,0.934
R8962,elm,65521.2,43124.1,5174.4,-258.95,0.819
R8963,pine,66258.9,42945.2,5348.1,-76.67,0.947
R8964,elm,68263.7,42977.3,5579.5,-87.57,1.171
R8965,pine,68729.1,43362,5508.9,-28.68,0.99
R8966,pine,-69072.9,44126.7,4835.9,54.73,0.971
R8967,elm,-66622.3,44187.1,4769.4,-56.45,1.188
R8968,pine,-58172.2,43808.5,4062.2,-18.56,1.247
R8969,pine,-54921.8,44313.4,4332.6,38.88,1.178
R8970,poplar,-50164.2,44033,4681,-88.55,0.841
R8971,pine,-49422.9,44367.9,4772.8,-173.17,1.004
R8972,pine,-48055.2,43707.3,5731.1,77.47,1.115
R8973,pine,-46849.5,43800.3,6335.5,-77.73,1.218
R8974,elm,-46524.5,43801.4,6184.5,-265.66,1.039
R8975,pine,-45522.4,43931.2,6224.9,-224.73,1.22
R8976,elm,-44538.6,43827.2,6722.5,-186.19,1.1
R8977,pine,-44036.9,44027.6,6709.1,-84.41,1.072
R8978,pine,-41043.1,44358.8,6089.8,-31.4,1.088
R8979,elm,-10841.2,44074.3,5268,-147.19,1.04
R8980,pine,-9896.5,44248.8,5884,-115.61,0.835
R8981,pine,-8807.6,44295.5,6820.2,86.12,0.832
R8982,pine,-7645.4,44108.4,6930.9,-228.52,0.841
R8983,elm,-7238.2,44101.2,6917.4,57.25,1.179
R8984,pine,-6223.4,44344.6,6540.4,-168.97,1.123
R8985,elm,-4884.7,44086.1,6609.5,-193.2,1.021
R8986,pine,-4197.4,43834.7,7779.8,7.29,1.013
R8987,pine,-2912.2,43996.8,9096.8,-249.85,0.832
R8988,pine,-2584.8,44219.9,9592.4,-122.06,0.901
R8989,pine,1662.8,43959.3,9996.1,-170.72,1.216
R8990,pine,3596.1,44038.3,8913.9,-188.01,0.832
R8991,poplar,5877.1,43650.2,7869.8,-193.28,1.218
R8992,poplar,12396.4,43748.3,5782.9,-90.83,1.191
R8993,pine,13252.6,43616.7,5592.9,-34.78,1.23
R8994,elm,14343.5,43778.4,5243.3,-68.12,1.152
R8995,elm,15185.3,44114.7,4625.6,-157.53,0.896
R8996,pine,17865.3,43807.3,5159.9,-62,1.011
R8997,pine,19514.1,44022.1,4555.2,7.99,1.231
R8998,elm,19650.2,43703.9,4689.5,-213.28,1.175
R8999,elm,27489.2,43880.7,4716.3,70.13,1.046
R9000,elm,27709.4,44237.8,4744.7,-205.65,0.829
R9001,pine,28902.7,43719,4864.8,31.1,0.871
R9002,elm,30690.1,44265.7,4912.3,-207.38,0.853
R9003,pine,31273.8,44090.1,5451,6.49,1
R9004,elm,31602.5,44137.7,5676.4,-82,1.033
R9005,elm,32551,43664.2,5956.8,-77.59,0.84
R9006,pine,43666.7,44069.7,4576.4,-181.95,1.208
R9007,pine,47306.7,43619.3,4528.4,-220.42,0.84
R9008,pine,48011.7,43978.5,4231.3,-186.51,1.087
R9009,pine,63487.7,43974.3,4301.3,-219.48,1.228
R9010,poplar,64727.4,43810,4840.9,-160.06,0.85
R9011,poplar,65897.4,44188.7,5593.4,-1.83,1.076
R9012,pine,67133.2,44067.5,5502.9,45.03,0.866
R9013,pine,67976.1,43834.5,5512.9,53.78,0.843
R9014,poplar,69173.9,43731.3,5420.3,9.18,0.848
R9015,pine,-69474.2,44668.4,4808.6,-139.87,1.119
R9016,elm,-68740.3,44893.7,4833.5,-103.34,1.032
R9017,elm,-68311.2,44924.1,4852.8,55.39,1.013
R9018,pine,-66805.2,45035.2,4872,59.06,0.952
R9019,pine,-64900.3,44550.9,4403.4,-186.54,1.076
R9020,pine,-62887.2,44557,4416.3,-204.14,0.924
R9021,elm,-62403.5,44672.6,4403.8,-248.37,1.172
R9022,elm,-59241.2,44641.6,4166.8,-134.86,1.219
R9023,elm,-58028,44577.5,4061.8,-143.31,1.069
R9024,elm,-55903.3,44688.7,4143.3,-258.71,0.964
R9025,pine,-54832.6,45070.5,4329.5,-256.82,1.203
R9026,elm,-53764,44791.9,4612.4,-98.21,1.035
R9027,pine,-51126,44673.3,4693.4,36.58,1.018
R9028,pine,-48900.2,44525.2,4993.1,-177.19,0.812
R9029,pine,-47920,45029.9,4941,-153.87,1.104
R9030,pine,-46872,44813.7,5586,-51.22,0.929
R9031,pine,-46182.9,44975.8,5495.8,-221.81,1.109
R9032,pine,-44509.4,44763.4,5900.6,-95.24,1.229
R9033,pine,-42367.1,45149.6,5600.3,-162.58,0.844
R9034,elm,-9554.2,44943,5776,71.62,1.076
R9035,pine,-8688.1,44836.9,6717.1,-74.85,0.858
R9036,pine,-7249.1,44944.5,6934.9,3.04,1.106
R9037,pine,-6348.6,45099,6884.5,-86.23,1.182
R9038,pine,-2930.6,44940.9,8380.6,-150.58,0.925
R9039,pine,3052.8,45189.2,8771.8,1.67,0.842
R9040,elm,4665.8,45051.3,7397.7,-55.66,1.145
R9041,elm,6862.6,44560.8,6650.2,-12.99,0.909
R9042,pine,13700.5,45199.2,5359.9,72.94,1.13
R9043,pine,14545.5,45105.6,4835.7,-196.75,1.133
R9044,pine,16793.9,44887.8,4545.2,-141.21,1.112
R9045,pine,17538.6,44735.6,4842,84.5,0.932
R9046,pine,18868.1,45071.2,4272.5,-210.98,1.019
R9047,pine,28530.3,44841.5,4447.8,71.61,0.968
R9048,elm,29733.9,44429.6,4577.9,76.25,0.901
R9049,pine,31307,44459.5,5021.7,-259.12,0.871
R9050,pine,32632.3,44601.6,5747.6,-209.38,0.966
R9051,pine,35598.9,44525.9,5844.3,-108.02,1.093
R9052,pine,36947.6,44524.8,6712.3,-144.66,0.861
R9053,elm,41473.7,44846.6,4545.4,-106.88,0.964
R9054,elm,64466.7,44815.5,5073.8,-62.43,1.153
R9055,elm,66727.5,45042.4,5473.3,-12.52,1.218
R9056,poplar,67162.9,44782.7,5420.6,51.17,1.137
R9057,pine,68377.2,44637.7,5273.8,46.93,0.947
R9058,elm,68652.6,44983.2,5216.6,-5.5,1.208
R9059,poplar,-68643.4,45215.7,4881.7,-156.94,1.108
R9060,pine,-67675.7,45275.4,4941.8,-205.01,1.21
R9061,elm,-67361.4,45565.2,4899.5,43.02,0.893
R9062,pine,-64624.7,45984.2,4475.6,-12.27,1.059
R9063,elm,-62607.3,45550,4445.8,-234.73,1.142
R9064,poplar,-59917.9,45534.1,4294,17.37,1.071
R9065,poplar,-58333.9,45413.9,4305.9,78.8,0.975
R9066,pine,-48942.3,45811.4,4831.1,-253.52,1.166
R9067,pine,-45007.2,45796.6,5016.9,43.51,1.114
R9068,pine,-44228.2,45787.4,5359.7,-209.45,1.023
R9069,pine,-10440.8,45922.9,5191.8,-186.23,1.078
R9070,elm,-9527.2,45404.7,5674.6,-135.27,0.889
R9071,elm,-9049.6,45984,5790,-223.34,0.845
R9072,pine,-8116.5,45985.2,6417,-198.08,0.984
R9073,poplar,5407.2,45293.3,6636.7,30.59,0.975
R9074,elm,6003.4,45546.4,6085.6,-154.43,0.953
R9075,pine,12728,45894.8,5630.9,53.39,1.14
R9076,elm,13959.3,45854.8,4974.9,-18.01,1.172
R9077,pine,14369.2,45400.2,4850.9,-258.21,0.973
R9078,poplar,16618.6,45389.9,4514.8,80.04,0.894
R9079,poplar,27914.7,45246,4403.8,-96.92,1.229
R9080,poplar,31894.2,45646.4,4438.4,-30.98,1.17
R9081,pine,32442.1,45342.6,4997.3,-267.37,1.085
R9082,pine,65437.6,45832.7,5218.9,84.34,0.899
R9083,elm,66757.9,45510.7,5290.2,-103.54,0.921
R9084,pine,66852.4,45425.2,5310.7,-48.47,1.117
R9085,pine,68875.1,45461.2,5168.8,-25.16,1.228
R9086,pine,-69320.4,46395.2,5118.6,83.13,0.839
R9087,pine,-68695.1,46577.1,5183.2,-148.81,1.208
R9088,pine,-68391.9,46666.2,5048.6,-58.57,0.937
R9089,pine,-63892.8,46238.4,4475.5,-8.9,1.155
R9090,pine,-63387.4,46088,4407.9,-244.3,0.885
R9091,pine,-61518,46494.7,4426.7,-58.66,0.925
R9092,poplar,-56899.4,46238.8,4379.7,-102.35,0.823
R9093,pine,-54329.1,46245.7,4324.1,27.3,1.153
R9094,elm,-49843.4,46149.1,4756.1,-189.4,1.031
R9095,pine,-47110.3,46402.7,4266.3,19.62,0.899
R9096,poplar,-44264.5,46552.4,4724.6,-192.21,0.934
R9097,elm,-8600.8,46676.9,5404.5,-251.65,0.844
R9098,pine,-7772,46577.1,6276.1,-85.97,0.948
R9099,pine,-6128.6,46298.8,7236.4,75.63,0.865
R9100,elm,3449.6,46796.9,7230.1,34.27,0.864
R9101,pine,3627.3,46657,7169.6,-188.48,1.074
R9102,elm,12908.3,46448.9,5236.5,-78.96,1.02
R9103,poplar,13846.3,46794.7,4537.8,32.05,1.046
R9104,elm,15428.9,46185.2,4273.7,7.92,1.101
R9105,poplar,17826.9,46541.2,4245.5,-101.45,1.226
R9106,pine,20387.9,46281.7,3764.8,-76.27,0.88
R9107,pine,32704.2,46330.3,4517.5,65.3,0.963
R9108,pine,66477.1,46068.9,5128.3,-216.87,0.92
R9109,pine,66934.5,46750.4,4929.9,8.63,0.809
R9110,elm,67931.7,46642.9,4832.4,-98.64,1.247
R9111,elm,68967,46388.8,4913.6,-143.96,0.938
R9112,poplar,-69243.3,47553.8,5052.8,25.71,1.153
R9113,pine,-68631.4,47594.4,4788.6,-220.33,1.193
R9114,pine,-68061.8,47072.9,4729.3,2.65,0.894
R9115,pine,-64305,47585,4497.7,-251.53,0.933
R9116,pine,-63117,47284.4,4395,50.04,0.809
R9117,poplar,-62339,47236.3,4437.6,59.68,0.897
R9118,pine,-61347.8,47370.4,4448.1,-116.5,1.086
R9119,pine,-60083.9,47505.5,4376.5,10.41,1.213
R9120,pine,-58513,47541.6,4358.9,-160.38,1.105
R9121,pine,-49415.6,47197,3965,47.8,0.961
R9122,elm,-43801,46806.7,4500,-36.43,0.849
R9123,pine,-43500.8,46893.6,4408.3,-172.66,1.021
R9124,pine,-2871.8,47100.6,6787.1,28.49,1.041
R9125,pine,-1096.3,47570,5889.6,-244.41,1.097
R9126,elm,12891.8,46850.6,4869.1,54.47,1.007
R9127,pine,16161.7,47149.2,4269.4,-233.96,1.227
R9128,elm,18222.6,47127.6,4187.9,-115.15,1.019
R9129,poplar,32820,46935.6,4338.2,-17.46,1.123
R9130,pine,64775.5,47502.4,4543.5,-13.41,1.019
R9131,pine,66792.7,47578.5,5035.4,-223.06,1.132
R9132,pine,67424.2,47028.5,4906.5,-265.03,0.896
R9133,pine,67818,46913.5,4841.3,57.38,1.178
R9134,pine,69130.3,47102.8,4888.1,-126,0.805
R9135,pine,-69464.8,48202.2,4976,-263.69,0.917
R9136,pine,-66970.5,48287.2,4495.1,-23.75,1.095
R9137,pine,-66046.1,47664.6,4464.2,-24.27,1.06
R9138,pine,-65737.3,47759,4583.5,-11.34,1.083
R9139,pine,-64889.8,47671,4557.6,-246.4,0.842
R9140,pine,-63880,48000.6,4451.5,-19.35,1.233
R9141,poplar,-61187.9,48349,4308.9,-58.73,0.804
R9142,pine,-60056.6,47852.7,4366.7,-134.53,0.919
R9143,pine,-59551.4,48265.7,4349,-146.79,0.896
R9144,pine,-58383.2,48051.8,4346.1,17.37,1.088
R9145,poplar,-9326.4,47641.5,4905.3,78.59,1.029
R9146,poplar,-7286.2,47791.6,6130.7,-201.18,0.815
R9147,pine,-3176.1,47846.4,5737.7,9.6,1.049
R9148,pine,-2633.7,47871.2,5839.9,75.32,1.076
R9149,poplar,10714.2,48046.1,4517.2,-170.04,0.805
R9150,pine,10858.7,48227.6,4282.3,-33.87,0.886
R9151,elm,12096.9,47626.4,4820.6,10.46,1.215
R9152,pine,12565.4,47660.7,4817.4,-264.7,1.058
R9153,poplar,17536.8,47737,4072.7,-72.51,1.172
R9154,elm,18500.6,47777.6,4012.3,-1.53,1.233
R9155,elm,66389.7,47721.4,5100,-226.07,1.184
R9156,pine,68890.2,47811.2,4954.8,-225.43,1.007
R9157,elm,-69305.2,48630.8,4907.9,72.92,1.005
R9158,pine,-68950.8,49096.6,4776.5,-228.07,0.926
R9159,elm,-68287.4,48789.2,4696.5,-25.34,0.808
R9160,elm,-67293,48768.2,4500.8,-253.98,1.056
R9161,elm,-66694.4,48532.4,4496.8,-50.22,0.984
R9162,elm,-64301.7,48585.6,4521.6,33.6,0.923
R9163,poplar,-63492.6,48850.5,4564.4,-205.65,0.834
R9164,pine,-62281.6,48969.1,4294.6,-261.68,1.137
R9165,elm,-60584.6,48471.2,4280.7,-133.27,0.872
R9166,elm,-59618,48823.2,4153.9,-28.34,1.149
R9167,elm,-58468.2,49058,3977.2,45.36,1.246
R9168,pine,-10883.8,48753.1,4734.1,-198.73,0.98
R9169,elm,-8918.5,48713.2,4681.6,-5.2,0.903
R9170,elm,-7879.9,48458.2,5287.3,-250.49,1.076
R9171,elm,9176.4,48597.3,4577.7,-265.7,0.841
R9172,pine,11651.3,48535.5,4290.8,-42.35,1.201
R9173,elm,12417.1,48789.9,4320.3,-96.04,1.008
R9174,pine,13651,49016.3,4436.6,70.29,1.208
R9175,elm,18490.5,48543.1,3886.1,-135.96,1.233
R9176,pine,20060.6,48496.6,3751.8,49.9,1.116
R9177,pine,63654.9,49033.9,4277.2,-142.17,1.065
R9178,pine,66455.6,48916.3,5007.3,-237.95,1.149
R9179,elm,68332.4,48816.4,4994.3,23.22,0.998
R9180,pine,69168.7,49157.4,4861.6,-134.89,0.849
R9181,pine,69423.4,48704.3,4812.5,-23.88,1.081
R9182,elm,-69040.3,49406.5,4796.2,-77.09,1.044
R9183,elm,-67466.7,49477.4,4430,-247.32,0.88
R9184,pine,-66669.9,49684,4432.3,-12.11,0.872
R9185,elm,-65568,49672,4623.2,18.64,0.842
R9186,pine,-64448.5,49852.5,4685.7,-169.98,0.996
R9187,pine,-63895.1,49551.6,4763.8,-7.79,0.85
R9188,pine,-62598.6,49715.9,4459.3,-85.86,1.079
R9189,pine,-61402.7,49403.4,4232.4,16.83,1.126
R9190,elm,-60470.6,49621,4115.7,-184.04,0.886
R9191,poplar,-7842.9,49645.3,4996.6,-217.87,1.06
R9192,pine,-7342.6,49636,5205.4,-106.94,0.896
R9193,pine,-4651.8,49785.8,5289.4,-222.3,0.985
R9194,pine,12670,49671.8,4077.6,79.78,1.043
R9195,elm,14547.7,49668.2,4023,49.71,1.111
R9196,pine,66206.4,49899.2,5175.3,-41.99,0.893
R9197,elm,68597.3,49878.3,5206.8,-90.44,0.885
R9198,elm,-68498.7,50147.1,4633.2,-199.54,1.018
R9199,elm,-67698.2,50021.3,4552,-209.09,0.838
R9200,elm,-66946.4,50182,4443.6,-41.75,1.069
R9201,poplar,-66190.6,50391.4,4439.9,81.43,1.004
R9202,elm,-63643.3,50158.8,4566.7,-269.22,0.856
R9203,elm,-63138.8,50666.4,4471.3,-18.58,1.081
R9204,pine,-62690.4,50505,4455.9,62.41,1.171
R9205,pine,-10039,50340.2,4575.3,-147.24,1.115
R9206,elm,-9052.2,50066.4,4584.3,62.43,0.837
R9207,poplar,-4917,50547.8,4992.1,-39.51,0.897
R9208,pine,7341.2,50370.5,4647.8,-172.33,1.224
R9209,elm,65953.2,50622.4,5049.3,52.24,1.239
R9210,pine,68200.5,50369.9,5152.4,77.07,1.078
R9211,pine,68687.1,50670.6,5154,-165.95,0.804
R9212,elm,-69460.7,51126.2,4464.1,-81.08,0.944
R9213,poplar,-66609.9,51550.1,4490.1,-122.81,1.217
R9214,pine,-65096.3,50826.5,4549.3,-3.1,1
R9215,poplar,-64313.3,51208.1,4532.2,-99.02,1.136
R9216,elm,-6721,51566.7,4030.8,-12.69,1.008
R9217,elm,-4107.2,51571.7,4957.7,-25.74,1.121
R9218,pine,65738.7,51541.7,4778.5,-104.49,0.873
R9219,poplar,66933.1,50928,5237.1,-9.61,0.926
R9220,poplar,67739,51475.8,5079.7,-203.68,1.06
R9221,elm,68554.2,51325,5200.2,67.37,1.163
R9222,elm,69442.4,51073.7,5225.2,-42.43,0.906
R9223,elm,-67843,51686.5,4409.7,-260.12,0.863
R9224,elm,-66382.2,52274.9,4431.7,-114.94,0.807
R9225,poplar,-64635,51677.9,4506.1,-69.75,1.03
R9226,poplar,-62526.2,52018.6,4518,-98.69,1.188
R9227,pine,-5489.8,51926.6,4292.9,-71.59,0.83
R9228,elm,-4936.5,51992.2,4538.2,-188.68,1.139
R9229,pine,6966.4,52343.7,6096.5,-220.77,1.133
R9230,elm,8182.8,51746.1,4865.8,-0.5,1.08
R9231,pine,15852.6,52242.2,4812.4,59.62,0.993
R9232,pine,34097.7,51825.4,4092.6,-163.84,1.234
R9233,elm,66753.7,51989.2,4968.1,-192.05,1.206
R9234,pine,67357.4,52111.5,5029,-211.36,1.034
R9235,pine,67898.5,52206.7,4899,-160.8,1.22
R9236,poplar,68851.6,52279.6,4831.9,24.96,1.226
R9237,pine,-69363.4,52661.1,4326.7,28.29,1.236
R9238,pine,-67304,53097.9,4585.2,-51.22,1.147
R9239,pine,-10724.4,52957.6,4683,-189.36,0.874
R9240,elm,-9400.5,52614.8,4542.9,-188.41,0.94
R9241,pine,-8949.1,53068.5,4874.3,-47.92,0.814
R9242,pine,-4599.5,53188.7,4357.2,-114.33,0.816
R9243,pine,1406.3,53159.9,4576.2,16.15,0.995
R9244,pine,6833.2,53012.5,7230.6,9.02,1.074
R9245,elm,7649.9,52601.4,5962.5,-117.51,1.169
R9246,poplar,8826.2,53139.9,5700.3,-211.97,1.215
R9247,poplar,9258.5,52910.8,4833,-196.95,1.162
R9248,poplar,64104.6,52605.3,4062,-118.1,1
R9249,pine,64926.3,52629.2,4283.6,-191.18,0.997
R9250,elm,65329.5,52902.5,4433.7,-69.83,0.812
R9251,pine,67927.8,52645.7,4783.3,25.53,1.182
R9252,pine,68425.7,53032.7,4694.6,-127.73,1.075
R9253,pine,-69222.2,53308.1,4420.4,-86.02,0.913
R9254,pine,-67829.5,53362.9,4574,-92.81,1.169
R9255,pine,-66757.1,53246.1,4365.8,-239.66,0.945
R9256,pine,-65616,53748.4,3864,85.02,1.021
R9257,pine,-65033.4,53295.4,3888.2,-140.24,1.146
R9258,poplar,-59557.7,53542.8,3934.3,-197.31,0.962
R9259,elm,-16095.6,53978.7,5253.4,-103.79,0.976
R9260,pine,-14030.3,53674.7,5076,-249.27,1.013
R9261,elm,-13351.5,53911.1,5375,-265.72,1.132
R9262,pine,-13022.9,53264.8,4497.8,-2.72,1.033
R9263,pine,-12247.8,53504.4,4921.2,59.1,0.852
R9264,pine,-10839.2,53971.5,6019.1,58.26,0.992
R9265,elm,-10414.3,53994.1,6103.3,-7.33,0.962
R9266,pine,-9431.7,53354,5271.3,1.21,1.075
R9267,elm,-8830.2,53966,5174.3,-16.55,1.112
R9268,poplar,-5019.9,53821.2,4011.8,-172.85,1.23
R9269,pine,-742.1,53493.8,4596,-160.28,1.167
R9270,pine,5933.4,53214.1,8538.6,-158.02,1.125
R9271,pine,6100.4,53955.4,8764.2,-195.41,1.101
R9272,pine,7012.8,53641.5,7710.8,-140.57,1.242
R9273,pine,7847.2,53939,7296.1,-239.16,1.235
R9274,pine,9118.9,53787.2,5723.4,-252.84,0.932
R9275,elm,9604.7,53509.4,4777.6,-188.54,0.852
R9276,elm,14670,53273.5,4847.8,51.15,1.077
R9277,pine,16199.5,53257.8,6146,-163.76,0.971
R9278,pine,16955.2,53955.7,7091,-202.3,1.013
R9279,pine,31968.4,53645.1,4532.8,36.43,1.095
R9280,elm,32702.4,53849.4,5428.2,-160.56,1.227
R9281,pine,33601.3,53423.2,5593.8,-265.78,0.829
R9282,elm,34015.4,53457.4,5222.2,-26.75,1.166
R9283,pine,65724.5,53791.5,4567.5,-171.69,1.107
R9284,elm,67494,53613.4,4487.2,-123.2,1.162
R9285,pine,68163.1,53244.1,4581.4,-95.07,1.093
R9286,elm,69526.6,53605.8,4483.5,-259.96,1.101
R9287,poplar,-69264.5,54798.5,4356,-64.37,1.186
R9288,pine,-68049.2,54233.2,4255.6,66.38,1.101
R9289,elm,-39263.8,54433.6,4826.2,-135.27,1.031
R9290,pine,-38304.4,54163.2,5011.9,-209.54,1.093
R9291,pine,-24756.2,54654,5366.1,-80.26,1.199
R9292,pine,-24142.4,54359,4468.3,-263.15,0.83
R9293,pine,-17521.9,54180.5,4802.4,-259,1.066
R9294,poplar,-16487.4,54291.4,5398.1,-119.17,1.05
R9295,pine,-16339.3,54208.3,5386.7,-62.44,1.231
R9296,elm,-14989.9,54428.6,5438.3,-4.53,0.899
R9297,poplar,-14129,54642.7,6116.6,39.28,1.028
R9298,elm,-13966.6,54583.7,6069,-118.63,0.897
R9299,elm,-12704.2,54530.5,6324.5,-203.65,0.941
R9300,pine,-11839.4,54026.7,5870.8,24.27,1.04
R9301,elm,-11257.7,54566.4,6644.3,-249.21,0.869
R9302,pine,-10768.1,54342.4,6456.9,-2.42,1.207
R9303,pine,-9776.9,54172,6074,-112.29,0.812
R9304,pine,-9147.6,54733.6,5309.4,-127.01,1.239
R9305,poplar,1991.7,54285,5135.1,-66.16,0.923
R9306,pine,4661.8,54025.7,9325.9,-176.16,0.921
R9307,pine,5536.1,54196.8,9022.5,-227.45,1.191
R9308,pine,7184.8,54397.6,7620.7,-223.91,0.803
R9309,elm,8373.5,54369.1,6632.1,-152.66,1.002
R9310,pine,9009.4,54637.3,5565.4,16.09,1.091
R9311,pine,9534.6,54247.4,5009.6,-122.42,1.027
R9312,elm,14318.4,54161.6,4435.7,-252.43,0.862
R9313,poplar,15557,54144.6,5754.6,1.53,1.181
R9314,elm,16341.3,54424.1,7251.3,-63.47,1.085
R9315,pine,16938.2,54566.4,7800.7,81.67,0.945
R9316,pine,20575.6,54302.7,4614.3,65.42,1.032
R9317,pine,31637.8,54523.3,4540.2,85.42,1.12
R9318,pine,48213,54737.8,4463.1,-17.29,1.069
R9319,pine,64452,54311.6,4072.4,-244.37,1.178
R9320,elm,69128.1,54737.1,4353.3,-179.87,0.821
R9321,pine,-40163,54803.1,3900.7,69.7,1.248
R9322,elm,-38170.2,55207,5367.7,-169.46,1.001
R9323,pine,-33336.1,55429.3,7306.8,86.64,1.005
R9324,pine,-32738.7,55513.4,6417.7,-134.53,1.218
R9325,pine,-27665.6,55150.4,4319.6,-213.28,1.226
R9326,pine,-27216.4,55418.1,5104.1,-217.63,0.873
R9327,pine,-26386.1,55551.4,6138.9,-25.24,1.094
R9328,pine,-25337.9,55243.6,6559.4,-259.38,1.081
R9329,pine,-24509.6,55140.8,6430.3,-85.25,1.174
R9330,pine,-22846,55495.4,4804.4,-74.91,0.931
R9331,poplar,-19503.5,55363.2,4425.8,-31.93,1.147
R9332,pine,-17575.1,55168.6,4149.9,-249.57,1.187
R9333,elm,-16179.1,55016.9,5482,-20.11,1.086
R9334,pine,-14975,55434.4,6776.5,-121.2,0.809
R9335,poplar,-14480.2,55434,7193.4,-71.48,1.028
R9336,elm,-13464.3,55542,7493.8,-129.2,0.981
R9337,elm,-12858.7,55158.5,7090.5,-27.73,0.87
R9338,pine,-12136.2,54837.6,6922.1,-18.86,1.128
R9339,poplar,-11506.3,55464.6,6859.9,-181.33,1.206
R9340,pine,-10265.4,54883.6,6622.9,-159.49,1.095
R9341,elm,-9288.7,55362.3,5106.2,71.81,0.86
R9342,pine,-2433.2,55526.3,4599.3,-140.25,1.109
R9343,elm,117.5,55447.1,5169.8,-192.49,0.956
R9344,pine,1030,55366.4,5046.8,-229.92,1.053
R9345,pine,2982.4,55334.6,7047.1,-223.58,0.838
R9346,pine,3793.2,55207.5,9584.1,-142.26,1.098
R9347,pine,5031.6,55407.9,9224.4,10.86,0.876
R9348,pine,5341.3,55463.8,8863.8,84.68,0.868
R9349,elm,7204.7,55596.2,6340.2,-185,0.904
R9350,poplar,8239.7,55140.6,5761.9,-138.88,1.087
R9351,elm,8474.8,54813.9,5867.6,-112.71,1.201
R9352,pine,10654,55482.8,4004.6,-92.91,0.867
R9353,pine,15307.6,55309.1,5378.7,7.33,0.834
R9354,elm,19857.9,54858.4,6465,-13.1,0.956
R9355,pine,65153.3,54925.3,4380.4,-7.37,0.998
R9356,pine,67769.1,54856.1,4298.3,-115.88,0.953
R9357,pine,-41175.4,55622.1,4169.2,-239.73,1.229
R9358,pine,-39042,56104.4,5125.6,81.75,1.032
R9359,elm,-37995.8,56112.2,6076.2,-14.6,1.041
R9360,pine,-35102.8,55618.9,8368,-46.54,0.943
R9361,pine,-34667.4,56274,9563.2,-39.5,0.921
R9362,pine,-33539.6,55704.1,8079.2,40.71,1.209
R9363,elm,-32483.4,56108.1,6937.8,-261.98,0.905
R9364,pine,-31941.5,55974.5,5972.9,-103.66,0.824
R9365,pine,-31562.4,56297,6370.8,-194.74,0.809
R9366,pine,-30255.7,56268.8,6125.6,-138.79,0.981
R9367,poplar,-29742.3,56104.2,5720.8,0.46,1.04
R9368,poplar,-28620.4,55785.3,5283.4,-203.25,1.063
R9369,elm,-27865.6,55991.2,5707.9,-0.84,0.907
R9370,pine,-26904.7,56033.3,6679.2,57.63,1.033
R9371,elm,-26313,56119.9,7416.8,-2.11,0.851
R9372,pine,-25264.9,56365.4,8450.5,-260.5,1.007
R9373,elm,-25198,55734.2,7532.7,-242.64,1.046
R9374,poplar,-24332.7,56197.8,7950.4,55.49,1.189
R9375,pine,-23116.9,55660.1,5344.1,-111.51,0.843
R9376,poplar,-17009.5,56299.8,4331.2,-122.99,1.138
R9377,pine,-15814.3,56210.5,5505,-21.03,0.899
R9378,pine,-15345,56079.5,6218.6,-189.51,1.05
R9379,elm,-14575.2,56094,7151.8,-101.71,0.87
R9380,pine,-13696.1,55762.2,7823.8,-57.2,1.107
R9381,elm,-12903.1,55626,7612.6,22.1,0.882
R9382,poplar,-11972.1,56274.3,6926.2,-163.06,1.212
R9383,elm,-11438.6,56367.7,6566.2,-47.75,1.119
R9384,elm,-10444,55995.6,6090.6,-219.53,1.173
R9385,pine,-9532.9,56176.8,5244.8,39.27,1.247
R9386,pine,-4343,56339.6,5141.9,-216.4,0.861
R9387,poplar,1017.2,55922.7,5439.7,-114.73,1.201
R9388,poplar,1491,56023.1,5355.6,-194.13,0.88
R9389,pine,2619.1,56182.6,6656.2,-8.51,1.189
R9390,pine,3225.6,56379.4,8264.5,38.72,0.9
R9391,pine,5181.2,55890.7,9097.4,-9.22,0.81
R9392,pine,6094.8,55763.9,8249.6,43.24,1.15
R9393,poplar,7127.2,55810.4,6321.4,-54.05,1.19
R9394,pine,8077.8,55664.8,5460.6,68.63,1.218
R9395,pine,8762.8,55624.4,5207.4,-183.3,1.073
R9396,pine,9516.9,55783,4721.8,-237.02,0.842
R9397,poplar,15102.3,56013.2,5259,32.36,0.998
R9398,elm,46747.7,55855.4,5511.6,-33.54,0.996
R9399,elm,47075,56277.3,6187,-207.87,1.15
R9400,elm,47782,55744.4,6083.7,-215.26,0.959
R9401,elm,68445.3,55919,4391.8,2.46,1.186
R9402,pine,-67911.2,56878.2,4306.9,-8.84,1.156
R9403,pine,-64231.8,57014.5,4983.3,11.8,1.18
R9404,elm,-43722.6,56960.8,4563.9,-7.61,0.953
R9405,pine,-39141.2,56742.6,5259,-208.91,1.125
R9406,pine,-38605.6,56629.9,6042.1,-89.24,1.146
R9407,pine,-36672.1,56733.7,6797.3,24.59,1.141
R9408,pine,-35509.8,56582.3,8406.9,-103.21,0.831
R9409,pine,-34032.4,56604.3,9685,-100.44,0.996
R9410,pine,-33220.3,56513.3,8576,-118.32,1.168
R9411,pine,-32515.8,56785.2,8202.2,-105.37,1.069
R9412,elm,-32040.5,56788.9,7733.2,41.72,1.012
R9413,pine,-31318.8,57167.4,8393.9,-216.95,1.04
R9414,pine,-30730.6,57056.5,7519.6,-131.66,1.151
R9415,pine,-29723.2,57121.5,6432.3,46.25,0.883
R9416,elm,-28694.6,56418.9,6224.8,-227.94,1.132
R9417,elm,-28219.2,56758,6404.1,-203.28,1.236
R9418,pine,-27139.5,56679.8,7121.7,-86.49,0.965
R9419,pine,-26172.1,56783.4,8673.2,43.25,0.969
R9420,pine,-25602.7,56495.2,8622,-31.14,0.95
R9421,pine,-24805.6,57100.1,8776.4,-235.34,0.801
R9422,pine,-23964.6,56862.2,7288,-149.4,0.867
R9423,elm,-22886,56827,5580.4,-75.76,1.116
R9424,pine,-22453.6,56786.2,5289.3,-221.86,0.909
R9425,poplar,-20884.5,56786.3,4667.9,-77.58,0.889
R9426,pine,-16925.2,56549.7,4321.5,19.64,0.868
R9427,elm,-16050.5,57135.4,4495.7,74.72,1.157
R9428,poplar,-14829.3,56423.7,6554.8,-98.07,0.901
R9429,elm,-14146.5,56490.8,7142.9,-221.17,0.891
R9430,pine,-13322.3,56670,7306.6,58.72,1.076
R9431,pine,-13114.8,56891.8,7150.7,18.71,1.011
R9432,pine,-11962.1,56691.3,6891.3,-10.46,1.065
R9433,elm,-11274.2,56435.2,6448.4,-150.42,1.134
R9434,pine,-10032.5,57146.6,6754.7,87.34,0.851
R9435,elm,-9771.3,56907.1,6163.1,20.85,0.945
R9436,elm,-5640.6,56989.6,5298.4,-71.56,1.03
R9437,pine,-3686,57143.2,6559.7,-97.97,0.89
R9438,elm,1062.7,56963.3,6361.9,27.64,0.995
R9439,poplar,1393.2,56659.4,6022.6,-67.2,0.992
R9440,pine,3191.6,56818.9,8843.5,-252.84,1.064
R9441,pine,4372.7,56966.5,9688.3,-5.56,0.834
R9442,pine,4579.1,56591.8,9454.7,-238.53,0.87
R9443,pine,5253.5,56825.7,9345.1,74.98,1.221
R9444,pine,6514.9,56812.6,7566.6,-165.01,1.208
R9445,elm,7198.8,56883.2,6086,28.83,0.899
R9446,pine,7881.8,57045.6,5379.6,-206.42,1.211
R9447,elm,8701.6,56853.9,4961.9,-85.83,1.018
R9448,pine,9520.4,56717.4,4353.6,-226.63,0.98
R9449,elm,15995.4,56541.8,7907.5,-208.09,1.122
R9450,pine,31930.2,56408,4040.8,-165.14,0.959
R9451,pine,46947.2,57022.6,7059.9,-24.05,1.232
R9452,pine,48283.4,56775.2,7438.5,-108.96,1.011
R9453,pine,63761.8,57155.3,6924.9,-226.05,1.169
R9454,elm,-66694.3,57203.7,5242.3,-39.27,1.006
R9455,poplar,-63136,57861.9,6510.4,-102.38,1.246
R9456,elm,-43967.8,57705.5,5061.6,-232.3,1.223
R9457,elm,-43396.6,57556.8,5666.4,48.76,1.206
R9458,elm,-42528.3,57560.5,5324.4,-248.05,0.874
R9459,pine,-41209.9,57762,4372.7,-82.72,0.833
R9460,pine,-39473.4,57656.9,5361.2,2.08,1.059
R9461,pine,-38008.9,57919.5,8436.3,-50.44,0.827
R9462,pine,-37395.8,57964.9,8495.8,-61.14,0.863
R9463,pine,-37177,57656.9,8352.1,-268.53,1.18
R9464,elm,-36189.7,57244.2,7561.3,-129.36,1.121
R9465,pine,-35512.7,57445.9,8783.7,-56.86,0.905
R9466,pine,-34494.5,57778.5,10421.5,-261.82,0.883
R9467,pine,-33799.3,57468.1,10211.1,-38.15,0.881
R9468,pine,-33032.4,57719.4,9950,2.89,1.057
R9469,pine,-32279.7,57499.4,8895.3,-156.72,1.242
R9470,pine,-31295.4,57453.4,8933.1,-126.48,0.895
R9471,pine,-30504.7,57731.4,8432.8,-219.49,0.823
R9472,pine,-29996.7,57381.4,7041.6,-266.36,1.084
R9473,pine,-28837.4,57407.9,6448.1,20.27,0.993
R9474,elm,-28138.2,57317.3,6664.4,13.71,1.165
R9475,pine,-27310.9,57928.4,7718.6,-116.34,1.069
R9476,pine,-26050.8,57631.2,8701.4,-234.4,1.179
R9477,pine,-25915.7,57843.5,8905,-59.58,0.854
R9478,pine,-24477.9,57715.5,9463.5,-74.61,1.072
R9479,pine,-23732.7,57395.2,7470.6,25.84,0.986
R9480,elm,-23574.6,57471.3,7322.2,-57.57,1.105
R9481,pine,-20166,57334,4757.5,1.54,0.969
R9482,pine,-17805.1,57450.6,4532.1,-139.98,0.887
R9483,pine,-16183.2,57723.9,4389.3,-222.43,1.175
R9484,pine,-15521.1,57818.6,4621.4,-225.49,1.171
R9485,poplar,-14365.4,57730.2,5924.1,-67.92,1.176
R9486,elm,-13858.3,57318.7,6636,-66.51,1.02
R9487,poplar,-12405,57351.3,7196.1,-139.53,1.173
R9488,elm,-12338,57201.2,7065.7,-253.93,0.862
R9489,elm,-11273.9,57780.3,7696.1,89.05,0.809
R9490,poplar,-10745.8,57784.4,7846.3,55.63,1.217
R9491,elm,-9427.7,57752.9,7037,-184.67,1.141
R9492,pine,-9126.7,57914.6,6934,14.45,0.871
R9493,pine,-8290,57402.4,4978.7,-117.97,0.833
R9494,pine,-7196.2,57715.4,5246.1,-252.9,1.217
R9495,pine,-6707.4,57840.3,6200.7,-113.55,1.092
R9496,poplar,-5680.2,57366.6,6392.9,-26.55,0.821
R9497,pine,-4902,57289.5,6637.1,-26.03,1.202
R9498,pine,-3727.8,57530.6,7391.6,-14.51,1.229
R9499,elm,-2439.6,57773,7668.6,-102.14,1.163
R9500,pine,478.2,57455.5,6455.7,-187.3,1.099
R9501,pine,1960.9,57819.8,9218.4,-91.72,1.215
R9502,pine,2596.1,57973,10061.2,-20.35,1.035
R9503,pine,5230.4,57546.7,9229.5,-185.56,1.225
R9504,pine,6486.4,57893.7,7098.3,8.09,1.095
R9505,pine,6993.9,57998.2,6093.2,-254.11,1.003
R9506,pine,7866.2,57731.6,5221.2,-214.61,0.949
R9507,poplar,11722.5,57777.1,4435.3,-113.7,0.823
R9508,poplar,14409.8,57910.9,6229.5,82.74,1.009
R9509,pine,17998.4,57724.6,11423.4,-144.75,1.246
R9510,pine,19787.2,57553.1,10874,-224.16,0.819
R9511,pine,29684.5,57256.2,3877.7,24.23,1.145
R9512,poplar,44614.1,57771.8,5500.6,65.97,1.041
R9513,elm,45289.3,57398.6,5279.3,-160.76,0.991
R9514,pine,63954.4,57537.5,7331.7,74.83,1.013
R9515,pine,68994.9,57553.4,4386.7,-144.11,0.831
R9516,pine,-69289.8,58366.5,5681.4,0.44,0.935
R9517,pine,-68338.2,58733.5,7437,-68.56,1.228
R9518,pine,-67286.3,58597.3,8228.9,-100.77,1.05
R9519,pine,-66226.4,58422.9,8256.5,1.88,1.238
R9520,pine,-65092.2,58335.2,9411.7,68.8,0.925
R9521,pine,-64189.1,58115,8793.9,-196.1,1.206
R9522,pine,-62156.3,58559.2,8537.1,-123.75,0.863
R9523,pine,-61598.1,58334.3,7595,-69.81,0.844
R9524,elm,-61115.4,58578,7593,45.43,0.818
R9525,poplar,-59327.3,58367.9,7095.7,47.52,0.81
R9526,poplar,-58277.1,58494,6778.3,9.06,0.905
R9527,pine,-45036.6,58756.2,5681,-72.26,0.865
R9528,pine,-44066.4,58630.4,5930.7,-117.6,1.21
R9529,pine,-43444.7,58608.7,6340.3,-245.1,0.964
R9530,pine,-42342.4,58716.7,6100.4,-44.17,0.802
R9531,pine,-41240.7,58749.6,5077.7,-50.84,1.166
R9532,pine,-40034.2,58089.8,5237.7,-219.01,0.8
R9533,pine,-39589.6,58733.8,6743.9,-97.47,1.051
R9534,pine,-38090.4,58361,8168.3,42.01,1.024
R9535,pine,-37343.3,58635.9,8374.5,85.4,1.095
R9536,pine,-36907.5,58467.9,8543.5,-161.86,0.932
R9537,pine,-35766.2,58094.7,9282,-253.17,1.057
R9538,pine,-34857.6,58747.5,10856,76.58,0.882
R9539,pine,-34187.2,58084.2,10911.6,-148.44,0.85
R9540,pine,-33300.9,58760,10057.6,62.31,0.932
R9541,pine,-32874.3,58164.9,9958.4,-234.01,0.804
R9542,pine,-32236.1,58099,9463.4,-15.14,1.084
R9543,pine,-31137.3,58618.1,9906.8,-1.36,0.896
R9544,pine,-30347.3,58661.9,9501.9,-102.76,0.908
R9545,pine,-29309.8,58096.6,7509.6,9.37,1.206
R9546,pine,-28782.4,58671.5,8139.8,-58.37,1.081
R9547,pine,-27798.7,58224.4,7790.6,-64.27,1.049
R9548,pine,-27515.4,58630.5,8309.4,-141.46,1.238
R9549,pine,-26530.5,58297.3,8514.4,-57.83,1.087
R9550,pine,-25481,58061.8,9359.8,-14.35,0.842
R9551,pine,-24660.2,58123.1,10247.6,-247.2,1.247
R9552,pine,-23989,58076.5,9564.7,77.63,0.901
R9553,pine,-19331.6,58490.1,5508.4,-60.55,0.817
R9554,pine,-18258,58422.1,5066.3,-192.12,0.977
R9555,pine,-17594,58509.1,5024.9,-40.63,1.102
R9556,pine,-16472.6,58576.3,4577.8,-154.13,0.996
R9557,pine,-14898.1,58455.2,5521.3,-166.58,1.202
R9558,poplar,-14743.6,58479.7,5704.5,-79.54,0.817
R9559,pine,-13204.5,58186.6,7571.8,70.78,1.058
R9560,pine,-12978.3,58426.7,7991.4,-134.13,0.86
R9561,pine,-11609.7,58145.3,8471.4,-185.75,1.129
R9562,pine,-10838.2,58472.7,8758.3,-59.6,1.105
R9563,pine,-10316.4,58546.1,8386.3,-130.77,0.968
R9564,pine,-9581.7,58513.6,7886.2,-250.79,1.139
R9565,pine,-9097.1,58650.5,7740.4,-212.03,0.801
R9566,elm,-7817.7,58798.7,7680.7,62.3,0.984
R9567,pine,-7075.2,58045.4,6263.6,-18.85,1.21
R9568,pine,-6564.1,58670.9,8250,42.55,1.125
R9569,pine,-5171,58085.4,8150.9,-213.73,0.83
R9570,pine,-4380.1,58380,8903.8,-77.05,0.862
R9571,pine,-2627.1,58054.4,8693,-71.89,0.835
R9572,pine,-1152.6,58143.9,8005,62.34,1.194
R9573,pine,217.1,58651,9570,-251.86,1.166
R9574,pine,887.5,58145.4,8805.2,41.29,0.981
R9575,pine,1436.8,58606.4,10978,81.42,1.025
R9576,pine,2567.1,58693.6,11606.1,-130.49,0.852
R9577,pine,3087.6,58224.9,10735.5,-256.54,0.825
R9578,pine,3757.8,58516.3,11838.3,-65.35,0.915
R9579,pine,5018.5,58205.7,9967.1,-225.96,1.047
R9580,pine,5977.4,58528,8067.5,71.16,0.999
R9581,pine,6744.7,58508.7,6479.2,-213.15,0.858
R9582,elm,7471.9,58433.3,5479.1,11.09,0.986
R9583,pine,7622.8,58023.5,5400.9,-194.62,0.921
R9584,pine,9926.2,58641.7,4385.9,-253.61,1.238
R9585,elm,11398.4,58025.3,4758,11.26,0.973
R9586,poplar,11891.8,58671.5,6051.6,31.12,1.215
R9587,pine,13135.5,58685.7,6134.9,50.67,1.088
R9588,poplar,13801.1,58157.7,5904.8,-22.06,0.933
R9589,pine,14181.4,58104.1,6191.5,-46.36,0.912
R9590,pine,15159.5,58652,8373.5,-26.36,0.97
R9591,pine,17135,58127.8,11244.4,76.89,0.851
R9592,pine,18789.5,58757.7,12237.8,66.16,1.081
R9593,pine,19050.7,58703.8,12170.8,-252.73,1.069
R9594,pine,45171.8,58481.5,7580.1,-25.18,1.094
R9595,pine,45566.1,58187.5,7368.2,-188.63,1.018
R9596,pine,62400.6,58502.1,8373.8,-205.95,0.904
R9597,pine,63336.6,58725.1,9170.3,-44.81,0.822
R9598,pine,64282.2,58505.5,8941.4,-158.16,0.888
R9599,pine,65122.9,58478.3,9316.1,-57.23,0.879
R9600,elm,67752.2,58437.8,4463.5,-245.47,1.174
R9601,pine,68587.8,58569.9,5183.6,-227.54,1.153
R9602,pine,69536,58414.9,5732.2,87.45,1.217
R9603,pine,-65230.2,59439.7,11514.9,-200.01,1.073
R9604,pine,-65161.9,59519.5,11628.7,-256.61,1.17
R9605,pine,-64029.3,59429.1,12356.9,-31.4,1.065
R9606,pine,-61286.3,59215.2,9242.7,-32.86,1.042
R9607,pine,-60859.7,58904.9,8259.7,-66.5,1.244
R9608,pine,-57838.3,59057.4,7685.3,-213.92,1.153
R9609,pine,-44643.9,59018.6,6457,-79.41,0.968
R9610,pine,-44285.8,59392.3,7384.1,82.1,0.937
R9611,poplar,-43082.5,59403.8,7217.2,52.13,1.231
R9612,poplar,-42675,58948.3,6475.7,-127.66,0.941
R9613,pine,-41356,59123.3,5438.6,-248.9,1.173
R9614,elm,-40699.9,59060,5600.7,-5.09,1.241
R9615,elm,-40273.7,59354.3,6238.9,-200.79,0.951
R9616,elm,-39497.3,59478.4,7588.8,-96.66,1.235
R9617,pine,-38663.3,58953.3,8141.7,-251.52,0.81
R9618,pine,-37967.6,59141.9,8215.1,68.12,0.842
R9619,pine,-36482.4,58873.2,8804.7,-265.79,0.91
R9620,pine,-35783.3,59145.1,9801.8,26.79,1.005
R9621,pine,-35091.2,59293.2,10602.5,34.28,1.078
R9622,pine,-34738.3,59347.9,10919.9,-128.07,0.875
R9623,pine,-33545.4,59089.6,10296.1,-35.8,1.138
R9624,pine,-32807.9,59140.4,9643.1,-228.74,1.117
R9625,pine,-32184.6,59452.6,9762.3,-16.68,1.133
R9626,pine,-30879.8,59099.3,9583.5,-27.11,0.839
R9627,pine,-30447.9,59245.8,9194.8,-249.72,1.019
R9628,pine,-29276.1,59448.2,8974.1,-12.67,1.097
R9629,pine,-28814.8,59536.7,9121.3,-86.32,1.183
R9630,pine,-28269,58989.4,8487.2,72.65,0.889
R9631,pine,-27286.8,59518.9,9671.4,33.47,0.904
R9632,pine,-26028,58924.9,9503.6,-261.2,1.002
R9633,pine,-25337.9,59100.8,10133.3,-75.24,1.09
R9634,pine,-24748.5,59087.5,10856.8,29.02,1.03
R9635,pine,-24115.4,58867.4,11037.6,-92.59,1.244
R9636,elm,-18148,59268,6500.6,82.79,1.145
R9637,pine,-17558.4,59360.4,6179.2,-14.14,0.806
R9638,elm,-15002.7,59519,7866,64.95,1.004
R9639,pine,-14168.3,59367.9,7270.7,-6.69,1.14
R9640,pine,-13736.6,59485.9,7694,-102.98,0.898
R9641,pine,-12417.1,59158.2,9766.2,-123.74,1.017
R9642,pine,-11602.8,59144.7,10385.2,-188.86,1.078
R9643,pine,-11594.5,58981,10272.8,20.27,0.953
R9644,pine,-10744.8,59344.3,9768.9,82.35,1.157
R9645,pine,-9319.3,59540.9,9430.9,-105.31,0.833
R9646,pine,-8928.1,59243.6,8981.1,-49.99,0.907
R9647,pine,-7669.6,59485.3,9178,24.98,1.012
R9648,pine,-6315.1,59442.8,8403.3,-44.43,1.144
R9649,pine,-5269.6,59273.1,9164.7,10.7,1.084
R9650,pine,-3492.7,59304.7,11911.6,-156.38,0.995
R9651,pine,-959.1,59502.9,11173.1,-64.88,0.965
R9652,pine,-284.6,59072.6,10462.9,-194.04,1.088
R9653,pine,1876.7,59369.1,12994.6,-196.56,1.165
R9654,pine,2000.8,59483.7,13136.2,-209.85,0.933
R9655,pine,3452.9,59582.1,13787.6,-121.19,0.992
R9656,pine,3713.3,59078,13018.6,-35.16,0.93
R9657,pine,4464,59515.6,11370.4,-72.21,1.142
R9658,pine,5703,59137.9,8709.2,-263.89,1.059
R9659,pine,6698.7,58925,6917.6,-158.56,1.179
R9660,poplar,7332.2,59158.2,6480.8,-1.82,1.054
R9661,pine,8346.9,59195.4,5701.3,-189.85,1.152
R9662,elm,9039.1,59540.6,5859,36.25,1.027
R9663,pine,9200.2,59329.3,5446.9,-32.57,0.973
R9664,pine,10705.4,59435.2,6504.2,-172.14,0.864
R9665,elm,10999.7,58884.5,5882.2,1.12,0.981
R9666,pine,11903.6,59037.4,6689.9,-86.56,0.975
R9667,elm,12554.9,59384.3,7025,-102.61,0.862
R9668,pine,13564.3,59089.8,7166.6,-68.9,1.172
R9669,pine,15236.2,58844,8696.4,71.35,1.1
R9670,pine,15712.4,59183.7,9773.6,-148.39,1.186
R9671,pine,16549.1,59094.8,10947.2,66.22,0.965
R9672,pine,57287.4,59355.9,10551.3,-27.87,0.812
R9673,pine,62954.3,59195.9,10591.9,-235.19,0.969
R9674,pine,64276.7,58841,9631.9,-39.01,1.229
R9675,pine,65188,58953.3,10502.9,-72.22,1.036
R9676,pine,65845.6,59442.9,10765.4,57.52,1.244
R9677,pine,66906.1,59014.2,6995.7,-127.34,1.246
R9678,elm,67858.4,58855.5,5365.9,-12.25,1.163
R9679,elm,68657.3,59304.2,6466,-65.3,0.899
R9680,pine,-68740,59973.2,11250.4,44.43,1.134
R9681,pine,-68030.2,60199.7,12901,69.73,1.095
R9682,pine,-66499.9,59890.3,11986.1,-150.77,0.802
R9683,pine,-65244.5,59748.5,11828.9,-180.88,1.233
R9684,pine,-64973.4,60258.9,12381,-123.43,0.895
R9685,pine,-64130.3,60180.9,12772.1,78.59,1.11
R9686,pine,-58889.1,59932,12227.3,-107.6,0.974
R9687,pine,-58484.1,60326,12275.3,-92.36,1.016
R9688,pine,-45518.1,59748.1,8409.5,-198.63,0.964
R9689,pine,-43793.2,60199.2,8683.6,29,1.201
R9690,pine,-43244.7,60201.8,8141,-79.62,1.139
R9691,pine,-42250,59974.9,7243.7,64.6,0.93
R9692,poplar,-41647.8,59750.1,6154.7,-239.14,0.821
R9693,elm,-40848.2,60304.7,5391.6,52.41,0.922
R9694,pine,-40211,60089.5,5902.2,-258.67,0.862
R9695,pine,-39571.2,59860.6,7375.6,-58.38,1.158
R9696,pine,-38694.5,60132.3,8325.2,-205.75,1.006
R9697,pine,-37571.5,60043.7,8581.4,-238.74,1.119
R9698,pine,-37138.4,59813.1,9051.6,89.81,1.246
R9699,pine,-36051.4,59786.3,10201.6,-178.32,0.815
R9700,pine,-34962.7,60243.6,11194.9,-61.43,1.171
R9701,pine,-34380.5,60201.8,11625.2,32.14,1.215
R9702,pine,-33628.1,60122.7,11475.2,-159.67,1.005
R9703,pine,-33155.4,59680.7,10460.6,-208.06,0.893
R9704,pine,-31828.2,60303.3,11288.5,-142.52,0.856
R9705,pine,-31517.2,59832.9,10025.6,-133.15,1.175
R9706,pine,-30144.1,59710.3,8756,-5.83,0.972
R9707,pine,-29321.8,60237.8,9502,-55.26,1.127
R9708,pine,-28915,60374.5,10350.4,37.64,1.035
R9709,pine,-27852.4,59961,10405.4,-77.13,1.225
R9710,pine,-27183.5,59951.4,10562.5,42.32,0.945
R9711,pine,-26503.8,60208.7,10772.7,-156.42,0.939
R9712,pine,-25222.3,60179.7,9973,-219.69,1.186
R9713,pine,-11907.3,59863.2,11047.4,-29.04,1.147
R9714,pine,-10813.1,59720.9,10345.8,40.51,0.971
R9715,pine,-10437.9,59898.3,10272.4,-118.12,1.014
R9716,pine,-9618.5,59790,9690.7,-33.28,1.143
R9717,pine,-9104.1,60271.5,11050.8,-169.93,0.886
R9718,pine,-8208.9,59855.7,10581.6,88.59,0.988
R9719,pine,-7000,60346.7,9405,-263.13,0.846
R9720,pine,-5822.8,60251.7,9163.5,-196.71,1.01
R9721,pine,-497.9,59648.7,11974.4,-258.56,1.151
R9722,pine,143,60189,13847.7,44.37,1.232
R9723,pine,776.8,60051.2,13483.4,-43.62,1.153
R9724,pine,1950.9,60085,13273.6,-162.57,1.043
R9725,pine,2439.8,59840.9,13542.7,-1.73,1.116
R9726,pine,3405.4,59985,13600.5,-86.75,0.912
R9727,pine,4131.5,60201.5,11831.5,-123.22,0.977
R9728,pine,4832.5,59945.2,10335.2,42.72,0.942
R9729,pine,5251.3,59991.8,9428.1,-31.54,1.077
R9730,pine,6086.7,59852.4,8766.8,5.47,1.16
R9731,pine,7330.6,60083.3,8497.4,-54.98,0.908
R9732,pine,8148.5,60259.6,8108.2,-123.22,1.17
R9733,pine,8476.9,60335.9,7929.3,45.13,0.884
R9734,elm,9629.9,60224.7,7020.6,-136.53,0.931
R9735,elm,10372.7,59976.4,6670.6,-212.25,0.99
R9736,pine,10906,60288.3,7273.1,-158.02,1.026
R9737,poplar,12119.8,60240.9,7729,-251.7,0.946
R9738,elm,12866.9,59998.1,7785.9,-267.49,1.037
R9739,pine,13445,60175.7,8873.6,34.6,1.142
R9740,pine,14562.8,59828.9,9754.4,-122.32,1.013
R9741,pine,14905,59928.9,10040.7,3.63,1.235
R9742,pine,16303.7,59841.6,11913.9,17.62,0.907
R9743,pine,18384.3,60314.6,13308.4,-152.32,1.015
R9744,pine,20853.6,60398,13381.6,-115.43,0.96
R9745,pine,44609.7,60321.8,14746.6,-171.2,0.815
R9746,pine,51384.8,60213.3,9516.7,-147.08,0.819
R9747,pine,55874.4,60053.4,11157.7,-222.31,1.098
R9748,pine,60736,60353.6,12258.7,62.17,1.161
R9749,pine,61402.2,60186.4,11114.9,73.55,1.052
R9750,pine,62228.4,60057.7,11727.3,-234.34,0.996
R9751,pine,63598.6,60188.8,12774.6,-73.22,0.979
R9752,pine,64189.4,59921.7,12042.9,-142.45,1.24
R9753,pine,64757.3,59919.8,11891.9,0.69,0.949
R9754,pine,65230.8,59767.8,11736.1,45.2,0.831
R9755,pine,66765,60271.5,9780.5,-37.58,1.209
R9756,pine,67039.7,60189.7,9119.4,-65.11,0.889
R9757,pine,68020.3,60157.2,7929.1,-14.93,0.843
R9758,pine,68576.2,60396.5,8177.4,-204.93,1.042
R9759,pine,-67117.4,60596.8,13040.1,-65.64,0.965
R9760,pine,-65762.6,60593.7,12804.1,65.45,0.817
R9761,pine,-64612.1,61078.7,13627.5,-78.32,1.122
R9762,pine,-64113,60836.3,13033.2,-43.55,0.953
R9763,pine,-62899.7,60772.3,12483,74.35,0.994
R9764,pine,-60568.6,60787,10989.5,-194,0.828
R9765,pine,-60373.5,61135.5,11207.6,-33.55,0.873
R9766,pine,-58819.5,60735.9,13252,38.26,1.017
R9767,pine,-58669.4,60439.3,12904.2,-50.19,1.014
R9768,pine,-57232,60982.5,12963.6,-119.87,1.216
R9769,pine,-56905.2,60678.2,12147.6,-127.51,0.843
R9770,pine,-56016.1,60937.8,12006.9,39.56,0.95
R9771,pine,-42906.3,60950.7,8223.1,0.91,1.068
R9772,pine,-42314.3,60636,7868.8,24.46,0.983
R9773,pine,-41789.9,60552.6,6866.4,-199.57,1.013
R9774,poplar,-40946.4,60674.3,5458.6,-147.82,0.982
R9775,pine,-39968.9,60493,5798,-233.38,0.846
R9776,elm,-39299.1,61082.2,6767.8,-257.02,0.914
R9777,elm,-38776.2,60927.9,7637.8,-184.31,0.876
R9778,pine,-37464.7,60596.8,8710.4,22.26,1.002
R9779,pine,-36405.1,61191.3,9614.4,-202.38,1.012
R9780,pine,-36074.2,61126.8,9985.1,22.48,0.816
R9781,pine,-34883.6,60809.9,11274.1,-9.81,0.953
R9782,pine,-34308.8,61013.7,12329.4,-134.2,1.089
R9783,pine,-33881.9,60488.8,12035.6,13.77,1.093
R9784,pine,-32903.4,61130.6,13055.3,51.43,1.102
R9785,pine,-32171.5,60582,11877,-125.29,0.956
R9786,pine,-31288.2,60594.1,11100.4,-51.41,0.988
R9787,pine,-30499.7,61167.7,10774.1,43.46,0.92
R9788,pine,-29428.3,61126.2,10872.3,-186.79,0.933
R9789,pine,-29184.5,60796.7,10701.7,28.2,1.244
R9790,pine,-27881.3,61120.3,12761.2,-253.77,1.023
R9791,pine,-27145,60876.7,12566.6,82.93,0.819
R9792,pine,-26167.4,60628.9,11095.3,-95.28,1.035
R9793,pine,-25638.9,60890.8,10816,0.86,1.066
R9794,pine,-15293.9,60766.5,13557.9,-234.33,1.206
R9795,pine,-14514.7,61137.8,14160.4,72.47,0.965
R9796,pine,-13786.4,60990,13561.9,-215.52,0.802
R9797,pine,-12783.2,60888.5,12786.2,10.75,0.843
R9798,pine,-12379.9,60587.5,12077.1,-175.71,1.242
R9799,pine,-11384.4,60677.4,11987.4,-148.43,0.844
R9800,pine,-10562.8,60976.3,12172,-255.98,1.139
R9801,pine,-9567.8,60414.5,10724.8,-260.36,1.08
R9802,pine,-8548.1,61010.8,12310.1,-169.4,0.897
R9803,pine,-7728.8,61026.1,11624.7,-177.71,0.865
R9804,pine,-6951.2,60932.9,10234.5,77.95,1.082
R9805,pine,-6436.9,60828.3,9843.8,-184.99,0.907
R9806,pine,-5422,60728.2,10604.6,-129.19,0.908
R9807,pine,-500.7,60927.9,14919.1,-77.53,1.208
R9808,pine,210.2,60691.6,14710.3,-52.22,0.94
R9809,pine,836.3,61093.6,14421,-193.75,1.105
R9810,pine,2571.7,60819.1,13271,87.92,1.144
R9811,pine,3538.7,60428.2,13194.7,-93.88,0.951
R9812,pine,3803.7,60540.1,12694.5,-195.28,1.056
R9813,pine,4717.3,61023.7,10293.3,-37.37,1.168
R9814,pine,5395.9,60823,9629.4,-88.74,0.904
R9815,pine,6290.7,60976.5,9757.3,-245.4,0.992
R9816,pine,6805.3,61152.7,10158,-39.65,1.157
R9817,pine,7646.8,61145.7,9665.1,-32.62,1.098
R9818,pine,9148.1,61166.3,9359,-97.49,1.145
R9819,pine,9526.7,60549.6,7634.8,-202.59,1.1
R9820,pine,10647.4,60822.2,7604.9,-153.46,1.046
R9821,pine,11577.4,60895.9,8371.6,60.59,1.217
R9822,pine,11988.1,60752,8316.3,76.2,0.994
R9823,pine,12794.2,60706.7,8732.9,82.02,1.192
R9824,pine,13686.7,61177,10374.5,51.25,0.994
R9825,pine,14795.9,61084.4,10891,-254.2,0.834
R9826,pine,15570.7,60876.1,11904,52.08,1.043
R9827,pine,15810,60975.5,12411.2,-168.86,0.934
R9828,pine,17127.9,60665.8,13732.1,87.9,1.228
R9829,pine,17296.4,60448.3,13795.5,-163.16,1.216
R9830,pine,18013.1,60887,12877.2,38.24,1.165
R9831,pine,42926.7,61103.6,16764.3,-209.9,0.917
R9832,pine,48050.5,61149.5,16044.3,59.33,1.227
R9833,pine,50210.5,61111.4,12400.4,-12.86,1.2
R9834,pine,51491.3,60860.8,10645.7,-190.89,1.115
R9835,pine,56189.1,61134.3,13659.4,-2.64,1.09
R9836,pine,57085.7,61086.9,14586.6,-217.72,1.191
R9837,pine,59486,60599.7,16325.2,-122.99,1.175
R9838,pine,59903.8,61108.2,15841.1,31.37,1.146
R9839,pine,60672.3,61024.1,14003.4,-149.63,1.162
R9840,pine,61655.2,61003.3,12797.6,-6.28,0.966
R9841,pine,62036.6,60728.8,12085.3,-249.26,1.203
R9842,pine,63225.6,60604.7,12590.3,-194.88,1.151
R9843,pine,63678.1,60899.1,12267.4,83.67,1.088
R9844,pine,64563.9,61022.3,12198.2,-187.35,0.918
R9845,pine,65954.9,60890.7,10728.5,-111.13,0.804
R9846,pine,66448,61133,10091.1,-3.18,1.181
R9847,pine,67545.5,60534.7,8694.9,-11.08,0.944
R9848,pine,67658.6,60476.9,8511.4,-136.6,1.009
R9849,pine,68652.5,60917.7,8624.2,26.1,1.235
R9850,pine,69269.4,60635.3,8656.4,-111.03,1.202
R9851,pine,-66108.8,61474.4,14512.4,-146.47,1.1
R9852,pine,-64531.8,61825.4,14424.5,-213.12,1.139
R9853,pine,-62942.4,61713.2,12170.4,-89.25,0.91
R9854,pine,-62046.4,61800.3,11414.2,-123.63,1.026
R9855,pine,-61658,61517.9,11203.2,-261.49,0.806
R9856,pine,-61115.8,61745.5,11086.5,-213.53,1.16
R9857,pine,-59320.8,61668.8,12033,1.3,1.217
R9858,pine,-58307.9,61317.6,13549.1,-136.21,1.004
R9859,pine,-57400.4,61351,13385.1,25.69,0.83
R9860,pine,-57165,61369.7,13316,77.13,1.223
R9861,pine,-55758.9,61551.2,13293.2,-6.5,1.186
R9862,pine,-55376.1,61363,13090.6,-242.98,0.971
R9863,pine,-42904,61460.5,8248.9,-118.85,1.039
R9864,pine,-42559.7,61917.6,8391.1,-165.28,1.244
R9865,pine,-41986.9,61912.5,8115.6,-178,1.131
R9866,pine,-40703.8,61635.9,6010.5,-43.5,1.174
R9867,pine,-39962.8,61557.8,6108.8,16.24,1.122
R9868,elm,-39209,61459.9,7090.9,-230.75,1.04
R9869,pine,-38675.6,61359.6,7816.2,-180.29,0.942
R9870,pine,-37788.3,61515.4,8758.9,-113.31,1.138
R9871,pine,-36732.6,61710.3,9452.4,58.2,1.134
R9872,pine,-36259.5,61603.2,9547.4,-250.36,1.152
R9873,pine,-34965.6,61795.8,11021.8,-129.94,1.132
R9874,pine,-34676.8,61859,11652.1,-30.54,0.943
R9875,pine,-33955.5,61464.9,13347.7,-80.18,1.012
R9876,pine,-33149.7,61433.2,13592.5,6.56,1.151
R9877,pine,-32381.7,61978.6,13646.6,-22.91,0.984
R9878,pine,-31004.9,61789.2,12461.8,-113.99,0.886
R9879,pine,-30328,61627.1,11524.6,-192.59,0.834
R9880,pine,-29987.8,61906.4,12165.2,-100.6,1.238
R9881,pine,-29080.5,61777.2,12753.8,-85.77,1.157
R9882,pine,-28220.9,61441.9,13049,61.44,0.964
R9883,pine,-27272.8,61526.8,12941.5,-209.23,0.985
R9884,pine,-26126,61634.4,11917.3,-30.13,0.987
R9885,pine,-17215.6,61214.5,13227.2,-204.42,1.103
R9886,pine,-16788,61547.9,14538.4,-125.46,0.987
R9887,pine,-15926.2,61912.2,16223.2,-183.54,1.1
R9888,pine,-15008.2,61311.7,14890.3,-139.85,0.841
R9889,pine,-14211.8,61894.1,16015.8,-176.31,0.905
R9890,pine,-13553.4,61643,14676.2,-85.66,1.042
R9891,pine,-12954.5,61434.5,14032.2,-70.43,1.042
R9892,pine,-11685.1,61321.3,13527.2,-213.49,1.042
R9893,pine,-11192.2,61864.7,14298.8,-172,0.821
R9894,pine,-10364.8,61356.8,12903.1,-26.61,1.19
R9895,pine,-9672.6,61478.6,12222.6,87.06,0.925
R9896,pine,-8560.8,61532.7,12702.8,-234.82,1.239
R9897,pine,-8351.3,61833.6,13379.8,-195.44,1.032
R9898,pine,-5082.2,61442.2,13338.8,-263.95,1.193
R9899,pine,-3576.2,61371.2,16581.2,40.99,0.97
R9900,pine,-1365.5,61364.5,16324.7,-20.02,0.991
R9901,pine,206.7,61312.5,15203,-87.35,0.919
R9902,pine,782.6,61739.2,14920.9,-161.47,0.81
R9903,pine,1459,61603.9,13963.2,-62.12,0.945
R9904,pine,2205.8,61939.6,13600,-165.99,0.88
R9905,pine,3525,61718.4,12894.7,-87.76,0.999
R9906,pine,4078.9,61500.5,11834.2,38.1,1.147
R9907,pine,4525.7,61366.2,10902.8,43.79,1.089
R9908,pine,5220.4,61534.9,10321.9,-164.88,1.194
R9909,pine,6290.6,61722.5,10598.6,-232.6,0.931
R9910,pine,6994.3,61423.4,10484.8,-107.06,0.965
R9911,pine,7763.7,61321.1,9828.1,47.29,1.118
R9912,pine,9115.7,61758.4,10233,-220.33,1.236
R9913,pine,9678.8,61870.4,9946.1,-156.41,1.097
R9914,pine,10350,61486.5,8789.5,59.08,0.845
R9915,pine,11252.6,61880.4,9637.4,86.44,0.974
R9916,pine,11954.3,61833.1,10150.7,-11.9,0.812
R9917,pine,12404.9,61530.9,10144.3,-109.42,0.897
R9918,pine,13415.1,61383.9,10560,-94.28,1.169
R9919,pine,14115.5,61615.8,10886,-93.64,0.933
R9920,pine,15060.7,61706.4,11601,-114.58,1.111
R9921,pine,16011.7,61521.8,12705.9,-18.57,0.928
R9922,pine,16989.5,61379.3,13115.4,20.07,0.945
R9923,pine,17961.1,61218.1,12844.3,45.94,1.093
R9924,pine,18496.4,61887.1,12655,-5.77,0.964
R9925,pine,19547.8,61624.8,13699.8,-128.01,0.897
R9926,pine,20455.1,61803.7,14659.3,-153.4,0.928
R9927,pine,40953.9,61752,14095.2,-52.86,1.025
R9928,pine,42382.7,61783.3,17138.8,-203.49,0.841
R9929,pine,44512.1,61295,15719.3,-54.37,1.134
R9930,pine,45273.1,61720.7,15532.7,-52.22,1.235
R9931,pine,49136,61865.2,16557,-150.12,1.18
R9932,pine,49995.6,61539.8,13651.6,47.98,1.245
R9933,pine,56181.3,61695.5,15011.4,-79.81,1.063
R9934,pine,57474.7,61635.1,16076.6,-128.24,0.987
R9935,pine,58359.2,61540.5,16939.7,13.73,1.163
R9936,pine,58952.4,61768.9,16214.3,-32.76,0.939
R9937,pine,60005.6,61752.2,15811.3,4.21,1.24
R9938,pine,60646.8,61620.4,14521.9,-211.2,1.13
R9939,pine,61990.3,61380.5,12961.9,-48.88,0.896
R9940,pine,62706.5,61486.4,12579.9,40.37,1.181
R9941,pine,62918.2,61780.5,12698.4,-42.4,0.955
R9942,pine,63680.1,61752.9,12510.5,-26.85,0.997
R9943,pine,64576.2,61970.7,11428.6,-152.55,1.09
R9944,pine,65292.8,61483.5,10695.6,-240.15,0.919
R9945,pine,66636.2,61911.3,9786.1,45.1,1.228
R9946,pine,67571.2,61540.9,9738.3,3.43,0.82
R9947,pine,67980,61653.3,9460.2,-240.57,1.08
R9948,pine,68503,61852.5,9395.1,-99.52,0.908
R9949,pine,69210.4,61335.7,9224,-160.17,1.072
R9950,pine,-66491.6,62605.2,17340.6,84.45,0.812
R9951,pine,-62923.4,62724.7,13110.8,77.05,0.828
R9952,pine,-62363,62517.2,11965.3,-102.82,1.229
R9953,pine,-61128.2,62471.2,11170.4,-130.69,1.205
R9954,pine,-59924.1,62717,11115.3,62.41,1.159
R9955,pine,-59000.5,62258.4,11314.7,89.09,0.909
R9956,pine,-58366.5,62521.6,11167.4,14.74,1.005
R9957,pine,-57623.8,62289.5,12304,-42.54,0.929
R9958,pine,-56877,62137.5,12920.5,-269.05,0.884
R9959,pine,-56306.6,62397.3,12925.1,-36.76,0.917
R9960,pine,-54831.2,62136.2,15375.4,-253.51,1.222
R9961,pine,-44826.4,62544.8,14814,-69.04,1.051
R9962,pine,-43582.7,62070.7,10096.2,-22.37,0.806
R9963,pine,-42491.3,62090.7,8567.1,31.53,1.181
R9964,pine,-41484.6,62505.5,8439,-225.75,0.821
R9965,poplar,-41036.2,62151.5,7082.1,89.19,1.21
R9966,pine,-40096.5,62112.8,6866.1,-194.28,1.019
R9967,pine,-39552,62743.5,9260.5,-194.82,1.022
R9968,pine,-38635,62663.6,10118.5,50.51,1.017
R9969,pine,-37809.1,62407.7,10169.6,85.72,1.093
R9970,pine,-36839.7,62103.3,9770.5,36.83,1.108
R9971,pine,-36317,62679.4,10313.1,-11.73,1.245
R9972,pine,-35345.9,62090.3,10240.4,-153.18,1.073
R9973,pine,-34248.2,62364.7,11981.5,-253.98,1.051
R9974,pine,-33880.8,62669,12526.4,-135.76,0.899
R9975,pine,-32790.9,62683.7,13863.1,-106.72,1.152
R9976,pine,-32024,62338.2,13685.9,22,1.239
R9977,pine,-30925.8,62455.1,13005.1,-234.37,0.97
R9978,pine,-30254.7,62582.5,13506.7,-195.19,0.861
R9979,pine,-29770.8,62455.5,13939.1,-46.78,1.075
R9980,pine,-28846.9,62086.2,13527.4,-102.84,1.094
R9981,pine,-27941.3,62176.1,13053.4,-54.77,1.13
R9982,pine,-27102.1,62591,12637.4,55.42,0.936
R9983,pine,-17387.7,62622.5,14421.7,-213.23,0.803
R9984,pine,-16831.4,62239.2,14561.7,-146.32,0.824
R9985,pine,-16281.2,62559.5,15584.4,-223.93,1.174
R9986,pine,-15261.9,62098.5,16737.6,-184.73,0.943
R9987,pine,-14404.5,62428.5,16888.2,-188.96,1.01
R9988,pine,-13329.7,62469.5,15256.3,-18.09,1.146
R9989,pine,-12624.3,62134.5,14196.4,-122.3,1.17
R9990,pine,-11984.6,62602,14712.7,-103.9,0.905
R9991,pine,-11547.3,62582.6,14541.8,-203.15,0.806
R9992,pine,-10670.3,62133.1,14000.3,-165.59,1.06
R9993,pine,-9305.7,62084.9,13734,13.54,0.858
R9994,pine,-8810.9,62001.6,13370.3,-52.53,1.021
R9995,pine,-7656.4,62157.1,14515.5,-185.45,1.166
R9996,pine,-7417.8,62110.2,14658.5,-194.79,1.044
R9997,pine,-2392.4,62096.1,17910.9,12.54,1.219
R9998,pine,-1846.6,62315.1,16575.6,-67.04,1.2
R9999,pine,-872.2,62514.1,15317.8,-191.19,1.029
R10000,pine,245,62664.6,15685.1,-205.11,0.958
R10001,pine,739.4,62269.5,15373.7,-63.46,0.911
R10002,pine,1281.5,62268.8,15210,-243.56,1.22
R10003,pine,2233.4,62314.6,13986.3,-203.38,1.219
R10004,pine,3252,62776.2,12936.1,-156.29,1.017
R10005,pine,3669.5,62549.2,13049.1,-111.24,0.827
R10006,pine,5190,62397.8,11255.1,-214.64,0.89
R10007,pine,5516.2,62337.6,11434.7,-175.85,1.094
R10008,pine,6041.6,62119.6,11113.1,-96.51,0.987
R10009,pine,7501.7,62250.5,11456.2,-260.75,1.005
R10010,pine,8355.5,62503,11359,-166.95,0.972
R10011,pine,9198.2,62674,11152.6,-38.07,1.117
R10012,pine,9502.5,62741.5,10952.9,-171.82,1.21
R10013,pine,10445.8,62701.7,10279.2,-206.7,1.005
R10014,pine,11178.5,62114.9,9777.9,-94.08,1.109
R10015,pine,12040.1,62526.8,10480.9,-18.47,0.979
R10016,pine,12998.5,62038.4,11087.9,30.8,1.235
R10017,pine,13355.1,62212.2,11023,-116.93,1.098
R10018,pine,14471,62195.7,11578.3,-36.21,1.123
R10019,pine,14890.6,62240.1,12001.4,-245.99,1.087
R10020,pine,15687.7,62672.8,13031,-9.92,1.067
R10021,pine,16680.3,62401.6,12933.2,-65.95,1.012
R10022,pine,17691.9,62793.8,12972.1,-22.13,0.919
R10023,pine,18584.9,62087.9,12694.4,46,0.954
R10024,pine,21046,62606,15504.1,-258.33,0.935
R10025,pine,37875.5,62063.4,9304.1,-194.68,1.14
R10026,pine,39816.3,62086.8,11661.9,-60.76,1.242
R10027,pine,41000.4,62452,15195.9,71.64,1.175
R10028,pine,41487.9,62523.9,16134.2,-267.4,1.073
R10029,pine,42115.5,62311,17126.9,-266.7,0.836
R10030,pine,42980.6,62098.4,18446.1,-36.57,0.836
R10031,pine,44006.4,62662.6,16499.7,41.21,1.199
R10032,pine,46028.3,62556.3,16701.3,-175.11,0.99
R10033,pine,46916.8,62480.5,16620.9,-197.05,1.146
R10034,pine,47906.9,62552.5,15999,-84.7,1.084
R10035,pine,50237.8,62118.2,14200.1,30.1,0.923
R10036,pine,51309.7,62732.7,15799.5,21.55,1.212
R10037,pine,57362.4,62683.6,18681,-113.56,1.133
R10038,pine,58507.3,62607.8,16484.9,48.31,1.189
R10039,pine,59143.7,62080.5,15943.7,-119.12,0.906
R10040,pine,60287.3,62490.4,15549,46.97,1.047
R10041,pine,60454.1,62784,15447.7,-89.03,0.928
R10042,pine,61468.8,62015,14265.1,66.63,1.034
R10043,pine,62751.2,62407.4,12635.2,20.77,0.846
R10044,pine,63409.9,62772,11980.6,-32.81,0.971
R10045,pine,63870.7,62320.6,12415.1,-65.74,0.908
R10046,pine,64664.3,62263,11419.7,-81.33,1.24
R10047,pine,65436,62775.6,10585,-246.41,1.238
R10048,pine,66021.7,62630,10052.6,74.46,1.231
R10049,pine,67334.1,62253.5,9727.9,-154.23,1.242
R10050,pine,67957,62202.3,9613.3,-63.6,1.048
R10051,pine,69103.5,62093.6,9776.4,-98.01,0.896
R10052,pine,69313,62662.8,10025,-224.49,1.148
R10053,pine,-67445.4,63298.7,18638.9,-131.67,0.919
R10054,pine,-65385.3,63537.1,15814.6,-84.74,0.988
R10055,pine,-65039.7,63174.7,15309.7,19.49,0.872
R10056,pine,-63840.3,62921.5,13993.4,-258.09,0.991
R10057,pine,-62784.2,62936.9,13150.1,-207.83,0.875
R10058,pine,-61627.2,63222.2,12029.6,-185.55,1.22
R10059,pine,-60917.6,63457.4,12119.1,15.47,1.175
R10060,pine,-59823.2,63132.1,10936.4,-242.03,0.969
R10061,pine,-59307.9,63409.5,10803.2,-29.72,0.856
R10062,pine,-58444.6,63519.1,10261.3,-255.53,1.153
R10063,pine,-57271.1,63514.9,11505.8,-231.14,0.818
R10064,pine,-56774.9,63383.5,12483.4,75.3,1.02
R10065,pine,-55869,63571.3,14357,-60.86,0.821
R10066,pine,-55360.3,63257.5,15197.3,-162.52,1.076
R10067,pine,-54075.8,62803.6,17190.4,-156.81,1.137
R10068,pine,-53441,63432.2,18060.5,-65.13,1.078
R10069,pine,-47606.4,63286.2,18709.6,-170.64,1.191
R10070,pine,-46514,63378.2,16742,-112.43,0.933
R10071,pine,-45636.3,63157.4,15150.5,-186.51,0.884
R10072,pine,-44777,63209,14369.3,80.03,0.816
R10073,pine,-44048.5,63125.1,13763,24.9,1.019
R10074,pine,-42551.8,62963.4,10209.3,15.99,1.103
R10075,pine,-41546.6,63520.8,11144.8,-3.66,0.822
R10076,pine,-40920.3,63275.2,10010.3,-8.21,0.854
R10077,pine,-37552.8,63149.9,12005.9,51.08,1.096
R10078,pine,-36813.4,63254.4,11735.7,-59.47,1.208
R10079,pine,-35927.4,63363.1,11675.3,41.61,0.918
R10080,pine,-35099.9,63225.6,11631,-189.46,0.814
R10081,pine,-34250.9,63135,12477.7,-109.42,0.882
R10082,pine,-33203.1,63218.2,13798,-33.64,0.914
R10083,pine,-32571.6,63425.9,14452.9,-202,1.207
R10084,pine,-31702.4,62895.8,13872.5,0.2,1.047
R10085,pine,-30825,62869.3,13775.6,70.55,1.21
R10086,pine,-30521.5,62828.2,14007.1,-179.59,1.143
R10087,pine,-29596.9,63494.6,15611.1,-190.21,1.058
R10088,pine,-28741,63115.2,14733.1,-167.41,1.207
R10089,pine,-27758.8,63067.6,12640.5,-47.49,0.82
R10090,pine,-26620.1,63222.6,13748.2,67.74,0.93
R10091,pine,-16978.9,63340.9,15640.3,-8.51,0.948
R10092,pine,-16169.4,63088.4,16389.4,47.49,1.184
R10093,pine,-14993.8,63424,18698.9,44.07,0.996
R10094,pine,-14776.9,63286.9,19225.2,-148.49,0.884
R10095,pine,-13908.8,62968,16917.8,16.37,1.007
R10096,pine,-12267.4,62917.9,15538.4,-184.67,0.915
R10097,pine,-11064.2,63230.2,15637.5,-38.44,1.033
R10098,pine,-10505.2,63151.9,14734.8,33.49,1.005
R10099,pine,-9484.4,63593,13933.2,71.84,1.223
R10100,pine,-9073.8,63393.1,14302.5,29.68,0.861
R10101,pine,-8299,63478,15672.4,-28.85,1.157
R10102,pine,-7552.7,62936.5,16581.3,-245.26,1.016
R10103,pine,-3965.5,63595.2,20474.8,-47.81,1.145
R10104,pine,-2828.8,63516.1,19099,0.04,0.91
R10105,pine,-2251.7,62804,17890.8,-201.33,0.935
R10106,pine,-1841.6,63446.6,17685.9,-122.35,1.16
R10107,pine,-1086.2,62860.8,16101.7,-198.3,1.133
R10108,pine,186.8,63054.3,16061,-61.31,1.007
R10109,pine,1016.1,63082.1,16201,-166.88,0.971
R10110,pine,1501,63137.8,15717.9,29.14,1.242
R10111,pine,2477.6,63432.8,13801.3,-97.88,0.826
R10112,pine,2994.9,63330,13086.3,-80.41,1.22
R10113,pine,3987.2,63308.3,12960.2,-181.02,0.831
R10114,pine,4716.6,63376.5,12375.1,-126.94,1.003
R10115,pine,5834.1,63399.1,12155.4,-260.61,1.12
R10116,pine,6103.4,63546.7,12711.4,-98.98,0.951
R10117,pine,7426.9,63581.7,12543.6,-160.92,1.233
R10118,pine,8188.8,63548.2,12117.3,-262.82,1.207
R10119,pine,8794.3,63205.4,11573.1,-43.55,1.083
R10120,pine,9215.1,63420.5,11709.8,84.92,1.231
R10121,pine,10610.1,63270.4,11159,-256.66,1.231
R10122,pine,10807.7,63544.5,11499,15.92,0.969
R10123,pine,11918.5,63567.5,11891.2,65.56,0.834
R10124,pine,12423.8,62854.2,10993.3,-80.13,1.154
R10125,pine,13566.4,63153,11252.6,-265.75,1.036
R10126,pine,14691.9,63390.2,11884.3,33.18,0.918
R10127,pine,15286.5,63318.5,13132.6,27.26,1.167
R10128,pine,16308.7,63318.9,14110.9,-234.31,1.197
R10129,pine,16978.3,62905.7,13487.6,-21.27,0.982
R10130,pine,18860.7,62967.4,13346.2,59.02,1.041
R10131,pine,20512.4,63220.2,14392.8,-181.82,1.146
R10132,pine,41899.6,63024.9,17373.9,-63.73,0.918
R10133,pine,43441.9,63149.5,17072.3,-165.49,1.124
R10134,pine,45591.1,63280.7,16597.9,-32.84,0.908
R10135,pine,46600.7,62975,16830.4,-232.76,1.215
R10136,pine,49167.7,63121.2,17078.2,66.69,1.009
R10137,pine,51625.6,63022.5,16455.9,-207.96,0.82
R10138,pine,57695.6,63215.6,18413,13.23,0.91
R10139,pine,58095.9,63466.5,17938.7,-245.53,1.226
R10140,pine,59475.6,63504.4,16597.5,-46.54,1.099
R10141,pine,60331.8,63272.4,15824,-101.37,1.068
R10142,pine,60958.5,63351.4,14460.3,80.29,1.193
R10143,pine,61319.3,63576.5,14331.6,-217.19,0.806
R10144,pine,62511,63474.3,13135,6.61,1.019
R10145,pine,63129,63488.9,12645.7,80.32,1.147
R10146,pine,63799.9,63359.5,12296,-179.08,1.203
R10147,pine,64900.4,63346.3,10947.9,-215.28,1.154
R10148,pine,65597.2,63318.8,10865.3,-143.06,0.95
R10149,pine,66261.5,63111.6,10679.3,35.37,1.201
R10150,pine,66813,63301.8,10434.8,-104.5,0.877
R10151,pine,67779,63071.5,10458.3,70.48,0.975
R10152,pine,68597,63028.8,10555.4,-30.48,1.244
R10153,pine,-66652.6,63781.3,17711.9,-214.04,1.121
R10154,pine,-65287.2,63865.7,15870.5,-171.05,1.066
R10155,pine,-64875.3,63625.9,14746.7,23.99,1.24
R10156,pine,-64075.1,64046.4,14613.5,-264.98,0.986
R10157,pine,-62955.9,63929.6,14087.3,-194.74,1.182
R10158,pine,-62180.1,64344.2,13142.8,34.82,1.235
R10159,pine,-61447.1,63665.8,12529.8,27.64,1.165
R10160,pine,-60911.1,63859.5,12789.9,87.78,0.945
R10161,pine,-60103.9,64306.4,11671.8,-53.33,1.053
R10162,pine,-59337.7,64286,11405.8,-43.26,1.162
R10163,pine,-58680.5,63705.1,10485.3,-151.37,0.897
R10164,pine,-57806.8,63865,10927.9,-236.45,1.067
R10165,pine,-56818.5,63711.5,12864.8,9.56,1.045
R10166,pine,-56202.7,64210.3,13711.2,-130.7,0.98
R10167,pine,-55327.6,64263.7,15755.5,75.75,1.039
R10168,pine,-54038.5,64021.9,17745.7,-148.12,1.167
R10169,pine,-53931.4,64347.1,17918.4,-53.27,1.151
R10170,pine,-53010.8,63770.9,18306.8,-184.27,0.976
R10171,pine,-52152.7,63812.9,19979.4,30.21,0.855
R10172,pine,-49436.4,64104,19658.1,-264.93,0.923
R10173,pine,-48736.5,64191.1,19102.2,-54.95,1.203
R10174,pine,-44496,64260.6,14372.3,-201.97,1.12
R10175,pine,-43812.1,63971.3,14145.9,-197.05,0.937
R10176,pine,-43359.5,63863,13902.1,-236.59,0.99
R10177,pine,-42716.4,64092.2,13119.3,56.62,0.905
R10178,pine,-41559.2,64030.2,12519.1,-76.92,0.953
R10179,pine,-40582.8,64290.1,13759.6,-150.01,1.087
R10180,pine,-38765,64302.4,14838.6,55.85,0.9
R10181,pine,-37873.2,63884.5,13582.4,-258.49,1.18
R10182,pine,-34689.2,63836.9,13612.8,-11.93,0.906
R10183,pine,-33240.8,63851.3,14567.4,-194.81,1.222
R10184,pine,-29622.6,63893.1,16221.7,-211.66,1.239
R10185,pine,-28855.2,63748.2,15326.2,15.7,1.041
R10186,pine,-28048.5,64365.9,15032.3,-215.76,0.866
R10187,pine,-16939.2,63871.2,16887.9,-224.55,1.101
R10188,pine,-16228.5,63731.9,16980.8,-239.88,0.982
R10189,pine,-15487.8,64166.9,17794.2,-22.22,0.843
R10190,pine,-14778.5,63734.7,19193.4,-192.87,0.939
R10191,pine,-12532.5,63970.3,17165,-211.33,0.957
R10192,pine,-12252.5,64318,17237.2,-36.87,0.906
R10193,pine,-10878.4,64203.5,15493,-179.53,1.14
R10194,pine,-10573.1,63954.2,15388.5,-243.26,1.01
R10195,pine,-9994.6,63903.1,14655.2,-102.24,1.231
R10196,pine,-9195.3,63663.9,13956.7,-258.44,1.208
R10197,pine,-8390.7,63908.9,15035.2,-246.07,0.885
R10198,pine,-7131,64009,18599.4,-138.4,1.103
R10199,pine,-4327.8,63610.8,21299.8,8.63,1.231
R10200,pine,-2841.9,63832.8,19209.7,-107.45,0.831
R10201,pine,-2787.9,64221.6,19482,82.19,0.805
R10202,pine,-1226.5,64334,18539.2,-166.4,1.08
R10203,pine,-433.5,64081.9,18343.1,-24.88,1.068
R10204,pine,-362.1,64145.4,18284.1,-73.46,1.124
R10205,pine,1098,64064.7,17842.5,-142.99,0.907
R10206,pine,1876.4,63691.4,14952.1,71.96,0.849
R10207,pine,2136,63719,14355.3,-88.49,0.974
R10208,pine,3552.6,64202.1,13341.7,-255.54,0.872
R10209,pine,4270.4,64132.9,12953.4,-212.52,1.09
R10210,pine,4750.4,64274.3,12879.8,71.92,1.165
R10211,pine,5520.9,64074.8,12593.4,-28.6,0.988
R10212,pine,6774,64335.4,13883.3,1.75,1.098
R10213,pine,6807.6,63935,13304.3,-239.34,0.823
R10214,pine,7963.8,64158.9,13048.1,-91.26,1.181
R10215,pine,8974.2,64101.9,12827.3,-51,0.968
R10216,pine,9917.1,63974,12737.3,86.73,0.913
R10217,pine,10420.8,64357,13258.7,-162.75,1.119
R10218,pine,11266.4,63813.8,12439.3,30.88,0.956
R10219,pine,12063.6,64278.2,13230.6,82.35,0.906
R10220,pine,13010.7,64259.3,13044.1,-203.67,0.888
R10221,pine,13413,63952.2,12368,-17.83,1.215
R10222,pine,14186.8,63770.3,11888.8,-186.11,0.876
R10223,pine,15023.4,64323.8,13668.1,-110.26,1.173
R10224,pine,15802.1,64156.6,14625.4,83.43,0.875
R10225,pine,16745.4,64060.6,14709.4,-139.6,1.119
R10226,pine,17805.8,63768.1,13094.5,45.59,0.816
R10227,pine,18017.4,64167.4,13289.2,-74.73,1.014
R10228,pine,19557.9,64105.6,14467.9,57.61,1.08
R10229,pine,20212.2,63822,14021.4,-8.75,1.005
R10230,pine,20731.5,63654.2,13902.6,34.55,0.865
R10231,pine,21254.7,64400,13872.1,-45.53,1.237
R10232,pine,29613.6,64332.9,15638.4,-22.08,1.221
R10233,pine,30271.7,63753.5,14075.6,-185.99,0.896
R10234,pine,36072.1,63744,10640.1,81.93,1.099
R10235,pine,39867.6,64184.8,16111.3,45.93,0.867
R10236,pine,42855.8,63974.5,17638.5,-60.82,0.807
R10237,pine,44237.5,63743.7,15835.7,-107.84,0.887
R10238,pine,45696.8,63883.6,16290.8,16.49,1.081
R10239,pine,46104.7,63981.1,15796.3,-159.46,0.976
R10240,pine,47078.7,63894.3,15905.3,-180.87,1.176
R10241,pine,47988.7,63820.3,16413.4,57.73,1.224
R10242,pine,50795,64304.3,19090.8,-203.51,1.203
R10243,pine,51496.2,64077.1,19398.5,73.83,0.966
R10244,pine,58254.9,64115,18460.2,-28.85,0.918
R10245,pine,59283.5,63829.8,17570.2,-104.84,1.175
R10246,pine,59947.2,64389.5,17374.8,48.27,0.969
R10247,pine,60638,63851.4,15435.9,-255.43,1.162
R10248,pine,61958.8,64099.6,13876.9,-234.74,1.242
R10249,pine,62080.6,64095.8,13797.5,-142.68,1.079
R10250,pine,63137.7,64229.6,13568.7,-47.81,0.982
R10251,pine,63883.2,63722.5,13005.3,37.62,0.953
R10252,pine,64768.6,63634.4,11364,59.3,0.872
R10253,pine,65774.5,64338,11850,-260.21,0.82
R10254,pine,66169.3,63717,11250.3,-164.84,1.108
R10255,pine,67464.2,63981.4,11280.8,88.36,1.244
R10256,pine,67697.7,63704.9,10880.5,-229.87,1.221
R10257,pine,69063.8,64008.4,10230.1,-60.52,0.957
R10258,pine,69470.7,64050.3,10300.9,-175.17,0.856
R10259,pine,-66781.8,65186.7,18736.2,-183.78,1.207
R10260,pine,-64615.3,64864.5,13764.5,-185.2,0.899
R10261,pine,-64201,64777.5,13700.6,-106.67,0.833
R10262,pine,-62804.8,65026.6,11970.4,-103.55,1.18
R10263,pine,-62678.8,65123.7,11708.3,46.05,0.818
R10264,pine,-61732,64721.4,12153.5,87.72,0.945
R10265,pine,-60777.5,65154.2,12294,62.86,1.033
R10266,pine,-60341.6,64629.4,11918.1,-187.02,0.991
R10267,pine,-59266,64698,11795,-116.23,1.115
R10268,pine,-58378.9,65104.5,12431.4,-81.6,0.955
R10269,pine,-57510.6,64719.7,12788.4,69.46,1.208
R10270,pine,-56953.5,65149.9,14261.5,0.55,0.801
R10271,pine,-55675.1,65003,14866.7,-118.27,0.878
R10272,pine,-55255.7,64538.1,15921.5,79.35,1.025
R10273,pine,-54165,64898.1,17966.5,-177.09,0.843
R10274,pine,-53785,65061.2,18470.5,-149.88,0.906
R10275,pine,-51475.3,64746.6,20879.9,-187.22,1.245
R10276,pine,-49338.1,64449.6,19387,-105.85,0.816
R10277,pine,-48994.7,65122.7,17768.9,-90.2,1.049
R10278,pine,-46709.1,64552.9,16983.9,-100.09,0.995
R10279,pine,-45786.6,64899.2,13632.2,-105.03,1.244
R10280,pine,-44950.1,64470.2,14060.3,-257.34,1.143
R10281,pine,-42941.4,64708.1,13686.4,-258.24,1.183
R10282,pine,-42032.2,65093.8,14484,-123.22,0.995
R10283,pine,-41936.5,64899.6,14204.3,-246.21,0.814
R10284,pine,-40424.3,64860.5,15025.5,-69.03,0.946
R10285,pine,-40013.5,65155.1,16557.3,-126.35,1.059
R10286,pine,-38915.7,64752.7,16401.9,-234.55,1.021
R10287,pine,-38305.2,64553.1,15675,82.42,0.857
R10288,pine,-37888.3,65136.5,17104.8,85.54,0.8
R10289,pine,-37135.9,64829.2,16158.5,-223.19,1.069
R10290,pine,-34921.8,64708.6,15475.4,-0.42,0.954
R10291,pine,-31510.2,64990,20505.6,-63.21,1.053
R10292,pine,-30715.7,64889.5,20403.5,-34.26,0.983
R10293,pine,-27005.8,65101.4,15082.2,-61.32,0.874
R10294,pine,-17513.2,65191.1,18107,30.64,1.232
R10295,pine,-15015.6,65157.9,18514,-67.45,0.908
R10296,pine,-14500.4,64857.7,19629.2,-143.6,1.094
R10297,pine,-13283.5,65102.6,19338.1,-181.94,1.123
R10298,pine,-12937,64531.4,18381.1,-117.94,1.157
R10299,pine,-12175,64570.3,16976.1,17.71,1.071
R10300,pine,-11493.1,64441.6,16015,-203.41,0.848
R10301,pine,-10561.8,65161.6,16724,-166.88,0.91
R10302,pine,-9302.9,64577.4,14611.6,77.47,1.103
R10303,pine,-8643.6,64930.4,15388.8,-100.03,1.193
R10304,pine,-8389.8,64586,15165.6,5.02,0.884
R10305,pine,-6887.4,64980.6,19224.8,-165.71,1.09
R10306,pine,-6117.1,64671.1,21137.5,-92.33,0.971
R10307,pine,-3143.5,64704.9,20664.5,-268.57,1.115
R10308,pine,-2021.6,64440.2,18861.4,-259.95,1.152
R10309,pine,-1351.3,64525.6,18641.8,-123.18,1.144
R10310,pine,197,65184.6,18279.2,-49.74,0.88
R10311,pine,782.6,64572.1,18253.5,17.11,1.083
R10312,pine,1240.7,64838.3,19090.4,-216.21,1.199
R10313,pine,2475.4,64817.6,14843,-203.1,1.065
R10314,pine,3298,64527.6,13552.8,-63.01,1.114
R10315,pine,3774.9,64868.7,13785.2,-215.1,0.866
R10316,pine,4902.3,65009.3,14233.5,-76.44,0.928
R10317,pine,5624.7,64963.5,13436.7,-116.32,1.145
R10318,pine,6219.6,64571.4,13356.8,-9.36,0.996
R10319,pine,7247.2,64536.6,13573.1,-26.79,1.248
R10320,pine,7728.6,64762.5,13431.5,29.87,0.805
R10321,pine,9080.2,64656,13880.1,40.55,0.838
R10322,pine,9835.3,64686.6,14608.3,-116.34,1.034
R10323,pine,10511.6,64726.7,14232.4,-241.86,1.199
R10324,pine,11484.3,64445.4,13702.3,63.72,1.042
R10325,pine,11763.7,64685,13652.4,28.79,0.927
R10326,pine,12844.3,64932.2,13605.1,83,1.019
R10327,pine,13812,65191.5,14252.1,-126.5,1.213
R10328,pine,14137.3,65011.6,14295.2,-258.73,0.971
R10329,pine,14949.3,64452,13750.8,-157.36,1.221
R10330,pine,15804.1,64680.2,14844.2,-121.22,1.106
R10331,pine,16634.5,64681.8,14463.8,-200.57,0.812
R10332,pine,17930.5,65173.2,15016.9,-182.97,1.085
R10333,pine,18593.2,64838.7,14033.9,-151.82,1.009
R10334,pine,18839.2,64932.6,14338.8,-149.17,1.069
R10335,pine,19914.7,64861.7,14163.7,-227.69,1.234
R10336,pine,20444,64563.7,13910.1,-54.62,0.854
R10337,pine,29133.7,64425.7,15750.9,-26.96,1.128
R10338,pine,39457.5,64824.1,17204.9,-134.77,0.82
R10339,pine,40498.4,64970.4,17693.7,-190.17,1.134
R10340,pine,41349.9,65040.5,17807.8,-142.74,0.991
R10341,pine,45036.6,65083.5,16254.6,-225.11,1.131
R10342,pine,45320.7,64550.2,16017.5,11.34,0.974
R10343,pine,46596.2,65149.6,16140.2,-118.38,1.073
R10344,pine,47359.6,64437.7,16123.5,-136.2,0.84
R10345,pine,48000.3,64565.9,16476.1,-210.49,0.847
R10346,pine,49229.1,64417.4,18858.6,17.69,0.871
R10347,pine,55920.3,65023,20967.7,-110.72,0.906
R10348,pine,56656,65061.8,19779.1,-186.41,1.186
R10349,pine,57951.7,65060.1,18024.7,-79.49,0.834
R10350,pine,59488.3,64616,17735.6,51.55,1.202
R10351,pine,60011.8,64626.6,17470.3,-115.76,0.928
R10352,pine,60714.9,64680.7,15969.6,-23.36,1.245
R10353,pine,61450.1,64464.5,14212.5,-207.72,1.205
R10354,pine,62214.1,64928.8,14319.3,-208.44,1.051
R10355,pine,63398.8,65009,14291.5,-160.02,0.838
R10356,pine,63959.7,64759.6,14032.9,-207.17,0.942
R10357,pine,66436.5,64417.6,12138.8,14.42,1.111
R10358,pine,67339.6,65067.1,12286.3,23.28,0.802
R10359,pine,68358.4,64683.4,11007.4,70.41,1.011
R10360,pine,68826.8,64947.7,10718.7,-163.69,1.175
R10361,pine,-69515.5,65203.2,17801.6,-207.79,1.069
R10362,pine,-68437.7,65521.2,19648.2,-5.75,1.175
R10363,pine,-67950.6,65649.9,20599.4,-101.02,0.869
R10364,pine,-66887.2,65869.6,18968.9,-71.05,1.011
R10365,pine,-65469.5,65951.8,15228.4,31.87,1.228
R10366,pine,-64402.1,65864.6,13324.8,-231.83,0.809
R10367,pine,-63940.9,65909.6,13173,65.14,0.809
R10368,pine,-63572.6,65371.7,12822.3,-227.56,1.005
R10369,pine,-62322.2,65923.8,12037.2,-137,1.244
R10370,pine,-61696.3,65548.3,11967,-198.37,1.043
R10371,pine,-60773.8,65765,13178.7,-25.03,1.121
R10372,pine,-59791.5,65892.8,13128.7,-97.29,0.842
R10373,pine,-59361.9,65668.8,12540.9,-131.87,1.014
R10374,pine,-58266.8,65297.4,12963.5,7.41,0.911
R10375,pine,-57213.2,65388.7,14286.3,-251.46,0.853
R10376,pine,-57012.5,65770.1,15320.9,-256.89,0.878
R10377,pine,-56011,65862.4,15267.3,-241.48,0.84
R10378,pine,-54452.5,65781.3,18503.6,-66.49,0.951
R10379,pine,-53860.4,65976.4,18904.6,13.65,1.074
R10380,pine,-51228.4,65868.2,20270.2,-198.67,1.201
R10381,pine,-50138.6,65999.4,18461.3,-130.22,1.036
R10382,pine,-47348.5,65844.4,15721.8,62.98,1.246
R10383,pine,-44678.9,65287.4,14017.6,-14.93,1.101
R10384,pine,-44047.8,65801.5,15296.8,-38.34,1.136
R10385,pine,-43075.8,65937.3,15641.8,-220.6,1.135
R10386,pine,-42364.5,65993.6,16251.8,-195.03,0.951
R10387,pine,-41856.4,65632.4,15676.1,-99.39,0.852
R10388,pine,-41011,65262.2,15344.8,-56.16,1.124
R10389,pine,-39796.9,65614.8,17379.3,-81.98,1.143
R10390,pine,-39447,65960,17816.9,8.72,0.918
R10391,pine,-38426.3,65440.9,18728.4,25.65,0.898
R10392,pine,-37622.5,65706.3,18483.1,-36.51,1.145
R10393,pine,-34974.4,65590.9,17927.5,-99.07,0.99
R10394,pine,-27884.6,65499.8,18131.4,12.36,1.13
R10395,pine,-27276.6,65477.1,16355.5,-230.96,1.044
R10396,pine,-17300.5,65388.7,17849,-220.54,1.036
R10397,pine,-14824.8,65637.6,18628,-87.19,1.121
R10398,pine,-14398,65327.3,19556.4,69.59,1.006
R10399,pine,-13879.4,65950.4,19750.3,78.8,0.942
R10400,pine,-11852.3,65649.3,17928.3,-201.33,0.913
R10401,pine,-10932.3,65878.4,17497.7,89.48,0.855
R10402,pine,-10478.7,65527.4,16513.6,57.77,0.834
R10403,pine,-9269.4,65243.9,15499.8,-202.83,0.93
R10404,pine,-9079,65606.6,16180.1,61.41,1.031
R10405,pine,-7922.3,65571.4,18097.7,-162.79,1.181
R10406,pine,-1469.7,65671.4,18929.6,-228.73,1.049
R10407,pine,-12.7,65888,18725.3,-133.28,0.876
R10408,pine,561.4,65881.3,19156.8,-94.26,1.215
R10409,pine,1971.5,65587.3,16972.6,7.64,1.102
R10410,pine,2518.6,65834.3,16074.7,27.14,1.05
R10411,pine,3325.2,65735.8,14467.5,62.11,0.946
R10412,pine,5154.2,65674.8,15407.4,-196.84,1.247
R10413,pine,5226,65980,16345.2,-141.28,0.917
R10414,pine,6733,65558.8,15275.5,-27.11,1.232
R10415,pine,7493.5,65969.4,15179.6,-196.12,0.95
R10416,pine,7978.3,65884.7,14733.1,-67.76,0.813
R10417,pine,8966.4,65320.1,14395.5,25.38,1.221
R10418,pine,9870.6,65352.7,15613.6,-8.43,0.879
R10419,pine,10229.2,65969.8,15681,57.89,0.9
R10420,pine,10868.3,65586.5,14695.6,-24.39,0.953
R10421,pine,11865.4,65854.8,14574,-202.72,1.191
R10422,pine,13062.7,65897,14134.2,-30.83,0.823
R10423,pine,13599.2,65248.5,14116.6,-255.38,0.835
R10424,pine,14721.3,65214.2,15126.7,-78.73,1.008
R10425,pine,15331.9,65833.8,15120.4,-136.91,1.19
R10426,pine,15994.3,65505.2,14463.6,73.44,0.865
R10427,pine,16879.6,65495.7,14266,89.81,0.997
R10428,pine,17846.6,65814,15152.7,-17.91,1.056
R10429,pine,18339.8,65548.7,15357,11.91,0.865
R10430,pine,19250.9,65608.6,14625.1,-243.29,1.042
R10431,pine,20141.8,65936.9,14926.7,-14.6,1.164
R10432,pine,35493.2,65234.3,14034.9,-79.81,0.93
R10433,pine,38481.8,65209.8,18653,-201.96,1.217
R10434,pine,39044.3,65591.8,18960.4,76.15,1.057
R10435,pine,40586.8,65532.8,18112.4,30.79,0.991
R10436,pine,42648,65927,17838.8,61.41,1.034
R10437,pine,43401.4,65378,17607,-122.63,0.907
R10438,pine,44101,65900.6,17597.3,-22.06,1.185
R10439,pine,45028.8,65839.9,16715.8,-235.16,1.247
R10440,pine,45515.4,65921.9,16663.4,81.4,1.135
R10441,pine,46586.9,65420.3,16308.9,12.81,1.091
R10442,pine,46863.6,65425,16696.8,-18.65,1.109
R10443,pine,47610.9,65382.9,17396.5,-139.12,0.946
R10444,pine,48880,65633,18643.1,-81,0.976
R10445,pine,49502.3,65542.9,20367.1,59.98,0.954
R10446,pine,56560.8,65633.1,20379.7,-217.04,1.18
R10447,pine,58156.6,65297.7,18015.2,-147.37,1.087
R10448,pine,59195.3,65285.8,16797,-248.28,0.969
R10449,pine,59694.7,65491.2,16314.8,-130.49,0.952
R10450,pine,60753.7,65984.4,17128.1,-23.89,0.834
R10451,pine,61509.4,65341.1,15874.4,16.32,1.121
R10452,pine,62593.5,65411.5,15011.5,-223.26,1.144
R10453,pine,63237.9,65269.8,14761.1,-83.82,1.191
R10454,pine,63932.6,65955.4,14818.3,-115.06,1.178
R10455,pine,64772.8,65810,15199.9,37.03,1.183
R10456,pine,65287.6,65511,15812.4,-11.12,1.005
R10457,pine,66275,65484.5,14413.4,-68.74,0.984
R10458,pine,67035.8,65369.6,12606.5,-49.57,0.966
R10459,pine,68119,65236,11816.6,-257.46,1.234
R10460,pine,68891.9,65202.9,10791.8,83.38,1.163
R10461,pine,-66764.9,66085.8,18775.8,76.2,0.992
R10462,pine,-65329.5,66425.1,14950.6,-140.75,1.167
R10463,pine,-65169.6,66096.7,14643.7,-63.25,0.853
R10464,pine,-63639.3,66776.4,14034.1,68.29,0.974
R10465,pine,-63063.2,66057.5,12136,79.88,1.052
R10466,pine,-62582.1,66046.7,12393.1,-240.44,1.133
R10467,pine,-61620.9,66530.4,13743.3,-233.86,1.08
R10468,pine,-60515.4,66615.1,14095.4,-75.46,0.973
R10469,pine,-59738.4,66345.9,14409.5,-252.9,0.959
R10470,pine,-59058.2,66312.6,13901.8,24.17,1.176
R10471,pine,-58140.8,66465.4,14025.3,76,1.06
R10472,pine,-57244.3,66447.6,15344.8,-8.42,0.83
R10473,pine,-56560.5,66735.9,16949.2,-151.79,1.134
R10474,pine,-55887,66407.2,16967.1,76.38,1.135
R10475,pine,-54338.8,66427.1,19394.2,-18.34,0.914
R10476,pine,-51170.8,66218.9,20049.2,55.88,1.094
R10477,pine,-48414.5,66201.8,16091.6,-138.85,0.812
R10478,pine,-47582.1,66530.1,15131.3,-269.42,1.001
R10479,pine,-46129.7,66529,14568.1,-212,1.179
R10480,pine,-44550.4,66095.3,15269.9,-110.14,1.015
R10481,pine,-43720.4,66785.7,15961.3,-200.58,0.892
R10482,pine,-42891.6,66557.5,16284.5,-81.82,1.036
R10483,pine,-42430.6,66070.4,16448.4,-94.97,1.047
R10484,pine,-41472.4,66036.1,16755.6,-127.32,0.921
R10485,pine,-39839.2,66551.7,18250.6,37.8,0.92
R10486,pine,-37564.3,66152.5,19793.3,-176.49,1.212
R10487,pine,-36742.7,66019.4,20923.4,-209.64,0.888
R10488,pine,-14164.8,66778.8,19168.3,65.23,0.876
R10489,pine,-13003.5,66045,19137.3,-238.78,1.101
R10490,pine,-11729,66456.7,20240,-65.6,0.95
R10491,pine,-10004.9,66595.9,17983.5,11.07,0.948
R10492,pine,-9912.1,66647.8,17940.2,-259.1,0.995
R10493,pine,-8192.2,66382.2,19385.6,78.52,1.1
R10494,pine,-7048.5,66400.9,21033.3,-154.48,0.997
R10495,pine,-6779.2,66551.2,20753.5,17.56,1.061
R10496,pine,-1641.9,66336.2,19325.7,-168.05,1.029
R10497,pine,-707.8,66420,19364.5,-107.1,1.052
R10498,pine,1004.3,66015.8,19286.7,-211.76,0.922
R10499,pine,2508,66115,16212.5,-91.32,0.862
R10500,pine,3490.6,66296.8,15340.3,-44.75,1.239
R10501,pine,3686.4,66477.1,15430.6,53.99,0.896
R10502,pine,4880.2,66577.5,16599.4,-22.45,1.213
R10503,pine,5921.6,66168.5,16063.5,38.24,0.868
R10504,pine,6714.4,66788.4,15548.1,4.27,0.901
R10505,pine,7590.9,66350.8,15869.9,-60.98,0.868
R10506,pine,8097.7,66198.1,15182.9,29.96,1.177
R10507,pine,8945.3,66759.5,16028.9,-204.03,0.844
R10508,pine,9981,66528.6,16776,-47.72,1.182
R10509,pine,10403.8,66761.7,15927,-222.64,0.935
R10510,pine,10830.2,66171.4,15281.6,-43.83,0.972
R10511,pine,11715,66776.4,13928.1,-167.81,1.009
R10512,pine,13024.7,66715.7,14766.2,31.94,0.843
R10513,pine,13508.8,66557.6,15048.6,63.98,1.17
R10514,pine,14598,66330.8,15592.7,-213.85,0.883
R10515,pine,15452.2,66218.9,14907.2,-153.12,0.855
R10516,pine,15871.9,66719.1,15379.7,56.54,1.13
R10517,pine,16929,66735.7,15535.9,-57.6,1.096
R10518,pine,17248.8,66506.5,15372.4,-54.98,0.938
R10519,pine,18405,66042.6,15228.5,-47.99,1.233
R10520,pine,19525.4,66035.3,14779.5,-211.82,0.899
R10521,pine,19904.4,66107.7,14906.7,29.11,1.125
R10522,pine,20996.1,66500.4,16257.8,-91.89,1.19
R10523,pine,36334.4,66335.9,19402.9,-234.55,0.816
R10524,pine,36984.6,66428.1,20311.6,6.54,1.078
R10525,pine,37833.1,66461.4,20209.6,29.93,1.033
R10526,pine,39593,66470.2,18414.8,-38.75,1.035
R10527,pine,41729.5,66719.9,18373.4,-16.12,1
R10528,pine,42677.7,66129.4,18046.8,-233.4,1.205
R10529,pine,42993.6,66531,18277.9,-219.54,1.09
R10530,pine,43698.6,66094,17697.9,-42.09,0.911
R10531,pine,44793.4,66328.4,17277.8,-236.74,1.091
R10532,pine,45648.1,66675.1,17237.2,-39.64,1.082
R10533,pine,46413.1,66626.2,17524.1,-203.69,1.056
R10534,pine,47408.1,66287.6,17289.4,-21.88,0.969
R10535,pine,48334.3,66362.5,17965.6,69.21,1.138
R10536,pine,48515.7,66433.8,18272,46.05,0.958
R10537,pine,58575,66421.3,17790.6,-141.21,1.235
R10538,pine,59209.2,66156.8,17234.5,-95.94,1.139
R10539,pine,59750.7,66708.2,16896.1,-19.23,0.861
R10540,pine,60726.8,66693.8,17405.5,-51.27,1.207
R10541,pine,61491.8,66768.8,18790.5,-93.56,1.037
R10542,pine,62722.9,66486.3,15813.1,89.18,1.085
R10543,pine,63279.5,66565.4,15563.7,38.35,1.113
R10544,pine,63712.7,66602.7,15396.8,-60.42,1.067
R10545,pine,65065.6,66674.2,15073.1,-90.76,0.946
R10546,pine,65900.4,66245.9,14954.1,-102.5,0.937
R10547,pine,67537.3,66582.8,14032.5,41.2,0.977
R10548,pine,67705.9,66701.1,14258.3,33.41,1.106
R10549,pine,69084.9,66716.6,12103.3,-154.04,0.902
R10550,pine,-66971.2,67090.9,19586.1,-29.7,1.102
R10551,pine,-66774.1,67239.2,19196.9,-80.79,1.249
R10552,pine,-65553.5,67411.1,17217.1,-122.4,1.107
R10553,pine,-64993.6,67209.8,15887.1,5.9,1.022
R10554,pine,-64218.3,66824.9,14601.5,89.27,1.069
R10555,pine,-63194.3,66847.4,13695.3,-243.75,0.814
R10556,pine,-61567.8,67266.7,15125.5,-63.79,0.954
R10557,pine,-60913.6,67394.8,14473.8,37.02,1.079
R10558,pine,-59839.1,67310.3,14682.2,-227.88,1.176
R10559,pine,-58875.7,67366.7,16258.7,15.24,0.809
R10560,pine,-58710.7,67587.1,16429.9,-182.4,1.174
R10561,pine,-57882.3,67195.9,15792.6,-253.78,0.884
R10562,pine,-56921,67582.7,17394.3,44.47,1.18
R10563,pine,-55658.2,67454.9,18867.3,78.47,0.953
R10564,pine,-54879,67103.5,19418.1,13.59,1.077
R10565,pine,-54096.3,66843.2,20196.1,-244.43,1.218
R10566,pine,-52598.3,67459.9,19540.8,-237.11,1.217
R10567,pine,-47828.7,67342.3,15732.9,-0.71,1.11
R10568,pine,-46816.2,67448.2,15903.1,18.9,1.227
R10569,pine,-46677.9,67480.9,16089.8,-248.81,1.15
R10570,pine,-45339,67166.5,16940.9,74.67,0.927
R10571,pine,-44529.8,67114.4,16238,64.97,0.981
R10572,pine,-43637.6,67239,15874.9,-5.28,1.196
R10573,pine,-43058.9,67086.8,16541.3,-54.44,1.004
R10574,pine,-42535,67578.7,17726.1,-84.64,1.229
R10575,pine,-41063.4,67597.6,18312.7,85.89,1.224
R10576,pine,-39904.9,67092.6,19108.7,22.59,1.095
R10577,pine,-27130.7,67311.8,19628.3,-185.05,1.133
R10578,pine,-15293,67343.6,18464,-233.79,0.917
R10579,pine,-14209.2,67400.6,19396.1,74.32,1.128
R10580,pine,-12994.8,67275.7,19220.5,-180.46,1.135
R10581,pine,-12389.1,67427.1,19184.5,-87.12,1.083
R10582,pine,-11203.9,66944.9,20589.9,-207.78,0.989
R10583,pine,-10020.8,67531.1,20399.6,41.93,1.195
R10584,pine,-6902.8,67249.3,19753.9,-65.52,0.949
R10585,pine,-6639.7,66932.9,20469,-214.06,0.984
R10586,pine,-2063.4,66826,19879.7,4.09,1.144
R10587,pine,-956.4,67096.1,18579.7,-146.23,0.993
R10588,pine,-266.8,66869.8,18522.7,-260.43,1.017
R10589,pine,480.1,67149.3,17874.1,-19.14,1.129
R10590,pine,2444.8,66862.9,17194.9,-120.26,1.024
R10591,pine,3412.7,67097.5,15544,-48.9,0.975
R10592,pine,3712.8,66916.7,15440.3,-86.35,1.083
R10593,pine,4929,67512.3,16609.3,-35.07,1.163
R10594,pine,5685.2,67511.7,15598.5,-86.01,0.908
R10595,pine,6460.8,67539.4,15166.8,-37.49,0.8
R10596,pine,7459.2,66854.3,15985.8,-84.23,0.946
R10597,pine,8271.9,67562.9,15051.8,-255.9,1.001
R10598,pine,9066.4,67562.7,15079.6,-136.85,0.818
R10599,pine,9391.3,66957.7,16164.3,74.64,1.236
R10600,pine,10226.5,67160.5,15562.7,-152.88,1.222
R10601,pine,11318.7,67112.6,14096.4,-177.03,1.106
R10602,pine,12196.3,66901.1,14057.5,-219.92,1.246
R10603,pine,12855.9,67308.4,15105.2,-34.41,0.864
R10604,pine,13308,66824,15115.6,52.84,0.816
R10605,pine,14276.5,66878.9,14964.9,-122.62,1.143
R10606,pine,15310.6,67559,15571.4,-116.51,1.161
R10607,pine,15680.3,67257.4,15835.9,-33.37,0.998
R10608,pine,16691.4,66894.2,15631,-123.3,0.999
R10609,pine,17290.9,67348.2,16912.8,88.46,1.072
R10610,pine,18668.6,67597.5,15132.5,-164.82,1.114
R10611,pine,18966.6,67443.4,14874.3,-169.58,1.172
R10612,pine,38270.8,67226.8,21137.8,69.16,1.022
R10613,pine,39672.4,67342.1,18653.2,35.05,1.09
R10614,pine,41119.4,66965.6,17842.5,-215.64,0.854
R10615,pine,41290.2,67403.7,18562.3,44.22,1.25
R10616,pine,43999.6,67458.5,17328.3,-109.56,1.029
R10617,pine,45138.5,67160.4,18376.9,-150.81,1.206
R10618,pine,45498.2,67125.5,18376.4,-155.16,0.807
R10619,pine,46290.9,66810.9,17390.3,-259.73,1.003
R10620,pine,47255,67404.5,17212.3,-204.59,0.959
R10621,pine,48040.1,67099.8,17762.5,-118.15,0.946
R10622,pine,48956.2,67002.3,19114.2,-17.04,1.198
R10623,pine,58803.6,67151.3,17777.6,-102.27,1.197
R10624,pine,60238.8,67095.8,17042.6,-98.18,0.991
R10625,pine,60756.8,67347.6,17110.4,-222.52,0.848
R10626,pine,61653.4,67092.7,18332.2,7.44,0.995
R10627,pine,62107.2,67468.9,16582.2,-255.66,0.88
R10628,pine,63156.8,67447.4,15271.9,-129.6,1.103
R10629,pine,64296.2,66959.2,15714.7,74.26,1.09
R10630,pine,64596.8,67231.3,15293,-251.24,0.842
R10631,pine,65849.5,67138.7,14177.7,-102.18,0.897
R10632,pine,66423.1,67349.3,14725.9,-174.1,1.009
R10633,pine,67125.8,67242.8,15494.1,-2,1.083
R10634,pine,68243.6,67386.1,14619.4,-18.07,0.813
R10635,pine,69169.9,66986.2,12480.4,-124.17,0.841
R10636,pine,69253.9,66862,12189.9,-95.43,0.891
R10637,pine,-69306.8,67868.1,21340.5,-38.94,0.993
R10638,pine,-66785.9,67845.9,20110.9,-147.05,0.851
R10639,pine,-65249.9,67824.7,18230,58.21,1.202
R10640,pine,-65014.9,68313.8,18600.9,75.1,1.005
R10641,pine,-64369.8,68204.1,17747.7,-35.34,1.004
R10642,pine,-63349.4,68335,16812.8,-44.98,1.017
R10643,pine,-62259.8,67975.4,15878.1,-13.56,1.245
R10644,pine,-61748.7,68041.1,15401.2,-171.88,1.051
R10645,pine,-60912.5,67660.8,14744.8,-250.94,1.071
R10646,pine,-60265.6,68268.8,14635.4,-6.25,0.945
R10647,pine,-59022.9,67723.2,15954.8,-24.79,0.837
R10648,pine,-58635.7,68328.8,16097.6,39.91,1.036
R10649,pine,-57292.8,67726.1,16822.8,-65.45,0.849
R10650,pine,-56559.1,67988.7,17974.8,-246.95,1.209
R10651,pine,-55987.5,68199.2,18440.2,-193.53,1.224
R10652,pine,-54292.2,67980.9,19214.1,-117.18,0.993
R10653,pine,-53953.9,67802.2,19886.4,31.36,1.075
R10654,pine,-52497.2,67937.8,18731.6,-42.2,1.247
R10655,pine,-51258.4,68166.6,19141.3,-5.82,0.9
R10656,pine,-44925.7,67867.5,16764.6,39.48,0.875
R10657,pine,-44201.3,67709.3,15698.2,-39.31,1.122
R10658,pine,-43177.7,68333.8,16638,-214.99,0.94
R10659,pine,-42238.6,68242.9,18486.9,25.54,1.15
R10660,pine,-41291.4,68316.6,18612.2,11.57,0.864
R10661,pine,-37907.3,67603.8,21743.9,-225.3,1.015
R10662,pine,-12599.9,67644.7,18823.2,-146.6,0.965
R10663,pine,-11607.7,67635.5,19521.5,19.24,1.206
R10664,pine,-11358.6,67631,20091.2,-27.29,0.877
R10665,pine,-7649,67723.2,19896.1,-252.86,1.097
R10666,pine,-4480.1,68287.6,20588.2,-91.69,1.235
R10667,pine,-1148.6,68062.8,17999.1,-101.36,0.876
R10668,pine,190.9,68235.9,17817.5,-110.84,1.015
R10669,pine,623,67792.5,17691.6,-160.88,1.018
R10670,pine,1711,67916.7,18071.1,12.26,1.156
R10671,pine,2143.2,68155.5,17711.7,-3.73,0.836
R10672,pine,2974,67765.5,16209.4,39.17,0.863
R10673,pine,4209.5,68069,16036.4,83.16,1.195
R10674,pine,4499.4,67768.5,16286.4,-206.33,1.042
R10675,pine,5564.9,67873.4,15794.5,-157.65,1.08
R10676,pine,6048.7,68190,15197.9,-64.18,1.106
R10677,pine,7590.7,68096.3,15283.9,18.57,1.096
R10678,pine,7836.8,68151.8,15139.5,3.05,1.236
R10679,pine,8917.6,67657.7,14922.2,27.82,0.829
R10680,pine,9975.2,67806.1,15439,-121.75,1.053
R10681,pine,10607.4,67635.1,14710.7,-125.01,1.097
R10682,pine,11083.4,68239,13867.4,-33.87,1.206
R10683,pine,12281.7,67890.8,14626.1,-43.39,1.065
R10684,pine,12829.8,68367.1,14198.4,88.27,1.202
R10685,pine,13902.2,67918.2,15182.1,67.19,0.893
R10686,pine,14596.1,68289,15160.7,-190.96,0.912
R10687,pine,14865.2,68015.3,15130.9,-196.26,1.186
R10688,pine,16358.1,67851.6,17121.6,-151.45,1.108
R10689,pine,17180.5,67896.3,17679.6,-214.41,1.18
R10690,pine,17263.8,67667.7,17368.2,-195.7,1.095
R10691,pine,18463.4,68231.9,16493.1,-210.46,1.014
R10692,pine,19222.6,67624.2,15301.7,-113.12,1.2
R10693,pine,29350.2,68145.1,16828.7,-86.88,1.028
R10694,pine,31306.2,67608.1,16323.1,-99.87,0.897
R10695,pine,32820.9,67819.1,18559.3,-6.93,1.031
R10696,pine,40525.9,68187,18850.3,-237.73,0.935
R10697,pine,42668.1,67995.2,17648.1,-213.5,1.077
R10698,pine,43091.4,67757.3,17801.4,-191.14,0.996
R10699,pine,43703.3,68062.3,17532.3,77.12,0.854
R10700,pine,44576.7,67841.8,17708.9,60.98,0.958
R10701,pine,45747.4,67874.9,18230.8,-196.73,0.856
R10702,pine,46195.6,68126.2,18766.2,-18.24,0.86
R10703,pine,47338,67766.9,17215.5,-151,1.249
R10704,pine,48395,67709.2,17953.8,-116.93,0.949
R10705,pine,48792.6,67712.1,19116.9,-260.17,0.979
R10706,pine,58022.9,68087.3,19352.4,-205.68,0.938
R10707,pine,59492.1,68007.4,17281.3,-16.77,1.193
R10708,pine,60790,67737.1,16964.8,-185.74,0.816
R10709,pine,61218.3,68045.4,17718,-225.61,1.183
R10710,pine,62553.2,68027.1,15949,78.02,0.921
R10711,pine,62954.4,68243.7,15294.3,-23.33,1.014
R10712,pine,63769.8,68081.6,14713.4,-161.3,0.834
R10713,pine,64979.2,68281.6,14589.6,-52.24,1.217
R10714,pine,65687.5,68241.6,14320.1,30.89,0.871
R10715,pine,66684.8,68248.3,15128.2,-3.36,0.958
R10716,pine,67403.4,67657.9,16275.7,-66.4,0.804
R10717,pine,67997.9,68362.2,16961.5,-15.27,1.213
R10718,pine,68829.8,68366.6,17024.2,-265.44,1.247
R10719,pine,-67486.2,68489.8,20653.8,-73.06,1.147
R10720,pine,-65613.4,68503,18677.4,-75.98,1.213
R10721,pine,-65143.5,68657.2,18535.6,75.84,1.009
R10722,pine,-63966.3,69054.6,17391.1,-53.71,1.217
R10723,pine,-63042.6,69196.9,17359.5,-215.62,1.163
R10724,pine,-62358.5,68654.1,16536.5,-162.18,1.16
R10725,pine,-61702.1,68665.1,16118.2,-8.43,0.928
R10726,pine,-60405.7,68407.8,14614.1,-67.94,0.903
R10727,pine,-59660.1,68869.4,15145.4,-200.59,1.077
R10728,pine,-59419.7,68580.9,15306.2,-68.06,1.023
R10729,pine,-58069.9,68790.9,16476,-224.86,1.19
R10730,pine,-57680.6,68614.6,17130.1,-222.3,1.232
R10731,pine,-57094.8,68893.9,17781.1,57.98,0.891
R10732,pine,-56313,68785.4,18747.3,-228.97,1.098
R10733,pine,-55296.3,68801.6,18650.1,84.77,1.234
R10734,pine,-54798.9,68728.9,18988.7,-142.19,0.924
R10735,pine,-52665.4,68656.5,19103,-32.93,0.899
R10736,pine,-47517.4,69007.1,20983.3,79.62,0.824
R10737,pine,-45965.1,68533.5,19923.9,-80.18,0.942
R10738,pine,-44638.5,68434.5,16416.1,-229.75,1.175
R10739,pine,-44217.2,68604,15827.3,-60.99,0.876
R10740,pine,-43476.7,68978.8,16470.4,-22.22,1.224
R10741,pine,-42400.5,69128.1,18201.2,-59.37,0.964
R10742,pine,-41337.7,68555.1,18636,17.87,0.87
R10743,pine,-14061.7,68493.1,18381.3,-86.74,1.112
R10744,pine,-12781.6,68773.6,18299,61.72,0.899
R10745,pine,-12368.7,68888.5,18391.6,-105.82,1.166
R10746,pine,-7212.3,69121.7,21635.3,-160.4,0.847
R10747,pine,-4077.8,68499,20776.4,25.73,1.207
R10748,pine,-2677.2,68489.7,21085.5,65.46,1.239
R10749,pine,-1955.6,69104.2,21338.2,60.5,1.053
R10750,pine,-184.2,68448,17947.1,70.04,1.164
R10751,pine,678.4,68772.9,18917.2,54.53,0.92
R10752,pine,1768.1,68588.4,18131.8,-65.97,1.08
R10753,pine,2284.9,69153.8,17751.3,-265.72,1.079
R10754,pine,3259.1,69152.4,17521.8,-25.57,1.185
R10755,pine,3972.9,68489,16364,-143.16,1.094
R10756,pine,5005.7,68951.2,17166.8,-75.3,1.03
R10757,pine,5784.1,68865.6,15564.5,-163.28,1.207
R10758,pine,6769.4,68757.1,14866.9,-171.74,1.006
R10759,pine,7556.5,68929.7,14553.4,-114.17,0.968
R10760,pine,7844.1,68540.9,14871,-186.38,1.181
R10761,pine,8663,68935.3,13544.4,-88.61,1.155
R10762,pine,9369.6,68552.5,14083.4,-178.63,0.963
R10763,pine,10728.5,68409.6,14094.1,1.29,1.195
R10764,pine,10873.7,68772.7,13983.8,-245.09,1.226
R10765,pine,11949.1,68554.2,13852.8,-171.76,0.9
R10766,pine,12656.4,68731.1,13750.3,-65.64,1.184
R10767,pine,13798,68558.7,15499.7,-228.01,0.854
R10768,pine,14707.6,69014.6,15947.6,14.88,0.955
R10769,pine,15587.3,69104.4,15427.1,-95.94,1.108
R10770,pine,16113.5,68642.3,15657.4,-8.28,1.139
R10771,pine,16623.7,68925.8,16183.4,-179.35,0.837
R10772,pine,17510.9,68561.8,18016.8,56.56,1.038
R10773,pine,18668.5,68524,16888.6,-188.3,0.827
R10774,pine,29957,69180.5,17050.8,-218.41,1.079
R10775,pine,41157.3,68687.2,18513.4,-10.71,1.199
R10776,pine,41945.8,68479.2,17777.7,-176.43,0.998
R10777,pine,42304.8,68781.2,17637.6,18.81,1.026
R10778,pine,43543.9,68583.2,18029.9,5.73,1.164
R10779,pine,44078.9,69032.5,18746,-173.91,1.14
R10780,pine,44958.2,69092.3,19106,22.4,1.165
R10781,pine,45909.9,68739.6,19198.4,-16.56,1.222
R10782,pine,47338.5,69074.2,18748.7,-129.63,1.062
R10783,pine,47621.4,68689.1,18114.9,77.93,1.084
R10784,pine,48902.6,68845.7,18942.2,-221.6,0.925
R10785,pine,58325.5,69114.9,20153.6,88.21,1.126
R10786,pine,59470.2,68797.7,17975.7,-10.41,0.843
R10787,pine,59972.4,69182,19050.6,-48.74,1.06
R10788,pine,60535,68752.6,17866.3,-117.26,1.085
R10789,pine,62730.5,68548.3,15580.2,-137.15,0.857
R10790,pine,63287.4,68857.8,15258.4,-196.13,1.032
R10791,pine,63932.4,69133.2,15262.9,49.86,0.93
R10792,pine,64602.4,69105.7,15049.2,-210.88,0.9
R10793,pine,65673.2,68845.8,14923.5,-126.52,0.835
R10794,pine,66777.2,69065,16429.6,-42.46,0.886
R10795,pine,66983.9,68914.3,16516.6,-3.15,1.186
R10796,pine,68079.7,68982.1,17876.4,-32.33,1.088
R10797,pine,-66839.4,69253.1,19796.6,-159.87,0.941
R10798,pine,-63624,69411,17635.2,57.6,0.857
R10799,pine,-63333,69379.3,17573.9,-131.69,1.168
R10800,pine,-62697.1,69414.7,17346.7,-186.47,0.854
R10801,pine,-60606.5,69347.7,15151.3,-237.62,0.847
R10802,pine,-60177.9,69335.8,15148.9,-137.09,0.961
R10803,pine,-57349,69389.2,17642.7,-266.62,1.102
R10804,pine,-57063.7,69588.5,18989.5,47.13,1.159
R10805,pine,-55901.7,69308.6,18827.5,-199.01,1.054
R10806,pine,-52115.5,69373,19284.6,17.72,0.819
R10807,pine,-46013.5,69373.8,20490.4,-52.19,1.001
R10808,pine,-45007.2,69222.4,17319.8,88.99,1.215
R10809,pine,-43631.6,69551.8,16676.4,84.12,0.801
R10810,pine,-41969.6,69359.3,18190.1,-14.47,1.047
R10811,pine,-14950.2,69305.7,17387.2,-170.98,0.805
R10812,pine,-12682.8,69260.8,18741.8,-184.58,1.203
R10813,pine,-5403.9,69588.3,20903,-255.84,0.818
R10814,pine,-4160.4,69337.1,20283.1,-216.43,1.049
R10815,pine,-3278.2,69392.2,20687,-4.03,0.822
R10816,pine,-1072,69285.4,20478.1,-158.08,0.973
R10817,pine,2928.7,69468,17898.8,-54.23,0.951
R10818,pine,4082.4,69436.4,18004,-184.94,0.957
R10819,pine,5144.7,69275.1,17479.6,-55.22,1.108
R10820,pine,6819.1,69451.9,15395,-84.08,1.117
R10821,pine,8900.6,69405.2,12965.2,-133.92,1.193
R10822,pine,11090,69450.2,13630.7,-194.07,1
R10823,pine,12571.6,69529.7,14020.3,-241.91,1.01
R10824,pine,14176.4,69278.4,15604.1,71.51,1.111
R10825,pine,16028.5,69456.3,15506.2,-141.48,0.936
R10826,pine,17756.1,69555.1,18198.5,-51.95,1.233
R10827,pine,18107.5,69376.7,19397.7,-56.26,0.93
R10828,pine,32008.5,69314.1,19334.8,-40.4,0.873
R10829,pine,40574.9,69220.7,19050.4,-44.41,0.95
R10830,pine,43902.2,69265.2,18721.3,-162.39,1.191
R10831,pine,45034.4,69296.6,19361,-244.09,1.22
R10832,pine,45507.5,69403.5,19133.9,-15.17,0.835
R10833,pine,47979.8,69539.1,17758.6,-145.4,1.124
R10834,pine,49935.5,69321.8,20273.9,-169.23,1.106
R10835,pine,50217.7,69414.8,21063.7,-5.74,1.119
R10836,pine,54283.8,69339.6,19630.8,-103.81,1.083
R10837,pine,62594.9,69422.1,16948.7,-245.87,1.068
R10838,pine,63086.2,69204,15829.1,-178.65,1.053
R10839,pine,65381.1,69377.5,14925.5,-35.59,1.036
R10840,pine,66369.2,69327.6,15762.1,-233,0.974
R10841,pine,67710.3,69430.5,17799.4,7.16,1.228
R10842,pine,-12391.6,-67954.3,23705.2,37.04,0.836
R10843,pine,-7906.4,-68258,21865,-29.69,1.087
R10844,pine,5795.7,-68764.8,20311.6,-89.33,0.903
R10845,pine,30970.1,-69393.5,21177,85.84,1.078
R10846,pine,-67691.7,-66102.2,13696.2,33.38,1.086
R10847,pine,-53468.8,-65471.9,22762.7,-41.19,0.867
R10848,pine,-49644.4,-67306.8,24057.8,-84.5,1.12
R10849,pine,-33958.1,-65534.1,21156.9,-31.94,0.997
R10850,pine,-17591.5,-66924,16702.5,87.18,0.983
R10851,pine,-2414.9,-66870.7,18738.8,42.27,0.98
R10852,pine,361.7,-65762,18842,-190.49,0.962
R10853,pine,45054.3,-65866.3,20634.6,-227.53,0.874
R10854,pine,66531.9,-66239,20204.7,57.34,0.877
R10855,pine,-63271.9,-63112.6,15497.5,-54.88,1.136
R10856,pine,26178.6,-64599.9,20575.3,-172.44,0.955
R10857,pine,50654,-64394.3,18557,-149.02,0.883
R10858,pine,-63116.9,-59787.9,14706.5,-74.53,0.816
R10859,pine,-57364.6,-59762.6,12789.7,-228.96,0.813
R10860,pine,-54988,-61614.3,14894,-173.22,1.079
R10861,pine,-37718.4,-61428.2,15711.1,-258.46,1.142
R10862,pine,27729.5,-60447.6,17018.8,49.07,1.066
R10863,pine,28979,-59689.2,18741.9,-110.88,0.958
R10864,pine,-64836.1,-57579.4,13215.7,38.09,0.951
R10865,pine,-34643,-57596.2,12810.3,-178.59,1.139
R10866,pine,-27433.9,-59120.4,14029.9,76.69,1.087
R10867,pine,-17279.2,-57094.7,13862.4,-93.1,1.04
R10868,pine,-10523.6,-57883.5,14709.2,-59.99,1.114
R10869,pine,55235.1,-57586.9,12467.8,-147.33,0.824
R10870,pine,-38999.5,-55748.2,11145.3,4.89,0.879
R10871,pine,-35469.8,-55889.8,12219.7,36.18,1.088
R10872,pine,-2586.5,-54425.9,10616.3,-96.4,0.938
R10873,pine,1387.4,-54900.3,9972.2,-149.43,1.065
R10874,pine,10191,-56592.1,14291,-146.33,0.803
R10875,pine,13144.4,-56059.9,15036.2,-39.42,0.961
R10876,pine,42054,-55146.4,10356.8,0.95,0.972
R10877,pine,46452.6,-54695.4,6599.9,61.1,1.118
R10878,pine,50024.5,-56575.8,7205.3,-104.17,1.134
R10879,pine,-56848.2,-52328.5,8397,83.76,1.027
R10880,pine,-39738.7,-52024.5,9130.8,-36.41,0.972
R10881,pine,-10317.9,-53012.8,11356.4,64.36,1.107
R10882,pine,16.3,-53483.8,9846.8,-102.69,1.052
R10883,pine,1631.4,-52920.9,10705.7,-196.27,0.943
R10884,pine,12722.5,-53084.5,11044.1,-46.92,0.848
R10885,pine,26578.7,-52517.8,8748.7,-4.1,0.805
R10886,pine,36550.7,-53817.4,6652,-256.51,1.071
R10887,pine,-48014.9,-50143.9,6214.9,17.77,0.825
R10888,poplar,-31139.8,-50803.8,5332,-21.92,0.82
R10889,pine,-4043.4,-51038.1,9358.1,-134.63,1.12
R10890,pine,17104.2,-51704,9135,-50.84,1.05
R10891,elm,40640.9,-51726.3,5478,-118.85,0.824
R10892,pine,50371.5,-51484.7,7914.1,-238.46,0.941
R10893,poplar,68754.2,-49332.4,5564.4,-237.22,0.851
R10894,poplar,-57765.9,-47606,3395.1,-151.1,0.871
R10895,elm,-53460.7,-47821.8,4917.5,-72.4,0.852
R10896,poplar,-50380,-47507.5,4382.2,44.87,1.128
R10897,elm,-48010,-47082.2,4629.4,-59.77,1.056
R10898,pine,-37056.1,-46911.5,7501.6,-136.94,1.144
R10899,pine,-35058.5,-48773,7980.3,-21.39,0.923
R10900,poplar,-32433.3,-48706.7,5524.8,-228.38,1.074
R10901,pine,-27206.8,-48188.9,5945.3,-257.89,1.124
R10902,pine,-381.2,-48867.7,8578.9,-236.55,0.941
R10903,pine,9505.4,-46841.2,6073.5,-63.08,0.929
R10904,elm,15591,-47253.8,4812.8,29.18,0.912
R10905,poplar,17428.4,-46830.3,4165.1,-176.09,0.846
R10906,poplar,44490.5,-48110.1,5185,-30.83,1.006
R10907,poplar,61018.3,-47547.1,3910.2,-35.85,0.812
R10908,jujube,-68116.1,-44997.8,5059.3,-94.63,0.853
R10909,jujube,-62245.5,-44729.6,3585,-134.42,1.142
R10910,poplar,-47389.5,-45131.7,3653.5,-253.54,1.036
R10911,pine,-30970.1,-44779.2,6343.1,14.68,0.868
R10912,poplar,-26905.5,-44707.8,4681.2,15.96,1.06
R10913,elm,-25480.3,-44225,4845.4,-162.62,0.828
R10914,pine,-7081.7,-44839.1,7832.1,-137.45,1.012
R10915,pine,43597.6,-46470.2,6453.9,54.69,0.907
R10916,poplar,56712.1,-44580.6,4245.7,-256.95,0.849
R10917,poplar,59542.7,-45245.1,3605.7,32.96,1.033
R10918,elm,65277.6,-44647.6,5416.7,-7.54,0.823
R10919,elm,-66256.3,-43708,4816.8,-11.5,0.974
R10920,poplar,-52801.4,-42444.5,4168.1,-103.03,1.073
R10921,elm,-51210.5,-43164.7,3997.3,-191.57,0.906
R10922,pine,-31724.3,-43049.8,6857.4,31.76,0.976
R10923,pine,-22470.1,-43599.3,4380.2,35.27,1.092
R10924,pine,-976.9,-43158,8425,-237.61,1.092
R10925,pine,11100.2,-43757.7,6743.6,-241.9,0.88
R10926,poplar,50171.9,-43488.9,5680.3,-217.73,1.007
R10927,elm,56723.9,-43934.2,4168.3,-248.72,1.085
R10928,poplar,65657.5,-41745.1,5131.9,-241.59,0.944
R10929,elm,-68404.9,-40691.9,5299.6,44.87,0.986
R10930,poplar,-57087.3,-39761.3,4224.4,0.86,1.138
R10931,elm,-47205.9,-40762.2,4809.7,-235.63,0.834
R10932,pine,-42572.4,-40994.9,6177.5,-5.22,0.939
R10933,pine,-37320.5,-39731.1,8870.3,-162.72,1.054
R10934,elm,-27163.6,-39976.3,5438.9,-5.78,0.9
R10935,jujube,-25415,-41213.3,4675.4,-168.74,1.106
R10936,pine,-5639.7,-40757.9,9434.6,85.51,0.976
R10937,elm,14621.9,-39324.6,5163.2,-144.96,0.836
R10938,pine,19713.3,-39848.5,4564.7,12.97,1.06
R10939,pine,44235.7,-41136.7,7078.3,-85.98,0.844
R10940,elm,-63703.7,-36652.3,4563.3,-32.69,1.148
R10941,elm,-53897.9,-36633.3,4231.4,89.78,0.947
R10942,pine,-37382.3,-38365.2,8769,-233.39,0.898
R10943,jujube,-26413.3,-38020.6,5898.5,-13.44,0.845
R10944,pine,-13460.3,-38470.3,6035.2,-7.05,0.901
R10945,pine,17160.1,-37452.2,6358.8,54.62,1.018
R10946,elm,19305.6,-37808,4324.6,-112.76,0.824
R10947,poplar,31794.1,-38756.9,4602,-110.7,0.809
R10948,pine,35661.9,-37472.1,5715.4,72.72,1.035
R10949,pine,42343.9,-38797.8,7923.8,26.01,0.892
R10950,jujube,53947.3,-36264.3,5401.8,-103.95,0.822
R10951,elm,55102.1,-38797.4,5099.4,-112.13,0.829
R10952,pine,-59731.9,-34211.1,4139.7,-102.56,1.127
R10953,poplar,-59206.9,-35560.6,4199.4,-64.79,1.109
R10954,pine,-56344.4,-34468.3,4057.6,-49.05,0.895
R10955,elm,-53642,-34604,4509.1,-75.16,0.808
R10956,pine,-40046.7,-34001.3,10603.3,-7.16,0.981
R10957,pine,-14822,-34767.4,6846.8,-11.99,0.836
R10958,pine,32576.6,-34970.2,6707.1,-144.11,1.077
R10959,elm,57310.3,-35256.3,4639.7,-90.88,0.943
R10960,jujube,-69473.1,-33203.1,4439.6,-74.26,1.116
R10961,jujube,-53379.6,-31037.1,4559.5,-190.05,1.013
R10962,pine,-25835.6,-33102.7,6004.5,-30.35,0.839
R10963,poplar,-21901.8,-31207.3,5768.9,-58.93,0.959
R10964,pine,-15972.9,-31968.2,6473.8,33.76,0.895
R10965,pine,-14266,-31543.4,6893.5,66.38,1.024
R10966,elm,20603,-32072.5,4292.2,-132.95,0.858
R10967,elm,56190.6,-31204.1,4546.1,-74.16,1.007
R10968,elm,-66530.3,-29563.4,4772.2,-192.83,1.114
R10969,poplar,-63036.8,-30172,4636,-152.06,1.149
R10970,elm,-60383.4,-30084.6,4173.5,-155.55,1.041
R10971,poplar,-55840.7,-30179.1,4522.3,-174.59,0.94
R10972,jujube,-27041.9,-30240.4,5857.3,-5.16,0.836
R10973,jujube,50146.9,-30783.6,4976.6,-28.28,1.07
R10974,poplar,60536.3,-30976.9,3897.5,-89.35,0.981
R10975,elm,-58178.8,-27531.4,4009.7,-13.38,0.806
R10976,poplar,-55146.1,-27328.3,3924.2,-222.05,0.986
R10977,pine,-44574.1,-26927.9,6374,-214.94,1.14
R10978,pine,-31311.7,-28101.5,6485.8,30.24,1.001
R10979,poplar,-28243.4,-26677.7,5893.7,-87.1,0.931
R10980,pine,-8672.3,-26038.1,10320.6,-169.22,0.817
R10981,jujube,21103.5,-26796.4,3943.7,-115.77,1.018
R10982,elm,28209.9,-28339.9,3641.6,-148.93,1.037
R10983,elm,34500.2,-27165.8,4884.3,-67.74,1.112
R10984,elm,46802,-26494.1,4796.8,-69.1,0.968
R10985,poplar,47633.7,-26182.7,4498.4,2.44,0.956
R10986,jujube,62930.2,-25962.7,3865.3,-184.62,1.076
R10987,elm,-65227.4,-24635,5232.9,-238.24,0.933
R10988,jujube,-64347.2,-24493.2,5173.9,-141.22,1.124
R10989,poplar,-58216.1,-24474.5,4129,-142.14,0.836
R10990,pine,-52698,-25163.9,4464.3,-29.73,0.85
R10991,poplar,-49519.2,-23285,4148,81.9,0.852
R10992,pine,-35831.8,-23441.4,6858.2,-108.14,0.942
R10993,elm,18852.4,-25501.5,5052.9,-183.37,0.934
R10994,poplar,45597.9,-24919.5,5058.2,-223.23,1.007
R10995,poplar,-65278.4,-21530.8,4918.2,-8.21,0.881
R10996,jujube,-50066.3,-21748,4038.3,-80.13,0.898
R10997,poplar,-25943.8,-22896.7,4240.5,-133.5,0.959
R10998,pine,-24973.5,-22168.5,4487.7,15.23,0.958
R10999,jujube,-19934.3,-21179,4756.3,6.73,0.891
R11000,pine,-5616.3,-21393.1,10985.7,86.48,1.049
R11001,poplar,33464.3,-21004.9,3120.2,-9.45,0.916
R11002,jujube,39240.1,-21687.1,3856.4,26.08,0.801
R11003,jujube,44437.7,-22537.7,4067.4,-73.67,0.896
R11004,jujube,47483.4,-22373.2,3442.1,-148.59,0.843
R11005,elm,59464.9,-21022.2,2495.3,-233.43,1.063
R11006,poplar,61937.9,-22736.7,3408.4,-173.65,1.132
R11007,jujube,-67190.5,-19314.6,4459.2,36.5,1.06
R11008,poplar,-63121.7,-19670.9,4176.2,85.62,1.082
R11009,jujube,-51031,-19437.5,3642.1,-219.46,0.922
R11010,elm,-49128,-19038.3,3681.9,-71.68,0.985
R11011,elm,-35382.6,-20527.2,4296.4,-61.38,1.08
R11012,poplar,-30036.2,-20435,4075.1,-217.99,0.951
R11013,pine,-27143.6,-18722.8,3399.6,-7.97,0.914
R11014,pine,-15273.2,-18921.2,6186.9,-35.8,1.108
R11015,poplar,36580.5,-19659.1,2970.2,-120.85,0.811
R11016,poplar,40249.3,-18518.8,2830.5,-49.15,0.859
R11017,elm,49325.2,-18144.7,2265.3,-59.54,0.925
R11018,poplar,63259.4,-20400.6,3909.7,-141.71,0.933
R11019,elm,66685.7,-19233.3,5064,73.47,0.857
R11020,elm,-63949,-17060.9,3972.7,-159.08,1.08
R11021,pine,-59714.9,-15726.9,3674.6,86.1,0.884
R11022,elm,-57954.7,-17968.7,3446.2,-254.63,1.055
R11023,poplar,-46586.3,-15506.2,2585.8,-224.66,0.827
R11024,jujube,-40960.5,-16873.8,3991.6,-0.34,0.834
R11025,pine,-29040.7,-16705.3,3196.9,-253.22,0.943
R11026,elm,-26502.9,-17692.7,3434.6,18.91,1.083
R11027,pine,-11443.2,-17964.2,7168.8,-112.42,0.997
R11028,pine,55722.4,-17905.6,2152.6,-139.81,1.126
R11029,pine,60343,-16192.8,2838.1,-56.53,1.005
R11030,pine,-67028.1,-15005.8,4273.6,-189.12,1.093
R11031,elm,-56712,-15172.7,2846.5,-235.52,1.099
R11032,poplar,-50520.2,-13808,2595.7,-88.43,1.092
R11033,elm,-24454.9,-13556.9,2713.1,-72.39,1.062
R11034,pine,3628,-13095.7,6362.9,-216.7,1.134
R11035,jujube,8959,-12996.7,4586.3,-15.35,1.07
R11036,elm,12695.9,-13115.3,4587,-167.21,0.807
R11037,jujube,19509.1,-14664.9,3143.5,-7.92,0.994
R11038,jujube,36649.7,-15376.9,2348,11.63,0.974
R11039,jujube,39299.6,-13036.4,2062.2,-5.36,0.905
R11040,elm,-57759.7,-11762.3,3322.2,-50.7,0.849
R11041,jujube,-56641.5,-10455.1,2995.3,-234.29,1.081
R11042,poplar,-36751.6,-12093.1,2482.1,67.01,0.923
R11043,poplar,-31149.1,-10767.4,1886.8,-138.66,0.956
R11044,poplar,-3524.2,-11265.3,5948.9,87.13,0.828
R11045,pine,-2244.8,-12206.9,6442.7,11.44,1.025
R11046,elm,5252.2,-12053,5733.2,-124.92,1.001
R11047,poplar,8351,-10889.2,4445.5,-58.89,1.048
R11048,elm,34213,-11598.8,2229.3,62.32,1.096
R11049,poplar,43595.8,-11183.2,2254,-52.56,0.872
R11050,poplar,50422,-10430.9,2047.4,-8.43,0.959
R11051,poplar,-68470.1,-9379,4448.4,-159.09,1.052
R11052,elm,-60623.4,-8166.1,4312.8,-100.37,1.068
R11053,poplar,-54402,-8602.7,2327.8,58.21,1.105
R11054,pine,-44017.9,-10033.5,2192.8,-170.69,0.955
R11055,pine,-41523.2,-8822.2,2128.4,73.8,0.81
R11056,elm,-27291.8,-9176.9,2051.9,87.05,0.917
R11057,poplar,-14578.4,-8849.5,2944.2,-143.19,1.117
R11058,elm,-4340.9,-8076.2,4351.4,-153.74,0.881
R11059,pine,15725.6,-8182.4,2951.3,-204.25,0.938
R11060,poplar,23434.4,-7968.5,2186,24.83,1.057
R11061,elm,37360.7,-9411.6,2036.4,-93.13,1.128
R11062,elm,50300.2,-8008,2087.2,-145.22,0.941
R11063,elm,58264.8,-8518.1,2481.1,68.11,0.881
R11064,poplar,-62528.3,-6267.1,4523.5,-92.01,1.061
R11065,jujube,-55806.2,-6782.7,3099.2,-116.6,0.979
R11066,jujube,-53527.3,-7417.3,2415.8,-119.29,0.974
R11067,poplar,-39029.7,-6218.2,1940,-159.76,1.098
R11068,poplar,-29619,-6749,1944.8,-72.06,0.883
R11069,poplar,-20545.8,-5418.8,2231.9,-136.71,0.844
R11070,elm,-13825.1,-5151.1,2643,-184.88,0.854
R11071,jujube,-8271.7,-6256.6,3634.3,37.69,1.09
R11072,elm,4480,-6090.5,3042.5,-124.46,1.049
R11073,pine,8700.1,-7298.4,3584.8,-14.33,1.126
R11074,jujube,12029.2,-7551.7,3235.5,-28.08,1.081
R11075,poplar,29563.3,-6624.9,2037.8,-176.49,0.889
R11076,elm,31938.2,-5204.4,2176.8,-158.29,0.902
R11077,jujube,66428.6,-6751.6,4715.2,-172.55,0.983
R11078,poplar,-62096.3,-2708.7,4308,-143.81,1.095
R11079,pine,-44338.7,-2538.8,1960,-66.74,0.973
R11080,elm,-28802,-3067,1809.3,-127.78,1.117
R11081,elm,-18871.4,-4848.3,2300.7,-162.27,0.938
R11082,poplar,-16020,-3929,2574.9,-153.25,0.953
R11083,pine,-8752.3,-2974.3,3263.1,-109.3,1.061
R11084,elm,11307.9,-3701.8,2656.3,-46.95,0.974
R11085,pine,15423.9,-2580.6,2182.5,-184.09,0.999
R11086,elm,-66362.6,-1917.3,5058,-181.35,1.054
R11087,jujube,-59818,-1482,4328.2,82.36,0.838
R11088,elm,-59045.8,-429.6,4462.6,-30.26,1.013
R11089,pine,-52762.3,-1175.1,2945.5,-183.5,1.06
R11090,elm,-28093.1,-823.3,1851.2,-112.76,0.833
R11091,poplar,-21095.8,-1289.9,2342.6,-59.55,0.876
R11092,elm,-9011.2,-1446.3,2772.6,-133.15,1.081
R11093,poplar,-65414.5,1974.8,4647.3,-184.29,1.133
R11094,jujube,-54330.3,2086.4,3358.5,66.45,0.923
R11095,poplar,-28538.4,2257.5,1905.8,-57.5,0.871
R11096,elm,9807.8,1503,2558.7,49.37,0.821
R11097,poplar,15807.8,2665.2,2192.4,53.46,1.062
R11098,poplar,21208.5,2789.5,2004.8,-95.93,0.896
R11099,elm,23878,1618.5,1922.1,-85.58,0.819
R11100,elm,42580,916.2,2104.1,-114.81,1.081
R11101,elm,44668.9,1459.6,2108.9,37.77,0.882
R11102,poplar,63056.2,1809.4,4023.5,60.96,1.149
R11103,poplar,-66983.4,3015,5323.4,-4.91,0.832
R11104,poplar,-55169.9,4429.8,3128.6,-216.39,1.077
R11105,elm,-26148,3503.9,1799.5,-65.33,1.041
R11106,poplar,-16281.6,3152.8,2526.5,41.09,0.81
R11107,elm,-11636.4,4637.9,2909.9,-48.45,1.058
R11108,elm,-6579.1,5275.1,3533.8,-66.23,0.96
R11109,elm,-3210.8,4551.8,3530.9,26.97,0.857
R11110,elm,31201.6,3265,1983.8,-236.63,1.061
R11111,elm,37466.5,4921.6,2094.6,60.05,0.96
R11112,poplar,42798.6,3813.3,2099.5,87.47,0.84
R11113,poplar,56679.2,3864.1,2094.6,-183.45,0.994
R11114,elm,59040.2,4283.2,2768.6,82.7,1.143
R11115,poplar,-61312.5,6786.4,3975.3,-95.81,0.838
R11116,pine,-51841.8,5914.5,2145,-21.09,1.064
R11117,elm,-39796.6,7652.4,1926.3,-47.83,0.851
R11118,jujube,-35520,7935.2,1877.5,-81.65,0.947
R11119,poplar,-22547.5,7428.9,2243.3,-151.38,1.051
R11120,jujube,-14693.9,6802.7,2794.3,-246.06,0.908
R11121,poplar,21485.9,6301.9,2155.1,-10.1,0.824
R11122,elm,33404.1,5788.3,1921.9,73.37,0.972
R11123,poplar,34541.7,6328.3,1924.6,-95.21,0.949
R11124,jujube,64239.2,7701.8,4017.8,-100.62,0.83
R11125,pine,-65351.5,9547.5,4546.5,-126.07,1.065
R11126,elm,-56964.8,9325.2,3160.3,-153.41,1.113
R11127,poplar,-52128.1,8803.3,2575.1,68.35,0.811
R11128,elm,-48885.9,8869.6,2103.4,-14.62,1.058
R11129,elm,-44101.1,10347,2115,68.13,1.021
R11130,jujube,-37916.9,8847.1,1907.8,52.69,0.929
R11131,poplar,-28584.8,10430,2084.4,73.6,0.958
R11132,jujube,-4167.2,9329.9,4162.4,-81.76,1.116
R11133,poplar,1058.4,9898.5,4556.1,-66.83,0.976
R11134,elm,5938.4,8963.9,3897,-29.24,0.934
R11135,elm,10097.1,8860.4,3491.7,-97.95,1
R11136,elm,16209.6,8506.9,2652.7,-158.78,0.897
R11137,pine,34301,9492.3,2159.8,-213.48,0.936
R11138,jujube,59198.5,8010.4,2825.9,-107.75,1.114
R11139,pine,66375.1,8319.9,4481.1,-38.82,0.863
R11140,pine,-68478.9,13126,4700.7,-267.45,0.881
R11141,elm,-66219.9,10794.8,4671.3,-27.28,1.051
R11142,poplar,-62340.8,11745.7,4645.2,-105.06,0.945
R11143,jujube,-54943.1,12587.9,3026.8,12.64,1.107
R11144,poplar,-51020,12238.1,2650.9,-13.5,0.91
R11145,elm,-49107.1,12980.1,2436.3,-88.23,0.891
R11146,poplar,-26243.6,11602.7,2184,-249.34,0.802
R11147,elm,-20813.4,12458,3186.7,-200.41,1.015
R11148,poplar,-18979.5,11704.1,3287.7,-216.36,1.063
R11149,elm,-3144.6,11391.6,5917.2,-176.11,0.881
R11150,poplar,-2237.1,12516,5840.7,64.78,0.941
R11151,pine,15805.1,10777.7,3017.9,-196.47,1.116
R11152,poplar,61027.7,12109.6,3162,-94.83,0.949
R11153,poplar,-67329,14807.9,4767.7,52.82,1.08
R11154,elm,-48817,13290.4,2425.7,70.69,0.847
R11155,pine,-28048.6,13710.9,2213.5,-258.73,0.965
R11156,jujube,-17014.2,13479.3,3963.8,-256.4,0.831
R11157,pine,-8160.6,14728.6,6021.9,18.35,1.02
R11158,pine,7066.7,14461.8,6119.9,50.12,0.874
R11159,pine,9624,14167.1,6530.5,54.59,0.982
R11160,pine,12187.3,15362.2,5435.4,-131.93,0.982
R11161,poplar,37494.5,13418.7,2659.4,-263.89,0.899
R11162,jujube,-69230.3,17924.9,4811.9,71.77,0.869
R11163,poplar,-64325.2,18337.9,4193.9,-118.09,1.002
R11164,jujube,-58280.5,15893.7,3473.3,-194.46,1.135
R11165,elm,-55978.9,18145.2,3807.8,-229.51,1.1
R11166,poplar,-47109,15872.2,2744.8,78.49,0.966
R11167,pine,-45844.9,18186.3,3150.2,72.97,1.058
R11168,jujube,-33547.8,17434.2,2772.9,-227.27,0.904
R11169,pine,-25005,16362.8,2896.3,-258.21,1.109
R11170,poplar,-21466.4,17280.9,3158.9,-63.38,0.827
R11171,elm,-13147.2,16091.8,4982.6,-85.57,0.917
R11172,elm,12463.1,16464.2,5470.2,2.69,1.053
R11173,elm,18640.4,17533.9,3590,78.73,1.026
R11174,elm,26979.7,16717.9,2477.7,-214.86,1.044
R11175,pine,49984.1,16679.8,3079.8,-2.82,1.148
R11176,elm,55829.9,18369.7,2834.1,-80.03,0.883
R11177,poplar,-60039.2,18801.3,3796.8,-162.7,0.876
R11178,poplar,-46244.6,18764.8,3284.5,54.81,1.013
R11179,elm,-34255.7,20106.7,3304.2,-122.18,0.81
R11180,poplar,-18255.7,19998.9,5145.9,-37.14,1.049
R11181,elm,-14371.8,19395.7,4992.2,45.22,0.937
R11182,pine,1004.8,20302.1,11801.3,-157.25,1.056
R11183,pine,4133.3,19950.8,10336.9,-155.44,0.836
R11184,poplar,15664,18691.9,5088.7,-7.9,1.019
R11185,elm,54064.6,18936.3,2746.3,49.15,0.941
R11186,jujube,-49808.1,22267.4,3517.3,-128.83,0.934
R11187,jujube,-48687.5,23591.8,4025.6,-56.1,0.942
R11188,elm,-40665.7,21230.3,4107.4,36.29,1.018
R11189,elm,-33664.6,21384.2,3458.6,-150.95,0.985
R11190,pine,-14044.2,23305.3,5899,-259.05,1.088
R11191,pine,5036.1,21586,11238.3,-180.64,1.023
R11192,poplar,25976.6,23417,2418.3,-119.64,1.023
R11193,elm,27659,21131.5,3872.2,-234.29,0.95
R11194,jujube,43835.9,23140.8,5652.3,-80.91,0.844
R11195,elm,61659.8,22160.8,4632,-239.08,1.067
R11196,elm,67490,22911.9,4928.3,-42.62,1.03
R11197,poplar,-67504.8,25627.4,5017.4,-201.21,1.129
R11198,elm,-58928.5,24023.8,4171.7,-6.86,1.054
R11199,elm,-56708.2,25713.3,4336.3,-180.63,0.806
R11200,poplar,-41742.4,23639.3,5240.6,-14.05,1.117
R11201,poplar,-21005.2,23964.1,3964.4,-70.27,0.978
R11202,pine,-9776,23711.3,8818.4,-247.64,0.945
R11203,jujube,27622.9,24518.3,4680.5,57.54,0.804
R11204,elm,49502,25321.2,4105.6,-237.5,1.065
R11205,pine,55088.6,25207.9,3318,-25.81,0.929
R11206,elm,60342.8,24112.7,3893.8,-180.84,1.119
R11207,pine,-49747.7,26583.8,6007.8,59.31,0.859
R11208,pine,-45875.8,27476.1,6621.9,-264.77,1.053
R11209,poplar,-34654.3,27827.1,5557.5,59.19,0.806
R11210,pine,-13649.8,26454.8,8648.1,-247.01,0.909
R11211,pine,-7110.3,27359.8,13142,-266.04,0.837
R11212,pine,-447.8,28364.1,15758.9,35.1,0.9
R11213,pine,11282.8,27686.5,9811.8,-245.72,0.963
R11214,pine,13904.6,28017.7,9012.1,-181.55,0.837
R11215,elm,46908,26355.3,5628.7,42.38,1.029
R11216,elm,47121.6,26447,5574.3,-147.86,1.067
R11217,poplar,60345.7,26228.3,3696.8,77.59,1.106
R11218,pine,63044.5,27483.2,4625.7,-232.15,0.953
R11219,poplar,68400.9,27976.6,5351.1,-86.59,0.862
R11220,elm,-67400.1,30823.6,5151.8,36.44,1.092
R11221,pine,-48173.2,30028,6958.6,2.85,1.111
R11222,pine,45642.2,29027.3,6888.1,-51.67,0.959
R11223,elm,52555.1,29431.2,4570.4,-57.4,1.029
R11224,elm,69222.1,29947.9,5056.3,-240.1,0.973
R11225,poplar,-57861.1,31878.5,4985.8,42.85,1.033
R11226,pine,-51251,33191.6,6720.1,-184.3,0.853
R11227,pine,-47495,31588.2,6699.9,-40.73,1.122
R11228,pine,-36843.4,33153.6,6936.5,-178.4,0.966
R11229,pine,-34791.2,32903,6667.7,-147.1,1.04
R11230,elm,-20038.1,32569.2,4563.4,-110.86,1.026
R11231,pine,-13482.1,33140.9,7377.4,78.75,0.963
R11232,pine,39163.1,31499.3,10176.6,-41.65,0.986
R11233,pine,49490.9,31701.6,6320.5,-56.68,0.886
R11234,elm,54076.9,33614.2,3822.4,-97.11,1.007
R11235,jujube,65024.2,32548.1,5809.7,-161.13,1.113
R11236,pine,-67317.3,35042.5,5284.5,-234.21,1.126
R11237,elm,-56232.2,34904.6,5208.3,-224.12,1.082
R11238,pine,-50324.3,34607.1,7416.7,38.35,0.813
R11239,pine,-47375.7,36161.5,7867.6,20.36,0.872
R11240,pine,-42706.4,35876.2,8492.9,-58.48,1.024
R11241,pine,-40199.5,34017.9,9419.3,-128.16,0.962
R11242,pine,-28308.8,34317.4,4428.5,56.01,1.082
R11243,elm,-21224.2,34677.4,4323.5,-97.61,0.87
R11244,pine,4082.3,34212.8,11264.1,-116.88,0.913
R11245,pine,15499.8,36456.6,6552.4,-223.59,0.847
R11246,pine,17387.1,36073.9,6402.3,-139.58,0.879
R11247,pine,42330.8,36195,9806.6,65.37,1.149
R11248,elm,50685.7,34841.8,4425.6,-230.52,1.053
R11249,jujube,64166.7,36176.1,4604.1,-64.1,0.951
R11250,jujube,-60469.6,37090.6,5068.5,-206.07,0.815
R11251,pine,-38242,38148.9,6785.5,4.11,1.136
R11252,elm,-25490.5,38153.6,3533.9,-268.85,1.132
R11253,jujube,-22081.6,39111.2,3547.6,-20.08,1.119
R11254,pine,-8119.6,38445.9,9344.5,-93.31,1.005
R11255,pine,-7597.7,37435.2,9801.5,-160.89,1.144
R11256,pine,17528.9,39198.3,6678.5,-147.31,1.082
R11257,pine,18917.4,36939.4,6216.4,-32.87,0.818
R11258,jujube,22117.9,38965.7,2820.3,13.53,1.023
R11259,pine,31836.7,37293.2,7364.4,-82.65,0.826
R11260,pine,47299.6,39069.3,6219.1,-115.57,1.139
R11261,jujube,51074.5,38986.6,4783.7,-29.73,1.08
R11262,jujube,55948.1,36683,3527.7,86.22,1.084
R11263,elm,58802,37390.7,3647.8,6.39,0.944
R11264,poplar,65613.3,38871.4,5340.3,48.69,1.077
R11265,jujube,-57486.8,41001.1,4225.8,-33.59,1.078
R11266,pine,-56389.8,40046.2,4842.5,-201.22,1.117
R11267,elm,-53739.6,41399.4,5448.5,-27.62,1.142
R11268,pine,-36599.1,41172.1,6181,-202.78,1.052
R11269,poplar,-18429.3,39384.6,4754.3,80.01,0.858
R11270,pine,-16484,41208.3,4284.4,-134.39,0.994
R11271,pine,-305.3,41438.6,10187.5,-215.23,0.915
R11272,pine,14626.1,41184.8,6051.6,-140.03,1.091
R11273,poplar,18668.6,41546.1,5528.7,-187.39,0.888
R11274,pine,31910.9,39650.4,7098.7,-195.26,1.037
R11275,pine,46467.2,40340.3,6611.3,87.51,0.983
R11276,elm,54581.8,39691.9,4230.1,-226.78,0.864
R11277,poplar,57823.9,40474.7,3798.1,-158.61,1.079
R11278,pine,65909.1,39466.1,5490.8,-232.3,1.089
R11279,elm,68027.9,39285.3,4856.4,-252.97,1.073
R11280,jujube,-64198.7,42627.7,4304.9,-78.34,0.957
R11281,elm,-40049,44323.2,5653.9,-265.17,1.096
R11282,elm,-33721.3,42835,4653.1,-145.65,1.061
R11283,pine,-26590.7,42884.7,3196,-236.61,0.904
R11284,poplar,-14602.4,43233.7,5432.2,-177.6,1.106
R11285,pine,-7734.8,43613,6940.2,83.48,0.971
R11286,pine,-1880.1,42586.7,9340.3,-189.32,0.824
R11287,elm,8235.8,44290.1,5770.9,-98.91,1.134
R11288,pine,11561.8,43891.1,6642.4,30.97,0.858
R11289,elm,45126.2,42535.9,4900.9,-186.76,0.854
R11290,pine,56004.6,44061.3,3150.5,-234.06,0.93
R11291,elm,58567.1,43682.5,3302.6,15.25,0.96
R11292,elm,-49989.2,46976.7,4214.3,15.83,0.954
R11293,poplar,-41758.9,46297.7,4748.2,-79.29,1.009
R11294,pine,-35877,45959.3,4258.9,22.31,0.913
R11295,elm,-33210,46796.7,3567.8,35.14,1.092
R11296,poplar,-24793.1,46278.7,2765.4,-90.13,0.928
R11297,elm,-21935.9,46797.5,2789.9,-87.14,0.957
R11298,pine,-5926.1,45858.6,7513.6,-188.07,1.053
R11299,pine,3647.1,46276.3,7434.2,37.97,1.032
R11300,poplar,6435.3,45967.3,5724,8.51,1.054
R11301,jujube,10420.4,46906.1,5451.9,-253.7,1.063
R11302,pine,11804.6,44431.6,6673.4,-122.89,0.963
R11303,poplar,55318.7,44688.1,2888.8,-114.59,1.12
R11304,elm,58240.6,46842.3,2659.5,-113.62,1.143
R11305,elm,64810.2,46851.7,4671.6,-12.84,1.076
R11306,jujube,-68654.6,48702,4749.1,-20.11,1.018
R11307,elm,-63239.8,48177.9,4405.3,-134.68,0.841
R11308,elm,-57740.8,48691.4,4055.8,-155.05,0.976
R11309,poplar,-45921.1,47300.7,3895.9,-131.07,0.993
R11310,jujube,-26495.6,47411.1,2602.1,-245.28,0.942
R11311,poplar,-8139.3,49228.9,4774.3,-163.41,0.956
R11312,pine,840.4,47122.4,6358.5,-182.52,0.92
R11313,pine,3722.3,48491.7,7050.9,68.71,0.854
R11314,jujube,10012.4,48676.9,4261.1,21.75,1.101
R11315,elm,11214.5,49269.7,4036,-15.66,1.144
R11316,elm,17121.5,47959.9,3916.3,21.33,0.918
R11317,elm,35905.9,49379,3710.6,-53.27,0.991
R11318,poplar,42205.3,47393.1,4092.1,-178.02,1.133
R11319,elm,63676.4,48567.6,4144.6,-223.54,1.071
R11320,poplar,-67005.9,51383.5,4406.4,-206.67,0.938
R11321,jujube,-63884.1,51206.6,4491.8,-168.19,0.858
R11322,elm,-57465.8,51040.5,3722.9,-2.29,0.839
R11323,elm,-51656.6,51392.8,2919.3,-117.99,0.919
R11324,jujube,-45820.3,51905.5,2988.3,11.59,1.086
R11325,elm,-40733.1,50708.6,3202.3,84.4,1.117
R11326,elm,-34692.1,51048.4,2778.6,-129,0.817
R11327,pine,-28178.3,51486.3,2520.6,-171.61,1.078
R11328,pine,-15484.1,50846.5,3295.9,-108.82,0.952
R11329,poplar,-14996.4,51158.8,3245.5,-17.46,0.924
R11330,elm,9649.1,50492.3,3724.1,-179.41,1.045
R11331,elm,35417.6,51115,3305.3,-105.67,1.106
R11332,poplar,50129.8,50244.5,2282,-175.03,1.038
R11333,elm,53831.3,50154.2,2120.6,72.31,0.852
R11334,elm,59990.7,52195,2909.6,-5.74,1.099
R11335,pine,-66979.1,53865.5,4126.5,-9.21,1.104
R11336,poplar,-54928,52711.2,3197.6,72.33,1.124
R11337,elm,-50521.6,52611.4,2684.1,-65.92,1.137
R11338,poplar,-44137.7,52313.9,3021.2,-13.44,1.102
R11339,poplar,-7543.7,53010.7,3600,-223.81,1.036
R11340,elm,-3632.6,53273.4,4134.4,48.63,0.996
R11341,jujube,41493.2,54707.9,2570,-98.19,1.096
R11342,elm,43058.6,53073.8,2628,-201.42,0.947
R11343,poplar,65347.7,53990.5,4358.5,-148.75,1.084
R11344,poplar,-63003.4,56094.6,3621.3,68.36,0.964
R11345,pine,-46900.5,55761,2740.8,-18.96,0.908
R11346,pine,-19394.1,57392.7,4334.2,-199.44,0.914
R11347,jujube,-17111.9,56711.5,4293.6,-122.54,0.959
R11348,pine,-14924.2,57041,5574.5,72.42,0.914
R11349,pine,-12257,55213,7272.7,-89.08,1.044
R11350,elm,10691.7,55973.5,3693.7,-3.25,1.043
R11351,pine,48833.9,57023,7082.5,-9.63,1.077
R11352,elm,-44362.6,58004.5,4785.1,-232.17,0.935
R11353,pine,-36312.6,57686.2,8092.2,-197.93,1.011
R11354,pine,-32679.3,58656.1,9489,26.77,0.969
R11355,pine,2787,59786,13900,0.52,0.982
R11356,pine,18620.2,58179.7,12098.9,-227.11,1.147
R11357,pine,56799.7,58066.3,8002.6,-91.39,1.089
R11358,pine,-38474,61133.2,7861.3,-87.64,1.005
R11359,pine,-34434.7,60837.9,12074.7,-88.23,1.111
R11360,pine,68711.7,61999.6,9525.6,-70.63,1.094
R11361,pine,-69090.6,65169.6,18068,-222.32,1.131
R11362,pine,-44653.8,63906.2,14255.2,-261.37,0.834
R11363,pine,-43965.8,63680.2,14139,-10.9,0.939
R11364,pine,-24066.9,64393.8,14223.8,-234.8,1.111
R11365,pine,-10815.9,63715.3,15432.1,-203.07,0.904
R11366,pine,4947.2,63896,12488.8,73.5,0.94
R11367,pine,-41082,67297.2,18421.2,58.76,1.024
R11368,pine,-12231,67190.6,19475,-94.71,0.819
R11369,pine,-693.6,67511.9,17904.4,-169.06,1.128
R11370,pine,30878.2,65750.7,15483.9,-237.93,1.053
R11371,pine,59857.4,66086.7,16498.6,-237.97,0.976
R11372,pine,63619,65580.2,14661.2,-67.2,1.047
R11373,pine,-18346.1,68960.3,17439.2,-158.36,0.878
R11374,pine,35482.2,69043,25411.2,-37.19,0.811
R11375,shrub,-50863.5,-69330.8,23727.4,-253.47,0.852
R11376,shrub,-43831.5,-69335.8,19834.3,-227.1,0.908
R11377,shrub,31099.2,-69171.5,21278.6,-61.54,1.137
R11378,shrub,-12614.7,-68848.4,22405,66.03,1.263
R11379,shrub,-799.8,-68737.6,16989.9,-4.97,1.163
R11380,shrub,26097.8,-68547.7,21811.7,-101.39,0.871
R11381,shrub,68577.4,-68406.1,21176.6,-170.86,1.323
R11382,shrub,-18915.7,-67090.5,16237.5,-264.01,0.91
R11383,shrub,54431.4,-67087.7,19411.4,-156.27,0.956
R11384,shrub,65138,-67089.3,17979,-244.45,0.752
R11385,shrub,67466.8,-67029.5,20677,-51.96,1.28
R11386,shrub,-40058.7,-65976.1,20286.1,-14.93,1.17
R11387,shrub,-34664.1,-66534.7,20578.3,-141.51,1.28
R11388,shrub,43862.5,-66648.3,20085.3,-235.59,1.218
R11389,shrub,-50415.6,-65260.4,22696.2,-247.51,0.891
R11390,shrub,-33955.3,-65324.2,21078.1,-264.3,1.161
R11391,shrub,-11280.9,-65331.8,21195.5,-25.99,0.785
R11392,shrub,2454.9,-64953.1,18068.7,15.5,1.392
R11393,shrub,41860.2,-64988.9,18778.2,61.18,0.818
R11394,shrub,-69163.3,-63767.6,12126.8,-111.29,1.283
R11395,shrub,13874.7,-64034.1,14819.4,-210.32,1.265
R11396,shrub,-38164.8,-62842.8,17049.8,-154.18,1.059
R11397,shrub,-18631.6,-63313.9,16647.8,40.44,0.825
R11398,shrub,4697.8,-63167.9,21452.7,-107.03,1.239
R11399,shrub,-41925.9,-62038,17039.3,-188.82,1.11
R11400,shrub,-51748.7,-60270,13617.6,-94.85,1.286
R11401,shrub,-55680.8,-59658.6,13053.2,17.02,0.718
R11402,shrub,-28926.2,-59299.3,14314.9,-253.47,0.822
R11403,shrub,-25515.7,-59764.4,14934.7,-126.84,0.759
R11404,shrub,11295.5,-59539.3,14291.7,-263.93,1.308
R11405,shrub,16525,-59399.8,17858.9,-156.48,0.789
R11406,shrub,40562.8,-60066,17356.3,-109.49,1.322
R11407,shrub,41494.2,-59302.5,17971.5,-177.37,1.05
R11408,shrub,50023.1,-59470.4,9156,-208.66,1.137
R11409,shrub,65174.8,-59158.5,15566.3,-133.25,1.398
R11410,shrub,-13031.5,-58825.7,15624.3,-219.4,1.011
R11411,shrub,47436.3,-58734.3,11448,77.34,1.313
R11412,shrub,61486.5,-58391.9,13381.1,-9.45,1.135
R11413,shrub,-67074.3,-56913.6,10380.9,-103.29,0.797
R11414,shrub,-51314,-57714.8,10611.6,-212.17,0.851
R11415,shrub,-1959.6,-56880.7,11981.7,-13.33,1.397
R11416,shrub,30487.3,-57445.8,15091.4,-256.57,0.992
R11417,shrub,48081.8,-57357.5,7912.6,-83.57,0.9
R11418,shrub,-57667.8,-56644.5,9835.1,-240.24,1.24
R11419,shrub,-48100.4,-56087.1,11341.2,35.55,0.743
R11420,shrub,-1461.6,-56130.6,11206.2,-264.39,1.346
R11421,shrub,51352.4,-56348.4,8519.7,-142.48,1.032
R11422,shrub,-15669.6,-54798.5,12196,5.62,0.796
R11423,shrub,-3576,-54913.1,11098.8,85.96,1.191
R11424,shrub,-2245.7,-55265.7,11714.5,53.38,1.108
R11425,shrub,46752.6,-54949.3,6566.7,-42.91,1.239
R11426,shrub,64991.8,-54988.8,12696.5,-231.76,0.949
R11427,shrub,-56128.6,-54524.7,9124.3,61.55,1.24
R11428,shrub,-52886.9,-53574.4,9029.5,-0.24,0.832
R11429,shrub,-49404.7,-54124,9600.7,-161.58,1.305
R11430,shrub,-20527.8,-54415.9,11830.6,-101.04,1.168
R11431,shrub,3106.3,-53716.1,8358.4,-48.99,1.077
R11432,shrub,7462.8,-53888.7,10538.8,-20.72,1.339
R11433,shrub,64783.4,-53557.1,11080.7,-267.09,0.784
R11434,shrub,-52220.8,-53034.4,9917.2,-255.59,0.984
R11435,shrub,-30570.4,-52635,5536.6,-22.24,1.358
R11436,shrub,-17756.8,-53380.4,10647.8,-252.47,1.068
R11437,shrub,26225,-53486.7,8643.6,-145.33,0.904
R11438,shrub,36710.4,-52545.7,5411.9,-199.16,0.744
R11439,shrub,-25194.2,-51319,5014.5,-181.97,1.053
R11440,shrub,-12332.9,-52041,10913,-29.75,1.276
R11441,shrub,26263.5,-52351.8,8475.6,-148.33,1.277
R11442,shrub,50570.8,-52014.7,8401.1,-168.6,0.729
R11443,shrub,-68900.9,-51142.8,7518.2,-230.83,0.768
R11444,shrub,-55894.4,-50494.2,7620.4,-89.06,1.375
R11445,shrub,-48443.5,-50232.2,6249.1,-78.02,0.79
R11446,shrub,-39418.7,-51156.6,9296.5,-157.79,0.828
R11447,shrub,-28513.5,-50430.2,5321.4,16.56,1.078
R11448,shrub,-22529.7,-51260.3,6279,-205.58,1.309
R11449,shrub,6777.3,-50206,10409.8,-43.53,1.38
R11450,shrub,7897.1,-50303,10571.7,-6.15,1.17
R11451,shrub,17382.1,-50988,8794.7,-114.21,1.265
R11452,shrub,39328.6,-50913.5,5270.9,74.86,1.286
R11453,shrub,49874.1,-50268.9,7015.5,-122.96,1.125
R11454,shrub,58604.6,-50448.8,5404.9,-104.97,0.832
R11455,shrub,58707.4,-51242.8,6546.6,-24.67,0.852
R11456,shrub,59833.6,-50205.8,5288.3,-25.07,0.879
R11457,shrub,-37081.4,-49883.1,8733.8,17.1,0.73
R11458,shrub,-20182,-49367.9,5931.6,-68.24,0.98
R11459,shrub,-14246.5,-50047.6,8055.7,-134.89,1.099
R11460,shrub,39652.6,-49483.5,6065.1,-116.2,1.279
R11461,shrub,41429.4,-49324.1,5307.7,40.01,0.993
R11462,shrub,45244.1,-49746.6,4762.5,-168.79,1.153
R11463,shrub,-52809.8,-48458.7,5378.5,-210.96,1.27
R11464,shrub,-44016.6,-48905.7,8488.3,-181.5,1.273
R11465,shrub,-37899.6,-48289.3,7574.3,-188.77,0.813
R11466,shrub,-2060.4,-48574.5,7876.8,-73.35,0.882
R11467,shrub,-950.4,-48450.5,7843.3,56.6,1.279
R11468,shrub,7672.7,-48295.3,8871.9,-92.08,1.269
R11469,shrub,16856.5,-48289.1,4708,-117.56,0.721
R11470,shrub,31523.9,-48053,4520.5,72.97,0.958
R11471,shrub,36536.5,-48874.4,4792.2,-90.75,0.701
R11472,shrub,39697.7,-48644.9,5970.5,54.83,0.836
R11473,shrub,61705.7,-48275.4,4501,58.42,0.726
R11474,shrub,-68896.1,-46976,5037.4,-192.89,0.882
R11475,shrub,-66252.5,-47609.4,4507,-23.47,1.223
R11476,shrub,-60975.1,-47404.8,3834.1,-142.04,1.307
R11477,shrub,-46181.9,-47549.8,5958.6,-34.74,1.338
R11478,shrub,37068.1,-47191.7,5624,-193.55,1.382
R11479,shrub,39771.5,-47830,5978.2,-66.13,1.183
R11480,shrub,44367.6,-47901.9,5350.1,-128.69,1.103
R11481,shrub,-62385.1,-46790.5,3978.4,-169.4,1.367
R11482,shrub,-50745.7,-46864.5,3864.5,11.51,0.982
R11483,shrub,-46437.3,-46493.3,4606.9,-224.3,0.83
R11484,shrub,-21486,-46329.7,5433.8,-214.73,0.874
R11485,shrub,-11949.2,-46808.7,6640.2,24.22,0.847
R11486,shrub,-3597.7,-45842.4,6805.8,-268.71,1.291
R11487,shrub,949.6,-46198.8,8420.9,-35.79,1.228
R11488,shrub,7774.7,-46254.8,7510,35.41,0.763
R11489,shrub,28486,-46105.8,3672,69.97,0.938
R11490,shrub,31333,-45943.1,3647.7,-157.81,1.016
R11491,shrub,35462.3,-46895.7,5172,-133.86,1.119
R11492,shrub,59155.7,-46526.5,3479.5,84.09,1.335
R11493,shrub,68992.5,-46597.3,5127.6,-34.6,1.202
R11494,shrub,-62025.9,-45753.2,3702.8,-267.36,1.004
R11495,shrub,-60678,-44702.3,3578.6,64.82,0.874
R11496,shrub,-53850.8,-44970,3428.8,-225.12,0.928
R11497,shrub,-17471.8,-45071.1,5023.8,10.57,1.135
R11498,shrub,-13059.6,-44722.7,5277.6,42.21,1.153
R11499,shrub,20643.8,-44751.1,3635.4,-207.17,1.03
R11500,shrub,29701,-44718.4,3463.6,-5.12,0.961
R11501,shrub,40063.6,-44959.2,6418.5,-117.19,1.352
R11502,shrub,63972,-44977.8,4798.9,77.56,1.015
R11503,shrub,65465.3,-44741.4,5434.2,-214.38,0.802
R11504,shrub,-58441.8,-44340,3692,83.79,0.799
R11505,shrub,-57394.2,-43776.5,3974.5,-219.26,1.115
R11506,shrub,-48302.2,-44511,3562.3,-164.19,1.162
R11507,shrub,-46732,-44161.6,4240.4,66.46,0.782
R11508,shrub,-34562.9,-44468.7,6462.6,12.25,1.022
R11509,shrub,-14943.1,-43767.4,5046,-80.83,1.306
R11510,shrub,-7710.3,-43879.6,8039.6,58.26,0.824
R11511,shrub,11427.5,-44367.9,5892,23.76,1.397
R11512,shrub,38176,-44382.6,5783.9,-207.98,0.71
R11513,shrub,49908.7,-43681.7,5731.8,11.66,0.889
R11514,shrub,-59598.5,-43404.3,3796.6,-258.68,1.3
R11515,shrub,-54269,-42516.7,3862,-240.81,1.127
R11516,shrub,-45330.9,-42878.8,4974.4,-264.25,0.759
R11517,shrub,-44360.2,-43129.2,5222.1,-108.56,1.129
R11518,shrub,-18509.8,-42649.2,4873.2,-248.47,0.738
R11519,shrub,32740.1,-43544.5,4567.2,54,1.038
R11520,shrub,55869.2,-43278.3,4202.3,-261.69,0.835
R11521,shrub,58577.5,-43304.9,3942.8,66.35,0.816
R11522,shrub,66661.5,-42502.9,5257.9,-88.83,1.363
R11523,shrub,-57985.4,-41656.7,4233.1,88.75,0.89
R11524,shrub,-56407.8,-41689.9,4190.7,-82.63,0.729
R11525,shrub,16349.3,-41906.6,4206,22.6,1.221
R11526,shrub,17715.9,-42343.1,3906.6,-117.34,1.165
R11527,shrub,23016.5,-41649.4,2876.1,65.74,0.928
R11528,shrub,27350.8,-41638.8,3271.1,-179.17,1.023
R11529,shrub,-57903.1,-40860.4,4506,-91.1,1.015
R11530,shrub,-8079.8,-40928,8035.2,-21.73,1.209
R11531,shrub,7381,-41259.4,9096.5,56.34,1.321
R11532,shrub,20912.5,-41331.2,3823.2,31.84,1.34
R11533,shrub,34061.4,-41047.5,4807.4,-68.45,0.828
R11534,shrub,62572.5,-41074.7,4174.3,-35.22,0.934
R11535,shrub,-24197.7,-40035.8,4896.4,-28.58,0.832
R11536,shrub,-19879.3,-40002.3,5104.9,73.88,0.952
R11537,shrub,6066.6,-39942.2,9434.5,-41.96,0.835
R11538,shrub,34668.6,-39856.6,5282.2,-264.36,0.866
R11539,shrub,47483.4,-39737.4,8068.1,-217.39,1.213
R11540,shrub,-60871.3,-38652,4581.4,-92.12,1.022
R11541,shrub,-57786.7,-39071.9,4209.7,18.02,1.28
R11542,shrub,-37633.7,-39175.6,8806.7,-162.34,0.787
R11543,shrub,-27912.8,-38702.6,5566.2,67.21,1.312
R11544,shrub,-18446.5,-39054.8,5050.2,-256.26,1.023
R11545,shrub,5317.7,-38960.7,10712.4,-144.65,1.235
R11546,shrub,25397.2,-38751.3,2934.4,-136.19,1.259
R11547,shrub,26224.5,-38643,3408.8,-65.89,1.326
R11548,shrub,34030.2,-38220.4,5174.1,-266.31,1.033
R11549,shrub,-63844.6,-37860.4,5259.1,-163.91,0.911
R11550,shrub,-51755.4,-37832.8,4405.9,7.06,1.077
R11551,shrub,-51145.5,-37689.7,4511.3,65.01,0.745
R11552,shrub,2681.3,-38044,10786.5,21.29,0.872
R11553,shrub,16416.1,-37007.5,6355.4,32.84,1.032
R11554,shrub,37540.5,-37287.2,6892.7,-55.35,1.199
R11555,shrub,46643.2,-37074.8,7727.9,64.15,1.314
R11556,shrub,64735.4,-37410.6,4760.1,-79.38,1.24
R11557,shrub,-64676.2,-36201.8,4578.8,-169.25,1.32
R11558,shrub,-61108.3,-36792.2,4505.8,-155.66,0.798
R11559,shrub,-29241.4,-36195.3,6876,-237.87,0.903
R11560,shrub,-8635.4,-35998.9,8350.7,-17.28,1.366
R11561,shrub,17286.4,-36125.5,5244.1,32.02,0.916
R11562,shrub,26266.8,-36041.2,3203.8,-235.88,1.276
R11563,shrub,31186.2,-36910.5,4726,-71.99,0.834
R11564,shrub,53369.4,-36392.4,5653,-174.79,1.36
R11565,shrub,-54642.7,-35488.6,4569.2,-89.2,1.236
R11566,shrub,-28324.8,-35210.8,6517.1,-71.97,0.866
R11567,shrub,-5768.6,-35743.3,11639,-260.4,1.125
R11568,shrub,8977.1,-35381.6,10379.9,-218.98,1.263
R11569,shrub,44865,-35692.2,6793.1,79.65,0.941
R11570,shrub,-61689.4,-34246.1,4286,-140.45,0.719
R11571,shrub,22484.1,-34224.4,3023.8,-259.8,0.734
R11572,shrub,-44551.3,-32763,6734.6,-196.98,1.093
R11573,shrub,18974.9,-32709.7,4736.2,34.98,1.39
R11574,shrub,44664,-33438.6,8529.7,-106.2,0.875
R11575,shrub,64112.1,-32655.3,4478.8,-33.77,0.875
R11576,shrub,-36393.7,-31795.5,11210.8,-202.56,1.015
R11577,shrub,-23913.6,-31658.4,6201.5,7.51,0.912
R11578,shrub,-15672,-31949.1,6460.2,-261.17,1.099
R11579,shrub,17871.7,-32004.1,4899.4,-111.3,1.297
R11580,shrub,19519.8,-31843.6,4468.4,-157.43,1.236
R11581,shrub,46846.4,-31839,7874.1,-139.95,1.253
R11582,shrub,52169,-31769.2,5261.3,32.3,1.398
R11583,shrub,54440.8,-31536,4941.6,-19.33,1.258
R11584,shrub,68060.4,-31871.2,4831.1,-200.87,0.976
R11585,shrub,-46512.3,-30876.7,6921.5,4.58,0.935
R11586,shrub,-24509.9,-30998.2,6743.3,47.1,0.93
R11587,shrub,11737,-31137.9,9444.9,-174.09,0.892
R11588,shrub,13441.2,-30626.6,7899.9,-62.7,1.257
R11589,shrub,32865.8,-31348.3,5720,15.94,1.101
R11590,shrub,41476.5,-30946.6,6889.1,-194.08,1.381
R11591,shrub,46671.4,-31349,7383.4,-85.52,0.96
R11592,shrub,-62880,-29873.3,4738.6,48.2,0.904
R11593,shrub,-57107.3,-29729.8,4429.8,30.32,0.759
R11594,shrub,-27214.1,-30182.1,5776.6,-106.39,0.841
R11595,shrub,27672,-29919.3,3802.9,50.96,1.027
R11596,shrub,32503.8,-29757.2,5103.9,16.81,1.337
R11597,shrub,58245.3,-30180.2,4042.2,-245.04,0.9
R11598,shrub,64810.8,-29690.5,4818.5,-50.84,1.047
R11599,shrub,-67758.4,-29127.8,5420.8,-224.46,1.269
R11600,shrub,-62437.2,-28870.3,4746,-124.52,1.052
R11601,shrub,-55668,-28652.1,4023.4,-46.64,0.889
R11602,shrub,-20826.6,-28894,5146.1,-45.67,0.989
R11603,shrub,-10770.6,-28675.8,9616.4,-93.23,0.771
R11604,shrub,13989.4,-29101.1,6428,-84.61,1.287
R11605,shrub,14882.7,-28723.1,6189.9,23.89,1.209
R11606,shrub,17713.4,-29224.8,5364.1,-183.44,1.12
R11607,shrub,19292.4,-29184.7,5812.3,-154.36,1.105
R11608,shrub,20494.9,-28900.3,4865,-125.26,1.318
R11609,shrub,21361.9,-28974.9,4029,-75.32,0.987
R11610,shrub,26261,-28439.7,3407.2,-185.34,1.254
R11611,shrub,-55806.8,-27555,3721.3,20.07,1.304
R11612,shrub,-49211,-27565.6,5031.5,-132.44,0.882
R11613,shrub,-21408.1,-27183.8,4846.5,-248.8,0.807
R11614,shrub,-18942.7,-27911.1,5212.7,55.7,0.724
R11615,shrub,17986.2,-28125,5395.2,-203.69,1.357
R11616,shrub,34173.2,-27836.3,4745.3,-76.84,0.896
R11617,shrub,49548.6,-27223.6,4357,-25.59,0.762
R11618,shrub,52268.7,-27467.6,4580.1,-13.44,0.848
R11619,shrub,-62447.6,-26813.2,5023.3,-191.8,0.783
R11620,shrub,-60649,-26255.6,4831.4,-6.91,1.106
R11621,shrub,-58744.2,-26945.6,4127.6,-216.11,1.188
R11622,shrub,-37158.7,-26172.1,8024.4,-139.09,1.297
R11623,shrub,-32309.9,-26715.8,7291.3,-22.82,1.311
R11624,shrub,-7583.6,-26422.2,10955.4,-201.4,0.95
R11625,shrub,10036.4,-26774.6,8593.2,-85.95,1.283
R11626,shrub,21360.4,-26353.6,3752.4,-183,1.004
R11627,shrub,30205.8,-26287,4075.6,-245.81,1.069
R11628,shrub,38329.7,-26600.7,4782.6,7.3,0.957
R11629,shrub,57003.2,-26638.9,3244.1,-84.92,0.874
R11630,shrub,66897.6,-26843.2,4488.2,-228.2,0.722
R11631,shrub,69359.3,-26859.5,4538.9,-77.56,0.82
R11632,shrub,-57827,-25914.2,3857.9,-155.29,1.022
R11633,shrub,-29615.1,-25901.4,6445.4,18.55,0.916
R11634,shrub,11174.1,-25353.6,7663.9,-123.58,1.245
R11635,shrub,26363.9,-25875.1,3213.3,53.16,1.024
R11636,shrub,27861.8,-25798,3450.2,33.76,0.981
R11637,shrub,29071.9,-25530.9,3841.7,-55.49,1.112
R11638,shrub,30588.8,-24935.1,3769.9,15.58,0.78
R11639,shrub,33746.1,-25541.9,4547.9,-147.2,0.915
R11640,shrub,50898.5,-25390.1,4337.2,-202.92,1.388
R11641,shrub,64143.3,-25025.5,3759,-234.12,0.957
R11642,shrub,66632.8,-25274.5,4523.8,-89.83,1.311
R11643,shrub,-64192.8,-23882.7,5196.5,-86.19,1.177
R11644,shrub,-41929.7,-24748,6778.6,-170.88,0.864
R11645,shrub,-27101.1,-24736.8,4769.9,-139.79,1.366
R11646,shrub,-19428.8,-24059.3,5469.5,-237.52,1.185
R11647,shrub,9675.8,-23868,7889,7.34,0.913
R11648,shrub,17853.7,-23830.8,5172,-74.96,0.744
R11649,shrub,18582.8,-24326.9,5366.2,-174.75,0.79
R11650,shrub,27820.9,-24105.5,3234.6,47.07,1.042
R11651,shrub,58730.8,-24000.6,2555.1,-134.68,1.293
R11652,shrub,-68397.6,-23377,5152.8,45.59,1.148
R11653,shrub,-63623.2,-23391.5,5120.2,-79.2,1.104
R11654,shrub,-47030.4,-23643.4,4752.2,-174.25,1.138
R11655,shrub,-43366,-22877.2,5703.6,30,1.047
R11656,shrub,-38090.8,-23427,5886.6,82.99,0.979
R11657,shrub,-31901.9,-22843.8,6207.8,-184.28,1.207
R11658,shrub,16687.5,-23778.3,5682.9,-81.34,1.28
R11659,shrub,25662.4,-23019.4,2891.4,-98.49,1.054
R11660,shrub,31007.3,-22869.5,3406.9,-11.99,1.085
R11661,shrub,33770.5,-22973.3,3349.1,-202.66,1.037
R11662,shrub,-38975.7,-21990.1,4811.5,-3.14,0.737
R11663,shrub,-35830.8,-22581.9,5913.3,-132.67,0.892
R11664,shrub,13451.5,-21718,7728.9,75.98,1.145
R11665,shrub,13787.7,-22273.2,7194.4,-123.16,1.011
R11666,shrub,19473.3,-22596.4,4649.5,-213.93,0.804
R11667,shrub,20681.4,-21813.4,3875.3,89.93,1.305
R11668,shrub,42997.3,-21807.1,3802.4,-250.67,1.17
R11669,shrub,49166.5,-21932,3009.7,9.74,1.298
R11670,shrub,62579.3,-21807.1,3553.2,-79.21,1.264
R11671,shrub,63873.5,-22360.2,4133.9,-28.56,1.104
R11672,shrub,-67961.6,-21572.5,4967.8,-92.67,0.767
R11673,shrub,-66803.1,-20663.2,4859.6,80.57,1.317
R11674,shrub,-40265.4,-20717.1,5094.3,-139.01,1.236
R11675,shrub,-25390.4,-21568.3,4150.1,-188.04,1.384
R11676,shrub,9877.6,-21338.1,8780.9,-135.6,0.791
R11677,shrub,15985.8,-20978.1,5589.3,89.54,0.953
R11678,shrub,20149.3,-20693.9,3896.2,-23.89,1.109
R11679,shrub,23418.4,-20502.4,2886.7,-167.81,0.994
R11680,shrub,25720.8,-20929.3,2882.5,-135.56,1.206
R11681,shrub,29937.7,-21520.1,3243.3,64.79,0.737
R11682,shrub,32449.5,-20850.7,3035,-14.41,1.025
R11683,shrub,44832.9,-21343.4,3152.6,-13.99,1.339
R11684,shrub,46796.7,-20571.4,2737,60.22,0.731
R11685,shrub,54604.5,-21476.9,2228.4,52.28,0.746
R11686,shrub,57885.2,-21390.3,2287.4,-2.09,0.963
R11687,shrub,-22951.6,-19539.9,3396,-40.73,1.39
R11688,shrub,-11824.3,-19462.1,6400.7,-95.7,1.389
R11689,shrub,8623.8,-20195.9,8803.6,-157.86,1.258
R11690,shrub,14211.6,-19541.2,5057.8,-177.65,0.888
R11691,shrub,17985,-19636.1,4387.5,-130.79,0.939
R11692,shrub,20618.5,-20058.6,3795.5,-37.17,1.016
R11693,shrub,21590.4,-19819,3753.2,66.6,1.004
R11694,shrub,26006.5,-20307.4,2980,-208.95,1.101
R11695,shrub,27597.1,-19981,2941.1,-267.26,0.926
R11696,shrub,28469.5,-20316.9,2982.7,15.94,1.387
R11697,shrub,66321.5,-20026,5037,-122.26,0.72
R11698,shrub,67214.2,-19525.1,5073.6,-61.25,0.868
R11699,shrub,-65310.4,-19265.6,4417.1,-141.12,0.826
R11700,shrub,-51303.5,-19301.2,3577.8,-220.4,0.838
R11701,shrub,-40474.8,-18478.2,4336.1,-34.34,0.916
R11702,shrub,-38264,-19108.6,3956.8,1.2,1.219
R11703,shrub,-33710.2,-19397.7,4101.5,-174.4,0.779
R11704,shrub,-3764.2,-19193.1,8214.3,-105.97,0.992
R11705,shrub,10783.4,-19135.7,6769.1,-158.36,0.822
R11706,shrub,22912.6,-18356.1,3066.5,74.41,1.157
R11707,shrub,30401.2,-19200.4,2924,-25.02,0.812
R11708,shrub,55169.4,-18951.4,2078.2,-160.36,0.809
R11709,shrub,-65936.6,-18025.7,4374.6,-259.25,1.205
R11710,shrub,-41532.4,-17306.6,4183.1,-93.5,1.141
R11711,shrub,9264.9,-17554.3,6515.6,-11.76,0.884
R11712,shrub,18723.4,-18038.1,3776.3,-125.24,1.176
R11713,shrub,26749.8,-17506.3,2912.1,-12.2,0.897
R11714,shrub,29350.4,-17370.9,2651.2,-139.38,0.907
R11715,shrub,31902.8,-18199.5,2961.7,-50.71,1.275
R11716,shrub,33895.2,-17954.2,2821.6,-167.28,1.068
R11717,shrub,44640.5,-17590.2,2488.3,89.14,0.746
R11718,shrub,47698.8,-17386.6,2346,-131.9,1.246
R11719,shrub,57823.6,-17969.4,2331.7,-170.38,1.123
R11720,shrub,62713.5,-17444.4,3946.3,-130.47,1.394
R11721,shrub,-69514.3,-16565.4,4754.5,61.09,1.115
R11722,shrub,-60235.9,-17190.2,3363.6,36.26,1.268
R11723,shrub,-22669.7,-16206.9,3383.2,-88.75,0.976
R11724,shrub,7157.3,-16763.8,7024.4,43.28,0.842
R11725,shrub,10426.4,-17015.1,5905.9,-102.4,1.376
R11726,shrub,11424.1,-16530.6,4975.9,-212.07,1.047
R11727,shrub,12668.7,-16940.7,5114,-0.49,0.716
R11728,shrub,17120.5,-16832.9,4075.9,-258.61,0.964
R11729,shrub,21782.8,-17030.2,3115.7,48.26,1.015
R11730,shrub,26578.4,-16861.5,2890.5,-214.41,0.972
R11731,shrub,29777.6,-16699.2,2604.7,-204.28,1.335
R11732,shrub,30245.2,-16295,2593.4,89.16,1.124
R11733,shrub,51445,-16830.9,1947,-253.87,1.386
R11734,shrub,-56392.7,-15539.8,2843.6,-123.91,1.329
R11735,shrub,-18735.1,-15472.3,3942.3,-173.44,1.012
R11736,shrub,-15422.5,-15823.4,4331.5,-177.43,0.891
R11737,shrub,-13795.1,-15695.3,4872.7,-162.51,1.189
R11738,shrub,14255.3,-15169,4870,-198.87,0.877
R11739,shrub,17208.4,-15979.5,3772.6,-218.75,1.107
R11740,shrub,26041.1,-15516.4,2825.4,-236.08,1.064
R11741,shrub,30849.7,-15952.8,2516.4,-153.92,1.303
R11742,shrub,35590.5,-15575.6,2447,-125.25,1.055
R11743,shrub,43824.8,-15934.4,2466.1,49.08,0.902
R11744,shrub,48682.2,-16006.6,2290.2,88.77,0.768
R11745,shrub,62621.1,-15814.9,3618.9,-233.49,0.765
R11746,shrub,-62777.3,-14558.1,3276.8,-242.57,1.378
R11747,shrub,-52761.2,-14084.4,2740,-151,1.2
R11748,shrub,-26572.1,-14037.3,2493.7,-104.25,0.782
R11749,shrub,-14774.4,-14521.9,4524.9,-167,1.235
R11750,shrub,-3722.6,-14580.6,6582.2,-185.26,0.867
R11751,shrub,9541.3,-14931.3,4807.4,1.13,1.071
R11752,shrub,20165.4,-13969.2,3313.9,80.83,1.239
R11753,shrub,26322.3,-14631.4,2780.5,-233.94,1.201
R11754,shrub,29087.8,-14813.9,2487,-28.06,1.222
R11755,shrub,30135.8,-14689,2428.1,-49.62,0.942
R11756,shrub,42447.7,-14603.7,2390.4,39.8,0.799
R11757,shrub,47695,-14548.2,2228.9,5.05,1.112
R11758,shrub,-52648.3,-13841,2721.4,-65.82,1.267
R11759,shrub,-47727.6,-13788.9,2664.3,-160.12,1.227
R11760,shrub,-31336.3,-13844.3,2358.6,-112,1.159
R11761,shrub,-30089.9,-13245.2,2254.9,-254.7,1.139
R11762,shrub,-17057.4,-13156.8,3611.6,-91.81,0.886
R11763,shrub,5011.7,-13167.1,6260.7,-60.39,1.219
R11764,shrub,10695.4,-13395.5,4166,-140.39,1.338
R11765,shrub,26178.9,-13167.5,2565.5,-88.58,1.278
R11766,shrub,29443.4,-13012.9,2397.3,-137.29,0.756
R11767,shrub,36457.2,-13790.2,2112.9,-233.14,1.152
R11768,shrub,46942.2,-13041.8,2294.8,-115.13,0.837
R11769,shrub,60424.3,-13296.8,3045.1,-215.05,1.22
R11770,shrub,69563.4,-13660.3,4426.2,-251.73,1.332
R11771,shrub,-63496.9,-11818.5,3711.6,50.33,0.992
R11772,shrub,-55861.3,-12790.1,2476,77,1.224
R11773,shrub,-18754.4,-12330.8,3129.8,-267.9,1.366
R11774,shrub,-12004.5,-12154.5,4054.5,16.83,1.267
R11775,shrub,8166,-12148.7,4652.4,-214.72,0.828
R11776,shrub,9696.8,-12278.9,4261.4,-210.14,1.293
R11777,shrub,17997.8,-12298.6,3490.5,-122.39,1.289
R11778,shrub,18291.3,-11728.9,3307.8,-42.54,0.73
R11779,shrub,23838.7,-12434.4,2558.7,-146.33,1.18
R11780,shrub,32576.2,-11991,2249.4,44.6,0.781
R11781,shrub,50829.1,-12724.5,2110.6,-60.47,0.932
R11782,shrub,68135.8,-11790,4741,-127.5,1.247
R11783,shrub,-58123.1,-11495.9,3559.5,-33.81,1.363
R11784,shrub,-55536.6,-11543.3,2539.9,-256.61,1.003
R11785,shrub,-51324.3,-10767.7,2269.2,-243.47,0.818
R11786,shrub,-47681.7,-10736.4,2405.8,-245.7,1.231
R11787,shrub,-37776.4,-11345.2,2372.6,-71.77,1.121
R11788,shrub,-26834.4,-11558.9,2249.5,-235.86,0.98
R11789,shrub,-17966.9,-10881.9,3046,-182.26,1.099
R11790,shrub,13685.1,-10682.6,3555.6,-221.45,1.168
R11791,shrub,19248.3,-10735.9,3076.6,-198,0.905
R11792,shrub,26422.4,-11418.4,2424.9,-258.17,1.098
R11793,shrub,39760.4,-11402.4,1989.5,6.69,0.998
R11794,shrub,61596.6,-11290.5,3592.1,-66.74,0.987
R11795,shrub,63006.3,-11012.9,3747,-23.2,1.304
R11796,shrub,-56499.9,-10564.9,2920.7,-240.56,1.239
R11797,shrub,-53414.1,-10398.7,2189.7,34.51,1.334
R11798,shrub,-36097.1,-9569.8,2172.8,-94.74,0.95
R11799,shrub,-34939,-10391.2,2357.1,-155.31,0.77
R11800,shrub,-26382.2,-9826,2230.6,-109.3,1.377
R11801,shrub,-14105.1,-10490.6,3234.6,-24.39,1.394
R11802,shrub,7019.2,-9643,3781.5,-202.75,1.372
R11803,shrub,19619.7,-9996.8,3048.1,-9.23,1.263
R11804,shrub,20429,-10117.9,2920.3,-246.34,1.073
R11805,shrub,29965.5,-10562.2,2260.4,-193.87,0.918
R11806,shrub,43080.2,-10442.6,2128.9,-161.38,0.995
R11807,shrub,51592.9,-10262.7,2145.3,-90.84,1.053
R11808,shrub,57767.5,-9567.7,2573.3,-76.19,0.981
R11809,shrub,61433.7,-9867.6,3326.3,13.07,0.921
R11810,shrub,-65000,-8640.3,4521.3,63.79,1.341
R11811,shrub,-40261.8,-8804.9,2178.3,-109.03,1.294
R11812,shrub,-35403.1,-9443,2161.2,-35.06,1.111
R11813,shrub,-27772.5,-8469.6,1958.7,-12.71,0.915
R11814,shrub,-24952.3,-8568.3,2084,-100.48,0.944
R11815,shrub,-23032,-8737.7,2336.4,-193.27,0.749
R11816,shrub,-11857.8,-8997.7,3752.3,-44.8,0.858
R11817,shrub,4832.7,-8465,3531.7,-121.86,0.713
R11818,shrub,16965.9,-8534.4,2891.5,-244.59,1.368
R11819,shrub,22560.1,-8745.1,2506,-244.47,0.999
R11820,shrub,-37904.2,-7316.8,1965.4,-14.35,0.823
R11821,shrub,-22251,-7624.4,2333,-234.19,0.823
R11822,shrub,15261.2,-7536.6,2814.8,-57.91,1.179
R11823,shrub,19059.4,-7880.3,2619.2,68.54,1.037
R11824,shrub,43347.5,-8364.5,2094.1,-196.77,0.825
R11825,shrub,-59212.6,-6791,4376.6,28.24,1.131
R11826,shrub,-54594.1,-7247.6,2576.5,67.3,0.767
R11827,shrub,-38890.7,-7047.4,1985.2,-246.42,0.888
R11828,shrub,-29187.3,-7113.6,1969,-269.33,1.227
R11829,shrub,-27840.5,-7152.3,2019.6,17.07,1.052
R11830,shrub,-22377.7,-6645.3,2271.6,8.61,1.25
R11831,shrub,-10887.1,-6364.7,3335.2,84.72,1.009
R11832,shrub,-3154.4,-6583.2,3541.7,-7.93,1.198
R11833,shrub,3975.3,-6484,3026,-116.97,1.334
R11834,shrub,12836.1,-7023.5,3192.9,-4.39,1.196
R11835,shrub,18958.8,-6979.7,2537.8,74.03,0.751
R11836,shrub,24645.3,-7097.9,1971,-68.51,1.326
R11837,shrub,46555.7,-6614.6,2095.7,-154.81,1.209
R11838,shrub,56616.1,-6730.3,2098.5,-195.97,0.831
R11839,shrub,-49870.3,-6044.3,1962.9,-184.56,0.841
R11840,shrub,-28716.4,-5855.9,1881.6,-24.92,0.877
R11841,shrub,-25613.8,-5626.7,1880.8,-186.3,0.831
R11842,shrub,-21769.7,-5862.3,2327,-33.03,0.956
R11843,shrub,-13464.3,-6133.1,2710.1,8.51,1.083
R11844,shrub,22119.5,-5774.3,2254.1,-227.05,1.083
R11845,shrub,28575.3,-5768.2,2049.7,-258.55,0.906
R11846,shrub,31393.7,-5715,2215.1,-6.53,1.133
R11847,shrub,57308,-5657.1,2189.4,-147.22,0.753
R11848,shrub,61102.2,-5487.4,3030,78.68,1.361
R11849,shrub,65412.4,-5187.2,4803.7,-80.48,0.824
R11850,shrub,-63748.9,-4692.6,4322,-89.84,1.258
R11851,shrub,-25415.3,-4685,1901.2,-11.95,1.249
R11852,shrub,-22909.8,-4523.3,2045.2,-108.4,1.233
R11853,shrub,-13288.6,-4173.2,2793,-70.28,0.769
R11854,shrub,-9237.1,-4254.8,3321.6,-217.03,0.785
R11855,shrub,-6636.6,-4709.3,3215.8,-109.26,0.726
R11856,shrub,6465.4,-4805.7,3034.1,-206.13,0.828
R11857,shrub,22042.7,-4587.9,2158,-215.99,0.711
R11858,shrub,31295.8,-4811.6,2204.2,25.12,1.176
R11859,shrub,60731.2,-5030.6,3023,88.97,1.025
R11860,shrub,-66797.9,-3792.7,5085.1,-39.06,1.396
R11861,shrub,-63099.7,-3394.4,4308.2,-267.38,1.326
R11862,shrub,-30768.7,-3072.1,1730.5,-169.07,0.786
R11863,shrub,13372.6,-3697.3,2379.8,-176.26,1.069
R11864,shrub,20687.7,-3463,2257.1,-45.36,1.22
R11865,shrub,58472.2,-3357.8,2470.4,19.58,1.13
R11866,shrub,-20049,-2026.7,2350.8,-124.53,0.758
R11867,shrub,-13470.8,-2466.7,2859.2,-7.64,1.231
R11868,shrub,-9016.7,-2226.1,2921.8,10.37,0.847
R11869,shrub,-1548.7,-1935.8,3265.7,-249.51,0.759
R11870,shrub,20224.4,-2817.8,2250.3,-236.77,1.01
R11871,shrub,28736.8,-2023.2,2131.7,50.41,1.044
R11872,shrub,33351.3,-2096.1,2175.5,77.47,1.273
R11873,shrub,60837.3,-1800.4,3730.3,-99.03,0.726
R11874,shrub,61500.1,-2066.4,3878.1,5.06,0.815
R11875,shrub,-52441.3,-1158.1,2712.3,-170.57,1.24
R11876,shrub,-23827.4,-803.9,2060.6,-160.09,1.068
R11877,shrub,-10017,-1142.6,2872.4,17.21,0.881
R11878,shrub,20393.6,-1073.3,2243.7,-68.02,0.896
R11879,shrub,27512.7,-1277.2,1968.4,-135.02,1.376
R11880,shrub,60410.7,-876.4,3743.9,-93.62,0.715
R11881,shrub,-60822.6,-108.5,4545.3,-211.49,1.046
R11882,shrub,-43280.4,1127.4,1938.4,15.24,0.831
R11883,shrub,-18533.5,1329.7,2164.6,-69.91,0.742
R11884,shrub,-1653.5,801.7,3051.9,-199.96,0.862
R11885,shrub,13335.7,654.8,2135.9,62.4,0.744
R11886,shrub,-67879.8,1619.9,5243.2,-190.56,1.169
R11887,shrub,-66735.3,1963.9,5021.1,-31.03,1.211
R11888,shrub,-65551.9,1614.3,4618.4,-4.58,1.392
R11889,shrub,-63829.1,1679.7,4452,-262.09,1.225
R11890,shrub,-35433.8,1598.4,1944.6,74.91,1.19
R11891,shrub,68181.3,2134.4,4894.8,-156.23,1.39
R11892,shrub,-28290.1,2710.8,1840.5,-60.09,1.155
R11893,shrub,-21696.7,2772.7,1970.2,-119.05,1.232
R11894,shrub,-20334.6,3177,2004.1,-148.64,1.091
R11895,shrub,-9185.4,2950.8,3205.1,85.04,1.319
R11896,shrub,5250.2,3055.5,2615,-209.03,0.715
R11897,shrub,28279.3,3269.2,1895.6,-32.39,0.83
R11898,shrub,56750.3,2863.1,2113.7,-138.72,1.096
R11899,shrub,58880.9,3469.1,2680.6,-27.78,1.306
R11900,shrub,-62718.6,4397.7,4277.5,-39.32,1.371
R11901,shrub,-54003.9,3846.5,3073.5,28.05,0.879
R11902,shrub,-52503,3791.3,2551.7,-180.81,1.244
R11903,shrub,-13804.9,4796.7,2765.3,-80.98,1.119
R11904,shrub,-57854.2,5607.2,4015.3,42.1,1.359
R11905,shrub,-14873.2,5159.1,2634.5,-243.04,0.766
R11906,shrub,-4602.5,4957,3523.5,-200.13,1.251
R11907,shrub,60846.3,5094.9,3645.6,33.31,0.847
R11908,shrub,64749.4,5005.4,4502.7,45.89,0.936
R11909,shrub,-34779.1,5902.6,1969,-180.72,0.957
R11910,shrub,-2407.1,6674.6,3725.8,16.31,0.883
R11911,shrub,4981.3,5969.4,3466,-230.37,0.967
R11912,shrub,17454.7,6830.6,2332.2,-164.95,0.85
R11913,shrub,22193.3,6466.7,2151.6,42.96,1.092
R11914,shrub,30240.4,5935.6,2108.7,1.33,0.877
R11915,shrub,62029.2,6109,3891.4,-114.94,0.8
R11916,shrub,-47734.4,7893.3,1962.3,-106.4,1.357
R11917,shrub,-46756.4,7018.1,1924.8,-257.37,1.091
R11918,shrub,-37827.2,7475.7,1889.3,-14.34,0.777
R11919,shrub,-21916.2,7031.9,2289,-67.37,1.125
R11920,shrub,-18066.5,7652,2863.6,-250.06,0.86
R11921,shrub,-3809.9,7729.8,3688.8,-12.03,0.914
R11922,shrub,4379.5,7523.7,4111.1,-189.75,1.174
R11923,shrub,57245.8,7173.5,2114.7,-167.25,0.955
R11924,shrub,63995,7636.5,3982.9,-9.88,1.06
R11925,shrub,-60444.8,8381.7,4140.6,-263.47,0.913
R11926,shrub,-41396,8279.9,1897.8,-119.24,1.369
R11927,shrub,-37900.8,8585.2,1876.1,-85.53,1.122
R11928,shrub,-22038.5,8268,2396.8,-267.32,0.974
R11929,shrub,-18626.7,9010.7,2937.9,45,0.919
R11930,shrub,-14067.8,9046.3,3455.4,56.55,0.954
R11931,shrub,-11240.6,8411,3389.3,-67.92,1.06
R11932,shrub,-6764.1,8621.8,3888,-131.02,0.984
R11933,shrub,13331.1,8561.8,3098.9,-38.22,0.717
R11934,shrub,55455.4,8603.7,2086.8,-215.31,1.084
R11935,shrub,-69504.2,10140.7,4730.5,68.98,1.218
R11936,shrub,-66820.8,9555,4805.6,-26.84,1.29
R11937,shrub,-61660.3,9388.2,4514.3,-60.61,0.959
R11938,shrub,-37452.6,10060.4,1984.2,-236.11,1.179
R11939,shrub,-22157.1,9543.6,2473.6,-264.42,0.722
R11940,shrub,-20193.3,9329.8,2852,9.4,1.372
R11941,shrub,-15264.1,10131,3468.1,-131.32,1.022
R11942,shrub,13119.5,10103,3126.4,-261.43,0.983
R11943,shrub,18309.5,9852.6,2917.3,-30.32,1.197
R11944,shrub,28440.4,10001.6,2301.1,38.66,1.356
R11945,shrub,39078.7,10256.2,2336,-185.39,1.002
R11946,shrub,47680,9329.4,2078.1,-242.64,1.229
R11947,shrub,53938.4,9259.6,1963.7,-160.08,1.152
R11948,shrub,-65948.3,11022.8,4621.4,-242.91,0.917
R11949,shrub,-63382.6,10444.3,4553.9,-20.46,1.212
R11950,shrub,-30564.9,10974.8,2124.4,24.47,0.708
R11951,shrub,-25668.7,11288.7,2166.2,-65.89,0.999
R11952,shrub,-23467.6,11323.3,2450.7,-5.17,1.371
R11953,shrub,-18582.6,10759.5,3172,41.97,0.769
R11954,shrub,-16375.4,10430,3546.4,25.97,1.153
R11955,shrub,-9564.9,11160.6,4797.5,-112.11,1.387
R11956,shrub,866.8,10640.7,4778.9,-77.8,1.257
R11957,shrub,9247.6,10444.5,4070.9,-137.68,1.313
R11958,shrub,21597.7,11073.6,2598.1,-30.57,0.99
R11959,shrub,29311.6,10752.1,2395.1,5.93,0.711
R11960,shrub,31696.7,10329.7,2296.7,-254.39,0.864
R11961,shrub,57081.6,10710.2,2294.9,-140.01,0.881
R11962,shrub,-67174.7,11440.1,4746.5,-197.18,1.348
R11963,shrub,-51093.2,12000.3,2625.2,-43.18,1.221
R11964,shrub,-42788.2,11627.5,2445.4,18.12,0.934
R11965,shrub,-40178.8,11521.7,2167,-22.94,1.321
R11966,shrub,-36565.9,12414.2,2254,-55.09,1.233
R11967,shrub,-21465.9,11731.7,2858.9,-246.37,1.099
R11968,shrub,-19450.3,11646.8,3170.6,-214.56,1.12
R11969,shrub,3659.5,12154,5341.6,-8.16,0.834
R11970,shrub,62610.2,12348.1,3480.2,-195.01,0.929
R11971,shrub,68746,11687.9,4553.7,43.19,1.094
R11972,shrub,-68420.6,12752.9,4776.9,-244.61,0.754
R11973,shrub,-65843,12832.7,4536.2,-61.4,1.046
R11974,shrub,-49432.6,13317.4,2428.1,-160.29,1.318
R11975,shrub,-42760.2,13111.5,2554.4,-157.97,0.997
R11976,shrub,-20285,13129.9,3461.6,-174.52,0.929
R11977,shrub,-8522.6,13340.6,5631.3,68.74,0.986
R11978,shrub,1774.3,12690.5,5351.7,-145.02,1.202
R11979,shrub,11227.5,12502.5,4330.2,7.1,1.277
R11980,shrub,34893,12957.7,2662.7,-233.2,1.053
R11981,shrub,39610.6,13356.5,2665.9,26.53,0.817
R11982,shrub,51677.1,13397,2124.4,65.76,1.338
R11983,shrub,53602.5,12843.2,1982.7,-191.16,0.753
R11984,shrub,59040.4,13154.4,3068.1,26.36,1.087
R11985,shrub,61312.4,13306.2,3343.6,-166.61,0.709
R11986,shrub,-66208.5,13972.6,4524.4,-130.58,0.997
R11987,shrub,-64685.7,14325.8,4405.6,10.66,0.88
R11988,shrub,-46243.5,14068.5,2533.1,-57.09,0.984
R11989,shrub,-42050.8,13624.5,2703.4,26.95,1.338
R11990,shrub,-41262.8,14271.7,2818.9,-232.24,0.962
R11991,shrub,-33261.7,13957.3,2462.3,9.85,1.175
R11992,shrub,-30500.5,14024.4,2161.9,-162.79,1.239
R11993,shrub,-29337.1,13867.9,2124.3,-134.18,0.936
R11994,shrub,-28793,13768.6,2137.6,-1.13,1.04
R11995,shrub,-23829.1,14425.4,2689.6,-125.23,0.991
R11996,shrub,-21075.3,13998.4,3541.3,-211.38,0.955
R11997,shrub,-15128.5,13807.8,4105.7,-238.37,1.207
R11998,shrub,-13204.1,14621.4,4713.8,-125.93,1.151
R11999,shrub,867.9,13787.8,6264.1,-219.46,0.893
R12000,shrub,11211.2,14163.8,5731.5,-108.59,0.845
R12001,shrub,20601.2,13882.2,2957.7,75.24,1.302
R12002,shrub,34118.6,13679.2,2981.7,54.83,0.96
R12003,shrub,41508.7,14694.8,2782,-141.03,0.992
R12004,shrub,44363.7,14455.4,3104.1,-195.77,0.89
R12005,shrub,44539.7,14070.8,2943.6,-191.13,1.229
R12006,shrub,48998.2,13942.9,2227.7,-227.35,0.744
R12007,shrub,53331.7,14532.1,2359.8,-223.25,0.963
R12008,shrub,57233.6,14458.4,2678,-124.87,1.346
R12009,shrub,58094.1,14026.6,2889.8,-147.16,0.923
R12010,shrub,60411.6,13667.2,3172.7,-51.69,1.321
R12011,shrub,-50183.8,14890.8,2709.3,-125.96,0.9
R12012,shrub,-43601.1,14851.6,2806.1,75.7,1.331
R12013,shrub,-32736.6,15790.3,2532.6,-126.27,1.264
R12014,shrub,-27907.2,14868.2,2267.1,-149.35,0.77
R12015,shrub,-22486.5,15464.2,3319.4,-96.47,0.845
R12016,shrub,-17562.2,14837.4,3848.9,-190.54,1.383
R12017,shrub,-10699,14877.8,5265.8,-200.22,0.848
R12018,shrub,-9886.5,15653.2,5544.9,-230.58,1.192
R12019,shrub,-8007.6,15343.9,6534.2,-247.04,1.075
R12020,shrub,10056.1,15744.6,5971.5,-249.07,1.085
R12021,shrub,18642.4,15302.7,3832.3,61.67,0.787
R12022,shrub,20743.9,14820.2,3379.3,-21.13,0.728
R12023,shrub,39048.9,15760.9,3365.7,-33.87,1.131
R12024,shrub,45238.1,15435.9,3268.9,-54.43,0.993
R12025,shrub,49671.9,14959.8,2442.4,-64.86,1.397
R12026,shrub,50080.6,15404.4,2614.3,-3.84,1.373
R12027,shrub,67953.7,15384.2,4178.6,-219.9,1.17
R12028,shrub,-27211.4,16300,2604.5,27.64,0.981
R12029,shrub,-23319.4,16767.6,3300.3,-9.44,1.191
R12030,shrub,-18733.3,16039.7,3451.6,-215.92,0.881
R12031,shrub,-15054.2,15996.2,4438.9,-217.16,1.179
R12032,shrub,10907.8,16193.5,5512.2,-97.5,1.091
R12033,shrub,14418.8,16193.4,4818,-117.45,1
R12034,shrub,49846.1,16374.3,2961.4,-248.86,0.883
R12035,shrub,56278.3,16420.4,2908.5,-235.35,1.188
R12036,shrub,56924.8,16208.7,3009.4,27.33,1.134
R12037,shrub,59765.8,16867.5,3882.1,-104.64,1.35
R12038,shrub,68668.4,16071.5,4458.6,-220.79,1.098
R12039,shrub,-50151,17691.1,3357.4,-7.87,1.036
R12040,shrub,-46983.5,17973,3318.7,87.28,0.914
R12041,shrub,-39558.5,17596.3,2903.9,-160.47,0.793
R12042,shrub,-27646,17019.8,2696.2,-118.05,1.179
R12043,shrub,-25754.4,17145.6,2964.7,-37.18,0.728
R12044,shrub,-24086.7,17689.2,3267.9,39.79,0.807
R12045,shrub,-15713.4,17359.5,4817.5,-41.36,1.026
R12046,shrub,-12389.2,17792.9,5422.5,-238.49,0.897
R12047,shrub,-4024.9,17060.1,8292.1,-263.69,0.996
R12048,shrub,15398.1,16955.6,4555.2,-182.07,0.824
R12049,shrub,32142.7,17205.4,3131.2,-7.66,0.951
R12050,shrub,48496.7,17002.9,3061.1,-94.93,0.754
R12051,shrub,50524.6,16980.1,3196.3,-40.27,1.124
R12052,shrub,54161,17096,2762.9,-169.96,1.348
R12053,shrub,54863.8,16951.3,2817.6,79.15,0.792
R12054,shrub,57308,17311,3256,51.03,1.022
R12055,shrub,58745.9,17992.4,3818.7,25.71,0.984
R12056,shrub,61029,17903.7,4454,-186.3,0.739
R12057,shrub,-52678.6,18461.5,3497.1,31.27,0.718
R12058,shrub,-28336.9,19093.1,2991.7,87.05,1.347
R12059,shrub,-16756.9,18084.3,4796.5,29.06,1.263
R12060,shrub,18097.8,18081.2,4065,-155.92,0.733
R12061,shrub,55030.4,19076,2852.1,-145.26,0.762
R12062,shrub,56734.4,18648.1,2889,22.98,0.914
R12063,shrub,59827.3,18269.1,4231.7,-35.45,1.334
R12064,shrub,62157.7,18955.9,4676.7,-217.19,0.709
R12065,shrub,-60995.5,19135.4,4102.2,-223.07,1.086
R12066,shrub,-55268,19292.3,3732.5,-208.92,1.013
R12067,shrub,-31768.2,20122,2897.4,71.42,1.274
R12068,shrub,-31315.2,19772.8,2818.6,-42.18,1.205
R12069,shrub,-26645.5,20142.5,3138.6,42.5,1.106
R12070,shrub,-23215.7,19474.9,3421.5,-134.99,0.881
R12071,shrub,-17860.3,19210.5,4635.7,-76.01,1.344
R12072,shrub,-16362,19700.9,4861.5,86.71,1.247
R12073,shrub,-15280.3,19866.5,4742.7,-27.07,1.235
R12074,shrub,-10222.4,19135.4,6353.7,-221.89,1.363
R12075,shrub,4192.6,19849.5,10288.2,21.35,0.991
R12076,shrub,14998.1,20061,6149.3,-109.33,0.994
R12077,shrub,30052.3,19469.3,3683,2.28,1.085
R12078,shrub,45418.2,20140.9,3632.4,-118.68,0.927
R12079,shrub,52081.8,19868,3069.7,75.96,1.291
R12080,shrub,53983.8,19211.5,2708.7,-231.91,0.832
R12081,shrub,58465.6,19470.7,3538.1,-259.93,0.899
R12082,shrub,61216.1,19374.5,4784.4,-257.96,1.311
R12083,shrub,66959.4,19697.6,4256.3,-21.69,1.008
R12084,shrub,-56019.7,20438.2,3512.3,-119.62,1.387
R12085,shrub,-41220.1,20906.2,4119,-110.62,1.247
R12086,shrub,-29897.6,20696.1,3069.3,-23.06,0.807
R12087,shrub,-27819.2,20908.4,3034.3,-15.85,1.362
R12088,shrub,-21571.5,20663.8,3607.5,46.79,1.181
R12089,shrub,-18511.4,20544.9,5083.1,3.11,1.174
R12090,shrub,-12108.4,20408.6,7608.6,87.38,1.045
R12091,shrub,28173.8,20900.5,3774.4,-64.44,1.261
R12092,shrub,31205.8,20445.9,4496.7,-103.04,1.192
R12093,shrub,33493.1,21256,4811.7,-13.13,0.938
R12094,shrub,36307,20380.4,5064.5,-42.87,1.247
R12095,shrub,48051.2,21107.4,3987.8,-153.56,0.959
R12096,shrub,49516.7,20292.6,3804.7,18.64,0.94
R12097,shrub,52093.3,20704.5,3211.3,-72.87,1.216
R12098,shrub,62990.2,20264.7,4754.8,-42.14,0.741
R12099,shrub,64540.8,21030.4,4844.8,-134.29,1.366
R12100,shrub,-45626.9,21485.5,4355.3,-239.99,1.193
R12101,shrub,-23995.3,21365.2,3657.6,-129.98,0.766
R12102,shrub,-16234.9,21441.1,6078.8,-83,1.378
R12103,shrub,62431.8,21942.3,5022.9,41.68,1.284
R12104,shrub,-51474.2,22461.7,3361.9,-266.93,1.093
R12105,shrub,-27586.7,22502.9,3083.7,-158.22,1.213
R12106,shrub,-20435.6,22806.2,3842.8,-95.71,1.281
R12107,shrub,-17508.7,22916.2,4869.9,38.55,1.211
R12108,shrub,-13578.4,22742,6527.6,42.71,1.045
R12109,shrub,-11792.8,23396.8,7429,-176.05,0.883
R12110,shrub,18159.9,22572.1,6059,-146.14,0.773
R12111,shrub,43494.6,23222.4,5518.9,28.17,1.265
R12112,shrub,44947,23034.6,5915.8,44.74,0.91
R12113,shrub,48708.8,23215.9,4071.8,-253.64,1.083
R12114,shrub,51587.6,23275.3,3731.3,-209.24,1.128
R12115,shrub,55285.4,22942.9,3248.1,-135.87,0.805
R12116,shrub,56305,23405.6,2995.6,4.43,1.173
R12117,shrub,58689.9,23363.7,3104.6,63.56,1.03
R12118,shrub,63914.8,22502.8,5068.2,66.05,1.264
R12119,shrub,68141.2,23175.7,5083.9,-148.29,1.22
R12120,shrub,68812.8,23180.4,5149.5,-231.07,1.201
R12121,shrub,-30891.9,23822.6,3509.9,-2.19,0.8
R12122,shrub,-28408.9,24030.2,3274.2,-222.04,0.874
R12123,shrub,-26350.9,23587.2,3298.1,-2.3,1.112
R12124,shrub,-24882.3,23699.1,3418,-46.84,0.913
R12125,shrub,-20929.3,23533,4134.7,-39.26,1.171
R12126,shrub,-19838.1,24371.1,4121.7,-267.08,1.184
R12127,shrub,-19005.2,24420.1,4382.9,-166.96,0.702
R12128,shrub,-16682.2,24131.2,5402.1,1.3,1.148
R12129,shrub,-8965.6,24554.9,8298.5,-21.66,1.186
R12130,shrub,-7774.2,24342.1,8918.2,-29.84,0.809
R12131,shrub,-4988.3,23631.9,12551.1,-73.57,1.393
R12132,shrub,20122.5,24522.2,5185.6,-50.07,1.102
R12133,shrub,28597.5,24207.1,5319.8,-239.6,1
R12134,shrub,36231.6,24386.4,7090.1,-25.43,0.871
R12135,shrub,47337.4,23709.6,4211,52.8,1.018
R12136,shrub,53401.3,24411.2,3589.1,71.92,0.978
R12137,shrub,54522.9,24462.7,3317.3,-82.76,1.022
R12138,shrub,57012.2,24566.6,3094.1,-10.63,1.027
R12139,shrub,58142.6,23831.8,2998.2,74.63,1.082
R12140,shrub,60818,24124.8,4110.4,-28.97,1.134
R12141,shrub,62513.1,24326.5,4316.6,59.89,0.817
R12142,shrub,64810.9,23572.5,4838.1,-170.04,1.336
R12143,shrub,69071.2,24009.2,5113.4,-98.77,1.181
R12144,shrub,-55845.4,25478,4274.8,-126.11,1.236
R12145,shrub,-27538.6,24795,3349.8,-56.55,0.818
R12146,shrub,-26773.1,24895.8,3357.3,-133.57,1.395
R12147,shrub,-25039.1,24886.5,3652,-116.13,1.216
R12148,shrub,-19695.1,24939.2,4484.3,-255.79,0.774
R12149,shrub,-19036.3,25193.5,4725.1,-155.23,0.734
R12150,shrub,-17444.6,25098.6,5918.7,-258.09,0.837
R12151,shrub,-15958.7,25298.2,6389.9,28.34,1.311
R12152,shrub,18361.6,25648.3,6139,-146.34,0.913
R12153,shrub,29102.4,25170,5434.9,46.4,0.803
R12154,shrub,43100.1,25221.4,7322.1,-243.74,0.895
R12155,shrub,44258.2,24902.7,6410.2,-119.86,0.912
R12156,shrub,53759.3,25229.3,3334.4,43.38,1.082
R12157,shrub,58153.3,25573.4,3205.2,-155.42,1.178
R12158,shrub,60140.3,24940.9,3628.5,-24.05,1.014
R12159,shrub,65008.2,25080,4713,-128.03,0.939
R12160,shrub,66140.8,24617.1,4939.9,66.11,1.176
R12161,shrub,-67822,26205.9,5085.1,-218.17,1.303
R12162,shrub,-63937.7,26477.6,4816.7,-253.7,1.278
R12163,shrub,-38499.3,26608.4,5531.7,-240.16,0.795
R12164,shrub,-26503,25833.8,3415,-152.72,1.072
R12165,shrub,-25384.2,26239.2,3501.2,-261.73,0.972
R12166,shrub,-15305.4,26095.4,7629,-47.64,1.049
R12167,shrub,14104.4,26625.3,7785.6,-203.23,1.02
R12168,shrub,47594.4,26178,5535.6,57.2,1.019
R12169,shrub,53191.7,25741,3244.3,27.72,0.726
R12170,shrub,53403.1,26454.9,3286.1,-182.35,0.891
R12171,shrub,54720.9,26147,3489.6,-3.07,1.284
R12172,shrub,59702.1,26290.7,3566.5,-262.25,1.385
R12173,shrub,60183.2,25938.8,3675.5,-155.75,0.739
R12174,shrub,65668.9,25998.6,4888.4,-256.78,0.99
R12175,shrub,66538.9,26722.6,4802.5,-230.15,0.864
R12176,shrub,-43331.6,27846.5,7098.8,-269.62,0.911
R12177,shrub,-30061.6,27718.3,3828.2,-182.37,1.025
R12178,shrub,-18423.9,27206.4,5138.6,-76.48,0.958
R12179,shrub,35149.5,26809.5,7156.8,-187.46,0.866
R12180,shrub,36986,26922.8,7025.1,-191.49,1.287
R12181,shrub,42739.7,27378.8,6755.2,-91.34,1.118
R12182,shrub,48019.1,27256.8,5570.7,-27.24,0.879
R12183,shrub,50334.3,27602.3,3938.5,48.48,1.236
R12184,shrub,51436.6,26830.1,3715,72.95,1.347
R12185,shrub,54948.7,26815.5,3814,88.57,1.034
R12186,shrub,57805.1,27065.8,3156.9,-163.72,1.245
R12187,shrub,60285.5,27541.6,3744.2,57.34,0.875
R12188,shrub,62380,27219.1,4366.9,-5.02,0.707
R12189,shrub,-64785.8,28155.2,5035.9,-195.25,0.871
R12190,shrub,-63408.6,28258.2,5022.7,-124.77,1.075
R12191,shrub,-50494.7,28649.8,6044.4,-73.39,1.364
R12192,shrub,-35526.3,28488.6,6484.8,-27.65,1.144
R12193,shrub,-26491.6,28547.4,3771.6,-73.61,1.035
R12194,shrub,-20776.5,28952.1,4695.1,-243.14,0.795
R12195,shrub,43222.2,28080.5,6525.7,-126.85,1.193
R12196,shrub,50780.2,28308.5,3900.1,71.03,1.066
R12197,shrub,53008,28884.7,4424.5,-244.79,0.764
R12198,shrub,59392.9,28750.2,3452.8,-260.87,0.906
R12199,shrub,62576.1,28771.5,4555.4,-190.48,0.951
R12200,shrub,66351.7,28685.5,5185.5,56.08,1.371
R12201,shrub,-67367.9,29064.6,5103.1,10.38,1.183
R12202,shrub,-31689.5,29506.8,4627.2,-110.41,1.068
R12203,shrub,-22401,29895.7,4320.6,-256.46,1.115
R12204,shrub,-20387.2,30068,4739.1,-113.64,0.853
R12205,shrub,39704,29396.2,9364.7,-164.73,0.979
R12206,shrub,40513,29291.9,8437.4,-205.95,1.024
R12207,shrub,48621.1,29955.8,5614.3,28.64,0.717
R12208,shrub,49585.6,29080.9,4814.4,-210.42,1.305
R12209,shrub,58011.7,29225.3,3069.8,-105.61,1.115
R12210,shrub,62237.5,29739.5,4492,-93.23,1.228
R12211,shrub,-58171.7,30953.7,4829.4,-233.38,1.132
R12212,shrub,-53169.4,30212.6,5275.2,-247.53,1.221
R12213,shrub,-45673.3,30161.4,6630.2,-182.5,0.767
R12214,shrub,-38722.9,30803,6731.7,-113.43,1.036
R12215,shrub,-36420.9,30950,7124.9,-150.65,0.969
R12216,shrub,-26243.6,30252.4,3834.1,72.77,0.903
R12217,shrub,-24657.7,30727.4,3651.6,30.31,0.745
R12218,shrub,-13714,30113.7,9225.5,-194.27,0.83
R12219,shrub,-1342.5,30924.1,15745.3,67.58,1.275
R12220,shrub,31838.3,30530.3,7924.5,-53.97,0.95
R12221,shrub,47409.7,30327,7430,35.79,1.042
R12222,shrub,49315.4,30331.3,5274.5,-145.09,1.362
R12223,shrub,58023.3,30696.5,3132.6,26.63,0.809
R12224,shrub,60799.5,30193.3,3731.3,-220.11,1
R12225,shrub,64674.7,30362.9,5307.2,88.54,0.871
R12226,shrub,69126.8,31017.3,5107,-187.22,0.962
R12227,shrub,-66010.7,31767.2,5147.7,-73.91,1.135
R12228,shrub,-57837.7,31444.6,4971.6,-225.66,1.276
R12229,shrub,-51141.5,32275.7,6662.2,20.55,1.026
R12230,shrub,-24436.1,31740.2,3606.3,-255.84,1.173
R12231,shrub,-22710.3,31643.6,3622.8,56.62,1.014
R12232,shrub,-22397.6,31347.6,4005.8,-246.35,0.785
R12233,shrub,-21260.1,31995.7,4357.3,-164.72,0.876
R12234,shrub,-5053.8,32121.9,10351.8,-255.52,1.201
R12235,shrub,12147,31714,9031.8,16.6,1.337
R12236,shrub,13946.5,32216.8,8835.6,-187.16,1.121
R12237,shrub,58527.4,31818.1,3378,-245.96,1.399
R12238,shrub,59025.2,32025.7,3382.9,-125.58,1.332
R12239,shrub,62497,31948.1,4552.6,33.04,0.877
R12240,shrub,-60066.6,32408.2,5100.5,83.38,0.757
R12241,shrub,-58200.3,32880.5,5188.4,-161.92,1.344
R12242,shrub,-46829.9,32606.3,7187.3,-61.28,1
R12243,shrub,-38314.6,33392.1,8750.2,-86.59,0.979
R12244,shrub,-34764.1,33385.6,6718.3,-170.13,0.967
R12245,shrub,-26383.5,32756.4,3828.3,52.7,1.263
R12246,shrub,-23695.1,33190.5,3457.1,28.71,0.843
R12247,shrub,-22305.6,32665.1,3762.6,69.48,1.084
R12248,shrub,-14568.6,32434.1,6833.7,-67.84,1.337
R12249,shrub,22385.9,32386.8,2356.3,-161.94,0.984
R12250,shrub,50979,33046.9,5377.7,-103.41,0.866
R12251,shrub,56562.2,32436.3,3619.7,-86.2,1.259
R12252,shrub,59187.6,32445.9,3458.5,-267.1,0.865
R12253,shrub,63293.7,33048,4847.5,-45.33,0.861
R12254,shrub,-54248.6,33971.2,5996.7,9.4,0.804
R12255,shrub,-29651,34081.4,4273.2,-178.06,1.107
R12256,shrub,-16821.5,33946.9,5614.1,16.56,1.263
R12257,shrub,-11320.2,33632.9,9911.1,-126.1,1.326
R12258,shrub,3683.1,34201.9,10773.9,72.37,1.222
R12259,shrub,40348.1,34114.5,9172,12.59,0.944
R12260,shrub,49467.8,33428.5,5271.6,-111.69,0.818
R12261,shrub,52325.8,33849.6,4974.1,-169.08,1.072
R12262,shrub,55901.3,33765.5,3838.5,53.88,0.953
R12263,shrub,58576.9,33577.5,3541.5,-173.03,1.162
R12264,shrub,58756.1,34006.2,3707.3,83.32,0.909
R12265,shrub,63636.1,33960,4755.8,6.87,0.745
R12266,shrub,-49412.5,35559.9,7810.9,-67.28,1.368
R12267,shrub,-35940.6,35266.5,7076,10.41,0.83
R12268,shrub,-18411.4,35533.5,5012.3,-237.18,1.119
R12269,shrub,-15992.9,35295.7,5511.1,-256.48,1.376
R12270,shrub,4395.8,34793.7,11193.9,-155.92,1.371
R12271,shrub,52332,35452.3,4329.7,34.8,0.962
R12272,shrub,53874.3,34800.3,4209.9,82.62,0.703
R12273,shrub,60829.8,34618.4,4349.3,-229.24,1.163
R12274,shrub,61353.4,35260.9,4315.8,-200.86,1.35
R12275,shrub,62219,34502.9,4346.3,-47.31,0.804
R12276,shrub,-69155.6,35731.8,5243.1,-127.7,0.881
R12277,shrub,-64098.6,36193.8,5088.8,-33.9,0.837
R12278,shrub,-50650.7,35632.8,6264.2,-30.21,1.134
R12279,shrub,-47197.5,36201.7,7802,-69.01,0.934
R12280,shrub,-38122.5,36065.7,8083.2,-215.68,1.216
R12281,shrub,-17993.9,36037.7,4780.4,-107.56,1.29
R12282,shrub,-14363.7,36332.1,5835.3,-40.69,1.255
R12283,shrub,11099.3,36238.6,9731.2,50.88,0.822
R12284,shrub,16159.1,35881.1,6433.2,-42.41,0.738
R12285,shrub,30800.5,36132.8,8173.1,-51.57,1.101
R12286,shrub,37071,35976.3,8489.2,-35.7,1.189
R12287,shrub,45835,36299.9,6687.6,-225.44,1.044
R12288,shrub,46826.2,36324.1,6338.4,82.68,1.104
R12289,shrub,51080.2,36150.3,4227.8,-27.93,1.271
R12290,shrub,53177,35611.5,3791.8,-260.94,1.253
R12291,shrub,55643,35711.2,3616,50.37,1.231
R12292,shrub,60818,35803.2,4176.9,-151.04,1.186
R12293,shrub,-20974.9,36733.4,3893.3,75.19,1.117
R12294,shrub,18948.9,37361.7,6134.2,-145.44,0.91
R12295,shrub,35390.2,36773.2,8299.6,-94.79,0.799
R12296,shrub,50469.4,37069.1,4663.7,-146.77,1.386
R12297,shrub,52951.9,36770.1,3779.2,-140.32,1.263
R12298,shrub,61562.6,37608.7,4040.9,-245.99,0.884
R12299,shrub,-61974,38671,4503.6,-46.49,0.887
R12300,shrub,-59787,37887.7,4960,-5.13,0.723
R12301,shrub,-55270.4,38153.2,4858.7,-198.17,1.389
R12302,shrub,-51699.2,37844.9,6365.6,-126.53,0.844
R12303,shrub,-51035.7,38771.9,5629.8,19.42,0.803
R12304,shrub,-30115.8,38732.4,3836.9,-118.37,1.377
R12305,shrub,-20291.9,38597.5,3822.4,-241.16,0.991
R12306,shrub,19049.5,38355,6169,-154.98,1.201
R12307,shrub,43593.8,38060.3,8670.3,-13.84,1.278
R12308,shrub,51396.8,38398.4,4945.5,-142.76,1.206
R12309,shrub,-58365.5,39085,4763.4,56.75,0.956
R12310,shrub,-55054.4,39226.5,5246.2,-58.31,0.938
R12311,shrub,3790.1,38939.8,9070,23.65,0.941
R12312,shrub,10862.1,39218.4,8863.3,60.48,1.282
R12313,shrub,29081.9,39808.6,6938.6,-147.4,1.199
R12314,shrub,57182.2,38966.3,3687.4,-56.71,0.861
R12315,shrub,59314.5,38945.5,3858.4,-179.52,1.092
R12316,shrub,-54807,40766.2,5353.2,-220.56,0.741
R12317,shrub,-51405.5,40638.8,5433.6,75.65,0.893
R12318,shrub,-34878.8,40596.9,6171.1,33.12,0.927
R12319,shrub,-30592.5,40580.6,4469.9,-41.32,1.271
R12320,shrub,-26225.4,40866.2,3642.7,-65.11,0.766
R12321,shrub,-20413.1,40099.4,3697.3,-142.21,0.922
R12322,shrub,-10672.8,40851.3,7573.5,-125.8,0.955
R12323,shrub,18771.1,40727.1,5789.8,-169.95,1.297
R12324,shrub,38861.2,40166.1,7355.8,12.39,1.131
R12325,shrub,49089.6,40344.6,4623,-202.28,0.814
R12326,shrub,52013.5,40326.8,3624,-209.49,1.369
R12327,shrub,-67630.6,42028.1,5319.6,-54.83,1.047
R12328,shrub,-59139.9,41890.4,4035,44.82,1.248
R12329,shrub,-48332,41420.8,5765.9,-91.37,0.756
R12330,shrub,-8994.3,41880.8,8548.2,71.09,0.795
R12331,shrub,-431.7,41983.3,11021.4,-73.33,0.758
R12332,shrub,18160.6,42087.4,5256,-84.9,1.14
R12333,shrub,41760.7,42090.6,5689,-34.63,0.844
R12334,shrub,50699.1,41160.5,3927.8,-211.25,1.371
R12335,shrub,62464.6,41231.3,4090.6,-181.23,1.148
R12336,shrub,65091.2,41894,4898,25.91,1.324
R12337,shrub,-66290.3,42916.7,4781.8,-216.33,1.077
R12338,shrub,-50958.5,42969.7,4549.7,-26.55,1.044
R12339,shrub,-43996.4,42614.1,7017.2,-187.15,1.16
R12340,shrub,-33168.7,42970.9,4532.5,-255.73,0.71
R12341,shrub,-29119.1,42293.4,3699.4,-215.87,0.868
R12342,shrub,-10792.4,42368.5,7550.2,-240.73,0.992
R12343,shrub,8791.1,42929.7,6607.7,-16.62,1.191
R12344,shrub,11011.7,42921.1,6591.4,-269.68,1.369
R12345,shrub,32267.7,42869.1,5526.5,54.62,0.866
R12346,shrub,44390,43147.4,4579.8,-200.52,1.21
R12347,shrub,45410.5,43203.1,4458.1,-184.07,1.049
R12348,shrub,49899.2,42931.7,4129.7,-114.38,0.868
R12349,shrub,49929.9,42576.9,4081.8,-124.46,1.04
R12350,shrub,-51377.7,43652.7,4435.6,-150.69,1.4
R12351,shrub,-33678.4,43514.8,4612.8,22.48,0.798
R12352,shrub,-21692,44224.6,3078.1,-242.85,0.924
R12353,shrub,-5133.5,43659.2,6883,-20.32,1.302
R12354,shrub,3042.8,43888.6,8696,-127.06,0.729
R12355,shrub,19989.8,44050.9,4397.7,8.64,0.756
R12356,shrub,34443.6,43674.2,5911.3,23.24,1.27
R12357,shrub,-25821.6,45408.6,2848.5,-11.21,1.297
R12358,shrub,-24686,45386.4,2813.3,-62.81,1.136
R12359,shrub,-7227.5,45283.9,7318.6,24.95,1.317
R12360,shrub,41144,44774.3,4560.9,-209.55,1.208
R12361,shrub,49106,44648.3,3479.7,-67.41,1.354
R12362,shrub,53206.4,44930.6,2814.7,69.52,1.178
R12363,shrub,58859.4,45182.6,2976,-242.02,1.388
R12364,shrub,61405.6,44655.6,3507.3,-218.01,0.769
R12365,shrub,65967.7,44406.3,5703.7,-263.53,1.18
R12366,shrub,-61293.2,45843,4416,-251.03,0.958
R12367,shrub,-51650.1,46553.2,4057.3,-165.42,1.297
R12368,shrub,-43786.6,46364.2,4652,-188.11,0.89
R12369,shrub,-32870.2,46016.8,3891.7,-60.01,1.266
R12370,shrub,-2271.7,45676,7396.7,-264.99,0.851
R12371,shrub,10351.2,45671,6203.7,39.88,0.959
R12372,shrub,50974.6,45773,2771,-111.98,1.167
R12373,shrub,51637.2,45902.7,2770.5,-16.39,1.243
R12374,shrub,56544.3,46296.3,2558.5,37.57,0.781
R12375,shrub,-28362.4,47272.1,2627.4,-5.76,0.83
R12376,shrub,-22208.8,47245.6,2638.6,-208.22,0.765
R12377,shrub,-14516.8,46746.5,4298.9,-90.65,0.911
R12378,shrub,10232.8,46882,5678.1,-89,1.329
R12379,shrub,37042.4,46833.7,4576.6,-107.04,0.858
R12380,shrub,-63378.1,48070.9,4433,79.11,0.757
R12381,shrub,-30628.9,48193.2,2790.1,-222.26,1.215
R12382,shrub,-19100.1,48071.8,2842.1,87.9,0.986
R12383,shrub,2050.3,47784.5,6366.8,76.54,0.713
R12384,shrub,13998.1,47990,4200.3,-253.79,0.953
R12385,shrub,18040.5,48018.3,4063.5,-242.14,1.25
R12386,shrub,58316,48553.7,2722.5,-33.58,1.052
R12387,shrub,64372.5,48210.9,4300.7,-250.72,1.239
R12388,shrub,-67486.9,49791.4,4478,-37.93,0.863
R12389,shrub,-65912,49024.5,4586.4,-262.57,0.834
R12390,shrub,-56134,49541.7,3795.6,16.71,0.72
R12391,shrub,-43804.5,48859.1,3668.2,-140.27,0.977
R12392,shrub,-11417.2,48914.1,4765.7,-172.65,1.3
R12393,shrub,-5729.6,48827.5,5631.9,31.28,0.876
R12394,shrub,10713.6,49256.7,3978,-15.2,1.292
R12395,shrub,16051,49756.2,3586.9,-100.32,0.748
R12396,shrub,47280.4,48859.8,2820.6,39.02,1.318
R12397,shrub,68025.1,49481,5187,47.64,0.74
R12398,shrub,-47224.7,50722.4,3019.9,-162.52,1.018
R12399,shrub,12530.6,50104.1,3946.1,-197.45,0.846
R12400,shrub,52566.1,50096.7,2082.7,-203.03,0.714
R12401,shrub,53576.3,50574.4,2038.5,-143.54,0.741
R12402,shrub,-60098.5,51484.8,3974.9,3.1,0.963
R12403,shrub,-52824.9,51972.6,3080.7,-253.86,1.078
R12404,shrub,-45058.6,52013.2,2927.9,-196.48,1.032
R12405,shrub,-40657.6,51231.2,3113.4,-48.75,1.365
R12406,shrub,-24792.5,51358.6,2431.2,-90.25,1.381
R12407,shrub,28941,51711.4,2651.6,-256.97,1.088
R12408,shrub,33208.8,51313.6,3910,34.14,0.758
R12409,shrub,-61622.5,53113.3,4368,-233.24,1.156
R12410,shrub,-49223.4,52103.5,2698.2,-189.04,1.301
R12411,shrub,-48163,52614.6,2738.9,-15.32,1.092
R12412,shrub,-27924.3,52400.8,2462.5,55.34,1.034
R12413,shrub,-23955,52922.8,2823.9,-31.29,0.871
R12414,shrub,-20466.2,53199.1,2907,-31.85,1.076
R12415,shrub,-16789.2,52327.6,3900.9,-50.49,0.737
R12416,shrub,2303.6,52136.2,4366.8,-212.08,1.085
R12417,shrub,28116.2,53006.6,2615.5,-23.22,1.226
R12418,shrub,55709.9,52199.1,1799.9,79.65,1.154
R12419,shrub,-67600.8,53246.4,4624.1,-242.05,1.016
R12420,shrub,58974.1,53425.2,2898.7,-142.47,1.173
R12421,shrub,61752.2,53320.3,3601,-94.85,1.09
R12422,shrub,62361.9,54158.6,3585.3,-144.51,0.979
R12423,shrub,-19332.3,54348.7,3904.2,-188.81,1.097
R12424,shrub,-10555.2,54900.9,6709.6,-65.28,1.029
R12425,shrub,4649.6,55350.5,9766.8,-132.47,1.068
R12426,shrub,28176,54349.6,2607.5,-91.61,0.974
R12427,shrub,29972.2,54388.1,2982.9,-71.7,1.091
R12428,shrub,-37500.7,56009.7,6198.1,-142.02,0.817
R12429,shrub,2058.3,55463.3,5258.8,-45.46,1.193
R12430,shrub,37793.6,56319.2,4209.4,-245.53,1.134
R12431,shrub,39570.5,55481.4,3300.7,-103.94,1.315
R12432,shrub,45464,55998.5,4689.9,-200.99,1.216
R12433,shrub,51115.8,55697.9,4686.3,26.32,1.105
R12434,shrub,-45401.4,57029.7,3885.5,-183.26,0.994
R12435,shrub,-11711.4,57317.8,7174.9,40.35,0.849
R12436,shrub,11832.5,57274.5,3786.4,-207.32,1.279
R12437,shrub,68142.5,56695.2,4366,-71.31,1.227
R12438,shrub,-40411,58046.1,4896.7,-27.68,0.705
R12439,shrub,-10700.6,58150.4,8257.1,-22.91,0.944
R12440,shrub,8727.5,57867.8,4657.7,-245.98,0.724
R12441,shrub,34918.2,59443.6,4586.4,-30.13,1.005
R12442,shrub,-36408.9,60637.7,9828.6,-213.49,0.862
R12443,shrub,2026.7,60893,13569.5,-102.78,0.718
R12444,shrub,37368.8,60550.3,6174.1,63.66,0.975
R12445,shrub,6476.2,60992.3,9887.9,-104.2,1.087
R12446,shrub,-1321.3,62104.7,15541.4,-135.43,0.94
R12447,shrub,-27223.4,63576.4,13171.2,-229.48,1.223
R12448,shrub,17661.6,63765.3,13156.3,-185.82,0.983
R12449,shrub,30450.5,63272.4,13460.5,28.67,0.774
R12450,shrub,61064.8,63108.9,14302.8,-176.68,1.358
R12451,shrub,-56315.3,64527,13682.5,77.93,0.793
R12452,shrub,23.9,65211,18216,-51.88,1.137
R12453,shrub,45662.9,64403.8,15803.5,-16.93,0.899
R12454,shrub,-16301.7,65417.2,17443,-248.67,0.821
R12455,shrub,-14059,66382.3,19423.7,14.34,1.37
R12456,shrub,30138,66202.2,15130.5,-153.77,1.211
R12457,shrub,64511,65580.4,14764.8,-193.68,1.006
R12458,shrub,11552.3,67190.1,14135.6,-52.96,0.735
R12459,shrub,32422.3,66655,16306.8,28.09,1.12
R12460,shrub,50700,66508,21602.7,-145.33,1.36
R12461,shrub,58504.3,67172.9,18126.3,59.97,1.148
R12462,shrub,-57099,68147.4,16891.4,-140.97,1.228
R12463,shrub,-42239.5,68370.3,18410.9,-175.23,1.271
R12464,shrub,-34182.8,68219.8,20949.1,-16.29,0.85
R12465,shrub,-14904.4,67808.8,18435,-81.04,1.215
R12466,shrub,66022.5,67792.2,14031.6,-207.85,0.817
R12467,shrub,41667.9,69386.2,18248.2,54,1.205
R12468,shrub,11712.5,-8799.3,3512.5,-263.65,1.099
R12469,shrub,11790.1,-8467.3,3480.7,-24.89,0.914
R12470,shrub,11510.2,-8274.1,3497,33.69,0.966
R12471,mulberry,13261.5,-8503.9,3196.2,-26.11,0.865
R12472,mulberry,12326.3,-10442.4,3674,37.82,0.894
R12473,mulberry,10682.3,-8718.1,3472.9,-160.36,1.199
R12474,mulberry,12474.1,-8892.2,3417.5,-72.8,0.933
R12475,mulberry,12663,-9092.5,3407.9,-166.61,1.086
R12476,mulberry,12636.5,-7252.9,3224,-6.98,1.106
R12477,mulberry,11498.5,-7678,3436.9,-223.07,0.862
R12478,mulberry,11971.7,-8803.7,3510.8,-79.78,0.975
R12479,mulberry,11822.1,-7497.1,3261.4,-130.84,1.085
R12480,mulberry,10441.5,-8463.1,3489.2,76.44,1.119
R12481,shrub,11407.4,-10042.5,3726.1,-7.74,1.034
R12482,mulberry,11529.2,-8931.4,3516.8,-27.79,0.955
R12483,elm,-57289.2,14781.9,3428.3,-220.19,0.999
R12484,shrub,-54992.8,13343.9,3283.5,-3.69,1.069
R12485,elm,-57361.9,14190.6,3351.3,-240.15,0.911
R12486,elm,-55393.3,13939.5,3414.8,-160.04,0.956
R12487,elm,-56811.8,14486.4,3286,-265.84,1.148
R12488,elm,-58111.8,12848,3222.5,-91.84,1.054
R12489,elm,-57390.1,16169.9,3595.2,-36.06,1.189
R12490,elm,-57522.8,14017,3365.9,-197.05,1.139
R12491,elm,-57530.3,14893.4,3535.2,29.83,1.056
R12492,elm,-55760.8,13133.7,3137.1,55.46,0.912
R12493,elm,62716,25027.5,4243.8,38.22,1.168
R12494,elm,63630.7,23420.6,4700.8,-161.98,0.908
R12495,elm,63817.3,25651.4,4425.5,-152.66,1.022
R12496,elm,62807.5,25942.8,4142.1,-32.8,0.872
R12497,elm,62425.8,24799.8,4220.5,54.18,1.019
R12498,shrub,62574.8,25262.7,4105.7,-126.26,1.188
R12499,elm,62203.6,23111.4,4483.1,-17.44,0.883
R12500,elm,62702.4,25340.9,4139.3,-10.67,1.121
R12501,elm,62679.8,25690.4,4112.4,-134.34,0.926
R12502,shrub,63266.5,25170.9,4368.7,67.02,0.881
R12503,elm,61359.9,26371.9,3899.5,-162.77,1.007
R12504,elm,61505.9,24936.4,3955.2,-139.22,1.181
R12505,elm,16670.1,-61080.8,18450.4,38.49,0.856
R12506,elm,18431.1,-60994.7,15725.5,74.83,0.928
R12507,shrub,-28218.1,6346.4,1769.2,-220.28,0.948
R12508,elm,-26813.4,4873.4,1747.2,-192.97,1.11
R12509,elm,-27282.1,4112.3,1762.8,-119.49,1.015
R12510,shrub,-27669.8,4872.1,1755.7,-120,1.106
R12511,elm,-30186.6,4403.6,1765,-184.85,0.966
R12512,elm,-28979.3,5411.8,1741.1,52.53,0.887
R12513,elm,-29728.5,5697.8,1818.9,33.9,1.165
R12514,elm,-28578.2,5062.1,1742.8,8.1,1.097
R12515,shrub,-28467.5,5580.6,1745.6,-263.5,0.966
R12516,elm,-29391,4243.8,1761.1,-63.01,1.059
R12517,poplar,-32848.1,10304.5,2233.5,-250.55,1.003
R12518,poplar,-34695.9,11490.9,2326.3,10.14,0.866
R12519,shrub,-32577.7,11691.2,2335.7,-18.89,0.889
R12520,poplar,-33940.3,11963.8,2362.5,-214.98,1.055
R12521,poplar,-34156.3,11486,2362,-182.49,1.186
R12522,poplar,-32444.7,11561.5,2338.4,-179.73,1.107
R12523,poplar,-33569.6,11957.2,2348.4,-84.11,1.085
R12524,poplar,-33392.6,13115.5,2418.6,53.29,0.946
R12525,poplar,-33538.3,12985.9,2393.4,-134.26,0.965
R12526,poplar,-35170.3,12312.8,2320.9,-31.98,1.095
R12527,poplar,-31854.2,11096.7,2311.3,88.19,0.959
R12528,poplar,-33753,12029.6,2359.1,62.13,0.964
R12529,shrub,-33724.8,12278.4,2367.4,-259.24,0.977
R12530,poplar,-31823.2,11287,2317.3,-29.69,0.893
R12531,poplar,-34959.8,12864.1,2348.3,-134.82,1.169
R12532,poplar,-33733.6,12857.5,2379.2,77.57,1.113
R12533,mulberry,48456.9,29841.4,5595.7,-139.15,0.919
R12534,shrub,47961.6,30880.2,6644.7,-6.4,1.163
R12535,mulberry,47123.4,28329.2,7400.3,-164.36,1.003
R12536,mulberry,34613.3,29119.9,7281.3,71.54,1.062
R12537,mulberry,31748.2,30482.9,8035.2,-186,1.112
R12538,mulberry,31851.8,28978.7,8517.9,54.86,1.192
R12539,mulberry,34066.5,29533.3,7596.9,-10.55,1.163
R12540,mulberry,33725.2,29971.1,7619.7,-122.54,1.083
R12541,shrub,33465.7,29630.3,7355.3,-42.83,1.197
R12542,mulberry,33301.9,29544.1,7271.2,-121.4,0.937
R12543,mulberry,34093.6,30901,8638.5,-212.56,0.971
R12544,mulberry,33033.2,30100.4,7649.9,-181.31,0.917
R12545,mulberry,32943.2,31644.3,8082,5.86,0.96
R12546,shrub,32614.2,30748.4,7646,-218.41,0.901
R12547,elm,-45497,-21230.9,4159.9,-173.67,0.966
R12548,elm,-43375.3,-22376.7,5120.2,-138.95,0.909
R12549,shrub,-45732.3,-22975.9,5745.3,-170.87,0.941
R12550,elm,-46207,-19882.5,3652.1,-139.49,0.967
R12551,elm,-45122.4,-22931.5,6076,7,0.905
R12552,elm,-45901.1,-22934.9,5551.8,-132.48,0.988
R12553,shrub,-43403.2,-20020,4306.8,-206.15,0.927
R12554,elm,-45178,-21150.1,4100.3,-52.76,1.007
R12555,shrub,-45457.3,-22048.9,5203.3,-233.49,1.175
R12556,shrub,-44961.9,-21278.6,4288.4,28.72,1.093
R12557,elm,-44228.6,-21783.1,4432.3,-64.49,1.118
R12558,shrub,-47027.5,-21102.8,4450.8,-41.1,1.073
R12559,poplar,-57275.9,22590.7,3738.5,-106.52,1.084
R12560,shrub,-57230.3,21542.4,3665.5,-118.34,1.019
R12561,poplar,-59276.7,22986.2,4199.2,-126.56,0.932
R12562,poplar,-57761.8,23920.4,3981.8,-35.01,0.966
R12563,poplar,-56951.2,22404.4,3730.7,17.04,1.099
R12564,poplar,-58174.7,24463.1,4025.3,-192.42,1.069
R12565,elm,8487.6,-36243.8,9031.3,-91.46,1.057
R12566,elm,10795.3,-34369.7,10569.6,-147.3,0.937
R12567,elm,8630,-36514.5,8983.7,80.63,1.069
R12568,elm,7794.4,-36104.4,9283.8,34.37,1.108
R12569,elm,-31168,24719.9,3619.7,1.29,1.056
R12570,elm,-30994.4,25650.2,3647.5,-251.11,1.17
R12571,elm,-30551.7,26254.2,3937.6,-120.63,0.866
R12572,shrub,-30410.8,25907.4,3775.4,-45.02,1.05
R12573,elm,-29997.1,26118,3931.8,-247.43,1.05
R12574,elm,-30782.9,24391.2,3531,-57.91,1.068
R12575,elm,-30289.4,25833,3787.6,80.79,1.077
R12576,mulberry,-43032.3,24686.1,5053.4,88.38,0.999
R12577,shrub,-41861.5,25591.4,5500.6,-251.07,1.101
R12578,mulberry,-44031.5,26120.6,6090.4,-53.25,0.96
R12579,mulberry,-42350.6,24049.2,5007.3,-36.77,0.852
R12580,mulberry,-43701.4,24350.9,4729.9,-65.92,1.07
R12581,mulberry,-42644.5,24596.2,5336.5,-253.43,1.131
R12582,elm,36576.2,-8142.8,2091.4,-121.47,0.968
R12583,elm,34664.6,-7735.6,2167.7,-28.28,1.121
R12584,elm,32857.8,-7750.1,2292.6,34.9,1.065
R12585,shrub,34296.3,-7139.3,2180.3,89.19,0.947
R12586,elm,35713.7,-8162.4,2114.1,-57.53,0.973
R12587,elm,34394.8,-7218.6,2180.5,-263.22,1.171
R12588,elm,34232.6,-8405.7,2182.6,-170.4,1.197
R12589,elm,34599.8,-7467.2,2172.7,25.2,1.08
R12590,elm,36283.1,-7678.6,2101.2,-138.06,0.927
R12591,elm,34379.3,-7903.8,2173.5,-213.69,0.899
R12592,elm,35038.7,-6332.7,2184.5,-25.29,0.924
R12593,elm,32935.5,-6425.5,2161,-253.76,0.92
R12594,elm,34476.7,-6576.4,2210.4,-213.52,0.955
R12595,jujube,-9235.4,26284.6,9685.6,-218.91,1.127
R12596,shrub,-9493.7,26468.2,9708.7,-33.93,0.917
R12597,shrub,-8065.1,29692.5,13158.5,-108.76,0.91
R12598,jujube,-8282.9,29246.1,13468,-252.79,1.035
R12599,jujube,-8564.9,26261.8,9469.1,-231.74,1.077
R12600,shrub,-7825.1,26058.1,10934.3,-85.09,1.088
R12601,elm,36110.6,12417.8,2469.4,-122.28,1.144
R12602,elm,33383.8,13007.3,2888.5,-13.71,1.172
R12603,elm,35184.2,13033,2646.9,0.02,1.003
R12604,elm,35802.2,13039.2,2581.6,-199.11,1.144
R12605,elm,32937.3,11989.4,2629.5,-95.7,1.069
R12606,shrub,34049.8,12877.2,2895.8,-90.2,0.96
R12607,elm,34569.9,13845.5,2878.1,20.23,0.901
R12608,elm,36005.5,13269.2,2572.4,-7.34,0.9
R12609,shrub,38787.2,-45759.7,5754.5,-137.67,1.161
R12610,mulberry,37464,-45361.9,5570.1,70.67,1.076
R12611,mulberry,37894.2,-43366,6027.8,-127.05,0.887
R12612,mulberry,37430.1,-43954.7,5860.7,42.25,1.158
R12613,mulberry,39352.8,-45031.5,6172.3,-54.45,0.884
R12614,mulberry,38988.9,-43590.1,6472.9,-87.32,1.18
R12615,mulberry,36676.4,-45188.6,6150.6,57.05,0.915
R12616,mulberry,38168.1,-43591.4,6008.8,24.34,1.066
R12617,mulberry,37600.7,-42179,5724.9,-104.17,1.166
R12618,mulberry,39892.8,-43389.6,6683.1,-152.08,1.013
R12619,mulberry,37762.5,-46050.1,5764.3,-72.59,1.078
R12620,poplar,-44342.5,-48091.7,7697,-148.45,1.14
R12621,poplar,-42705.6,-49814.9,8539.8,44.11,0.93
R12622,shrub,-44685.9,-48387.7,7606.4,-188.13,0.92
R12623,poplar,-43180.2,-49607.8,8775.8,-105.29,0.866
R12624,shrub,-44575,-48317.5,7664.1,-154.36,1.066
R12625,poplar,-43540.6,-47764.7,7958.3,-184.7,0.855
R12626,poplar,-43979.1,-49591.5,9100.3,-217.08,1.083
R12627,poplar,-44848.1,-50045.1,8807.6,-4.6,0.885
R12628,poplar,-42707.9,-49976.9,8501.3,-101.5,0.941
R12629,poplar,-42917.9,-48033.5,7878.8,-109.03,0.888
R12630,poplar,-44871,-50956.9,8140.7,-154.33,1.092
R12631,poplar,-43731.5,-48824.2,8656,10.32,1.17
R12632,shrub,-25906.6,6221.3,1842.6,11.66,0.94
R12633,elm,-24173.2,5963.5,1920.7,-260.75,1.134
R12634,elm,-27489.8,5977.5,1763.1,-199.44,1.055
R12635,elm,-26223.9,6978.3,1819.7,-70.06,1.004
R12636,elm,-25469.1,5616.2,1830.8,-117.57,1.015
R12637,elm,-26137.7,6029.1,1836,-139.64,1.068
R12638,shrub,-25427.8,7250.5,1870,-262.51,0.856
R12639,elm,-24620.6,5537.1,1838.7,-171.96,0.951
R12640,elm,-24555.5,7910.3,2011.3,-64.77,1.109
R12641,shrub,-25480.6,6197.1,1851.9,-108.72,1.024
R12642,elm,-25335.4,8056.2,1912.6,-49.89,1.101
R12643,jujube,-22612.8,26806.4,4437.7,55.08,1.125
R12644,jujube,-20719.2,27556.1,5013,63.5,0.883
R12645,shrub,-20790.2,26878.6,5002.4,-20.23,0.954
R12646,shrub,-22511.2,27983.5,4419,-132.05,0.868
R12647,jujube,-21564.4,27459.4,4496.1,-253.94,0.887
R12648,jujube,-20505.6,28104,4751.5,-183.71,1.013
R12649,jujube,-20290.7,29009.3,4785.7,34.27,1.13
R12650,jujube,-21361.3,27536.9,4599.7,-107.54,0.939
R12651,jujube,-22677.8,27285.5,4373.7,-208.17,1.02
R12652,jujube,-20939.8,25781.3,4421.7,78.41,1.159
R12653,jujube,-20981.1,27126.3,4808.9,-169.35,0.859
R12654,jujube,-19157.4,26914.1,5258.7,18.09,0.917
R12655,jujube,-22266.9,27649.2,4465,-228.97,0.857
R12656,poplar,-45156,27676.7,6409.8,7.69,0.979
R12657,poplar,-44758.1,29257.4,6469.2,-245.74,0.949
R12658,poplar,-45300.5,28807.2,6087.8,72.94,1.186
R12659,poplar,-44220.3,27448,6918.6,-96.49,1.106
R12660,poplar,-45243.7,27036,6379,-129.7,1.122
R12661,poplar,-44621.3,28350.1,6267.8,30.07,0.963
R12662,poplar,-44337.6,27314.7,6962.8,74.31,0.972
R12663,shrub,56124.9,-8590.8,2187.5,-187,0.901
R12664,poplar,56970.8,-8448.9,2202.9,-217.3,0.878
R12665,shrub,56975.9,-8869.1,2293.1,-231.6,1
R12666,shrub,58525.8,-7256.8,2586.6,-77.35,1.073
R12667,poplar,57157,-6672.6,2151.6,-6.63,0.956
R12668,poplar,56482.9,-6585.5,2099.8,-177.37,0.866
R12669,poplar,27744.6,-758.8,1964.9,64.55,0.9
R12670,shrub,27462.4,-837.5,1936.3,-231.36,1.065
R12671,poplar,27064.9,-769.8,1900.1,-178.87,1.124
R12672,poplar,28544.2,-1063,2142.7,-105.3,1.152
R12673,poplar,27907.9,-1598.3,2010.6,-121.62,0.887
R12674,jujube,-44964,17989.7,3033.1,-10.75,0.95
R12675,jujube,-45005.8,19341,3341.3,-83.1,1.086
R12676,jujube,-43109,20969.4,4109.8,-116.71,0.955
R12677,shrub,-44220.6,19076.6,3343.6,-131.38,0.982
R12678,shrub,-42609.3,19356.1,3766.4,-167.99,1.082
R12679,jujube,-44533.5,19652.9,3389.6,60.64,0.909
R12680,jujube,-42675,19428.4,3759,-208.39,1.013
R12681,mulberry,17786.4,-39403.7,5262.7,-57.03,1.134
R12682,mulberry,17976,-39658.2,5003.5,-147.23,1.12
R12683,mulberry,17593.6,-39727.9,5130,74.21,0.881
R12684,mulberry,17728.2,-40957.3,4573,-64.65,0.978
R12685,mulberry,16779.6,-39946.2,5148.4,-52.66,1.187
R12686,shrub,-38428,1694.8,1951.9,-255.2,0.967
R12687,willow,26678.4,-68342.6,21961.5,-196.07,0.966
R12688,willow,26810.7,-67384.6,22086,-110.95,1.187
R12689,willow,26247.4,-66361,21846.6,-126.5,1.024
R12690,poplar,26210.7,-58575.5,14325.6,-38.43,1.024
R12691,willow,26226.7,-55547.5,8903.3,-253.85,1.063
R12692,willow,25530.6,-45901.5,2958.2,45.83,1.133
R12693,willow,22689.3,-44343.4,2913.6,-223.27,1.08
R12694,willow,22710.7,-42718.7,2904,-252.22,0.888
R12695,willow,22743.7,-39528.2,2914.5,-165.79,0.935
R12696,willow,25334,-37936.7,2933.9,-168.49,1.173
R12697,poplar,22486.1,-34986.3,3080.3,-78.43,1.158
R12698,willow,22464.3,-33559.5,3020.5,-133.57,0.898
R12699,willow,22425.7,-30874.7,3065.8,-31.4,0.957
R12700,willow,25975.7,-28008.7,3221.9,66.23,0.867
R12701,willow,25758.7,-26469.9,3008.2,61.55,1.168
R12702,willow,25766.5,-24970.6,2935.4,-68.92,0.955
R12703,poplar,25584.4,-23488.1,2913.8,-130.61,1.027
R12704,poplar,22778.8,-20385.5,3004.5,-39.24,0.934
R12705,poplar,22767.2,-17562.6,3027.1,-122,1.096
R12706,willow,23559.5,-13553.3,2640.7,-122.35,0.907
R12707,willow,27063.5,-7221.8,1997.5,-216.24,0.991
R12708,poplar,27326.7,1003.9,1895.1,-19.26,1.076
R12709,willow,24552,2316,1790.7,-212.36,1.033
R12710,willow,24315.8,4958,1774.5,81.16,1.14
R12711,willow,24009.2,8871.4,1811.3,-207.39,1.189
R12712,willow,26874.6,11781,1829.6,-223.39,1.085
R12713,willow,26816.3,13112.1,1912.9,-257.24,0.9
R12714,willow,23322.6,15457.3,1984.1,-200.6,0.987
R12715,willow,26381.3,18494.5,2063.6,-215.11,0.94
R12716,willow,26054.3,19854.5,1979.6,56.9,1.049
R12717,willow,22902.9,21012,2053.7,-141.52,0.925
R12718,willow,22780.2,22459.4,2108.3,68.76,1.068
R12719,willow,22813.1,25461,1918.8,-90.21,1.084
R12720,willow,25736.6,27121.4,2491.6,-60.77,1.041
R12721,willow,22559.3,37106.2,1972.3,-233.52,0.92
R12722,willow,25452.6,38592.7,2089.3,-195.73,1.056
R12723,willow,25723.2,40146.1,2453.6,-38.34,1.097
R12724,willow,22766.7,41796.7,1996.1,82.27,0.916
R12725,willow,25941.6,43335.1,2700.5,-201.16,1.018
R12726,willow,22810.2,46678.1,1876.1,-19.75,1.002
R12727,willow,25703.1,51486.3,1781.5,-250.7,1.033
R12728,willow,26325.8,54652.8,2212.6,-27.36,1.09
R12729,willow,26040.4,56215.5,2160,-99.11,0.886
R12730,elm,66703.4,-650,4907.9,-76,0.852
R12731,elm,42162.8,-650,2086.8,2.46,1.072
R12732,elm,32370.4,650,2083.3,-35.24,1.053
R12733,elm,29088.2,-650,2137.8,56.64,1.012
R12734,willow,15061.7,650,2228.7,57.27,1.046
R12735,willow,11388.9,650,2355.3,-24.19,0.958
R12736,elm,7947.5,-650,2497,-165.28,0.89
R12737,willow,4912.4,-650,2809.7,-246.15,0.994
R12738,elm,2458.5,-650,2744.4,-8.8,0.972
R12739,poplar,-5430.9,-657.1,3282.4,15.11,0.925
R12740,willow,-8242.9,632.6,2884.7,-73.98,0.927
R12741,poplar,-11415.6,619.8,2818,-194.77,0.952
R12742,poplar,-14867.9,-693.9,2531.2,-53.89,0.959
R12743,willow,-18533.8,593.3,2342.4,-253,0.903
R12744,willow,-55417,1026.8,3634.3,-147.91,1.036
R12745,elm,-67886,263.8,5085.6,79.95,1.009