Name,Type,Asset,X,Y,Z,Yaw,Scale
R0,building,farmhouse,-33200,22000,1605.7,90,1
R1,building,farmhouse,-36200,26400,1574.1,90,1
R2,building,farmhouse,-38500,22500,1589.4,-95.73,1
R3,building,farmhouse,-36000,21800,1566.6,87.14,1
R4,building,farmhouse,-30500,21200,1574.2,95.73,1
R5,building,farmhouse,-39500,26000,1572.6,78.54,1
R6,building,farmhouse,-29200,24200,1596.2,-81.41,1
R7,building,farmhouse,-38800,29000,1587.9,84.27,1
R8,building,farmhouse,-33000,28000,1562.8,-90,1
R9,building,farmhouse,-30200,28500,1563.4,101.46,1
R10,building,farmhouse,-35500,30200,1601.5,87.14,1
R11,building,farmhouse,-27800,28000,1537.3,-72.81,1
R12,building,farmhouse,-40800,23000,1569.8,75.68,1
R13,building,farmhouse,-31500,30800,1576.4,-95.73,1
R14,building,tiled,10500,1200,1512.7,90,1
R15,building,tiled,8700,2800,1505.9,0,1
R16,building,tiled,12300,2800,1541,180,1
R17,building,twoStorey,2000,5600,1537.6,90,1
R18,building,tiled,-1000,0,1537.5,90,1
R19,building,tiled,-1000,1800,1517.7,-90,1
R20,building,tiled,7500,8900,1544.6,90,1
R21,building,tiled,10700,8900,1526.7,90,1
R22,building,farmhouse,13500,9100,1542.7,90,1
R23,building,twoStorey,7900,14300,1532.8,-90,1
R24,building,tiled,11100,14500,1531.4,-90,1
R25,building,tiled,13700,14300,1515.4,-90,1
R26,building,tiled,-2400,5978.4,1507.7,90,1
R27,building,tiled,-1261.5,5974.9,1536.1,90,1
R28,building,tiled,-29.8,5994.7,1541.4,90,1
R29,building,tiled,3458.8,5962.2,1536.4,90,1
R30,building,tiled,4586.1,5989.7,1530.9,90,1
R31,building,tiled,10132.7,5978.2,1528.7,90,1
R32,building,tiled,-2400,8006.5,1509.8,-90,1
R33,building,tiled,-1333.8,8005.8,1517.7,-90,1
R34,building,tiled,-202.9,8047.8,1533.2,-90,1
R35,building,twoStorey,907.4,8011,1538.7,-90,1
R36,building,tiled,2145.4,8024.9,1530.5,-90,1
R37,building,tiled,3266.1,8034.8,1523.4,-90,1
R38,building,tiled,4366.5,8017.9,1531.6,-90,1
R39,building,tiled,4976.9,-400,1549.7,0,1
R40,building,tiled,4974.3,1857.5,1542.9,0,1
R41,building,tiled,4953.3,2951.3,1538.8,0,1
R42,building,tiled,4959.2,4139.5,1532.1,0,1
R43,building,tiled,4961.7,8994.9,1537.3,0,1
R44,building,tiled,4956,10174.3,1518.8,0,1
R45,building,tiled,4978.8,11350.7,1520.9,0,1
R46,building,tiled,4952.7,13630.3,1524,0,1
R47,building,tiled,7030.4,-400,1512.7,180,1
R48,building,twoStorey,7024.4,847.3,1530.5,180,1
R49,building,twoStorey,7002.4,2072,1508.5,180,1
R50,building,tiled,7022.7,3266.2,1532.4,180,1
R51,building,tiled,7024.9,4401.1,1526.5,180,1
R52,building,tiled,7005,5508.5,1539.7,180,1
R53,building,twoStorey,1664.8,-738.1,1517.8,90,1
R54,building,tiled,1679.4,794.5,1526.9,90,1
R55,building,farmhouse,3133.8,820.5,1537.5,90,1
R56,building,tiled,1633.7,2433.4,1532.3,90,1
R57,building,twoStorey,3212.4,2413.3,1518.2,90,1
R58,building,farmhouse,-2763.9,3900.3,1535.3,90,1
R59,building,tiled,-1390.9,4089.8,1530.8,90,1
R60,building,tiled,208.9,4046.7,1530.5,90,1
R61,building,farmhouse,1698.6,4066.9,1543.7,90,1
R62,building,twoStorey,3158.5,4004,1518.7,90,1
R63,building,farmhouse,-1257.6,10376.7,1536.7,-90,1
R64,building,tiled,128.2,10316,1539,-90,1
R65,building,tiled,1719.7,10374.7,1519.9,-90,1
R66,building,farmhouse,3275,10441.6,1535.2,-90,1
R67,building,twoStorey,-1371.4,11939.8,1532,-90,1
R68,building,farmhouse,279.6,12080.8,1520.4,-90,1
R69,building,farmhouse,1667.4,12020.7,1539.1,-90,1
R70,building,twoStorey,3221.7,11983.2,1512.6,-90,1
R71,building,tiled,-2771.1,13669.6,1535.4,-90,1
R72,building,farmhouse,-1213.4,13693,1547.7,-90,1
R73,building,farmhouse,112.6,13679.9,1528.1,-90,1
R74,building,tiled,1740.6,13641.6,1517.8,-90,1
R75,building,tiled,3209.1,13559.7,1546.5,-90,1
R76,building,tiled,32700,15400,1726.6,90,1
R77,building,tiled,31300,16800,1696.4,0,1
R78,building,farmhouse,34100,16900,1710.2,180,1
R79,building,farmhouse,-13800,55000,1946.1,78.54,1
R80,building,farmhouse,-10800,54600,1931.6,95.73,1
R81,building,farmhouse,-12800,57400,1940.5,84.27,1
R82,building,farmhouse,-9800,57200,1950.1,101.46,1
R83,building,farmhouse,-14800,57600,1948,72.81,1
R84,scatter,fallenPine,-62273.6,-45758.2,7601.7,-137.68,0.987
R85,scatter,fallenPine,-54036.1,-44631.7,4818.3,-131.71,1.142
R86,scatter,stump,-41707.6,-40544.9,2339,68.55,0.85
R87,scatter,fallenPine,-62496,-39939.2,5799.2,-74.89,1.108
R88,scatter,fallenPine,-60276.2,-37731.5,4876.7,-53.96,0.892
R89,scatter,stump,-42712,-37872.6,2294.1,20.12,1.141
R90,scatter,fallenPine,-41610.1,-37650.7,2225.7,-65.94,0.999
R91,scatter,fallenPine,-55949.9,-37020.7,2788.1,8.08,0.854
R92,scatter,stump,-47428,-36819.8,2379.3,-249.47,1.046
R93,scatter,stump,-52178.5,-36189.1,2499.2,-250.26,1.024
R94,scatter,fallenPine,-54903.9,-35305.6,2497.4,79.5,1.133
R95,scatter,fallenPine,-51000.9,-35420.3,2512,-16.23,0.984
R96,scatter,fallenPine,-46819,-34471.9,2395.5,-155.06,1.057
R97,scatter,stump,-61787.9,-32967.6,5886.8,7.34,1.148
R98,scatter,stump,-56632.5,-33424.3,2788.8,21.8,1.017
R99,scatter,fallenPine,-64163.4,-32590.2,5462.3,74.84,1.03
R100,scatter,fallenPine,-57221.4,-31471.5,3440.5,-201.49,0.912
R101,scatter,stump,-42871.2,-31473.7,1999.6,63,0.858
R102,scatter,fallenPine,-38680.5,-31885.8,1840.7,-245.04,0.886
R103,scatter,stump,-66957.8,-30800.8,5631.3,-210.12,0.967
R104,scatter,fallenPine,-66542.8,-31278.8,5125.4,-263.98,0.98
R105,scatter,fallenPine,-45261.6,-31153.8,2061.4,18.52,0.893
R106,scatter,stump,-60241.6,-30070.1,5196.8,-139.29,0.994
R107,scatter,fallenPine,-58923,-30447,4849.1,-134.34,1.026
R108,scatter,fallenPine,-54531.9,-30024,2485.3,12.58,1.008
R109,scatter,fallenPine,-40757.3,-29982.3,1870.5,-172.32,1.11
R110,scatter,stump,-63886.7,-29509.1,4777.5,27.75,0.974
R111,scatter,stump,-46578.9,-29717,2187.6,0.17,1.014
R112,scatter,stump,-65486.4,-29023.7,5804.7,-227.64,0.901
R113,scatter,fallenPine,-59426.5,-28906.7,4352.1,-108.01,1.071
R114,scatter,fallenPine,-41370.1,-28880.1,1886.9,-260.36,1.127
R115,scatter,stump,-36954.4,-29047.2,1612.5,-41.8,1.073
R116,scatter,stump,-46934.5,-28231.9,2155.8,-267.98,0.865
R117,scatter,stump,-66060.8,-27045,6720.1,-0.61,0.88
R118,scatter,stump,-44515.7,-27345.9,1917.1,40.08,0.914
R119,scatter,stump,-43131.9,-27429.1,1942.1,51,1.107
R120,scatter,stump,-52757.9,-26601,2217.8,-30.89,1.122
R121,scatter,stump,-40771.6,-25149.2,2007.7,-63.53,1.008
R122,scatter,stump,-39781.6,-24844.9,1993.6,-108.05,0.973
R123,scatter,stump,-61912.4,-24438.9,4869.6,-265.14,1.115
R124,scatter,stump,-57503.8,-24147.8,3379.1,-87.48,0.947
R125,scatter,stump,-49652.1,-24319.8,2163.1,55.89,0.932
R126,scatter,stump,-48814.3,-24443.7,2183,-191.72,0.917
R127,scatter,stump,-46136.8,-24355.1,2057.5,-186.26,0.947
R128,scatter,stump,-46462.2,-23204.7,2080.1,6.97,0.898
R129,scatter,fallenPine,-60438.2,-22775.9,5206.4,32.25,1.139
R130,scatter,stump,-63015.7,-21731.5,5739,-126.02,1.002
R131,scatter,stump,-40128.4,-21869.4,1876.8,-253.76,1.127
R132,scatter,stump,-45062.6,-20324,1970.8,-53.35,1.061
R133,scatter,fallenPine,-46514.7,-19092.1,2064,-5.85,0.857
R134,scatter,fallenPine,-52679.1,-16167.1,2210.8,-142.12,0.939
R135,scatter,stump,-40083,-14964.3,1722.7,11.83,0.916
R136,scatter,stump,-60519.6,-14655.5,3942.7,40.62,1.065
R137,scatter,stump,-60832.6,-13588.4,3909.2,-112.31,1.089
R138,scatter,stump,43724.2,-59747.4,9904.8,-154.48,1.001
R139,scatter,stump,43946.6,-58718.4,10101.5,-145.28,1.065
R140,scatter,stump,57103.8,-58978.5,6238.1,58.41,1.027
R141,scatter,stump,42457.6,-57962.3,8334.1,-258.53,1.104
R142,scatter,fallenPine,45983.9,-56493.2,8304.3,-90.75,1.031
R143,scatter,stump,31680.8,-56228.7,6601.4,-4.11,1.108
R144,scatter,fallenPine,36321.9,-56039.7,7316.7,-220.83,0.89
R145,scatter,stump,38043.2,-55997.9,7879.3,-160.29,0.882
R146,scatter,fallenPine,38268.9,-56158.1,7820.2,-146.47,0.903
R147,scatter,stump,49006.3,-55258.6,8583.2,46.45,1.069
R148,scatter,stump,50419.6,-55432.6,8420.4,76.75,0.939
R149,scatter,fallenPine,35237.3,-54738,7208.3,78.75,1.142
R150,scatter,fallenPine,37088,-54334,8065.2,-89.34,1.148
R151,scatter,stump,46593.9,-53486.5,10031.8,-36.8,0.89
R152,scatter,stump,57189.1,-53644,6051.8,-17.2,1.023
R153,scatter,fallenPine,42236.6,-52928.9,8189.5,9.08,0.935
R154,scatter,stump,46294,-53099.7,9917,-32.71,1.1
R155,scatter,stump,56267.8,-53118.9,5596.9,-242.57,1.022
R156,scatter,fallenPine,27763.7,-52309.5,4525.5,16.78,0.913
R157,scatter,stump,37840.1,-52232.7,8735.4,-13.58,0.931
R158,scatter,stump,32281.8,-51216.4,5214.7,-143.76,0.946
R159,scatter,fallenPine,34926.6,-51246.4,6124.9,-152.21,1.08
R160,scatter,stump,41574.8,-51528.8,7891.4,-246.48,0.901
R161,scatter,fallenPine,44228,-51535.9,10124.6,-121.22,0.885
R162,scatter,stump,57481.7,-51319.3,5381,-23.36,1.042
R163,scatter,stump,38467,-50549.7,8288.3,-23.7,1.069
R164,scatter,stump,56578.5,-49920,4814.8,-269.74,0.968
R165,scatter,fallenPine,56262.1,-49297.6,5082.5,-10.25,1.1
R166,scatter,fallenPine,36904.4,-48255.2,6066.9,-112.1,1.086
R167,scatter,fallenPine,52913.5,-48644,6109.3,-152.73,0.917
R168,scatter,stump,27438.9,-47926.7,3402.7,74.52,1.091
R169,scatter,stump,37874.4,-47852.1,6379.2,-74.75,0.927
R170,scatter,stump,33529,-46342.5,5278.4,-62.34,1.04
R171,scatter,stump,34647.1,-46164.9,5471,-40.23,1.021
R172,scatter,stump,36863.9,-46489.2,5976,-268.48,0.964
R173,scatter,stump,32952.7,-45271.9,4465.4,10.17,0.995
R174,scatter,stump,45327.7,-45732,9996.9,-246.05,1.128
R175,scatter,fallenPine,53490.4,-45538.5,6278.7,-161.64,1.036
R176,scatter,fallenPine,32480.5,-44468.3,4492.1,-223.86,0.854
R177,scatter,fallenPine,52704.1,-44461.5,6428.6,-111.96,1.112
R178,scatter,fallenPine,53498.9,-44532.3,5941.1,30.97,1.13
R179,scatter,fallenPine,27267.8,-44050.7,2989.3,-237.08,1.033
R180,scatter,stump,33418.8,-44115.1,5224.8,9.61,0.881
R181,scatter,fallenPine,44958.8,-43793.3,8741.1,-27.13,1.093
R182,scatter,fallenPine,57770,-43990,4005.5,-213.49,1.023
R183,scatter,fallenPine,61621.6,-44186.3,3169.5,18.94,0.918
R184,scatter,fallenPine,27024.9,-42336.9,2708.2,-20.93,0.996
R185,scatter,stump,31257.8,-42676.7,3902.5,48.29,0.867
R186,scatter,fallenPine,37561.4,-42682,6012.6,-36.4,0.908
R187,scatter,stump,47403.6,-42716.7,8791.3,-103.66,1.056
R188,scatter,fallenPine,56407,-41170,3546.3,-86.54,0.975
R189,scatter,stump,28963,-40053.5,3362.7,65.81,1.001
R190,scatter,stump,42265.1,-40084.9,5871.4,-190.13,0.907
R191,scatter,fallenPine,54073.6,-40312.2,4417.6,-263.99,0.953
R192,scatter,fallenPine,58213.1,-39996.2,3072,-109.59,0.866
R193,scatter,fallenPine,35476.8,-39778,4565.1,6.93,0.91
R194,scatter,fallenPine,39179.5,-39389.6,5379,-43.47,1.058
R195,scatter,stump,24833.2,-38803.5,2065.9,72.13,0.966
R196,scatter,stump,32507.5,-38808.2,4156.2,-235.67,1.048
R197,scatter,fallenPine,54514.9,-38551.2,4291.1,37.03,0.872
R198,scatter,fallenPine,59782.1,-38782.2,2867,39.07,1.043
R199,scatter,stump,31968.2,-38060.2,3359.4,-7.76,0.921
R200,scatter,stump,54792.5,-38024.4,3995,-114.79,1.046
R201,scatter,fallenPine,31085.3,-37347.4,3057.5,52.03,1.125
R202,scatter,stump,48470.6,-37522.3,4195.8,-109.03,1.126
R203,scatter,fallenPine,24812.7,-36638.1,1748.4,-186.72,0.904
R204,scatter,stump,42201.4,-36312.1,2980.7,-174.22,1.032
R205,scatter,fallenPine,50715.9,-36746.7,4772.1,-5.01,1.093
R206,scatter,stump,34646.8,-35473.6,2763.4,46.52,0.912
R207,scatter,fallenPine,51335,-35596.1,4071.2,62.66,0.962
R208,scatter,stump,52714.3,-35834.5,3850.7,28.21,1.002
R209,scatter,stump,44635.1,-33979.5,2763.1,-63.12,1.126
R210,scatter,stump,48459.2,-34547.2,3390.3,-239.87,1.145
R211,scatter,fallenPine,52058,-34536.6,3915.8,24.33,1.091
R212,scatter,fallenPine,53544.6,-34256.6,3200.4,81.27,0.979
R213,scatter,stump,22906.8,-33429.5,1643.8,-171.17,0.981
R214,scatter,stump,25595.2,-31206.9,1876.8,-5.68,1.001
R215,scatter,stump,32360.6,-31379.7,2715.5,-0.77,1.088
R216,scatter,stump,43293.1,-31325.2,2749.2,-197.33,0.926
R217,scatter,stump,24441,-30324.4,1904.2,-10.01,1.135
R218,scatter,stump,33322.7,-29728.1,2768.5,80.91,0.881
R219,scatter,stump,55044.9,-29774.9,2384,14.33,1.117
R220,scatter,fallenPine,59273.3,-29868.6,2273.1,-84.35,1.072
R221,scatter,stump,42364.4,-28268.7,2764.2,-178.29,1.049
R222,scatter,stump,31202.4,-27639.7,2341.6,-212.42,1.1
R223,scatter,stump,46608.6,-26960.5,2779.9,-122.58,1.002
R224,scatter,stump,38515.9,-24983.3,2757.3,-15.3,1.07
R225,scatter,fallenPine,57801.1,-25269.2,1868.5,-131.76,0.969
R226,scatter,fallenPine,32619.9,-23927.5,2682,26.15,1.122
R227,scatter,fallenPine,24399.1,43803.8,1851.6,-84.59,1.099
R228,scatter,fallenPine,28209.6,45398.6,2039.9,84.5,1.096
R229,scatter,fallenPine,18961.6,46188.6,1727.7,-185.94,0.888
R230,scatter,stump,21749.2,48459.6,2063.5,19.12,0.998
R231,scatter,fallenPine,35656.4,49771.4,2371.6,-1.23,0.988
R232,scatter,fallenPine,27764.4,51029.8,2716.3,-65,1.045
R233,scatter,stump,33211.3,50828.8,2528.9,-77.67,1.097
R234,scatter,stump,19496.3,51408.9,2236.6,-79.37,0.965
R235,scatter,stump,37788.3,53036.5,2184.1,10.7,0.925
R236,scatter,stump,22880.9,53923.5,2864.9,86.08,1.107
R237,scatter,stump,25993.7,53832.6,3154.2,-129.28,1.047
R238,scatter,fallenPine,18647.1,54641.4,2260.4,65.9,0.854
R239,scatter,stump,24747.2,54233.5,3051.8,-142.67,0.921
R240,scatter,fallenPine,22017.2,57793.9,3586.1,-136.53,1.122
R241,scatter,fallenPine,25385.4,57517.6,3942,-47.78,0.927
R242,scatter,stump,34360.1,57325.6,2650.1,79.07,1.009
R243,scatter,fallenPine,37734.8,57332.9,2384.9,-21.79,0.876
R244,scatter,stump,17697,58260,2379.1,34.94,0.885
R245,scatter,fallenPine,29561.7,58326.7,4152.1,-226.67,0.896
R246,scatter,stump,37161.5,58501.2,2482.4,23.91,0.869
R247,scatter,fallenPine,27452.4,59064.6,4134.7,-121.84,0.887
R248,scatter,fallenPine,35923,58964.2,2657.6,-144.46,1.102
R249,scatter,stump,24028.4,59930.9,4275.4,-7.93,0.933
R250,scatter,fallenPine,18006.6,60290.2,3449.1,-50.43,0.888
R251,scatter,stump,16398.2,61017.7,3055.4,-239.85,0.894
R252,scatter,stump,35639.2,60951.1,2744.4,49.26,1.105
R253,scatter,stump,39779.1,61538.3,2229.5,72.01,1.108
R254,scatter,fallenPine,40128.9,61490.7,2113.7,-152.26,0.968
R255,scatter,stump,33614.1,62267.1,3433.2,9.12,1.065
R256,scatter,stump,14814.9,62757,2857.5,-160.12,1.055
R257,scatter,stump,16206.4,62514,3035.4,-107.17,0.912
R258,scatter,stump,23230.4,62983.4,4906.5,-216.19,1.024
R259,scatter,stump,26653.4,63039.5,4818.6,-219.34,1.148
R260,scatter,fallenPine,38071.4,62941.9,2631.7,39.44,1.006
R261,scatter,fallenPine,26569.7,63301.7,4887.4,-201.33,1.099
R262,scatter,stump,29937.8,63329.8,5078.8,-167.19,0.906
R263,scatter,stump,39677.1,63560.2,2481.9,-261.84,0.856
R264,scatter,fallenPine,9014.1,64094.7,2493.2,-119.23,1.136
R265,scatter,fallenPine,25201.7,64476.3,4863.1,72.98,1.012
R266,scatter,fallenPine,27717.8,64406.7,4823.9,-109.09,1.116
R267,scatter,fallenPine,21298.9,65202.9,5380.3,-200.6,1.007
R268,scatter,fallenPine,17126,66761.9,4525.5,12.77,1.003
R269,scatter,fallenPine,20222.7,66479.1,5190.4,-43.98,0.975
R270,scatter,fallenPine,23219.2,67234.8,5251.5,43.98,0.915
R271,scatter,stump,27504.3,67415.2,6008.7,-161.62,1.108
R272,scatter,fallenPine,28202,67735.2,5961.8,64.44,0.93
R273,scatter,fallenPine,17050.6,69024.1,5434.7,-91.65,1.142
R274,scatter,fallenPine,29098.8,69018.6,6490.2,68.09,0.965
R275,scatter,fallenPine,29757.5,69005.1,6418.3,-236.35,1.107
R276,scatter,stump,22704.1,69654.1,5317.9,-74.1,1.086
R277,scatter,stump,28841.2,69426.1,6249.6,10.54,1.126
R278,scatter,fallenPine,23703.7,70817.2,6087.7,-266.87,0.945
R279,scatter,stump,25485.1,70881.3,5357.8,41.35,1.067
R280,scatter,stump,-73498.1,-8701.7,11066.4,70.03,1.038
R281,scatter,stump,-60382.3,-8189.9,4129.5,-148.62,0.975
R282,scatter,stump,-55993.8,-6696.2,2687.4,12.85,1.115
R283,scatter,fallenPine,-58028.5,-4912.8,2840.8,-140.66,1.106
R284,scatter,fallenPine,-60613.3,-3392.3,4126.4,-60.42,0.851
R285,scatter,stump,-78797.2,-2532.4,11989.2,-88.48,1.031
R286,scatter,stump,-71807.6,-2526.6,7257.9,-161.92,0.881
R287,scatter,stump,-70749.3,-2038,7180.8,30.42,1.003
R288,scatter,stump,-67922.3,-614.2,7656.7,31.5,1.071
R289,scatter,stump,-66402.4,1138.4,7118.3,-173.83,1.107
R290,scatter,fallenPine,-59507.9,929.3,3631,-143.78,0.947
R291,scatter,stump,-68722.5,1789.7,7874.6,-63.92,1.112
R292,scatter,stump,-53269.3,1847.8,2365.3,-259.87,0.913
R293,scatter,stump,-57414,3307,3328.1,-27.82,1.007
R294,scatter,stump,-60724.2,3744.9,3776.5,-55.47,1.076
R295,scatter,stump,-74590,4568.5,10306.9,-265.38,0.942
R296,scatter,stump,-53944.5,4984.8,2787,7.71,1.077
R297,scatter,fallenPine,-79518.3,7243.4,11812.7,-102.51,0.96
R298,scatter,fallenPine,-73108.1,7586.6,11811.7,-195.63,0.869
R299,scatter,fallenPine,-68525,9730.7,9221.3,25.72,0.931
R300,scatter,fallenPine,-72958.1,10728.4,11974.1,-59.14,1.043
R301,scatter,fallenPine,-70224.9,10515.8,10118.1,-34.57,0.995
R302,scatter,stump,-67995.2,11742.7,9002.6,-218.29,1.146
R303,scatter,fallenPine,-65908.2,11371.2,7423,-207.91,0.944
R304,scatter,fallenPine,-70028.2,16515.8,9868.1,-251.95,1.122
R305,scatter,fallenPine,-59905,16822.8,5652.4,-79.47,1.13
R306,scatter,stump,-59820.3,17230.1,5352.1,48.66,0.979
R307,scatter,stump,66855.1,-17285.3,6372.3,65.95,0.865
R308,scatter,fallenPine,60035.8,-15505.7,2877.2,30.14,1.119
R309,scatter,stump,64738.7,-8961.1,4662,-127.23,1.083
R310,scatter,fallenPine,67716.7,-9351.7,5794.7,-222.65,1.128
R311,scatter,stump,65912.2,-7740.7,4924.7,6.31,1.136
R312,scatter,fallenPine,74342.7,-7943.9,7811.6,-253.3,1.117
R313,scatter,fallenPine,52528.8,-6165,1460.8,-141.99,0.898
R314,scatter,stump,74014.6,-5692.3,6702,-61.64,0.915
R315,scatter,stump,68991.9,-3938.7,4233.6,67.53,0.927
R316,scatter,stump,66828.7,-3326.1,3333.5,-151.98,1.128
R317,scatter,stump,63097.1,-2703.9,2757.7,2.35,0.889
R318,scatter,stump,57840.4,-2047.2,2135.3,-84.71,1.112
R319,scatter,stump,61712.4,32.4,2213.3,74.23,1.046
R320,scatter,fallenPine,60014.2,669.7,1929.1,-48.66,1.109
R321,scatter,stump,62851.5,200.1,2443.3,-86.77,1.126
R322,scatter,stump,62469.9,1185.5,2042.9,-205.19,0.861
R323,scatter,fallenPine,69236.8,1825,3633.4,52.19,1.14
R324,scatter,fallenPine,75040.6,2279.3,6471.1,-22.54,0.958
R325,scatter,fallenPine,67729,2780.3,3196.9,-122.62,0.882
R326,scatter,stump,56796.7,4045.8,1368.6,-52.83,1.093
R327,scatter,fallenPine,59847.9,4182.9,1616.6,-49.99,0.856
R328,scatter,fallenPine,-25634.1,-49289,1739.2,-104.74,1.097
R329,scatter,fallenPine,-13428.7,-48501.9,1823.6,-89.87,1.09
R330,scatter,stump,-21665,-47751,1638,35.47,1.096
R331,scatter,fallenPine,-29397.9,-46618.7,2023.9,-98.91,0.943
R332,scatter,stump,-27491.5,-46995.5,1879.2,-6.16,1.064
R333,scatter,stump,-19712.9,-45340,1590.7,-210.35,0.992
R334,scatter,stump,-18187.7,-45389.3,1504.1,76.6,0.88
R335,scatter,fallenPine,-27876.2,-44421.4,2016,-192.51,0.91
R336,scatter,fallenPine,-11966.1,-42747.5,1856.1,83.82,1.003
R337,scatter,fallenPine,-34670.1,-41974.2,1902.9,-265.9,1.011
R338,scatter,fallenPine,-27208.8,-42065.5,1928.8,-218.73,0.92
R339,scatter,stump,-20764.7,-39856.5,1731.2,-105.53,1.013
R340,scatter,fallenPine,-18820,-37471.1,1688,-66.21,0.986
R341,scatter,stump,-15949.5,-37131.6,1807,-42.85,1.144
R342,scatter,fallenPine,-11748.6,-37165.3,1890.9,-85.08,0.905
R343,scatter,stump,-13246.1,-36282.5,1629.1,76.83,0.958
R344,scatter,stump,-13631.8,-35456.9,1608,34.13,1.054
R345,scatter,stump,-29374.5,-34162.4,1731.9,60.29,1.005
R346,scatter,fallenPine,-27714.7,-30189.4,1705,-110.91,0.889
R347,scatter,stump,-26036,-29963.7,1695.3,-172.13,0.914
R348,scatter,stump,-23540.2,-30472,1472.9,-55.73,0.964
R349,scatter,fallenPine,-24287,-29723.4,1582.8,-176.11,0.945
R350,scatter,stump,-28745.4,-28989.1,1731.7,77.78,0.929
R351,scatter,fallenPine,-32021.5,-27223.1,1839,-17.06,0.92
R352,scatter,fallenPine,-25325.1,-27455,1574,-86.8,0.882
R353,scatter,fallenPine,-24216.4,47727.6,1422.9,-233.15,0.942
R354,scatter,fallenPine,-34443,48647,1744.7,68.06,1.107
R355,scatter,stump,-42375.1,49721.5,1463.2,79.32,1.065
R356,scatter,stump,-38987.3,51363.2,1610,-218.95,1.117
R357,scatter,fallenPine,-25503.5,52022.8,1621,-180.68,0.958
R358,scatter,stump,-25467.6,55928.6,1927.8,-264.14,0.975
R359,scatter,fallenPine,-38584.5,57492,1573.1,-231.51,0.913
R360,scatter,fallenPine,-32045.8,58357.6,1800.6,-135.67,1.102
R361,scatter,stump,-34969.3,59096.6,1645.3,-218.46,0.885
R362,scatter,stump,-32252.5,59292.1,1806.2,-36.66,1.001
R363,scatter,fallenPine,-29781.3,59562.7,1955.9,31.32,0.86
R364,scatter,fallenPine,-30536.4,61422.7,2448.4,-187.38,0.933
R365,scatter,stump,-34137.4,62506.5,1893.8,-170.73,1.039
R366,scatter,fallenPine,-32738,65033.3,2074.6,-199.32,0.866
R367,scatter,stump,-39436.1,65609.3,2610,-205.7,1.099
R368,scatter,fallenPine,-30471.4,68558.2,2436.4,4.7,0.968
R369,scatter,fallenPine,-43789,70327.4,4040.4,43.26,1.137
R370,rock,1,-82404.7,-14343.5,12203.4,72.02,0.378
R371,rock,1,-82112.5,-14183,12198.6,-267.64,1.59
R372,rock,2,-81534.6,-16453.7,11913.4,-156.96,0.509
R373,rock,2,-80769.2,-14773.6,12069,-235.52,0.302
R374,rock,1,-79044.3,-15125.3,11858.5,-0.85,1.424
R375,rock,2,-78679.8,-16757.1,11494.3,-71.99,0.617
R376,rock,0,-77836.8,-15161.6,11500.3,-233.5,0.485
R377,rock,1,-77990.4,-17324.9,11122.1,19.85,1.508
R378,rock,2,-74964.7,-16014,10784.2,-130.84,1.482
R379,rock,1,-74594.4,-16380.1,10433.7,40.18,0.682
R380,rock,2,-74561.2,-18132.9,9829.8,47.06,0.305
R381,rock,1,-74165.3,-18455.6,9554.5,47.4,0.685
R382,rock,1,-73690.8,-18468.2,9698.4,62.69,1.416
R383,rock,1,-72769.8,-16585.4,10199.2,84.32,0.57
R384,rock,0,-71850.2,-16680.6,9539.3,-196.03,0.719
R385,rock,1,-70883.5,-18766,9819.1,-167.45,0.468
R386,rock,0,-70106.9,-17271.7,9618.8,-50.47,0.628
R387,rock,2,-68160.6,-19167.6,7746.6,-165.26,0.6
R388,rock,1,-66925.8,-19895.4,7162,-227.38,0.458
R389,rock,1,-65457.8,-18029.1,6151.7,-118.45,0.587
R390,rock,2,-64802.5,-19738,6011.8,-129.42,0.358
R391,rock,1,-63596.3,-19629.3,5143,-44.05,1.239
R392,rock,2,-63175.3,-18256.6,4757.4,-112.84,0.428
R393,rock,2,-62761.2,-19600.4,4426.7,-166.92,0.747
R394,rock,1,-62376.5,-18352.1,4363.4,-68.35,0.303
R395,rock,1,-60295.4,-19577.7,4231.4,12.23,0.942
R396,rock,1,-58292.4,-19319.2,3158.1,-223.46,0.699
R397,rock,0,-57000.2,-17419.7,3163.5,79.04,0.597
R398,rock,1,-56631.6,-17296.3,3050.7,23.57,0.466
R399,rock,0,-56249,-17249.9,3034.7,-19.32,0.438
R400,rock,2,-54664.4,-17272.7,2433.6,-242.24,1.535
R401,rock,1,-53157.9,-18545.4,2085,-232.03,0.987
R402,rock,2,-53248.4,-16500.4,2150.9,-63.69,1.43
R403,rock,0,-52839.8,-16529.6,2112.3,-206.29,0.635
R404,rock,1,-51948.8,-18445.3,2125.4,9.09,0.707
R405,rock,2,-51247.5,-17966.8,1990.4,-212.43,1.419
R406,rock,2,-50771.7,-18202.2,2182.5,13.58,1.475
R407,rock,1,-50858.9,-16337.6,2009,-56.52,0.616
R408,rock,0,-50099.5,-17619.6,2027.2,-231.7,0.748
R409,rock,0,-49366.6,-17263.7,1936.2,-12.45,0.589
R410,rock,1,-49026,-15496.4,2151.2,-116.3,0.725
R411,rock,1,-47700.4,-17248.9,2105.6,-57.32,0.484
R412,rock,0,-46588.1,-16732.7,1816.3,-75.58,0.304
R413,rock,0,-46763.8,-14802,1877.4,-33.66,0.363
R414,rock,2,-46361.1,-14840.2,1742.5,-29.15,0.461
R415,rock,0,-45558.8,-14834,1617.3,84.42,0.641
R416,rock,2,-44268.4,-16018.7,1705.1,26.53,1.265
R417,rock,1,-43957.1,-15693.5,1637.8,-142.68,0.38
R418,rock,1,-41718.2,-14658.4,1515.4,-32.21,0.606
R419,rock,2,-40977.5,-14289.9,1454.8,-170.33,0.396
R420,rock,0,-39333.5,-11968.5,1503.4,-153.24,1.03
R421,rock,1,-37852.3,-13185,1593.3,-169.4,1.244
R422,rock,1,-37532.6,-12906.3,1499.7,-194.84,0.503
R423,rock,1,-36090.4,-12182.1,1491.1,-212.61,0.43
R424,rock,0,-36023.9,-10286.5,1578.2,58.26,0.477
R425,rock,1,-34971,-11787.9,1553.7,-53.15,0.596
R426,rock,1,-35165.2,-10238.8,1449.8,-207.32,0.542
R427,rock,1,-33842.6,-11504.2,1615.7,-2.22,1.256
R428,rock,1,-32525.8,-10723.9,1422.7,58.08,0.544
R429,rock,2,-32547.3,-9288.9,1489,-36.4,0.919
R430,rock,2,-32274,-8787.7,1655.1,-133.91,0.314
R431,rock,1,-31392.7,-10765.3,1537.4,-137.9,0.328
R432,rock,1,-31126.6,-10339.8,1417.4,45.46,0.348
R433,rock,0,-29486.5,-8367.4,1575.2,-170.07,0.419
R434,rock,1,-28187.7,-10343.7,1552.2,-113.01,1.452
R435,rock,0,-27799.4,-8516.7,1564.5,-35.67,0.93
R436,rock,2,-27072,-10143.5,1478.1,40.47,0.977
R437,rock,2,-26600.5,-8819.3,1464.6,-105.35,0.955
R438,rock,2,-26175.4,-8539.5,1551.5,-23.44,0.627
R439,rock,0,-25589.7,-10234.8,1482,-163.94,0.48
R440,rock,0,-25007.8,-8834.8,1502,-11.84,0.342
R441,rock,2,-24923,-10781.2,1650.3,63.85,0.376
R442,rock,1,-22640,-9054.2,1619.7,-112.16,0.423
R443,rock,2,-21513.7,-9438.8,1514.3,32.62,0.608
R444,rock,2,-20396.8,-11562.6,1560,-56.53,0.635
R445,rock,2,-19221.4,-11868.9,1647.9,-12.94,1.259
R446,rock,2,-18390.5,-11940.8,1559.4,-117.04,1.029
R447,rock,2,-17947.9,-11868.8,1477.2,-10.87,1.008
R448,rock,1,-16731.3,-12292,1517.1,-113.41,0.485
R449,rock,2,-16301.1,-12352.2,1519.8,-85.66,1.338
R450,rock,2,-15592.1,-10657.6,1547.9,-239.7,0.541
R451,rock,0,-14091,-12710.7,1605,-148.49,0.672
R452,rock,1,-13369.3,-12717.9,1494.6,-244.4,0.556
R453,rock,1,-12791.1,-10770.6,1650.3,-10.24,0.52
R454,rock,2,-12477.7,-11331,1445.3,-107.29,0.677
R455,rock,0,-10158,-11233.8,1573.7,-238.3,1.057
R456,rock,1,-10018,-13299.2,1599.4,73.38,1.413
R457,rock,0,-7442.2,-11850.4,1451,-38.21,0.609
R458,rock,0,-6408.3,-13473,1492.3,-102.69,1.248
R459,rock,0,-5837.2,-12019.4,1507,16.58,0.435
R460,rock,1,-4386.5,-13916.6,1616.2,-164.24,1.054
R461,rock,0,-3829.1,-12382.4,1448,-265.05,0.589
R462,rock,2,-2997.6,-12232.8,1495.4,-251.35,1.473
R463,rock,0,-2583,-12151,1512,-199.76,0.46
R464,rock,1,-2179.7,-12204.3,1576.6,-256.99,0.356
R465,rock,2,-1373.6,-12310.5,1575.8,9.9,0.665
R466,rock,2,-652.8,-14213.5,1652.1,-45.15,0.352
R467,rock,0,-164,-12405.4,1478.2,25.06,0.682
R468,rock,0,604.1,-13896.7,1493.9,-88.74,0.992
R469,rock,2,1837.3,-12587.4,1454.3,-22.04,0.955
R470,rock,2,2233,-12396.5,1530.1,-145.14,0.527
R471,rock,1,2632.9,-12658.6,1404.6,-7.14,0.569
R472,rock,2,3080.1,-14321.8,1654.5,-17.76,0.565
R473,rock,2,3471.1,-13814.3,1400.3,-30.74,0.307
R474,rock,0,3810,-12546.1,1455.6,-53.09,0.658
R475,rock,0,5532.9,-14186.1,1588.2,-187.8,0.434
R476,rock,1,6671.6,-13558.3,1321,-244.6,0.468
R477,rock,2,6885.1,-12311.1,1270.7,-17.53,0.921
R478,rock,2,7546.7,-11645.2,1485.8,-227.79,0.582
R479,rock,2,8678.4,-13539.3,1453.3,-104.71,0.51
R480,rock,1,9480.1,-13512.6,1488.4,-126.08,1.313
R481,rock,2,10251.7,-13344.8,1471.3,-12.87,1.417
R482,rock,0,10190.6,-11425.1,1334.4,-106.59,0.328
R483,rock,2,11725,-12762.6,1428.1,-82.93,0.513
R484,rock,2,12513.9,-12672.5,1430.5,-46.38,0.308
R485,rock,1,12814.3,-12302.9,1342.4,-29.5,0.457
R486,rock,2,12783.9,-10853,1285.5,18.9,0.487
R487,rock,1,13162.4,-10784.3,1294.5,71.25,0.589
R488,rock,2,14045.4,-12300.9,1451.1,-70.12,0.637
R489,rock,2,14382.2,-12060.4,1367.7,46.96,1.164
R490,rock,1,14541.4,-10061.7,1408.9,-61.76,1.594
R491,rock,0,15488.9,-11634.9,1423.3,-233.88,0.467
R492,rock,2,15317.6,-9940.5,1271.7,-62.01,0.648
R493,rock,0,16729,-9243.1,1449.9,-179.16,0.747
R494,rock,1,17780,-10934.3,1475.3,-242.03,1.142
R495,rock,2,19171.6,-10041.7,1303.2,-75.27,1.058
R496,rock,2,19352.9,-8259.3,1329.8,-16.22,0.667
R497,rock,2,21048.2,-9198,1251.1,-86.91,0.452
R498,rock,1,21390.8,-7796.9,1258.1,-16.61,1.499
R499,rock,0,22278.1,-8893.9,1330.2,-224.44,0.574
R500,rock,2,22013.8,-7082.4,1414.1,-250.43,1.02
R501,rock,0,23439.3,-8365.6,1328.5,-68.34,0.367
R502,rock,2,24760.4,-8187.5,1450.1,52.98,1.317
R503,rock,0,26266.3,-5658,1357,-132.34,0.739
R504,rock,1,27291.2,-7241.6,1484.1,3.2,0.73
R505,rock,0,27963.1,-4738.8,1481.9,-133.67,0.723
R506,rock,2,28715.1,-4514.7,1396.7,-163.35,0.69
R507,rock,0,29829.4,-6256.2,1417.3,57.28,0.688
R508,rock,2,30308.8,-4227.5,1313.2,-157.67,1.253
R509,rock,0,30937.6,-3638.1,1370.2,-1.6,1.291
R510,rock,1,32529.7,-3247.2,1273.2,-168.16,0.325
R511,rock,0,32796.1,-2822.9,1389.4,-223.5,0.745
R512,rock,0,33935.3,-4497.1,1405.7,-65.5,0.682
R513,rock,2,33924.8,-2338.8,1424,-7.86,0.674
R514,rock,1,35833.4,-3658.5,1382.8,-147.75,1.253
R515,rock,2,35508.4,-1857.4,1366.5,-123.05,0.713
R516,rock,1,37389.3,-3052,1432.8,-4.73,0.64
R517,rock,1,38167.4,-2745.4,1437.2,35.55,0.621
R518,rock,2,38748.1,-2007.2,1285.3,-105.38,0.344
R519,rock,1,39235,-2070.1,1425,-162.57,0.597
R520,rock,1,39527.6,-1712.5,1305.3,-14.34,0.731
R521,rock,1,39341.2,-340.9,1262.3,10.09,0.561
R522,rock,0,41437.4,-910.7,1277.9,-199.03,0.436
R523,rock,2,41352,1095.7,1403.3,-265.31,1.499
R524,rock,1,43069.2,-500.4,1407.7,-94.66,1.567
R525,rock,1,43366.6,-186.2,1396.8,-169.39,0.723
R526,rock,1,42891,1594,1222.9,79.23,1.578
R527,rock,2,44144.3,80.2,1387.2,-122.85,0.704
R528,rock,2,43910.9,2192.1,1348.7,-252.29,1.089
R529,rock,2,44171.4,2526.4,1370.9,-138.82,1.331
R530,rock,0,45481.6,982.4,1321.8,-203.63,0.692
R531,rock,1,46539.4,1520.4,1359.7,-226.5,0.661
R532,rock,2,46715.6,1989.2,1210.2,-48.37,0.957
R533,rock,0,47160.3,2002.1,1379.3,-120.22,0.568
R534,rock,0,48162.8,2726.4,1241.9,-143.26,0.474
R535,rock,1,47623.5,4282.6,1266.7,-20.73,1.061
R536,rock,1,50363.1,3985.5,1328.5,-125.06,0.739
R537,rock,0,51223.8,4913.1,1180.2,-96.32,0.704
R538,rock,2,52885.4,6145.4,1236.5,-255.52,0.66
R539,rock,0,54363.3,7560.8,1256,-216.56,0.496
R540,rock,0,53258,9351.2,1276.8,-265.13,0.5
R541,rock,1,53543.2,9630.8,1209.9,-85.01,1.476
R542,rock,1,56899.5,10149.8,1114,-149.73,0.679
R543,rock,2,57328.3,10852.1,1039.7,-125.73,1.303
R544,rock,2,57988.6,11301.7,1073.2,-22.58,0.568
R545,rock,2,58260.6,11586.2,1131.6,10.26,0.586
R546,rock,0,58073.3,13548.4,1132.3,-190.05,0.324
R547,rock,1,60610.8,13605.6,1094.6,-106.03,0.646
R548,rock,1,61610.1,16065.8,983.5,-261.06,0.575
R549,rock,0,62408.3,16968.3,1079.6,-124.95,1.324
R550,rock,1,62871.9,16980.1,963.3,-146.25,0.369
R551,rock,0,63910.4,16084.6,1041.3,-187.35,0.345
R552,rock,0,65049.5,16423.5,1196.6,-32.96,1.045
R553,rock,2,65698.1,16938.7,1086,-69.86,0.349
R554,rock,0,65751.3,18651.8,980,-101.03,0.699
R555,rock,1,67332.9,19509.5,1014.4,-76.25,0.313
R556,rock,2,67681,19844.2,1076.9,-224.95,0.976
R557,rock,0,68055.8,20132.2,1172.5,70.37,0.443
R558,rock,1,70569.5,21366.8,1185.2,-113.86,0.327
R559,rock,2,72424.8,21739.7,1030.2,-247.36,1.376
R560,rock,1,73750.5,20865.6,1027.9,-175.69,1.256
R561,rock,0,74048.2,22593.9,1059.7,-36.37,1.089
R562,rock,1,75662.8,23310.1,1123.6,-110.83,0.681
R563,rock,1,76813.3,23850.3,1147.4,-0.03,1.233
R564,rock,0,77674.7,23852.2,1044.9,-103.27,0.481
R565,rock,0,78655.9,22294.5,1123.3,-238.84,0.902
R566,rock,1,79012.8,22437.3,1180,-183.36,0.692
R567,rock,2,79453,24467,1062.7,-222.37,0.947
R568,rock,0,80918.2,23400.7,927.8,-20.91,0.671
R569,rock,1,80637.6,25095.2,1220.3,-80.16,1.013
R570,rock,1,80897.2,25267.6,1253.5,-212.02,0.69
R571,rock,1,81894.3,23417.7,926,-85.47,0.323
R572,rock,1,81965.9,25502.9,1428.8,-225.95,1.169
R573,rock,1,82821.4,23976.4,903.6,-41.7,0.548
R574,rock,0,82470.3,25473.8,1392.2,-41.72,0.692
R575,rock,crag,-56887.5,-76873.7,13520.9,-118.76,10.857
R576,rock,crag,-37970.3,-77201.9,16405.8,-87.7,9.634
R577,rock,crag,28233.5,-78314.1,13659.4,-60.02,7.936
R578,rock,crag,-71737.6,-73289.9,16201.2,-62.51,10.184
R579,rock,crag,1414.7,-74733.6,13714.1,-74,9.597
R580,rock,crag,10054.4,-73427.7,11954.6,-237.98,7.178
R581,rock,crag,19903.8,-71234,15451,-142.43,9.523
R582,rock,crag,20849.9,-71927.4,15764.9,19.25,9.229
R583,rock,crag,79559,-72036.9,10282.1,-242.59,9.016
R584,rock,crag,-59932.9,-67063.5,11812.3,0.26,10.597
R585,rock,crag,3722,-68039.5,10667.9,27.76,7.439
R586,rock,crag,21567,-67388.4,9865.1,89.44,10.752
R587,rock,crag,45106.7,-70134.5,12114.3,-90.88,9.192
R588,rock,crag,-65153.7,-61252,11745.2,-90.58,6.262
R589,rock,crag,-56096.8,-64765.3,11682.2,-172.51,5.911
R590,rock,crag,-34201.9,-63982.5,7335.1,-211.85,9.39
R591,rock,crag,-28445.7,-65315.8,10768.8,-59.56,9.752
R592,rock,crag,10700.5,-61291.6,6012.2,-18.84,9.087
R593,rock,crag,20052.5,-63995.8,10264.6,-61.97,6.548
R594,rock,crag,55332.5,-65479.5,10527.2,-63.78,9.865
R595,rock,crag,4326.6,-58693.7,5106.6,20.05,8.48
R596,rock,crag,26083,-58646.4,5042.8,-147.45,9.581
R597,rock,crag,46134.4,-59844.7,10284.8,-179.06,10.599
R598,rock,crag,-78818.2,-51706.7,13912.3,-13.45,9.432
R599,rock,crag,-68402.2,-51578.7,12840.2,-205.02,10.958
R600,rock,crag,46544.2,-51230,8025.9,83.06,5.778
R601,rock,crag,51341,-47106.8,6145.4,-68.5,10.988
R602,rock,crag,-60285.6,-41938.1,5774.9,-190.84,6.615
R603,rock,crag,38212.2,-43279.4,6605.5,63.07,10.077
R604,rock,crag,37639.3,-41015.6,6842,-120.77,8.537
R605,rock,crag,44410.4,-38800.6,5927.8,-2.27,6.296
R606,rock,crag,-72649.6,-30741.5,10782.6,-155.53,7.384
R607,rock,crag,-68025.9,-29150.6,7966.8,-56.23,10.862
R608,rock,crag,-58934,-30842,4989.7,-153.13,10.34
R609,rock,crag,-77658.3,7866.6,11591.3,-42.22,9.8
R610,rock,crag,-72193.3,11799.1,12741.7,-254.48,7.193
R611,rock,crag,-78165.1,19898.3,13969.8,-97.44,9.491
R612,rock,crag,-64161,19139.4,8588.8,-139.21,9.24
R613,rock,crag,-66637.5,22069.6,9887.8,-131.02,7.601
R614,rock,crag,-69207.6,42147.9,8864.3,57.99,10.991
R615,rock,crag,-60990,46471,4156,-55.03,7.472
R616,rock,crag,-61498.2,54469.4,5461.9,-159.76,5.244
R617,scatter,deadTree,-49942.4,-76138,15977.3,-133.25,0.726
R618,scatter,deadTree,51804.3,-76491.4,12149,-246.17,0.723
R619,scatter,deadTree,-32501.6,-72752.6,13537.6,56.41,0.838
R620,scatter,deadTree,55128.8,-69739.2,14173.7,-24.11,0.83
R621,scatter,deadTree,-71302.3,-60816.2,11473.8,27.91,0.824
R622,scatter,deadTree,-42935.7,-59905.4,6306.3,-195.74,0.74
R623,scatter,deadTree,5275.6,-65714.4,9664.2,-54.28,0.967
R624,scatter,deadTree,25925.9,-61076.5,7567.9,-70.97,0.923
R625,scatter,deadTree,42592.1,-61414.9,9370.9,-197.36,0.734
R626,scatter,deadTree,-46845.8,-46719.7,3871.5,-104.51,0.887
R627,scatter,deadTree,-19963.8,-51536,1906,-218.34,0.926
R628,scatter,deadTree,20540,-50657.3,2388.8,-3.9,0.892
R629,scatter,deadTree,38950.8,-49599.2,7742.6,13.82,0.728
R630,scatter,deadTree,65034.1,-45620.4,3934.7,-158.59,0.969
R631,scatter,deadTree,-45960,-41942.9,2750.4,79.15,0.874
R632,scatter,deadTree,-41331.8,-40032.2,2300,-27.14,0.841
R633,scatter,deadTree,-14553.1,-40320.9,1926.4,-182.22,0.962
R634,scatter,deadTree,-4882.8,-43215.2,2052.2,46.74,0.978
R635,scatter,deadTree,6031.6,-39454.9,1939.7,-35.67,0.941
R636,scatter,deadTree,34799.1,-39657.2,4316,34.91,0.908
R637,scatter,deadTree,-34045.6,-31875.8,1784.6,-50.49,0.882
R638,scatter,deadTree,-16295,-34592.9,1646.4,-51.62,0.778
R639,scatter,deadTree,56275.1,-33607,2682.8,-38.89,0.768
R640,scatter,deadTree,16314.7,-26201.6,1478.6,38.62,0.709
R641,scatter,deadTree,47045.5,-26556.8,2747.1,-152.14,0.914
R642,scatter,deadTree,-68322.8,-20058.5,8105.9,-74.73,0.753
R643,scatter,deadTree,12344.4,-18123.2,1658.4,58.52,0.964
R644,scatter,deadTree,74842.8,-21891.3,7508.1,-185.93,0.81
R645,scatter,deadTree,-55037.1,-14598.3,3008.7,-25.56,0.966
R646,scatter,deadTree,-49010,-14646.1,2219.5,-148.64,0.925
R647,scatter,deadTree,-35404.9,-15339.7,1807.1,-23.19,0.778
R648,scatter,deadTree,79390.8,-13715.8,7867.6,-148.11,0.995
R649,scatter,deadTree,-58647.2,-8977.5,3497.4,-122.9,0.94
R650,scatter,deadTree,38042.7,-4804,1922.1,10.69,0.729
R651,scatter,deadTree,-61391.6,423.9,3563,59.27,0.841
R652,scatter,deadTree,-41569.9,2218.1,2133.6,-69.17,0.965
R653,scatter,deadTree,-37007.1,3266.3,2095.4,-13.36,0.867
R654,scatter,deadTree,22080.5,-2876,1711,-78.3,0.717
R655,scatter,deadTree,-79251.7,14791.8,13242.4,71.46,0.848
R656,scatter,deadTree,-65170,17833.8,8370.3,-266.37,0.804
R657,scatter,deadTree,-34107.3,11083.4,1720.7,-116.14,0.838
R658,scatter,deadTree,-30410.9,17906,1576.1,-230.23,0.91
R659,scatter,deadTree,-8039.3,14428.3,1494.4,-180.9,0.943
R660,scatter,deadTree,72471.3,12218.3,4800.9,71.85,0.703
R661,scatter,deadTree,-74834.9,18446.2,12653,-263.87,0.725
R662,scatter,deadTree,-47377.1,20903.8,1625.8,39.21,0.74
R663,scatter,deadTree,5388.2,23464.8,1698.1,-188.28,0.827
R664,scatter,deadTree,50316.9,18307.6,1913.2,57.87,0.814
R665,scatter,deadTree,-46222.5,27714.3,1622.1,-136.21,0.903
R666,scatter,deadTree,38200.2,28809,1839.7,-250.61,0.948
R667,scatter,deadTree,66157.1,25138.6,3708.3,84.18,0.84
R668,scatter,deadTree,74843.3,30745.1,5500.1,-70.54,0.707
R669,scatter,deadTree,-19595.8,33596.8,1543.4,57.61,0.795
R670,scatter,deadTree,64907.6,38010.6,3261.4,-252.66,0.914
R671,scatter,deadTree,74277.3,34569.7,5016.3,-29.35,0.878
R672,scatter,deadTree,-47824.6,40357,1632.9,-234.76,0.758
R673,scatter,deadTree,-39854.4,44519.9,1677.8,-3.69,0.954
R674,scatter,deadTree,27990.5,45736.8,2086.8,-45.89,0.794
R675,scatter,deadTree,55700,44048.6,1645.3,-22.47,0.773
R676,scatter,deadTree,-62014.9,49153.1,4163.9,-104.83,0.776
R677,scatter,deadTree,-73321.9,56778.2,10022.3,-162.68,0.76
R678,scatter,deadTree,-64345.7,54684.1,7408.7,-133.88,0.716
R679,scatter,deadTree,-49156.4,57603.4,1924.8,-96.45,0.988
R680,scatter,deadTree,-10596.6,59466.1,1949,-119.15,0.721
R681,scatter,deadTree,67034.3,58906.4,3512.3,-190.47,0.927
R682,scatter,deadTree,-68801.9,60422.9,5480.7,48.44,0.808
R683,scatter,deadTree,2014,63657.8,2049.8,-239.62,0.732
R684,scatter,deadTree,14183.6,62795.7,2602.7,10.71,0.947
R685,scatter,deadTree,47462.6,66719,2456.6,72.53,0.819
R686,scatter,deadTree,71281.3,62787.2,4745.2,67.54,0.738
R687,scatter,deadTree,-76665.2,68601.4,10555.5,-165.26,0.819
R688,scatter,deadTree,-7101.6,68908.9,2946.6,-210.32,0.718
R689,scatter,deadTree,-1500.6,69351.8,4462.9,67.25,0.753
R690,scatter,deadTree,10837.6,72911,4929.3,8.2,0.862
R691,scatter,deadTree,-69176,75782.8,6413.2,-241.46,0.829
R692,scatter,deadTree,-49085.4,75062.6,4930.6,-54.76,0.706
R693,scatter,deadTree,48054.6,74674.1,3951.5,-104.48,0.808
R694,scatter,deadTree,64650.9,77852.1,6018.2,-94.87,0.978
R695,scatter,deadTree,69070.9,79147.4,4845.5,-6.86,0.793
R696,rock,0,-74493.4,-79619.2,15870.4,-105.87,0.455
R697,rock,2,-72432.4,-79662.9,14902.3,-133.02,2.098
R698,rock,0,-69454.5,-79259,13102.1,-228.72,2.492
R699,rock,2,-65123.8,-79629.1,16717.9,-18.34,1.792
R700,rock,0,-64663.8,-79523.9,16752.1,-66.44,1.194
R701,rock,0,-62865.3,-79875.7,14319.5,47.18,0.403
R702,rock,2,-60987.1,-79238.8,14112.5,-163.02,0.419
R703,rock,1,-58134.1,-79744.9,15605.7,-260.05,0.657
R704,rock,0,-56878.6,-79697.2,15572.2,-176.46,0.531
R705,rock,1,-55125,-79557.1,16225.3,-59.83,0.53
R706,rock,1,-52831.8,-79291.2,17326.9,-40.5,1.873
R707,rock,1,-51843,-79409.9,16506.1,-130.97,0.682
R708,rock,0,-50184.7,-79600.3,15460.2,-112.93,2.744
R709,rock,2,-48668.7,-79726,13781.5,-121,0.365
R710,rock,1,-48060.2,-79522.3,13965.9,-265.66,0.439
R711,rock,0,-45537,-79282.6,15531.8,-68.02,0.35
R712,rock,2,-42811,-79197.1,17178.7,-52.33,0.359
R713,rock,0,-40961.3,-79154.5,17094.2,-135.42,0.447
R714,rock,0,-34005.8,-79428.8,13925.5,-186.12,1.424
R715,rock,0,-29629.1,-79904.7,14577.6,88.1,0.669
R716,rock,2,-28407.4,-79626.9,13385.3,62.61,0.454
R717,rock,1,-27302,-79550.3,13182,-204.74,0.602
R718,rock,2,-23198.6,-79242.6,13322.8,21.82,0.656
R719,rock,2,-21656.4,-79607.1,13752,-143.11,1.862
R720,rock,2,-11183.8,-79211.2,15832.8,-260.34,1.246
R721,rock,1,-10353.6,-79733.3,16479.2,-246.19,1.028
R722,rock,1,-8343.7,-79319.5,15031.5,-8.17,1.62
R723,rock,1,-3663.7,-79238.5,15307.4,36.33,1.163
R724,rock,0,-2385.5,-79959.4,16834.7,-125.18,1.15
R725,rock,2,2165.1,-79294.9,16236,-250.4,1.392
R726,rock,1,3793,-79842.1,15030.6,-210.15,0.669
R727,rock,0,9225.8,-79273.1,13064.7,70.78,3.129
R728,rock,1,10182.6,-79127.7,13981.5,66.96,2.524
R729,rock,2,12084.2,-79644.8,17419,-238.65,0.324
R730,rock,1,13050.8,-79935.8,14943.6,63.65,0.357
R731,rock,1,17049.6,-79391.7,14480.5,-14.95,1.172
R732,rock,2,27828.6,-79709.9,14648.8,-157.22,1.679
R733,rock,1,28372.1,-79256.5,14561,7.7,2.44
R734,rock,2,34470.3,-79622,16092.1,-149.72,0.279
R735,rock,1,40799.5,-79339.9,14840.5,-8.93,0.566
R736,rock,2,44536.9,-79274.3,13009.2,-98.32,1.38
R737,rock,1,45913.9,-79957.6,13109.1,-152.58,1.75
R738,rock,1,47479.2,-79132,14307.3,44.1,0.476
R739,rock,1,48153.2,-79752.4,14584.1,-212.4,0.402
R740,rock,2,49454.1,-79478,17853.6,-199.64,0.473
R741,rock,0,49856.8,-79554,18221.5,49.64,1.026
R742,rock,2,50598.3,-79265.9,16045.9,-40.34,1.129
R743,rock,1,52161.9,-79223.1,13934,70.3,1.897
R744,rock,1,52344.3,-79351.5,13928.6,88.27,2.44
R745,rock,0,54528.9,-79437.5,14478.6,-248.44,2.613
R746,rock,1,57302.4,-79311.4,12493.8,-243.25,0.538
R747,rock,2,58282,-79563.8,12590.8,-24.74,0.601
R748,rock,0,59733.7,-79789.2,14278.5,-193.02,2.671
R749,rock,1,61066.3,-79328.2,16122,38.73,0.633
R750,rock,0,65822.5,-79276.8,15948.8,86.35,2.149
R751,rock,0,69576.1,-79675.7,13691.1,63.16,1.573
R752,rock,2,74700.3,-79171.3,14902.6,-112.7,2.208
R753,rock,1,76445.2,-79830.6,13932.1,-167.72,1.614
R754,rock,2,-77989.9,-78410.6,17580,-204.07,2.915
R755,rock,0,-75953.4,-78459.1,17038.7,-53.01,1.316
R756,rock,1,-73127.9,-78528.1,14599.7,-85.02,0.366
R757,rock,2,-61414.7,-78546.1,14126.6,-141.28,0.677
R758,rock,2,-57614.9,-78855,15704.8,-243.17,0.555
R759,rock,0,-53598.6,-78883.4,17041.6,40.96,2.585
R760,rock,0,-47053.3,-78764.6,14664.4,52.71,0.511
R761,rock,1,-46170.1,-78870.6,14878.9,-66.2,0.487
R762,rock,0,-44678.3,-78721.6,16594.7,-181.2,2.173
R763,rock,0,-40999.9,-78602.7,17583.4,-180.94,1.653
R764,rock,1,-40058.9,-78796.6,16432.4,55.97,3.163
R765,rock,2,-37185.5,-78671.5,15228.3,-142.43,0.291
R766,rock,1,-34644.9,-78814.1,14113.2,0.47,1.167
R767,rock,1,-32195.3,-78808.2,13490.2,-69.07,0.394
R768,rock,2,-26177.9,-78904,14516.1,-42.75,2.064
R769,rock,0,-24582.2,-78438.7,13131.3,-71.05,2.03
R770,rock,0,-22791.1,-79095.8,13687.5,-204.15,0.312
R771,rock,2,-19842.3,-78444.2,12290.2,-139.54,0.418
R772,rock,0,-18745.8,-78928.7,13151.9,-249.16,0.296
R773,rock,1,-12382.1,-78446.5,15958.5,-188.64,1.148
R774,rock,0,-4770.8,-79041,14692.1,81.35,0.451
R775,rock,0,-2503.7,-78538,15596.9,-86.49,2.451
R776,rock,1,1797.9,-78539.5,15658.8,-77.91,1.071
R777,rock,2,1997.7,-78549,15304.8,-238.28,1.966
R778,rock,2,6714.3,-78927.8,12904.1,-52.93,0.46
R779,rock,1,16592.4,-78452.2,15604.8,16.97,3.029
R780,rock,1,20438.6,-78534.3,14193.7,-155.69,0.638
R781,rock,1,21714,-78900.4,15179.9,76.69,2.345
R782,rock,0,27716.6,-78219.1,13707.2,-262.53,1.716
R783,rock,2,28791.6,-78927.3,14608.1,-96.53,1.209
R784,rock,2,30016.7,-78985.7,13068.1,-101.46,0.272
R785,rock,2,31193.1,-78217.1,13626.1,-84.25,2.59
R786,rock,1,37533.6,-78452.2,16500.4,-6.06,2.817
R787,rock,0,45300.5,-78459.2,13291.5,-140.69,2.058
R788,rock,0,47045.4,-79065,13961.1,1.08,0.497
R789,rock,2,48400,-79032.1,16351.7,-33.24,1.194
R790,rock,1,48846,-78239.3,17446.2,-84.59,0.437
R791,rock,2,49847.2,-79079.4,17557,-3.03,2.156
R792,rock,2,50784.7,-78959.7,15499,-97.2,0.607
R793,rock,2,52143.9,-78852.2,13513.9,-113.04,0.593
R794,rock,0,53134.7,-78769.5,13859.5,-10.97,2.652
R795,rock,2,54657,-78363.2,13819.7,-72.9,1.833
R796,rock,0,58878.2,-78235.3,13051.6,-148.1,0.617
R797,rock,2,61809.9,-78436.4,17267.2,-209.67,0.423
R798,rock,1,70266.7,-78973.2,14681.4,72.69,2.6
R799,rock,1,74427.8,-78230.4,14868.3,-29.98,2.917
R800,rock,0,75631.3,-78275.1,15918.8,7.88,2.823
R801,rock,1,78213,-78889,14694.3,-156.99,0.678
R802,rock,0,78425.9,-78369.3,15182,62.65,0.631
R803,rock,0,-77687.9,-77703,19001.1,-224.48,1.325
R804,rock,0,-72762.8,-78194.7,14394.2,-3.53,0.406
R805,rock,0,-68554.3,-78073.6,13342.7,10.36,0.64
R806,rock,2,-66809,-77425.5,13699.3,-118.76,2.145
R807,rock,0,-61801.3,-77656.4,14523.2,-198.9,1.443
R808,rock,1,-60925.4,-77854.3,13880.3,-229.41,0.62
R809,rock,1,-55858.4,-78131.7,14854.9,-53.44,1.872
R810,rock,2,-51625.9,-77403.8,16133.9,-45.63,0.416
R811,rock,2,-44294.7,-77597.4,16858.2,62.05,0.332
R812,rock,0,-41163.2,-77973.2,17617.2,-269.36,0.55
R813,rock,0,-39977.2,-77973.5,16803.9,-4.94,1.675
R814,rock,1,-36129.8,-77395.9,14943.3,-179.69,2.026
R815,rock,2,-31518.9,-77635.6,13345.6,-55.42,2.153
R816,rock,0,-25597.5,-77359.3,13922.7,46.87,2.684
R817,rock,1,-24731.3,-77856.9,13328.4,21.9,0.611
R818,rock,2,-23277.6,-77475.1,12741.2,-230.67,1.803
R819,rock,2,-16877,-77458.5,11553.8,-56.76,0.631
R820,rock,2,-11139,-78128.1,15185.2,-44.37,1.701
R821,rock,2,-8956.7,-78188,14682.5,18.04,0.553
R822,rock,2,-2743.1,-77572.6,14448.9,82.59,2.096
R823,rock,1,4534.4,-77754.6,13347,-236.45,1.724
R824,rock,2,5149.8,-78025.8,13184.7,-211.54,1.167
R825,rock,1,7368.1,-77671.1,12439.9,-255.65,1.282
R826,rock,0,19360.6,-77723.1,15229.9,21.88,0.38
R827,rock,2,20714.5,-78092.3,14341.4,-230.05,3.144
R828,rock,2,23012.6,-78054.6,13127.8,60.67,1.157
R829,rock,0,23694,-77779,12555.5,-153.87,2.009
R830,rock,0,27650.7,-78064.4,13537.8,-199.67,0.481
R831,rock,0,28710.4,-78006,13519.7,-216.3,2.424
R832,rock,1,33645.1,-77737.6,15417.8,-188.74,1.964
R833,rock,0,38093.9,-77890.6,16141.3,-249.59,0.427
R834,rock,0,38932.2,-77604.8,16884.3,18.99,1.692
R835,rock,0,45285.4,-77919.8,14024.6,30.15,0.594
R836,rock,2,48714.8,-77439,15377.7,-15.33,2.212
R837,rock,2,57507.9,-78045.9,12807.3,57.38,2.566
R838,rock,2,61040.7,-78142.1,15658.9,-138.82,2.016
R839,rock,0,63126.9,-77877.4,18229.7,-60.7,0.53
R840,rock,1,66851.3,-77622.4,14594.4,-26.51,1.257
R841,rock,0,74961.8,-77485.3,14939.8,-221.84,1.803
R842,rock,1,79811.5,-78051.9,13407,-136.78,2.719
R843,rock,2,-77419.1,-76955.7,18711.3,-17.3,0.583
R844,rock,0,-72294.2,-76549.7,14087.3,-108.71,0.573
R845,rock,1,-65654,-76513.7,16171.7,-239.97,2.176
R846,rock,0,-65592.2,-76704.4,16028.1,32.65,0.59
R847,rock,1,-51410.6,-76649.8,15784.3,-178.12,0.549
R848,rock,0,-48943.2,-76414,15482.7,-152.05,2.935
R849,rock,0,-48201.1,-76863.8,15037.9,78.59,0.475
R850,rock,2,-45528.7,-76630.4,15316.1,73.35,0.342
R851,rock,1,-40960.7,-76581.2,16413.8,-88.08,1.931
R852,rock,1,-34535.9,-76843,13968.8,-222.11,0.431
R853,rock,1,-24575,-76690.4,12460.6,-20.79,0.358
R854,rock,0,-17914.4,-76967.4,12068.4,-156.73,1.541
R855,rock,2,-14282.8,-77247.5,14159.9,-55.53,2.945
R856,rock,0,-12870.6,-76743.4,14589.9,-100.09,3.166
R857,rock,1,-6426.2,-77063.8,14612.7,-4.43,0.595
R858,rock,1,-6074.6,-76774.6,14500.2,-43.34,1.156
R859,rock,1,-4041,-77055,14304.7,-92.22,2.746
R860,rock,1,-2357.4,-76545.8,13621.4,67.3,1.618
R861,rock,1,1962.6,-76685.6,14163.2,-145.3,0.488
R862,rock,0,10069,-77175.4,13358.5,26.54,1.787
R863,rock,0,11405.5,-76733.3,15613.8,-227.19,2.323
R864,rock,0,18097.1,-76465.6,17029.1,-103.59,0.371
R865,rock,0,29182.8,-76727.3,13046.3,-259.79,1.571
R866,rock,1,34993.9,-76597.9,16145.9,-190.68,0.278
R867,rock,0,37910.4,-76461.5,14434.3,30.4,0.427
R868,rock,0,40266.8,-76566.6,15123.6,46.74,2.488
R869,rock,1,45432,-76414.9,14387.5,-0.85,1.065
R870,rock,0,46881.4,-76793.2,16775.3,-129.42,1.29
R871,rock,0,47124.3,-77100.2,16782.5,-33.14,2.98
R872,rock,1,49046.6,-77097.8,13785,-89.59,2.636
R873,rock,1,51876.8,-77238.8,12942.3,-39.69,0.64
R874,rock,1,55157.3,-76639.6,12856.2,-30.92,1.971
R875,rock,1,56380.3,-76661.8,11750.9,36.89,0.621
R876,rock,2,57433.4,-77013.7,11723.2,-102.04,0.662
R877,rock,2,58261.3,-76490,12828.6,-88.6,2.096
R878,rock,1,60214.7,-77296.8,14642.4,-98.72,2.68
R879,rock,0,62830.3,-77222.7,17814.6,-21.09,2.068
R880,rock,0,63545.5,-76706.7,16025.6,88.76,2.827
R881,rock,1,64479,-76788.6,15338,-145.99,2.261
R882,rock,0,78821.2,-77044.9,13076.6,-164.68,2.614
R883,rock,0,-75859.4,-76349.9,17667.4,-46.96,1.496
R884,rock,2,-72685.8,-75680.9,14903.4,88.23,0.624
R885,rock,2,-70232.6,-76335.2,13938.2,-189.72,2.765
R886,rock,1,-67199.1,-76005.9,14830,-180.87,2.211
R887,rock,2,-64531.7,-75604.6,18476.6,-146.46,1.731
R888,rock,2,-63151.4,-75506.5,14859.4,-198.31,0.403
R889,rock,0,-58186.3,-76372.1,14661.8,3.08,0.65
R890,rock,2,-57196.9,-76027.3,13160.6,-254.8,0.399
R891,rock,1,-53213.8,-76173.9,13223.3,-214.78,0.559
R892,rock,2,-48877.4,-76104.5,15240.9,-6.86,3.151
R893,rock,2,-46049.8,-75687.3,14183.7,42.89,0.632
R894,rock,2,-36073.7,-76334.2,15646.6,73.7,0.665
R895,rock,1,-26716.9,-75530.8,12948.6,-65.07,1.914
R896,rock,0,-23817.4,-75648.5,11515.4,-248.56,2.081
R897,rock,0,-17334,-76157,11116.5,-225.47,0.64
R898,rock,1,-14327.5,-75647,13860.2,-175.02,2.098
R899,rock,2,-9801.7,-76029.7,14875.2,-69.27,0.43
R900,rock,0,-5515.5,-76141.1,13841.9,-10.59,0.283
R901,rock,1,-5227.9,-76107.5,13961.4,60.41,0.448
R902,rock,0,-1783.2,-75849.4,12707.6,81.95,0.668
R903,rock,2,1974.4,-76141.7,14057.3,-167.07,0.612
R904,rock,2,7720.8,-75985.5,13310.7,-242.44,0.39
R905,rock,2,10566,-75969.9,13339.2,33.34,0.617
R906,rock,1,11151,-75652.2,14065.5,6.71,1.145
R907,rock,1,15309,-76033.8,15278.4,-191.5,0.311
R908,rock,0,19391.8,-75524.1,15247.8,-65.89,0.292
R909,rock,0,23640.8,-76035.7,13155.8,-109.86,0.455
R910,rock,1,25928.3,-76209.7,12825.5,-209.81,0.448
R911,rock,2,29304.9,-75590.4,13658.8,-151.08,2.617
R912,rock,2,30601.1,-75675.6,15859.2,-19.29,2.245
R913,rock,2,31183.1,-76087,16550.2,-24.62,1.63
R914,rock,1,42126.1,-75732,12825.6,-67.23,1.69
R915,rock,0,44522.5,-76397.8,13493.6,-121.99,0.303
R916,rock,1,46413.9,-75696.1,15851.3,-97.83,2.329
R917,rock,0,47412.3,-75615,13645.6,-259.51,2.88
R918,rock,1,48250.3,-75797,12539.9,-215.34,1.543
R919,rock,0,54628.2,-75659,13488.9,30.53,0.525
R920,rock,1,68543.8,-76345,14665.4,-105.2,0.382
R921,rock,2,77425.7,-75927.1,14473.7,-11.32,2.776
R922,rock,0,78248.4,-76058.5,14188.7,-0.95,1.548
R923,rock,1,-78978.9,-74682.5,14616.2,50.62,1.035
R924,rock,2,-78156.1,-75446.3,15367.1,-180.9,0.471
R925,rock,0,-76305.2,-75202.2,16122.4,-199.03,1.179
R926,rock,2,-72018.3,-75221.9,15138,12.66,0.458
R927,rock,0,-69422.4,-75369.3,13199.9,-122.36,2.521
R928,rock,0,-67875.4,-75470,13639.1,-58.31,2.287
R929,rock,1,-64144.7,-75486.7,17028.1,-94.7,1.676
R930,rock,0,-63161.7,-75338,14696.1,15.78,1.144
R931,rock,1,-58576.5,-74621.6,13954.2,-229.28,2.638
R932,rock,1,-57412.8,-75239.5,13512,-9.49,2.149
R933,rock,0,-51562.1,-75106.1,14070.4,-7.31,2.077
R934,rock,2,-48353.4,-74814.6,13995.8,-81.52,2.61
R935,rock,2,-44363,-74968.1,13819.2,59.34,1.293
R936,rock,0,-40133.3,-74872.3,14108.1,-65.92,1.632
R937,rock,1,-37865.1,-74985.2,15038.5,-147.32,1.883
R938,rock,2,-36479.2,-75213.6,16499.2,-263.12,2.068
R939,rock,0,-30768.5,-74911.1,13628.2,-116.84,0.558
R940,rock,1,-25395.1,-75228.3,13415.9,-247.79,1.908
R941,rock,0,-24892.2,-75136,12751.7,-193.43,1.966
R942,rock,0,-23512.1,-75462.6,11410.9,-114.39,0.631
R943,rock,2,-14216.9,-75203.3,13600.7,-251.61,1.476
R944,rock,0,-9948.6,-74955.7,14370,77.5,3.105
R945,rock,0,-9648.4,-74747.2,14173.6,27.71,0.256
R946,rock,1,-7399.7,-75096.7,12327,58.9,0.58
R947,rock,2,51.8,-74982.4,12105.3,-187.97,2.046
R948,rock,0,2192.1,-74946.4,14146,-254.27,2.956
R949,rock,0,8754.2,-75388.7,12772.2,-222.1,2.686
R950,rock,2,9130.4,-75173.1,12593.4,-169.38,1.161
R951,rock,2,11688.3,-74823.7,14622.3,-47.43,2.6
R952,rock,0,15058,-75127.2,15032.5,27.45,0.29
R953,rock,0,23814.3,-74735.8,12763,-12.83,1.368
R954,rock,0,29491.8,-74759.6,14770.7,-153.03,1.829
R955,rock,0,32755.7,-75266.5,16064.6,25.4,1.569
R956,rock,2,36632.3,-75188.7,14470.6,-259.39,0.408
R957,rock,1,40973.7,-74792,12276,-156.74,0.365
R958,rock,1,46819.4,-75241.1,14139,-150.11,2.747
R959,rock,2,47754.7,-75054.4,12181.3,-228.32,2.888
R960,rock,0,49231.9,-75451.8,11363.9,-0.29,1.348
R961,rock,1,53122.2,-74826.5,11416.9,-3.02,2.1
R962,rock,1,54229.2,-75084.7,12760.4,-185.1,2
R963,rock,2,56053.5,-74655.9,12354.5,28.83,0.488
R964,rock,0,61315.8,-75470.8,17044.7,-105.4,0.299
R965,rock,0,62637.9,-75109.1,15482.7,-97.08,1.255
R966,rock,0,66736.1,-74907.8,14576.3,-138.13,1.432
R967,rock,1,74423.3,-75368.2,14459.3,-52.42,0.47
R968,rock,2,75217.3,-75447.7,14881.2,-261.01,2.943
R969,rock,0,76154.1,-75052,14340.5,-44.11,1.364
R970,rock,0,79882.1,-74714.9,10861,-211.61,2.57
R971,rock,1,-79384.4,-74010.9,12933.3,-104.78,0.669
R972,rock,2,-75275.8,-74583.4,16848.3,69.98,1.432
R973,rock,1,-72255.7,-74240.5,16982.6,-42.24,2.446
R974,rock,1,-70871.2,-73769.6,14930.9,17.19,0.307
R975,rock,2,-57395.5,-74288.6,12988.8,-4.73,0.319
R976,rock,0,-52283.9,-73829.7,13373.5,-100.42,2.137
R977,rock,0,-51097.8,-74594.7,14438.7,-64.7,2.893
R978,rock,1,-50097,-73849.4,14726.1,46.63,0.556
R979,rock,1,-44347.2,-74454.8,13221.1,75.94,0.269
R980,rock,0,-43116.6,-74395.7,13605.6,-127.15,0.445
R981,rock,1,-41123.2,-74054.8,13825.7,15.83,1.269
R982,rock,2,-39306.6,-73968.7,13127.7,20.95,2.337
R983,rock,1,-37014.6,-74530.6,14874.6,-204.44,1.65
R984,rock,1,-35716.6,-74363.2,16390.1,-31.03,0.276
R985,rock,2,-33892.2,-74142.1,13866.8,-91.95,1.513
R986,rock,2,-31814.7,-74206.8,12423.9,-249.68,0.458
R987,rock,0,-27385.8,-74034.3,13312.3,-67.49,0.451
R988,rock,2,-22885.7,-74588,11107.3,-125.45,1.336
R989,rock,1,-9986.6,-73805.1,13088.2,-256.63,2.514
R990,rock,1,-8438.1,-74387,13166.4,-115.12,0.677
R991,rock,2,-4560.7,-74005.4,11505.4,-77.7,1.835
R992,rock,2,3247.7,-74299.4,13599.7,-47.15,1.354
R993,rock,0,7593.8,-74541.6,12669,-20.97,0.616
R994,rock,2,10617.5,-73913,12574.6,-67.18,0.657
R995,rock,0,11431.4,-74373.9,14099.3,-81.36,0.479
R996,rock,0,11997.8,-74220.7,14931.2,-17.6,1.029
R997,rock,1,15366.6,-74415.9,15016.1,23.54,2.868
R998,rock,2,18461.6,-73880.6,15574.4,-165.83,2.566
R999,rock,1,19017,-74423.4,14883,-13.83,1.613
R1000,rock,1,28906.6,-74419.2,14312.8,-42.38,1.764
R1001,rock,1,31383.7,-74161.5,16429.9,-229.76,2.938
R1002,rock,1,31601.8,-73947.1,15584.4,-221.6,1.004
R1003,rock,1,38518.7,-73732.1,12942.7,-141.17,2.586
R1004,rock,0,39215.9,-74484.5,13358.8,53.65,1.663
R1005,rock,0,41018.8,-73925,11728,-207.74,0.587
R1006,rock,0,41976.1,-74165.6,12072.1,-231.52,0.613
R1007,rock,1,43906,-74550.9,12071.9,43.54,1.226
R1008,rock,1,45452.6,-74090,13751.1,-96.25,1.294
R1009,rock,0,48313,-73807.1,10816.2,-90.99,0.653
R1010,rock,2,49482,-74162.7,10427.9,70.46,0.564
R1011,rock,0,54330.1,-74148.1,12621.2,-17.93,1.159
R1012,rock,2,55176,-74543.3,12571.1,-233.5,3.04
R1013,rock,1,56032.4,-74539.8,12378.5,7.34,0.398
R1014,rock,2,59697.5,-74423.1,16104.6,80.21,0.656
R1015,rock,0,63634.6,-74342.5,14220.8,-152.91,0.304
R1016,rock,2,66468.8,-74314.2,15318.6,-106.86,2.001
R1017,rock,0,70568.2,-73716.8,16126.8,-236.19,1.83
R1018,rock,2,76452.6,-73981.2,12776.5,-175.63,1.674
R1019,rock,1,76861.5,-74441.6,12419,71.37,1.365
R1020,rock,2,-78400.3,-73307,14381.5,-238.95,1.42
R1021,rock,0,-78039.9,-73258.8,15084.2,-143.02,3.146
R1022,rock,1,-75411.1,-73354.2,15090.9,-238.88,2.55
R1023,rock,0,-73734.6,-73540.4,17366.6,-79.66,1.189
R1024,rock,2,-70813.8,-73665.3,14732.6,-260.25,2.936
R1025,rock,0,-62399.7,-72828.5,13577.6,38.57,1.659
R1026,rock,2,-51083.4,-73125.3,13446.3,-155.64,0.575
R1027,rock,2,-43772,-73079.2,12136.4,-221.35,2.797
R1028,rock,1,-42769,-73584.6,13292.5,-162.48,0.358
R1029,rock,1,-40673.7,-73166.8,12822.6,-154.13,1.865
R1030,rock,0,-37149.6,-73407.4,12735.3,-62.93,0.541
R1031,rock,1,-36165.2,-73668.5,15248.7,-139.16,1.733
R1032,rock,2,-28864.2,-73260,12919.8,-258.27,2.189
R1033,rock,2,-28623.7,-72800.4,12201.6,-169.31,0.626
R1034,rock,2,-27424.6,-73678.4,13158.8,-99.23,2.416
R1035,rock,2,-26722.6,-73333.3,13390.3,-187.72,0.484
R1036,rock,2,-23817.6,-73184.5,11801.7,-201.68,1.077
R1037,rock,0,-21084.7,-72977.5,10627.2,-26.93,2.517
R1038,rock,0,-15221.2,-73303.3,12806,-209.02,1.431
R1039,rock,1,-8219.6,-73366.7,11633.2,-186.03,1.919
R1040,rock,2,364.1,-72912,11532,-33.38,2.858
R1041,rock,0,5296.2,-73596.3,12906.6,-164.52,0.275
R1042,rock,2,7817.4,-73446.1,12439.3,-133.28,1.811
R1043,rock,0,9970.5,-72830,11795.3,-206.36,0.475
R1044,rock,0,13361.6,-73116.7,15513.3,55.8,2.735
R1045,rock,0,14192.1,-73478.2,14998.9,-12.35,0.436
R1046,rock,1,23548.9,-72825.9,13567.8,-16.37,2.201
R1047,rock,2,25206,-72876.2,12195.6,73.8,0.436
R1048,rock,2,27790.1,-73478.2,14139.9,51.72,1.219
R1049,rock,2,29666,-73593.1,16419.4,12.93,0.293
R1050,rock,0,31586,-73210.3,14298.8,49.12,2.031
R1051,rock,2,36758.4,-73452.4,13575,-148.65,0.506
R1052,rock,2,45375.7,-73462.5,13746.7,-149.67,0.42
R1053,rock,1,46430.2,-73086,13848.3,-173.33,1.627
R1054,rock,1,47220.6,-73365.2,12157.8,-190.66,2.557
R1055,rock,2,47809.1,-73092.4,11788.6,-89.04,2.9
R1056,rock,1,52618.5,-73101.6,11723.3,-11.79,2.895
R1057,rock,1,58062.1,-72816.7,15186.2,-23.42,3.053
R1058,rock,0,60116.7,-73197,13370.3,-235.99,0.432
R1059,rock,2,61066.5,-73442.7,13061.9,86.36,3.064
R1060,rock,1,61531.1,-73149.6,12808.6,-58.83,1.605
R1061,rock,1,63282.4,-73333.2,13363.7,-57.05,0.357
R1062,rock,0,77758.4,-72888.1,11515.8,-209.95,0.363
R1063,rock,1,-79172.7,-72213,12451.6,-12.38,0.414
R1064,rock,0,-74932.8,-72576.8,14261.1,-223.77,1.363
R1065,rock,1,-69260.2,-72792.8,14081.9,-14.69,0.255
R1066,rock,2,-68201.9,-72546,14307.2,65.49,1.862
R1067,rock,0,-65105.4,-71904.4,16874.6,-269.07,1.206
R1068,rock,1,-64615.3,-72797.9,16331.6,84.73,0.522
R1069,rock,0,-62920.1,-72384.8,13741.4,-208.25,2.08
R1070,rock,1,-57723.1,-72692.5,11827.4,-238.96,1.378
R1071,rock,0,-50894.2,-72486.8,13816.9,51.46,2.076
R1072,rock,1,-47282,-72203.2,11578.8,-230.12,2.765
R1073,rock,1,-41919,-72592.7,12463,-20.54,1.278
R1074,rock,0,-40236.7,-72122.7,11864.6,-226.25,0.592
R1075,rock,1,-36943.8,-72258.4,12392.5,-195.08,0.505
R1076,rock,1,-28347.6,-72655.6,12152.1,-219.12,0.259
R1077,rock,2,-24740.8,-72030.4,13330.4,35.49,0.501
R1078,rock,0,-22895.9,-72531.4,11102.2,-118.47,0.607
R1079,rock,0,-17011.4,-72732.1,12183.4,-149.96,0.338
R1080,rock,0,-13587.6,-72477.8,12761,-34.92,1.627
R1081,rock,2,-10735.7,-72190.6,12250.2,-233.32,0.689
R1082,rock,1,-10211.4,-72519.6,12283.1,-190.91,0.685
R1083,rock,1,-9764.6,-72429.3,11895.3,-109.07,0.52
R1084,rock,2,-7769.1,-72105.1,11330.8,-144.78,2.119
R1085,rock,2,-6119.8,-72489.5,10101.1,-245.78,0.674
R1086,rock,2,8319.1,-72730.2,11563,-138.41,2.207
R1087,rock,1,10743,-72121.8,12631.2,-176.28,0.484
R1088,rock,0,14153.5,-71993.9,13757,-87.49,0.599
R1089,rock,2,16620.9,-72075.8,14534.1,-246.87,1.073
R1090,rock,0,21006.3,-72644.2,14331.9,-213.21,3.113
R1091,rock,0,26772.6,-72633.2,12983.2,40.74,0.667
R1092,rock,2,27228,-72777.7,13492.8,-193.54,2.769
R1093,rock,0,29897.7,-72786.5,15008.3,-260.85,2.553
R1094,rock,2,32951.6,-72594.3,13414.4,-247.78,1.672
R1095,rock,0,36121.4,-72502.5,13154.7,-197.42,1.394
R1096,rock,2,38957.3,-72542.4,12225,-151.53,0.402
R1097,rock,1,39737.9,-72362.9,11596,-173.5,1.121
R1098,rock,2,49986.7,-72128.8,11291.9,-166.91,1.637
R1099,rock,1,57472.6,-72014,15275,70.43,1.01
R1100,rock,1,59297.3,-72495,13715,47.77,1.648
R1101,rock,2,63033.3,-72279.2,12847.5,-165.52,0.372
R1102,rock,0,66666,-72622.3,13379.1,-156.92,1.462
R1103,rock,1,68916.9,-72474,13780.4,-222.53,0.646
R1104,rock,0,72840.9,-72665.6,15233.1,-7.11,0.665
R1105,rock,1,73562.3,-72707.3,14099.9,19.98,2.487
R1106,rock,2,74643.3,-71905.5,12989.4,9.56,1.906
R1107,rock,0,78370.9,-72351.5,11293.8,-37.04,0.328
R1108,rock,2,78478.9,-71960.5,10895.2,-131.53,0.456
R1109,rock,0,79923.9,-72489.4,9301.8,-15.72,2.344
R1110,rock,0,-72824.7,-71520.4,14645.3,-60.98,1.985
R1111,rock,0,-68699.4,-71180,14497.7,11.67,1.026
R1112,rock,2,-65604.9,-71267.9,16540.3,-126.56,1.399
R1113,rock,1,-62521.2,-71721,13296.7,-81.55,2.505
R1114,rock,0,-61419.8,-71873.5,13297.7,-89.97,0.572
R1115,rock,2,-52133,-71877,13934.5,-107.36,0.523
R1116,rock,2,-41128.4,-71101,13219,-50.15,0.645
R1117,rock,0,-35919.7,-71532.2,13388.3,82.83,2.644
R1118,rock,0,-32074.1,-71732.7,14089.6,-70.87,2.432
R1119,rock,1,-30794.5,-71554.5,12707.6,4.09,1.413
R1120,rock,0,-24248.7,-71333.8,12451,-87.74,1.501
R1121,rock,2,-21967.6,-71843.3,11701.3,-33.04,0.596
R1122,rock,1,-19398.1,-71279.1,12252.2,52.95,0.487
R1123,rock,0,-7230.1,-71556.2,10255.6,-234.65,2.328
R1124,rock,2,-698.1,-71755,10051.2,-140.86,1.047
R1125,rock,0,2935.1,-71512.1,12547.9,-48.75,2.381
R1126,rock,1,6591.6,-71877.9,11219.7,-193.31,1.853
R1127,rock,1,9332,-71838.1,11470.6,-215.76,0.356
R1128,rock,0,11624.5,-71603.6,12597.3,44.92,2.288
R1129,rock,1,12055.9,-71661.3,12707.8,-82.39,1.129
R1130,rock,1,12782.9,-71362.7,12609.6,-176.67,2.523
R1131,rock,1,14746.4,-71244.6,13280.9,-236.02,0.28
R1132,rock,2,19369.9,-71711.5,15619.9,-250.26,2.783
R1133,rock,2,22269.1,-71682.2,15563.5,-128.14,3.182
R1134,rock,2,26335.9,-71002.4,14025.3,61.84,0.282
R1135,rock,0,28401.1,-71094.4,13058.8,-73.15,1.7
R1136,rock,0,41589.2,-71041.9,10233.2,-55.17,1.236
R1137,rock,0,45342.2,-71514.3,12442.5,-82.46,1.449
R1138,rock,1,49501.8,-71157.7,12134.2,-149.94,0.693
R1139,rock,0,49638.6,-71422.8,11901.9,80.25,0.684
R1140,rock,1,50752,-71087.6,11169.1,-223.87,2.078
R1141,rock,1,55640.5,-71537.3,15207.6,-49.04,1.066
R1142,rock,2,63512.4,-71513.6,12682.5,71.98,1.396
R1143,rock,2,71289.2,-71214.1,13931.4,-268.45,2.889
R1144,rock,0,74471.7,-71691.5,12659,38.62,2.767
R1145,rock,2,75312.6,-71872.3,12632.4,82.77,0.314
R1146,rock,0,75739.9,-71857.6,12432.5,-205.81,0.636
R1147,rock,1,79685.8,-71387.2,10145.6,40.66,0.313
R1148,rock,0,-76567.7,-70437,13965,18.17,2.517
R1149,rock,2,-74976.4,-70814.9,14066,87.63,1.933
R1150,rock,2,-74550.6,-70166.9,13016.6,-59.41,0.589
R1151,rock,2,-71605.3,-70541.7,13522.4,6.15,0.692
R1152,rock,0,-64598.4,-70615.7,15451,26.62,1.449
R1153,rock,1,-61331.2,-70698.6,13556.4,-34.37,1.448
R1154,rock,2,-60839.2,-70979,13430.1,-267.57,0.548
R1155,rock,2,-59550.4,-70949.2,11642.4,-45.39,0.626
R1156,rock,0,-43613.6,-70422.5,10778.2,20.8,0.536
R1157,rock,2,-34800.1,-70544.3,14987.6,30.8,1.662
R1158,rock,1,-32377.7,-70650.4,14091.7,72.73,1.006
R1159,rock,2,-32102,-70391.9,14109.2,-52.12,1.997
R1160,rock,2,-29560.7,-70625.6,12173.6,-190.85,2.325
R1161,rock,2,-25241,-70344.4,12507.8,-235.87,1.721
R1162,rock,0,-15001.3,-70846.6,12143.1,-21.78,2.044
R1163,rock,0,-14095.3,-70492.5,11775.6,-154.31,1.473
R1164,rock,0,-13212.1,-70207.5,12228.8,-55.79,0.481
R1165,rock,0,-4382.1,-70947.8,9144.4,-31.34,1.95
R1166,rock,1,78.4,-70468.4,9510.8,-95.66,0.564
R1167,rock,2,3090.3,-70353.4,11685.9,-23.68,0.278
R1168,rock,2,13801.4,-70175.7,11252.6,52.81,2.134
R1169,rock,0,15229.3,-70843.5,13293.1,-78.39,2.168
R1170,rock,1,19051.9,-70523.9,13424.5,51.63,1.384
R1171,rock,1,20497.8,-70989.3,15435.5,88.3,0.286
R1172,rock,2,22456.4,-70469.3,15688.4,19.06,2.15
R1173,rock,2,22609,-70158.9,14835,-42,0.358
R1174,rock,1,23988.6,-70840.8,15591.2,59.79,2.993
R1175,rock,2,26340.6,-70958.7,14016.5,-104.01,0.639
R1176,rock,0,30348.8,-70248.4,12178.6,-20.26,0.569
R1177,rock,1,33316.5,-70212.9,13350.9,-111.98,0.382
R1178,rock,2,39055.7,-70304,10944.9,-172.13,0.437
R1179,rock,0,44624.4,-70124.4,11639.8,-10.71,2.347
R1180,rock,2,47602.7,-70584.3,13763.4,-123.87,2.67
R1181,rock,0,48725.8,-70961.8,12598.8,75.48,2.051
R1182,rock,1,53606,-70731.2,12095.4,-93.37,0.609
R1183,rock,0,55738,-70506,15505.5,-244.28,0.482
R1184,rock,2,61952.8,-70577.8,11116.6,-98.14,0.448
R1185,rock,1,62827,-70439.7,10946.3,-39.36,2.584
R1186,rock,0,67138.7,-70216.2,11625.7,-228.02,0.298
R1187,rock,1,71246.1,-70565,12744.1,89.19,0.425
R1188,rock,1,77210.6,-70445.4,10750.2,-175.85,1.574
R1189,rock,2,-79174.2,-69854.9,12699.2,-112.87,0.448
R1190,rock,2,-76830.9,-69839.7,13944.4,-87.58,0.252
R1191,rock,0,-75059.4,-69588.7,12787,49.76,1.497
R1192,rock,0,-71340.1,-69289.3,12940.3,-186.55,0.627
R1193,rock,1,-65101,-69779.4,14772.9,-223.38,0.485
R1194,rock,1,-55299,-69846,13246.2,-72.63,1.396
R1195,rock,0,-49311.2,-69825.5,10634.5,16.91,0.62
R1196,rock,2,-46524.9,-70004.4,10172.8,65.25,2.905
R1197,rock,2,-44947.2,-69298.1,10100.1,-184.43,0.577
R1198,rock,2,-39276,-69993.8,12671.4,-210.67,0.437
R1199,rock,1,-38158.9,-69931,12186.4,-172.29,0.432
R1200,rock,0,-34212.7,-69774.2,14903.9,-1.17,0.572
R1201,rock,0,-31101.9,-69291.4,11895.9,-201.54,1.531
R1202,rock,0,-28078.4,-69682.6,13639.8,-233.5,2.471
R1203,rock,1,-26792.4,-70042,13370.7,-177.44,1.78
R1204,rock,2,-25241.5,-69506.5,11661.5,-214.9,1.752
R1205,rock,2,-23873,-69814.1,11621.8,-32.18,0.292
R1206,rock,0,-15239.7,-69818.3,10332.2,18.64,0.511
R1207,rock,1,-13774.2,-69842.3,11050.5,-59.53,2.161
R1208,rock,2,-12910.8,-69271.1,10709.8,6.83,2.184
R1209,rock,1,-7137.9,-69212.2,11566.2,-249.42,2.203
R1210,rock,2,-6398,-69329.8,10884.8,-141.77,2.048
R1211,rock,1,6289.8,-69512.2,11123.2,78.83,0.505
R1212,rock,0,11330.6,-69776.3,9894.2,-248.51,0.459
R1213,rock,2,12464,-69733.2,9578,-245.66,1.577
R1214,rock,0,15805.2,-69398.9,10222.1,-127.97,1.84
R1215,rock,1,17373.1,-69650.4,11147.5,-201.13,0.488
R1216,rock,0,18851.1,-69539.7,11651.8,-218.92,1.269
R1217,rock,0,20122.5,-69489,11538.8,-30.52,2.785
R1218,rock,2,22946.4,-69338.4,13299.9,-124.07,0.371
R1219,rock,2,23551,-69945,14849,-238.95,1.325
R1220,rock,0,24979,-70093.9,14650.9,-217.63,1.071
R1221,rock,2,32795,-69260.7,12544.9,-104.16,0.664
R1222,rock,0,38455.3,-69473.1,10871.5,-154.47,2.758
R1223,rock,0,47686.6,-69493,14842.8,-122.73,0.334
R1224,rock,1,52663.8,-69584.4,11770.7,-93.27,1.148
R1225,rock,1,57301.7,-69950.6,13715.2,31.11,1.257
R1226,rock,2,63655.7,-69594.1,9745.3,-220.22,0.38
R1227,rock,0,64885.2,-69519.6,10189.1,46.06,1.383
R1228,rock,2,66470.1,-69863.7,11156.6,45.23,0.428
R1229,rock,0,69280.3,-69614.8,13198.5,-65.29,0.655
R1230,rock,1,77265.1,-69391.2,10154.4,16.11,0.294
R1231,rock,1,-74154.6,-68632.3,12124.1,-217.41,0.559
R1232,rock,0,-69296.9,-68577.3,13824.2,-245.54,2.912
R1233,rock,0,-67966,-69054.5,14782.6,-231.19,2.522
R1234,rock,1,-60566.7,-68885.2,12365.2,68.44,0.681
R1235,rock,2,-60132.9,-69176.8,12205.1,-198.28,0.359
R1236,rock,2,-59123.7,-68363.6,12379.9,-49.94,2.396
R1237,rock,0,-58351.2,-69176.9,12655.7,-125.62,3.033
R1238,rock,0,-54716.1,-69062.9,13001.9,-252.03,0.632
R1239,rock,2,-46149.5,-68311.6,8839.6,80.45,0.305
R1240,rock,0,-45517.2,-68579.7,9476.4,29.84,3.068
R1241,rock,1,-41815,-68794.8,11459.2,9.29,2.352
R1242,rock,0,-40464.4,-68709.8,11822.5,-129.28,0.327
R1243,rock,1,-39942.7,-68820.1,12017.5,61.97,0.429
R1244,rock,1,-37908,-68563.1,12923.6,-239.18,2.224
R1245,rock,1,-34782.2,-69165.7,14750.9,-90.2,2.99
R1246,rock,2,-31317.3,-68950.6,11618.4,55.79,1.859
R1247,rock,1,-30108.2,-68537.3,11669.6,-100.9,2.508
R1248,rock,2,-28107.5,-68413.9,13563.3,-5.35,2.683
R1249,rock,0,-23297.9,-69052.7,11052.2,42.66,0.577
R1250,rock,0,-21925.5,-68759.3,11022.9,-153.46,0.568
R1251,rock,2,-18149.4,-68803.2,10106.7,-247.67,1.821
R1252,rock,2,-17851.1,-68503.6,9576.5,-160.49,3.182
R1253,rock,0,-13537.5,-68740.6,9601.3,-106.13,1.659
R1254,rock,0,-13100.6,-69176.7,10385.9,88.66,2.836
R1255,rock,0,-5839,-68879.8,11239,-34.76,2.927
R1256,rock,1,-5174.7,-68489.9,10826.9,-66.91,0.638
R1257,rock,1,-4354.2,-68825.5,9764.3,-169.77,0.495
R1258,rock,0,4723.4,-68869.9,10973.2,-229.55,3.167
R1259,rock,0,10848.5,-68937.8,9609.2,-229.75,2.536
R1260,rock,1,11306.2,-68873.2,9188.4,-152.85,0.585
R1261,rock,2,12292.6,-68695.4,8488.6,-70.5,0.414
R1262,rock,2,14329.8,-69179.2,9285.1,-149.16,1.82
R1263,rock,2,17060.2,-68883.4,10457.9,-170.52,1.223
R1264,rock,0,17857.9,-68455.1,10424.8,-154.82,3.11
R1265,rock,1,18533.6,-68502.2,10432.1,25.18,0.584
R1266,rock,1,21476.1,-68458.7,11113.7,-227.41,3.037
R1267,rock,1,25482.1,-68618.4,12086.1,-232.4,0.618
R1268,rock,1,31583.5,-69169.7,12000.5,-268.05,0.312
R1269,rock,2,31672.8,-68953.3,12377.2,2.95,2.73
R1270,rock,1,33673.7,-68814.2,12188.4,-251.35,2.915
R1271,rock,1,41051.8,-69093.1,10611.8,65.6,1.926
R1272,rock,2,45401.7,-68349.6,11735.8,-66,0.527
R1273,rock,1,46383.3,-68896.3,13648.6,-158.93,1.55
R1274,rock,1,48225.1,-68538.6,14583.5,79.32,1.028
R1275,rock,2,50830.1,-68472.1,12529.5,-199.83,2.216
R1276,rock,2,57229.9,-68461.3,12364.1,-76.72,1.047
R1277,rock,0,59881.5,-68879.2,11871.7,-185.43,2.352
R1278,rock,0,65865.2,-68522.9,9309.9,80.18,0.422
R1279,rock,0,67390.1,-68578.4,10833,-133.07,1.596
R1280,rock,2,68736.8,-68386.6,11674.7,38.73,0.539
R1281,rock,2,69498.8,-68739.2,11938.4,-80.83,1.439
R1282,rock,1,71335,-68821.5,9920.3,-167.11,1.643
R1283,rock,0,73167,-68705.9,8687.6,-235.25,2.798
R1284,rock,1,-77603.8,-68084.4,12232.5,-149.29,1.451
R1285,rock,0,-75114.5,-68127.8,11677.2,13.23,0.603
R1286,rock,1,-69490.3,-67572.6,12726.2,42.82,2.648
R1287,rock,1,-69149.1,-68030.6,13082.4,18.56,2.832
R1288,rock,2,-57009.8,-67409.2,13433.6,-72.61,1.075
R1289,rock,0,-49385.6,-68068.9,9329.6,-175.62,2.061
R1290,rock,1,-46295.6,-67750.5,8395.7,-101.99,0.522
R1291,rock,1,-45672.3,-67406.2,8751.5,-127.48,0.567
R1292,rock,2,-36265.5,-67905.6,12351.9,6.05,3.153
R1293,rock,0,-35740.3,-67470.2,11472,-126.48,1.732
R1294,rock,1,-32847.8,-67796,12185.6,32.01,2.99
R1295,rock,1,-30873.1,-67830.5,11107.4,-98.82,0.26
R1296,rock,1,-29955,-68287.1,11711.4,17.08,3.101
R1297,rock,1,-29243.1,-67727.5,12094.2,77.63,2.28
R1298,rock,1,-28681,-67917.6,12467.4,76.87,2.453
R1299,rock,1,-22560.2,-67813.7,10104.9,-196.78,0.559
R1300,rock,1,-21188,-68258.4,11031.7,-174.16,2.924
R1301,rock,1,-9058.7,-67850.5,12504.5,-196.1,0.603
R1302,rock,2,-8076.6,-67638.6,11890.4,-94.96,0.414
R1303,rock,0,-7758.6,-68193.8,12502.2,-5.58,0.265
R1304,rock,0,-7027.1,-67730.5,11388.6,-110.6,1.544
R1305,rock,1,-3563.8,-67687.7,9324.5,-65.69,1.518
R1306,rock,2,-2386.5,-67866.2,9065.1,-127.92,2.16
R1307,rock,2,2389.5,-67840.4,9732.1,77.36,1.197
R1308,rock,1,3101.9,-67934,10214.7,29.12,1.363
R1309,rock,0,5501.3,-67830.3,10656.8,-45.14,0.556
R1310,rock,1,7756.9,-67857,9855.3,24.16,0.417
R1311,rock,2,9785,-68255.4,9432,24.39,1.834
R1312,rock,1,25104.4,-67666.1,10416,-103.07,2.79
R1313,rock,2,29895.3,-67444.2,11551.9,89.69,1.078
R1314,rock,2,30932.2,-67442.3,11003.8,25.29,2.004
R1315,rock,2,34461.5,-67683.9,11424.1,-174.09,2.265
R1316,rock,2,40489,-67731.4,10350.6,8.67,0.413
R1317,rock,1,48328.3,-67943.5,13647.9,-142.08,0.434
R1318,rock,2,52459.5,-67620.7,12633,-259.04,2.382
R1319,rock,0,55693.5,-68035.4,12807.2,-9.79,2.618
R1320,rock,1,58410.6,-67519.3,12173.8,-213.21,2.496
R1321,rock,0,62548.6,-68078.9,9765.5,-100.33,0.572
R1322,rock,0,66140.9,-67960.7,9381.2,-236.53,0.461
R1323,rock,0,66925,-68220.8,9889.8,-158.49,2.574
R1324,rock,1,69633.3,-68160,9926.8,-102.51,2.292
R1325,rock,1,72223.4,-67583.5,7264.5,-249.88,0.531
R1326,rock,2,73033.7,-67563.8,7684.3,-184.9,1.1
R1327,rock,1,76951.5,-67962.9,9147.2,-48.97,2.867
R1328,rock,2,-79102.6,-66906.8,12544.7,-219.88,0.614
R1329,rock,2,-78389.4,-66707.5,11340.3,-262.62,1.807
R1330,rock,1,-76032.8,-67268,11714.9,-82.3,1.166
R1331,rock,2,-74375.3,-67160,11565.6,-44.45,0.564
R1332,rock,0,-72620.1,-67248.1,11054.3,65.14,0.615
R1333,rock,0,-71703.6,-66915.2,10683.8,-257.98,1.108
R1334,rock,1,-69233.2,-67063.8,12283.8,-139.39,0.421
R1335,rock,2,-67632.8,-67251.5,12729.2,-211.37,2.574
R1336,rock,0,-63333.9,-66785,11904.1,-193.63,0.636
R1337,rock,0,-56398.9,-66542.7,12829.5,-134.22,0.401
R1338,rock,2,-51337.5,-67080.2,12566,-19.19,0.659
R1339,rock,1,-50175,-66689.1,10680.9,-238.52,0.654
R1340,rock,1,-48996.3,-66957.5,9329.7,-67.1,2.615
R1341,rock,0,-43945.5,-67227,9402.7,-3.04,0.611
R1342,rock,0,-35581.8,-67236.9,10981.3,-243.48,2.611
R1343,rock,2,-33911.3,-66859.7,10915.9,-223.15,0.458
R1344,rock,2,-32348.7,-66818.5,11655.8,-242.88,2.046
R1345,rock,2,-27934.9,-67035.1,13432.7,-205.71,0.555
R1346,rock,1,-27410.4,-67291.5,13902.5,23.13,0.519
R1347,rock,1,-21976.1,-66782.3,9909,1.27,0.318
R1348,rock,2,-20656.3,-66845.9,9463.4,-127.75,1.472
R1349,rock,0,-14401.4,-67345.3,8035,-219.22,3.151
R1350,rock,1,-11910.8,-67353.4,9676.9,-126.28,0.331
R1351,rock,1,-10643.9,-67161.7,10725.2,-80.87,2.005
R1352,rock,2,-8248.3,-67280.8,11483.1,-67.18,2.465
R1353,rock,2,-2141.3,-67181.3,9870.8,1.85,2.52
R1354,rock,2,-1263.9,-67349.7,10223,-266.75,0.425
R1355,rock,0,2782.1,-67125.9,9455.5,-56.87,3.024
R1356,rock,0,8783.9,-66897.3,8860.5,-62.53,1.118
R1357,rock,2,19627.2,-66977.7,10380.1,-18.71,2.715
R1358,rock,1,20135.2,-66766.9,10381.4,-241.11,2.986
R1359,rock,2,28572.7,-66996.1,11358.5,-232.96,2.412
R1360,rock,1,29369.3,-66592.5,10365.5,32.61,1.29
R1361,rock,0,34067.5,-67280.8,11146.9,-3.08,1.142
R1362,rock,0,44302.1,-67378.9,11412.5,29.13,0.494
R1363,rock,0,47815.7,-66631.3,11402.7,-85.79,2.38
R1364,rock,2,50693.5,-66933.1,12595.3,-199.53,2.199
R1365,rock,2,53593,-67043.5,12399.7,-114.58,3.083
R1366,rock,2,58976.3,-67310,12125.6,84.78,0.323
R1367,rock,1,60076.9,-67087.8,11235.9,-212.08,2.217
R1368,rock,2,74246.1,-66875.2,7294.3,-228.43,2.7
R1369,rock,2,77259.6,-67154.4,8937.9,79.58,2.378
R1370,rock,2,-78248.1,-66118.2,11780,-35.4,0.566
R1371,rock,0,-72964.9,-66246.6,9986.8,-220.4,1.872
R1372,rock,1,-69597,-66140.7,10952.6,-43.67,3.034
R1373,rock,2,-68276.4,-66130.6,11113,-47.48,0.431
R1374,rock,2,-57157.2,-65846.4,13294.1,-94.77,0.671
R1375,rock,2,-52728.2,-65841.7,12319.1,-108.68,2.097
R1376,rock,2,-51457,-66027.5,12420.2,14.97,0.397
R1377,rock,1,-38651.5,-66164.5,11570.3,81.32,2.199
R1378,rock,0,-38521.1,-65979.9,11145.6,11.18,3.052
R1379,rock,2,-36262,-66467.6,9504.7,-20.86,0.255
R1380,rock,1,-35604.6,-66185.1,8816,-57.26,2.899
R1381,rock,0,-34177.2,-66304.1,9846.1,73.91,0.699
R1382,rock,0,-33176.6,-66098.9,10117.5,-37.86,0.644
R1383,rock,0,-25478.8,-66046.9,10312.5,-152.96,1.606
R1384,rock,1,-22186.2,-66359.2,9347.5,-256.42,1.255
R1385,rock,1,-20844.8,-65995.1,8388.6,-194.05,1.377
R1386,rock,2,-17645.6,-65608.4,7971.8,-223.57,1.712
R1387,rock,1,-16296.8,-66393.4,8974.3,-189.11,0.399
R1388,rock,1,-7801.2,-65646.2,9944,-182.82,0.676
R1389,rock,0,-2202.7,-65835.9,10039.7,-163.43,2.54
R1390,rock,1,1936.7,-66271.2,9054.5,-118.38,0.514
R1391,rock,1,7726.2,-66433.8,8268.7,-226.24,2.209
R1392,rock,1,10561.7,-65993.7,7449.2,45.72,0.626
R1393,rock,0,11906.2,-66184.9,7540.8,-133.3,0.339
R1394,rock,0,14283.6,-66023.4,8372.3,-164.72,2.081
R1395,rock,0,19991.4,-66366.7,10150.2,-243.29,0.33
R1396,rock,0,27297.9,-66146.3,9357.1,-92.06,2.979
R1397,rock,1,28669.2,-65647,9150.1,-35.69,1.857
R1398,rock,2,29053.2,-65970.5,9456,-28.78,0.682
R1399,rock,0,30279.5,-65944.1,8844.1,-156.19,1.185
R1400,rock,2,37164.2,-66378.5,11954.9,42.88,2.584
R1401,rock,0,38869.8,-66403.4,9783.7,-157.47,0.482
R1402,rock,0,41102.3,-66203.7,8963.4,-61.61,1.28
R1403,rock,0,45989.4,-66185.8,11182.8,83.05,3.008
R1404,rock,0,50507.5,-65993.2,11023.3,-192.97,0.489
R1405,rock,0,59965.3,-65677.5,10806.3,-225.15,2.027
R1406,rock,2,61520.3,-65836.6,8799.2,22.58,0.692
R1407,rock,2,66543.5,-66271,9497.8,-30.68,0.669
R1408,rock,2,-78695.3,-65022.6,11096.4,-65.08,2.385
R1409,rock,0,-76872.3,-65310.2,11783.7,-58.18,2.864
R1410,rock,2,-74468.4,-65416.6,10809.7,-167.44,0.638
R1411,rock,1,-69078.9,-65056.3,10360.7,-79.18,1.869
R1412,rock,0,-65758.9,-64793.1,10943.7,-146.18,0.277
R1413,rock,0,-63761.8,-64882.4,12112.1,-214.6,0.444
R1414,rock,2,-61816.2,-65457.3,11981.8,-51.04,1.415
R1415,rock,2,-60983,-64771.4,13307.7,88.78,3.011
R1416,rock,2,-58827.1,-65515.2,11939,-241.26,0.349
R1417,rock,0,-57303.3,-65122,12566.7,-47.22,0.611
R1418,rock,2,-53054.1,-64930.1,12198.1,-267.93,1.756
R1419,rock,0,-52894.1,-64888.9,12229.2,18.62,0.46
R1420,rock,1,-49888.6,-65329.8,10514.7,-230.76,0.484
R1421,rock,1,-47038.1,-65523.8,8413.6,-4.47,0.396
R1422,rock,1,-45136.6,-64884,8179.1,39.76,0.66
R1423,rock,0,-41083.3,-65046.7,9821.3,22.49,0.398
R1424,rock,1,-37716.9,-64960.9,9162,-43.74,0.329
R1425,rock,2,-34370,-65458.4,8109.3,16.71,2.635
R1426,rock,2,-29747.4,-64900.7,8608.3,10.61,0.59
R1427,rock,2,-28004.7,-64922.6,10282.4,-48.86,2.936
R1428,rock,0,-26994.1,-65084.1,11035.5,52.42,1.169
R1429,rock,0,-25971,-64854.1,9847.9,80.67,2.45
R1430,rock,2,-24463.6,-65142.8,8553.9,49.29,2.376
R1431,rock,0,-22090.1,-65118.3,7792.3,-92.31,2.405
R1432,rock,1,-16341.4,-64726.8,7500.5,-84.6,0.605
R1433,rock,1,-14515.1,-65125.1,8284.3,52.22,1.069
R1434,rock,1,-11210.4,-65182.8,10039.8,-226.48,0.344
R1435,rock,0,-10126.2,-64972.9,9768.8,-93.04,0.367
R1436,rock,1,4474,-64869.2,9461,5.03,0.345
R1437,rock,2,6001.1,-65271.3,8804.7,6.07,2.907
R1438,rock,2,12420.8,-64879,7020.1,88.98,0.4
R1439,rock,1,13889.9,-65394.5,7303.9,-209.09,2.891
R1440,rock,2,18231.1,-65348.4,9898.4,-212.83,0.404
R1441,rock,0,21265.9,-65434,9786.9,39.98,0.647
R1442,rock,0,30450.6,-65386.7,8310.9,-10.14,1.464
R1443,rock,2,34961.9,-65462.6,11392.5,-31.39,0.413
R1444,rock,0,35658.3,-64726.3,10909.7,58.81,1.893
R1445,rock,1,37366,-65307.6,10652,-75.95,2.009
R1446,rock,1,42656.7,-64818.4,8949.1,-43.02,0.673
R1447,rock,1,51929.3,-65206.9,10137,-257.68,0.41
R1448,rock,1,54954,-65174.5,10580.7,-128.17,0.517
R1449,rock,2,55576.8,-64873.1,9604.9,-144.24,0.533
R1450,rock,1,57323.3,-64780.1,9826.7,35.5,3.087
R1451,rock,2,64585.6,-65013.9,8635.2,-182.19,0.675
R1452,rock,2,65182.5,-64972.4,8865.5,6.37,0.647
R1453,rock,0,69660.4,-65313.2,7037.1,-125.58,0.494
R1454,rock,1,75127.8,-64840,6824.5,-113.74,0.622
R1455,rock,1,77554.6,-64782.2,7717.5,-5.72,0.455
R1456,rock,2,78648.6,-65184.8,8373.3,-201.83,2.381
R1457,rock,2,-78463.4,-64191.1,11418.1,-0.59,0.486
R1458,rock,1,-78161,-64599.5,11748.4,-73.57,1.001
R1459,rock,1,-74671.4,-64555.7,10397.7,29.14,0.371
R1460,rock,1,-74448.4,-64491.9,10243.3,-106.84,0.432
R1461,rock,2,-72551.3,-64153.5,10529.8,-54.6,0.474
R1462,rock,2,-70170,-64568.2,9782.6,-261.37,1.986
R1463,rock,0,-63800.2,-64503.4,11905.6,-114.36,2.655
R1464,rock,1,-60186.5,-64483.9,12406.5,-255.88,2.875
R1465,rock,2,-56729.4,-64533.5,11770.8,-182.59,0.668
R1466,rock,0,-53808.5,-64255.8,10842.7,-133.29,1.335
R1467,rock,1,-45249.7,-64395.6,8386.8,-79.51,2.172
R1468,rock,1,-44044.8,-63902.6,8679.2,-205.17,0.483
R1469,rock,0,-43263.9,-64309.4,8718.1,-131.2,0.488
R1470,rock,1,-42926.3,-64311.3,8914.6,-192.07,1.901
R1471,rock,2,-35305.2,-64512.1,7531.5,-269.59,0.482
R1472,rock,1,-28251.6,-63943.3,8418.4,65.79,0.661
R1473,rock,1,-17186.3,-64694.5,7210.1,-208.62,0.354
R1474,rock,2,-14371.9,-63824.7,6688.6,44.82,0.518
R1475,rock,0,-10801.8,-64141.9,9480.7,-52.9,0.391
R1476,rock,0,-5400.9,-64604,8157.7,-139.63,0.342
R1477,rock,1,-5200.4,-64645.5,8178.2,-86.04,0.618
R1478,rock,2,2474.3,-64583,8433.3,-173.32,3.197
R1479,rock,0,5878.5,-64337,8766.5,-119.69,3.091
R1480,rock,1,21147.6,-64173.8,11220.2,69.85,2.169
R1481,rock,2,21914.1,-64063.6,10575.8,61.48,0.295
R1482,rock,1,25462.6,-63935.9,8079.6,-36.69,1.674
R1483,rock,2,26510.2,-63970.6,8173.2,-107.16,0.297
R1484,rock,1,30808.4,-64261.5,8135,-207.06,2.718
R1485,rock,2,33178.9,-64677.4,10584.2,-49.35,2.861
R1486,rock,2,38801,-64455.5,9025.9,-172.79,1.925
R1487,rock,1,40213.6,-64309.6,7965.7,-252.61,0.603
R1488,rock,1,46819.9,-64020.7,11102.4,-246.56,0.437
R1489,rock,1,49883,-64034.1,10195.9,-158.01,0.534
R1490,rock,1,57712.4,-63821.5,9381.6,-259.4,2.814
R1491,rock,2,60635.9,-63869.2,10670.4,-62.11,1.746
R1492,rock,0,64785.2,-63997.5,8917.3,63.94,2.822
R1493,rock,1,71433.6,-64515.1,6170.2,-141.31,3.044
R1494,rock,0,76233.2,-63887.9,7630.6,-138.23,0.559
R1495,rock,0,79411.1,-64093.7,7443.3,-47.62,1.718
R1496,rock,1,-77021.4,-63669.9,11738.6,80.1,0.381
R1497,rock,1,-69446.3,-63462.5,10912,-39.15,0.557
R1498,rock,1,-69048.3,-63749,10092,-109.64,0.612
R1499,rock,1,-68127.2,-63678,10277.7,-85.06,0.407
R1500,rock,1,-65468.9,-62912.3,12200.8,-123.43,1.286
R1501,rock,0,-63303.9,-63376.2,12117.8,-88.82,2.74
R1502,rock,2,-62084.8,-63532.4,14447.9,-121.64,1.813
R1503,rock,0,-60581.7,-63550.2,11996.9,-205.09,0.256
R1504,rock,1,-58022.1,-63659.7,11266.8,-47.91,2.22
R1505,rock,2,-57007.3,-63545.2,11273.3,-38.75,1.577
R1506,rock,1,-54008.9,-63619.6,10371.2,33.83,0.679
R1507,rock,1,-49660.7,-63526.8,10244.8,4.89,2.956
R1508,rock,0,-47295.9,-63008,8740.8,-65.17,2.042
R1509,rock,0,-35320.9,-63096.5,6987.6,-127.9,0.576
R1510,rock,1,-29638.2,-63482.2,7434.7,-253.66,0.267
R1511,rock,1,-27838.5,-63000.5,8166.9,-107.51,0.633
R1512,rock,2,-27411.9,-63486.3,8908.2,-177.1,2.6
R1513,rock,2,-26767.6,-63423.6,8488.8,-198.1,0.577
R1514,rock,1,-20717.5,-63746.3,6659.9,-10.45,2.793
R1515,rock,2,-19952.3,-63134.1,6434.7,-146.28,2.191
R1516,rock,1,-16312.4,-63730,7212.4,58.77,0.565
R1517,rock,2,-13258,-63365.3,6737.9,-64.39,0.511
R1518,rock,1,-11219.4,-63239.7,8562.4,82.46,1.084
R1519,rock,2,-9532.1,-63117.7,8498.5,-120.29,2.939
R1520,rock,0,-7240.2,-63407.3,7663.7,-23.31,0.59
R1521,rock,2,-6026.3,-63664,7626.3,-233.47,0.467
R1522,rock,2,-2647.6,-63330.3,8962.4,-235.14,1.254
R1523,rock,1,-1131.8,-63576,9417,-1.58,1.164
R1524,rock,1,496.9,-62911.8,7618.9,-52.72,0.269
R1525,rock,2,2622.8,-63175.5,7993.4,-263.52,0.578
R1526,rock,0,12535.8,-62968.8,7663.2,-103.2,0.291
R1527,rock,0,14184.3,-63127.1,6050.4,-216.27,2.787
R1528,rock,1,17148.6,-63682.2,7666,-28.55,1.605
R1529,rock,0,22953.1,-63129.8,9560.9,-218.52,0.418
R1530,rock,1,29197.2,-63311.1,7344.3,-219.33,2.101
R1531,rock,0,44145.4,-63604.4,10527.7,-202.02,0.651
R1532,rock,0,62429.8,-63052.8,10337.7,-35.15,0.293
R1533,rock,1,66076.7,-63458.9,7849.6,40.86,0.411
R1534,rock,1,66791.7,-63767.7,7344.8,-55.28,0.519
R1535,rock,1,75119.6,-63392.9,6916.3,-170.51,1.317
R1536,rock,2,78062.9,-63618.2,6870.6,-4.04,0.515
R1537,rock,1,79828.2,-63268,6411.2,45.65,0.522
R1538,rock,1,-76511.4,-62099.1,10801.4,75.34,3.198
R1539,rock,1,-76395.7,-62181.5,11015.2,-64.65,1.982
R1540,rock,0,-71820.1,-62035.6,10869.3,-5.48,1.001
R1541,rock,1,-69858.7,-62856.9,11056.9,-128.11,0.358
R1542,rock,2,-68412.3,-62196.3,11040.9,13.6,1.841
R1543,rock,2,-63994.8,-62598.5,12306.5,-105.39,1.484
R1544,rock,0,-61522.7,-62396.8,12790.3,86.18,2.33
R1545,rock,0,-59327.2,-62878.4,11311.8,-139.89,0.396
R1546,rock,1,-57758.2,-62067.5,10955.7,-267.42,0.416
R1547,rock,2,-54735.4,-62593.5,10500.7,-93.45,0.621
R1548,rock,2,-53672,-62000.6,9895.2,-111.08,0.274
R1549,rock,2,-51544.1,-62453.1,10203.7,-228.13,2.43
R1550,rock,2,-49378.5,-62488.1,9681.7,42.8,2.626
R1551,rock,0,-46943.6,-62895.7,8573.9,-136.28,2.308
R1552,rock,1,-40782.8,-62605.6,8796.9,-33.86,0.47
R1553,rock,2,-31479.6,-62206.4,5927.4,-144.46,0.533
R1554,rock,2,-29242,-62330.9,6521.8,-20.28,1.145
R1555,rock,1,-27263.4,-62196.3,7727,-231.05,2.277
R1556,rock,2,-24794.3,-62312.1,8047.3,-18.96,2.247
R1557,rock,2,-23915.5,-62388.5,7212.2,-191.94,0.616
R1558,rock,0,-20235.2,-62598.8,6431.4,16.95,1.095
R1559,rock,2,-14309.3,-62062.4,5413.4,-259.81,0.37
R1560,rock,2,-10441.5,-62278.5,7343.3,-68.59,0.535
R1561,rock,0,-5234.1,-62370.1,6662.2,-144.08,0.265
R1562,rock,1,6344.3,-62084.1,6264.2,-15.03,1.93
R1563,rock,0,7974.2,-62729.9,7111,72.55,1.496
R1564,rock,2,15120.1,-62864.8,6100.6,78.76,0.433
R1565,rock,0,21302.7,-62164.6,10325,-19.01,2.329
R1566,rock,2,24211.4,-62707.3,8267.4,-116.71,1.245
R1567,rock,2,26915.9,-62133.4,8196.7,49.83,0.453
R1568,rock,0,27185,-62255.6,8078.8,-123.93,2.09
R1569,rock,0,32613.6,-62476.5,8911.8,-159.96,2.53
R1570,rock,1,36872,-62723.4,9647.5,-258.44,1.506
R1571,rock,0,42500.5,-62855,9124.8,57.98,0.33
R1572,rock,2,47937,-62837.3,11584.1,-93.92,1.891
R1573,rock,1,48717.4,-62547.7,11850.6,71.05,2.428
R1574,rock,2,53979.9,-62713.1,8039.1,40.97,2.613
R1575,rock,0,55519.9,-62885.6,7592.9,-54.87,0.441
R1576,rock,1,57608.7,-62081.7,8281,-126.76,1.567
R1577,rock,1,63495.3,-62181.8,9785.5,-191.45,2.335
R1578,rock,0,64538.5,-62871.2,9816.4,5.56,0.537
R1579,rock,0,65769.1,-62266.4,7982,-155.73,2.014
R1580,rock,1,75371,-62632.8,6741.3,-150.38,0.298
R1581,rock,1,78745.3,-62682.8,6327.6,-44.63,0.567
R1582,rock,2,-78184.1,-61837.5,10414.8,80.35,0.516
R1583,rock,2,-69321.3,-61705.1,11538.3,-92.05,0.459
R1584,rock,1,-61503.8,-61328.4,12748.9,-52.9,1.104
R1585,rock,0,-61028.6,-61768.5,11880,-14.34,2.191
R1586,rock,1,-55617.9,-61656.1,10640.1,27.36,0.599
R1587,rock,2,-52119.7,-61255.5,9885.4,-117.75,1.106
R1588,rock,1,-46149.2,-61923,6554,-10.78,0.252
R1589,rock,1,-43871.7,-61764.3,7930.5,-208.45,2.559
R1590,rock,2,-41291.6,-61341.2,7818.2,-7.75,0.558
R1591,rock,2,-39008,-61369.5,7091.4,-25.69,0.51
R1592,rock,2,-31143.1,-61841.6,5586,-227.1,3.14
R1593,rock,0,-28035.2,-61634.5,6768.7,-201.81,0.293
R1594,rock,0,-23643.6,-61974.5,6980,-71.91,2.945
R1595,rock,0,-22975.2,-61260.3,6414.5,12.57,0.486
R1596,rock,2,-17397.7,-61857.7,6988.6,-11.79,1.18
R1597,rock,0,-16923.7,-61193.2,6173.6,42.73,2.426
R1598,rock,2,-14347.3,-61200.9,4934.7,19.92,1.424
R1599,rock,2,-11485.2,-61764.9,6884.1,-231.81,0.641
R1600,rock,2,-7191.8,-61481.7,7404.6,-139.5,0.575
R1601,rock,1,3050.8,-61733.4,7115.3,55.94,0.442
R1602,rock,0,6371.3,-61492.3,5279.6,-116.46,1.22
R1603,rock,1,7267.8,-61876.4,5637.3,-218.58,2.684
R1604,rock,0,10882.8,-61110,5918,-186.12,1.108
R1605,rock,2,13784.8,-61985.4,6359.7,-89.63,2.699
R1606,rock,2,19313.6,-61413.1,8878.6,-79.94,2.929
R1607,rock,0,20507.4,-61690,10067.5,-185.35,2.529
R1608,rock,0,23289.8,-61116.2,8439.8,80.72,1.289
R1609,rock,1,27048.4,-61118.2,7691.1,26.07,0.695
R1610,rock,1,45974.1,-61768.3,11588.3,-265.34,1.426
R1611,rock,2,50793.2,-61830.9,10006.5,14.46,0.568
R1612,rock,0,51927.1,-61462.4,8263.5,20,2.89
R1613,rock,0,59910.5,-61251.8,9645.2,5.27,1.806
R1614,rock,0,60874.5,-61398.4,9803.5,-222.3,2.868
R1615,rock,0,65003.9,-61947.8,8735.9,50.31,0.617
R1616,rock,2,70868.7,-61809.8,6075.6,85.46,2.42
R1617,rock,0,71910.7,-61738.7,5434.2,-177.29,0.427
R1618,rock,0,74805.3,-61255.1,5891.9,15.38,0.392
R1619,rock,2,-78685.1,-60460.2,10192.4,-141.72,0.395
R1620,rock,1,-76131.3,-60283.7,10131.4,-166.03,1.426
R1621,rock,2,-75268.7,-60731.4,10208.2,28.4,1.385
R1622,rock,1,-73623.3,-60310.5,10510.8,-118.87,0.385
R1623,rock,1,-71069.3,-60348.9,11147,-267.74,1.019
R1624,rock,2,-70899.4,-60660.3,11120.7,-37.63,1.695
R1625,rock,0,-62217,-60687.1,12105.3,-243.76,1.245
R1626,rock,0,-54452.8,-60791.3,10445.4,-72.91,3.16
R1627,rock,2,-51562.4,-60539.3,10228.3,40.39,1.087
R1628,rock,1,-49802.5,-60689,9291.1,52.58,1.545
R1629,rock,1,-46854.1,-60909.8,6537,-244.02,0.35
R1630,rock,2,-35531.3,-60277.5,5661,-75.3,1.209
R1631,rock,1,-26970.6,-60929.1,6689.9,-157.03,1.57
R1632,rock,2,-25594,-60578,5859.1,-7.72,2.093
R1633,rock,0,-19784,-60675.4,6381.5,40.14,0.596
R1634,rock,1,-9650.6,-60885.5,6677.4,-248.6,1.183
R1635,rock,2,-4713,-60397.7,6711.7,-93.69,2.896
R1636,rock,2,-214.5,-61052.1,6637.6,-149.77,2.644
R1637,rock,2,497.2,-60484.5,6737.1,-129.01,2.412
R1638,rock,1,5871.2,-60463.7,4486.7,-19.89,0.308
R1639,rock,2,11938.8,-61071.3,6179.7,-79.24,0.515
R1640,rock,2,13208.1,-60422.1,5593.8,-165.37,2.1
R1641,rock,0,16454.5,-60898.3,6379.3,-265.02,0.595
R1642,rock,1,17211.6,-60406.1,6648.3,6.23,2.846
R1643,rock,0,22096.3,-60278.3,7898.5,-247.97,0.328
R1644,rock,2,26619,-60518.4,7180.9,-208.6,0.531
R1645,rock,0,39344.9,-60554.6,9668.6,-173.17,0.397
R1646,rock,1,42237.3,-60560.2,9027.5,-205.32,0.674
R1647,rock,1,43347.8,-60644.8,10182.5,-211.6,2.47
R1648,rock,1,50545.2,-60814.2,10252.6,-181.99,2.613
R1649,rock,0,54040.9,-60830.9,6578.3,1.83,0.668
R1650,rock,2,57999.8,-60216.7,7783.2,-158.7,1.538
R1651,rock,1,64632.1,-60870.8,8363.5,-247.45,0.538
R1652,rock,1,76322.5,-60303.4,6810.9,-201.26,0.397
R1653,rock,1,-76221.8,-59569.5,10581.7,-40.17,2.885
R1654,rock,2,-73863.8,-59567.1,10806.9,-97.73,0.403
R1655,rock,2,-67192.7,-59618.3,11417.4,18.63,0.322
R1656,rock,1,-63953.7,-59383,12314.5,-191.48,2.121
R1657,rock,0,-59395.4,-60122.6,11022.8,-9.44,1.162
R1658,rock,1,-58913.1,-60097.6,10883,-143.96,2.683
R1659,rock,2,-58293.4,-59817.8,10838.2,-5.34,0.634
R1660,rock,0,-55839.2,-59853.6,10395.5,-98.67,2.069
R1661,rock,0,-54825.1,-60125.3,9990.4,-153.27,0.474
R1662,rock,2,-54042.6,-59452.7,9950.8,-137.41,3.064
R1663,rock,2,-48747.3,-59972.7,7513.2,-17.42,0.492
R1664,rock,1,-40432.2,-59864.2,6818,63.58,0.472
R1665,rock,0,-27684.7,-59578.2,5290.8,-168.25,1.612
R1666,rock,0,-25740.6,-59975,5134.4,-99.94,2.629
R1667,rock,2,776.5,-59599.8,6456.1,-143.64,2.256
R1668,rock,0,3724.8,-60053.8,5789.7,-163.1,2.509
R1669,rock,0,8207.9,-59312.8,4411.5,-210.91,0.622
R1670,rock,0,21450,-59690.2,6963.7,-121.03,1.001
R1671,rock,2,23340.5,-59775.1,7055.1,-235.47,3.182
R1672,rock,1,24313.9,-60020.3,7364,44.93,2.106
R1673,rock,2,24618.4,-59839.4,7029.8,-259.92,2.322
R1674,rock,2,26752.2,-59866,6555.8,-76.01,0.68
R1675,rock,1,31366.3,-59481.1,6629.5,-181.87,0.284
R1676,rock,0,37609.4,-59578.2,8850,-263.3,2.355
R1677,rock,0,44894.3,-59512.1,10433.9,-74.92,0.378
R1678,rock,2,46406.9,-59338.1,9699.1,-250.09,1.85
R1679,rock,1,48557.1,-60024.3,11021,35.73,0.577
R1680,rock,1,50564.3,-60100.9,9896.3,-106.77,0.386
R1681,rock,1,62536.8,-59821.8,8945.2,-221.19,1.243
R1682,rock,0,66023.8,-59876.8,6372.8,-78.06,2.216
R1683,rock,2,67064.7,-59664.9,5591.7,37.48,1.299
R1684,rock,0,72483,-59321.9,5269.3,-10.03,3.029
R1685,rock,1,73723.1,-60114.2,4991.8,22.17,0.302
R1686,rock,0,79088.7,-60167,6044.6,-172.54,0.281
R1687,rock,0,-74213.4,-59103.2,10984.4,-139.57,2.153
R1688,rock,0,-72051.8,-58833.3,12373.3,-28.32,0.345
R1689,rock,2,-71149.4,-58766.7,12076.1,-109.14,1.914
R1690,rock,0,-68018.6,-59062.3,11283.4,-199.94,1.239
R1691,rock,1,-63559,-58676.9,10761.4,-80.64,2.307
R1692,rock,2,-58992.2,-58453.3,11166.8,-247.15,2.976
R1693,rock,1,-58356.7,-58633.3,11256.4,-95.94,0.449
R1694,rock,2,-55343.9,-58416.6,8844.2,-232.41,1.291
R1695,rock,2,-50771.3,-58846,8514,74.61,0.594
R1696,rock,1,-49920.2,-59194.9,7700.1,-171.54,1.365
R1697,rock,0,-48468.7,-58709.6,6063.5,-231.13,0.644
R1698,rock,0,-46281.6,-58910.2,5968.6,-76.33,1.559
R1699,rock,2,-25615.5,-59023.5,5195.9,22.23,0.657
R1700,rock,2,-20188.9,-58643.4,4523.7,8.79,1.899
R1701,rock,1,-19369,-59052.9,5021,-34.2,1.669
R1702,rock,0,12321.8,-59011.7,4311.5,-99.2,0.347
R1703,rock,1,21922.4,-58985,5845.5,-96.06,1.708
R1704,rock,1,26703,-59167.6,5709.5,-257.07,0.66
R1705,rock,1,30940,-58873.7,6351.5,-110.92,0.371
R1706,rock,1,45006.1,-58814.1,9268,-235.56,1.184
R1707,rock,2,47215.3,-59092.5,9584.4,11.16,3.184
R1708,rock,2,47909.4,-58702.3,10055.7,26.77,2.673
R1709,rock,2,51677.2,-58887.2,8154.8,82.79,1.026
R1710,rock,2,56433,-59150.8,6361.4,6.22,0.564
R1711,rock,0,60038.5,-58986.3,6674.2,57.73,1.024
R1712,rock,0,62179.1,-58473,6561.4,-179.16,2.647
R1713,rock,1,62406.2,-58970,7456.4,-141.18,2.826
R1714,rock,0,69992.7,-59058.9,5043.5,52.99,1.73
R1715,rock,1,74201.1,-58457.5,5404.9,-13.57,1.253
R1716,rock,0,75586,-59280.5,6033.4,-83.94,1.879
R1717,rock,0,76278.1,-59240.6,6374.9,-123.91,0.468
R1718,rock,2,-78150.9,-57861.5,10397.1,-157.57,3.003
R1719,rock,1,-76375,-57527.3,10504.7,-145.26,0.263
R1720,rock,1,-75045.6,-58064.6,10276.1,-136.72,0.651
R1721,rock,1,-73004.8,-57933.4,11167.2,-118.07,3.009
R1722,rock,0,-72206.7,-57553.4,13128.9,-92.21,2.119
R1723,rock,1,-67836.5,-57699,11994.7,-213.74,1.722
R1724,rock,2,-59974.8,-57846.6,11444.2,51.5,1.421
R1725,rock,0,-58837.2,-58295.9,10635.6,-226.69,1.08
R1726,rock,0,-58007.3,-58360.4,10538.7,-208.92,1.744
R1727,rock,2,-55020.3,-57820.4,8454.6,-90.58,0.307
R1728,rock,0,-53175.5,-57502.1,8697.5,72.81,0.424
R1729,rock,0,-47790.7,-57728.4,5641.1,-30.29,0.29
R1730,rock,1,-38830,-58086.9,5936.7,-20.19,0.543
R1731,rock,0,-30163.2,-57807.7,3978.2,80.98,0.402
R1732,rock,1,-26352.1,-58295.6,5671.2,-266.16,0.676
R1733,rock,2,-16345.1,-57767.3,4799,75.26,0.591
R1734,rock,0,-6983.2,-58325.7,5013.3,-170.22,1.77
R1735,rock,2,3216.2,-57543.3,4202.2,-155.27,2.856
R1736,rock,2,15017.5,-58248.8,4452.3,-21.94,2.047
R1737,rock,2,18757.3,-57806.2,4802.8,-25.61,0.476
R1738,rock,1,35109.4,-58311.4,8333.5,-210.53,0.381
R1739,rock,1,35957.8,-57748.3,8116.1,-127.36,2.62
R1740,rock,1,36314,-57925.5,7579.9,-149.37,0.458
R1741,rock,1,38634.5,-58287.8,7451.5,-229.26,0.305
R1742,rock,2,41093.1,-58308.5,8619.3,74.99,0.612
R1743,rock,1,43502.6,-58332.5,9856.6,-110.64,0.261
R1744,rock,2,44776.5,-57688.7,9293.4,-140.45,0.623
R1745,rock,0,49785.9,-57731.1,9987.7,-169.94,0.511
R1746,rock,1,52149.4,-57585.5,7452.8,41.48,2.898
R1747,rock,1,52445.1,-58274.8,6990.3,-229.52,1.196
R1748,rock,2,53319.8,-58285.4,6356.4,-32.97,2.377
R1749,rock,2,54499.8,-57722.1,6488.4,-196.6,0.314
R1750,rock,2,57129.4,-57553.4,6329.2,25.71,1.496
R1751,rock,1,57835.2,-58212.9,6463.2,-78.94,2.317
R1752,rock,2,60670.4,-57680.6,4927.7,-31.93,0.606
R1753,rock,2,64223.6,-58398.5,6726.5,27.01,1.877
R1754,rock,0,69672.5,-58197.8,4270.9,-123.48,0.622
R1755,rock,1,73620.6,-58231.8,5531,-52.81,1.64
R1756,rock,1,75503.1,-58363.6,6008.3,-187.93,0.586
R1757,rock,0,-79757.1,-57339.9,10934.2,67.62,1.333
R1758,rock,2,-76278.7,-56921.5,10168.2,-90.44,0.266
R1759,rock,2,-74340.2,-57194.8,10832.6,-17.82,0.456
R1760,rock,2,-70293.4,-57307.2,12792,-104.8,0.614
R1761,rock,2,-70023.2,-57347.2,12426.4,49.74,1.196
R1762,rock,2,-67422.2,-57384.1,12027.9,-65.79,1.963
R1763,rock,2,-64026.6,-56829.7,9284.9,-98.96,1.091
R1764,rock,0,-59302.4,-56782.9,9068.9,-28.08,0.306
R1765,rock,1,-50169.4,-57265,7254,81.7,1.894
R1766,rock,0,-41935.8,-57075.2,6927.8,-160.42,3.079
R1767,rock,0,-40097.1,-57088.1,6213.6,-128.28,0.433
R1768,rock,2,-38816.4,-57279.3,5658.2,-88.34,2.2
R1769,rock,0,-28707.9,-57146.4,4525,79.71,0.464
R1770,rock,1,-22137.3,-57461.6,4358.9,49.21,0.299
R1771,rock,2,-18944.9,-57443.7,4018.8,82.34,0.304
R1772,rock,1,-17169,-57231.7,4399,86.47,2.762
R1773,rock,2,-11437.2,-56818.4,3542.3,-254.27,0.666
R1774,rock,1,-7652.3,-56995.4,4488.8,40.7,0.67
R1775,rock,0,-1228.9,-57038.6,4859.2,-224.86,2.752
R1776,rock,2,2032.2,-57235.1,4173.6,53.81,3.084
R1777,rock,1,4692.3,-56607.6,3263.6,-174.91,0.288
R1778,rock,1,22295.4,-57054,3260,-46.74,1.645
R1779,rock,1,32473,-56605.1,7225.1,-101.94,0.607
R1780,rock,2,35405.6,-57366.8,8543.7,-36.15,0.364
R1781,rock,0,38399.6,-57099.2,7629.3,-66.08,0.486
R1782,rock,1,46624.5,-57135.9,8507.9,31.75,0.505
R1783,rock,1,52744.4,-57457.7,6926.8,39.85,0.382
R1784,rock,0,59186.5,-57155.9,5578.4,88.28,2.78
R1785,rock,1,60097.7,-57000.9,4679.7,68.67,2.235
R1786,rock,1,61853.3,-57047.7,4436.4,-246.73,0.479
R1787,rock,0,66716.5,-56849.2,4200.3,66.77,1.645
R1788,rock,2,79859.5,-57483.5,6487,40.78,0.638
R1789,rock,1,-79757.1,-56171.1,11357.7,-167.78,2.51
R1790,rock,2,-79003.6,-56032.9,11170.1,35.4,0.368
R1791,rock,1,-74764.7,-56349.6,10578.2,-132.68,0.434
R1792,rock,0,-70373,-56513.8,13229.8,-171.07,0.452
R1793,rock,0,-68711,-56116.4,13202.5,51.98,0.406
R1794,rock,2,-67201.1,-56527.8,12227.8,-222.98,1.09
R1795,rock,0,-65839.6,-56457.4,10757.9,-263.86,0.564
R1796,rock,1,-64138.6,-56306.1,9396.3,-61.06,1.102
R1797,rock,1,-60536.9,-56138.1,10724.6,-144.73,1.212
R1798,rock,2,-55307.6,-56159.9,9427.7,-172.57,1.681
R1799,rock,1,-53883,-56463.6,8336.1,10.82,0.565
R1800,rock,2,-52293.5,-56411.5,8543.4,-10.68,2.608
R1801,rock,0,-41609.5,-55808.2,6168.1,-249.97,1.367
R1802,rock,1,-30410.5,-56021.2,3525.2,-96.24,2.922
R1803,rock,0,-27698.1,-55847.3,4182.2,-142.69,0.6
R1804,rock,0,-16524.5,-55938.6,3038.6,-72.26,2.772
R1805,rock,2,-15464.4,-56207.8,3233.1,-23.32,0.671
R1806,rock,1,33920.4,-55927.2,7782.2,-0.23,2.855
R1807,rock,0,37613.8,-55832.2,7804.3,-183.33,1.772
R1808,rock,0,39675,-56189.6,8556.8,-153,0.686
R1809,rock,0,42287.6,-55790.9,8012.7,-218.08,1.656
R1810,rock,1,42495,-55703.7,7728.5,-199.45,0.319
R1811,rock,2,44406.7,-56201.1,9110.7,-55.35,2.281
R1812,rock,1,48617.5,-56137.6,9383.1,-263.95,0.376
R1813,rock,1,50777.5,-55825.4,8589.9,-8.56,0.643
R1814,rock,2,51567.7,-56406,9104.2,-90.99,2.88
R1815,rock,1,57025.8,-56243.6,6041.8,-8.3,0.561
R1816,rock,2,-73421.5,-55082.2,10080.6,-131.7,3.161
R1817,rock,0,-69184.1,-55421.9,12537,-127.33,1.639
R1818,rock,0,-67472.5,-55048.9,12921.1,-106.31,0.379
R1819,rock,0,-66773,-55273.2,13046.4,-230.14,2.121
R1820,rock,2,-65985.7,-55533.9,11292.8,-80.65,2.245
R1821,rock,1,-63048.2,-54849.7,9842.6,68.96,1.463
R1822,rock,0,-61472.4,-54822.5,8680.7,-73.55,1.227
R1823,rock,0,-58886.1,-55078.6,8258.4,-247.87,0.558
R1824,rock,2,-57448.6,-55545.3,9161.9,-208.55,3.014
R1825,rock,0,-55443.6,-55172.9,9374.7,-163.88,0.611
R1826,rock,1,-51221.3,-54876.4,7789.8,-78.7,0.431
R1827,rock,1,-32516.1,-55328.2,4077.3,-176.31,3.095
R1828,rock,2,-26410,-54921.2,4170.8,-41.15,0.328
R1829,rock,0,-25717.6,-55436.8,4553.2,-152.46,0.385
R1830,rock,2,-6662.7,-54894.9,4591.6,-199.76,0.489
R1831,rock,2,15854.6,-54842.9,2645,-45.48,0.44
R1832,rock,2,22170.5,-54820.1,2749.8,-240.29,2.048
R1833,rock,2,28671.5,-55299.6,4997.5,-46.38,2.012
R1834,rock,2,30226.4,-55000.2,5307.4,-29.45,0.602
R1835,rock,2,31316.7,-55300.7,6441.5,-129.9,0.638
R1836,rock,0,38010.4,-55571.2,8162.8,-46.55,0.632
R1837,rock,1,38986.8,-55431.2,8339.9,69.97,1.764
R1838,rock,0,41177.3,-55483.9,9115.4,-178.96,2.986
R1839,rock,0,47558.3,-55073.7,8379.1,-224.78,1.8
R1840,rock,0,53112.3,-54825.5,7181.5,-100.67,0.251
R1841,rock,1,53624.9,-55234.5,6703.3,-7.2,0.637
R1842,rock,2,56259.7,-55597.3,6347.4,-214.26,0.573
R1843,rock,1,64078.4,-55554.9,3956.2,-163.2,0.602
R1844,rock,2,-66969.7,-54734.9,13779.4,78.56,0.655
R1845,rock,1,-55795.1,-54004.8,9287.8,20.38,0.322
R1846,rock,1,-54141.2,-54583,8501.1,3.12,1.269
R1847,rock,2,-50727.6,-54747.2,7477.3,-59.85,1.398
R1848,rock,0,-44846.6,-54221.1,4753.9,-259.22,1.446
R1849,rock,0,-40793.5,-53974.5,5041.7,-174.97,1.861
R1850,rock,0,-25246.4,-54413.4,3647.9,55.1,2.923
R1851,rock,1,-3011.4,-54253.9,3850.7,23.36,0.412
R1852,rock,1,29718,-54560,5024.7,69.91,0.5
R1853,rock,1,53712.6,-53908.8,6648.2,52.8,1.77
R1854,rock,1,54386.5,-53949.8,6289.4,41.25,0.628
R1855,rock,2,64094.2,-54226.9,3079.3,-100.6,0.311
R1856,rock,1,78982.1,-54025.9,6080.8,-4.86,0.345
R1857,rock,2,79580.4,-54755,6131.1,50.81,2.519
R1858,rock,0,-76567.2,-53773.4,12242.7,44.69,0.31
R1859,rock,2,-75883,-53414.5,12387,-164.6,1.309
R1860,rock,0,-69267.7,-53406.6,12339.8,-61.57,0.455
R1861,rock,1,-68924.9,-53291.4,11901,-139.58,0.526
R1862,rock,1,-66856.4,-53207.2,12211.4,80.19,0.471
R1863,rock,0,-64614.6,-53396.4,11398.1,-50.11,3.095
R1864,rock,2,-57566.4,-53837,8560.4,8.77,0.506
R1865,rock,1,-54904.9,-53516.3,8489.4,67.31,0.441
R1866,rock,0,-53015.7,-53651.9,7200.2,-27.82,0.695
R1867,rock,0,-50456,-53555.5,6471.6,-206.51,0.549
R1868,rock,2,-41556.8,-53784.4,5352.6,20.86,1.689
R1869,rock,1,-29628.9,-53227.7,3225.4,-68.93,0.382
R1870,rock,1,-29354.3,-53518.4,3100,-36.63,0.462
R1871,rock,2,-25960.9,-53094.1,2578.2,6.69,1.461
R1872,rock,2,26315.6,-53849.2,3681.3,31.41,0.444
R1873,rock,0,30434,-53290.1,5361,-200.48,0.365
R1874,rock,1,39610.6,-53425.7,8928,24.47,2.569
R1875,rock,2,41324.4,-53828.2,7966.7,-44.71,0.503
R1876,rock,1,43164.5,-53617.4,7756.8,-176.6,0.535
R1877,rock,1,44252.8,-53168.9,9064,78.02,1.33
R1878,rock,2,50723.9,-53201.7,7446.1,-112.61,1.896
R1879,rock,2,52385.9,-53795.6,6842.9,-216.64,0.309
R1880,rock,0,56430.5,-53625.1,5752.2,-161.33,2.018
R1881,rock,1,66302.5,-53341.1,3185.1,-178.72,0.674
R1882,rock,0,-79751.4,-52818.1,14032.3,-135.16,0.625
R1883,rock,2,-75844.8,-52402.8,12973.7,-130.78,1.773
R1884,rock,1,-72234.8,-52744.6,10676.9,-108.79,1.602
R1885,rock,1,-70270.8,-52861.8,13302.4,-172.04,0.608
R1886,rock,1,-66698.6,-52595.9,12176.1,26.27,0.343
R1887,rock,1,-64465.4,-52745.7,12623.8,-261.27,1.073
R1888,rock,1,-63340.2,-52514.8,10445.5,-151.03,1.38
R1889,rock,0,-62387,-52930.8,9747.6,23.22,0.334
R1890,rock,0,-55731.3,-52866.6,9611.8,-265.24,3.135
R1891,rock,0,-52602.1,-52143.1,6303.2,4.16,1.654
R1892,rock,1,-48022.2,-52324.9,4548.9,-109.96,0.405
R1893,rock,1,-47310.4,-52610.2,4330.7,-193.81,0.325
R1894,rock,0,-6925.5,-52317,3094.9,-239.93,0.293
R1895,rock,1,33784.5,-52475.4,6200.6,-234.95,0.254
R1896,rock,1,35483.6,-52572.1,6731.1,-28.44,0.641
R1897,rock,1,40556.7,-52994.6,8381.7,-73.65,0.475
R1898,rock,1,44146.9,-52400.8,9082.6,-108.69,0.287
R1899,rock,2,48604.3,-52910.5,9506.2,-253,2.415
R1900,rock,0,52514.9,-52319.8,6582.5,-161.04,0.336
R1901,rock,1,54843.1,-52245,5761.4,-123.23,0.419
R1902,rock,2,55004.6,-52967.6,5866.3,-171.49,2.455
R1903,rock,2,62259.5,-52561.3,3007.6,-22.2,0.501
R1904,rock,1,-75182,-51522.6,14214.7,-141.91,0.521
R1905,rock,1,-74021.2,-51885.5,12897.1,49.5,2.114
R1906,rock,2,-69427.3,-51477.9,13326.5,-216.52,0.515
R1907,rock,1,-68360.3,-51364.9,13125,-266.62,0.301
R1908,rock,0,-66561.1,-51638.9,12469.9,-199.49,0.345
R1909,rock,0,-66289.8,-51826.1,12016.6,15.38,2.99
R1910,rock,2,-60915.9,-51326.1,10958.7,70.5,3.144
R1911,rock,1,-58526.4,-51763.5,8523.7,-142.89,2.49
R1912,rock,2,-57350.4,-51519.2,8667.2,-244.88,0.38
R1913,rock,2,-56106,-52090.6,8985.2,-77.95,0.675
R1914,rock,0,-54146.5,-51408.2,7564.2,57.52,1.85
R1915,rock,1,-53179.8,-51981.8,6425.6,-266.96,0.647
R1916,rock,0,-51570.2,-51683.3,6738.5,-3.07,0.669
R1917,rock,2,-37912.8,-51221.8,2507.7,-218.32,0.258
R1918,rock,1,-30094.8,-51918.1,2878.6,-159,2.835
R1919,rock,0,-24694.4,-51875.7,2124.3,-187.18,0.531
R1920,rock,2,-12452.5,-51959.1,2285.2,-108.29,0.491
R1921,rock,2,26290.5,-51628.1,3970.3,-182.18,0.347
R1922,rock,0,34125.7,-51628.7,5772.4,53.04,1.258
R1923,rock,0,34755.8,-51982.8,6137.2,-108.83,2.423
R1924,rock,1,35543.9,-52092.2,6686.3,9.1,1.915
R1925,rock,0,36111.4,-51247.1,7854,-152.49,1.752
R1926,rock,1,37244.5,-51526.3,8901.8,-75,2.624
R1927,rock,1,38556.4,-51559.1,9080.5,28.26,3.114
R1928,rock,1,44589.6,-51903.8,9739.5,51.73,2.875
R1929,rock,2,47127.7,-51261.2,7712.8,-158.99,0.284
R1930,rock,0,48251.7,-51539.6,8650.1,-133.94,0.532
R1931,rock,2,51648.8,-51365.9,7354.9,-32.05,1.704
R1932,rock,0,52630.6,-51815.7,6079.6,-147.2,0.355
R1933,rock,1,55463.9,-52089.6,5238.9,-98.52,0.583
R1934,rock,0,62681.8,-52097.7,2765.9,-71.11,1.824
R1935,rock,1,-69409.2,-50312.3,13982.1,-152.25,0.537
R1936,rock,1,-62695,-50501,10743.9,-125.61,0.639
R1937,rock,1,-59066.8,-51162,8880.3,40.82,1.537
R1938,rock,1,-48025.4,-50387.4,4570.4,-110.53,1.353
R1939,rock,2,-41088.5,-50927,3737.6,39.41,2.952
R1940,rock,1,-21198.5,-51072.2,1639.2,-145.01,0.302
R1941,rock,1,-5181.2,-50404.5,2608.2,-24.23,0.525
R1942,rock,2,2115.1,-50793.9,2811.7,7.36,0.355
R1943,rock,2,32031.6,-51069.9,5231,-22.06,0.555
R1944,rock,1,35536.9,-50757.4,7191.7,-150.95,1.744
R1945,rock,2,38590.6,-51049.7,8833.3,-70.38,1.471
R1946,rock,0,43691.3,-51085.4,9430.7,55.12,0.657
R1947,rock,1,44478.7,-50419,9132.8,-113.07,2.35
R1948,rock,0,47509.9,-50880.7,7621.9,-60.75,0.497
R1949,rock,1,57340.8,-50989.6,5328.6,-168.83,0.393
R1950,rock,1,59461.5,-50983.8,3911.1,14.57,0.257
R1951,rock,0,-77838.3,-49898.3,12721.1,-202.15,0.527
R1952,rock,2,-77132.1,-50229.6,13252.4,-168.72,0.284
R1953,rock,2,-73814.9,-50152.9,12804.4,-20.79,2.393
R1954,rock,2,-58239,-50234.1,8397.3,-141.26,2.788
R1955,rock,1,-57124.6,-49691.6,8111,-130.78,0.538
R1956,rock,0,-54936.2,-49769.7,7145.3,-235.16,1.133
R1957,rock,0,-52460.4,-50173.3,5381.6,-227.6,0.39
R1958,rock,2,-50744.2,-49568.5,4835.1,86.91,0.352
R1959,rock,2,-44754.2,-49916,4946,-102.34,0.45
R1960,rock,0,-30887.8,-50278.5,2688.4,-44.14,0.583
R1961,rock,1,-16215.4,-50232.8,1454.9,22.13,1.559
R1962,rock,1,10058.4,-49564.1,1866.5,31.18,0.565
R1963,rock,2,35220,-49489,6915,-232.91,2.132
R1964,rock,1,41254.9,-49867.5,9874,-157.33,1.777
R1965,rock,0,42042.5,-49785.8,9426.6,-161.1,0.421
R1966,rock,0,42576.5,-49820.7,9827.8,-105.98,0.68
R1967,rock,1,52675.9,-50135.1,6386.8,-28.37,1.187
R1968,rock,2,59440.6,-50156.6,3884.6,-176.86,0.279
R1969,rock,0,61512.4,-49862.7,2941,-156.66,0.276
R1970,rock,2,74063.9,-49635.2,4854.5,66.29,0.59
R1971,rock,0,-78882.2,-48662.2,12083.8,-96.68,0.379
R1972,rock,1,-75251.3,-49190.9,12442.7,27.02,1.608
R1973,rock,1,-72333.3,-48782.7,12639.8,6.83,1.132
R1974,rock,2,-67266,-49211.2,12361.5,-120.09,3.171
R1975,rock,2,-63258.2,-49181.6,9873.6,-170.15,1.293
R1976,rock,2,-47446.3,-49236,4215.8,-91.93,0.496
R1977,rock,2,-43558.6,-49018,4020.2,-33.09,0.548
R1978,rock,1,-40642.8,-49148.8,2858.3,-17.27,0.342
R1979,rock,0,41247.4,-48517.3,9836.9,-7.33,2.002
R1980,rock,2,44834.3,-49267.8,8158.5,-149.06,2.109
R1981,rock,2,53741.1,-48542,5610.6,-222.22,2.391
R1982,rock,2,-76423,-48058.4,11664.1,-37.62,1.154
R1983,rock,2,-70837.9,-47832.3,15335.8,-151.87,1.084
R1984,rock,0,-68353.1,-48419.1,13219.7,19.95,2.064
R1985,rock,1,-68006,-48378.4,12667.5,-203.89,2.242
R1986,rock,1,-65861.4,-47935.6,10092.6,-159.56,2.284
R1987,rock,2,-64797.8,-47987.5,9856.6,46.14,0.668
R1988,rock,1,-64224.9,-48326,9417.2,-241.15,2.819
R1989,rock,0,-56427.7,-48343.2,8271.8,-162.27,0.33
R1990,rock,0,-49674.2,-47888.7,3666.1,-98.38,2.484
R1991,rock,0,-44576.7,-48486.5,3620.3,-156.95,0.563
R1992,rock,0,-37024.5,-47715.8,2354.6,-159.19,0.468
R1993,rock,1,5370.4,-48380.4,2349.4,-169.5,0.557
R1994,rock,1,37155.5,-48112.7,6381,60.2,2.73
R1995,rock,0,39119.1,-47620.7,8540.9,-83.68,1.964
R1996,rock,0,40383.6,-47891.7,10293.4,-176.97,0.305
R1997,rock,1,44104,-47868.5,7906.8,-28.14,2.227
R1998,rock,1,48018.5,-48311.2,9125.7,4.93,1.51
R1999,rock,1,49522.4,-48099.2,7193.3,-170.21,0.623
R2000,rock,0,61930.6,-48343.8,3076,66.4,0.507
R2001,rock,0,69675.3,-47932.2,4616.5,-224.16,0.481
R2002,rock,2,-72935.6,-46964.6,13217.1,-198.39,0.332
R2003,rock,2,-71362.1,-46823.7,14855,50.55,2.24
R2004,rock,0,-64987.6,-46903.8,9435,58.64,1.369
R2005,rock,0,-63922.6,-47182,8492.7,-177.53,2.398
R2006,rock,2,-61265.1,-47123.7,6913.8,-75.02,2.26
R2007,rock,0,-42810.3,-47215,3240,-261.35,0.33
R2008,rock,2,33769.3,-46953.7,5756.1,43.87,0.615
R2009,rock,0,40497.2,-47174.9,9038.2,-49.82,0.314
R2010,rock,2,43091.9,-47099,8167.2,-13.87,0.64
R2011,rock,1,44972.5,-46840.6,8656.8,-120.05,1.33
R2012,rock,0,45453.9,-46834.4,9158,-263.84,1.528
R2013,rock,2,46425,-47314.9,10892.6,37.96,2.18
R2014,rock,1,50316.9,-46980.8,6960.6,86.01,2.838
R2015,rock,1,51794.2,-46744.9,5740.7,54.7,0.656
R2016,rock,2,55791.7,-46714.1,5173.5,-232.81,0.327
R2017,rock,1,61358.2,-46790.5,3184.9,-111.03,0.251
R2018,rock,2,-76582,-46342.7,11676.1,36.33,0.373
R2019,rock,2,-72765.7,-46035.4,14104,-174.07,2.509
R2020,rock,0,-69607.4,-45873.9,12674,-78.39,1.141
R2021,rock,2,-68740.5,-45917.7,11382,-117.31,2.456
R2022,rock,1,-62098.6,-46546.2,7300.6,33.72,0.574
R2023,rock,2,-58150.5,-46566.3,8246.9,-167.7,0.621
R2024,rock,2,-57425.8,-46586.3,7154.4,-114.75,0.435
R2025,rock,0,-56518.2,-45905.3,6325.7,5.24,0.477
R2026,rock,1,-55028.1,-45926.7,5599.5,0.63,1.541
R2027,rock,2,-54694.1,-46144.8,5162.4,-130.2,0.272
R2028,rock,0,-50894.9,-46100,3707.4,-58.05,0.455
R2029,rock,1,-41925,-46206.7,2734.1,-145.7,0.279
R2030,rock,1,-18717.4,-46248.8,1471.3,34.35,0.345
R2031,rock,2,-13719.6,-46004.8,1782.9,-165.25,0.568
R2032,rock,2,36260.9,-46172.8,6174.8,-100.83,0.34
R2033,rock,1,37090.2,-45824,6553.1,-232.15,1.004
R2034,rock,1,39021.7,-46030.9,8537.7,-170.4,0.339
R2035,rock,2,41742.3,-46274.8,7871.9,83.29,1.713
R2036,rock,0,42592.6,-46148.1,8270.7,-51.55,1.528
R2037,rock,1,43526.6,-46286.8,9203.4,53.41,1.059
R2038,rock,2,53315.8,-46256.4,6163.8,-172.26,0.638
R2039,rock,1,67238.2,-46103.5,4235.8,-112.1,0.501
R2040,rock,0,-79201.7,-45263.8,11994.4,-264.38,0.613
R2041,rock,0,-67197.8,-45196.6,9313.7,-155.85,1.57
R2042,rock,1,-58026.1,-45162.2,5919.1,-230.51,2.676
R2043,rock,2,-44426.1,-45021.2,3124.1,33.97,0.465
R2044,rock,0,34873.5,-45155,5986.8,-22.08,0.333
R2045,rock,2,38462.1,-44983,7275.7,-243.61,0.662
R2046,rock,1,46699.8,-45459.5,9279.8,-131.51,0.461
R2047,rock,0,46985,-45786.9,8257.6,-83.14,0.542
R2048,rock,2,51248.7,-44921.3,7130.1,-167.47,2.143
R2049,rock,0,51631.5,-45550.2,6429.3,-204.42,3.147
R2050,rock,0,53101.6,-45488.1,6677.3,-80.34,1.281
R2051,rock,2,74784.4,-45070.5,5382.5,-50.63,0.344
R2052,rock,0,79379.8,-45430.6,6342,-44.52,0.615
R2053,rock,0,-76542.2,-44168.5,12551.3,-201.37,0.414
R2054,rock,1,-73397.1,-44694.9,12747.3,-141.08,2.841
R2055,rock,2,-71862.9,-44075.9,11608.9,-119.75,2.666
R2056,rock,2,-62981.2,-44094.5,6954,-240.99,3.069
R2057,rock,0,-59780.3,-44630.6,6363.7,71.27,0.562
R2058,rock,0,-58221,-44526.3,5852.1,-39.91,0.576
R2059,rock,2,-47206.1,-44557,3350.9,-113.41,2.896
R2060,rock,2,-32325.4,-44499.6,2128.8,-14.87,0.67
R2061,rock,0,-465.3,-44040.6,2093.1,40.81,0.331
R2062,rock,0,16523.2,-44258.3,1911.2,-222.03,0.473
R2063,rock,0,31451,-44241.7,3956.6,-219.43,0.283
R2064,rock,0,33351.3,-44417.3,5275.7,46.53,1.909
R2065,rock,2,44166.6,-44741.3,9292.3,80.04,0.379
R2066,rock,2,50124.6,-44756.3,6262.1,-116.8,0.293
R2067,rock,1,51342.5,-44085.8,7569.8,-172.47,2.884
R2068,rock,1,52879.3,-44180.3,5908,-8.77,0.325
R2069,rock,0,53688.3,-44142.6,5766.3,-81.06,0.43
R2070,rock,2,-70979.3,-43777.5,11148.2,-36.07,0.617
R2071,rock,1,-65663.4,-43832.2,8342.4,-129.87,0.293
R2072,rock,0,-64378.5,-43256.4,7708.6,-208.12,1.774
R2073,rock,2,-62423.8,-43854.3,6787.5,-215.35,0.615
R2074,rock,1,-45877.9,-43779.3,3004.6,-54.12,0.681
R2075,rock,2,-16617.2,-43836.7,1659.4,-175.49,2.025
R2076,rock,1,37537.4,-43233.2,6259.3,68.22,0.323
R2077,rock,0,47216.8,-43983.4,8021.6,-24.6,2.046
R2078,rock,2,54596.7,-43771.1,6163.3,88.49,2.505
R2079,rock,1,74621.5,-43372.8,5734.9,-120.04,0.635
R2080,rock,0,-75780,-42451.3,11890.7,-4.22,3.152
R2081,rock,2,-69282.7,-42700.6,10145.1,-36.34,1.759
R2082,rock,0,-68689.5,-42633.7,9972.2,-190.58,3.002
R2083,rock,1,29798.3,-42796.8,3863.1,-202.66,2.371
R2084,rock,0,34592.6,-42286,5400.9,-137,2.005
R2085,rock,0,41840.7,-42962,6378.7,-186.21,0.269
R2086,rock,2,43806.3,-42607.6,6593.5,-237.62,2.201
R2087,rock,2,48883.9,-42338.3,8737.9,0.26,2.688
R2088,rock,2,66992,-42995.7,4426.8,45.7,2.272
R2089,rock,0,76499.2,-42436.8,6247.7,-167.92,0.45
R2090,rock,2,77008.8,-42601.7,6322.9,-146.47,0.567
R2091,rock,2,-74582.1,-41511.8,10858,-232.7,0.388
R2092,rock,0,-73697.4,-41408.6,10006.6,-69.09,3.166
R2093,rock,1,-61196.5,-42034.2,5704.6,-74.32,1.048
R2094,rock,2,-60183.7,-42184.3,6095.3,-234.54,0.529
R2095,rock,0,-58850.2,-41972.5,5906.7,-86.46,3.135
R2096,rock,2,-57500.8,-41493.6,6092,-195.8,0.426
R2097,rock,1,-55152.3,-41460.8,5079.5,-197.39,2.118
R2098,rock,2,-50863.5,-41583,3523.1,-152.21,2.177
R2099,rock,1,-37239.2,-41776.6,2278.2,-268.61,0.588
R2100,rock,0,7099,-42176.7,1902.7,39.36,0.574
R2101,rock,0,38948.6,-42068.4,6172.1,-94.24,2.639
R2102,rock,0,40999.4,-41575.4,5901,67.56,0.289
R2103,rock,0,41630.4,-41589.1,5637.8,-121.09,2.83
R2104,rock,2,42681.2,-41892.3,6886.9,-145.34,2.338
R2105,rock,1,43364.1,-41856.1,6660.8,-112.7,0.458
R2106,rock,1,49427.8,-42000.3,7508.5,-18.6,2.184
R2107,rock,0,53731.4,-41544.7,5069,-214.33,2.694
R2108,rock,0,67875.8,-41872.4,4718.2,-231.52,0.465
R2109,rock,1,-77465.5,-40518.8,11725,-177.8,0.627
R2110,rock,0,-76121.1,-41164.2,11105.9,-199.9,2.966
R2111,rock,0,-75213.9,-40884.1,10302.3,-258.72,2.768
R2112,rock,0,-73911,-40409.7,9271.5,-64.82,0.269
R2113,rock,0,-72121.1,-40514.3,8818,-148.02,3.023
R2114,rock,0,-69505.8,-40480.5,8299.2,-161.16,0.614
R2115,rock,2,-62489.7,-40646.5,5963.5,-37.66,0.252
R2116,rock,0,19889.2,-40761.5,1821.6,-102.3,0.67
R2117,rock,2,37196.4,-40977.1,6287.9,-23.72,2.927
R2118,rock,1,38250.7,-40427.8,6905.3,-113.56,1.587
R2119,rock,2,40015.8,-41165.2,6171.1,-204.75,1.338
R2120,rock,0,41802.3,-41277.5,5868.7,-95.8,1.058
R2121,rock,0,44989.4,-40510.6,7051.3,46.24,1.008
R2122,rock,2,47853,-41235.7,8161,-193.2,0.481
R2123,rock,1,52761.3,-41134.1,4793.3,51.61,2.182
R2124,rock,2,54729,-40812.1,4746,-167.52,0.344
R2125,rock,0,-70601.1,-40088.5,7809,-17.04,0.662
R2126,rock,2,-69969.1,-39568.9,7373,-63.83,1.78
R2127,rock,1,-68948.8,-40393.4,8538,58.14,1.117
R2128,rock,0,-66771.3,-40167.3,8052.2,-253.24,0.279
R2129,rock,0,-66159.7,-39780.4,8437.9,-254.37,2.409
R2130,rock,2,12237.8,-39642.4,1773,-4.3,0.317
R2131,rock,2,31598.8,-40077.6,3797.6,-127.27,0.313
R2132,rock,1,35326.8,-40206.3,4614.7,-90.34,0.279
R2133,rock,0,43997.5,-40131.8,6570.8,4.58,1.667
R2134,rock,2,44669.3,-39835.2,6523.5,88.83,0.662
R2135,rock,2,47110.5,-39900.7,6561.6,-263.25,0.452
R2136,rock,2,49032.9,-39632,6265.7,-140.27,3.026
R2137,rock,0,50468.4,-39965.4,5869,-35.47,0.46
R2138,rock,0,59124.9,-39675.3,3275.8,-185.56,0.683
R2139,rock,2,59967.9,-39532.3,3260.3,-172.42,1.2
R2140,rock,1,75724.2,-40065.1,5562.3,11.55,2.473
R2141,rock,0,78328.5,-39610.6,6017.2,-99.99,0.537
R2142,rock,0,78933.2,-40242.6,6238.6,-43.37,0.397
R2143,rock,0,-78895.8,-38823.7,10995.6,-133.24,1.408
R2144,rock,2,-77081.8,-38721,10991.5,42.32,0.456
R2145,rock,1,-70156.3,-39376,7278.9,-234.92,0.604
R2146,rock,2,-63656.7,-39200.9,6875.9,-36.5,1.56
R2147,rock,0,-56494.9,-39413.1,4081.8,18.52,0.446
R2148,rock,1,-21181.6,-39235.1,1745.6,-164.59,0.608
R2149,rock,2,-12444.3,-39449.9,2030.3,-127.5,0.564
R2150,rock,1,38010.1,-38988.2,4594.9,-147.87,0.286
R2151,rock,1,39639.4,-39282.6,5728.4,-268.39,1.04
R2152,rock,2,40661.3,-39165,5738.9,64.91,2.475
R2153,rock,0,41977.3,-39046,5750,-91.38,0.487
R2154,rock,1,43727.4,-39397.5,5649.2,-145.17,0.449
R2155,rock,1,44285,-38945.5,5958.2,-77.81,3.024
R2156,rock,0,51448.6,-38875,5005.8,-132.01,0.499
R2157,rock,1,59615.4,-39455.6,3269.1,-97.9,2.051
R2158,rock,0,68486.8,-39082,4671.5,-173.5,0.566
R2159,rock,1,73850,-39081.3,4277.8,-226.55,2.241
R2160,rock,2,74142.3,-39198.3,4375.5,87.32,0.402
R2161,rock,0,-77916.6,-38319.2,10466.4,-104.07,3.186
R2162,rock,2,-76570.4,-38303.9,10707.7,-5.78,2.78
R2163,rock,2,-68764.1,-38322.4,6856.6,-118.58,0.289
R2164,rock,2,-14122.4,-37923.3,1846.6,-145.95,0.47
R2165,rock,0,29675.1,-38015.8,3150.9,-175.04,0.617
R2166,rock,2,32073.3,-38045.3,3333.8,-137.35,0.574
R2167,rock,2,39657.4,-37750.8,4083.7,-135.96,0.314
R2168,rock,0,41347.7,-38177.3,5088.1,-168,0.291
R2169,rock,2,44991.8,-38248.9,5484.8,-110.27,3.038
R2170,rock,1,45900.4,-37741.6,4029.3,45.05,0.527
R2171,rock,2,-77525.9,-37235.1,9088.2,88.75,0.52
R2172,rock,2,-74406.7,-37643.5,7857.7,-119.41,0.283
R2173,rock,1,-67466.7,-37692.3,7271.3,-201.92,0.458
R2174,rock,2,-66917.5,-37298.6,7524.9,-165.04,2.257
R2175,rock,0,25932.4,-37316.1,2071.4,14.29,1.999
R2176,rock,1,37745.9,-37544.6,3542.2,-110.06,0.471
R2177,rock,1,44426.3,-37379.8,3875.8,89.47,2.85
R2178,rock,0,45105.6,-37247.7,3486.6,-199.36,0.64
R2179,rock,1,47959.3,-36893.9,3513.5,10.16,1.222
R2180,rock,0,60928.1,-37176.4,2768.1,-60.87,0.505
R2181,rock,1,67223.2,-36940.7,4847.7,-149.7,0.5
R2182,rock,0,70415.7,-37394.5,5167.6,-266.59,0.49
R2183,rock,0,74998.3,-37199,5518.2,-190.16,2.225
R2184,rock,1,75785,-37260,6009.7,-94.29,0.592
R2185,rock,0,76917.2,-37507.1,6423.7,-6.42,0.624
R2186,rock,0,79749.7,-37292.4,6653.1,-250.28,0.609
R2187,rock,0,-78353.1,-36228.4,8593.5,58.6,2.772
R2188,rock,0,-71775.3,-36103.8,6953,-189.77,0.477
R2189,rock,1,-69752.9,-36757.2,6949.9,-209.45,1.598
R2190,rock,0,-63447.1,-36204.8,5874.5,-87.4,3.183
R2191,rock,2,-6686.9,-36484.8,1899.9,67.74,0.56
R2192,rock,1,30455.2,-36592.7,2936.4,-134.24,0.572
R2193,rock,2,44230.5,-36589.2,3093.5,76.87,3.015
R2194,rock,2,61553.6,-36136.4,2590.6,-178.17,0.686
R2195,rock,0,66606,-36594.9,4440.6,-21.64,2.111
R2196,rock,2,-78622,-35238.1,8324.3,-242.24,3.193
R2197,rock,0,-76846.2,-35274.4,8472.8,49.42,2.029
R2198,rock,1,-76229.1,-35513.4,9024.7,-138.97,0.28
R2199,rock,1,-68375.3,-35207.3,5936.3,12.6,2.122
R2200,rock,1,-57194.9,-35478,3124.8,-14.52,0.268
R2201,rock,0,30132.6,-35040.3,2760.9,-27.81,0.333
R2202,rock,0,58585,-35600,2423.1,5.02,0.697
R2203,rock,0,-79355.3,-34148,9730,-233.14,2.678
R2204,rock,0,-78870.3,-34532.2,9102.3,43.59,0.251
R2205,rock,2,-76904.8,-34215.7,8382.1,-265.22,1.638
R2206,rock,1,-72113.6,-34503.6,7740.6,-122.49,0.488
R2207,rock,2,-68028.7,-34446.8,5892.9,78.84,0.511
R2208,rock,0,5955.3,-34435.6,1767.3,-256.51,0.542
R2209,rock,1,49647.1,-34603.7,3747.1,38.9,0.51
R2210,rock,0,60117.3,-34145.6,2094.1,-236.31,0.617
R2211,rock,0,66495.5,-34821.2,3768.8,65.06,0.472
R2212,rock,1,71089.2,-34645.6,5090.5,-68.34,0.349
R2213,rock,1,-75791.8,-33875.2,9193.1,-32.64,0.291
R2214,rock,2,-74760,-33758.3,9330.3,40.88,2.68
R2215,rock,1,-71779.6,-33360.4,7747.3,-189.5,1.267
R2216,rock,1,-68602.1,-33294.6,6063.4,-133.68,1.95
R2217,rock,0,-65310.3,-33241.8,5676.1,-146.92,1.776
R2218,rock,1,-47646.6,-33493.3,2467.9,81.89,0.59
R2219,rock,1,-26515.1,-33770.5,1640.8,-4.4,0.374
R2220,rock,1,15091.3,-33291.7,1501.6,-122.71,0.615
R2221,rock,1,44179.2,-33868.7,2768.4,-29.09,2.684
R2222,rock,1,-79551.8,-32656.7,9551.5,1.15,1.383
R2223,rock,0,-76150.4,-32635.8,9272.8,-91.25,0.275
R2224,rock,0,-73987,-32354.4,9771.2,21.02,0.522
R2225,rock,1,-72234.4,-32776.6,8591,-57.99,0.291
R2226,rock,1,-71547.8,-32555.9,8146.4,63.86,2.07
R2227,rock,0,-70841,-32785,7707.7,-248.26,0.495
R2228,rock,1,-69505.9,-32462,7134.8,-113.23,1.356
R2229,rock,1,-68657.4,-32674.2,6091.6,-47,0.594
R2230,rock,0,-64981.7,-33098.7,5507.7,-68.27,0.25
R2231,rock,0,-62200.6,-32340.6,6085.8,79.58,0.345
R2232,rock,1,-61846.4,-32883.3,5951.1,-20.17,0.435
R2233,rock,1,-37869.4,-32703.8,1872.7,-246.48,0.29
R2234,rock,2,69114.8,-33115.6,4725.4,-17.93,0.51
R2235,rock,2,69493.3,-33022.4,4916.1,-166.26,0.627
R2236,rock,0,-73240,-31944.7,9567.6,-223.2,0.26
R2237,rock,1,-69064.6,-31818,6938.2,-226.66,2.957
R2238,rock,2,-62058.6,-31520,5608,-245.81,1.983
R2239,rock,0,-60964.2,-32262.5,5821.9,-9.36,1.274
R2240,rock,1,-60091.4,-31488.1,5834.2,-145.65,1.033
R2241,rock,2,-9408.5,-31731.8,1665.5,79.67,1.203
R2242,rock,2,-72689.3,-30897.5,10558.3,10.54,1.04
R2243,rock,0,-71331,-31102.5,9461,28.78,1.167
R2244,rock,1,-69252.7,-31113.3,7393.9,-180.76,0.515
R2245,rock,2,-68949.7,-30693,7443.2,-159.14,0.676
R2246,rock,2,-68247.5,-30637.4,7071.4,29.32,0.595
R2247,rock,0,49481.7,-30517.6,2652,-42.12,0.494
R2248,rock,1,53067.5,-30613.6,2604.1,-172.22,0.679
R2249,rock,0,72889.3,-30892.8,6154.5,34.49,0.453
R2250,rock,0,75416.4,-30839.7,6511.7,-24.62,0.281
R2251,rock,2,75756.4,-30938.3,6615.5,8.59,1.985
R2252,rock,1,78612.6,-31198.9,6765.3,-264.54,0.525
R2253,rock,2,-79855.1,-29605.7,8629.2,-66.55,0.296
R2254,rock,2,-77734.3,-30033.2,7886,-102.46,0.514
R2255,rock,2,-74605.9,-30349.6,9659.8,-240.64,0.553
R2256,rock,0,-70014.5,-30368.2,8839.3,4.65,1.363
R2257,rock,0,-68457.9,-29962.8,7850.3,-35.3,1.546
R2258,rock,2,-68165.2,-29898.4,7411.1,38.88,3.052
R2259,rock,2,-58691.9,-29996.5,4487.2,-128.3,0.6
R2260,rock,0,-58134.9,-30220.3,3882.4,-217.9,2.805
R2261,rock,2,-15285.9,-30332.9,1500,-101.64,0.332
R2262,rock,1,71446.7,-30176.6,5799.6,-80.86,1.972
R2263,rock,0,72698.2,-29886.8,6405.6,-34.53,0.525
R2264,rock,2,-78659.1,-29073.1,7913.6,71.85,0.582
R2265,rock,0,-72980.7,-29074.4,9627.2,-174.14,2.452
R2266,rock,2,-72235.3,-28744.5,9769.3,-216.09,2.499
R2267,rock,2,-67258.2,-29221.2,6715.4,-117.11,1.042
R2268,rock,2,-65688.2,-28854.3,6196.8,-20.09,2.062
R2269,rock,1,-64724.6,-29567.8,4688.5,81.66,0.524
R2270,rock,2,-60290.8,-29287.8,4816.6,16.29,0.334
R2271,rock,1,-58291.2,-29035.6,4045.1,31.98,0.487
R2272,rock,0,2997.8,-28978.6,1730.2,-89.66,0.64
R2273,rock,1,75498.1,-28958.1,6242.9,1.37,0.365
R2274,rock,2,75720.2,-28929.3,6218.1,-90.31,0.46
R2275,rock,0,78230.5,-29292,6328.9,-197.26,0.269
R2276,rock,1,-78045.5,-27961.8,8295.8,-68.34,2.444
R2277,rock,1,-73776.2,-28502,8528.6,3.54,1.888
R2278,rock,0,-71277.2,-28156.2,9663.5,-64.92,0.53
R2279,rock,2,-69435.5,-28182.6,9893.6,-209.08,3.179
R2280,rock,2,-68010.6,-28369.2,8250.6,-188.57,0.562
R2281,rock,2,-67329.4,-28699.8,7210.1,-66.83,0.657
R2282,rock,2,-66396.1,-28325.1,7053.4,-173.7,0.633
R2283,rock,0,-57628.5,-28277.6,3646.2,-234,0.571
R2284,rock,2,-2312.3,-27952.9,1977.5,56.07,0.31
R2285,rock,1,11463.5,-27923.4,1594.1,-125.01,0.523
R2286,rock,1,19287.7,-27977.4,1549.5,-241.51,0.5
R2287,rock,2,30869.2,-28041.1,2245.2,-241.79,0.376
R2288,rock,1,61278.2,-28339.9,2499.3,53.59,0.382
R2289,rock,2,70864.4,-28463.4,6141.7,62.94,2.586
R2290,rock,0,74770.2,-28659.6,6459,-151.12,0.342
R2291,rock,2,79787.9,-28051.2,6296,-22.25,0.663
R2292,rock,0,-74214,-27353.4,8114.3,-57.64,0.446
R2293,rock,1,-57017.4,-27704.7,3338.6,-131.99,3.049
R2294,rock,1,-424.6,-27249.3,1974.3,32.34,0.631
R2295,rock,1,32064.4,-27298,2580,34.62,0.633
R2296,rock,1,-76390,-26148.6,8552.1,-112.07,0.57
R2297,rock,1,-73481.8,-26679.6,8618.4,-160.08,0.652
R2298,rock,0,-72040.4,-26701.4,8768.1,-110.95,0.411
R2299,rock,1,-69984,-26767.7,8768.6,-164.39,0.674
R2300,rock,1,-65533.3,-26869,6089,-105.54,0.599
R2301,rock,1,-61726.5,-26468.7,4534.9,-52.57,2.526
R2302,rock,0,-60815.7,-26337.9,4872.3,-144.77,0.639
R2303,rock,2,-22227.5,-26427.2,1663.7,-18.52,0.592
R2304,rock,1,47265.7,-26201.7,2715.8,87.32,0.29
R2305,rock,1,73659.8,-26792.5,6900.8,-262.2,0.495
R2306,rock,2,-77067.1,-25230.4,7348.9,25.75,3.035
R2307,rock,2,-76354.5,-25306.5,7796.9,83.22,0.476
R2308,rock,1,-72339,-25977.7,8486.1,-14.68,0.534
R2309,rock,1,-57028.4,-25488.3,3218.4,-30.76,2.32
R2310,rock,1,6861.2,-25765.7,1872.6,-47.95,0.681
R2311,rock,0,68615.6,-25559.1,5737.2,46.31,0.372
R2312,rock,1,-74154.1,-24344,7907,-0.79,0.356
R2313,rock,0,-73639.9,-24619.2,8284.3,-269.19,1.702
R2314,rock,2,-69247.5,-24441,7807.1,-193.89,2.258
R2315,rock,0,-17602.7,-24367.7,1623.3,-109.63,0.415
R2316,rock,1,-4014.1,-24707.2,1943.6,-75.31,0.354
R2317,rock,1,52657.5,-24896,1919.3,10.61,0.539
R2318,rock,0,62192.1,-24768.1,2593.1,-186.64,0.532
R2319,rock,2,67820.6,-24851.8,5000,-60.09,2.225
R2320,rock,0,72307.8,-24208.8,5742.4,62.08,0.361
R2321,rock,2,73836.3,-24630.1,5928.3,-120.16,0.277
R2322,rock,2,-64674.5,-24003.4,7361.7,-14.46,2.724
R2323,rock,0,-62398.1,-23812.8,5446.3,-24.54,0.687
R2324,rock,0,-60961.5,-24023.7,4824,-223.98,0.578
R2325,rock,1,-55108.9,-23808.3,2533.2,-246.24,2.99
R2326,rock,2,-38086.3,-24133.2,2052,-191.29,0.654
R2327,rock,2,55233.2,-23484.4,1786.7,-235.45,0.672
R2328,rock,0,70304.5,-23471.5,6011.7,13.7,2.434
R2329,rock,0,74924.4,-24180.3,6308.1,70.87,0.529
R2330,rock,1,-77708.8,-23232.7,7533,52.08,0.675
R2331,rock,0,-76865.2,-22500.3,7870.9,88.45,1.711
R2332,rock,1,-76280,-22641.9,7592.2,54.53,3.183
R2333,rock,1,-40582.1,-22559.6,1918.7,18.97,0.457
R2334,rock,2,-13080,-23158.1,1793.3,-34.26,0.27
R2335,rock,1,15604.4,-22703.1,1643.3,60.92,0.674
R2336,rock,0,37990.4,-22752,2501.4,82.52,0.541
R2337,rock,1,66515.8,-23294,5008,-161.49,0.566
R2338,rock,2,72641.7,-22830.9,5715.9,-161.75,1.453
R2339,rock,1,74745.8,-22786.8,6970.6,-43.58,2.414
R2340,rock,1,75009.1,-22880.7,7067,25.68,0.667
R2341,rock,1,76331.4,-22594.3,7728.2,-199.07,0.676
R2342,rock,1,77281.2,-22862.8,7683.8,-51.24,0.526
R2343,rock,1,-68650.9,-21896.7,8724.7,-170.37,0.649
R2344,rock,2,-64289.4,-21663.2,6657.3,-58.35,0.508
R2345,rock,0,-62660.9,-22286.3,5898.5,-121.21,0.558
R2346,rock,1,-61569.4,-22085.3,5539.9,-240.04,0.612
R2347,rock,1,-58405.7,-21877.7,4372.3,-186.29,0.442
R2348,rock,2,31405.7,-21635,2009.9,-114.21,0.685
R2349,rock,2,68413.1,-22248,6232.6,-238.25,0.573
R2350,rock,0,75451.5,-21816.8,8184.7,-27.67,3.069
R2351,rock,1,78535.6,-21995.1,8407.6,-187.4,0.55
R2352,rock,2,79852.5,-21613.7,8361.3,-187.42,1.05
R2353,rock,1,-67695.8,-20981.9,7882.6,21.5,0.263
R2354,rock,2,-63698.5,-21493.2,6073.9,-93.33,0.4
R2355,rock,2,-28736.3,-21031.3,1744.1,60.37,0.637
R2356,rock,1,7021.8,-20622.3,1864.9,-69.27,0.386
R2357,rock,2,63725,-20624.5,3905,-215.45,0.698
R2358,rock,1,67124,-21412.5,6052.1,-206.81,3.103
R2359,rock,1,-71114.4,-20091.6,10275.4,23.04,0.594
R2360,rock,0,-70714.8,-19945.5,10128.5,-248.04,1.365
R2361,rock,1,-67761.1,-20101.1,7639.3,23.87,0.57
R2362,rock,0,-63394.4,-20277.2,5207.1,61.17,0.347
R2363,rock,1,62381.2,-20580,2858.4,-76.55,0.345
R2364,rock,1,72494.9,-19857.5,7473.5,-39.95,0.33
R2365,rock,0,75158.3,-20000.1,7983.2,-109.33,0.329
R2366,rock,1,79075.4,-19743.5,8409,-206.59,0.361
R2367,rock,2,-71362.4,-19558.3,10217.6,34.84,0.587
R2368,rock,1,-12205.5,-18910,1854.8,-172.84,2.21
R2369,rock,1,-6235.1,-19074.3,1996.5,-52.26,1.633
R2370,rock,1,61943.9,-19669,2782.8,-99.55,0.32
R2371,rock,0,70826.2,-18898.9,7369.1,-84.22,0.585
R2372,rock,0,-15697.2,-18768.7,1874.3,8.97,0.585
R2373,rock,2,62394.6,-18717.3,3322.8,-126.05,1.963
R2374,rock,0,67069.4,-18103.5,5781.4,85.77,0.386
R2375,rock,1,71285.9,-18762.8,7514,-187.85,0.339
R2376,rock,0,78711.7,-18012.3,7901.1,-242.62,0.606
R2377,rock,1,32439.8,-17144.3,1978.4,-167.73,0.603
R2378,rock,1,42477.8,-17602.2,1803.3,-54.26,0.368
R2379,rock,0,62126.9,-17059.7,3712.8,30.77,2.443
R2380,rock,2,62441.3,-17519.9,3791.4,-93.11,1.327
R2381,rock,0,78718.2,-17331.8,7755.2,-11.4,2.106
R2382,rock,0,-30662.4,-16202.4,1761.1,39.69,0.311
R2383,rock,2,-18072.2,-16858,1758.9,-71.36,0.511
R2384,rock,0,72851.4,-16508.8,8648.8,-171.33,0.687
R2385,rock,2,75467,-16413.2,9533.1,-111.25,1.385
R2386,rock,0,77422.8,-16881.1,8329.5,-155.83,0.57
R2387,rock,2,-73671.2,-16067.9,10576.7,87.56,0.421
R2388,rock,2,-19247.4,-15296.2,1733.4,-210.59,0.574
R2389,rock,1,31691.7,-15282.4,2151.5,-15.4,0.43
R2390,rock,2,59256.1,-15889.6,2592.1,-73.67,0.505
R2391,rock,1,64424.8,-15245.1,5293.7,-20.88,1.794
R2392,rock,1,70438.8,-15306,8283,20.9,0.265
R2393,rock,1,79882.6,-15637.2,7550.1,-224.31,0.414
R2394,rock,1,-31967.8,-14841,1882.6,-212.18,0.312
R2395,rock,2,-14180.4,-14925.4,1895.2,-53.82,0.381
R2396,rock,1,35290.1,-14597.2,2216.9,-241.63,0.294
R2397,rock,0,62246.9,-14351.1,4082.2,-10.61,2.454
R2398,rock,0,67834.4,-14922.8,7852.7,-168.42,3.069
R2399,rock,1,69537.4,-14782.7,7867,58.33,0.608
R2400,rock,0,72709.5,-14710.1,9097.3,-232.46,1.482
R2401,rock,1,75790.8,-14411.3,9788.7,-7.86,3.055
R2402,rock,2,79524.9,-14979.8,7584.1,-226.96,0.358
R2403,rock,0,-76949.7,-13685.7,11646.8,-177.95,3.044
R2404,rock,0,-66783.4,-14127.6,6272.7,-177.38,1.726
R2405,rock,1,-762.2,-14224.5,1652.7,-36.22,0.366
R2406,rock,0,60234.1,-13767.8,2954.6,-229.32,0.419
R2407,rock,1,60785.2,-13864,3273.6,-193.16,0.693
R2408,rock,1,66668.8,-13639.5,7252.6,-211.09,2.056
R2409,rock,2,66773.4,-14116.3,7044.2,-229.45,1.263
R2410,rock,0,67600.7,-13795.7,7990.8,-167.6,1.693
R2411,rock,2,68825,-14252.4,8200.1,30.3,0.512
R2412,rock,1,77385.7,-14280.7,8284.7,-8.04,0.436
R2413,rock,0,77996.6,-13488.9,8202.2,-76.95,0.62
R2414,rock,1,-71353.4,-12943.4,8104.6,-175.4,2.969
R2415,rock,1,-66034.3,-13074.4,5664.5,-59.87,3.063
R2416,rock,2,-16843.4,-13249.8,1708.4,-226.92,0.252
R2417,rock,2,35542,-12913.6,2296,58.17,0.314
R2418,rock,0,60272.5,-13369.5,2797,-259.23,0.294
R2419,rock,0,-72538.5,-12161.2,9601.7,54.16,0.272
R2420,rock,0,-69380.5,-12089.7,8048.9,-223.82,0.398
R2421,rock,2,-66379.8,-12265.6,6387.1,88.81,0.529
R2422,rock,1,-63529.4,-11989.5,4893.1,16.31,0.608
R2423,rock,2,-60638.9,-11734.5,4239.9,-121.39,0.375
R2424,rock,2,-56357.8,-12462.8,3763.7,4.34,0.467
R2425,rock,1,52127.8,-11784.7,1538,-49.03,0.343
R2426,rock,0,65960.8,-12218.2,6381.8,37.14,0.273
R2427,rock,1,67225.3,-11806.3,6662.3,-234.81,1.57
R2428,rock,1,69806.2,-12398.9,9094.2,-29.42,0.426
R2429,rock,1,73984.4,-12366.8,10461.4,-176.85,0.411
R2430,rock,1,74979.8,-12039.6,9892.2,-146.92,0.665
R2431,rock,1,76014.5,-11824.2,9537.3,-213.67,0.354
R2432,rock,0,76843.7,-11894.7,9270.2,-99.95,0.623
R2433,rock,2,-1307.9,-10833.5,1904.5,-63.25,0.518
R2434,rock,0,48435.6,-11583,1373.2,-202.39,0.359
R2435,rock,1,67712.7,-11096.1,6441.4,-133.01,0.501
R2436,rock,1,73583,-11362.4,9648,84.09,2.083
R2437,rock,0,76138.7,-11566.3,9646.8,-167.13,0.301
R2438,rock,1,77311.8,-11099.1,9012.4,0.45,0.272
R2439,rock,0,-79150.2,-9801.7,12126.2,61.46,0.475
R2440,rock,2,-72119.3,-9831.9,10222.3,-40.21,1.176
R2441,rock,1,-71233.1,-10622.9,8694.1,-178.25,2.57
R2442,rock,1,-70701.4,-10087.4,9212.7,80.47,0.551
R2443,rock,1,-66778.7,-10683.2,6961.2,-36.5,1.302
R2444,rock,2,-65289.3,-10699,5714.5,41.29,2.483
R2445,rock,0,5408.9,-10380.4,1680.4,-110.82,0.255
R2446,rock,0,62370.9,-9817.4,3716.8,85.53,0.382
R2447,rock,1,70874.4,-10234.2,7609,-69.01,2.113
R2448,rock,1,71939.7,-10078.4,8558.4,67.82,0.314
R2449,rock,2,74299.4,-10211.9,8937.6,-94.37,0.682
R2450,rock,1,75519.2,-9818.3,8321.7,0.27,0.636
R2451,rock,1,80035.2,-10183.3,8603.8,1.87,0.473
R2452,rock,2,-73318.4,-9172,11203.3,-179.31,0.493
R2453,rock,0,-72453.9,-9751.8,10553.3,-216.41,2.677
R2454,rock,1,-71699.3,-9189.1,10629.5,-52.84,2.564
R2455,rock,2,-70109.2,-9731,9535.7,-113.66,0.605
R2456,rock,1,-66288.8,-9602.9,7247.5,-212.78,0.595
R2457,rock,0,-65145.5,-9611.3,5979.1,67.92,1.409
R2458,rock,2,-64161.7,-9107.3,6064.1,-70.56,1.292
R2459,rock,0,-10449.3,-9235.3,2124.6,-71.8,0.45
R2460,rock,0,43130.7,-8935.9,1626.1,60.34,0.683
R2461,rock,1,70872.8,-9200.9,7145.1,-98.24,0.522
R2462,rock,1,75796.5,-9737.5,8234.1,-221.08,0.259
R2463,rock,0,77416,-9210.2,8132.4,62.74,0.644
R2464,rock,2,78270.5,-9154.6,8121.1,20.18,0.528
R2465,rock,0,-70529,-8353.1,10473,-210.29,0.558
R2466,rock,2,-68843.9,-8833.8,8677.3,-255.87,0.276
R2467,rock,0,-67523.8,-8712.4,8489.3,-180.9,0.369
R2468,rock,2,-64814,-8622.7,6752,67.72,0.34
R2469,rock,2,-59072.7,-8136.4,3530.9,-54.02,1.427
R2470,rock,0,-56334.1,-8833.8,3045.5,-124.15,1.92
R2471,rock,1,2459.2,-8714.4,2017.1,-231.67,0.427
R2472,rock,1,9845.3,-8058.7,1807.1,89.01,3.18
R2473,rock,0,70608.7,-8190.7,6260.2,-106.7,0.265
R2474,rock,1,71872.8,-8627.5,7714,-184.17,3.175
R2475,rock,1,78858.3,-8559.8,7939.8,-186.43,1.076
R2476,rock,1,-77165.1,-7633.3,10840.2,-103.01,1.762
R2477,rock,0,-75997.1,-7210.1,9857.8,-85.32,1.27
R2478,rock,1,-74076.6,-7493.9,9547.7,-158.27,2.384
R2479,rock,2,-72909,-7944.9,10787.6,-93.79,1.111
R2480,rock,1,-69804.8,-7235.3,9640.4,-48.93,2.144
R2481,rock,1,-59282.8,-7286.8,3420.1,44.45,0.315
R2482,rock,1,-22771.1,-7256.2,1859.8,-227.1,0.407
R2483,rock,0,58599.8,-7543.2,1965.3,-6.95,0.362
R2484,rock,2,71179.4,-7766.1,6269.3,-49.9,2.539
R2485,rock,1,71590.6,-7774.8,6496.2,9.33,2.72
R2486,rock,2,75694.2,-7326.4,7852.7,-181.35,0.431
R2487,rock,1,79654.7,-7619.6,7815,-91.09,0.48
R2488,rock,0,-77428.7,-6759.6,11365.1,32.11,0.422
R2489,rock,2,-76623.8,-6428,10360.3,36.05,0.699
R2490,rock,0,-71244.4,-7074.1,9041.5,-223.23,0.332
R2491,rock,2,-66957.1,-6494.6,9872,33.66,0.331
R2492,rock,0,-64226.8,-6511.3,6666,-100.76,0.586
R2493,rock,1,-60660.1,-6844.4,4169.2,86.5,0.261
R2494,rock,2,-46302.9,-6930.8,2039.2,-192.43,0.638
R2495,rock,0,21219.6,-6590.6,1582.1,76.99,0.45
R2496,rock,2,73855.5,-6829.2,7471.3,-112.62,2.579
R2497,rock,2,-74597.4,-5767.5,7946.6,-86.99,2.231
R2498,rock,1,-72995.3,-5313.2,7731.2,-201.71,0.599
R2499,rock,2,-71204.5,-5620.5,7804.8,74.04,0.359
R2500,rock,0,-67620.9,-6009.6,10752.5,-18.35,3.124
R2501,rock,0,-63759.5,-5911.2,6761.8,-94.19,0.36
R2502,rock,0,17339.2,-5627.2,1777.4,-192.03,0.401
R2503,rock,2,64274.9,-5491.6,2978,-24.2,2.203
R2504,rock,1,71158.3,-5573.7,4908.7,-38.9,1.568
R2505,rock,1,71613.7,-6111.9,5553.4,3.07,0.367
R2506,rock,1,72433.5,-6138.9,6397.4,-255.77,1.474
R2507,rock,2,74402.5,-6064.5,7122,-17.41,1.533
R2508,rock,2,76775.2,-5808.8,7999,-204.09,2.582
R2509,rock,2,-75550.4,-4442.8,8736.9,-92.43,1.288
R2510,rock,0,-69489.8,-5284.2,8534.9,-145.23,0.322
R2511,rock,2,-64724.4,-4420.1,7874.1,-223.3,1.308
R2512,rock,0,-62113,-4649.2,5082,-146.14,2.473
R2513,rock,2,-56763,-5041.8,2333.2,-155.41,2.854
R2514,rock,0,-25768.5,-4672.3,2207.3,-209.88,0.411
R2515,rock,0,69028.4,-5021.5,4360,-144.78,0.404
R2516,rock,1,-79438.9,-4073,11561,-148.28,0.691
R2517,rock,2,-74593.6,-3738.1,8118.1,-180.52,2.726
R2518,rock,0,-68907.7,-3795.5,7239.6,-1.96,1.67
R2519,rock,2,-67804.7,-3732.6,8023.6,-229.28,2.447
R2520,rock,2,-64817.3,-4395,8028.6,-92.62,2.974
R2521,rock,0,-59689.3,-3624.7,3536.8,-217.32,0.472
R2522,rock,2,-55292.4,-4233.2,1944.4,-67.9,0.613
R2523,rock,0,61336.9,-4273.4,2232,-246.75,0.376
R2524,rock,2,72628.2,-3692.5,5454.1,-129.24,3.037
R2525,rock,1,73885,-3709.3,6140.7,89.38,0.56
R2526,rock,1,-76558.2,-2658.3,10169.1,-113.9,2.667
R2527,rock,1,-66935.9,-3492.6,8784.5,67.62,3.193
R2528,rock,1,-66182.2,-2649.2,8373.8,-227.87,2.1
R2529,rock,0,-64320.1,-3326,6848.3,-24.89,2.537
R2530,rock,2,-23255.4,-3291.4,2161.6,34.67,0.566
R2531,rock,1,50833.8,-3445.9,1402.6,-57.26,1.474
R2532,rock,0,75048.7,-2890.6,6824.2,-35.02,2.573
R2533,rock,0,75766,-3019.8,7491.9,81.39,0.591
R2534,rock,1,78677.2,-2662,6622.6,14.29,2.996
R2535,rock,1,-77786,-1811.9,12782.7,-173.56,1.593
R2536,rock,1,-77119.2,-2449.1,11228.5,-260.11,3.199
R2537,rock,1,-75702,-2120.9,9595.7,-178.76,1.199
R2538,rock,2,-69259.4,-1883.9,6945.2,-89.19,0.347
R2539,rock,1,-67116.6,-2495.9,7606.4,36.85,0.481
R2540,rock,1,-59759.7,-1849.9,3628.7,-245.1,0.602
R2541,rock,1,-57524.2,-1728.6,2641.7,-110.93,0.695
R2542,rock,2,-32999.4,-2482.2,2178.9,-203.92,0.492
R2543,rock,0,51083.4,-2235.5,1398.4,-265.28,0.341
R2544,rock,0,67896.2,-2014.9,3309.3,-51.64,0.409
R2545,rock,2,68636.2,-2193,3477.5,-140.3,0.314
R2546,rock,0,74332.2,-1904.5,6200.5,-18.58,0.428
R2547,rock,1,77089.1,-2512.1,7302.9,-38.41,0.333
R2548,rock,1,79797.8,-2376.5,7058.7,-247.56,0.396
R2549,rock,2,-76488.1,-1176.1,11090.6,-18.68,1.97
R2550,rock,0,-74498.2,-1386.6,9094.5,-166.7,0.638
R2551,rock,1,-73626,-1199.5,8390,-247.87,2.59
R2552,rock,1,-71995.6,-1604.5,7425.3,-131.11,0.602
R2553,rock,0,-64950.8,-1467,7064.5,-208.08,1.82
R2554,rock,0,20518.4,-873,1758.2,-40.55,0.602
R2555,rock,1,78506.5,-1011.6,6408,-199.28,0.38
R2556,rock,2,79980.3,-1524.3,6665.3,-183.01,0.639
R2557,rock,1,-71732.1,-753.2,7305.7,74.56,0.323
R2558,rock,0,-67929.2,-682.5,7616,-262.17,2.966
R2559,rock,1,-64084.8,-288.1,5583.7,-137.32,1.105
R2560,rock,1,-63666.6,-215.9,4974.2,-94.72,0.63
R2561,rock,2,73299.1,-628.1,5715.8,-60.49,1.965
R2562,rock,2,-77432.9,528.3,13913.2,17.69,0.428
R2563,rock,0,-77260.6,300.8,13716.1,-204.67,2.945
R2564,rock,0,-56491.7,906.5,2538.5,78.58,0.409
R2565,rock,0,-22074.8,662.6,2090.3,6.99,0.678
R2566,rock,2,58698.2,354.1,2067.6,-212.9,0.392
R2567,rock,2,65547,366.3,2691.6,-167.28,0.563
R2568,rock,1,72086.2,640.9,5429.8,49.5,0.635
R2569,rock,1,75815.6,542.3,6686.5,-26.87,0.514
R2570,rock,1,78326.2,136.9,6776.8,-155.66,0.39
R2571,rock,1,-77373,1800.2,11701,-96.58,1.414
R2572,rock,2,-76746.8,1861.6,12129.9,-150.38,1.326
R2573,rock,1,-73642.3,1069,8167.1,-267.72,2.126
R2574,rock,2,-68025.5,1196.9,7595.1,-46,0.592
R2575,rock,2,-66063.6,1010.3,7094.5,-205.21,0.345
R2576,rock,2,65728.4,1239.4,2352.7,-225.14,0.584
R2577,rock,0,66081.1,1284,2500,34.9,0.482
R2578,rock,1,-77302.9,2036.8,11510.3,-19.08,1.358
R2579,rock,1,-74657.5,1924.2,10022.5,22.18,0.313
R2580,rock,2,-72266,2515.4,8237.4,-45.32,2.907
R2581,rock,2,-68592.3,2222.6,8007.4,-153.11,0.548
R2582,rock,2,-63120.8,2629.5,4443.2,-146.49,0.664
R2583,rock,1,-6267.5,2349.7,1707.8,-41.03,1.024
R2584,rock,2,42199.5,2207.8,1470.3,-60.24,1.012
R2585,rock,1,74024.6,1947.2,6023,-259.64,2.613
R2586,rock,0,80135,2731.1,6025.8,-194.03,2.675
R2587,rock,2,-72020.7,2852.5,8364,-2.48,0.604
R2588,rock,1,-70255.6,3654.9,8837.5,-251.88,3.009
R2589,rock,2,-65419,3281,6107.9,-216.51,2.765
R2590,rock,2,-63949.7,3441.1,4802.2,-127.72,0.642
R2591,rock,2,-56702.6,3275.8,3060.5,-72.7,3.009
R2592,rock,1,-27344.5,3682.2,1821.1,-23.37,0.551
R2593,rock,2,-9542.1,3690,2020.2,-207.69,0.323
R2594,rock,0,65251.5,2975.2,2167.5,-226.43,1.392
R2595,rock,0,69794.2,3546.7,4092.2,-95.34,0.646
R2596,rock,1,74611.3,2927.2,6034,-97.06,3.015
R2597,rock,2,-71356.8,4254.5,9328.3,-195.59,0.522
R2598,rock,2,-58962.7,4081.5,3860.6,-42.83,0.468
R2599,rock,0,-56528.9,4386.3,3864.2,-214.26,2.41
R2600,rock,1,76993.5,4195,6989.8,-100.3,0.435
R2601,rock,0,-76340.9,4818.3,10440,55.65,1.628
R2602,rock,0,-66681.8,4835,7435.4,-134.81,0.364
R2603,rock,2,-66020.8,4992.6,6759.1,-37.83,0.647
R2604,rock,0,-64999.1,5294.1,5824.8,-263.43,0.465
R2605,rock,1,-60134.2,4756.7,4481.7,-60.29,0.385
R2606,rock,1,-56087.3,5190.7,3665.2,-125.01,0.552
R2607,rock,1,19355.3,5454.9,1548.6,-2.64,0.609
R2608,rock,0,41155.7,5307.2,1724.2,-220.67,0.269
R2609,rock,2,70603.1,5012,4621.3,-99.49,0.309
R2610,rock,2,-78840.6,6182.2,10871.6,33.14,0.67
R2611,rock,0,-75729.7,6195.8,10835.9,-55.58,0.415
R2612,rock,2,-70995.3,6011.9,10652.3,-68.51,0.561
R2613,rock,1,-66866.1,6146.4,8013.8,-140.77,0.385
R2614,rock,0,-66451.2,6345.1,7597.2,75.89,0.616
R2615,rock,1,-56754,6345.6,4058.1,-69.01,2.377
R2616,rock,0,-51303.6,6056.8,2142.6,-216.16,1.869
R2617,rock,0,78949.1,6043.3,6820.8,-194.31,1.436
R2618,rock,2,-77351.6,7207,11044.2,-212.08,0.537
R2619,rock,0,-75577.7,6579.8,10924.8,-5.09,0.629
R2620,rock,1,-74897.2,6501.5,10935.3,-22.34,0.432
R2621,rock,1,-56654.5,6630.4,3890.5,-32.23,1.284
R2622,rock,1,-41389.7,7228.4,2014.5,68.83,0.523
R2623,rock,1,36636,6583.5,1659.7,54.36,0.696
R2624,rock,0,65277.5,7121.6,2442.1,-225.35,1.902
R2625,rock,0,78663,6479.5,6719.7,-66.29,0.568
R2626,rock,1,-79946.6,7384.9,11634.4,-4.84,1.638
R2627,rock,1,-78799.4,8145,11945.1,-217.47,0.351
R2628,rock,0,67438.3,7341,4105.9,-255.05,1.537
R2629,rock,1,69222.4,7704.6,4921.8,-89.68,0.268
R2630,rock,0,75613.6,8175,6719.8,-153.34,0.319
R2631,rock,0,77354.3,8121.3,6964.2,66.85,0.546
R2632,rock,1,-74126,8423.6,11792.6,-89.52,0.525
R2633,rock,0,-68502.6,8994.7,9786.2,-91.21,0.603
R2634,rock,2,-67144.8,9080.5,8978.5,-29.99,3.002
R2635,rock,1,-65996.2,8949.7,7465.4,-13.22,2.898
R2636,rock,0,49535.7,8723.5,1646.4,-170.5,0.363
R2637,rock,0,67527.8,8648.9,3412.7,73.28,3.137
R2638,rock,0,70581.8,8404.7,5584.4,75.79,2.754
R2639,rock,0,-79566.9,9541.4,11634,53.69,1.776
R2640,rock,1,-78001.7,9745.7,12770.1,57.87,0.259
R2641,rock,0,-76750.5,9175.9,11879.3,-228.67,1.801
R2642,rock,0,-74800.3,9875.5,11888.7,-205.38,0.266
R2643,rock,2,-65567.5,9825.9,6995,89.63,2.404
R2644,rock,1,-57895.6,9409.5,3584.2,-192.08,0.489
R2645,rock,1,-41358.4,9453.1,1922.1,-68.14,1.638
R2646,rock,1,-24674.8,9328.1,1791,-126.03,2.421
R2647,rock,2,58582.6,9289.4,1525,-190.52,0.613
R2648,rock,1,79817.7,9692.9,6500.4,-189.32,0.277
R2649,rock,2,-77617.9,10225.7,12547.7,-113.64,1.708
R2650,rock,2,-77066.4,10686.8,12496.9,-70.04,0.395
R2651,rock,2,-72188.8,10426.9,11874.2,-222.16,0.358
R2652,rock,2,-62480.6,10158.4,6314.8,-84.32,0.414
R2653,rock,0,-61444.9,10260.9,5375.1,-90.62,1.585
R2654,rock,2,-24958.8,10713.4,1701.6,14.53,0.38
R2655,rock,2,70127.2,10014.4,4807.5,-134.38,0.4
R2656,rock,1,77798.2,10516.3,6917.9,-77.5,1.687
R2657,rock,1,79854.5,10442.7,6856.8,35.19,0.692
R2658,rock,0,-79395,11065,12372.3,-107.29,0.381
R2659,rock,2,-78590.8,11264.6,12883.5,17.75,1.747
R2660,rock,0,-77807.1,11401.8,13082.1,-199.14,0.667
R2661,rock,2,-73913.3,11287.8,12755.4,-8.59,2.979
R2662,rock,0,-65290,11094.7,7032.2,-238.02,2.608
R2663,rock,2,-60749.6,11763.6,5030.2,-134.71,0.652
R2664,rock,1,-57895.4,11747.5,3669.1,-19.84,2.695
R2665,rock,1,-57279.8,11666.7,3265.7,-128.07,0.489
R2666,rock,0,-56266,11778.8,2459.1,-165.41,0.313
R2667,rock,2,-46273.1,11500.5,2036,-257.57,0.499
R2668,rock,2,-31000.5,11429.9,1521,-226.54,2.013
R2669,rock,0,-77323.9,12552.9,13525.3,-85.07,3.055
R2670,rock,0,-72523.2,12305.7,13488.5,-152.55,3.011
R2671,rock,0,-71424.9,12344,11807.1,-243.03,0.471
R2672,rock,0,-70991,11864.4,10933,-69.3,0.517
R2673,rock,0,-66406.1,12543.1,8256.9,-199.83,0.445
R2674,rock,0,-65058.4,12287.5,6990.7,-83.88,2.453
R2675,rock,0,-26052.8,12002.8,1573.2,70.42,0.608
R2676,rock,0,30966.6,12649.5,1695.3,-221.26,0.574
R2677,rock,2,64866,12693.4,2154.9,-101.88,2.628
R2678,rock,1,78390.1,12222.7,6472.9,-30.84,0.607
R2679,rock,0,-79572.2,13211,13547.8,-55.18,2.492
R2680,rock,0,-76679,12906.6,13166.5,36.46,0.309
R2681,rock,1,-70557.6,13584.7,10228.9,-39.06,0.497
R2682,rock,0,-68462.8,12905,9321.3,-228.54,0.299
R2683,rock,2,-65207.8,12784.6,6985.1,-243.33,0.271
R2684,rock,1,-42362.4,12946.7,1661.7,-245.35,1.9
R2685,rock,0,44055.1,13380.4,1868.5,-261.83,0.552
R2686,rock,0,46248.3,13475.7,1734.7,-243.46,0.364
R2687,rock,0,-79201.9,14306.8,13470.4,-144.61,1.093
R2688,rock,2,-78570.9,13842.8,14441,-13.31,0.429
R2689,rock,0,-75442,14453.9,12832.1,-56.32,0.392
R2690,rock,0,-73930.9,13642.1,12562.1,-92.55,2.707
R2691,rock,2,-72445.3,13949.7,12868.9,-81.19,2.509
R2692,rock,1,-70841,13747.9,10262.5,-22.37,2.919
R2693,rock,0,-69709.9,14144.8,9653.9,-254.47,2.521
R2694,rock,1,-66980.4,14161.4,8025.2,-24.85,0.558
R2695,rock,0,-65501.3,14369.7,7142.5,-209.98,0.6
R2696,rock,0,17622.8,14179.2,1505.7,-225.34,2.287
R2697,rock,2,68490.6,14461.2,3749.8,-261.09,0.276
R2698,rock,0,69793.4,13695.7,4233.6,-143.41,0.445
R2699,rock,2,73871.9,13630.9,4945.2,-133.21,0.447
R2700,rock,0,-78982.9,15031.6,13480.1,-141.6,0.469
R2701,rock,1,-77489.9,15162.2,14108.2,-93.31,2.875
R2702,rock,0,-72809.9,15206.4,12998,-2.94,1.509
R2703,rock,2,-71369.6,14745.7,10909.2,16.01,1.015
R2704,rock,0,-70940.8,15277.9,10504.3,-11.78,2.727
R2705,rock,1,-62859.5,15372.6,6457,-171.33,0.293
R2706,rock,1,-59191.7,15359.1,5299.3,-108.9,0.305
R2707,rock,2,-57321.4,15035.7,3760.2,-17,0.498
R2708,rock,2,65332.4,14774.1,1974.6,-251.12,0.318
R2709,rock,2,67797.6,14728,3513.4,-236.26,0.357
R2710,rock,1,-73135.7,16190.5,13525.3,-176.91,1.076
R2711,rock,2,-72480.2,16028.8,12672,-246.19,0.467
R2712,rock,1,-69962.1,16121.5,9775.4,-206.62,0.389
R2713,rock,0,-62053.1,16274,6851.7,-108.65,0.433
R2714,rock,2,-61520.3,16191.8,6724,-121.93,0.635
R2715,rock,0,79815.2,15502.1,6276.4,-87.63,0.632
R2716,rock,2,-77195.6,16994.4,15377.4,-15.86,1.423
R2717,rock,1,-75838.6,16808.8,14555,-229.92,0.483
R2718,rock,1,-73849.4,16396.5,13968.1,-158.78,0.261
R2719,rock,0,-57684.8,16847.6,4055.7,-35.67,0.305
R2720,rock,1,-55335.3,16918.1,2316.1,-213.25,0.306
R2721,rock,1,-38353.4,16489.4,1566,5.65,0.467
R2722,rock,0,50107.7,16710.5,1805,-173.66,0.479
R2723,rock,0,70218.2,16801.1,4010.3,-214.09,2.294
R2724,rock,2,-78378.8,17331.3,15063.2,-67.23,0.673
R2725,rock,0,-78155.2,17735.8,15390.6,-57.79,2.913
R2726,rock,1,-76289.2,17527.7,15388.2,-14.08,0.526
R2727,rock,1,-62045.7,17224.5,7196.5,78.68,1.084
R2728,rock,2,-19263.3,17634.6,1720.2,-191.25,0.496
R2729,rock,2,-78802.4,18859.6,15683.2,49.27,2.735
R2730,rock,2,-77728.7,18184.8,15893.7,-245.59,1.294
R2731,rock,0,-77033.6,18722.7,15117.3,-32.25,0.47
R2732,rock,1,-75999.7,18644.8,13959.1,-182.63,2.67
R2733,rock,2,-75340.1,18949.5,12578.8,18.23,2.716
R2734,rock,1,-70786.7,18649.5,11951.1,-55.91,0.313
R2735,rock,0,-69291.4,18715.7,10125.8,-131.4,1.191
R2736,rock,1,-67304.7,18947.4,8277.7,41.92,0.355
R2737,rock,0,-56953.2,18726.8,3336.7,-25.17,0.3
R2738,rock,2,-13458.2,18638.3,1338.7,-1.7,0.653
R2739,rock,0,-509.2,18361,1584.3,-130.81,0.523
R2740,rock,1,71696.2,18673,1829.3,59.46,1.772
R2741,rock,2,73912.5,18540.3,3565.2,-157.11,2.118
R2742,rock,2,78573.7,18690.1,5899.4,-233.16,0.53
R2743,rock,0,-79103.5,19690,15129.5,0.67,0.479
R2744,rock,0,-71955.3,19007.5,12768.9,-120.3,3.064
R2745,rock,1,-71808.2,19102.5,12744.3,-16.21,1.145
R2746,rock,2,-69645.3,19150.3,11436.7,-244.76,1.834
R2747,rock,2,-69177.7,19885.2,10511.4,44.52,2.548
R2748,rock,1,-66103.3,19229.3,8417.1,87.58,2.289
R2749,rock,0,-64003.8,19327.5,8276.9,-239.92,3.194
R2750,rock,1,-10535.1,19252.7,1395.8,-108.26,0.602
R2751,rock,2,50393.4,19316.2,1944.3,-66.45,0.401
R2752,rock,2,65801,19716.3,1271.5,-113.81,2.442
R2753,rock,2,74379.9,19068.5,3213.7,-266.73,2.892
R2754,rock,1,-76061.8,20188.4,13755.6,-61.74,2.651
R2755,rock,1,-71558,20428.6,12439.7,-123.22,1.415
R2756,rock,2,-66275.3,20687.4,10141.6,-119.61,1.387
R2757,rock,0,-63629.1,20669.1,7454.6,-70.82,0.599
R2758,rock,1,-56980.3,20589.4,3177.6,-53.98,0.622
R2759,rock,2,77782.6,20494.2,3513.3,-231.25,2.642
R2760,rock,2,78565.9,20076.8,5583.6,-144.43,2.889
R2761,rock,2,-73605.2,20882,12116.3,-74.4,0.596
R2762,rock,2,-71871.7,21280.2,11826.8,-206.72,2.154
R2763,rock,2,-64119.7,21680.6,7573.1,-207.8,0.368
R2764,rock,1,-62802,21305.5,6916.4,-77.62,0.338
R2765,rock,1,-60428.3,20815.4,4642.1,-226.62,0.506
R2766,rock,0,-57804.6,20919.9,3606.6,40.84,0.322
R2767,rock,1,-57003.3,20824.6,3072.4,-120.98,0.267
R2768,rock,1,68817.4,21573.3,1737.7,-266.83,0.267
R2769,rock,2,-66532.3,22469,9291.6,-235.46,0.528
R2770,rock,0,-59650.5,22504.3,3439.1,-250.82,0.273
R2771,rock,2,1197.2,22287.7,1713.1,-150.04,0.335
R2772,rock,1,6216.7,21832.3,1660.5,-244.22,3.142
R2773,rock,0,69981.4,22264.3,2297.9,-99.86,1.413
R2774,rock,2,-79589,23321.6,11588.9,-43.33,1.083
R2775,rock,0,-78472.9,22641.6,12432.5,-210.49,0.452
R2776,rock,0,-75394.6,22933.1,13191.2,-91.45,1.762
R2777,rock,0,-74434.2,23162.9,11955.2,41.62,0.398
R2778,rock,0,-73207.2,22825.8,11019.4,-161.45,0.561
R2779,rock,0,-70008.7,22752,10541.2,-129.92,0.442
R2780,rock,0,-67969.1,23307.7,9299.1,6.27,0.412
R2781,rock,2,-62196.2,22923.3,5708,-168.41,2.083
R2782,rock,2,50391.4,23321.8,1836.2,-181.76,0.261
R2783,rock,2,-73075.1,23976.2,10407.2,-205.64,0.465
R2784,rock,2,-71965.5,23744.4,10353,25.9,0.273
R2785,rock,2,-70922.5,23720.1,10468.3,-124.2,0.448
R2786,rock,0,-67838.5,23530.8,8888.7,-46.46,0.638
R2787,rock,2,-7948,24385.9,1690.9,74.63,0.28
R2788,rock,2,43341.5,24237.8,1763.3,88.95,0.566
R2789,rock,1,62023.2,23681.9,2690.7,57.78,0.392
R2790,rock,2,73321.2,23623.9,2552.9,25.72,2.331
R2791,rock,1,75792.2,24314.2,2008.1,-140.74,2.207
R2792,rock,2,-77956.9,24784.3,11095.1,-201.15,1.285
R2793,rock,2,-69754.7,25113.5,9643,-88.26,1.648
R2794,rock,0,-68504.5,25194,8850.5,-7.36,0.575
R2795,rock,0,-48357.9,24459.4,1609,-256.01,0.499
R2796,rock,0,74859.2,25009.1,4519.7,-54.09,1.168
R2797,rock,2,77071.3,25139.3,3097.5,-109.11,1.237
R2798,rock,2,77982.8,25039.3,2092.5,-107.77,1.323
R2799,rock,1,-79413.2,25398,10474.3,46.42,0.465
R2800,rock,2,-75721,25665.4,11745.4,29.84,2.775
R2801,rock,1,-69379.7,25898.4,9151.7,32.54,0.29
R2802,rock,0,-61525.5,26197.7,5592.5,-249.58,0.259
R2803,rock,0,-59964.3,25426.1,3721.3,-179.59,1.693
R2804,rock,2,34234.9,25723.8,1860.7,-75.42,1.932
R2805,rock,2,65201.2,25600.5,3347.1,-105.34,2.231
R2806,rock,0,77130.2,25673.9,4663.6,-236.13,1.101
R2807,rock,1,77583.4,25652.8,3708.9,-122.49,1.707
R2808,rock,0,79229.2,26028.3,3573.1,-124.09,0.269
R2809,rock,0,-74690.7,26976,10127.6,60.25,0.549
R2810,rock,0,-73125.8,26821.8,9187.9,-21.29,0.255
R2811,rock,0,-72771,26907.8,9109.3,-70.64,0.375
R2812,rock,0,-69951.8,26791.5,9334.4,58.97,0.499
R2813,rock,0,-68800.8,26879.5,8075.2,39.82,0.448
R2814,rock,0,-62264.1,26911.3,6421.4,-88.04,2.174
R2815,rock,1,-61537.1,26204.3,5614.5,-230.02,1.36
R2816,rock,1,-58103.2,26614.2,2740,-127.9,2.849
R2817,rock,0,-53906.2,26580.1,1994.8,-41.57,0.254
R2818,rock,1,8730.6,27043.6,1712.4,54.88,0.49
R2819,rock,2,11964.5,26505.3,1688.1,-133.93,0.464
R2820,rock,2,72517.7,26671.8,4372.7,-57.05,0.312
R2821,rock,1,75511.5,26996.5,5541.3,57.25,0.444
R2822,rock,0,77374.8,26399.9,6298.2,3.44,3.009
R2823,rock,1,78204.2,26815.8,6448.7,-6.15,1.264
R2824,rock,2,-79657.3,27916.5,10251.9,32.23,1.005
R2825,rock,1,-77448.4,27103.3,10068.7,-179.23,0.536
R2826,rock,1,-77240.4,27686.4,9777.8,-56.91,0.459
R2827,rock,2,-74371.1,27807.6,10706,-81.16,2.21
R2828,rock,0,-70963.6,27224.1,9346.6,46.81,0.447
R2829,rock,0,-64901.4,27101.2,7516.7,-238.83,0.325
R2830,rock,2,-63664.4,27584.1,7090.9,42.63,0.6
R2831,rock,0,-58724.7,27728.5,3024.9,-132.46,0.331
R2832,rock,0,-26005.7,27320,1551.3,50.73,0.535
R2833,rock,2,70945.7,27307.2,3964.5,-164.44,0.393
R2834,rock,0,79173,27406.1,6765.3,-4.8,2.697
R2835,rock,0,79765.1,27555.2,6646.1,-160.38,0.252
R2836,rock,0,-74686.5,28069.8,10826.1,-221.56,0.466
R2837,rock,0,-72400.9,28549.6,9730.4,-251.45,2.689
R2838,rock,1,-66620.7,28589.7,7789.1,-54.33,0.411
R2839,rock,2,-60521.2,28355.9,4958.3,-47.35,0.462
R2840,rock,1,-59503,28094.5,3580.4,-168.14,2.368
R2841,rock,0,53413.8,28712.3,1676.9,-93.56,0.441
R2842,rock,0,-73799.9,29457.5,9864.8,-78.04,0.323
R2843,rock,2,-73471.8,29164.3,10348.5,-203.68,0.653
R2844,rock,2,-58688.4,29491.3,2945.3,78.93,0.636
R2845,rock,0,-8675.1,29759.1,1673.3,-207.39,0.565
R2846,rock,2,57722.7,28993.6,1890.4,-202.08,0.298
R2847,rock,0,67338.9,29775.1,4626,-248.16,0.3
R2848,rock,2,76947.4,29341.1,6089.3,-149.52,0.612
R2849,rock,1,-75100.1,30493.6,9375.9,-3.48,0.601
R2850,rock,1,-66283.4,30459.4,7732.6,-203,0.591
R2851,rock,0,-61343.3,30496.1,4608,32.32,2.186
R2852,rock,2,-21153,30316.6,1474,70.67,1.874
R2853,rock,2,52688.3,30133.5,1740.6,0.69,0.508
R2854,rock,0,64371.2,30205,3292.6,72.46,1.478
R2855,rock,2,75733.8,30256.6,5658.8,-17.42,1.693
R2856,rock,2,76955,30356.8,6101.3,-157.24,0.616
R2857,rock,0,-77481,31336.2,9512.7,-90.78,0.275
R2858,rock,2,-73211.7,31123.7,9055.8,-119.76,0.318
R2859,rock,2,-63668.4,30843.8,6402.2,-112.81,2.52
R2860,rock,2,-12063.4,30919.8,1647.4,19.82,0.379
R2861,rock,2,58735.7,31110.4,1708.1,70.71,0.283
R2862,rock,0,66361.1,30723.4,4139.2,3.48,0.345
R2863,rock,1,69557.6,31129.8,4519.2,-52.7,0.571
R2864,rock,0,77419.8,30997.7,6547.5,-237.88,0.526
R2865,rock,1,77876.7,30857.8,6538.7,33.92,0.361
R2866,rock,0,-78642.4,32086.2,10354.6,11.21,2.738
R2867,rock,2,-77486.2,32144.3,9793,-36.77,2.088
R2868,rock,1,-73658.8,31630.5,8681.7,-26.54,2.485
R2869,rock,2,-69033.8,31771.3,8300.8,25.16,0.404
R2870,rock,2,-64269.6,31999.2,6242.4,-207.75,1.899
R2871,rock,0,-55516.6,31697.6,2406.3,-130,0.256
R2872,rock,0,-52828.4,31959.8,2118.6,-31.51,0.648
R2873,rock,2,-8763,31871.9,1644.1,-87.71,0.441
R2874,rock,0,67023.4,31621,4220.7,-44.26,0.508
R2875,rock,0,76841.6,31715.7,6170.4,-210.89,0.457
R2876,rock,0,-75736.8,33206.5,8908.9,-184.28,0.469
R2877,rock,0,-73768.9,33294.8,8649.4,-118.69,0.643
R2878,rock,2,-73613.6,33390.1,8395.6,-53.94,0.581
R2879,rock,0,-62837.1,32568.4,4956.7,-123.23,2.771
R2880,rock,0,-17866.8,32503.5,1531.9,-229.54,0.339
R2881,rock,1,-65857.2,34235.9,7664.2,-143,0.62
R2882,rock,1,-73018.3,34451.6,8155.9,-107.44,0.578
R2883,rock,2,-71567.4,35112.4,8574.2,-88.27,0.271
R2884,rock,2,-64837.2,34770.1,6136.9,-238.12,2.225
R2885,rock,2,-64651.9,34413.3,6142.3,-210.14,3.099
R2886,rock,0,-54820,34792.7,1839,20.48,0.375
R2887,rock,1,41663.1,35161.2,2215.8,-253.18,1.691
R2888,rock,1,63924.6,34461.9,2886.5,-213.6,0.47
R2889,rock,0,-71205.1,35225.9,8461.8,-0.31,0.511
R2890,rock,0,-47399.6,35618.8,1706.2,-177.33,0.35
R2891,rock,2,52411.4,35803.8,1837.9,-81.47,0.463
R2892,rock,0,-79979.9,36739.5,11807,-198.04,0.68
R2893,rock,2,-55043.7,36260.6,2093.3,-33.46,0.525
R2894,rock,0,64908.4,36556.7,3598,-148.45,0.389
R2895,rock,1,-70641.7,37893.4,8192.5,-123.92,0.525
R2896,rock,1,-68684.4,37238.8,7397.7,-114.42,2.568
R2897,rock,1,-66467.4,37301.6,7232.9,-228.62,2.642
R2898,rock,1,-12733.9,37781.2,1660.8,-92.59,0.525
R2899,rock,2,63585.9,37040,3219.1,42.19,0.317
R2900,rock,1,73267.5,37261.4,5197.2,-67.86,0.348
R2901,rock,1,-78144,38769.8,10968.1,33.28,0.537
R2902,rock,1,-68704.5,38334.4,7268.2,-188.24,0.368
R2903,rock,0,-65716.1,38227.5,7117.9,-162.08,0.684
R2904,rock,0,-45736.1,38209.1,1776,49.02,2.083
R2905,rock,0,66596.2,38040,4032.7,85.36,3.05
R2906,rock,0,74244.4,38750.4,5726.1,-244.69,0.522
R2907,rock,0,-73804.3,39125.9,7232.9,66.02,0.401
R2908,rock,1,-70002.1,39647.6,7736.2,-252.63,0.413
R2909,rock,1,45608.6,39254.6,2083.5,-28.11,0.504
R2910,rock,0,62558.4,38878.7,2582.9,60.7,0.44
R2911,rock,2,-77995.9,40527.3,10700.5,-87.6,0.281
R2912,rock,1,-75751.1,40329.2,9580.4,-194.88,0.524
R2913,rock,0,-71144.7,40332.5,7483.7,-39.72,3.037
R2914,rock,2,-67673.8,40201.9,8431.6,-21.36,0.605
R2915,rock,0,-62300.3,40504.3,4164.7,-6.17,0.53
R2916,rock,1,39875.8,39764.7,2074.8,-236.41,0.578
R2917,rock,2,64104.1,40304.1,2815.1,-108.49,2.467
R2918,rock,1,78603.8,40194.2,7167.6,34,0.3
R2919,rock,2,-75414.5,40618.7,9508.7,-205.9,2.758
R2920,rock,0,-73589.9,41151.6,8626.9,12.49,0.584
R2921,rock,1,-68944.8,41286.5,8361.6,-233.5,2.979
R2922,rock,1,-68247.8,40757.4,8678.5,-236.59,0.453
R2923,rock,1,-64976,40625.7,7769.5,78.72,1.539
R2924,rock,0,-64461.3,41256.2,7134.8,81.88,1.976
R2925,rock,2,57511.7,40654.8,1740.7,-41.73,0.341
R2926,rock,2,66189.5,41184.4,3518.8,-250.7,0.646
R2927,rock,0,-77976.8,41533.7,10294.9,-50.03,1.123
R2928,rock,0,-76145.2,42007.3,10058.2,70.15,1.778
R2929,rock,0,-73450.6,41554.8,8761.4,-115.25,2.813
R2930,rock,2,-70755.7,41607.8,7544.4,-225.94,0.536
R2931,rock,2,-63041,42038.3,5438.4,-5.59,0.389
R2932,rock,0,-54241.7,41920.5,3708.6,80.78,0.375
R2933,rock,0,68887.4,41871,3524.3,-42.51,0.285
R2934,rock,1,73632.7,42388.6,4109.4,-235.24,1.406
R2935,rock,2,75891.4,41569.6,6088.9,-195.19,0.33
R2936,rock,2,77794,42274.7,7094,76.11,0.338
R2937,rock,1,79722.6,41622.6,7120.7,-122.19,0.31
R2938,rock,2,-76012.3,43281.7,10719.8,-212.94,3.041
R2939,rock,1,-69134.8,43070,9410.7,-1.73,1.603
R2940,rock,0,-65475.4,42855.5,8540.9,-13.45,0.481
R2941,rock,1,-35202.9,43155.1,1584.6,-142.34,0.567
R2942,rock,0,-29022.3,43181.6,1429.2,28.65,0.397
R2943,rock,0,59404.4,42497.7,1863.7,-35.19,0.495
R2944,rock,1,75482.2,42850.6,5368.5,85.53,0.544
R2945,rock,0,-73638.7,43985.6,10434.9,7.66,2.863
R2946,rock,1,-67141.6,43418.3,10464,-78.1,2.85
R2947,rock,1,-21563.5,43621.8,1571.1,-235.08,0.526
R2948,rock,0,-10237.5,43695.2,1885.3,-112.82,0.646
R2949,rock,2,44115.9,44076.2,1925.8,-251.56,0.327
R2950,rock,0,-71762.7,44573.1,9384.4,-142.18,0.388
R2951,rock,2,-63412.9,45048.6,5919.8,-230.77,1.867
R2952,rock,0,21354.9,44535.4,1836.3,-113.63,1.673
R2953,rock,0,77312.8,44645.1,5840.5,-150.98,0.449
R2954,rock,0,79231.3,44607.2,6454.2,-13.51,0.295
R2955,rock,1,-78402.6,45222.2,9813,29.18,0.429
R2956,rock,2,-71826.1,45387.7,9567.7,29.68,0.387
R2957,rock,2,-66431.9,45295.6,8446.5,-237.91,2.472
R2958,rock,1,-5591.3,45316.6,2139.6,-5.11,0.66
R2959,rock,0,37555.1,45951.8,1958.8,75.77,0.484
R2960,rock,2,72570.2,45452.6,4556.5,-256.43,1.308
R2961,rock,0,77153.5,45222.7,5725.1,-49.79,0.448
R2962,rock,0,78701.1,45822,5890.9,-221.92,0.464
R2963,rock,1,-67425.7,46266.4,8427.1,-177.29,0.52
R2964,rock,2,-66564.5,46634.4,7575.8,-66.12,1.106
R2965,rock,2,-64393.2,46759.5,7192.4,3.76,1.453
R2966,rock,2,-35181.2,46466.3,1533.6,-250.03,0.601
R2967,rock,0,-9602.2,46489.8,1794.5,-140.06,0.331
R2968,rock,1,23782.9,46642.3,1940.2,-147.21,0.259
R2969,rock,1,24915.7,46126.6,2028.6,-127.02,0.558
R2970,rock,1,77118.4,46767.9,5671.1,-185.52,2.079
R2971,rock,2,-77679.5,47565.8,9434.6,17.89,0.287
R2972,rock,2,-77045.6,47587.2,9569.7,1.65,3.055
R2973,rock,0,-75039.3,47365.7,9275.8,-211.6,0.301
R2974,rock,1,-72568.7,47620.6,9073.8,-23.81,0.512
R2975,rock,2,-63668.1,47680.2,6345.2,-121.6,0.338
R2976,rock,1,68998.9,47709.9,4340.4,-22.02,0.524
R2977,rock,0,77276.7,46925.4,5622.3,-62.82,0.478
R2978,rock,0,77513.2,47701.2,5770.2,-257.76,0.588
R2979,rock,1,78941,47189.5,5527.3,-198.73,0.57
R2980,rock,1,-78440.4,48334.5,10128.1,-85.52,0.526
R2981,rock,0,-72572.8,48027.6,8675.7,-185.7,2.759
R2982,rock,1,-70094.2,48656.4,8108.6,27.21,2.164
R2983,rock,1,-66569.7,47907.5,7437.4,-191.09,2.175
R2984,rock,2,-66331.8,47856.9,7334.6,-45.01,0.511
R2985,rock,2,-64109.2,48601.3,6459.3,-81.75,0.362
R2986,rock,0,-47490.9,48384.7,1715.4,-149.29,0.675
R2987,rock,2,52655.9,48343.5,1632.3,-111.86,0.597
R2988,rock,0,66004.3,48162.5,2965,-157.2,0.661
R2989,rock,1,68827.3,48545.3,4477.2,-224.72,0.693
R2990,rock,2,-79436.8,49426.6,10864.7,5.91,0.26
R2991,rock,2,-68371.4,48858.9,8176.7,-15.15,0.605
R2992,rock,0,-24340.2,49489.3,1420.6,-161.08,0.333
R2993,rock,1,28330.4,48807.3,2292.4,-51.61,0.38
R2994,rock,0,65830.9,49169.3,2976.3,24.47,0.549
R2995,rock,2,-78827,49656.8,11648.7,7.8,0.446
R2996,rock,2,-77224.3,49778.6,10280.3,-230.3,1.463
R2997,rock,1,-70834.7,50211.3,8213.7,-192.62,0.505
R2998,rock,0,-66719,50456.6,8985.6,-56.06,2.138
R2999,rock,1,-51951.9,49894.8,2134.3,23.06,2.557
R3000,rock,2,-32424.3,49647.2,1732.2,-60.41,0.598
R3001,rock,1,-20577.2,49743.7,1583,-82.72,0.295
R3002,rock,2,70026.9,50306.7,4991.8,-161.88,0.584
R3003,rock,2,71315,50382.4,4940.5,-47.54,0.592
R3004,rock,2,76997.2,50092.9,5761.8,39.34,2.068
R3005,rock,2,-75347,50594.5,10462.9,23.47,0.355
R3006,rock,0,-69205.5,51326.3,8053.1,-23.97,1.636
R3007,rock,0,-66629.8,50982.6,8900.5,-140.07,2.608
R3008,rock,1,-65752.2,50955.1,8275.1,-265.19,1.787
R3009,rock,2,-63252.8,51354.1,5586.6,-98.2,0.336
R3010,rock,1,16088.4,50742.2,2222,-260.08,0.26
R3011,rock,1,20688.3,50793.5,2304.1,-176.25,0.632
R3012,rock,1,70270.7,50557.8,4847.6,-237.82,1.882
R3013,rock,1,77573.8,50580.6,5850.1,-225.86,0.471
R3014,rock,0,-78636.3,52034.4,11209.5,-204.71,0.678
R3015,rock,0,-76821.4,52226.7,10724.4,25.13,1.803
R3016,rock,0,-71491.1,51710.4,8360.7,-63.36,0.612
R3017,rock,0,-64407.3,51629.7,6835.9,54.47,0.6
R3018,rock,2,-63687.9,51741.1,6141.5,-229.66,0.487
R3019,rock,1,9110.8,51698.5,2074.4,-140.12,0.677
R3020,rock,2,18585.9,51690.3,2238.8,-158.14,0.487
R3021,rock,2,65482.9,51909.3,2489.5,3.05,2.605
R3022,rock,0,77238.7,51986.2,6104,48.19,0.527
R3023,rock,0,-64290.4,53025.9,6815.5,-257.9,0.38
R3024,rock,2,-63657.2,52398.4,6161.1,-108.91,0.486
R3025,rock,2,-32166.3,52829.7,1663.9,-228.61,0.314
R3026,rock,0,-10068.3,52306.9,1896.4,44.29,0.299
R3027,rock,0,72873.6,52863.6,5693.2,-222.54,1.581
R3028,rock,0,-78923.7,53445.3,10910.5,-88.02,0.383
R3029,rock,2,-77588.5,53232,10752.3,-146.85,2.89
R3030,rock,0,-74789,53353.5,10254.6,68.38,0.528
R3031,rock,1,-73610.5,54059.8,8856.9,-100.02,0.471
R3032,rock,0,-72058.9,53753.4,8662.9,-118.97,0.607
R3033,rock,2,-66859,53226.3,8253.2,42.95,0.555
R3034,rock,2,-60042.3,53208.3,4479.8,-82.92,1.691
R3035,rock,2,43560.3,54082.5,1737,79.8,0.675
R3036,rock,2,49413.8,53970.1,1700.7,-76.04,0.321
R3037,rock,2,-75480.7,54364.2,10115.9,-50.66,0.516
R3038,rock,0,-70242.2,54304.1,7646.7,-97.18,0.632
R3039,rock,0,-60415,54196.9,4451,-168.47,0.379
R3040,rock,1,22156,54724,2958.6,-201.39,0.287
R3041,rock,2,79476.3,54929.1,7084.9,53.97,2.005
R3042,rock,0,-78993.7,55356.2,9827.7,-76.13,2.831
R3043,rock,1,-77794.3,55850.8,9949.8,-152.07,0.521
R3044,rock,0,-75639.5,55885.9,9971.5,-54.49,0.511
R3045,rock,2,-69883.9,55323.3,7565,-173.99,1.477
R3046,rock,1,-44709.5,55047.5,1615,-101.46,0.424
R3047,rock,2,20419.7,55478.9,2649.5,-84.81,0.469
R3048,rock,0,65836.6,55386.5,2298.7,17.09,2.75
R3049,rock,1,73870.8,55268,5901.9,-20.39,1.138
R3050,rock,0,75247.1,55030.6,6440,61.95,0.591
R3051,rock,1,-78899.1,56640.5,9279.7,7,2.726
R3052,rock,2,-76502.9,56655.2,9715.5,-243.49,0.429
R3053,rock,0,-74871.1,56291.2,10337,16.93,0.422
R3054,rock,0,-73379.9,56462.6,9953.7,-167.36,2.824
R3055,rock,1,-72634.5,56287.2,9731.1,-90.04,3.164
R3056,rock,0,-71606.2,56205.6,9183.1,44.87,0.436
R3057,rock,2,-70602.6,56427.1,8866,-184.69,0.641
R3058,rock,2,-66542.8,56264.9,6723.2,-101.49,0.545
R3059,rock,2,-26511.7,55930.9,1887,11.26,0.692
R3060,rock,0,569.9,56110.3,2138.3,-247.17,0.573
R3061,rock,0,24450.3,56497.2,3708.5,-213.63,0.619
R3062,rock,2,27370.7,56651.9,3814,-31.33,0.297
R3063,rock,1,30862.2,56322,3780.3,-32.92,0.51
R3064,rock,1,33392.9,55961.2,2968.4,5.22,2.075
R3065,rock,0,35605.1,56534.4,2433.8,-222.66,2.211
R3066,rock,1,58461.5,56733.5,1769.7,-21,0.636
R3067,rock,0,65192.9,56279.6,2408.5,-105.44,0.655
R3068,rock,1,75182.1,56574.1,5868.2,69.71,0.359
R3069,rock,1,-79478.4,57268.9,9047.2,-107.22,2.039
R3070,rock,0,-79053.5,57508.2,9447.2,-152.37,0.455
R3071,rock,0,-75726.8,57358.5,10667.7,25.82,0.667
R3072,rock,2,-72829.8,57533.5,9861,-46.42,0.258
R3073,rock,2,-71814,57045.2,9397,-252.05,2.204
R3074,rock,0,-63149,57228.1,6026,-142.82,1.106
R3075,rock,0,-61981.2,57531,4524,-100.82,0.48
R3076,rock,0,2858.8,56855.3,2166.2,-47.27,2.175
R3077,rock,1,23559.4,57570.8,3964.4,-105.33,0.674
R3078,rock,0,27327.7,57208.1,4487.2,1.48,0.27
R3079,rock,2,65056.2,57108,2646.2,-140.12,0.421
R3080,rock,2,69388.1,57438.9,3415.3,35.07,0.525
R3081,rock,0,74706.7,57197,5520.8,-77.37,0.676
R3082,rock,1,76579.5,57314.4,5975.2,1.85,0.403
R3083,rock,1,78410.3,57067.7,6397.8,-98.01,2.963
R3084,rock,1,-76177.2,58032.3,10711.3,-241.26,0.581
R3085,rock,0,-75363,57812.4,10588.1,-78.49,0.643
R3086,rock,1,-70950.2,57870.5,8276.1,-131.09,0.613
R3087,rock,0,-55287.7,58247.9,2784.6,-135.09,0.33
R3088,rock,0,24734.1,57788.1,3874.8,-71.31,0.394
R3089,rock,2,75881.2,58098.4,5617,13.55,2.738
R3090,rock,1,76910.2,58408.7,5704.8,-223.05,0.46
R3091,rock,1,-72247.1,59129.9,8768.6,-132.36,3.117
R3092,rock,2,-71465.2,59403.3,7656.8,-123.19,0.366
R3093,rock,2,-68074.3,59016.8,5815.3,-131.3,0.61
R3094,rock,0,-38775.9,58769.6,1489.7,-136.94,0.413
R3095,rock,0,-25488.4,59231.2,1966.5,-30.92,0.505
R3096,rock,0,20559,59107.6,3651.1,-189.96,0.44
R3097,rock,2,24970.9,58773.3,4070.6,45.55,2.437
R3098,rock,0,26240.9,58707.1,4080.4,72.63,0.297
R3099,rock,0,73059.5,59082.5,4348.3,-223.03,0.414
R3100,rock,2,-75287,59690.4,11626.3,71.31,1.646
R3101,rock,2,-70439.3,60174.2,6508.8,-76.96,1.009
R3102,rock,1,-47861.9,59529.4,1900,-123.22,0.304
R3103,rock,0,1993.3,59681.4,2340.3,25.53,0.519
R3104,rock,2,6371,59801.9,2156.8,-230.53,2.682
R3105,rock,2,6443.1,59718.7,2116.5,-0.15,2.696
R3106,rock,2,18264.9,59827.5,3316.4,-46.38,0.38
R3107,rock,0,19498.7,59577.4,3393.3,68.62,0.668
R3108,rock,1,-79934.1,60525.6,9676.4,-125.3,0.282
R3109,rock,2,-76290.2,60861.1,11979.8,-127.87,0.371
R3110,rock,0,-72823.4,61041.4,8677.5,-240.21,0.311
R3111,rock,1,-69201.9,60793.9,5756.6,-188.12,1.801
R3112,rock,0,-63375.9,61277.7,4650.5,-140.04,0.676
R3113,rock,1,-61220,60424.2,4763.5,-128.98,0.652
R3114,rock,0,-22280.7,60906.2,2091.2,-49.02,0.698
R3115,rock,2,18694.7,60525.9,3751.7,-155.23,0.418
R3116,rock,0,20412.8,60856,4186.2,13.03,2.042
R3117,rock,1,27400.2,61099,4884.8,-44.53,0.303
R3118,rock,2,33677.4,60893.8,3288.6,-146.51,0.522
R3119,rock,0,59948.2,61075.9,2054.2,-60.33,0.356
R3120,rock,1,71084.4,60678.7,4089.8,-132.44,0.436
R3121,rock,2,73919.9,60576.9,4853.2,24.66,2.338
R3122,rock,1,-79109.8,61433.4,10242.6,-184.67,0.535
R3123,rock,1,-77718.2,61459.8,11159.8,-198.06,1.678
R3124,rock,1,-76834.2,61656,12266.8,-215.64,1.585
R3125,rock,1,-69790.4,62165.8,6845.6,-41.49,1.421
R3126,rock,1,-66029,61813.6,4548.8,-0.54,0.322
R3127,rock,0,-62103.4,61863.3,5123.1,52.94,0.306
R3128,rock,0,-27173,61685.5,2484.4,-82.73,1.772
R3129,rock,2,-25936.8,61630.5,2288.6,4.82,0.352
R3130,rock,2,-24036.3,62127,2435.9,-143.05,3.075
R3131,rock,2,-21336.6,61957,2433.2,-122.44,2.662
R3132,rock,0,22126.3,61759.4,4916.2,-259.97,0.429
R3133,rock,1,76165.6,61564.5,5524.2,-190.72,0.642
R3134,rock,2,-78243.3,62996.7,12274.4,59.96,2.866
R3135,rock,0,-73122.6,62248.8,9457.2,-16.1,0.313
R3136,rock,1,-66846.3,62437.8,5053.9,-99.03,0.568
R3137,rock,1,-50877.8,63067.1,2461.8,-48.66,0.625
R3138,rock,2,-7105.3,62512,1793.8,0.73,0.472
R3139,rock,0,30107.1,62699.4,4985.7,-69.59,2.174
R3140,rock,2,31889.3,62349.6,3671.1,-96.37,0.268
R3141,rock,2,51341.9,62974.6,2331.8,-149.75,0.372
R3142,rock,2,69440.9,63073.8,3970.9,37.43,1.635
R3143,rock,1,76615.3,63024.6,6653.6,-151.05,0.46
R3144,rock,0,-76907.4,63939.9,10779.7,-85.03,1.553
R3145,rock,2,-65100,63613.9,5342,6.66,0.603
R3146,rock,1,-64660.2,63267.9,5237.7,-263,1.073
R3147,rock,0,-62154.6,63791.7,5674.1,-233.68,0.499
R3148,rock,1,-19106.5,63602.2,3357.8,-232.29,0.544
R3149,rock,0,30443.9,63118.3,4940.9,-61.99,0.369
R3150,rock,0,41471.8,63340.9,1852.7,83.81,0.553
R3151,rock,2,70984.6,63498.2,5069.9,-166.56,0.632
R3152,rock,1,72528.9,63950,5625.9,-192.61,0.554
R3153,rock,1,73513,63533.7,5688.7,-129.96,0.656
R3154,rock,1,-78360.7,64558.6,11418.1,-69.08,0.452
R3155,rock,2,-73332.1,64773,9780.1,39.71,2.6
R3156,rock,1,-71106.9,64391.6,7960.3,45.67,0.28
R3157,rock,1,-67194.5,64420.7,6750.8,-241.96,0.388
R3158,rock,2,-66444.6,64606.8,6885.8,-248.56,2.35
R3159,rock,0,-65254.1,64517.8,6517.9,-256.92,1.271
R3160,rock,0,-64008.8,64443.2,6634.9,-49.78,0.685
R3161,rock,0,-47748.8,64611.2,2272.5,-54.73,1.171
R3162,rock,2,-39876.1,64024.6,2161,-71.03,0.64
R3163,rock,0,-36761.7,64454.8,2173.5,-15.14,0.594
R3164,rock,1,1105.7,64290.1,2358,43.03,0.684
R3165,rock,2,9592.4,64665.2,2741.5,-80.71,0.532
R3166,rock,1,14996.9,64487.1,3816.1,-225.95,1.235
R3167,rock,0,31260.5,64320.4,4399.7,0.19,2.764
R3168,rock,1,41948.4,64474.5,2066.1,-231.97,1.051
R3169,rock,0,45780.4,64119.8,2223.1,-115.05,0.512
R3170,rock,1,52266.5,64858.1,2926.9,1.72,0.574
R3171,rock,1,58009.6,64169.4,2894.2,9.61,0.593
R3172,rock,1,63615,64879.7,2914.5,-231.62,1.626
R3173,rock,2,70353,64544.5,4684.2,-268.51,2.168
R3174,rock,0,72056.9,64689.9,5665.2,-131.46,2.59
R3175,rock,0,72215.4,64269.8,5650.3,-95.82,0.444
R3176,rock,2,73141.9,64783.5,5898.6,-145.99,2.499
R3177,rock,2,74434.4,64243.7,6008.9,-59.98,0.333
R3178,rock,1,-67356.8,65622,7239.1,-30.91,0.636
R3179,rock,2,-65193.1,65502.5,8185.8,-135.76,2.25
R3180,rock,0,-63667.5,64968.7,6414.2,-210.33,0.257
R3181,rock,2,-37289.5,65141.5,2404.8,-215.65,0.677
R3182,rock,1,-35714.5,65095.8,2497.8,75.34,2.33
R3183,rock,2,-28623.3,65275.1,3623.9,-268.94,0.694
R3184,rock,0,-14818.8,65797.5,3021.8,-166.98,0.605
R3185,rock,2,-14147,65208.5,2732,-83.27,0.288
R3186,rock,0,-2361.2,65442.4,2999.6,-252.83,1.016
R3187,rock,2,-251,65739.2,3014,-145.35,1.079
R3188,rock,1,8559.5,64958.7,2715.1,-169.87,0.433
R3189,rock,0,39943,65723.3,3074.2,-119.5,0.372
R3190,rock,0,76339.2,65037.2,6884.5,-19.03,2.289
R3191,rock,0,79546,65628.6,7027.9,-195.3,0.374
R3192,rock,1,-79684.9,66237.2,11561.8,50.03,0.325
R3193,rock,0,-65468.7,66309.2,8126.9,-194.58,0.281
R3194,rock,2,-62623.8,66454.1,6105.3,-193.51,2.659
R3195,rock,1,-53815.5,66572.7,3074.4,-232.49,0.419
R3196,rock,0,-38802.6,66499,3002.7,-58.6,1.428
R3197,rock,2,979.9,66460.1,3168.8,-147.21,0.473
R3198,rock,2,10629.6,66211.5,3707.9,-37.3,0.356
R3199,rock,1,18524.3,66532.1,4536.1,-121.19,1.678
R3200,rock,1,23120,66133,5314.2,-24.94,2.586
R3201,rock,1,30451.6,66488,5977.6,-8.66,0.523
R3202,rock,0,31552,66669.8,5071.3,-46.28,0.42
R3203,rock,2,38659.7,66427.2,3290.5,-243.96,0.362
R3204,rock,1,76240.3,66211.8,7006.5,-87.98,3.068
R3205,rock,0,77019.8,66355.1,7449.2,-161.7,0.306
R3206,rock,2,-78537.7,67468.4,11391.4,-158.81,1.246
R3207,rock,0,-74373.3,67488.2,10920.5,-209.98,3.034
R3208,rock,0,-69582.2,66965,8672.5,-127.78,0.366
R3209,rock,0,-65885.4,67188.7,7417.1,31.99,0.635
R3210,rock,2,-64570.3,67449.9,6665.9,-162.09,1.147
R3211,rock,1,2114.2,67528.7,3212,-235.85,0.669
R3212,rock,0,5054.3,67581.1,3451.6,-232.63,1.35
R3213,rock,1,15101.6,66796.1,4222.2,-0.61,0.589
R3214,rock,1,26203.9,67507,5719.3,-44.44,0.504
R3215,rock,1,73884.3,67495.2,6772.2,-123.76,2.314
R3216,rock,2,77139,67362,7626.9,-267.41,0.425
R3217,rock,2,80179.9,67351.6,7394.7,-103.6,0.31
R3218,rock,0,-78922.8,67617.5,11390.6,-38.84,1.162
R3219,rock,1,-66910.9,68261.5,7897.8,75.61,2.138
R3220,rock,2,-64665.7,68471.7,6331.9,-250.13,2.323
R3221,rock,1,-61545.9,67702.9,5295.1,64.36,2.857
R3222,rock,2,-60166.6,68127.7,3910.1,-116.56,0.464
R3223,rock,0,31377.3,67680.4,5773.3,65.92,0.598
R3224,rock,2,39003.9,68491.6,3567.8,-139.51,0.34
R3225,rock,2,48849.2,68034.4,3026.9,37.33,0.664
R3226,rock,2,69262.4,68102.5,4035.4,86.43,0.692
R3227,rock,0,71997.1,68000.6,5422.8,-43.36,0.289
R3228,rock,2,73798.9,67699.6,6894.4,-76.06,1.602
R3229,rock,2,75132.8,68350,7315.7,-194.05,0.629
R3230,rock,1,-78678.2,69001.1,11011.4,-255.9,0.488
R3231,rock,1,-78172.4,68764.2,10706.1,-176.05,0.524
R3232,rock,2,-69992.7,69068.2,9042,-236.78,2.674
R3233,rock,2,-69097.5,68721.6,8596.3,52.1,0.686
R3234,rock,0,-67673.5,68590.4,8480.2,-172.25,0.41
R3235,rock,0,-65168.5,68779.3,6292.3,49.75,0.61
R3236,rock,1,-46662.7,69168.1,4003.4,79.59,0.506
R3237,rock,0,-42566.9,69385.8,3632.7,-223.85,1.902
R3238,rock,2,-18029.8,68621.8,4364.8,-239.93,0.448
R3239,rock,0,-14028.3,69256.9,3719.6,-160.54,0.556
R3240,rock,2,-13144.8,69214.7,3176.5,-147.28,2.386
R3241,rock,0,-1894.4,69223,4324,-104.98,1.031
R3242,rock,1,18418.5,68705.5,6063.5,40.53,3.15
R3243,rock,2,22521,68548.5,5669.9,-67.5,0.687
R3244,rock,1,29993.3,68760.1,6669.2,80.33,3.068
R3245,rock,1,32424.6,68519.1,5394.9,-246.68,0.66
R3246,rock,2,36719.2,69395.6,4323.9,26.63,0.616
R3247,rock,1,41894.4,69398.2,4202.6,-78.89,0.321
R3248,rock,0,58840.5,68667.4,3511.6,-266.94,0.417
R3249,rock,1,59730.7,68924,3363.7,-54.53,0.446
R3250,rock,0,68727.3,68695.1,3794.9,-115.56,0.585
R3251,rock,1,76111,69375.3,7460.9,9.11,0.502
R3252,rock,2,78377.3,69204.1,7254.9,64.54,0.336
R3253,rock,2,-73686.4,69929.3,11008.6,-167.89,0.359
R3254,rock,1,-64531.3,70064.8,5584.5,-208.98,0.38
R3255,rock,2,-60653.6,70195.2,4309.8,-210.99,2.042
R3256,rock,1,-46469,70123.4,4445.7,-199.88,0.357
R3257,rock,1,-43047.9,69419.3,3568.8,-10.32,0.252
R3258,rock,0,-35619.1,70105.1,2944.4,-147.33,0.411
R3259,rock,1,-3157.3,70086.9,4310,-60.48,2.526
R3260,rock,1,21243.7,70295.6,6348.5,-42.39,0.285
R3261,rock,0,27535.8,69972.9,5689.6,-31.78,0.35
R3262,rock,0,30304.2,69722.2,6018.8,54.93,2.313
R3263,rock,2,46207.1,69872.5,3641.7,80.53,0.526
R3264,rock,2,56454.7,69420.5,4666.1,-29.8,0.438
R3265,rock,2,73346.3,70126.6,6267.4,-24.91,1.048
R3266,rock,2,75395.5,70241.6,7370.4,-166.36,1.071
R3267,rock,1,75854.3,69420.1,7589.9,-219.03,0.281
R3268,rock,2,-43314.8,70457.5,4124.3,-131.62,0.672
R3269,rock,0,-30517.2,70692.3,3009,-93.16,0.478
R3270,rock,0,-27044.1,70588.3,4457.1,-158.97,0.604
R3271,rock,0,-15648.1,70583.5,4060.7,45.86,0.482
R3272,rock,2,-13016.1,70336.1,3428.2,-231.61,0.384
R3273,rock,0,54498.8,70348.4,4059.9,-223.54,0.52
R3274,rock,2,65526.7,70837.8,4358.9,-125.88,0.554
R3275,rock,0,-70337.9,71253.5,8539.8,-49.25,0.345
R3276,rock,0,-68647,71440.8,6734.2,42.24,0.414
R3277,rock,1,-67953.9,71848.2,6157.8,79.73,1.985
R3278,rock,2,-57173.8,71554.7,4632.2,-162.36,0.287
R3279,rock,0,-43121.7,71741.8,4915.8,-92.68,1.801
R3280,rock,1,-35921.1,71544.8,3612.8,-206.05,0.38
R3281,rock,2,-20904.8,71897.5,4736.7,-197.42,1.914
R3282,rock,1,-6755.3,71393.7,3881.3,-211.41,0.448
R3283,rock,2,10107.3,71791.1,4741.5,-153.35,2.774
R3284,rock,2,15886.4,71783.3,5129.3,-130.11,0.656
R3285,rock,2,19182,71408.6,6571.8,-30.99,0.515
R3286,rock,1,22057.3,71211.7,6215.6,-19.35,0.68
R3287,rock,1,35609.8,71887.5,4439.6,45.39,0.517
R3288,rock,0,63216.6,71449.3,4820.2,62.24,1.973
R3289,rock,2,64857.3,71490.9,4665,-30.27,0.609
R3290,rock,1,78936.3,71740,6052.9,-221.05,2.246
R3291,rock,1,-79146.6,72475.9,11350,51.85,2.719
R3292,rock,1,-78517.4,72427.5,10455.5,76.96,2.691
R3293,rock,2,-67174.5,72599.5,5839.2,73.37,1.38
R3294,rock,2,-59160.3,72108.1,4329,-30.91,0.534
R3295,rock,0,-40526.2,72443.5,4975.2,-8.91,2.281
R3296,rock,1,-36434.3,72902.4,4264.4,-162.14,0.6
R3297,rock,1,-21741.1,72255.7,4603.7,-162.72,0.633
R3298,rock,2,-11580.9,72425.8,3534.7,-121.43,0.614
R3299,rock,0,-7040.6,72353.1,4379.8,-255.32,0.493
R3300,rock,2,3200.4,72756,5343.4,-143.21,0.336
R3301,rock,0,6321,72268.8,5239.3,-170.26,2.363
R3302,rock,0,17956.2,72202.1,5902.9,82.92,0.471
R3303,rock,1,23509.7,72641.1,6137.9,-17.42,0.629
R3304,rock,1,28272.6,72176.3,5582.6,-229.07,0.491
R3305,rock,0,60037.6,72550.9,4544,-164.53,0.496
R3306,rock,0,62797.7,72608,5539.7,-202.88,0.323
R3307,rock,2,76468.3,72717.2,6403.9,81.35,0.611
R3308,rock,0,-77013.6,73351,9977.1,-9.83,1.375
R3309,rock,2,-74606.4,73174.8,9179.1,86.6,0.696
R3310,rock,1,-71288.1,73624.9,7796.7,-160.66,0.387
R3311,rock,2,-67652.5,73310.9,6582,-156.19,0.501
R3312,rock,1,-59381.3,73813.2,5922,-65.56,2.424
R3313,rock,2,-28100.3,73840.3,4996.8,6.44,0.563
R3314,rock,2,-19145.5,73228.8,4758.4,-85.67,1.324
R3315,rock,2,-18418.5,73640,4854.5,-74,0.523
R3316,rock,1,3896.3,73409.2,5535.1,-61.46,0.277
R3317,rock,2,17477,73666,5598.4,-249.88,0.552
R3318,rock,2,25582.3,73206.5,6873.3,-89.86,2.3
R3319,rock,1,28571.1,73462.8,6035.5,-56.66,1.868
R3320,rock,1,45746.2,73428.7,4792.8,-34.88,0.317
R3321,rock,2,47449.4,73312.9,3985.5,-82.79,0.47
R3322,rock,1,66425.6,73388.3,5071.5,-219.06,0.645
R3323,rock,2,77095.1,73192.7,5965.9,-4.14,0.522
R3324,rock,2,79589.5,73705.1,5778.6,-253.7,1.204
R3325,rock,2,-77441,74367,10148.8,-29.45,0.697
R3326,rock,2,-73015.4,73968.4,8670.8,-19.85,0.607
R3327,rock,2,-19280.8,74656.1,5238.6,-205.43,0.409
R3328,rock,1,18020.2,74630.5,5438.4,-168.51,0.395
R3329,rock,2,24495,74437,6459.5,-75.18,0.352
R3330,rock,0,29399.4,74790.9,6586.5,-190.65,2.15
R3331,rock,0,40870.4,74013,5179.1,16.6,0.389
R3332,rock,2,43348.9,74465.1,5558.3,-73.69,0.594
R3333,rock,0,75569.5,74015.2,6025.4,-6.83,2.095
R3334,rock,1,-76497.8,75683.5,9865.1,-108.31,0.329
R3335,rock,1,-76212.5,75573.7,9690.1,-204.91,0.624
R3336,rock,2,-67126.2,75466.2,6332.7,-87.12,2.039
R3337,rock,1,-64285.3,75310.4,4978.2,-64.73,0.444
R3338,rock,2,-47029.2,75060.5,5396.4,74.01,0.573
R3339,rock,2,-45783.3,75018.6,5979.7,-148.62,0.586
R3340,rock,2,-44780.4,74940.7,6044.2,-96.89,0.301
R3341,rock,2,-8179.7,75626.4,4583.5,57.27,0.289
R3342,rock,1,5349.3,75346.4,5726.7,2.9,0.561
R3343,rock,1,21315.3,74821,6172.8,57.51,0.473
R3344,rock,0,22483.4,75366.8,6221.1,-50,0.472
R3345,rock,2,26525.7,74844,6910.5,14.04,1.871
R3346,rock,0,51214,75321.5,4000.3,-27.06,0.596
R3347,rock,0,-78219.1,76534.3,12781.3,-166.08,2.85
R3348,rock,1,-75829.9,76055.2,10085.7,-64.72,1.284
R3349,rock,2,-72032.1,76429.6,8446.7,-246.92,1.56
R3350,rock,0,-64524.8,76293.3,5633.6,-33.74,2.474
R3351,rock,0,-61902.5,76544,5656.1,-210.74,1.569
R3352,rock,2,-6188.4,76427.8,4728.3,-148.69,2.57
R3353,rock,0,-4287.5,75774.1,4809.5,74.22,0.519
R3354,rock,0,3152.2,75780.3,5204.7,-19.76,0.534
R3355,rock,2,20058.5,76361.4,5999.5,-152.78,0.386
R3356,rock,2,28970.6,76496,7089.7,-6.48,0.256
R3357,rock,1,41199.1,76440.7,5048,-203.38,2.962
R3358,rock,1,46580.7,76543.9,4686.8,-159.12,0.479
R3359,rock,2,72488,76317.4,4963.4,75.61,0.398
R3360,rock,1,-77833.4,77365.7,12578.8,-190.29,0.576
R3361,rock,0,-75549.9,76612.9,9950.6,-60.32,2.131
R3362,rock,1,-74959.9,77294.5,9566,-126.7,2.152
R3363,rock,2,-72226.3,77395.5,8352.6,-50.44,0.563
R3364,rock,0,-64568.6,76933.7,5966.3,-138.22,0.491
R3365,rock,2,-44738.1,77476.5,5463.9,-202.21,0.493
R3366,rock,0,-31550.4,76762.5,4915,-51.82,0.672
R3367,rock,2,-17409.6,76756.8,5743.7,-99.23,0.413
R3368,rock,1,-8021.3,77433.4,4774.3,65.77,0.409
R3369,rock,1,-1715,77190.2,5916.9,19.74,2.667
R3370,rock,1,-976.4,77372.2,5884.3,-28.55,0.301
R3371,rock,1,8108,77463.2,5433.3,-141.77,0.539
R3372,rock,0,19828.4,77255.3,5748.1,-237.64,2.933
R3373,rock,0,32435.2,77141.1,5954.4,-23.66,0.264
R3374,rock,1,38435.5,77231.4,4525.3,76.82,0.385
R3375,rock,2,65280.6,76956.5,5538.7,-29.46,2.306
R3376,rock,2,79057.2,77042.4,5811.5,-229.17,0.285
R3377,rock,1,-76978.3,77502,11678.1,-76.19,0.677
R3378,rock,2,-61279.9,77545.4,5703.1,-153.69,0.529
R3379,rock,0,-60285.4,78366.5,5434.5,-160.44,0.278
R3380,rock,0,-47168.3,77612.7,6003.9,-209.49,2.758
R3381,rock,0,-21723.2,77713.4,5706.7,-235.87,0.316
R3382,rock,2,-19333,77816.2,6142.9,86.17,0.527
R3383,rock,0,-681.7,78124.4,5832.3,-103.84,0.349
R3384,rock,1,30061,77562.5,6781.3,-62.3,0.397
R3385,rock,2,65049.4,78107.7,5697.6,-68.67,0.564
R3386,rock,2,70830.2,77812.5,5031.9,65.31,0.54
R3387,rock,1,79092.1,78270,5707.2,-118.37,1.496
R3388,rock,0,-79039.5,78503.1,11677.6,34.75,2.637
R3389,rock,0,-76382.4,78939.1,11226.6,-80.54,2.867
R3390,rock,0,-74922.2,78900,10035.4,-28.78,0.35
R3391,rock,2,-69587.4,78418.9,7623.3,41.78,1.225
R3392,rock,2,-65695.6,78887.5,6786.7,1.05,0.612
R3393,rock,2,-64193,78677.8,6607.1,-5.27,0.557
R3394,rock,2,-61303.6,78473.5,5705.9,-223.73,0.405
R3395,rock,1,-52939,78602.8,5575.2,-54.25,1.592
R3396,rock,2,-46755.1,78417.4,5789.1,-154.71,1.575
R3397,rock,2,-46460.6,79282.4,5661.3,-173.27,0.282
R3398,rock,2,-40157.4,78818.5,5310.9,-53.55,0.308
R3399,rock,2,-22217.2,78627.5,5660.5,-175.02,2.697
R3400,rock,0,-15373.5,79102.1,5505,-170.57,0.499
R3401,rock,1,-13683.5,79138.9,5545.6,-169.44,3.177
R3402,rock,0,-10316.1,78622.1,5527.7,50.92,0.419
R3403,rock,0,464.2,78823.8,5950.8,70.61,0.443
R3404,rock,0,16438.2,78896.2,5816.5,-3.66,0.418
R3405,rock,0,21650.7,78767.2,5662.6,-230.2,0.64
R3406,rock,1,25502.7,78523.8,6823.3,-257.31,1.017
R3407,rock,2,28870.3,78810.3,6958.4,-59.13,0.577
R3408,rock,1,29654.4,78855.4,6767.5,-90.13,0.365
R3409,rock,0,33954.5,78436.7,6032.1,69.83,0.622
R3410,rock,1,64592.4,79252.1,5721.4,-183.03,0.547
R3411,rock,1,77495,78470.4,5736.8,-23.02,1.111
R3412,rock,0,-76922.1,79682.6,11410,13.24,1.157
R3413,rock,0,-71527.4,79766.6,8618.3,-228.46,1.907
R3414,rock,0,-68752.6,79579.9,7649.2,82.58,3.147
R3415,rock,1,-67747.9,79639.1,7719,-73.83,1.258
R3416,rock,1,-67001.8,80015.9,8332.6,84,0.439
R3417,rock,0,-61428,79547.6,5767.4,-174.26,0.357
R3418,rock,2,-56310.5,79956.9,5021.8,22.13,0.383
R3419,rock,2,-52984.8,79969.9,5786.9,-119.52,0.67
R3420,rock,2,-29673,79814.9,5219.5,-205.98,0.565
R3421,rock,0,-22401.1,80092.1,5943.7,-100.08,0.39
R3422,rock,0,-21497.2,80187.1,6224,-86.51,0.643
R3423,rock,0,-19292.4,79374.9,5926,39.16,1.43
R3424,rock,2,-16408.4,79438,5555.1,-46.97,0.622
R3425,rock,0,-9211.4,79451.9,5148.8,-121.77,0.687
R3426,rock,2,8935.1,79546.7,6117.8,-86.16,2.442
R3427,rock,2,28642.8,79580.9,6885.3,54.19,2.748
R3428,rock,0,33341.3,79328.9,6077.7,-115.61,0.568
R3429,rock,2,38295.1,80120.2,4582.1,-126.21,0.409
R3430,rock,0,48930.7,80081.1,5125.1,-29.73,0.27
R3431,rock,0,73521,79331.2,5530.3,60.75,0.296
R3432,rock,1,75507.6,79313.4,5848.3,82.33,0.453
R3433,props,stepStones,-33326.2,22299.8,1580.6,83.88,0.494
R3434,props,stepStones,-33318.5,22403.3,1576.8,83.89,0.459
R3435,props,stepStones,-33302.5,22505.6,1575,63.48,0.476
R3436,props,stepStones,-33300.2,22609.8,1574.2,84.81,0.435
R3437,props,stepStones,-33262,22708.8,1577.7,91.24,0.436
R3438,props,stepStones,-33253.8,22812.2,1578.5,65.56,0.487
R3439,props,stepStones,-33244,22915.4,1582.3,79.11,0.424
R3440,props,stepStones,-33243.6,23020,1583.8,89.71,0.407
R3441,props,stepStones,-33222,23121.4,1582.5,91.72,0.475
R3442,props,stepStones,-33211.9,23224.5,1582.8,95.03,0.412
R3443,props,stepStones,-36330.9,26710.5,1567.9,87.23,0.46
R3444,props,stepStones,-36309.2,26813.3,1569,64.31,0.461
R3445,props,stepStones,-36291.1,26916.7,1569,77.69,0.47
R3446,props,stepStones,-36274.8,27020.4,1569.8,61.38,0.448
R3447,props,stepStones,-36275.4,27126.6,1570.2,95.37,0.436
R3448,props,stepStones,-36253.6,27229.5,1569.5,68.96,0.473
R3449,props,stepStones,-36230.5,27332.1,1569.3,88.78,0.485
R3450,props,stepStones,-36221.7,27436.9,1571.4,69.68,0.401
R3451,props,stepStones,-36198.1,27539.5,1570.2,71.34,0.469
R3452,props,stepStones,-30200,26204.5,1571.5,185.45,0.461
R3453,props,stepStones,-30310,26212.6,1576.9,187.75,0.405
R3454,props,stepStones,-30420,26207.1,1580.1,185.25,0.409
R3455,props,stepStones,-30530,26195.1,1579.9,192.38,0.425
R3456,props,stepStones,-30640,26211.8,1578.8,170.1,0.462
R3457,props,stepStones,-30750,26193.2,1576.9,183.18,0.424
R3458,props,stepStones,-38405.4,22170.7,1593.9,-116.08,0.411
R3459,props,stepStones,-38437.1,22069.2,1595.1,-105.63,0.425
R3460,props,stepStones,-38449.8,21962.8,1594.1,-95.76,0.484
R3461,props,stepStones,-38486.8,21862.6,1593.2,-101.25,0.456
R3462,props,stepStones,-38501.5,21756.7,1591.3,-122.54,0.414
R3463,props,stepStones,-38538.4,21656.5,1587.5,-111.03,0.4
R3464,props,stepStones,-38550.2,21549.9,1582.2,-87.29,0.438
R3465,props,stepStones,-38590.1,21450.4,1577.2,-109.42,0.448
R3466,props,stepStones,-38612.8,21346.6,1573.9,-109.86,0.417
R3467,props,stepStones,-36114.4,22121.3,1563.8,63.15,0.456
R3468,props,stepStones,-36106.7,22228.4,1567.2,65.14,0.476
R3469,props,stepStones,-36074.2,22330.6,1574.1,64.54,0.401
R3470,props,stepStones,-36069,22438.2,1578.8,62.84,0.435
R3471,props,stepStones,-36043.5,22541.8,1582.9,83.9,0.464
R3472,props,stepStones,-36006.3,22643,1587,73.38,0.459
R3473,props,stepStones,-36011.6,22752.7,1588.8,89.49,0.465
R3474,props,stepStones,-35976.6,22854.4,1589.2,81.47,0.497
R3475,props,stepStones,-35947.7,22957.3,1589,91.21,0.486
R3476,props,stepStones,-35939.9,23064.4,1589,75.95,0.416
R3477,props,stepStones,-30648.5,21493.2,1577.8,70.16,0.435
R3478,props,stepStones,-30647.4,21600.3,1583,77.38,0.456
R3479,props,stepStones,-30642,21707.2,1585.6,68.68,0.469
R3480,props,stepStones,-30627.2,21813.4,1588.9,77.56,0.419
R3481,props,stepStones,-30627.9,21920.7,1588.1,83.59,0.413
R3482,props,stepStones,-30604.6,22026.4,1585.8,105.5,0.433
R3483,props,stepStones,-30618.8,22134.5,1582,98.84,0.498
R3484,props,stepStones,-30598.2,22240.4,1580.4,99.53,0.423
R3485,props,stepStones,-39569.4,26347.7,1556.5,62.46,0.493
R3486,props,stepStones,-39536,26450.5,1556.9,57.42,0.435
R3487,props,stepStones,-39491.6,26549.3,1555.9,81.16,0.498
R3488,props,stepStones,-39462.5,26653.8,1558.9,58.46,0.473
R3489,props,stepStones,-39427.1,26755.9,1564.8,80.06,0.409
R3490,props,stepStones,-39366.2,26848.6,1570.2,81.37,0.423
R3491,props,stepStones,-39332.5,26951.3,1576.7,71.64,0.436
R3492,props,stepStones,-39315,27060,1581.7,69.47,0.454
R3493,props,stepStones,-39273.9,27160,1585.7,59.92,0.476
R3494,props,stepStones,-29027,23913.7,1585.1,-82.33,0.416
R3495,props,stepStones,-29025.9,23803.9,1585.4,-99.43,0.45
R3496,props,stepStones,-29037.1,23693.8,1587.5,-71.6,0.416
R3497,props,stepStones,-29019.4,23584.2,1586.8,-89.74,0.482
R3498,props,stepStones,-29018,23474.4,1585.4,-108.35,0.444
R3499,props,stepStones,-29027.9,23364.4,1582.4,-75.16,0.441
R3500,props,stepStones,-29015.7,23254.8,1578,-86.73,0.456
R3501,props,stepStones,-29024,23144.8,1573.9,-71.58,0.48
R3502,props,stepStones,-29012,23035.1,1571.9,-94.06,0.446
R3503,props,stepStones,-38893.2,29337.1,1576.7,72.08,0.447
R3504,props,stepStones,-38864,29441.5,1575.9,67.08,0.482
R3505,props,stepStones,-38833.8,29545.7,1576.2,86.25,0.49
R3506,props,stepStones,-38813.2,29652.2,1578.1,79.55,0.441
R3507,props,stepStones,-38778.2,29755.2,1580.1,94.5,0.405
R3508,props,stepStones,-38762.8,29863,1581.8,93.49,0.427
R3509,props,stepStones,-38729.9,29966.5,1583.6,82.8,0.462
R3510,props,stepStones,-38702,30071.3,1583.7,60.06,0.463
R3511,props,stepStones,-38680.3,30177.6,1582.7,76.65,0.441
R3512,props,stepStones,-32855.6,27687.6,1560.5,-93.74,0.411
R3513,props,stepStones,-32882.5,27589.4,1560.4,-113.43,0.435
R3514,props,stepStones,-32895.8,27488.9,1558.7,-109.28,0.465
R3515,props,stepStones,-32911.7,27388.8,1558.9,-97.58,0.41
R3516,props,stepStones,-32942.9,27291.4,1557.3,-119.4,0.455
R3517,props,stepStones,-32936.5,27187.5,1557.1,-94.47,0.457
R3518,props,stepStones,-32968.4,27090.2,1558.9,-105.18,0.46
R3519,props,stepStones,-32991.2,26991.3,1560.4,-94.5,0.5
R3520,props,stepStones,-33000.3,26890.1,1564.8,-82.51,0.472
R3521,props,stepStones,-30397.2,28782.9,1550.1,86.76,0.424
R3522,props,stepStones,-30395.3,28890.3,1550.3,101.98,0.47
R3523,props,stepStones,-30406.2,28997,1551.3,91.37,0.495
R3524,props,stepStones,-30405.3,29104.3,1558.1,107.72,0.414
R3525,props,stepStones,-30415.7,29211.1,1562.8,108.78,0.429
R3526,props,stepStones,-30441.3,29317.1,1567.8,96.05,0.435
R3527,props,stepStones,-30430.3,29424.9,1572.5,81.84,0.462
R3528,props,stepStones,-30447.6,29531.3,1575.4,84.98,0.444
R3529,props,stepStones,-30441.7,29638.9,1576.1,104.44,0.464
R3530,props,stepStones,-30464.3,29745.1,1573.7,107.32,0.441
R3531,props,stepStones,-35632.4,30510.5,1594.1,94.21,0.419
R3532,props,stepStones,-35621.2,30612.4,1592,64.07,0.417
R3533,props,stepStones,-35588.7,30710.1,1586.8,84.53,0.48
R3534,props,stepStones,-35557.7,30808.1,1583.2,84.59,0.461
R3535,props,stepStones,-35549.3,30910.5,1579.9,95.78,0.431
R3536,props,stepStones,-35535.4,31011.9,1576.8,82.69,0.418
R3537,props,stepStones,-35521.5,31113.2,1575,78.62,0.469
R3538,props,stepStones,-35490,31211.1,1575,60.26,0.494
R3539,props,stepStones,-35478.8,31313,1578,65.62,0.473
R3540,props,stepStones,-35463.9,31414.1,1581.5,81.32,0.439
R3541,props,stepStones,-35420.8,31509.8,1584.9,63.74,0.47
R3542,props,stepStones,-27571,27739.4,1520.2,-100.15,0.481
R3543,props,stepStones,-27555.2,27634.2,1524.1,-65.22,0.43
R3544,props,stepStones,-27532.6,27530.2,1527.5,-79.04,0.465
R3545,props,stepStones,-27523.8,27423.9,1532.3,-90.07,0.487
R3546,props,stepStones,-27507.3,27318.9,1539.7,-87.77,0.449
R3547,props,stepStones,-27504.5,27211.6,1547.6,-69.23,0.408
R3548,props,stepStones,-27468.2,27109.8,1555.7,-65.79,0.429
R3549,props,stepStones,-27450.8,27004.9,1565,-94.23,0.405
R3550,props,stepStones,-27451.2,26897.1,1570.7,-73.9,0.448
R3551,props,stepStones,-27427.8,26793.2,1578.8,-73.17,0.403
R3552,props,stepStones,-40842.7,23321.7,1559.8,52.27,0.466
R3553,props,stepStones,-40796.7,23417.8,1558.7,55.13,0.462
R3554,props,stepStones,-40748.1,23512.7,1559,59.8,0.424
R3555,props,stepStones,-40707.4,23611.2,1558.4,79.12,0.45
R3556,props,stepStones,-40685.3,23717.9,1561.4,50.26,0.404
R3557,props,stepStones,-40637.6,23813.2,1565,70.08,0.421
R3558,props,stepStones,-40590.7,23908.9,1570.7,76.93,0.479
R3559,props,stepStones,-40536.8,24001.5,1577.8,76.23,0.47
R3560,props,stepStones,-31388.7,30481,1569,-117.45,0.451
R3561,props,stepStones,-31426.6,30377.8,1568.4,-86.72,0.423
R3562,props,stepStones,-31445.4,30270,1564.3,-83.94,0.471
R3563,props,stepStones,-31456.7,30160.2,1561,-101.97,0.491
R3564,props,stepStones,-31487.7,30055.4,1560.8,-117.36,0.41
R3565,props,stepStones,-31519.5,29950.7,1559.9,-106.12,0.425
R3566,props,stepStones,-31539.1,29843.1,1560.8,-86.78,0.46
R3567,props,stepStones,-31582,29741.2,1565.3,-119.16,0.406
R3568,props,stepStones,-31599,29632.9,1570.3,-122.63,0.427
R3569,props,stepStones,-31617.2,29524.8,1576.7,-116.62,0.406
R3570,props,stepStones,-13856.5,55346.2,1941.7,55.92,0.431
R3571,props,stepStones,-13825.1,55445.7,1941.7,54.2,0.431
R3572,props,stepStones,-13786.6,55542.7,1938.7,59.84,0.469
R3573,props,stepStones,-13761.9,55644.7,1935.6,58.98,0.439
R3574,props,stepStones,-13708,55736,1932.6,80.16,0.437
R3575,props,stepStones,-13691,55840.8,1928.8,56.73,0.438
R3576,props,stepStones,-13629.7,55929.4,1929.5,62.09,0.438
R3577,props,stepStones,-13598.4,56029,1929.8,56.52,0.464
R3578,props,stepStones,-13574.2,56131.2,1934.6,60.68,0.424
R3579,props,stepStones,-10955.3,54886.5,1920.2,74.88,0.441
R3580,props,stepStones,-10940.5,54987.4,1920.7,96.21,0.433
R3581,props,stepStones,-10937.1,55088.6,1920.4,69.66,0.455
R3582,props,stepStones,-10932.1,55189.8,1921.2,85.45,0.43
R3583,props,stepStones,-10945.3,55291.6,1921.5,97.96,0.453
R3584,props,stepStones,-10927.4,55392.3,1924.2,90.03,0.415
R3585,props,stepStones,-10925.2,55493.5,1927.1,74.36,0.485
R3586,props,stepStones,-10940.2,55595.4,1930.7,78.77,0.487
R3587,props,stepStones,-10920.5,55696.1,1939.2,78.42,0.427
R3588,props,stepStones,-10932.8,55797.8,1943.5,84.54,0.469
R3589,props,stepStones,-12903,57725.1,1940.8,94.93,0.486
R3590,props,stepStones,-12874.7,57825.4,1946.2,92.59,0.447
R3591,props,stepStones,-12845.5,57925.4,1947.2,59.31,0.486
R3592,props,stepStones,-12817.1,58025.7,1948.6,62.23,0.469
R3593,props,stepStones,-12799,58128.5,1948.4,63.22,0.435
R3594,props,stepStones,-12763.2,58226.9,1946.2,86.18,0.463
R3595,props,stepStones,-12748.8,58330.6,1945.9,79.05,0.426
R3596,props,stepStones,-12714.6,58429.4,1943.6,71.49,0.481
R3597,props,stepStones,-12699.7,58533,1946.2,80.17,0.404
R3598,props,stepStones,-12663.6,58631.3,1945.8,81.4,0.442
R3599,props,stepStones,-9998.9,57481.2,1948.1,84.2,0.474
R3600,props,stepStones,-10009.6,57585.5,1952.7,98.66,0.485
R3601,props,stepStones,-9997.4,57691.2,1955.3,87.88,0.481
R3602,props,stepStones,-10010.5,57795.4,1958.9,102.5,0.41
R3603,props,stepStones,-10012.5,57900.3,1955.2,81.52,0.488
R3604,props,stepStones,-10014.2,58005.1,1953.5,98.74,0.462
R3605,props,stepStones,-10032.9,58109,1947.1,92.15,0.492
R3606,props,stepStones,-10042.6,58213.4,1942,79.16,0.473
R3607,props,stepStones,-10038.8,58318.6,1937.9,75.92,0.441
R3608,props,stepStones,-10054.2,58422.7,1933.2,88.4,0.427
R3609,props,stepStones,-14844.5,57937.6,1930,52.5,0.448
R3610,props,stepStones,-14795.9,58023.9,1927.6,47.82,0.46
R3611,props,stepStones,-14740.2,58106.6,1927.3,74.43,0.407
R3612,props,stepStones,-14696.3,58195.3,1923.6,69.92,0.5
R3613,props,stepStones,-14659.1,58287.3,1925.2,79.49,0.452
R3614,props,stepStones,-14621.8,58379.3,1925.6,46.09,0.473
R3615,props,stepStones,-14571.2,58464.6,1927.5,54.98,0.465
R3616,props,stepStones,-14530.5,58554.9,1930.8,76.57,0.421
R3617,props,stepStones,-14469.2,58634.8,1931.9,44.29,0.494
R3618,props,roofTiles,-35750,26280.2,1573.9,0,1
R3619,props,roofTiles,-35521.6,21649.5,1561.6,-2.86,1
R3620,props,roofTiles,-38372.4,28820.7,1576.4,-5.73,1
R3621,props,roofTiles,-28283.8,27981.6,1539.9,-162.81,1
R3622,props,roofTiles,34220,17440,1718.9,162.81,1
R3623,props,roofTiles,34040,17460,1723,191.46,1
R3624,props,roofTiles,-13385.8,54774.8,1928.9,-11.46,1
R3625,props,roofTiles,-10351.9,54534.3,1935.2,5.73,1
R3626,props,roofTiles,-12344,57230.6,1943.7,-5.73,1
R3627,props,roofTiles,-14388.7,57349.6,1949.7,-17.19,1
R3628,food,plate_dark,1561.6,6450,1581.7,90,1.1
R3629,food,plate_dark,1638.4,6450,1581.7,90,1.1
R3630,food,plate_dark,2361.6,6450,1592.6,90,1.1
R3631,food,plate_dark,2438.4,6450,1592.6,90,1.1
R3632,food,plate_dark,37850,19238.4,1807.9,0,1.1
R3633,food,plate_dark,37850,19161.6,1807.9,0,1.1
R3634,food,meat,1561.6,6450,1583.7,-159.78,0.9
R3635,food,meat,2361.6,6450,1594.6,2.04,0.9
R3636,food,meat,11995,12330,1624.6,-264.66,1
R3637,food,meat,12799.2,12290,1701.9,-89.02,1
R3638,food,meat,31905,18570,1800,-167.51,1
R3639,food,meat,1638.4,6450,1583.7,49.92,0.9
R3640,food,meat,12205,12330,1624.6,-387.82,1
R3641,food,meat,31695,18570,1800,-262.71,1
R3642,food,bread,1600,6434,1581.7,-189.85,1
R3643,food,bread,10386.4,10739.7,1557.3,-39.27,1.008
R3644,food,bread,10492.8,10753.3,1555.5,-197.15,0.9
R3645,food,bread,10485.4,10742.4,1562.7,35.95,1.036
R3646,food,bread,10617.3,10748.7,1560.9,-145.29,1.058
R3647,food,bread,11160.1,10749.8,1555.1,-20.72,1.093
R3648,food,bread,11278,10745,1553.3,25.26,1.003
R3649,food,bread,11295.9,10750.1,1560.5,-113.11,0.901
R3650,food,bread,11417.6,10748.3,1558.7,-113.86,1.04
R3651,food,grapes,1600,6466,1581.7,-265.65,1
R3652,food,grapes,9002.3,12321,1612.4,-281.39,1.078
R3653,food,grapes,9001.7,12326.2,1618.4,-216.7,1.093
R3654,food,grapes,8799.8,12335.9,1615.4,-105.9,0.931
R3655,food,grapes,9796.1,12338.5,1618.8,-110.8,0.984
R3656,food,grapes,9810.5,12322.3,1624.8,-447.27,1.048
R3657,food,grapes,9601.4,12324.3,1621.8,-419.33,1.097
R3658,food,bowl,1542.4,6422.8,1581.7,-115.78,0.8
R3659,food,bowl,1657.6,6422.8,1581.7,33.33,0.8
R3660,food,bowl,1542.4,6477.2,1581.7,61.89,0.8
R3661,food,bowl,1657.6,6477.2,1581.7,3.28,0.8
R3662,food,bowl,2342.4,6422.8,1592.6,-177.53,0.8
R3663,food,bowl,2457.6,6422.8,1592.6,74.78,0.8
R3664,food,bowl,2342.4,6477.2,1592.6,-19.72,0.8
R3665,food,bowl,2457.6,6477.2,1592.6,-97.33,0.8
R3666,food,bowl,37122.8,19257.6,1782.8,-138.53,0.8
R3667,food,bowl,37122.8,19142.4,1782.8,-103.31,0.8
R3668,food,bowl,37177.2,19257.6,1782.8,-69.01,0.8
R3669,food,bowl,37177.2,19142.4,1782.8,-308.56,0.8
R3670,food,bowl,37822.8,19257.6,1807.9,-63.52,0.8
R3671,food,bowl,37822.8,19142.4,1807.9,-229.94,0.8
R3672,food,bowl,37877.2,19257.6,1807.9,-215.77,0.8
R3673,food,bowl,37877.2,19142.4,1807.9,-80.15,0.8
R3674,props,cup,1558.4,6422.8,1581.7,-94.04,1
R3675,props,cup,1641.6,6422.8,1581.7,63.07,1
R3676,props,cup,1558.4,6477.2,1581.7,-159.47,1
R3677,props,cup,1641.6,6477.2,1581.7,82.09,1
R3678,props,cup,2358.4,6422.8,1592.6,-97.9,1
R3679,props,cup,2441.6,6422.8,1592.6,-100.46,1
R3680,props,cup,2358.4,6477.2,1592.6,-124.23,1
R3681,props,cup,2441.6,6477.2,1592.6,49.12,1
R3682,props,cup,37122.8,19241.6,1782.8,-215.03,1
R3683,props,cup,37122.8,19158.4,1782.8,-153.8,1
R3684,props,cup,37177.2,19241.6,1782.8,-261.82,1
R3685,props,cup,37177.2,19158.4,1782.8,-149.67,1
R3686,props,cup,37822.8,19241.6,1807.9,-344.85,1
R3687,props,cup,37822.8,19158.4,1807.9,-178.58,1
R3688,props,cup,37877.2,19241.6,1807.9,-286.04,1
R3689,props,cup,37877.2,19158.4,1807.9,-267.96,1
R3690,food,knife,1612.8,6478.8,1581.7,15.52,1
R3691,food,knife,2412.8,6478.8,1592.6,15.52,1
R3692,food,knife,12065,12358,1625.6,-107.19,1
R3693,food,knife,12865,12358,1602.3,-107.19,1
R3694,food,knife,31875,18542,1801,72.81,1
R3695,food,knife,37178.8,19187.2,1782.8,-74.48,1
R3696,food,knife,37878.8,19187.2,1807.9,-74.48,1
R3697,food,joint,2438.4,6450,1594.6,-232.95,0.9
R3698,food,joint,10532.9,10670.2,1610.6,45.81,1
R3699,food,joint,11339.7,10672.6,1608.4,-75.07,1
R3700,food,joint,37850,19238.4,1809.9,-358.77,0.9
R3701,food,bread,2400,6434,1592.6,32.79,1
R3702,food,bread,10366.8,10724.8,1555.5,-232.97,1.052
R3703,food,bread,10361.3,10749.2,1562.7,-229.84,0.964
R3704,food,bread,10491.3,10744.6,1560.9,-259.39,1.061
R3705,food,bread,10608.1,10740.8,1559.1,14.69,1.072
R3706,food,bread,11166.8,10731.9,1553.3,-230.52,1.086
R3707,food,bread,11164.5,10748.6,1560.5,-206.87,1.047
R3708,food,bread,11305.5,10751.9,1558.7,-117.97,0.998
R3709,food,bread,11413.9,10742,1556.9,-75.28,0.925
R3710,food,bread,37834,19200,1807.9,-71.23,1
R3711,food,grapes,2400,6466,1592.6,-250.8,1
R3712,food,grapes,8995.3,12329.2,1615.4,-172.57,1
R3713,food,grapes,8788.7,12328.1,1612.4,-411.07,0.951
R3714,food,grapes,8794.1,12339.5,1618.4,-271.72,0.992
R3715,food,grapes,9813.2,12329.7,1621.8,-382.39,1.068
R3716,food,grapes,9599.6,12321,1618.8,-395.7,1.056
R3717,food,grapes,9594.3,12335,1624.8,-304.33,0.95
R3718,food,grapes,37866,19200,1807.9,-211.67,1
R3719,food,apple,8799.2,10670.3,1620.5,-261.51,1.04
R3720,food,apple,8799.1,10676,1623.5,-107.14,1.052
R3721,food,apple,8792.6,10662,1626.5,-28.97,0.971
R3722,food,apple,8939.9,10679.5,1620.5,-89.55,1.046
R3723,food,apple,8934.9,10678.1,1623.5,-81.62,1.066
R3724,food,apple,8927.8,10664.1,1626.5,-48.1,0.959
R3725,food,apple,8780.5,10735,1554.6,-96.36,0.914
R3726,food,apple,8781.3,10728.9,1556.9,64.9,1.014
R3727,food,apple,8784.7,10755.3,1559.1,-125.25,1.035
R3728,food,apple,8787.1,10744.6,1561.4,-184.41,0.989
R3729,food,apple,8999.6,10730.2,1554.6,35.95,0.951
R3730,food,apple,9022.2,10745,1556.9,88.48,1.095
R3731,food,apple,9014.1,10749.9,1559.1,-246.22,1.078
R3732,food,apple,8997.7,10742.5,1561.4,-264.71,1.092
R3733,food,apple,9594.9,10669.2,1646.1,-133.37,1.098
R3734,food,apple,9591.7,10659.1,1649.1,-136.65,0.988
R3735,food,apple,9590.6,10669,1652.1,-143.45,0.961
R3736,food,apple,9747.3,10669.8,1646.1,-5.87,1.098
R3737,food,apple,9735.7,10672,1649.1,76.03,1.014
R3738,food,apple,9739.1,10673.9,1652.1,-111.18,0.934
R3739,food,apple,9588.7,10732.4,1580.2,-88.68,0.95
R3740,food,apple,9583.4,10735.1,1582.5,-83.35,0.952
R3741,food,apple,9575.6,10752.9,1584.7,-23,0.951
R3742,food,apple,9595.2,10746.1,1587,8.43,1.05
R3743,food,apple,9813.6,10741.9,1580.2,-201.47,1.087
R3744,food,apple,9803.3,10743.2,1582.5,-11.74,0.902
R3745,food,apple,9810.2,10747.5,1584.7,59.5,1.014
R3746,food,apple,9814,10737.6,1587,46.34,1.079
R3747,food,apple,8787.4,10671.6,1621.3,-109.1,1.046
R3748,food,apple,8785.6,10666.7,1624.3,-154.71,1.093
R3749,food,apple,8799.5,10667.3,1627.3,21.5,1.026
R3750,food,apple,8938.5,10657,1621.3,-197.9,1.006
R3751,food,apple,8927.1,10667.4,1624.3,-31.82,1.007
R3752,food,apple,8934,10661,1627.3,-24.21,0.952
R3753,food,apple,8785.7,10737,1555.2,-176.68,0.934
R3754,food,apple,8792,10740.7,1557.5,34.15,0.957
R3755,food,apple,8784.8,10756.9,1559.7,-96.93,0.988
R3756,food,apple,8785.7,10754.8,1562,-269.71,1.007
R3757,food,apple,9010.4,10742.8,1555.2,-178.83,1.004
R3758,food,apple,8998.9,10738.3,1557.5,-187.13,0.955
R3759,food,apple,9008.3,10743.7,1559.7,19.23,0.941
R3760,food,apple,9011.1,10736.2,1562,-246.99,1.039
R3761,food,apple,9608.4,10675.6,1646.9,-21.44,1.024
R3762,food,apple,9599.3,10663.4,1649.9,-163.77,1.084
R3763,food,apple,9591.7,10677.2,1652.9,61.63,0.983
R3764,food,apple,9739.6,10660.1,1646.9,-243.77,0.99
R3765,food,apple,9738.8,10665.5,1649.9,-152.46,1.046
R3766,food,apple,9737.1,10666.5,1652.9,-199.82,0.946
R3767,food,apple,9584.1,10750.7,1580.8,75.46,1.079
R3768,food,apple,9588,10737.3,1583,-240.44,0.954
R3769,food,apple,9590.3,10748.3,1585.3,32.68,1.005
R3770,food,apple,9583.4,10753.1,1587.5,33.86,1.006
R3771,food,apple,9800.4,10732.4,1580.8,-78.64,0.938
R3772,food,apple,9798.5,10739.8,1583,-29.47,0.925
R3773,food,apple,9803.6,10747.7,1585.3,-93.71,0.976
R3774,food,apple,9802.7,10735.5,1587.5,-208.24,0.929
R3775,food,apple,8796,10659.2,1622,19.07,0.974
R3776,food,apple,8796.1,10667.9,1625,27.05,0.971
R3777,food,apple,8791.8,10662.6,1628,-107.13,1.065
R3778,food,apple,8927.4,10666.9,1622,-99.72,1.055
R3779,food,apple,8924.5,10664.9,1625,-212.61,0.999
R3780,food,apple,8941.7,10666.7,1628,-208.21,1.093
R3781,food,apple,8786.7,10742.7,1555.8,77.97,1.088
R3782,food,apple,8791,10731.4,1558,-188.34,1.042
R3783,food,apple,8791.1,10751.9,1560.3,-104.38,1.032
R3784,food,apple,8780.1,10745.5,1562.5,74.61,1.04
R3785,food,apple,9011.7,10755.1,1555.8,-162.06,1.029
R3786,food,apple,9008.3,10733.1,1558,-175.74,0.976
R3787,food,apple,9012.2,10752.3,1560.3,-43,0.902
R3788,food,apple,9004.2,10753.4,1562.5,-32.6,1.052
R3789,food,apple,9599.6,10661.1,1647.6,14.69,0.939
R3790,food,apple,9604.5,10668.8,1650.6,-21.5,0.916
R3791,food,apple,9599.4,10671.5,1653.6,-205.22,0.964
R3792,food,apple,9724.1,10661.5,1647.6,-181.75,0.956
R3793,food,apple,9731.1,10677.7,1650.6,0.34,0.923
R3794,food,apple,9732.7,10677.5,1653.6,72.14,0.925
R3795,food,apple,9585.7,10730.9,1581.4,-127.84,1.095
R3796,food,apple,9598.9,10744.7,1583.6,-53.14,0.99
R3797,food,apple,9587.7,10738.7,1585.9,42.24,0.906
R3798,food,apple,9584.9,10742.6,1588.1,-256.92,1.031
R3799,food,apple,9801.4,10745.8,1581.4,-71.83,0.925
R3800,food,apple,9813.5,10742.4,1583.6,37.93,1.035
R3801,food,apple,9818.6,10745.1,1585.9,78.46,1.011
R3802,food,apple,9801,10752.5,1588.1,-135.34,0.933
R3803,food,apple,8790.9,10683.5,1622.8,0.93,1.076
R3804,food,apple,8803.1,10675,1625.8,-42.76,0.985
R3805,food,apple,8799.1,10673.7,1628.8,-143.58,1.078
R3806,food,apple,8941,10658.5,1622.8,-188.74,0.986
R3807,food,apple,8942.4,10666.6,1625.8,-146.53,0.932
R3808,food,apple,8933.9,10675.4,1628.8,-50.72,1.043
R3809,food,apple,8770.3,10737.8,1556.3,28.59,1.004
R3810,food,apple,8780.4,10732.7,1558.6,-21.06,0.981
R3811,food,apple,8773.7,10750.9,1560.8,-166.31,1.002
R3812,food,apple,8790.6,10745.3,1563.1,-149.25,0.962
R3813,food,apple,9000.4,10761.7,1556.3,55.96,0.93
R3814,food,apple,9016.2,10748.8,1558.6,9,1.052
R3815,food,apple,9001.1,10748,1560.8,74.51,0.988
R3816,food,apple,9003.2,10742.9,1563.1,-75.04,1.033
R3817,food,apple,9602,10660.1,1648.4,-90.95,1.034
R3818,food,apple,9594.7,10669.9,1651.4,-177.34,0.942
R3819,food,apple,9596.1,10666.8,1654.4,-97.34,1.08
R3820,food,apple,9724.9,10669.4,1648.4,5.25,0.957
R3821,food,apple,9739.8,10678.6,1651.4,-72.3,1.045
R3822,food,apple,9734.3,10677.2,1654.4,-51.81,0.996
R3823,food,apple,9568.2,10737.1,1581.9,-192.44,1.083
R3824,food,apple,9581.3,10757.2,1584.2,-218.51,0.956
R3825,food,apple,9584.1,10743.2,1586.4,0.44,0.969
R3826,food,apple,9581.7,10744.8,1588.7,10.89,1.07
R3827,food,apple,9806,10753.6,1581.9,-58.38,1.022
R3828,food,apple,9804.6,10735.4,1584.2,-261.36,1.017
R3829,food,apple,9796.2,10745.1,1586.4,-236.92,1.081
R3830,food,apple,9804.4,10743.8,1588.7,8.75,0.969
R3831,food,pear,8851.3,10660.8,1620.5,-258.13,1.01
R3832,food,pear,8852.2,10665.1,1622,-64.72,1.028
R3833,food,pear,8863.9,10668.8,1623.5,-132.69,1.019
R3834,food,pear,8872.5,10679,1625,-92.4,1.013
R3835,food,pear,8858.3,10664.5,1626.5,-253.77,0.998
R3836,food,pear,8866.8,10673.8,1628,-67.95,0.996
R3837,food,pear,9003,10656.9,1620.5,-123.8,0.954
R3838,food,pear,9010.7,10668.3,1622,53.39,0.957
R3839,food,pear,9014.9,10665,1623.5,-196.34,0.967
R3840,food,pear,9010.2,10666.8,1625,-122.04,0.952
R3841,food,pear,9007,10661.9,1626.5,-7.85,1
R3842,food,pear,9005.8,10668.6,1628,24.5,1.043
R3843,food,pear,9025.7,12266,1545.6,-331.79,1.023
R3844,food,pear,9026.3,12265.5,1546.7,-251.88,0.936
R3845,food,pear,9048.1,12256.4,1547.9,-113.23,0.94
R3846,food,pear,9023,12260.5,1549,-311.36,1.024
R3847,food,pear,9032.5,12256.4,1550.1,-156.4,0.912
R3848,food,pear,9035.4,12255.3,1551.2,-149.85,0.927
R3849,food,pear,9037.8,12262.8,1552.4,-341.91,1.027
R3850,food,pear,9030.7,12252.8,1553.5,-398.67,0.924
R3851,food,pear,8800.5,12256.1,1545.6,-425.96,0.967
R3852,food,pear,8785.7,12253.8,1546.7,-325.78,0.992
R3853,food,pear,8795.2,12252.1,1547.9,-170.36,1.054
R3854,food,pear,8782,12264.3,1549,-189.3,1.061
R3855,food,pear,8796.3,12248.2,1550.1,-138.65,0.986
R3856,food,pear,8788.6,12251,1551.2,-153.84,0.947
R3857,food,pear,8786.9,12247.7,1552.4,-430.83,0.914
R3858,food,pear,8788.5,12259.6,1553.5,-238.29,0.948
R3859,food,pear,9658.6,10679.9,1646.1,-166.31,1.091
R3860,food,pear,9671.6,10658.6,1647.6,41.32,0.978
R3861,food,pear,9671.3,10663.2,1649.1,-89.97,0.929
R3862,food,pear,9658.9,10674,1650.6,-2.57,0.927
R3863,food,pear,9663.3,10676.6,1652.1,41.69,1.059
R3864,food,pear,9660.1,10668.8,1653.6,-70.78,0.97
R3865,food,pear,9814.2,10676.7,1646.1,7.5,0.932
R3866,food,pear,9806.3,10665.4,1647.6,-172.85,0.904
R3867,food,pear,9801.4,10675.3,1649.1,-237.95,0.95
R3868,food,pear,9805.2,10661.1,1650.6,-222.66,0.946
R3869,food,pear,9803,10665.3,1652.1,1.13,1.043
R3870,food,pear,9804.9,10665.1,1653.6,-196.42,1.087
R3871,food,pear,9822.1,12239.7,1551.9,-175.73,0.973
R3872,food,pear,9822.7,12240,1553,-377.28,1.072
R3873,food,pear,9825.1,12255.4,1554.2,-385.52,0.924
R3874,food,pear,9829.4,12247.1,1555.3,-387.01,0.989
R3875,food,pear,9833.5,12263.7,1556.4,-259.57,1.064
R3876,food,pear,9834.5,12246,1557.5,-118.49,1.044
R3877,food,pear,9835.9,12249.6,1558.7,-390.34,0.908
R3878,food,pear,9834.9,12256.8,1559.8,-361.93,1.081
R3879,food,pear,9572.9,12250.8,1551.9,-146.48,1.075
R3880,food,pear,9602.5,12249.2,1553,-434.89,0.92
R3881,food,pear,9577.1,12261.6,1554.2,-429.74,0.974
R3882,food,pear,9595.1,12240.6,1555.3,-429.59,1.024
R3883,food,pear,9592.5,12259.4,1556.4,-306.17,1.065
R3884,food,pear,9603.5,12253.5,1557.5,-378.21,1.012
R3885,food,pear,9588.4,12264.3,1558.7,-101.03,0.975
R3886,food,pear,9583.6,12256.6,1559.8,-300.26,0.921
R3887,food,pear,8855.9,10669.1,1621.3,-170.61,1.01
R3888,food,pear,8862.3,10676.4,1622.8,86.65,0.905
R3889,food,pear,8862.8,10682.3,1624.3,-143.87,1.061
R3890,food,pear,8867.4,10679.6,1625.8,-220.01,1.047
R3891,food,pear,8867.4,10661.8,1627.3,21.66,1.011
R3892,food,pear,8865.5,10671,1628.8,51.42,1.075
R3893,food,pear,9013.7,10680.4,1621.3,-76.92,1.012
R3894,food,pear,9016.2,10662.9,1622.8,-100.74,1.082
R3895,food,pear,9005.4,10669.5,1624.3,29.74,1.051
R3896,food,pear,9011.8,10672.6,1625.8,-262.44,0.916
R3897,food,pear,8998.7,10672.6,1627.3,29.55,1.054
R3898,food,pear,9008.2,10664.9,1628.8,-26.01,0.919
R3899,food,pear,9019.8,12259.1,1545,-102.29,0.917
R3900,food,pear,9039.4,12266.2,1546.2,-323.1,0.949
R3901,food,pear,9029.4,12247.4,1547.3,-425.67,1.086
R3902,food,pear,9033.9,12267.9,1548.4,-124.8,0.948
R3903,food,pear,9041.2,12257,1549.5,-215.82,1.086
R3904,food,pear,9033.9,12252.2,1550.7,-317.01,1.079
R3905,food,pear,9028.3,12260.9,1551.8,-289.11,0.932
R3906,food,pear,9033.2,12248.1,1552.9,-255.04,1.069
R3907,food,pear,8789.9,12260.8,1545,-273.62,1.012
R3908,food,pear,8809.1,12248.7,1546.2,-375.72,0.975
R3909,food,pear,8779.9,12255.9,1547.3,-375.25,1.042
R3910,food,pear,8795.6,12240.5,1548.4,-226.95,1.026
R3911,food,pear,8785.5,12254.7,1549.5,-209.74,0.972
R3912,food,pear,8787.3,12249.9,1550.7,-270.28,1.089
R3913,food,pear,8789.7,12263.7,1551.8,-387.2,0.927
R3914,food,pear,8800.9,12251.6,1552.9,-170.04,1.057
R3915,food,pear,9670.2,10681.8,1646.9,-141.74,0.93
R3916,food,pear,9656.4,10672.4,1648.4,-34.87,0.943
R3917,food,pear,9667.9,10665,1649.9,-242.72,1.046
R3918,food,pear,9671.6,10669.3,1651.4,-75.96,1.025
R3919,food,pear,9661,10675.4,1652.9,-226.36,0.921
R3920,food,pear,9667.6,10675.7,1654.4,-148.88,0.935
R3921,food,pear,9793.6,10671.1,1646.9,-154.6,1.056
R3922,food,pear,9803.7,10679.9,1648.4,-220.55,0.916
R3923,food,pear,9793.4,10673.7,1649.9,68.48,1.033
R3924,food,pear,9806.6,10672.8,1651.4,-46.61,1.003
R3925,food,pear,9797.2,10671.7,1652.9,-221.39,0.946
R3926,food,pear,9804.4,10676.2,1654.4,-54.87,0.92
R3927,food,pear,9815.1,12253.9,1551.4,-132.97,0.961
R3928,food,pear,9833.4,12262.9,1552.5,-149,0.969
R3929,food,pear,9843,12244.2,1553.6,-245.52,1.066
R3930,food,pear,9837,12257.3,1554.7,-147.06,1.073
R3931,food,pear,9829.9,12243.2,1555.9,-218.85,1.078
R3932,food,pear,9831.9,12262.5,1557,-242.57,0.912
R3933,food,pear,9830.8,12266.2,1558.1,-363.59,0.992
R3934,food,pear,9832.8,12263.8,1559.2,-347.89,1.037
R3935,food,pear,9582.7,12254.7,1551.4,-361.97,1.071
R3936,food,pear,9587.6,12248.6,1552.5,-261.27,0.981
R3937,food,pear,9605.1,12261.1,1553.6,-328.96,1.088
R3938,food,pear,9584.9,12265.7,1554.7,-112.83,1.054
R3939,food,pear,9590.1,12250.6,1555.9,-168.69,0.98
R3940,food,pear,9586.9,12258.2,1557,-323.52,1.094
R3941,food,pear,9597.6,12259.9,1558.1,-277.71,0.925
R3942,food,pear,9593.3,12261.3,1559.2,-92.93,1.024
R3943,food,melon,8903.7,10760,1554.6,-160.12,0.96
R3944,food,melon,8917.7,10754,1556.9,-73.15,1.034
R3945,food,melon,8896.5,10739.1,1559.1,-99.64,1.051
R3946,food,melon,8900.3,10739.5,1561.4,-184.78,1.044
R3947,food,melon,8901.8,12266.2,1545,-321.68,1.034
R3948,food,melon,8902.4,12263.9,1547.3,-316.73,0.943
R3949,food,melon,8914.6,12258,1549.5,-264.02,0.982
R3950,food,melon,8912.7,12252.4,1551.8,-309.15,0.913
R3951,food,melon,9714.1,10730.9,1580.2,-226.25,0.907
R3952,food,melon,9705.5,10742.1,1582.5,-43.36,0.989
R3953,food,melon,9714.6,10746.8,1584.7,-68.5,0.911
R3954,food,melon,9712.3,10748.4,1587,-107.53,1.087
R3955,food,melon,9704.6,12267.7,1551.4,-232.16,0.967
R3956,food,melon,9700.8,12254.7,1553.6,-209.96,1.02
R3957,food,melon,9693.5,12266.6,1555.9,-120.03,0.921
R3958,food,melon,9704.2,12253.8,1558.1,-203.89,1.061
R3959,food,plate_wood,10395,10670,1608.6,90,1
R3960,food,plate_wood,10465,10670,1608.6,90,1
R3961,food,plate_wood,10535,10670,1608.6,90,1
R3962,food,plate_wood,10605,10670,1608.6,90,1
R3963,food,plate_wood,11195,10670,1606.4,90,1
R3964,food,plate_wood,11265,10670,1606.4,90,1
R3965,food,plate_wood,11335,10670,1606.4,90,1
R3966,food,plate_wood,11405,10670,1606.4,90,1
R3967,food,fowl,10397.6,10674.2,1610.6,66.23,1
R3968,food,fowl,11190.4,10669.9,1608.4,-8.59,1
R3969,food,bread,10468.6,10673.8,1610.6,-32.73,1
R3970,food,bread,10382.8,10750.4,1559.1,-167.87,0.944
R3971,food,bread,10507.8,10743.5,1557.3,-145.88,0.919
R3972,food,bread,10620.2,10745.8,1555.5,36.22,1.003
R3973,food,bread,10608.8,10736.9,1562.7,-260.65,0.927
R3974,food,bread,11269.5,10672.9,1608.4,-96.95,1
R3975,food,bread,11167.4,10738,1556.9,-34.09,1.032
R3976,food,bread,11300.3,10747.6,1555.1,50.69,1.007
R3977,food,bread,11407.7,10752.9,1553.3,-185.48,1.043
R3978,food,bread,11410.5,10742.3,1560.5,67.67,0.997
R3979,food,bread,10464.3,10666,1612.6,-254.08,1
R3980,food,bread,10364.1,10739.6,1560.9,-49.73,1.048
R3981,food,bread,10496.9,10755.1,1559.1,-229.01,0.969
R3982,food,bread,10622.9,10759.3,1557.3,61.6,0.993
R3983,food,bread,11259.3,10671.6,1610.4,-174.9,1
R3984,food,bread,11174.9,10735.3,1558.7,-15.83,0.989
R3985,food,bread,11304.4,10745.3,1556.9,-83.29,1.063
R3986,food,bread,11430,10739.7,1555.1,-112.39,1.092
R3987,food,bun,10607.2,10669.5,1610.6,-80.21,1
R3988,food,bun,10609.7,10665.3,1612.6,-151.91,1
R3989,food,bun,10610.5,10671.3,1614.6,-244.48,1
R3990,food,bun,10604.3,10667.2,1616.6,-135.43,1
R3991,food,bun,10605,10669.8,1618.6,-17.29,1
R3992,food,bun,11399.6,10666.8,1608.4,-21.69,1
R3993,food,bun,11401.1,10675.5,1610.4,-92.14,1
R3994,food,bun,11403.3,10673.5,1612.4,-193.3,1
R3995,food,bun,11405.7,10669.4,1614.4,-49.93,1
R3996,food,bun,11401.4,10669.8,1616.4,1.21,1
R3997,food,trough,12100,10670,1616.6,90,1
R3998,food,trough,12900,10670,1600.3,90,1
R3999,food,trough,37150,19200,1782.8,0,1.15
R4000,food,fish,11999.7,10665.5,1620.6,-10.39,1
R4001,food,fish,12000.2,10679.1,1623.6,1.68,1
R4002,food,fish,11997.4,10662.3,1626.6,-12.54,1
R4003,food,fish,12072.1,10681.7,1620.6,3.03,1
R4004,food,fish,12071.6,10666.2,1623.6,-5.57,1
R4005,food,fish,12062,10662,1626.6,10.46,1
R4006,food,fish,12137.5,10677.3,1620.6,-1.98,1
R4007,food,fish,12138.5,10679.2,1623.6,-11.55,1
R4008,food,fish,12132.7,10672.9,1626.6,14.43,1
R4009,food,fish,12202.8,10672.7,1620.6,12.15,1
R4010,food,fish,12197.4,10676.8,1623.6,-14.56,1
R4011,food,fish,12211.2,10659.5,1626.6,14,1
R4012,food,fish,11997.9,10751.2,1564,-129.04,0.952
R4013,food,fish,11998,10760.7,1565.5,-152.06,0.991
R4014,food,fish,12002.8,10737.8,1567,-162.59,0.974
R4015,food,fish,11992.5,10738,1568.5,-61.96,1.074
R4016,food,fish,11984.6,10747.4,1570,-72.36,1.093
R4017,food,fish,11986.1,10735.9,1571.5,9.33,1.071
R4018,food,fish,12102.3,10762,1564,10.73,1.025
R4019,food,fish,12095.6,10755.9,1565.5,-184.97,0.999
R4020,food,fish,12081.5,10738.2,1567,-49.81,0.921
R4021,food,fish,12091.4,10756.6,1568.5,11.74,1.094
R4022,food,fish,12081.4,10750.9,1570,-115.77,0.902
R4023,food,fish,12094.4,10739.2,1571.5,-260.98,0.971
R4024,food,fish,12208.6,10762.4,1564,45.01,1.096
R4025,food,fish,12220.2,10748.5,1565.5,72.39,0.931
R4026,food,fish,12212.2,10745.6,1567,-34.93,1.075
R4027,food,fish,12221.9,10733.8,1568.5,-72.64,1.099
R4028,food,fish,12218.1,10747.1,1570,-246.93,1.042
R4029,food,fish,12208.4,10748.2,1571.5,-19.89,0.923
R4030,food,fish,12792.5,10680.7,1604.3,8.02,1
R4031,food,fish,12789.4,10665.6,1607.3,-3.45,1
R4032,food,fish,12801.4,10667.2,1610.3,9.21,1
R4033,food,fish,12862.8,10669.6,1604.3,11.51,1
R4034,food,fish,12864.8,10677.1,1607.3,-16.21,1
R4035,food,fish,12860.1,10658.1,1610.3,10.89,1
R4036,food,fish,12928.7,10671.9,1604.3,18.9,1
R4037,food,fish,12937.1,10679.4,1607.3,6.82,1
R4038,food,fish,12935.5,10665.6,1610.3,16.04,1
R4039,food,fish,12997.9,10660.6,1604.3,-17.61,1
R4040,food,fish,13006.7,10668.4,1607.3,10.3,1
R4041,food,fish,12997.4,10673.8,1610.3,18.49,1
R4042,food,fish,12796.1,10762.2,1547.7,-105.67,0.954
R4043,food,fish,12801.8,10730.6,1549.2,-149.29,0.997
R4044,food,fish,12785.7,10735.2,1550.7,-42.11,0.954
R4045,food,fish,12782.4,10733.2,1552.2,-170.53,0.949
R4046,food,fish,12784.5,10742.7,1553.7,-178.74,0.966
R4047,food,fish,12795.7,10736.5,1555.2,-52.2,0.989
R4048,food,fish,12897.3,10738.4,1547.7,-6.48,1.069
R4049,food,fish,12879.2,10734.1,1549.2,-20.75,0.993
R4050,food,fish,12900.2,10754.2,1550.7,2.57,1.029
R4051,food,fish,12890,10732.6,1552.2,-134.08,1.03
R4052,food,fish,12897.2,10754.1,1553.7,-230.16,1.029
R4053,food,fish,12891.9,10750.2,1555.2,-197.64,1.093
R4054,food,fish,13022.3,10734.8,1547.7,-207.44,1.062
R4055,food,fish,13015.4,10730.4,1549.2,-128.45,0.993
R4056,food,fish,13020.5,10742.9,1550.7,-248.15,1.078
R4057,food,fish,13006.7,10744,1552.2,-230.17,1.092
R4058,food,fish,13009.8,10753.4,1553.7,-68.12,1.033
R4059,food,fish,13018.3,10751,1555.2,-56.11,1.022
R4060,food,walnut,8934.2,12322.3,1610.9,-349.09,1.013
R4061,food,walnut,8943.7,12340.3,1611.3,-174.74,0.933
R4062,food,walnut,8919.4,12331.5,1611.8,-359.47,0.974
R4063,food,walnut,8927.9,12321.5,1612.2,-222.44,1.077
R4064,food,walnut,8934.7,12330.9,1612.6,-343.43,0.955
R4065,food,walnut,8942.9,12339.7,1613,-425.53,1.045
R4066,food,walnut,8932.5,12327.1,1613.4,-355.02,0.941
R4067,food,walnut,8929.3,12330.2,1613.8,-246.33,0.986
R4068,food,walnut,8924.4,12328.1,1614.2,-402.19,0.995
R4069,food,walnut,8940.6,12324.9,1614.6,-401.28,1.003
R4070,food,walnut,8928.9,12324.3,1615,-447.43,0.924
R4071,food,walnut,8938.2,12324.4,1615.4,-401.02,0.969
R4072,food,walnut,8938.4,12320,1615.8,-429.21,0.94
R4073,food,walnut,8936.7,12329.3,1616.3,-202.43,1.049
R4074,food,walnut,8937.2,12328.2,1616.7,-174.51,0.99
R4075,food,walnut,8940.4,12334.3,1617.1,-103.4,1.079
R4076,food,walnut,8940.3,12331.5,1617.5,-300.37,0.992
R4077,food,walnut,8934.4,12335.5,1617.9,-338.05,1.084
R4078,food,walnut,8928.9,12330.4,1618.3,-430.4,0.967
R4079,food,walnut,8939.7,12334.5,1618.7,-357.58,0.968
R4080,food,walnut,8940.1,12326.7,1619.1,-274.24,1.031
R4081,food,walnut,8940.6,12332.7,1619.5,-345.01,1.017
R4082,food,walnut,9739.1,12336.8,1617.3,-198.08,1.002
R4083,food,walnut,9737.9,12328.3,1617.7,-341.52,1.048
R4084,food,walnut,9729.8,12343.1,1618.1,-305.02,1.012
R4085,food,walnut,9741.6,12340.5,1618.5,-394.86,1.013
R4086,food,walnut,9728.6,12332.2,1618.9,-134.51,1.008
R4087,food,walnut,9740.4,12322.5,1619.3,-431.89,1.093
R4088,food,walnut,9745.6,12322.7,1619.7,-423.62,0.97
R4089,food,walnut,9727.8,12328.5,1620.1,-318.11,1.01
R4090,food,walnut,9743.6,12324.5,1620.5,-387.77,1.045
R4091,food,walnut,9731,12331.9,1620.9,-268.84,0.972
R4092,food,walnut,9734.4,12339.6,1621.3,-188.23,1.035
R4093,food,walnut,9744.7,12329.5,1621.8,-250.53,1.03
R4094,food,walnut,9736.6,12326.5,1622.2,-299.78,0.944
R4095,food,walnut,9735.2,12339.8,1622.6,-251.56,0.913
R4096,food,walnut,9731.6,12339.4,1623,-333.01,1.037
R4097,food,walnut,9733.6,12334.3,1623.4,-259.77,1.072
R4098,food,walnut,9728,12324.5,1623.8,-138.75,1.09
R4099,food,walnut,9735.6,12324.5,1624.2,-283.21,0.967
R4100,food,walnut,9727.4,12327.6,1624.6,-173.07,0.96
R4101,food,walnut,9734.4,12331.4,1625,-373.3,1.044
R4102,food,walnut,9729.9,12331.9,1625.4,-147.34,1.088
R4103,food,walnut,9733.1,12330.8,1625.8,-293.63,1.054
R4104,food,hazelnut,8855.3,12327.7,1610.9,-409.78,0.976
R4105,food,hazelnut,8871.6,12316.5,1611.3,-257.97,0.927
R4106,food,hazelnut,8851.9,12327.2,1611.8,-155.17,1.041
R4107,food,hazelnut,8870.6,12332.6,1612.2,-175.14,0.904
R4108,food,hazelnut,8851.6,12329.5,1612.6,-289.99,1.095
R4109,food,hazelnut,8854,12333.4,1613,-271.01,0.955
R4110,food,hazelnut,8871.8,12328.6,1613.4,-311.61,0.975
R4111,food,hazelnut,8866.3,12328.2,1613.8,-272.65,1.035
R4112,food,hazelnut,8866.9,12335.1,1614.2,-423.48,0.949
R4113,food,hazelnut,8853.8,12324.2,1614.6,-274.71,1.052
R4114,food,hazelnut,8873.8,12322.6,1615,-207.42,0.9
R4115,food,hazelnut,8869.2,12326.3,1615.4,-100.67,0.941
R4116,food,hazelnut,8856,12330.7,1615.8,-107.55,0.98
R4117,food,hazelnut,8871.5,12331.6,1616.3,-194.18,1.053
R4118,food,hazelnut,8872.4,12324.4,1616.7,-335.04,1.048
R4119,food,hazelnut,8872.4,12324.1,1617.1,-217.93,0.978
R4120,food,hazelnut,8871.5,12323.2,1617.5,-130.81,1.077
R4121,food,hazelnut,8861.7,12327.6,1617.9,-111.94,1.048
R4122,food,hazelnut,8863.4,12333.9,1618.3,-176.58,0.914
R4123,food,hazelnut,8870.8,12332.8,1618.7,-270.5,1.088
R4124,food,hazelnut,8870.6,12328.2,1619.1,-413.19,1.058
R4125,food,hazelnut,8871.9,12328.4,1619.5,-101.49,1.022
R4126,food,hazelnut,9662.8,12339.9,1617.3,-133.99,0.984
R4127,food,hazelnut,9650.9,12322.3,1617.7,-132.24,0.979
R4128,food,hazelnut,9652,12325.7,1618.1,-383.94,0.924
R4129,food,hazelnut,9666,12328.9,1618.5,-190.41,1.019
R4130,food,hazelnut,9656.9,12317.7,1618.9,-392.83,0.935
R4131,food,hazelnut,9668.7,12329.2,1619.3,-302.39,0.931
R4132,food,hazelnut,9666.6,12325,1619.7,-351.94,0.963
R4133,food,hazelnut,9663.1,12330.4,1620.1,-409.94,1.051
R4134,food,hazelnut,9658.9,12333.4,1620.5,-230.73,0.924
R4135,food,hazelnut,9673.6,12333.1,1620.9,-331.27,0.948
R4136,food,hazelnut,9654.4,12327.9,1621.3,-356.19,1.066
R4137,food,hazelnut,9660.1,12321.7,1621.8,-340.41,0.93
R4138,food,hazelnut,9656.2,12326.5,1622.2,-420.56,0.962
R4139,food,hazelnut,9660.3,12332,1622.6,-293.33,0.948
R4140,food,hazelnut,9667.8,12324.1,1623,-424.59,0.914
R4141,food,hazelnut,9668.3,12328.8,1623.4,-116.25,1.092
R4142,food,hazelnut,9657,12325,1623.8,-158.58,0.975
R4143,food,hazelnut,9658.6,12330.4,1624.2,-414.12,1.045
R4144,food,hazelnut,9669.3,12333.8,1624.6,-309.66,1.023
R4145,food,hazelnut,9665.9,12329.5,1625,-159.89,0.975
R4146,food,hazelnut,9667.9,12323,1625.4,-411.14,1.092
R4147,food,hazelnut,9669.6,12331.8,1625.8,-281.15,0.905
R4148,food,meat,12135,12330,1624.6,-418.28,1
R4149,food,meat,13005,12330,1601.3,-425.29,1
R4150,food,meat,31760.1,18610,1900.7,103.69,1
R4151,food,joint,12065,12330,1624.6,-171.99,1
R4152,food,joint,12865,12330,1601.3,-233.14,1
R4153,food,sausage,12201.8,12290,1695.4,-110.36,1
R4154,food,sausage,12227.7,12241.7,1572,-438.3,0.926
R4155,food,sausage,12089,12255.2,1578,-266.17,0.989
R4156,food,sausage,12901.5,12290,1672.1,-103.54,1
R4157,food,sausage,13037.4,12245.8,1554.7,-232.13,0.903
R4158,food,sausage,12769.7,12248.1,1551.7,-241.84,0.935
R4159,food,sausage,31693.5,18639.1,1747.4,-118.52,0.912
R4160,food,sausage,31801.2,18639.8,1753.4,71.81,1.026
R4161,food,sausage,12154.4,12290,1695.4,-80.12,1
R4162,food,sausage,12231,12258,1575,-411.2,1.014
R4163,food,sausage,11986.6,12267.5,1572,-319.01,0.905
R4164,food,sausage,12846.7,12290,1672.1,-76.1,1
R4165,food,sausage,12906,12253.9,1548.7,-261.43,1.034
R4166,food,sausage,12767.7,12261,1554.7,-195.02,0.944
R4167,food,sausage,31795.4,18610,1870.8,81.98,1
R4168,food,sausage,31682,18644,1750.4,83.06,0.971
R4169,food,sausage,31927.3,18650.8,1747.4,-72.83,1.096
R4170,food,sausage,12103.2,12290,1695.4,-110.25,1
R4171,food,sausage,12235,12263.8,1578,-411.58,0.924
R4172,food,sausage,11960.3,12253,1575,-130.94,1.094
R4173,food,sausage,12898,12243.3,1551.7,-405.97,0.938
R4174,food,sausage,31832.2,18610,1870.8,80.35,1
R4175,food,sausage,31686.4,18636.5,1753.4,-210.83,1.059
R4176,food,sausage,31917.2,18650.5,1750.4,-175.77,0.965
R4177,food,meat,12052.5,12290,1725.3,-88.87,1
R4178,food,meat,12795,12330,1601.3,-240.37,1
R4179,food,meat,31693.8,18610,1900.7,70.73,1
R4180,food,sausage,11999.8,12290,1695.4,-87.46,1
R4181,food,sausage,12092.6,12253,1575,-267.72,1.044
R4182,food,sausage,12945.5,12290,1672.1,-112.46,1
R4183,food,sausage,13026.7,12260.1,1551.7,-239.8,1.002
R4184,food,sausage,12758.1,12254.4,1548.7,-101.27,0.968
R4185,food,sausage,31725.8,18610,1870.8,111.99,1
R4186,food,sausage,31911.3,18610,1870.8,105.62,1
R4187,food,sausage,31797.6,18646.8,1750.4,75.3,1.085
R4188,food,sausage,12085.5,12251.9,1572,-160.64,0.984
R4189,food,sausage,11976.1,12257.4,1578,-109.83,0.947
R4190,food,sausage,13003.4,12290,1672.1,-75.27,1
R4191,food,sausage,13022.4,12237.9,1548.7,-186.34,1.089
R4192,food,sausage,12875.7,12256.3,1554.7,-413.19,0.933
R4193,food,sausage,31871.1,18610,1870.8,90.65,1
R4194,food,sausage,31819.5,18636.4,1747.4,-249.32,1.095
R4195,food,sausage,31923.5,18638.9,1753.4,-86.99,0.94
R4196,food,meat,12935,12330,1601.3,-217.36,1
R4197,food,roast_pig,31800,18572,1800,89.59,0.95
R4198,food,roast_pig,37150,19200,1785.8,-2.89,0.95
R4199,food,fowl,37850,19161.6,1809.9,-266.05,0.9
R4200,spot,liuBeiHome,-33335,22371.1,1587.9,90,1
R4201,spot,playerHome,-36326,26779.8,1579,90,1
R4202,spot,mulberry,-32300,23900,1564.1,90,1
R4203,spot,villageWell,-34200,25450,1568.6,90,1
R4204,spot,shrine,-30200,26200,1581.8,90,1
R4205,spot,zhuoGate_north_out,6000,-2900,1532.1,90,1
R4206,spot,zhuoGate_north_in,6000,-1100,1509.2,90,1
R4207,spot,zhuoGate_south_out,6000,16900,1499.6,90,1
R4208,spot,zhuoGate_south_in,6000,15100,1533.9,90,1
R4209,spot,zhuoGate_west_out,-3100,7000,1521.1,90,1
R4210,spot,zhuoGate_west_in,-4900,7000,1507.8,90,1
R4211,spot,zhuoGate_east_out,15100,7000,1507.8,90,1
R4212,spot,zhuoGate_east_in,16900,7000,1525.5,90,1
R4213,spot,yamenHall,10500,1960,1525.1,90,1
R4214,spot,zhuoNotice,9300,5590,1537.5,-90,1
R4215,spot,tavernDoor,2000,6160,1540.1,90,1
R4216,spot,tavernTable,2400,6570,1523.1,90,1
R4217,spot,tavernTable2,1600,6570,1512.2,90,1
R4218,spot,garrisonYard,-200,900,1516,90,1
R4219,spot,market,10500,11500,1530.9,90,1
R4220,spot,stall0,8900,10540,1523.2,-90,1
R4221,spot,stall1,10500,10540,1528.9,-90,1
R4222,spot,stall2,12100,10540,1531.2,-90,1
R4223,spot,stall3,8900,12460,1506.5,-270,1
R4224,spot,stall4,10500,12460,1515.5,-270,1
R4225,spot,stall5,12100,12460,1541.5,-270,1
R4226,spot,stall6,9700,10540,1545.1,-90,1
R4227,spot,stall7,11300,10540,1521.3,-90,1
R4228,spot,stall8,12900,10540,1509.8,-90,1
R4229,spot,stall9,9700,12460,1517.4,-270,1
R4230,spot,stall10,11300,12460,1513.2,-270,1
R4231,spot,stall11,12900,12460,1513.8,-270,1
R4232,spot,smithy,13588,9615,1542.6,-90,1
R4233,spot,townCentre,6000,7000,1533.2,90,1
R4234,spot,zhuo_centre,6000,7000,1533.2,90,1
R4235,spot,zhuo_hall,10500,1960,1525.1,90,1
R4236,spot,zhangFeiHall,32700,16060,1699.9,90,1
R4237,spot,butcherStall,31800,18620,1714.8,-90,1
R4238,spot,oathAltar,37500,19020,1732.6,-90,1
R4239,spot,camp_gate_n,6000,22600,1682.2,90,1
R4240,spot,commandTent,6000,29050,1694,-90,1
R4241,spot,militia_command,6000,29050,1694,-90,1
R4242,spot,militia_centre,6000,27000,1697.4,90,1
R4243,spot,trainingGround,4000,28400,1694.1,90,1
R4244,spot,campFire,8200,28450,1711.8,90,1
R4245,spot,yt_gate_s,40000,-24400,2778.5,90,1
R4246,spot,yt_gate_n,40000,-35600,2774.5,90,1
R4247,spot,ytAltar,40000,-29450,2776.4,90,1
R4248,spot,ytFire,41400,-28700,2770.5,90,1
R4249,spot,banditWest_centre,-52000,-32700,2484.1,90,1
R4250,spot,banditSouth_centre,15000,54300,2249.8,90,1