Name,Species,X,Y,Z,Yaw,Scale
R0,mulberry,-32000,23400,1565.4,49.89,1
R1,shrub,-33737.6,21919.7,1590,-219.72,1.123
R2,shrub,-36600.6,25987.2,1593.5,89.79,1.149
R3,shrub,-36263,25888.8,1590.7,52.58,1.152
R4,shrub,-38590.3,21945.7,1605.7,-252.63,0.973
R5,shrub,-38409.3,23141,1570.9,-114.61,1.46
R6,shrub,-38537.6,23072.7,1574.6,-25.22,1.386
R7,shrub,-35783.7,21288.2,1581.5,-205.23,1.317
R8,shrub,-36444.4,22313,1581.5,-143.07,0.865
R9,shrub,-36368.6,22264.3,1581.3,66.5,0.914
R10,shrub,-35909.4,21256.4,1588.6,33.87,0.947
R11,shrub,-30795.4,21617.6,1594.3,-12.74,0.925
R12,shrub,-30768.6,20701.7,1577.6,-97.55,1.18
R13,shrub,-30310.1,20698.4,1579.2,-1.69,1.281
R14,shrub,-30754.9,20592.5,1583,76.77,1.183
R15,shrub,-30034.2,21059.8,1581.1,-48.08,1.308
R16,shrub,-39663.1,25468.2,1570.1,-58.03,1.212
R17,shrub,-39362.2,25381,1585.8,-238.28,1.414
R18,shrub,-39184.8,26487.8,1564.4,-161.54,1.162
R19,shrub,-39358.5,25389.4,1585.5,35.71,1.233
R20,shrub,-28843.4,23708.8,1590.8,-238.86,1.326
R21,shrub,-38882.3,28407.2,1595.9,-23.1,1.445
R22,shrub,-32919.6,28553.3,1573.9,-55.21,1.094
R23,shrub,-33536.8,28205.4,1580.5,5.15,1.042
R24,shrub,-32788,27369.7,1568.8,-38.57,1.227
R25,shrub,-30789.8,28689.7,1566.5,-90.3,0.955
R26,shrub,-30565.6,28094,1566.9,-15.66,0.944
R27,shrub,-29806.1,28968.7,1572.3,-223.59,1.317
R28,shrub,-29737.2,28174.3,1565.5,68.26,0.981
R29,shrub,-36042.1,29781,1588.9,-198.14,0.936
R30,shrub,-35325,30805,1594.1,-3.15,0.969
R31,shrub,-35063,29848.6,1579.7,-53.06,1.493
R32,shrub,-28347.2,27776.7,1551.4,88.71,1.41
R33,shrub,-27430,27586.1,1534.4,-48.03,1.201
R34,shrub,-27727.5,27430,1538.4,-106.64,1.447
R35,shrub,-41096.8,23566.8,1567,-0.31,1.269
R36,shrub,-40442,23527.3,1577.7,-132.65,1.363
R37,shrub,-32089.8,30590.9,1601.1,54.91,0.927
R38,shrub,-32089.1,30510.1,1598.7,86.7,1.499
R39,shrub,-31600.8,30269.3,1575.7,-115.93,1.411
R40,jujube,-33499.5,31220.1,1588.4,-258.77,0.911
R41,willow,-29621.9,25264.7,1592.3,-214.97,0.966
R42,elm,-39825.9,28643.2,1608.5,61.39,0.924
R43,elm,-32408.9,20774.4,1587.2,-9.45,0.91
R44,elm,-38620.6,25028.4,1572.7,-190.32,0.97
R45,elm,-29190.7,29533,1558,-232.82,0.989
R46,willow,-34440.2,28232.3,1594.4,39.8,0.849
R47,jujube,-28464.3,25763.3,1575.6,-221.56,1.085
R48,willow,-37070.6,20655.5,1575.1,-213.06,0.967
R49,willow,-39019.2,24757.5,1587.3,-260.28,0.948
R50,peach,-33023.8,26441.4,1584.2,-236,0.828
R51,jujube,-29045.2,26110.6,1601.7,-200.28,0.95
R52,willow,-35040.2,27379.7,1602.1,-25.17,0.809
R53,willow,-31678.5,21823.9,1570.1,-151.15,1.1
R54,elm,-37156.8,19220.9,1593.6,-166.1,0.912
R55,peach,-31537.2,28232.8,1596.6,-60.05,1.065
R56,willow,-33078,31099.5,1604.9,-6.17,0.862
R57,willow,14978.6,13989.6,1543,-232.39,0.85
R58,willow,1681.7,9609.6,1522.8,-104.48,0.887
R59,willow,9293,2374.4,1519.2,-206.31,0.995
R60,elm,14410.2,13455.7,1541.1,-136.99,0.851
R61,elm,1520.7,1767.7,1526,-89.37,0.958
R62,elm,11425.6,9533.4,1518.3,-244.59,0.886
R63,elm,11958.8,5160.6,1527.6,-16.53,0.918
R64,willow,3355.2,1486.2,1530.1,-65.64,0.909
R65,elm,196,11496.5,1512.1,-55.15,0.91
R66,willow,-602.3,709.5,1514.5,-1.21,0.97
R67,peach,35458.1,17146.1,1714.9,-215.23,1.15
R68,peach,35610,17613.1,1714.1,24.62,1.177
R69,peach,35543.5,18294.4,1732.9,-76.52,1.043
R70,peach,35654.8,18934.7,1728.8,-79.7,1.111
R71,peach,35667.6,19598.7,1704,-215.34,0.939
R72,peach,35541,20217.7,1712.5,-163.43,1.041
R73,peach,35579.9,20832.2,1712.7,-68.13,0.919
R74,peach,36202.3,17132.1,1689.4,0.78,0.926
R75,peach,36212.9,17764.2,1691.1,-156.18,1.003
R76,peach,36122.5,18310.7,1719.5,-7.41,0.98
R77,peach,36097.4,19026.2,1727.4,-144.97,1.09
R78,peach,36154.5,19741.7,1712.7,57.6,1.185
R79,peach,36086.7,20358.5,1709.5,-201.52,1.14
R80,peach,36228.7,21004,1715.2,-166.78,0.946
R81,peach,36937.4,17056.7,1711.7,-268.65,1.086
R82,peach,36952.4,17597.3,1723.3,-11.42,0.953
R83,peach,36732.3,20226.6,1699.1,41.56,1.057
R84,peach,36846.4,21031.4,1725,-183.4,1.058
R85,peach,37446.9,17018.8,1702.9,-101.02,1.095
R86,peach,37510.4,17672.3,1709.2,36.56,1.038
R87,peach,37518.4,20381,1717.2,-33.73,1.113
R88,peach,37528.8,21042.9,1737,-74.05,1.171
R89,peach,38060,17007.1,1713,-152.03,1.087
R90,peach,38100.6,17580.6,1697,-161.59,0.978
R91,peach,38143.4,20376,1727.2,-136.75,1.036
R92,peach,38214.1,20964.7,1746.6,-227.44,1.086
R93,peach,38764,17079.7,1720.5,-132.87,1.017
R94,peach,38816.7,17709.3,1695.3,-208.05,1.183
R95,peach,38749.3,18428.8,1710.4,-264.1,1.17
R96,peach,38798.9,19113.2,1752.4,-82.24,1.188
R97,peach,38879.2,19715.5,1752.3,-138.97,1.14
R98,peach,38890.3,20212.7,1745.5,-21.1,1.116
R99,peach,38748.9,20996.4,1764.2,56,1.017
R100,peach,39554.8,17101.9,1708.1,-55.32,1.115
R101,peach,39370.3,17680.4,1704.1,83.09,1.049
R102,peach,39410.5,18422.5,1738.2,-180.38,0.976
R103,peach,39539.6,19096.4,1757,-191.99,1.183
R104,peach,39472.3,19646.7,1753.5,-141.5,1.028
R105,peach,39502.4,20185.9,1734.7,-70.53,1.157
R106,peach,39453.9,20863.2,1739.3,-218.59,1.09
R107,jujube,-9568.5,55002.8,1944.1,-65.91,0.985
R108,willow,-12246.1,55304.6,1931.7,-81.26,0.838
R109,elm,-48425.7,-49275.3,4625.5,11.46,0.916
R110,poplar,-55893.5,-48175.2,7694.9,-204.2,0.962
R111,poplar,-62954.8,-47637.4,8215.1,24.83,1.162
R112,elm,-60785.9,-47216.6,6722,51.68,0.821
R113,pine,-57434.4,-47311.1,7965.4,-20.28,1.148
R114,pine,-63547.1,-46529.1,7765.9,-33.82,1.136
R115,poplar,-54800.9,-46767.2,5484.3,-74.78,0.916
R116,elm,-54474.2,-46602.4,5176,-179.22,1.05
R117,pine,-60951.1,-45976.5,6712.9,-194.84,0.857
R118,poplar,-57175.7,-46072,6792.1,77.58,1.19
R119,elm,-56749.9,-46151.1,6590.9,-121.22,1.088
R120,poplar,-50039.7,-46002.1,3446.9,-264.49,1.161
R121,elm,-45340.1,-46190.4,3518.1,32.42,0.87
R122,elm,-52129.8,-45312.7,4311.4,15.31,1.013
R123,pine,-50542.5,-45228.5,3466.3,-49.44,1.165
R124,elm,-45535.4,-45111.6,3295.4,-191.82,1.065
R125,pine,-44793.7,-45408.6,3325.3,-212.25,1.191
R126,pine,-43219.8,-45144.4,2867.2,-194.87,0.872
R127,elm,-61289.8,-44357.5,6574.6,71.33,0.94
R128,pine,-57859.5,-44494.2,5847.2,-83.9,0.938
R129,poplar,-56453.4,-44523,6075,-218.6,1.023
R130,pine,-52266.5,-44562.2,4464,-112.53,0.976
R131,pine,-44270.6,-44772.2,3089,29.62,1.163
R132,poplar,-61795.8,-43633.4,6449,-258.88,1.142
R133,poplar,-57181.6,-43664.5,5707.6,-153.76,1.177
R134,pine,-56225.1,-43985.3,6159.6,-4.18,1.105
R135,pine,-55031.9,-43956.6,5749.6,-149.18,0.873
R136,poplar,-54266.6,-43586.4,5234.8,1.36,0.952
R137,poplar,-50990.2,-43474.7,3772.7,-92.37,0.971
R138,poplar,-50427.4,-43595.1,3372.9,-66.16,1.145
R139,pine,-49922,-44024.4,3406.9,73.16,1.048
R140,poplar,-49110.6,-44003.3,3348.8,-59.99,1.131
R141,pine,-60721.5,-43279.8,6437.6,-6.04,0.94
R142,elm,-60043.2,-42784.7,6087.4,-256.52,0.993
R143,pine,-59484.2,-42775.3,5917.9,-91.12,1.125
R144,elm,-58734.5,-42876.5,5628.2,-133.1,1.189
R145,elm,-58067.1,-43270,5540.5,27.75,0.945
R146,pine,-57387.8,-42817.9,5478.3,50.13,0.851
R147,pine,-56472.7,-43105.7,5766.7,-211.92,0.985
R148,pine,-55966.7,-42728.9,5694,-42.14,1.127
R149,poplar,-54074.2,-43202.1,5439.1,-165.66,0.877
R150,elm,-52505.1,-42891.1,4295.9,-29.86,1.048
R151,elm,-51988,-42904.9,4522.4,30.64,1.11
R152,pine,-51516.3,-43087.7,4091.5,-254.13,1.097
R153,elm,-50576.5,-43171.1,3522.2,-187.55,0.904
R154,poplar,-49543.4,-43054.9,3310,-102.22,0.879
R155,pine,-48139.6,-42803.6,3316.3,-17.77,1.184
R156,pine,-46529.1,-43008.7,2861.6,3.14,1.129
R157,pine,-67174.3,-42373.7,10229.6,-169.28,0.988
R158,pine,-65287.1,-42244,8525.4,-144.81,0.87
R159,pine,-60434,-42232.5,6110.4,-72.14,0.969
R160,elm,-59582.7,-42026.6,5958.3,79.42,1.112
R161,poplar,-59018.5,-42147.9,5848.1,48.05,0.952
R162,poplar,-57848.3,-41965.8,5802,-100.3,0.897
R163,pine,-57182.2,-42480.6,5597,74.61,1.045
R164,pine,-55740,-41976.8,5706.4,-31.64,0.848
R165,pine,-55172.3,-42435.1,5511,-97.73,1.026
R166,elm,-53601.4,-42107.5,4436.2,53.86,0.862
R167,elm,-52476,-42014.9,3899.4,-236.49,0.838
R168,pine,-52246.8,-41984.9,3948.8,-150.61,0.863
R169,pine,-49025.1,-42540.6,3245.4,-182.11,1.188
R170,pine,-48535.8,-42541.6,3282.3,-225.01,0.928
R171,poplar,-46124.9,-42334.8,2769.9,-1.88,0.914
R172,pine,-43724.4,-42009.6,2587.8,-38.62,1.18
R173,pine,-68220,-41515.9,9633.4,64.04,1.014
R174,elm,-60510.2,-41223.5,5067,32.14,1.179
R175,poplar,-59632.4,-41539.2,5273.4,-100.87,1.153
R176,elm,-58730.3,-41769.1,6119.5,-231.54,1.18
R177,pine,-57752.1,-41401.1,6129.5,-104.43,1.059
R178,pine,-57250.5,-41348.9,5844.5,-69.03,1.18
R179,poplar,-56758.6,-41670.1,5811.9,29.63,1.171
R180,poplar,-54782.4,-41526.8,4864.1,-106.13,1.124
R181,poplar,-54357.7,-41430.3,4634.3,-258.97,1.138
R182,pine,-51900.8,-41665.3,3820.9,-64.88,1.163
R183,pine,-51007.1,-41444.5,3575.3,-260.39,1.14
R184,pine,-50321.8,-41784.2,3338.8,-72.33,0.97
R185,poplar,-50030.2,-41461.3,3162.2,-152.92,1.194
R186,elm,-48408.4,-41415.9,3019.3,21.8,0.884
R187,poplar,-47787.1,-41654.9,2951.9,-113.46,1.015
R188,elm,-47032.3,-41302.6,2753.4,-186.34,0.956
R189,poplar,-46198.1,-41320.4,2713.7,70.28,1.172
R190,elm,-45219.8,-41735.8,2638.5,81.67,1.043
R191,elm,-44686.5,-41211.5,2539,-149.43,1.019
R192,pine,-43171.4,-41706.8,2486.3,31.25,0.847
R193,poplar,-62792.8,-40893.6,6215.8,-29.8,1.149
R194,elm,-58791.5,-40822.5,4912.1,-234.04,0.815
R195,elm,-57774.7,-40731.9,5105.6,-236.98,1.163
R196,elm,-56252.8,-41005.4,5142.5,43.58,0.88
R197,elm,-56031.6,-40891.5,4963.9,-9.6,1.038
R198,poplar,-52585.7,-41007.3,3555.2,87.94,0.945
R199,pine,-52204.1,-40707,3517.6,-176.53,0.861
R200,elm,-51270.2,-41017.7,3616.4,34.32,0.804
R201,pine,-50769.6,-40857.5,3347.7,54.62,0.959
R202,pine,-49038.4,-40615.6,2920.3,-159.24,0.894
R203,poplar,-48364.7,-40722.1,2893.8,-240.74,0.983
R204,poplar,-47569.4,-40714.4,2731.5,5.84,0.965
R205,pine,-46763.5,-40518.5,2664.4,60.78,0.869
R206,pine,-44682,-40846.5,2486.5,-93.52,0.988
R207,poplar,-42811.8,-41013.1,2436.7,-110.4,0.887
R208,pine,-66329.4,-40252.6,8499.2,-156.06,1.109
R209,pine,-64208,-40013.6,7029.8,-230.92,0.98
R210,pine,-59581.3,-40229.9,4581.4,-167.52,1.053
R211,elm,-57887.1,-40101.5,4427.6,-127.01,1.126
R212,pine,-57281.9,-40099.6,4338,-238.49,1.067
R213,pine,-56486,-40177.9,4362,51.95,1.154
R214,elm,-55742.4,-40270.4,4349,84.59,1.087
R215,pine,-55043.7,-39756.2,3786.8,-54.22,1.111
R216,elm,-54506.7,-39991.8,3487.3,-115.84,0.947
R217,pine,-53508.4,-39782.8,3238,-267.93,1.101
R218,poplar,-52747.5,-40267.9,3356.3,-189.44,1.164
R219,poplar,-51046.1,-39804.6,3196.7,-60.03,1.067
R220,pine,-50620.4,-40091.2,3100.3,-170.97,0.823
R221,poplar,-49929.2,-40014.1,2941,-252,0.864
R222,poplar,-48818.7,-40108.5,2883.6,-182.53,1.144
R223,poplar,-48238.4,-39915.1,2784.7,5.69,1.013
R224,pine,-47574.6,-39932.9,2663.3,-103.71,1.126
R225,poplar,-46497.6,-39891.3,2570.5,-60.27,0.809
R226,pine,-42436.1,-39922.6,2275.1,-193.9,0.947
R227,poplar,-69335.1,-39427.2,7396,-263.34,1.187
R228,pine,-68484.8,-39369,7441.4,-201.7,0.929
R229,elm,-66823.3,-39071.1,8111.4,-255.46,0.994
R230,poplar,-64804.5,-39193.5,7711.6,-203.33,0.898
R231,elm,-63137.8,-39510.8,6447.4,-182.89,0.916
R232,pine,-62536.6,-39419.9,5732.2,-269.3,0.819
R233,elm,-61648.4,-38989.5,4954.3,-118.55,0.893
R234,poplar,-61073.1,-39166.9,4744.5,47.16,1.153
R235,pine,-60437,-39372.9,4548.5,-263.37,0.856
R236,pine,-59230.2,-39254.4,4404.6,-81.9,0.945
R237,poplar,-58869.5,-39012.2,4359.6,-38.94,0.892
R238,poplar,-58145.4,-39509.9,4388.1,-162.94,0.94
R239,elm,-57519.5,-39491.6,4205.9,-243.01,0.884
R240,pine,-56294.9,-39123.6,3936.4,70.94,0.994
R241,elm,-55813.7,-39507.9,4087.6,-134.22,0.857
R242,elm,-54745.7,-39112.1,3338.4,-17.08,0.979
R243,elm,-54547,-39299.8,3308.7,-237.51,0.919
R244,pine,-53660.5,-38963.6,3072.4,-233.93,0.89
R245,elm,-52923.2,-39156,3134,3.71,1.16
R246,pine,-51825.3,-39527.9,3209.3,-8.19,0.975
R247,pine,-51526.5,-39338.9,3209.2,-204.83,0.928
R248,pine,-50369.1,-39334.4,2918.5,88.82,0.874
R249,poplar,-47362.6,-39265.2,2526.6,-231.17,0.852
R250,pine,-46893.1,-39340.4,2506.8,-166.21,0.883
R251,pine,-43579.5,-39179.5,2301.5,-83.31,1.022
R252,pine,-39964.4,-39030.8,2271.5,-204.41,0.902
R253,pine,-38977.3,-39314.6,2246.9,-168.77,1.083
R254,poplar,-67769.9,-38356.3,7346.2,36.44,0.826
R255,elm,-66937,-38771.5,7977.9,60.8,0.902
R256,poplar,-65476.1,-38561.3,7353.2,-44.36,0.851
R257,elm,-64485.4,-38312.3,7344.9,29.3,1.024
R258,pine,-64032.9,-38357,7500.7,72.58,0.973
R259,elm,-63199.2,-38203.7,6653.1,-126.53,1.103
R260,pine,-62402.5,-38231.3,5663.5,-95.22,0.891
R261,poplar,-61896.1,-38712.2,5096.2,-228.32,0.837
R262,pine,-60767.6,-38717.1,4818.7,-238.5,0.931
R263,pine,-60175.3,-38449.8,4808.2,50.71,1.072
R264,pine,-59596.6,-38275.8,4661.2,-174.39,0.981
R265,pine,-58525,-38293.4,4637.8,-17.87,1.181
R266,pine,-57828.7,-38429.1,4265.4,-61.81,1.072
R267,poplar,-56780,-38542.6,3842.7,44.83,0.908
R268,pine,-56039.2,-38457.6,3528.1,-20.33,1.088
R269,elm,-55040.1,-38785,3393.3,-249.85,1.004
R270,elm,-54024.6,-38640.9,3043.7,49.25,0.991
R271,pine,-52957.4,-38652.8,2897.9,73.86,1.02
R272,elm,-51255.8,-38583.6,2850,-214.99,0.9
R273,poplar,-50233.3,-38596,2729.9,-93.07,0.932
R274,pine,-49607.6,-38394.7,2549.6,-213.73,1.198
R275,elm,-48873.1,-38728,2577.7,-180.15,1.13
R276,pine,-47660.1,-38558.1,2405.2,-98.66,1.133
R277,elm,-46745.4,-38792.6,2402.7,38.83,1.198
R278,pine,-44276.8,-38603.6,2258.2,-188.93,1.108
R279,poplar,-43975.7,-38473.4,2310.2,-63.73,1.079
R280,pine,-43190.6,-38306,2324.4,74.29,1.007
R281,elm,-41730,-38735.7,2226.4,-75.5,0.898
R282,pine,-41028.5,-38607.2,2237.5,-166.5,0.831
R283,pine,-40119.3,-38340.1,2231.5,-170.2,0.899
R284,pine,-38739.4,-38431.8,2176.8,26.1,0.876
R285,elm,-65009.4,-37699,6968.8,-226.6,0.849
R286,pine,-64160.9,-37486.8,6917.1,-46.62,1.174
R287,elm,-63041.1,-37534.1,6359.5,-138.21,0.901
R288,poplar,-61534.8,-38030,5134.9,-248.6,1.193
R289,pine,-61032.8,-37956.5,4928.8,-223.17,0.847
R290,poplar,-59417.6,-37832,4904.7,83.85,0.839
R291,elm,-58968.1,-38030.3,4852.1,-173.63,0.969
R292,elm,-57801.3,-37981.5,4296.6,-63.02,0.97
R293,elm,-57116,-37761.3,3657.8,-265.59,1.114
R294,poplar,-56450,-37777.3,3260.2,-244.51,1.056
R295,poplar,-55778.3,-37557.5,2972.3,-195.18,0.943
R296,pine,-55158.9,-37759.1,3023.1,-211.59,0.878
R297,elm,-54005.6,-38003.8,2960.3,-6.39,0.805
R298,pine,-53250.5,-37823.8,2768.5,-72.96,1.167
R299,elm,-52024.9,-37484.9,2621.6,-8.94,1.031
R300,elm,-50985.3,-37985.9,2651.8,-236.58,0.888
R301,poplar,-50372.4,-37464,2523.3,-5.12,0.936
R302,poplar,-50047.7,-37594.7,2472.2,27.17,1.117
R303,pine,-49065.1,-37695.5,2412.9,-150.33,0.827
R304,pine,-48304.8,-37847.3,2399.6,-118.98,1.004
R305,elm,-47522.2,-37982.2,2357.4,-24.39,0.89
R306,pine,-46848.9,-37687.2,2334.5,-72.08,1.075
R307,pine,-45483.6,-37953.9,2314.9,-185.98,1.004
R308,elm,-44273.4,-37652.3,2437.8,-47.61,0.998
R309,pine,-44010,-37525.1,2423.7,-251.96,1.097
R310,elm,-40795.4,-37761.6,2220.3,-262,0.98
R311,pine,-66931.5,-37082.7,7396.7,-37.14,0.944
R312,elm,-63918.7,-36896.3,6566.9,-73.3,0.877
R313,pine,-63476.3,-36725.9,6351.7,-46.87,0.968
R314,pine,-61851,-36718.8,5445.9,-62.26,0.865
R315,pine,-61203.3,-37106.7,5421.1,-74.06,0.849
R316,pine,-60413.3,-36722.6,5040.6,-189.35,1.044
R317,pine,-59529.6,-37148.1,4734.4,-233.52,1.126
R318,elm,-58719.7,-37175,4532.3,50.32,1.191
R319,pine,-57084.7,-36751,3192.9,54.33,0.86
R320,poplar,-56230.7,-37062.3,2892,69.46,0.849
R321,pine,-55227,-37204.2,2789.9,53.24,1.117
R322,poplar,-54132.4,-37245.1,2754.9,66,0.888
R323,pine,-53673.7,-37276,2707.4,-183.5,1.116
R324,elm,-52651.6,-36885,2568,-156.39,1.071
R325,elm,-51708.6,-37046.7,2554.6,-202.57,0.977
R326,pine,-51065.6,-37014.7,2540.5,-255.34,0.873
R327,pine,-50388.1,-36874.6,2482.1,-22.58,1.124
R328,poplar,-49961.6,-36936.3,2460.3,-252.78,0.909
R329,elm,-48855.9,-36869.1,2446.1,-265.45,1.15
R330,pine,-48470,-37017.4,2409,35.71,1.151
R331,pine,-46900.5,-36970.9,2354.8,-90.96,1.147
R332,elm,-46083.6,-37238.8,2320.1,40.43,0.822
R333,poplar,-44620.5,-36712.9,2401.3,-170.64,0.964
R334,poplar,-43931.9,-36738.8,2372,-192.59,1.092
R335,elm,-42772.5,-36797,2368.5,-70.93,1.03
R336,elm,-40085.5,-36824.6,2234.5,-149.66,1.044
R337,poplar,-65220.6,-36098.7,6603.3,-113.68,1.096
R338,elm,-64179.8,-36150.6,6331.9,-259.87,0.832
R339,pine,-63081.6,-36172.5,5644.1,86.11,0.891
R340,pine,-62644.1,-36402.8,5703.1,-232.86,0.825
R341,poplar,-61512.8,-36169.7,5088.5,-189.15,1.03
R342,poplar,-61038.7,-36045.9,4985.3,-57.7,1.013
R343,pine,-60425.1,-36389.6,5050.6,42.14,0.899
R344,elm,-59710.4,-36372.2,4555.1,-22.8,1.067
R345,pine,-58649.9,-36467.4,4293.2,71.76,0.965
R346,poplar,-58166.3,-36458,4078.4,81.94,0.86
R347,poplar,-57344.9,-36107.1,3252.6,-70.22,0.828
R348,elm,-56654.7,-36288.8,2862.3,-146.54,0.845
R349,poplar,-55504.7,-36400.8,2552.1,-158.96,1.037
R350,pine,-54730.8,-36168,2499.5,-93.09,0.993
R351,poplar,-54392.5,-36156.4,2503.6,-122.55,1.162
R352,poplar,-53342.5,-36402.6,2538.2,-142.75,0.829
R353,pine,-51149.1,-36028.8,2519.4,78.54,0.853
R354,pine,-49978.9,-36326.3,2488.2,25.83,1.022
R355,poplar,-48788.9,-35959.5,2503.8,-198.62,0.956
R356,pine,-48195.5,-36145.9,2442.1,-152.61,0.896
R357,elm,-47402,-36143.1,2390.6,-191.45,1.063
R358,pine,-46588,-36450.6,2347,65.15,0.904
R359,elm,-45896.6,-36393,2406.2,38.41,1.151
R360,elm,-45310,-36223.4,2443.4,-78.32,0.833
R361,elm,-44776.8,-36047.1,2446.3,3.32,0.924
R362,poplar,-42827.8,-36481.8,2398.3,-93.81,1.008
R363,poplar,-42126.8,-36457,2349.2,-165.09,1.089
R364,elm,-41620,-36151.8,2309.4,5.11,1.113
R365,pine,-66230.5,-35638.4,6679.8,-82.86,0.813
R366,elm,-65593.2,-35421.3,6425.1,64.33,1.094
R367,pine,-63764,-35747.1,5774.1,-85.4,1.187
R368,pine,-63114.2,-35285.7,5241.1,68.18,0.835
R369,poplar,-62443.8,-35231.2,5067.3,-169.53,0.888
R370,poplar,-61507.6,-35425.6,5079.6,-234.36,0.847
R371,pine,-60825.2,-35783,4849.7,-27.51,1.162
R372,poplar,-60347.7,-35689.1,4726,-187.72,1.038
R373,pine,-59412,-35345,4468.9,-109.45,0.909
R374,poplar,-58005,-35674.1,3766.1,72.71,1.185
R375,pine,-56982,-35692.8,2964.4,49.25,0.956
R376,pine,-56223.5,-35263.6,2658,-15.82,1.046
R377,pine,-55874,-35506.3,2563.5,-256.68,0.874
R378,elm,-54245.1,-35501.7,2504.8,-111.18,0.924
R379,pine,-53451.7,-35393.4,2475.3,-195.6,0.978
R380,elm,-52973.8,-35594.1,2489.1,-80.73,1.08
R381,poplar,-49481.2,-35625.1,2485.7,-115.56,1.007
R382,pine,-49255.7,-35584.7,2489.7,-144.17,0.962
R383,pine,-48001.1,-35554.5,2448.8,-143.47,0.981
R384,poplar,-47628.1,-35377,2428.6,-265.25,0.927
R385,pine,-46845.8,-35570.5,2397.4,-140.04,0.936
R386,pine,-45979,-35323.5,2414.7,-190.67,1.194
R387,pine,-45544.9,-35606.6,2440.2,-246.4,0.806
R388,elm,-44676.5,-35506.1,2419.7,-51.94,1.143
R389,elm,-43881.3,-35490.5,2385.1,-5.93,0.935
R390,poplar,-42704.2,-35340.7,2445.9,-159.69,0.87
R391,pine,-42359.9,-35448.1,2411.9,-214.8,0.9
R392,elm,-40180.5,-35673,2237,3.53,0.859
R393,pine,-35272.3,-35483.4,1993.2,-13.63,1.091
R394,poplar,-66165.1,-35016.9,6463.5,-89.58,0.867
R395,pine,-64866.1,-34486.8,5994.5,-83.51,0.889
R396,pine,-63837.8,-34962.5,5440.6,-75.43,0.981
R397,poplar,-62991.4,-34597.6,5083.2,25.61,1.055
R398,poplar,-62624.1,-34610.4,5180.3,-139.57,0.872
R399,elm,-61935.2,-34849.3,5201.5,-210.67,1.002
R400,poplar,-60999.9,-34807.3,5055.9,-255.42,1.135
R401,pine,-60319.2,-34888.1,4791.4,-183.1,0.991
R402,pine,-59228,-34595.5,4426.2,76,0.829
R403,pine,-58656.5,-34918,4202.5,76.97,1.035
R404,poplar,-58158,-34547.1,3782.1,-30.19,0.911
R405,poplar,-56414.6,-34859.2,2717.7,-229.21,0.875
R406,pine,-55846.9,-34992,2566.4,-170.81,0.978
R407,poplar,-51981.3,-34594.7,2506.4,11.68,0.845
R408,poplar,-48813.8,-34692.8,2513,75.42,1.185
R409,pine,-48430.8,-34671.6,2487.7,-124.56,0.804
R410,elm,-47539.5,-34754.4,2434.3,-191.24,1.006
R411,poplar,-46195,-34653.5,2391.8,-135.79,0.839
R412,pine,-44528.9,-34935,2396.8,-0.72,0.963
R413,pine,-43497.9,-34562.9,2357.2,-168.89,1.06
R414,elm,-43204.3,-34866.5,2410.5,-98.98,0.991
R415,elm,-42159.8,-34634,2341.1,50.24,0.964
R416,poplar,-40984.6,-34531.3,2278.4,-181.41,0.95
R417,pine,-39827.1,-34508.6,2164.2,-183.87,1.118
R418,elm,-38978.5,-34652.3,2140,-241.97,1.089
R419,poplar,-38416.4,-34543.3,2113.6,-107.62,0.902
R420,pine,-37528.8,-35000.3,2078,-229.97,0.916
R421,pine,-69768.7,-33922.2,6939.9,-181.59,1.199
R422,elm,-66890,-33717.1,5608.9,-76.99,0.849
R423,pine,-66252.5,-34029.8,5954.8,-36.71,0.88
R424,pine,-65782.4,-34220.8,6188.7,-85.15,1.036
R425,pine,-64996.9,-33984.6,5859.6,-148.46,0.937
R426,pine,-63818.2,-33752.3,5119,-58.53,0.897
R427,pine,-63131.9,-34204.5,5194.3,89.69,0.927
R428,pine,-61900.1,-34185.3,5516.4,-125.32,0.943
R429,pine,-60320.8,-34127.6,4755.9,71.47,0.806
R430,pine,-59285,-34150.3,4378,-162.97,0.886
R431,poplar,-58682.2,-34020.3,4039.8,-102.25,0.995
R432,poplar,-58256.4,-34202.6,3765.2,-3.23,1.041
R433,pine,-57089,-33784,3051.8,62.53,1.183
R434,pine,-56408.2,-33987.2,2676.7,-12.81,0.999
R435,poplar,-55247.2,-33950.2,2491.3,4.85,0.872
R436,pine,-51400.9,-34262.4,2480.5,45.85,0.813
R437,pine,-50483,-34024.6,2485.6,-219.86,1.168
R438,pine,-48797.5,-33830.2,2484.3,45.15,1.062
R439,pine,-48159.2,-33821.3,2474.2,-232.04,1.086
R440,elm,-47599.5,-34213,2438.1,-158.98,1.059
R441,pine,-46631.7,-33770.3,2397.1,-75.03,1.132
R442,pine,-45925.6,-34010.4,2425.3,-166.32,0.98
R443,elm,-45330.2,-34156.6,2397.3,61,1.108
R444,elm,-44727.5,-34141.5,2331,-224.99,0.912
R445,pine,-43522.3,-34140,2264.2,88.11,0.979
R446,elm,-43244.2,-33760.5,2211.4,-41.02,1.008
R447,pine,-41789.1,-34000.7,2285.7,-182.7,1.073
R448,pine,-38572.4,-33983.3,2100.4,-104.88,1.067
R449,poplar,-37616.5,-33805.4,1960.2,-169.79,0.962
R450,poplar,-37292.3,-34179.7,1965.9,-269.78,0.918
R451,pine,-67273.4,-33486.6,5374.4,55.27,1.139
R452,elm,-65534.9,-33176.3,5690.8,36.28,0.828
R453,pine,-64481.4,-33529.2,5324.2,-116.93,0.947
R454,pine,-63822.6,-33024.8,5229.3,-212.91,1.034
R455,elm,-63082.4,-33347.1,5435.3,-69.68,1.086
R456,poplar,-62276.1,-33252.1,5954.3,-222.79,0.87
R457,poplar,-60000.6,-33165.4,4735.6,-198.09,0.875
R458,elm,-59677.8,-33163.4,4601,71.31,1.088
R459,pine,-58836.2,-33105.5,4452,-152.69,0.89
R460,elm,-57940,-33373.5,3667.1,-59.64,0.889
R461,poplar,-57214.5,-33090.8,3188.4,-72.64,0.823
R462,elm,-55087.3,-33016.9,2506.8,-194.82,0.936
R463,elm,-51472.6,-33301.7,2510.3,-140.94,1.143
R464,pine,-50753,-33416.8,2494.6,40.83,0.908
R465,pine,-49117.9,-33410.2,2497.6,-70.02,0.852
R466,pine,-48045.1,-33099.4,2458.7,60.83,0.897
R467,pine,-47485.9,-33040.9,2449.1,-68.35,0.834
R468,pine,-46755.7,-33367.7,2396.8,-207.85,0.992
R469,elm,-46044.1,-33484.9,2385.8,-88.07,0.869
R470,elm,-44571.4,-33486.6,2232.8,14.53,0.968
R471,poplar,-41747,-32959,2202.7,-129.42,1.004
R472,pine,-40871.7,-33210.2,2190,-92.5,0.895
R473,pine,-37844.2,-33081.7,1899.7,77.67,1.123
R474,pine,-69912.6,-32689.9,7556.4,23.88,0.961
R475,pine,-65307.8,-32436.5,5382.4,-14.24,1.188
R476,elm,-64718.9,-32723.7,5455.9,86.28,0.919
R477,poplar,-63055.7,-32258.3,5770.8,-82.64,0.814
R478,elm,-62227.1,-32580.1,6137.9,59.03,0.963
R479,poplar,-61801.7,-32659.3,6017,-106.28,1.09
R480,pine,-60706.3,-32647.8,5399.5,-130.45,0.837
R481,poplar,-60304.6,-32391.5,5360.6,-76.38,1.042
R482,pine,-59249.3,-32213.3,5051,-204.86,1.073
R483,poplar,-58691.8,-32643.7,4469.3,60.9,1.168
R484,poplar,-57764.9,-32422.7,3797.8,60.34,0.903
R485,poplar,-57510.8,-32720.5,3527.8,47.24,0.866
R486,pine,-56670.9,-32554.9,2905,-29.5,1.191
R487,pine,-55905,-32359.1,2581.6,-59.11,0.997
R488,elm,-53432.5,-32316.8,2500,-112.23,1.191
R489,poplar,-50647,-32770.5,2511.6,-200.02,1.007
R490,elm,-47961.2,-32645.4,2458.4,-151.05,1.196
R491,pine,-47410.3,-32546,2439.7,-259.56,0.889
R492,pine,-45791.8,-32546.2,2276,-261.48,1.153
R493,elm,-45423.9,-32729.3,2248.5,-83.66,0.838
R494,poplar,-44481.7,-32334.9,2143.9,-153.34,1.053
R495,poplar,-44047.8,-32573,2198.4,-102.45,1.074
R496,pine,-42099.2,-32665.7,2154.3,-126.55,0.804
R497,pine,-40501.9,-32259,2013.7,17.2,1.126
R498,poplar,-39138.5,-32739.2,1954.3,22.57,0.988
R499,poplar,-68275.8,-31579.8,6464.1,9.59,0.896
R500,pine,-67290,-31930.6,5127.2,9.05,1.125
R501,poplar,-65588.6,-31553.2,5188.2,86.74,1.128
R502,elm,-64867.8,-31669.8,5322.4,35.59,1.183
R503,elm,-64195.8,-31504.4,5251.6,-28.37,0.971
R504,poplar,-62792.5,-31686,5653.7,-34.69,0.891
R505,pine,-61919,-31633,5700.4,-213.69,1.111
R506,pine,-61129.1,-31772.9,5856.5,-196.2,0.906
R507,elm,-60034,-31676.6,5822.3,-75.23,0.88
R508,pine,-59683.9,-31907,5557.1,-191.86,1.029
R509,pine,-58514.4,-31830.2,4534.4,-52.5,0.991
R510,pine,-57878.3,-31481.8,3879.8,-261.02,0.878
R511,elm,-56245.1,-31818.9,2716.7,47.58,0.949
R512,elm,-55873.6,-31899.4,2581.3,-249.47,0.9
R513,pine,-49291.5,-31579.9,2494.7,-162.54,1.166
R514,poplar,-47262.5,-31946.4,2413.4,-144.67,0.876
R515,elm,-46776.2,-31980.2,2359.9,-6.51,1.003
R516,pine,-45799,-32028.2,2221,-111.68,0.988
R517,pine,-45025.2,-31843,2069.4,-113.7,0.889
R518,pine,-44031.6,-31837.2,2095.5,-79.09,1.106
R519,elm,-41989.4,-31921.7,2071.1,-257.23,1.099
R520,pine,-41431,-31893.2,2020,-80.88,0.938
R521,elm,-40587.9,-31476.3,1956.6,-134.07,1.133
R522,elm,-68441.3,-30949.7,6936.4,-258.25,0.829
R523,elm,-67747.3,-30920.1,6356.2,-188.14,0.95
R524,elm,-64593.3,-31134.3,5052.7,-185.12,1.161
R525,poplar,-64113.4,-30765.3,4946.9,-166.36,1.186
R526,pine,-62475.4,-30973.4,5280.4,-94.4,1.197
R527,pine,-61730.9,-31095.3,5446.9,-83.23,1.004
R528,pine,-60189,-30918.1,5846.1,-40.14,1.054
R529,pine,-59325.8,-31218.6,5418.5,-55.57,0.919
R530,elm,-58664.8,-31282.5,4718,-223.97,0.883
R531,poplar,-57723.3,-30872.9,3672.5,80.5,1.191
R532,elm,-57053.5,-30777.2,3214.3,-244.78,1.091
R533,elm,-56239.4,-30801,2711.5,-42.14,0.945
R534,pine,-55058.8,-31165.1,2507.2,17.73,0.825
R535,elm,-49046.9,-31280.2,2504.8,75.94,0.811
R536,poplar,-48257.8,-31039.4,2472,-118.63,1.066
R537,pine,-47494.3,-31150.6,2399.5,-235.17,1.024
R538,pine,-46777.3,-31072.6,2288.6,43.3,1.048
R539,elm,-45913.9,-30905,2142.6,-62.04,1.193
R540,pine,-44506.9,-30783.3,2034.2,-44.12,1.002
R541,elm,-43068.3,-31024,2001.5,55.65,0.814
R542,elm,-42242.3,-30988.8,1986.8,-31.29,1.034
R543,poplar,-41508.1,-31171.8,1984.9,-237.06,0.976
R544,pine,-40923.2,-30716.5,1925.6,-30.02,1.031
R545,poplar,-40123.5,-30838.3,1875.4,-198.03,0.928
R546,elm,-68765.4,-30366.6,7579.2,-10.61,0.9
R547,poplar,-67558.8,-30379.2,6287.5,27.92,0.848
R548,pine,-67239.3,-30375.5,5920.5,-34.73,0.803
R549,pine,-65206.8,-30481.3,4810.9,-207.64,1.071
R550,pine,-65009.8,-30092.7,4737.7,-83.84,1.183
R551,pine,-63831.3,-30218.2,4788.4,-117.77,0.863
R552,elm,-62306.9,-30542,5210.9,-173.02,0.994
R553,pine,-61485,-30162.4,5302.2,-251.54,1.181
R554,elm,-61299.5,-30259.1,5306.2,-268.35,1.079
R555,poplar,-59596.9,-30206.8,5100.8,-242.97,1.158
R556,pine,-58248.8,-30114.6,3989.2,59.85,0.862
R557,pine,-57046.1,-30027,3099.8,-65.92,1.169
R558,pine,-56352.2,-30118.1,2722.8,-216.07,0.885
R559,pine,-55582.3,-30326.8,2547.6,39.8,0.915
R560,pine,-54962.4,-30040.8,2490.4,39.24,0.808
R561,elm,-53449,-30251.4,2511.2,-9.41,1.161
R562,pine,-52501.7,-30488.5,2503.3,-38.88,1.056
R563,elm,-51744.6,-29965.3,2514.4,11.51,0.96
R564,elm,-48840.9,-30036.7,2499.8,17.77,0.996
R565,pine,-48355.5,-30514.4,2472.4,-22.11,0.805
R566,elm,-46660.6,-30238.8,2216,-10.74,1.188
R567,pine,-45310.5,-30079.4,1988.1,-59.47,0.992
R568,elm,-44547.2,-30477.7,2016.2,-164.2,0.84
R569,pine,-43499.9,-30313.8,1945.6,-144.21,0.949
R570,poplar,-43272.3,-30385.2,1957.9,35.67,1.134
R571,elm,-42084.8,-30213.6,1934.3,-267.07,0.96
R572,pine,-41390.6,-30231.1,1916.2,-11.23,1.085
R573,elm,-39967,-30414.7,1840.4,-55.89,1.186
R574,pine,-39272.5,-30226,1825.5,-52.24,1.088
R575,elm,-38384.6,-29969.8,1726.4,-199.3,1.164
R576,pine,-36725.9,-30014.8,1615.3,0.06,1.176
R577,poplar,-67792.8,-29734,6883.7,-71.14,0.805
R578,poplar,-66854.9,-29555.2,6110.6,-59.46,1.158
R579,elm,-66135.6,-29732.7,5552,-231.25,1.01
R580,poplar,-63225.8,-29238.7,5107.1,-178.14,0.825
R581,pine,-62371.1,-29423.8,5361.3,-45.01,0.974
R582,poplar,-61840.1,-29222.1,5286.9,-95.31,1.126
R583,pine,-60164.3,-29628.4,4934.9,80.78,0.898
R584,pine,-59720.9,-29615.6,4735.5,44.62,0.973
R585,pine,-58470.8,-29781.4,4210.8,-229.9,0.939
R586,elm,-57704,-29337.3,3563,-162.39,1.049
R587,elm,-57439.4,-29302.9,3359.7,-82.23,0.806
R588,poplar,-56417.3,-29592.4,2779.7,69.85,0.813
R589,pine,-56016.8,-29348.4,2696.4,21.31,0.913
R590,pine,-54792.6,-29286.5,2556.9,-84.15,1.082
R591,pine,-53980.4,-29578,2518.6,81.57,0.874
R592,pine,-53761.1,-29652.5,2509.7,-155.3,0.818
R593,pine,-52642.8,-29256.5,2478.6,-29.36,0.909
R594,pine,-51979.1,-29224.7,2468.9,-33.78,1.161
R595,pine,-51210.4,-29467.4,2458,-50.58,0.974
R596,elm,-50738.8,-29208.7,2440.2,-192.31,0.957
R597,poplar,-48762.1,-29534.9,2453.5,-66.34,0.946
R598,poplar,-47341.4,-29658.6,2345.9,-170.91,1.011
R599,pine,-45984.7,-29435,2075.3,-177.28,0.841
R600,poplar,-45297.5,-29422.5,2017.3,-78.39,1.018
R601,elm,-44698.2,-29633.2,1984.4,-189.41,0.937
R602,pine,-43554.7,-29579.7,1899.1,-163.83,0.842
R603,poplar,-41989.7,-29347.9,1894,-98.94,0.904
R604,elm,-41378.4,-29200.7,1882.5,-163.33,0.891
R605,poplar,-41040.8,-29633.3,1876.7,-198.21,0.925
R606,pine,-39812.4,-29288.5,1813.9,-89.12,1.033
R607,pine,-37981.8,-29799.5,1660.6,-140.71,1.005
R608,pine,-37131.3,-29793.8,1619.1,-262.23,1.113
R609,pine,-70685.1,-28466.1,10315.8,-97.03,0.811
R610,pine,-69756.4,-28470.8,10299.3,-179.78,0.954
R611,elm,-69405,-28733.7,10514.6,-260.88,1.133
R612,pine,-66784.3,-28489.7,7178.9,1.06,1.179
R613,poplar,-64695,-28925.5,5178.7,-124.82,0.932
R614,poplar,-64174.2,-28980.9,4945.6,22.8,1.081
R615,poplar,-62998.1,-28722.3,5196.1,-228.9,0.878
R616,pine,-62758.4,-28976.3,5289.9,-61.08,1.194
R617,pine,-62006.9,-28964.5,5233.5,-10.9,0.816
R618,poplar,-60400.8,-28610.8,4659.3,-223.64,1.156
R619,poplar,-57137.4,-28809.1,3291.6,-251.83,0.82
R620,pine,-56314.3,-28666,2904.9,-208.36,0.848
R621,pine,-55082.1,-28981.2,2585.2,48.48,0.89
R622,pine,-54129.1,-28892.3,2507.4,-230.49,1.143
R623,pine,-53675,-28470.9,2447.2,-231.54,0.838
R624,pine,-52554.4,-28641,2442.5,-98.37,1.115
R625,poplar,-51869.9,-28865.3,2452.5,-50.73,0.829
R626,poplar,-50970.3,-28489.8,2422.1,-221.17,0.865
R627,elm,-50777.4,-28651,2426.4,-19.42,0.992
R628,poplar,-48831.2,-28596.6,2377.9,-236.58,1.061
R629,elm,-47977.5,-28877.4,2358.3,-87.39,0.876
R630,pine,-47478,-28756.6,2283.6,-246.66,0.934
R631,elm,-46616.5,-28672.6,2125,-265.19,1.099
R632,elm,-46104.8,-28501.7,2031.8,-163.31,0.965
R633,pine,-45515,-28562.3,1977.4,-2.38,0.865
R634,pine,-44497,-28757.8,1964.5,-52.15,0.888
R635,elm,-43748,-29031.8,1959.8,-76.17,0.805
R636,pine,-42804.2,-28996.1,1933.6,-90.09,1.097
R637,pine,-40863.6,-28697.3,1895,-134.38,0.858
R638,elm,-39714.2,-28750.9,1827.8,82.51,0.918
R639,poplar,-39253.2,-28622.4,1760.4,-144.01,0.916
R640,elm,-38322.8,-28563.5,1700.3,26.29,0.858
R641,poplar,-36421.2,-28674.2,1611.8,73.96,0.845
R642,poplar,-72712.8,-28231.5,8918.4,-253.66,1.057
R643,pine,-72335.5,-27779,9026.8,-36.54,1.143
R644,poplar,-67707.2,-27765.3,7859.1,-198.83,1.028
R645,elm,-66492.5,-28216.7,7114.9,4.74,0.846
R646,poplar,-65319.7,-28013.1,6205.2,-68.07,0.945
R647,pine,-64517.3,-27985.6,5523.6,-76.23,0.856
R648,poplar,-64066.8,-28039.1,5493.6,52,1.146
R649,pine,-63024.2,-28277.8,5221.2,4.05,1.13
R650,pine,-62234.3,-28104.6,4864.9,53.32,0.875
R651,poplar,-61844.6,-28020.8,4806.6,21.47,0.924
R652,elm,-61257.1,-27986.6,4899.6,-105.7,0.891
R653,elm,-60066.6,-28126.5,4614.9,-239.16,1.03
R654,elm,-59756.8,-28126.6,4452,-248.67,1.032
R655,poplar,-59048.5,-28024.2,4111.1,-104.4,1.003
R656,pine,-57803,-27942.3,3756.1,-1.45,0.907
R657,poplar,-57031.6,-28174.4,3296.2,-125.09,1.127
R658,elm,-56234.6,-27780.6,2991.8,-119.59,0.959
R659,pine,-55481.8,-27840.4,2707.2,-116.96,1.182
R660,pine,-55228.1,-27995.6,2635.8,-47.87,1.126
R661,pine,-54369.5,-27981.6,2506.1,-200.96,1.171
R662,pine,-53317,-28266.1,2432.2,-185.18,1.005
R663,elm,-52677.6,-27999.3,2403.2,3.3,0.89
R664,pine,-51722.7,-27711.1,2298.3,-168.83,0.956
R665,elm,-51452.4,-27921,2331.3,-145.45,1.18
R666,pine,-50770.3,-27896.4,2331.2,-80.42,1.161
R667,pine,-49003.6,-28070.2,2296.7,-194.95,0.804
R668,pine,-48435.3,-28012.7,2282.2,0.44,1.152
R669,pine,-46265.9,-27731.5,1932.2,-39.12,0.984
R670,pine,-45149.7,-27726.9,1939.4,-1.79,1.157
R671,pine,-44460.1,-28035.2,1932.4,21.47,0.913
R672,poplar,-43974,-27900.3,1919.1,-251.78,0.886
R673,poplar,-42253.3,-27855.8,1990,-4.03,1.103
R674,elm,-72134.8,-27378.9,9038.7,-222.21,0.956
R675,poplar,-70206.9,-27375.8,9526.9,-54.89,1.035
R676,poplar,-67275.7,-27064.9,7794.5,-263.06,1.095
R677,elm,-65303.8,-27155.9,5892.1,-109.11,0.975
R678,poplar,-64960.1,-27367.4,5699.1,-113.77,1.02
R679,poplar,-63966.5,-27044.5,5373.2,-215.75,1.093
R680,pine,-63502.5,-27081.7,5166.6,-189.02,0.947
R681,poplar,-62778.4,-26959.5,4542.7,7.76,1.141
R682,pine,-61103.7,-27160.5,5015.5,-125.59,0.82
R683,elm,-60306.5,-27549.1,4939.7,-158.27,1.135
R684,poplar,-59309.5,-27102.9,4504,-175.18,0.954
R685,poplar,-58919.1,-27342.4,4217.4,51.82,1.117
R686,pine,-57727.4,-27126.3,3715.1,-49.74,0.916
R687,pine,-57175.3,-27224.8,3462.5,89.72,1.168
R688,poplar,-56465.6,-27249.3,3089.3,-22.96,1.081
R689,pine,-56043.6,-27450.6,2886.6,-215.22,1.008
R690,pine,-55018.6,-27119.5,2532.6,-158.16,1.188
R691,poplar,-54542.3,-27392.5,2521.7,-117.77,0.987
R692,pine,-53416.7,-27344.6,2371.7,-42.33,0.88
R693,pine,-52841.1,-27211.4,2312.9,-126.08,0.868
R694,elm,-52074.7,-27490.9,2292.2,42.38,1.061
R695,pine,-51520.2,-27400.3,2261.8,-216.24,0.946
R696,poplar,-50505.4,-27240.5,2272.9,-50.17,0.817
R697,pine,-50007.7,-27336,2260.7,-32.33,0.951
R698,elm,-48472.9,-27193.5,2192.1,-66.18,0.867
R699,elm,-47562.9,-27224.5,2124.4,-269.54,1.081
R700,pine,-46468.1,-27279.5,1959.9,-254.57,1.096
R701,pine,-46254.8,-27415.1,1913.1,36.05,0.95
R702,pine,-45363.4,-27472.6,1905.9,-81.28,1.139
R703,pine,-41953.7,-27024.7,1963.5,-183.91,1.02
R704,elm,-41561.6,-27382.1,1998.4,-157.86,1.024
R705,elm,-39454.3,-27233.9,1899.4,33.04,1.071
R706,poplar,-68614.2,-26348.7,8403.4,-109.76,0.962
R707,pine,-67135.7,-26695.8,7929.6,19.82,0.873
R708,poplar,-65523.4,-26506.4,6079.2,-45.69,0.902
R709,elm,-64071.2,-26594.7,5291.7,-218.3,1.166
R710,elm,-63371.8,-26349.3,4742.6,-15.86,0.993
R711,elm,-62532.5,-26377.1,4381,-34.04,0.977
R712,pine,-61948.1,-26683.5,4446.9,-172.39,0.873
R713,pine,-60884.8,-26572.9,5063.9,27.52,1.119
R714,poplar,-60380.7,-26642.4,5117.9,-16.7,1.104
R715,elm,-59755.1,-26702.6,4938.8,-192.06,1.127
R716,pine,-57985.5,-26513.3,3815.1,89.25,0.991
R717,poplar,-57261,-26490.5,3582.1,51.29,0.989
R718,elm,-56380.1,-26214.8,2971.9,-182.3,0.999
R719,pine,-55838.8,-26731.4,2682.2,23.15,1.153
R720,pine,-54866.5,-26705.1,2451.4,26.4,0.835
R721,elm,-54230.7,-26323.9,2303.2,-220.68,1.008
R722,elm,-53657.1,-26470,2268.7,-265.91,0.864
R723,poplar,-51973.7,-26348.4,2185.1,-193.72,0.848
R724,elm,-51011.5,-26756.3,2196.6,-162.98,0.841
R725,elm,-50689.7,-26496,2172.7,45.45,1.038
R726,poplar,-49531.1,-26770.8,2218.5,44.51,1.089
R727,poplar,-48326.1,-26454.7,2168.9,-50.77,1.08
R728,poplar,-47399.2,-26215.6,2041.1,-37.17,0.901
R729,pine,-46552.3,-26317.3,2022.6,-20,0.945
R730,pine,-46233.8,-26257.5,2005.7,-188,0.863
R731,elm,-45214.2,-26205.9,1951.5,-257.37,1.012
R732,poplar,-44443.9,-26699.6,1933.2,-69.71,1.121
R733,pine,-42469.1,-26394.6,1949.7,-42.62,0.968
R734,elm,-40096.6,-26540.1,1911.1,27.4,1.118
R735,pine,-66919.2,-25925.5,7947.7,-39.3,1.189
R736,pine,-66281.8,-25626.7,7435.4,70.82,1.174
R737,poplar,-64779.8,-25779.4,5712.4,-156.3,0.819
R738,pine,-64198.4,-25869.9,5257.3,64.88,1.17
R739,elm,-63241.2,-26034,4627.5,38.06,1.001
R740,elm,-62229.4,-25880,4436.2,-266.02,1.184
R741,poplar,-61779.4,-26016.4,4445.8,-127.28,1.039
R742,pine,-60030.8,-25983.8,4631.4,-98.01,1.087
R743,pine,-59282.8,-25715.8,4199,-126.21,0.974
R744,pine,-58838.3,-26019.3,4031.4,-130.49,0.973
R745,pine,-58113.1,-25614.6,3689.8,-50.34,1.012
R746,pine,-57245.7,-25506.9,3302.5,-32.64,0.959
R747,pine,-56558.6,-25860.8,3076.6,-3.98,1.076
R748,elm,-54903.2,-25583.4,2213,-124.75,1.032
R749,pine,-54416.3,-25563.2,2139.1,-62.52,0.89
R750,pine,-53555.7,-25466.4,2138.8,-173.85,1.124
R751,pine,-52508.9,-25463.1,2087.5,-5.23,1.157
R752,elm,-52125.1,-25911.6,2139,-171.53,0.971
R753,pine,-51106.8,-25522.8,2083.5,-232.27,1.032
R754,pine,-50796.2,-25846.2,2102.4,-222.23,0.823
R755,pine,-49897,-25761.6,2192,-133.79,1.148
R756,pine,-47552,-25473.7,2102.2,-141.19,0.833
R757,poplar,-46282.4,-25635.8,2065.7,76.44,0.929
R758,poplar,-45099.9,-25826.1,1947.6,-206.8,0.879
R759,elm,-43551.2,-26009.2,1980.6,-254.67,0.979
R760,poplar,-42958.4,-25676,1987.9,-25.52,0.954
R761,pine,-42338.5,-25751,2015.8,-220.8,1.047
R762,pine,-41687.4,-26034.6,1984,-45.39,1.138
R763,pine,-40787.3,-25615,1974.2,-30.77,1.175
R764,pine,-39752,-25645.8,1992.8,-19.51,1.149
R765,pine,-39370.5,-25972.6,2005.5,-241.18,1.008
R766,elm,-68237.8,-25059,8012.7,-37.91,1.179
R767,pine,-67841.5,-24885.9,7834.8,34.06,0.992
R768,elm,-67038.2,-25119.6,7689.3,-6.28,1.031
R769,pine,-65276.9,-24925,6982.6,-128.1,0.802
R770,pine,-65011.9,-25134.8,6431.6,-155.34,0.88
R771,poplar,-63289.1,-24865.1,5120.4,-169.58,0.949
R772,pine,-62524,-25021,4950.2,-256.13,1.009
R773,elm,-62033.2,-25261,4625.1,-111.79,1.087
R774,poplar,-60893.3,-24764,4428.3,-207.23,1.103
R775,poplar,-60384.6,-25033.6,4425.6,57.72,0.99
R776,poplar,-59031.3,-24907.1,4153.1,-244.41,0.892
R777,poplar,-58186.7,-25017.7,3605.4,-22.74,1.133
R778,pine,-57474.9,-25196.6,3362.5,-220.12,1.1
R779,pine,-56620.9,-25189.5,3060.4,-119.09,1.006
R780,pine,-56034,-24811.5,2810,15.85,0.833
R781,elm,-55274.8,-24904,2443,-267.13,0.929
R782,pine,-54097.6,-25046.3,2128,-120.29,0.804
R783,pine,-53422.7,-24909.3,2136.5,-257.64,0.842
R784,pine,-53034,-25094.6,2116,-67.15,1.052
R785,pine,-52167.8,-25022.2,2035,-254.08,0.868
R786,pine,-51376.2,-25063.5,2069.1,27.72,1.136
R787,pine,-50725.4,-25071.8,2132.3,-193.25,1.12
R788,pine,-49692.2,-24788.8,2163.5,-247.03,1.071
R789,poplar,-49162.1,-25125.3,2197.1,57.88,0.841
R790,pine,-46802.2,-25184.8,2135.1,8.74,0.944
R791,poplar,-45769.3,-24884.6,2007.7,-57.08,1.057
R792,elm,-45335.5,-24842.7,1927.1,-48.8,1.097
R793,pine,-43516.4,-24715.7,1953,-176.71,1.016
R794,elm,-42906.6,-25119.6,1969.5,47.87,1.118
R795,elm,-41739.4,-25207.5,2005.1,-162.11,0.931
R796,pine,-39290.3,-25241.9,1989.1,-54.08,1.021
R797,elm,-69475.5,-24158.3,7680.5,-99.12,0.849
R798,poplar,-68226.9,-24473,8027,41.7,0.902
R799,poplar,-64872.8,-24014.8,7503.1,-258.9,0.913
R800,pine,-63404.4,-24043.5,6138.8,4.16,1.115
R801,pine,-62628.5,-24364,5178.9,70.05,0.891
R802,poplar,-61234.1,-24135.1,4834.4,-25.22,0.911
R803,poplar,-59569.5,-24369.8,4378.4,-70.23,0.918
R804,elm,-57922.3,-23977,3566.4,-155.23,0.989
R805,pine,-56736.5,-23972.6,3174.1,-71.83,0.99
R806,pine,-55719.2,-24406,2668.5,-15.56,0.993
R807,poplar,-54810.6,-24096.2,2385.3,-77.89,1.06
R808,pine,-54238.1,-24408.9,2197.3,-159.33,1.074
R809,poplar,-52753.6,-24030.3,2078.5,15.23,0.974
R810,pine,-52097.7,-23980.6,2082.7,-51.61,0.856
R811,poplar,-51252.5,-24305.7,2157.8,-71.14,1.081
R812,poplar,-48293.4,-24490,2145.3,-108.94,1.173
R813,elm,-46893.7,-24351.9,2148.1,-243.35,0.895
R814,pine,-44969.4,-24210.4,1923.1,65.09,0.856
R815,pine,-44631.5,-24307.5,1896,-19.38,1.112
R816,poplar,-43273,-24271.2,1939.7,-159.02,0.845
R817,pine,-41724.4,-24445.4,1999.3,45.46,1.072
R818,pine,-40922.2,-24331.5,2033.2,-70.98,1.01
R819,poplar,-39753.7,-24466.4,2009.7,-120.62,1.055
R820,elm,-68760.5,-23230.2,7921.3,-47.16,1.113
R821,poplar,-67179.1,-23459.9,8280.2,-99.56,0.874
R822,pine,-65732.3,-23521.1,7834.3,59.76,1.11
R823,elm,-63847.9,-23270.8,7348.7,-242.41,0.909
R824,pine,-63274.9,-23282.1,6669.5,-257.88,1.088
R825,pine,-62761.7,-23334,6019.2,27.97,1.126
R826,poplar,-61952.7,-23473.2,5402.7,6.02,0.811
R827,elm,-61183.4,-23719.5,5054,-153.18,1.144
R828,pine,-60059.6,-23774.2,4674.3,87.59,0.836
R829,elm,-59278.8,-23426.2,4189.1,-64.17,1.021
R830,pine,-58984.3,-23336.1,4086.4,-198.28,0.871
R831,pine,-58186.8,-23356.6,3864,-4.51,1.093
R832,poplar,-57096.1,-23541.2,3457.1,-117.65,1.099
R833,pine,-56402.3,-23756.8,3092.5,75.31,1.01
R834,pine,-55595.8,-23513.1,2794,-143.9,0.817
R835,pine,-54863.6,-23763.8,2428.2,-143.89,0.848
R836,pine,-53980.6,-23248.5,2355.4,-75.33,0.991
R837,poplar,-53236.4,-23569,2201.1,9.21,0.95
R838,poplar,-52456,-23651.8,2106.2,-107.05,0.914
R839,pine,-51869.9,-23260.8,2178.3,-62.95,0.875
R840,pine,-51034.9,-23420.7,2193.4,-136.87,0.893
R841,elm,-50492.4,-23320.2,2172.8,-96.88,1.173
R842,elm,-49543.1,-23736.8,2197.4,-92.59,1.138
R843,elm,-48865.2,-23350.4,2163.8,-192.55,1.091
R844,elm,-48354.8,-23790.6,2178.8,-185.16,1.085
R845,pine,-47793.1,-23468.6,2130.6,-174.71,0.934
R846,poplar,-46030.7,-23590.4,2016,-210.56,0.927
R847,pine,-45450.7,-23772.6,1985.7,-144.59,0.961
R848,pine,-42277.4,-23431.6,1918.6,-58.11,1.13
R849,poplar,-40083.6,-23349.2,2035.5,-88.03,0.84
R850,pine,-69762.7,-22514.5,8370.6,-101.9,1.039
R851,pine,-68950.2,-22837,8108.5,82.26,1.183
R852,elm,-66914.5,-22804.1,8704.3,-33.73,1.027
R853,pine,-65348.1,-22727.2,8001.2,-218.12,0.982
R854,pine,-64965.1,-22598.6,7975.5,-182.16,1.154
R855,pine,-63832.9,-22634.2,7241.3,71.56,1.073
R856,elm,-63115.1,-23045.9,6538.2,-180.41,0.894
R857,elm,-62546.1,-22679.5,5873.1,-161.62,1.155
R858,poplar,-61603.9,-22550.1,5635.4,-21.04,1.198
R859,pine,-59482.6,-22582.4,4499.7,68.7,0.875
R860,pine,-59016.2,-22468,4355.5,-209.18,1.032
R861,poplar,-57171.3,-23017.2,3619.3,-260.83,0.969
R862,elm,-56523,-22978.6,3435.4,-172.06,1.028
R863,pine,-55552.2,-22847.9,3067.9,-155.85,1.15
R864,pine,-55098.9,-22753.9,2874.2,-229.22,0.831
R865,pine,-54517.4,-22513.9,2729.6,-143.04,1.2
R866,elm,-53784.1,-22558,2488.7,-116.14,0.934
R867,pine,-52597.2,-22574.9,2246.3,-207,0.864
R868,elm,-52142.8,-22864,2193.8,-244.28,0.821
R869,pine,-51366.4,-22915.1,2165.9,-195.93,0.921
R870,elm,-50485.8,-22588.2,2150.3,-42.3,0.974
R871,pine,-49785.6,-22773.2,2173.1,-16.08,0.884
R872,pine,-48738.6,-22493.6,2111.6,63.4,0.966
R873,elm,-45246.4,-23029.2,1907.8,-9.11,0.963
R874,pine,-44632,-22744.5,1864.9,-71.7,1.194
R875,pine,-43033.2,-23045.1,1856.3,-115.89,0.807
R876,poplar,-42531.1,-22818,1856.1,-56.44,1.016
R877,pine,-41425.4,-22899.8,1922.7,-136.96,1.188
R878,pine,-40763.6,-23024.9,1990.2,-166.32,1.055
R879,poplar,-40173.1,-22524.8,1942.9,-36.82,0.994
R880,pine,-39342.1,-22905.4,2010.1,-257.86,1.183
R881,pine,-68375.6,-21870.1,8777.7,-4.69,1.18
R882,pine,-62447.1,-22025.7,5550.2,-119.42,1.013
R883,elm,-61919.9,-21965.8,5449.9,-95.69,1.056
R884,pine,-61263.4,-21755.5,5555.5,-152.28,0.944
R885,poplar,-60067.7,-21931.3,5394.6,73.97,1.149
R886,pine,-59489,-21720.7,4957.7,-5.36,0.968
R887,elm,-58857.9,-21776.2,4544.4,-205.4,1.138
R888,elm,-58098.2,-22144.4,4206.4,-185.91,0.971
R889,pine,-57306.8,-22020.5,3921.9,-181.65,0.956
R890,elm,-56703.2,-21981.6,3617.4,-127.22,1.034
R891,elm,-56024,-22192.9,3382.6,-10.07,0.864
R892,pine,-51501.6,-22202.4,2158.1,-176.53,0.894
R893,poplar,-49880.3,-22151.1,2126.2,-172.8,1.171
R894,poplar,-49227,-21943.6,2092.3,31.4,1.044
R895,elm,-48472.3,-22011.5,2083.9,80.85,0.823
R896,elm,-47374.5,-22186.2,2125,-212.23,0.9
R897,pine,-46077.4,-21725.3,2024.4,-179.51,0.823
R898,pine,-45049.9,-21727.3,1920.4,-159.11,0.846
R899,poplar,-43634.2,-22288.7,1851.1,-94.53,1.101
R900,poplar,-41035,-21857.5,1848.2,-267,0.951
R901,poplar,-69121.7,-21199.5,9373.9,-190.77,0.98
R902,elm,-64915.4,-21282.7,6597.9,56.11,1.03
R903,pine,-63019.4,-21040.4,5232.8,0.99,0.856
R904,pine,-62302.9,-21333,5107.8,-220.78,1.161
R905,poplar,-61972.9,-21208.7,4986.4,4.06,1.19
R906,pine,-60773.1,-21150.9,5155.2,31.75,0.894
R907,elm,-59652.3,-21121.6,4838.4,-112.78,1.025
R908,pine,-59032.2,-20985,4306.5,16.83,0.948
R909,pine,-58066.4,-20992.1,3937.8,-238.01,0.929
R910,poplar,-57050.3,-21253.9,3743.2,60.82,1.006
R911,poplar,-56238.2,-21377.2,3360,6.23,0.935
R912,poplar,-52670.1,-21173.9,2320.7,9.66,0.932
R913,poplar,-52185.9,-21263.4,2250.6,-239.16,1.164
R914,pine,-48207.5,-21340.1,2107.4,-51.31,1.062
R915,pine,-46863.7,-20981.5,1999.9,-253.05,1.125
R916,poplar,-45428.3,-21124.4,1938.7,-141.56,0.979
R917,poplar,-42189.9,-21505.6,1794.1,-8.05,0.867
R918,poplar,-40473.9,-21168.9,1837.1,-110.03,1
R919,poplar,-66852.5,-20566.3,7302.9,-160.02,0.843
R920,pine,-65590.7,-20517.1,6722.9,-135.75,0.822
R921,pine,-64660.7,-20396.8,6091,-17.75,0.845
R922,pine,-61653.7,-20651.4,4571.5,-93.14,1.183
R923,elm,-60767.4,-20727,4714.8,-184.42,1.016
R924,elm,-60261,-20224.2,4469,-239.51,0.997
R925,poplar,-59735.5,-20575.9,4512,-17.25,1.09
R926,pine,-58485.9,-20331,3539.6,-86.64,0.907
R927,poplar,-58291.6,-20260.4,3472.1,24.11,1.134
R928,pine,-57007.7,-20461.8,3481.5,-45.69,0.85
R929,elm,-56230.5,-20394.3,3267.6,-269.99,1.174
R930,pine,-56029.7,-20739.4,3234.1,-122.63,1.19
R931,pine,-53651.3,-20689.9,2427.1,61.39,1.003
R932,poplar,-52464.7,-20372.8,2308.7,68.59,0.939
R933,poplar,-51706.7,-20534.1,2255.3,-226.61,0.92
R934,pine,-51406.9,-20472.1,2273.2,-155.55,0.808
R935,pine,-50343.1,-20622.7,2171.7,-87.9,1.035
R936,pine,-43572,-20726,1933.8,-81.46,1.169
R937,pine,-40567.1,-20257.1,1848.5,11.13,1.084
R938,elm,-39829.3,-20526.7,1799.1,46.29,1.104
R939,poplar,-39152.5,-20367.9,1769.2,-55.71,1.088
R940,poplar,-58139.3,-20036.7,3392.5,-125.67,0.964
R941,pine,-57285.2,-19701,3296.4,-242.11,1.089
R942,pine,-54023.8,-19595.3,2519.9,-35.53,1.019
R943,pine,-53348.5,-20022.1,2410.7,26.37,1.192
R944,pine,-52916.2,-20028.4,2324.7,88.79,0.872
R945,pine,-51819,-19458.8,2255.4,-100.93,1.139
R946,pine,-50729.4,-19942.5,2235.7,-240.51,1.126
R947,pine,-48397.4,-19594.5,2192.2,-139.55,0.858
R948,pine,-45996.9,-19526.7,1959.8,4.52,0.953
R949,pine,-44377.5,-19893.2,1928.9,-20.46,1.175
R950,elm,-43988.8,-19489.8,1955,-8.2,1.049
R951,poplar,-40800.6,-19812.9,1895.8,-128.97,1.188
R952,elm,-54266.3,-19183.4,2615.7,-232.54,0.801
R953,pine,-52955.4,-19033,2208.9,-148.08,0.961
R954,pine,-52254.2,-18930.9,2209.3,-166.64,1.041
R955,pine,-51489.7,-19257.4,2249.9,13.3,1.084
R956,elm,-50553,-18936.1,2269.9,-115.88,1.05
R957,poplar,-49813.1,-19173.2,2244.1,-43.88,1.163
R958,pine,-48967.1,-19164.5,2208.8,-21.92,1.058
R959,pine,-48220.9,-18817.7,2215.5,-30.01,1.042
R960,elm,-47207.8,-19280.4,2098.1,-265.21,0.932
R961,pine,-45831.5,-19005.9,1971.2,-9.51,1.014
R962,pine,-39993.9,-19290.8,1824.5,-7.65,1.008
R963,poplar,-50221.4,-18507.7,2212.8,-212.67,0.872
R964,pine,-49983.1,-18387.7,2210,-126.28,1.082
R965,poplar,-49141.7,-18363.8,2207.9,-117.85,1.182
R966,pine,-48027.5,-18467.4,2205.5,-168.42,1.187
R967,pine,-46474.2,-18350.4,2068.7,-35.69,1.016
R968,pine,-46618.1,-17650.1,2038.8,-145.24,0.955
R969,elm,-58291.5,-16626.3,3439.7,-58.19,1.167
R970,poplar,-56557.5,-17026.9,3118.3,-163.32,0.989
R971,pine,-56002.5,-16514.9,3038.4,-224.13,0.92
R972,poplar,-58759.7,-16004.9,3614.1,-36.48,0.908
R973,pine,-57725.1,-15919.5,3674.4,-130.46,0.945
R974,elm,-57111.4,-16132.7,3459.7,-173.78,0.819
R975,pine,-56574.1,-15776.5,3391.2,-129.39,1.123
R976,pine,-56037.7,-15905.6,3157,47.72,0.954
R977,pine,-55192.3,-16266.7,2791.6,3.92,1.052
R978,pine,-58477.5,-15191.1,3780.8,-161.22,0.933
R979,poplar,-56214.6,-15521.4,3340.6,-197.36,1.164
R980,poplar,-55760.7,-15347.9,3159.2,-24.56,0.925
R981,elm,-54452.3,-15295.6,2586.6,-77.78,0.927
R982,pine,-51350,-15132,2277.1,61.55,1.052
R983,pine,-50722.4,-15342.9,2232.5,-136.53,0.978
R984,elm,-57702.9,-14645,3978.3,-258.74,1.067
R985,elm,-57482.6,-14224.3,4060.5,-164.51,1.073
R986,pine,-56305.4,-14439.4,3745.3,-242.74,1.084
R987,pine,-51179.1,-14498.8,2332,-202.14,0.959
R988,pine,-58483,-13633.6,3647.2,5.53,1.022
R989,pine,-55112.5,-13592.4,3294.5,-7.25,1.055
R990,poplar,-51787.2,-13930.1,2334,75.53,0.81
R991,pine,-51514.8,-13559.7,2298.8,-90.26,0.945
R992,poplar,-47959.5,-13558.1,2045.2,-85.73,0.955
R993,elm,-51396.6,-12831.9,2323.5,-237.23,1.188
R994,pine,-47513,-13267.6,1995.6,2.48,0.99
R995,elm,-48184.7,-12535.5,2140.2,42.25,1.044
R996,poplar,-55503.8,-11676.3,3392,-215.7,1.195
R997,elm,-50040,-11587.3,2137.2,-48.22,0.811
R998,elm,-48972.3,-11638.4,2124.7,-59.93,0.917
R999,pine,44572.6,-64910.6,11080.7,-2.42,1.012
R1000,elm,37578,-63383.4,9643.2,-57.86,1.107
R1001,pine,41575.3,-62679.6,8437.5,-116.6,1.154
R1002,elm,53606.1,-62892.1,8467.2,-60.85,1.13
R1003,pine,38214,-61719.2,9689.2,49.61,1.188
R1004,pine,46661.5,-62026.9,11705.1,-156.57,1.09
R1005,elm,35362,-60987.6,8774.7,63.49,0.898
R1006,pine,36537,-61529.7,9066.3,57.56,1.171
R1007,elm,39126.2,-61479.9,10039.4,39.17,0.96
R1008,elm,44456.3,-61076,10511.4,-162.44,1.042
R1009,pine,45847.6,-61324.6,11948.7,-79.53,0.961
R1010,pine,46699.1,-61519,12104.2,-188.2,1.056
R1011,elm,44610.9,-60267.9,10462.3,-255.03,1.063
R1012,pine,48918.3,-60782,10948.9,-238.76,0.972
R1013,pine,36268.3,-59829.9,8487,-85.33,1.094
R1014,pine,36873.7,-60009.5,8958,-34.82,1.005
R1015,elm,39941.2,-59642.2,7363.1,-123.43,1.013
R1016,elm,41031,-59457,7730.7,-10.78,1.162
R1017,pine,42089.9,-59574.5,8953.1,65.38,1.07
R1018,pine,44628.1,-59568.4,10653.8,-185,1.17
R1019,pine,46163.5,-59700.7,10082.4,-117.35,0.901
R1020,pine,51986.5,-59939.1,7940.2,-0.91,1.123
R1021,pine,33931,-58724.6,7910.8,-64.18,0.96
R1022,pine,40025,-59207.8,7121.1,-196.08,1.005
R1023,elm,40986.7,-58990.4,7881.1,4.12,0.87
R1024,pine,44718.2,-58831.3,9677.8,-268.52,1.061
R1025,elm,45128.4,-58813.1,9198,-149.32,0.825
R1026,pine,52693.6,-59300,6711.9,75,0.975
R1027,pine,59012.4,-58789.4,6929.5,-241.37,1.027
R1028,pine,29625.4,-58243.2,5692.6,-211.02,1.037
R1029,pine,33547.9,-57950,7794.8,41.83,1.152
R1030,pine,34515.6,-58368,8176.1,14.32,1.181
R1031,pine,37988.2,-58239.3,7030.1,-97.91,1.08
R1032,pine,38764.5,-58235.7,7353.4,-47.59,0.865
R1033,elm,38997.2,-58267.1,7033.8,4.99,1.192
R1034,elm,40186.6,-58175.8,7267.2,-182.84,0.986
R1035,pine,42761.3,-58171.1,8820.9,-103.97,0.923
R1036,pine,43645.6,-57989.2,10108.9,6.99,0.839
R1037,elm,46820.7,-58221.1,8513.7,-116.42,0.913
R1038,pine,55852.5,-58227,6372.2,-166.04,1.006
R1039,pine,56736.5,-58208.3,6133.2,-253.7,1.193
R1040,pine,32475.6,-57359.3,7298.6,-108.16,0.982
R1041,elm,33266.4,-57493.7,7587.3,39.03,1.129
R1042,elm,34275.1,-57436.7,8181.5,-99.54,1.135
R1043,pine,34626.2,-57291.9,8608.7,-242.73,0.801
R1044,pine,36001.2,-57518.1,8162.3,-232.27,1.003
R1045,elm,37752.4,-57438.3,7017.8,-143.92,0.816
R1046,elm,38626.9,-57776.9,7389.6,-19.34,0.921
R1047,pine,39052.9,-57420.2,7594.7,-250.65,0.994
R1048,pine,40991.4,-57282.9,8222.9,-102.46,1.003
R1049,elm,42160.6,-57577.3,8261.8,-144.22,0.913
R1050,elm,46620.8,-57415.6,8758.9,-238.02,1.04
R1051,pine,49066.8,-57209.6,8739.5,53.59,1.068
R1052,pine,51937.2,-57737.3,7670.3,-16.57,0.981
R1053,pine,29346.6,-56826,5275,-43.92,0.87
R1054,elm,34804.3,-56554.4,8708.2,-44.26,1.165
R1055,pine,36410.7,-56891.7,7797.7,-111.32,0.849
R1056,elm,37297.1,-56529.4,7521.9,-44.69,1.064
R1057,pine,37762.3,-56578.3,7693.7,67.54,0.918
R1058,elm,38793.8,-56715.4,8328.9,-176.32,0.981
R1059,pine,39220.6,-56689.6,8427.7,-30.55,0.833
R1060,elm,40852,-57036.5,8214.4,-145.04,0.832
R1061,elm,41644.2,-56639.9,8714.4,-101.66,1.104
R1062,elm,42192.3,-56868.3,8950.6,-157.25,0.955
R1063,pine,42862,-56626.5,8077.3,62.43,0.814
R1064,pine,45194.7,-56968.9,9489,-172.95,0.927
R1065,elm,46880.9,-56685.1,8294.5,-33.89,1.035
R1066,pine,47639.2,-56809.3,8548.1,-82.02,1.007
R1067,pine,48271.3,-56561.3,8837.4,-234.95,0.928
R1068,pine,49664.5,-56654.3,9205.6,-101.5,1.19
R1069,pine,30831.4,-56202,5693.5,-165.41,0.993
R1070,pine,33213.7,-56068.9,7002,-90.92,1.088
R1071,pine,34235.2,-55839.7,7841.5,-49.42,1.022
R1072,elm,37073.1,-56215.1,7556.5,-202.25,0.982
R1073,pine,39440.2,-56125.9,8562.7,-6.57,0.814
R1074,elm,40202.3,-56003.9,8991.4,-138.95,1.019
R1075,elm,41255.3,-55860.5,9788.6,-244.34,1.168
R1076,pine,43532.9,-55925.3,7638.4,-27.36,0.849
R1077,pine,45078.8,-55858.7,9662.7,-208.05,1.187
R1078,pine,46282.2,-55886.6,8120.7,-222.25,0.905
R1079,elm,46942.5,-55840.2,8089.6,-212.44,0.947
R1080,elm,47629.5,-56116,8657.7,-198.75,0.816
R1081,pine,49506.7,-56250.1,9410.4,-237.19,1.099
R1082,pine,50655.9,-55911.3,8771,-238.64,1.165
R1083,pine,52153.2,-55705.9,8144.5,-49.23,1.089
R1084,elm,25112.9,-54961.9,3284.1,-159.95,1.006
R1085,pine,29734.4,-54966.9,5051.3,-96.69,0.973
R1086,pine,30517.9,-55428.3,5547.2,-77.79,0.91
R1087,pine,31754,-55345.8,6321.3,1.34,0.836
R1088,pine,32744.8,-55181.3,6382,-188.16,1.178
R1089,pine,33482.2,-55185,6641.9,-51.67,0.933
R1090,pine,36324.5,-54950.3,7671.5,-225.09,1.086
R1091,pine,37251.2,-55068.2,7675.2,-255.82,1.08
R1092,pine,37743.7,-55241.5,7815.3,-14.1,0.989
R1093,elm,39132.1,-55238.8,8209.1,67.99,0.861
R1094,elm,42956.4,-55296,7175.1,-4.33,1.031
R1095,pine,44952.1,-55380.6,9105.8,-181.74,0.935
R1096,pine,46741.6,-55104.7,8206.8,-178.52,1.046
R1097,pine,47456.3,-55200.2,8275.7,20.29,1.19
R1098,pine,48475.3,-55437.7,8430.9,3,1.022
R1099,pine,49706.5,-55323.5,8241.5,-191.34,0.918
R1100,pine,54415,-55194.3,6288.2,-234.43,1.011
R1101,pine,55813.6,-55226.5,6499.6,-39.4,1.105
R1102,pine,60074,-55508.1,4223.7,-222.31,0.838
R1103,elm,61825.5,-55465.7,3864.5,-144.98,1.104
R1104,pine,24131.3,-54531.5,2997.9,-42.88,1.031
R1105,pine,28207,-54564.4,4675.7,-110.56,1.114
R1106,pine,30386,-54408,5442.1,-210.55,1.024
R1107,elm,32663.9,-54600.4,6029.2,-68.44,0.891
R1108,pine,33432.3,-54377,6363.4,-119.54,1.067
R1109,pine,34954.9,-54653.3,6847.2,-235.21,1.057
R1110,pine,36262.3,-54385.9,7668,-73.07,0.855
R1111,elm,37655,-54655.2,7952.5,89.76,1.056
R1112,elm,38663.7,-54293.9,8400.7,-215.44,0.991
R1113,elm,40221,-54665.3,9276.9,-247.38,1.186
R1114,pine,40887.1,-54317.3,8268.1,-212.48,0.873
R1115,pine,41462.6,-54580.9,8164.8,-254.16,0.985
R1116,pine,42014.7,-54378.9,8081.4,75.07,1.075
R1117,elm,42766,-54473.2,7069.5,-117.79,0.938
R1118,pine,44463.8,-54656.1,9028.4,-46.34,0.926
R1119,pine,44979,-54222.4,8477.7,25.08,1.072
R1120,elm,48417.1,-54630.2,8084.7,-177.59,1.141
R1121,pine,49775.8,-54452.9,7779.3,9.84,0.968
R1122,elm,50708.5,-54524.5,7415.7,84.72,1.13
R1123,pine,52636,-54414.3,7098.6,3.57,0.911
R1124,pine,54090.1,-54267.7,6548.7,-209.15,1.09
R1125,pine,57512.8,-54373.4,5663.2,10.82,0.882
R1126,pine,58964.5,-54609.1,4465.4,-34.58,1.152
R1127,pine,60124.9,-54386.8,4079.7,84.98,1.068
R1128,elm,20459.3,-53885.7,2414,-12.79,0.847
R1129,pine,25086.7,-53689.4,3140.1,-56.34,1.078
R1130,elm,26040.6,-53753.7,3487.5,-95.32,0.856
R1131,pine,28050.7,-54039.5,4525,-139.14,1.145
R1132,pine,28545.4,-53507.9,4576.5,31.63,0.946
R1133,elm,29560.3,-54036.9,4978.2,-104.26,1.154
R1134,pine,30980,-53617,6266.6,-249.29,1.127
R1135,elm,31782.7,-53950.1,6022.6,-268.75,1.153
R1136,elm,32233.5,-53489.9,6163.3,42.86,1.035
R1137,elm,33335,-53476.9,6523.4,-166.45,1.055
R1138,elm,33790.9,-53756.5,6281.2,24,0.888
R1139,pine,34620.2,-54021.6,6262.7,-247.9,1.145
R1140,pine,37835.6,-53609.7,7946.9,-228.51,1.025
R1141,pine,38784.8,-53465.9,8866.4,56.86,1.128
R1142,elm,40609.4,-53477.4,7955.1,-184.14,1.042
R1143,elm,42253,-53629.2,8290.1,-44.68,0.905
R1144,elm,42788.8,-53791.1,7469.9,-4.03,1.086
R1145,pine,45233,-53659.2,8548.1,-84.96,0.889
R1146,pine,46102.2,-53498.8,9692,-210.27,1.14
R1147,pine,48176.6,-53595.3,8913.2,86.52,1.155
R1148,pine,49082.4,-53732.1,8098.6,48.87,0.907
R1149,elm,49461.3,-53735.7,7753.8,-83.74,1.121
R1150,pine,51192.5,-53624.7,7252.3,-230.49,1.177
R1151,pine,51767.6,-53959.9,7098.2,19.22,0.883
R1152,pine,52491.3,-53735.9,6917,-246.66,1.158
R1153,pine,53446.1,-53718.6,6772.2,-119.57,1.184
R1154,pine,56338.7,-53543.9,5694.8,-70.36,1.18
R1155,pine,58599.3,-53619.2,4741.2,-40.35,1.055
R1156,pine,59379.2,-53833,4049.2,-200.29,1.142
R1157,pine,59978.3,-53632.5,3963.7,-173.3,1.19
R1158,pine,28155,-53066.5,4659.9,86.64,0.841
R1159,elm,29306.1,-52860.4,5104.9,5.52,1.161
R1160,pine,31036.5,-53044.8,5912.7,-9.87,0.913
R1161,pine,31922.1,-52911.7,6222.3,-116.19,1.158
R1162,pine,32777.5,-52747.1,6062.6,84.96,1.023
R1163,elm,33175.4,-53240.7,6378.2,-151.33,1.064
R1164,pine,34677.8,-52864.9,6233.9,-79.07,1.092
R1165,elm,36311.5,-53040,7537,-75.49,1.035
R1166,pine,37137.2,-53064.4,8710.6,17.08,1.165
R1167,elm,38737,-53228.2,8728,-201.44,0.84
R1168,pine,40909.3,-53011.8,8397,-39.47,0.935
R1169,elm,43602.9,-52774.4,8587.3,-153.81,0.825
R1170,pine,44492.9,-53012.5,9665.7,-25.87,1.154
R1171,elm,45136.4,-52750.9,9630.5,-117.71,0.911
R1172,pine,46511.7,-52899.8,9916.2,47.78,0.905
R1173,pine,48172.2,-53084.8,9506,-115.1,1.139
R1174,pine,53764.1,-52841.3,5669.1,-190.81,0.804
R1175,elm,54222.1,-53057.4,5823.1,-26.79,1.119
R1176,pine,55247.2,-52702.1,5482.4,-13.79,0.932
R1177,pine,57820.9,-53234.7,5663.6,-147.85,0.987
R1178,pine,59335.9,-53056.6,4018.4,-22.29,0.957
R1179,elm,25151.3,-52003.7,3571,-6.59,1.152
R1180,elm,26024.8,-52027,4006.4,-212.77,1.009
R1181,pine,30097.4,-52133.3,5156.9,-63.14,1.152
R1182,elm,32422.6,-52447.1,5845.1,-81.31,1.038
R1183,pine,33345.3,-52364.9,5920.9,-13.48,1.103
R1184,pine,34882.4,-52257.3,6562.7,-37.37,0.932
R1185,pine,38447.8,-52117.4,8382.1,-81.22,1.111
R1186,pine,40174.9,-52315.9,7915,20.49,0.869
R1187,pine,40679.2,-52381.2,8194.1,-257.3,1.083
R1188,pine,42707.1,-51976.7,8188.7,89.42,0.978
R1189,pine,43470,-51974.7,8527.8,34.42,1.008
R1190,elm,44780.7,-52369.7,9721.1,-220.65,1.191
R1191,pine,46034.1,-52173.5,9245.9,-27.34,1.082
R1192,elm,47445.3,-52231.9,9498.9,45.92,0.898
R1193,pine,47965.3,-52177.1,8542.3,-202.91,0.906
R1194,pine,48784.4,-52202.4,8671,15.54,0.919
R1195,pine,49822.7,-52225,8587.1,54.57,1.144
R1196,pine,50302.3,-52498.7,8371.7,-189.45,0.913
R1197,pine,53465.9,-52069.5,5409.8,42.68,1.019
R1198,pine,55748.6,-52122.9,5196.5,-198.78,1.189
R1199,pine,56462.9,-52123.9,5241.5,-69.17,1.074
R1200,pine,61706.3,-52060,3182.5,50.96,0.887
R1201,pine,24323.2,-51739.2,3178.1,49.42,1.121
R1202,pine,26526.7,-51489.2,3951.9,-50.72,0.843
R1203,pine,27135.4,-51694.1,4102,-46.12,1.081
R1204,pine,28165,-51567.4,4696.1,69.33,0.953
R1205,pine,29708.8,-51305.7,5473,41.76,0.829
R1206,elm,31987.9,-51498.3,5500.4,-230.61,1.116
R1207,elm,33520.6,-51287.2,5321,-70.54,1.029
R1208,pine,34030.4,-51330.8,5393.8,-216.86,0.838
R1209,elm,37005.2,-51393.2,8710.8,-240.62,0.811
R1210,pine,38251.6,-51370.4,9045.4,-141.27,1.199
R1211,elm,45494.2,-51581.7,9005.2,-101.03,1.13
R1212,pine,46981.4,-51653.4,8207,-116.66,1.045
R1213,pine,49124,-51613.4,8774.9,-176.48,1.186
R1214,pine,50419.5,-51678.8,8369.6,34.4,0.861
R1215,pine,52272.2,-51478.3,6245,-236.65,0.865
R1216,elm,52523.8,-51489.9,6096.5,75.3,0.908
R1217,pine,53366,-51204.4,5434.8,-88.47,0.929
R1218,elm,54497,-51585.6,5373,76.23,0.869
R1219,pine,55829.1,-51592.6,5323.8,-104.51,0.846
R1220,pine,60842.7,-51665.7,3155.2,-106.48,0.918
R1221,elm,29747.5,-50902.9,5171.6,-169.99,0.974
R1222,elm,30421.4,-50708.2,4872.3,26.03,0.93
R1223,pine,31702.7,-50676.9,5118.2,-180.1,0.99
R1224,elm,33402.2,-50853.3,5100.7,-172.47,1.077
R1225,pine,34527.2,-50728.1,5858.2,-163.36,0.883
R1226,pine,36174.1,-50588.6,7688.4,-152.51,0.822
R1227,elm,39376.5,-50982.8,9117.5,37.36,0.883
R1228,elm,40053.8,-51030.4,9457.9,-50.49,1.133
R1229,elm,41596.1,-50966.9,8810.2,-94.95,0.814
R1230,pine,42175.5,-50943.5,8968.2,-236.3,0.952
R1231,pine,42985.8,-50994.1,8798,-214.91,0.957
R1232,pine,45858.6,-50663.3,8447.2,-252.33,1.14
R1233,pine,46454.1,-50922.1,8111.4,-180.25,0.984
R1234,pine,50698.7,-50766.8,8456.6,-118.47,1.161
R1235,elm,51953.7,-50461.3,7117.5,-232.31,1.151
R1236,pine,53600,-50599.9,5840.7,-28.73,0.855
R1237,pine,54353.5,-50838.2,5662.7,-206.57,0.903
R1238,pine,55144.7,-50577.4,5371.9,-175.96,0.889
R1239,pine,55925.7,-50909.1,5386.4,-49.5,0.958
R1240,pine,56624.5,-50889.7,5308.2,-38.28,0.82
R1241,pine,57982.1,-51005.4,4903.7,-52.47,0.981
R1242,pine,60920.3,-51010.8,3190.9,-221.5,0.94
R1243,pine,26388.6,-49809.1,3015.7,-243.83,1.044
R1244,elm,28170.3,-49879.7,4406.4,31.64,0.872
R1245,elm,28519.6,-50180,4584.9,61.84,0.889
R1246,pine,29431.2,-49736.5,4228.8,-238.29,0.972
R1247,pine,33375.3,-49846,5479.5,-16.52,0.878
R1248,elm,35638.9,-49772.9,7087.3,-259.64,1.03
R1249,pine,36457,-50107,7039.6,-50.61,0.938
R1250,pine,36756.4,-49851.9,6999.7,-175.56,1.119
R1251,elm,37890.1,-49869.2,8005.8,-115.02,0.971
R1252,elm,38282.2,-50133,7991.1,-103.95,0.845
R1253,pine,46665.8,-50278.1,7628.2,-105.24,1.011
R1254,pine,47796.6,-49839.7,8138.5,11.96,1.122
R1255,pine,49066.3,-50146.7,10077.3,-163.54,1.187
R1256,elm,50384.5,-50003.9,7519.3,-148.67,1.183
R1257,elm,51100.9,-50038.1,6850.7,-262.85,1.133
R1258,pine,51788,-50245,7195.6,-20.48,0.885
R1259,pine,52881.4,-50126.6,6254.4,48.36,1.05
R1260,pine,53683,-50100.5,5970.3,-45.13,0.934
R1261,elm,54419.3,-50234.1,5383.5,-192.35,1.136
R1262,pine,54891.9,-49883.5,5229.4,25.42,1.146
R1263,pine,55964.5,-49777.4,5264.6,-239.03,0.91
R1264,elm,57847.1,-49937.1,4529.8,-228.39,0.949
R1265,pine,27209.6,-49307,3638.4,10.96,1.135
R1266,pine,28883.7,-49320.5,4228.1,-262.85,0.955
R1267,pine,29243.7,-49064,4015.1,74.32,1.042
R1268,elm,30327.1,-49259,4218.8,-209.89,0.926
R1269,pine,30972.3,-49069.6,4536.9,-192.65,1.078
R1270,elm,31919.7,-49400.2,4912.4,-152.05,0.802
R1271,pine,32584.4,-49033.7,5300.8,-240.99,1.139
R1272,elm,33318.7,-48951.5,6059.2,-262.72,1.161
R1273,pine,33721.9,-49197.5,6716.6,-30.15,0.938
R1274,elm,35651.7,-49225.6,6812.9,-224.98,1.196
R1275,pine,36265.5,-48973.1,6451.2,-154.99,1.103
R1276,elm,37070,-49207.5,6397.2,61.74,0.804
R1277,pine,38603.8,-49548.9,7806.1,-0.33,1.121
R1278,pine,39150.9,-49443.7,7791.2,-76.15,0.97
R1279,elm,41745.8,-49545.6,9587.3,86.27,0.911
R1280,pine,42080.5,-49514.9,9719,72.36,1.065
R1281,pine,45110.7,-49413.8,8357.6,-123.28,1.035
R1282,pine,51361.9,-49433.8,6281.1,-164.35,1.013
R1283,pine,52840.4,-49216.1,6362.1,27.69,1.137
R1284,pine,53207.6,-48959.9,6374.6,-94,0.823
R1285,pine,54279.8,-49022.2,5108.6,-167.61,1.108
R1286,pine,54878.3,-49257.2,4954.2,71.16,1.131
R1287,pine,55957.9,-49027.7,5257.3,-206.96,0.876
R1288,elm,19641.4,-48781.8,2074.2,-9.06,0.919
R1289,pine,22832.2,-48504.7,2396.2,-266.86,0.944
R1290,pine,24208.6,-48442,2654.2,-114.05,1.151
R1291,pine,26660.4,-48378,3201.1,32.36,1.013
R1292,pine,27405.3,-48230.6,3412.3,-55.57,1.098
R1293,elm,29008.9,-48598.3,3775.4,-206.36,1.055
R1294,elm,29313.2,-48662.6,3806,-37.39,0.904
R1295,pine,30160.8,-48646.5,3931.8,-17.43,0.893
R1296,pine,31759.8,-48544,4947.8,-157.4,0.866
R1297,pine,32585.1,-48284.4,5350,-216.02,0.84
R1298,elm,33701.3,-48271.2,5984.7,-15.13,0.801
R1299,elm,34775.4,-48758.5,5764.9,-136.91,1.118
R1300,pine,35789.9,-48369.7,6112.4,-60.68,1.124
R1301,elm,36367.7,-48299.7,6243.3,30.75,0.911
R1302,pine,37610.2,-48579,6611.4,-134.84,0.987
R1303,pine,39199.8,-48486.8,8688.6,-212.23,0.828
R1304,elm,39919.7,-48533.7,9135,-158.29,1.031
R1305,pine,40602.7,-48454.3,10087.6,19.27,0.985
R1306,pine,41742.8,-48210.6,9104.6,-164.04,0.977
R1307,pine,42235.1,-48389.4,8860,-31.69,0.844
R1308,pine,43246.2,-48353.9,8017.6,6.74,1.179
R1309,elm,43611.1,-48352.8,8314.9,-90.76,1.029
R1310,pine,44595.1,-48212.9,7786.9,-235.3,0.804
R1311,pine,44973.7,-48345.9,7735.3,-78.1,0.838
R1312,pine,49863.8,-48568.2,6805,-98.63,0.964
R1313,pine,50434.1,-48782.2,6298.8,86.7,1.021
R1314,pine,52119.9,-48508.9,6472.5,32.15,0.948
R1315,elm,53339.1,-48535.9,5954.2,57.55,1.101
R1316,pine,54990.9,-48302.3,4974.9,-168.35,0.947
R1317,elm,56028.8,-48701.4,5403.9,-69.99,1.163
R1318,pine,56284.7,-48417.5,5183.7,85.36,1.03
R1319,pine,56992.7,-48477.8,5094.5,22.95,0.829
R1320,pine,61277.9,-48538.3,2975.8,-168.6,1.002
R1321,pine,21365.6,-47878.9,1986.2,66.33,1.037
R1322,elm,24435.5,-47669.6,2651.5,-157.23,1.042
R1323,elm,26522.6,-47514.6,3196,-197.49,0.806
R1324,elm,29506.7,-47930.9,3864.3,-216.09,0.873
R1325,pine,30085.7,-47848.5,4019.7,-150.05,0.935
R1326,pine,31015.8,-47858.4,4455.1,23.97,0.989
R1327,pine,31946.8,-47664.4,4615.7,-91.02,1.055
R1328,pine,32568.7,-47476.3,4902.4,-202.16,0.8
R1329,pine,33078.8,-47989.1,5527.6,7.92,1.012
R1330,pine,34226.6,-47942.8,5571.3,-84.93,1.19
R1331,pine,34594.2,-47587.1,5213.1,-155.67,0.885
R1332,pine,36114.8,-48009.5,6321.9,-135.21,0.827
R1333,pine,40464.2,-47852.9,10261.7,-159.84,1.121
R1334,pine,44346.7,-47978.7,7897.3,-6.42,0.875
R1335,elm,45445.7,-47707.4,8277,-12.96,1.144
R1336,pine,48780.9,-47825.9,8433.4,-173.24,1.02
R1337,pine,50030.5,-47667.3,6871.7,16.64,1.198
R1338,pine,50483.7,-47543.3,6590.5,-166.72,0.815
R1339,elm,51455.4,-47461.2,6196.9,17.08,1.146
R1340,pine,52929.8,-47969.6,5652.2,-30.8,1.066
R1341,pine,53722.8,-47614.7,5952.3,-233.44,1.144
R1342,elm,56526.6,-48036.2,4916.6,17.23,0.836
R1343,pine,58826,-47807.5,3793.9,16.9,1.171
R1344,pine,59456.5,-47668.5,3609.4,-42.78,0.98
R1345,elm,60451.1,-47674.5,3225.1,-89.2,1.025
R1346,pine,61847.3,-47715.5,2982.4,-73.16,0.96
R1347,elm,22881,-47115.5,2125.8,73.81,0.999
R1348,pine,23352.2,-47078.5,2197,-196.48,1.146
R1349,elm,26682.7,-47178.8,3079.5,-171.6,1.1
R1350,pine,27506.1,-47151.2,3394.7,34.03,0.929
R1351,pine,28247.5,-46949.6,3689,-232.07,0.947
R1352,pine,30471.9,-47123,4009.4,-157.21,1.15
R1353,pine,31184.8,-47213.9,4378.4,-51.12,1.198
R1354,pine,31806.8,-47024.5,4482.4,17.17,1.027
R1355,pine,32241.7,-47089.4,4543.4,-242.87,0.922
R1356,elm,33525.5,-46946.3,5502.1,-228.37,0.983
R1357,pine,34006.3,-46701.4,5678.8,-215.97,0.97
R1358,elm,34989.8,-47002.7,5534.6,-40.98,0.953
R1359,elm,35338.3,-46921.3,5646,-96.48,0.886
R1360,elm,36203.3,-46926,6790.7,-256.95,1.131
R1361,elm,37055,-46715,6075.8,-192.94,1.174
R1362,pine,41442.8,-46897.4,8085.8,-211.05,0.803
R1363,elm,43584.8,-46838.2,8415.6,31.93,1.068
R1364,pine,48932.2,-46922.5,6974.1,-179.61,1.109
R1365,elm,49899.3,-46710.8,6941.8,-173.06,1.162
R1366,pine,50580.1,-47123.8,6636,-190.65,1.194
R1367,pine,52240.4,-47050.5,5746.7,-40.37,0.852
R1368,elm,52469.1,-47155.7,5860.8,-40.3,0.862
R1369,elm,53658.8,-47177.3,5879.1,40.09,0.938
R1370,pine,54384.8,-46942.2,6297.9,-95.63,0.928
R1371,elm,56668.8,-47152.7,4921,-175.71,1.135
R1372,pine,57427.4,-47218.7,4374.3,-49.85,0.975
R1373,pine,58945.5,-47081.5,3802,-54.92,0.973
R1374,pine,59436.7,-47222.3,3701.9,-208.13,1.172
R1375,elm,22012.3,-46241.6,2042.1,-3.39,0.811
R1376,pine,24316.3,-46173.8,2444.3,65.46,0.981
R1377,pine,27171.6,-46034.1,2896.2,14.08,0.921
R1378,pine,28172.9,-46524,3487.3,-89.15,0.879
R1379,pine,29591.8,-46413.6,4250,-119.68,1.108
R1380,pine,31085.5,-46058.4,4317,-161.4,0.938
R1381,pine,31885.9,-46400.7,4481.3,-248.56,0.957
R1382,pine,32654.9,-46350.1,4778.6,-148.24,0.99
R1383,pine,35697.1,-45989.8,6503.6,-95.43,0.965
R1384,elm,36230.9,-46437.7,6369.8,-196.83,0.935
R1385,elm,38679.1,-46245.4,9266.1,-131.03,0.872
R1386,pine,42540.1,-46084.7,8254.7,-103.12,1.161
R1387,elm,43238.5,-46057.8,8854.9,-109.29,0.939
R1388,pine,43473,-46415,9103.9,32.74,1.161
R1389,pine,44560.4,-46237.8,9049.3,-22.11,0.901
R1390,pine,46110.9,-46395,9813.5,68.78,0.824
R1391,elm,49467.6,-46464.4,6877.8,-216.94,1.065
R1392,pine,51219,-46167.5,5855.2,-248.12,0.952
R1393,elm,51984.4,-45971.1,6113.2,42.41,0.915
R1394,pine,53703.9,-46345,6139.9,8.01,1.094
R1395,pine,54266.5,-46374.4,6246.6,-105.34,1.008
R1396,pine,55067,-46077.7,5774.9,-258.97,0.821
R1397,pine,58766.9,-46368,3963.3,19.78,0.923
R1398,pine,61568.7,-46316.5,3314.9,-54.12,1.19
R1399,elm,21238,-45261.2,1979.8,-117.87,1.147
R1400,pine,21857.6,-45322.2,2042.4,68.87,1.153
R1401,elm,25883.6,-45397.6,2466.2,57.64,1.158
R1402,pine,26415.8,-45614.8,2563.7,89.36,1.194
R1403,elm,27028.6,-45203.3,2711.3,49.01,1.05
R1404,pine,28478.6,-45241.4,3564.5,37.46,0.858
R1405,pine,29447.9,-45298.2,3966.9,-225.45,0.858
R1406,pine,30247.7,-45667.8,4129.5,-146.96,1.061
R1407,elm,30980.2,-45495.2,4233.4,-254.35,0.816
R1408,pine,32408.5,-45737.2,4402.6,4.23,0.821
R1409,elm,34547.8,-45352,5906.5,-172.77,1.087
R1410,pine,36008.8,-45339.4,6346.6,0.55,0.932
R1411,pine,39035.9,-45250.6,7471.9,60.39,0.863
R1412,pine,41019.5,-45430.3,8004.3,-26.24,0.918
R1413,elm,48518.7,-45247.1,6661.5,-234.3,0.993
R1414,pine,49175.8,-45553,6245.7,-222.39,1.169
R1415,pine,49874.6,-45318.4,6097.5,-21.89,1.046
R1416,elm,50772.5,-45295.5,6743.8,-246.9,1.17
R1417,pine,51002.5,-45701.2,6282.2,-1.81,1.042
R1418,pine,52106.2,-45395.1,6719.4,-140.09,0.951
R1419,pine,53047.1,-45444.4,6809.2,81.49,1.151
R1420,elm,54450.1,-45641.6,6320.7,-116.61,0.897
R1421,pine,55832.6,-45659.5,4915,68.29,1.095
R1422,pine,56231.7,-45577.4,4680.7,-84.57,0.982
R1423,pine,58262.5,-45212.4,4098.5,-248.57,0.99
R1424,pine,58609.6,-45202.6,3882.7,-112.75,0.808
R1425,pine,60473.3,-45449.8,3285.3,-245.16,0.858
R1426,pine,20687.4,-44924.2,1938,-107.09,1.179
R1427,pine,22178.1,-44752.2,2133.1,-60.24,1.095
R1428,pine,22954.8,-44658.5,2191.6,-246.98,0.82
R1429,pine,23395.6,-44835.4,2211.5,-84.4,0.939
R1430,pine,25243.5,-44932.4,2413.6,78.31,1.029
R1431,pine,25841.9,-44579.1,2443.5,11.18,0.82
R1432,pine,26792.7,-44588.5,2775.9,-45.17,1.06
R1433,pine,27196.9,-44612.2,2844.8,-63.27,0.941
R1434,pine,28766.5,-44461.3,3755.4,-11.42,1.102
R1435,pine,33885.4,-44923,5566.1,-198.18,1.168
R1436,pine,34665.5,-44753.1,5994.3,-47.07,0.894
R1437,elm,35394.2,-44687,6515.2,-109.41,0.986
R1438,pine,37789.5,-44814.4,7894.2,46.31,0.885
R1439,elm,38377.8,-44641.2,7436.8,-52.09,0.907
R1440,pine,39283,-45005.9,7188.7,-110.21,1.15
R1441,pine,40495.1,-44879.7,7200.6,50.98,0.992
R1442,pine,44779.4,-44826.7,10175,-242.83,1.071
R1443,pine,45517.5,-44700,10139.9,50.71,0.911
R1444,pine,45700.6,-44882.2,9981.4,-101.07,0.982
R1445,pine,48496,-44895.1,6405.7,-34.57,1.013
R1446,elm,50769.4,-44863.4,7056.8,9.32,1.006
R1447,pine,51990.4,-44805,7452.8,-33.89,0.836
R1448,pine,54858.3,-44788.3,5687.7,-236.45,1.141
R1449,pine,56683.3,-44576.4,4313.5,-148.44,1.13
R1450,elm,57461.3,-44723.9,4218.1,63.54,0.941
R1451,elm,61065.4,-44562.2,3205.7,-262.01,1.071
R1452,elm,20571.7,-43941.5,1847.6,-108.05,0.994
R1453,pine,22009.5,-44238,2041.2,-200.42,1.012
R1454,pine,24040.6,-43983.8,2329.8,82.17,1.122
R1455,pine,26004.3,-44018.4,2564.9,-246.92,1.082
R1456,elm,27778.9,-43890.9,3296.7,15.83,1.035
R1457,pine,28759.6,-43735.4,3807.5,-103.41,0.984
R1458,pine,32729,-44281,4600.5,-261.96,1.126
R1459,pine,35471.5,-43897.7,6492.9,4.66,1.158
R1460,elm,36251.6,-43813.3,7719.8,-13.35,0.997
R1461,elm,36962.4,-43857.5,7211.6,-10.02,1.118
R1462,elm,39162,-44034.2,7510.9,-108.71,1.038
R1463,pine,40054.9,-43970.1,7237.9,63.17,0.902
R1464,pine,40551.7,-44026.7,7047.5,-95.07,1.189
R1465,pine,41582.6,-44202.7,6707.9,-235.48,0.938
R1466,pine,41955,-43977,6975.9,-163.19,0.842
R1467,pine,42847.5,-44289.5,7525.5,-131.16,0.957
R1468,pine,48243.3,-43706.7,7129.7,21.26,0.915
R1469,pine,48730.3,-44038.8,6520.4,-5.73,0.811
R1470,pine,52134.3,-43714.5,6074.5,-54.26,1.163
R1471,elm,53476,-43979,5597.7,-90.63,1.116
R1472,elm,55128.9,-44023,5209.9,-32.78,0.819
R1473,elm,56027.7,-43955,4350.1,-185.49,0.908
R1474,pine,56690.3,-44152.4,4191,-231.05,1.023
R1475,pine,57157.9,-43730,3927.2,-242.5,0.836
R1476,pine,58779.5,-44203,4184.8,-264.98,1.105
R1477,pine,60892.5,-44118.2,3355,-131.19,0.997
R1478,pine,22901.1,-43525.8,2088.9,-152.05,0.837
R1479,pine,24963.2,-43061.2,2437.7,-152.9,1.092
R1480,elm,25836.5,-43046.8,2592.9,1.55,1.16
R1481,pine,27453.6,-43402.7,3117.7,-138.23,0.836
R1482,pine,27894.3,-42959.6,3272.9,-218.96,1.015
R1483,pine,29014.5,-43141.1,3855.8,23.58,1.161
R1484,pine,29437.8,-43054.6,3756.9,-15.1,1.087
R1485,pine,30258.2,-43292.5,3976.3,34.01,0.926
R1486,elm,30971.9,-43298.3,3762,-215.11,0.854
R1487,pine,31893.1,-43483,4183.4,-75.29,0.987
R1488,pine,32636.7,-43497.7,4718.6,-162.64,1.089
R1489,pine,33372.9,-43458,4996.5,-268.4,0.989
R1490,pine,34676.2,-43420.8,5644.4,-58.73,1.002
R1491,elm,36044.4,-43022.5,6992,-211.88,1.137
R1492,elm,36938,-43528.9,6888.4,-12.51,0.967
R1493,pine,37630.1,-43526.2,6550.5,-135.38,0.877
R1494,pine,38643.5,-42997.3,6519.3,-255.19,0.942
R1495,pine,39060.5,-43381.8,6822.4,-114.55,1.095
R1496,elm,39930.2,-43112.5,6655.4,-133.56,0.996
R1497,pine,40486.6,-43052.1,6225.8,17.35,1.059
R1498,pine,41576.1,-43211.5,6247.1,-138.21,1.089
R1499,elm,42074.1,-43235.5,6494.1,-113.72,1.023
R1500,elm,45456.2,-43460.9,9144.2,-171.9,1.077
R1501,pine,47591,-42954.2,8503.8,-135.31,1.135
R1502,pine,49008.6,-43321.6,7432.9,8.24,0.85
R1503,pine,52560.6,-43406,6073.8,-230.49,0.918
R1504,pine,53540,-43060.6,5475.4,-163.96,0.834
R1505,pine,54519.2,-43390,5848.5,-66.56,0.87
R1506,pine,55925.7,-43051,4345.4,53.49,1.153
R1507,elm,56286.2,-43042.7,4158.4,-166.32,1.05
R1508,elm,59528.6,-43210.5,3751.1,-135.23,1.078
R1509,elm,64542.3,-43331.1,3781.4,23.18,0.996
R1510,pine,20760.3,-42231.1,1734.2,-63.21,1.169
R1511,pine,23396.3,-42561.5,2055.2,28.01,1.098
R1512,pine,26580.7,-42237,2518.6,59.71,1.08
R1513,elm,28995.2,-42339.1,3742.5,65.31,1.04
R1514,pine,29348,-42689.4,3754.2,-38.84,0.837
R1515,pine,29980.1,-42761.6,3977,-157.82,0.968
R1516,pine,31522.9,-42359.9,4205.6,-267.62,1.074
R1517,pine,32769.7,-42369.6,4442.5,-102.17,0.98
R1518,pine,33041.5,-42745.5,4468.8,-213.68,0.848
R1519,pine,34007.4,-42668.4,5090.4,46.11,0.996
R1520,pine,34915.2,-42445.4,5740,6.77,0.85
R1521,pine,36275,-42392.1,7024.3,-77.02,0.835
R1522,elm,36852.2,-42640,6526.6,-173.62,1.013
R1523,pine,38405.3,-42705.5,6316.7,-48.59,1.064
R1524,pine,39251.1,-42746.4,6597.6,-196.65,0.94
R1525,elm,39823.1,-42785.7,6660.6,-184.2,0.932
R1526,pine,40680.1,-42759.3,6238.2,-134.14,0.893
R1527,elm,43945.8,-42403.9,6548.4,-0.96,1.034
R1528,pine,44595.7,-42302.7,6827.8,-19.33,0.824
R1529,pine,46017.6,-42692.1,7863.5,86.12,0.98
R1530,pine,48052.9,-42642,8331.6,7.98,1.188
R1531,pine,48817.4,-42274.2,8718.6,-71.31,1.158
R1532,pine,51933.3,-42636.8,5067,-14.29,1.034
R1533,pine,52976.9,-42641.1,5403.4,-206.88,0.954
R1534,pine,54324.1,-42602.3,5636.4,-106.19,1.133
R1535,pine,55847,-42774.3,4316.8,-59.35,1.185
R1536,pine,57405,-42421.8,3675.1,68.16,0.916
R1537,pine,57775.9,-42785.9,3440.5,49.13,0.817
R1538,elm,58461.1,-42712.5,3515.1,89.33,1.144
R1539,elm,60926.3,-42371.4,3591.2,70.74,0.917
R1540,elm,23798.6,-41860.5,2158.9,-92.23,0.906
R1541,pine,24401,-41888,2330.8,-184.35,0.932
R1542,pine,25940,-41651.2,2427.7,12.48,1.188
R1543,elm,27543.4,-41703.8,2977.3,-242.54,0.872
R1544,pine,28044.4,-41912.2,3343.6,-145.46,0.946
R1545,pine,28835.7,-41575.5,3502.2,-63.3,1.034
R1546,pine,29451.4,-41910,3593.8,-165.69,1.097
R1547,pine,30123.1,-42040.4,3706.7,-204.08,0.952
R1548,elm,30760.7,-41867.5,3982,-67.38,1.02
R1549,pine,31691.6,-41528.1,4230.8,-213.24,1.06
R1550,pine,32451.4,-41854.1,4255.6,80.45,0.968
R1551,pine,34507.5,-41881.6,5075.2,74.14,0.907
R1552,pine,36218.8,-41567.2,6678,-198.13,0.951
R1553,pine,39197,-41733.1,6593.6,31.93,1.187
R1554,pine,40604.9,-41719.1,6033.9,-16.51,1.152
R1555,elm,41246.7,-41577.1,5685.9,-49.92,0.817
R1556,pine,43573.5,-41947.7,6497.1,-177.18,0.886
R1557,pine,44704.2,-41540.8,6836.7,-198.51,1.064
R1558,pine,44953.4,-41716.2,6958.8,-261.97,1.054
R1559,pine,45863.7,-41799.9,7308.7,-187.12,1.04
R1560,pine,46678.9,-41862.5,7569.1,-121.64,1.001
R1561,pine,48539.3,-41942.9,8466.6,52.38,0.93
R1562,elm,50260.4,-41700.5,5743.5,-244.8,0.893
R1563,pine,51357.1,-41494.1,5515.3,-90.73,0.98
R1564,pine,52822.1,-41821.9,5172.6,-118.11,0.915
R1565,pine,53374.7,-41905.7,5219.6,-164.74,1.054
R1566,pine,54294.3,-41760.9,5084.4,-241.57,0.964
R1567,elm,54920.9,-41778.2,4825.3,-217.77,1.005
R1568,pine,56302.4,-41955.9,3879.9,-109.08,1.092
R1569,pine,57064.5,-41960.1,3700.4,-135.42,0.988
R1570,pine,57796.1,-41961.9,3643.6,-217.48,1.185
R1571,elm,58516.9,-42028,3378.7,7,1.182
R1572,elm,22030.5,-40899.3,1752.6,35.87,1.1
R1573,elm,22533.3,-40757.1,1799.6,-254.58,0.816
R1574,elm,24896.9,-40856.7,2338.2,-15.56,0.935
R1575,pine,26662.4,-41200.1,2441.2,-192.61,1.197
R1576,pine,27391.2,-41295.9,2777.2,-148.7,1.135
R1577,pine,28646.9,-40749.9,3301.5,-40.59,1.138
R1578,elm,29380.3,-41002.5,3337.7,-189.09,0.845
R1579,pine,30291.1,-41150.3,3640.3,-105.08,1.125
R1580,elm,30923.7,-40726.9,3630.5,-80.19,0.911
R1581,elm,31534.8,-40881.8,4080.5,-181.11,0.832
R1582,pine,32342.3,-40706.4,4225,-159.61,1.121
R1583,pine,33106.2,-41003.7,4505.8,-90.06,1.186
R1584,pine,34036.3,-40834,4499.5,47.85,1.038
R1585,elm,34849.3,-41187.5,5240.9,-31.76,0.806
R1586,pine,35213.5,-40916.4,5239.1,-158.18,0.923
R1587,pine,36377.4,-40921.5,5843.5,17.23,0.972
R1588,elm,38245.1,-40970.3,7579.8,-67.67,1.181
R1589,pine,39360.2,-41287.2,6117.5,-165.17,1.059
R1590,pine,39709.9,-41163.8,6006.6,-10.19,0.864
R1591,pine,40834.5,-41241.3,6110.3,-188.93,0.974
R1592,pine,41348.2,-40837.7,5794.4,-253.16,1.028
R1593,pine,42059.6,-40850.8,5833.9,-69.74,0.839
R1594,pine,44291.3,-40786.6,6231.7,-173.24,1.17
R1595,pine,45289.7,-40805.9,7200,48.31,1.175
R1596,pine,45912.9,-41044.7,7368,8.38,0.855
R1597,elm,46718.6,-40859,7676.3,-162.03,0.911
R1598,pine,49584.4,-40951.5,6616.3,-260.03,1.004
R1599,elm,50523.6,-41082.6,5783.9,-214.59,0.931
R1600,pine,51764.2,-40796.7,5050,-187.73,0.829
R1601,pine,52909.6,-40909.2,4756.6,11.93,1.077
R1602,elm,53479,-40923.9,4819.5,-180.9,0.863
R1603,pine,54421.7,-41163.9,4961.6,-166.78,1.112
R1604,pine,55858,-41260.1,3947.8,44.97,1.014
R1605,pine,60157.2,-41193.5,3902.2,-186.05,1.187
R1606,pine,22512.4,-40010.3,1824.4,-83.37,1.06
R1607,pine,23648.3,-40105.1,1947.9,-157.87,1.121
R1608,elm,24207.5,-40083.8,2082.2,40.88,1.169
R1609,elm,26000.8,-40379.3,2428.7,-152.31,0.912
R1610,elm,26596.4,-40517.1,2409.7,39.78,1.151
R1611,elm,27091.1,-39952.9,2608.7,-219.33,0.906
R1612,pine,28219.5,-40504.5,3115.6,-242.96,1.058
R1613,elm,29200.7,-40321.7,3374.4,-44.85,0.994
R1614,pine,30360.5,-40190.9,3497.9,44.29,1.048
R1615,pine,31224.6,-40290.7,3733.1,-257.56,1.111
R1616,elm,31765.3,-40425.9,4107.2,-128.65,0.999
R1617,pine,32479.6,-40474.8,4317.7,-164.79,0.832
R1618,pine,33496.2,-40378.8,4482.9,-31.79,1.116
R1619,pine,34166.1,-40245.1,4647.2,43.81,1.042
R1620,pine,34698.5,-40021.6,4408.5,66.55,0.853
R1621,elm,35236.6,-39990.8,4423.7,-53.14,1.054
R1622,pine,36386.6,-40319.5,5491.5,-155.64,1.037
R1623,pine,37283.7,-40044.8,5097.7,-13.37,1.109
R1624,pine,40173.4,-40170.1,5805.1,-73.06,1.131
R1625,pine,40513.5,-40350.8,5991.3,-228.69,0.838
R1626,pine,41341.4,-40122.6,6245,-266.19,0.902
R1627,pine,42849.1,-40491.1,6124.7,60.47,1.003
R1628,pine,43557.1,-40043.3,6196.5,-123.67,0.959
R1629,elm,44234.8,-40028.5,6611.1,-60.63,1.145
R1630,elm,49048.3,-40478.8,7013,4.69,0.984
R1631,pine,52483.2,-40005.2,4535,-56.06,1.2
R1632,elm,53431.1,-40000.2,4607.1,80.42,0.882
R1633,pine,55156.3,-40044.5,3985,-189.1,1.01
R1634,pine,56317.9,-40153.4,3369,-104.84,1.158
R1635,pine,57416.3,-40438,3139.6,-261.85,0.825
R1636,elm,58521.6,-40245.9,3231.7,66.91,1.01
R1637,pine,60881.2,-40231.3,3517.2,-146.75,1.063
R1638,pine,25600,-39447,2216.2,-65.43,1.044
R1639,pine,26286.8,-39610.9,2358.8,-98.51,1.003
R1640,pine,27519.1,-39465.7,2617.1,-107.96,1.055
R1641,pine,28107.1,-39735,2935.5,-122.74,0.868
R1642,pine,29322.5,-39382.7,3184.4,-140.32,0.926
R1643,elm,30528,-39436.7,3443,-266.47,1.057
R1644,elm,30865.9,-39257.2,3600.8,65.94,0.899
R1645,pine,31870.7,-39506.1,4015.2,-218.71,1.153
R1646,pine,32280.6,-39435.9,4374.8,-202.53,0.95
R1647,elm,33495.1,-39551.3,4315.4,-69.41,0.828
R1648,pine,33703.8,-39477.2,4301.9,-140.14,1.181
R1649,pine,34981.4,-39343.8,4274.2,-23.73,1.048
R1650,pine,36442,-39440.7,4627.5,-214.06,0.946
R1651,elm,37003.5,-39604.3,4601.9,-196.41,1.187
R1652,pine,37620.2,-39210.3,4463.5,-121.6,0.864
R1653,elm,40050,-39298.8,6162.8,-108.03,1.14
R1654,pine,40853.5,-39734,5661.6,27.01,1.153
R1655,pine,42313.9,-39658.2,5795.1,-96.02,0.937
R1656,pine,42877.2,-39428.1,5332.3,-77.8,1.109
R1657,elm,45088.1,-39536.6,7004.4,85.02,1.174
R1658,pine,45959,-39787.7,8175.4,71.33,0.87
R1659,elm,48489.8,-39691.8,6282.6,1.74,1.118
R1660,elm,48836,-39686.9,6494.5,-167.38,1.056
R1661,elm,50034.2,-39490.5,6083.9,-147.44,1.126
R1662,elm,50430.4,-39693.4,5833.8,-173.32,1.041
R1663,pine,52470.6,-39762.8,4436,-41.22,0.819
R1664,elm,54325.5,-39674.2,4337.9,-32.82,1.036
R1665,elm,56602.4,-39321.9,3080,80.09,0.905
R1666,pine,57483.2,-39556.5,2894.7,-226.6,1.079
R1667,pine,57742,-39501.8,2858.6,-63.72,0.968
R1668,pine,60388.2,-39343.5,3016.8,-81.6,0.936
R1669,pine,25556.5,-38893.9,2135.2,-0.24,0.932
R1670,pine,28116,-38455.5,2666.9,14.51,0.869
R1671,elm,29563.9,-38584.7,3244.3,22.81,0.808
R1672,pine,30894.8,-38727,3718.8,-73.09,1.04
R1673,pine,31733,-38770.2,4106.8,-171.49,0.903
R1674,pine,33400.8,-38609.5,4086.3,-255.8,1.074
R1675,pine,34110,-38819.5,4051.9,-250.24,1.174
R1676,pine,34753.2,-38597.2,4004.1,-154.91,1.18
R1677,elm,35663,-38541.9,4054.7,-55.43,1.117
R1678,pine,36119.2,-38752.5,4383.9,-103.88,0.854
R1679,pine,36808,-38920.8,4252.6,-210.73,1.01
R1680,elm,37830.2,-38458.7,4258.2,-93.7,0.971
R1681,elm,38643.2,-38846.4,5134.3,-87.33,0.822
R1682,elm,39118.7,-38550.1,4900.7,48.57,0.858
R1683,pine,40949.1,-39041.3,5647.9,-14.32,0.897
R1684,pine,42777.9,-38600.3,4713.6,59.19,1.112
R1685,pine,44282.7,-38493.7,5556.7,-178.57,1.145
R1686,elm,47491.8,-38646.3,4741.5,73.04,0.931
R1687,pine,48904.4,-38656.2,5364.6,-252.47,1.197
R1688,elm,49830.1,-38742.5,5310.5,-115.25,1.179
R1689,elm,50357.6,-38698.5,5624.1,-96.32,0.901
R1690,elm,51035.8,-38904.5,5369.3,-176.57,0.873
R1691,elm,51768.6,-38882.3,4592.2,30.6,1.196
R1692,pine,55195.5,-38959.3,3845.2,-23.99,0.911
R1693,pine,56401.9,-38773.7,3274.6,-111.29,1.107
R1694,pine,60374.1,-38646.7,2714.6,64.67,1.068
R1695,pine,24432.2,-38210.9,1860.1,-20.5,0.963
R1696,pine,26785.1,-38233,2268.8,-255.32,0.932
R1697,pine,27871.6,-37757,2498.9,-128.09,0.819
R1698,elm,28566.1,-37905.8,2841.5,-67.57,0.915
R1699,pine,29468.3,-37883,3062.4,-260.36,1.12
R1700,elm,30251.5,-37863.4,3344.8,44.12,1.179
R1701,pine,30972.7,-37937.2,3443.2,-200.86,1.163
R1702,elm,32726.7,-37738.4,3208.4,-24.25,1.086
R1703,pine,33513.2,-38124.9,3743.9,-216.63,0.821
R1704,pine,33963.1,-37879.2,3672.4,-7.82,1.061
R1705,pine,36207.7,-37813.9,3640.8,-77.53,1.122
R1706,pine,37519.9,-38204.7,4040.3,-139.42,1.047
R1707,elm,38351.6,-38242.9,4297.4,-224.24,0.838
R1708,elm,39364,-37914.5,4099.2,-85.17,1.104
R1709,elm,42752.5,-38009.2,4442.4,-98.17,1.071
R1710,pine,46491,-38276.2,4628.6,-209.37,1.179
R1711,elm,47641.5,-37712.8,3961.1,-40.17,0.98
R1712,pine,49270.7,-38102.7,4916.9,-90.51,0.907
R1713,pine,49873.1,-37777.1,4905.6,84.79,1.068
R1714,elm,50592.9,-37826.5,5081.2,-148.22,1.097
R1715,pine,52072.3,-37894.5,4806.3,49.01,1.173
R1716,pine,53029.3,-37979,4266.5,-120.16,1.09
R1717,pine,54399.9,-37713,4205.1,-220.08,0.839
R1718,elm,55799.4,-38035.6,3568.6,-268.03,0.884
R1719,pine,56449,-38039.6,3094.8,-83.96,0.864
R1720,elm,57942,-37897.7,2712.8,-216.72,1.176
R1721,pine,61560.9,-38123.9,3067.5,39.97,0.907
R1722,elm,28707.8,-37077.6,2801.8,66.86,0.852
R1723,pine,29477.9,-37094.4,3085.5,-18.83,0.939
R1724,pine,30417.7,-37263.7,3127.5,-266.61,0.824
R1725,pine,32368.7,-37363.6,2978.2,-119.45,0.804
R1726,pine,33292.7,-37305.1,3096.4,-28.45,0.854
R1727,pine,35742.3,-37368.1,3316.3,60.83,0.809
R1728,pine,36534.6,-37073.2,3249.6,-247.48,1.089
R1729,pine,37957.5,-37463,3470.1,69.6,1.147
R1730,elm,38277.8,-36974.2,3117.8,-73.83,1.082
R1731,pine,38994.8,-37310.8,3457.9,-45.71,1.111
R1732,pine,41592.5,-37115.7,3617.1,-104.84,1.066
R1733,elm,42037.5,-37389.8,3791.8,61.4,0.949
R1734,elm,43204.7,-37154.8,3866.5,-15.09,0.861
R1735,pine,43727.2,-37541.3,4468.8,-71.36,0.995
R1736,elm,45017.6,-37254.3,3497.1,-245.52,0.908
R1737,pine,46106.6,-37102.2,3344.3,-126.81,1.116
R1738,pine,46993.5,-37160.8,3474.3,63.05,1
R1739,elm,47343.9,-37469,3751.3,-108.87,0.904
R1740,pine,48748.5,-37317.8,4364.4,-23.48,0.943
R1741,elm,49595.1,-37206.3,4667.4,77.25,0.928
R1742,pine,50743.8,-37487.5,4936.8,-72.18,0.818
R1743,pine,52299.2,-36953.2,4423.8,-38.13,0.888
R1744,pine,53440.3,-37287.1,4077.8,-256.45,0.838
R1745,pine,54171.5,-37435.9,4174.9,50.54,1.144
R1746,pine,55164.5,-36951.2,3400.6,-131.51,1.134
R1747,pine,55666.8,-37463.6,3614.4,-198.84,0.96
R1748,elm,56672.8,-37469.7,3055,-61.68,0.831
R1749,pine,58811.1,-37187.5,2539.6,73.77,0.814
R1750,elm,60105.5,-37329.6,2413.2,-171.46,0.808
R1751,pine,61152.3,-37081.2,2810.8,25.41,1.151
R1752,elm,62201.4,-37115,2927.4,-24.75,1.149
R1753,pine,63049.8,-37344.8,2951,-97.18,1.181
R1754,pine,19285.9,-36755.2,1685.4,-194.01,1.07
R1755,pine,21700.7,-36317.7,1608.7,-58.46,0.852
R1756,elm,24522.3,-36723.2,1714.6,30.8,0.995
R1757,pine,25959.7,-36488.4,1993.6,-226.67,1.173
R1758,pine,28222.6,-36592.6,2641.4,-104.71,0.855
R1759,pine,29571.2,-36234.8,2993.7,-165.68,1.093
R1760,pine,30156.2,-36652,2997,-208.9,1.052
R1761,pine,31256.9,-36417.3,2843,3.83,0.871
R1762,pine,32012.1,-36327.6,2839.9,87.52,1.079
R1763,pine,33545.7,-36795.7,2949,-239.2,0.924
R1764,pine,33902.1,-36382.2,2856.1,-1.04,1.106
R1765,pine,34629,-36251.6,2833.3,-34.04,0.901
R1766,elm,35693.8,-36586.2,2986.3,-242.04,1.107
R1767,pine,36298,-36568.9,2953.6,-254.13,0.892
R1768,pine,37120.8,-36283.7,2892.4,68.86,0.868
R1769,pine,37905.2,-36425.1,2891.8,13.09,0.808
R1770,elm,38476.4,-36397.5,2914.2,73.62,0.945
R1771,pine,39537.4,-36206.6,2856.4,62.52,1.187
R1772,pine,40064.8,-36302.9,2892.4,-104.82,0.845
R1773,pine,40980.7,-36223.9,2894.7,-132.82,1.129
R1774,elm,41622.9,-36765.2,3283.9,-127.76,1.197
R1775,pine,43296.1,-36431.1,3076.6,-259.57,0.846
R1776,pine,43542.6,-36646.7,3218.5,-66.89,1.077
R1777,pine,45943.3,-36265.5,2884,-10.9,1.117
R1778,elm,46789.4,-36544.4,3018.8,-4.72,0.9
R1779,elm,47201.5,-36347.4,2971.9,45.23,0.905
R1780,pine,51761,-36564.6,4356.4,-191.43,0.992
R1781,pine,52965.9,-36527.7,4208,-66.42,0.897
R1782,pine,53722.3,-36402.3,3788.7,-83.33,1.114
R1783,pine,54379.6,-36347.2,3741.8,-144.66,0.977
R1784,pine,55888,-36565.5,3037.1,-171.51,1.123
R1785,elm,57432.7,-36711.5,2835.9,-165.81,1.162
R1786,elm,57755,-36338.1,2729.4,-88.31,0.804
R1787,elm,22938.1,-35989.9,1558.8,-11.55,0.951
R1788,elm,23264.8,-35993.4,1595.5,-25.7,0.863
R1789,pine,26539.4,-35732.7,2084.3,-201.38,0.9
R1790,pine,27820.9,-35635.1,2461.9,-127.39,0.82
R1791,pine,28640,-35594.3,2676.9,-239.89,0.848
R1792,elm,29276.9,-35660,2732.7,-168.92,1.182
R1793,pine,30216.1,-35856.9,2863.1,-204.61,0.927
R1794,pine,31221.5,-35826.7,2861.1,43.37,1.185
R1795,elm,31728.1,-35946.8,2852.5,-211.49,1.145
R1796,pine,32565.5,-35716.3,2769.2,-179.44,1.193
R1797,pine,33344.7,-35586.7,2761.5,-81.01,0.811
R1798,pine,33814.3,-35650.4,2764.2,-139.85,1.118
R1799,pine,35587.4,-35956.8,2795.7,-240.45,0.982
R1800,pine,35998.4,-35908,2796.8,-220.14,0.862
R1801,pine,37637.5,-35847.5,2771.9,-65.2,0.916
R1802,pine,38426.7,-35594.5,2766,77.44,0.978
R1803,elm,38980.1,-35947.7,2806.8,68.96,0.963
R1804,pine,40031.1,-35877.8,2785.2,-174.07,0.998
R1805,elm,41748.3,-35455.8,2779.5,-9.26,1.032
R1806,elm,42421.7,-35806.3,2790.6,-83.4,1.027
R1807,pine,43130.6,-35718.1,2792.6,-263.15,1.093
R1808,pine,43595.7,-35857.3,2800.2,23.17,0.97
R1809,pine,44696.4,-35645,2754.5,75.06,0.932
R1810,pine,45536.8,-35834,2797,-51.88,0.891
R1811,elm,46752.1,-35815.2,2768.2,-253.59,1.008
R1812,pine,47426,-35530.7,2888.4,-262.34,0.833
R1813,pine,48450.6,-35754,3407.5,-5.87,1.026
R1814,pine,48756.1,-35986.8,3645.7,-12.06,1.094
R1815,pine,49545.5,-35456.7,4311.4,-166.88,1.022
R1816,pine,53572.2,-36042.2,3716.6,55.05,1.034
R1817,elm,54716.7,-35675.5,3336.4,-180.54,0.986
R1818,pine,55450.1,-35820.9,3017.3,47.85,1.029
R1819,pine,56654.4,-35580.8,2705.9,-170.34,1.082
R1820,pine,62019.6,-35522.5,2521.6,-132.01,1.112
R1821,pine,62526.7,-35522,2664.8,45.79,0.938
R1822,pine,63483.1,-35678.7,2974.2,-89.05,1.025
R1823,elm,21216.5,-34730.8,1625.6,0.55,0.888
R1824,pine,22917.5,-34787,1623.2,21.4,0.803
R1825,pine,24515.3,-34798.4,1641.9,-144.97,1.197
R1826,pine,26674.5,-35060.3,2163.3,-154.4,1.142
R1827,pine,27540,-34989.6,2368.7,-94.74,0.831
R1828,pine,29001.1,-34931.9,2421.8,-222.95,0.852
R1829,pine,29567.1,-34739.6,2479.3,-129.73,1.053
R1830,pine,30853.5,-34826.8,2733.5,-224.19,1.106
R1831,pine,31870.5,-35064.2,2747,-184.05,1.193
R1832,pine,32395.4,-35228.4,2785,-39.75,0.92
R1833,pine,33296.2,-35244.7,2775.2,44.14,1.165
R1834,pine,34941.5,-35158.5,2768.5,-38.23,1.062
R1835,pine,39343.2,-34747.2,2782.8,-135.36,0.947
R1836,elm,40103,-34828.6,2781.7,-220.53,1.004
R1837,elm,40719.3,-35237.1,2784.7,9.45,1.083
R1838,pine,42046.1,-35074.5,2780.9,-159.15,0.936
R1839,pine,46597.1,-34711.2,2785.4,-160.83,0.981
R1840,pine,48101.4,-34835.6,3190.9,-45.91,0.807
R1841,pine,49973.7,-35073.8,4083.2,-246.86,0.978
R1842,pine,50295.3,-34892.8,3894.9,-185.04,1.102
R1843,elm,51044.9,-35002.7,3917.5,-110.57,1.13
R1844,pine,51908.8,-34721.6,3947.7,22.8,1.065
R1845,pine,53531.4,-34934.7,3244.4,-2.65,1.11
R1846,elm,55264,-35243.5,2955.4,-263.34,1.024
R1847,elm,56576.1,-35278.8,2644,-227.65,1.05
R1848,pine,57151.2,-34755.5,2494.6,43.56,0.97
R1849,elm,58714.5,-35285.5,2244,-242.33,0.918
R1850,pine,61626,-35066.1,2385.4,59.96,0.994
R1851,pine,62552.1,-34727.7,2560.6,39.81,1.025
R1852,pine,22982.1,-34453.4,1642,46.96,0.934
R1853,pine,24409.5,-34448.3,1641.1,-45.47,0.946
R1854,pine,24977.4,-34148.3,1748.4,-256.77,0.868
R1855,pine,28266.1,-34014.2,2122.7,-176.9,1.1
R1856,pine,29471.6,-33984,2314.3,35.4,1.041
R1857,elm,30227.1,-34110.7,2588.3,-150.2,0.872
R1858,elm,33153.1,-34234,2755.9,-178.01,1.133
R1859,elm,36200.8,-34255.4,2764.5,31.62,1.151
R1860,elm,36758.5,-34408.7,2754.4,-96.45,1.074
R1861,pine,41729.1,-34323.7,2761.1,84.47,1.099
R1862,elm,45218.3,-34047.4,2780.6,-141.69,0.938
R1863,pine,49205.7,-34139.5,3457.5,-234.29,0.879
R1864,pine,50272,-34469.5,3713.3,-24.56,0.849
R1865,pine,53039.3,-34273.4,3292.1,9.07,0.953
R1866,pine,54067.6,-34091.5,2979.4,-133.38,1.027
R1867,elm,54892.1,-34279,2973.4,-238.97,1.171
R1868,elm,55690.8,-34275,2887.1,-70.76,0.802
R1869,elm,57001.6,-34172.7,2489.8,-88.79,0.945
R1870,elm,58516.5,-34472.6,2160.6,-230.01,0.854
R1871,pine,61158.8,-34543.4,2331.5,1.77,0.908
R1872,elm,24146.6,-33637.7,1658,-190.26,0.914
R1873,elm,24920.5,-33595.5,1768.6,20.77,0.976
R1874,pine,25598.4,-33607.5,1892.9,-101.11,0.826
R1875,pine,31260,-33758.5,2707.7,-70.26,0.98
R1876,elm,31850.1,-33397.5,2688.7,-251.2,0.955
R1877,pine,32617.7,-33446.2,2776.4,81.45,1.176
R1878,pine,33074.5,-33201.8,2768.3,3.05,1.046
R1879,pine,34761.8,-33545,2765.3,-157.58,1.187
R1880,elm,36892.5,-33334.5,2748.7,-248.65,0.805
R1881,pine,41469.6,-33506.1,2756.8,-181.76,1.092
R1882,elm,44448.6,-33672.3,2774.7,68.61,1.039
R1883,elm,46233.2,-33650.1,2754.9,-67.49,1.16
R1884,pine,46944.5,-33634.1,2787.2,-12.91,0.9
R1885,pine,47335.2,-33357.6,2875.1,-255.18,1.117
R1886,pine,48080,-33535.9,3121.1,-215.13,1.097
R1887,pine,48906.7,-33499.1,3243.4,-24.68,0.99
R1888,pine,50744.2,-33348.8,3356.8,-229.46,0.929
R1889,elm,52120.6,-33786.2,3595.3,-246.39,0.879
R1890,pine,52661,-33388.9,3360.6,-12.28,0.843
R1891,elm,53308.1,-33297.3,3009.1,65.19,0.967
R1892,pine,54545.5,-33394.1,2750.2,54.81,1.054
R1893,elm,55904.9,-33493.4,2659.2,-142.84,1.032
R1894,pine,57513.9,-33397.9,2337.7,-187.83,1.168
R1895,pine,21408.2,-32829.1,1692.4,-233.91,0.848
R1896,elm,22571.4,-32655,1677.4,-39.55,0.863
R1897,pine,24136.8,-32879.6,1699.7,16.93,1.123
R1898,pine,25147.5,-32882.5,1895.4,47.88,0.98
R1899,pine,26344.5,-33030.8,1987.3,-101.42,0.883
R1900,pine,27349.6,-32989.8,2007.1,37.93,0.947
R1901,elm,30432,-32817.5,2473.9,-177.3,1.143
R1902,pine,34199.2,-32704.9,2782.8,-86.68,1.049
R1903,elm,42386.9,-32478.8,2781.1,-26.52,0.856
R1904,pine,43513.2,-32589.5,2754.2,55.36,0.94
R1905,pine,46636,-32509.4,2765.5,-226.46,0.825
R1906,pine,48367.8,-32936.7,3047.5,-207.5,1.129
R1907,pine,48870.7,-32652.9,3060.4,-74.2,0.974
R1908,pine,49867.2,-32618.8,3153.1,-164.59,1.154
R1909,pine,50316.8,-32846.1,3238.4,-228.39,0.868
R1910,pine,51153.3,-32525.6,3212.9,59.06,0.941
R1911,elm,52841.6,-33011.3,3174.9,-111.9,1.013
R1912,pine,53205.5,-32700.9,2950,-126.15,0.897
R1913,elm,54251.5,-32724.6,2761.9,82.03,0.86
R1914,pine,55992.9,-32685.2,2662.1,-194.61,0.884
R1915,pine,58574.8,-33013.1,2234.1,-10.92,0.91
R1916,pine,59776.3,-32750.2,2223.1,7.08,1
R1917,pine,23037.4,-32230.3,1770.9,-132.9,0.859
R1918,pine,25957.3,-32202.2,1933.5,46.41,1.048
R1919,pine,26651.4,-31708.3,1925.3,-17.56,1.055
R1920,pine,28504,-31831.8,2090.2,-44.96,1.162
R1921,pine,32494.7,-32205.1,2736.9,-94.96,1.05
R1922,pine,33283,-31759.1,2747,60.62,1.039
R1923,pine,37537.1,-32118.7,2748.6,-140.54,1.056
R1924,pine,41003,-32022.8,2762.6,78.43,1.087
R1925,pine,44340,-31743.1,2779.8,49.73,1.041
R1926,pine,47605.5,-31770.3,2808.5,-266.18,1.019
R1927,pine,48535.3,-32226.3,2913.4,-163.75,0.885
R1928,pine,48868.9,-32151.2,2903.8,-129.27,1.171
R1929,pine,49852,-32039.8,2903.4,57.67,0.96
R1930,pine,50223.1,-32175.7,3012.9,79.28,0.979
R1931,elm,51998.5,-31849.3,3145.2,-223.14,1.003
R1932,elm,53008.1,-32221.3,2935.8,70.04,1.189
R1933,elm,53252.6,-32220.6,2870.2,-262.92,1.13
R1934,elm,60799.4,-31985.9,2266,2.41,1.086
R1935,pine,27240.9,-31313.6,1971,-199.34,0.898
R1936,pine,31562.6,-31440.4,2631.2,-170.14,0.955
R1937,pine,35296,-31041.9,2760.2,-204.26,1.164
R1938,pine,39263.9,-30996.6,2792.1,86.39,1.039
R1939,pine,40982.7,-31249.9,2761.3,-239.37,0.823
R1940,pine,42450.4,-30975.4,2785.6,-224.85,1.003
R1941,elm,46091.6,-31051,2749.9,-266.29,0.845
R1942,pine,47033.9,-31215.4,2777.8,-98.14,0.842
R1943,elm,47395.7,-31168.4,2777.4,-18.58,0.894
R1944,pine,49032.3,-31018.6,2732.2,-155.89,1.149
R1945,pine,49647.4,-31078,2664.5,45.36,0.853
R1946,pine,50500.7,-31457.8,2811.6,-68.54,1.084
R1947,pine,51009.4,-31223.8,2967.4,-207.97,1.138
R1948,pine,51999.2,-31545,3040.5,-170.8,0.853
R1949,pine,54004.3,-31296.6,2561.6,-93.64,0.967
R1950,pine,55067.4,-31418.6,2629.4,-1.46,1.114
R1951,elm,55781.3,-31197.4,2531.9,32.88,1.09
R1952,elm,57437.3,-30980,2378.6,-128.23,1.108
R1953,pine,57832.7,-31214.3,2365.9,-265.63,0.961
R1954,pine,59460.4,-31533.5,2250.5,-149.59,1.057
R1955,pine,26975.7,-30551.7,2047.8,-230.59,0.973
R1956,pine,31642.8,-30726.5,2578.6,-228.16,1.066
R1957,pine,32757.4,-30632.6,2735.2,-94.73,1.019
R1958,pine,33036.6,-30241.4,2768.8,-36.7,0.88
R1959,pine,40801.3,-30561.2,2788.5,4.02,1.036
R1960,pine,43076.4,-30252.5,2775.4,0.48,0.998
R1961,elm,46762.8,-30795.2,2786,35.67,1.103
R1962,elm,47788.2,-30400.5,2757.4,-23.7,1.072
R1963,pine,48386.6,-30773.3,2836,-230.48,1.009
R1964,elm,48789.3,-30404.2,2738,-91.78,1.108
R1965,elm,49896.7,-30222.4,2624.6,13.49,0.865
R1966,elm,51438.3,-30725.1,2801.5,-197.52,1.127
R1967,pine,52272.7,-30466,2687,70.65,1.148
R1968,pine,53344.5,-30263.9,2488.7,-164.93,0.848
R1969,pine,54484.7,-30799,2551.3,-142.85,1.151
R1970,pine,55915.6,-30289.4,2377.2,82.13,0.973
R1971,pine,58748.8,-30799.9,2306.8,-225.49,1.121
R1972,elm,25695.3,-29730.2,1944.2,-180.94,0.893
R1973,pine,26492.8,-29927.8,2002.6,-268.42,0.956
R1974,pine,29346.5,-29696.1,2124.6,66.38,1.17
R1975,pine,31707.7,-29466,2540.5,-36.56,0.855
R1976,elm,32647.3,-29829.9,2696.3,-39.6,1.06
R1977,pine,34844.6,-29529,2773.3,31.65,0.961
R1978,pine,43769.9,-29578.6,2777.2,-234.77,0.844
R1979,pine,44299.3,-29878.4,2763.3,-153.05,1.074
R1980,pine,45535.6,-29457.4,2759.1,-232.22,1.186
R1981,elm,46975.1,-29492.4,2774.4,-269.14,0.963
R1982,pine,47266.8,-29961.3,2759.5,-147.68,0.862
R1983,pine,48053.9,-29629.1,2707.6,29.68,0.86
R1984,pine,49241.7,-29466.3,2633.1,26.78,0.927
R1985,pine,50343.2,-29972.2,2618.9,38.65,1.126
R1986,elm,52023.4,-29979.5,2631.3,-169.63,1.012
R1987,elm,52726.4,-29993,2496,-168.33,0.977
R1988,pine,54544.3,-29586.7,2370.3,-91.6,0.876
R1989,pine,58479.3,-29542.6,2301.6,-258.33,0.952
R1990,pine,60323,-29850.3,2290.9,-61.89,0.91
R1991,pine,26592.8,-29051,1969.3,43.62,0.836
R1992,pine,28450.7,-28889.9,2020.1,25.95,1.047
R1993,elm,30158.4,-28955.3,2098.7,-143.37,1.089
R1994,elm,30768.6,-28869.7,2278.9,-202.99,0.939
R1995,pine,32406.1,-29022.6,2678,-225.27,1.137
R1996,pine,33785.3,-28754.4,2781.3,-126.42,0.867
R1997,elm,34805.8,-29073.2,2769.3,31.26,1.013
R1998,pine,39822.2,-29291.1,2776.5,-88.39,0.844
R1999,pine,40746.2,-28807.2,2758,-225.07,0.891
R2000,elm,46863.8,-28913.6,2762.3,-240.05,0.933
R2001,pine,47984.1,-28942.2,2672.1,-101.23,0.88
R2002,pine,49222.1,-28995.4,2583.5,-146.18,1.128
R2003,pine,50019.2,-28930.8,2445,-195.58,1.083
R2004,pine,50394.3,-29216.7,2426.9,-86.57,0.989
R2005,elm,52559.5,-29264.7,2431.3,-79.21,1.003
R2006,pine,53699.6,-28800.7,2235.5,-5.95,0.948
R2007,pine,54244,-28907.5,2200,14.51,0.868
R2008,elm,55052.7,-28953.2,2210.6,-49.75,0.848
R2009,pine,55886.1,-28829,2247.5,-52.33,1.122
R2010,pine,28696,-28343.8,2010.5,73.91,1.102
R2011,pine,31833.2,-28134.6,2590,-264.57,1.06
R2012,pine,32699.3,-28422.5,2717.6,-175.69,1.199
R2013,pine,33243.9,-28089.7,2764.8,38.38,1.123
R2014,elm,33790.3,-28434.5,2777.8,-257.06,1.147
R2015,pine,38395.8,-28217.9,2771.6,-237.49,0.964
R2016,elm,43807.5,-27955,2777.9,-133.39,0.941
R2017,pine,46963.7,-28524.3,2764.8,-68.65,0.932
R2018,elm,47447.5,-28166.6,2716.9,-219.71,1.135
R2019,elm,48184.7,-28090.9,2600.1,-229.32,0.892
R2020,pine,49080.8,-28224.1,2427.6,-215.75,0.892
R2021,pine,51483.7,-28174.9,2265.7,-258.05,1.14
R2022,elm,53022,-28544.5,2213.4,-38.73,0.926
R2023,pine,53500.9,-28421,2183.4,-222.64,1.035
R2024,elm,54461,-28029.1,2119.5,-160.7,1.164
R2025,pine,29535.1,-27727.8,1954.3,-158.71,1.02
R2026,elm,39393.4,-27263.1,2791.5,53.7,0.84
R2027,elm,40481.9,-27606.1,2751,-98.74,0.917
R2028,pine,47516.1,-27571.6,2675.7,-164.65,0.958
R2029,pine,48222.9,-27514.1,2552.6,18.05,1.144
R2030,elm,49037.7,-27501.1,2349.5,59.8,1.052
R2031,pine,51295.1,-27372.3,2095.9,-223.17,0.991
R2032,elm,54316.5,-27696.1,2108.7,-219.79,0.872
R2033,elm,28217.2,-26995.1,1852.2,74.71,0.944
R2034,pine,34806.9,-26556.7,2758.5,-218.22,0.812
R2035,elm,37022.9,-26677,2786.4,-181.89,0.812
R2036,pine,41707.5,-26681.6,2758.3,-29.05,0.904
R2037,elm,43820.1,-27012.2,2775.1,-120.83,1.019
R2038,pine,51244.8,-26720.2,1984.8,-180.15,1.001
R2039,pine,51912.6,-26752.8,1984.5,43.88,0.973
R2040,pine,53784.5,-26456.1,1964.6,-63.64,1.12
R2041,pine,54453.1,-26882.1,1958.1,-233.87,0.826
R2042,pine,30851.3,-25980.4,2196.6,-163.94,1.064
R2043,pine,34536,-26184.2,2788.1,-163.49,0.849
R2044,pine,39345.4,-25705.1,2759.4,-146.5,1.023
R2045,elm,46771.8,-26218,2772.2,-62.69,1.166
R2046,pine,47410.6,-26232,2687.7,-49.18,0.818
R2047,elm,48831.8,-25946.8,2267.5,-195.92,1.197
R2048,pine,52267.6,-25748.7,1945,-215.91,0.813
R2049,pine,55969.3,-25892.5,1896.7,-119.41,1.168
R2050,pine,58615.9,-26065.8,2064.3,-107.43,0.849
R2051,pine,30112,-25098.8,1903.5,-108.01,0.874
R2052,elm,32222.3,-25522.5,2631.9,-78.55,0.862
R2053,elm,40199.1,-25137.4,2753.7,-27.18,0.814
R2054,pine,47327.2,-25190.3,2670.7,32.67,0.92
R2055,elm,51739.3,-25081,1902.6,-54.9,0.924
R2056,pine,53771.3,-25336.5,1959,79.81,0.911
R2057,elm,55525.6,-25508.3,1869.4,-62.31,0.833
R2058,pine,26632.7,-24501.7,1730.3,-168.51,0.827
R2059,pine,31164.3,-24652.4,2263.3,87.23,0.809
R2060,elm,32990.2,-24302.8,2747.1,-269.65,0.884
R2061,pine,38506,-24511.5,2757.4,-144.2,0.995
R2062,elm,39045.2,-24487.6,2763.9,-208.04,1.01
R2063,pine,39861.9,-24427.1,2773.8,-9.45,1.15
R2064,pine,49108,-24288.7,2085.1,-161.13,1.178
R2065,elm,52186.1,-24445.3,1889.7,-48.5,1.049
R2066,pine,54178,-24715.5,1910.2,23.39,1.121
R2067,pine,26532,-24015,1712.2,76.61,0.803
R2068,pine,29646,-23806,1701.7,5.99,1.049
R2069,pine,33381,-23625,2709.5,-137.09,1.153
R2070,pine,36243,-23882.4,2733.3,-43.46,0.966
R2071,elm,36948.4,-23740.1,2706.2,-131.38,0.904
R2072,pine,37836.6,-23573.5,2708.4,12.15,0.946
R2073,pine,38375.5,-23484.7,2672.3,10.2,1.075
R2074,pine,39960.9,-23971.6,2741.8,-103.23,1.194
R2075,pine,43885.7,-23622.6,2683,-252.84,0.907
R2076,pine,48072.8,-23464.1,2314.5,-234.42,1.115
R2077,pine,49952.6,-24026.4,1843.6,13.11,1.028
R2078,pine,50461.2,-23965.8,1776.9,-238.1,1.021
R2079,elm,55640.9,-23987.2,1744.6,11.58,1.107
R2080,pine,32548.9,-22991.4,2498,-65.27,1.054
R2081,pine,33916.2,-23252.3,2616.5,-128.64,1.178
R2082,pine,35619.3,-23179.5,2604.9,-250.26,1.091
R2083,pine,40048.9,-23119.7,2620.1,-63.05,1.02
R2084,pine,43550.3,-22778.1,2472.6,-85.84,0.887
R2085,elm,44670.4,-23144.9,2527,78.44,0.977
R2086,elm,46575,-22959.3,2466.8,-231.59,1.066
R2087,elm,44961.2,-22251.2,2193.1,85.7,1.154
R2088,pine,46770.1,-22378.9,2210.5,-29.64,1.032
R2089,pine,30209.3,-21749,1830.9,-50.81,1.069
R2090,pine,43223.8,-21608.9,2064.2,-232.92,1.072
R2091,elm,43706.1,-21765.6,2121.6,-229.51,0.941
R2092,elm,46164.4,-21244,1730.6,-221.12,0.801
R2093,pine,44257.7,-20936,1888,-36.09,0.886
R2094,pine,43240.2,-19131.4,1854.7,-60.7,1.164
R2095,jujube,19453.1,42608.8,1651.3,25.71,0.964
R2096,pine,20155.4,42753.6,1648.2,83.51,1.152
R2097,pine,25149.4,42688.9,1857.9,-19.69,0.989
R2098,pine,27240.9,42313.7,2122.6,-207.18,1.127
R2099,pine,31028.8,42675.6,2105.6,-122.94,0.817
R2100,pine,24662.1,43538.7,1839.8,-101.86,0.884
R2101,jujube,20502.2,43812.8,1734.7,-90.22,0.83
R2102,jujube,16089.6,44566.4,1665.7,-241.1,0.891
R2103,pine,23168,44767.7,1827.1,-159.7,1.013
R2104,jujube,23966.7,44460,1871.6,28.79,0.835
R2105,jujube,24271.8,44976.5,1930.7,-3.23,1.114
R2106,pine,25496.5,44908.3,1937,-263.9,1.155
R2107,pine,26527,44903.2,1955.1,-59.93,0.935
R2108,pine,16790.4,45291.9,1639.6,-172.38,1.116
R2109,elm,21212.4,45340.3,1867.5,-227.99,0.813
R2110,elm,23260.7,45328.5,1889.9,-12.74,1.017
R2111,jujube,25530.9,45635.4,2004.6,-31.35,1.035
R2112,jujube,27525.7,45272.4,2043.6,-207.16,1.014
R2113,elm,32921,45427.1,2221.2,-28.86,1.113
R2114,elm,34132.1,45297.8,2239.7,-110.06,1
R2115,elm,18421.9,46085.8,1725.1,-50.48,1.057
R2116,elm,23601.8,46178.9,1922.5,-144.56,0.965
R2117,pine,26139,46242.6,2052.6,65.42,1.065
R2118,pine,27725.6,46522.4,2118.4,-181.84,1.032
R2119,jujube,29656.7,46095.8,2131.2,-236.94,1.036
R2120,jujube,32692.2,46088.2,2298.1,-117.85,0.928
R2121,jujube,14945.1,46902.2,1821.7,-253.91,1.104
R2122,jujube,17784,47228.4,1790,18.18,1.086
R2123,pine,19425,46756.8,1739.4,-59.87,0.873
R2124,pine,20014.9,47167.6,1854.1,-78.85,1.149
R2125,elm,23252.8,46734,1918.5,-99.82,0.988
R2126,jujube,23821.3,47220,1981.3,-159.9,0.99
R2127,jujube,24797,47021.1,2062,31.05,1.059
R2128,pine,26999.5,46832.4,2112.8,-8.88,0.935
R2129,pine,28057.6,47032.2,2125.3,22.8,1.025
R2130,elm,29719.9,46887.6,2187.1,-64.21,1.193
R2131,pine,31355.5,47167.6,2391.5,18.36,1.148
R2132,elm,32573.8,46748.1,2411.8,65.33,0.976
R2133,jujube,35226.2,46996.5,2121.7,-201.36,1.02
R2134,jujube,35650.1,46911,2090.1,-139.37,0.979
R2135,jujube,36361.4,47240.7,2083.5,-230.69,0.858
R2136,pine,12676.8,47476.1,1907.2,-199.54,1.037
R2137,pine,14851.8,47476.9,1839.2,-84.55,0.835
R2138,jujube,17704.8,47920.8,1876.2,-151.97,0.975
R2139,jujube,18754.7,47687.9,1837.1,-219.85,1.099
R2140,jujube,20029,47737.6,1939.7,-247.58,1.073
R2141,pine,20706.8,47885.7,1985,-177.97,1.02
R2142,pine,22956.8,47814.4,2076.7,12.43,1.074
R2143,pine,23739.5,47517.5,2019.3,13.03,0.846
R2144,jujube,24601,47618.9,2096.5,-129.75,1.083
R2145,pine,26551.1,47591.6,2149.7,-38.25,1.08
R2146,jujube,27650.3,47809,2143.5,-181.58,0.831
R2147,elm,28079.4,47773.2,2180.7,62.13,0.864
R2148,elm,28702.2,47683.1,2243.3,-145.26,1.054
R2149,jujube,29677.7,47969.5,2258.9,-68.29,0.945
R2150,jujube,31035.2,47952.7,2372.5,-167.28,1.052
R2151,jujube,32082.8,47761.9,2443.7,19.52,0.983
R2152,pine,33547.7,47874.5,2384.3,-209.2,0.974
R2153,jujube,15989.8,48271.4,1860.3,82.69,1.147
R2154,elm,19311.3,48422.2,1971.9,-23.62,0.912
R2155,pine,20765.7,48427.7,2058.6,-91.65,0.834
R2156,pine,22543.1,48252.3,2086.5,-223.73,1.152
R2157,pine,23246.2,48715.8,2228.4,-127.12,0.918
R2158,elm,23852.6,48307.8,2167.2,-195.7,0.821
R2159,jujube,24613.2,48754.4,2328.1,72.42,1.195
R2160,jujube,25168,48562.5,2334.5,-124.18,0.801
R2161,elm,26123.9,48739.4,2331.9,-182.12,0.882
R2162,jujube,26646.1,48524.6,2287,-24.09,1.11
R2163,pine,29505.7,48316.9,2212.7,-49.04,1.077
R2164,pine,32928,48759.1,2385.7,-110.06,1.172
R2165,jujube,13168.4,49137,2104.6,-150.49,1.101
R2166,jujube,15769.7,49399.6,2075.1,-246.69,1.169
R2167,jujube,18439.1,49340.1,2127.4,-252.66,0.896
R2168,pine,19231.3,49270.1,2098.5,-219.5,0.945
R2169,jujube,19995.4,49121.7,2067.5,-19.62,0.972
R2170,elm,20547.6,48960.7,2076.5,4.63,0.882
R2171,pine,21202.4,49530.2,2244.8,-143.37,0.818
R2172,elm,22223.4,49232.5,2178.5,-68.58,0.981
R2173,jujube,23028.4,49467.6,2322,-92.84,0.885
R2174,jujube,23531.5,48997.4,2298.4,-117.27,0.898
R2175,elm,24501.8,49216.3,2438.7,-3.55,1.113
R2176,jujube,25476.6,49424.8,2512.9,33.11,0.967
R2177,elm,27700.1,49379.1,2323.2,-26.91,1.173
R2178,jujube,28882.2,49447.4,2265.4,-89.64,0.905
R2179,elm,29664.9,49471.9,2231.6,-113.73,1.098
R2180,jujube,31794.2,48993,2295.5,-173.37,0.828
R2181,jujube,33033.2,49063.4,2367.2,-176.18,0.966
R2182,jujube,33204.3,49352.4,2346.2,87.87,0.902
R2183,pine,34819.8,49456.6,2313.8,-165.71,1.022
R2184,pine,35989.9,49003.1,2292.9,-209.74,0.805
R2185,elm,13534.9,49948.4,2181.3,-141.77,0.949
R2186,elm,13868.3,50276.6,2191.7,-239.15,0.883
R2187,elm,16443.8,50170.9,2166.4,-23.42,0.941
R2188,elm,18389.3,50136,2220.8,-29.36,0.866
R2189,jujube,18954.1,50115.4,2212.6,82.71,1.044
R2190,pine,19797.8,50023.7,2172.9,60.09,1.16
R2191,elm,20580.1,50102.9,2255.1,-216.76,1.019
R2192,jujube,21377.8,50093.9,2468.5,-96.85,1.171
R2193,pine,22371.5,49792.3,2310.2,-229.62,0.972
R2194,elm,22715.9,50240.6,2524.7,-93.81,1.099
R2195,elm,23533.3,50213.6,2644.9,-178.35,1.103
R2196,pine,25182.6,49880.6,2607.1,-138.15,1.025
R2197,pine,25733.2,49785.7,2522.7,70.35,0.984
R2198,elm,26920.2,49793.1,2452.9,-96.27,0.846
R2199,elm,27364.7,50206.6,2631.4,-206.15,0.877
R2200,jujube,28149.7,49837.8,2303.5,-220.5,0.838
R2201,pine,28984.8,49793.5,2256.9,-214.93,0.938
R2202,elm,29729.5,50185.3,2307.7,-2.69,1.042
R2203,elm,31371.7,49795.1,2343.5,-258.33,1.101
R2204,jujube,32505.9,49989.8,2430.7,-247.59,1.104
R2205,jujube,33606.5,49989.5,2357.2,-170.3,0.964
R2206,jujube,13778.1,50843.7,2213.2,-239.2,1.053
R2207,elm,14954.8,50954.7,2244.6,12.09,0.8
R2208,jujube,15257.6,50658.2,2221.9,-202.51,0.86
R2209,jujube,17678.4,51028.2,2218.4,59.96,1.158
R2210,jujube,19348.5,50576.5,2208.2,-31.84,1.007
R2211,elm,20002.2,50796.8,2216.5,-180.41,0.834
R2212,jujube,20692.6,51048,2298.8,-42.71,1.177
R2213,pine,21375.2,51002.4,2515.2,-173.78,0.836
R2214,pine,22284.5,50599.2,2524.3,-119.1,1.146
R2215,elm,24368,50902.9,2783.8,-184.35,0.875
R2216,elm,25440.3,50757.4,2762.7,71.18,1.061
R2217,pine,26289.9,50733.9,2850.7,-5.33,0.908
R2218,pine,28366,50838.5,2503.9,-192.14,0.917
R2219,elm,30518.2,50468.6,2443.2,-107.23,0.986
R2220,jujube,31381.1,50482.8,2467.9,8.07,0.821
R2221,jujube,32642.8,51006.8,2451.1,53.9,1.197
R2222,elm,37995.6,50991.4,2127.1,-144.48,1.013
R2223,jujube,9764.9,51211,2120.6,-128.3,0.991
R2224,pine,12401.4,51597,2253.9,40.79,1.176
R2225,pine,13906.3,51275,2213,28.46,0.918
R2226,pine,17188.5,51344.9,2233.7,-73.97,0.919
R2227,jujube,19968.8,51787.1,2279.1,-101.87,1.078
R2228,jujube,20467,51283,2270.2,-93.57,1.095
R2229,jujube,21497.3,51682.7,2531.2,79.96,0.976
R2230,elm,22061.4,51661.9,2616.5,84.58,1.113
R2231,pine,23749.7,51286.9,2822.8,-100,1.063
R2232,jujube,25112.3,51526.1,2716.9,-82.51,0.882
R2233,jujube,26672.7,51301.3,2781.6,-236.12,0.82
R2234,jujube,28455.6,51679.2,2717.3,45.04,0.891
R2235,elm,29104,51629.4,2583.4,-22.73,1.17
R2236,elm,29671.8,51547.1,2670.9,-20.88,0.928
R2237,pine,30580.6,51337.2,2619.1,8.68,1.106
R2238,jujube,31440.8,51797.3,2663.1,-61.81,1.118
R2239,elm,31763.7,51208.7,2586.7,-252.33,0.921
R2240,elm,40961.4,51552.8,1884,-115.62,1.09
R2241,elm,9550.8,52297.8,2130.9,52.66,1.164
R2242,jujube,11260.9,51991.1,2192,-228.4,0.834
R2243,pine,12492.4,52459.8,2222.8,-173.77,0.865
R2244,jujube,16005.8,52488.7,2233.2,11.21,1.07
R2245,pine,18449,51956.9,2247.5,-44.38,1.025
R2246,elm,19451.3,52314.9,2274.1,-141.2,0.864
R2247,elm,20196,52140.3,2343,-52.29,0.865
R2248,jujube,21749.5,52334.2,2602.8,-5.7,0.946
R2249,pine,22718.4,52082.9,2805.8,87.95,1.032
R2250,elm,24445.4,52120,2774.7,-214.63,1.048
R2251,pine,25414.9,52494.4,2709.8,53.57,1.008
R2252,elm,26295.2,52382,2625.4,-36.08,1.193
R2253,elm,26499.6,52189.6,2632.6,-251.34,0.893
R2254,jujube,27727.4,52530,2854,-244.72,1.173
R2255,elm,27991.8,52235,2927,16.21,0.858
R2256,elm,28939.4,52216.8,2929.2,-221.48,0.924
R2257,pine,30294.9,52187.5,2687.7,-148.74,0.982
R2258,elm,31170,52375,2661.3,-23.68,0.906
R2259,elm,31782.2,52359,2737.5,-149.41,0.968
R2260,jujube,32706.3,52548.9,2733.1,-172.99,0.928
R2261,elm,35259.2,52030.5,2430.2,-190.14,0.95
R2262,jujube,35481,51970.4,2405.3,-26.1,1.054
R2263,elm,37204.5,52273.9,2268.4,-210.89,1.076
R2264,elm,10015.6,53107.7,2162.7,-131.33,1.025
R2265,jujube,17220.9,53297.3,2233.3,88.2,1.041
R2266,jujube,18708.6,52999.2,2249.8,59.84,1.109
R2267,pine,18950,53120.7,2261,83.11,1.079
R2268,elm,19765.2,52874.6,2311.7,-50.28,1.046
R2269,pine,20511.9,52732.1,2364.3,-218.41,0.981
R2270,elm,21617.1,53026.2,2603.4,-63.06,0.843
R2271,elm,22838.2,53200.7,2834.2,-22.19,0.925
R2272,elm,23922,53090.2,2828.2,-130.25,1.182
R2273,pine,26536.3,53056.8,2832.6,-32.85,0.887
R2274,pine,27283.1,52857,2885.9,-141.7,1.175
R2275,pine,31033.5,52961.4,2767.2,-224.02,0.9
R2276,jujube,32734.7,53238.9,2797.7,-78.55,0.983
R2277,pine,34971.9,53152.8,2658.2,-59.47,1.088
R2278,pine,36638.9,53160.1,2469,46.34,1.182
R2279,pine,37398.9,52974.6,2255.9,-54.95,1.148
R2280,jujube,9776.3,54038.7,2133.8,40.46,1.142
R2281,jujube,11604.8,53799.3,2231.6,-224.74,0.94
R2282,elm,18281.1,53598.6,2251.8,-32.65,1.087
R2283,elm,19515.8,53863.5,2321.4,-245.52,0.84
R2284,elm,20932.2,53758,2459,-152.92,1.141
R2285,elm,22509.1,53680,2894.4,-208.21,0.823
R2286,jujube,24558.7,53758.8,3023.2,-159.05,0.969
R2287,pine,25043.3,53556.8,3158.9,48.93,0.973
R2288,elm,26575.8,53883.8,3138.1,52.55,0.904
R2289,jujube,27769.2,53487.6,3188.4,-205.22,0.977
R2290,elm,28327,53854.1,3164.9,-221.57,1
R2291,jujube,28704.4,53986.3,3176.8,58.64,1.157
R2292,jujube,30001.8,53561.1,3209.3,-269.99,1.162
R2293,jujube,32805,53757.6,2814.2,-49.28,1.128
R2294,elm,36038.6,53708.1,2544.3,-149.51,0.986
R2295,pine,11650.9,54263.9,2224.2,-166.01,1.066
R2296,elm,15474.4,54452,2239.6,-261.51,0.873
R2297,jujube,19215.1,54518,2316.8,10.15,0.804
R2298,elm,20849.7,54508.2,2465.3,-15.42,0.824
R2299,elm,21745.7,54375,2764.7,79.29,0.949
R2300,elm,22469.9,54285.1,3033.4,-36.72,1.128
R2301,jujube,23945.8,54759.2,3073.2,15.72,0.819
R2302,elm,25438.2,54280.8,3228.6,60.19,1.167
R2303,pine,25833.4,54367.8,3342,24.71,0.951
R2304,jujube,26476.1,54336.1,3310.3,-212.57,0.996
R2305,elm,28133,54319.7,3174.8,-70.48,0.938
R2306,jujube,29944,54622.4,3629.4,-37.61,1.034
R2307,elm,30202.3,54311,3595.3,-12.75,1.099
R2308,jujube,31113.5,54771,3403.1,-166.39,1.171
R2309,jujube,38568.3,54528.5,2174.5,-111.31,0.802
R2310,elm,9460.4,55343.9,2089.5,-244.66,1.025
R2311,pine,20753.6,55160.7,2594.5,-98.34,1.161
R2312,elm,21726.3,54995.4,2842,-233.47,0.991
R2313,pine,22372.5,55113,3111,-51.4,1.107
R2314,pine,22844.4,55426.1,3188.8,-173.18,1.096
R2315,jujube,23683.4,55044.2,3092,65.5,0.978
R2316,pine,24483,55434.6,3236,-160.3,1.189
R2317,pine,25815.8,55541.8,3324,-181.34,1.059
R2318,pine,26525.8,55502.1,3182,-87.18,0.834
R2319,pine,28462.4,55388.3,3340.3,-158.61,0.86
R2320,elm,28992.8,55291.2,3631.5,-9.69,0.948
R2321,pine,30641.9,55450.3,3742,-109.38,0.981
R2322,pine,31219.1,55256.4,3443.5,-121.22,0.958
R2323,pine,31984.8,55180.6,3177.4,-211.51,0.901
R2324,jujube,32884.8,55533,3061.2,-179.69,1.012
R2325,pine,33554.7,55393.3,2737.2,54.28,0.98
R2326,jujube,33960.2,55182.6,2624.8,-56.64,0.851
R2327,elm,37789.3,55308.3,2370.6,-162.51,0.928
R2328,pine,38925.4,55177.5,2259.8,-93.42,0.864
R2329,jujube,11487.1,56035.5,2238.4,-45.05,1.198
R2330,pine,15741.3,56025.1,2247.5,-218.52,0.84
R2331,pine,16012.5,55884.3,2245.8,63.51,0.853
R2332,pine,17730.8,56012.7,2257.9,-17.34,1.003
R2333,pine,18527.5,56215.5,2251,-216.46,1.144
R2334,pine,19050.2,55739.5,2315.6,63.3,1.047
R2335,pine,20235,56285,2765.5,17.45,0.964
R2336,jujube,20865.3,56072.2,2944.8,-221.21,1.143
R2337,pine,21262.3,55709.4,2830.6,-210.74,1.039
R2338,elm,22373.9,56058,3468.5,81.5,1.101
R2339,elm,22775.9,55902.9,3409.2,-71.64,0.833
R2340,pine,23516,55820.3,3300.6,-109.17,0.827
R2341,pine,24676.3,56100.9,3489.2,-70.24,1.061
R2342,jujube,26232.1,56251.8,3528.9,-253.86,0.967
R2343,elm,26910.1,56234.1,3409.9,-231.11,1.082
R2344,jujube,28343.4,55776.7,3516.8,-91.17,0.939
R2345,pine,28801.5,56098.5,3712.8,-60.68,0.98
R2346,elm,30563,55881,3726.8,-56.29,0.988
R2347,jujube,31532.2,55762,3470.3,-259.97,0.814
R2348,elm,31827.9,56175.5,3226,-45.76,0.806
R2349,pine,32807.8,56025.4,2918,-31.95,1.163
R2350,pine,33548.9,55959.6,2916.7,-234.07,1.122
R2351,jujube,35007.8,56198.3,2677.5,-99.2,1.056
R2352,jujube,35626.8,56258,2478.2,-31.31,0.926
R2353,elm,38094.1,55830.1,2333.8,-6.1,1.075
R2354,elm,11684.6,56750.6,2230,-199.38,0.846
R2355,elm,15767.3,57005.3,2239.7,-208.1,1.129
R2356,elm,16736.1,56524.8,2244.5,-106.51,0.997
R2357,jujube,20775.1,56684,3043.7,34.1,1.124
R2358,pine,21315,56515.9,3268.1,23.97,0.896
R2359,jujube,22080.2,56995.3,3626.5,-110.04,0.911
R2360,elm,22819.9,56873.4,3943,-227.29,1.139
R2361,elm,24339.4,56799.2,3963.4,-252.11,1.119
R2362,jujube,25045.7,56509.5,3714.2,-52.58,0.872
R2363,jujube,25748.4,56552.7,3734.3,-124.28,0.968
R2364,jujube,27561.4,56993.4,4317.3,-126.5,0.983
R2365,pine,27988.8,56662.8,3948.2,-40.97,1.054
R2366,pine,29864.8,56828.4,3713.1,7.9,1.022
R2367,pine,30530.3,56633.8,3931.2,-199.51,0.805
R2368,jujube,31023.9,56643.5,3750.5,-107.77,1.07
R2369,pine,32494.3,56591.7,2951.6,-10.73,1.098
R2370,pine,35141.9,56493.3,2579.5,-149.93,1.131
R2371,elm,35802.8,56945.2,2418.8,-15.36,1.08
R2372,jujube,38073.6,56724.5,2399.5,-152.64,0.843
R2373,pine,39361.9,56746.2,2260.7,-267.85,0.839
R2374,jujube,40194.1,56632,1963,59.53,1.029
R2375,elm,15395.8,57768.1,2280.5,-27.67,1.178
R2376,jujube,16008.9,57288.6,2239.6,-195.65,1.089
R2377,jujube,17184.7,57248.5,2252.1,-242.71,1.198
R2378,pine,18256.3,57690.9,2285.6,-101.91,0.954
R2379,elm,18960.7,57672.6,2325.6,-230.07,1.141
R2380,elm,19826.6,57607.3,2548.9,9.49,0.816
R2381,elm,21362.5,57503.7,3459.7,-13.87,1.017
R2382,pine,24654.4,57578.2,3867,-267.16,1.096
R2383,elm,25839.5,57607.6,3979.3,-57.88,1.178
R2384,jujube,26993.6,57697.8,4551.2,47.82,0.948
R2385,elm,28109.8,57427.8,4177.5,-54.93,1.115
R2386,elm,29237.3,57644.3,4107.1,-181.76,0.859
R2387,pine,29845.8,57478.8,4001,-255.02,0.87
R2388,elm,32109.4,57455.7,3370.6,-178.27,1.008
R2389,pine,32921.4,57394.7,2998.8,86.97,0.826
R2390,elm,33319.2,57773.1,3134.2,21.97,0.969
R2391,elm,35057.5,57277.4,2509.1,17.77,1.02
R2392,pine,36649.9,57569.9,2423.9,-269.92,0.957
R2393,pine,9959.4,58446.5,2076.1,-1.28,0.91
R2394,jujube,11507.4,58326.9,2187.2,-217.13,1.02
R2395,elm,14569.5,58049.7,2275.9,-156.26,1.12
R2396,jujube,15211.9,58369.5,2311.9,-203.55,1.019
R2397,elm,15997.1,58414.2,2394.4,68.05,0.837
R2398,jujube,17188,58006.7,2346.6,-40.44,0.991
R2399,elm,19373.7,58255.6,2573.1,-199.44,1.183
R2400,pine,20816.2,58175.4,3127,45.95,0.98
R2401,pine,21795.8,58544.4,3609.4,-86.43,1.122
R2402,jujube,23206.1,58357.1,3590.6,-37.6,0.812
R2403,jujube,24224,57995.5,3821.9,-150.34,0.851
R2404,jujube,26948.8,58535.5,4316.7,-144.67,1.06
R2405,pine,27341.1,58353.1,4431.6,-85.22,1.013
R2406,jujube,28283.6,58173.6,4173.2,-160.33,0.999
R2407,pine,28898.9,58074.8,4226.1,-18.5,0.84
R2408,pine,31475.2,58504.5,3632.7,-54.69,0.886
R2409,elm,32726.8,57965.1,3236.4,14.85,1.073
R2410,elm,34427.3,58284.5,2792.5,-150.18,0.879
R2411,elm,34957.9,58100.8,2625.2,31.87,0.974
R2412,jujube,35599.8,58483.4,2510.8,11.25,0.864
R2413,elm,9618,58759.5,2039.8,-101.39,0.908
R2414,jujube,10000,58966.2,2104.4,-201.98,0.899
R2415,elm,11599.1,59284.8,2118.4,0.42,1.111
R2416,jujube,12709.1,58835.5,2277.2,-192.18,1.005
R2417,pine,13005.3,58995.2,2320.3,-53.26,1.067
R2418,pine,13964.6,58748.9,2353,-200.86,0.958
R2419,pine,14865.2,58848.4,2339.4,-153.77,1.153
R2420,jujube,15739.2,58709.1,2400.6,-253.09,0.898
R2421,elm,16146.1,58799.3,2450.1,-115.05,0.999
R2422,elm,17213.5,59165.9,2839.6,-111.07,0.804
R2423,pine,20272.9,59292.6,3633.3,-262.9,1.155
R2424,elm,21334.4,58924.7,3709.2,-26.97,0.911
R2425,jujube,22732.7,58792.6,3696,-235.45,0.978
R2426,pine,25494.7,58778,3969.9,-166.34,1.115
R2427,jujube,25754.4,59222.9,3815.1,-33.28,0.902
R2428,jujube,26928.8,58770,4173.6,-7.47,0.864
R2429,jujube,28119.7,59117.5,4311.7,-234.44,1.026
R2430,jujube,29467.6,58751,4080.2,-101.95,1.134
R2431,jujube,30666.2,59235.2,4301.8,32.6,0.854
R2432,pine,32211.7,59041.7,3590.1,-114.72,0.899
R2433,jujube,32818.9,59226.3,3605.3,29.89,1.174
R2434,jujube,33299.1,59027.2,3381.6,-109.2,1.114
R2435,pine,38579.5,58848.1,2517.3,-197.59,0.971
R2436,elm,39333.7,59076.3,2415.1,85.77,1.197
R2437,elm,13269.8,59632.9,2351.6,-247.88,0.958
R2438,pine,14086.2,59951,2465.1,-264.84,0.845
R2439,elm,15788.9,59503.9,2649.1,-186.09,1.102
R2440,elm,17629.6,60023.4,3350.2,-264.98,1.051
R2441,elm,18585.8,59457,3101,50.39,0.815
R2442,pine,19033.6,59720.3,3436.8,-77.92,1.121
R2443,pine,20188.3,59948.9,3966.5,-161.67,0.803
R2444,elm,21736.6,59569.3,4018.1,75.33,1.005
R2445,jujube,22429.7,59686.5,4125.3,-223.58,1.082
R2446,pine,22785.8,59540.7,4027,-112.67,0.912
R2447,elm,24787.8,59554.6,4349.4,-36.4,1.099
R2448,jujube,25432.6,59551.5,3945.2,3.5,1.019
R2449,jujube,26066.1,59743.3,3943.2,-154.62,0.937
R2450,elm,29121.5,59752.9,4392,-32.55,1.103
R2451,jujube,29723.7,59943.1,4245,-48.14,0.965
R2452,jujube,30293.5,59890.7,4247.7,-264.53,1.089
R2453,pine,31248.1,59865.7,4248,-85.89,1.087
R2454,jujube,31842.7,59578.5,3888,-197.95,1.115
R2455,elm,32889.1,59514.2,3622.3,-223.77,1.024
R2456,pine,33666.2,59958.8,3377.5,-259.39,0.926
R2457,jujube,34205.7,59982.8,3327.1,37.07,0.921
R2458,elm,35452.5,59595,2839.9,70.11,0.976
R2459,pine,36437,59743.3,2745,-203.09,1.163
R2460,jujube,37968.4,59723.7,2630.8,23.14,1.182
R2461,pine,39499.8,59887.9,2370.5,79.83,1.016
R2462,pine,40144.6,59808.6,2189.9,-113.93,1.048
R2463,jujube,10242.2,60581.6,2143.8,54.25,0.895
R2464,pine,12203,60250.5,2200.3,-156.34,0.899
R2465,pine,13458.2,60729.1,2417.5,-129.92,0.889
R2466,jujube,14795.7,60357.2,2494.6,-72.63,0.84
R2467,pine,15707.1,60410.4,2708.9,-87.32,1.07
R2468,pine,15964.9,60620.5,2781.6,-267.98,0.898
R2469,elm,18442.9,60383.7,3546.9,19.65,0.801
R2470,elm,19137.3,60799.8,3754.2,48.34,1.161
R2471,pine,20503,60206.2,4107.8,-244.29,1.068
R2472,elm,23297.9,60644.7,4482.3,88.58,1.157
R2473,elm,23559.1,60687.7,4591.7,-19.39,1.115
R2474,elm,25716.7,60625.1,4444.7,35.05,0.916
R2475,pine,26535.1,60670.9,4329.9,76.24,0.919
R2476,elm,27503,60317.4,4208.1,-70.62,0.848
R2477,elm,27969.7,60273.1,4192.7,-267.54,1.047
R2478,elm,29203.4,60634.6,4446.7,-165,0.86
R2479,pine,29888.2,60492.7,4189.4,-255.99,0.904
R2480,pine,30511.6,60314.7,4233.5,-156.26,0.858
R2481,jujube,33714.1,60519.1,3234.8,-230.93,1.175
R2482,jujube,34751.5,60685,2937.1,7.96,0.886
R2483,elm,35751.3,60635.1,2721.8,77.79,1.07
R2484,jujube,38243.9,60626.6,2476.5,-108.07,1.149
R2485,jujube,40325.6,60644.2,2167.4,-19.28,1.021
R2486,elm,15436.7,61417.1,2754.6,-172.1,0.985
R2487,jujube,16823.9,61462.7,3180,88.1,0.819
R2488,jujube,17887.9,61532.9,3571.6,-138.47,1.079
R2489,elm,20086.3,61209.5,4063.8,-53.26,0.919
R2490,pine,20679.4,61292.1,4311.4,-92.64,0.815
R2491,pine,21476.4,61284.6,4717.8,63.17,0.849
R2492,jujube,23576,61301.8,4815.9,-182.51,0.918
R2493,jujube,25411.1,61244.6,5011.4,-14.61,1.072
R2494,pine,25860.6,61258.2,4985.9,-5.04,1.036
R2495,pine,27033.7,61420.7,5009.4,82.2,1.089
R2496,elm,27988.1,61211.1,5183.7,-215.95,0.876
R2497,pine,29057.8,61395.1,4973.5,-267.29,1.087
R2498,elm,29773.7,61032.1,4368,83.82,0.972
R2499,jujube,30264.2,60952,4270.8,-66.18,1.043
R2500,pine,31156.8,61482.8,3819.1,-98.97,1.037
R2501,jujube,31930.1,61065.6,3499.2,-39.56,0.999
R2502,elm,32594.6,61230.4,3420,50.82,1.115
R2503,elm,33751,61152.8,3286.5,-153.04,1.107
R2504,elm,34189.4,60994.8,3030.1,-191.54,0.805
R2505,pine,35289.7,61105.1,2794.6,5.95,0.803
R2506,jujube,41033.8,61448.2,1951.7,-52.67,0.891
R2507,pine,11765.8,62158.9,2495.2,-156.73,0.993
R2508,jujube,13279.2,61927.6,2437.9,-47.92,0.997
R2509,jujube,14690.4,62019.3,2635.3,-17.6,1.01
R2510,jujube,15759.9,61832.7,2925.4,-231.09,0.946
R2511,elm,16198.7,62167.2,3090,-63.21,1.132
R2512,pine,17981.6,62259,3675.2,-79.31,1.063
R2513,pine,18555.6,61844.9,3599.9,-61.33,1.124
R2514,elm,18951.3,62117.4,3738.4,-49.6,0.916
R2515,elm,20208.6,61777.9,4212.5,-162.97,0.98
R2516,jujube,20622.5,61723.1,4424.9,-155.01,0.944
R2517,jujube,22121.9,62270.1,4934.1,-220.26,1.027
R2518,elm,23257.9,62053,5208.3,-257.33,1.092
R2519,pine,25821.6,62179.7,5040.2,-65.75,0.975
R2520,pine,26935.2,61909,5305.4,-261.56,1.182
R2521,jujube,29035,62139.5,5399.1,-175.5,1.098
R2522,jujube,29735.8,62066.6,4831.3,-38.76,1.094
R2523,pine,30631.7,62043.7,4073.6,-248.99,1.186
R2524,elm,30977.7,61802,3815.9,-10.83,0.824
R2525,elm,32080.6,62149.6,3660.6,-150.15,1.105
R2526,elm,32890.4,61864.3,3499.4,-60.1,1.008
R2527,jujube,36248,61800.7,2703.5,-198.61,0.973
R2528,jujube,40280.8,61950.6,2056.1,-232.64,1.175
R2529,elm,15406.6,62504.9,2987.5,-72.4,1.17
R2530,jujube,17718.6,62791.2,3685.2,-257.58,1.065
R2531,pine,18769.7,62709,3692.4,16.18,1.155
R2532,jujube,20522.8,62608.5,4701.5,37.05,0.981
R2533,elm,21709.7,63047.3,4746.9,-53.51,1.038
R2534,jujube,22122.3,62806.3,4766.6,-57.57,0.9
R2535,elm,25809.5,62796.4,4916.3,67.5,0.881
R2536,elm,27512.4,62796,5323.4,31.88,0.853
R2537,elm,28259.3,63004.8,5534.7,-131.44,0.922
R2538,elm,28825.3,62755.1,5619.6,66.28,0.861
R2539,pine,29986.8,63042.2,5292.8,-120.9,1.034
R2540,pine,32513,62496.4,3510.3,-36.84,1.189
R2541,pine,34020,63047.4,3320.3,48.33,1.132
R2542,elm,35692.7,62725.6,3068.3,-217.06,1.177
R2543,elm,36332.7,63001,3025.3,-140.6,1.087
R2544,pine,38513.9,62987.2,2594.2,-21.86,0.967
R2545,jujube,12295.2,63612.2,2851.3,-70.34,0.973
R2546,jujube,12971.8,63771.9,2955.2,-258.36,0.872
R2547,elm,13942.7,63617.9,2909.2,-173.79,1.068
R2548,elm,16144.8,63753.3,3462.6,64.99,0.945
R2549,pine,16800.6,63407.8,3530.3,-146.03,1.159
R2550,elm,17908.7,63675.6,4000,52.91,0.805
R2551,jujube,18752.2,63401.3,3773.7,59.59,0.974
R2552,elm,19903.9,63213.3,4488.3,-205.33,0.935
R2553,pine,21582.5,63209.6,4754.6,69.48,1.079
R2554,jujube,22337.8,63595.4,4752.9,-119.12,0.901
R2555,pine,23030.6,63647.5,4897,66.04,1.052
R2556,pine,23738.9,63361.2,5035.4,-146.5,0.993
R2557,pine,25925.8,63254.2,4973.6,-103.56,1.101
R2558,elm,27247.2,63598.6,5437.2,-206.84,0.885
R2559,elm,28163.4,63784,5214.9,27.15,1.067
R2560,jujube,29104.1,63431,5293.8,-156.88,0.878
R2561,pine,30300,63549.6,5083.5,-27.68,0.931
R2562,jujube,31177.1,63521.8,4233.5,-127.51,0.812
R2563,pine,31879.9,63325.2,3717.2,-224.17,1.197
R2564,jujube,32675.8,63367.3,3613.8,77.37,0.94
R2565,jujube,33475.2,63300.1,3313,-137.52,1.034
R2566,pine,36003.5,63741,3213.7,55.36,0.974
R2567,jujube,36292.7,63369.4,3056.4,-251.74,0.922
R2568,pine,37165.6,63386.5,3088.9,-104.23,0.842
R2569,elm,38632.3,63330.3,2694.9,-45.74,1.13
R2570,pine,14499.8,64375.9,3499.6,-237.31,1.067
R2571,pine,15493.6,64052.2,3674.8,-151.27,1.069
R2572,elm,16328,64095.9,3675,-219.63,1.102
R2573,pine,18030.6,64132.6,4177.1,-156.31,1.165
R2574,elm,18768.3,64432.9,4373.7,-32.57,1.133
R2575,jujube,19775.8,63997.5,4493.1,-75.01,1.004
R2576,jujube,21028.6,64269.1,5289.1,50.63,1.174
R2577,pine,21566.1,64494.5,5259.3,-230.21,0.882
R2578,pine,22324.7,64208.1,5149.4,-239.66,0.947
R2579,elm,23079.9,63959.8,5078.3,-16.36,1.155
R2580,jujube,24033.1,64341,5124.6,-46.09,0.925
R2581,jujube,24666.6,64434.3,5183.1,-179.64,0.84
R2582,jujube,26508.7,63974.5,4815.1,-1.44,0.925
R2583,jujube,28213.7,64074,4986.2,-86.38,0.937
R2584,elm,28762.2,64024.3,5087.7,-212.04,1.05
R2585,pine,29487.9,64307.3,5025.9,-150.25,0.922
R2586,pine,30397.4,64298.7,5282.8,48.32,1.075
R2587,jujube,32049.2,64314.8,3993.7,-268.58,1.069
R2588,jujube,34141.3,64010,3250.4,61.3,1.17
R2589,jujube,35761.6,64104.6,3316,-65.53,1.093
R2590,jujube,39619.6,63972.9,2594.8,-175.28,1.071
R2591,pine,11794.1,65148.8,3335.4,-241.69,1.048
R2592,jujube,13932.5,65079.8,3406.9,-213.07,1.126
R2593,pine,16860.8,65105.3,4148.8,1.84,1.093
R2594,pine,18460.2,64778.5,4228.2,62.11,0.923
R2595,elm,20743.4,64817.2,5366.5,29.45,0.929
R2596,jujube,22402.1,64795.9,5312.8,10.88,1.163
R2597,elm,23860.8,65126.8,5295.4,-240.35,0.909
R2598,elm,24416.8,64754.8,5447.2,-33.07,0.935
R2599,pine,25083.6,64966.8,5317.7,-225.93,0.947
R2600,jujube,26293.7,65212.2,5010.7,44.56,1.066
R2601,jujube,26699.9,65112.6,4926.1,40.37,0.82
R2602,jujube,28292.3,65141.2,5018.8,-109.2,0.818
R2603,jujube,28865.6,65011.3,4900.1,-184.54,1.185
R2604,elm,29942.7,65230.2,5383.4,-113.54,1.108
R2605,pine,32266.6,65179,4357.7,-49.65,1.17
R2606,jujube,32637.8,65163.8,4267.6,-91.66,1.102
R2607,jujube,34456,64903.1,3698.2,-10.14,1
R2608,jujube,15607.3,65964,4169.8,47.33,1.025
R2609,elm,16030.8,65507.4,4165.7,66.09,0.901
R2610,pine,19493.7,65518.5,4378.4,-241,1.016
R2611,elm,19944.7,65911.8,4779.5,-195.11,1.043
R2612,pine,20902.5,65819.3,5312.2,-269.86,1.046
R2613,jujube,21440.1,65986.4,5390.5,-205.79,1.149
R2614,pine,22196.9,65947.4,5185.3,6.68,0.811
R2615,pine,24580.5,65570.8,5388.9,-189.51,1.034
R2616,jujube,25301,65514,5846.6,-89.41,0.844
R2617,jujube,26057,65881,5532.3,-130.9,0.959
R2618,pine,28154.4,65505.6,5234.5,-161.46,0.853
R2619,jujube,29781.5,65810.3,5846.8,29.25,1.114
R2620,jujube,30695.5,65896.8,5549.1,-207.98,0.858
R2621,pine,34917.5,65508,3643.1,-14.74,1.057
R2622,jujube,36395.4,66027.6,3871.5,-113.95,0.973
R2623,pine,11831.6,66215,3560.8,-50.5,1.059
R2624,elm,15629.6,66505,4277.3,-42.36,1.117
R2625,jujube,20749.6,66445.3,5188.8,-139.06,0.875
R2626,pine,22163.4,66715.3,5093.1,-146.13,1.199
R2627,jujube,23293.4,66221.7,5346.7,-87.03,0.819
R2628,pine,23945.5,66767.4,5117.6,49.47,0.968
R2629,elm,24435.5,66501.3,5195.3,78.44,0.928
R2630,jujube,25485.1,66720.3,5472.5,75.8,0.959
R2631,jujube,26219.6,66387.3,5989.2,-193.01,0.816
R2632,pine,26582.5,66510.2,5703.3,31.06,1.09
R2633,pine,28377.7,66378.8,6060.7,2.83,0.889
R2634,jujube,31154.3,66715,5639,-198.94,0.91
R2635,jujube,31990.1,66451,4608.6,-85.62,1.03
R2636,jujube,32689.8,66400.7,4284.1,-115.84,0.913
R2637,elm,35071.6,66722.2,4223.8,80.5,0.819
R2638,jujube,36248.2,66328.4,3927.5,-240.65,0.812
R2639,pine,11908.4,67096.3,3661.6,-146.03,0.826
R2640,pine,16760.2,67390.8,4678,-210.87,1.196
R2641,elm,21411.6,67511.9,5553.8,1.33,1.026
R2642,pine,23735.4,67091.5,5379.9,-25.59,1.17
R2643,pine,24453.3,67423.9,5390.4,76.37,1.044
R2644,jujube,25359.3,67530.9,5828.6,-201.58,1.085
R2645,pine,26128.2,67336,5683.3,-122.71,0.854
R2646,jujube,26584.7,67391,5857.4,-195.36,1.122
R2647,elm,28080.6,67502.6,5938.3,-102.56,0.933
R2648,pine,31155.7,67064,5652.2,-158.68,1.017
R2649,elm,32259.6,67297.7,4689.6,-175.26,1.178
R2650,jujube,32834,67389.7,4539,37.16,1.121
R2651,jujube,33225.1,67049.2,4281.4,-91.73,0.945
R2652,jujube,35501.6,67351.1,4476.4,-10.29,0.827
R2653,pine,18691.2,68190.3,5563.7,78.31,1.035
R2654,elm,19190.6,67826.1,5425.6,40.82,1.179
R2655,elm,20237.6,67944.1,5361.7,2.89,1.183
R2656,jujube,22259.4,68081.2,5411.2,-81.78,0.852
R2657,jujube,23999.5,67715.5,5489.1,-69.93,0.808
R2658,pine,24475.9,68202.2,5741.7,-137.72,1.098
R2659,elm,26294.8,67735.8,5920.2,66.82,0.867
R2660,pine,26832,68018.5,6267.2,-90.35,1.182
R2661,pine,27713,67739.1,5950.9,-158.76,0.854
R2662,jujube,29061.8,68152.7,6312.6,-191.48,0.919
R2663,jujube,30965.4,68004,6493.8,31.64,1.196
R2664,elm,19255.9,68763,5804.5,-22.97,0.928
R2665,jujube,20162.7,68948.6,5639,22.14,1.024
R2666,elm,21266.3,68874.7,5868,-243.81,1.082
R2667,elm,22006.9,68917.6,5772.2,-134,1.062
R2668,pine,25094.5,68865.9,5965.3,-104.39,1.015
R2669,jujube,25833.4,68494.2,6238.6,40.83,1.012
R2670,elm,26647,68779.5,6237.5,-65.5,1.024
R2671,jujube,27737.4,68869.9,6047.4,-226.51,1.141
R2672,jujube,33549,68901.2,5280,-105.49,0.901
R2673,jujube,18380.9,69754.9,6817.2,-71.87,0.983
R2674,jujube,21537.5,69398.1,6074.2,-27.19,1.186
R2675,pine,24237.6,69411.1,5935.1,-27.59,0.999
R2676,jujube,26954.2,69235.9,5981.6,-201.87,1.146
R2677,jujube,28075.5,69679.2,5744.6,-180.49,0.969
R2678,elm,30030.2,69426.2,6212.2,-60.53,1.149
R2679,pine,31761.2,69648.5,5746.9,-52.13,1.008
R2680,elm,32811.9,69365.8,5318.7,-230.91,0.921
R2681,jujube,14897.1,70283.6,4544.9,-52.19,1.19
R2682,elm,15251.6,70026.7,4625.7,-12.66,1
R2683,elm,20736.3,70100.9,6187.1,-33.25,0.947
R2684,pine,21321.2,70252.3,6344.2,-244.79,1.057
R2685,jujube,22151.5,70156,5739.9,-145.69,1.096
R2686,jujube,22976.4,70117.4,5526.6,-185.27,0.891
R2687,pine,24984.4,70531.3,5671,-262.86,0.984
R2688,elm,27736.4,70475.2,5603.1,-266.92,1.124
R2689,elm,29560.5,70272.2,5452.1,26.44,1.153
R2690,elm,31080.7,70457.9,5729.1,-259.93,1.113
R2691,elm,26601.5,70916.8,5385.2,-39.42,1.141
R2692,pine,28229.3,71193.9,5521,-194.78,0.97
R2693,elm,29735.1,71097.2,5189,-166.63,0.806
R2694,jujube,30592.6,70817.4,5374.3,-105.45,1.152
R2695,pine,19396.8,71917.9,6413.8,-164.85,0.81
R2696,jujube,26230.9,71530.7,5601.4,10.76,1.093
R2697,jujube,29655.1,71526.2,5211.4,-31.1,0.885
R2698,jujube,33415.3,71952.2,4560.8,-65.07,1.125
R2699,pine,17480.2,73483.5,5658.6,-137.71,0.87
R2700,pine,23866.4,73525.2,6446.3,-12.42,1.188
R2701,pine,19246.4,74239.4,6022.6,-120.23,1.05
R2702,elm,26040.4,74652.9,7072.4,-31.14,1.089
R2703,jujube,27682.5,74855.8,6984.8,-249.45,1.078
R2704,elm,-65894.2,-9638.3,6570.1,61.45,1.069
R2705,elm,-70058.1,-8943.1,9808.7,-174.14,1.199
R2706,pine,-67510.6,-8462,8705.6,32.59,1.016
R2707,elm,-64972.4,-8597.7,6874.5,-133.74,1.153
R2708,elm,-64070.3,-8854.8,6085.2,74.05,0.948
R2709,elm,-63449.4,-8940.1,5475.6,-150.54,1.081
R2710,elm,-61802.4,-8524.6,4613.9,-42.17,0.879
R2711,pine,-74098.9,-7849.1,9984.2,-108.34,1.177
R2712,elm,-70236.6,-7776.1,9756.8,2.55,1.003
R2713,pine,-64493.1,-7877.4,6561,-195.58,1.102
R2714,pine,-59232.9,-8150.9,3612.9,-159.68,1.071
R2715,elm,-67494.6,-7306.2,9840.4,-100.16,1.153
R2716,pine,-64417.7,-7540.4,6433.4,-180.45,0.962
R2717,elm,-61134.2,-7322.8,4313.9,-198.69,0.907
R2718,pine,-57271.9,-7478.6,2955.2,-134.7,1.157
R2719,elm,-56476.7,-7380.9,2777.3,9.68,0.888
R2720,pine,-75719.7,-6395,9218.4,-228.46,1.091
R2721,elm,-74712.6,-6423.5,8549.9,-41.84,1.066
R2722,pine,-73967.9,-6673,8745.6,-63.51,0.971
R2723,pine,-65887.9,-6634.7,8327.3,-192.63,1.147
R2724,pine,-58170.8,-6319.2,3055.2,-243.86,0.954
R2725,elm,-76320.5,-5934.1,9812.2,-253.24,1.041
R2726,elm,-69684,-5829.6,8778.7,-134.55,0.97
R2727,pine,-68756.9,-5499.3,9442.9,-4.16,0.936
R2728,pine,-67157.3,-5942.4,10378.9,-185.19,0.912
R2729,elm,-65815.8,-5836.7,8728.9,-53.31,0.93
R2730,elm,-60400,-5604.5,3841.9,-219.62,1.073
R2731,elm,-57740.6,-5720.6,2965.5,27.95,1.085
R2732,elm,-56556.8,-5619.6,2499.2,4.36,1.081
R2733,pine,-76229.1,-5091.7,9567.6,-104.8,1.194
R2734,pine,-71100,-5279.5,7578.8,-244.68,1.147
R2735,pine,-66493.7,-4769.8,9914.6,-227.85,1.137
R2736,pine,-64193.3,-4879.1,7101.4,-173.56,0.987
R2737,pine,-63788.9,-4875,6546.8,-132.83,0.912
R2738,elm,-59983.3,-4797.2,3605.3,-178.74,1.19
R2739,pine,-56853.6,-5131.1,2405.8,-211.07,1.028
R2740,elm,-54439.7,-4843.7,2007.3,-110.9,0.912
R2741,elm,-75556.8,-4399.5,8728.5,-57.78,1.159
R2742,elm,-74138.6,-4120.8,7705.1,-67.93,1.188
R2743,pine,-66228.9,-4491.2,9522.6,-175.42,1.003
R2744,elm,-62694.6,-4356.5,5339,-104.41,1.171
R2745,pine,-61708.1,-4416.9,4728.3,-201.24,1.028
R2746,elm,-60608.4,-4384.4,4037.9,81.05,1.192
R2747,pine,-57969.7,-4478.5,2626.5,-109.09,1.197
R2748,elm,-56585.5,-4290.3,2058.4,-14.19,1.063
R2749,pine,-54496.6,-4543.2,1964.7,18.44,0.847
R2750,pine,-75511.4,-3755.5,8744.2,61.05,0.871
R2751,elm,-74763.6,-3452.3,8391.4,-87.09,0.864
R2752,pine,-73926.7,-3657.5,7634,-154.94,0.865
R2753,pine,-72978.3,-3266.6,7729,-138.7,0.936
R2754,pine,-72268,-3261.7,7362.1,-128.89,0.972
R2755,elm,-71072.3,-3206.4,7264,-113.91,0.964
R2756,elm,-68740.3,-3345.2,7078,-259.21,0.962
R2757,elm,-65105.7,-3520.6,7988.7,-78.09,1.131
R2758,pine,-62678,-3303,4608.3,-83.63,1.08
R2759,elm,-61896.9,-3421.2,4362.2,-247.25,1.056
R2760,pine,-59005.3,-3799.8,3031.4,-231.01,0.985
R2761,pine,-54386.6,-3608.1,1922.3,11.05,1.017
R2762,pine,-72453.4,-2698.6,7463.4,-143.42,1.042
R2763,pine,-70060.7,-2660,7131.6,-169.95,1.176
R2764,elm,-68114.2,-2721.2,7277.8,-116.85,0.917
R2765,elm,-67096.7,-3028.3,8036.5,-148.31,1.007
R2766,elm,-65989.7,-2886.3,8714.5,-146.88,1.02
R2767,pine,-62113.9,-2872.9,4188.4,-267.49,1.161
R2768,pine,-61253.5,-2862.1,4083.1,-112.03,1.08
R2769,elm,-54330.9,-2565.5,1974.5,11.62,1.131
R2770,pine,-53544.5,-2829.2,1959.1,-2.33,1.031
R2771,pine,-52286.9,-2537.3,2046.4,-194.35,1.077
R2772,pine,-75765.2,-1798.4,9759.3,-235.43,0.882
R2773,elm,-69585.7,-1775.7,6963.6,-32.78,1.049
R2774,pine,-67876.7,-1789.1,7263.3,8.47,1.088
R2775,pine,-67159.2,-1818.8,7610.2,24.03,0.882
R2776,elm,-66455.6,-2249.8,7742.9,-125.27,0.925
R2777,pine,-65265.2,-1798.4,7458.6,-183.39,0.815
R2778,elm,-64502.3,-2045.2,6385.7,-34.83,0.854
R2779,pine,-62092,-1922.4,3970.8,79.74,0.831
R2780,pine,-61336.8,-2103.2,4001.9,27.68,0.819
R2781,elm,-60312.2,-1796.5,3879.8,-151.16,0.94
R2782,elm,-59020.4,-1723.7,3193.9,-52.07,1.169
R2783,elm,-57261.7,-1961.3,2535,-189.68,0.963
R2784,elm,-56073.9,-2017.5,2152.4,-107.1,1.133
R2785,pine,-52438,-2075.1,1975.2,72.1,0.886
R2786,elm,-51307,-2057.8,2049,-186.01,0.912
R2787,pine,-78757.4,-1045.1,13451.2,-194.89,0.986
R2788,pine,-74824.2,-1184,9385.1,35.42,1.13
R2789,elm,-74256,-1504.4,8873.1,-67.28,1.096
R2790,pine,-73122.3,-1515,8005.9,-86.69,0.973
R2791,elm,-70438.6,-993.7,7257.7,-8.77,0.809
R2792,elm,-68844.9,-1148.1,7035.9,15.67,0.992
R2793,elm,-67967.8,-1385.7,7181.8,57.1,0.966
R2794,elm,-65223.9,-1063.3,7412.4,58.25,0.915
R2795,elm,-63516.6,-1055.5,4874.2,-88.64,1.022
R2796,pine,-62517.3,-1500.3,3961.7,85.29,0.902
R2797,pine,-61757.6,-1282.8,3781.8,57.02,1.062
R2798,elm,-61083.5,-955.7,3586.7,-249.61,0.962
R2799,elm,-60674.2,-1314.6,3731.3,-181.05,1.139
R2800,pine,-57366.5,-1198.6,2648.3,-169.9,1.019
R2801,pine,-52447.8,-1421,1882.2,-207.72,0.977
R2802,pine,-72544.5,-347.8,7499,-11.25,0.859
R2803,elm,-71894,-472.3,7325.9,82.17,0.809
R2804,elm,-69714.6,-660.6,7396.4,-268.06,1.067
R2805,pine,-68915.3,-555.8,7327.7,-108.8,1.043
R2806,elm,-67535.7,-271.3,7695.4,2.13,1.073
R2807,elm,-64774.7,-679.5,6587.8,-11.44,1.15
R2808,pine,-64416.3,-273.7,6075.2,2.87,0.91
R2809,pine,-63269.7,-632.3,4536.1,-88.34,0.93
R2810,pine,-62844.9,-449.5,4157.3,-124.25,1.082
R2811,elm,-61816.5,-650.2,3614.3,70.76,0.928
R2812,pine,-61536.5,-699.3,3580.1,-6.79,0.925
R2813,elm,-60520.5,-244.2,3550.3,-29.63,0.815
R2814,pine,-57492.9,-375.1,2781.5,-128.14,1.164
R2815,elm,-72005.4,279.2,7418.4,-101.92,1.016
R2816,pine,-70972.4,91.2,7270,-224.33,1.138
R2817,elm,-70285,452.6,7469.7,-222.23,0.993
R2818,elm,-67831.6,533,7580.5,-85.88,1.113
R2819,elm,-67288.4,20.1,7657.3,-131.42,0.911
R2820,pine,-65894.7,452.9,7234,-264.16,0.992
R2821,pine,-63984,158,5335.5,-60.59,0.812
R2822,pine,-63590.6,104,4932.4,-40.08,1.02
R2823,elm,-62039.8,0.7,3691.3,-87.28,1.187
R2824,pine,-61442.1,15.9,3511.4,-85.72,0.906
R2825,pine,-60309.5,536.2,3772.8,8.84,1.072
R2826,pine,-58020,200.4,3027.6,56.77,0.832
R2827,elm,-56490.4,-39.7,2337.4,-268.15,0.822
R2828,pine,-55744.4,349.4,2177.9,-54.23,0.962
R2829,pine,-55301.5,240.8,2072.7,21.95,1.181
R2830,elm,-54025.6,427.6,1976.1,3.75,0.927
R2831,elm,-73860.7,807.9,8137.7,-213.44,0.811
R2832,elm,-72387.8,1190.6,7677.7,-213.74,1.186
R2833,pine,-70543.7,986.7,7375.3,-254.21,1.105
R2834,pine,-69641.7,1109.7,7634.6,50.33,0.997
R2835,pine,-68006.7,1006.6,7558.8,-164.25,0.91
R2836,pine,-65859.6,970.3,7155.6,53.74,1.141
R2837,pine,-63205.2,830.4,4495.7,-241.34,1.026
R2838,elm,-62741.6,900.5,4095.9,-151.23,1.119
R2839,elm,-62141.7,1285,3857.1,49.73,1.144
R2840,elm,-60696.4,975.1,3732.9,-126.14,0.899
R2841,elm,-58223,1170.9,2958.9,-224,0.942
R2842,elm,-56664.4,1209.6,2595.8,-71.87,1.048
R2843,elm,-55051,900.3,2105.2,-240.83,0.855
R2844,elm,-53971.9,1293.9,2125.4,-218.03,1.14
R2845,elm,-52788.5,1261.4,2239.8,-56.07,0.879
R2846,pine,-73821.3,1723.5,8779.7,-77.76,0.896
R2847,elm,-73364.5,1648.3,8535,-127.86,1.009
R2848,elm,-70448.6,1688.5,7508.4,-168.4,0.847
R2849,pine,-69380.7,1759.2,7860.4,-109.89,0.801
R2850,pine,-68043.3,1752.4,7839.7,-248.68,0.922
R2851,elm,-67140.5,1964.6,7371.9,-204.95,1.152
R2852,pine,-65792.7,1667.6,6969.7,62.46,1.165
R2853,pine,-64712.5,1616.7,6142.3,-198.08,1.058
R2854,pine,-64369,2030.4,5623.5,42.12,0.99
R2855,elm,-63356.5,1766.8,4607.3,-138.14,1.096
R2856,pine,-61338,1960.5,3826.8,-256.25,0.81
R2857,elm,-58845.7,2002.8,3284.5,-45.39,0.937
R2858,elm,-56673.3,1981.7,2468.6,-93.82,1.067
R2859,elm,-56262.5,2044.5,2409.2,-35.51,1.115
R2860,pine,-55512.3,2019.3,2332.8,5.84,0.803
R2861,pine,-77802.5,2719,10916.3,-31.96,1.133
R2862,pine,-75269.5,2655.4,10977.3,59.58,1.02
R2863,pine,-72980.5,2706.8,8790,-139.6,1.121
R2864,pine,-71510.5,2392.9,7816.6,-40.11,1.161
R2865,elm,-70798.8,2214.2,7620.7,-209.42,1.059
R2866,elm,-70485.4,2319.8,7771.6,-198.21,0.872
R2867,elm,-69757.5,2597.9,8021.9,-114.26,1.082
R2868,pine,-68541,2230.3,8008,-147.36,1.071
R2869,pine,-66951.2,2684,7787.5,-82.95,1.127
R2870,pine,-66696,2454.9,7548.4,-118.5,1.146
R2871,elm,-65498.9,2589.4,6624.8,80.99,1.135
R2872,elm,-64875,2733.4,5826.6,-193.68,0.986
R2873,elm,-64203.7,2258.4,5355.6,-29.69,0.921
R2874,pine,-63412.5,2509.2,4656.7,-8.34,0.997
R2875,pine,-62878.6,2758,4297.9,-229.56,1.155
R2876,pine,-61731.7,2252.3,3871.4,-211.84,1.129
R2877,elm,-60734.5,2790.6,3601.2,-142.49,1.016
R2878,pine,-59644.5,2740,3432.6,-258.54,1.091
R2879,pine,-59275.5,2579.1,3383.3,-131.17,0.842
R2880,pine,-58166.3,2291.9,3124.1,-165.64,0.872
R2881,elm,-57006.3,2784.8,2822.5,-104.07,1.093
R2882,pine,-55859.9,2505.5,2481.5,-86.31,0.975
R2883,elm,-55053,2603.4,2388.7,-124.87,0.904
R2884,pine,-54694.1,2794,2393.4,-111.7,0.992
R2885,pine,-53878.1,2756.6,2410.3,-154.77,1.065
R2886,pine,-74989.5,3243.6,10857.8,-3.57,0.981
R2887,pine,-72428,3484.4,9321.5,-102.6,0.818
R2888,elm,-71073.3,3115.6,8319.3,-60.61,1.023
R2889,pine,-69427.8,3154.2,8217.5,-209.52,0.845
R2890,elm,-67356.9,3326.7,7803,-53.36,0.821
R2891,pine,-64231.8,3338.4,4970.5,-3.41,1.174
R2892,elm,-63681.8,3285,4782.9,-220.08,0.84
R2893,elm,-61741.7,3046.3,3797.8,-100.66,0.859
R2894,pine,-60568.7,3276.1,3617,-60.24,0.946
R2895,pine,-77928.6,4283.2,10601,46.39,1.005
R2896,pine,-77084.1,4009.9,10503.3,-143.19,1.16
R2897,pine,-75999.4,4195.5,10822.7,59.28,1.187
R2898,pine,-75601.3,4234.7,10536.6,-159.99,1.031
R2899,elm,-72789.4,4184.5,10125.6,-263.95,1.185
R2900,pine,-71800,4196.5,9364.4,-101.44,1.173
R2901,pine,-70202.7,4035.5,8838.9,2.22,0.893
R2902,elm,-69456.6,4223.4,8672.3,-94.62,0.882
R2903,pine,-68726.4,4173.9,8668.7,-96.85,0.868
R2904,elm,-67860.8,4159.6,8351.9,-147.81,0.88
R2905,pine,-67242.6,3806.7,7809.3,-181.04,1.148
R2906,pine,-64484.7,4096.9,5088.8,-95.19,1.177
R2907,pine,-63615.2,3870.6,4659.9,-153.82,1.005
R2908,pine,-57585,3952.8,3728.6,76.86,0.984
R2909,elm,-73019.1,4504.1,10582.6,-245.76,1.181
R2910,pine,-71626.4,4558.5,9755.6,-16.45,1.158
R2911,elm,-70108.3,4686.6,9254.1,-33.64,0.853
R2912,pine,-68604.1,5006.3,9309.7,-169.78,0.953
R2913,elm,-66043.4,4894.9,6748.6,68.74,0.82
R2914,elm,-64431.7,4792.6,5301.9,-171.64,0.918
R2915,elm,-62519.9,4800.1,4401.8,-205.28,1.093
R2916,pine,-58858.6,4794.4,4275.3,-21.19,1.112
R2917,elm,-58003.3,4478.5,4171.2,-73.58,0.928
R2918,elm,-57361.8,4598.8,4140.7,-137.38,0.872
R2919,pine,-56902.5,4684.8,4124,-150.57,1.014
R2920,elm,-55970.5,4522.5,3620.9,4.7,0.963
R2921,elm,-55192.7,4669.5,2995,35.25,1.14
R2922,elm,-52323,4469.3,2657.7,-103.36,1.093
R2923,pine,-78225.2,5783.7,11135.2,-202.5,0.969
R2924,elm,-77505,5371.2,10557.1,-203.24,1.151
R2925,pine,-75653.2,5728.9,10350.9,45.15,0.887
R2926,elm,-74905.1,5707.3,10550.4,46.87,0.953
R2927,elm,-73540.3,5217.8,10796.7,-141.63,1.091
R2928,pine,-72690.9,5370.1,11244,-196.13,1.159
R2929,elm,-71205.7,5465.2,10631.4,-30.55,0.904
R2930,elm,-70414.9,5302.2,10026.4,-249.76,1.147
R2931,pine,-69733.5,5446,9681.5,50.32,1.049
R2932,pine,-68689.9,5278.3,9515.7,-241.03,0.893
R2933,elm,-65469.1,5760.8,6349.6,59.59,1.035
R2934,pine,-64330.3,5707.3,5276.8,-199.43,0.93
R2935,elm,-63673.9,5436.1,4675.9,-116.13,0.867
R2936,pine,-62280.3,5330.1,4354.3,-30.63,0.911
R2937,pine,-61545.3,5279.7,4413.4,-114.27,0.894
R2938,elm,-60353.3,5750.9,4755,-219.31,0.937
R2939,elm,-58432.1,5488.3,4615.2,-60.39,0.978
R2940,pine,-57564.8,5305.5,4572.2,-36.28,0.825
R2941,pine,-52849.7,5520.4,2655.1,-267.03,0.832
R2942,elm,-77778.1,6167.9,11360.3,45.16,0.98
R2943,elm,-75408.3,6106.2,10649.1,-94.4,0.965
R2944,elm,-74670.5,6497.4,11109.6,-83.5,1.099
R2945,pine,-74159.9,6226.3,10917.2,-127.73,0.993
R2946,pine,-73256.9,6474.9,11532.6,-150.84,1.124
R2947,pine,-71283.6,6479.5,10518.9,-128.09,0.843
R2948,elm,-69576,6524.3,9873.8,67.78,1.116
R2949,pine,-67325.2,6061.7,8606.3,-157.57,0.906
R2950,pine,-65162.9,6202.9,6303.8,-206.52,1.125
R2951,elm,-64288.1,6521.7,5385.9,-18.15,0.909
R2952,pine,-63495.5,6204.5,4695.9,-164.17,0.989
R2953,elm,-62629.3,6418.7,4509.6,23.04,1.166
R2954,pine,-61001.4,6548.6,4828.3,-119.43,1.025
R2955,pine,-60799.9,6138.7,4798.3,-80.55,1.167
R2956,elm,-59519.3,6234.9,4888.9,-177.2,1.004
R2957,elm,-58917.1,6111.7,4883.8,-234.24,0.876
R2958,elm,-58485.3,6153.5,4782,-113.53,1.102
R2959,elm,-57543.1,6378.1,4540.3,53.1,0.919
R2960,elm,-55867.6,6436.3,3338.2,85.78,0.966
R2961,pine,-55504.9,6129.3,3098.8,-30.86,1.187
R2962,pine,-54350.3,6164.6,2857.4,-226.04,0.834
R2963,pine,-51607.4,6353.9,2088.4,-108.83,0.992
R2964,pine,-77737.4,6781.4,11330.7,-186.71,1.093
R2965,elm,-76023.9,6963.8,10737.5,-260.06,1.199
R2966,elm,-75657,7099.1,11051.9,-165.64,1.043
R2967,elm,-74617.1,6772.3,11072.3,-44.81,1.158
R2968,pine,-72280.5,6937.6,11077.6,45.79,1.076
R2969,pine,-71825.3,7244.2,10948.6,-22.28,0.883
R2970,elm,-70922.9,7062.9,10266.6,-114.26,0.981
R2971,pine,-70513.9,7230.7,10190.9,31.85,1.063
R2972,elm,-68543.5,6838.5,10197.1,39.07,0.969
R2973,pine,-66653.8,6780.6,8159.8,-269.23,1.194
R2974,pine,-65877.8,6717.7,7375.1,-240.36,1.132
R2975,pine,-65176.8,7276.9,6373.6,-102.43,1.092
R2976,pine,-64405.8,7168.2,5585.9,-147.83,0.887
R2977,pine,-63539.6,7188.3,5152.7,-251.42,1.145
R2978,pine,-62300,7204.1,4818.9,-87.01,1.119
R2979,elm,-61491.2,7058.9,4845.7,-26.55,1.098
R2980,elm,-59526.8,6854,4791,-170.93,1.025
R2981,pine,-57747.9,7290.4,4456.7,-208.99,0.949
R2982,elm,-54974.4,6997.6,2851.5,15.28,0.831
R2983,elm,-54418.1,6894.9,2776.4,67.5,1.168
R2984,elm,-53037.6,6984.8,2490.3,-59.48,0.824
R2985,elm,-50894.7,7045.1,1976.6,-23.78,1.157
R2986,elm,-76508.1,7583.7,11049.9,59.85,1.039
R2987,elm,-74810.7,7779.2,11455.3,-25.26,1.09
R2988,pine,-73760.4,8015.2,11810,-201.04,0.889
R2989,pine,-72532,7553.4,11195.5,83.77,1.061
R2990,elm,-71765.2,7840.1,10580.2,70.79,1.133
R2991,elm,-71238.1,7801.5,10567.5,-41.91,1.056
R2992,pine,-70093.1,7457.8,10296.3,-96.24,0.972
R2993,elm,-69561.5,7874.8,10604.1,-201.57,1.158
R2994,elm,-68612.6,7852.2,10197.9,-234.71,1.066
R2995,pine,-68201.9,7531.6,9908.6,16.58,1.06
R2996,pine,-67508.9,8013.3,9368.4,-13.35,0.992
R2997,elm,-64729.7,7741.9,5994.8,38.71,0.932
R2998,elm,-63592.4,7763.5,5466,-259.51,1.017
R2999,elm,-62715.2,7778.7,5195.2,88.8,0.926
R3000,elm,-61825.1,7497.9,4912.8,-131.03,0.824
R3001,elm,-61429.8,8012.2,4702.1,-181.14,0.973
R3002,pine,-58459.1,7516.4,4647.5,-113.32,1.182
R3003,elm,-56508.2,8042.1,3379,13.96,0.97
R3004,pine,-55175.1,7966.6,2751.3,-180.01,1.002
R3005,elm,-52971,7472.9,2320.1,-157.13,1.031
R3006,elm,-50563.9,7967.9,1972,-223.85,1.042
R3007,pine,-76980.3,8308.3,11764.2,9.39,0.92
R3008,pine,-75346.8,8355.1,11470,-121.59,1.083
R3009,pine,-74503.3,8790.7,11610.2,-49.2,0.832
R3010,pine,-73781.5,8357,11709,-17.42,1.083
R3011,pine,-72959.6,8507.4,11086.7,46.57,0.898
R3012,elm,-71805.7,8576.9,10689.7,-230.59,1.072
R3013,elm,-70193.9,8454.3,10669.6,-154.87,1.123
R3014,pine,-67926.4,8559.1,9548.9,-222.77,0.891
R3015,pine,-67067.5,8212.2,9192.9,-200.11,0.845
R3016,pine,-65869.4,8735.2,7375.4,76.91,1.194
R3017,pine,-64154.7,8224.3,5902.9,-152.06,0.913
R3018,elm,-61396.1,8556.5,4824.3,25.9,1.09
R3019,pine,-60530,8702.4,4528.5,26.17,1.154
R3020,elm,-59711.7,8653.4,4433,87.67,1.093
R3021,pine,-59284.2,8291.6,4436,-237.18,1.183
R3022,pine,-58475.1,8312.4,4275.3,-142.54,1.038
R3023,pine,-57713.5,8370.5,3825.5,1.46,1.117
R3024,pine,-56116.9,8418.3,3130.9,15.89,0.961
R3025,pine,-79477.5,9404.4,11649.8,-27.38,0.965
R3026,elm,-78619.2,8974,12109,70.99,1.145
R3027,elm,-73471.3,9362.3,11386.2,-155.23,1.194
R3028,pine,-71056.6,9224.8,11013.1,37.34,1.137
R3029,elm,-70123.9,9515.6,10408.1,-153.88,0.813
R3030,elm,-69744.7,9282.2,10350.8,-159.96,1.079
R3031,elm,-67894,9100,9378.4,-242.22,0.835
R3032,elm,-67411.9,9310.6,9025.6,38.31,0.958
R3033,elm,-65860,8969.5,7298.3,-52.14,0.85
R3034,pine,-64971.9,9395.9,6532.5,-139.15,0.867
R3035,elm,-63697.6,9433.7,6210.7,-148.31,1.057
R3036,elm,-61411.4,9292.8,4966,-262.15,1.182
R3037,pine,-60277,9382.6,4614.9,-113.14,0.929
R3038,pine,-59590.2,9278.3,4557.7,-58.06,0.894
R3039,pine,-56807.6,9296.7,3115.9,-51.32,0.964
R3040,pine,-56091.2,9436.6,2903.3,-215.56,0.924
R3041,elm,-54412.7,9035.9,2249.5,-54.01,1.113
R3042,elm,-53205.9,9191.3,2021.9,-138.2,1.081
R3043,pine,-52302.9,9273.3,1938.5,-248.98,1.045
R3044,elm,-78412.5,10254.5,12694.9,48.6,1.07
R3045,elm,-75959,10008.8,11862,-64.06,0.819
R3046,pine,-75264.8,9747.9,11804.1,-216.28,1.146
R3047,pine,-74956.9,9818.8,11905.8,-146.16,0.832
R3048,elm,-74033.7,9814.6,11742.6,-145.54,1.194
R3049,elm,-73415.4,9807.8,11803.1,-251.23,0.877
R3050,elm,-71930,9896.5,11419.9,-127.51,0.958
R3051,elm,-70759.1,10175.9,10905.7,-168.39,0.994
R3052,elm,-70049.9,10241.7,10204.8,75.28,1.016
R3053,elm,-69436.4,9845,9988.2,-40.89,1.032
R3054,elm,-67944.7,9910.7,8840.9,-62.28,1.138
R3055,elm,-66751.2,9744.2,7982,-204.37,0.919
R3056,elm,-64978.5,10008.3,6757.3,-193.9,1.129
R3057,elm,-64418.6,9791,6477.4,29.7,0.951
R3058,elm,-62560.6,10284.6,6415.3,-234.89,0.973
R3059,elm,-61519.3,9875,5318.9,-135.37,0.805
R3060,elm,-57662.8,10107.6,3382.1,-195.69,0.924
R3061,elm,-56641.9,10145.2,2850.3,56.21,0.825
R3062,pine,-74655.7,10691,12102.8,-57.1,1.046
R3063,elm,-73786.4,10872,12252.2,-220.97,0.941
R3064,elm,-71492.4,10845.3,11328.5,-162.92,0.805
R3065,pine,-70783.5,10638,10863,-86.93,1.159
R3066,pine,-69364.4,10770.5,9439.6,-143.68,1.128
R3067,pine,-68945.3,10763.8,9358.1,35.97,1.127
R3068,pine,-68184.9,10540.2,9037.8,-172.4,0.999
R3069,elm,-67278.9,10681.9,8263.4,-104.96,1.001
R3070,pine,-65838.7,10759.8,7169.7,-233.59,0.846
R3071,elm,-65119.5,10740.9,7014.8,-104.29,0.938
R3072,elm,-63389.9,10967.5,6520.6,74.28,1.128
R3073,elm,-62495.6,10739,6306.8,-39.5,0.986
R3074,pine,-61337.2,10578.2,5262,-11.99,1.15
R3075,pine,-60431.5,10802.6,4640.4,69.54,1.007
R3076,elm,-59492.9,10888.8,4624.8,-166.16,0.864
R3077,elm,-59149.9,10993.9,4602.2,-53.84,1.106
R3078,pine,-58263.5,10714,4093.1,-139.47,0.93
R3079,elm,-57561.1,11026.2,3445.6,-93.85,0.822
R3080,elm,-56970.5,10497.1,2926.7,16.96,1.12
R3081,pine,-53782.1,10641.1,1956.7,-12.63,0.849
R3082,pine,-77239.9,11201.1,13127.6,-220.2,1.083
R3083,elm,-75265.7,11498.9,12464.8,13.21,1.111
R3084,pine,-74895.5,11315.8,12417.3,-125.36,0.884
R3085,elm,-72509.6,11638.3,12875.5,-116.28,0.892
R3086,elm,-70905,11303.7,10776,-78.22,1.014
R3087,elm,-70298.9,11205.6,10409.5,83.73,0.959
R3088,pine,-69699.4,11212.9,9868.3,-238.61,1.021
R3089,elm,-66615.1,11570.1,8023,-32.73,0.984
R3090,pine,-65057.2,11463.6,6897.8,-40.03,1.184
R3091,pine,-63431.5,11283.1,6380.2,-197.64,0.874
R3092,pine,-60651.4,11391.3,4857.8,-145.9,1.183
R3093,elm,-56472.8,11483.4,2588,-213.04,0.811
R3094,pine,-56244.9,11655.1,2424,-57.76,1.043
R3095,pine,-77143.8,12287.3,13458.9,-235.94,0.917
R3096,pine,-71052.9,12163.2,11167.5,-227.21,0.949
R3097,pine,-67863.3,12317.2,9131.5,-2.73,1.193
R3098,pine,-67291.2,12135.1,8570.9,87.86,0.873
R3099,elm,-66506,12156.4,8215.9,-195.23,1.134
R3100,elm,-65787.3,12342.9,7647.1,-63.65,0.862
R3101,pine,-64968.8,11966.5,6845,58.46,1.001
R3102,pine,-64472.1,12539.9,6490.5,-152.19,0.862
R3103,pine,-62069.2,12403.1,5672,-1.16,1.152
R3104,pine,-61423,12535.2,5430.4,65.33,1.141
R3105,pine,-59198.8,12301.5,4655.5,-173.36,1.079
R3106,elm,-58488.2,12323.9,4091.8,-165.32,0.842
R3107,elm,-57601.4,12381.1,3491,-99.58,0.994
R3108,pine,-76195.3,13218.8,13288.9,-63.59,0.93
R3109,elm,-74904.1,13019.7,12477.4,-81.63,0.83
R3110,elm,-73363,13173.9,12768,20.96,0.946
R3111,pine,-72716.4,12755.2,13517.1,-53.19,1.029
R3112,elm,-70043.4,13000.8,10009.4,-172.92,1.138
R3113,pine,-69630.3,12961.1,9811,-43.92,1.123
R3114,pine,-65944.7,12998.6,7764.5,-38.76,0.895
R3115,pine,-63774.6,12807.9,6242.3,-117.69,0.868
R3116,pine,-62717.4,13143.6,5958.4,21.1,1.103
R3117,pine,-61976.9,12806.1,5564.9,-92.99,0.983
R3118,pine,-59539.1,13008.4,5183.8,-105.35,0.831
R3119,elm,-58851.5,12879.1,4591.1,22.99,0.984
R3120,pine,-58026,13271.1,4008.3,-175.47,1.175
R3121,pine,-57334.4,12968,3383.8,-23.55,1.099
R3122,pine,-56678.1,13258.7,2992.9,-195.51,0.927
R3123,pine,-53892.6,13095.8,1746.5,-220.67,1.068
R3124,pine,-52238.2,12730.1,1721,-96.25,0.945
R3125,elm,-76792.2,13474,13072.7,-228.2,0.925
R3126,elm,-76261.2,13949.6,13096.4,-209.92,0.821
R3127,elm,-75332,13832.6,12492.1,63.69,1.165
R3128,pine,-74118.4,13834.2,12627.5,3.08,1.18
R3129,pine,-73364.9,13581.3,12775.8,-150.96,1.096
R3130,elm,-72727.8,13949.7,13234.8,-124.49,1.162
R3131,elm,-67033.1,13904.1,8136.5,82.9,1.175
R3132,pine,-65697.3,13809.2,7407.2,36,1.102
R3133,elm,-64846.5,13905.1,6438.3,-258.34,1.024
R3134,pine,-63778.1,13783.6,6188,-111.49,1.028
R3135,elm,-62734.2,13802.9,6098,-71.05,1.129
R3136,pine,-62107.3,13834.7,5714.1,-214.68,0.811
R3137,elm,-61355.2,13807.5,5390.3,-139.65,1.043
R3138,pine,-59808,13742.2,5431.7,-257.09,1.005
R3139,elm,-59020.9,13463.8,5072.6,48.78,1.108
R3140,pine,-57600.1,13650.7,3711.1,-8.1,1.177
R3141,elm,-56593.6,13952.1,2964.5,6.81,1.155
R3142,pine,-56243.2,13523.4,2653.7,-40.66,1.106
R3143,elm,-55061.1,14001.3,1892.7,-184.11,1.006
R3144,pine,-73736.5,14575.8,13334.1,-162.09,1.131
R3145,elm,-70815.4,14593.1,10155.2,-63.2,0.951
R3146,pine,-69302.1,14521.5,9601.8,-126.51,1.135
R3147,pine,-68084.7,14399,8458.7,-227.06,1.173
R3148,elm,-67232.4,14515.7,7920.6,83.58,0.962
R3149,pine,-66625.7,14222.4,7854.5,-92.37,1.026
R3150,elm,-65680.2,14722.2,7576.6,-259.83,0.829
R3151,elm,-64755.9,14276.6,6373.2,-209.73,0.926
R3152,pine,-63380.8,14367.5,6127.2,-231.69,0.812
R3153,elm,-62457.3,14531.9,6046.2,-145.17,1.042
R3154,elm,-62056.9,14480.7,5750.2,-232.88,0.941
R3155,pine,-60507.1,14557.2,5465.8,-103.55,0.96
R3156,elm,-60003.7,14548.5,5587.2,-261.57,0.897
R3157,elm,-59184.7,14376.5,5464.2,86.94,1.054
R3158,pine,-56637.4,14569.8,3097.8,-199.96,1.033
R3159,pine,-76212,14982.5,13502.7,-215.87,0.873
R3160,elm,-71140.8,15273.5,10667.9,-157.28,1.069
R3161,elm,-69996.5,15302.2,9757.6,-114.61,1.1
R3162,elm,-66976,15132.7,7615.3,2.67,0.978
R3163,pine,-66726,15097.7,7780.3,-201.96,0.902
R3164,pine,-66006.4,15376.9,7797.8,74.88,0.961
R3165,pine,-62581.2,15324.3,6310.8,-127.74,0.813
R3166,pine,-76252,15957.6,13903.2,-36.19,0.951
R3167,elm,-75275,15782.4,13960.7,-122.34,1.111
R3168,elm,-71894.5,16262,11627,-246.19,0.81
R3169,pine,-71262.5,16033.2,11215.6,29.71,0.947
R3170,pine,-69316.7,15769.8,9331.6,-207.92,0.926
R3171,elm,-68759.4,15845.4,8609.1,-141.5,1.078
R3172,pine,-67805,16081.4,7984.8,15.54,0.962
R3173,elm,-64721,15772.2,7122.7,-12,0.996
R3174,elm,-63742.3,15896.1,7086.8,-106.3,1.046
R3175,elm,-57739.4,16280.6,4005.7,87.15,1.164
R3176,elm,-56782,16050,3042.7,-241.91,0.85
R3177,elm,-56044.4,16043.6,2636.8,-170.66,0.826
R3178,pine,-73280.7,16669.5,13463.5,-99.06,1.02
R3179,pine,-69609.7,16597.7,9624.7,39.46,1.03
R3180,elm,-68794,16676.9,8910,-220.02,1.048
R3181,elm,-67714.7,16849.7,8073.5,-66.71,1.096
R3182,elm,-64065.6,17034.4,7478,-61.77,1.067
R3183,elm,-63721.5,16499.3,7120.7,-222.37,1.086
R3184,elm,-62787.8,16602.2,7317.6,-35.71,1.166
R3185,pine,-59188.2,16551.4,5054.8,-210,0.827
R3186,elm,-58006.9,16964.3,4416.4,-141.57,1.062
R3187,pine,-53895.2,16561.2,1972.6,-85.21,0.86
R3188,elm,-74776.2,17747.6,13109.6,25.7,0.973
R3189,pine,-73324.1,17535.8,12911.2,-80.8,1.137
R3190,elm,-72208.9,17671.9,13314.6,33.06,0.961
R3191,pine,-69303.2,17747.9,9128,-126.67,0.978
R3192,elm,-67073.9,17768.1,7662.9,-29.69,1.126
R3193,elm,-60982.9,17378,6034.4,-64.58,0.843
R3194,elm,-60638.6,17678.7,5489.5,-240.89,0.866
R3195,pine,-56807.4,17323.2,3362.3,-48.03,1.184
R3196,pine,-54486,17324.9,2274.3,-250.85,0.995
R3197,elm,-74027.5,18284.2,12721.1,-168.88,0.895
R3198,elm,-68179,18006.5,8274.1,-169.77,1.105
R3199,pine,-67463.2,18118.4,8015.3,-179.4,0.829
R3200,pine,-63602.3,18189.7,8633.5,-265.06,0.821
R3201,elm,-62724.5,18008.5,7813.6,-115.4,0.84
R3202,pine,-61136.9,17971.9,5772.7,-162.43,1.135
R3203,pine,-59045.2,18045,4519,88.08,0.806
R3204,elm,-57638.6,18179.7,3856.9,6.34,1.192
R3205,pine,-71890.5,18755.4,12654,-252.37,0.951
R3206,elm,-66008.3,19236.7,8486.5,-165.95,1.164
R3207,elm,-64920.3,19292.3,9062.5,-155.89,0.957
R3208,pine,-58046.9,18939.5,3799.4,-193.51,1.134
R3209,pine,-71686.5,19476.8,12816.6,4.58,1.04
R3210,elm,-61027.7,19500.4,5455.9,-192.53,1.067
R3211,elm,-57609.8,19870.7,3643.7,-6.61,1.054
R3212,pine,-56528.7,19827.6,3132.9,-186.48,1.137
R3213,elm,-72671.4,20509.1,12957.1,-152.39,0.895
R3214,pine,-66206.9,20517.9,9943,-8.19,1.012
R3215,pine,-62660.1,20796.2,6443.9,-126.73,0.849
R3216,pine,-60952.8,20553.2,5083.1,-142.67,0.983
R3217,elm,68087.1,-17988.5,6198.4,22.45,0.964
R3218,elm,72182.8,-18060.1,8157.7,-247.64,1.161
R3219,poplar,68915.5,-17276,7084,-248.08,0.969
R3220,pine,72634.4,-17408.2,8652.2,-109.48,1.031
R3221,pine,61431.7,-15841.7,3586,-102.59,1.023
R3222,poplar,62131.7,-15835.2,3996.7,-211.54,1.192
R3223,poplar,73615.2,-16197.8,9310.9,-52.01,0.905
R3224,pine,63517.2,-15377.1,4797.5,-76.6,0.99
R3225,elm,65881.7,-15528.1,6075.1,56.02,0.924
R3226,pine,68795.3,-15102.6,7794.3,19.45,0.891
R3227,elm,71795.3,-15281.3,8050.8,-151.4,1.034
R3228,elm,58515.1,-14673.5,2409.9,-172.2,0.811
R3229,elm,62153.2,-14762.8,4077.7,79.64,1.019
R3230,poplar,62755.9,-14410.5,4439.5,-95.11,0.812
R3231,elm,63578.4,-14285.2,4877.5,-250.42,0.9
R3232,poplar,64287.9,-14289.8,5787.6,-36.38,0.816
R3233,pine,65837.5,-14312.2,6347.2,20.95,0.836
R3234,elm,66788.9,-14263.7,6932.2,-111.07,1.168
R3235,elm,71000.9,-14460.1,8621.9,-96.35,1.121
R3236,poplar,59172.7,-13584.3,2601.4,-216.14,1.076
R3237,pine,59934.2,-13516.1,2734.2,-184.53,0.983
R3238,elm,63803.8,-13501.4,4974.4,-185.17,1.118
R3239,poplar,65095.5,-14032,6169.5,51.06,0.931
R3240,pine,66080.4,-13667.6,6808.2,-164.04,0.97
R3241,elm,66951.5,-13616.8,7527.7,-179.72,1.066
R3242,poplar,68003.7,-14033.9,8413,-269.84,1.193
R3243,pine,68754.4,-13686.9,8682.6,-129.4,1.144
R3244,pine,71348.3,-14036.8,8985.9,-3.74,0.87
R3245,poplar,75123.7,-13694,9984.8,-93.78,0.818
R3246,pine,77958.4,-13658.3,8188.2,-263.4,1.169
R3247,poplar,60795,-12885.3,3057.3,-269.57,0.924
R3248,pine,61534.8,-12728.4,3385.8,-217.08,0.811
R3249,poplar,64417.9,-12793.5,5111,-260,0.866
R3250,pine,66250.8,-13250.9,6974.3,-89.18,1.186
R3251,pine,71428.4,-12980,9122.8,-133.76,0.807
R3252,pine,76592.6,-13159.2,9108.9,60.59,1.138
R3253,elm,59426.3,-12325.3,2511.7,-166.35,0.994
R3254,pine,61423.8,-12505.9,3339.9,-94.1,0.82
R3255,pine,64967.3,-11972.4,5595.4,20.57,1.152
R3256,elm,66077.6,-12400.8,6504.3,-158.68,0.831
R3257,pine,71026.5,-12545.8,9102.8,-176.7,0.908
R3258,elm,73565.8,-12133.6,10266.9,86.29,1.02
R3259,pine,54622.7,-11469.4,1542.9,-35.25,1.197
R3260,poplar,57147.8,-11628.9,1989.7,26.1,0.815
R3261,poplar,61659.2,-11757.6,3375.8,-209.75,0.878
R3262,elm,65030.3,-11408.4,5385.4,-59.94,0.831
R3263,pine,66144.2,-11657.5,6054.9,-191.75,1.163
R3264,elm,66913.7,-11750.7,6443.2,-129.27,0.852
R3265,elm,67378.6,-11246.4,6322,-97.45,1.19
R3266,pine,69735.5,-11751.7,8357.6,-239.72,1.042
R3267,poplar,72653.3,-11691,9458.4,-186.92,1.192
R3268,elm,73350.8,-11759.9,9913.9,-71.49,1.158
R3269,pine,76784,-11728.8,9389.7,-159.14,1.191
R3270,poplar,55542.8,-10738.2,1667,26.64,0.871
R3271,poplar,57142.2,-11009.7,1993.5,-250.27,1.166
R3272,poplar,59469.2,-10508.9,2571.7,-84.45,1.03
R3273,pine,60922.9,-10902.7,3116,-159.58,1.177
R3274,elm,62432.4,-10767.7,3622.1,63.51,1.187
R3275,pine,63101.6,-10469.5,3972.7,-154.12,1.183
R3276,poplar,64239.4,-10464.3,4866.9,-37.14,0.811
R3277,poplar,65861.4,-10683.5,5692.2,-106.07,0.801
R3278,poplar,67567.6,-11008.9,6261.8,-96.01,1.064
R3279,poplar,68069.9,-10819.8,6633.6,-92.12,1.135
R3280,pine,72061.5,-10848,9006.8,72.17,1.005
R3281,pine,72659.9,-10458.1,9166.3,29.72,0.904
R3282,pine,74236.4,-10903.2,9602,-70.43,1.046
R3283,poplar,53971.8,-10237.4,1588.6,-228.71,0.888
R3284,pine,59311.2,-9814.6,2549.9,-91.82,0.945
R3285,pine,60056.6,-9939.3,2776.7,60.12,1.081
R3286,poplar,61351.9,-10087.4,3108.6,47.33,0.884
R3287,elm,65038.5,-10103.5,5545.9,-230.38,0.865
R3288,pine,66095.9,-10014.1,5773.4,-59.84,0.979
R3289,elm,67278.9,-10090,5960.6,3.65,0.824
R3290,poplar,69603.6,-10013.6,7270.7,59.77,0.988
R3291,poplar,71731.3,-9760.1,8133.3,-166.18,0.942
R3292,poplar,74956.8,-9999.1,8738.7,62.9,1.192
R3293,elm,57052.8,-9097.3,1934.1,-259.43,0.81
R3294,poplar,57959.1,-9073.6,2009.8,-76.92,0.908
R3295,elm,61686.2,-9359.2,3095.4,-258.62,0.952
R3296,pine,62136.9,-9170.3,3231.8,-49.05,1.041
R3297,poplar,63196.1,-8988.1,3599.8,-170.92,0.974
R3298,pine,63787.7,-9042,4031.2,-149.28,1.073
R3299,elm,65058.8,-9303.5,5028.2,-1.04,1.096
R3300,poplar,65740.9,-9358,5462.6,-90,0.855
R3301,elm,68410.5,-9276.5,6135.9,-111.57,0.974
R3302,elm,69111.1,-9187.8,6757,-37.26,0.854
R3303,poplar,74230.5,-9446.6,8532,75.24,0.907
R3304,pine,76691.6,-9168.2,8052.6,80.89,1.126
R3305,pine,55396.7,-8506.2,1815,77.17,0.99
R3306,elm,58703.7,-8424.3,2031.9,-99.19,0.828
R3307,elm,59041.6,-8228.8,2033.8,30.03,1.011
R3308,elm,59992.5,-8413.3,2342.7,-158.94,0.803
R3309,elm,60531.8,-8350.6,2309.4,-209.81,1.015
R3310,poplar,61237.4,-8240.7,2396.8,-113.73,0.839
R3311,elm,62470,-8305,2847.4,-36.47,0.956
R3312,elm,62791.1,-8485.4,3000.7,-178.37,1.113
R3313,poplar,64211,-8571.7,3992.7,-1.96,0.866
R3314,poplar,65135.9,-8684.6,4822.8,-85.01,0.892
R3315,pine,66048,-8265,5223,-82.97,1.17
R3316,elm,66743.4,-8719.7,5636.7,-100.39,0.912
R3317,pine,67485.6,-8581.6,5679.9,-46.52,0.829
R3318,poplar,69038,-8664.7,6454.8,5.74,1.122
R3319,elm,69837.9,-8249.2,6168.7,-116.13,0.84
R3320,poplar,70332.5,-8556.5,6485.1,-42.78,0.872
R3321,pine,75462.1,-8618.6,8053.6,-243.32,1.077
R3322,elm,76459.9,-8201.9,7993.3,-161.7,0.902
R3323,elm,53973.7,-7920.6,1710.8,-196.75,0.997
R3324,poplar,55437.3,-7658.9,1817.6,-29.87,1.067
R3325,poplar,56235.6,-7838.2,1830.3,8.05,1.102
R3326,poplar,57975.6,-7610.8,1927.3,-116.57,0.903
R3327,pine,58599,-7956.6,2018.5,-84.93,0.879
R3328,elm,60143.9,-7653.5,2157.6,-241.47,0.856
R3329,elm,62458.6,-7855.3,2528.6,-149.05,1.135
R3330,elm,63491.9,-7974,2939.7,-236.21,0.994
R3331,pine,66636.8,-7664.8,5374.9,-218.76,1.071
R3332,elm,67537,-7919.9,5588.3,-260.9,1.129
R3333,poplar,68915.3,-7633.1,5748.2,-82.62,1.114
R3334,poplar,69555.6,-7491.5,5351.7,-175.13,0.821
R3335,elm,70502.3,-7975.1,6064.3,-93.71,1.032
R3336,pine,71220.6,-7954.1,6474.2,72.81,1.065
R3337,elm,73210,-7922.7,8060.9,-70.98,1.056
R3338,pine,76372.3,-8033.2,7926.9,-137.46,0.88
R3339,elm,77241.5,-7542.7,7859.1,33.57,0.834
R3340,pine,51878,-7192.2,1484.2,-134.23,0.95
R3341,elm,56399.4,-6792.7,1783.3,-207.55,0.844
R3342,poplar,56740.7,-7046.4,1829.3,-27.37,1.05
R3343,pine,58216.3,-7146,1902.5,-215.21,0.804
R3344,poplar,61471.9,-6833.1,2173.7,48.33,0.988
R3345,elm,63174.1,-6803,2558.7,-193.39,1.12
R3346,pine,65520,-6726.8,4004.7,35.13,1.13
R3347,poplar,67772.6,-7024.9,5028.1,-216.93,1.076
R3348,pine,68926.2,-6800.7,5064.9,-153.68,1.04
R3349,elm,69847.7,-6778.8,4971,63.59,1.1
R3350,elm,71230.9,-7121.7,5811.1,-223.24,0.954
R3351,elm,74779.1,-7000.9,7565,-54.57,1.166
R3352,elm,76247.3,-7032.5,7810.7,-122.46,1.125
R3353,pine,78013.2,-7100.5,7851,-102.39,0.817
R3354,elm,53354.6,-6188.4,1535.8,-229.16,0.86
R3355,pine,54987.4,-6273.3,1708.9,-192.15,0.901
R3356,elm,59184.5,-6389.9,1961.8,-255.53,0.866
R3357,elm,59907.2,-6474.6,2028.2,-63.47,0.947
R3358,poplar,63290.7,-6067.1,2669,-210.43,1.167
R3359,pine,63639.5,-6183.7,2777.1,-95.2,1.037
R3360,pine,64336.7,-6530.5,3201.6,71.72,1.127
R3361,poplar,65513.6,-6001.2,3666.5,67.79,0.803
R3362,pine,66006.2,-6042.7,3761.8,-31.33,1.174
R3363,elm,66657.9,-6324.7,4041.5,-258.27,0.883
R3364,elm,67695.6,-6085.1,4166.6,-90.39,1.046
R3365,poplar,68516,-5997.8,4458.5,26.99,1.144
R3366,pine,69045.5,-6548.6,4934.3,-79.71,1.182
R3367,elm,69963.4,-6181.2,4713.7,-239.97,0.97
R3368,poplar,70477.1,-6001.2,4738.8,77.55,0.87
R3369,elm,72104.1,-6196.3,6059.6,-147.4,1.135
R3370,elm,72760.1,-6061.3,6536,-145.65,1.081
R3371,elm,73961.3,-6103.9,6917.3,-105.83,0.847
R3372,pine,75470.9,-6512.4,7734.9,82.4,1.048
R3373,poplar,76425.1,-6245.9,8137,-118.78,0.981
R3374,poplar,54817.9,-5423.9,1628.3,-226.82,1.102
R3375,pine,55592.7,-5796.9,1717.6,-221.59,1.174
R3376,elm,56920.3,-5791.8,1766.8,-262.26,1.134
R3377,pine,57662.5,-5452.1,1808,-89.02,0.864
R3378,poplar,60259.9,-5438.7,2064.7,-111.01,0.891
R3379,poplar,61018.3,-5424.6,2062.5,-257.33,1.144
R3380,elm,61555.4,-5762.1,2095.2,-164.65,1.167
R3381,elm,65062.6,-5488.1,3289.1,-242.92,0.878
R3382,pine,68441.5,-5740.1,4360.7,36.65,1.101
R3383,pine,68882.9,-5510.1,4302.8,-5.59,0.879
R3384,poplar,70755.4,-5206.1,4489.8,-250.78,0.909
R3385,poplar,73239.3,-5711.1,6433,-25.72,0.981
R3386,poplar,75191.4,-5284.8,7415.1,-148.18,1.106
R3387,elm,52373.2,-4907.9,1477.8,-209.1,0.954
R3388,elm,53373,-4705.5,1525.5,-171.4,1.029
R3389,elm,53761.8,-4458.5,1539.2,85.42,1.122
R3390,poplar,54663.1,-4931.7,1624.5,-190.46,0.895
R3391,elm,57680.1,-4641,1847,-141.98,0.951
R3392,poplar,58231,-4894.2,1826.4,-129.85,0.878
R3393,poplar,60051.9,-4748.8,2027.2,-8.36,0.986
R3394,elm,61657.2,-5027.3,2144.9,-209.14,1.035
R3395,poplar,62368,-4887.3,2263.7,-121.7,0.835
R3396,poplar,66236,-4627.3,3217,74.44,0.852
R3397,pine,66546.5,-4647.2,3297.3,-34,1.154
R3398,pine,68431.1,-4601.6,4115.7,-74.81,0.918
R3399,poplar,68786.4,-4926.6,4292.2,-229.07,1.051
R3400,elm,69889.5,-4942.3,4274.1,-67.54,0.931
R3401,elm,71892.3,-4902.1,5086.1,-145.26,1.112
R3402,elm,72979,-4696.9,5841.2,-245.91,0.81
R3403,poplar,75526,-4735.6,7405.4,-93.3,1.158
R3404,pine,59880.2,-4286,2036.8,40.85,1.078
R3405,elm,61339.4,-4254.2,2237.5,41.17,1.015
R3406,poplar,62469.1,-3805.7,2486.8,-80.75,0.827
R3407,pine,64672.1,-4274.7,2733.7,-46.49,0.823
R3408,poplar,65337.5,-4060.9,2839.6,-10.3,1.179
R3409,pine,65908.7,-3897.5,3032.7,-135.43,0.933
R3410,poplar,68464.7,-4177.5,4008.1,53.14,1.053
R3411,pine,70740.7,-4261.4,4439.2,60.87,0.811
R3412,poplar,71421.3,-4134.5,4895.4,-1.97,1.121
R3413,elm,72905.9,-4030.2,5620.7,-183.46,0.932
R3414,elm,73605,-3844.4,5944.1,-26.98,1.184
R3415,poplar,75051.5,-4196.2,6991,24.89,0.844
R3416,elm,55269,-3546.4,1685.9,43.26,0.912
R3417,poplar,56446.8,-3150.7,1804.6,-236.35,1.133
R3418,pine,57299.2,-3479.5,1892.3,7.89,1.127
R3419,elm,57656.4,-3337.4,1953.5,-41.07,1.131
R3420,pine,60162.8,-3063.9,2392.9,-163,1.077
R3421,elm,62530.4,-3256.6,2545.7,-6.84,0.931
R3422,pine,68035.3,-3283.5,3551.5,-97.73,0.938
R3423,elm,72914.7,-2957.8,5267.5,-153.99,0.954
R3424,poplar,73329.8,-3045.5,5495.7,4.56,0.835
R3425,elm,74491.2,-3385.9,6402.4,-40.87,0.915
R3426,elm,54585,-2712.6,1577.7,17.77,1.117
R3427,pine,56303.4,-2616.7,1847.5,-255.57,0.933
R3428,elm,57124,-2256.2,2026.2,-44.89,1.191
R3429,poplar,58258.6,-2301.5,2149.6,-147.89,0.887
R3430,elm,59068.2,-2310,2217.4,53.1,0.885
R3431,pine,59891.8,-2342,2341.5,-4.71,1.049
R3432,pine,60522.1,-2751.8,2411.6,79.9,0.923
R3433,elm,61665.4,-2297.3,2495.8,-34.09,0.907
R3434,poplar,64349.7,-2563.8,2882.1,-222.74,0.83
R3435,poplar,65978,-2659.1,3454.2,69.25,1.177
R3436,pine,67335.9,-2223.7,3350.2,-206.48,1.026
R3437,elm,68458.8,-2216,3433.6,-132,1.153
R3438,elm,68789.1,-2402.2,3614.5,-144.31,0.849
R3439,pine,69705.7,-2689.9,4072.9,88.37,0.939
R3440,poplar,71089.7,-2293.1,4650.2,79.98,0.93
R3441,pine,71858.5,-2215.5,4849.6,42.4,0.888
R3442,pine,72883.9,-2579.1,5126.4,-27.8,0.873
R3443,poplar,74435,-2673.1,6286,-182.23,1.123
R3444,pine,74816.1,-2704.6,6588.5,-104.52,0.803
R3445,elm,75795.4,-2646,7558.3,-14.87,1.111
R3446,pine,76559.3,-2388.3,7919.7,-57.39,0.956
R3447,elm,77246.3,-2509.8,7160.6,48.9,1.174
R3448,poplar,78229.7,-2263.4,6637.9,-217.34,1.142
R3449,pine,55759.8,-1682,1765.7,-58.58,0.989
R3450,pine,56115.1,-1859.2,1832.3,-72.05,1.097
R3451,elm,58470.6,-1832.3,2181,43.69,1.085
R3452,poplar,59139.1,-1588.2,2230.4,-194.61,0.969
R3453,poplar,59748.3,-1489.5,2316.6,-229.85,1.178
R3454,elm,62506.6,-1523.1,2654.9,-162.89,1.132
R3455,pine,64600.6,-1867.7,3153.6,12.62,0.914
R3456,poplar,65452.5,-1486.1,3417.4,40.57,1.126
R3457,pine,66208.5,-1820.7,3548.1,-72.29,0.832
R3458,poplar,68262.8,-1724.5,3299.7,9.37,0.924
R3459,poplar,71548.4,-1549.2,4904.2,-17.87,0.9
R3460,elm,72232.3,-1556.2,4963.3,-231.01,1.113
R3461,poplar,73365.8,-2034.5,5373.8,-134.25,1.021
R3462,elm,55732.8,-862.2,1718.8,7.63,0.992
R3463,poplar,56436.5,-724.7,1885,-59.04,0.944
R3464,elm,60092.7,-983.9,2343.9,20.79,0.919
R3465,elm,60898.5,-971.9,2358.6,53.19,1.089
R3466,elm,62975.2,-1261.4,2714,-169.37,1.119
R3467,poplar,64599.2,-734.7,3067.3,-99.63,0.887
R3468,elm,65357.5,-900.8,3280.3,82.54,1.056
R3469,elm,66283.1,-1246,3458.2,-41.83,1.061
R3470,poplar,66492.9,-1003.2,3411.4,-199.53,1.067
R3471,poplar,68348.7,-1162,3277.8,-174.76,0.871
R3472,pine,70483.3,-1074.9,4272.3,-92.64,1.183
R3473,elm,71122.8,-1167.8,4699.1,-176.03,1.192
R3474,pine,52230.4,-191.1,1406.7,48.91,0.885
R3475,poplar,57247.6,-471.7,2085.3,14.27,1.157
R3476,pine,57675.4,-3.4,2067.8,-99.66,0.967
R3477,elm,58695.1,-131.5,2231.3,49.58,1.071
R3478,poplar,59868.8,-25.4,2134.5,-140.24,1
R3479,pine,63283.6,-495.7,2788.2,-107.35,1.018
R3480,elm,63975.1,-471.2,2889,-144.15,1.082
R3481,pine,64754.3,-322.8,2926.5,36.32,0.958
R3482,elm,66778.4,38.4,3191.1,-246.47,1.006
R3483,elm,67464.5,-144.6,3144.6,75.91,0.896
R3484,elm,69500.6,-547.5,3664.6,-51.24,1.066
R3485,poplar,72553.5,-15.7,5464.9,-163.83,0.822
R3486,elm,73503.4,-422.7,5841.2,-194.08,0.931
R3487,pine,76372.4,-365.1,7044.2,-39.98,1.139
R3488,pine,77899.3,-507.1,6545.8,-183.14,1.117
R3489,poplar,59374.5,492.2,1995.9,76.03,0.963
R3490,poplar,63785.5,213.2,2581.4,-247.26,1.159
R3491,pine,64767.4,201.3,2653.8,13.18,1.177
R3492,pine,67696.1,515.1,3137.8,-64.05,1.021
R3493,pine,69970.8,374.9,3813.4,-116.03,0.82
R3494,poplar,70310.9,432.6,4053.6,-28.12,1.129
R3495,poplar,71377.1,767,4959.9,18.55,1.054
R3496,pine,72890.5,256.1,5743.7,2.64,0.915
R3497,pine,75191.1,571,6351.6,-174.96,0.873
R3498,elm,59549.2,1342.1,1795.8,-117.76,1.165
R3499,poplar,59739.5,1157.2,1815.9,-90.78,1.14
R3500,pine,61636.5,1447.2,1996.1,-235.58,1.027
R3501,pine,63122.2,1318.2,2015.9,-106.62,1.015
R3502,pine,63960.9,1372.4,2043.5,-3.63,1.155
R3503,pine,65284.6,1114.5,2260.3,-100.2,0.991
R3504,elm,65756.7,1042.2,2434,19.57,1.144
R3505,elm,69931.1,1425.8,3926.7,-62.82,1.124
R3506,pine,71811.5,1368.3,5277.2,65.82,0.851
R3507,elm,76562.5,1041.4,7129.2,13.52,1.008
R3508,poplar,78201.9,1138,6808.3,53.55,1.097
R3509,poplar,59910.6,2197.9,1668.6,36.61,1.046
R3510,elm,61549.5,2132.2,1941.6,-57.6,1.075
R3511,pine,62247.1,1819.3,1976.1,-87.69,1.005
R3512,poplar,62947.9,2288.7,1836.7,-223.76,1.124
R3513,elm,65271.9,2093.5,2144.4,-117.26,1.196
R3514,poplar,66249.2,2187.9,2484.7,-154.32,0.881
R3515,pine,67646.3,2211.8,3043.6,-269.84,0.879
R3516,poplar,68088.2,2104.5,3224.2,-38.92,0.813
R3517,elm,69567.1,1840,3761.6,24.14,0.947
R3518,elm,70693.3,1744.6,4370.1,-197.9,0.811
R3519,pine,71263.9,1872.2,4795.8,22.82,0.945
R3520,poplar,78095.3,1814.4,6744.5,-74,0.941
R3521,pine,56017.7,2576.4,1395.9,8.56,1.13
R3522,poplar,61559.6,2692.6,1810.2,-222.44,1.123
R3523,pine,64016.1,2746,1824.7,-219.2,0.856
R3524,elm,66251.1,2562.4,2562.4,-193.51,1.191
R3525,elm,66657.6,2656.3,2752.5,-64.35,0.805
R3526,poplar,69761.4,2714.8,4068.4,-268.62,0.826
R3527,elm,73415.5,2546.1,5819.3,-81.25,0.876
R3528,poplar,75289.1,2486.3,6561,-236.34,1.116
R3529,pine,76365.2,2460.7,6867.6,26.43,1.129
R3530,pine,56920.9,3273.2,1411.1,-93.68,1.178
R3531,pine,58290.5,3291.3,1597.2,2.81,0.992
R3532,poplar,60017.9,3665.6,1590.5,-143.11,1.171
R3533,pine,65507.2,3664.6,2397.4,-231.7,1.16
R3534,elm,65993.3,3299.6,2628.1,77.45,0.877
R3535,poplar,68302.1,3430,3498.9,-177.4,1.125
R3536,pine,71914.8,3551.4,4953.6,-142.3,1.096
R3537,pine,76488.7,3459.2,6951,53.78,1.184
R3538,pine,78219,3430.9,6684.4,81.64,1.104
R3539,poplar,55041.2,3972.7,1339.4,3.7,0.918
R3540,elm,60490.1,4049.9,1613.2,57.22,1.183
R3541,pine,63700.3,4454.3,1884.3,11.22,1.021
R3542,elm,64242.6,4004,1902.8,-226.14,0.981
R3543,elm,65358.3,4449.7,2473.1,-101.39,1.138
R3544,pine,66206.8,4247.2,2927.7,-122.23,1.151
R3545,poplar,70012.2,4343.7,4250.8,-229.38,1.191
R3546,poplar,77045.9,4312.9,7002.2,-233.95,1.16
R3547,elm,54835.1,5006.9,1307.2,-36.03,1.034
R3548,poplar,57534.5,5009.2,1529,-37.83,1.063
R3549,elm,58282.8,4960.3,1602.7,27.98,1.064
R3550,pine,59075.1,4823.6,1665.9,39.47,1.153
R3551,poplar,62244,4934.1,1780.9,-93.19,1.196
R3552,elm,63027,4873.2,1843.6,22.07,1.073
R3553,pine,63673.5,5169.6,1883.6,-139.16,1.049
R3554,poplar,64238.2,5198.4,1983.3,-52.05,1.137
R3555,poplar,66208.7,5218.9,3102.4,-87.09,0.818
R3556,poplar,66966.9,5213.4,3528.1,-223.79,0.802
R3557,poplar,67290.8,5072.3,3713.8,-65.67,0.934
R3558,pine,68233.1,4749.8,4062.9,26.58,1.065
R3559,poplar,69248.6,5277.3,4586.7,-231.04,1.151
R3560,pine,69909.5,5271.4,4676.5,8.13,0.946
R3561,elm,70493.8,4949.6,4584.6,-99.13,0.94
R3562,pine,72068.2,5110,5377.4,-60.97,1.099
R3563,pine,73511.6,4980.2,5475.1,-2.64,0.84
R3564,poplar,77750.4,4783.6,6988.7,79.91,1.113
R3565,poplar,61609.7,5537.9,1695.4,43.41,1.087
R3566,pine,62266.9,5975.5,1688.8,-172.34,1.173
R3567,elm,62796.9,5455.9,1759.7,73.69,0.99
R3568,poplar,71367.7,5758.7,5430.3,58.44,0.871
R3569,pine,75155.4,5650.8,6452.3,13.12,0.981
R3570,poplar,63731.3,6600.3,2083.2,8.17,1.17
R3571,pine,66520.8,6331.6,3262.9,-113.3,0.991
R3572,elm,70641.7,6464.7,5533.8,44.6,1.159
R3573,elm,58639.5,7500.1,1508.6,53,1.045
R3574,pine,66840.5,7000.9,3528.4,-195.23,0.887
R3575,poplar,67795.2,7199.6,4389.2,-103.35,0.947
R3576,elm,69750.2,7075.2,5237.5,-198.39,0.858
R3577,elm,70280.7,7320,5534.1,51.66,0.869
R3578,elm,61734.8,7894.9,1935.8,-205.07,1.115
R3579,poplar,63723.9,7841.2,2365.7,61.25,0.881
R3580,elm,67536.7,7779.6,3950.1,60.19,1.095
R3581,pine,62842.6,8562.3,2197,-137.71,0.997
R3582,pine,64546.7,8490.8,2567.9,-127.31,1.187
R3583,poplar,65166.6,8866.3,2516.9,-182.94,0.802
R3584,elm,69722.4,8792.5,5081.2,-100.23,1.012
R3585,poplar,65338.3,9442.5,2427.9,-269.85,0.809
R3586,elm,66840.5,9305.8,2992.2,-16.31,1.01
R3587,poplar,-17393.6,-49980.5,1292.6,-249,0.822
R3588,poplar,-13773.4,-49548.5,1769.7,-115.22,0.918
R3589,poplar,-27661.6,-49113.1,2011.8,21.34,1.078
R3590,poplar,-26806,-48848.6,1863.7,-176.69,0.931
R3591,elm,-22201.3,-49206.5,1547.3,-134.05,0.962
R3592,elm,-20152.6,-48788.1,1516.3,13.44,0.828
R3593,poplar,-17990.3,-48806.5,1415.2,-262.97,1.149
R3594,poplar,-26991.6,-48310.2,1877.7,-253.87,0.846
R3595,poplar,-21001,-48082.5,1605.7,-131.37,0.929
R3596,elm,-20240,-48433.1,1576.3,23.96,0.922
R3597,elm,-18224.6,-47983.3,1426.2,-60.42,0.84
R3598,poplar,-16738.1,-48298.2,1392,-221.25,1.005
R3599,poplar,-25383.8,-47523.3,1746.7,-38.09,1.169
R3600,elm,-24260.7,-47385.3,1691.7,-98.93,0.819
R3601,poplar,-22559.1,-47313.3,1698.7,75.31,1.047
R3602,poplar,-14768.9,-47244.5,1640.9,-161.52,1.166
R3603,elm,-28485.7,-47028.7,1953.1,74.71,0.865
R3604,elm,-27172.1,-46523.5,1918.8,44.78,1.066
R3605,poplar,-25561.1,-46520,1772.2,-248.63,0.81
R3606,poplar,-24498.5,-46831.5,1723.5,55.03,0.88
R3607,elm,-22335.6,-46556.5,1722.7,-119.44,1.162
R3608,elm,-20124.4,-46934.6,1595.1,55.33,1.064
R3609,elm,-18563.9,-46861.5,1475.2,75.85,1.112
R3610,poplar,-14152.5,-46974.6,1741.2,80.11,0.835
R3611,elm,-32195.7,-46063.5,2117.2,-179.03,0.952
R3612,elm,-24930.2,-45970.2,1807.6,-247.04,1.156
R3613,poplar,-19495.4,-45819.4,1543.2,-120.09,0.82
R3614,elm,-14927.1,-46145.5,1700.2,-219.62,0.902
R3615,poplar,-12461.4,-46154.3,1879.1,-122.09,1.136
R3616,elm,-10286.9,-45782.4,1990.5,-229.67,1.036
R3617,poplar,-32497.7,-45078.5,2146.7,-166.91,0.933
R3618,elm,-30912,-45203.1,2079.9,-134.87,1.173
R3619,elm,-28724.1,-45186.8,2114.1,-61.69,0.98
R3620,elm,-27975.9,-45299.7,2002.4,-261.01,0.912
R3621,elm,-25613.3,-45330,1885.6,27.77,1.053
R3622,elm,-20488.3,-45537.3,1682.9,-23.1,0.825
R3623,elm,-18667.3,-44985.5,1540.5,-189.33,1.033
R3624,poplar,-15803.6,-45240.2,1558.1,-182.94,1.128
R3625,elm,-32820.5,-44448.4,2143.8,-236.65,0.86
R3626,elm,-29219,-44688.6,2149.5,68.61,1.2
R3627,poplar,-28504.1,-44358.2,2055.2,-259.17,1.055
R3628,elm,-26929.2,-44302,1971.6,-17.62,0.892
R3629,elm,-24533.1,-44578,1910,-178.42,0.917
R3630,poplar,-24207.9,-44671.2,1921,-40.7,1.112
R3631,poplar,-23293,-44501.9,1876,25.15,0.952
R3632,poplar,-21731.1,-44413.1,1777.3,-140.21,0.939
R3633,poplar,-21053.8,-44634.7,1729.9,-247.61,1.141
R3634,elm,-19342.4,-44334.7,1617.8,-116.41,0.931
R3635,poplar,-18783.7,-44227.9,1625.8,33.38,1.11
R3636,elm,-18164.4,-44284.6,1624.7,-202.91,0.957
R3637,poplar,-17207.3,-44303.7,1591.6,-131.74,1.06
R3638,poplar,-14545.5,-44546.4,1709,-6.65,1.17
R3639,elm,-11501.2,-44608.7,1922.2,38.03,1.15
R3640,elm,-32781.9,-43477.3,2054.9,11.04,1.096
R3641,elm,-29330.4,-43993.4,2106.2,-14.96,0.965
R3642,elm,-28544.7,-43576.8,2069.3,-155.81,0.899
R3643,poplar,-27688.4,-43822.5,2006.3,-39.1,1.048
R3644,poplar,-27028.4,-43976.7,1976.1,-248.97,1.125
R3645,poplar,-26388.5,-43809.7,1974.2,-246.2,0.875
R3646,poplar,-23924.9,-43885.4,1951.5,85.13,0.921
R3647,elm,-22328.7,-43783.8,1847.2,-83.31,1.157
R3648,poplar,-21251.1,-43502.7,1761.8,-201.13,1.142
R3649,poplar,-20515.6,-43669.8,1712,-38.55,0.869
R3650,elm,-19449,-43867.8,1649.2,-103.57,0.945
R3651,elm,-15826.9,-43673.8,1706.5,-229.5,1.143
R3652,elm,-14107.6,-43572.3,1751.1,-168.32,1.078
R3653,poplar,-11108.3,-44013.1,1902.7,-181.09,1.055
R3654,elm,-33153.1,-42900.7,1996.7,-44.82,0.935
R3655,poplar,-28429.1,-43050.8,2004.9,3.56,1.029
R3656,poplar,-27914.5,-43100,2023.7,-168.31,1.129
R3657,elm,-27214.1,-43099.1,2021,4.63,0.878
R3658,poplar,-26449.3,-42844.7,1999.2,3.72,0.967
R3659,elm,-23504.6,-43147.1,1981.4,82.66,1.051
R3660,poplar,-22444.8,-42962.1,1852.1,-40.64,1.162
R3661,elm,-20498.2,-42991.3,1736.8,-232.9,0.892
R3662,poplar,-18742,-43183.5,1695.2,-54.93,1.188
R3663,poplar,-16004.3,-42833.6,1774.5,-267.95,1.104
R3664,poplar,-14100.6,-43173.7,1765.7,32.17,1.024
R3665,poplar,-12727.6,-43028.4,1863.3,-216.55,0.853
R3666,elm,-11159.9,-42945.4,1867.4,-30.39,1.12
R3667,poplar,-34981.9,-42308.5,1915.9,-209.67,1.066
R3668,poplar,-33971.2,-41973.7,1957,-111.9,1.027
R3669,poplar,-28501.6,-42433.5,1977.5,-15.92,1.135
R3670,poplar,-23778.5,-42001.2,2009.3,63.31,1.071
R3671,elm,-21042.4,-42242.9,1700.7,11.73,1.107
R3672,elm,-19666.4,-42022,1745.8,54.54,1.13
R3673,elm,-18622.4,-42409.3,1749.7,27.61,0.93
R3674,elm,-18292.4,-42425,1710.7,-185.64,1.15
R3675,elm,-15493.1,-42241.2,1871.6,6.52,1
R3676,poplar,-14510.6,-42090.5,1886.4,-48.78,0.93
R3677,poplar,-13710.1,-42100.6,1846.5,45.05,1.041
R3678,poplar,-12739,-42296.2,1853.5,-166.19,0.916
R3679,elm,-29833,-41443.1,1885.8,15.76,0.887
R3680,poplar,-28322.8,-41425,1925.4,-11.87,1.191
R3681,elm,-26473.7,-41467.4,1909.5,-123.88,1.141
R3682,poplar,-25567.7,-41711.4,1993.2,-201.46,1.032
R3683,elm,-23180.2,-41724.8,1969,-82.4,1.009
R3684,elm,-19490.4,-41555.1,1724.4,-58.99,0.858
R3685,poplar,-17216.4,-41775.9,1804.9,86.4,0.819
R3686,elm,-15819.3,-41552,1922.8,-176.95,0.931
R3687,poplar,-15237.8,-41510.6,1949,-166.12,1.162
R3688,elm,-14397.1,-41331.6,1899.7,-210.73,0.986
R3689,poplar,-12509.5,-41715.8,1850.8,88.24,1.007
R3690,elm,-11485.6,-41213.3,1904.6,-264.32,0.956
R3691,elm,-10740.6,-41467.2,1914.7,48.02,0.872
R3692,elm,-30965.3,-40945.9,1846.9,-32.88,0.958
R3693,elm,-27846.2,-40496.5,1811.8,-107.5,0.845
R3694,poplar,-26121.3,-40564.8,1903.4,-5.25,1.106
R3695,poplar,-25226.7,-41012.3,1991.1,-185.2,1.147
R3696,elm,-24550.3,-40955.7,2002.3,-249.73,1.16
R3697,poplar,-23993.7,-40631.6,1941.6,50.81,0.819
R3698,elm,-22343.6,-40941,1845,-32.19,1.014
R3699,poplar,-21490,-40974.7,1737.6,-209.46,0.832
R3700,poplar,-21192.8,-40815.4,1693.2,4.59,0.907
R3701,poplar,-20304.8,-40641.5,1661.7,15.17,1.19
R3702,elm,-19425.8,-40543.5,1653.4,-119.89,1.145
R3703,elm,-17001.3,-40982.1,1746.6,-202.91,0.919
R3704,poplar,-14286.3,-40838.6,1894.7,-234.78,0.968
R3705,poplar,-11019.8,-40893.3,1977.7,-221.68,1.117
R3706,poplar,-33861.7,-39879.6,1884.6,23.34,1.08
R3707,elm,-30016.3,-39825.8,1814,-218.92,0.833
R3708,poplar,-29032.2,-40096.5,1818.3,-126.34,0.869
R3709,poplar,-28643.8,-40182.6,1802.7,64.08,1.108
R3710,poplar,-27479.6,-40115.2,1805.3,-54.7,0.94
R3711,poplar,-27135.2,-40268.7,1833.4,-57.86,0.879
R3712,elm,-26450.1,-39700.2,1865.6,51.71,1.137
R3713,elm,-24505.1,-40036.8,1893.2,73.6,1.039
R3714,elm,-23865.1,-39846.4,1882.7,5.11,1.132
R3715,poplar,-20041.8,-40024.5,1659,-208.93,0.866
R3716,elm,-19202.5,-40229.4,1644.1,-252.85,1.028
R3717,poplar,-18471.9,-40044.3,1640.2,0.57,1.03
R3718,poplar,-16735.4,-39895.8,1843.3,71.61,1.014
R3719,poplar,-13226.4,-39707,1980.7,68.47,1.105
R3720,poplar,-28747.1,-39245.4,1748.9,-115.03,1.155
R3721,elm,-22530.1,-39387.8,1870.7,-202.43,0.965
R3722,elm,-21606.2,-38980.4,1740.8,-71.31,0.969
R3723,elm,-21218.5,-39511.3,1774.5,-197.26,1.028
R3724,elm,-19246.3,-39054,1605.3,-248.82,1.033
R3725,elm,-18472.6,-39524.5,1663.3,-90.03,0.808
R3726,elm,-18095.9,-39175.3,1681.6,24.56,1.086
R3727,poplar,-17049.2,-39281.9,1781.1,-77.83,0.845
R3728,poplar,-14902.2,-39127,1950.3,-55.49,0.868
R3729,elm,-12549.4,-39106.6,2007.3,74.4,1.064
R3730,poplar,-33822.8,-38680.5,1932.7,-109.16,1.011
R3731,poplar,-28420.3,-38581.6,1699.7,37.21,0.838
R3732,elm,-24244.6,-38704.4,1881.6,-141.91,0.819
R3733,poplar,-15596.3,-38565.6,1891.8,43.46,0.931
R3734,poplar,-15284.7,-38687.7,1920.8,60.08,0.971
R3735,elm,-12769.4,-38514.6,1933.5,69.78,0.959
R3736,poplar,-12135.9,-38698.5,1990.6,-188.48,0.969
R3737,elm,-29750.6,-37889.9,1752.6,-93.22,0.911
R3738,elm,-27454.7,-37876.4,1749.5,18.3,1.148
R3739,poplar,-27213.5,-37584.4,1771.9,-78.13,1.104
R3740,poplar,-26064.3,-37893.8,1824.6,-257.33,0.983
R3741,poplar,-24067.3,-37912.2,1816.3,-46.84,1.02
R3742,elm,-20973.8,-37899.2,1658.9,-248.52,0.83
R3743,poplar,-20105.7,-37841.9,1706.4,-125.72,1.046
R3744,elm,-19280.6,-37586.8,1671.1,-193.12,1.015
R3745,poplar,-17416,-37859.3,1688.8,-154.81,1.162
R3746,poplar,-13358.2,-37529.1,1799.4,-216.57,1.181
R3747,elm,-10712.8,-37650.5,1918.7,-156.92,0.845
R3748,elm,-29138.9,-36989.4,1721.4,-206.62,0.918
R3749,elm,-25544.8,-36854.1,1710.2,-12.08,1.164
R3750,elm,-24468.9,-36738.4,1746.1,-213.37,0.814
R3751,elm,-24253.7,-36714.1,1761.6,44.33,0.904
R3752,poplar,-22523.4,-36748.5,1705.2,-48.68,0.934
R3753,elm,-21653.8,-36886.2,1678.5,-104.03,0.836
R3754,poplar,-18677.3,-37215.7,1682,-109.64,1.013
R3755,poplar,-17099.5,-37109.3,1689,-103.98,1.1
R3756,poplar,-16788.4,-37116.9,1721.5,-79.35,0.964
R3757,poplar,-13368.5,-37233.3,1751.4,-210.86,0.979
R3758,elm,-11237.4,-37156.8,1926.3,43.58,1.177
R3759,poplar,-31401.6,-35968.7,1783.2,0.36,1.082
R3760,elm,-30253.7,-36514.8,1768.2,40.31,1.069
R3761,poplar,-29034.3,-36285.3,1662.7,42.6,1.15
R3762,elm,-27607.9,-36226.1,1680.8,31.92,1.086
R3763,elm,-27203.7,-36097.2,1687.3,87.76,0.852
R3764,poplar,-26477,-36375.2,1695.3,4.64,0.911
R3765,elm,-25438.7,-36329.2,1636,-78.46,1.15
R3766,elm,-24036.4,-35953.6,1736.8,-119.64,1.141
R3767,poplar,-23370.1,-36494.6,1709.8,-39.37,1.19
R3768,elm,-21837,-35980.2,1654.3,-110.29,1.003
R3769,poplar,-14705.5,-36480.3,1733.8,-107.58,0.919
R3770,elm,-14269.9,-36493,1712.4,-54.02,1.155
R3771,elm,-12663.2,-36336.6,1657.6,-20.01,1.121
R3772,elm,-29939.5,-35341.9,1670.3,67.72,0.957
R3773,poplar,-29092.6,-35662.3,1671.8,-52.72,1.084
R3774,poplar,-26537.9,-35572,1687.3,-227.81,0.904
R3775,poplar,-20174.8,-35686.3,1619.7,-81.44,0.881
R3776,poplar,-19220.3,-35347.9,1639.7,-48.7,1.067
R3777,poplar,-18474.7,-35535.4,1619,-0.75,1.016
R3778,elm,-32150,-34549.8,1821.1,-146.88,0.905
R3779,poplar,-29780.4,-34590.6,1720,-223.29,0.956
R3780,poplar,-28220.9,-34782.8,1633.1,-245.13,1.197
R3781,elm,-27727.2,-34911.7,1660.2,-126.23,0.874
R3782,elm,-25668.5,-34550.2,1649.5,49.06,1.052
R3783,poplar,-24080.8,-34812.5,1679.3,-6.84,1.157
R3784,elm,-22773.4,-34704.5,1615.5,-0.92,0.887
R3785,elm,-19953.8,-34541.6,1617.2,-73.4,0.952
R3786,elm,-19700.4,-34795.1,1646.2,50.03,0.944
R3787,elm,-18826.6,-34697.2,1642.1,-186.44,1.179
R3788,poplar,-17970.7,-34671.9,1616.2,-267.95,0.956
R3789,elm,-17201.5,-34829.2,1624.1,-148.32,0.916
R3790,elm,-15941.9,-34521,1644.5,-100.88,1.001
R3791,elm,-13663.3,-34473.3,1521.4,-140.84,0.978
R3792,elm,-12904.8,-34762.1,1553.8,-76.28,0.84
R3793,poplar,-30528.9,-34144.4,1824.7,13.47,0.968
R3794,poplar,-30119.4,-33963.7,1826.9,67.78,1.047
R3795,elm,-26235.6,-33994.1,1650.9,-116.35,0.914
R3796,poplar,-23452.7,-34291.7,1616.9,-92.04,0.833
R3797,poplar,-22260.8,-34292.9,1599.4,-105.78,1.144
R3798,poplar,-21924.1,-33870.5,1542.2,-76.85,0.804
R3799,poplar,-20810.2,-34166.1,1534.6,5.85,0.812
R3800,elm,-20420.8,-33811.6,1578.1,56.28,1.157
R3801,elm,-17860.8,-33903.4,1631.3,36.35,0.93
R3802,elm,-17138.1,-34221.1,1643.3,-29.53,0.967
R3803,elm,-30774.2,-32984.5,1839.2,13.66,0.804
R3804,elm,-26494.5,-33426.9,1677.2,-94.11,0.956
R3805,poplar,-24724.6,-33050.2,1679.1,2.01,0.958
R3806,elm,-23535.2,-32969.2,1611.7,27.43,1.183
R3807,elm,-22351.6,-32977.7,1520.8,-40.02,0.855
R3808,poplar,-20967.2,-32959.7,1445.8,-181.29,1.152
R3809,poplar,-19229.2,-33448.6,1596.6,12.09,0.851
R3810,elm,-17077.4,-33090.1,1628.4,0.44,0.865
R3811,poplar,-15515.4,-33101,1596.8,34.24,0.93
R3812,poplar,-29202.8,-32230.4,1839.5,-181.03,1.018
R3813,elm,-27587.1,-32295.2,1678.7,-267.15,0.902
R3814,poplar,-25427.4,-32692.6,1740.4,35.52,1.091
R3815,elm,-24146.6,-32733.7,1662.7,-123.65,1.013
R3816,elm,-19595.6,-32689.2,1505.8,-105.13,1.091
R3817,poplar,-18671.8,-32709,1586.1,-127.41,0.805
R3818,poplar,-16587.7,-32433.6,1632.6,39.53,1.161
R3819,poplar,-14466,-32530.7,1507.2,-17.86,1.026
R3820,poplar,-30864.9,-31612.3,1912.3,44.25,1.174
R3821,poplar,-29308.5,-31664.9,1880.3,69.04,1.094
R3822,elm,-28225.3,-31789.6,1767.1,48.91,0.956
R3823,elm,-27832.2,-31775.7,1725.1,-236.87,0.904
R3824,poplar,-25777,-31702,1682.4,-217.78,0.905
R3825,elm,-25049.7,-31550.9,1597.4,-90.97,0.888
R3826,poplar,-23424.5,-31608.8,1547,-87,1.16
R3827,poplar,-20059.1,-31530.4,1437.3,-175.14,1.173
R3828,poplar,-19453.3,-31663.1,1459.9,-241.53,1.166
R3829,poplar,-18797.9,-31815,1498.5,40.85,0.97
R3830,elm,-17108.3,-31517.2,1603.5,-156.19,0.91
R3831,elm,-15146.8,-31662,1516.1,-63.37,0.888
R3832,poplar,-11770.1,-31932.2,1460.1,-260.81,0.939
R3833,poplar,-29362.6,-31088.6,1889.1,12.88,0.943
R3834,elm,-28346.1,-30894.9,1753.8,-32.17,1.129
R3835,elm,-27669.9,-31190,1763.1,6.86,0.963
R3836,poplar,-27150.7,-31097.6,1755.2,-59.85,1.097
R3837,elm,-26356.1,-30757,1691.8,-263.35,0.96
R3838,elm,-24055.7,-31015,1491.2,-123.4,0.854
R3839,poplar,-16373.1,-30771.7,1553.9,-47.34,1.103
R3840,poplar,-13627.6,-31178.7,1436.7,-86.81,0.892
R3841,poplar,-29167.1,-30226.9,1831.5,-57.73,0.848
R3842,poplar,-26840.2,-30367.6,1710.6,-145.02,1.171
R3843,elm,-25334.1,-30208.3,1650.3,-81.92,0.92
R3844,elm,-23880.3,-30477.7,1510.8,36.84,0.943
R3845,poplar,-21125.3,-30245.1,1549,-236.5,0.904
R3846,poplar,-19207.5,-30502.6,1547.2,-208.74,1.092
R3847,elm,-16223.9,-30163.1,1532.6,-210.34,1.105
R3848,poplar,-13479.8,-30313.3,1413.8,-128.11,1.022
R3849,elm,-31554.4,-29680.6,1892.2,-150,0.907
R3850,poplar,-30675.4,-29599.9,1862.4,51.17,1.088
R3851,poplar,-27065.4,-29656.5,1708,-239.98,0.908
R3852,elm,-25979.5,-29317.4,1711.1,-147.43,1.055
R3853,poplar,-25316.5,-29507.3,1681.3,-47.66,1.034
R3854,poplar,-22457,-29546.4,1544.8,-196.25,1.004
R3855,poplar,-21815.3,-29622.7,1592.9,-82.57,1.054
R3856,poplar,-14527.7,-29284.1,1424.7,-36.31,1.074
R3857,elm,-29020.7,-28567.3,1701.2,-249.48,0.934
R3858,elm,-27705.2,-28672.3,1737.1,-8.79,1.159
R3859,elm,-26119.8,-28876.6,1662.8,-235.62,0.96
R3860,poplar,-25257.4,-28917.2,1705,-5.47,1.044
R3861,poplar,-21518.9,-28956.2,1615.9,-180.31,1.042
R3862,poplar,-21216.9,-28685.4,1652.9,-232.17,0.848
R3863,poplar,-20283.4,-28952.3,1684,50.02,1.097
R3864,poplar,-19393.1,-28958.5,1712.1,33.27,0.895
R3865,poplar,-18495.3,-29045.3,1688.1,7.45,1.074
R3866,elm,-18275.2,-28908.9,1697.5,-233.86,0.952
R3867,poplar,-14146.6,-28468.1,1396.1,-118.87,1.067
R3868,poplar,-12607,-28797.6,1436.2,-50.36,0.999
R3869,poplar,-26870,-27933.9,1630.5,-139,0.879
R3870,poplar,-26073.4,-27859.7,1627.4,-138.55,1.055
R3871,elm,-25794.1,-27802.7,1618.5,8.73,1.199
R3872,elm,-24904.5,-27793.9,1646.9,-210.54,1.147
R3873,poplar,-20894.8,-28167.7,1677.6,21.41,0.91
R3874,poplar,-20119.5,-27884.5,1687.6,67.73,0.989
R3875,elm,-26420.4,-27440.6,1612.3,-208.57,0.905
R3876,poplar,-23482.1,-27077.3,1653.6,-51.94,1.029
R3877,elm,-21991.8,-26993.6,1652.4,72.83,0.978
R3878,elm,-18554,-27019.5,1704,-126.47,1.011
R3879,elm,-18047.4,-27273.2,1692.3,-16.69,1.129
R3880,poplar,-24703.7,-26581.3,1588,47.72,1.035
R3881,elm,-23712.3,-26770.6,1665.7,-56.75,0.896
R3882,poplar,-15848.9,-26707.5,1481,-190.74,1.18
R3883,poplar,-17807.6,-25874,1713.5,-71.48,0.802
R3884,poplar,-18271.2,-24012.8,1654.9,-67.79,1.1
R3885,elm,-30727.4,41570.3,1473,-229.97,0.835
R3886,jujube,-45655.1,42652,1749.4,-97.19,1.071
R3887,elm,-40096.4,42504.5,1684.9,23.23,0.948
R3888,elm,-41116.1,43955.9,1689.3,5.64,1.087
R3889,poplar,-38906.8,44055.7,1711.3,-19.19,1.175
R3890,elm,-30665.5,44160.7,1495.4,66.66,0.898
R3891,poplar,-41543.7,44826.5,1707.4,22.82,1.174
R3892,poplar,-38642.3,44748.8,1753.7,45.15,0.952
R3893,poplar,-38130.6,44778.5,1739.3,-193.85,0.939
R3894,poplar,-32460.4,44748.9,1524,-175.48,1.122
R3895,jujube,-32031.8,44561.7,1505.2,-36.59,1.124
R3896,jujube,-31341.2,45001.3,1464.6,-71.82,1.068
R3897,jujube,-44215.9,45308.9,1715.6,-27.94,0.935
R3898,jujube,-41493.4,45300.6,1700.2,-140.7,1.04
R3899,poplar,-38984,45403.5,1771.3,63.13,1.153
R3900,elm,-31523.7,45589.1,1477.6,-238.11,1.168
R3901,elm,-30318.5,45670.4,1470.9,-5.3,1.196
R3902,poplar,-46873.5,46117.4,1669.5,26.27,0.926
R3903,poplar,-46351.3,46330.3,1659.6,17.28,1.19
R3904,poplar,-44845.6,46073.5,1682.1,68.34,0.807
R3905,jujube,-43472.6,46125.1,1678.5,-103.56,1.168
R3906,poplar,-34970,46043.8,1527.9,-143.89,1.055
R3907,poplar,-32771.9,46544.2,1479,38.8,0.901
R3908,elm,-31980.9,46310.7,1464,-69.87,1.049
R3909,poplar,-49488.8,47199.8,1574.6,-186.28,0.885
R3910,jujube,-44703.2,47110.2,1577.2,-84.95,1.144
R3911,jujube,-44104.7,46986.1,1576.6,-150.34,1.193
R3912,jujube,-41501.8,47138.9,1618.6,-118.31,0.804
R3913,poplar,-39593.1,47015.7,1791.3,21.49,1.059
R3914,poplar,-36046.9,47127.6,1637,-185.14,1.133
R3915,elm,-35059,46927.8,1591.3,-13.46,1.112
R3916,poplar,-33663.4,46939.3,1533.2,58.41,1.167
R3917,poplar,-32920.6,46885.6,1488,-5.73,1.155
R3918,elm,-25037.2,47099.5,1434.1,-17.48,0.991
R3919,poplar,-45391,47615.2,1611.1,-166.81,0.837
R3920,poplar,-44568,47549.3,1558.5,-43.94,0.92
R3921,poplar,-44118.1,47579.6,1560.7,-120.19,1.03
R3922,poplar,-43095.8,47916.2,1578.6,-269.87,1.182
R3923,elm,-41227.7,47463.2,1588.2,-205.6,0.891
R3924,elm,-39582.8,47657.6,1725.8,-2.07,0.969
R3925,poplar,-38484.7,47640.8,1807.9,36.58,0.901
R3926,jujube,-38090.9,47703.5,1812.3,-196.98,0.961
R3927,jujube,-37452.9,47479.9,1761.3,44.18,1.109
R3928,elm,-35545.5,47610.6,1637.1,-16.25,0.816
R3929,elm,-33976.2,47708.1,1592.2,-246.7,1.055
R3930,elm,-32460.7,47646.6,1557.4,-110.63,1.072
R3931,poplar,-28800.2,47569.1,1565.1,-172.67,1.088
R3932,jujube,-45272.7,48794.8,1638.6,40.72,1.052
R3933,elm,-41080.5,48553.4,1509.1,-94.79,0.801
R3934,elm,-38232.6,48280.9,1737.6,32.77,1.142
R3935,poplar,-37282,48518,1730.9,2,0.803
R3936,elm,-35953.6,48492.1,1732.6,-176.41,1.119
R3937,poplar,-35125.9,48504.1,1754.4,-100.64,0.877
R3938,poplar,-31357.2,48752.5,1633.8,-148.87,0.956
R3939,jujube,-47538.9,49504.9,1748.6,-63.74,0.819
R3940,jujube,-43984,49391.8,1649.6,-253.11,0.813
R3941,poplar,-38717.9,49287.7,1606,51.63,1.005
R3942,jujube,-37760,49016.5,1687.9,-225.31,1.179
R3943,poplar,-36346.9,49463.6,1758.6,-8.07,1.122
R3944,poplar,-35926,49220.8,1802.8,-52.33,0.872
R3945,poplar,-33552.9,49490.3,1832.3,-266.9,0.888
R3946,elm,-32836.8,49108.8,1697.8,-195.34,1.187
R3947,elm,-29494.2,49517.3,1669.1,-227.69,0.953
R3948,poplar,-29134.7,49284.5,1630.7,9.43,1.156
R3949,jujube,-47155.4,50029.1,1794.2,-43.53,1.1
R3950,poplar,-45707.1,49757.1,1739.7,-117.19,0.984
R3951,elm,-44201.5,50280.2,1620,-63.17,0.883
R3952,poplar,-43547.6,50021.6,1596.9,-146.76,1.036
R3953,jujube,-41844.7,49821.1,1429.6,-82.07,0.974
R3954,poplar,-41052.5,49979,1491.1,-211.57,0.965
R3955,poplar,-40387,49805.4,1525.7,8.01,1.114
R3956,jujube,-39038.8,50106.9,1588.6,29.33,1.134
R3957,poplar,-36797.8,50205.1,1738.2,-20.65,0.887
R3958,poplar,-32172.6,49852.1,1724.5,-175.03,0.844
R3959,poplar,-28817.4,50003.5,1651.6,-247.45,1.098
R3960,jujube,-23491.5,50208,1543.4,-107.63,1.143
R3961,jujube,-49961.1,51034,1776.6,6.78,0.989
R3962,elm,-46249.5,50786.3,1758.6,69.15,1.033
R3963,elm,-44763.4,50471,1641.5,60.26,1.087
R3964,poplar,-44284.6,51049.1,1548.5,-5.7,1.107
R3965,jujube,-43283.8,50935.4,1458.6,-203.77,1.094
R3966,poplar,-42299.5,50645.5,1408.7,-128.68,0.882
R3967,poplar,-41736.6,51041.6,1461.3,-247.03,0.976
R3968,jujube,-40818.9,50490.8,1472.1,-28.68,1.047
R3969,poplar,-40317.1,51026.3,1486.3,-193.73,0.961
R3970,poplar,-37899.1,50656.7,1680.5,-145.18,0.988
R3971,jujube,-37080.3,50881.7,1740.3,-216.24,1.186
R3972,poplar,-36495.3,50950.4,1789.1,60.06,0.882
R3973,elm,-35475.6,50604.8,1771.2,-76.7,1.036
R3974,elm,-34951.6,50704.6,1803,61.78,0.949
R3975,jujube,-34265.2,50643.9,1862.5,86.31,0.981
R3976,poplar,-33381.7,50721.7,1855.6,30.14,1.012
R3977,elm,-31823,50746.3,1745.4,-257.57,1.019
R3978,elm,-30306.6,50699.9,1775.1,-32.5,1.154
R3979,jujube,-24724.3,50536.7,1575.8,-67.91,0.929
R3980,jujube,-51400,51364.9,1883.5,87.93,0.878
R3981,elm,-48952.3,51339.2,1756,11.65,1.145
R3982,elm,-46761,51472,1721.1,-24.69,1.017
R3983,jujube,-44970.5,51653.9,1638,-105.68,0.801
R3984,poplar,-41626.4,51564,1465.5,-90.58,1.017
R3985,poplar,-41093.2,51476.6,1463.8,-127.66,0.885
R3986,elm,-40002.4,51538.8,1526.1,-58.92,1.137
R3987,elm,-37733.8,51201.6,1704.4,-215.85,0.817
R3988,elm,-37436.8,51608.7,1755,67.66,1.05
R3989,jujube,-35966.6,51706.5,1820.8,-247.58,1.104
R3990,jujube,-35180.2,51211.9,1810.9,-7.75,1.112
R3991,elm,-34515.9,51774.2,1860.1,-75.3,1.025
R3992,jujube,-32617.4,51458.7,1797.6,21.15,0.874
R3993,poplar,-46804.7,52517.2,1691.9,-26.55,1.142
R3994,elm,-44214.4,52306.5,1559.4,-197.12,1.108
R3995,poplar,-38679,52548.8,1606.6,21.83,1.17
R3996,poplar,-36350.7,52403.5,1817.9,-254.36,1.155
R3997,poplar,-35811.9,52243.5,1804.3,-86,1.038
R3998,elm,-31370.8,52119.9,1673.4,-102.42,1.014
R3999,poplar,-29072.6,52502.8,1800.3,-132.11,0.945
R4000,jujube,-28426.7,52205.6,1859.5,73.84,0.916
R4001,jujube,-27016.1,52185.9,1748.7,-35.39,1.199
R4002,elm,-47533.5,52774.8,1645.2,-98.99,0.985
R4003,jujube,-44559.9,53046.7,1617.6,-46.12,1.008
R4004,elm,-42586.6,52741.8,1461.4,-110.34,0.807
R4005,elm,-41635.7,53049.4,1478,-110.99,1.159
R4006,poplar,-40920.6,52766.8,1472.9,-112.99,0.985
R4007,elm,-39602.8,52813.4,1568.9,-13.12,0.919
R4008,jujube,-38632.2,52826.7,1600.9,-264.97,0.937
R4009,poplar,-37997,52822.9,1659.6,15.15,1.07
R4010,poplar,-34062.5,53269.1,1741.4,-62.57,1.067
R4011,elm,-31478.6,53156.7,1605.3,-223.36,1.104
R4012,jujube,-30785.2,53159.7,1670.2,-212.04,1.015
R4013,elm,-29219.1,53281.4,1765.5,7.06,0.802
R4014,elm,-27621.3,53208.2,1816.1,28.73,0.838
R4015,elm,-27038,52987,1786.6,63.66,1.072
R4016,jujube,-25710.9,53229,1803.2,-180.4,1.074
R4017,poplar,-25338.9,52978.2,1742.2,-185.41,0.963
R4018,jujube,-24546.6,53067.6,1729.8,71.83,1.082
R4019,jujube,-50552.5,53699,1768.6,-111.98,0.825
R4020,elm,-43077,53620.3,1498.1,-215.36,1.149
R4021,elm,-40368.8,54032.7,1560.6,-211.12,0.813
R4022,elm,-39399.4,53917.3,1577,-237.67,1.16
R4023,jujube,-37350.1,53657.9,1609,73.13,0.831
R4024,jujube,-35713,53815.3,1758.1,-116.53,1.008
R4025,poplar,-35035,53663.9,1759.2,42.02,1.004
R4026,poplar,-33298.1,53520.7,1643.5,-22.07,1.073
R4027,elm,-32628.9,53697.2,1633.7,-8.08,0.913
R4028,poplar,-30335.2,54028.2,1668.3,-143.33,0.866
R4029,jujube,-29833.1,53529.1,1703.3,-120.21,1.016
R4030,jujube,-27414.7,53734.1,1795.5,-182.48,1.157
R4031,jujube,-26917.4,53739.3,1818.6,-42.83,0.919
R4032,jujube,-47808.8,54230.7,1742.6,-186.45,0.809
R4033,poplar,-41886,54492.2,1547.3,84.68,0.952
R4034,poplar,-38515.8,54434.9,1550.8,-68.07,1.059
R4035,jujube,-38192.5,54470.3,1530,7.93,1.193
R4036,elm,-36650.8,54643.7,1633.4,72.36,0.822
R4037,jujube,-33989.1,54344.6,1577.4,-117.38,0.808
R4038,poplar,-33335.1,54601.6,1500,-51.12,1.182
R4039,poplar,-31959.2,54387.3,1554.1,-184.61,0.847
R4040,elm,-30595.4,54476.4,1635.1,-250.97,0.936
R4041,elm,-28821.7,54796.6,1796.4,-87.98,1.044
R4042,poplar,-26275,54275,1873.1,12.44,0.908
R4043,elm,-24631.1,54382.1,1884.7,-64.54,0.878
R4044,poplar,-48501.9,55228.9,1776.1,72.11,0.907
R4045,jujube,-45376.5,55316.8,1631.1,75.12,1.084
R4046,elm,-44652.9,55547.7,1624.3,-155.26,1.017
R4047,poplar,-41706,55522.2,1604.8,-62.93,0.999
R4048,jujube,-39390.4,54981.9,1598.2,44.85,1.135
R4049,jujube,-38701.7,55157.4,1616.9,70.58,1.116
R4050,jujube,-36969.7,55318.3,1598.3,-133.71,0.914
R4051,elm,-36746.4,55453.8,1623.8,-36.12,0.936
R4052,jujube,-34779.4,55238.3,1606.7,-109.99,0.951
R4053,poplar,-33372.1,55090.3,1487.5,7.58,0.873
R4054,elm,-32934.2,55020.6,1499.5,-86.31,1.187
R4055,poplar,-30373.8,54977.1,1683.6,65.84,1.179
R4056,jujube,-28707,55336.5,1787.1,-78.48,0.904
R4057,jujube,-25141,55321.6,1930.3,-154.4,0.914
R4058,jujube,-24341.2,55356,1928.3,7.07,1.146
R4059,poplar,-43988.2,56194.9,1644.8,58.15,1.025
R4060,jujube,-42506,56040.8,1604.5,-32.92,1.016
R4061,elm,-41586.5,56156.7,1614.7,-189.49,1.112
R4062,elm,-40201.9,56021.4,1607.3,1.24,1.098
R4063,elm,-36766.3,55871,1605.6,-99.36,1.06
R4064,elm,-35584.9,56249.5,1551.2,-54.96,1.172
R4065,jujube,-34762.5,55789.7,1594.8,-86.96,1.029
R4066,elm,-34395.5,55746.1,1564.9,-110.1,1.021
R4067,jujube,-33755.9,55969.5,1545.8,-123.54,1.08
R4068,elm,-30248,55762.4,1711.4,-229.6,0.828
R4069,poplar,-29802.8,56175.8,1802.9,-166.49,1.03
R4070,jujube,-27503.1,56222.8,1818.1,74.4,1.026
R4071,elm,-46336.6,57049.1,1769.3,81.39,1.137
R4072,elm,-45467.7,56783.1,1687,-175.69,1.156
R4073,jujube,-44486.6,56909.4,1627.5,-42.27,0.928
R4074,jujube,-43257.3,56825.8,1636.3,24.6,1.016
R4075,jujube,-41866.6,56873.6,1641.3,-71.86,0.867
R4076,poplar,-40505.5,57017.3,1614.6,-71.51,0.923
R4077,poplar,-37842.4,56902.5,1568.8,-52,0.934
R4078,elm,-37352.5,56471.9,1549.8,-247.73,1.045
R4079,elm,-36530.9,56475.7,1582.4,83.52,1.059
R4080,poplar,-35293.7,56742.7,1553.2,-252.16,1.11
R4081,jujube,-32023.9,57025.7,1704.1,-4.28,1.182
R4082,elm,-30457.3,56563.2,1793.2,-100.07,0.818
R4083,poplar,-29299,56767.1,1895.4,-73.77,0.93
R4084,jujube,-26058.4,56945,1882.8,82.27,0.809
R4085,jujube,-44218.5,57403.7,1656.5,-109.75,0.885
R4086,elm,-43369.3,57278.7,1654.5,-130.88,0.857
R4087,elm,-42539.2,57292.4,1636.9,-188.77,1.176
R4088,poplar,-40475.4,57491.4,1614,56.28,1.144
R4089,jujube,-37816.5,57502.1,1520,-139.58,0.947
R4090,poplar,-37353.8,57235.1,1510.4,50.91,1.117
R4091,elm,-34343.1,57408.3,1662.1,-103.75,1.193
R4092,poplar,-33448.9,57459,1675.1,82.63,1.089
R4093,elm,-32729.9,57418.3,1684.4,-93.53,1.11
R4094,elm,-31538.7,57526.3,1793.1,-267.64,0.988
R4095,poplar,-30240.6,57307.4,1886.5,-7.12,0.907
R4096,elm,-26927.5,57790.7,1823,-187.59,0.882
R4097,jujube,-24750.1,57471.6,2000.4,-198.57,1.197
R4098,elm,-48311.6,58103.1,1921.1,-232.57,1.049
R4099,elm,-45363.2,58183.3,1785.8,-99.52,1.053
R4100,jujube,-44659,58306.1,1788.8,-11.79,1.157
R4101,elm,-41466.8,58486.7,1644.5,26.49,1.095
R4102,jujube,-39273.7,58549.8,1512.6,89.84,1.082
R4103,jujube,-36275.5,58203.3,1482.6,-250.07,1.121
R4104,elm,-35889.4,58311.3,1507.6,-149.98,1.183
R4105,poplar,-34219.8,58294.5,1738.2,-260.28,1.152
R4106,elm,-33357.1,58497.7,1734.6,-210.34,0.945
R4107,elm,-30039.8,58213.1,2000,-229.61,0.957
R4108,elm,-29245.2,58527,1920.7,71.27,1.014
R4109,poplar,-24491.6,58416.8,2002.7,-80.98,1.198
R4110,poplar,-23769.5,58434.2,1969.4,37.41,1.087
R4111,elm,-50166.5,59110.5,1884.7,-143.97,0.801
R4112,poplar,-48554.9,59159.3,1916.3,3.08,1.038
R4113,poplar,-47907.6,58941.9,1872.7,-239.21,0.834
R4114,poplar,-46045.8,59284.5,1854.9,-184.84,1.084
R4115,jujube,-45658.8,58913.5,1832.8,-251.33,1.173
R4116,jujube,-43947.3,59276,1715.5,72.81,1.179
R4117,poplar,-43488.5,58883.4,1675.2,-70.76,0.891
R4118,jujube,-41691.2,59048.6,1679.9,84.82,1.141
R4119,poplar,-40709.7,58949,1651.9,-241.79,0.809
R4120,jujube,-40246.4,58998.7,1604.8,15.93,0.954
R4121,poplar,-38125.8,59170.8,1487.7,-115.43,1.071
R4122,jujube,-37140.3,58859.6,1482.7,-49.09,0.891
R4123,poplar,-36749.9,59156.6,1498.6,-227.38,1.101
R4124,poplar,-34222.4,58892.9,1700.6,-172.83,0.995
R4125,elm,-32532.9,58972.8,1769.9,-268.22,0.949
R4126,elm,-29057.9,58705.2,1894.6,72.78,0.947
R4127,poplar,-23781.2,58832.4,1970.5,20.88,1.15
R4128,poplar,-47678.1,59729.2,1892.9,66.84,0.999
R4129,jujube,-46472.7,59725.7,1860.6,-46.02,1.079
R4130,jujube,-44742.5,59764.6,1799.8,17.02,1.164
R4131,elm,-41655.2,59866,1683,-70.64,0.865
R4132,poplar,-41186.9,59747.5,1667.7,81.62,1.016
R4133,poplar,-40506,59865.3,1660.1,-166.66,1.02
R4134,elm,-39761.2,59468.1,1583.9,29.32,0.84
R4135,poplar,-38468.8,59994.2,1555.3,-111.87,0.925
R4136,elm,-27316.5,59725.4,1950.1,1.18,1.019
R4137,jujube,-47500.5,60482.2,1876.3,-242.72,1.014
R4138,poplar,-47141.3,60417.5,1857.4,-87.97,0.809
R4139,poplar,-45404.4,60625.2,1979,59.41,1.021
R4140,elm,-44659.7,60616.1,1874.9,-218.45,1.006
R4141,poplar,-44281.1,60676.8,1850.4,-60.97,1.129
R4142,poplar,-43229.3,60693,1785.5,-27.8,0.957
R4143,jujube,-42536,60290.8,1709,-122.38,1.031
R4144,elm,-41286.6,60223.2,1668.6,-186.41,0.826
R4145,jujube,-40164.3,60749.3,1663.7,-29.35,1.076
R4146,elm,-39688.6,60499.6,1599,-108.17,0.807
R4147,jujube,-38472.2,60587.8,1537.4,-213.05,0.854
R4148,poplar,-38220.3,60437.1,1561.6,-178.22,1.116
R4149,elm,-35493.2,60708.2,1729.1,-98.54,1.097
R4150,poplar,-32821.9,60612,1746.2,49.84,1.179
R4151,poplar,-31130,60442.6,2008,-111.87,1.177
R4152,jujube,-30557.3,60569.4,2131.1,-221.59,1.068
R4153,elm,-29581.9,60243,2101.1,-172.45,0.814
R4154,poplar,-49977.2,61053.6,1928.3,63.41,0.863
R4155,jujube,-46141.4,61349.4,1985.9,-95.21,0.942
R4156,poplar,-44896.2,61029.5,1955.3,-75.94,0.945
R4157,poplar,-43472.7,61245.6,1860,26.16,0.868
R4158,elm,-42313.5,61295.4,1733.4,-176.24,1.164
R4159,poplar,-39032.9,61226.4,1529.8,-49.36,0.922
R4160,jujube,-35515.6,61202.4,1807.3,-43.27,0.875
R4161,poplar,-34909.8,61007.3,1793.7,-201.66,0.807
R4162,poplar,-34008.6,61275.1,1794.5,-179.79,0.919
R4163,jujube,-32734,61048.2,1769.9,-24.96,0.91
R4164,elm,-32243.3,61051,1851,-256.18,1.198
R4165,elm,-29237.4,61334.6,2527.1,-34.64,1.044
R4166,jujube,-46837.3,62237.3,1824.9,25.46,0.85
R4167,elm,-45586.9,62253.7,1971.1,-75.73,1.148
R4168,elm,-45002.5,62091,1985.8,0.52,0.892
R4169,jujube,-44042.1,62189.1,1956,-102.61,1.162
R4170,jujube,-42527.2,61766,1773.8,-214.6,1.034
R4171,jujube,-39257.3,61983.1,1616.8,-61.78,0.952
R4172,elm,-38735.1,62299,1646.6,32.7,1.16
R4173,poplar,-37044.3,61999.1,1677.4,-46.54,0.909
R4174,poplar,-35268,62163.4,1981.7,64.99,1.09
R4175,poplar,-31886.1,62254.2,2107.9,-222.86,0.949
R4176,jujube,-30999.2,62239.3,2400.1,-34.88,0.821
R4177,elm,-30488.8,62274.7,2519.5,-183.42,0.828
R4178,jujube,-23820.9,62118.9,2444.2,-222.82,1.14
R4179,elm,-47979.4,62533.8,1871.2,-164.95,0.975
R4180,elm,-45635.1,63046,1926.3,83.39,1.006
R4181,elm,-43262.4,63020.5,1950.7,-106.78,0.859
R4182,elm,-42631.9,62810.2,1878.1,-19.24,1.134
R4183,jujube,-37887.9,62779.7,1695.6,-61.24,1.165
R4184,poplar,-37324,62899.8,1722.5,-259.91,0.989
R4185,jujube,-31915.1,62511.1,2116.5,15.82,1.115
R4186,poplar,-30607.5,62603.3,2514.7,-36.56,1.122
R4187,poplar,-49789,63428.3,2432.5,-62.94,0.959
R4188,elm,-47109.4,63665,1968.8,-162.22,1.136
R4189,poplar,-44939,63277.6,1944.8,-130.18,0.863
R4190,elm,-44194.5,63452.3,1993.6,51.13,0.921
R4191,poplar,-42413.4,63532.4,1952.1,-205.67,0.869
R4192,poplar,-38155.5,63473.7,1869.4,-194.13,1.052
R4193,poplar,-37411,63222.3,1776.4,27.13,1.193
R4194,jujube,-36640.5,63785.4,1959.4,-55.54,1.083
R4195,poplar,-33754.5,63788,2013.8,-257.62,0.821
R4196,jujube,-32454.6,63513.9,1959.4,-149.21,0.974
R4197,poplar,-28784.8,63533.6,3229.4,-261.03,0.936
R4198,jujube,-47750,64029.2,2126.6,-269.46,1.161
R4199,poplar,-46356,64281.8,1983.4,-217.48,0.84
R4200,elm,-44984.5,64063.9,1919.5,19.37,0.973
R4201,elm,-44298.9,64528.8,1986.9,-252.02,0.926
R4202,jujube,-43027.7,64217.4,2036.8,24.97,0.893
R4203,poplar,-38502.5,64017,2063.2,-144.39,0.845
R4204,jujube,-37909.9,64200.4,2056.4,-77.05,1.119
R4205,elm,-34311.6,64324.1,2051.8,-212.47,0.857
R4206,poplar,-32978,64200.9,2006.1,-103.68,0.861
R4207,elm,-31427.9,64530.6,2416.2,-223.76,0.982
R4208,poplar,-28239.4,63997.5,3557.6,-78.3,1.152
R4209,jujube,-49772.2,65175.2,2839,-245.26,0.981
R4210,jujube,-42758.3,65082.4,2100.3,-210.74,0.902
R4211,elm,-37101.1,64846.9,2298.5,-191.66,0.947
R4212,jujube,-36547.4,64759.4,2339.3,-265.76,1.082
R4213,jujube,-35996,65244.2,2589.1,68.34,1.187
R4214,jujube,-30681.2,65125.4,2715.9,87.13,1.081
R4215,poplar,-50128.1,65796.6,3180.9,-74.65,0.806
R4216,poplar,-43950.3,65876,2212.7,72.22,1.065
R4217,jujube,-42790.8,65615.9,2267.1,-130.63,0.879
R4218,poplar,-40372.9,65608.9,2641.7,-134.53,0.887
R4219,poplar,-37046.5,65699.7,2666.3,-241.46,1.141
R4220,elm,-36273.1,65834.3,2813.3,-221.65,1.001
R4221,elm,-34198.3,65742.1,2492.4,-46.43,1.117
R4222,jujube,-33601.3,65756.9,2409.9,60.54,1.034
R4223,elm,-29719.2,65523.3,3027.4,-162.05,1.151
R4224,jujube,-37933.3,66514.7,3015.9,18.39,1.053
R4225,jujube,-37305.6,66242.2,2862.3,-262.77,0.834
R4226,elm,-36775.4,66314.2,2958.5,-106.01,0.844
R4227,poplar,-34274.4,66320,2564.1,-50.74,1.043
R4228,elm,-33765.4,66673.1,2419.1,-104.83,1.059
R4229,poplar,-32807.8,66468.5,2297,-183.2,1.132
R4230,elm,-41153.5,67468.6,3070.9,57.22,1.13
R4231,jujube,-35850.2,67433.9,2965.9,-196.62,0.816
R4232,poplar,-32166.6,67496.2,2215.3,-80.42,1.146
R4233,jujube,-30621.7,67463.7,2579.8,-140.07,0.981
R4234,elm,-39269.7,67705.6,3376.6,-251.5,0.916
R4235,poplar,-32634.5,67749.6,2159.4,-182.29,0.844
R4236,jujube,-43717.3,69036.4,3704.9,41.19,1.108
R4237,poplar,-33476.4,68935.2,2405.9,37.36,1.156
R4238,poplar,-32842.7,68895.2,2412.7,-172.98,1.033
R4239,jujube,-44479.5,69630.4,3875.9,-147.11,0.806
R4240,elm,-43538.8,69469.4,3680.8,-199.89,1.029
R4241,jujube,-32287.4,69231.4,2492.6,-235.01,1.181
R4242,elm,-28273.5,69351.9,3422.3,-167.12,0.868
R4243,poplar,-42986.4,70104.9,3945.4,-142.53,0.963
R4244,elm,-41176.4,70512.4,4816.5,-254.92,1.019
R4245,pine,-78335.1,-79410.2,16730.3,56.9,0.985
R4246,pine,-77129.6,-79457.8,16737.1,-36.43,0.944
R4247,pine,-76531.3,-79331.5,16625.3,87.27,1.061
R4248,pine,-73951.6,-79396.4,15482.9,-61.66,1.216
R4249,pine,-72918.3,-79210.9,15530.6,-262.31,0.891
R4250,pine,-72094.9,-79228.6,15128.1,-84.75,1.138
R4251,pine,-71909.2,-79221.7,14831.7,79.46,1.084
R4252,pine,-70711.3,-79227,13874.7,-7.8,1.23
R4253,pine,-67951.1,-79203.8,13621.9,67.66,0.923
R4254,pine,-65060.2,-79406.9,17023.4,-67.08,1.106
R4255,pine,-53467.7,-79387.9,18103.5,-119.14,1.217
R4256,pine,-52796.8,-79546.1,17044.4,-9.73,0.907
R4257,pine,-51896.6,-79366,16568,-11.22,0.965
R4258,pine,-50641.1,-79397.3,16358.8,-65.21,0.944
R4259,pine,-48969.8,-79597.6,13762.1,69.56,1.085
R4260,pine,-48189.5,-79389.2,13728.5,-211.06,1.138
R4261,pine,-47143,-79510.8,13601.8,-2.67,1.057
R4262,pine,-46054.8,-79432.3,14742.7,1.83,1.215
R4263,pine,-42567.6,-79339.8,17478.9,-67.27,1.039
R4264,pine,-36543,-79273.6,14814.2,23.27,0.801
R4265,pine,-35968.7,-79443.1,14826.3,-226.45,1.194
R4266,pine,-26050,-79458.2,14829.8,-233.72,0.929
R4267,pine,-22243.9,-79456.5,13637,-162.48,1.063
R4268,pine,-21152.7,-79510.3,13628.5,-235.26,1.021
R4269,pine,-14343.6,-79451.3,15863.5,11.62,1.024
R4270,pine,-12552.8,-79407.1,15794.2,-179.02,1.141
R4271,pine,-11827,-79592.7,16476.9,28.7,1.059
R4272,pine,-9810.6,-79564.2,15579.8,-246.15,1.129
R4273,pine,-8513.4,-79508.9,14999,-202.87,1.23
R4274,pine,-6827.5,-79259.4,14743.3,-101.51,1.044
R4275,pine,-1557.5,-79364.9,16800.3,-175.65,0.987
R4276,pine,2068.1,-79355.5,16254,-120.26,1.164
R4277,pine,5468.6,-79341.2,14565.7,-157.64,1.108
R4278,pine,8501.6,-79437.5,12795.7,-256.63,0.969
R4279,pine,11770.4,-79436.8,17080,-1.69,1.152
R4280,pine,12629.2,-79580.6,16487.7,83.44,1.076
R4281,pine,18383.1,-79260.2,14707,-106.62,1.125
R4282,pine,19674.7,-79429.1,15082.9,-143.22,0.859
R4283,pine,21081.7,-79362.8,15031.7,-99.8,1.208
R4284,pine,21746.6,-79206.6,15697.6,-36.51,1.121
R4285,pine,22891.2,-79254.9,12849.7,-108.48,1.103
R4286,pine,23872.4,-79535.9,12189.8,-121.03,1.237
R4287,pine,24691.7,-79376.9,12139.4,-249.63,0.978
R4288,pine,25238.3,-79535.7,12152.3,17.53,1.249
R4289,pine,27926.5,-79348.8,14913.1,-100.14,1.174
R4290,pine,31138.2,-79586.7,13021.8,-188.39,1.107
R4291,pine,32040.7,-79234.9,13664.8,-250.3,0.984
R4292,pine,34908.1,-79264,16046.3,-98.64,1.14
R4293,pine,35741,-79347.5,16423.2,-209.96,1.11
R4294,pine,39386,-79514.8,17347,-200.69,1.23
R4295,pine,41668.8,-79523.6,14841.5,-127.06,0.843
R4296,pine,43136.5,-79368.4,14672.2,-95.17,0.821
R4297,pine,43477.7,-79263.3,14550.8,-226.08,0.926
R4298,pine,44286.1,-79222.9,13291.1,9.4,0.919
R4299,pine,44851.9,-79331.8,12985.8,39.85,0.926
R4300,pine,45773.6,-79347.3,13105.1,-120.62,1.242
R4301,pine,48301.4,-79488.5,15122.6,-134.65,1.001
R4302,pine,50848.2,-79414.6,15899.2,-124.49,1.024
R4303,pine,58813.3,-79312.8,12663.3,-84.68,0.896
R4304,pine,60310.9,-79581.3,15226.5,81.98,0.976
R4305,pine,66782.3,-79208.2,15678.8,86.96,0.931
R4306,pine,67593.7,-79495.9,15458.1,-50.39,1.078
R4307,pine,70552.8,-79481.3,13827.4,-210.17,1.147
R4308,pine,71221.9,-79247.4,14531.4,60.96,0.853
R4309,pine,73760.2,-79228.4,14919,-111.01,0.868
R4310,pine,78099.5,-79326.1,14295.6,-104.09,1.035
R4311,pine,-79569.1,-78864.3,16085.1,-10.93,1.119
R4312,pine,-78191.7,-78988.4,17009.1,-111.58,0.904
R4313,pine,-77039.6,-79040.3,16888.8,-258.09,0.956
R4314,pine,-74615.2,-78716.1,15555.3,-146.23,0.865
R4315,pine,-74032.6,-79144.1,15459.9,68.94,0.856
R4316,pine,-73206.3,-78501.4,14580.5,-18.36,1.174
R4317,pine,-72743.7,-78953.7,15178.8,-51.9,0.844
R4318,pine,-71636.4,-78442.9,14992.3,-22.82,0.897
R4319,pine,-70657.3,-78628.5,14377.8,-186.01,1.195
R4320,pine,-70297.5,-78791.6,13806.2,39,0.959
R4321,pine,-68882.5,-78519.2,13207.2,-37.47,1.128
R4322,pine,-68482.6,-78831.9,13403.4,0.12,0.805
R4323,pine,-67762,-79159.9,13535.2,48.66,0.939
R4324,pine,-66869,-78947.6,14051.6,47.78,1.12
R4325,pine,-66316.7,-78982.1,15153.4,-99.91,0.824
R4326,pine,-65374.2,-78839.1,16201,-81.92,1.116
R4327,pine,-64267.7,-78831.8,16328.1,-118.68,1.245
R4328,pine,-63162.4,-79089.2,14911.8,-150.49,1.142
R4329,pine,-56396.2,-78833,15560.6,-34.71,0.913
R4330,pine,-54819.2,-78993.3,15512,23.26,1.033
R4331,pine,-53159.7,-78610.4,16756.5,44.37,1.03
R4332,pine,-52389,-78501.6,16690.8,-185.21,0.821
R4333,pine,-51532.6,-79015.5,15879,-256.87,1.121
R4334,pine,-50656.2,-79097.3,16200.5,65.05,0.965
R4335,pine,-49931.1,-78499.5,15427.2,-222.52,1.071
R4336,pine,-49266.1,-79028.4,14301,-11.4,1.107
R4337,pine,-48092,-79015.5,13711.9,-158.68,0.91
R4338,pine,-47558,-79085.1,14272.5,-192.01,1.16
R4339,pine,-47196.6,-78784.6,14538.9,87.81,1.027
R4340,pine,-45868.7,-78813.1,15349.2,-125.26,1.144
R4341,pine,-45509.7,-78481.2,15520.7,-126.37,0.895
R4342,pine,-44052.5,-78791.9,17373.9,-228.69,1.229
R4343,pine,-43627.8,-79197,17732.8,-249.63,1.192
R4344,pine,-43079.7,-78813.3,17212.1,-175.29,1.06
R4345,pine,-42076.3,-78452,17822.5,-51.05,1.026
R4346,pine,-40576.2,-78535.1,16912.9,-254.12,1.163
R4347,pine,-39943.7,-79085.7,16688.4,79.03,0.998
R4348,pine,-36960.8,-78799.7,15171.3,-246.16,1.101
R4349,pine,-36345.7,-78641.2,14309.2,-36.69,1.002
R4350,pine,-35623.4,-78918.2,14175.1,78.02,0.854
R4351,pine,-34239.1,-78524.2,13777.6,-172.23,1.111
R4352,pine,-24547.3,-78561.7,13144.6,-221.89,1.159
R4353,pine,-22658.9,-78648.7,13437.4,61.38,1.123
R4354,pine,-21997.5,-79070.7,13089.1,67.08,1.094
R4355,pine,-21598.1,-78769.7,12675.5,6.85,1.071
R4356,pine,-19241.2,-78939.9,13033,55.09,0.91
R4357,pine,-18782.6,-79095.9,13369.2,41.4,1.074
R4358,pine,-17926.7,-79072.7,13494.9,-253.28,0.941
R4359,pine,-12809.6,-78968.1,15750.3,-153.19,1.219
R4360,pine,-11994.4,-78925.5,16176.5,31.34,1.057
R4361,pine,-9236.3,-79024.9,14698.7,-105.85,0.893
R4362,pine,5658.8,-78979.6,14387.7,-84.7,0.947
R4363,pine,7062.7,-78810.6,12496.2,-129.67,0.832
R4364,pine,7448.2,-78554.9,12069.3,78.93,1.071
R4365,pine,8175.4,-78601.3,12055,13.63,0.978
R4366,pine,8826,-78684.4,12706.9,-238.58,1.203
R4367,pine,10366.9,-78638.8,14579.6,-240.15,1.052
R4368,pine,10894.4,-78488.9,15134,32.7,0.862
R4369,pine,12136.5,-78446.2,15970.9,88.22,0.89
R4370,pine,12845.2,-78893.1,16067,-74.39,0.85
R4371,pine,16457.2,-79075.7,14685.2,-151.42,1.039
R4372,pine,17026.4,-78636.2,15561.3,-269.43,1.208
R4373,pine,18285,-78594.4,15637.9,58.97,0.837
R4374,pine,18707.5,-79170,15213.5,-65.27,0.8
R4375,pine,19625.8,-78467.7,14722.1,-108.32,1.055
R4376,pine,20436.6,-78756.5,14171.9,-111.24,1.058
R4377,pine,21314.8,-79182.4,15096.2,-175.81,1.233
R4378,pine,21769.8,-78849.2,15058.3,-31.83,1.165
R4379,pine,22907.9,-78510.8,13164.9,-264.24,0.863
R4380,pine,23700.8,-78709.7,12338.6,88.58,1.02
R4381,pine,24206.2,-79029.4,12053.1,-48.38,1.226
R4382,pine,25485.7,-79195.7,11895.3,-204.76,1.238
R4383,pine,25917.5,-78945.8,11837.8,77.78,1.076
R4384,pine,27080.6,-78430.3,13054.1,-86.27,1.128
R4385,pine,27894,-78442.3,13951.3,-124.85,1.225
R4386,pine,28766,-78902.6,14684.3,49.49,0.893
R4387,pine,29196.8,-78871.7,13881.5,22.29,0.892
R4388,pine,30222.5,-79093.7,13028.6,-141.29,0.937
R4389,pine,31167.3,-78422.6,13439.7,-38.28,1.068
R4390,pine,31707.3,-78977.7,13253.4,-7.38,1.042
R4391,pine,32725.2,-78899.5,14575.5,20.89,1.246
R4392,pine,33170.9,-78556.7,15409.2,21.36,1.072
R4393,pine,33643.1,-78836.1,15415.5,-214.07,1.028
R4394,pine,34552.2,-78536.4,16159.1,-90.12,1.173
R4395,pine,35484.6,-79015.4,16386.2,-42.49,1.191
R4396,pine,36037.2,-78752.3,16361.4,57.86,0.952
R4397,pine,37355.6,-78930.6,16541.7,-20.65,1.06
R4398,pine,37963,-78859.5,16562.8,-96.87,0.959
R4399,pine,38906.7,-78668.1,16955.6,59.11,1.135
R4400,pine,39998.1,-78669,15288.4,-15.3,1.034
R4401,pine,40382.5,-78891.5,14837.7,-40.55,1.206
R4402,pine,41544.7,-79195.1,14626.2,-51.29,1.072
R4403,pine,42161.1,-78718.1,14801.9,54.3,1.164
R4404,pine,43165.4,-78495.1,13827.9,0.62,1.148
R4405,pine,43729,-78541.9,14613.6,-244.29,1.04
R4406,pine,44169.3,-78419.9,14742.3,-182.44,0.974
R4407,pine,45129.9,-78681.5,13317.1,-150.81,0.92
R4408,pine,45742.6,-78545.1,13399.9,-76.95,0.988
R4409,pine,46806.6,-78950.8,13656.7,-197.61,1.143
R4410,pine,47916.5,-79112.3,14940.6,-29.46,0.818
R4411,pine,48913.8,-79032.8,17309.6,-83.86,0.983
R4412,pine,57007.3,-78747.8,12355.1,-51.89,1.108
R4413,pine,59602.8,-78695.6,13863.2,-38.5,0.939
R4414,pine,60180.7,-78939.7,14860.6,-178.36,1.085
R4415,pine,61222.7,-79021.1,16048.5,-183.09,1.035
R4416,pine,62065.5,-79185.9,16841,50.75,0.993
R4417,pine,63076,-79067.4,17658.2,-248.86,0.852
R4418,pine,64301.1,-78894.6,17224.3,38.85,1.03
R4419,pine,64982.9,-78437.8,16438.5,-12.56,1.199
R4420,pine,66916,-79041.9,15381.6,13,1.092
R4421,pine,67357.9,-78556.7,15250.8,-198.05,1.092
R4422,pine,68838.5,-79033,15372.9,74.92,1.061
R4423,pine,69632.7,-78433.9,15366.3,-107.15,1.228
R4424,pine,71176,-78584.2,15311.1,-131.52,1.02
R4425,pine,71361.4,-78669.5,15463.8,-111.71,1.129
R4426,pine,72560,-78564.8,15366.6,55.97,0.917
R4427,pine,72999.6,-78573.5,14729.5,50.86,1.209
R4428,pine,74216.7,-79072.6,15143.1,-73.13,1.193
R4429,pine,74484,-78660.3,15191.7,-85.42,0.803
R4430,pine,75570.6,-78570.5,15587.5,41.58,1.127
R4431,pine,76680.4,-79173,13818.1,-20.14,1.231
R4432,pine,77514.7,-78890.7,14325.2,-98.45,0.812
R4433,pine,78326.3,-78992.4,14691.3,-58.44,0.861
R4434,pine,78646.4,-78703.4,15475.6,-125.66,0.877
R4435,pine,-78498.8,-78051.3,17207.9,-74.5,1.117
R4436,pine,-77311.3,-77703.4,18934.7,-1.63,1.021
R4437,pine,-74800.9,-77662.2,15603.9,-198.53,1.173
R4438,pine,-73827,-78363.6,15185.8,-192.84,1.077
R4439,pine,-72822.5,-77784.3,14129.3,73.16,0.88
R4440,pine,-72676.2,-78369.7,14646.8,-44.73,1.035
R4441,pine,-71722.6,-78262.1,15048.5,-60.16,0.92
R4442,pine,-70458.4,-77655.7,14633.5,-28.88,1.248
R4443,pine,-69767.5,-78253.6,13517.1,-153.67,1.048
R4444,pine,-69568.5,-78330.6,13302.3,-4.97,1.02
R4445,pine,-68099,-77898.1,12995.4,56.89,1.245
R4446,pine,-67603.5,-78194.7,13135,-218.32,0.993
R4447,pine,-66658.9,-78230.7,13756.4,38.03,1.057
R4448,pine,-65878.6,-78233.8,14953.3,-117.52,1.059
R4449,pine,-64888.5,-77783.5,16853.3,-64.43,0.956
R4450,pine,-56514.5,-78291.2,14590.8,-208.49,0.923
R4451,pine,-55526.8,-78006.6,14539.2,-234.35,0.808
R4452,pine,-54952.3,-78063.4,13865.3,-115.53,1.152
R4453,pine,-53634.3,-77746.9,14108.2,-39.91,1.168
R4454,pine,-53082.5,-77827.2,14849.1,-99.44,0.853
R4455,pine,-52471.2,-77832.5,15876,-24.82,0.913
R4456,pine,-51216.9,-77873.4,16048.4,-218.05,0.81
R4457,pine,-50672,-78386.3,16100.6,-70.97,0.96
R4458,pine,-49950.3,-78225.8,15508.4,-156.62,0.921
R4459,pine,-48894,-78064.5,14730.5,-102.11,0.899
R4460,pine,-48164.7,-78046.9,14245,-165.54,1.079
R4461,pine,-46949.9,-77970.4,14990.5,-199.1,0.999
R4462,pine,-45626.1,-77668.7,15264.1,-184.27,1.155
R4463,pine,-45033.8,-77714.3,16141.4,-160.16,0.896
R4464,pine,-44090.8,-78114.8,17069.6,-77.69,1.155
R4465,pine,-43322.9,-77883.1,17409.1,-80.53,1.085
R4466,pine,-41898.1,-78252.3,18212.1,-149.83,1.172
R4467,pine,-37087.5,-78026.5,15459.7,-162.63,0.855
R4468,pine,-35485.8,-77677.8,14040.1,44.91,1.157
R4469,pine,-34954.3,-78145.4,13957.2,50.38,1.11
R4470,pine,-25517.8,-77931,14203.2,-133.2,0.924
R4471,pine,-22429.2,-78378.8,13011.5,69.96,0.857
R4472,pine,-20638.9,-78357.3,12857.9,-251.11,0.802
R4473,pine,-19135.5,-77874.2,11871.4,-145.21,0.856
R4474,pine,-13009.2,-78199.3,15966.1,-237.24,1.214
R4475,pine,-9775.5,-78354,14939,-267.53,0.827
R4476,pine,-252.3,-78292.4,16107,-76.65,1.009
R4477,pine,3935.5,-77913.4,14022.7,78.45,1.084
R4478,pine,4654.1,-77989.9,13605.2,-109.76,0.882
R4479,pine,5000,-78108.1,13460.9,7.6,0.81
R4480,pine,5865.4,-77696.6,13134.7,-205.2,0.956
R4481,pine,6687.6,-77671.8,13472.3,-21.9,1.006
R4482,pine,7306.8,-78109,12209.4,-253,1.225
R4483,pine,8437.6,-78386.8,12362,-143.37,1.105
R4484,pine,9305.4,-78072.1,13000.2,-10.33,0.81
R4485,pine,9635.3,-77605.4,13611.7,-2.03,0.808
R4486,pine,11168.2,-78228.7,15579.9,-11.56,1.091
R4487,pine,12086.7,-78214.6,15993.4,20,1.004
R4488,pine,13982.1,-78104.4,15201.6,-226.54,0.896
R4489,pine,14894.1,-78398,14336.7,11.17,1.142
R4490,pine,16164.7,-77860,15480.6,58.92,1.028
R4491,pine,18795.3,-77750.8,15890.4,-118.91,0.946
R4492,pine,19526.9,-78060.4,14732.8,-215.94,0.83
R4493,pine,20685.7,-78004.5,14429,-227.12,0.864
R4494,pine,20842.2,-77709.3,14295.8,-263.79,1.18
R4495,pine,22314.8,-77725.2,13720.7,-56.18,1.18
R4496,pine,22896.7,-77621.6,13173.4,-208.4,1.093
R4497,pine,23616.8,-78230.9,12546.6,-17.06,1.028
R4498,pine,24273.6,-77866.7,12118,-152.56,0.993
R4499,pine,25030.2,-77918.3,11933.3,-227.74,1.167
R4500,pine,25943.4,-77673.8,11907.2,-15.7,1.047
R4501,pine,26825.4,-77914.5,12680,-206.45,0.971
R4502,pine,27910,-77812.5,13039.5,-82.46,1.015
R4503,pine,28408.2,-78056.5,13264.1,21.76,1.103
R4504,pine,29063.5,-78258.3,14637.9,-236.89,0.856
R4505,pine,30031.6,-77711.6,14234.7,-52.29,0.973
R4506,pine,30917.2,-78337.9,13380.7,79.64,0.831
R4507,pine,31412.8,-78335.3,13779.8,-261.62,0.852
R4508,pine,32210.7,-77629.2,14836.2,-57.65,0.967
R4509,pine,33294.7,-77719.8,15340.9,27.85,1.158
R4510,pine,34248.4,-78201.3,15473.8,-110.02,1.16
R4511,pine,34925.4,-77867.8,15660.6,-11.45,0.936
R4512,pine,35661.9,-78210.6,15861.1,-172.74,1.229
R4513,pine,36536.4,-77685,16019.3,-221.86,0.905
R4514,pine,37147.4,-77809.7,16013.7,-154.08,0.88
R4515,pine,37725.8,-78322.2,16296.5,-221.35,0.912
R4516,pine,38994.9,-77608.2,17006.4,-33.24,1.176
R4517,pine,39600.1,-78386.9,15821,-136.33,0.948
R4518,pine,40501.9,-78039,14671.7,-37.32,1.13
R4519,pine,41706.6,-77807.2,14099.1,-129.82,1.103
R4520,pine,42881.2,-77641.3,13080.2,-150.39,0.891
R4521,pine,43945.1,-77841.7,14102.1,-248.25,0.983
R4522,pine,44298.1,-77744.3,14443.6,-257.92,0.86
R4523,pine,45045.2,-78172.4,13922.1,-119.86,1.132
R4524,pine,45763.6,-77752.8,14127.3,-85.99,0.845
R4525,pine,46437.1,-77929.1,14321.7,-55.69,1.196
R4526,pine,47823.5,-78296.2,15804.2,-105.39,1.2
R4527,pine,60502.1,-77897.5,14928.2,-195.89,0.931
R4528,pine,61076,-77771.6,15909.4,-65.1,0.958
R4529,pine,62974.3,-77683.5,18144.5,-200.79,1.143
R4530,pine,63891.3,-77765.4,16689.2,-135.06,1.063
R4531,pine,64801.9,-77842,16329.5,-110.99,1.024
R4532,pine,65912.8,-77893.4,15537.5,17.52,0.822
R4533,pine,68403.8,-77800.4,15370.8,-135.95,1.109
R4534,pine,69008,-78331.4,15221.7,-3.04,1.003
R4535,pine,69634.3,-78159.9,15249,-99.22,1.244
R4536,pine,70936,-78277.9,15443.7,-208.37,1.107
R4537,pine,71521.6,-78282.5,15671.1,4.03,1.117
R4538,pine,72743.3,-77653.6,15047,-72.85,0.996
R4539,pine,73387.5,-77989,14447.1,-51.82,1.001
R4540,pine,74174.3,-78199.6,14730.3,-154.09,0.936
R4541,pine,74956,-78011.6,15536.8,-121.85,1.057
R4542,pine,75637.1,-78365,15792,1.5,1.106
R4543,pine,76186.9,-77834.6,16383.8,-11.71,1.15
R4544,pine,77538.2,-78292.3,15059,43.17,0.934
R4545,pine,77812.9,-77993.5,15544.1,-179.33,1.125
R4546,pine,79007,-77600.7,13058.3,-255.41,0.804
R4547,pine,-73934.8,-77187.9,14933.1,-64.52,1.152
R4548,pine,-73468.6,-77015.4,14289.2,-24.04,0.96
R4549,pine,-72509.3,-76938.9,14124.8,-236.85,1.023
R4550,pine,-71917.9,-77068.7,14101.7,24.79,1.083
R4551,pine,-70437.2,-77490.6,14549.6,79.63,0.909
R4552,pine,-70135.5,-77198,14241.8,-0.67,1.043
R4553,pine,-69442.4,-77529.8,13361.2,-26.42,0.946
R4554,pine,-68464.5,-77052.1,13273.1,-110.67,1.016
R4555,pine,-67749.9,-76934.4,13454.8,-108.43,0.827
R4556,pine,-66760.7,-77015.6,14229.7,87.13,1.153
R4557,pine,-65374.5,-76912.8,16280.3,-107.56,0.812
R4558,pine,-52743.6,-77397.1,14684.5,-244.83,0.877
R4559,pine,-51197,-77372.2,16429.1,-265.65,0.85
R4560,pine,-49635,-77155.7,15461.4,39.22,1.074
R4561,pine,-49572.9,-76945.7,15604.1,-21.67,1.083
R4562,pine,-48675,-77267.9,15218.6,79.97,0.826
R4563,pine,-47404.1,-76995.6,15059.2,34.17,0.921
R4564,pine,-46686.2,-76813.1,15205.5,27.77,1.184
R4565,pine,-45954.6,-77310.2,15083.3,73.34,1.073
R4566,pine,-45115.2,-77586.9,15916.5,-95.93,0.967
R4567,pine,-44550.5,-77556.5,16693.5,-215.75,1.195
R4568,pine,-43442.3,-77351.7,16274.6,-267.15,1.087
R4569,pine,-42557.5,-76844.5,15918.5,-73.21,1.091
R4570,pine,-41961.4,-77214.1,16862.2,-90.36,0.973
R4571,pine,-40964.1,-76893.6,16885.8,-186.85,0.992
R4572,pine,-37591.9,-77082.7,16195,-104.06,1.065
R4573,pine,-36433,-77073.7,15918.7,-83.38,1.126
R4574,pine,-35584.1,-77572.2,14149.6,-69.01,1.218
R4575,pine,-33609.4,-77285.4,13186.7,-100.83,0.993
R4576,pine,-32737.4,-77382.5,12701.8,89.89,1.239
R4577,pine,-25930.4,-77476.1,14303.5,-228.88,1.094
R4578,pine,-24669.3,-77363.6,13094.1,-128.1,0.984
R4579,pine,-23952.5,-76997.3,12680.6,-29.68,1.177
R4580,pine,-21832.7,-77593.2,12194.7,-174.33,0.957
R4581,pine,-20136.2,-77504.2,12014.5,-117.97,0.941
R4582,pine,-18896.2,-76843.8,11189.6,40.45,0.945
R4583,pine,-17679.9,-77520.5,12020.3,36.04,0.889
R4584,pine,-16062.7,-76901,11727.2,-26.88,0.859
R4585,pine,-3779,-77363.7,14440.1,-83.55,1.174
R4586,pine,-1767.7,-76809.9,13791.7,-137.37,1.198
R4587,pine,-1136.2,-77087,14346,-90.06,0.846
R4588,pine,183.8,-77050.9,15247.1,-23.32,1.021
R4589,pine,2848,-77330.8,14035.6,-20.69,1.065
R4590,pine,5256.5,-77273.2,12577.4,-227.86,1.197
R4591,pine,5979.2,-77495.3,13111.4,-212.73,1.098
R4592,pine,7112.7,-76924.7,13314.9,21.99,0.963
R4593,pine,7803,-77006.6,12462.2,-189.37,0.913
R4594,pine,8791.5,-77453.3,12724.7,36.3,0.857
R4595,pine,9000.3,-76955.4,12462.7,-195.5,1.171
R4596,pine,10220,-77329,13781.2,46.51,1.054
R4597,pine,10494.1,-77537.7,14639.9,-192.99,0.896
R4598,pine,11488.9,-76808.2,15919.8,86.64,1.123
R4599,pine,12241.5,-77517.9,15378.2,53.7,0.917
R4600,pine,13418.5,-77358.6,15354.8,-210.53,1.239
R4601,pine,17046.6,-77030,17190.4,-107.73,1.196
R4602,pine,18439.2,-76943.2,17106.5,-188.12,0.969
R4603,pine,19401.1,-77357.8,15926.1,-230.96,1.003
R4604,pine,20750.2,-77364.6,14849.9,-28.85,0.936
R4605,pine,21265.3,-76882,14730.6,9.11,1.152
R4606,pine,21961.7,-76800.1,13668.6,-48.9,1.104
R4607,pine,22516.6,-77448.9,13651.9,17.34,1.175
R4608,pine,23587.3,-77088.2,12392.7,5.19,1.147
R4609,pine,24444,-77243.5,12035.6,-33.49,1.142
R4610,pine,25533.3,-77026.1,12397.8,-152.13,0.963
R4611,pine,26281.5,-77577,12211.5,26.31,1.028
R4612,pine,27075,-77195.9,12989.2,-228.91,0.891
R4613,pine,27864.6,-76882.4,12713.1,-54.78,0.891
R4614,pine,28076,-77017.8,12546.3,59.57,1.11
R4615,pine,28816.3,-77508.5,13013.2,-12.94,0.863
R4616,pine,30095.5,-77397.8,14344.9,53.25,0.955
R4617,pine,31356.9,-77246,14958.7,-234.71,1.116
R4618,pine,32244.4,-76899.2,15672.3,-108.2,1.183
R4619,pine,33289.9,-77032.4,15983.3,-16.16,0.936
R4620,pine,34109.3,-77282.5,15676,-182.68,0.977
R4621,pine,35064.6,-77293.4,15792.5,-12.45,1.054
R4622,pine,35751.6,-77124.4,15768.9,35.34,0.957
R4623,pine,36147.9,-77035.9,15945.3,19.34,1.047
R4624,pine,36943.6,-77298.1,15673.9,-235.81,1.239
R4625,pine,37929,-77307,15317.4,-187.19,0.834
R4626,pine,38773.5,-76937.3,15635.8,79.46,0.957
R4627,pine,39232.2,-76937,15869.5,-97.38,0.965
R4628,pine,40196.1,-77009.4,15478.9,-183.76,1.008
R4629,pine,40807.7,-77552.4,14615.6,55.33,1.168
R4630,pine,41797.8,-77421.9,13781.1,-32.48,0.995
R4631,pine,42682.4,-77576.2,13104.2,-211.63,1.07
R4632,pine,43564.2,-77555.5,13580.3,-103.08,1.163
R4633,pine,44171.3,-77398.5,13958.1,26.89,1.189
R4634,pine,45081.8,-77313.8,14562.3,-151.18,0.808
R4635,pine,47597.5,-76895.9,16496.6,86.79,0.832
R4636,pine,58420,-77495.9,12991.6,-21.64,0.821
R4637,pine,60734.6,-76963.5,16127.4,21.87,1.121
R4638,pine,61485.1,-77214.9,17343.7,82.41,1.149
R4639,pine,62058.1,-77343,18266.8,-128.41,0.985
R4640,pine,63388.7,-76964.6,16479.2,-46.91,0.974
R4641,pine,64473.5,-77510.1,16028.8,47.13,1.187
R4642,pine,65641.9,-77251.1,14873.3,-189.77,0.953
R4643,pine,67065.4,-76903.8,13782.6,9.01,1.202
R4644,pine,67631.1,-77047.3,14038.6,-210.25,0.994
R4645,pine,68267.1,-77280.7,14505.9,39.98,0.97
R4646,pine,69031,-76805.6,15007.3,6.71,0.852
R4647,pine,70142.1,-77526.9,15265,86.63,1.149
R4648,pine,70906.9,-77239.5,15103.6,-167.23,0.862
R4649,pine,71256.6,-77060.9,15451,-25.79,0.936
R4650,pine,72776.3,-77272.9,14762.5,-48.2,1.09
R4651,pine,73080.4,-76995.7,14909.1,36.64,1.169
R4652,pine,74182.5,-76850.9,13952.8,-113.36,1.151
R4653,pine,74775.1,-77135.6,14359.7,-62.37,1.106
R4654,pine,75290.4,-77279.7,15178.6,58.41,0.99
R4655,pine,76628.8,-77356.7,16448.8,79.3,1.011
R4656,pine,-73802.3,-76278.6,15488.6,-60.39,1.001
R4657,pine,-73163.1,-76549.1,14424.8,89.28,0.979
R4658,pine,-72682.6,-76701.9,14220.7,-222.35,1.006
R4659,pine,-71242.4,-76614.2,13813.7,-109.94,1.093
R4660,pine,-70994.9,-76263.7,13811.9,-217.19,0.888
R4661,pine,-69707.9,-76659.9,13473.8,-79.2,0.953
R4662,pine,-69022.2,-76097.9,13056,43.27,0.823
R4663,pine,-68709.9,-76016.6,13005.4,-121.02,0.932
R4664,pine,-67773.6,-76272,13351.4,66.95,1.142
R4665,pine,-66843.1,-76120.2,15099.1,-27.61,0.83
R4666,pine,-66145.6,-76191.5,15643.4,33,1.111
R4667,pine,-56017.8,-76152.8,12771.2,-47.67,1.232
R4668,pine,-50627.4,-76518.7,15999.5,-69.59,1.062
R4669,pine,-50372,-76223.4,15967.5,-149.44,0.863
R4670,pine,-49207.1,-76400.8,15865.9,-26.52,1.236
R4671,pine,-48383.8,-76153.5,14883.6,44.54,1.244
R4672,pine,-47656.8,-76033.8,14568.6,-102.22,0.963
R4673,pine,-46461.4,-76077.1,14364.1,-225.66,1.114
R4674,pine,-46089.8,-76531.1,14818,-121.03,0.99
R4675,pine,-45487.7,-76524,15247.9,-55.12,0.975
R4676,pine,-44548.8,-76222.5,15278.3,-23.48,1.104
R4677,pine,-43299.2,-76272.2,15199.9,-64.91,1.02
R4678,pine,-42870,-76546.4,15536.7,-85.62,0.859
R4679,pine,-42071.8,-76749.1,16272.8,-258.2,1.17
R4680,pine,-40579.4,-76438.5,16059.3,-240.67,0.831
R4681,pine,-35439.9,-76169.9,14829.6,17.59,1.009
R4682,pine,-34805.3,-76162.7,14321,-28.8,1.002
R4683,pine,-33773,-76419.7,13178.1,-32.27,0.926
R4684,pine,-32843,-76356.9,12723.4,-53.28,1.123
R4685,pine,-32030.9,-76084.4,12558.9,-57.25,0.973
R4686,pine,-31947.8,-76735.6,12660.9,25.81,0.846
R4687,pine,-25987,-76758.8,14145,58.12,1.225
R4688,pine,-23527,-76156.8,12027.5,-238.66,1.093
R4689,pine,-21869.2,-76600.2,11307.4,73.86,0.991
R4690,pine,-17722.4,-76618.6,11576.8,-33.59,1.158
R4691,pine,-14668.8,-76684.3,13321.6,-173.17,0.989
R4692,pine,-13745.1,-76428.9,14010.9,15.02,0.916
R4693,pine,-430.8,-76366.6,13981.6,-255.45,1.222
R4694,pine,76,-76273.8,14198.6,-160.67,0.909
R4695,pine,1549.9,-76319,14538.3,87.28,1.06
R4696,pine,3330.9,-76085.8,12995.6,-205.02,1.22
R4697,pine,4631.1,-76149.2,12779.1,-207.03,0.863
R4698,pine,4939.5,-76548.2,12336.2,-33.92,1.228
R4699,pine,6340.9,-76125.5,13221.5,-223.2,1.001
R4700,pine,6432.4,-76264.2,13253.6,-91.16,0.878
R4701,pine,7542.8,-76465.1,13181,-122.38,1.114
R4702,pine,8593.1,-76531.7,12523.8,-84.98,0.827
R4703,pine,9131.6,-76590.9,12309.3,-163.05,1.051
R4704,pine,10108.3,-76787.4,13160.8,-241.58,1.099
R4705,pine,10904.7,-76305.4,14072.7,-220.89,1.224
R4706,pine,11208.2,-76077,14430.9,-2.4,1.006
R4707,pine,12616.6,-76521.4,15079.1,-20.66,1.203
R4708,pine,13025.4,-76478.5,15114.9,-259.71,1.244
R4709,pine,14559.2,-76419.4,15287,-157.16,1.211
R4710,pine,15824,-76550,15292.9,-32.61,1.242
R4711,pine,18147.2,-76310.4,16827.9,59.81,0.875
R4712,pine,20254.6,-76761.2,15276.2,-237.41,0.869
R4713,pine,21135.6,-76486,14309.2,68.78,0.944
R4714,pine,21670,-76727.9,14027.6,-42.38,1.029
R4715,pine,22809.6,-76754.7,13366.8,63.21,1.078
R4716,pine,23296,-76781.4,12664.8,29.87,0.906
R4717,pine,24674.5,-76187.9,13041.1,-75.64,1.225
R4718,pine,25583.6,-76240.7,12850.6,-185.14,1.072
R4719,pine,27184.8,-76362.4,12813.4,84.64,0.947
R4720,pine,27483.3,-76789,12780.9,-164.66,0.874
R4721,pine,28723.9,-76128.7,12577.7,-118.95,1.183
R4722,pine,29262.5,-76215.8,13121,-100.52,1.127
R4723,pine,29789.1,-76154.3,13798.8,-99.5,1.229
R4724,pine,30713,-76403.7,15450.9,-251.1,1.032
R4725,pine,31960.7,-76368.4,16320,30.3,1.131
R4726,pine,32743.5,-76494.1,15724.8,-47.41,1.02
R4727,pine,33183.8,-76655.9,16258.3,-125.56,1.208
R4728,pine,34189.3,-76272.8,16666.4,-48.52,0.952
R4729,pine,34669.2,-76692.4,15879.9,-119.72,0.81
R4730,pine,36391.3,-76745.9,16165.1,-232.24,0.992
R4731,pine,37013,-76486.7,15132.7,81.13,0.946
R4732,pine,37840.1,-76034.5,14361.3,-184.97,0.997
R4733,pine,38907.2,-76461.1,15180.5,-117.85,0.999
R4734,pine,39273.8,-76723.5,15600.1,-56.93,0.995
R4735,pine,40502.7,-76337.3,14572.1,-177.17,0.893
R4736,pine,40803.9,-76515.5,14206.8,-166.62,1.227
R4737,pine,42108.1,-76603.9,13174.7,-231.78,0.988
R4738,pine,42990.3,-76074.4,13064.6,-167.99,0.807
R4739,pine,43548.1,-76294.1,13318,-185.28,1.239
R4740,pine,44044.8,-76220.1,13025.1,-4.86,0.931
R4741,pine,45376.7,-76651.5,14367,-207.62,1.196
R4742,pine,46800.8,-76693.4,16756,87.53,1.031
R4743,pine,57919.7,-76158.9,12825.4,-184.43,1.097
R4744,pine,59556,-76438.8,14862.5,-152.24,1.224
R4745,pine,60316.5,-76147.8,16126.8,-23.26,0.951
R4746,pine,61260.4,-76734.6,17531.8,6.97,1.045
R4747,pine,62314.5,-76740.7,18208.5,57.02,0.998
R4748,pine,62956.2,-76052.5,15737,-93.57,0.929
R4749,pine,63948.4,-76079.4,15278,-22.92,0.853
R4750,pine,64434.1,-76007.2,14872.7,-125.27,0.92
R4751,pine,65051.8,-76202.6,15008.2,-160.27,1.081
R4752,pine,66984.8,-76390.8,13698,-151.68,1.242
R4753,pine,67932.3,-76268.1,14042.4,-141.5,0.893
R4754,pine,69558.4,-76394,14829.1,-226.33,1.101
R4755,pine,70300.4,-76062,15064.8,50.32,1.065
R4756,pine,70752.9,-76740.2,15236.5,-151.45,1.028
R4757,pine,71243.6,-76348.3,15253.6,-198.41,0.893
R4758,pine,72761.9,-76423.7,14772.3,21.41,1.148
R4759,pine,73187,-76434.7,14284.7,-135.74,1.04
R4760,pine,74138,-76688.1,13866.3,-135.18,0.993
R4761,pine,75299.4,-76209.7,14875.4,50.64,0.853
R4762,pine,-75464.9,-75930.5,17346.9,-261.09,1.211
R4763,pine,-74562.7,-75826.6,16687.3,-230.17,0.863
R4764,pine,-74111.5,-75460.8,16477.1,-139.42,1
R4765,pine,-73191.4,-75688.4,15212.4,-0.17,0.943
R4766,pine,-72283.3,-75233.9,15288.2,-69.88,1.047
R4767,pine,-71928.9,-75932.1,14535.2,-15.92,0.824
R4768,pine,-70967.6,-75682.6,14052,-118.83,0.95
R4769,pine,-69939.3,-75979.5,13634,-19.36,1.077
R4770,pine,-68858.1,-75376.4,13040.3,-202.9,1.085
R4771,pine,-68201.6,-75490.1,13207,-58.7,1.204
R4772,pine,-67581.7,-75792.2,14262,-196.56,1.201
R4773,pine,-67176.8,-75444.3,15182.8,-245.02,1.082
R4774,pine,-65886.8,-75526.7,16969.5,66.19,1.244
R4775,pine,-65551.7,-75599.5,17605.1,-125.98,0.833
R4776,pine,-52387.2,-75375.1,14108.6,7.65,1.243
R4777,pine,-50027.7,-75798.1,16270.2,-268.91,0.988
R4778,pine,-49130,-75279,15392.6,-149.47,0.878
R4779,pine,-48036.9,-75546.5,14644.4,-134.64,0.895
R4780,pine,-47462.4,-75672.4,14369.9,-238.86,1.191
R4781,pine,-46974.9,-75755.2,14666.9,-59.39,1.096
R4782,pine,-45804.8,-75480.2,13777.8,-102.96,0.992
R4783,pine,-45545.3,-75940.1,14125.5,-188.07,0.925
R4784,pine,-44542.7,-75958.5,14935.6,-216.37,1.19
R4785,pine,-43416.5,-75656.4,13960.2,-111.04,1.077
R4786,pine,-42437.1,-75268.6,14419.5,-22.6,1.122
R4787,pine,-42077,-75917,15612.1,28.06,1.023
R4788,pine,-41288,-75823.7,15637.9,-184.68,0.935
R4789,pine,-40740.4,-75487.1,14848.7,-38.74,0.893
R4790,pine,-36415.2,-75621.5,16277,-19.78,0.886
R4791,pine,-34827.6,-75431.9,14127.8,-21.31,0.801
R4792,pine,-34133.9,-75736.6,13530.3,-214.01,1.191
R4793,pine,-33460.2,-75972.1,13109.9,-53.05,1.124
R4794,pine,-32050.4,-75624.8,12326.9,77.9,0.87
R4795,pine,-30641.8,-75463.6,13162.6,33.11,1.019
R4796,pine,-18383.6,-75710.8,10965.3,-67.65,1.115
R4797,pine,-17011.4,-75456,10780.3,57.08,1.003
R4798,pine,-16187.1,-75311,11290,8.07,0.949
R4799,pine,-15530.2,-75472.4,11809.8,37.19,1.134
R4800,pine,-12329.3,-75301,14572.4,-92.81,1.064
R4801,pine,-1222.1,-75572.1,12426,-69.35,1.146
R4802,pine,2385.6,-75246,13872.1,77.83,0.996
R4803,pine,2636.6,-75596.3,13156.2,50.03,0.865
R4804,pine,3804.9,-75614.6,12505.3,-55.62,0.91
R4805,pine,4303.8,-75254.1,12561,15.49,0.969
R4806,pine,5312.8,-75826.1,12910.2,-83.79,1.158
R4807,pine,6092.2,-75560.3,13307.8,-228.26,1.131
R4808,pine,6790.3,-75533.9,14285.7,-246.26,1.053
R4809,pine,7983.3,-75710.2,13363.4,-236.9,0.914
R4810,pine,8163.7,-75475.6,13237.1,17.55,1.124
R4811,pine,9014.5,-75341.4,12513.7,-46.04,1.086
R4812,pine,9656.2,-75393.9,12381.4,51.13,0.891
R4813,pine,11059,-75305.1,13546.2,-169.13,1.147
R4814,pine,11208.1,-75970.9,14411.6,-88.81,1.098
R4815,pine,12336.6,-75244.8,14954.9,-231.48,1.124
R4816,pine,13180,-75380.4,15010.4,-12.45,1.045
R4817,pine,14519.3,-75584.5,15178.9,-16.08,1.24
R4818,pine,18232.5,-75268.9,15985.1,20.47,0.832
R4819,pine,18668.9,-75643.2,16093.4,-58.15,0.965
R4820,pine,19532.1,-75306.7,15120.2,20.97,0.916
R4821,pine,20345.1,-75394.7,13746.5,82.94,0.96
R4822,pine,21453,-75840.3,13264,-174.25,0.845
R4823,pine,22163.2,-75801.6,13004.8,-38.26,1.142
R4824,pine,23101.3,-75699.1,13294.4,-80.7,0.93
R4825,pine,23551.7,-75355.3,12917.6,6.35,1.038
R4826,pine,24356.8,-75974,13129.1,-179.22,1.012
R4827,pine,25412,-75270.3,12368.8,21.86,0.811
R4828,pine,26070.6,-75387.8,12435.9,-205.11,0.984
R4829,pine,26534.2,-75815.8,12738.1,-127.01,0.932
R4830,pine,27318.2,-75309.8,12628.9,-135.3,0.972
R4831,pine,28208.9,-75206.9,12784.5,-201.92,0.881
R4832,pine,29734.2,-75485.7,14391.1,69.77,1.128
R4833,pine,31152.2,-75577.6,17416.4,-14.75,0.868
R4834,pine,31940.8,-75643,16572.3,-135.71,0.838
R4835,pine,32728.2,-75962.8,16101.5,-72.25,1.052
R4836,pine,33507.8,-75259,15764.5,89.42,1.217
R4837,pine,33836.6,-75837.8,16217.4,-138.63,1.132
R4838,pine,34533.9,-75912.8,16600.9,-54.56,1.136
R4839,pine,35492.3,-75780.3,16312.2,-59.05,1.173
R4840,pine,36413.9,-75535.7,15014.7,-15.72,1.1
R4841,pine,37272.7,-75312.3,14145.9,31.36,0.944
R4842,pine,38003,-75850.4,14296,-204.97,1.085
R4843,pine,39787.5,-75494.9,13932.5,-154.17,1.143
R4844,pine,40148.2,-75572.3,13831.5,-176.73,1.237
R4845,pine,41201.7,-75547,13572.6,-117,1.021
R4846,pine,42005.3,-75539.4,12836.8,-158.87,0.882
R4847,pine,42924.7,-75300.4,12584.1,-123.14,0.973
R4848,pine,43763.5,-75776.1,12490.2,58.63,1.062
R4849,pine,47054,-75367.9,14123.3,82.39,1.208
R4850,pine,57757.1,-75887.3,12977.3,40.29,1.173
R4851,pine,59471.6,-75675.1,15558.3,-68.84,0.883
R4852,pine,60588.9,-75944.3,16744.2,61.28,0.894
R4853,pine,61067.7,-75638.1,17627.8,-96.37,0.935
R4854,pine,61601.1,-75619.9,16766,-105.27,0.875
R4855,pine,63155,-75676.9,15058.9,-238.02,1.102
R4856,pine,63593.4,-75409.3,14573,-230.85,0.814
R4857,pine,64704.2,-75246,14794.3,-14.97,0.875
R4858,pine,65583.7,-75431.5,14365.3,-213.07,0.919
R4859,pine,66032.6,-75519.8,14167.6,-139.51,0.978
R4860,pine,66408.3,-75925,14028.4,35.64,0.963
R4861,pine,67839.8,-75667.2,14315.7,-26.9,0.814
R4862,pine,68162.4,-75527.3,14738.3,-152.38,1.139
R4863,pine,69184.3,-75764.5,14701.6,19.53,1.121
R4864,pine,70099.8,-75924.6,14880.7,88.45,0.977
R4865,pine,70823.1,-75645.2,15079,-24.42,1.141
R4866,pine,71568.2,-75625.9,14284,7.75,1.06
R4867,pine,72037.7,-75308.7,14160.9,-96.23,1.185
R4868,pine,74725,-75204.3,14689.5,-4.62,1.205
R4869,pine,-75514.2,-74728,16891.7,-50.01,0.937
R4870,pine,-74716.7,-75082.2,17266.9,-175.66,1.136
R4871,pine,-74365.2,-74864.8,17158.5,-25.8,0.851
R4872,pine,-73545.5,-74431.5,16864.1,52.41,0.831
R4873,pine,-72079,-74508.8,16164.3,-10.64,0.948
R4874,pine,-71219.3,-74633.3,15479.8,56.77,1.177
R4875,pine,-71156.9,-74714.2,15291.7,40.61,1.158
R4876,pine,-70240.4,-74626.7,14089,8.64,1.14
R4877,pine,-69333.3,-75199.9,13129.1,-247.05,1.125
R4878,pine,-68574.5,-74669.4,13614.8,62.88,0.848
R4879,pine,-67614.4,-75010,14455.1,78.27,0.97
R4880,pine,-66849.3,-74831.8,15797.2,-206.42,1.058
R4881,pine,-52110.8,-74717.2,13532.2,49.45,0.968
R4882,pine,-49983.9,-74526.9,15536.8,-202.56,1.175
R4883,pine,-49442.3,-74596.3,15446.5,-35.61,0.953
R4884,pine,-48339.4,-74567.3,13785.5,-3.77,1.233
R4885,pine,-47348.3,-75150.8,14120,-187.99,0.944
R4886,pine,-46651.1,-74441.7,14258.3,-139.74,1.13
R4887,pine,-46210.1,-74920.5,13857.6,-180.77,0.964
R4888,pine,-45062.9,-74916,13436,-237.5,1.243
R4889,pine,-44751,-74725.9,13374.8,-93.62,1.023
R4890,pine,-43996.3,-74400.6,13138.9,-182.2,1.103
R4891,pine,-42778.9,-75099.8,13930.6,-60.84,1.199
R4892,pine,-41687,-74754.7,14799.6,-245.86,1.078
R4893,pine,-40988.5,-74990.9,14658.8,-92.91,1.038
R4894,pine,-40145,-74934.6,14181.2,-203.83,0.969
R4895,pine,-39642.2,-74842.4,14300,-85.46,0.803
R4896,pine,-38775.5,-74929.2,14568.8,-163.61,1.128
R4897,pine,-37648.7,-75183.1,15799.6,79.93,1.184
R4898,pine,-36858.7,-75128,16731.1,43.74,0.903
R4899,pine,-35597.7,-74765.2,15462.3,87.68,1.167
R4900,pine,-34681,-75011.8,14448.2,78.53,0.928
R4901,pine,-33782.5,-75091.6,13203.4,71.66,0.922
R4902,pine,-33455.6,-75143.1,12830.2,-78.14,1.028
R4903,pine,-32502.7,-74910.1,11982.3,52.45,0.921
R4904,pine,-29879.6,-74779.6,12440.3,-34.81,1.164
R4905,pine,-29538.2,-74485.1,12367,-90.99,0.987
R4906,pine,-27407.8,-74722.9,12176.9,-126.23,0.905
R4907,pine,-25263.7,-74655,12933.2,72.1,1.031
R4908,pine,-24309.9,-74726.2,12186.3,19.16,1.013
R4909,pine,-22670.6,-74898.2,10983.6,46.51,1.025
R4910,pine,-21267.4,-74656.6,10148.8,-265.22,1.221
R4911,pine,-19008.4,-74876.5,11313.9,-14.42,1.067
R4912,pine,-12909.3,-74426.2,13563.1,-25.31,0.835
R4913,pine,-12263.4,-74523.8,13756.1,21.65,1.05
R4914,pine,-11939.7,-75098.3,14302.6,60.57,1.173
R4915,pine,-2480.2,-74816.1,11250.7,-212.53,0.809
R4916,pine,-2212,-74490.3,11257.9,-186.8,0.936
R4917,pine,-1026.9,-74660.3,11388.2,-197.84,0.87
R4918,pine,-738,-74839.4,11757.5,52.7,1.104
R4919,pine,169.3,-75188.1,12494,-11.85,0.886
R4920,pine,1726.4,-74718.2,14157.5,0.97,0.861
R4921,pine,2408.7,-74763.7,14103.5,12.63,1.249
R4922,pine,3659.6,-74858.3,13021.1,-243.19,0.947
R4923,pine,4497,-75020.4,12420.8,-184.58,0.865
R4924,pine,4990.7,-74911.4,12433.7,-127.9,1.174
R4925,pine,6049.6,-75157.6,12701.6,-117.17,0.922
R4926,pine,6988.5,-74863.7,13413.3,-199.94,1.083
R4927,pine,7585.7,-74570.5,12683,-65.6,0.922
R4928,pine,8491,-74569.5,12718.4,-21.85,1.141
R4929,pine,9589.5,-74549.9,12510.5,-233.89,0.942
R4930,pine,10335,-74627.2,13062.5,-65.19,1.153
R4931,pine,10602.2,-74863.6,13044.6,-207.95,1.157
R4932,pine,11210.6,-74439.3,13814,-207.44,1.115
R4933,pine,12068,-74623.6,14800.7,-207.32,0.812
R4934,pine,14394,-74844.6,14853.5,-231.83,1.216
R4935,pine,15888.8,-74561.9,15011.6,-33.06,1.167
R4936,pine,18279.3,-74695.3,15373.9,88.62,0.951
R4937,pine,18565.1,-74404.4,15335.4,-28.94,0.965
R4938,pine,19450,-74822.5,15091,31.87,1.154
R4939,pine,20530,-74525.7,13708.3,84.29,1.117
R4940,pine,22342.8,-74472.1,13270.4,-38.87,1.191
R4941,pine,22940.1,-74819.6,13439.1,-24.67,1.134
R4942,pine,23257.7,-74489.5,13307,-16.79,0.909
R4943,pine,24179.2,-74450.4,12734.4,72.6,1.182
R4944,pine,25336.5,-74739.2,12140.4,88.23,0.942
R4945,pine,25663.8,-74873.1,12142.5,-78.47,0.934
R4946,pine,27157.1,-74683.5,12497.8,-154.46,0.889
R4947,pine,27982.1,-74906.8,12775.6,-98.01,0.932
R4948,pine,28560.4,-75141.2,13186.6,-135.66,0.932
R4949,pine,29393.6,-74579.4,14849.5,-9.75,1.19
R4950,pine,29811.9,-74825.5,15369.1,83.5,0.896
R4951,pine,30977,-75169,17556.2,-218.7,0.826
R4952,pine,31337.3,-75039.5,16908.9,-248.71,0.817
R4953,pine,32659.2,-75189.3,16172.7,-83.44,1.09
R4954,pine,33491.5,-75070.7,15416.3,-107.98,0.879
R4955,pine,34001,-74476.9,14963.3,-7.47,1.054
R4956,pine,34694.9,-74500.1,14763.9,-212.6,1.027
R4957,pine,35756.3,-75137.4,15658.3,-120.68,0.814
R4958,pine,36025.2,-75029.9,15055.5,-151.01,0.883
R4959,pine,38132.4,-74519.5,14023.1,15.14,0.81
R4960,pine,38625.1,-75102.6,14730.6,-223.03,0.985
R4961,pine,39812.5,-75149.5,13294.7,-230.11,0.978
R4962,pine,40744,-74707.1,12216.7,-133.16,0.81
R4963,pine,41556.6,-74630.8,12376.1,-175.3,1.186
R4964,pine,42291.1,-74994.3,12579.9,-136.95,0.978
R4965,pine,43186.7,-74859.6,11929,-0.49,0.905
R4966,pine,43711.5,-75002.6,11922,-255.96,1.193
R4967,pine,44775.9,-75134.9,12756.8,-200.88,1.127
R4968,pine,56583.7,-75086.7,12633.9,-240.96,1.175
R4969,pine,57285,-74435,12861.3,-163.98,0.938
R4970,pine,60374.2,-74444.5,15322.4,-227.8,0.821
R4971,pine,61161.6,-74440.6,14726.1,53.61,0.955
R4972,pine,61866.5,-75111.5,15517.3,-28.94,0.806
R4973,pine,62982.9,-74400.1,14210.4,-21.02,1.167
R4974,pine,63460.7,-74752.8,14471,-64.24,0.862
R4975,pine,64292.9,-75094.5,14690,27.65,0.914
R4976,pine,64834,-74413.1,14634.9,-43.28,1.151
R4977,pine,65794.3,-74480.3,14903,-266.79,1.024
R4978,pine,66793.8,-74462.6,15357.5,37.62,1.215
R4979,pine,67237.8,-74776.7,15035.3,7.4,1.217
R4980,pine,68346.2,-75110.5,14962,-122.32,0.895
R4981,pine,69212.2,-74680.2,15001.5,-255.19,0.907
R4982,pine,70180.4,-74948.8,14834.6,-114.56,1.039
R4983,pine,70642.8,-74461.3,15524.2,-45.04,1.025
R4984,pine,71676.3,-74913.2,14500.2,-95.13,0.995
R4985,pine,72353.1,-74510.8,14168.6,-217.92,1.035
R4986,pine,72883.8,-75196.7,14356.5,-14.17,0.986
R4987,pine,74049.7,-74930.7,14311.1,-21.83,1.003
R4988,pine,74681.7,-74603.4,15051.3,-187.43,1.161
R4989,pine,-75256.3,-73682.9,15950.7,-208.48,1.245
R4990,pine,-74917,-74379.6,17104.1,23.63,1.008
R4991,pine,-73344,-74172.7,16976.4,-154.58,1.205
R4992,pine,-72168.3,-73908.9,17587.3,-216.28,1.216
R4993,pine,-71584.4,-74144.3,16675.1,-28.23,1.196
R4994,pine,-70461.3,-73974.8,14253.1,-265.03,1.026
R4995,pine,-70218.1,-74365.3,14045.4,-234.71,1.23
R4996,pine,-69134.3,-74385.9,13249.8,-257.31,1.131
R4997,pine,-68200.3,-73760.8,14596.8,-263.94,1.177
R4998,pine,-67243.1,-74243.7,15258.8,24.2,0.918
R4999,pine,-66544.6,-73950.7,16606.7,-156.73,0.916
R5000,pine,-65864.8,-73802.6,17019.7,19.97,1.034
R5001,pine,-65483.9,-74176.2,17148.7,-136.52,0.962
R5002,pine,-52882.9,-74195.6,13010.3,-89.57,1.005
R5003,pine,-47202.4,-74187.2,13562.4,7.54,1.156
R5004,pine,-46585.8,-74181.1,14277.7,-144.78,1.127
R5005,pine,-45747.5,-73787.3,13444.1,-14.81,0.847
R5006,pine,-44846.2,-74021,13156.5,-43.95,1.175
R5007,pine,-44232.5,-74107,13094.3,-44.29,1.244
R5008,pine,-43330.8,-73857.5,13180.7,-18.82,1.033
R5009,pine,-42838.4,-74252.9,13822.9,-11.92,0.825
R5010,pine,-42206.7,-74151.9,14592.7,-260.11,0.831
R5011,pine,-41528,-74059.6,14273.1,-225.33,0.942
R5012,pine,-40644.5,-74367.2,13718.8,-165.53,1.053
R5013,pine,-38445.8,-73822,13211.2,-223.91,1.076
R5014,pine,-37479,-74374.1,13889,81.96,1.185
R5015,pine,-36764.9,-74309.6,14839.3,-269.98,0.888
R5016,pine,-34925.6,-74383.7,15432.8,24.96,0.931
R5017,pine,-34351.3,-73876.2,15058.5,84.28,1.167
R5018,pine,-33233.1,-73762.2,13514.4,-11.41,0.905
R5019,pine,-32654,-73833,12924.1,-209.99,1.107
R5020,pine,-31414.7,-73844.3,12542.9,73.55,1.08
R5021,pine,-30627.5,-74379.5,13203.9,-264.35,0.922
R5022,pine,-30078.4,-73800.4,13420.3,-91.44,0.811
R5023,pine,-28115.8,-73992.2,12705,21.26,0.975
R5024,pine,-27740.7,-74080.4,12975,-227.77,1.224
R5025,pine,-27127,-74182,13252.1,65.51,1.035
R5026,pine,-25795.8,-74072.7,13470.4,-92.21,1.158
R5027,pine,-25255.4,-73961,13155.8,-85.63,0.985
R5028,pine,-24131.6,-73671.6,12165.4,-250.61,1.03
R5029,pine,-23345.3,-73620,11489.1,-103.42,1.083
R5030,pine,-22704.2,-73692.9,11088.9,-237.92,1.13
R5031,pine,-22276.7,-74057.6,10416.5,-174.43,1.169
R5032,pine,-21170.1,-73953.1,10517.2,-78.06,0.823
R5033,pine,-20515.6,-73693,10536.1,77.87,1.004
R5034,pine,-19707,-74334,10867.9,-147.42,1.232
R5035,pine,-17707.3,-74262.1,11337,-88.52,0.909
R5036,pine,-13199.4,-74156.9,13461.1,-151.47,1.06
R5037,pine,-12698.2,-74375.3,13533.9,-73.62,0.874
R5038,pine,-11821.9,-74089.6,13430.1,63.07,0.989
R5039,pine,-456.1,-73742,10999.3,-131.99,1.011
R5040,pine,486.3,-73654,12275.2,-37.75,1.208
R5041,pine,1840,-73803.3,13564.4,80.73,0.834
R5042,pine,2987.4,-73662.6,14101.7,-64.56,1.076
R5043,pine,3770,-73673.2,13635.8,-56.3,1.107
R5044,pine,4432.7,-73760,13067.9,-18.13,1.137
R5045,pine,5517.4,-73649.5,12815.2,-263.23,1.088
R5046,pine,6000,-73622.7,13010.3,-216.62,1.071
R5047,pine,6623.3,-73717.4,12747.1,38.78,0.824
R5048,pine,7279.2,-73845.3,12746.8,-92.05,1.099
R5049,pine,8619.9,-74307.5,12365.6,-46.65,1.144
R5050,pine,9191.6,-73843,12055.9,-229.44,1.132
R5051,pine,9924.4,-74270.1,12516.9,25.95,1.144
R5052,pine,10483.2,-73869,12461.3,-230.55,0.984
R5053,pine,11988.1,-74259.1,14892.7,-135.78,0.913
R5054,pine,12684.4,-74087.3,15378.7,59.71,0.949
R5055,pine,12915.4,-73872.7,15550.1,-1.15,0.838
R5056,pine,17273.3,-73943.9,16139.8,-262.8,1.077
R5057,pine,20610.6,-73930.9,14013.7,-78.65,0.895
R5058,pine,21556.9,-73810.2,13383.5,-212.33,1.123
R5059,pine,22384.1,-74267.7,13348,27.25,0.825
R5060,pine,22964.8,-73675.5,13665.3,71.94,0.964
R5061,pine,23432.7,-73652.1,13248,-178.41,1.039
R5062,pine,24031.2,-74233.6,12832.6,-57.1,0.869
R5063,pine,25001.9,-73790.8,12258.7,56.78,1.01
R5064,pine,26733.5,-73831.9,12785.9,-137.77,1.248
R5065,pine,27342.4,-74058.7,12971.3,-208.03,1.039
R5066,pine,28715.9,-73625.6,15526.9,52.74,1.237
R5067,pine,29544.9,-73653,16441.4,-119.67,0.955
R5068,pine,30013.6,-74308.9,16590.8,-25.1,1.165
R5069,pine,30822.3,-73785.8,16341.2,-168.32,1.197
R5070,pine,32118.2,-73993.2,14835.8,-117.88,1.185
R5071,pine,33255.1,-73914,14397.6,-218.26,1.062
R5072,pine,35016.6,-74106.8,13952.8,45.71,0.923
R5073,pine,37243.2,-73671.3,13660,-194.57,1.055
R5074,pine,37714.8,-73953.4,13767.1,61.35,1.033
R5075,pine,38840.6,-74338.8,13474,-172.31,0.929
R5076,pine,40463.9,-74004,11722.1,-241.55,1.134
R5077,pine,41197.9,-73798.4,11626.5,-213,0.845
R5078,pine,41773.3,-73912.8,11501.8,-45.86,1.032
R5079,pine,43173.8,-73613.8,11701.1,-77.4,0.961
R5080,pine,43872.7,-74090.6,11848.6,-16.19,1.088
R5081,pine,44155.6,-74173.8,11946.6,-201.14,1.104
R5082,pine,56626.6,-74067.8,12666.6,-142.99,0.962
R5083,pine,57192.6,-73745,13500,-252.28,1.007
R5084,pine,58339.3,-74148.4,14947.7,54.86,0.924
R5085,pine,58486,-73658.1,15781.2,-111.66,1.165
R5086,pine,59815.5,-74093.6,15110.5,45.16,0.888
R5087,pine,60680.5,-73690.2,13547.2,56.09,1.217
R5088,pine,60838.9,-73746.9,13601.4,80.81,0.823
R5089,pine,62170,-74140.1,13719.9,-41.21,1.23
R5090,pine,62621.8,-73824.6,13406.5,-122.98,1.179
R5091,pine,63312.7,-74399,14239.3,-110.36,0.935
R5092,pine,64386.4,-74345.8,14659.7,-161.02,0.884
R5093,pine,65492,-73682,14693.2,-119.93,0.911
R5094,pine,66355.3,-73903.8,15423.7,-214.14,0.88
R5095,pine,66957.1,-73687.2,14386.2,-18.19,1.199
R5096,pine,67982,-74112.7,14738.1,-162.67,1.167
R5097,pine,68114.9,-73906.3,14423,-164.2,1.134
R5098,pine,68971.6,-73747.1,14695.6,-59.92,1.049
R5099,pine,69824.7,-73992.4,15695.1,-195.97,0.989
R5100,pine,70876.2,-74278.8,15588,13.14,1.156
R5101,pine,71443.5,-74003.5,15057.8,-154.62,1.213
R5102,pine,72561.1,-73998.7,14413.1,88.74,1.153
R5103,pine,73460.1,-74320,14877,-258.64,1.036
R5104,pine,74083.6,-73745.6,14837.5,-181.62,1.203
R5105,pine,74887.8,-74102.8,14446.2,66.51,0.823
R5106,pine,75260.6,-74238.9,14210.1,-51.39,1.194
R5107,pine,-77684.2,-73504.2,15389.5,67.95,0.889
R5108,pine,-75327.8,-73068.1,14635,-255.65,1.208
R5109,pine,-74843.7,-73433,15375,71.7,0.841
R5110,pine,-74267.6,-73508.6,16155.6,-16.48,1.193
R5111,pine,-72315.4,-73174.5,17071.5,-114.33,0.912
R5112,pine,-71236.3,-72935.1,14957.5,-197.33,1.029
R5113,pine,-71192.5,-73424.6,15273.8,-171.06,1.025
R5114,pine,-70252.7,-73328.7,13965,-224.95,0.926
R5115,pine,-69024.7,-72802.2,14301.2,-131.22,0.934
R5116,pine,-68196.2,-72938.3,14362.3,-102.23,1.123
R5117,pine,-67718.1,-72838.8,14502.1,89.9,1.21
R5118,pine,-67010.7,-73483.2,15662,15.51,1.004
R5119,pine,-66381.7,-72881.1,15821.9,-138.88,0.965
R5120,pine,-65355.9,-73591.5,16778.6,-110.96,1.155
R5121,pine,-64000.1,-73014.5,15557.3,-220.65,1.042
R5122,pine,-60318.4,-73144.6,11829.7,-193.62,0.897
R5123,pine,-58619.3,-73450.9,12702.9,-136.26,0.974
R5124,pine,-54029,-73569.8,12973,-56.29,0.822
R5125,pine,-50197.8,-73191.9,14369.2,-79.8,1.138
R5126,pine,-49437.9,-73013.7,13421.1,-45.58,1.034
R5127,pine,-48077.6,-73199.3,12587,-198.58,1.071
R5128,pine,-47356.1,-73258.4,12687.5,-43.01,1
R5129,pine,-46466.5,-73192.9,13220.2,-140.79,0.813
R5130,pine,-45831.6,-72972.7,13390.8,-136.18,0.836
R5131,pine,-45378.9,-73134.1,13015.1,42.86,1.216
R5132,pine,-44108.5,-72974.9,11982.3,-160.62,0.806
R5133,pine,-43415.4,-73499.2,12994.2,-191.99,0.874
R5134,pine,-42776.6,-73202.4,12495,-220.4,0.965
R5135,pine,-42159.5,-73448.1,13265.1,9.25,0.845
R5136,pine,-41544.6,-73339,13584.7,63.16,0.97
R5137,pine,-40478,-73561.7,12766,-45.78,1.225
R5138,pine,-39421.6,-73544.4,12395.1,-76.42,1.004
R5139,pine,-37721.9,-73202.8,12069.3,-157.97,1.086
R5140,pine,-36935.6,-73044.4,12797,-13.47,0.992
R5141,pine,-36354.2,-73196.1,14668.1,-245.14,0.973
R5142,pine,-35862.1,-72936.6,14878.2,-242.75,0.887
R5143,pine,-33669,-73487.9,14178.6,-124.04,0.959
R5144,pine,-33243.4,-73441.7,13666,-56.55,1.189
R5145,pine,-31328.9,-73118.6,12483.3,55.71,1.234
R5146,pine,-30890,-72922.8,12402.1,-208.14,0.974
R5147,pine,-29671.3,-73561.7,13136.2,3.8,1.163
R5148,pine,-29412.5,-72956.6,12536.6,-189.51,1.028
R5149,pine,-26551,-72958,13522.4,31.83,1.115
R5150,pine,-25836.4,-73305.6,13606,-191.03,0.917
R5151,pine,-24301.8,-73174,12532.1,-80.76,0.905
R5152,pine,-23926.7,-73290.9,12017.9,-52.67,1.182
R5153,pine,-22700.4,-72874.9,11255.2,-224.63,0.823
R5154,pine,-22196.6,-72877.9,11376,34.19,0.941
R5155,pine,-21046.6,-73067.5,10577.1,57.38,1.116
R5156,pine,-20592.8,-72952.4,10893.7,-97.78,1.227
R5157,pine,-19449.2,-73085.6,11429.2,-138.68,0.936
R5158,pine,-18663.6,-73431.9,11556.2,-93.26,1.107
R5159,pine,-17592.9,-73531.7,11605.2,-120.99,0.813
R5160,pine,-14875.4,-73233.7,12939.4,-93.59,1.035
R5161,pine,-13739.3,-72996.1,13059.8,-142.57,0.882
R5162,pine,-13547.9,-73234.4,12929.4,-230,0.853
R5163,pine,-12110,-73403.1,12900.7,-147.19,1.118
R5164,pine,-11431.4,-73078.5,12917.2,25.97,0.885
R5165,pine,-10413.3,-73548.2,12841.6,56.71,1.026
R5166,pine,-8007.1,-73153.2,11456.1,52.14,1.124
R5167,pine,-7868.3,-72935.9,11410.7,82.11,1.182
R5168,pine,-1830.2,-73566.7,10581.3,63.92,0.815
R5169,pine,-1184.8,-73326.8,10608.9,-34.87,1.146
R5170,pine,-471.7,-72808.8,10656.1,-196.06,1.12
R5171,pine,2032.8,-73052.3,13192.4,-199,0.892
R5172,pine,2459.1,-73437.4,13674.6,43.93,0.896
R5173,pine,3579.1,-72985.3,13673.1,-199.63,1.107
R5174,pine,4644.8,-73433.4,13410.7,28.67,0.847
R5175,pine,4916.2,-73101.5,13396,-83.77,0.972
R5176,pine,6261.5,-73538.5,13001.9,-77.45,0.987
R5177,pine,7023.7,-73003.2,12448.3,-162.49,0.976
R5178,pine,7927.7,-73562.5,12426.4,-47.04,0.969
R5179,pine,8414.8,-73016.4,11493.5,-14.52,1.002
R5180,pine,9492.6,-73259.6,11719,-74.4,1.248
R5181,pine,10379.4,-73168.7,12294.2,-215.91,1.194
R5182,pine,11131.6,-73239.7,13661.3,32.85,1.109
R5183,pine,11320.5,-73430.6,13946.3,-86.31,0.898
R5184,pine,12140.4,-73278.9,15342.2,-35.12,0.983
R5185,pine,13534.3,-73202.6,15445.6,-224.43,1.126
R5186,pine,14335.3,-72882.8,14560.1,15.18,0.904
R5187,pine,14567.3,-72805.7,14153,-56.3,0.993
R5188,pine,15405.4,-73128.3,14498.7,-127.51,1.067
R5189,pine,16719.1,-73026.2,15269.8,-55.02,0.975
R5190,pine,17567.9,-73567.8,16038.6,-268.4,0.842
R5191,pine,17672.9,-72953.4,15698.1,-191.94,1.177
R5192,pine,18546.7,-73202.3,15968.5,-48.27,1.017
R5193,pine,20052,-72857.9,14546.9,-169.8,1.028
R5194,pine,21882.1,-72879.8,14273.6,-119.57,1.107
R5195,pine,22623.3,-73576.8,13845.5,-135.58,0.912
R5196,pine,23946.4,-73598.8,12849.7,43.87,0.937
R5197,pine,24679.4,-73488.9,12364.9,10.65,0.899
R5198,pine,25211.2,-73012,12144.3,-150.63,1.229
R5199,pine,25713.1,-73415.1,12567.9,33.32,1.216
R5200,pine,27012.3,-72920.2,13081.3,-190.69,0.97
R5201,pine,27884.8,-73143.2,14833.4,15.09,1.204
R5202,pine,28117.1,-73198.4,15221.2,-181.16,0.96
R5203,pine,28942.8,-73158.3,16595.8,-113.85,1.166
R5204,pine,31013.2,-73361,15425.1,30.63,0.855
R5205,pine,31810,-73078.5,14006.9,76.61,0.938
R5206,pine,32233.8,-73489.3,14094.6,-110.96,1.209
R5207,pine,34115,-73064.3,13416.9,20.38,0.99
R5208,pine,36037.7,-72837.1,13208.5,-113.75,0.836
R5209,pine,38312.9,-73380.6,12528.8,-120.72,1.033
R5210,pine,38586.9,-72969.4,12290.2,87.44,0.985
R5211,pine,39963.5,-73463.4,11711.9,-64.05,0.848
R5212,pine,40303,-73296.4,11507.6,-17.29,0.905
R5213,pine,41566.4,-73020.8,10267.4,-17.85,1.233
R5214,pine,41708.3,-73276.8,10592.3,-60.02,1.193
R5215,pine,42561.3,-73570.9,11355.1,-93.62,1.116
R5216,pine,44348.3,-73235.7,12233.2,9.4,0.96
R5217,pine,58166.3,-73571.5,15158,22.23,0.99
R5218,pine,58648.3,-73015.1,14904.7,-201.44,1.138
R5219,pine,59228.5,-73099.8,14562.3,-185.07,0.946
R5220,pine,60749.1,-73391.7,13195,-21.85,0.919
R5221,pine,61040.8,-73377.4,12944.2,23.94,1.01
R5222,pine,61641.8,-73233.7,12954.7,50.74,0.933
R5223,pine,62589.6,-72827.6,12813.8,-138.71,0.807
R5224,pine,63544.3,-72932.1,13222.9,-86.24,1.179
R5225,pine,64655.9,-72957.4,13745.3,-221.96,1.034
R5226,pine,65557.6,-72858.6,14498.1,-220.23,1.077
R5227,pine,66296.1,-72956.1,13923,87.51,0.994
R5228,pine,66500.4,-73371,14400.4,-113.12,1.001
R5229,pine,67201.5,-73255.3,13414.4,-36.55,1.017
R5230,pine,68773,-73233,14025.2,-163.38,1.234
R5231,pine,69129.2,-73073,14273.1,-253.78,0.808
R5232,pine,70289.6,-73478,15451.8,-186.89,1.171
R5233,pine,70560.6,-73310.2,15745.5,-29.54,1.033
R5234,pine,71285,-73101.9,15733.7,-5.32,1.189
R5235,pine,72119.2,-72931,15171.2,-115.34,0.933
R5236,pine,73109.6,-72973.9,15201.6,-226,1.002
R5237,pine,74790.3,-72804.2,13480.4,-179.56,1.074
R5238,pine,75538.6,-73298.2,13512.8,16.42,1.162
R5239,pine,-75731.5,-72505,14336.1,-39.02,0.821
R5240,pine,-74459.3,-72550.4,14557.4,45.24,1.235
R5241,pine,-74242.6,-72453.4,14789,-112.4,0.905
R5242,pine,-73067.7,-72268.7,16038.9,52.62,0.909
R5243,pine,-72368.4,-72592.9,16212.4,22.54,0.956
R5244,pine,-71202.6,-72172.3,13932.8,-200.42,0.827
R5245,pine,-70054.6,-72635.9,13502.1,33.64,0.898
R5246,pine,-69196.9,-72194.5,14077.9,-213.97,1.157
R5247,pine,-68258.9,-72156.8,14389.1,67.77,0.895
R5248,pine,-67686.2,-72097.8,15088.3,-168.75,1.089
R5249,pine,-66120.4,-72582.5,16195.8,18.92,1.147
R5250,pine,-61941.6,-72523.1,13270.6,88.75,0.833
R5251,pine,-49894.9,-72437.5,13727.9,-183.55,1.068
R5252,pine,-48822.8,-72343.6,12076,-55.62,0.938
R5253,pine,-48270.9,-72204.2,11706.5,-13.05,1.039
R5254,pine,-47923.2,-72770.5,12281.2,-6.29,1.091
R5255,pine,-46884,-72539.7,12258.2,-45.94,1.17
R5256,pine,-45733.1,-72393.1,12834.5,-229.14,1.143
R5257,pine,-45311.7,-72516.7,12205.7,-203.01,1.098
R5258,pine,-44749.8,-72252.9,11426.2,-71.92,0.825
R5259,pine,-43781,-72424.8,11166.5,-136.55,1.07
R5260,pine,-42885.1,-72401.4,11429.8,-37.86,1.151
R5261,pine,-42304.1,-72318.4,11851,56.17,0.858
R5262,pine,-41101.9,-72545.9,13156.6,-267.54,1.134
R5263,pine,-40406,-72790.3,12405.3,-176.58,1.151
R5264,pine,-39869.5,-72200.4,11458.4,28.31,1.018
R5265,pine,-36538.3,-72579.5,13432,-99.04,0.871
R5266,pine,-35193.9,-72321.4,15208,-245.3,1.132
R5267,pine,-33745.1,-72699,14961.3,-116.2,1.129
R5268,pine,-32894.7,-72369.7,14190.5,-134.42,0.846
R5269,pine,-32331.3,-72505.2,13551.7,-11.94,1.159
R5270,pine,-31550.9,-72436,13151,36.64,1.21
R5271,pine,-30659.2,-72665,12457.3,-130.24,1.137
R5272,pine,-30239.2,-72601.7,12398.6,-24.88,1.042
R5273,pine,-29549.2,-72109.2,12243.9,89.06,1.01
R5274,pine,-28488.7,-72779.9,12207.8,73.71,1.228
R5275,pine,-27866,-72018.1,12670,-71.95,1.074
R5276,pine,-27107.4,-72107.8,13416.4,-2.83,1.247
R5277,pine,-25440.1,-72599.6,14293.4,-219.42,1.127
R5278,pine,-24776.8,-72093.4,13428.6,-212.98,1.066
R5279,pine,-23244.6,-72089.1,11379.2,-144.89,1.189
R5280,pine,-22949.9,-72342.3,11055.9,-259.75,0.897
R5281,pine,-21653.2,-72589.9,11049.2,-259.72,0.802
R5282,pine,-21512,-72475.5,11173.5,5.85,0.926
R5283,pine,-20442.3,-72601.7,11195.8,-205.08,0.871
R5284,pine,-19366.7,-72088.5,12312.6,-104.82,0.846
R5285,pine,-18624.9,-72709.3,11640.4,-47.44,1.054
R5286,pine,-17751.3,-72247.1,12440.8,44.01,0.884
R5287,pine,-15514.2,-72534.8,13126.5,-30.15,1.03
R5288,pine,-14551.7,-72737.2,13031.5,-88.98,1.119
R5289,pine,-13819.1,-72407.4,13033.9,-240.55,0.947
R5290,pine,-13515.9,-72522.1,12711.2,-62.93,0.899
R5291,pine,-12399,-72156.8,12556.5,-69.03,0.909
R5292,pine,-11733.7,-72503.7,13111.5,-98.26,1.23
R5293,pine,-11164.2,-72291.9,12461.2,-245.45,1.214
R5294,pine,-9636.4,-72011.1,12102.9,-21.36,0.98
R5295,pine,-1837,-72766,10484.3,-190.18,1.085
R5296,pine,449.6,-72668.8,11688.3,-107.85,0.945
R5297,pine,2308.4,-72612.1,12852.1,60.19,0.862
R5298,pine,2575.9,-72681.1,13063.4,-154.85,0.945
R5299,pine,3758.2,-72636.3,13777.6,-159.39,0.851
R5300,pine,4469.5,-72116.7,12578.8,65.64,1.181
R5301,pine,5242.5,-72548.7,12853.7,-39.18,1.04
R5302,pine,5774.5,-72599.8,12190.8,-75.39,1.065
R5303,pine,6824.7,-72516.2,11593,26.2,1.217
R5304,pine,7522,-72570.3,11433.6,-150.6,1.098
R5305,pine,8198.5,-72016.8,11161.3,-260.17,0.984
R5306,pine,9437,-72783,11684.4,-174.39,1.191
R5307,pine,10247.3,-72282.1,12424.2,-35.31,0.828
R5308,pine,10851.3,-72554,13187.1,-230.52,1.087
R5309,pine,11336.4,-72055.2,12997.2,17.79,1.169
R5310,pine,12354.2,-72142.4,14109.8,-160.4,0.831
R5311,pine,13239.7,-72379,15080.2,9.77,0.97
R5312,pine,14088.7,-72483.9,14279.5,-37.42,0.837
R5313,pine,16235,-72232.6,14237.3,-257.97,1.027
R5314,pine,17862,-72339,15979.2,-250.89,0.822
R5315,pine,18763.7,-72486.8,16266.6,58.16,0.819
R5316,pine,19835,-72724.7,15075,-41.23,1.176
R5317,pine,20667.7,-72147.8,15281.5,-205.99,0.973
R5318,pine,20917.7,-72390.3,14702,-61.62,1.178
R5319,pine,22124.6,-72715.7,14299.2,-267.7,0.961
R5320,pine,22462.8,-72740.2,14215.2,-241.82,1.05
R5321,pine,23786.5,-72046.5,13459.3,-134.97,0.855
R5322,pine,24216.5,-72328.5,13025.9,-91.75,1.066
R5323,pine,25110.5,-72441.3,12093.7,-164.06,0.872
R5324,pine,25914.2,-72530.6,12513.2,-181.34,0.826
R5325,pine,27523.1,-72651.8,14375.6,-157.23,0.972
R5326,pine,28785.2,-72562.9,16719.4,-267.35,0.937
R5327,pine,29297.8,-72734.4,16111.6,-100.9,1.214
R5328,pine,29795.7,-72332,14429.3,-68.88,0.913
R5329,pine,30611,-72708.9,14324.5,-56.21,0.893
R5330,pine,31242.1,-72582.5,14104.8,-85.83,0.841
R5331,pine,32606.3,-72545.4,13349.9,-204.42,0.87
R5332,pine,33817.8,-72572.9,13291.8,-64.03,1.117
R5333,pine,35441.4,-72647.8,12809.1,-181.54,0.802
R5334,pine,38288.6,-72666.1,12389.2,77.86,0.842
R5335,pine,38801.8,-72246.5,12092.6,45.89,1.218
R5336,pine,39284.4,-72473.5,12047.9,85.18,0.999
R5337,pine,41590.7,-72646.3,10079.1,-79.67,1.096
R5338,pine,42398.2,-72398,10249.4,-215.71,0.842
R5339,pine,42708,-72124.8,10441.4,-58.05,1.198
R5340,pine,43819.8,-72255.1,10973.4,40.72,1.088
R5341,pine,45785.1,-72430.3,13881.9,-145.88,1.061
R5342,pine,46439.8,-72323.3,14023.5,-28.09,1.235
R5343,pine,57042.1,-72623.9,15304.5,-168.13,1.232
R5344,pine,58206.1,-72064.6,14365.6,53.45,0.82
R5345,pine,58544.9,-72321.1,14260.9,-237.35,1.184
R5346,pine,59423.8,-72285.3,13324.6,-30.68,1.03
R5347,pine,60286.1,-72253.5,12449.6,-2.38,0.939
R5348,pine,61187.6,-72208.9,12464.7,-49.76,0.899
R5349,pine,61925.6,-72257.5,12387.5,-74.31,0.948
R5350,pine,63094.8,-72273.6,12924.5,-22.83,1.021
R5351,pine,63649.1,-72795.5,13234.5,-143.75,0.885
R5352,pine,64759.6,-72227.5,13954.6,0.88,0.949
R5353,pine,65375.9,-72619.8,14312.3,-97.65,0.818
R5354,pine,66176.2,-72002.1,13064,0.53,0.971
R5355,pine,66411.3,-72771.8,13700.1,-154.51,1.228
R5356,pine,67475,-72644.7,13243.4,-77.09,0.95
R5357,pine,68089,-72563,13304.3,72.29,1.145
R5358,pine,69481.5,-72759.6,14547.1,-156.9,0.953
R5359,pine,70327.1,-72468.8,14981.1,-84.24,0.869
R5360,pine,71093.7,-72759.8,15734.4,-91.99,0.914
R5361,pine,71507.1,-72727.4,15507.9,-81.81,1.197
R5362,pine,72971.9,-72631.4,15002,-203.67,1.039
R5363,pine,74354.4,-72218.3,13306.8,-208.23,1.227
R5364,pine,75828.3,-72103.3,12227.1,-237.3,1.013
R5365,pine,-75142.7,-71694.6,14167.4,-72.43,1.131
R5366,pine,-74327.7,-71566,14727,-230.55,0.803
R5367,pine,-72730.7,-71712.6,14754.1,-72.98,1.24
R5368,pine,-71747.8,-71944.8,14994.2,17.61,0.897
R5369,pine,-70499.8,-71483.7,13127.2,-136.09,0.9
R5370,pine,-70135.9,-71748.1,13212.2,-28.78,0.866
R5371,pine,-69048.8,-71856.8,13976.8,-19.33,0.834
R5372,pine,-68199.9,-71573.3,14969,82.26,1.192
R5373,pine,-66173,-71636.1,16372.4,-262.89,0.917
R5374,pine,-64769.8,-71584,16141.2,-83.59,0.94
R5375,pine,-63590.1,-71326.1,14143.6,-229.59,1.036
R5376,pine,-60793,-71902.4,13180.8,-225.57,1.1
R5377,pine,-50868.7,-71610.4,12989.2,-253.86,1.227
R5378,pine,-48655,-71610.9,11468.1,-105.19,1.025
R5379,pine,-47751,-71851.9,11168.3,-71.07,1.24
R5380,pine,-47160.2,-71807.7,11263,64.22,0.834
R5381,pine,-45913.7,-71518,11679.2,-73.09,1.031
R5382,pine,-44826.8,-71706.4,11153.5,-240.82,0.907
R5383,pine,-44461.9,-71484,11117.6,12.55,0.862
R5384,pine,-43771,-71224.4,11121.4,89.25,1.084
R5385,pine,-42881.7,-71664.2,11343.4,-21.97,1.143
R5386,pine,-41843.9,-71370,12149.4,-14.02,1.132
R5387,pine,-41209.1,-71346.9,13155.7,-84.98,0.839
R5388,pine,-40150.5,-71465.2,12059,37.95,1.197
R5389,pine,-39957.3,-71252.5,12156.8,-94.83,0.807
R5390,pine,-38745.8,-71315.8,11915.6,70.42,1.2
R5391,pine,-37610.2,-71909.1,11983.2,-263.92,0.833
R5392,pine,-36809.7,-71626,12359.3,-155.84,1.239
R5393,pine,-36102.6,-71682,13269.1,-220.81,1.082
R5394,pine,-35324.4,-71583.2,14486.7,-226.24,1.132
R5395,pine,-34686.1,-71723.5,15228.9,-159.24,0.941
R5396,pine,-34388,-71697.3,15315.6,48.61,0.925
R5397,pine,-30497.5,-71501.3,12425.9,83.2,1.083
R5398,pine,-29863.2,-71590.5,12375,-201.01,1.164
R5399,pine,-27542,-71351.3,13337.8,-57.35,0.981
R5400,pine,-27101.8,-71284.9,14243.2,29.97,0.838
R5401,pine,-25777.3,-71734.5,13657.7,-238.18,1.093
R5402,pine,-24117,-71883.9,12092.7,-249.78,1.169
R5403,pine,-23979.7,-71259,12164.5,-106.02,1.243
R5404,pine,-23169.8,-71835.4,11571.1,-214.78,0.821
R5405,pine,-22105.2,-71956.6,11635,-225.5,1.145
R5406,pine,-21090.9,-71303.1,12349.9,-169.27,1.09
R5407,pine,-20759.9,-71798.7,12080.8,-27.41,1.221
R5408,pine,-19793.3,-71939.6,12310.6,-89.16,0.999
R5409,pine,-19156.9,-71574.1,12224.7,-37.07,0.803
R5410,pine,-12931.9,-71833.6,12503.6,-124.53,0.886
R5411,pine,-12015.7,-71631.5,12357.9,-13.95,1.189
R5412,pine,-11889.6,-71752.7,12579.2,24.83,0.913
R5413,pine,-10672.4,-71794.9,12154.5,-51.69,0.822
R5414,pine,-9609.3,-71343.4,12440,67.35,1.046
R5415,pine,-8388.3,-71350.6,12338.9,-182.67,1.125
R5416,pine,-1854.2,-71770.9,10192.9,-34.94,1.129
R5417,pine,-1183.5,-71561.7,10024,-29.79,0.878
R5418,pine,1828.1,-71641.3,12650.3,75.75,0.97
R5419,pine,2411.3,-71915.8,12895,-49.56,0.967
R5420,pine,3457.4,-71827.6,12420.2,-248.41,1.023
R5421,pine,4774.8,-71214.4,11870.8,-143.99,1.024
R5422,pine,5348.9,-71490.2,11600.6,81.24,1.162
R5423,pine,6103.7,-71901.4,11485,-265.53,1.176
R5424,pine,6629.6,-71920.9,11226.6,57.68,0.829
R5425,pine,7954.8,-71226.8,10840.6,-102.53,1.174
R5426,pine,8151.4,-71597.8,11096.9,-24.71,1.036
R5427,pine,9361,-71661.3,11480.2,39.59,1.145
R5428,pine,9950.7,-71828.2,12137.4,-259.34,0.857
R5429,pine,10687.1,-71916.6,12466.3,-255.93,0.965
R5430,pine,11235.3,-71474.7,12369.8,-65.25,0.88
R5431,pine,12263.3,-71893,13387.8,-162.6,0.879
R5432,pine,16771.8,-71438.2,14046.9,51.39,0.845
R5433,pine,18358.8,-71561.1,14509.5,-161.24,1.179
R5434,pine,19405.8,-71471.2,15152.6,-251.82,0.928
R5435,pine,21176.9,-71216.6,15934.3,-100.25,0.939
R5436,pine,21887.3,-71903.3,15221.2,-228.36,1.236
R5437,pine,22521.2,-71529.4,15768.4,58.27,0.812
R5438,pine,23809,-71299.1,14609.8,-122.49,0.845
R5439,pine,24504.6,-71919.8,13099,-7.08,1.099
R5440,pine,25212,-71494.8,13175.5,46.79,1.168
R5441,pine,25632.1,-71911,12651.1,-37.35,0.982
R5442,pine,26950.3,-71670,13724.4,-160.85,1.169
R5443,pine,27367.8,-71521.9,13951.1,-33.6,1.232
R5444,pine,28146.3,-71438.8,13720.7,-67.41,0.937
R5445,pine,28963.8,-71318.3,13742.5,-53.03,1.135
R5446,pine,29976.8,-71202.9,13421.5,-122.29,1.137
R5447,pine,30920.6,-71462.2,12591.6,-235.85,0.836
R5448,pine,31694.2,-71445.2,12266.9,-59.61,1.09
R5449,pine,36987.5,-71505.5,13085.5,-94.84,1.167
R5450,pine,39013.2,-71287.1,11250,-55.69,0.919
R5451,pine,39391.2,-71614.5,11255.8,37.69,1.092
R5452,pine,40383,-71534.2,10288.8,-248.9,0.869
R5453,pine,41107.4,-71739.3,9839,72.16,1.048
R5454,pine,41627.2,-71294.2,10094.5,-264.62,0.801
R5455,pine,42642.8,-71925.5,10454.7,-62.95,0.952
R5456,pine,43254.5,-71835.5,10192.5,-25.65,1.146
R5457,pine,45184.8,-71465.2,12213.2,-73.01,0.882
R5458,pine,46043.5,-71495.9,13180.7,-234.75,0.906
R5459,pine,47045.6,-71518,13448.1,-95.16,1.14
R5460,pine,57611.2,-71404.9,14705.7,-257.58,0.913
R5461,pine,58880.1,-71761.6,13206.6,8.26,0.811
R5462,pine,59236.6,-71910.7,13202.5,24.86,1.095
R5463,pine,60199.2,-71932.2,12243.3,-158.9,1.169
R5464,pine,60961,-71841.6,12322.1,-13.9,1.074
R5465,pine,61635.8,-71467.4,11618.5,-7.74,1.048
R5466,pine,62652.5,-71859.7,12041,-221.33,0.978
R5467,pine,63983.9,-71265.6,12849.2,42.33,0.896
R5468,pine,64505.5,-71616,13402,-202.32,0.989
R5469,pine,65026.7,-71941.8,13868.5,-248.12,0.947
R5470,pine,65979,-71264.9,12237.3,-14.41,0.833
R5471,pine,67140,-71933.5,12523.1,-207.75,1.239
R5472,pine,67510.4,-71602,12486.7,55.87,1.001
R5473,pine,68168.4,-71357.5,12488.4,-20.34,1.109
R5474,pine,69314,-71875.3,13874.4,24.16,0.863
R5475,pine,70389,-71829.1,14514.6,-29.92,0.957
R5476,pine,70560.9,-71508.1,14259.2,57.3,0.846
R5477,pine,71226.8,-71215.1,13997.2,-79.35,1.227
R5478,pine,73388.4,-71213.7,11367.9,-73.8,1.059
R5479,pine,74096.9,-71226.6,11564.6,54.89,1.177
R5480,pine,74541.5,-71984.9,13156.5,-164.84,0.882
R5481,pine,-73100.2,-70776.8,13503.4,-139.7,1.032
R5482,pine,-72678.9,-70483.3,13595.8,-256.94,0.959
R5483,pine,-71403.6,-70602.6,13538.4,-179.24,0.849
R5484,pine,-70712.2,-71031.4,13315.5,49.17,0.814
R5485,pine,-70082.9,-71159.1,12904.7,-105.18,1.049
R5486,pine,-69069.7,-70673.5,14023,52.62,1.1
R5487,pine,-68752.1,-70764.1,14309.6,-117.59,1.134
R5488,pine,-67652.7,-70876.8,15280.4,-202.24,1.077
R5489,pine,-61363.5,-70413.9,13229.7,-199.23,1.245
R5490,pine,-48447.9,-70743.3,10563.8,-237.64,0.993
R5491,pine,-47754.3,-70601.5,10159.9,-189.8,1.191
R5492,pine,-46808.1,-70868.4,10528.7,-116.17,1.056
R5493,pine,-46152.7,-70520.9,10947,-191.01,0.886
R5494,pine,-44965.2,-70933.1,11117,11.91,1.135
R5495,pine,-44498.4,-70826.8,10748.5,-78.91,0.89
R5496,pine,-43720.3,-70733.8,10797.1,-102.11,0.934
R5497,pine,-42575.6,-71162.5,11230.4,-144.51,1.175
R5498,pine,-41746.7,-70569.8,12007.4,29.97,0.809
R5499,pine,-41592.8,-70762.7,12332.6,23.66,1.245
R5500,pine,-40477.6,-70415.7,12923.3,-30.7,0.857
R5501,pine,-39351.2,-70908,12471.7,38.03,1.228
R5502,pine,-38635.3,-70704.1,12499.4,-228.48,0.884
R5503,pine,-37887,-70566.5,11966,19.96,0.844
R5504,pine,-37422.2,-70424.8,12190.4,-42.74,0.842
R5505,pine,-36057,-71160.4,13349.4,-133.91,1.202
R5506,pine,-35639.4,-70427.5,14411.2,-226.2,1.109
R5507,pine,-34883.5,-70698.8,14890.2,34.67,0.898
R5508,pine,-34178.6,-70563.7,14952.6,-95.33,0.946
R5509,pine,-33031,-71059.7,14745.7,45.67,1.03
R5510,pine,-32189.2,-70556.8,14138.9,39.73,1.129
R5511,pine,-31659.3,-70987.6,13708.2,-153.91,1.217
R5512,pine,-30400.3,-70402.9,11979.2,-104.87,0.939
R5513,pine,-30220.9,-71011.2,11968.6,-50.95,0.927
R5514,pine,-29142.3,-71178,12067.8,39.1,0.937
R5515,pine,-28441.5,-70901,12456.7,-64.66,0.963
R5516,pine,-27547.4,-70747.3,13833.3,-146.32,1.111
R5517,pine,-26739,-71024.8,13788.9,-230.56,1.182
R5518,pine,-25635.9,-70461.8,12745.5,-15.28,1.049
R5519,pine,-24687.8,-70806.7,12899.1,-142.77,1.049
R5520,pine,-23653.5,-71152.4,12109.4,-147.44,1.037
R5521,pine,-22918.2,-70981.2,11708.5,-197.2,0.881
R5522,pine,-21704.1,-70923.7,11852.8,61.43,1.104
R5523,pine,-21073.5,-70727.4,12106,14.14,1.117
R5524,pine,-20316.6,-70897.6,12385.7,-195.25,0.882
R5525,pine,-19587,-70866.4,12216.1,-173.67,0.87
R5526,pine,-19186.1,-70670.3,12510.6,-122.15,1.231
R5527,pine,-17667.3,-71085.5,13714.9,51.35,1.067
R5528,pine,-13640.2,-70512.2,12727.5,-61,1.039
R5529,pine,-13368.4,-71143.5,13010.6,-92.38,1.02
R5530,pine,-12403.4,-70417.6,11980,-175.23,0.972
R5531,pine,-11535.9,-70929.6,12388.8,59.21,0.936
R5532,pine,-10509.6,-70944.5,12784.5,-41.49,1.128
R5533,pine,-10316.1,-70824,12713.7,35.4,1.234
R5534,pine,-4935.8,-71134.1,9237.7,-179.2,1.098
R5535,pine,-4241.8,-71137.9,9220.3,-78.43,1.156
R5536,pine,-1509.2,-70746.6,9392.8,9.75,1.174
R5537,pine,-497,-71031.6,9729.8,71.09,0.997
R5538,pine,1955.3,-70520.1,12307.6,-125.38,1.127
R5539,pine,2989.1,-71149.4,12100.7,-173.25,0.808
R5540,pine,3814,-70743.9,11578.7,-185.92,0.822
R5541,pine,4463.6,-71014.2,11655.9,-142.68,0.831
R5542,pine,5060.6,-71186.9,11538.1,-9.86,0.963
R5543,pine,6358.3,-71024.3,11114.4,-163.2,1.141
R5544,pine,7071.3,-70470.9,10713.6,-151.42,0.888
R5545,pine,7573.8,-71113.7,10685.7,55.28,1.078
R5546,pine,8634.3,-70849.8,11483.7,-95.05,0.909
R5547,pine,9484.4,-70950.2,11284.6,-130.25,1.089
R5548,pine,10230.7,-70712.3,10958.9,30.2,1.064
R5549,pine,11249,-71035.6,11714.4,-117.23,0.82
R5550,pine,14353.6,-70666.7,12736.1,-163.09,1.174
R5551,pine,15962,-70844.2,13501.3,-130.12,1.179
R5552,pine,17033.5,-71105.6,13533.9,-148.27,1.109
R5553,pine,21498.5,-71013.9,15743.7,-21.4,1.066
R5554,pine,22374.4,-70435.9,15561.6,-131.85,1.077
R5555,pine,22765.7,-70919.3,15884.5,-112.66,0.935
R5556,pine,23332.6,-70455.1,15877.4,63.89,0.882
R5557,pine,24036.9,-71089.4,14815.5,-246.62,1.113
R5558,pine,25001.4,-70900.8,14367.4,-27.28,0.957
R5559,pine,26126.9,-70660.1,14045.8,-167.23,1.082
R5560,pine,26576.3,-70675,13391.3,74.39,0.965
R5561,pine,28300.1,-70852.4,12570.8,-50.43,1.157
R5562,pine,30260.8,-70674.5,12564.1,22.82,1.121
R5563,pine,31289,-70468.1,11887.9,13.15,1.069
R5564,pine,36517.3,-70969.4,13072.7,-181.94,1.157
R5565,pine,37556.6,-71066,12282.2,-66.81,1.023
R5566,pine,37861.5,-70798.9,11936.1,-67.46,1.123
R5567,pine,38771.6,-70491.8,11171,-58.21,1.122
R5568,pine,39995.7,-70516.8,11206.8,-13.04,0.969
R5569,pine,40096.5,-70603.2,11201,-59.49,1.044
R5570,pine,41333.3,-70933.9,10050.2,-129.71,1.169
R5571,pine,41832.6,-70587.4,10567.1,-219.48,0.858
R5572,pine,42816.9,-70595.3,10511.9,-203.46,0.817
R5573,pine,43628.2,-71143.8,10169.2,22.18,1.176
R5574,pine,44640.8,-70930.7,11127.7,-188.89,1.023
R5575,pine,45580.2,-70427.6,13135.5,-177.36,1.016
R5576,pine,46374.2,-70401.6,14045.7,-163.88,1.197
R5577,pine,47050.5,-71023.2,14139.9,-91.34,1.017
R5578,pine,57585.1,-70701.5,14362.3,-267.69,1.226
R5579,pine,57679.6,-70615.7,14204,-55.13,0.811
R5580,pine,58728.8,-70576.8,13664.6,-264.46,1.229
R5581,pine,59560.7,-70414.5,12723.7,-264.29,0.884
R5582,pine,60265.6,-71162,12151.2,-11.66,0.918
R5583,pine,60970.3,-71160.7,11447,-108.21,1.087
R5584,pine,61712.9,-71007.9,11314.6,-203.86,0.932
R5585,pine,62724.3,-71186.5,11791.1,-56.61,1.139
R5586,pine,63757.5,-70530.2,11239,18.02,0.973
R5587,pine,64776.7,-71118.8,12535.6,42.2,1.056
R5588,pine,65351.3,-70770.2,12039,-207.63,1.146
R5589,pine,65717.1,-70625.4,11685.8,-10.8,1.164
R5590,pine,66518.2,-70990.4,12006.9,-87.11,1.214
R5591,pine,67746.1,-70915.1,12156.5,77.23,1.014
R5592,pine,68421.4,-70684,12370.7,-179.03,1.21
R5593,pine,69179.9,-70502.1,13154.7,-81.38,0.986
R5594,pine,70141.2,-70630.7,13466.6,-3.64,0.833
R5595,pine,70964.9,-70977,13751.9,-164.62,0.933
R5596,pine,71255,-70702.8,12897.5,88.57,1.071
R5597,pine,73549.4,-70447.5,10067.3,-243.89,0.929
R5598,pine,75345.5,-70871.3,10688.6,-106.66,1.097
R5599,pine,76028.8,-70526.4,10331.2,36.6,1.171
R5600,pine,77042.1,-71099.8,11479,-78.5,1.161
R5601,pine,78211,-70790.9,10294.9,-118.68,1.019
R5602,pine,-73412.6,-69794.9,12964.8,-78.67,0.888
R5603,pine,-72759.9,-70098.8,13301.9,27.13,0.91
R5604,pine,-71666.5,-69979.1,13269.6,-253.77,0.924
R5605,pine,-70713.7,-69737.7,12564.2,-30.08,0.885
R5606,pine,-68265.2,-70214.3,15479.1,77.54,0.805
R5607,pine,-66115.5,-70322.9,15931.4,-228.96,1.079
R5608,pine,-55342.3,-69906.7,13319.1,-109.37,1.055
R5609,pine,-49837.4,-70244.2,12022.6,-7.8,1.049
R5610,pine,-48923.3,-69790.2,10108.3,38.62,0.855
R5611,pine,-48739.3,-70344.1,10638.8,-214.01,0.845
R5612,pine,-47570,-70133.8,9689.9,-205.95,1.097
R5613,pine,-46506,-69873.3,9994.1,89.22,0.885
R5614,pine,-46093.2,-69664.1,10028.1,-39.7,1.219
R5615,pine,-45229,-69897.2,10508.6,74.03,0.988
R5616,pine,-44494.5,-70367,10368.6,-219.97,1.131
R5617,pine,-43347.8,-70273.2,10779.8,-90.97,1.143
R5618,pine,-42470.5,-70216.1,11011.9,-235.54,1.203
R5619,pine,-42372.7,-69981.8,10901.5,-252.83,0.869
R5620,pine,-41290.2,-70186.6,12555.1,-23.03,1.072
R5621,pine,-40770.4,-69702.6,12583.6,-183.33,1.074
R5622,pine,-39757,-70215.5,12871,-40.83,0.835
R5623,pine,-39079.1,-70126.7,12689.6,-257.79,1.009
R5624,pine,-37650.2,-70118,12215.5,-22.51,0.899
R5625,pine,-37498.3,-69697.2,12605.7,-266.56,0.987
R5626,pine,-36519,-69736.5,13913.7,34.44,1.174
R5627,pine,-34436.6,-70350.4,15188.3,-228.86,0.875
R5628,pine,-32995.8,-70002.6,13671.6,-85.44,1.02
R5629,pine,-32197.6,-70276.2,13988.3,-154.19,1.015
R5630,pine,-31411.2,-69608.2,12459.7,-2.04,1.107
R5631,pine,-30869,-70395.7,12271.4,-83.85,1.226
R5632,pine,-30219.2,-69956.3,11939.9,-6.72,1.102
R5633,pine,-29029.7,-69839.4,12812.9,-97.5,0.891
R5634,pine,-28196,-70153.1,13560.3,-75.68,1.192
R5635,pine,-26613.1,-69823.7,13086.8,-46.05,1.121
R5636,pine,-25797.7,-70161.5,12532.2,-49.05,0.969
R5637,pine,-25149.3,-69982.4,12145.5,38.29,0.936
R5638,pine,-24062.4,-70199.3,11925.2,-51.31,1.212
R5639,pine,-23939.5,-69947.6,11694.8,-161.87,0.813
R5640,pine,-22546.2,-69738.3,11066.2,-91.57,1.026
R5641,pine,-21630.9,-69899.6,11112.5,-44.34,0.937
R5642,pine,-21206.8,-70037.3,11522.3,-230.89,0.877
R5643,pine,-20486.3,-70004.6,11645.2,-130.58,1.092
R5644,pine,-14840.4,-69989.3,10434.8,-177.32,1.22
R5645,pine,-14261.7,-69707.2,10124.1,-173.22,0.897
R5646,pine,-12998.8,-70137.1,12012.3,-38.47,1.003
R5647,pine,-12695.1,-69769.9,11512.4,-203.47,0.859
R5648,pine,-11467.3,-69658,11168.6,-33.58,1.195
R5649,pine,-10703.1,-69658.9,11664.6,5.09,0.846
R5650,pine,-9718.5,-69719.8,12296.2,-118.24,1.155
R5651,pine,-9399.9,-69904.6,12423.5,-48.79,0.982
R5652,pine,-5145.7,-70214.6,9485.2,-88.45,1.086
R5653,pine,1891.6,-70240.4,12100.9,65.25,0.947
R5654,pine,2985.8,-70212.8,11872.7,-18.16,1.221
R5655,pine,3972.4,-70302.1,11184.2,-13.09,1.031
R5656,pine,4587.4,-70025.6,11130,79.43,1.035
R5657,pine,5266.3,-70002,10894,-269.99,0.964
R5658,pine,6046,-69805.6,11270.6,-87.27,1.105
R5659,pine,6449.9,-69851.8,10814.9,-236.45,1.126
R5660,pine,7408.5,-70237.9,10794.6,-19.95,1.167
R5661,pine,8406,-70108.1,11216.3,65.71,1.164
R5662,pine,8889.2,-69672.4,11246.9,-72.66,0.884
R5663,pine,9753.6,-69881.1,11175.3,-15.57,1.191
R5664,pine,11827.2,-69634.1,9718.2,-203.95,0.877
R5665,pine,14211.2,-69619.5,10196.2,69.88,0.894
R5666,pine,16573.1,-70307.4,12214.4,-32.6,1.078
R5667,pine,17595.3,-70277.4,12378.7,15.95,0.867
R5668,pine,20529.7,-69621,11843.3,-30.72,1.231
R5669,pine,21252.3,-70292.7,14072.2,5.11,1.162
R5670,pine,22100.4,-69817.3,13707.8,-215.23,1.14
R5671,pine,23976.2,-69777.2,14489.6,-259.08,1.151
R5672,pine,24547.5,-70251.4,15278.9,80.9,1.206
R5673,pine,26000.7,-69958.1,13179.7,-145.57,1.124
R5674,pine,29744.2,-69847.1,12512.4,81.12,1.033
R5675,pine,31840.3,-70018.2,11991.9,-96.86,1.225
R5676,pine,39135,-69702.5,11085.1,-127.29,1.235
R5677,pine,39689.4,-70120.8,10908.2,-208.84,0.889
R5678,pine,40518.5,-69924.1,11093,-43.85,0.965
R5679,pine,40833.2,-69798.1,10978.7,75.8,0.866
R5680,pine,41714.1,-69601.4,10465.4,-145.21,0.968
R5681,pine,42776.2,-70129.7,10562.4,-168.19,1.125
R5682,pine,43229.7,-69833.9,10983.2,1.54,0.802
R5683,pine,44458.5,-69763.1,11728.9,-220.92,0.897
R5684,pine,45339.4,-70089.9,12460.1,-264.83,0.807
R5685,pine,46186.7,-70163.9,13702.5,-18.43,1.107
R5686,pine,46600.6,-70048.3,14122.9,-217.83,1.082
R5687,pine,47991.9,-69834.2,14593.9,-91.32,1.124
R5688,pine,48827.9,-69729.7,14015.3,-189.42,0.999
R5689,pine,51034.1,-69726.2,12046.4,-49.69,0.855
R5690,pine,53721,-70174.4,12461.8,-76.43,0.818
R5691,pine,54675.8,-69680.6,13894.3,-124.13,1.191
R5692,pine,55586.6,-69649.2,14102.2,-202.75,0.859
R5693,pine,57351.7,-70249.9,14056.7,10.74,1.021
R5694,pine,58032.7,-69852.4,13838.1,-53.31,1.144
R5695,pine,58465.2,-70065.3,13866.2,11.25,0.862
R5696,pine,59990.2,-69867.1,12290.8,-31.89,0.844
R5697,pine,60003.1,-70033.6,12152.1,-116.84,1.215
R5698,pine,60839.7,-69748.2,11548.7,-207.52,1.242
R5699,pine,61838.8,-70281.3,11056.6,-154.91,0.961
R5700,pine,62407,-70258.9,10799,-70.2,1.189
R5701,pine,63465.3,-70187.4,10639.5,-141.77,0.991
R5702,pine,64445.4,-70079.7,10712.5,7.64,0.999
R5703,pine,65433,-70115.2,11339.4,-41.48,1.245
R5704,pine,66023.2,-69667.4,10974,-38.77,1.083
R5705,pine,66624.6,-69940.8,11247.3,-147.02,1.023
R5706,pine,67506.2,-69947.9,11768.8,58.66,0.906
R5707,pine,68764.9,-70244,12633.7,-186.05,1.233
R5708,pine,69041.5,-70019.1,12930.5,79.85,1.156
R5709,pine,75769.6,-69859.7,9844.8,-218.01,1.151
R5710,pine,77445.2,-70345.7,10343.1,-32.73,1.206
R5711,pine,78043.7,-69683.5,10115.7,-184.87,0.868
R5712,pine,78755.7,-69919.9,9959,-112.77,0.83
R5713,pine,-78175.5,-69071.7,12883.5,41.83,1.037
R5714,pine,-70074.3,-69532.8,12674.7,-198.61,0.851
R5715,pine,-68982.3,-69213,14600.7,-147.68,1.12
R5716,pine,-67074.7,-69118.1,15346.4,-29.75,1.227
R5717,pine,-50644.9,-69481.9,12477.1,-143.45,1.196
R5718,pine,-49468.6,-69037.8,9923.7,-122.49,1.097
R5719,pine,-48349.1,-69565.1,9777.4,16,0.887
R5720,pine,-47346.6,-68838.8,8637.1,-165.29,1.112
R5721,pine,-46467.5,-69096.2,9159,-30.07,0.908
R5722,pine,-45805.1,-69539.6,10033.1,-103.49,1.093
R5723,pine,-45023.4,-69299.6,10146.1,-178.93,0.831
R5724,pine,-44759.5,-69558.4,10047.2,-199.1,0.899
R5725,pine,-43563.5,-68932.6,10231.2,-97.89,1.212
R5726,pine,-42663.1,-68987.7,10413.6,-153.5,0.95
R5727,pine,-41746.3,-69517.6,11581.2,14.86,0.839
R5728,pine,-41468.7,-69465.2,11829.6,-198.73,1.081
R5729,pine,-40695.3,-69340.3,12261,-165.34,1.11
R5730,pine,-39359.2,-69362.6,12175.4,-131.89,1.008
R5731,pine,-38695.4,-69104.1,12118,32.51,0.913
R5732,pine,-38192.9,-68837,12530.9,-63.74,0.96
R5733,pine,-37251.8,-69041.4,13558.5,-255.3,0.968
R5734,pine,-36668.1,-69431.6,14119.2,-53.84,1.173
R5735,pine,-35723.7,-69031.2,14794,-87.83,0.926
R5736,pine,-34555.8,-68916.6,14379.9,-138.97,1.248
R5737,pine,-33774.7,-69210.5,13920.2,74.5,1.132
R5738,pine,-33017,-69297.9,13351.9,-181.84,0.866
R5739,pine,-30284.1,-69516.2,12005.9,-191.76,0.8
R5740,pine,-28918.5,-69527.8,13050.3,27.94,1.099
R5741,pine,-28673.4,-69201.7,13053.7,-43.66,1.231
R5742,pine,-27969.8,-69428.1,13843.8,63.23,0.802
R5743,pine,-24938.3,-68854.9,11212.6,55.15,0.903
R5744,pine,-24374.1,-69454.5,11234.8,16,0.935
R5745,pine,-23860.6,-69041.8,10930.4,-26.67,1.051
R5746,pine,-22563.5,-69584.7,11129.3,-250.59,0.948
R5747,pine,-22277,-69499.8,10948.2,-140.78,0.958
R5748,pine,-21258.8,-68823.2,10946.6,-250.03,0.976
R5749,pine,-20195.6,-69408,11302.5,-255.07,0.983
R5750,pine,-14636.4,-69500.8,9766.3,76.08,0.836
R5751,pine,-14213.7,-69433.5,9725.4,-57.55,1.029
R5752,pine,-12944.2,-69398,10959.3,-124.54,0.97
R5753,pine,-12037.1,-68884.3,10162.8,43.04,0.802
R5754,pine,-11445.2,-69500.5,10966.6,-232.62,1.225
R5755,pine,-10676.2,-68832.3,11004.5,16.88,0.953
R5756,pine,-9365.6,-69096,12227.6,-88.84,0.893
R5757,pine,-4627.4,-69253.8,10210.5,-40.15,0.808
R5758,pine,-1736,-69320.5,9379.2,-225.75,0.996
R5759,pine,3939.4,-69217.3,11436.7,-208.69,0.951
R5760,pine,4192.8,-69295.3,11241.1,-74.36,0.841
R5761,pine,5522.9,-69275.2,10969.5,-60.37,1.234
R5762,pine,6055.6,-68834.5,10635.7,12.02,0.851
R5763,pine,6880,-69212.2,10490.5,-193.08,1.06
R5764,pine,7704.5,-69182.7,10313.2,-68.1,0.954
R5765,pine,8527.2,-68872.3,10711.3,-247.47,1.059
R5766,pine,9593.2,-69026.5,10914.4,57.16,0.999
R5767,pine,11234.9,-68892.9,9249.7,-217,0.83
R5768,pine,17225.1,-69085.6,10765.4,-227.53,0.926
R5769,pine,17758.7,-68907.1,10881.3,-28.73,1.107
R5770,pine,18539.9,-69439.8,11502.7,-19.55,1.011
R5771,pine,20783.8,-69320.4,11679.2,18.73,1.142
R5772,pine,20822.2,-69497,11972.1,-152.64,0.904
R5773,pine,22222.6,-68980.1,12274.5,-11.27,1.199
R5774,pine,22574.9,-69067.5,12581.2,-56.57,0.819
R5775,pine,23322.5,-68898.4,12647.1,-263.66,0.924
R5776,pine,26941,-69523,11967.8,-173.88,0.965
R5777,pine,29505.2,-69291.6,11971.4,-168.36,1.14
R5778,pine,39022.9,-69485.7,10922.8,-89.58,1.036
R5779,pine,39614.9,-69510.7,10999.5,-126.93,1.042
R5780,pine,40030.3,-69202.4,11031.4,-171.47,0.869
R5781,pine,41416.5,-69537.8,10515.9,-122.97,1.181
R5782,pine,41719.4,-69387.9,10649.2,-45.26,1.094
R5783,pine,42824.3,-69586.4,10937.6,-1.1,0.971
R5784,pine,43573.6,-69550.4,11266.1,62.87,1.215
R5785,pine,44404.6,-69501,11763.5,47.12,0.865
R5786,pine,45491.2,-69042.5,12191,-269.25,1.223
R5787,pine,45737.6,-69009.8,12521,-14,1.009
R5788,pine,47196.8,-68857,14615.2,53.83,0.807
R5789,pine,49417.7,-69062.5,14507.3,-18.22,0.826
R5790,pine,50242.8,-68932.2,13463,-67.51,1.235
R5791,pine,51107.1,-69281.3,12483.9,86.33,1.212
R5792,pine,52282,-68941.3,12313.1,-85.2,0.924
R5793,pine,54656.5,-68968.5,13528.9,27.59,1.007
R5794,pine,57587,-68889.3,12971.9,-132.65,0.855
R5795,pine,58175.7,-69536.3,14014.6,-132.06,1.018
R5796,pine,58601,-69049.1,13628.1,-78.56,0.85
R5797,pine,59299.8,-68804.9,12548.2,-165.22,0.811
R5798,pine,60680,-68877.8,11447.9,6.6,1.244
R5799,pine,61184.5,-69050.5,11174.4,-180.61,1.152
R5800,pine,62168.1,-69560.5,10666.7,-102.51,0.815
R5801,pine,62855.2,-69194,9768.1,-101.45,0.85
R5802,pine,63372.8,-69167.8,9370.9,-174.01,1.146
R5803,pine,64192.4,-68823.1,9079.9,-244.01,1.209
R5804,pine,65212,-69362.6,10186.1,-195.82,0.89
R5805,pine,66074.2,-69396.9,10535.2,-168.46,0.82
R5806,pine,66517.9,-69055.5,10192.6,70.48,0.995
R5807,pine,67660.6,-68814.2,11336.8,-58.2,1.149
R5808,pine,68394.1,-69398.8,12355.3,85.75,0.864
R5809,pine,68991.8,-69589,12941.4,-60.9,1.098
R5810,pine,75366.8,-69449.1,9753.6,-146.12,0.814
R5811,pine,78588.8,-69590.6,10342.9,20.26,1.248
R5812,pine,-72933.6,-68297.8,11797.6,-133.74,1.151
R5813,pine,-71344.8,-68661,12785.5,26.46,1.086
R5814,pine,-70771.1,-68408.5,12938.9,-240.91,0.931
R5815,pine,-70178.4,-68050.1,12811.1,-113.2,1.209
R5816,pine,-69095.7,-68024.6,13118.6,9.88,1.026
R5817,pine,-67245.1,-68195.8,14730.9,-224.62,1.199
R5818,pine,-50139.8,-68545.7,10797.3,-90.99,0.862
R5819,pine,-49076.5,-68151.6,9096.9,-20.46,0.999
R5820,pine,-48365.3,-68637.2,8675.5,-95.19,0.832
R5821,pine,-47690.2,-68047.1,8388.1,-189.88,0.92
R5822,pine,-47167.5,-68044.6,8227.2,-44.55,1.223
R5823,pine,-45696.7,-68692.6,9395.4,-142.42,0.966
R5824,pine,-45048.9,-68155.4,9546,-29.87,0.865
R5825,pine,-44623.4,-68366,9937.4,25.3,1.074
R5826,pine,-43994.2,-68524.7,10044,-147.53,0.876
R5827,pine,-42904.2,-68064,10542.1,-138.23,1.018
R5828,pine,-42047.1,-68104.7,10195.6,-238.2,0.951
R5829,pine,-41590.1,-68469.7,11002.7,-75.82,1.226
R5830,pine,-40354.6,-68265.9,11128.7,-90.45,1.074
R5831,pine,-39922.3,-68427.4,11619.9,-119.99,1.152
R5832,pine,-38692.8,-68415.9,12282.1,77.03,0.935
R5833,pine,-37706.6,-68216,13208.1,87.71,1.157
R5834,pine,-36903.7,-68709.3,14293.2,-90.2,1.126
R5835,pine,-36590.8,-68334.1,13586,82.18,1.247
R5836,pine,-35513.6,-68144.1,12974.7,-239.31,1.084
R5837,pine,-34578,-68157.3,12821.4,-239.79,1.121
R5838,pine,-34347.8,-68799.3,13987.7,-147.59,1.177
R5839,pine,-31687.6,-68778.1,11982.9,-24.21,1.128
R5840,pine,-29492.2,-68080.4,11785.1,-111.44,0.852
R5841,pine,-27299.9,-68495.8,13880.8,-245.02,0.948
R5842,pine,-26517.2,-68085.1,13271.3,77.85,1.155
R5843,pine,-24869.1,-68667.1,11204.1,-161.61,0.868
R5844,pine,-24670.3,-68474.4,10935.1,-233.89,0.921
R5845,pine,-23252.5,-68726.3,10746.9,-39.37,0.942
R5846,pine,-22874.6,-68010.6,10126.1,-5.75,0.922
R5847,pine,-21982.2,-68293.4,10811,-76,0.952
R5848,pine,-21217.2,-68388.3,10974.7,-254.39,1.06
R5849,pine,-20074.2,-68497.5,11076.2,-239.93,1.022
R5850,pine,-19889.9,-68212.3,10721.6,-116.18,1.163
R5851,pine,-18929.6,-68500.6,10454.7,-201.42,1.12
R5852,pine,-15292.9,-68556.1,9255,-104.63,1.16
R5853,pine,-15168.6,-68539.3,9208.2,48.66,0.804
R5854,pine,-14222.8,-68090,8722.2,-141.05,1.164
R5855,pine,-13145.8,-68374.1,9217.1,-65.72,0.814
R5856,pine,-12587.6,-68698.9,10058.1,66.76,0.855
R5857,pine,-11829.9,-68285.7,9914.8,-8.8,0.855
R5858,pine,-11020.1,-68714.6,10566,-75.14,1.196
R5859,pine,-10304.6,-68645.2,11356.7,8.48,0.87
R5860,pine,-8910.7,-68609.9,12635.4,-183.7,1.007
R5861,pine,-5991.3,-68549.2,11238.5,72.09,1.063
R5862,pine,-5245.7,-68219.1,10707.5,-229.9,1.237
R5863,pine,-1196.7,-68779.8,9697.8,-114.58,0.897
R5864,pine,2338.2,-68547.5,10588.8,-83.25,0.894
R5865,pine,4719.8,-68047.8,10798,40.45,1.154
R5866,pine,5056.7,-68159.6,10825.9,-196.99,0.834
R5867,pine,7126,-68645.5,10106.2,-82.04,1.107
R5868,pine,8051.6,-68522.8,10156.7,-165.38,1.228
R5869,pine,18655,-68477.7,10347.3,-44.61,1.129
R5870,pine,19329.8,-68789.7,10625,-63.44,1.197
R5871,pine,20198.6,-68647,10365.3,-90.72,0.937
R5872,pine,21892.4,-68739.5,11630.2,-224.74,1.196
R5873,pine,24287.8,-68009.1,11083.2,-172.85,1.051
R5874,pine,28986.3,-68228.9,12308.7,-173.89,1.236
R5875,pine,29730.2,-68624.6,11736.9,-235.2,0.85
R5876,pine,36529,-68317.2,11110.8,23.82,0.936
R5877,pine,37663,-68122.9,10912.9,-9.49,1.23
R5878,pine,38995.6,-68053.2,10252.9,-237.31,1.031
R5879,pine,39366.8,-68726.5,10646.7,-30.96,0.876
R5880,pine,40473.1,-68720.3,10471.6,15.92,1.09
R5881,pine,41082.8,-68645,10560.9,-74.57,1.178
R5882,pine,42147.5,-68489.6,10822.6,-136.17,1.114
R5883,pine,42887.3,-68491.6,11599.2,15.47,1.084
R5884,pine,43211.4,-68628.6,12359.9,-152.66,1.038
R5885,pine,44008.4,-68660,11809.8,-199.81,0.803
R5886,pine,45150.3,-68126.4,11731.9,-30.5,0.847
R5887,pine,45865.5,-68472.8,12425,-195.36,1.207
R5888,pine,46970.4,-68173.1,13133.8,36.33,0.923
R5889,pine,47755,-68600.1,14345.5,4.18,0.832
R5890,pine,49613.4,-68114,13889.3,-161.3,1.005
R5891,pine,50400.4,-68404,13042.8,67.61,1.249
R5892,pine,52161.4,-68355.3,12187.2,-121.86,1.077
R5893,pine,55167.7,-68142.9,12735.1,-124.66,1.12
R5894,pine,55420.9,-68257.7,12786.4,-76.64,0.881
R5895,pine,58308.3,-68003.7,12221.7,-81.84,0.901
R5896,pine,59059.9,-68253,12497.6,-47.5,0.827
R5897,pine,59634.4,-68204,11621.2,-198.43,0.801
R5898,pine,60265,-68592.6,11483,-108.6,0.986
R5899,pine,61074.2,-68471.7,11062.9,35.81,0.897
R5900,pine,61854.6,-68715.3,10772.2,-200.35,1.016
R5901,pine,62843.9,-68682.5,9626.4,-108.03,1.228
R5902,pine,63313.2,-68014.8,8786.4,-128.65,0.862
R5903,pine,64549.3,-68097,9045.9,-253.63,1.228
R5904,pine,65055.7,-68101.1,8852.6,81.75,1.031
R5905,pine,65924.1,-68151.4,9145.1,72.63,0.972
R5906,pine,67103,-68292.5,10203.8,61.73,1.176
R5907,pine,67424.1,-68793.7,11086.7,22.83,1.001
R5908,pine,68102.6,-68187.1,11064.9,-198.58,0.898
R5909,pine,70122.4,-68114.2,9152.5,-222.93,1.215
R5910,pine,74499.1,-68073.8,8100.7,-57.41,1.172
R5911,pine,76695.8,-68477.4,9300.3,-14.11,1.04
R5912,pine,76873.1,-68376.6,9350.4,-170.12,0.906
R5913,pine,-77319.6,-67938.3,12133.9,76.73,1.173
R5914,pine,-69641.8,-67579,12629.9,56.95,1.231
R5915,pine,-69257.7,-67544.6,12678.6,-69.56,0.847
R5916,pine,-67449.7,-67742,13775.4,-88.93,1.181
R5917,pine,-51071.6,-67907.9,12483.3,-140.05,0.874
R5918,pine,-50396.2,-67581,11086.2,-94.43,0.86
R5919,pine,-48807.6,-67393.3,9167.3,-19.2,0.98
R5920,pine,-48224.5,-67502.2,8554,20.61,0.819
R5921,pine,-47208,-67570.2,8332.2,-249.66,1.122
R5922,pine,-47106.9,-67882.8,8266.1,38.1,1.25
R5923,pine,-45842,-67663,8591.8,61.22,0.994
R5924,pine,-45326,-67682.5,8949.8,-44.05,0.912
R5925,pine,-44353.2,-67865.4,9811,-87.75,0.922
R5926,pine,-43653.2,-67638.4,10013.4,-233.55,1.177
R5927,pine,-42772.4,-67732.1,10310.9,-252.12,0.848
R5928,pine,-42106.9,-67539.4,9804.3,-151.13,1.074
R5929,pine,-41211.1,-67300,9795.1,-98.68,0.889
R5930,pine,-40769.1,-67222.8,10130.2,-268.19,1.144
R5931,pine,-39996,-67564,10945.3,-265.79,0.959
R5932,pine,-38687.6,-67224.8,12172.9,-168.87,1.09
R5933,pine,-37619.7,-67212.7,11943.3,-108.43,1.027
R5934,pine,-36416.2,-67961.6,12560.1,-152.11,0.986
R5935,pine,-35773.3,-67869.2,12276,-19.67,0.914
R5936,pine,-34635.2,-67410.2,11524,89.02,0.897
R5937,pine,-28488.8,-67819.6,12686.7,-51.22,1.001
R5938,pine,-27372,-67550,13909.7,31.2,0.991
R5939,pine,-26755.9,-67850.4,13365.6,-96.63,1.05
R5940,pine,-25755.3,-67354.6,12079.2,-143.38,1.162
R5941,pine,-25105.5,-67921.4,11177.5,-207.43,1.125
R5942,pine,-24276.6,-67535.6,10173.6,-264.78,1.217
R5943,pine,-23844.9,-67450,10236.3,-142.86,0.803
R5944,pine,-22684.3,-67887.7,10077.3,-14.27,1.086
R5945,pine,-21995.8,-67709.1,10676.3,-207.19,0.913
R5946,pine,-20838.4,-67547.8,10685.8,87.69,0.934
R5947,pine,-20154.6,-67899.8,10577.1,-91.75,1.175
R5948,pine,-19569.6,-67253,9826.8,-164.49,0.872
R5949,pine,-19013.7,-67624,9370.9,-198.66,0.946
R5950,pine,-16867.6,-67359.4,9082.5,-138.26,1.041
R5951,pine,-14727.5,-67313.7,8271.3,-219.57,0.826
R5952,pine,-14250.5,-67893.8,8445,-185.98,1.057
R5953,pine,-13375.3,-67285,8149.6,-211.98,0.911
R5954,pine,-12287.9,-67260.2,9141.9,-222.8,1.006
R5955,pine,-11507.2,-67651.6,10051.8,-263.24,0.953
R5956,pine,-11083.1,-67288.8,10364.9,-261.21,1.068
R5957,pine,-10332,-67438.9,11142.6,-142.27,1.177
R5958,pine,-7501.8,-67844.3,11830.9,-227.43,0.979
R5959,pine,-6943.4,-67978.4,11608.2,73.09,0.933
R5960,pine,2526.5,-67222.1,9439.8,-228.56,0.989
R5961,pine,5320,-67973.1,10866.1,-65.24,1.034
R5962,pine,6469.1,-67501.5,9894.8,-259.29,0.916
R5963,pine,9558.5,-67998.9,9365.9,18.38,1.121
R5964,pine,18993.3,-67999.6,9825.9,-227.76,1.219
R5965,pine,23790.2,-67328.3,9301,89.4,1.079
R5966,pine,37578.5,-67372.8,11874.4,69.79,0.815
R5967,pine,38172.9,-67686.1,11256.4,26.32,1.009
R5968,pine,38916.6,-67482.5,10247.1,-44.73,1.029
R5969,pine,39310.7,-67373.3,9939.3,-35.88,0.815
R5970,pine,40149.8,-67359.9,9820.7,39.02,1.052
R5971,pine,41449.7,-67875.4,10686.1,77.91,0.946
R5972,pine,42251.2,-67709.7,10872.3,-125.2,0.843
R5973,pine,42575.3,-67703.6,11153.4,-260.52,1.147
R5974,pine,43890.1,-67820.9,11839.5,-143.78,0.865
R5975,pine,44334,-67638.8,11653.2,-125.07,1.07
R5976,pine,45469,-67332.1,11517.5,75.31,0.975
R5977,pine,45771.2,-67632.6,11825.5,-47.33,1.195
R5978,pine,46578.8,-67942.1,12723.8,-126.56,1.168
R5979,pine,47385.6,-67597.4,12494.6,82.61,0.931
R5980,pine,48085.6,-67820.6,13087.2,37.99,0.923
R5981,pine,49517.6,-67472.1,13325.5,-27.88,1.103
R5982,pine,51026.5,-67717.8,12789.3,-89.47,1.055
R5983,pine,52446.2,-67686,12636.6,-18.25,1.005
R5984,pine,52997.1,-67826.4,12958.2,-204.74,1.135
R5985,pine,54119.4,-67461.1,13075.3,-185.44,0.969
R5986,pine,55166.2,-67760.9,12620.9,79.21,1.162
R5987,pine,55744.9,-67712.2,12245.5,-233.08,1.165
R5988,pine,56614.3,-67879.2,11995.4,-233.77,0.894
R5989,pine,57547.6,-67954.2,11657.6,38.01,0.882
R5990,pine,57831,-67479,11537,-258.99,1.033
R5991,pine,58540.8,-67518.8,12201.1,31.44,1.079
R5992,pine,59946.7,-67792.6,11303.8,-236.42,0.98
R5993,pine,60571,-67507.2,10881.9,-143.23,0.905
R5994,pine,61516.4,-67403.7,10236.5,-195.84,1.202
R5995,pine,62192.2,-67275.3,9481.6,10.97,0.857
R5996,pine,63070,-67799.7,8864.4,-191.24,1.102
R5997,pine,63785.4,-67237.8,8200.7,-80.28,1.011
R5998,pine,64773.4,-67444.1,8326.7,-156.78,1.161
R5999,pine,65586.3,-67609.1,8859.4,63.37,1.182
R6000,pine,66120.6,-67254.2,8996.9,-106.73,0.816
R6001,pine,67047.3,-67997.5,9874.9,-121.63,1.022
R6002,pine,67333.7,-67490.9,10127.2,41.1,0.805
R6003,pine,68157.8,-67246.1,9879.2,-67.12,0.88
R6004,pine,69010.2,-67672.2,9402.3,-169.74,0.933
R6005,pine,75503.6,-67954.5,8222.8,-57.8,1.201
R6006,pine,78062.5,-67932.7,10308.6,-202.18,0.962
R6007,pine,-75104.2,-66819.6,11704.3,-153.69,0.896
R6008,pine,-73579.9,-66513.9,10677,20.84,1.024
R6009,pine,-71332.8,-66843.6,10483.3,-194.45,0.967
R6010,pine,-70587.6,-66907.9,11160.8,28.45,0.818
R6011,pine,-69299.4,-66531.7,11654.7,82.66,1.025
R6012,pine,-50183.5,-66826.7,10655.1,82.32,1.099
R6013,pine,-48922.2,-67188.5,9233.5,-1.28,0.946
R6014,pine,-48676.8,-66724,9014.2,-52.14,0.943
R6015,pine,-47576.7,-66895.6,8582,-178.1,1.168
R6016,pine,-46524.5,-66907.6,8227.1,-66.71,1.075
R6017,pine,-45985.9,-66718.9,8250.3,-210.58,1.181
R6018,pine,-45066.2,-66718.7,8283.6,60.92,1.06
R6019,pine,-44548.4,-66797.8,8632.5,68.48,1.025
R6020,pine,-43557.8,-67197.6,9544.3,87.53,0.908
R6021,pine,-42620.5,-67015.4,9513.9,38.62,1.125
R6022,pine,-42184.5,-67054.1,9244.9,29.61,1.115
R6023,pine,-40928.2,-66961,9651.9,-175.74,0.936
R6024,pine,-40473.5,-66803.4,9899.7,-74.98,0.991
R6025,pine,-39335.9,-67133.2,11493.8,-58.32,1.003
R6026,pine,-38540.2,-66973.2,12173.8,49.04,0.857
R6027,pine,-38309.6,-67093.7,12258.1,4.83,0.866
R6028,pine,-37571,-66719.6,11113.7,-132.68,1.186
R6029,pine,-36491.1,-66882,10299.8,-117.9,1.167
R6030,pine,-35429.5,-66857.9,10146.4,-235.71,1.19
R6031,pine,-25631.3,-67022,11575,60.49,0.978
R6032,pine,-25240,-66884.7,10867,-9.81,0.842
R6033,pine,-24286.8,-66549.7,10020.4,-1.74,1.121
R6034,pine,-23672.4,-66746.2,10234.6,-44.62,0.816
R6035,pine,-23073.6,-66750.4,10361.7,-104.26,0.816
R6036,pine,-22249.3,-66837.3,10046,-242.92,0.869
R6037,pine,-21250.5,-67142.5,10436.3,-206.41,1.192
R6038,pine,-20492.4,-66587.8,8885.8,-127.81,1.145
R6039,pine,-19847.5,-66735.7,9206,-173.76,0.952
R6040,pine,-19124,-66828.4,8870.1,49.03,0.833
R6041,pine,-16860.5,-66695.5,8802.2,-184.71,1.059
R6042,pine,-16165.5,-66448.2,9020.1,38.2,1.153
R6043,pine,-15688.3,-67114.9,9182.7,-22.2,0.993
R6044,pine,-14746.7,-67006,8238.6,-10.73,1.069
R6045,pine,-14384.7,-67132.2,7994,-100.29,0.95
R6046,pine,-12903,-66548.3,7949.8,-55.88,0.848
R6047,pine,-12686.6,-67055,8499.2,-82.02,0.818
R6048,pine,-11778.7,-66623.4,9908.2,-55.84,1.119
R6049,pine,-10775.7,-66498.5,10868,-178.53,1.223
R6050,pine,-8201.8,-66730.7,10894.2,-172.94,1.118
R6051,pine,-7668.1,-66661.5,10619.9,-207.52,1.173
R6052,pine,-6857.4,-66750.1,10350.3,-79.29,1.183
R6053,pine,-5777.7,-67016.9,10060.4,-152.73,0.937
R6054,pine,2225.2,-66420.4,8936.6,-109.12,1.031
R6055,pine,6983,-67127.3,9308.3,28.9,0.978
R6056,pine,21254.4,-66970.3,9775.7,-247.93,1.059
R6057,pine,22273.8,-66725.6,9689.2,-246.68,1.112
R6058,pine,23918.2,-66450,8435.7,-112.37,0.845
R6059,pine,24484.2,-66819.5,8728,-239.31,0.996
R6060,pine,36384.1,-66485.4,11797.5,-15.79,1.198
R6061,pine,37242.8,-67169.2,12029.2,-42.37,0.88
R6062,pine,38138.8,-67012.4,10760.8,-163.19,0.993
R6063,pine,38910.9,-67101.7,10148.1,-49.37,1.139
R6064,pine,39324,-66933.6,9806.9,60.37,0.968
R6065,pine,40666.8,-66529.8,9354.7,-115.02,0.942
R6066,pine,41505.9,-66656.1,9514.1,-148.76,1.163
R6067,pine,42329.5,-67051.6,10458.7,-56.63,0.931
R6068,pine,42632.4,-67168.6,10994.4,-77,1.013
R6069,pine,43849.1,-66642.9,11134,-37.95,0.933
R6070,pine,44123.8,-66658.6,10997.3,-192.47,1.191
R6071,pine,45442.4,-66717.3,11173,-136.67,0.846
R6072,pine,45857.8,-66706.5,11028.1,-109.85,0.902
R6073,pine,47028.7,-66535,11068.4,-206.17,1.144
R6074,pine,47463.4,-66796.2,11471.7,33.66,1.09
R6075,pine,48495,-66649.4,12152.2,-94.29,0.926
R6076,pine,49185.7,-66783.3,12499,66.75,1.115
R6077,pine,49992.7,-66695.5,12294.4,-236.48,0.9
R6078,pine,50882.4,-66853.3,12331.6,-210.68,1.017
R6079,pine,51260,-66667.1,11840.5,-193.36,0.847
R6080,pine,52206.5,-66674.8,11759.7,65.75,0.864
R6081,pine,53413.1,-66466.1,11728.5,-12.45,1.126
R6082,pine,53690.8,-66439,11829.3,-37.16,0.942
R6083,pine,54459.4,-67199.7,12935.5,-187.87,0.969
R6084,pine,55345.3,-66846.1,11690.1,-47.26,1.191
R6085,pine,56367.3,-66605,10849.6,36.59,1.086
R6086,pine,56818.2,-66883.7,10774.5,-140.65,1.042
R6087,pine,57852.4,-66809.8,11690.9,87.45,0.858
R6088,pine,58925.6,-66491.6,12643.5,66.98,0.939
R6089,pine,59317.5,-67104.6,11938.2,-95.03,0.81
R6090,pine,60380.1,-66548.8,10532.7,-104.37,0.865
R6091,pine,61144.6,-66625.1,10008,51.38,1.224
R6092,pine,62088.4,-66563.2,8993.4,-129.5,1.187
R6093,pine,62994.4,-66447.3,8488.6,27.25,1.178
R6094,pine,63725.8,-66569.3,7696.4,-68.8,1.135
R6095,elm,64419,-67025.7,7638.7,-74.93,1.166
R6096,pine,65342.5,-66781.4,8345.4,-20.07,1.121
R6097,pine,65819.8,-66861.2,8764.2,-264.35,1.019
R6098,pine,66881.7,-66765.8,9908.6,75.4,1.174
R6099,pine,68104.6,-66677.9,9085.4,-258.2,1.021
R6100,pine,68842.6,-66998.4,8659.7,-73.94,1.072
R6101,pine,-75916.2,-65932.4,11350.5,-31.88,1.128
R6102,pine,-72846,-65625.5,10217.5,-180.49,1.209
R6103,pine,-70681.9,-66272.2,10394.1,-64.51,1.163
R6104,pine,-69851.2,-65986.8,10765.2,24.12,0.854
R6105,pine,-66695.7,-66231.7,11387.7,72.36,1.048
R6106,pine,-48595.5,-66025.5,9347.2,87.44,0.882
R6107,pine,-47799.7,-66000.3,9096.5,46.86,1.107
R6108,pine,-46409.8,-66019.9,8364.3,38.6,0.814
R6109,pine,-45738,-66371.5,8282.8,67.51,1.063
R6110,pine,-45398.4,-66228.7,8396.9,-20.51,0.848
R6111,pine,-44395.7,-65614.7,8364.1,-9.19,0.999
R6112,pine,-43461.5,-66038.8,8420.2,7.64,1.003
R6113,pine,-42633,-65676.4,8500.8,22.57,0.986
R6114,pine,-42295.1,-66211.1,8528.2,-65.06,1.151
R6115,pine,-41265.3,-65888.3,8815.1,-242.89,1.016
R6116,pine,-40373.1,-65969.3,9914.3,-215.3,0.886
R6117,pine,-39367,-66227.8,11396.9,32.29,1.238
R6118,pine,-38790.8,-66268.7,11894.3,-171.07,0.828
R6119,pine,-37789.7,-66118.4,10599.6,-165.36,0.914
R6120,pine,-37257.2,-65721.4,9547.4,-93.42,0.913
R6121,pine,-27131.8,-65874.2,12395.5,-92.09,1.099
R6122,pine,-25261.8,-66071,9906.7,-14.96,0.913
R6123,pine,-24062.7,-65975.6,9539.9,-80.86,1.02
R6124,pine,-23817.8,-65770,9293.6,-244.26,0.847
R6125,pine,-22924.2,-66104.1,9355.3,-233.87,0.993
R6126,pine,-21728.6,-65670.8,8207.7,-140.68,1.076
R6127,pine,-20808.7,-66387.1,8714.2,-64.51,0.941
R6128,pine,-20151.6,-65897.6,7791.3,-247.2,1.028
R6129,elm,-19216.3,-65606.5,7615.5,-40.79,1.202
R6130,pine,-18608.8,-65762.7,8158.3,80.43,0.9
R6131,pine,-17727.2,-66244.1,8582.9,-75.48,0.841
R6132,pine,-16802.9,-65662.7,7965,-251.05,0.918
R6133,pine,-15579.2,-65862.5,9012.7,-266.77,0.827
R6134,pine,-14726.8,-65788.6,8660.6,68.48,1.165
R6135,pine,-14193.1,-65750.5,8090.7,-68.36,0.884
R6136,pine,-13304.9,-66333.4,7641.9,-76.86,1.157
R6137,pine,-12064.8,-65992.5,8998.5,-182.53,1.062
R6138,pine,-11935.9,-65635,8997.3,27.64,1.002
R6139,pine,-11021,-66193.4,10743,-82.26,0.881
R6140,pine,-9992,-66030.3,10886.3,-216.64,0.808
R6141,pine,-8830.2,-66152.4,10869.6,-133.85,1.019
R6142,pine,-8307.9,-66176,10629.4,-67.68,1.243
R6143,pine,-7909.8,-65809.1,10051.5,-109.67,0.83
R6144,pine,-6516.5,-65792.5,9179.9,60.7,0.914
R6145,pine,-5899.2,-66255.2,9587.4,-49.75,1.142
R6146,pine,25234.3,-65874.8,8871.3,-108.95,1.108
R6147,pine,28497.1,-65662.1,9167.3,-195.63,1.052
R6148,pine,36365.2,-66259.2,11742.2,-21.33,0.876
R6149,pine,37150.7,-65677.7,11192.9,14.34,1.151
R6150,pine,38236.8,-65681.4,9643.3,12.15,0.924
R6151,pine,38514.1,-65619.2,9375.1,-85.55,0.822
R6152,pine,39687.2,-65946.3,8786.2,-54.33,1.192
R6153,pine,40706.9,-65881.7,8521.8,35.72,0.943
R6154,pine,41420.7,-66259.2,9211.4,18.47,1.156
R6155,pine,41844.6,-65644.1,8820.3,-59.8,0.845
R6156,pine,42963.8,-66002.6,10286.7,-131.89,1.032
R6157,pine,43621.9,-66193.2,10963.5,-146.03,1.173
R6158,pine,44017.4,-66352.2,10978.8,-195.24,0.902
R6159,pine,45568.2,-65879,11230.9,33.91,0.961
R6160,pine,46222.1,-66308.6,11092.6,-113.54,0.962
R6161,pine,47151.7,-65603.1,10731.7,-173.27,1.22
R6162,pine,47966,-66176.1,11365.4,36.16,1.073
R6163,pine,48415.2,-65700.2,10851.2,86.02,1.029
R6164,pine,49325.7,-65975.3,11044.5,82,0.857
R6165,pine,50329.6,-65814.8,10708.7,-46.36,0.801
R6166,pine,50660.2,-65614.1,10451,-25,0.845
R6167,pine,51756.7,-66353.9,11418.8,-173.71,1.085
R6168,pine,52273.9,-65949.8,10682.4,1.07,0.856
R6169,pine,52962,-66030.2,11085.9,-162.79,1.04
R6170,pine,53661.3,-65639.7,11028.9,-192.03,1.048
R6171,pine,54900,-65813.2,11360.9,86.35,1.092
R6172,pine,55481.6,-65630.4,10536.9,-122.66,0.818
R6173,pine,56719.6,-65734.2,10577.2,-114.27,1.048
R6174,pine,57078.2,-66205,10731.8,72.99,0.939
R6175,pine,57867.9,-65967.3,11330.6,-100.22,0.934
R6176,pine,58862.3,-66007.4,12524.9,13.9,1.19
R6177,pine,59956.5,-65764.7,10866.5,-133.91,0.977
R6178,pine,60043.8,-66397.8,10835.6,-74.95,1.08
R6179,pine,61158.4,-65792,9187.7,-182.09,1.199
R6180,pine,61782.2,-66298.5,8910.2,-16.22,1.075
R6181,pine,62400.6,-65970,8420.4,13.62,1.207
R6182,pine,63624,-65999.5,7857.7,-174.82,1.244
R6183,poplar,64553.9,-66110.8,7622.1,6.26,0.956
R6184,pine,65037.2,-66066.2,8048.3,-79.57,1.05
R6185,pine,66368.7,-66383,9697.6,-14.75,1.096
R6186,pine,67114.7,-66230.3,9363.3,-182.15,0.993
R6187,pine,67445.6,-66189.7,9227.8,-29.84,0.966
R6188,pine,-73080.4,-65055.7,10410.2,-154.38,1.163
R6189,pine,-71951.4,-65486.6,10078.6,-69.66,1.148
R6190,pine,-70860.3,-65574.2,9645.9,-211.79,1.216
R6191,pine,-69823.9,-65330.4,10275.4,-236.52,1.029
R6192,pine,-68925.4,-64950.4,10302.7,28.65,1.096
R6193,pine,-50367.7,-65578.6,11415.1,-113.53,1.014
R6194,pine,-48844.6,-65301.5,9502.6,-202.82,1.128
R6195,pine,-48332.4,-65482.1,9169.7,-238.18,0.933
R6196,pine,-47812.8,-64960.5,8798.1,-37.71,0.943
R6197,pine,-46483.7,-65039.7,8282.1,-204.22,1.024
R6198,pine,-46273,-65221.2,8265,87.88,1.034
R6199,pine,-45120,-65018.1,8161.5,-84.4,1.159
R6200,pine,-44515.5,-64965.3,8190.1,-165.71,0.915
R6201,pine,-43999.1,-64895.6,8330.1,-20.47,1.116
R6202,pine,-42845.5,-64921.9,9142.1,60.35,0.927
R6203,pine,-41781.1,-65112.4,9358.8,83.6,0.846
R6204,pine,-41434.7,-65577.3,8900.7,-153.05,1.075
R6205,pine,-40684.6,-65074.3,10331.3,-106.78,0.808
R6206,pine,-39933.5,-64856.7,10947.8,-208.23,0.972
R6207,pine,-38673.3,-65004.3,10385.8,-31.62,1.233
R6208,pine,-27801.9,-65157,11114.8,-194.82,1.201
R6209,pine,-26155,-65233.5,10486.5,-28.08,0.801
R6210,pine,-24879.6,-65047.1,8816.6,-155.3,0.964
R6211,pine,-24472.4,-65455,8849.9,-152.8,0.974
R6212,pine,-23566,-65050.2,8189.4,76.95,0.909
R6213,pine,-22955.2,-64997,8438.4,-158.43,1.173
R6214,pine,-22362.8,-64955.3,7841.1,5.8,0.828
R6215,pine,-21409.4,-65448.1,7823.2,-216.68,1.152
R6216,pine,-20511.7,-65007.7,6969.3,-255.01,0.878
R6217,poplar,-19215.3,-64811.9,6905.9,-193.14,0.874
R6218,pine,-18422.2,-65257.3,7776.4,56.9,0.888
R6219,pine,-18007.7,-65435.8,7933.9,-36.35,1.011
R6220,elm,-16897.7,-65231.3,7576.3,-215.01,0.908
R6221,pine,-16424.2,-65430.5,7968.5,-149.94,1.031
R6222,pine,-14672,-65021.4,8259.4,-8.57,0.948
R6223,elm,-13772.2,-64897.8,7529.4,-142.49,1.057
R6224,elm,-12863,-65225.2,7423.4,-248.66,1.147
R6225,elm,-12661.2,-65326.9,7644.1,-73.41,0.807
R6226,pine,-11359.4,-65466.5,10104.5,-122.87,1.025
R6227,pine,-10796.9,-65305.8,10238.3,-67.93,1.125
R6228,pine,-10196.7,-65218.8,9987.2,-70.54,1.066
R6229,pine,-9269.2,-65545.6,10559.5,-8.68,0.864
R6230,pine,-8217,-65507.6,10271.8,-213.49,1.062
R6231,pine,-7469.1,-64895.5,9528.1,-28.45,1.112
R6232,pine,-6976.7,-64998.1,9201.7,-205.98,0.974
R6233,pine,-4459.8,-65247.2,9046.7,-224.06,0.966
R6234,pine,7927,-65558.2,7734.1,21.88,0.883
R6235,pine,22489.1,-65300.9,9431.7,-170.3,1.048
R6236,pine,23217.8,-65247.7,8578.6,-221.23,0.917
R6237,pine,25059.2,-65086.5,8635.1,-6.86,0.908
R6238,pine,26287,-65427,8739.1,-243.17,0.826
R6239,pine,33791.3,-65173,10981.7,-74.22,1.067
R6240,pine,35026,-64851.8,11260.7,33.6,0.835
R6241,pine,35823.5,-65031.8,11412.1,-136.92,1.031
R6242,pine,36413.9,-65573.8,11343,-208.02,1.147
R6243,pine,36859.9,-65153.6,10915.7,-225.19,0.88
R6244,pine,38006.7,-65211.7,9635.3,-117.13,0.975
R6245,pine,38634.4,-65126.2,9142.8,38.13,1.007
R6246,pine,39274.1,-65468,8781.6,61.62,1.192
R6247,pine,40690,-65468.2,8012,-94.75,1.25
R6248,pine,41175.4,-65423.1,8012.3,13.36,1.093
R6249,pine,42009,-65459.6,8645.7,-223.87,1.009
R6250,pine,42909.2,-65259.6,9492.9,-251.44,0.857
R6251,pine,43793.9,-65559.4,10570.6,87.07,0.898
R6252,pine,44688,-65521.9,11191.8,-123.99,0.884
R6253,pine,45258.3,-65512.3,11405.6,-6.17,0.961
R6254,pine,45656.7,-65209.8,11379.2,-104.01,0.918
R6255,pine,46577,-65133.8,11011.6,-131.82,1.165
R6256,pine,47775.9,-65465.7,11006.6,-264.01,1.076
R6257,pine,48417.2,-65227.5,10660.6,-59.18,1.148
R6258,pine,49594.1,-65129.6,10097.7,29.22,1.045
R6259,pine,49873.8,-64872.2,9895,68.36,0.837
R6260,pine,50897.7,-65599.2,10486.5,-63.61,0.94
R6261,pine,51273.4,-65197.1,10290.7,-152.1,0.92
R6262,pine,52537.9,-64807,9829.4,52.25,0.865
R6263,pine,52933.1,-65077,10252.6,-251.76,1.147
R6264,pine,53634,-65183,10654.9,-15.95,1.22
R6265,pine,54595,-65162.7,10755.2,-261.25,1.152
R6266,pine,55512.3,-65496.4,10414.3,-200.39,1.097
R6267,pine,56122.8,-65258.2,10209.6,29.46,1.025
R6268,pine,57594.3,-65281.4,10624.9,-45.3,0.824
R6269,pine,57863.4,-65129.1,10838.8,-161.72,1.005
R6270,pine,58815.3,-65569,11677.3,72.71,0.809
R6271,pine,59726.1,-64802.3,10566,-43.52,0.802
R6272,pine,60418.4,-65567,10065.9,-148.04,1.091
R6273,pine,61502.8,-65090,8823.5,-33.65,1.089
R6274,pine,62382.4,-64807.4,8494.3,-26.58,0.803
R6275,pine,63096.3,-64810.6,8427.2,-22.76,1.104
R6276,pine,63684.6,-65551.4,8031.6,-237.73,0.885
R6277,pine,64784.3,-65193,8658.8,-253.39,1.103
R6278,pine,64962.7,-65320.1,8668,20.76,1.022
R6279,pine,66160.6,-65338.9,8405.7,-1.23,1.092
R6280,pine,66400.6,-65393.5,8472.1,22.24,0.977
R6281,pine,-74130.7,-64001.1,10100.9,-15.68,0.804
R6282,pine,-72847.5,-64060.7,10603.8,83.05,1.136
R6283,pine,-71628.9,-64333.6,9666.8,-267.17,0.937
R6284,pine,-71049.9,-64164.6,9475.3,-128.59,0.899
R6285,pine,-68152.4,-64388.8,10198.4,-103.44,1.139
R6286,pine,-51292.3,-64362.2,11381.3,-141.62,1.211
R6287,pine,-50147.3,-64221.2,10593.8,-53.1,1.174
R6288,pine,-49519.4,-64319.4,10214.8,61.92,1.183
R6289,pine,-48056.5,-64055,8998,-49.39,0.81
R6290,pine,-47208.7,-64377.1,8763.6,-258.42,1.122
R6291,pine,-47014,-64609.8,8593.9,-167.61,1.189
R6292,pine,-46313.6,-64590,8329.5,-246.1,1.19
R6293,pine,-45403.9,-64098.7,8300.3,42.87,1.025
R6294,pine,-44282.7,-64689.5,8238.3,-213.53,0.818
R6295,pine,-43906.7,-64309.8,8513,-217.04,0.814
R6296,pine,-42568.6,-64179.5,9246.5,-229.91,1
R6297,pine,-41615.7,-64227.8,10431.6,-26.91,1.22
R6298,pine,-41180.8,-64378.7,10786.8,-262.16,1.213
R6299,pine,-39491.5,-64052.1,10371.8,-250.37,1.138
R6300,pine,-37964.7,-64080.2,8902.3,-253.98,0.816
R6301,pine,-36451.5,-64109.2,7521.5,-132.28,1.059
R6302,poplar,-35749.8,-64705.4,7682.2,-263.97,1.133
R6303,pine,-27080.4,-64772.5,10479.4,-130.85,0.878
R6304,pine,-26350.9,-64231,9056.8,-45.28,0.905
R6305,poplar,-23980.8,-64471.6,7776.2,-143.72,1.171
R6306,pine,-23171.8,-64554.9,7882.4,-251.39,0.897
R6307,elm,-21626.8,-64720.2,7492.7,-141.32,1.034
R6308,elm,-21387.9,-64123,6943.1,8.57,1.148
R6309,elm,-20463.2,-64226.5,6597,-140.08,0.932
R6310,pine,-19346.7,-64742.8,6831.5,-51.08,1.011
R6311,pine,-18977.5,-64721.6,7026.3,-231.69,1.064
R6312,pine,-17848,-64491.3,7066.4,-112.11,0.965
R6313,pine,-17470.5,-64356.3,6936.3,-257.27,0.847
R6314,elm,-16141.6,-64012.5,7250.2,-103.94,1.184
R6315,pine,-14889.1,-64020.6,7004.8,-132.52,1.158
R6316,elm,-13746.1,-64682,7406.4,-258.89,1.075
R6317,poplar,-12500.3,-64540.3,7676.8,-153.84,0.924
R6318,pine,-11526.1,-64764.5,9188.3,-209.72,1.223
R6319,pine,-11159.4,-64317.2,9431.5,11.64,1.023
R6320,pine,-10062.2,-64236.1,9985.3,-231.08,1.014
R6321,pine,-8999.7,-64721.6,10162.4,4.93,0.87
R6322,pine,-8457.2,-64248.3,10125.5,-81.14,1.081
R6323,pine,-7803.5,-64646.7,9804.4,73.2,1.064
R6324,pine,-6538.7,-64638,8557.7,-54.63,1.158
R6325,elm,-5352.1,-64235.3,7615,-243.91,1.049
R6326,pine,2777.2,-64043.9,8383.4,-233.92,1.155
R6327,pine,4462.9,-64475.8,9284.1,31.55,1.135
R6328,pine,5946.4,-64640.7,8514.7,-186.71,0.804
R6329,elm,7057.8,-64108.6,7797.1,-262.09,0.818
R6330,pine,7303.1,-64167.1,7663.9,24.78,0.914
R6331,pine,8704.7,-64264,7608.9,-7.9,1.135
R6332,pine,9880.5,-64530.9,7879.9,-23.18,0.983
R6333,pine,11936.8,-64031.3,7644.4,49.05,1.098
R6334,pine,23665,-64438.1,9185,28.63,1.069
R6335,pine,24305,-64505.5,8641.2,-86.45,1.051
R6336,pine,26032.7,-64042.6,8182.1,-143.43,0.843
R6337,pine,27942.8,-64659.3,8287.1,-1.56,1.204
R6338,pine,34356.9,-64151.3,11226.8,-210.26,0.9
R6339,pine,34865.4,-64409.2,11133.5,47.96,1.215
R6340,pine,35747.2,-64473.2,10500.9,-230.23,0.872
R6341,pine,36615.1,-64599.6,10686.1,-70.34,1.121
R6342,pine,37447.9,-64602.4,10049.6,-87.33,0.991
R6343,pine,37915.2,-64480.8,9660.8,-197.11,0.983
R6344,pine,39078.7,-64029.5,8652.2,-140.47,1.09
R6345,pine,39952.3,-64046.1,8041.3,-87.91,0.802
R6346,pine,40794.7,-64235.1,7963.6,67.55,1.162
R6347,pine,41203,-64035.8,8278.2,-87.98,1.197
R6348,pine,42378.6,-64744.7,8601.2,-10.62,0.891
R6349,pine,42555.6,-64257.2,9119.5,-24.26,0.827
R6350,pine,43552.2,-64582.8,10080.2,53,0.812
R6351,pine,44305.2,-64011.3,10887.7,-80.53,1.239
R6352,pine,45401.6,-64418.2,11243.2,-226.67,1.165
R6353,pine,45614.5,-64608.5,11510,64.69,1.056
R6354,pine,46857,-64480.8,11191.7,-98.22,1.218
R6355,pine,47426,-64341.6,10729.5,-157.92,1.245
R6356,pine,48960.8,-64090.6,10488.5,61.69,0.858
R6357,pine,50200,-64298.2,10022.1,83.06,0.811
R6358,pine,50839.9,-64451,9831.5,19.53,0.989
R6359,pine,51435.6,-64458.2,9637.7,-191.42,0.993
R6360,pine,52569.2,-64130.2,9515.9,8.78,0.866
R6361,pine,52894.4,-64497.3,9665.9,-241.53,1.028
R6362,pine,53822.2,-64066.5,9672.6,-96.21,1.171
R6363,pine,54675.1,-64046.7,8972.7,-75.46,0.82
R6364,pine,55403.6,-64567.4,9321.4,-208.6,0.951
R6365,pine,57539.7,-64194.6,9472.8,-67.59,0.993
R6366,pine,58099.1,-64684.1,10564.8,-143.96,1.153
R6367,pine,59000.5,-64076,10948.4,-252.13,1.244
R6368,pine,59629.1,-64731.5,10655.9,-176.11,1.157
R6369,pine,60203.8,-64188.6,10726.1,82.3,1.216
R6370,pine,61341.5,-64375,9615.1,-184.71,1.204
R6371,pine,61828.5,-64355.1,9018.6,-49.99,0.86
R6372,pine,62953,-64665.1,8628.4,-6.8,1.188
R6373,pine,63618.1,-64495.9,8862.4,-265.21,0.848
R6374,pine,64308.7,-64177.2,9242.2,-204.24,1.247
R6375,pine,64964.4,-64589.4,8755.7,-142.54,1.174
R6376,pine,77731.2,-64186,7330.4,63.44,1.232
R6377,pine,-70616.3,-63314.1,10065.7,-212.39,0.818
R6378,pine,-51641.1,-63446.8,10880.4,-220.75,1.047
R6379,pine,-50327.6,-63451.6,10368.1,69.68,0.898
R6380,pine,-49075.6,-63844.5,9730.8,-5.22,0.95
R6381,pine,-48767.1,-63557.1,9619.1,-149.16,0.95
R6382,pine,-47797.1,-63955.1,8876.5,55.98,0.952
R6383,pine,-47176.3,-63461.1,9127.8,-49.7,1.148
R6384,pine,-46171.9,-63530.4,8191.9,-11.05,0.919
R6385,pine,-44915.7,-63867.5,8284.3,38.27,1.023
R6386,pine,-44504.4,-63247.8,8785.7,-231.45,1.197
R6387,pine,-43237.4,-63426.2,9212.8,-156.81,1.038
R6388,pine,-42856.3,-63407.6,9446.8,74.37,1.175
R6389,pine,-40779.9,-63555.5,10420,-225.14,0.93
R6390,pine,-39280.4,-63508.7,10046.8,-17.77,0.927
R6391,pine,-27482.7,-63791.5,9113.8,-84.17,0.874
R6392,pine,-26464.3,-63585.9,8442.1,28.62,0.996
R6393,pine,-25084.4,-63306.6,8208.4,-193.92,1.119
R6394,poplar,-20980.3,-63715.4,6693.4,-165.98,1.24
R6395,pine,-20153.5,-63275.9,6589.2,-76.46,1.056
R6396,pine,-19302.8,-63669.9,6451.3,-236.77,1.084
R6397,elm,-19094,-63785.6,6516.2,47.07,1.198
R6398,pine,-18347.7,-63787.7,6895.5,-166.14,0.933
R6399,poplar,-17282.3,-63203.8,7313,-206.78,0.831
R6400,poplar,-16778.9,-63343.5,7231.3,-205.04,1.025
R6401,pine,-15841.7,-63424,7020.1,-149.01,0.982
R6402,pine,-14353.8,-63929.3,6816,-172.66,1.24
R6403,pine,-12827.1,-63999.4,7224.6,0.9,1.16
R6404,pine,-12091.8,-63492.3,7950.4,-199.46,0.813
R6405,pine,-11459.6,-63416.9,8705.7,59.88,1.081
R6406,pine,-10862.3,-63988.1,9287,-230.34,0.922
R6407,pine,-9854.7,-63971.3,9671.9,-225.96,1.112
R6408,pine,-9528.7,-63544.7,9156.4,-101.49,0.883
R6409,pine,-8398.5,-63769.3,9434.5,-191.03,1.141
R6410,pine,-7226.6,-63356.2,7636.3,65.61,1.147
R6411,pine,-5701.8,-63629.6,7355.6,-242.65,1.188
R6412,pine,5164.5,-63266.6,8510.7,-114.27,1.107
R6413,pine,6062.1,-63544.3,8604.6,-39.51,0.803
R6414,elm,8348.7,-63253.9,7234.2,34.78,0.855
R6415,pine,10393.3,-63754.5,7539.9,-171.11,1.239
R6416,pine,11110.9,-63759.4,7811,-6.17,0.999
R6417,pine,11224.8,-63998.2,7708.2,-179.26,0.899
R6418,pine,14299.1,-63274.4,5975,-99.43,0.845
R6419,pine,24722.4,-63823.7,8648.5,-19.65,0.977
R6420,pine,35132.1,-63284.1,9671.7,65.93,0.945
R6421,pine,36374.2,-63750.2,9985.4,-217.66,1.088
R6422,pine,36824.7,-63646.3,10103.8,85.26,1.243
R6423,pine,37711.6,-63379.4,9603.3,-94.9,1.167
R6424,pine,38518.7,-63409.6,8985,-231.33,0.99
R6425,pine,39728.5,-63973.5,8157.2,-190.26,1.111
R6426,pine,40432.2,-63605.8,8379.8,-102.02,0.916
R6427,pine,41043.3,-63477.2,8665.9,-137.19,0.954
R6428,pine,42318.6,-63676.5,9021.9,-208.35,1.173
R6429,pine,42646.9,-63684.5,9219.7,-217.06,0.859
R6430,pine,43734.7,-63637.9,10127.1,65.69,1.244
R6431,pine,44718.9,-63491.9,11148.1,0.95,0.91
R6432,pine,44852.9,-63310.7,11198.7,-103.59,1.061
R6433,pine,46382.6,-63654.4,10978.7,-138.08,1.01
R6434,pine,48508,-63580.7,10815.2,-123.45,1.17
R6435,pine,48854.2,-63641.1,10619.5,-231.45,0.862
R6436,pine,50281.6,-63522.1,9898.6,-207.74,0.888
R6437,pine,50733.5,-63233.6,9909.8,-234.98,0.866
R6438,pine,51293.3,-63809.9,9910.7,-228.59,0.854
R6439,pine,52326.6,-63338.2,9516.8,-74.53,1.028
R6440,pine,53192.2,-63390.4,9235.8,-40.48,1.061
R6441,pine,53813.2,-63533.9,8988.7,79.07,0.915
R6442,pine,55024.9,-63723.1,8157.4,-115.47,1.134
R6443,pine,55584.9,-63502.1,7956.6,-83.03,0.957
R6444,pine,56141,-63411.3,7921.5,-229.97,0.867
R6445,pine,57196.4,-63606,8655,-150.47,1.094
R6446,pine,57941.5,-63409.1,9471.4,-34.07,0.912
R6447,pine,58488,-63986.9,10650,-259.39,1.053
R6448,pine,59624.4,-63601.2,11402.6,-14.09,1.141
R6449,pine,60653.1,-63767.2,10693.1,-146.88,1.006
R6450,pine,60941.6,-63648.5,10296,-232.13,1.045
R6451,pine,62311.6,-63733,9373.4,83.96,1.152
R6452,pine,62473.5,-63526.8,9766.2,-8.37,1.102
R6453,pine,63840.2,-63816,10026.2,-71.54,1.242
R6454,pine,65208.4,-63631.3,8821.6,74.34,0.8
R6455,pine,-66992.8,-62428,11224.5,-112.39,1.205
R6456,pine,-64444.8,-62489.3,12379.1,-86.84,1.013
R6457,pine,-62165.1,-62896.6,13716.3,-212.62,0.825
R6458,pine,-51421.2,-62635.7,10118.7,4.22,1.13
R6459,pine,-50482.2,-62813.1,9979.9,71.48,0.928
R6460,pine,-49476.2,-63192.3,10096.2,31.22,1.031
R6461,pine,-48586.3,-63067.3,9199.1,-195.12,1.079
R6462,pine,-47880,-62866.1,8745.8,-149.17,0.981
R6463,pine,-46438.1,-63072.8,8392.2,-57.3,0.998
R6464,elm,-46259.7,-62439.2,7270.7,-240.43,0.819
R6465,elm,-44891.5,-62487.3,7754,-95.36,1.134
R6466,pine,-44437.3,-62863.1,8560.3,-35.14,1.123
R6467,pine,-42940.3,-62608.3,9461.9,-97.61,1.076
R6468,pine,-27314,-62923,8330.2,-0.73,0.846
R6469,pine,-25941.8,-63028.7,7875.5,-6.83,1.112
R6470,pine,-22282.9,-63094.7,7063.6,-59.95,0.993
R6471,pine,-20814.9,-62539,6807.4,-107.07,1.067
R6472,pine,-20025.4,-62556.6,6345.3,-9.55,1.164
R6473,pine,-19555.2,-62667.2,6347.2,78.34,0.941
R6474,elm,-18604.1,-62599.3,6741.8,-250.33,0.912
R6475,pine,-17748.2,-62899.5,7343.1,-13.37,0.879
R6476,elm,-17512.5,-62969.3,7376.6,-4.85,1.182
R6477,poplar,-16178.6,-62667.4,6884.8,-24.9,0.974
R6478,elm,-15540.2,-62605.7,6215.5,-122.12,0.892
R6479,pine,-14971.2,-62709.2,6022,-98.92,1.084
R6480,pine,-12137.3,-62886.2,7572.2,-142.78,0.899
R6481,pine,-11120.3,-62914.6,8056.4,73.65,1.138
R6482,pine,-9837,-63127.3,8244.4,-139,0.988
R6483,pine,-9304.1,-63079.4,8592.9,-20.37,0.95
R6484,pine,-8692.2,-62408.3,7958,-172.01,0.89
R6485,pine,-7694.3,-62846.6,7682.7,-38.66,1.192
R6486,poplar,-6433.5,-62630.5,7479.6,-251.07,0.953
R6487,pine,3951.7,-62743,8060.7,-248.94,0.801
R6488,pine,4733,-62420,7375.1,56.99,0.808
R6489,pine,4925.3,-62572.5,7453.9,51.95,1.036
R6490,pine,5684.4,-63057.1,8235.5,-108.63,1.124
R6491,elm,7863.1,-62619.9,6916.1,-27.89,0.818
R6492,pine,8625.6,-62614.7,7108.3,-206.31,0.821
R6493,elm,8910.2,-63191.6,7319.1,-66.43,0.884
R6494,elm,10291.3,-62479.9,7109.2,-50.08,0.987
R6495,elm,10751.5,-63006.5,7491.9,-134.4,1.171
R6496,pine,12748.3,-62745.3,7423.6,-230.44,0.832
R6497,elm,13444.4,-62549.8,6806.8,-114.01,1.141
R6498,pine,14342.4,-62910.7,6091.4,-234.7,1.218
R6499,elm,15895.2,-62815,6478,21.1,0.934
R6500,pine,22641.1,-63020.1,9786.2,-190.95,1.194
R6501,pine,24950.8,-62654.8,8068.9,-209.11,0.861
R6502,pine,34088.4,-62580.2,10068.6,-223.97,1.01
R6503,pine,35906.9,-62581.2,9416.8,-34.07,0.949
R6504,pine,36542.7,-62415.8,9567.5,-82.13,0.978
R6505,pine,37429,-62720.2,9496.1,-3.71,0.827
R6506,pine,37637.7,-62764.8,9441,53.22,0.835
R6507,pine,38427.1,-62986.6,9057.2,30.97,0.836
R6508,pine,39788.3,-62613.3,9159.6,-8.66,1.079
R6509,pine,40381.3,-62496.8,9310.4,14.2,1.158
R6510,pine,41404.9,-62420.6,8442.2,-263.97,0.973
R6511,pine,41985,-62882.3,8755.1,-40.69,0.994
R6512,pine,44114.1,-62618.6,10271.6,-237.22,1.17
R6513,pine,45655.5,-62899.5,10859.7,-187.89,1.098
R6514,pine,47104.3,-62442.8,11483.1,43.69,0.858
R6515,pine,47989.3,-63183.8,11150,-124.26,0.964
R6516,pine,48204.6,-62609,12250.9,-179.35,1.14
R6517,pine,49335.2,-62891.8,10697.6,7.36,1.062
R6518,pine,49897.1,-62693.4,10428.6,-105.96,0.929
R6519,pine,50491.8,-63055.8,9961.8,5.17,1.036
R6520,pine,51908.4,-62632.4,9446.1,-214.22,1.219
R6521,pine,52607.9,-63179.1,9382.3,-207.7,0.84
R6522,pine,52839.5,-63057.1,9179.8,73.18,0.807
R6523,pine,54174.2,-63116.8,8193.9,48.85,1.193
R6524,poplar,54974.3,-62988.7,7625.5,-40.88,0.8
R6525,poplar,55639.1,-62540.1,7398.1,-192.18,1.02
R6526,elm,56546,-62878.9,7293.7,-60.59,1.026
R6527,elm,56841.2,-63004.4,7599.1,-150.92,1.003
R6528,pine,58176.5,-63066.7,9775.8,-117.03,0.861
R6529,pine,58790.8,-62487.7,10570.2,-8.79,1.203
R6530,pine,59410.1,-62738.2,11392.2,-166.91,0.911
R6531,pine,60720.3,-62906.6,10468.9,-87.2,1.161
R6532,pine,61155.8,-62926.7,10027.2,-85.26,0.98
R6533,pine,61754.5,-62966.4,9811.5,15.6,1.089
R6534,pine,62476.6,-62655.7,10411,-230.46,1.059
R6535,pine,76647.9,-62525.6,7569.3,-16.89,1.036
R6536,pine,77349.5,-63057.1,7173.6,65.93,0.969
R6537,pine,-71772.7,-62000.6,10858.9,9.55,0.828
R6538,pine,-67253.2,-61679.1,10845.1,-50.28,0.958
R6539,pine,-66797.8,-62126.9,11215.4,-178.77,0.945
R6540,pine,-65633.9,-61681.2,11402.8,-202.44,0.984
R6541,pine,-64446.5,-61851.9,13208.1,-180.21,0.993
R6542,pine,-62098.8,-61880.9,13235.4,7.55,1.106
R6543,pine,-61408,-61682,12562.4,88.69,0.973
R6544,pine,-52881.7,-62258.1,9774.5,16.42,1.159
R6545,pine,-51345.3,-61831.3,9968.7,-133.06,0.828
R6546,pine,-49846.4,-62209.9,10015.9,-4.6,0.938
R6547,pine,-48859.7,-61960.9,9144.6,59.31,1.153
R6548,pine,-48751.5,-62001.2,9022.6,53.51,0.843
R6549,poplar,-47687.4,-61623.6,7279.2,-141.88,0.877
R6550,pine,-46657.2,-62272.9,7289.9,76.15,0.997
R6551,pine,-45722.8,-62053.3,6706.9,-269.04,1.131
R6552,pine,-45165.2,-61850.3,6801.3,-230.32,0.93
R6553,elm,-44400.8,-61767.4,7410.1,-94.66,1.159
R6554,pine,-43601.1,-62327.2,8983.9,83.27,1.207
R6555,elm,-28251,-61827,6652.6,82.87,0.981
R6556,pine,-24294.3,-62094.1,7455.3,-70.05,1.187
R6557,poplar,-23156,-61997.1,6837.9,-216.03,1.038
R6558,pine,-22170.1,-62268.3,6779.2,-5.95,1.249
R6559,pine,-21291.3,-61870.4,6542.3,-206.1,0.802
R6560,elm,-20735.6,-61927.2,6596.8,-269.22,0.995
R6561,poplar,-19910.7,-61812.8,6490.1,-52.45,1.16
R6562,elm,-18941.8,-61630.6,6245.7,-80.74,1.164
R6563,pine,-18256,-61721.2,6454.7,59.12,1.197
R6564,pine,-17430.5,-61855.8,6983.8,-50.12,1.027
R6565,pine,-16368.7,-61992.4,6144.7,-84.67,1.115
R6566,elm,-15555.4,-62345.2,5923.9,66.95,1.001
R6567,elm,-14778.3,-62368.5,5649.6,49.34,0.847
R6568,poplar,-12695.3,-61897.1,5610.5,-242.75,1.17
R6569,poplar,-11011.3,-62244,7456.4,-136.28,1.125
R6570,elm,-10087.8,-61824.9,7143.9,-68.23,0.964
R6571,pine,-9376.1,-61629.1,7299.4,66.74,1.111
R6572,elm,-8653.3,-61928.9,7719.6,-8.23,1.103
R6573,pine,6166.6,-62395.9,6855.7,-242.79,1.207
R6574,elm,7017.9,-61682.6,5316.7,-105.43,1.081
R6575,pine,8109.9,-62106.3,6035.8,-82.22,1.082
R6576,pine,9378.6,-61824.7,5825.6,-163.09,1.081
R6577,poplar,11003.8,-61866.4,6857.7,-249.21,0.853
R6578,pine,11256.9,-62120.2,7074.7,19.12,0.939
R6579,pine,12617.6,-61619.2,6686.3,-85.33,0.935
R6580,elm,14042,-61739.6,6059,12.02,1.222
R6581,pine,15166.5,-62351.8,5920.5,66.57,0.932
R6582,pine,15668.5,-62031.2,6126.2,-259.9,0.949
R6583,elm,16545.5,-61692.3,6579.7,-207.72,1.227
R6584,pine,20024.7,-61628,9838.2,-247.84,0.871
R6585,pine,21304.5,-62066.3,10208.4,-13.2,1.218
R6586,pine,22397.3,-62377.1,9818.3,-234.94,1.23
R6587,elm,24741.9,-62185.2,7712.3,-146.99,1.084
R6588,pine,26467.3,-62198.5,8553.3,-140.91,1.02
R6589,pine,36132,-62397.6,9487.7,-234.61,1.169
R6590,pine,37637.5,-61888.8,9746,-251.72,0.889
R6591,pine,38685,-62220.6,9358.5,-78.65,1.149
R6592,pine,43398.7,-62212.9,9991.8,-70.62,1.062
R6593,pine,44069.4,-61785.3,10493,-269.25,0.841
R6594,pine,46099.1,-62236.9,11347.7,-25.84,1.196
R6595,pine,47861.2,-62223.2,12449.3,-90.48,1.016
R6596,pine,48139.5,-62018.4,12893.7,46.3,1.165
R6597,pine,49459.8,-61947.3,11186.4,-114.19,1
R6598,pine,50043.4,-61941.5,10625.5,-235.41,1.069
R6599,pine,50453.1,-62171.8,10315.5,-24.18,0.825
R6600,pine,51252.3,-62016.1,9623.7,-179.7,0.805
R6601,pine,52506.5,-62171.3,8247.8,-95.84,1.078
R6602,pine,53315.2,-62339.6,8008.5,-128.25,0.86
R6603,elm,54137.9,-61902.5,7297.6,-254.56,0.897
R6604,pine,54493.5,-62029,7271.3,-84.65,1.058
R6605,poplar,55631.8,-62194.1,7343.2,-251.71,0.815
R6606,elm,56131.8,-62121.5,7052.9,-120.09,0.943
R6607,pine,57321.9,-62036.3,7793.1,-241.72,0.823
R6608,pine,58123.8,-62344.8,9449.6,-54.77,1.143
R6609,pine,58848,-62378.1,10546.5,-22.44,1.037
R6610,pine,59421.2,-61902.4,10441.6,-35.96,0.912
R6611,pine,60779.6,-61974.9,10170.3,-126.78,1.079
R6612,pine,61397.5,-62253.1,9830.7,-128.93,0.855
R6613,pine,61603.5,-61764.5,10255.8,-34.57,1.046
R6614,pine,62518.7,-61683.1,9979.3,-187.62,0.845
R6615,pine,79177.9,-62074,5945.7,-268.2,0.868
R6616,pine,-70040.9,-61367.8,11288.5,-132.99,1.065
R6617,pine,-67389,-61489.2,10732.7,-154.77,0.916
R6618,pine,-66505.3,-61186.9,10981.9,-84.93,0.945
R6619,pine,-65140.1,-61562.7,11648,-7.41,0.826
R6620,pine,-64603.7,-61547.6,12646.6,-175.52,0.862
R6621,pine,-63427.1,-60954.1,13491.4,-8.22,1.219
R6622,pine,-50052.6,-61222.4,9587.8,-218.12,1.095
R6623,pine,-49199.4,-61153.3,9043.7,-36.84,1.099
R6624,pine,-48584.4,-61521.7,8147.3,-223.79,1.085
R6625,pine,-47784,-61047.8,7098.1,-27.08,1.196
R6626,pine,-46656.3,-60843.1,6312.1,4.45,1.23
R6627,elm,-46055.4,-60935.4,5949.4,-156.99,1.066
R6628,pine,-45025.8,-61577.8,6590.1,73.98,0.983
R6629,pine,-44573,-61062.3,6393.7,-264.24,1.111
R6630,pine,-43013.4,-61028.2,7421.1,75.38,1.143
R6631,pine,-41947.1,-61024.5,7518.6,-28.02,0.931
R6632,pine,-28705.4,-61559.1,6041.7,51.38,0.985
R6633,pine,-24393.9,-61514.2,7318.1,-24.96,0.821
R6634,pine,-23829.2,-61010.3,6651,-71.6,0.806
R6635,pine,-22107,-61134.2,6095.5,-220.94,1.038
R6636,pine,-21129.2,-61310,6263.6,-50.19,1.103
R6637,elm,-20019,-61341.8,6700.3,26.65,1.071
R6638,elm,-19791.1,-60974.3,6662.6,13.36,0.965
R6639,pine,-19151.9,-60876,6456.5,53.22,1.198
R6640,elm,-17918.3,-61169.8,6397.7,-162.82,0.899
R6641,elm,-16862.9,-61502.3,6340.7,-227.7,1.127
R6642,pine,-16106.7,-60922.9,5436.3,-207.7,1.042
R6643,pine,-14063.4,-60981.1,4880.9,7.1,0.903
R6644,poplar,-12980.8,-61409.4,5131.9,-235,0.983
R6645,elm,-12064,-60985.1,5671.7,-169.39,0.982
R6646,pine,-11356.1,-61215.5,6423.4,-128.4,1.213
R6647,pine,-10498.6,-60929.7,6588.5,-61.36,1.078
R6648,elm,-9665,-61175.4,6906.9,-154.07,0.812
R6649,poplar,-8825.4,-61024.7,7339,-253.39,0.845
R6650,elm,-8659.8,-60866.7,7219.8,-35.28,1.204
R6651,poplar,-6911.7,-61460.8,7283.7,-34.61,0.863
R6652,poplar,3554.6,-61283.6,6370.6,-16.95,1.179
R6653,pine,7585.4,-61427.3,5153.2,-22.75,1.236
R6654,pine,8473.2,-61080.9,5034.3,-89.88,0.944
R6655,pine,9399.8,-60915.3,4929.2,-116.24,1.156
R6656,elm,9959.9,-60831.1,5060.5,-261.8,0.934
R6657,pine,10579.7,-61125.7,5745.8,7.85,1.08
R6658,pine,11678,-61181,6266.6,84.1,1.012
R6659,elm,12333.5,-60831.2,5989.2,-63.22,1.112
R6660,pine,13396,-61097.7,5962.2,-23.7,1.186
R6661,pine,13886,-61393.9,5928.2,-47.87,1.248
R6662,poplar,14945.8,-61169.8,5508.4,-136.28,1.167
R6663,pine,15365.4,-61308.7,5831.8,-57.52,0.999
R6664,elm,16304.8,-61576.2,6418.2,-43.41,0.954
R6665,pine,19547.8,-61460.5,9169.8,1.71,1.095
R6666,pine,20006.5,-61300.5,9362.4,-76.08,0.879
R6667,pine,21083,-61479.9,9646.3,18.91,1.062
R6668,pine,21871.4,-60921.9,8616.3,45.16,0.853
R6669,pine,22584.1,-61165.7,8619.2,-256.65,0.936
R6670,pine,24138.9,-61451.9,7976.9,-208.89,0.915
R6671,pine,25247.6,-61388.6,7481,-249,0.925
R6672,pine,26411.6,-61272.6,7868.7,-157.77,0.851
R6673,pine,27391.2,-60816.1,7164.6,-91.56,1.111
R6674,pine,30370.1,-61517.3,7178.8,-42.41,0.849
R6675,pine,35137.6,-61245.3,8975.8,-93.77,0.919
R6676,pine,36731.7,-61496.2,9178.2,-1.95,1.179
R6677,pine,37159.2,-61058.7,9289.5,74.69,1.116
R6678,pine,38109.2,-61094.5,9477.8,-19.79,0.996
R6679,pine,39138.5,-61335.6,10128.9,-151.09,1.135
R6680,pine,41483.3,-61384.2,8683.3,-112.43,1.232
R6681,pine,41739.1,-61112.5,8850.6,-196.79,1.115
R6682,pine,42630.6,-61168.7,9633,88.37,0.858
R6683,pine,44524.2,-61273.2,10601.8,-46.18,1.204
R6684,pine,45099.6,-61494.3,10927.4,-266.69,0.967
R6685,pine,46289.9,-61241.3,12171.4,-216.87,1.198
R6686,pine,47161.2,-61294.2,11970.9,-132.3,1.117
R6687,pine,47453,-61143.1,12032.2,-161.9,1.068
R6688,pine,48705.7,-60949.1,11235.3,-44.46,1.228
R6689,pine,49407.3,-61227.9,11327.2,87.28,0.909
R6690,pine,49643.4,-60919.5,11120.8,-125.72,0.937
R6691,pine,51119.8,-61328.3,9393.2,-95.9,0.832
R6692,pine,51347.3,-61414.4,8961.5,-198.57,1.015
R6693,elm,52330.5,-60954.8,7764.2,-34.79,1.228
R6694,pine,52827.7,-61430.7,7455.8,-159.88,0.943
R6695,pine,53940.1,-61072.2,6753.3,87.18,1.094
R6696,elm,54718.2,-61480.3,6859.4,34.25,1.19
R6697,elm,55784.8,-61587.3,7008.4,-201.51,0.966
R6698,elm,56323.4,-61289.6,6687.4,-248.59,1.064
R6699,pine,57352.1,-61230.7,7625.7,-39.17,1.046
R6700,pine,58257.5,-61098,8830.3,-251.47,1.076
R6701,pine,58746.6,-61271.2,9264.7,-183.63,0.967
R6702,pine,59898.2,-61519.9,10017.2,33.42,0.998
R6703,pine,60048.1,-60836.2,9222.5,-214.87,1.202
R6704,pine,61173.4,-60817.8,9526.5,-234.58,1.045
R6705,pine,62129.7,-61466.2,10079.3,-97.36,1.134
R6706,pine,63135.9,-61192.9,9670.2,7.02,1.227
R6707,pine,63698.5,-61168.6,9219.7,-179.89,0.959
R6708,pine,69591.7,-60888.8,6494.3,-173.39,1.089
R6709,poplar,72235.1,-61425.5,5550,40.31,0.89
R6710,elm,79064.1,-61340.6,6005.4,-255.39,1.078
R6711,pine,-69602.8,-60680.8,10738.8,-265.52,1.196
R6712,pine,-64258,-60441.7,13177.5,-49.86,1.179
R6713,pine,-62879.6,-60135.3,12781.4,-84.92,0.978
R6714,pine,-62014.8,-60289.1,12041.9,-60.37,1.155
R6715,pine,-61308,-60759.1,11999.3,86.29,0.91
R6716,pine,-60514,-60166.4,11213.5,-185.39,0.916
R6717,pine,-59411,-60524.5,10678.2,-199.04,0.83
R6718,pine,-59078.2,-60491.2,10720.7,-113.16,1.085
R6719,pine,-58014.7,-60549.2,9921.9,-175.93,0.839
R6720,pine,-53939.5,-60456.6,9858.3,-246.05,1.036
R6721,pine,-52185.4,-60214.1,9644.1,-79.03,0.928
R6722,pine,-51749.7,-60538.4,10183.8,62.22,0.861
R6723,pine,-50471.2,-60610.6,9981.3,41.51,1.047
R6724,pine,-49733,-60733,9264.1,-86.48,1.087
R6725,pine,-48867.3,-60120.7,7667,-180.05,0.953
R6726,pine,-48111.6,-60259.8,7576.2,-75.92,1.081
R6727,pine,-47221.7,-60339.3,6741.4,61.59,1.184
R6728,pine,-47064.4,-60603.1,6612.1,-104.44,0.894
R6729,pine,-45980.3,-60046,5596.3,-256.74,1.207
R6730,elm,-45448.5,-60209,5490,-228.64,1.114
R6731,pine,-44096.5,-60045,5658.3,-92.21,1.073
R6732,elm,-43921.6,-60467,6147.4,-182.26,1.15
R6733,poplar,-42331.9,-60350.6,7022.2,-194.04,0.956
R6734,elm,-28002.7,-60377.5,6009.5,70.21,0.898
R6735,pine,-24096.3,-60408.1,5911.8,-268.19,1.085
R6736,pine,-22581.8,-60683.5,5843.8,51.13,1.107
R6737,elm,-22360.2,-60206.4,5813.1,-22.41,1.06
R6738,elm,-21575.4,-60462.2,5920.7,59.24,1.179
R6739,pine,-20763.9,-60790.1,6366.9,-125.97,1.126
R6740,pine,-19508.8,-60662.2,6278.3,-244.94,1.045
R6741,pine,-18715.4,-60002,6297.2,-44.33,0.894
R6742,elm,-18113.3,-60325.7,6480.4,-80.54,0.998
R6743,elm,-16854.9,-60661,6158.8,-37.41,1.203
R6744,pine,-16414.2,-60716.7,5934.2,-140.3,0.921
R6745,pine,-15820,-60747.9,5108.1,-124.54,0.946
R6746,pine,-13744.4,-60716.1,4828.9,-56.59,1.108
R6747,pine,-12230.5,-60330.6,5213.5,-76.67,1.042
R6748,pine,-11720.2,-60739.4,5795.1,-259.68,1.196
R6749,pine,-10514.5,-60415.8,5753.9,-86.49,1.087
R6750,poplar,-10350.6,-60156.5,5351.5,-32.97,1.038
R6751,pine,-9011.4,-60701.3,6817,33.8,1.214
R6752,elm,-8313.3,-60053.1,6518.2,-209.39,1.104
R6753,pine,-7079.1,-60251.1,7353.2,-102.4,1.163
R6754,pine,7869.3,-60031.6,4694.5,25.08,0.962
R6755,elm,9374.2,-60339.8,4646.9,58.3,1.103
R6756,pine,10103.3,-60731.1,4995.4,-199.95,1.017
R6757,pine,11353.6,-60204,4909.9,56.28,0.915
R6758,elm,12504.5,-60145.5,5403.9,-216.27,1.054
R6759,elm,13254.8,-60744.3,5767,-187.64,1.026
R6760,pine,13853.8,-60186.7,5336.9,-29.63,0.898
R6761,elm,14871.5,-60035.6,5001.5,69.85,1.237
R6762,elm,15464.9,-60619.6,5295,-62.76,1.125
R6763,poplar,16080.9,-60268.9,5870.3,12.41,0.947
R6764,pine,16827.8,-60584.9,6781.9,51.7,1.078
R6765,elm,18844,-60061.7,6283.6,-117.5,0.821
R6766,pine,19695.9,-60041.4,6622.1,-18.36,1.152
R6767,pine,21460,-60591.2,8376.8,-79.52,1.065
R6768,pine,21640.1,-60585.5,8329.3,1.56,1.213
R6769,poplar,22624.4,-60241.6,7663.7,31.83,1.053
R6770,pine,23461.5,-60704.6,7899,-202.17,1.018
R6771,elm,24026.4,-60085.7,7535.3,-115.56,1.124
R6772,elm,25519.6,-60479.9,7413.2,-102.74,1.24
R6773,pine,25637.8,-60706.1,7441.6,-30.64,1.176
R6774,poplar,27017.6,-60574.2,7128,82.7,0.822
R6775,pine,37563.1,-60515.9,9354.9,-43.33,1.046
R6776,pine,37830.4,-60180.3,9316.6,33.29,1.115
R6777,pine,39556.2,-60258.3,8694.4,-153.29,0.983
R6778,pine,41196.1,-60549.9,8890.2,50.82,1.233
R6779,pine,41686.7,-60610.2,8776.9,-184.26,1.098
R6780,pine,43457.4,-60195.1,9834,-80.19,1.011
R6781,pine,46111.6,-60437.2,11443.8,88,1.097
R6782,pine,47094.1,-60125,11052.7,-105.43,0.814
R6783,pine,47748.5,-60404.2,11666.1,-230.28,0.978
R6784,pine,48780,-60545.2,10805.9,-224.3,0.917
R6785,pine,49371.3,-60245.8,10707.4,70.01,0.866
R6786,pine,50066.3,-60154.8,10546.3,-65.15,0.858
R6787,pine,50992.2,-60332.1,9340.9,44.35,1.141
R6788,pine,51740.4,-60024.3,8318.9,17.96,1.04
R6789,pine,52787.3,-60187.6,7430.1,-1.44,1.034
R6790,pine,52928.2,-60767.2,7180,-170.27,1.236
R6791,pine,54090,-60726.9,6503.4,-51.38,0.935
R6792,poplar,54737.4,-60668,6432.4,-161.87,1.231
R6793,poplar,55565,-60228.4,6541.5,-78.38,0.866
R6794,elm,56010.3,-60722.9,6728.3,-47.22,0.862
R6795,elm,57360.4,-60653.6,7420.5,-204.5,1.069
R6796,pine,58203.6,-60782.6,8538.6,-166.9,1.23
R6797,pine,58956.9,-60597.1,8653.7,-112.11,1.005
R6798,pine,59825.6,-60724.7,9113.5,-268.01,0.842
R6799,pine,60782.8,-60655.1,9076.6,-243.02,1.165
R6800,pine,61188.6,-60614.7,9088.7,-39.77,1.007
R6801,pine,61632.4,-60767,9712,-49.71,1.192
R6802,pine,62873.2,-60377.9,9597.9,-214.32,1.158
R6803,pine,63556.8,-60627.6,9111.9,-268.85,1.189
R6804,pine,74338.4,-60351,5377.1,-143.14,1.164
R6805,pine,75099.6,-60037.2,6148.4,66.81,1.131
R6806,pine,75256.6,-60542.4,6382.5,-253.09,0.962
R6807,pine,76163.1,-60737.1,7037,-136.74,1.207
R6808,pine,77785.8,-60002.3,6099.1,19,1.143
R6809,elm,78748,-60498.4,6065.9,-93.55,1.143
R6810,pine,79427.8,-60356.8,6025.7,5.34,0.839
R6811,pine,-64533.3,-59982,12821.8,30.49,1.075
R6812,pine,-63890.2,-59385.5,12196.3,-84.21,1.01
R6813,pine,-63170.2,-59395.6,11198.4,-29.62,1.098
R6814,pine,-61955.1,-59782,11668.6,5.25,0.834
R6815,pine,-61323.5,-59679.1,11351.4,-203.28,1.145
R6816,pine,-60726.1,-59754.3,10643,-150.62,1.104
R6817,pine,-59624,-59629.7,10851.2,-88.65,1.078
R6818,pine,-59178.3,-59487.6,10892.3,-204.47,1.216
R6819,pine,-58073.7,-59509,11259.2,-245.58,1.127
R6820,pine,-57540.8,-59769.7,10921.2,-53.11,0.892
R6821,pine,-53987,-59842.8,10314.7,-257.62,0.929
R6822,pine,-52879.2,-59868.8,9579.5,-159.43,1.05
R6823,pine,-52568.2,-59207.4,9029,-35.65,0.854
R6824,pine,-51474.3,-59308.1,10111.7,-46.36,1.197
R6825,pine,-50820.4,-59760.3,9670.1,3.11,0.929
R6826,pine,-50038.4,-59718.5,8393.3,-265.12,1.126
R6827,elm,-48810,-59880,7449.2,-93.65,1.081
R6828,pine,-48003,-59566,7012.5,81.01,1.167
R6829,pine,-47975.6,-59356.4,6707.5,-63.38,0.995
R6830,pine,-46611.4,-59726.5,6374.5,-183.94,1.149
R6831,poplar,-45795.7,-59232.5,5559.6,-39.35,0.868
R6832,pine,-45497.7,-59495.1,5380.3,39.62,0.896
R6833,pine,-44406.8,-59248.6,5305.2,-92.13,0.901
R6834,elm,-43878.7,-59300.8,5556.4,-152.52,1.12
R6835,pine,-40575.2,-59367.5,6763.7,-30.81,1.074
R6836,poplar,-26817.5,-59522.8,5473,-73.32,1.197
R6837,pine,-25147.5,-59431,4920,9.54,0.951
R6838,pine,-21955.9,-59662.7,6024.5,-10.11,1.226
R6839,pine,-21263.4,-59677.2,6142.1,-18.5,0.819
R6840,elm,-20634.7,-59570.6,5443.4,-76.58,1.16
R6841,elm,-19593.6,-59339,5185.2,22.67,1.23
R6842,elm,-18540.3,-59786,6117.7,-112.26,1.094
R6843,pine,-17297.4,-59269.4,5984.7,-194.83,1.051
R6844,elm,-16184.4,-59302.7,5589.2,-70.04,1.135
R6845,pine,-15658.9,-59883.3,5092.4,-249.17,0.931
R6846,pine,-14677.6,-59305.3,4316.5,-112.86,0.803
R6847,pine,-14322,-59859.7,4393,37.3,0.95
R6848,pine,-13396.2,-59489.3,4590.2,-145.97,1.184
R6849,pine,-11274.3,-59288.5,4703.4,-144.93,1.215
R6850,pine,-11190.2,-59203.1,4648.1,-179.43,1.009
R6851,pine,-10316.7,-59386.1,4579.3,-141.14,1.207
R6852,poplar,-8299.1,-59732.4,5961.8,-83.5,1.059
R6853,pine,8198,-59768.6,4672,-227.46,0.836
R6854,pine,9214.7,-59403.9,4356.3,-91.45,1.148
R6855,poplar,10886.1,-59795.2,4443.5,-130.52,1.141
R6856,poplar,11489.9,-59858.8,4710.8,-223.46,1.015
R6857,pine,12475.9,-59942.3,5164.2,-129.03,0.905
R6858,poplar,13256.2,-59330.4,4955.2,74.07,0.998
R6859,pine,14227.6,-59211.8,4931.5,-65.56,1.145
R6860,elm,15040.3,-59280,5056.9,66.94,1.183
R6861,pine,15857.7,-59929.2,5679.3,-39.29,1.11
R6862,pine,16245.1,-59987.8,6220,85.25,0.946
R6863,elm,17349.4,-59724.8,6344.6,60.39,0.987
R6864,pine,17738.5,-59630.8,6045,7.17,0.922
R6865,pine,18817.1,-59268.3,5762.6,-133.56,0.834
R6866,poplar,21579.1,-59370.7,6497.2,-235.17,0.87
R6867,elm,22013,-59367.9,6618.8,77.95,1.136
R6868,poplar,23170.6,-59889.3,7275.1,-64.06,1.199
R6869,pine,23820.5,-59295.9,6052.6,4.94,1.239
R6870,elm,24116.3,-59507.1,6363.4,-7.66,0.814
R6871,pine,25174.2,-59889.1,7154.8,-49.09,1.053
R6872,pine,26333.5,-59253,5981.8,-168.42,1.184
R6873,pine,37563.7,-59345.6,8501.6,-183.4,1.164
R6874,pine,37686.3,-59611.4,8867.1,-88.58,0.826
R6875,poplar,38702.9,-59244.5,7634.2,-232.02,1.038
R6876,pine,39619.6,-59494.1,7294,-6.95,1.215
R6877,pine,43109.4,-59618.4,9718.9,-49.66,1.127
R6878,pine,43267.8,-59584.4,9746.3,-95.85,0.841
R6879,pine,44656.9,-59928.4,10527.5,-173.86,0.858
R6880,pine,44986.2,-59931.7,10744.4,-119.59,1.049
R6881,pine,45874.7,-59551.1,10242.3,-131.96,0.929
R6882,pine,46750.5,-59325.9,9735.8,-68,1.075
R6883,pine,47307.7,-59587.5,10275.1,-146.36,0.879
R6884,pine,48306.8,-59773.8,11546.1,-260.37,1.04
R6885,pine,49732.7,-59333.7,10088.2,39.45,1.226
R6886,pine,51900.3,-59374.2,8075.6,-26.3,0.884
R6887,pine,52730.4,-59835.3,7048.9,6.82,1.099
R6888,pine,52909.3,-59471.8,6541.9,-17.91,0.83
R6889,elm,53825.2,-59809,6387.3,-126.9,1.128
R6890,elm,54732.2,-59946.3,6322.8,67.37,1.135
R6891,poplar,55328.5,-59662.3,6456.6,-18.11,0.828
R6892,poplar,56370.9,-59713.6,6631.1,88.15,1.245
R6893,pine,57087.6,-59421.9,6484.8,-264.73,0.916
R6894,pine,57719.4,-59657.5,7104,-261.77,0.895
R6895,elm,58640.1,-59664.3,7766.1,-94.49,0.816
R6896,pine,59365.7,-59990.9,8412.5,-46.2,0.888
R6897,pine,60286.5,-59337.9,7142.6,-125.16,1.154
R6898,elm,61092.8,-59880.2,7788.1,85.16,1.193
R6899,pine,61665.5,-59917.4,8196.5,-263.42,1.003
R6900,pine,63165.4,-59583.4,8777.8,11.7,1.047
R6901,pine,63573.3,-59551.3,8515.1,-109.59,0.874
R6902,poplar,65366.5,-59993.2,7110.4,-199.62,1.093
R6903,elm,71447.8,-59433.5,5578.9,-162.82,1.12
R6904,pine,74581,-59953,5721.7,-44.76,1.146
R6905,pine,75454.2,-59787.8,6182.3,-147.56,1.048
R6906,pine,76290.5,-59995.6,6570.4,8.37,0.931
R6907,elm,77410,-59444.6,6384.7,36.81,1.175
R6908,elm,78905.9,-59852.1,6034.7,-2.52,1.184
R6909,elm,79492.7,-59272.1,6057.1,-67.79,1.074
R6910,pine,-71575.4,-58545.4,12470.6,65.86,1.172
R6911,pine,-66427.7,-59053.7,12062.2,70.59,1.193
R6912,pine,-65018.7,-58886.4,11921.6,-187.08,1.218
R6913,pine,-64725.5,-59070.1,12094.6,-246.74,1.017
R6914,pine,-63782.5,-58624,11212.5,-146.01,1.148
R6915,pine,-63030.9,-58959.7,10590.2,-126.48,0.825
R6916,pine,-62134.1,-58480.9,9752.9,-36.83,1.071
R6917,pine,-61153.7,-59032.8,11253.5,74.92,0.82
R6918,pine,-60308.5,-58504.6,11360.8,63.32,0.961
R6919,pine,-59598.2,-58696.3,11440.5,34.38,1.248
R6920,pine,-59137.5,-59190.8,11170.5,-217.58,1.063
R6921,pine,-58330.8,-58801.6,11417.8,60.6,0.829
R6922,pine,-57104.5,-58644.6,9642.4,-231.78,0.949
R6923,pine,-53976.3,-58600.2,9508.2,-66.23,1.192
R6924,pine,-53093.6,-58502.1,8694.2,-180.28,0.908
R6925,pine,-52191.4,-58665.9,8837.8,-174.76,0.818
R6926,pine,-51384.8,-58960.1,9851.8,-106.89,1.032
R6927,pine,-50604.5,-59085.1,8475.5,84.84,0.901
R6928,poplar,-49720.9,-58772.4,6993.8,-183.3,0.977
R6929,elm,-48971.3,-58524.7,6305.2,75.49,0.895
R6930,elm,-48271.6,-59163,6394.3,-201.3,1.008
R6931,elm,-47729.5,-58809.8,6266.9,-166.3,1.115
R6932,poplar,-46432,-59047.3,6150.8,-201.77,0.872
R6933,pine,-46287.5,-58949.3,5983.1,-166.75,0.815
R6934,poplar,-45492.1,-59159.5,5315.5,-146.31,0.926
R6935,poplar,-44116.9,-58867,5451.6,-233.53,1.234
R6936,pine,-29619.3,-58579.7,4359.1,-90.56,1.127
R6937,pine,-28716.7,-58958.9,4720.6,-241.08,1.086
R6938,pine,-27869,-58663.4,4893.9,-193.18,0.863
R6939,elm,-27055.6,-58719.4,5333.2,-184.87,0.934
R6940,poplar,-23445.2,-58951.8,4986.7,-210.96,1.003
R6941,pine,-22558,-59069.9,5666,20.44,1.129
R6942,pine,-21871.8,-58973.9,5972.7,-11.79,0.884
R6943,elm,-21423,-58766.7,5626.4,-38.86,1.075
R6944,pine,-20568,-58962.8,5040.2,-217.08,0.984
R6945,pine,-19442.5,-59166.3,5073.9,-127.81,0.976
R6946,pine,-18707.4,-59167.5,5678,-139.59,1.225
R6947,elm,-18359.9,-58402.9,5252.3,-260.9,1.146
R6948,elm,-17332.7,-58771.7,5703.6,86.83,1.161
R6949,pine,-16180.1,-59189,5559.5,-58.98,0.879
R6950,pine,-15699.3,-58638.1,4959.7,-116.95,0.845
R6951,pine,-13266.1,-59110.6,4524.6,-29.44,1.002
R6952,pine,-11637.3,-58879.7,4485.8,-17.76,1.035
R6953,poplar,-10801.6,-59107.9,4517.3,89.13,1.249
R6954,elm,-9196.6,-58832.5,4419.3,-14.57,0.923
R6955,pine,-8532.6,-58943.1,4822.2,-227.49,1.196
R6956,elm,-7984.8,-58987.4,5211.7,73.01,1.084
R6957,pine,-5842.5,-58457.4,5993.5,-55.8,0.912
R6958,elm,10091.5,-59181.9,4184.2,-17.38,1.025
R6959,pine,13586.8,-59002.2,4770.1,14.84,1.142
R6960,poplar,13659,-58597,4371.7,-161.22,1.229
R6961,pine,14800.3,-59008.9,4933.2,24.81,1.033
R6962,pine,15563.7,-58465.1,4836.7,-195.65,0.83
R6963,elm,16050.1,-59075.8,5506.3,-167.86,0.901
R6964,elm,16988.5,-58488,5119.6,-58.87,1.088
R6965,pine,18304.2,-58941.7,5558.2,-147.05,1.231
R6966,pine,18846,-59036.8,5640,21.73,1.033
R6967,pine,19264.1,-58788.8,5577.2,65.23,0.93
R6968,pine,20490.8,-58537.1,5239.7,-218.53,0.963
R6969,pine,20917.4,-58784.2,5598,-108.48,0.896
R6970,elm,22187.7,-58936.5,5717.4,-61.15,1.198
R6971,pine,22634.2,-58593.9,5165.9,-153.48,1.114
R6972,pine,23580.2,-58620.3,5105.3,86.61,1.009
R6973,pine,24109,-59091.4,5623.8,-45.83,1.123
R6974,pine,25277.9,-58966.1,5461.8,-37.08,1.072
R6975,pine,25884.2,-59190,5985.2,-185.77,0.877
R6976,pine,33577.5,-58545.6,7822.6,-214.98,0.907
R6977,pine,36733.6,-59169.3,8229.7,76.47,1.241
R6978,pine,37227.7,-59156,8458.7,-25.86,0.892
R6979,elm,38025.6,-58543.8,7179.7,-118.54,0.966
R6980,elm,39065.3,-58752,6901.7,-45.66,1.033
R6981,pine,39921,-58871,6975.4,-107.88,0.816
R6982,pine,41581.3,-58724.6,8586,-120.68,1.078
R6983,pine,41831.2,-58699.3,8550,-198.96,1.173
R6984,pine,43080.2,-59102,9775.5,41.99,1.119
R6985,pine,43312.7,-58451.3,9620.8,-56.42,1.026
R6986,pine,44190.5,-59176.7,10230.1,-137.65,1.037
R6987,pine,45450.4,-59100.3,9757.3,66.38,0.97
R6988,pine,46122.5,-58697.4,8912.5,35.22,0.922
R6989,pine,46560,-59095,9259,-261.16,1.19
R6990,pine,47831.5,-58464.8,9619.3,-253.64,1.145
R6991,pine,49442.6,-58412.8,10424.8,-23.27,0.903
R6992,pine,50035.4,-59066.9,9900.4,-75.45,1.025
R6993,pine,51839.7,-58532.4,7728.6,-129.06,1.022
R6994,pine,52339,-59156.1,7210,-63.92,1.011
R6995,elm,53492.5,-58774.9,6059.7,-148.73,1.03
R6996,pine,53861.8,-58591.4,6126.4,58.02,1.19
R6997,poplar,54471.6,-58926.9,6348.1,-47.63,1.205
R6998,pine,55836.6,-58592.7,6289,58.15,0.88
R6999,pine,56665.5,-58584.5,6107.2,-50.43,1.065
R7000,elm,57023.9,-58839.9,6162.9,-166.19,0.809
R7001,elm,57655.6,-58550.6,6332.2,65.85,0.884
R7002,pine,58638.3,-58661.7,6840.9,45.36,1.238
R7003,elm,59857.5,-58417.1,5900,-67.41,1.053
R7004,pine,60605.8,-59194.2,6801.6,26.22,0.909
R7005,elm,60975,-58920,6299.8,-269.6,1.002
R7006,poplar,61868.7,-58827.6,6767,-88.33,1.228
R7007,poplar,62734.1,-58672,7136,-243.63,1
R7008,pine,63510.1,-59114.4,8284,-268.47,0.916
R7009,poplar,64700.2,-58968.5,6940.1,-255.24,1.207
R7010,pine,64984.4,-59081.5,6777.6,-148.31,1.095
R7011,elm,66291.3,-58823,5378.4,-234.23,1.18
R7012,pine,66407.9,-59066.7,5454.4,-75.2,1.041
R7013,elm,71187.8,-58978.1,5525,-30.36,0.815
R7014,elm,71903.6,-58404.8,5357.5,35.64,1.099
R7015,pine,72140,-58516.5,5374.6,-227.29,1.127
R7016,pine,72826.8,-58598,5384.6,-114.12,0.995
R7017,elm,73819.5,-58563.5,5367.1,-109.22,1.023
R7018,elm,75090.5,-58606.2,5724.2,-223.42,1.101
R7019,elm,77504.6,-58730.5,6450.3,-164.37,1.084
R7020,pine,78527.8,-58543.6,6391.1,-228.68,1.083
R7021,pine,-78659,-57655.4,10333.6,-233.9,1.244
R7022,pine,-66022.8,-57872.2,11307.9,-192.96,0.922
R7023,pine,-64951.7,-57798,11293.3,-242.83,1.119
R7024,pine,-64234,-58309.2,11353.5,-152.37,0.929
R7025,pine,-63688.7,-58159.8,10920,-133.4,1.053
R7026,pine,-62819,-58312.8,9475.8,-217.36,1.006
R7027,pine,-61688.5,-58330.4,9867.8,61.57,1.198
R7028,pine,-61155.5,-57881.8,10569.9,-98.53,0.984
R7029,pine,-60189.6,-58299,11556.4,78.12,0.909
R7030,pine,-59643.3,-57624.1,10484.8,-0.51,1.217
R7031,pine,-58935.1,-57802.7,9784.8,-40.49,1.161
R7032,pine,-57992.3,-57807.7,9233.4,-200.77,1.123
R7033,pine,-57507.3,-58061.5,9497.2,33.92,1.061
R7034,pine,-56750.5,-57880.1,9067.8,-229.09,1.073
R7035,pine,-55594.9,-58282.1,9044.3,-138.83,1.021
R7036,pine,-55041.6,-57903.4,8522.3,-241.14,1.176
R7037,pine,-53852.2,-57752.9,8985,-169.22,1.244
R7038,pine,-53151.4,-58260.7,8618.6,-86.29,0.866
R7039,pine,-52540.9,-58263.6,8575.2,-145.36,1.03
R7040,pine,-51932.8,-57938.5,8642.6,13.53,0.875
R7041,pine,-50815.7,-57795.1,8348.7,14.25,0.91
R7042,elm,-50162.5,-57725.8,7242.1,-154.12,0.901
R7043,poplar,-49120.3,-57850,6163.7,-153.89,0.81
R7044,pine,-48353.3,-57744,6136.7,-16.45,1.134
R7045,pine,-47395.4,-57667.9,5580.7,-151.63,1.149
R7046,pine,-46881.7,-57748.7,5499.9,-223.47,0.94
R7047,pine,-45737,-57911.8,5541.9,-246.62,0.973
R7048,pine,-44970.4,-57697.9,5436.4,-3.33,1.067
R7049,pine,-44000.8,-58126.6,5632.3,5.89,0.997
R7050,poplar,-42704.2,-57942.8,6585.4,7.18,0.825
R7051,poplar,-42370.5,-57826.8,6960.9,54.05,0.876
R7052,pine,-31241.5,-57615.9,4130.9,-45.8,1.197
R7053,pine,-28657.6,-57890,4893.8,48.73,1.066
R7054,poplar,-27894.2,-57742.8,5174,-97.91,1.057
R7055,elm,-27059.7,-58321.6,5433.1,-98.05,0.948
R7056,elm,-25227.5,-57890.6,5003.4,-140.35,1.155
R7057,pine,-24539.9,-57973.8,4656,-241.37,0.944
R7058,elm,-21771.8,-58173.1,4900.2,-43.87,0.965
R7059,poplar,-21099.7,-58038.6,4810.5,18.52,0.806
R7060,pine,-19160.3,-57704.6,4168.9,81.86,0.954
R7061,elm,-18005.3,-58384,5298.7,-95.56,1.056
R7062,poplar,-16822.9,-57720.3,4971.6,-149.87,0.872
R7063,pine,-16446.7,-58360.6,5304.6,60.18,0.869
R7064,elm,-15790.1,-58017.5,4578.2,-128.35,0.921
R7065,pine,-14861.2,-57995.4,3963.5,-244.29,0.82
R7066,pine,-11580.8,-58065.8,4244.6,-241.88,1.246
R7067,poplar,-10749.2,-58083.9,4402.2,-71.69,1.15
R7068,pine,-8087.2,-57803,4247.4,-125.22,1.023
R7069,pine,-6533.2,-57725.7,5168.9,-20.73,1.066
R7070,pine,-6313.9,-58136.4,5604.6,-199.67,1.035
R7071,pine,11823.5,-57955.4,3692.5,-180.39,0.804
R7072,pine,15030.1,-58007.7,4221.3,-102.36,0.972
R7073,pine,15245.5,-58230.8,4466.3,-38.16,0.804
R7074,elm,18181.4,-58121,4958.4,-18.02,1.153
R7075,elm,18614.1,-58007.4,4991.7,-36.53,0.902
R7076,elm,20619,-58287.8,4848.1,-194.89,1.139
R7077,elm,22421.3,-58179.8,4476.7,-25.88,0.933
R7078,pine,28334.8,-57957.5,4975.8,-180.77,0.808
R7079,pine,29185.7,-57778.7,5597.7,-56.01,1.081
R7080,pine,29985.8,-57845.3,5477.2,86.2,0.872
R7081,pine,35705,-58054.1,8401.5,-204.1,1.073
R7082,pine,36758.9,-57895.2,7141.6,30.94,1.16
R7083,elm,36938.6,-58327.8,7414.7,82.36,1.186
R7084,elm,37999.1,-57700.3,7017,47.12,1.156
R7085,elm,38722.7,-57781,7396,-179.16,1.073
R7086,pine,39500.1,-57763.4,7212.1,-125.57,1.094
R7087,pine,40639.2,-57990.9,8216,-55.09,1.106
R7088,pine,40815.8,-57966,8371.1,-199.29,1.068
R7089,pine,41968.5,-57637.3,8161.6,-211.3,0.872
R7090,pine,42748.7,-57709.7,8810.3,-118.25,0.874
R7091,pine,43422.6,-57773.4,9745.1,-118.24,1.126
R7092,pine,44380.7,-58232.1,9638.7,-18.38,0.932
R7093,pine,45498.2,-57715.7,8826.9,-142.88,1.051
R7094,pine,45968.1,-57900.8,8795,55.79,1.173
R7095,pine,47156.3,-58288.6,9119.9,-171.46,0.985
R7096,pine,50197.4,-57864.8,10006.3,56.73,0.933
R7097,pine,51628.6,-58267.8,7795.9,-85.73,0.9
R7098,pine,52315.1,-58235,7125.8,73.22,1.172
R7099,elm,53144.4,-57846.6,6680.8,6.73,1.046
R7100,pine,54329,-58214.5,6655,-200.06,0.874
R7101,pine,54969.8,-58159.5,6412.8,-84.82,0.951
R7102,pine,55689.3,-57695.8,6119.1,8.99,0.851
R7103,pine,56377.7,-58211.8,6123.5,-41.74,0.995
R7104,pine,57313.6,-57723.1,6289.5,55.96,0.988
R7105,pine,58195.5,-57727.8,6632.8,65.19,0.848
R7106,pine,59667.6,-58113,5669,-164.57,1.095
R7107,elm,60401.9,-58043.1,5206.2,-180.95,0.863
R7108,pine,60884.9,-57937.8,5279.5,-89.98,1.104
R7109,elm,61987.8,-57888.8,5555.4,-209.01,1.236
R7110,pine,63153.6,-57745.9,5804.9,-37.97,0.934
R7111,poplar,63214.9,-57939.2,6086.9,-40.37,1.161
R7112,elm,64293.8,-58068.6,6187.6,-179.93,1.162
R7113,elm,65040.6,-57903.4,5820.9,-129.91,1.132
R7114,elm,71298.3,-58052.5,5338.5,-256.85,0.971
R7115,pine,72589,-57952,5920,-231.1,1.048
R7116,elm,73227.7,-57919,5839.4,-55.9,1.014
R7117,poplar,74094.5,-58186.9,5601.7,-86,1.029
R7118,pine,74634.6,-57650.8,6039.9,-140.03,1.023
R7119,elm,75417,-58122.3,6024.5,-217.5,1.014
R7120,poplar,76498.1,-57957.8,6571.3,-200.78,0.96
R7121,pine,77285.8,-57879.2,6626.6,-26.81,1.064
R7122,elm,77728.9,-58052,6768.2,-142.59,1.161
R7123,pine,78897.6,-57812.7,6611.1,6,0.85
R7124,pine,-73685.5,-56914.9,11007.3,-139.75,1.161
R7125,pine,-73240.7,-56993.5,11289.1,76.09,0.962
R7126,pine,-72740.3,-56809.9,11748.5,-49.27,0.903
R7127,pine,-70756.1,-57198.1,12750.7,12.89,1.1
R7128,pine,-68632.4,-57219.8,12508.7,-120.67,0.848
R7129,pine,-67630.3,-57316,12386.6,-208.91,0.945
R7130,pine,-66943.4,-56981.2,11586.5,80.73,1.044
R7131,pine,-66343.2,-57147.9,11271.6,28.67,0.942
R7132,pine,-64831.9,-56946.2,10006,-159.47,1.121
R7133,pine,-64373.6,-56927,10034.4,25.19,1.236
R7134,pine,-63561,-57061.1,9361.7,-91.88,0.942
R7135,pine,-62895.8,-57160.2,9853.5,-24.69,1.175
R7136,pine,-61800.8,-56908.4,9540.9,89.3,0.815
R7137,pine,-60843.8,-57528.5,10554.2,33.67,1.017
R7138,pine,-60186.9,-57599.7,11515.6,-0.78,0.916
R7139,pine,-59501.4,-57318.8,9815.3,-90.22,0.966
R7140,pine,-58499.7,-56889.6,8437.4,-45.81,0.805
R7141,pine,-57738.7,-57526.6,8550.5,-7.95,0.942
R7142,pine,-57217.3,-57292,8402.9,51.94,1.01
R7143,pine,-56426.4,-57085.4,9070,-110.2,0.949
R7144,pine,-55443.3,-56876,9326.3,-134.26,0.909
R7145,pine,-54648.8,-57341.7,8596.3,-66.21,0.897
R7146,pine,-54230.4,-57356.4,8553.4,-245.61,0.823
R7147,pine,-52947.5,-57562.1,8671.8,-240.22,0.801
R7148,pine,-52685,-56898.5,8712.3,72.84,1.009
R7149,pine,-51834.4,-57401.5,8563.8,-94.27,0.835
R7150,pine,-50583.6,-56916,7962.8,-203.26,0.894
R7151,poplar,-49968.1,-56955.9,6979.2,-121.51,1.129
R7152,elm,-48819.3,-56828.4,6476.9,54.81,0.841
R7153,pine,-48731,-57550.8,6250.2,-99.58,0.892
R7154,elm,-47234.2,-57335,5451,-159.54,0.839
R7155,poplar,-46738.5,-57370.1,5316.7,2.41,0.952
R7156,poplar,-46095.6,-56937.7,5282,-176.41,1.188
R7157,elm,-45461.2,-57033.9,5603.6,-89.03,1.061
R7158,pine,-44659.4,-57338,5511.4,-14.3,0.976
R7159,elm,-43262.2,-56998,5660,-158.53,1.081
R7160,pine,-28643.1,-57394.6,4749,-84.55,1.086
R7161,elm,-27666.4,-56997.4,4920.2,-164.09,0.943
R7162,pine,-27085.9,-57546.8,5422,23.52,0.819
R7163,elm,-26084.7,-57007.5,5330.3,-138.13,0.82
R7164,pine,-25107.1,-57333.9,4793.9,-266.52,1.125
R7165,poplar,-23645.3,-57112.9,4651.3,-148.57,1.104
R7166,pine,-23150.1,-57260.5,4436.5,-151.36,0.836
R7167,pine,-17164.2,-57117.5,4256.6,-255.76,1.012
R7168,pine,-12990.6,-57311.1,3694.6,-202.69,0.916
R7169,pine,-9025.1,-57493.8,4109.8,-5.86,0.911
R7170,elm,-8196.7,-57411.5,4125.4,-137.87,0.905
R7171,pine,-7814.2,-57324.5,4306.6,-75.21,1.053
R7172,pine,-6566.8,-57515.7,5048.6,-127.49,1.153
R7173,poplar,-5626.8,-56991.8,5509.7,-242.22,0.861
R7174,pine,16631.5,-57205.2,4064.7,-47.28,1.03
R7175,pine,18575.1,-57345.7,4318.5,52.33,0.913
R7176,pine,27591.3,-57011.9,4672.2,35.21,0.997
R7177,elm,28561.4,-56827.4,5137.7,-147.14,1.005
R7178,pine,28868.6,-57289.2,5274.9,-3.93,0.97
R7179,pine,29664,-57071.9,5289.3,20.72,1.245
R7180,pine,34905.9,-57559.6,8748.6,-27.78,0.816
R7181,pine,35468.5,-57307.1,8421,75.32,0.912
R7182,pine,37153.8,-57046.1,7312.2,-147.19,0.864
R7183,elm,38336.3,-57212.2,7517.6,-124,1.13
R7184,pine,38788.1,-56897.8,8048.5,-213.19,1.057
R7185,pine,39783.5,-57351.8,7844.5,-13.03,1.097
R7186,pine,41375.3,-57233.5,8293.1,31.4,0.926
R7187,pine,42321.2,-56932.2,9022.9,-185.37,1.204
R7188,pine,42714.9,-57375.6,9030.9,-167.23,1.092
R7189,pine,43900.3,-57407.1,9348.6,-187.41,0.993
R7190,pine,44017.5,-57210.9,9237.9,-89.5,0.904
R7191,pine,45514.1,-57074.7,8919.5,-15.76,1.218
R7192,pine,45769.9,-57520.7,9008.4,-103.97,1.229
R7193,pine,46762.1,-57529.1,8612.7,-58.9,1.204
R7194,pine,47712.4,-56890.9,8442.4,-0.35,1.231
R7195,pine,49783.2,-57142.9,9434.3,-165.89,0.9
R7196,pine,50966.3,-57153.4,9650,-160.71,0.836
R7197,pine,51322.2,-57305.1,8666.4,-267.34,0.841
R7198,pine,53780.1,-57309.6,6679.1,-85.46,0.874
R7199,pine,55111.2,-57305.5,6018.3,-0.34,1.155
R7200,pine,55781.2,-57434.7,6003.6,33.98,0.864
R7201,pine,56480.9,-57459.9,6143.5,-137.45,1.122
R7202,pine,57020,-57216.3,6376.3,-81.58,0.984
R7203,pine,58086.5,-57267.7,6357.6,89.77,0.833
R7204,poplar,58499.5,-57045.6,6134.3,-0.77,1.167
R7205,pine,60654.7,-57343.4,4682.4,-8.11,1.199
R7206,pine,61702.5,-57492.3,4899.7,82.63,0.989
R7207,pine,62809.7,-57403.6,5170.8,-168.93,0.893
R7208,pine,63635.4,-57464,5440.7,38.38,0.832
R7209,elm,64312.1,-57402.9,5400.6,-138.18,1.198
R7210,pine,64891.2,-57398.1,5178.8,-87.37,0.804
R7211,pine,65684.1,-57187.7,4758.4,-189.8,0.905
R7212,elm,71933.3,-57228.4,5361.2,-256.97,0.913
R7213,pine,72789.4,-57089.7,5853.2,9.72,1.14
R7214,poplar,73550.1,-57371.5,6075.1,-258.27,1.081
R7215,pine,74351,-57201.7,6075,48.23,0.986
R7216,elm,74833.1,-56802.4,6198.5,29.56,1.243
R7217,pine,75360.8,-56829.9,6133.7,36.57,1.087
R7218,pine,76347,-56952.1,6038.2,76.36,0.912
R7219,pine,76853.4,-57118,6245.2,-203.26,1.17
R7220,elm,77714.4,-56826.1,6085.2,-162.7,1.08
R7221,pine,78860.2,-57557.1,6617.5,-241.4,0.907
R7222,poplar,79579.8,-57292.8,6671.8,-176.13,1.187
R7223,pine,-73942.6,-56395,10339.6,-45.93,0.917
R7224,pine,-73514.4,-56612.4,10798.5,-99,1.179
R7225,pine,-71981.4,-56380.5,12272.9,38.15,1.093
R7226,pine,-65939.5,-56077.4,10715.1,-239.67,0.907
R7227,pine,-65163.2,-56160,10229.2,67.96,1.043
R7228,pine,-64123.1,-56659.6,9452.3,-73.64,0.841
R7229,pine,-63656.7,-56545.7,8695.4,-143.53,0.937
R7230,pine,-63016.3,-56397.7,8967.5,-106.59,1.176
R7231,pine,-62373.1,-56766.6,9580.9,82.03,0.898
R7232,pine,-61507,-56200.6,9840.7,-17.1,1.118
R7233,pine,-60719.4,-56110.1,10863.9,63.62,0.937
R7234,pine,-59941.6,-56505.6,9475.8,-213.34,0.929
R7235,pine,-58884.6,-56363,8056.6,-206.21,1.056
R7236,pine,-58135.1,-56474.4,8158.7,-49.02,1.103
R7237,pine,-56915.2,-56287.9,8943.9,-118.41,0.941
R7238,pine,-56348.9,-56517.4,9413.5,-152.24,0.995
R7239,pine,-55340,-56725.2,9287.6,-113.47,1.066
R7240,pine,-54575.1,-56093.5,8193.6,-25.71,0.811
R7241,pine,-54035.8,-56500.6,8267,26.88,0.852
R7242,pine,-52862,-56711.1,8937.5,-230.11,0.998
R7243,pine,-52535.3,-56126.3,8534.4,-135.35,1.216
R7244,pine,-51405,-56656.3,8455.4,6.83,0.889
R7245,pine,-50542.6,-56353.6,7873.1,-20.26,1.155
R7246,elm,-49626.4,-56397.4,7025.8,-32.54,0.802
R7247,pine,-49457.4,-56550.4,6861,66.98,0.953
R7248,elm,-48671.5,-56158.6,6161.6,-198.85,0.918
R7249,elm,-47666.7,-56644.2,5469.5,-137.26,1.038
R7250,pine,-46569.9,-56624.5,5166.2,-230.59,0.811
R7251,pine,-46148.3,-56612.5,5272,-140.31,0.922
R7252,pine,-45363.4,-56338.3,5256,42.58,0.803
R7253,elm,-44665.1,-56471.6,5408.4,61.25,1.224
R7254,pine,-33704.9,-56015.5,4897.7,-94.05,0.883
R7255,elm,-33359.6,-56473.7,4639.3,-142.92,0.957
R7256,elm,-32092.7,-56412,4426,-148.24,0.926
R7257,pine,-28401.3,-56357.1,4025.4,-46.21,1.004
R7258,elm,-26511.9,-56727.1,5159.1,-180.43,0.93
R7259,pine,-26342.1,-56752.2,5175.9,-136.6,0.819
R7260,pine,-21103.6,-56530.9,3976.5,-189.9,0.829
R7261,pine,-10099.6,-56623.4,3972.1,-232.2,0.81
R7262,pine,-7737.3,-56068.5,4738.6,-22.67,0.924
R7263,poplar,-5955.5,-56061.4,4911.8,-181.02,0.964
R7264,poplar,-4397.1,-56115.1,5608.9,-71.25,0.956
R7265,pine,27629.3,-56422.2,4725.9,-215.58,1.209
R7266,pine,28334.5,-56708.3,5077.2,-35.02,1.023
R7267,pine,29283.2,-56630.2,5277.5,-58.38,0.925
R7268,elm,30149.3,-56520,5326.2,5.98,0.856
R7269,elm,30491.1,-56636,5284.1,4.57,1.023
R7270,pine,31900,-56116,6737.6,-232.71,1.048
R7271,pine,32176.8,-56005.7,6726.7,-157.98,1.151
R7272,poplar,33286.9,-56215.9,7199.1,-140.23,1.087
R7273,pine,33897,-56699.4,7988.6,-264.85,1.033
R7274,pine,34959.3,-56203,8576.4,-232.68,1.191
R7275,pine,35772.1,-56188.8,7672.6,10.94,1.234
R7276,pine,36292.1,-56390.4,7331.1,25.37,1.003
R7277,pine,37000.5,-56788.3,7314.3,-194.9,0.969
R7278,pine,37744.8,-56396.9,7800.7,-32.86,0.829
R7279,pine,38609.5,-56101.4,8122.9,68.67,0.928
R7280,pine,39424.2,-56546.3,8458.7,-221.4,0.939
R7281,pine,40006.9,-56071.1,8844.5,30.66,0.83
R7282,pine,40896.3,-56180.4,8960.5,63.18,1.066
R7283,pine,41627.4,-56541.6,8818.2,15.52,1.104
R7284,pine,45456.1,-56793.3,9024.9,-210.7,0.871
R7285,pine,45809.8,-56168.9,8686.3,5.69,0.801
R7286,pine,47177.8,-56327.4,8297.1,-128.64,1.023
R7287,pine,47478.2,-56059.4,8430.1,-83.05,0.836
R7288,pine,48358.9,-56394.4,9036.2,-21.67,1.092
R7289,pine,50102.9,-56613.5,9301.8,-63.22,0.952
R7290,elm,52766.9,-56139.1,7263,-162.61,0.963
R7291,poplar,55070.5,-56191.5,5811.1,-256.63,0.88
R7292,pine,55531.4,-56528,5679.4,-216.31,1.026
R7293,pine,56592.3,-56333.9,6224.8,-55.61,0.96
R7294,pine,56848.6,-56442.2,6138.8,-242.83,1.006
R7295,poplar,58338.7,-56582.1,5931.1,-212.66,1.123
R7296,pine,58596,-56313.6,5551.5,-86.09,1.028
R7297,pine,60723.5,-56768,4353.7,-199.68,1.184
R7298,pine,61375.5,-56060.3,4014.5,-169.75,0.806
R7299,elm,63162.9,-56751.3,4603.8,-186.6,0.955
R7300,pine,63272,-56326.6,4345.6,35.12,0.884
R7301,pine,64872.2,-56730.3,4468,-259.73,0.934
R7302,pine,72738.1,-56687.8,5579.9,-157.36,1.238
R7303,pine,74375.9,-56394.4,5952.6,46.69,0.91
R7304,elm,75856.9,-56663.8,5892.7,53.8,1.165
R7305,pine,76080.8,-56004,5607.7,-186.87,0.889
R7306,pine,77484.1,-56526.1,5859.4,-139.88,0.832
R7307,pine,78170.2,-56308.5,5996.5,-253.89,1.23
R7308,elm,78598.4,-56238.2,6183.6,-161.33,1.14
R7309,pine,-79241.6,-55675.1,11728.7,-32.13,1.114
R7310,pine,-78594.7,-55383.3,11714.1,-254.96,1.125
R7311,pine,-76891,-55955.8,10672.2,-171.36,1.013
R7312,pine,-75911.1,-55509.9,10681,-124.37,1.21
R7313,pine,-75179,-55330.9,10902.3,-227.85,1.153
R7314,pine,-71513.5,-55396.6,12006.9,-67.43,0.946
R7315,pine,-67589.5,-55617.6,12947.8,-220.14,1.174
R7316,pine,-66480.5,-55611.4,12222.9,-79.7,1.039
R7317,pine,-66177.7,-55686.3,11514,77.07,0.998
R7318,pine,-65249.6,-55910.7,10459.6,-54.88,0.801
R7319,pine,-64278.1,-55359.9,9966.6,-155.65,1.067
R7320,pine,-63868.3,-55217.3,9777.5,-40.52,1.229
R7321,pine,-62982,-55674.2,8799.4,-82.26,0.89
R7322,pine,-62320.6,-55874.9,9079.2,-25.04,1.064
R7323,pine,-61395.8,-55912.1,9590.4,-71.22,1.121
R7324,pine,-60361.9,-55625.5,9781,-138.85,0.876
R7325,pine,-59913.8,-55309.5,8803.6,30.3,0.915
R7326,pine,-59145.1,-55561.8,8181.3,-106.76,0.997
R7327,pine,-58325.8,-55578.7,8163.5,-120.97,1.105
R7328,pine,-57196.6,-55518.5,9316.4,-222.12,0.91
R7329,pine,-56221.4,-55615.6,8954.3,-159.41,0.934
R7330,pine,-55653.6,-55747.3,9676.7,3.26,0.99
R7331,pine,-54912.8,-55504.8,8713.2,-5.18,0.824
R7332,pine,-54308,-55878.8,8350.6,-70.45,0.803
R7333,pine,-53184,-55206.3,7734.5,-159.43,1.044
R7334,pine,-52728.5,-55766.2,8137.1,-149.54,0.98
R7335,pine,-51543,-55983.4,8197,0.38,0.93
R7336,pine,-51117.7,-55409.4,8307,-142.33,1.17
R7337,pine,-50114.2,-55757.1,7524.2,-177.62,1.149
R7338,pine,-49337.6,-55782.1,6859.5,-138.49,1.022
R7339,pine,-48411.5,-55784.2,6094.4,-224.82,0.833
R7340,elm,-47555.4,-55790.2,5537.7,16.95,1.002
R7341,pine,-46913.2,-55844.8,5332.1,-199.52,1.114
R7342,pine,-45695.5,-55793.6,5197.1,-239.7,0.896
R7343,poplar,-45318.7,-55423.1,5128.4,-223.71,0.955
R7344,pine,-44339.3,-55351.4,5208.1,-267.65,1.12
R7345,pine,-43441.6,-55310.2,5378.3,-161.52,0.847
R7346,pine,-34093.6,-55751,5037.9,-39.7,0.91
R7347,pine,-31810.6,-55784.1,3971.2,-207.62,0.963
R7348,elm,-27929.3,-55852,4005.2,-9.73,1.078
R7349,elm,-27152.4,-55916.2,4661,84,1.044
R7350,pine,-25448.5,-55359.5,4543.1,-103.91,1.105
R7351,pine,-24011.4,-55630.3,4375.1,-168.61,1.066
R7352,pine,-23262.2,-55803.2,3890.9,-213.88,1.089
R7353,poplar,-8580.1,-55658.9,4328.9,60.05,1.14
R7354,pine,-7606.2,-55516.3,4709.2,-190.98,1.215
R7355,pine,-6746.2,-55837.7,4811.7,-241.53,0.939
R7356,poplar,-5911.1,-55786.2,4998,-247.24,1.071
R7357,pine,-5060.2,-55924.3,5303.1,-163.8,0.918
R7358,pine,-4152.6,-55428.6,5444.7,-127.12,0.86
R7359,pine,-3053.9,-55244.9,5399.4,-217.65,0.839
R7360,pine,26804.8,-55908.7,3979.2,36.57,0.837
R7361,pine,27392.1,-55521,4333.1,54.16,1.183
R7362,pine,28087.2,-55961.6,4927.4,-215.47,1.2
R7363,pine,29434.9,-55688.8,5156.2,-71.45,1.005
R7364,pine,29766.7,-55400.4,5114.5,-3.06,0.858
R7365,pine,30952,-55780.6,5959.8,-140.48,1.219
R7366,elm,31567.9,-55660.9,6542,-52.12,0.866
R7367,pine,32075.4,-55230.7,6223.4,-54.52,1.212
R7368,elm,32855.2,-55626.2,6687,-88.01,1.098
R7369,pine,34258,-55479.4,7798.2,36.2,1.215
R7370,pine,34484.7,-55342.7,7593.8,-90.6,1.114
R7371,pine,35379.2,-55509,8152.1,38.49,1.056
R7372,elm,36475.2,-55745.9,7410.7,-225.05,1.118
R7373,elm,37455.1,-55718.1,7558.1,65.77,0.928
R7374,pine,37749.6,-55462.1,7804,-74.33,1.014
R7375,pine,38571.1,-55558.4,8156.5,-262.26,0.936
R7376,pine,39963.3,-55209.5,8743.6,-64.75,1.055
R7377,pine,40039,-55691.6,8831.7,-245,0.993
R7378,pine,41914.6,-55277.4,8781.7,-219.33,1.063
R7379,pine,43210.7,-55926.8,7467.9,-185.84,1.006
R7380,pine,44693.7,-55915.1,9186.3,7.2,1.11
R7381,pine,45504.5,-55512.3,9531.5,-3.25,1.189
R7382,pine,46823.6,-55605.6,7928.9,-114.98,0.857
R7383,pine,49087.2,-55610.7,8799.6,-255.14,0.951
R7384,poplar,53736.9,-55603.9,6322.9,-195.66,0.838
R7385,pine,54523.5,-55941.7,5951.9,-84.19,0.87
R7386,pine,55844.1,-55787.9,6275.4,6.68,0.92
R7387,elm,56537.8,-55392.9,6266.2,-144.28,1.17
R7388,pine,57417.2,-55882.1,5794,-193.78,0.957
R7389,poplar,57872.4,-55394.3,5435.5,-135.05,1.215
R7390,elm,59241.9,-55298,4567.1,-247.36,1.157
R7391,pine,60863.7,-55888.1,3992.9,-127.73,0.965
R7392,pine,71431.3,-55537.4,4490.4,-21.15,1.203
R7393,pine,73287.8,-55285.2,5037.2,-222.06,1.12
R7394,elm,73973.9,-55754.6,5428.4,-188.97,0.969
R7395,elm,75011.5,-55784.1,5348.8,-176.95,1.138
R7396,pine,75211.1,-55202.1,5255.5,-86.38,1.1
R7397,pine,76101.1,-55576.5,5516,-151.85,0.97
R7398,elm,77378.1,-55688.3,5635.7,-176.84,1.214
R7399,pine,78172.3,-55231.9,5887.1,-175.35,1.204
R7400,pine,79010.9,-55705.9,6183.7,-65.28,0.88
R7401,pine,-78731.3,-54834.7,12278.9,-7.8,1.121
R7402,pine,-77840.4,-55117.7,11479.5,-69.38,0.869
R7403,pine,-76806.3,-55093,11329.3,-253.01,0.813
R7404,pine,-76371.1,-54460.8,11744.8,-64.26,1.038
R7405,pine,-74138.5,-54406.5,10434.9,-63.26,0.855
R7406,pine,-72035.8,-54406,10998.8,-164.98,0.891
R7407,pine,-70826.9,-54959.8,12262.9,-231.42,0.983
R7408,pine,-70206.1,-54729.6,12274.6,-64.33,0.984
R7409,pine,-69480.2,-54669.9,11921.9,-91.97,1.02
R7410,pine,-68397.4,-55191,12967.3,87.68,0.912
R7411,pine,-67837.2,-55128.7,12735.8,81.8,0.991
R7412,pine,-66401.1,-54460.2,13755,1.48,1.104
R7413,pine,-65924,-54877.5,11755.1,-48.2,0.902
R7414,pine,-65376.2,-54847.9,10971.6,-245.98,1.074
R7415,pine,-64485.6,-55116.1,10497.4,-245.85,1.175
R7416,pine,-63619.9,-55021.6,10262.8,-36.9,0.819
R7417,pine,-62899.8,-54887.3,9613.4,-30.26,1.217
R7418,pine,-61853.6,-54567.6,8592.7,0.3,1.221
R7419,pine,-61537.1,-54836.7,8595.7,-242.99,0.854
R7420,pine,-59525.9,-54966.8,8541.6,-204.73,0.93
R7421,pine,-58813.2,-54482.1,8411.1,24.45,0.881
R7422,pine,-58219.3,-54635.7,8766.1,75.04,0.921
R7423,pine,-57536.2,-54612.8,8712.4,-197.61,0.848
R7424,pine,-56685.2,-54745.2,8334.6,-222.79,1.027
R7425,pine,-55667.6,-54848.5,9168,-205.41,0.89
R7426,pine,-54715.5,-54514.1,9197.5,-45.73,0.965
R7427,pine,-53813.2,-54534.8,8177.8,-222.38,0.984
R7428,elm,-53019.4,-54943,7707.8,63.83,1.023
R7429,poplar,-52452,-54420.6,7420.7,-256.35,1.23
R7430,pine,-51207,-55033.2,7951.8,-47.8,1.217
R7431,pine,-51159.4,-54722.1,7674.8,71.53,0.879
R7432,pine,-50183.2,-54464,6806.4,-0.79,0.948
R7433,elm,-49480.9,-54950.9,6779.1,41.54,1.147
R7434,elm,-48627,-54530.2,5936.3,-246.99,0.928
R7435,elm,-47505.6,-54889.4,5336.3,-52.85,0.982
R7436,pine,-46412.5,-54520.9,4851.7,-253.96,0.801
R7437,poplar,-45998.8,-55107.1,5004.5,-194.35,0.866
R7438,elm,-44950.2,-55134.7,5057.1,-156.86,0.931
R7439,pine,-44084,-54413.6,5200.7,-62.55,0.832
R7440,pine,-43382.2,-55105.8,5418.3,-96.7,1.001
R7441,pine,-42940.7,-54905.7,5403.6,-57.28,0.965
R7442,elm,-41893.7,-55051.4,5562.9,-211.52,0.936
R7443,poplar,-34644.7,-54530,4374.9,-21.56,1.08
R7444,pine,-33841.7,-54684.8,4801.7,-206.3,1.107
R7445,elm,-26702.3,-54708.6,3913.4,-194.7,0.901
R7446,poplar,-25814.7,-55147.5,4389.2,-142.72,0.85
R7447,pine,-25226.4,-54680.4,3972.4,4.82,1.091
R7448,poplar,-9459.2,-55001.7,3920.2,-90.74,1.028
R7449,pine,-6802.6,-54759.3,4440.8,-6.08,0.875
R7450,pine,-5779.4,-54681.9,4796.2,2.58,0.895
R7451,pine,-5284,-54434.9,4658,-121.77,1.151
R7452,pine,-4371.1,-54832.6,4918.6,88.67,1.225
R7453,pine,-2708.5,-54896.8,4873,-193.37,1.017
R7454,elm,-1475.5,-54448.9,3927.2,-234.35,1.043
R7455,elm,28399,-54835.3,4772.7,-125.12,0.889
R7456,pine,28932.4,-54519.3,4810.3,13.13,0.915
R7457,elm,30030.9,-55113.9,5185.2,25.19,0.994
R7458,elm,31027.5,-54717.5,6157.6,-175.19,0.914
R7459,pine,31211.9,-54466.2,6166.2,-37.3,0.897
R7460,elm,32433.2,-54527.4,5963.2,-138.56,0.923
R7461,pine,33184.9,-54631.5,6216.5,-102.35,1.146
R7462,pine,34044.6,-54836.2,7174.3,8.62,0.927
R7463,elm,34962.5,-54407,6747.2,-147.49,0.846
R7464,pine,35608.3,-55030.3,7935,-62.33,0.927
R7465,pine,36365.5,-55135.7,7677.9,35.01,1.162
R7466,pine,37183.3,-55174.1,7538.6,-113.03,0.998
R7467,pine,38278.6,-54466.8,8094.6,-0.98,1.2
R7468,pine,39170.1,-55069.9,8135.9,-238.6,1.094
R7469,pine,39511.5,-55035.8,8310.5,-163.22,1.123
R7470,pine,40271.8,-54424.4,8904.2,-55.95,1.016
R7471,pine,40933,-55127.6,8894.4,-58.88,1.17
R7472,pine,41677.6,-54790.5,8170.7,-185.78,0.85
R7473,elm,43326.2,-54579.3,7422.1,-256.38,0.94
R7474,pine,45453,-54831.7,9124.5,-136.81,0.864
R7475,pine,51594.2,-54647.4,7668.5,-222.52,1.161
R7476,elm,54205.1,-55034.6,6418.4,-220.65,0.952
R7477,poplar,54502.3,-54548.8,6382.6,-91,1.119
R7478,poplar,55291.7,-55137,6561.9,18.49,1.22
R7479,poplar,56503.6,-54892.8,6525.8,-71.13,0.861
R7480,pine,57302.3,-54847.6,5673,-160.51,0.941
R7481,poplar,58104.4,-55074.4,5199.5,-65.75,1.128
R7482,elm,58515.2,-54731.4,4839.1,-79.13,0.825
R7483,pine,59435.4,-54602.2,4242.3,-198.51,1.139
R7484,pine,60619,-55147.4,4086.8,-117.6,0.932
R7485,poplar,61115.9,-55133,3944.3,-220.45,0.843
R7486,elm,72625.9,-55090.3,4813.5,-58.28,1.184
R7487,pine,72997.7,-54995.2,4866.2,-58.68,0.95
R7488,poplar,75030.6,-54696.4,5021.5,-126.65,0.877
R7489,elm,75991.2,-54564.3,5387.1,-75.29,1.185
R7490,pine,76287.9,-54929,5380.3,75.34,0.902
R7491,pine,77280.7,-55123.9,5716,29.63,1.043
R7492,elm,78060.7,-54704.1,5891.9,-256.82,1.043
R7493,elm,79111.5,-54508.8,6217.8,-169.58,1.154
R7494,pine,-77031.8,-54091.5,12293.4,-11.3,0.981
R7495,pine,-76629.7,-54277,11911.8,-20.34,0.807
R7496,pine,-75405.6,-53765.2,11727.4,-83.77,0.871
R7497,pine,-74037.5,-54033.1,10931.6,13.96,0.809
R7498,pine,-72244.5,-54046.2,11110.6,-76.2,1.173
R7499,pine,-71479.3,-53835.2,10816.9,-128.93,1.149
R7500,pine,-70931.7,-53703.7,11404.6,-2.47,1.209
R7501,pine,-70272.3,-54259.4,12882.2,-54.66,0.981
R7502,pine,-68034.6,-53748.3,11771.7,-259.5,0.85
R7503,pine,-67623.9,-53854.5,12035.3,-151.7,0.822
R7504,pine,-67153.7,-54271.4,13230.3,-193.91,1.161
R7505,pine,-66052.8,-54094.3,13256.8,23.03,1.206
R7506,pine,-64872.6,-54197.6,11395,9.57,1.003
R7507,pine,-64127.7,-54216.3,9542.3,-248.38,1.22
R7508,pine,-63990.5,-54084,9276.8,-166.11,0.893
R7509,pine,-63036.2,-53773.9,8934.8,-123.53,1.033
R7510,pine,-62154.9,-53601.7,9991.2,-203.87,1.16
R7511,pine,-61142.5,-53924.5,9252.5,-91.3,1.124
R7512,pine,-60471.3,-54211.5,10395.9,-261.27,1.019
R7513,pine,-59427.5,-53794.7,9777.9,-78.72,1.021
R7514,pine,-58667,-53707.6,9257.9,-231.6,0.999
R7515,pine,-57776.7,-53960.4,8424.3,-73.3,0.815
R7516,pine,-57521.5,-53631.5,8592.6,-192.72,0.83
R7517,pine,-56722.9,-54207.4,8514.5,24.12,0.999
R7518,pine,-55603.1,-54232,9351,58.26,1.246
R7519,pine,-54895.6,-54279.4,9305.9,-95.09,1.191
R7520,pine,-53769.1,-53920.1,8136.7,-87.05,1.171
R7521,pine,-53168.8,-54293.6,8036.4,-204.89,1.001
R7522,pine,-51315.6,-53729.4,6987,25.11,1.025
R7523,poplar,-50675.1,-54374.8,7027.6,70.03,1.197
R7524,elm,-49615.8,-53863,6289.9,-149.11,1.036
R7525,pine,-48954.8,-53616.8,5780.7,-97.3,1.13
R7526,elm,-48014.2,-54042.3,5248,-88.45,0.972
R7527,pine,-47551.3,-53784.6,4750.3,46.03,0.933
R7528,pine,-46911.2,-53700,4471.3,-256.55,0.835
R7529,poplar,-44962.8,-53843.7,4560.7,-56.26,1.139
R7530,pine,-43286.4,-53817.6,4979,-181.01,1.22
R7531,elm,-33166.5,-53928.9,4489.7,-96.42,0.832
R7532,elm,-32162.4,-54192.1,4006.2,-167.32,1.06
R7533,pine,-31437.5,-53703.1,3828.4,-99.46,0.983
R7534,poplar,-7713.1,-53736.7,3782.6,-203.73,1.09
R7535,pine,-5000.3,-54233.3,4455.7,-5.3,1.022
R7536,pine,28597.4,-54013.7,4622.6,-17.15,1.023
R7537,elm,29573.2,-53758,4905,-234.73,1.152
R7538,poplar,30100.6,-53689.9,5129.8,-260.13,1.151
R7539,poplar,30624,-54001.6,5684.3,-3.83,0.916
R7540,pine,31688.3,-53673.6,6320.5,-73.22,0.968
R7541,pine,32284.8,-53680.9,5962.5,-66.56,0.934
R7542,pine,33340,-54149.5,6214.6,-137.17,1.16
R7543,elm,34097.9,-53729.8,6124.5,9.63,1.137
R7544,pine,34471,-53762,6087.2,-32.66,1.149
R7545,pine,35358.3,-54150,6799,22.13,0.895
R7546,pine,36086,-53793.3,7663.4,-268.28,0.923
R7547,pine,36819.6,-53902.7,8435.2,44.26,0.894
R7548,pine,37760,-54011.8,7808.1,41.6,1.008
R7549,pine,39106.8,-53818.9,9692.9,-50.82,0.858
R7550,pine,39552.4,-54274.7,9420.2,-141.46,1.006
R7551,pine,40094.3,-53982.2,8791.9,44.34,0.961
R7552,pine,42122.9,-53860.9,8099.1,-55.1,1.105
R7553,pine,45527.5,-54297.9,8833.7,-53.15,1.182
R7554,pine,47931.3,-54150.3,8555.8,17.05,0.943
R7555,pine,48905.9,-53787.4,8164.8,66.1,1.202
R7556,poplar,49836.8,-53863.4,7358.9,-135.26,1.174
R7557,elm,50663,-53812.7,7028.9,-261.52,0.903
R7558,pine,54353.2,-53857.7,6303.1,-238.44,0.901
R7559,poplar,55096.1,-53757.6,5910.1,-220.14,0.81
R7560,pine,55576.6,-54184.2,5922.6,55.28,0.846
R7561,poplar,56038.7,-53733.7,5715.9,12.81,0.931
R7562,pine,56843.2,-53737.3,6016.4,71.46,0.998
R7563,pine,58795.6,-53957.5,4457.9,65.81,1.179
R7564,poplar,72220.6,-54090.6,4500.2,-79.43,0.856
R7565,pine,73968.5,-54122.7,4571.3,-240.7,1.139
R7566,pine,75852.6,-54045.1,5373.2,-28.73,0.929
R7567,pine,76066.3,-54316.5,5459.9,-9.64,0.874
R7568,elm,77351.4,-54192.9,5642.2,-84.72,0.942
R7569,pine,77956.6,-54046.5,5686.3,4,1.047
R7570,poplar,78812.9,-53968,5948.4,38.47,1.069
R7571,elm,79530.3,-54160.1,6133.1,-171.36,1.156
R7572,pine,-79301.1,-53030.8,14867.5,-197.39,1.193
R7573,pine,-78990.3,-53016.4,15306.8,-238.12,1.13
R7574,pine,-78079.9,-52915.3,14823.6,-144.3,0.88
R7575,pine,-77423.1,-52966.6,13560.1,16.95,0.811
R7576,pine,-75622,-52935.1,12574,-3.01,1.146
R7577,pine,-72253.4,-53202.1,10531.4,-78.5,1.238
R7578,pine,-70956.8,-52829.3,12029.9,-150.22,1.07
R7579,pine,-69661.2,-53202.9,12990.6,-226.33,0.969
R7580,pine,-68823.2,-53282.2,11788.3,-246.1,0.803
R7581,pine,-68394.2,-53545.1,11561.9,45.51,0.979
R7582,pine,-67592.1,-53074.4,11432.1,34.06,0.808
R7583,pine,-67154.5,-53250.3,11815.9,-230.79,1.059
R7584,pine,-66118.3,-52994.3,12233.8,-40.8,0.848
R7585,pine,-65142.5,-53471.9,12161.4,-91.22,0.992
R7586,pine,-63534.2,-53320.4,9186.6,-157.77,0.865
R7587,pine,-62699.8,-52943,9391.9,-173.04,1.11
R7588,pine,-62200.9,-53088.4,10105.6,-173.05,1.195
R7589,pine,-60812.5,-52828.2,11471.6,-104.92,1.149
R7590,pine,-60066.5,-53578.4,10828.7,-58.71,1.012
R7591,pine,-59240.1,-53426.4,10388.8,42.86,0.831
R7592,pine,-59029.5,-52838.7,9247.1,-201.9,0.997
R7593,pine,-58017.8,-53426.7,8900.9,-18.74,0.951
R7594,pine,-57532.6,-52958.9,8603.1,-266.35,1.154
R7595,pine,-56016.5,-53242.9,9096.8,-126.1,0.905
R7596,pine,-55702.7,-53049,9471.3,-18.12,0.924
R7597,pine,-54425.8,-53518.6,7832.5,-52.47,0.84
R7598,pine,-53940.3,-53420.2,7564.2,-62.02,1.094
R7599,pine,-53529.1,-53355.6,7348.7,39.25,1.17
R7600,elm,-52477.5,-53570.2,7035.4,88.18,0.847
R7601,elm,-51306.1,-53204.7,6679.7,-111.2,1.083
R7602,pine,-50590.4,-53240.8,6255.9,-185.14,1.022
R7603,elm,-49707.6,-52949.7,6043.2,86.64,0.986
R7604,elm,-49541.8,-53121.8,6119.4,-138.15,1.145
R7605,pine,-48633.8,-53557.5,5514.7,-231.42,0.958
R7606,elm,-47690.2,-53492.9,4824.5,-228.34,0.845
R7607,elm,-42138.7,-53096.9,4836.6,-124,0.802
R7608,elm,27671.9,-52830.4,4474.8,-224.45,1.131
R7609,pine,28197.1,-53293.8,4560.6,-27.49,1.134
R7610,pine,28926.8,-53074.8,4945,48.35,1.06
R7611,pine,29970.5,-52831.4,5178.4,-65.95,1.237
R7612,pine,30574.6,-53214.3,5601.6,-216.5,0.997
R7613,pine,31579.6,-53017.5,6265.6,-229.74,1.035
R7614,elm,32623.9,-53339.4,6244.4,-216.29,1.143
R7615,pine,33895.3,-52906.5,6249.1,-28.35,0.89
R7616,pine,34742.5,-53453.2,6141.3,42.25,1.183
R7617,elm,35985.1,-52856.5,6996.9,-109.48,0.827
R7618,poplar,36064.7,-53469.1,7352.3,-121.05,1.224
R7619,pine,37052.1,-53261.9,8955.1,-222.59,1.092
R7620,pine,38335.8,-53186.5,8613,-201.36,0.942
R7621,pine,39026.9,-52968.5,8210.5,-26.66,1.239
R7622,pine,39366.9,-52824.6,7928.2,-175.18,0.861
R7623,pine,40618.2,-53574.6,7920.2,87.88,0.946
R7624,pine,45853.4,-53172,9416.8,-191.18,1.109
R7625,pine,47174.9,-53130.1,10223.6,-149.78,0.926
R7626,pine,47558.5,-53247.9,10205.9,82.79,1.221
R7627,pine,49111.1,-53444.4,8144.6,-196.43,0.908
R7628,pine,52325.5,-52862.8,7196.1,58.87,0.924
R7629,poplar,53821.5,-53139.7,5908.9,-129.83,1.199
R7630,pine,55380.7,-53358.6,5735.7,46.91,0.93
R7631,pine,56283.5,-52854.4,5505.5,-44.35,1.185
R7632,poplar,57495.6,-53097.3,5789.2,-251,0.904
R7633,elm,58389.9,-52810.8,4993.1,31.38,1.149
R7634,elm,72529.2,-53141.5,4222,-178.37,0.828
R7635,poplar,73394.3,-53467.5,4416.5,-91.57,0.853
R7636,pine,73780,-53398.5,4507.3,-106.52,0.871
R7637,pine,74795.7,-53092.5,4882.5,39.02,1.155
R7638,pine,75791.3,-52816.9,5080.7,-66.11,1.181
R7639,elm,76634.5,-53282.4,5405.4,73.74,0.888
R7640,pine,77432,-53561.9,5271.3,-129.52,1.03
R7641,pine,77810.7,-53287.3,5163.4,39.87,0.951
R7642,elm,78409.1,-53477.4,5305.1,-259.79,1.01
R7643,pine,-78839.6,-52380.1,14907.8,-3.55,0.863
R7644,pine,-77687,-52264.7,14325,-51.75,1.222
R7645,pine,-76244.2,-52244.6,13403.9,-76.12,1
R7646,pine,-75178.5,-52734,12524.3,-197.56,1.075
R7647,pine,-71441.9,-52270.1,11917.2,-218.1,1.193
R7648,pine,-70530.3,-52628.8,12814.9,-108.96,1.146
R7649,pine,-69799.8,-52122,12955,-151.03,1.153
R7650,pine,-68204.4,-52390.8,11931,-211.97,0.959
R7651,pine,-67039.3,-52277.5,12209.5,67.44,0.97
R7652,pine,-66115.2,-52477.3,12039.3,-79.28,0.883
R7653,pine,-65230,-52267.2,12207.3,-42.12,0.963
R7654,pine,-64015.3,-52535.1,11353.9,-15.11,0.955
R7655,pine,-63718.4,-52076.9,11591.1,-90.32,0.88
R7656,pine,-62826,-52319.1,10325.7,-26.74,0.832
R7657,pine,-62090.7,-52562.9,10530.4,-135.26,1.097
R7658,pine,-60823.2,-52609.4,11582.1,31.2,1.134
R7659,pine,-60615.9,-52218.3,11681.7,-136.06,0.905
R7660,pine,-59004.4,-52688.7,9147.4,-267.46,1.113
R7661,pine,-57841.6,-52696.8,8671.1,-125.05,1.186
R7662,pine,-56829,-52631.9,8747.3,-25.32,1.084
R7663,pine,-56580.8,-52177.5,9493.7,-125.51,1.157
R7664,pine,-55426.2,-52191,8477.5,1.8,1.224
R7665,pine,-54468.3,-52222.1,8310.8,78.8,0.988
R7666,elm,-54144.7,-52254.4,7564,-139.45,1.062
R7667,pine,-52891.9,-52276.9,6539.9,-107.26,0.851
R7668,pine,-52012.3,-52609.1,6682.7,31.11,1.158
R7669,pine,-51899.9,-52169.7,6540.8,64.61,1.142
R7670,pine,-50505.9,-52559.4,5774.5,-120.01,1.119
R7671,elm,-49740,-52779.3,5942.1,-95.79,0.907
R7672,elm,-49080.4,-52664.2,5370.7,-3.32,1.243
R7673,poplar,-48495.8,-52320.8,4953.5,79.92,0.942
R7674,pine,-45967.9,-52745.6,4260,-128.43,1.169
R7675,pine,-43604.8,-52232,5190.8,76.79,1.034
R7676,elm,26657.5,-52431.1,4244,26.9,0.847
R7677,elm,28110.6,-52545.5,4741.4,-254.98,1.143
R7678,pine,28882.8,-52430.4,5176.1,9.47,1.005
R7679,pine,30368.7,-52645.1,5357.5,32.26,1.088
R7680,pine,31167,-52388.1,5800.8,42.7,0.842
R7681,poplar,31549,-52099,5572.4,16.02,0.84
R7682,poplar,32299.8,-52119.9,5710.5,-75.84,0.806
R7683,elm,33570.1,-52313.8,6013.9,-32.39,0.892
R7684,pine,33653.3,-52755.9,6073.7,-82.99,0.96
R7685,pine,34983.3,-52687.7,6522.3,-154.71,1.013
R7686,pine,35228.7,-52212.2,6561.5,-190.77,1.007
R7687,pine,36050.2,-52365.6,7594.6,-135.69,0.985
R7688,pine,37070.8,-52380.9,8367.4,-89.36,0.864
R7689,pine,38870.3,-52195.6,8057.7,-112.08,0.802
R7690,pine,39392.5,-52509.7,7829.3,-57.79,0.969
R7691,pine,40346.2,-52783.1,8162.2,-248.1,1.193
R7692,pine,49003.5,-52335.2,8779.8,-192.35,1.231
R7693,pine,53348.2,-52128.2,5508.8,-204.68,1.055
R7694,pine,55037.6,-52554,5721.4,-164.45,1.114
R7695,elm,55339.2,-52536.4,5314.9,49.91,0.907
R7696,elm,56436,-52520.1,5398.4,-167.06,0.988
R7697,poplar,57572.2,-52274.6,5303.2,-60.08,1.174
R7698,pine,57895.1,-52016.9,5177.4,40.21,1.146
R7699,pine,71533.3,-52685.4,4055.4,-80.95,0.983
R7700,elm,72555.3,-52684,4260.9,75.49,1.162
R7701,elm,72835.5,-52608.5,4368.5,87.05,0.898
R7702,pine,75075.9,-52021.7,4874.3,-249.44,1.154
R7703,pine,75545.2,-52138.1,5036.7,-84.29,1.208
R7704,pine,76485.7,-52559.6,5362,-118.03,1.167
R7705,pine,77404.8,-52443.6,4991.8,-191.18,0.804
R7706,pine,77866.5,-52070.1,4994.5,-46.54,1.061
R7707,pine,78570.7,-52527,5104.7,-75.69,0.846
R7708,pine,-79049,-51336.1,13224.4,-12.44,0.824
R7709,pine,-76832.3,-51421.2,13768.6,-183.86,1.042
R7710,pine,-67543.7,-51895.5,12398.2,-212.18,1.243
R7711,pine,-67183.9,-51957.6,12594,-253.17,0.89
R7712,pine,-66255.9,-51215.4,12332,27.69,1.247
R7713,pine,-65060.8,-51331,12169.9,-73.95,1.178
R7714,pine,-64226.7,-51997.3,12256.2,-70.08,0.929
R7715,pine,-63809.1,-51922.5,12057.5,51.17,0.858
R7716,pine,-62599.2,-51617,11408.4,-201.26,1.16
R7717,pine,-61647.8,-51641.5,11821,-13.68,0.825
R7718,pine,-60929.4,-51386.8,11062.7,-91.15,1.235
R7719,pine,-60451,-51931.3,11226.3,-97.26,0.929
R7720,pine,-59436.8,-51220.5,9221.7,36.73,0.931
R7721,pine,-59030.9,-51499.9,8792.1,56.59,1.21
R7722,pine,-57810.3,-51986.3,8524.8,-103.47,0.867
R7723,pine,-56856.7,-51768.6,9217.8,-255.72,0.964
R7724,pine,-56096.8,-51646.1,8882.7,-72.12,1.076
R7725,pine,-55216.4,-51927.3,8257.4,-109.45,1.091
R7726,pine,-54293,-51521.8,7723.2,-208.55,1.189
R7727,elm,-53086.9,-51305.3,6496.4,-91.86,0.943
R7728,pine,-52731.2,-51895.3,6357.6,31.93,0.871
R7729,pine,-51318.4,-51754.7,6631.7,47.47,1.139
R7730,elm,-50977.8,-51518.4,6207.7,-135.18,1.19
R7731,elm,-50135.2,-51772.3,5385.5,-111.84,0.821
R7732,pine,-49285.1,-51328.5,5399.9,-97.74,1.025
R7733,pine,-48729.7,-51654.9,5064,-246.57,0.918
R7734,elm,-46250.2,-51766.4,4134.4,-76.15,1.16
R7735,pine,-45584.9,-51647.1,4577.4,10.68,0.977
R7736,poplar,25537.1,-51575.4,3788,-53.02,1.071
R7737,pine,26868.9,-51661.2,4103.4,24.96,1.178
R7738,pine,27692.7,-51244.9,4176.7,-26.75,1.148
R7739,pine,28437.1,-51246.6,4905.3,-180.1,1.071
R7740,pine,29384.4,-51378.1,5421.3,-35.02,1.242
R7741,elm,30044,-51903.8,5192.2,30.63,0.993
R7742,poplar,31034.1,-51698,5391.8,-92.43,0.85
R7743,pine,31455,-51849.4,5483.8,-130.41,0.861
R7744,pine,32261.7,-51605.1,5457.2,-235.56,0.833
R7745,poplar,32903.6,-51470.4,5244.7,33.56,1.021
R7746,pine,33686.1,-51659.2,5558.1,-48.57,0.922
R7747,pine,34427.6,-51346,5838.5,-106.62,0.852
R7748,pine,35330.5,-51463,6698.9,-233.95,0.831
R7749,pine,36475.1,-51415.3,8454.2,-90.71,1.185
R7750,pine,37420.1,-51420.8,8679.2,-136.47,1.249
R7751,pine,38006.4,-51950.7,8597.5,-68.15,0.999
R7752,pine,38712.1,-51664.6,8792.2,-198.32,1.216
R7753,pine,39400.1,-51502.3,8811.6,-140.23,1.171
R7754,pine,40764.5,-51213,8857.3,-226.85,1.217
R7755,pine,40997.6,-51596.1,7984.6,-64.07,0.849
R7756,pine,41993.2,-51422.7,8133.1,-213.54,1.209
R7757,pine,47944.3,-51747.7,8782.3,-119.86,1.107
R7758,pine,49079.1,-51758.2,8753.5,-13.72,1.152
R7759,pine,49641.1,-51900.4,8943.5,60.37,0.837
R7760,pine,50831.6,-51652.9,8126.1,-189.2,0.907
R7761,elm,51737.4,-51235.1,7160.6,69.3,0.805
R7762,pine,52449.8,-51920.3,6477.1,-7.58,1.144
R7763,pine,53496.1,-51647.4,5375.4,-12.81,1.068
R7764,pine,54276.5,-51291.9,5394.3,-236.63,1.006
R7765,poplar,54616.7,-51476.5,5417.8,-91.09,1.133
R7766,elm,55335.3,-51756.2,5418.8,-231.51,1.25
R7767,poplar,56149.2,-51941.4,5262.6,-150.12,1.006
R7768,elm,57293.9,-51640.3,5510.6,-251.06,1.077
R7769,pine,58118.2,-51504.3,4828.8,-116.33,1.185
R7770,elm,71003.9,-51470.3,3786.7,-23.35,1.122
R7771,pine,72789.8,-51962.8,4417.3,-71.96,0.831
R7772,pine,73384.8,-51271.9,4814.9,39.37,0.926
R7773,elm,74200.3,-51976.1,4767.8,14.99,0.855
R7774,pine,74646.6,-51206.6,4855,-212.4,0.927
R7775,elm,75289.8,-51348,4945.5,-211.18,0.804
R7776,elm,76755,-51875,5426.5,50.24,0.992
R7777,pine,77153.3,-51205.5,5526.1,-59.12,0.972
R7778,poplar,77923.1,-51277.8,5316,-209.29,1.142
R7779,elm,79107.2,-51495.5,5035.3,-202.58,0.806
R7780,pine,79202.9,-51238.4,4974.9,-214.59,1.02
R7781,pine,-77254,-50983.1,13540.1,-225.94,1.206
R7782,pine,-74677.2,-50557.3,14167.7,-166.59,1.204
R7783,pine,-71520.8,-50925.9,12543.9,-203.72,1.087
R7784,pine,-69838,-51157.5,13703,-204.06,1.055
R7785,pine,-68318.7,-51152.2,13229.6,-12.26,1.158
R7786,pine,-67778.2,-50968,13072.9,-135.53,1.112
R7787,pine,-66440.9,-50997.6,12572.5,-16.48,0.995
R7788,pine,-66204.6,-50600.5,12527.6,19.89,0.817
R7789,pine,-65104.8,-51006,11896.8,-24.89,0.829
R7790,pine,-64418.4,-50557.2,11065.6,10.15,1.123
R7791,pine,-63353.1,-50828.6,11103.6,39.83,1.12
R7792,pine,-63146.7,-51140.4,11548.2,-184.95,1.242
R7793,pine,-62129.1,-50779.3,11005.1,-216.94,0.864
R7794,pine,-60935.6,-51038.2,10782.2,-14.19,1.249
R7795,pine,-60058,-51068.5,9762.7,71.6,1.184
R7796,pine,-59331.9,-50792.8,8832.9,-70.65,1.209
R7797,pine,-58093.8,-50452.8,8868.7,-180.97,1.194
R7798,pine,-57167.2,-50595.5,8979.9,85.41,0.813
R7799,pine,-56606.5,-51097.1,8647.8,-44.64,1.026
R7800,pine,-55250.6,-50451.3,8071.2,-203.07,1.237
R7801,elm,-54410.5,-50466.2,6769.1,58.39,1.138
R7802,elm,-53886.1,-50936.5,7125.7,-114.09,1.125
R7803,pine,-53011.5,-50460.7,6454.2,-113.94,1.207
R7804,pine,-52406.9,-50563.1,6099.7,-154.1,1.107
R7805,pine,-51982.9,-51016.3,6330.4,-223.72,1.146
R7806,poplar,-51177.9,-51019.5,6044.5,-8.55,1.224
R7807,elm,-50296.2,-50537,5673.8,16.23,0.846
R7808,elm,-49474.5,-50401,5353.1,0.38,1.093
R7809,pine,-48328.5,-51048.5,4992.4,-150.86,1.198
R7810,pine,-47898.8,-50404.7,4567.1,-243.82,0.899
R7811,elm,-46365.7,-51179.3,4210.5,-54.67,0.875
R7812,poplar,-43721.7,-50962.8,5238.8,-153.84,0.836
R7813,pine,27822.4,-51048.1,4208.4,-36.74,0.855
R7814,elm,28075.4,-50655.3,4347,21.13,1.156
R7815,pine,28901.1,-50832.1,5107.6,-118.01,0.921
R7816,poplar,29723,-50477.6,4714,21.05,1.059
R7817,pine,30747.7,-51131.8,5330.2,-217.08,0.997
R7818,elm,31595,-51121.6,5645.1,-169.14,1.11
R7819,pine,32769.9,-50549.4,5181.7,-230.24,0.887
R7820,elm,33217,-50819.4,5196.2,-51.36,1.065
R7821,poplar,34175.8,-50666.3,5578.9,-117.93,0.947
R7822,pine,34495.6,-50579.2,5983,-11.94,1.155
R7823,elm,35664.3,-51126.6,7047.1,-209.26,0.966
R7824,pine,36011.6,-50649.8,7527,89.93,0.856
R7825,pine,37088,-50729.7,8001.6,82.75,1.173
R7826,pine,38227.2,-50507.1,8084.3,-114.86,0.96
R7827,pine,38583.8,-50687.3,8403.5,63.57,0.941
R7828,pine,39224.6,-50692.9,9136.1,-131.78,0.903
R7829,pine,40304.6,-51063.8,9513.9,-33.03,1.006
R7830,pine,41053.3,-50492.3,9213.4,55.4,1.058
R7831,pine,47948.5,-50962.2,8359.2,54.66,1.208
R7832,pine,48278.1,-50690.6,8968.9,70.65,0.817
R7833,pine,49359.9,-50798.7,9122.1,-229,0.886
R7834,pine,50141.6,-50873.6,8892,-33.34,1.171
R7835,pine,51147.5,-50951.7,8108.5,-67.52,1.156
R7836,pine,52344,-50436.9,6673,-29.92,1.02
R7837,pine,52973.8,-51006.2,5812.8,-179.06,0.868
R7838,pine,53729.4,-50578.1,5851.1,-116.36,0.982
R7839,poplar,54413.3,-51026.3,5529,-171.51,1.057
R7840,poplar,55320.8,-50667.9,5391.9,-207.3,1.248
R7841,poplar,56051.6,-51162.2,5297,-68.72,1.017
R7842,elm,57016.8,-50936.3,5472.3,-88.38,1.165
R7843,pine,58174,-50891.9,4744.5,-60.17,1.024
R7844,poplar,71412,-50930.4,3944.4,-14.11,1.147
R7845,pine,74212.9,-50801.9,4875.1,-27.17,1.147
R7846,pine,74895.2,-51053.1,4891.5,-162.88,1.241
R7847,pine,75295.1,-50409.3,5015.1,3.96,0.987
R7848,pine,76125.1,-50523.1,5388.9,32.42,1.011
R7849,pine,76960.1,-50715.9,5469.2,-38.26,1.043
R7850,pine,77706.9,-51150.7,5324.3,-228.77,0.914
R7851,elm,78993.2,-51154.1,5000.8,-252.57,1.021
R7852,elm,79303.4,-50747,5024.7,-50.85,1.152
R7853,pine,-79405.2,-49779.6,11886.2,3.52,1.206
R7854,pine,-78902.9,-49735.6,11957.5,-102.88,0.909
R7855,pine,-77916.5,-49993.4,12694,29.8,0.81
R7856,pine,-76964.9,-50263.1,13401.7,-150.91,1.131
R7857,pine,-69664.9,-49678,13827.1,-241.96,0.886
R7858,pine,-68718.9,-49896.4,14229.7,-247.17,1.116
R7859,pine,-67971.5,-50392.5,13406,-263.75,1.129
R7860,pine,-67194,-49735.2,12942.8,17.91,0.916
R7861,pine,-65907.1,-49827.5,11868.4,-105.83,0.972
R7862,pine,-64820.7,-49862.3,10583.6,-140.04,1.11
R7863,pine,-64603.2,-50366.7,11008.8,-263.19,0.895
R7864,pine,-63556.6,-49637,10213.2,-188.38,1.183
R7865,pine,-61841.1,-49931.4,9712.4,-94.32,0.891
R7866,pine,-59831.6,-49956.9,8596.7,-250.72,1.043
R7867,pine,-58104.3,-50314.8,8622.2,-210.09,0.814
R7868,pine,-57479,-49870.7,8131.8,-166.76,0.868
R7869,pine,-56668.2,-49739.7,8291.9,71.81,0.966
R7870,pine,-55764.3,-49708.7,8427.8,-208.05,1.178
R7871,elm,-54972.3,-49850.3,7260.5,-157.04,1.135
R7872,pine,-54170,-50085,6646.2,-227.99,1.235
R7873,poplar,-53428.2,-49656.1,5645.8,-132.26,1.172
R7874,pine,-52166.1,-49933.3,4988.1,-73.54,0.842
R7875,elm,-50820.9,-49680.9,4941.9,-138.13,0.936
R7876,pine,-50356.5,-49872.3,5378.7,-181.31,0.982
R7877,poplar,-49405.9,-49902.2,5404.2,-32.09,1.175
R7878,elm,-48612.6,-49999.8,4782,-133.71,0.871
R7879,elm,-47632,-50311.3,4563.5,-113.66,0.848
R7880,elm,-44605.5,-50005.7,5098.1,-53.95,0.803
R7881,pine,-43315.8,-50353.7,4536.3,-81.85,1.179
R7882,pine,27814.1,-49656.4,4015.6,-224.55,0.968
R7883,elm,28453.3,-50391.9,4594.1,-269.11,0.974
R7884,pine,30692.5,-49643.9,4367.9,-259.49,0.895
R7885,elm,31777.7,-50343.1,4932.1,23.93,0.934
R7886,pine,32045.4,-50140.7,4918.6,25.64,1.07
R7887,pine,33200.5,-50087.3,5241.6,-0.08,1.127
R7888,elm,34206.2,-50293.3,5846.4,30.84,0.971
R7889,pine,34760.3,-49780.9,7200.4,83.3,1.057
R7890,elm,37325.4,-50195.7,7532.9,-149.94,1.175
R7891,pine,38224.8,-50259.4,8038.5,47.38,1.085
R7892,pine,39121.8,-49896.8,8106.8,-110.52,0.849
R7893,pine,39509.5,-50360,9590.3,-178.11,0.897
R7894,pine,40351,-49648.8,9803.4,13.4,0.878
R7895,pine,41193.2,-49642.4,10372.3,-231.15,0.93
R7896,pine,41614.3,-49800.8,9261.5,-59.13,0.974
R7897,pine,48013.2,-50184.3,8199.6,-178.59,1.248
R7898,pine,48917.5,-50202.8,10030.8,-135.63,1.094
R7899,pine,50853.9,-49909.5,6926,-72.8,1.183
R7900,elm,51695.4,-49692.4,6698.9,84.52,1.234
R7901,pine,52143.2,-50079.3,6991.7,-29.52,1.021
R7902,elm,52909.3,-49685.8,6332.2,-190.84,1.021
R7903,poplar,53665.4,-50275.9,6042.5,-241.1,1.187
R7904,pine,55140.3,-50342.3,5414.5,-53.53,0.968
R7905,elm,55405.5,-49677.7,5138.6,-0.45,1.074
R7906,pine,56216.3,-49866.2,5034.7,-149.95,1.092
R7907,elm,57294.1,-49717.7,4816.6,-98.39,0.985
R7908,elm,71450.8,-50139.3,4306.1,-265.64,1.208
R7909,pine,72464.6,-50334.4,4507.6,-159.46,1.214
R7910,pine,73297.9,-50069.6,4672.6,-221.65,1.145
R7911,elm,74079.7,-49997.4,4862.8,-99.58,1.028
R7912,pine,74997,-49844.2,4974.8,2.1,1.129
R7913,elm,75399.4,-49799.2,5039.5,-114.5,1.135
R7914,pine,76202.3,-49998.9,5343.5,85.86,0.883
R7915,pine,77147.9,-49923.5,5331.4,-255.68,0.928
R7916,pine,77792.6,-49826.1,5487.4,10.44,0.943
R7917,pine,78705.9,-50369.3,5227.7,45.26,0.819
R7918,elm,79329.7,-49846.4,5226.8,-69.37,1.206
R7919,pine,-78662.1,-48868,12113.4,-128.25,1.242
R7920,pine,-78018.2,-49026.8,12214.1,-169.64,1.176
R7921,pine,-75298.6,-49415.4,12640.7,-12.56,0.893
R7922,pine,-75088.7,-48871.3,12390.7,-53.56,1.053
R7923,pine,-70474.4,-49439.1,13046.7,31.56,0.802
R7924,pine,-67815.6,-49218.5,13225.6,-268.45,0.899
R7925,pine,-66978.1,-48910.8,11781.6,-4.61,1.032
R7926,pine,-64412.2,-49534,10397.2,-196.43,1.031
R7927,pine,-63696.9,-49553.5,10205.6,-140.09,0.98
R7928,pine,-62656.8,-48930.4,8972.6,-175.26,1.108
R7929,pine,-61378.9,-49479.5,9475.3,-127,1.21
R7930,pine,-59148.5,-49522.4,7831.4,-60.48,1.152
R7931,pine,-57211.3,-49243.4,8054.4,32.26,1.145
R7932,pine,-56479.3,-48989,8311.4,19.66,1.131
R7933,pine,-55360.3,-49258.7,7551.9,-217.66,1.045
R7934,elm,-54500.4,-49575.4,6710.6,-232.82,0.871
R7935,elm,-54391.1,-49245,6416.1,-43.02,0.882
R7936,poplar,-53336.6,-49516.1,5425.4,-116.74,0.882
R7937,pine,-52044.6,-49147.6,4579.5,-161.13,1.17
R7938,elm,-50804.6,-49292.9,4568,-176.01,1.027
R7939,elm,-50067.9,-49185.5,4854.6,-84.55,1.111
R7940,poplar,-49169.9,-48971.1,4633.5,-247.81,0.976
R7941,elm,-46902.5,-49481.8,3924.3,-14.85,0.928
R7942,pine,28038.4,-49460.1,4062.5,23.67,1.008
R7943,elm,30325.7,-49376.2,4221.4,25.96,1.199
R7944,poplar,30653.7,-49458.2,4281.6,58.57,0.884
R7945,pine,32666.2,-49596.6,5177.3,-221.52,0.938
R7946,pine,33827.8,-49050.6,6615.8,73,1.029
R7947,elm,35142.2,-48910.1,6031.9,-80.15,1.068
R7948,poplar,35851.5,-49528.8,6961.1,-90.77,0.971
R7949,pine,36455.6,-49493.6,6607.6,36.37,0.981
R7950,elm,37070.1,-49333.9,6466.9,-114.89,0.855
R7951,elm,37963.3,-49149.5,7599.2,-269.34,1.206
R7952,pine,38552.6,-49033.7,8285.8,41.11,1.091
R7953,pine,39837.2,-49304.2,8773.7,-20,0.838
R7954,pine,40703.1,-49127.2,10152.4,-236.9,1.046
R7955,pine,41226.3,-49444.4,10563.9,-56.37,0.945
R7956,pine,42001,-49439.1,9845.5,-83.21,0.816
R7957,elm,50916.4,-49039.1,6259.3,-50.55,0.909
R7958,poplar,51408.5,-48875.9,6298.2,59.03,1.213
R7959,elm,52069.8,-49431,6703.1,72.72,1.24
R7960,elm,52968.5,-48875,6245.2,-120.72,1.133
R7961,pine,53748.3,-49392.2,5349.7,55.78,0.885
R7962,elm,54816.5,-49147.6,4943.8,15.04,1.177
R7963,pine,56044.9,-49353.5,5214,-73.83,0.924
R7964,pine,57229.7,-49255,4790,-230.79,0.891
R7965,pine,57986.8,-49079.7,4344.4,-113.34,0.846
R7966,elm,58736.9,-49354.1,3997.9,-209.59,0.947
R7967,pine,71761,-49487.1,4510.1,-157.73,0.985
R7968,elm,72654.2,-48952.6,4314.9,4.89,1.155
R7969,pine,73512.7,-49362.4,4587.6,-188.86,0.931
R7970,pine,74047.6,-48905.7,4824.8,7.68,1.14
R7971,pine,75025.5,-49128.1,5085.7,-201.49,1.036
R7972,elm,75767.1,-49162.3,5137.7,-112.03,0.882
R7973,elm,76300.1,-48952.5,5388.1,-105.69,0.823
R7974,pine,76963.6,-49378.5,5288.9,-97.51,1.24
R7975,pine,77774.2,-49511.1,5449,28.39,1.118
R7976,pine,78509.2,-48841.7,5651.6,-207.39,1.164
R7977,pine,-79497.9,-48034.5,13093.7,-179.62,1.199
R7978,pine,-79010.7,-48753.4,11975.3,-111.96,1.208
R7979,pine,-78134.7,-48716,12031.8,-110.26,0.825
R7980,pine,-71976.8,-48293.6,13248.3,-88.28,1.211
R7981,pine,-70795.8,-48389.4,14622.1,-140.91,0.875
R7982,pine,-70149.2,-48385.6,14486.9,-52.05,1.002
R7983,pine,-69155.3,-48003.5,12857.2,-168.08,0.909
R7984,pine,-68105.7,-48069.6,12470.7,-195.59,0.896
R7985,pine,-67829.6,-48089.2,11981.1,-120.05,0.813
R7986,pine,-65722.9,-48758.4,10587.4,-190.62,0.882
R7987,pine,-63838.6,-48099.8,9160.6,-162.01,1.138
R7988,pine,-56235.6,-48469.6,8249.7,-207.49,0.921
R7989,elm,-55729.5,-48388.5,7734.4,-50.98,1.249
R7990,pine,-54467.2,-48407.7,5889.3,-196.48,1.191
R7991,elm,-53715.9,-48489.5,5219.9,33.71,1.118
R7992,pine,-52852.3,-48537.4,4460.2,-236.69,1.201
R7993,pine,-50019.4,-48603.4,4122.1,-32.39,0.996
R7994,pine,-48805.9,-48291.4,4266.9,-133.64,1.102
R7995,pine,31817.3,-48412.9,4874,-122.14,0.993
R7996,elm,32195.1,-48427.9,5121.2,-171.34,1.193
R7997,poplar,32925.5,-48304,5509.9,-36.26,1.197
R7998,pine,33865.6,-48056.4,5897.5,34.17,1.187
R7999,pine,34460,-48465.4,5665.8,-82.2,0.905
R8000,elm,35558.5,-48399.2,6101.8,-214.44,0.951
R8001,elm,36575.2,-48591.3,6205,-266.35,0.89
R8002,pine,37517.9,-48296.2,6372.7,-80.27,1.219
R8003,poplar,37661.9,-48125.6,6225.4,13.64,1.141
R8004,elm,38551.6,-48165.9,7373.2,-95.42,0.955
R8005,pine,39493.8,-48425.4,8679.6,20.39,1.035
R8006,pine,40197.1,-48606.3,9361.6,-19.17,1.165
R8007,pine,41269.1,-48357.4,9673,-160.59,0.99
R8008,pine,41783.3,-48576.4,9317.6,-240.62,1.164
R8009,elm,50205.7,-48507.2,6447.9,-166.41,0.805
R8010,pine,50475.8,-48344.1,6443.9,16.86,1.176
R8011,elm,51448.6,-48134.9,6607,-129.29,0.849
R8012,pine,52352.2,-48391.9,6182.6,82.47,1.196
R8013,pine,54030.8,-48535.2,5366.6,-239.67,1.119
R8014,pine,54778.2,-48125,5051.7,9.41,1.131
R8015,elm,55798,-48189.1,5427.7,-28.47,0.843
R8016,pine,57356.5,-48476.9,4612.7,-84.77,0.869
R8017,pine,69598.3,-48071.1,4541.6,-98.51,1.183
R8018,pine,69889.6,-48798,4295.9,-74.88,1.105
R8019,pine,70787,-48275.4,4786.7,-236.23,0.958
R8020,elm,71523.5,-48606.8,4448.9,-136.79,0.863
R8021,pine,73001.7,-48319,4419.9,-256.51,1.244
R8022,elm,73715.1,-48024.5,4701,-200.04,1.045
R8023,pine,75969,-48516,5400.9,-21.08,1.077
R8024,pine,76487.3,-48014.8,5581.7,-21.71,1.102
R8025,elm,76826.5,-48750.1,5645.7,-100.64,1.137
R8026,pine,78367,-48546.1,5741.2,-189.94,0.883
R8027,elm,78915,-48321.3,5922.7,-206.24,0.938
R8028,elm,79480.5,-48171.7,5952.8,48.54,0.889
R8029,pine,-78542.4,-47333.1,12979.6,58.86,0.864
R8030,pine,-78328.3,-47325.3,12840.2,-52.05,1.087
R8031,pine,-77455.9,-47204.4,12120.7,-166.5,1.212
R8032,pine,-76150.5,-47868.4,11630.8,-164.58,1.058
R8033,pine,-74686.3,-47572.1,11833.2,-184.91,0.857
R8034,pine,-72578,-47707.3,12936.1,-185.31,1.128
R8035,pine,-71678.1,-47978.1,13534.1,-232.64,1.142
R8036,pine,-70520.5,-47932.3,15342,-20.29,1.013
R8037,pine,-70158.9,-47778.4,14478.1,-160.02,0.871
R8038,pine,-69108.3,-47728.5,12593.5,-1.54,1.232
R8039,pine,-68456.4,-47878.7,12595.3,-146.11,0.915
R8040,pine,-67546.6,-47982.8,11335,-247.22,1.24
R8041,pine,-55961.4,-47294.5,6879.5,-154.07,0.855
R8042,pine,-53961.9,-47845.7,5188.9,-59.68,1.147
R8043,pine,-52545.7,-47979.5,4441,83.76,0.854
R8044,pine,31369.7,-47389.7,4439.8,-45.11,0.956
R8045,pine,35749.4,-47435.8,5807,-117.96,0.836
R8046,pine,36478.3,-47303.5,6541.3,83.67,0.981
R8047,pine,36963,-47603.4,5971.4,-143.31,1.058
R8048,elm,38577.8,-47479.7,7631.6,36.92,1.141
R8049,pine,39727.3,-47687.3,10370.7,-161.82,1.151
R8050,pine,40164.9,-47578.6,10346.6,-134.6,1.17
R8051,pine,41140.9,-47869.9,9503.6,-175.33,0.813
R8052,pine,41631.9,-47820.6,8878.7,75.66,0.885
R8053,pine,42891.6,-47605.1,8042.6,-261.32,0.928
R8054,pine,47584.3,-47928.5,9114.6,-218.84,1.191
R8055,pine,49437.8,-47964.4,7354.1,62.86,1.145
R8056,elm,50211,-47558.7,6740.2,-38.21,0.856
R8057,elm,50438.7,-47282,6829.9,-203.78,1.094
R8058,pine,51435.2,-47966.7,6317,-187.76,1.06
R8059,poplar,52650.6,-47428.4,5720,-69.4,1.137
R8060,pine,52826.5,-47261.8,5613,13.55,0.968
R8061,elm,54304.2,-47571.5,5761.4,5.99,1.074
R8062,pine,54777.7,-47333.1,5848.2,35.3,0.857
R8063,pine,55781.1,-47261.2,5268.4,78.94,1.22
R8064,pine,56122,-47286.5,5275.4,-268.49,1.076
R8065,pine,57344.9,-47992.5,4676.4,-73.83,0.928
R8066,pine,59177.8,-47499.1,3761.4,-177.63,1
R8067,elm,70390.8,-47313.9,4769.9,-134.42,1.194
R8068,pine,71415.3,-47573.5,4473.6,38.56,1.159
R8069,pine,72385.7,-47396.1,4499,50.16,1.176
R8070,pine,73192.8,-47472.3,4686.1,-240.28,0.96
R8071,elm,73993.4,-47956.6,4690,44.11,0.936
R8072,elm,74686.1,-47674.1,4859.4,-19.05,1.097
R8073,poplar,75502,-47620.6,5238.8,-240.48,1.079
R8074,pine,76133,-47931.8,5407.5,77.6,1.186
R8075,pine,77120.4,-47915.9,5629.1,-265.17,1.232
R8076,elm,78082.5,-47857.8,5754.1,-114.23,1.057
R8077,pine,78480.1,-47221.3,5740.9,-30.23,0.891
R8078,pine,-79237.4,-46478.3,12175.7,-221.46,0.809
R8079,pine,-78716.6,-46546.7,12382.6,-98.41,1.029
R8080,pine,-78305.7,-47078.7,12826.7,-84.48,1.1
R8081,pine,-77220.1,-46515.7,12313.4,-172.85,1.217
R8082,pine,-76431.5,-46503,11546.5,-83.43,1.131
R8083,pine,-74312.4,-46704.6,12283.7,-184.8,0.891
R8084,pine,-72298.2,-47171.4,13750.3,-131.64,1.06
R8085,pine,-70422.3,-46978.3,13771.7,-186.16,1.165
R8086,pine,-70298.5,-46787.3,13483.8,-172.39,1.017
R8087,pine,-69563.9,-46585.7,12159.9,-13.9,0.931
R8088,pine,-68128.9,-46519.1,10868.8,73.21,1.059
R8089,pine,-67625.9,-46773.8,10531.1,-126.56,0.975
R8090,elm,-55217,-46868.2,6228,46.99,0.953
R8091,pine,-53318.5,-46699.2,4490.7,-54.41,1.226
R8092,pine,-51352.5,-47092.3,4090.6,-115.15,0.875
R8093,pine,28766.5,-46559.5,3945.4,-245.59,0.803
R8094,elm,31286,-46870.8,4299.9,-154.83,1.136
R8095,poplar,32503.2,-47118.3,4732.2,-230.89,1.007
R8096,pine,33117.3,-47075.7,5272.4,86.44,0.808
R8097,pine,34336.8,-47135.3,5410.7,26.24,1.141
R8098,pine,34523.8,-46581.8,5509.4,-125.4,1.112
R8099,elm,35428.4,-47189.4,5700,-115.92,0.838
R8100,elm,36324,-47060.7,6619.1,-212.46,1.009
R8101,elm,37427.2,-46937.7,6115.5,31.53,0.906
R8102,pine,37985.9,-46484.7,7263.3,24.46,0.812
R8103,pine,38620.2,-46919.5,8304.2,-239.67,0.854
R8104,pine,39747.8,-46930.7,10063.6,-175.26,1.129
R8105,pine,40749.8,-46603,8223.9,-17.34,1.119
R8106,pine,41591.6,-47097.1,8222.4,-181.78,0.913
R8107,pine,41776,-47012.2,8124.1,-186.18,1.215
R8108,pine,43097.7,-46729.8,8801.5,35.53,0.97
R8109,pine,43246.4,-47039,8274.3,8.56,1.127
R8110,pine,46378.4,-46637.6,10243.5,40.42,1.039
R8111,pine,46468.8,-46869.6,10705.9,-48.41,0.803
R8112,pine,48782.8,-46900.2,7043.5,48.58,1.081
R8113,poplar,50248,-47183,6994.2,-55.06,1.184
R8114,elm,51108.5,-46891.3,6146,63.74,0.826
R8115,pine,51596,-47131,5858.3,-85,1.011
R8116,pine,52362.4,-47030.7,5847,-87.7,0.851
R8117,pine,53451.1,-46621.9,5945.8,-239.62,1.16
R8118,pine,54393,-46410.6,6321.4,56.74,0.898
R8119,pine,55051.7,-46605.1,5552.8,-57.77,0.929
R8120,poplar,55646.3,-46447.6,5163.1,9.68,0.803
R8121,elm,57517.5,-47141.6,4303.1,-166.93,1.224
R8122,pine,57838.1,-46972.3,4145.9,-179.08,1.055
R8123,pine,68302,-46644.4,4548.6,-22.39,1.138
R8124,elm,69916.4,-46700.4,4772,-260.45,0.837
R8125,pine,70842,-46510.6,4863.8,-169.54,1.013
R8126,pine,71277,-47094.3,4641.3,-12.34,1.006
R8127,elm,72546,-46617.1,4699.4,-125.13,1.068
R8128,pine,72979.7,-46670.2,4705.8,59.88,0.971
R8129,pine,74030.7,-46704.8,4742.1,-60.5,0.9
R8130,poplar,74685.3,-46848.1,4908.5,-135.69,0.929
R8131,pine,75911.7,-47132.5,5360.6,-173.93,1.055
R8132,pine,76124,-46928.7,5405.4,-93.79,0.891
R8133,pine,76964.5,-47067.9,5609.5,-173.42,1.085
R8134,pine,78176.8,-46482.8,5971.1,-92.68,0.863
R8135,pine,78460.9,-46936.1,5809.2,-85.16,1.044
R8136,pine,79314.3,-46441.7,6057.2,31.52,0.854
R8137,pine,-79416.2,-46379,12133.9,-257.97,1.219
R8138,pine,-78539.9,-45681.8,12074.2,61.04,1.088
R8139,pine,-77612.3,-46316,12650.5,52.18,1.217
R8140,pine,-77062.4,-45838.9,12408.8,-163.6,0.947
R8141,pine,-73600.8,-46208.7,12747.8,66.44,0.811
R8142,pine,-72149.6,-45863.8,14341.4,-207.1,1.086
R8143,pine,-71208.7,-46011.5,13628.7,-27.47,0.846
R8144,pine,-70902.9,-46036.2,13475.2,-200.56,0.885
R8145,pine,-70343.5,-45705.9,12884.7,-31.01,1.199
R8146,pine,-68938.1,-45814,11590.9,-203.01,1.153
R8147,pine,-68653.4,-46396.1,11351.3,-159.18,1.191
R8148,elm,-53674.4,-45831.1,4544.3,89.35,1.069
R8149,pine,-52847.6,-45814.4,4355,-132.4,0.93
R8150,pine,31567.8,-46249.6,4397.4,-95.63,0.884
R8151,pine,33094.5,-46167.9,4969,-26.72,1.143
R8152,pine,34154,-45632.1,5723.5,-161.91,0.815
R8153,pine,34746.8,-45887.1,5732.5,-88.88,1.217
R8154,pine,35668.2,-46274.8,6402.6,-141.22,1.227
R8155,pine,36206.3,-45950.5,6173.8,-24.95,1.218
R8156,elm,37404.8,-45775.2,7137.6,-212.64,1.174
R8157,pine,38166.8,-45712.1,8671.5,-72.83,1.187
R8158,pine,38438.2,-45999.1,8962.6,-11.55,1.021
R8159,pine,39593.7,-45865.6,8426.5,81.76,0.93
R8160,pine,40698.6,-45833.8,8112.2,-229.13,1.064
R8161,pine,41312.3,-46070.8,8168,-209.96,1.109
R8162,pine,42227.1,-45836,8504,-70.85,0.869
R8163,pine,45231.1,-46040.6,9777.8,21.97,0.89
R8164,elm,47742.3,-45622.2,7042.7,-15.92,1.019
R8165,pine,48906.7,-46309.6,6565.2,-223.55,1.196
R8166,pine,50240.6,-45849.3,6453.3,-217.48,1.246
R8167,poplar,51814.7,-46182.1,5987.9,-257.38,1.084
R8168,elm,52744.6,-45989.4,6403.8,-13.19,1.209
R8169,pine,54470.7,-45924.6,6419,-98.9,0.806
R8170,pine,55836.7,-46351.6,5126.6,-53.52,0.884
R8171,pine,56954.8,-45654.6,4704.9,-243.22,0.905
R8172,poplar,66831.6,-45875,3993.8,-235.27,1.207
R8173,pine,67669.5,-46049.2,4547.1,-66.12,1.212
R8174,poplar,68765.1,-46133.3,4673.8,-44.05,0.875
R8175,pine,69847.9,-46029.1,4660.9,4.73,0.893
R8176,elm,70828.8,-46273.4,4919.9,-134.44,1.221
R8177,pine,71221.1,-45635.5,5047,-154.05,1
R8178,elm,72522.9,-45944.3,4810.9,-95.91,1.187
R8179,pine,72840.6,-45626.8,4849,-80.93,1.173
R8180,pine,73805.9,-45934.4,4918,-26.46,0.964
R8181,elm,75039.6,-46082.8,5121,-17.33,1.125
R8182,poplar,75223.7,-46079.5,5142.3,-134.73,1.237
R8183,poplar,76284.2,-45824.6,5424.8,-238.25,0.822
R8184,elm,77090.2,-45623.2,5821.9,-19.37,0.843
R8185,pine,79143.1,-46268.6,6100.7,-34.63,0.915
R8186,pine,-78444.5,-44884.1,12049.9,-223.26,1.16
R8187,pine,-78094,-45585.5,12008.7,-180.38,1.211
R8188,pine,-77117.6,-45144.2,12055.6,-269.15,0.924
R8189,pine,-76113.5,-45016.9,12298.2,42.97,0.848
R8190,pine,-75359.9,-45445.6,12172,-124.61,1.019
R8191,pine,-74927.1,-45321.8,12202.2,-178.35,0.841
R8192,pine,-73925.6,-45353,12725.7,19.52,1.218
R8193,pine,-72916.3,-45574.4,13585.8,-28.77,0.835
R8194,pine,-72480,-45487.8,13631.4,-70.01,1.237
R8195,pine,-71214.2,-45324.3,13188.6,-30.86,0.849
R8196,pine,-70606.2,-45428,12533.4,-260.44,1.156
R8197,pine,-70154.5,-45067.7,11880.1,-185.64,0.84
R8198,pine,-69271.9,-45244.2,11746.8,-187.74,1.125
R8199,pine,-68591.3,-45299.5,10836.6,-16.92,0.972
R8200,pine,-67986.1,-45173.6,9632.1,-170.97,0.879
R8201,elm,-56472.2,-45547,6390.6,-60.46,1.095
R8202,elm,34379.1,-45516.6,5784.7,-25.31,1.032
R8203,pine,35295.9,-45369.5,6177.6,-235.82,1.201
R8204,poplar,36521.8,-45306.7,6425.7,-247.94,1.029
R8205,pine,37521.5,-45252,8203.1,-94.18,1.207
R8206,poplar,37928.7,-44920.3,7681.2,-44,1.075
R8207,elm,38831.7,-44916.2,7156,65,1.096
R8208,poplar,39812.4,-45473.8,7783,-13.66,0.91
R8209,pine,40649.9,-44858.1,7143.9,-147.16,0.943
R8210,elm,41387,-45029.1,7444.4,-57.24,1.013
R8211,pine,41941.4,-45282.8,8434.9,73.99,0.859
R8212,pine,43042.1,-45590.2,9209.6,-51.35,1.182
R8213,pine,43900.2,-44925.7,9157.1,-100.31,1.162
R8214,pine,44830,-45007.3,10348.7,-27.22,0.894
R8215,pine,45903.6,-45373.3,9344.2,-137.86,1.248
R8216,pine,47516.1,-45517.5,7116.1,10.48,0.903
R8217,elm,49372.6,-45514.9,6314,-35.41,0.974
R8218,pine,49681.5,-44945.6,6163.1,-250.46,1.114
R8219,pine,51062.7,-44918.7,7056.4,-150.3,0.884
R8220,poplar,51752.9,-45274.1,6810.6,-174.62,1.146
R8221,pine,52559.2,-45501.2,6641.8,-72.34,0.865
R8222,elm,54680.3,-45485,6135.2,-134.15,1.044
R8223,pine,56198.2,-45173.6,4589.8,63.56,1.237
R8224,pine,58414.8,-44892.8,4049.2,51.7,0.975
R8225,pine,67444.9,-45510.2,4377.7,26.05,1.085
R8226,elm,69451.7,-45499.9,4345.7,-27.97,0.815
R8227,pine,69890.7,-45579.8,4468.8,-193.24,1.009
R8228,poplar,70542.2,-44874.7,4212.7,-101.04,1.205
R8229,elm,71589.1,-45572.6,4957.1,57.2,1.015
R8230,pine,72394.7,-44949.7,4635.4,-83.45,1.238
R8231,pine,73405.9,-45280.8,5093.6,-183.23,0.958
R8232,elm,73968.9,-45007,5080.8,-135.35,0.822
R8233,pine,75089.5,-45398.1,5355.1,17.14,1.149
R8234,elm,75571.7,-45168.8,5552.9,-173.28,1.245
R8235,pine,76470.6,-45534.6,5523.7,-13.77,1.07
R8236,pine,76911.4,-44929.7,5998.5,-6.32,1.242
R8237,elm,78264.6,-44881.7,6610.1,-167.28,0.874
R8238,pine,78765.6,-45277,6447,-2.41,1.023
R8239,pine,-79568.7,-44547.8,12221.6,-127.06,1.158
R8240,pine,-78946.7,-44468.1,11997.1,37.13,1.08
R8241,pine,-77784.5,-44265.4,12268.2,-71.63,0.918
R8242,pine,-76997.2,-44227,12227.5,80.43,0.915
R8243,pine,-76098.1,-44007.7,12854.3,-42.96,1.171
R8244,pine,-75217.8,-44492.6,13005.3,-224.84,1.055
R8245,pine,-74589.4,-44798.9,12464.8,-202.23,1.072
R8246,pine,-73858,-44689.7,12944.1,-229.6,1.035
R8247,pine,-73050.1,-44099,12234,-210.64,1.006
R8248,pine,-72197.2,-44796.1,12597.8,-194.5,1.242
R8249,pine,-71822.9,-44069.1,11563.1,-156.42,1.227
R8250,pine,-70582.6,-44545.2,11766.6,88.2,1.1
R8251,pine,-70106.5,-44722.3,11464.4,-206.5,0.864
R8252,pine,-69082.6,-44473.8,10969.7,-54.26,0.902
R8253,pine,-68744.8,-44693.6,11014.3,-62.99,0.833
R8254,elm,-54516.9,-44615.8,5270.4,-133.06,1.145
R8255,pine,-52692.9,-44711.3,4306.8,-72.52,1.009
R8256,pine,30440.3,-44400.7,4050.4,-107.86,1.098
R8257,pine,35162.2,-44457.4,6349.7,-235.37,0.832
R8258,pine,35522.7,-44266.3,6815.4,-184.63,0.811
R8259,pine,36329.6,-44643.9,7131.9,-241.71,1.142
R8260,pine,37140.9,-44596.7,7969.8,-30.63,1.042
R8261,pine,37884.8,-44507.5,7824.2,20.18,0.826
R8262,pine,38828.7,-44271.2,7518.2,-176.71,1.042
R8263,elm,39385.2,-44099.6,7619.5,-110.42,0.976
R8264,elm,40049.2,-44228.1,7222.7,-0.31,1.056
R8265,poplar,41576.2,-44082.4,6665.3,-152.81,1.146
R8266,pine,42935.4,-44726.4,7559.9,-189.49,0.945
R8267,pine,43409,-44460.8,8218.1,-263.13,1.104
R8268,pine,44435.4,-44016.5,8782.3,-211.53,0.837
R8269,pine,44948.2,-44543.6,10007.9,-267.03,1.2
R8270,pine,45851.6,-44725.7,10011.6,-148.25,1.096
R8271,pine,46484.8,-44458.5,9325.5,87.71,1.055
R8272,pine,47233.3,-44377.1,7777.3,-268.15,1.21
R8273,elm,49754.5,-44622.6,6251.7,-6.26,1.174
R8274,elm,51450.8,-44248.3,7719.2,-166.34,1.044
R8275,poplar,52223.5,-44324.7,6983,2.91,0.893
R8276,elm,54335.6,-44512.9,5946.6,-3.48,0.951
R8277,pine,55833.2,-44238.5,4517.7,87.91,1.122
R8278,pine,59013,-44251.9,3984.7,-55.98,1.096
R8279,pine,64649.6,-44379.3,4206.8,-201.86,0.824
R8280,poplar,65591.3,-44360.4,4245.5,-55.08,0.897
R8281,pine,65902.9,-44615.3,4216.5,-187.97,1.138
R8282,pine,67715.1,-44117.4,4680.3,-145.12,0.807
R8283,pine,68593.7,-44228.1,4348.5,-266.65,0.911
R8284,pine,70413.2,-44506.2,3980.1,86.62,1.017
R8285,elm,73557.9,-44521.7,4993.1,-137.87,1.208
R8286,pine,73785.7,-44322,5023.3,-24.75,1.193
R8287,pine,74790.5,-44560.2,5422.2,87.14,1.186
R8288,pine,76396.5,-44281.3,6095,-180.92,1.144
R8289,pine,77253.1,-44693,6305.6,-189.31,0.837
R8290,poplar,78212.9,-44681.7,6693.6,-151.61,0.998
R8291,poplar,78562.8,-44737.4,6694.4,-42.39,1.076
R8292,pine,-79072.4,-43346.5,12269.7,-229.09,1.237
R8293,pine,-78174.4,-43500.2,12289.5,-261.64,1.186
R8294,pine,-77459.2,-43562.8,12030,-202.02,1.204
R8295,pine,-76238,-43460.8,12290.3,18.63,1.245
R8296,pine,-75385.3,-43772.2,12876.2,-82.7,0.966
R8297,pine,-74985.6,-43792.7,13020.7,-205.58,0.807
R8298,pine,-73984.9,-43325.5,12059.6,-195.82,1.207
R8299,pine,-73223.6,-43375.6,11827.1,-263.94,0.825
R8300,pine,-72428.8,-43712.6,11405.5,-215.37,0.972
R8301,pine,-71344.8,-43713.9,11107.4,-189.39,1.055
R8302,pine,-70475.9,-43882.7,11342.5,6.02,0.856
R8303,pine,-70341,-43321.5,10936.1,63.82,0.926
R8304,pine,-69378.3,-43830.8,11276.9,-163.53,0.826
R8305,pine,-68432.5,-43758.7,9989,-65.98,1.043
R8306,pine,-67688.6,-43508,10106.1,-73.06,1.202
R8307,elm,-54850.6,-43425,5609.1,-75.36,1.244
R8308,elm,-53133.7,-43675.5,4662.5,-115.22,1.04
R8309,elm,-52351.4,-43309.9,4507.2,-102.39,0.984
R8310,elm,-50941.7,-43290.1,3736.1,-164.84,1.21
R8311,pine,34518.2,-43388.6,5585.9,-143.67,0.863
R8312,pine,36049.2,-43942,7571.1,-207.92,1.044
R8313,poplar,37139.1,-43799.7,6928.6,-207.03,1.139
R8314,poplar,38014,-43334.1,6472.2,-52.64,1.057
R8315,pine,39130.2,-43728.3,7155.9,-225.94,1.125
R8316,pine,39949.6,-43652.7,6858.3,71.78,1.113
R8317,elm,40435.9,-43593.2,6425,-95.53,0.819
R8318,pine,40844.7,-43267.9,6306.2,49.73,0.841
R8319,elm,41662.3,-43534.4,6539,-33.31,0.954
R8320,pine,42609.4,-43717,7238,-269.22,1.029
R8321,pine,43677.6,-43218.6,7679,-252.39,0.888
R8322,pine,44928.9,-43332.8,8105.3,-75.69,1.14
R8323,pine,46084.4,-43762.5,9886.8,-119.06,1.085
R8324,pine,46445.2,-43409.3,9063.6,-188.04,0.875
R8325,elm,49237.4,-43334.2,7426.1,-48.46,1.184
R8326,pine,49702.1,-43389.1,8038.9,-255.8,1.077
R8327,pine,52078,-43980.5,6603.1,-155.01,1.209
R8328,pine,53190.8,-43796.9,5635.4,32.67,1.053
R8329,pine,55368.2,-43218.3,4804.7,-68.18,1.041
R8330,pine,67552.3,-43851.4,4683.6,-103.38,0.802
R8331,elm,68044.8,-43872.8,4629.9,-183.24,0.928
R8332,pine,70195,-43872.6,3930,12.36,1.039
R8333,pine,73429.3,-43537.9,4974.8,-66.11,1.033
R8334,elm,74848.2,-43696.7,5772.9,-200.64,1.227
R8335,elm,76523.4,-43716,6271.1,-250.16,1.25
R8336,pine,77586.1,-43265.9,6751.5,70.67,1.051
R8337,elm,78016.1,-43928.3,6925.7,-25.09,0.906
R8338,pine,78487.1,-43923.6,6931.6,-54.21,1.052
R8339,pine,-79104.7,-43100.8,12354,75.86,1.168
R8340,pine,-78388,-42921.1,12373.1,76.84,1.231
R8341,pine,-77273.1,-43158.8,12165.7,-213.35,0.891
R8342,pine,-76527.9,-43108.8,11999.6,-106.41,1.121
R8343,pine,-75254.8,-43032.7,11965.2,-103.05,0.95
R8344,pine,-74787.2,-42414.6,11583.7,6.11,0.993
R8345,pine,-74350.4,-42781.4,11844.4,-227.39,1.106
R8346,pine,-73308.5,-42925.1,11365.9,-231.03,1.053
R8347,pine,-72535.2,-42404.2,10315.6,-212.59,1.212
R8348,pine,-71406.4,-43139,10491,-6.71,1.057
R8349,pine,-70510.6,-42838.4,10248.7,42.03,1.15
R8350,pine,-69646.9,-42582.7,10077.9,-229.27,0.929
R8351,pine,-69081.7,-42894.1,10289.7,-192.99,1.021
R8352,pine,-68574.1,-42645.2,9942.3,-30.68,1.231
R8353,elm,-53664.6,-42502.3,4763.4,1.05,1.246
R8354,pine,-53095.6,-43097,4547,-161.16,1.023
R8355,elm,-52237.5,-43177.6,4549,-210.79,0.925
R8356,pine,34800.1,-42698,5853.6,-17.32,0.855
R8357,elm,36028.4,-42846.3,7089.2,-135.86,0.851
R8358,elm,38354.2,-43159.7,6492,-22.84,0.965
R8359,elm,39561.7,-42948,6826,-244.44,1.155
R8360,elm,40699.5,-43128.2,6188.6,-99.17,1.005
R8361,elm,41086.9,-42891.5,6178,-10.76,1.248
R8362,elm,42329.2,-42712.1,6599.6,-133.51,1.228
R8363,pine,43746.7,-42771.8,6783.1,-83.85,0.91
R8364,pine,44231.2,-42786.6,7194,-183.98,1.109
R8365,pine,45414.9,-42523.4,8083.6,-165.11,1.072
R8366,pine,45797.1,-42411.1,7956.1,-153.95,1.22
R8367,pine,46872.7,-43095.7,8609.6,-202.1,1.006
R8368,pine,47283.1,-42439.8,8325.7,-248.85,1.193
R8369,pine,48524.5,-42615,8354.3,-212.62,1.195
R8370,pine,48821.3,-42710.8,8391.6,-1.07,0.874
R8371,pine,50169.3,-43029.3,7207.4,-178.56,0.86
R8372,pine,50944.8,-42629.2,5500.8,-233.34,1.205
R8373,pine,51521,-43061.7,5716.8,84.76,0.836
R8374,pine,54870.3,-42806.4,5342.7,11.97,0.951
R8375,pine,74058.2,-42570.7,5044.7,-184.26,0.977
R8376,pine,74986.4,-42802.1,5705,-261.69,1.193
R8377,pine,75494.8,-43060,6029.6,-218.38,0.802
R8378,elm,78207.2,-43057.6,6790.3,41.61,1.154
R8379,pine,79218.7,-43175.8,7015.7,-53.49,0.91
R8380,pine,-79508.2,-42360.5,12619.8,-176.05,0.919
R8381,pine,-78425.7,-41717,12546.9,58.71,1.055
R8382,pine,-77957.3,-42103.4,12503.7,-137.64,1.039
R8383,pine,-77526.6,-41762.2,12248.2,-66.94,0.924
R8384,pine,-76595.6,-41737.1,12185.7,57.28,0.868
R8385,pine,-75465.3,-41817.2,11375.5,42.16,1.008
R8386,pine,-75013.7,-42312,11616.8,-251.66,0.859
R8387,pine,-73991.1,-42056.6,11116.1,-156.21,0.884
R8388,pine,-73369.9,-42182.1,11149,-87.87,1.038
R8389,pine,-72763,-41985,10432.4,-256.01,1.09
R8390,pine,-71740.7,-42262.4,9594,78.83,1.163
R8391,pine,-70752.5,-42171.5,9223.7,-200.91,1.249
R8392,pine,-70380,-41706.5,8898.5,-109.18,0.912
R8393,pine,-69391.7,-42097.6,9537.1,19.18,0.831
R8394,pine,-68570.1,-42203.2,9730.5,81.13,1.013
R8395,pine,-67574.9,-41669.4,10335.2,55.77,1.032
R8396,pine,-66134.9,-42009.5,9138,29.62,1.06
R8397,poplar,-54455.6,-42018.9,4925.8,-159.24,0.903
R8398,pine,-53816.9,-42254.6,4700.6,-249.39,0.835
R8399,pine,34898.1,-41967.5,5506.4,15.07,1.204
R8400,elm,35409.4,-42214.7,6198.5,59.85,0.907
R8401,pine,36035.8,-41667.6,6614.5,-197.09,1.002
R8402,pine,37077,-42034.4,6900.9,-1.27,0.844
R8403,elm,38002.7,-41636.2,6670.9,-125,1.058
R8404,pine,39337.5,-42247.2,6691.1,-194.87,0.995
R8405,elm,40442.4,-42032.1,6019.3,-129.52,1.202
R8406,pine,41197,-41683.5,5661.3,-76.6,0.888
R8407,pine,42900,-42026.1,7197,-156.64,0.886
R8408,elm,43407.8,-42254.9,6516.9,-154.1,1.076
R8409,elm,44065.1,-42038.1,6340,28.77,1.004
R8410,elm,45299.9,-42398.3,7692.2,-0.51,1.05
R8411,pine,46320.9,-42125.2,7640.5,-186.99,1.047
R8412,pine,46629.6,-41645.1,7423.7,78.4,0.91
R8413,pine,47784.2,-41627.8,8470.4,-78.01,0.936
R8414,pine,48569.5,-42181.7,8575.9,-217.94,1.062
R8415,pine,48887.5,-42157.2,8531.3,-155.43,0.825
R8416,poplar,49717.5,-42103.9,6936,-9.17,1.215
R8417,poplar,50662.2,-41725.9,5422.6,-126.79,0.938
R8418,pine,53044.3,-42213.2,5164.7,-177.64,1.089
R8419,pine,54319.7,-42235.5,5354.9,86.76,0.815
R8420,elm,54594.4,-42134.2,5268.8,-57.86,1.248
R8421,elm,67740.4,-41680.5,4774.2,40.03,0.864
R8422,elm,70081,-41839.2,4383.6,-53.13,0.959
R8423,pine,77068.1,-42130.4,6152.8,-96.62,1.099
R8424,pine,78258.8,-41695,6534.3,-42.37,0.929
R8425,pine,78408.1,-42245,6704.1,-214.26,0.981
R8426,pine,-78064.7,-40933,11951.4,-59.02,0.998
R8427,pine,-77365,-41333.4,12110.6,42.33,0.804
R8428,pine,-76686.6,-41550.8,11961.7,21.04,1.118
R8429,pine,-75374.7,-40993.3,10604.9,31.94,0.805
R8430,pine,-74430,-41073.1,10213.4,43.99,0.854
R8431,pine,-74209.3,-40813.7,9955.1,-261.46,1.003
R8432,pine,-73326.2,-41271.1,9708,-91.84,1.098
R8433,pine,-72099,-41013.1,9125.9,-33.44,0.813
R8434,pine,-71644.3,-40982.9,8694.3,-179.19,0.928
R8435,pine,-70411.5,-41397.3,8582.9,-196.34,1.188
R8436,pine,-69663.2,-41022.7,8468.7,19.22,1.018
R8437,pine,-68982.1,-40912.4,8669.5,15.17,1.111
R8438,pine,-67796.1,-40852.2,8817.2,-142.63,0.908
R8439,poplar,34721.6,-41519.9,5195.9,-35.91,1.176
R8440,pine,35200.3,-41365.5,5619,33.83,1.154
R8441,pine,36673.1,-41332.6,6784.8,-213.35,0.931
R8442,elm,37249.4,-41593.4,7419,-51.1,0.877
R8443,elm,37916.9,-41351.1,7172.5,-29.83,1.136
R8444,pine,39076.5,-41567,6570.6,-166.85,0.975
R8445,pine,39788.8,-40810.5,5932.4,-233.27,1.227
R8446,pine,40090.9,-41286.6,6400.1,-250.12,0.835
R8447,pine,41591.4,-41101.6,5865.1,-76.49,1.079
R8448,poplar,42511.2,-41140.2,5891.7,64.16,1.131
R8449,pine,43200.2,-40822.5,6998.4,-253.63,1.081
R8450,pine,44028.4,-41309.6,6201.1,-130.93,1.11
R8451,pine,45102,-41017.3,7074.7,-33.55,0.855
R8452,pine,45836.1,-40982.1,7260.7,41.86,1.01
R8453,pine,46603.8,-40828.9,7589.1,-185.66,0.944
R8454,pine,47239.4,-40839.5,7827,-105.93,0.81
R8455,poplar,48201.8,-40849.2,7423.5,-229.22,1.226
R8456,pine,49073.2,-41139.4,7311.6,-158.29,1.029
R8457,elm,49761.2,-40885.9,6605,18.85,1.073
R8458,poplar,51144.3,-41052.9,5644,-69.08,1.108
R8459,pine,51737.3,-40897.5,5181.8,68.79,1.183
R8460,poplar,54623.3,-41462.3,4939,-214.52,0.905
R8461,pine,55405.4,-41581.8,4399,-122.24,0.824
R8462,pine,63246.6,-41139.9,3880.8,-209.44,1.206
R8463,pine,67208.9,-41515.7,4614.8,-185.32,0.936
R8464,elm,70506.2,-41238.6,4591.4,-70.99,0.858
R8465,poplar,77142.7,-41378.6,6303.6,-106.04,1.044
R8466,poplar,78688.9,-41196.5,6356.1,-232.11,1.227
R8467,pine,79498.5,-40827.1,6604.9,-18.63,1.085
R8468,pine,-77701.1,-40752.1,11971.3,-238.36,0.919
R8469,pine,-77385.6,-40294.5,11632.4,-200.58,1.141
R8470,pine,-76513.8,-40243.8,11118.9,-121.38,0.934
R8471,pine,-75374,-40619.3,9997,34.68,0.961
R8472,pine,-75136.8,-40784.4,10113.2,24.64,0.938
R8473,pine,-73638.7,-40254.9,9112.4,-55.21,1.145
R8474,pine,-72801.3,-40062,8848.7,-200.56,1.03
R8475,pine,-72440.8,-40479.2,9081.9,-157.42,1.046
R8476,pine,-71693.1,-40453.5,8422.8,-6.36,1.172
R8477,pine,-70884.3,-40748.3,8490.2,35.97,0.953
R8478,pine,-69888,-40352.6,8056.6,-36.15,1.127
R8479,pine,-69244.8,-40089.5,8100.7,-135.1,0.897
R8480,pine,-68117.8,-40010.9,7874.4,-14.21,0.869
R8481,pine,-67202.1,-40334.9,8248.8,-138.34,1.06
R8482,pine,-66666,-40759,8974.7,-88.25,0.915
R8483,pine,-65350.8,-40311.9,8236.2,-180.95,1.041
R8484,elm,-56572.2,-40475.2,4662.8,29.72,1.21
R8485,poplar,-55256.9,-40033.5,4050.7,-84.33,1.234
R8486,pine,-54854,-40393.3,4101.6,-157.51,1.013
R8487,elm,34761,-40457.5,4760.9,-4.77,1.234
R8488,elm,36490.1,-40435.2,5527.7,-233.53,1.139
R8489,pine,37145.6,-40742.6,5956.7,-228.39,1.176
R8490,poplar,38176.1,-40242.4,6457.4,27.19,1.228
R8491,pine,38497.9,-40452.9,7003,-205.56,1.25
R8492,pine,39840.7,-40588.8,5948.9,-42.23,0.984
R8493,elm,40417.6,-40285.6,5834,-20.19,0.925
R8494,elm,41124.8,-40388.6,6244.4,-90.63,1.149
R8495,poplar,41860.5,-40263.9,6028.2,-229.54,1.21
R8496,poplar,42905.5,-40620.9,6232.4,62,1.227
R8497,poplar,43517.1,-40633.1,6577.7,-121.63,0.945
R8498,pine,44096.1,-40424.6,6544.2,-163.54,1.043
R8499,pine,45245,-40515.1,7162.8,85.3,1.185
R8500,pine,45996,-40447.8,7435.9,-134.63,1.025
R8501,elm,47139.1,-40614.7,7380,-96.57,0.814
R8502,elm,47537.8,-40730.2,7486.7,-20.65,1.155
R8503,pine,48087.8,-40413.5,6817.2,-99.19,0.937
R8504,poplar,49220.8,-40689,7188.4,-28.52,1.089
R8505,elm,50194.8,-40593.1,6162.9,75.66,0.876
R8506,elm,51034.4,-40586,5620.3,-111.76,0.841
R8507,elm,51484.7,-40002.3,4712.4,-221.97,1.153
R8508,elm,52176.4,-40668.5,4651,-196.53,0.808
R8509,pine,60005.2,-40530.3,3941.7,83.9,0.805
R8510,pine,68281.9,-40757.5,4868.6,-42.5,1.169
R8511,pine,69281,-40018.2,5005.2,35.3,1.188
R8512,pine,79557.5,-40421.4,6563.7,-55.46,0.838
R8513,pine,-78448.8,-39741.8,11503.8,-220.93,1.141
R8514,pine,-77038.8,-39521,11764.9,-247.77,1.184
R8515,pine,-76692.6,-39965.2,11337.1,-218.92,1.081
R8516,pine,-75984.2,-39775.9,10244.9,-165.89,1.026
R8517,pine,-74750.9,-39572.1,9006.3,-157.67,0.999
R8518,pine,-74041.1,-39940.3,8876.6,-85.59,1.123
R8519,pine,-73300.6,-39774,8841,-116.16,0.912
R8520,pine,-72699.8,-39656.2,8372.1,47.24,1.205
R8521,pine,-71507.9,-39290.4,7622.6,70.97,1.227
R8522,pine,-70996.1,-39519.9,7499.3,-207.18,0.849
R8523,pine,-70085.7,-39684,7365.7,-3.99,0.925
R8524,pine,-69046.5,-39352.6,7280.3,-64.11,1.218
R8525,pine,-68044.5,-39364.9,7340.9,-169.96,1.006
R8526,pine,-67695.7,-39232.8,7311,7.07,1.017
R8527,pine,-66675.7,-39778.1,7981,-56.92,1.136
R8528,pine,-65949.7,-39218.7,8014.5,-187.94,0.805
R8529,elm,-63938.4,-39754.3,6781,88.58,0.81
R8530,poplar,-56815.8,-39514.5,4156.4,-83.86,1.207
R8531,poplar,33598,-39433.1,4265.8,-17.63,0.817
R8532,pine,38142.6,-39632.1,5323,28.54,0.998
R8533,elm,38941,-39828.6,5860.2,-95.01,0.839
R8534,pine,39407.4,-39854,6278.2,54.66,1.109
R8535,elm,40637.6,-39300.6,5756,87.1,1.107
R8536,pine,42184.2,-39455.1,5718,-243.65,0.931
R8537,poplar,42412,-39653.7,5715.6,-100.46,0.864
R8538,elm,43917.5,-39397.7,5812.7,-99.39,0.801
R8539,elm,44449.5,-39648.7,6324.3,-203.08,0.914
R8540,elm,45373.8,-39599.8,7315,31.08,1.044
R8541,pine,46328.8,-39755.3,7447.1,26.71,1.092
R8542,poplar,46648.5,-39271.2,5946.2,-156.21,0.803
R8543,elm,47875.7,-39837.6,6267.4,-2.07,0.822
R8544,poplar,48086.6,-39709,6196.1,-117.01,0.81
R8545,poplar,49130.1,-39276.9,5777.9,-168.9,0.894
R8546,pine,49877.2,-39220.5,5820.9,84.1,0.887
R8547,pine,51069.7,-39228.4,5309.7,-64.2,1.022
R8548,poplar,51872.5,-39754.9,4530.7,-269.79,1.042
R8549,pine,52258.2,-39306.8,4384.3,-238.59,1.096
R8550,elm,53556.8,-39450.4,4577.4,81.92,1.177
R8551,pine,54121.4,-39554.7,4361.5,65.83,0.873
R8552,pine,54845.5,-39681.2,4066.8,-144.24,1.161
R8553,pine,66613,-39308.7,4201.2,-5.85,0.978
R8554,pine,67376.5,-39710.1,4513.3,-57.67,1.093
R8555,elm,68660.2,-39370.2,4751.3,50.3,1.018
R8556,pine,69888.6,-39823.3,5000.5,8.36,0.975
R8557,pine,-78704.8,-38544.9,10701.1,-82.13,0.978
R8558,pine,-77346.2,-38541.7,10924.5,71.64,0.878
R8559,pine,-76608.5,-38900,10746.6,-252.83,1.24
R8560,pine,-75266.5,-38943.3,8847.6,80.89,0.816
R8561,pine,-74612.6,-38977.7,8483.4,14.97,0.867
R8562,pine,-74034.4,-38664,8128.1,45.18,0.943
R8563,pine,-73321.3,-39172.2,8188.4,-70.05,1.249
R8564,pine,-72328.5,-39049.2,7866.2,-108.03,0.842
R8565,poplar,-71796.4,-38870.6,7733,-163.68,1.098
R8566,pine,-70551.4,-38431.1,7234.3,-36.94,0.945
R8567,poplar,-70262.2,-38980.3,7225.7,-95.69,1.169
R8568,pine,-69559.8,-38933.7,7181.1,-172.87,0.93
R8569,pine,-68299.1,-38728.5,7028.7,84.76,0.915
R8570,elm,-67272.3,-39172.2,7688.1,-211.39,1.235
R8571,pine,-67138.2,-38454.8,7705.7,-217.34,1.143
R8572,pine,-66071.8,-39174.9,8026.1,-190.59,1.165
R8573,poplar,-58078.8,-38950.6,4353.8,-128.5,1.003
R8574,elm,37316.2,-38614,4124.8,-101.34,1.235
R8575,elm,38039.2,-38888.3,4587.3,-11.11,0.949
R8576,pine,40697.4,-39034.1,5662.7,-241.5,1.203
R8577,poplar,41253,-38675.6,5717.9,-144.92,0.899
R8578,pine,42391.1,-39193.8,5283.9,-61.22,0.961
R8579,pine,43110.4,-39093.2,5050.2,-127.14,0.953
R8580,pine,43930.4,-39027.2,5684,-108.86,1.215
R8581,elm,44146.5,-39198.2,5889.9,42.61,0.969
R8582,pine,45409.4,-38651.5,6225.4,-85.59,1.004
R8583,elm,45989,-38637.1,5799.9,-107.34,0.806
R8584,elm,46887.1,-38780.1,4980.3,-116.79,0.989
R8585,elm,47758.5,-38814.6,5016.5,-265.92,0.847
R8586,pine,48417.1,-39130.8,5643.2,80.21,1.006
R8587,pine,50326.6,-38913.5,5737.4,75.03,0.981
R8588,elm,51647.1,-38823.5,4754.3,-73.63,1.041
R8589,pine,53328.1,-38805.2,4442.7,-261.13,0.903
R8590,elm,66533,-39109.3,4182.9,-241.99,1.031
R8591,pine,67245.4,-38719.5,4482.5,-177.31,0.839
R8592,pine,69124.1,-38902.7,4752.5,-89.55,0.884
R8593,elm,70123.8,-38611.6,4925,-92.56,0.92
R8594,pine,77674.4,-38845.3,6093.7,-224.21,0.988
R8595,poplar,78565.3,-39089.1,6216.1,-205.77,1.122
R8596,pine,-77688.2,-37874.4,9735.4,-17.42,1.087
R8597,pine,-77047.9,-38164.7,10505.7,-71.87,1.156
R8598,pine,-76251.5,-37988.2,10052.2,88.47,0.952
R8599,pine,-75868,-37900.6,9406.9,43.96,1.015
R8600,pine,-74733.3,-37998.5,8234.9,-267.77,0.985
R8601,pine,-74196.9,-37889.5,7734.2,-205.45,1.171
R8602,elm,-72873.8,-37610,7093,-264.76,0.833
R8603,pine,-72765.6,-37762.2,7159.1,-119.72,0.884
R8604,pine,-71520.7,-37741.7,7269.7,-164.9,0.926
R8605,poplar,-71125.4,-38365.1,7240.2,-112.79,0.879
R8606,pine,-69796.8,-37797.4,6990.7,-26.7,1.151
R8607,elm,-69240.6,-38044.3,7021.2,-197.43,0.953
R8608,pine,-68195.5,-38251.7,6863.4,-33.03,0.844
R8609,pine,-67387.9,-37734,7297,-241.57,0.885
R8610,pine,-66742.2,-38397.4,7737.3,36.02,0.98
R8611,poplar,-66080.1,-38196.2,7392.8,-244.27,0.927
R8612,pine,-65383.1,-38335.1,7259.3,-182.14,1.184
R8613,pine,-64501,-38172.2,7295.6,-221.91,0.856
R8614,pine,-63364.2,-37896.6,6857.1,-202.33,0.994
R8615,elm,-59108.2,-37829.1,4944.7,-269.99,1.182
R8616,poplar,41247.9,-37646.6,4256.7,-179.05,1.019
R8617,pine,42923.8,-37733.1,4277.1,-150.4,0.991
R8618,elm,43315.8,-37787.4,4515.2,-20.05,0.991
R8619,elm,44538.5,-38343.2,5730.7,-249.95,0.978
R8620,pine,44937.5,-37962.7,4751.9,-89.77,1.151
R8621,poplar,46018.9,-38312.2,5054,-9.79,1.163
R8622,pine,46479.4,-37610.9,3954.6,73.28,1.215
R8623,poplar,47833.6,-38064.6,4299.5,88.67,0.813
R8624,elm,48712,-38178.8,5128.4,-51.54,0.93
R8625,pine,49047.4,-37661.3,4837.3,-72.11,0.804
R8626,elm,50249,-38148.6,5078.4,67.56,1.032
R8627,pine,50820.8,-37782.7,4973.4,-230.83,1.123
R8628,pine,51219.2,-37908.2,4950.1,26.68,1.189
R8629,poplar,52730.5,-38055.2,4305.2,-95.23,0.907
R8630,elm,53658.6,-38052.7,4312.6,-217.15,0.993
R8631,pine,66278.8,-37767.2,4032.7,-266.59,1.145
R8632,pine,66605.5,-38104.4,4175,-103.73,0.887
R8633,elm,69171.4,-38348.6,4624.4,-0.08,1.242
R8634,pine,-76408.5,-37248.4,9851.4,-148.84,1.133
R8635,pine,-75510.6,-37123.5,9498.3,-210.72,1.223
R8636,pine,-74423.4,-37392.6,7948.4,-39.66,0.851
R8637,elm,-73726.4,-37474.8,7454.9,-239.87,1.22
R8638,poplar,-72804.9,-36963.4,6916.8,-118.08,1.237
R8639,pine,-72376.8,-37405.9,6965.1,8.93,1.119
R8640,pine,-71856.5,-37017.2,7144.9,-241.16,1.144
R8641,elm,-70663.9,-37333,7240.4,31.45,1.073
R8642,pine,-69931,-36835,7066.4,-234.14,1.17
R8643,pine,-69411,-36861.5,6933.1,-18.02,1.029
R8644,pine,-68041.4,-37571.2,6946.3,-60.1,1.16
R8645,elm,-67848.1,-37337.5,6973.4,47.65,0.878
R8646,poplar,-67061.1,-37573.1,7430.7,74.73,1.156
R8647,pine,-65794.5,-37061.6,6888.4,56.05,0.913
R8648,elm,-65026.1,-37255.3,6862.9,71,0.954
R8649,pine,-64227.7,-37031.1,6606.4,-196.33,1.197
R8650,elm,43871,-37533.4,4470,13,0.888
R8651,pine,49089.9,-37208.3,4439.1,-20.8,0.868
R8652,elm,51178.2,-36953.4,4599.1,-203.67,0.83
R8653,poplar,51412.5,-37533.3,4850.6,-133.07,1.107
R8654,pine,52302.2,-37529.1,4602.2,-256.85,1
R8655,pine,65680.6,-37134.8,3774.8,-182.86,1.235
R8656,elm,78621.9,-36908.4,6347.9,-120.37,1.135
R8657,pine,-74540.6,-36084.2,8689.7,-239.32,0.961
R8658,pine,-74338.5,-36055.4,8538.7,-179.49,0.969
R8659,elm,-73214.2,-36233.6,6954.2,51.07,1.176
R8660,elm,-72350.7,-36395.3,6859.7,82.01,0.884
R8661,elm,-71385.1,-36047.7,6904.3,-223.99,1.022
R8662,poplar,-70831.7,-36720.9,7104.7,-89.54,0.878
R8663,pine,-69987.7,-36017.8,6661.4,-193.6,0.823
R8664,pine,-68948.7,-36234.5,6194.3,81.11,0.871
R8665,elm,-68040.4,-36704,6618.6,-17.03,0.938
R8666,pine,-67815.6,-36556,6655,-245.04,1.242
R8667,pine,-66721,-36582.9,7055.9,-180.6,0.883
R8668,pine,-65900.3,-36479.9,6819.8,-175.82,1.117
R8669,elm,-65266.7,-36599.8,6668.8,-258.57,1.064
R8670,elm,-64015.5,-36267.2,6306.7,-198.9,1.058
R8671,pine,-63652.3,-36441.7,6258.9,-60.17,0.97
R8672,pine,-63124.6,-36434.3,5932.3,-206.67,0.949
R8673,elm,-61601.8,-36462,5293.2,-168.1,1.095
R8674,pine,-59354.6,-36698.7,4431.3,-23.66,0.868
R8675,poplar,-57866.1,-36037.4,3703.7,7.4,1.059
R8676,pine,49786.8,-36776.8,4628.3,-202.98,1.173
R8677,elm,51893.8,-36104.3,4261.6,-76.13,1.083
R8678,pine,65527.2,-36078.5,3621,-172.45,0.811
R8679,poplar,66926.2,-36583.2,4737.7,-106.97,1.117
R8680,elm,68003.4,-36496.5,5146.9,-56.64,0.991
R8681,pine,79021.7,-36162.8,6540.1,-19.6,1.165
R8682,pine,-75339.3,-35872.8,8762,-129.17,0.965
R8683,pine,-74770.1,-35908,8687.3,-199.54,1.231
R8684,pine,-73740.3,-35320.3,8311.5,-247.42,0.995
R8685,pine,-73252,-35278.4,7980.8,-266,1.199
R8686,pine,-72506.1,-35654.6,6889.2,-91.65,1.154
R8687,elm,-71926.1,-35700.5,6920.9,34.29,1.07
R8688,pine,-70620.7,-35652.1,6965.3,37.17,0.807
R8689,pine,-70020,-35219.4,6470.5,-221.72,1.209
R8690,pine,-69313.6,-35606.9,6084.2,-40.33,1.196
R8691,poplar,-68110,-35756.9,5933.2,35.59,0.884
R8692,elm,-67723.9,-35287.4,5936.8,-12.91,1.079
R8693,poplar,-66479.2,-35804.1,6838.1,-60.81,0.879
R8694,elm,-65796.2,-35864.7,6662.5,28.41,1.196
R8695,elm,-65440.9,-35564.5,6470.6,-101.41,0.902
R8696,elm,-64270.8,-35204.5,5841.4,-119.55,1.159
R8697,pine,-63621.8,-35996.1,5835.4,-204.85,1.182
R8698,pine,-61805.6,-35276.6,5112.3,-159.04,0.853
R8699,pine,-60301,-35475.4,4684.1,33.08,1.009
R8700,elm,-59295.9,-35843.7,4329.6,-91.25,1.043
R8701,poplar,49787.1,-35714.9,4591.5,58.57,1.148
R8702,pine,52459.1,-35200.5,3777.9,-19.93,0.886
R8703,pine,78767.8,-35259,6878.1,-209.24,1.183
R8704,pine,-74710.7,-34421.2,8658.9,-247.26,0.964
R8705,pine,-73851.6,-34752.4,8208,-154.65,1.179
R8706,pine,-73528.3,-35151,8300.8,-117.31,0.95
R8707,pine,-72672.5,-34434.3,8259.6,-13.89,1.043
R8708,poplar,-71245.6,-34572.9,7442.7,71.96,0.821
R8709,pine,-70900.8,-35117.8,7174.2,-155.99,0.992
R8710,pine,-69826.2,-34770.7,6485.7,-23.1,0.933
R8711,pine,-68835.9,-34834.2,6221.3,-211.27,1.057
R8712,elm,-68517,-34799,6076.7,-111.17,0.945
R8713,pine,-67705.1,-34604.9,5816.5,-91.25,1.249
R8714,pine,-66473.3,-34431.4,6257.5,-219.31,1.239
R8715,elm,-65890.6,-35137.5,6417.6,-141.87,1.114
R8716,pine,-65518.8,-35040,6322.2,3.87,0.835
R8717,pine,-64045.9,-34595.9,5434.6,-65.29,0.817
R8718,pine,-63972.2,-34917.9,5519.3,-1.86,0.858
R8719,pine,-62560.4,-35134.9,5100.5,-167.19,1.129
R8720,poplar,-62319.8,-35059.9,5093,-98.01,1.113
R8721,pine,-61208.3,-35164.5,4995,-94.6,0.948
R8722,pine,-73868.7,-34056,8642.7,-269.66,1.103
R8723,pine,-73421,-34146.4,8543.1,-81.1,0.903
R8724,pine,-72165.1,-34043.4,7932.2,23.29,0.998
R8725,pine,-71693.9,-33664.5,7638.4,42.26,1.061
R8726,poplar,-71080.7,-34397.7,7400.5,23.84,0.911
R8727,pine,-70318,-34018.8,6996,-156.17,1.207
R8728,elm,-69417,-33932.6,6834.9,-115.02,1.047
R8729,elm,-68708.2,-34296.3,6388.6,-143.65,1.22
R8730,elm,-67512.2,-33804.3,5543.3,-170.05,1.16
R8731,poplar,-66465.1,-33697.8,5691.9,29.94,0.882
R8732,pine,-66011.3,-33724.4,5785.6,-146.76,0.966
R8733,pine,-65573.9,-33942.6,6019,-163.43,1.058
R8734,pine,-64439.8,-34335.6,5601.1,-216.35,1.04
R8735,pine,-63400.6,-34261.1,5125.5,-168.62,0.868
R8736,elm,-63150.8,-33852.5,5330.1,-57.09,0.835
R8737,elm,-62009.1,-34117.1,5581.9,-20,0.81
R8738,elm,-60962,-34287.6,5068.2,69.2,1.116
R8739,pine,-59464,-33832.3,4455.4,11.4,1.001
R8740,pine,-59186.3,-34102.4,4345.3,-33.61,0.919
R8741,pine,66146.7,-34375.7,3623.6,-218.61,1.075
R8742,elm,79168.8,-33824,7232.5,-161.97,1.046
R8743,poplar,79422.9,-33634.2,7250,-22.91,1.239
R8744,pine,-74491.9,-33113.5,9890.5,-24.95,0.893
R8745,pine,-74084.4,-33031.8,9822.1,-229.52,0.914
R8746,pine,-73126.3,-33094.7,9012.2,-151.71,1.047
R8747,pine,-72166.2,-32877.7,8458.7,-117.79,0.972
R8748,pine,-71914.5,-33072.8,8008.2,-50.43,0.92
R8749,pine,-70738,-33593,7343.7,40.07,0.832
R8750,elm,-70290.2,-33182.4,7375.1,-198.02,0.958
R8751,poplar,-68990.1,-33239.5,6490.4,-175.38,1
R8752,pine,-68205.3,-33367.1,5665.7,-20.25,1.139
R8753,elm,-67264.3,-32820,4991.6,-133.84,0.954
R8754,pine,-66485.9,-33148.8,5287.4,-50.94,0.958
R8755,pine,-66120.9,-33285.6,5509.5,-232.81,1.009
R8756,elm,-64837.4,-33444.5,5554.8,-101.03,1.168
R8757,pine,-63223.4,-33289.1,5360.6,-27.85,0.975
R8758,pine,-62769.5,-33196.2,5666.4,-122.7,1.117
R8759,elm,-61981.2,-33169.5,5929.5,46.61,0.871
R8760,elm,73810.4,-33425.7,5849.7,-102.01,0.963
R8761,elm,76950.3,-32876.8,6797.5,-63.04,1.15
R8762,elm,77610,-33364.5,7093.5,-194.99,1.16
R8763,pine,78990.3,-33346.7,7321.1,21.42,1.047
R8764,pine,79266.2,-33313.4,7309.6,-158.45,1.074
R8765,pine,-74023.9,-32504.5,9730.3,-100.16,1.15
R8766,pine,-72156.5,-32098.5,9234.3,-94.58,1.018
R8767,pine,-71837.8,-32583.1,8389,59.26,0.812
R8768,pine,-70498.1,-32722.5,7610,85.82,0.859
R8769,pine,-69713.1,-32169.2,7475.6,37.36,1.198
R8770,elm,-68852.1,-32226.8,6451.8,-228.6,1.032
R8771,pine,-68393.6,-32589.4,5840.8,-240.6,1.172
R8772,elm,-66692.1,-32791.1,4948.9,-204.43,1.158
R8773,poplar,-66109.6,-32105.3,5019.3,-134.51,1.035
R8774,pine,-65333.6,-32122.3,5338.2,-245.23,1.087
R8775,elm,-63808.9,-32193.9,5375.3,23.9,1.017
R8776,poplar,-62602.4,-32799.7,6015.8,-163.76,1.143
R8777,pine,68409.4,-32166.8,4537.9,-50.3,1.06
R8778,pine,75775.1,-32123.7,6172.9,86.55,1.01
R8779,pine,77208.4,-32182.7,6966.3,29.59,0.807
R8780,elm,78230.3,-32738.9,7721.8,42.61,0.821
R8781,poplar,78546.8,-32579.8,7707.8,-17.54,0.939
R8782,pine,-74002.8,-31681.2,10556.5,81.61,0.916
R8783,pine,-73263.7,-31505.7,10123.8,-136.87,0.881
R8784,pine,-72305.3,-31888.9,9645.3,67.86,0.966
R8785,pine,-71482.2,-31413.8,9157.8,-222.92,0.933
R8786,pine,-70618.1,-31386.4,8313.7,-132.06,0.941
R8787,pine,-69785.5,-31360.5,8038.3,-16.74,0.861
R8788,pine,-69358.4,-31840.7,7214.3,-0.6,1.11
R8789,elm,-68196.5,-31617.4,6359,74.23,0.82
R8790,poplar,-67832.4,-31984.3,5640.4,-67.28,0.837
R8791,pine,-66713.4,-31595.9,5030.9,-215.46,1.104
R8792,elm,-65922.6,-31801.1,5012.9,-257.51,1.224
R8793,pine,-65511.3,-31368.4,5218.5,-106.43,1.184
R8794,pine,-64358.8,-31671.8,5281.7,-138.69,0.81
R8795,pine,-63884.1,-31495.1,5301.5,-132.09,1.242
R8796,poplar,-63013.4,-31539.1,5550.6,-86.07,0.907
R8797,pine,-58910.7,-31441.7,5026.7,-4.78,1.225
R8798,poplar,67559.6,-31264.4,4205.2,-103.98,0.925
R8799,poplar,68343.9,-31501.5,4597.8,-2.54,0.835
R8800,pine,73364.1,-31245.6,6205.3,-51.48,1.099
R8801,pine,75148.9,-31603.4,6107.5,-46.15,0.886
R8802,elm,76771,-31517.1,6666.7,-113.94,1.154
R8803,pine,77482.9,-31248.3,6582,-44.6,0.846
R8804,elm,78101.1,-31990.4,7156.2,-73.82,0.968
R8805,poplar,78659.6,-31620,6898.9,-209.26,1.219
R8806,pine,-73687.4,-30411.2,10073.5,73.47,1.196
R8807,pine,-72151.7,-30600.9,11047,-255.57,0.897
R8808,pine,-71674.9,-30458.3,10466.6,-257.52,0.81
R8809,pine,-70942.2,-30777.8,9378.7,-44.45,1.247
R8810,pine,-70061.5,-30971.8,8461.2,-188.87,1.098
R8811,pine,-69340.2,-30522.5,7906.9,-213.39,1.176
R8812,elm,-68239.7,-30918.6,6818.1,-169.94,1.217
R8813,pine,-67908,-30428.7,6787.9,20.6,0.871
R8814,pine,-65761.1,-30474,5038.5,80.47,0.918
R8815,pine,-64967.5,-30905.3,4932.4,46.18,0.912
R8816,poplar,-63646.9,-30734,5129.3,-184.41,0.917
R8817,elm,-62752.5,-30436.9,5229.8,16.57,0.809
R8818,pine,68797.3,-30814.1,5016.6,-174.77,0.89
R8819,pine,68864,-31124.5,5048.7,77.05,1.203
R8820,pine,70394.3,-30432,5603.2,-248.32,1.107
R8821,elm,74395.8,-30744.4,6413.8,50.27,1.05
R8822,pine,75167.7,-30733.6,6455.1,-73.23,1.046
R8823,elm,75414.5,-31097.6,6437,-210.9,0.915
R8824,pine,76506.7,-30582.9,6657.4,-66.83,1.211
R8825,pine,77241.7,-30609.5,6484,-98.93,1.068
R8826,pine,77671.3,-30703.1,6412.3,-48.62,1.199
R8827,pine,78460.3,-31128.9,6731.8,-100.9,1.063
R8828,pine,-74345.3,-30316.1,9779.1,-111.28,0.807
R8829,pine,-71284.6,-29630.2,10883,-15.82,1.209
R8830,pine,-70459.3,-29798.9,9807.2,-41.37,1.026
R8831,pine,-70267.1,-29707.8,9722.8,-76.09,1.223
R8832,pine,-69115.5,-29959.6,8429.6,19.84,0.973
R8833,pine,-68242.8,-29678,7734.4,54.42,0.988
R8834,poplar,-67206.1,-29820.8,6288,-126.8,0.913
R8835,pine,-66996.2,-29989.4,6006.9,-209.21,0.838
R8836,pine,-65758.6,-30210.3,5042,-258.56,0.931
R8837,pine,-65501.6,-30055.1,4962.9,35.82,1.118
R8838,pine,-64040.4,-30023.4,4650.1,-0.6,1.048
R8839,elm,-63698.2,-30056.1,4849.7,-263.84,1.058
R8840,pine,-62337.8,-29949.5,5288,46.78,1.171
R8841,elm,68670.3,-30185.2,4996.8,-163.6,1.232
R8842,poplar,69516.5,-30354.7,5326.6,-261.52,1.022
R8843,elm,75770,-29813.2,6451.5,-206.75,0.977
R8844,elm,76119.4,-29769,6418.8,-140.2,1.164
R8845,pine,76913.4,-30300.9,6487.6,48.77,0.864
R8846,pine,78129.7,-30136.3,6253.6,-52.17,0.838
R8847,pine,79007,-29958.9,6264.8,9.53,1.038
R8848,elm,79351.4,-29753.6,6182.7,-7.62,0.97
R8849,pine,-70272.9,-29406.3,10155,-125.88,0.986
R8850,pine,-68120.5,-29050.3,8223.5,-90.37,0.973
R8851,pine,-67959.7,-28812.5,8088.7,-245.1,1.094
R8852,poplar,-66530.3,-29453.4,6026.3,-21.58,1.002
R8853,elm,-66213.3,-28978.3,6527,-224.67,0.879
R8854,poplar,-65201,-29568.1,4981.5,69.44,0.892
R8855,elm,-64290,-29292.9,4773,-265.33,1.166
R8856,pine,-63023.3,-29224.1,5195.5,-108.39,1.206
R8857,poplar,66949.4,-29108.1,4582.4,-214.75,1.002
R8858,elm,67400.5,-29486.6,4723.6,-238.23,1.156
R8859,pine,69141.6,-29170.6,5398.9,-135.01,1.245
R8860,elm,74253.9,-29148,6811.4,-83.76,0.874
R8861,pine,75872.7,-28881.8,6189.9,-150.19,1.168
R8862,pine,76504.6,-29479.4,6164.1,-166.8,0.938
R8863,pine,76813.1,-29320.7,6047.8,-216.95,1.028
R8864,pine,77799,-29367.4,6338.1,-94.65,0.851
R8865,pine,78680.9,-29088.6,6403.7,-266.95,1.029
R8866,elm,79511.5,-29149.2,6212.9,20.78,1.048
R8867,pine,-69875.7,-28190.4,9946.2,-36.79,1.069
R8868,pine,-68680.4,-28197.9,9330.1,-9.67,0.991
R8869,elm,-67416.1,-28082.7,7485.1,67.54,1.003
R8870,pine,-66602.4,-28296.4,7225.8,-63.41,1.027
R8871,pine,-65885.4,-28436.5,6606.7,-152.57,1.003
R8872,pine,-65395.3,-28327.4,6235,-98.99,1.045
R8873,pine,-64202.4,-28003.2,5485.8,51.32,0.812
R8874,poplar,-62920,-28547.6,5238.6,-161.2,1.064
R8875,pine,67909,-28444.2,5229.5,-261.75,1.201
R8876,elm,68159.9,-28389.2,5409.6,14.76,0.963
R8877,poplar,69012.4,-28264.4,5662.8,59.21,0.91
R8878,elm,72301,-28013.6,6720.2,22.91,1.196
R8879,pine,73330.5,-28445.4,7202.8,-114.33,0.979
R8880,elm,74571.6,-28217,6492,28.07,1.089
R8881,pine,75492.6,-28170.3,6148.6,-191.11,0.934
R8882,poplar,76712.7,-28045.6,6153.4,-70.92,1.139
R8883,pine,76843.9,-28715,6062.9,-255.68,0.931
R8884,pine,77611.6,-28782.1,6100.4,-178.23,1.127
R8885,poplar,79193.1,-28660.4,6372.5,-97.98,1.227
R8886,elm,79571.2,-28258.9,6303,-174.56,0.992
R8887,pine,-69785.2,-27642.5,9394.1,-162.81,1.247
R8888,pine,-68574.3,-27688.3,8709.8,-214.18,1.136
R8889,elm,-67636.6,-27826,7794.8,50.49,0.985
R8890,pine,-65761.4,-27974.5,6489,-195.43,1.121
R8891,pine,-65045.5,-27230.2,5720.9,-167.52,1.249
R8892,pine,-64544.5,-27299.1,5526,-223.74,1.04
R8893,pine,-63889.8,-27371.6,5440,-69.06,0.924
R8894,pine,-59634.3,-27808.9,4584.7,-7.93,0.88
R8895,pine,65549.8,-27950.9,3843.9,-102.6,1.225
R8896,poplar,65630.6,-27257.8,3959.4,13.46,1.099
R8897,pine,67725.1,-27812,5148,-53.89,0.851
R8898,pine,68196.5,-27710.3,5427,-186.16,1.152
R8899,pine,69386.3,-27891,5883.7,-204.16,0.823
R8900,pine,75164.6,-27446,6386.5,2.6,1.173
R8901,pine,76597.8,-27770.3,6216.1,-96.76,1.047
R8902,poplar,77469.9,-27267.9,6411.6,-74.8,0.885
R8903,elm,78132.1,-27484.7,6363.8,-109.95,1.197
R8904,elm,79059.8,-27658.5,6371.9,49.18,1.108
R8905,pine,-66688,-26677.9,7515,-23.15,1.074
R8906,poplar,-66081.6,-26930.1,6758.2,39.36,0.9
R8907,poplar,-63593.7,-26796.6,5082.6,-89.7,1.156
R8908,poplar,-62919.5,-26627.1,4492.3,-108.5,0.819
R8909,elm,68565.9,-26631.3,5555.2,54.89,0.806
R8910,pine,69015.5,-26567.7,5866.4,-87.24,1.051
R8911,pine,70286.9,-26703.1,6281.7,-21.74,1.101
R8912,elm,71947.9,-26660.1,6378.8,-28.44,0.817
R8913,elm,72351.8,-26917.1,6428.7,-223.94,1.002
R8914,pine,73741.7,-26736.9,6899.7,-199.7,1.218
R8915,pine,74527.9,-26671.4,6443.9,-75.65,1.218
R8916,poplar,75988.7,-26933.9,6232.8,63.29,1.004
R8917,pine,76692.3,-26933.4,6390.4,-174.08,0.915
R8918,elm,77580.2,-26445.3,6490.5,-110.12,1.196
R8919,elm,77974.5,-26697.7,6413.3,6.37,1.184
R8920,elm,78622.2,-26849.2,6315.5,35.06,1.081
R8921,pine,79570.3,-26579.1,6341.7,-193.43,0.998
R8922,poplar,-65280,-26232.7,5881,-189.03,0.917
R8923,pine,-62057.1,-26209.3,4420,-76.4,1.207
R8924,elm,-61338.4,-26043.1,4550,51.86,0.848
R8925,poplar,66732.5,-26237.9,4223.4,-191.07,1.127
R8926,elm,67792.8,-26368.1,4997.2,19.53,0.964
R8927,pine,68111.3,-25825,5093.9,74.66,1.095
R8928,pine,69559.4,-26165.9,6103.2,-134.39,1.16
R8929,pine,69767.9,-25676.4,5858.1,65.29,1.231
R8930,elm,72679.6,-25703.3,6344.4,44.87,0.974
R8931,elm,73063.7,-25639.9,6341.8,-23.25,0.816
R8932,elm,74098.6,-26193.6,6561.4,-10.73,1.142
R8933,pine,74640.7,-26021.5,6243.2,13.4,0.85
R8934,poplar,75417.4,-25802.8,6082.5,-192.98,0.895
R8935,pine,76091.8,-25892.3,6280.4,-260.53,1.222
R8936,poplar,77462.5,-25899,6501,-238.81,0.814
R8937,elm,77720.9,-25789.4,6494.3,-70.51,0.971
R8938,poplar,78783.9,-25819.9,6482.4,-200.24,1.1
R8939,elm,-65119.4,-25122.6,6569,-42.19,1.214
R8940,poplar,-63135.7,-24898.7,5037.1,-3.92,1.068
R8941,elm,67736.6,-24985.6,4883.4,-205.65,0.978
R8942,pine,68648,-25473.9,5798.4,88.73,1.2
R8943,pine,69189.1,-24847.6,5768.1,-29.89,1.205
R8944,poplar,70204.1,-25189.3,5770.1,71.65,0.806
R8945,poplar,70556.4,-25491.5,6009.6,-164.75,1.212
R8946,pine,71430.5,-25247.7,6068.7,-223.05,0.923
R8947,pine,73009.2,-24881.8,5971.9,38.71,0.824
R8948,pine,73806.3,-25171.5,6070.6,-153.52,0.95
R8949,pine,74601.9,-25074.7,6014.5,39.36,1.067
R8950,poplar,75557,-25229.4,6124.3,-45.37,0.94
R8951,pine,76484.6,-25078.4,6315.1,-148.73,0.91
R8952,pine,77155,-25036.2,6351.1,-189.41,1.203
R8953,pine,77791.4,-25495.8,6447.8,-64.09,1.199
R8954,pine,78729.3,-25340.3,6819,-102,0.969
R8955,pine,79527.1,-25240.1,6613.3,28.29,0.939
R8956,poplar,-62496,-24038.9,5327,-23.48,1.013
R8957,pine,-60893.8,-24575.6,4494.7,-190.59,0.854
R8958,pine,65685.2,-24103.4,4084.4,-51.02,1.11
R8959,poplar,66981.4,-24627.5,4392.3,-8.92,0.917
R8960,poplar,68036.8,-24524.6,5355.5,-83.71,1.049
R8961,pine,69422.5,-24018.5,5684.6,-163.26,1.122
R8962,elm,69868.4,-24387.9,5650.8,66.53,0.889
R8963,pine,70874.8,-24735.4,5757.3,-157.64,0.884
R8964,pine,71919.6,-24483.2,5923.2,-105.94,1.048
R8965,pine,72600.3,-24028.4,5733.7,76.94,0.913
R8966,elm,73493.3,-24305.4,5884.9,-66.98,0.951
R8967,elm,74361.7,-24765.5,5973.7,-204.39,0.944
R8968,elm,75180.7,-24122.8,6344.8,19.09,1.086
R8969,pine,75841.9,-24491.8,6317.9,-13.13,1.068
R8970,elm,76028.5,-24620.5,6352,-211.18,1.049
R8971,elm,77509.5,-24496.7,6759.1,-137.65,1.212
R8972,elm,77852.7,-24282.3,7038.1,-82.69,1.086
R8973,elm,78425.2,-24496.7,7280.5,-121.74,0.874
R8974,pine,-66818.3,-23569.5,8006.8,39.89,0.986
R8975,pine,-65284.5,-23621.5,7759.1,-238.1,0.869
R8976,pine,-61839.6,-23322.7,5427.4,-205.13,1.007
R8977,pine,-59769.5,-23515.8,4454.7,-63.21,1.133
R8978,pine,65836.8,-23575.3,4424.1,-11.03,0.983
R8979,elm,66444.3,-23266.1,4991.3,70.65,0.914
R8980,pine,67746.9,-23706.6,5518.9,-47.34,1.21
R8981,poplar,68051.7,-23795.3,5667.1,3.4,0.808
R8982,pine,69099.3,-23982.3,5732.3,-178.6,1.125
R8983,pine,69861.7,-23309.8,6145.8,44.96,1.167
R8984,poplar,70487.2,-23781.9,5756.2,87.4,1.113
R8985,pine,71241.4,-23231.3,5772.3,-229.61,1.044
R8986,elm,75642.2,-23495.7,6413.8,-211.18,1.244
R8987,pine,76131.4,-23292.8,6672.3,64.92,0.966
R8988,elm,77111.5,-23798,6936.6,-224.47,0.907
R8989,pine,77859.1,-23726.3,7361.7,-116.83,1.08
R8990,pine,78502.6,-23554.4,7526.4,-94.9,0.844
R8991,pine,79378.8,-23531.7,7562,-237.55,0.945
R8992,pine,-67427.4,-22674.3,8725.2,-233.45,1.097
R8993,pine,-66198.1,-23060.3,8087.6,89.53,1.006
R8994,pine,-64976.9,-22805.6,8042.6,-133.53,0.874
R8995,poplar,-64432.4,-23046.6,7789.5,-107.76,0.905
R8996,poplar,-63670.9,-23183.9,7237.4,14.16,1.09
R8997,elm,66804.7,-22708.3,5325.1,-257.8,0.835
R8998,elm,67306.5,-22612.8,5607.9,-50.34,1.063
R8999,pine,68292.5,-22637.5,5983.5,-260.81,0.931
R9000,pine,69358.1,-23045.6,6241.3,-219.04,0.867
R9001,poplar,70072.8,-22455.4,6466,-130,1.175
R9002,poplar,72986.3,-22630.2,5880.3,67.71,0.858
R9003,pine,76660.6,-22718.9,7728.1,-128.79,1.055
R9004,pine,76818.5,-22492.2,7897,30.93,1.179
R9005,pine,78024.9,-22924.2,7779.4,52.24,0.999
R9006,pine,79182.8,-22853.6,7783.3,67.39,0.808
R9007,pine,79226.2,-22573.1,7978.4,50.48,0.831
R9008,elm,-61563.5,-21878.5,5443.6,-236.48,1.11
R9009,poplar,-60698.8,-21958.3,5773.2,-25.23,1.163
R9010,pine,-58646.7,-21984,4472.9,-158.66,1.038
R9011,pine,66178,-22265.6,5338.6,-53.16,1.162
R9012,pine,67010.1,-22354.5,5483.4,-50.16,1.115
R9013,elm,67341.5,-22308.8,5732.8,-114.71,0.978
R9014,pine,68561.4,-22222.7,6347.3,34.91,0.925
R9015,pine,69419.5,-22048.7,6747.1,-82,1.124
R9016,pine,69656.8,-21963.7,6686.9,12.29,1.167
R9017,pine,70678,-21902.8,6300.7,-187.21,1.245
R9018,elm,72734.6,-22188.5,5966.1,-269.84,0.933
R9019,elm,75226.7,-22377.4,7596.1,-212.39,0.98
R9020,pine,76750.1,-22028.2,8330.7,-54.27,1.005
R9021,pine,78205.3,-21938.8,8334.4,-84.87,0.9
R9022,pine,78603.5,-22287.3,8291,-258.06,0.845
R9023,pine,79217.7,-21603.7,8492.5,-57.58,1.018
R9024,pine,-79283.2,-21179.1,8655.9,-185.59,0.946
R9025,pine,-78262.1,-21265.9,8389.5,31.52,1.031
R9026,pine,-68381.4,-21008.9,8656.5,-166.91,0.887
R9027,pine,-66478.4,-20912.9,7353.4,54.25,1.088
R9028,pine,-64831.8,-21419.8,6620,-38.9,1.165
R9029,pine,-63053.7,-20888.1,5132.8,-3.25,1.087
R9030,pine,-60274.5,-21586.9,5505.1,-77.35,1.119
R9031,pine,-59378.6,-20914.2,4566.8,51.99,1.137
R9032,pine,-58816.1,-21222.8,4368.5,-65.79,1.023
R9033,pine,65357.5,-21521.4,4951.3,-8.72,0.932
R9034,elm,66100.8,-21180.1,5484.4,-161.73,0.809
R9035,pine,67074.8,-21450.8,6074.8,-77.18,1.197
R9036,pine,67816.7,-21560.2,6039.2,-99.41,1.106
R9037,poplar,68000.9,-21188.6,5860.4,84.77,1.054
R9038,pine,69010,-21238.5,6628.7,66.91,0.864
R9039,pine,70351.9,-21471.5,6332.2,-68.77,0.949
R9040,pine,71156,-21391.6,6252.8,25.45,0.878
R9041,pine,71869.9,-21299.1,6443.7,-22.11,1.039
R9042,pine,77465.5,-20995.7,8402.4,26.41,0.958
R9043,pine,78220,-21093.1,8312.3,-201.41,1.204
R9044,pine,78857.1,-21202.2,8300.6,-66.99,1.028
R9045,pine,-69004.7,-20190.4,9006.7,-219.51,1.213
R9046,pine,-68376.2,-20576.9,8358.5,6.03,1.039
R9047,elm,-65270.2,-20447.9,6553.6,-182.43,1.221
R9048,pine,-61351.7,-20318.3,4509.4,-9.08,1.052
R9049,pine,-60425.9,-20594.3,4577.7,-81.59,0.952
R9050,elm,-59914.3,-20199.6,4382.7,-199.89,1.2
R9051,elm,64634.5,-20017.6,4867.5,79.73,1.124
R9052,elm,64809.6,-20266.8,4858.7,-24.61,1.2
R9053,pine,65740,-20034.2,5525.9,-140.02,0.843
R9054,pine,66973.7,-20144.8,5310.6,56.35,0.827
R9055,elm,67886,-20505.2,5546.4,-32.28,1.2
R9056,pine,68563.3,-20752.3,5914.1,59.59,1.092
R9057,poplar,69216.7,-20554.6,6567.2,-17.75,1.015
R9058,pine,69821.1,-20320.3,6765.5,-80.53,1.212
R9059,pine,70937.4,-20772.1,6598.8,89.27,0.95
R9060,pine,71235.9,-20694.2,6655.9,-166.19,1.105
R9061,pine,79245.4,-20145.4,8539,41.35,1.207
R9062,pine,-71566.7,-19337.6,10258.9,-156.46,0.965
R9063,pine,-69219.5,-19741,9306.6,-54.72,0.825
R9064,elm,-67983.8,-19708.6,7733.4,83.95,1.014
R9065,pine,65461.8,-19977.3,5569,-118.4,0.857
R9066,poplar,65987.7,-19357.7,5214.2,-55.42,0.864
R9067,pine,67071.1,-19525.9,5229.9,-177.87,1.149
R9068,elm,67522,-19406.1,5392.2,-143.49,1.166
R9069,elm,68340.8,-19250.1,5920.4,63.94,0.966
R9070,pine,69020.6,-19677.8,6525.9,40.59,1.063
R9071,poplar,69736.5,-19849.1,7055,-148,1.208
R9072,pine,70804,-19881.9,6791.2,35.01,1.114
R9073,poplar,64688.1,-19101.1,5002,78.96,1.222
R9074,pine,65488.5,-19135.6,5022.4,-111.88,1.085
R9075,pine,66077.9,-18912.6,5134.6,-158.96,0.987
R9076,elm,66764.4,-18841.3,5423.5,-268.14,1.067
R9077,poplar,67899.2,-18508.7,5769.2,-92.07,0.964
R9078,pine,68158,-18735.8,5996.9,-12.21,0.853
R9079,pine,69296,-18841.8,6848,-226.57,0.835
R9080,pine,69968.6,-18468.8,7184.1,68.96,1.074
R9081,poplar,70938.3,-18787.3,7508.5,38.19,0.918
R9082,pine,71330.3,-18821.3,7454.9,67.04,1.181
R9083,elm,72483.7,-18719.8,7678.2,-0.64,0.94
R9084,pine,63573.2,-18146.6,4797.8,-88.96,0.928
R9085,poplar,64788.8,-17665.4,5302,-32.41,1.06
R9086,pine,65116.4,-18256.3,5257.9,-133.66,0.865
R9087,elm,66008.4,-18100.4,5677.5,52.61,1.204
R9088,pine,67086.5,-18062.1,5824.7,55.98,1.112
R9089,pine,67917.9,-17977,6118.6,-248.86,0.963
R9090,elm,68324.5,-18224.2,6212.2,13.83,1.017
R9091,pine,68965.2,-18238.9,6742.7,-223.63,0.867
R9092,pine,70064.8,-17695.9,7278.6,37.78,1.234
R9093,pine,71105,-17627.8,7636.3,-263.97,1.161
R9094,pine,71616.3,-18349.8,7717.8,20.91,0.902
R9095,pine,73098.3,-17726.3,8609.6,-178.22,1.131
R9096,poplar,64782.3,-16822,5307.6,-74.65,1.231
R9097,pine,65454.8,-17086.8,5749.1,-168.94,0.967
R9098,elm,66105.4,-16890.8,5954.3,-245.29,1.139
R9099,pine,66481.8,-17249.2,6175,-148.93,0.869
R9100,pine,67210,-16865.8,6668.9,-232.19,0.925
R9101,elm,68061.2,-17216.9,6525.9,74.63,1.102
R9102,pine,68801.2,-17424.7,7028.2,87.07,1.013
R9103,pine,69766.1,-16906.9,7548.5,-114.45,1.203
R9104,pine,70745.4,-16899.2,7587.9,-81.67,1.052
R9105,pine,71861.8,-16858.8,8224.1,-73.04,0.967
R9106,pine,72624.4,-17039.7,8512.2,50.89,0.853
R9107,pine,73037.1,-17427.3,8698.8,-138.89,0.822
R9108,pine,76420.2,-17208,9042.7,-70.57,0.951
R9109,elm,62866.9,-16024.7,4404.9,-156.77,0.857
R9110,pine,64376.8,-16771.9,5070.4,-67.04,1.175
R9111,elm,65525.1,-16489.2,5769,-216.1,1.147
R9112,elm,66060,-16154.9,6261.9,-37.36,1.136
R9113,elm,67015.4,-16079.2,6619,-47.25,0.985
R9114,elm,67869.8,-16439.4,7068.9,-13.66,1.192
R9115,pine,68637.5,-16719.5,7172.5,-186.65,1.116
R9116,elm,69289.8,-16405.8,7356.4,-176.47,1.14
R9117,pine,69809.6,-16401.9,7712.9,40.33,1.176
R9118,elm,70746.5,-16561.3,7729.2,-108.6,0.912
R9119,pine,71907.8,-16394.7,7918.6,-168.35,1.182
R9120,pine,72074.4,-16459.7,7955.6,-161.6,1.134
R9121,pine,73419,-16626,9050.6,48.87,1.137
R9122,pine,73865.2,-16313.6,9204.1,-193.01,1.165
R9123,pine,-75484.6,-15451.8,11007.3,59.91,0.875
R9124,pine,-74777.9,-15708.7,10898.5,-36.97,0.807
R9125,pine,-73885,-15578.2,10693.6,-238.6,0.908
R9126,pine,62045.7,-15749.6,3969.5,-117.05,1.001
R9127,pine,62430,-15560.4,4354.6,9.42,1.22
R9128,pine,63366.9,-15658.8,4693.1,-3.64,0.885
R9129,elm,64096.4,-15402.8,5057.3,-157.62,1.22
R9130,pine,65567,-15491.7,6083.9,-99.35,0.997
R9131,pine,65757,-15865.4,6165.9,-209.86,1.092
R9132,pine,67054.3,-15898.1,6674,-44.18,1.142
R9133,pine,67693.4,-15348,7291.6,-49.89,1.241
R9134,pine,68669,-15369,7688.9,-104.04,1.014
R9135,pine,68954,-15877,7358,-125.98,1.018
R9136,pine,70017.2,-15806.3,7843.5,43.01,1.163
R9137,pine,70804.3,-15917.3,7795.1,76.03,0.873
R9138,pine,71428.7,-15472.2,7761.5,0.41,1.248
R9139,pine,72531.9,-15502.7,8743,35.74,1.25
R9140,pine,73111.9,-15940.6,9202.3,-118.03,0.899
R9141,pine,73784.4,-15527.8,9543.4,-46.78,0.812
R9142,pine,74480.7,-15376.9,9286.6,-175.97,1.184
R9143,pine,-74942.6,-14847.3,11415.9,-235.17,0.975
R9144,pine,-73925.8,-14533.9,10811.8,-75.18,1.206
R9145,pine,63980.5,-14915.5,5180.6,-253.73,1.015
R9146,pine,64459.5,-14630.7,5774.4,-264.92,1.117
R9147,pine,65237.6,-14672.7,5901.4,-121.09,1.218
R9148,pine,65722.8,-14782.6,6122.2,-149.3,1.209
R9149,poplar,66623.1,-15193.4,6484.7,-36,0.991
R9150,pine,67410.2,-14433.6,7591,-149.24,1.163
R9151,pine,68021.4,-14542.2,8341.3,72.27,1.147
R9152,pine,68914.9,-14569.7,7959.8,-92.19,1.247
R9153,pine,70146.5,-14653.5,8066.9,22.62,1.052
R9154,pine,70601.3,-14404.3,8313.8,-17.69,0.874
R9155,pine,71615.9,-14993.2,8093,9.28,0.98
R9156,pine,72547.6,-14550.3,9088.6,80.38,1.137
R9157,pine,72940.7,-14852.7,9310.4,15.65,1.045
R9158,pine,73677.4,-14431.9,9497.4,22.55,0.972
R9159,pine,-75375,-14177.3,11460.4,-208.04,1.057
R9160,pine,-75003.4,-14225.6,11241,-140.11,0.968
R9161,pine,-74027.2,-14028.8,10833,-113.86,1.223
R9162,elm,-65924,-13926,5435.2,-233.05,0.979
R9163,elm,-63863.6,-13742.3,4273.4,-59.31,0.902
R9164,pine,61485.3,-13619.9,3538.5,-47.45,1.143
R9165,pine,62764.6,-14088.7,4304.8,-31.19,1.146
R9166,poplar,64645.9,-13932.4,5886.6,-94.6,0.89
R9167,pine,65499.9,-14022.7,6288.1,29.99,1.088
R9168,elm,66357.3,-13740.8,6927.3,-101.47,0.829
R9169,elm,66900.8,-14067.1,7224.6,86.85,1.221
R9170,pine,67839.1,-13728.4,8187.9,-257.58,1.231
R9171,pine,68118,-14384.3,8567.1,-108.89,1.028
R9172,pine,68980.9,-14277.5,8109.7,-180.2,1.045
R9173,pine,70090.3,-14240.2,8257.7,-155.33,1.126
R9174,pine,70916.4,-13903.1,9035,69.68,0.943
R9175,pine,71673.1,-14250.9,8799.5,0.12,0.897
R9176,pine,72633.4,-14136.5,9359.4,-60.83,1.161
R9177,pine,73468.7,-14025.6,9667.6,-204.44,0.936
R9178,pine,74214.3,-13714.3,9818.3,-238.08,0.857
R9179,pine,74886.9,-14024.3,9960.6,-44.67,0.874
R9180,pine,-76593.2,-12958.3,12032.3,-213.01,1.092
R9181,pine,-69825.5,-13436.9,7656.6,-228.34,1.002
R9182,elm,-69231.4,-12892.4,7762.7,-143.41,1.133
R9183,elm,-68173.7,-13091.5,7288.7,24.58,1.05
R9184,elm,-67222.9,-13296.5,6817.7,80.81,0.929
R9185,pine,-66541.9,-13037.1,6248.4,-47.67,0.957
R9186,elm,-65852.9,-13164.2,5439.9,-81.83,0.929
R9187,poplar,-64601.7,-12989.6,4810,73.53,1.064
R9188,poplar,-63756.5,-12993.6,4537,-3.15,0.96
R9189,pine,-62439.7,-13216.2,4476.8,-213.57,1.186
R9190,pine,-61500.7,-12828.3,4238.6,86.16,0.969
R9191,elm,-56948.9,-13230.8,4130.7,-43.85,1.176
R9192,elm,62876.4,-13315.6,4032.4,-31.66,0.862
R9193,pine,64025.6,-13077,4989.5,-62.63,1.201
R9194,pine,65326.1,-13403.3,6066.2,-194.02,1.226
R9195,elm,65994,-13553.9,6831,-152.53,1.195
R9196,pine,66833.4,-13571.9,7448.1,-57.99,1.017
R9197,pine,67797.1,-13301.1,7953.1,59.57,1.068
R9198,pine,68022.3,-13005.8,8095.1,-161.13,0.819
R9199,pine,69450.8,-13276.9,8899.9,-136.42,1.205
R9200,pine,69648.4,-12900,9095,-38.3,0.844
R9201,pine,71188.7,-13037.3,9023.9,-124.01,1.23
R9202,pine,72482.3,-12855,9693.8,-46.42,0.837
R9203,pine,72992.1,-12964.1,10284.5,-196.43,0.819
R9204,pine,78810.1,-13109.7,8252.2,29.99,0.833
R9205,pine,-74034.4,-12119.4,9919.6,-161.85,0.828
R9206,pine,-72957.5,-12040.3,9840.1,-235.4,1.208
R9207,pine,-72300.2,-12027.1,9192.8,-135.95,0.91
R9208,pine,-71969.5,-12617.8,8697.8,77.92,1.017
R9209,pine,-70873.7,-12173.2,8073,-10.3,1.135
R9210,pine,-70224.8,-12020,7975.8,-81.23,0.941
R9211,pine,-69386.1,-12285.1,7993.2,88.99,1.015
R9212,pine,-68164.8,-12646.7,7466.6,-195.49,1.19
R9213,pine,-67696.7,-12659.2,7253.5,-253.14,0.997
R9214,poplar,-66489.8,-12273.4,6483.7,-226.65,1.114
R9215,pine,-65859.6,-12244.3,5862.5,10.67,1.133
R9216,pine,-65434.1,-12618.5,5431.6,-204.35,0.989
R9217,poplar,-64245.7,-12733.3,4847.9,69.01,0.93
R9218,elm,-63907.4,-12606.8,4800.6,86.87,1.222
R9219,pine,-62938.2,-12485.1,4585.4,-194.2,1.044
R9220,pine,-62157.5,-12713.7,4472.6,-89.16,0.843
R9221,pine,-60137.9,-12012,4006.4,-140.79,1.023
R9222,pine,-59686.7,-12588.5,3807,-233.52,0.857
R9223,elm,63396.6,-12256.8,4115.7,-197.07,0.994
R9224,elm,64138.5,-12228,4758.3,-146.6,0.949
R9225,elm,65518.3,-12410.1,6069.9,52.02,1.089
R9226,elm,66351.9,-12307.7,6526,31.97,0.847
R9227,poplar,66570,-12133.8,6502,-27.64,1.093
R9228,pine,67786.1,-12010.6,7262.8,-51.61,0.834
R9229,pine,68579.5,-12706.2,8473.2,-251.52,0.928
R9230,pine,69205.1,-12525.2,8843.7,14.47,1.105
R9231,pine,70164.1,-12062.2,8893.5,-123.67,0.857
R9232,pine,71004.8,-12441.3,9134.5,-215.65,1.151
R9233,pine,71364,-12203.6,9174.1,-191.85,1.214
R9234,pine,72347,-12265.7,9659.6,-48.68,0.926
R9235,pine,73285.6,-12073.6,10031.3,-125.62,1.169
R9236,pine,74552.4,-12251.3,10023.5,-173.31,1.185
R9237,pine,75789.3,-12135,9617.8,61.33,0.905
R9238,pine,76626.8,-12534.9,9162.6,-211.53,0.8
R9239,pine,77841.4,-12243,8765.1,-212.31,0.894
R9240,pine,79424.4,-12148,8376.7,-194.34,1.122
R9241,pine,-77686.5,-11498.8,11674.7,-156.33,1.062
R9242,pine,-74504.3,-11496.8,10580.2,40.07,0.833
R9243,pine,-73656.5,-11375,9812.4,-50.98,0.827
R9244,pine,-73351.9,-11843.9,9686,-181.01,0.862
R9245,pine,-72633.1,-11615.5,9969,-242.33,0.911
R9246,pine,-71578.1,-11919.8,8393.2,-24.75,0.976
R9247,pine,-70609.7,-11447,8111.9,-154.17,1.088
R9248,pine,-69934.4,-11477.4,8259.8,-239.87,0.83
R9249,pine,-69551.6,-11749.5,8139.4,50.06,0.949
R9250,pine,-68788.5,-11457.6,7992.1,-113.96,0.845
R9251,pine,-67292.9,-11752.6,7229.1,24.27,0.985
R9252,pine,-67145.7,-11225.9,7035.7,-151.38,1.054
R9253,elm,-66047,-11609.4,6304.8,-171.8,1.012
R9254,pine,-64831.8,-11201.9,5515.2,-91.86,0.852
R9255,poplar,-64313.3,-11511.1,5340.6,-112.76,1.106
R9256,pine,-63892.5,-11245.5,5284.9,-175,0.884
R9257,pine,-62521.1,-11943.4,4794.1,-112.23,0.974
R9258,pine,-62388.2,-11431.4,4996.7,-142.23,1.051
R9259,elm,-61495.3,-11765.5,4591.5,-268.79,0.877
R9260,poplar,64736,-11561.4,5298,-34.94,1.176
R9261,poplar,65491.7,-11630.1,5793.3,-207.71,1.089
R9262,poplar,66398.9,-11356,5877.5,-155.22,1.045
R9263,poplar,66690,-11787.6,6328,-188.35,0.876
R9264,poplar,67561.2,-11750.3,6863.9,57.98,0.852
R9265,pine,68527.7,-11461.3,7239.4,-250.7,0.949
R9266,pine,68965.2,-11992.4,8179.9,-188.68,0.878
R9267,pine,70524.7,-11832.2,8530.1,-38.6,1.148
R9268,pine,73586.9,-11428.1,9661.6,-103.92,1.154
R9269,pine,74394.4,-11605.9,9642.7,-235.65,1.037
R9270,pine,74759,-11804.1,9787.2,-32.98,0.846
R9271,pine,76654.4,-11205.8,9081.4,-215.74,1.243
R9272,pine,78163.5,-11335.1,8961.6,-74.24,0.887
R9273,pine,-77860.9,-11014.9,11720.7,-13.21,1.047
R9274,pine,-77538.6,-11167.6,11498.9,-21.31,1.095
R9275,pine,-75857,-10903.4,11030.6,-7.97,0.929
R9276,pine,-74571.7,-11161.7,10577.7,-90.64,1.214
R9277,pine,-73833.7,-10499.9,10402.2,-268.64,1.211
R9278,pine,-72879.1,-11064.9,10045.5,41.3,0.991
R9279,pine,-72714.4,-10873,9962.1,43.43,1.083
R9280,pine,-71301.1,-11052.9,8490.4,-90.59,1.111
R9281,pine,-70676.7,-11097.8,8255.1,-8.63,1.156
R9282,pine,-70220.3,-10775.4,8546,-186.08,1.096
R9283,pine,-69138.4,-10934.4,8389,-261.23,0.842
R9284,pine,-68796.6,-11149.3,8097.5,-74,0.977
R9285,pine,-67898.1,-10807.5,7561.3,-231.95,1.04
R9286,pine,-66744.9,-10666.7,6948.8,4.36,0.831
R9287,elm,-65664.3,-11009.8,6047.9,86.14,1.024
R9288,pine,-64834.3,-10847,5504.3,-119.48,1.063
R9289,elm,-64111,-10980.4,5342.4,-71.2,1.106
R9290,poplar,-63288.2,-11157.6,5168.1,-214.07,0.89
R9291,elm,-62649.2,-10959.7,5093.7,-212.21,0.959
R9292,elm,-61937.8,-10943.2,4637,43.68,1.205
R9293,pine,-61374.8,-11044.2,4400.3,-264.25,1.228
R9294,pine,63886.7,-10526.4,4631.2,55.06,0.908
R9295,pine,64474.2,-10607.4,5120.4,-183.83,1.104
R9296,poplar,65555.3,-10840.9,5552.9,-243.06,1.219
R9297,pine,65700.2,-11185.5,5698.7,67.35,0.834
R9298,poplar,66576.2,-11138.8,5812.4,-224.58,1
R9299,pine,67745.1,-10594.9,6247.9,-90.11,1.114
R9300,pine,69062.9,-11181.9,7400,-80.79,0.834
R9301,pine,69987.6,-10489.1,7409.3,-87.54,0.986
R9302,pine,70706.9,-10674.7,7804.8,-187.35,1.167
R9303,pine,71285.2,-11143.5,8741.9,-44.7,0.929
R9304,pine,74500,-10795.2,9416.6,-198.09,1.015
R9305,pine,75244.1,-10690.9,9074.9,-74.98,0.943
R9306,pine,76584.5,-10758.4,8674.4,-231.65,1.19
R9307,pine,77474.9,-10429.4,8587.7,-157.05,0.849
R9308,pine,-77340.7,-10212.8,11456,50.76,0.848
R9309,pine,-74112,-10334.4,10520.2,-237.73,1.244
R9310,pine,-73341.2,-10173.6,10362.9,-24.58,0.998
R9311,pine,-72351.3,-10249.7,10062.4,-124.11,1.234
R9312,pine,-71879.4,-9603,10400.2,-267.35,1.013
R9313,pine,-70910.3,-10106.3,9207.5,54.75,1.196
R9314,pine,-70037,-9922.1,9380.2,65.91,0.91
R9315,pine,-69359.3,-10013.8,9042.7,-65.51,0.858
R9316,pine,-68743.8,-10281,8169.7,48.51,0.88
R9317,pine,-67338,-9861.9,7657.1,-262.77,0.911
R9318,pine,-66404.4,-10292.1,6921.9,-234.84,0.866
R9319,pine,-66089.5,-9804.7,6750.7,-212.26,0.903
R9320,elm,-65418.1,-9800.1,6048.8,-257.43,1.05
R9321,poplar,-64164,-10232,5443.2,-119.67,1.07
R9322,pine,-63270.3,-9656,5345.6,-83.53,1.23
R9323,pine,-62477,-9822.1,4951.7,-67.95,1.048
R9324,pine,-61895.1,-9954.3,4579.7,-195.49,0.811
R9325,elm,-61376.2,-9912.6,4241.5,77.65,1.2
R9326,elm,-60127.3,-9643.4,3861.2,-13.68,1.095
R9327,elm,63532.8,-9633.9,4376.6,-107.04,0.932
R9328,pine,64572.8,-10047.6,5184.7,-225.12,1.141
R9329,elm,65118.9,-9820.4,5469.8,-73.42,1.048
R9330,pine,66543.9,-9688.4,5700.1,-123.84,1.086
R9331,pine,67979.3,-10187.1,6259.7,-90.18,1.185
R9332,pine,68989.9,-9796.1,6826.2,-252.87,1.054
R9333,elm,69955.3,-9789.9,7125.2,-161.35,1.189
R9334,pine,74309.5,-9914.2,8721.5,-49.24,0.835
R9335,pine,75470.8,-9652.6,8217.3,-260.6,1.171
R9336,pine,76461.2,-9659.9,8155.8,-22.24,0.859
R9337,pine,76951.7,-9909.1,8279.7,-29.18,1.127
R9338,pine,77601.9,-10198.1,8508.1,-63.6,1.059
R9339,pine,78568.1,-10237.2,8375.1,-194.44,1.22
R9340,pine,-76436.6,-9514.9,10989,-224.83,0.946
R9341,pine,-75110.5,-9492,10924.5,-16.83,0.81
R9342,pine,-73939.5,-9204.2,10977.5,-91.18,1.165
R9343,pine,-73317,-9543.9,11044.7,-222.28,1.162
R9344,pine,-72038.6,-8877.2,11393.7,-47.8,1.219
R9345,pine,-71392.7,-8931.7,10709.5,-269.25,1.022
R9346,pine,-70633.1,-8852.5,10327,20.74,0.934
R9347,pine,-70377.5,-8995,10033.1,4.19,1.087
R9348,pine,-69549.5,-9257,9489.4,29.92,1.076
R9349,pine,-68591.6,-9585.6,8237,20.77,0.931
R9350,pine,-67284.1,-9139.8,8180.4,-124.08,1.052
R9351,pine,-66483.2,-9165.8,7522.5,-256.24,1.171
R9352,poplar,-65882.9,-9347,6751.2,53.19,1.18
R9353,elm,-65183.8,-9523,6041.7,-79.38,1.016
R9354,pine,-64344.6,-8920.7,6316.7,-151.95,1.096
R9355,poplar,-63742,-9457.5,5709.8,-87.31,0.978
R9356,pine,-62600.9,-8939.5,5072.5,68.37,1.024
R9357,elm,-62035.6,-8810.3,4765.8,-194.4,0.892
R9358,elm,-59911.4,-8800.1,3990.9,-89.68,0.933
R9359,pine,62800.5,-9567.2,3921.1,-12.33,1.054
R9360,elm,64658.5,-9324.7,4783.6,-221.22,1.134
R9361,pine,65356.6,-9394.6,5249.6,29.23,1.072
R9362,poplar,66126.2,-9509.8,5707.4,57.15,1.221
R9363,elm,66816.9,-8876.2,5642.3,-230.51,1.239
R9364,poplar,68275.7,-9129.5,5991.6,-87.03,1.227
R9365,pine,69146.5,-9312.7,6797.6,24.39,1.239
R9366,elm,70049.4,-9250.9,7056.2,-228.38,0.817
R9367,pine,74686.1,-9475.9,8615.7,-172.63,0.994
R9368,pine,75992.9,-8819.9,8137.1,-91.46,0.985
R9369,pine,76572.9,-9559.8,8141.7,-145.74,0.977
R9370,pine,77090.1,-8994,8039,-66.44,0.925
R9371,pine,77757.4,-9349.7,8267.7,-38.39,0.847
R9372,pine,78759.4,-8852.7,8085.4,-111.56,0.932
R9373,pine,79308.2,-9077,8182.6,-239.15,1.189
R9374,pine,-75320.8,-8660.9,10525.4,-187.8,0.875
R9375,pine,-72459.3,-8293.7,11123.3,-195.27,1.134
R9376,pine,-71980,-8004.9,10503.9,54.34,1.145
R9377,pine,-71062.9,-8202.9,10316.4,-88.24,1.099
R9378,pine,-69605.2,-8174.9,9482.1,21.64,1.007
R9379,pine,-69128.5,-8217,9174.2,78.84,1.132
R9380,pine,-68069.4,-8737.6,8404.1,-109.39,1.171
R9381,pine,-67269.5,-8016.7,9070.2,-92.66,0.841
R9382,pine,-66540.2,-8048.8,8342.6,-3.31,1.248
R9383,pine,-65793.8,-8545.7,7233.7,-126.88,0.846
R9384,pine,-65060.5,-8058,7110.2,58.2,0.987
R9385,elm,-64510.3,-8689.2,6605.1,-52.64,0.966
R9386,pine,-63627.9,-8247.5,5671.9,-123.1,0.843
R9387,elm,-63128.4,-8333.3,5144.9,71.29,1.213
R9388,elm,-60955.7,-8320.7,4323,-120.85,0.914
R9389,poplar,-60248.2,-8504.1,4081.1,-248.05,0.806
R9390,elm,65543.1,-8107.3,4721.5,-213.92,1.092
R9391,pine,66037.5,-8791.2,5451.3,-234.94,0.861
R9392,pine,67132.7,-8145.6,5598.5,-81.26,0.972
R9393,pine,72940.8,-8055.1,8085.9,-110.73,1.021
R9394,pine,75937.5,-8221.4,8057.7,-264.36,1.13
R9395,pine,76232.6,-8601.3,8103.4,-45.38,1.159
R9396,pine,77186.2,-8648.7,8121.9,-217.04,0.913
R9397,pine,77763.1,-8740.2,8127.6,0.67,1.229
R9398,pine,78937.3,-8127.7,7813,-52.64,0.934
R9399,pine,-72423,-7766.6,10456.4,2.77,1.152
R9400,pine,-71622.4,-7863.4,10211.7,-13.82,1.104
R9401,pine,-70110.9,-7410,9446.3,-1.93,0.863
R9402,pine,-69558.3,-7988.9,9601.6,-200.48,1.008
R9403,pine,-68721.1,-7273,9902,87.3,1.095
R9404,pine,-67922.5,-7389.5,9829.2,68.34,1.052
R9405,pine,-66840.6,-7984.9,8857.9,-58.04,1.055
R9406,pine,-66299.9,-7433.6,8567.5,-196.94,1.075
R9407,pine,-65166.4,-7665.3,7297.8,-166.39,0.938
R9408,elm,-63762.8,-7910.9,5877.7,45.79,0.873
R9409,pine,-63030,-7878.5,5009.3,-140.36,1.224
R9410,pine,-62154.1,-7714.3,4546.6,-221.71,1.133
R9411,pine,-60871.7,-7743.2,4275.2,-242.47,1.036
R9412,elm,-60733,-7651.7,4212,-160.05,0.993
R9413,pine,-59969.7,-7651.5,3901.2,-64.59,1.101
R9414,pine,66193.1,-7203.9,4661.9,-260.84,1.055
R9415,pine,66933.5,-7744.6,5501.6,70.02,1.114
R9416,elm,71761.4,-7259.6,6286.8,-52.63,0.838
R9417,pine,74876.1,-7654.7,7822.9,86.14,0.884
R9418,pine,75339.4,-7742.7,7940.9,-174.02,0.943
R9419,pine,76491.7,-7449.6,7803.3,-37.37,0.96
R9420,pine,78025.6,-7544.2,7964.5,-253.77,0.879
R9421,pine,78608.2,-7868.3,7831.3,65.76,0.836
R9422,pine,79506.7,-7367.4,7733.1,-61.36,1.026
R9423,pine,-79477,-6712.5,11495.1,-233.98,1.093
R9424,pine,-79104.8,-6650.6,11422.6,-83.26,0.997
R9425,pine,-70870.1,-7107.7,8918.7,45.64,0.901
R9426,pine,-70378.6,-6937.6,8909.6,-78.66,1.117
R9427,pine,-68894.3,-6881.4,10135.9,70.01,1.07
R9428,pine,-68240.6,-6449.3,10436.5,12.57,1.194
R9429,pine,-67363.1,-7144.8,9888.3,24.96,1.168
R9430,pine,-66950.7,-6724.1,9801.1,-103.61,0.904
R9431,pine,-65868.1,-7175.1,8042.4,-104.93,1.023
R9432,elm,-65281.8,-7167.8,7463.5,-58.61,0.846
R9433,elm,-64486.8,-7175,6614.8,10.92,0.982
R9434,poplar,-63697.6,-6813.2,5895.2,-153.11,0.977
R9435,pine,-62869.8,-6768.6,5298,87.9,1.091
R9436,pine,-62164.6,-6493.1,5122.9,-239.39,1.129
R9437,pine,65308.8,-6412.4,3827.3,-177.02,0.839
R9438,poplar,67106.6,-7005.7,4771.6,11.56,0.959
R9439,elm,67996.8,-6708.5,4786.8,-137.81,0.902
R9440,poplar,72988.1,-6796.7,7168.3,-164.06,1.172
R9441,poplar,74712.3,-6773.2,7476.8,40.62,0.886
R9442,pine,77425.7,-7130,7864.8,57.25,1.018
R9443,pine,77959.6,-6509.9,7814.3,-216.54,1.055
R9444,pine,79125.3,-6919.6,7690.9,-146.53,0.905
R9445,pine,-79488.3,-5622.9,11513.3,-6.55,1.172
R9446,pine,-78127.3,-6186.8,11447,-120.72,1.197
R9447,pine,-71172.2,-5828.6,7956.5,-17.92,0.834
R9448,pine,-70060.2,-6022.9,8592.6,-218.5,1.158
R9449,pine,-68289.4,-6113.1,10457.4,10.46,1.222
R9450,pine,-67588.7,-5700.4,10804.3,-204.58,1.092
R9451,pine,-66731.4,-5842.8,9834.7,-64.84,0.827
R9452,pine,-66020.7,-5632.4,9048.6,-228.35,0.941
R9453,pine,-65338.5,-5604.4,8252.6,-240.21,1.057
R9454,pine,-64692.6,-5832.4,7455.8,-55.16,1.098
R9455,elm,-63985.1,-6298.6,6740.3,-139.29,1.084
R9456,elm,-62494.7,-6264.9,5593.6,-55.74,0.868
R9457,pine,-62009.3,-6348.5,5201.7,-65.37,0.824
R9458,pine,-61277.5,-6322.3,4624.6,-215.74,1.219
R9459,elm,-60659.1,-5921,4144.5,11.66,0.903
R9460,pine,71611.8,-6397.6,5791.2,-178.2,1.049
R9461,elm,73600.6,-6366.9,7131.2,-61.06,1.115
R9462,poplar,74642.2,-6357.2,7425.7,60.79,1.156
R9463,pine,75766.9,-6368.1,7858.2,-81.39,0.838
R9464,pine,76595.1,-5845.9,8004.5,35.29,1.155
R9465,pine,77211.6,-6371.9,7979.5,-96.54,0.832
R9466,pine,77653.3,-6073.6,7832.2,-246.3,1.008
R9467,pine,79175.3,-5744.5,7390.1,-259.55,1.177
R9468,elm,79424.2,-6357.9,7459.9,21.69,1
R9469,pine,-78785,-4964.9,11352.6,-122.48,1.193
R9470,pine,-68299.2,-5290.8,9855.4,55.29,1.156
R9471,pine,-67679.1,-5220.8,10254.3,3.99,0.954
R9472,pine,-66034.2,-5172.1,9278.5,-163.11,0.85
R9473,pine,-65533,-4893.8,8853.6,-191.13,1.178
R9474,poplar,-64131.4,-5022,7055.4,-71.4,0.812
R9475,pine,-63995.7,-4988.2,6846.9,-205.22,0.828
R9476,pine,-62821.7,-4823,5798.1,-159.92,0.923
R9477,elm,-62050.5,-5170.8,5355.3,-46.81,0.981
R9478,pine,68645.8,-5556.2,4346.3,-80.75,0.898
R9479,elm,73480.8,-5189.2,6350,-251.16,0.864
R9480,poplar,73645,-4992.4,6435.7,-217.91,0.987
R9481,pine,74995.9,-5572.3,7261.1,-188.14,0.94
R9482,elm,75290.9,-5187.9,7420.2,-21.49,0.952
R9483,pine,76505,-5412.3,7846.2,55.84,0.834
R9484,pine,77035.2,-5498.4,7944.2,-192.7,1.199
R9485,poplar,77722.2,-5473.1,7775.2,-166.72,1.171
R9486,elm,78722.4,-5072.5,7549.9,-254.32,0.82
R9487,elm,79437,-4835,7015.7,-173.16,1.099
R9488,pine,-79497.9,-4488.7,11635.5,-239.96,1.197
R9489,pine,-78707.7,-4776.1,11385.6,-14.69,0.992
R9490,pine,-77354.6,-4556.2,11107.9,-98.42,1.044
R9491,pine,-67322.3,-4381,9335.2,-29.56,0.993
R9492,pine,-66999,-4397,9858.1,11.98,1.116
R9493,pine,-65844.5,-4797.5,9244.9,-200.31,1.183
R9494,pine,-65102.5,-4790,8527.3,55.13,0.954
R9495,poplar,-64426.3,-4415.7,7378.8,66.89,1.006
R9496,poplar,-63835.7,-4105.8,6435,-120.05,1.179
R9497,poplar,-62657.8,-4689.9,5557.3,-259.22,1.225
R9498,pine,-62228.9,-4008.3,4747.2,-140.88,1.24
R9499,elm,68221.6,-4659.4,4096.8,-248.97,1.171
R9500,elm,68863.5,-4514.1,4261.9,21.62,1.233
R9501,elm,72604.8,-4009.1,5535.5,-71.86,0.901
R9502,elm,73355.5,-4525,6043.9,-210.64,1.108
R9503,elm,73991.4,-4697.9,6551.1,-238.97,1.238
R9504,poplar,75106.7,-4500.6,7191.4,6.54,1.141
R9505,poplar,75497.3,-4444.8,7384.9,-263.05,1.067
R9506,pine,76481.8,-4310.5,7875.5,-75.92,1.077
R9507,pine,77363.6,-4674.5,7784.4,-33.13,0.872
R9508,elm,78037.9,-4509.7,7712.4,-268.2,0.814
R9509,pine,78590.4,-4165.6,7346.1,-135.54,1.224
R9510,poplar,79527.8,-4134.6,6768.8,18.4,1.107
R9511,pine,-78834.8,-3386.4,11574.4,-115.73,1.187
R9512,pine,-78015.9,-3600.9,11484.9,71.04,0.82
R9513,pine,-66739.4,-3754.3,9263.2,-169.88,1.245
R9514,pine,-66165.2,-3692.7,9198,15.12,0.932
R9515,pine,-64845.2,-3732,7783,-136.42,0.947
R9516,pine,-64762.3,-3202.8,7453.5,-70.32,0.814
R9517,elm,-63251.2,-3307.3,5073.4,-70.03,1.089
R9518,pine,-62679.5,-3671.1,4845.7,-258.05,0.921
R9519,pine,-61474.1,-3877,4479.1,-260.93,0.859
R9520,pine,72558.3,-3443.2,5340.3,-241.12,0.827
R9521,elm,73151.7,-3957.8,5682.2,-129.07,1.025
R9522,elm,73976.1,-3924.4,6326.8,-157.24,0.934
R9523,poplar,74620,-3659.1,6585.4,-233.57,0.887
R9524,elm,75793.3,-3430.4,7412,-85.19,1.225
R9525,elm,76710.4,-3823,7775.9,-174.39,1.109
R9526,poplar,77140.7,-3213.7,7641.8,-251.55,1.021
R9527,pine,77610,-3955.6,7674.9,-170,0.937
R9528,pine,78902.8,-3799.9,7216,41.39,0.901
R9529,pine,-79316.5,-2829.2,12126.2,-251.51,0.983
R9530,pine,-78492.9,-2745.7,11936,-233.56,1.233
R9531,elm,-65146.6,-2547,7523.7,-266.9,0.966
R9532,poplar,-64419.8,-2606.7,6549.2,41.02,0.877
R9533,pine,-62593.6,-2787.6,4307.7,-129.4,1.023
R9534,pine,-62031.3,-2445.5,4101.4,-91.92,0.997
R9535,pine,-61429.5,-3189,4246.3,-157.4,1.017
R9536,pine,71348.8,-2611.5,4789.2,-48.32,1.021
R9537,elm,73538.3,-2929.1,5602.1,-62.34,0.98
R9538,pine,73770.5,-2851.1,5749.4,7.1,0.872
R9539,pine,74988.5,-2983.4,6789.2,-192.12,0.999
R9540,pine,75634.2,-3165.7,7337.6,48.47,1.243
R9541,pine,76062,-2637.1,7836.4,42.14,0.856
R9542,pine,76805.6,-3005,7816.3,73.62,1.213
R9543,poplar,78371.8,-2579.6,6619.3,-213.96,0.868
R9544,pine,78939.3,-3036.8,6912.3,-187.85,1.211
R9545,elm,79453.3,-3030.1,6928.6,-6.09,0.838
R9546,pine,-78653.9,-1859.3,12572.8,-111.36,0.855
R9547,pine,-66040.3,-2127.2,7867.2,-193.73,0.862
R9548,elm,-64995.7,-2192.6,7063.2,-233.48,1.199
R9549,pine,-64533.5,-2135.6,6437.6,82.19,0.923
R9550,elm,-63987.8,-1738.3,5532.2,16.27,0.987
R9551,pine,73660.1,-1951,5565.3,-155.35,0.897
R9552,pine,74479.5,-2219.2,6274.9,59.44,0.846
R9553,elm,75452.4,-2043.6,7118.9,-109.07,1.206
R9554,poplar,76366.2,-1808.3,7461.3,-119,0.856
R9555,elm,76819.6,-2184.5,7497.8,36.73,1.12
R9556,pine,78194.6,-1819.3,6649,-223.9,1.198
R9557,pine,78463.5,-1869.8,6478.4,70.37,0.877
R9558,pine,79407.2,-1726.5,6543.5,-137.6,1.005
R9559,pine,-79217,-1586.3,13290.1,-167.68,0.869
R9560,pine,-78661.5,-1428.6,13170.6,83.03,1.004
R9561,pine,-77853,-1579.7,13002.6,-163.87,0.979
R9562,pine,-65387.8,-1160,7520.6,-128.41,1.048
R9563,poplar,-64056.8,-867,5675,-130.2,1.215
R9564,poplar,-63610.2,-1159,5008.6,-89.63,1.148
R9565,elm,74341.2,-1404,6379.3,-181.26,1.145
R9566,elm,74401.9,-1043.2,6395.4,-238.61,0.858
R9567,elm,75488.1,-1547,7013.4,-159.47,0.887
R9568,elm,77461.1,-986.4,6694.7,-48.97,1.045
R9569,pine,77761.4,-1178.6,6508.1,-0.14,0.824
R9570,elm,79488.3,-842.5,6418.7,38.72,1.076
R9571,pine,-78717,-248.1,13466.9,-2,0.937
R9572,elm,-65897,-720.4,7314.3,82.58,0.944
R9573,pine,-65087.9,-506.7,6767,0.1,0.986
R9574,pine,-64299.1,-423,5975.5,-242.91,0.914
R9575,poplar,-63590.3,-781.3,4941.5,-158.04,1.204
R9576,elm,-62942.4,-238.6,4263.5,-234.15,1.238
R9577,pine,75252.4,-783.1,6705.4,87.92,0.904
R9578,pine,76793.4,-25.8,7119.4,4.22,0.952
R9579,pine,78745.7,-267.6,6609,-111.05,1.25
R9580,pine,-79339.5,412.3,13043.7,-250.13,0.994
R9581,pine,-78664.3,388.3,13032.8,-84.42,1.149
R9582,pine,-77631.7,146.4,13933.5,15.17,0.951
R9583,pine,-76350.2,559.1,12847.2,71.63,1.106
R9584,elm,-64633.6,351.5,6014.6,57.17,0.821
R9585,poplar,-63278.9,617.5,4601.3,-225.64,1.248
R9586,elm,75567.4,317.9,6520.3,20.48,1.032
R9587,pine,76138,606.9,7082.1,-254.87,0.844
R9588,pine,-79332.1,1254.3,11923.2,-97.09,1.249
R9589,pine,-78754,888.8,12497.1,-75.67,0.955
R9590,pine,-78073.1,1293,12347.8,32.71,1.007
R9591,pine,-76514.5,1264.7,12863.5,-128.33,1.01
R9592,elm,-65987.4,1292.8,7006.9,-134.27,1.213
R9593,pine,-65140.7,1010.8,6697.6,-182.65,1.152
R9594,pine,-64714.1,1026.2,6066.8,-207.49,1.071
R9595,pine,-63422.1,1441.8,4696,-39.37,0.886
R9596,elm,78049.6,1191.3,6867.6,-169.88,0.941
R9597,pine,79090,1433.3,6472.5,-215.11,0.847
R9598,pine,79204.2,1505.6,6460.7,-141.54,1.073
R9599,pine,-78743.3,2221.1,11298.4,-80.19,1.173
R9600,pine,-78395.2,2164.8,11209.3,-191.67,0.901
R9601,pine,-77366.5,1979.9,11498.1,-253.17,1.17
R9602,pine,-76386.2,2176.6,11980.5,80.81,0.911
R9603,pine,-75253.7,2209.3,10875,-56.55,1.188
R9604,pine,-74899.8,2230.7,10434.3,86.49,1.004
R9605,pine,-66392.6,1917.1,7271.9,-180.84,1.218
R9606,elm,-65475.1,2158.8,6809.2,-8.36,1.145
R9607,pine,-64308.1,1930.9,5583.8,64,1.167
R9608,pine,-63980.2,2212.7,5110.4,-86.86,1.119
R9609,pine,73142.7,1724.3,5608.9,-147.24,1.071
R9610,elm,74856.9,1929.6,6428.3,48.94,1.09
R9611,pine,77781.5,2290.7,6961.9,-149.76,0.92
R9612,pine,78931.9,1712.2,6409.2,-154.1,1.052
R9613,pine,-78855.1,3114.2,10540.4,-114.98,1.095
R9614,pine,-77827.4,3002.3,10856.4,-87.22,1.134
R9615,pine,-77488,2852,10900.1,-135.66,1.082
R9616,pine,-76228.1,3080.4,11593.9,-232.97,0.885
R9617,pine,-75759.1,2970.6,11235.9,-182.06,1.069
R9618,pine,-74866.7,3189.3,10936.6,-45.63,1.231
R9619,pine,-74252.5,2659.9,10187.2,-20.05,1.05
R9620,pine,-66402.8,2915.1,7573.6,43.03,0.879
R9621,pine,-65803.3,3061.8,6790.6,-95.24,1.176
R9622,pine,-65234.6,3086.2,5951.5,2.55,1.06
R9623,pine,-64215.9,3159.3,5002.5,-53.02,1.042
R9624,elm,-63979.3,2414.6,5080.7,-224.63,0.865
R9625,elm,-62670,2967,4147.7,-114.82,0.948
R9626,pine,-62364,2408.1,4051.6,-260.91,1.164
R9627,pine,74218.1,2627.4,5990.6,-125.64,1.016
R9628,pine,78698.2,2624.6,6472,-72.2,1.017
R9629,pine,-79379,3524,10711,14.35,1.19
R9630,pine,-78404.4,3801.2,10642.2,-146.69,0.96
R9631,pine,-78199.7,3471.7,10453.6,28.4,1.215
R9632,pine,-76801.5,3912.5,10599.5,-121.24,1.145
R9633,pine,-76114.7,3948.2,10816.2,70.15,0.977
R9634,pine,-75968.9,3839.8,10924,-14.12,0.858
R9635,pine,-74886.8,3715.1,10739,29.18,0.969
R9636,pine,-70876.2,3423.4,8596.1,33.48,0.853
R9637,pine,-65748.9,3857.1,6413.2,13.07,1.098
R9638,pine,-65202.2,3770.7,5773.6,-161.05,0.875
R9639,elm,-64332.9,3240,5065.3,-220.15,1.04
R9640,pine,-63976.9,3506.8,4798.1,-109.4,1.189
R9641,elm,-61070.9,3804.1,3848.4,-9.67,1.126
R9642,poplar,-58544.1,3512.1,3634.6,-0.79,1.123
R9643,elm,73326.7,3531.1,5724.6,14.15,1.065
R9644,pine,74423.1,3635.5,5774.2,-37.56,1.191
R9645,pine,75571.6,3747.5,6697.1,67.22,0.897
R9646,poplar,78263,3963.9,6804.6,-193.62,0.908
R9647,pine,78651.4,3748.8,6702,-162.56,0.852
R9648,pine,-79217.7,4359,10722.1,-222.24,1.186
R9649,pine,-78615.1,4358.1,10492,54.53,1.231
R9650,pine,-78219.9,4167.3,10523.9,-78.72,0.996
R9651,pine,-77457.6,4357.2,10651.8,-204.95,1.034
R9652,pine,-76367.5,4304.6,10573.4,-171.95,1.062
R9653,pine,-75820.1,4258.4,10676,69.71,0.815
R9654,pine,-75174.3,4171.6,10676.5,49.82,1.114
R9655,pine,-73960.5,4477.8,10790.9,-228.02,0.865
R9656,pine,-72641.8,4333.9,10245.6,33.15,0.869
R9657,pine,-71360.1,4468.6,9570.9,-143.95,1.165
R9658,pine,-71175.4,4431.6,9503.9,-86.4,0.836
R9659,pine,-67207.1,4515.4,8191.5,-247.87,0.957
R9660,pine,-66937.4,4232,7762.2,-145.79,0.891
R9661,poplar,-66017.5,4096.4,6568.2,-80.27,1.043
R9662,elm,-65207.2,4769.1,5853.2,-0.38,0.924
R9663,pine,-64121.7,4110.6,4868.2,-106.67,1.002
R9664,pine,-63565.7,4285.2,4689.4,-243.19,1.006
R9665,pine,-62057.8,4472.3,4252.5,-126.43,0.872
R9666,pine,77411.8,4173.6,7039.5,-156.04,1.16
R9667,elm,78251.8,4674.1,6827.1,87.92,1.179
R9668,pine,-79512.2,5475,10341.4,-213.44,0.901
R9669,pine,-78404.6,5346.3,10862.1,-91.64,0.983
R9670,pine,-78338.7,4877,10618.3,-122.57,1.135
R9671,pine,-77241,5014.2,10536.2,-204.87,0.837
R9672,pine,-76107.7,4951.7,10162.3,72.45,1.231
R9673,pine,-75645.1,5522.3,10271.7,37.92,1.166
R9674,pine,-75098.8,5481.5,10349.8,15.67,1.202
R9675,pine,-74022.3,5006.7,10413.5,-1,0.841
R9676,pine,-73353.8,5354.3,10997.9,69.67,1.015
R9677,pine,-72359.8,5259.4,11079,-54.14,1.077
R9678,pine,-69728.9,5218,9760.4,-169.45,1.187
R9679,pine,-68289.3,5351.9,9541.7,61.2,1.131
R9680,pine,-67847.3,5057.8,9099.1,-234.04,1.176
R9681,pine,-66613.5,4943.1,7331.5,-266.37,0.914
R9682,elm,-65615,5234.4,6287.6,-215.88,1.206
R9683,pine,-64909.1,5205.8,5752.3,-155.46,0.91
R9684,elm,-62516,5318.9,4367.1,-78.43,1.009
R9685,poplar,-61917.4,4830.6,4408.8,-31.13,1.19
R9686,elm,-60820.6,5411,4507,-174.43,0.991
R9687,elm,-59419.2,5014.3,4516.3,-1.01,1.058
R9688,pine,-58343.5,5150.5,4460.9,55.32,0.807
R9689,elm,-57457.6,5287.2,4561.7,-181.38,0.938
R9690,pine,67296.7,5345.8,3815.2,-120.03,0.89
R9691,elm,71893.7,5286.5,5397.3,58.47,1.155
R9692,elm,73791.5,5350.3,5596.1,7.11,0.831
R9693,pine,77012.9,5571.5,6965.3,-208.25,1.221
R9694,pine,78204.3,5400.1,6824.9,-95.38,1.046
R9695,pine,78476.4,5187.8,6772,14.42,0.907
R9696,pine,79457,5422.2,6572.1,-47.06,1.077
R9697,pine,-78748.1,5930.2,10882.4,16.17,0.804
R9698,pine,-78242.6,6321.4,11331,-51.1,1.036
R9699,pine,-77581.3,5694.3,10864.4,-69.01,0.837
R9700,pine,-76057.3,6326.2,10811.2,-129.55,0.931
R9701,pine,-75952.5,6316.1,10876.7,-128.7,0.952
R9702,pine,-74411.3,6320.4,11156.7,-94.78,0.842
R9703,pine,-73818.5,6257,11001.8,-66.4,0.828
R9704,pine,-73120.4,6217.2,11443.9,67.87,0.93
R9705,pine,-72348.2,6032.8,11141.3,2.13,1.062
R9706,pine,-71685.5,5785.5,11053.7,-221,1.139
R9707,pine,-70901.5,6217.1,10486.4,-252.38,0.949
R9708,pine,-69449.9,5639.2,9569.3,-257.25,1.138
R9709,pine,-68118.4,6372.7,9777,-145.69,0.922
R9710,pine,-67559.3,5855,8909.8,-240.71,1.073
R9711,pine,-66611.7,6109,7606.2,-70.99,1.006
R9712,pine,-66208.6,6080.5,7087,-115.93,0.826
R9713,pine,-64917.6,6130,6011.6,-230.2,1.088
R9714,elm,-64403.5,5826.5,5369.8,-222.52,1.194
R9715,pine,-63208.1,5867,4495,38.4,1.215
R9716,pine,-62890.4,5951.9,4449.6,30.87,1.15
R9717,pine,69514.5,6059.3,5070.3,-221.15,1.093
R9718,elm,72259.2,5916.8,5416.2,-208.05,1.23
R9719,poplar,73344.9,5691,5462.2,27.84,1.144
R9720,pine,77580.4,6325.1,6665.5,-200.41,0.863
R9721,pine,78394.2,5686.4,6744.8,-186.57,1.107
R9722,pine,-78842.7,6487.8,11158.6,-12.29,0.888
R9723,pine,-78304.4,6858.8,11712,47.9,0.803
R9724,pine,-77272.8,6941.6,11102.5,-254.11,1.196
R9725,pine,-76264.1,6668.3,10647.1,-85.69,1.057
R9726,pine,-75326,6630.5,10852.8,48.92,1.22
R9727,pine,-75092.1,6851.9,10898.6,-164.03,1.12
R9728,pine,-74036.7,6431.7,11133.8,29.38,1.239
R9729,pine,-72392.2,6851.6,11098.8,-42.14,0.888
R9730,pine,-71443.7,7173,10752.7,-99.74,1.209
R9731,pine,-71046.6,6564.8,10431.6,-88.24,0.943
R9732,pine,-69932.6,6637.4,9822.6,-157.43,1.129
R9733,pine,-69538.7,6803.9,9931.1,-243.47,0.81
R9734,pine,-68486.5,6471.3,10042.8,-122.75,1.138
R9735,pine,-67955.1,7082,9808.5,55.65,0.814
R9736,pine,-66481.3,7087.3,8061.3,60.39,1.134
R9737,elm,-65943.8,7062.3,7453.4,-265.35,1.098
R9738,elm,-65079.5,6916.7,6279.2,-248.38,0.878
R9739,pine,-64047.9,6673.1,5309.4,-44.8,1.013
R9740,pine,-62865.1,6596.4,4636.7,-176.84,0.93
R9741,pine,-61717.1,6605.5,4720.6,-179.97,0.842
R9742,elm,-61185.2,6462,4808.4,-159.21,1.232
R9743,pine,-60254.3,7152.2,4751.2,-45.66,0.96
R9744,pine,-59741.4,6707,4819.7,-31.09,1.043
R9745,pine,-58569.9,7135.8,4820.2,-91.12,0.923
R9746,elm,-57748.1,6666.7,4586.7,83.36,1.142
R9747,pine,67887.5,6816.9,4336.9,-179.93,1.171
R9748,pine,68393.9,6867,4627,-63.81,0.809
R9749,pine,68990,6899,4853.4,-23.96,0.83
R9750,pine,70421.3,6537.3,5516.2,-176.45,1.092
R9751,pine,72585.7,6420.8,5567.8,-39.63,0.969
R9752,elm,75539.1,6453.8,6581.9,33.96,0.876
R9753,pine,77414.5,6809,6669.3,-250.2,1.119
R9754,elm,77874.7,6903.6,6837.2,-156.62,0.811
R9755,elm,79154.9,6480.6,6690.2,-269.83,1.075
R9756,pine,-79101.9,7489.8,11962,33.78,1.126
R9757,pine,-77883.8,7582.7,11574,-233,0.987
R9758,pine,-77305.9,7310.8,11049.2,-37.68,1.179
R9759,pine,-76705,7550.9,11019.8,-247.14,1.11
R9760,pine,-75245.2,7351.7,11138,58.2,1.168
R9761,pine,-74778.8,7253.6,11129,-13.37,1.019
R9762,pine,-73943.9,7603.7,11797.4,-190.97,0.81
R9763,pine,-72060.6,7863.6,10636,47.41,0.948
R9764,pine,-71576.1,7946.7,10634.9,-176.14,0.977
R9765,pine,-70338.7,7363.7,10262.2,23.07,1.088
R9766,pine,-69554.9,7549.1,10377.3,-88.35,1.24
R9767,pine,-68269.1,7719,9933.4,72.24,0.901
R9768,pine,-67624.9,7487.1,9327.6,-75.19,0.968
R9769,pine,-66998.6,7792.1,9014.3,-64.86,0.973
R9770,elm,-65794.6,7706.5,7056.4,-244.85,1.25
R9771,pine,-65163,7630.5,6435.4,-33.2,1.16
R9772,pine,-64256.4,7206.5,5524.5,-143.65,0.932
R9773,elm,-63481.7,7595.9,5313.8,-155.06,1.054
R9774,poplar,-63006.8,7366.3,4970.5,-85.85,0.896
R9775,elm,-62125.8,7738.5,5054.7,-229.03,1.041
R9776,elm,-60142.4,7423.2,4595.5,-81.17,0.829
R9777,elm,-59374.3,7544.4,4676.9,-261.69,0.853
R9778,elm,-58685,7913.8,4545.9,-49.72,1.231
R9779,poplar,68299.2,7505.3,4605.7,-31.34,1.136
R9780,pine,68902.7,7912.8,4814.9,52.64,1.106
R9781,pine,69717.5,7236,5198.7,-125.86,0.956
R9782,poplar,70614.9,7476.4,5612,-154.67,1.08
R9783,poplar,72682.1,7740.1,5853.1,-22.99,1.085
R9784,pine,73393.1,7841.3,6021.2,24.48,1.077
R9785,pine,74365.3,7536,6430,-16.4,0.888
R9786,pine,74842,7518.6,6398.4,-60.02,1.239
R9787,poplar,77559.1,7888.6,6877.6,-215.57,1.208
R9788,pine,77886.2,7478.4,6810.9,-265.28,1.147
R9789,pine,78947,7465.8,6740.8,-20.29,0.87
R9790,pine,79553.8,7284.5,6502.9,-140.84,1.054
R9791,pine,-79206.3,8482.3,11816.9,-245.87,1.005
R9792,pine,-78601.9,8353.1,11971.8,-223.81,0.919
R9793,pine,-78253.3,8641.1,12360.6,-116.69,1.205
R9794,pine,-77407.3,8596,12135.2,-43.48,1.084
R9795,pine,-76431.9,8260.7,11444,-160.58,0.849
R9796,pine,-75606,8533.2,11435.5,-209.15,0.822
R9797,pine,-74636.9,8690.1,11602.8,-193.49,0.957
R9798,pine,-73663,8355.6,11592.9,-242.04,0.844
R9799,pine,-73246.7,8313,11379.3,-89.5,0.829
R9800,pine,-72454.2,8369,11035,-183.9,0.809
R9801,pine,-71220.4,8509.3,10522.1,-225.65,1.125
R9802,pine,-70518.5,8103.4,10479.5,-83.51,0.831
R9803,pine,-69769.7,8436.6,10621.8,-45.73,1.016
R9804,pine,-69516.6,8300.1,10576.4,3.6,0.924
R9805,pine,-68278.8,8003.4,9873.4,75.62,1.242
R9806,pine,-67446.8,8436.8,9402.8,-156.47,1.012
R9807,pine,-66412.3,8413.5,8131.8,-129.61,0.83
R9808,pine,-66296.4,8252.3,7888.3,-204.41,1.159
R9809,pine,-65362.1,8095.7,6597.4,-39.55,0.97
R9810,elm,-64166.5,8453.3,6007.3,-175.03,0.855
R9811,pine,-63812.6,8045.6,5660,-69.83,1.049
R9812,pine,-62622.5,8739.7,5553.7,-168.73,0.811
R9813,elm,-62270.6,8009.5,5147.2,-144.5,0.846
R9814,elm,-61456.9,8709.5,4871.9,43.9,0.884
R9815,pine,-60768.7,8010.3,4459.4,-85.13,1.239
R9816,pine,-58910.4,8153.4,4472.7,-49.07,1.143
R9817,pine,68840.6,8019.1,4796.5,-80.89,1.031
R9818,poplar,70767.7,8756.3,5531.4,-74.52,1.013
R9819,pine,71455.1,8407.8,5934.2,-174.8,0.808
R9820,elm,72504.3,8004.9,5797.9,-102.25,0.808
R9821,elm,73736.5,8108.6,6150.1,-166.29,0.973
R9822,elm,74730.6,8713.7,6529.7,-183.54,1.224
R9823,poplar,75695.7,8636.4,6868.3,-41.84,0.979
R9824,pine,76113.9,8721.2,6947.3,76.33,1.192
R9825,pine,76908.6,8332.2,7054.3,-117.7,1.236
R9826,elm,77981.9,8792.6,6719.6,-140.31,1.093
R9827,pine,79089.3,8028.7,6683.6,-144.12,0.858
R9828,pine,-78521,8938.5,12195.2,-125.7,1.148
R9829,pine,-78223.6,9411.2,12954.7,-268.18,0.996
R9830,pine,-76836.3,9168.1,11916.9,-78.89,1.062
R9831,pine,-76757.8,9303.3,12005.2,32.29,1.09
R9832,pine,-75279,9494.5,11845.2,-50.27,0.967
R9833,pine,-74627.8,9349.3,11723.5,-32.12,1.001
R9834,pine,-74318.4,9562.6,11820.5,60.17,1.226
R9835,pine,-73339,9107.6,11216.7,75.13,1.214
R9836,pine,-72479.3,9071.7,10886.6,-116.76,0.952
R9837,pine,-71388.7,9216.4,10912.7,-8.41,1.187
R9838,pine,-70405.3,9396.5,10613.1,-142.52,0.829
R9839,pine,-70388.9,8848.2,10826.7,-81.4,1.241
R9840,pine,-69500,9560.6,10142,-89.52,1.119
R9841,pine,-68507,9366,9596,0.7,0.889
R9842,pine,-67686.2,9142.5,9260.9,21.31,1.229
R9843,pine,-66445.7,8896.9,8085,60.99,1.246
R9844,elm,-66163.7,9249,7435.3,-269.23,1.209
R9845,elm,-65050.6,9260.4,6590.6,-243.06,0.851
R9846,elm,-64351,9008,6213.4,-166.01,0.879
R9847,elm,-63288.7,9559,6224.8,0.77,0.992
R9848,pine,-62578.5,9212.2,5721.5,-198.41,0.849
R9849,pine,-62372.4,9528.6,5801.8,-245.31,0.955
R9850,elm,-61331.1,8906.4,4855,61.46,0.99
R9851,pine,-60387.8,9053.9,4567.1,-52.72,0.946
R9852,pine,-59480.9,9553.9,4487.9,-43.34,1.194
R9853,pine,69271.4,9034.6,4740.3,26.93,0.953
R9854,elm,70524.9,8998.2,5316.1,23.86,0.95
R9855,pine,71720.2,8916.8,5893.4,66.46,1.018
R9856,elm,72775.7,8848.9,6043.4,43.55,1.064
R9857,pine,73211.8,8994.4,6037.1,-229.81,0.983
R9858,pine,73607.1,9101.5,6001,9.93,1.2
R9859,pine,75153.4,9389.5,6537,-47.29,1.196
R9860,poplar,75616,8999.3,6758.8,-152.3,1.106
R9861,poplar,76615.6,8811,7033.4,16.16,0.83
R9862,pine,77418.8,9011,6972.4,-91.07,1.076
R9863,poplar,78092.9,8948.7,6763.7,-266.21,0.927
R9864,elm,78652.7,9036,6897.6,-7.98,1
R9865,elm,79360.9,9188.3,6510.8,-21.68,1.078
R9866,pine,-79242.4,9801.9,11680.8,-82.4,0.981
R9867,pine,-78813.7,9603.9,12045.9,77.48,0.919
R9868,pine,-77637.1,9663.8,12409.6,-36.29,1.085
R9869,pine,-77326.1,9675.6,12234.4,-77.02,0.869
R9870,pine,-76458.8,10346.9,11885.9,48.87,1.192
R9871,pine,-75630.5,10036.8,11889.6,-0.81,1.164
R9872,pine,-74601.3,10046.1,11956,-222.48,1.132
R9873,pine,-74378.9,10203.8,11858.7,-54.24,1.185
R9874,pine,-73181.2,9724.1,11583.2,-27.27,1.082
R9875,pine,-72229,10355.7,11823.9,-95.44,0.987
R9876,pine,-69182.6,9984.4,9624.4,5.06,0.902
R9877,pine,-68061.9,10235.6,8753.4,-166.9,0.95
R9878,pine,-67725.7,10050.8,8651.7,-163.18,0.839
R9879,pine,-66619.5,9713.5,7803.7,-217.89,1.146
R9880,poplar,-65743.7,10053.2,7185.5,-49.1,0.928
R9881,pine,-65041.9,10339.2,6884.6,-99.99,0.908
R9882,pine,-64388.2,10342.2,6635.5,69.46,1.238
R9883,elm,-63596.1,10105.6,6426.6,-69.78,0.959
R9884,elm,-62778.1,9672,6101.8,33.41,1.051
R9885,pine,-61702.6,10296,5610.5,-192.93,1.198
R9886,elm,-61028.7,10242,5035.7,-73.21,1.048
R9887,pine,-60714.4,9656.6,4746.9,-90.36,1.186
R9888,elm,-59806,9644.1,4563.1,57.13,0.983
R9889,elm,-58958.9,9910.7,4422.2,-188.2,1.008
R9890,pine,69575.3,9645,4779.2,-11.63,0.937
R9891,pine,69755.8,10203.9,4582.9,-162.33,0.882
R9892,pine,70858.2,9798.1,5072.2,-142.71,0.948
R9893,elm,71452.6,10087.4,5164.9,-254.7,1.122
R9894,pine,72721.1,9897.8,5875.5,-124.72,1.119
R9895,poplar,73517.7,10021.4,5890.8,-177.78,0.828
R9896,elm,74354,10187.1,6053.8,-170.31,1.075
R9897,elm,74992.8,9715.2,6504.8,11.11,1.164
R9898,elm,75750.6,9603.7,6693.2,-230.06,0.895
R9899,poplar,76498,10226.3,6730.9,-175.16,1.069
R9900,poplar,76953.8,10138.3,6793.3,-152.65,1.203
R9901,pine,77782.6,9911.4,7033.6,-94.66,1.203
R9902,poplar,78640.3,9843.8,6823.1,-104.63,0.901
R9903,pine,-79041.7,10893.7,12316,-127.2,0.888
R9904,pine,-78035.2,10809.2,13061.5,-81.78,0.848
R9905,pine,-77094.9,10778.8,12595.3,-236.73,0.894
R9906,pine,-76019.2,10905.2,12160.4,-69.36,0.94
R9907,pine,-75819.3,10590.2,11881,-3.65,1.206
R9908,pine,-75137.4,10672.9,11903.3,-253.5,1.034
R9909,pine,-74379.2,10906.5,12269.5,-205.2,1.215
R9910,pine,-72459.5,10746.1,11836.9,11.37,0.965
R9911,pine,-71294.7,10583.4,11129.2,-111.34,0.861
R9912,pine,-70461.9,11030.7,10500.2,61.51,0.869
R9913,pine,-69731.6,11107.1,9812,-227.26,1.064
R9914,pine,-68996.4,10541.5,9524.5,-96.96,0.83
R9915,pine,-68066.9,11081.1,8928.3,-125.04,0.993
R9916,pine,-67273.3,10499,8209.5,3.67,1.065
R9917,pine,-67008.3,10490.2,7997.2,-214.24,1.079
R9918,pine,-66154.5,11107.5,7424.8,-41.71,1.205
R9919,pine,-65514.3,10906.9,7081.7,-41.92,1.009
R9920,pine,-64455.9,10599.8,6808.4,71.67,1.163
R9921,pine,-63899.7,10881.2,6384.1,-27.07,0.886
R9922,pine,-62461.4,10420.9,6343.3,-171.42,1.111
R9923,pine,-62256.2,11181.8,5980.6,-40.68,1.139
R9924,pine,-61551.8,10756.1,5420.6,-1.45,0.871
R9925,poplar,-60078.6,11144.6,4619.2,-104.83,0.897
R9926,elm,-59800.9,10463,4606.7,-154.4,0.92
R9927,poplar,-59164.6,10569.3,4607.2,17.33,1.205
R9928,poplar,-58151.7,10811.9,3983.7,39.48,0.948
R9929,pine,67894.4,10818.4,3690.6,-98.41,1.223
R9930,pine,69440.7,10445.3,4373.6,-123.71,0.832
R9931,elm,71843.2,10578.8,5245.9,5.11,1.225
R9932,pine,72769,10769.7,5557.3,50.87,0.834
R9933,poplar,72974.3,10897.2,5539.6,-179.5,1.151
R9934,elm,73696.6,10745.9,5797.7,-255.12,1.048
R9935,pine,74502.7,10504.7,6012.5,-220.81,1.129
R9936,poplar,75629.9,10519,6504.8,-239.55,0.831
R9937,pine,76785.2,10456,6654,72.87,0.841
R9938,elm,77474.1,10840,6735.4,-247.64,0.852
R9939,pine,78334.8,10495.2,7040.3,-250.87,0.967
R9940,poplar,79015.7,10456.5,6989.5,-13.31,1.19
R9941,pine,-79565.3,11859.4,13211,-179.88,1.205
R9942,pine,-78518.6,11854.3,13419.1,20.44,1.248
R9943,pine,-77964.8,11550.6,13317.1,-247.92,0.806
R9944,pine,-77216.1,11630.1,13225.1,-244.91,1.105
R9945,pine,-76182.8,11757.7,12957.4,89.83,1.026
R9946,pine,-75485.6,11222.3,12387.2,-103.28,1.25
R9947,pine,-74806.1,11596.4,12693.6,48.57,1.119
R9948,pine,-73755.5,11637.2,13148.7,-224.6,0.868
R9949,pine,-73449.3,11331.4,12776,62.53,1.242
R9950,pine,-71620.8,11416.6,11550.7,-202.01,0.995
R9951,pine,-70528,11834.1,10583.3,-64.7,0.814
R9952,pine,-69607.5,11692.1,9998.5,-75.39,0.806
R9953,pine,-69411.6,11855.2,9920.6,50.38,0.975
R9954,pine,-68103.5,11324.5,8985.8,-14.99,0.871
R9955,pine,-67888.9,11856.4,8957.2,-6.83,1.179
R9956,pine,-66903.9,11257.3,8126.5,-173.33,0.951
R9957,pine,-65903.9,11830.3,7639.1,36.89,0.878
R9958,elm,-64900.1,11599.7,6803.2,-105.03,1.02
R9959,pine,-64374.7,11803.4,6468.4,-4.22,0.969
R9960,pine,-63553.8,11736.6,6241.3,29.37,0.908
R9961,pine,-62711.2,11253.6,6245.1,-218.36,1.011
R9962,pine,-61935.2,11784.1,5726.9,-171.1,1.172
R9963,pine,-61535.6,11766.7,5428.5,-17.67,0.864
R9964,poplar,-60302.8,11407.9,4749.4,-82.55,1.236
R9965,pine,-59874.6,11820.4,4851.8,-161.29,1.01
R9966,elm,-59081.9,11684.3,4468.1,-44.43,0.96
R9967,poplar,68316.5,11369.7,3906.2,-255.16,1.176
R9968,elm,71435.6,11462.6,4511.8,5.71,0.962
R9969,pine,72152.6,11653.8,4809.5,-126.24,0.916
R9970,pine,73368.9,11245.5,5507.7,-108.58,0.842
R9971,poplar,74248.6,11737.7,5392.9,-180.14,1.198
R9972,pine,74955.8,11640.8,5745.5,52.76,0.961
R9973,elm,75425.3,11613.8,5981.3,-85.61,1.13
R9974,elm,76288.3,11204.8,6423,-265.45,1.219
R9975,pine,76921.6,11470.9,6482.3,-198.12,1.185
R9976,pine,78020.1,11385,6693.1,12,1.179
R9977,poplar,79066.1,11672.1,6462.8,-202.57,1.017
R9978,pine,-79575.3,12295,13609.2,-55.53,1.201
R9979,pine,-78910.5,12394.8,13613.9,-174,1.068
R9980,pine,-77770.6,12256.5,13925.4,-87.81,0.804
R9981,pine,-77173.2,12098.9,13354.2,-246.25,1.233
R9982,pine,-76055.8,12590.3,13656,-233.52,1.188
R9983,pine,-75381.5,12076.2,12976.8,-177.22,1.126
R9984,pine,-75185.4,12516.8,13043.8,-166.64,1.223
R9985,pine,-74198.9,12239.5,13043,1.62,0.93
R9986,pine,-72938.1,12755,13291.6,-48.46,0.817
R9987,pine,-72125.7,12798.8,12633,-209.63,1.062
R9988,pine,-71668.6,12096.6,11874,-29.94,1.186
R9989,pine,-70775.4,12385.4,11192.7,7.95,1.231
R9990,pine,-70040.5,12760.1,10124.3,-16.54,1.004
R9991,pine,-69216.6,12141.3,9829.7,-13.58,1.085
R9992,pine,-68249,12375.7,9378.7,-47.44,1.249
R9993,pine,-67413.6,12673.9,8972.4,-184.82,1.218
R9994,pine,-67062.9,12352.3,8698.4,69.21,1.226
R9995,pine,-65949.6,12231.8,7876.8,-121.63,0.928
R9996,pine,-65328.4,12571.5,7175,75.96,1.157
R9997,elm,-64493.6,12054.8,6535.7,88.48,1.208
R9998,elm,-63757.1,12532.3,6175.9,-228.42,0.895
R9999,poplar,-62838.1,12327.1,5886.5,-212.38,0.937
R10000,pine,-61675.9,12108.3,5555.8,-128.61,0.911
R10001,elm,-61531.9,12147.9,5504.2,-84.69,1.081
R10002,poplar,-60109,12630.1,5190.4,-224.16,0.984
R10003,pine,-59667.2,12626.8,5088,-93.72,1.02
R10004,pine,-59179.2,12640,4768.5,-41.36,1.065
R10005,elm,-58239.3,12774.4,3992.3,-45.74,0.965
R10006,elm,70002.3,12607.6,4246.3,-51.37,1.128
R10007,pine,71816.7,12026.6,4603.1,62.64,1.066
R10008,pine,72237.4,12663.7,4574.2,-183.45,1.247
R10009,elm,72900.9,12414.5,4892.6,12.77,0.906
R10010,pine,73745.4,12583.9,5100.8,-34.3,1.183
R10011,poplar,74999,12539.1,5622.9,26.07,1.12
R10012,pine,75394.6,12643.3,5783.7,-24.66,1.136
R10013,elm,76369.7,12349.2,6046.3,-194.11,0.864
R10014,pine,77522.7,12777.7,6522.3,-223.54,0.978
R10015,elm,79033.1,12489.8,6237.2,-114.21,0.847
R10016,pine,-78928,13214.8,14221.8,82.64,1.015
R10017,pine,-78196.4,13572,14775.5,-98.98,0.957
R10018,pine,-76960,13498.5,13195.6,-26.79,0.834
R10019,pine,-76257.3,13343.5,13274.9,-64.5,1.237
R10020,pine,-75468.1,13140.2,13130.8,-13.4,0.958
R10021,pine,-74555.6,13400.3,12455.2,-218.21,1.104
R10022,pine,-73652.9,12883.3,12844.9,64.38,1.248
R10023,pine,-72827.1,13136.8,13128.2,-99.89,1.088
R10024,pine,-72202.2,13012.6,12796.3,-179.13,0.855
R10025,pine,-71933.4,13043.2,12219.3,-13.09,1.21
R10026,pine,-70905,13184,10764,45.54,1.041
R10027,pine,-69917.3,13141.1,9919.3,-3.64,1.095
R10028,pine,-68816,12964.4,9270.3,-239.92,1.153
R10029,pine,-68711.1,12868.6,9313.8,-58.86,1.009
R10030,pine,-67411.1,13232.4,8696.2,38.38,1.182
R10031,pine,-66869.1,13223.1,8184.7,-211.19,0.87
R10032,pine,-65727.5,13408.2,7408.3,10.57,0.839
R10033,elm,-64958,12848,6799.5,-159.54,0.844
R10034,poplar,-64720.8,13488.2,6475.5,-228.92,1.113
R10035,elm,-63678.4,13550.9,6303.3,-166.23,1.11
R10036,poplar,-62940,13469.4,6274.2,-267.68,0.885
R10037,pine,-62380.3,13359.2,5733.9,6.01,1.173
R10038,pine,-61048.8,13066.1,5368.4,-247.32,1.172
R10039,pine,-60242.6,13351.6,5452.4,-137.38,0.909
R10040,elm,-58871.8,13332.8,4850.7,-179.07,1.079
R10041,poplar,70082,13401.4,4460.2,-23.27,1.154
R10042,pine,71032.6,13313.8,4316.8,-213.3,1.002
R10043,pine,72464.6,12996.7,4600,-187.28,0.913
R10044,pine,73231.7,13062.1,4869.6,-34.75,0.987
R10045,elm,74213.8,13426.8,5185.4,-161.61,0.807
R10046,elm,74416.3,12951.9,5249.4,-209.51,1.042
R10047,pine,75943.8,13005.1,5783.7,-35.65,1.074
R10048,elm,76621.8,12917.1,6066.6,-234.46,0.824
R10049,elm,77141.2,13571.9,6251.5,12.13,1.15
R10050,poplar,78358.1,12914.1,6568.6,-126.82,0.834
R10051,elm,78734.3,12990.1,6429.1,-80.35,1.001
R10052,pine,-77898.1,14106.9,14190.4,-129.7,1.071
R10053,pine,-76522.1,13851.3,13214,-213.18,1.217
R10054,pine,-75958.1,13627.8,13058.8,-63.75,1.066
R10055,pine,-75074.8,13745.9,12451,59.95,0.815
R10056,pine,-72344.6,13783.6,12642.3,-157.09,0.908
R10057,pine,-71972.3,13646.6,12075,-104.53,1.107
R10058,pine,-70449.7,13794.2,10037.8,-231.31,0.815
R10059,pine,-69825.6,13892.3,9620.4,-104.89,0.882
R10060,pine,-69132.3,13945.3,9183.5,-191.36,0.821
R10061,pine,-68353.4,14363.3,8755.3,-63.9,1.232
R10062,pine,-67592.7,13628.8,8671.1,-54.55,0.811
R10063,pine,-66784.8,13648.4,7964.4,54.42,1.101
R10064,elm,-66221.1,13614.6,7787.6,30.7,1.048
R10065,elm,-64911.7,14059.3,6457.2,-249.23,1.033
R10066,poplar,-64387.6,14051.7,6210.7,60.62,0.887
R10067,poplar,-63230,14354.6,6179.6,13.59,0.922
R10068,elm,-63128.8,14129.7,6264.6,74.97,1.039
R10069,elm,-61834.3,14076.5,5538.2,-62.89,1.023
R10070,pine,68708.3,13603.4,3899.6,-161.72,1.035
R10071,pine,69888.1,14163.6,4245.1,-112.56,0.906
R10072,pine,70651.4,14304.8,4477.7,-180.16,1.019
R10073,pine,71246.9,14192.5,4664.1,-211.41,1.123
R10074,elm,72594.8,13761,4520.4,-200.66,1.098
R10075,elm,73047.8,13706.7,4620.3,-214.22,1.101
R10076,pine,73881.5,13635.1,4950.4,-231.78,0.829
R10077,pine,74636.9,13694.4,5341.6,-60.74,0.939
R10078,pine,75225.3,14083.7,5554.1,-48.62,1.005
R10079,poplar,76037.4,13671.3,5900.6,-160.06,1.14
R10080,pine,76987,13838.3,6110.8,-215.45,1.084
R10081,pine,78046.4,13706.4,6225.7,35.81,0.976
R10082,pine,78733.2,13793,6212.3,-266.22,1.033
R10083,elm,79521.1,14092.1,6155,-258.26,1.079
R10084,pine,-79024.4,15061.7,13416.3,-168.14,1.104
R10085,pine,-75289.4,14563.7,12840.6,-207.83,1.184
R10086,pine,-74669.8,15037.8,12984,-161.27,1.239
R10087,pine,-74153,14615.8,12980.1,-255.75,0.922
R10088,pine,-73568.7,14808.6,13574,-94.39,0.875
R10089,pine,-72625,15151.3,12622.1,88.72,0.863
R10090,pine,-71870.5,15048.7,11600.7,40.93,0.935
R10091,pine,-71133.8,14744.8,10546.4,-130.95,1.244
R10092,pine,-69787.4,15074.7,9714.3,-130.3,1.104
R10093,pine,-69442.3,14734.6,9635.8,-217.91,1.009
R10094,pine,-68689.6,14638.5,8870.2,-171.42,1.046
R10095,pine,-67470.8,15070.8,7597.9,67.05,1.001
R10096,pine,-66847,14608,7817.3,42.01,1.063
R10097,elm,-65616.8,14559.8,7370.3,-172.91,0.911
R10098,elm,-64937.1,14788.5,6681.3,41.11,0.815
R10099,pine,-64676.4,14636.4,6465,42.22,0.832
R10100,poplar,-63410.8,14837.6,6235.8,-174.43,0.92
R10101,elm,-62899.5,15029.1,6168.9,-187.27,0.821
R10102,elm,-61814.2,15063,5709.6,-144.64,1.206
R10103,pine,-61173.2,14567.9,5314.3,-124.28,1.146
R10104,pine,-60114,14420.6,5490.9,-177.51,0.948
R10105,elm,69614.6,14722.2,4284.7,64.67,0.88
R10106,elm,70820.1,14405.6,4548.6,88.46,1.044
R10107,pine,71746.9,15134.3,4857.1,-196.41,0.883
R10108,pine,73319.9,14774,4611.7,-3.74,1.062
R10109,poplar,73996.1,15144.5,4355.5,43.29,0.97
R10110,pine,74911.2,15190.2,4777.1,-61.85,1.12
R10111,pine,75789.3,15096.1,5262.2,-82.95,1.152
R10112,elm,76610.8,14461.2,5740,-263.55,0.98
R10113,pine,77352.1,15043.1,5428.9,-73.04,0.831
R10114,elm,78145.6,14489.4,5954.2,-81.36,1.094
R10115,pine,78908.3,15034.4,6262.8,-182.4,0.957
R10116,pine,-79520.7,15847.3,12998,-22.15,1.184
R10117,pine,-78679.8,15875,14135.1,-124.89,0.879
R10118,pine,-76430.2,15632.8,13612.1,-164.14,1.136
R10119,pine,-75731.6,15303.5,13613.5,-50.63,1.197
R10120,pine,-74517.3,15864.4,14060.8,-247.2,1.244
R10121,pine,-73638.2,15830.7,13913.6,-153.06,1.124
R10122,pine,-73583,15502.1,13992.5,-231.29,1.019
R10123,pine,-72433.6,15524.5,12449.8,36.86,0.882
R10124,pine,-71891.5,15214,11602.3,-66.5,0.88
R10125,pine,-70964.5,15672,10587.8,-190.83,0.94
R10126,pine,-70243,15462.9,9955.6,75.22,0.936
R10127,pine,-68774.9,15486.3,8656,-130.9,1.063
R10128,elm,-67724.6,15939.4,7798.2,-254.66,1.148
R10129,pine,-66591.2,15280.2,7706.7,87.41,0.991
R10130,pine,-65685.1,15240.7,7674.4,-7.66,1.052
R10131,pine,-64984.1,15886.7,7123.9,-171.61,1.173
R10132,elm,-64366,15473.9,6831,-40.61,0.925
R10133,poplar,-63673.6,15716.5,7006.2,-109.77,0.818
R10134,pine,-62711.8,15421.6,6441,-252.2,0.918
R10135,elm,-61950.3,15855.1,6369.5,-93.91,1.062
R10136,pine,-60316.6,15210.6,6027.1,83.46,1.053
R10137,pine,69566.6,15765.3,4302.4,75.13,0.811
R10138,poplar,70144.7,15302.6,4558.7,14.65,1.083
R10139,pine,70965,15459.7,4694.9,-89.19,0.891
R10140,pine,71966.9,15206,4843.4,-17.89,1.187
R10141,elm,72406.7,15359.9,4668,-11.23,1.149
R10142,pine,73380.7,15597.5,4260.6,-31.83,1.242
R10143,pine,75967,15962.9,4855,-66.42,0.961
R10144,pine,76709.6,15633.2,5264.7,-46.95,0.864
R10145,elm,77583.6,15935.5,5339.3,-240.85,0.822
R10146,pine,78076.2,15849.4,5593.6,-83.2,0.977
R10147,elm,79013.2,15714.4,6145.1,-37.11,1.082
R10148,pine,-79105.2,16711.9,13803.5,-37.86,0.813
R10149,pine,-78068.8,16506.7,14820.2,-226.85,1.107
R10150,pine,-77089.3,16114.2,14525,-192.46,0.802
R10151,pine,-76057.7,16740.3,14462.5,-161.19,1.093
R10152,pine,-75709.5,16728,14496.9,-232.25,0.924
R10153,pine,-74691.7,16505.1,14578.6,-132.69,1.057
R10154,pine,-73606.2,16415.6,13757.3,46.64,1.011
R10155,pine,-72944.3,16240.7,13220.3,-242.55,1.08
R10156,pine,-72523.7,16638.3,12409.6,-172.38,0.977
R10157,pine,-71043.5,16077.6,10995.5,54.7,0.873
R10158,pine,-69388.9,16690.3,9679.4,15.36,1.229
R10159,pine,-68182.8,16229.2,8271.2,-113.92,1.131
R10160,pine,-67324.1,16787.1,7978.2,-184.78,0.945
R10161,elm,-66807.2,16507.6,7618.9,-265.72,1.206
R10162,pine,-66128.2,16571.8,7255.2,-75.53,1.09
R10163,elm,-65438.5,16257.5,7268.1,-260.36,0.95
R10164,pine,-64328.2,16036.5,6977.6,-250.18,1.142
R10165,elm,-63670.3,16332.3,7135.9,-104.48,0.825
R10166,elm,-63112.1,16149.2,7115.8,-120.36,0.965
R10167,pine,-62122.4,16462.5,7033.3,-44.21,1.02
R10168,pine,-61259,16144,6651.8,-256.28,1.088
R10169,elm,70739.9,16429.9,4559.8,-153.64,1.141
R10170,pine,71376.1,16197.3,4654.1,23.03,0.853
R10171,pine,73359.8,16403.3,4268.1,-242.2,1.031
R10172,pine,73726.6,16402,4156,-129.23,1.11
R10173,elm,75016.5,16772.3,4286.7,-140.37,1.17
R10174,elm,75665.3,16343.8,4637.2,40.66,0.955
R10175,pine,76280.9,16762.5,4873.4,-194.36,0.945
R10176,poplar,77294.3,16753.1,5406.9,-265.07,0.919
R10177,pine,77616.7,16798.7,5537.4,-244.24,1.245
R10178,elm,78957.9,16038.5,5978.8,-147.44,1.095
R10179,elm,79485.1,16204.4,5879.6,89.57,1.099
R10180,pine,-78863.7,16882.9,13955.6,-66.73,0.892
R10181,pine,-78077,17155.2,15249.9,67.24,0.987
R10182,pine,-77243,17120.1,15598.1,-162.63,1.119
R10183,pine,-76168.9,17319.3,15207.8,-222.1,0.838
R10184,pine,-75809,17379,14819.2,-59.51,0.944
R10185,pine,-74430.7,17492.7,13335,-150.24,1.06
R10186,pine,-74058.8,17391.3,13494.2,-50.28,0.901
R10187,pine,-73136.6,17599.4,12884.5,-108.01,1.038
R10188,pine,-71597,17158.2,11592.1,-69.3,0.893
R10189,pine,-70042.4,16864.1,9942.1,0.93,0.857
R10190,pine,-68802.7,16905.1,8859,45.15,1.181
R10191,pine,-68077.1,17198.5,8160.3,-148.82,0.821
R10192,pine,-67404.2,17542.6,7832,-17.29,1.17
R10193,pine,-66985.8,17031.3,7549.4,29.78,0.937
R10194,poplar,-65816.7,16980.1,7184.6,-79.51,1.162
R10195,pine,-65202.2,17565.4,8044.9,-19.56,1.047
R10196,pine,-64138.1,17491.8,8045.2,-34.72,1.011
R10197,elm,-63445.1,16845.2,7325.9,-77.39,0.826
R10198,pine,-62976.2,17030.4,7534.9,-120.94,0.888
R10199,poplar,-62291.1,17193.6,7506.8,0.05,0.915
R10200,pine,70935.5,16800.8,4310.9,-131.68,0.923
R10201,pine,75481.3,17374.5,4542,-189.32,0.82
R10202,elm,76273.4,17441.1,4850.2,0.49,1.126
R10203,elm,77567,17030.6,5668.8,7.25,1.072
R10204,pine,77643.7,16895.6,5623.1,-186.53,1.169
R10205,elm,78491.3,17495.3,5561.6,-104.18,1.067
R10206,pine,79592,17400.3,5888.1,68.92,0.858
R10207,pine,-77800.3,18360.4,16001.8,-200.47,1.07
R10208,pine,-77429.7,17989.9,16032.1,-54,1.193
R10209,pine,-75463.8,17882.3,13899.1,-206.8,0.955
R10210,pine,-74906.7,17944.8,13015.4,-155.07,1.075
R10211,pine,-73808.8,17866.4,13164.7,-95.52,0.969
R10212,pine,-73461.9,18288.1,13030.2,-83.12,1.224
R10213,pine,-72715.8,17885.2,13165,50.98,0.978
R10214,pine,-71776.9,18281.6,12484.6,79.83,0.852
R10215,pine,-70708.4,17692.2,10896.1,-89.96,0.805
R10216,pine,-69688.7,17670.6,9738.9,-161.41,1.217
R10217,pine,-69152.4,18330.2,9503.7,-185.57,0.846
R10218,pine,-67442.8,18233.1,8020.9,-231.79,1.236
R10219,pine,-67047.2,17659.1,7607,-260.5,1.065
R10220,pine,-65988.3,17702.3,7816.3,-120.2,1.203
R10221,pine,-65583.8,17631.5,7885.4,-2.62,0.913
R10222,pine,-64580,17840.7,8531.3,67.03,1.073
R10223,pine,-62385.7,18253.2,7286.9,-83.28,1.051
R10224,pine,-59723.1,17747,4894.2,-193.55,0.986
R10225,elm,74553.3,17850,4599.2,-201.44,0.804
R10226,elm,75335.4,17633.2,4658,-186.16,0.905
R10227,pine,76127.1,17774,4872.6,-135.42,1.12
R10228,pine,77391.3,18175,5532.6,-102.72,0.81
R10229,pine,78041.6,18320.8,5679.9,-234.21,1.245
R10230,elm,78899.3,17739.5,5599.7,-130.37,1.212
R10231,pine,-77522.2,18677.2,15595.9,-58.21,0.811
R10232,pine,-76490.6,18746.8,14770.5,83.2,1.22
R10233,pine,-75692.4,18406.6,13458.4,-207.66,1.184
R10234,pine,-74478.9,18900,12148.2,-191.28,0.9
R10235,pine,-73797.8,18835.8,12220,-208.97,1.159
R10236,pine,-73431.2,19025.5,12145.1,-54.63,1.089
R10237,pine,-72083.1,19154.2,13054,-89.07,1.022
R10238,pine,-71700.7,18514.3,12374.7,-35.87,1.019
R10239,pine,-71105.1,18873.5,12355.8,-58.94,1.237
R10240,pine,-70204.9,18865.1,11412.9,-265.72,0.868
R10241,pine,-69205.9,18408.7,9624.5,3.11,0.876
R10242,pine,-68354,18829.1,8617.6,-230.18,1.035
R10243,pine,-67517.6,18803.1,8255.9,-248.48,0.812
R10244,pine,-66549.3,18828.1,8287.8,-30.3,0.834
R10245,pine,-65749.1,18560.7,8140.9,-96.43,1.032
R10246,pine,-65215.2,18789.5,8546.1,-181.52,1.018
R10247,pine,-64370.1,18908.2,8782.2,57.51,0.885
R10248,pine,-63396.4,18646.8,8228.3,82.96,1.081
R10249,pine,-63158.7,19171.7,7546.5,-144.43,0.925
R10250,pine,-61516.5,18843.4,6131.9,-36.59,1.214
R10251,pine,75557,18598.5,5159.7,-94.26,0.939
R10252,poplar,76113.7,18793.8,5350.4,-207.49,1.075
R10253,poplar,76852.3,18601.1,5627.6,-251.87,0.948
R10254,elm,78274.7,18981.3,5985.8,-88.95,1.012
R10255,pine,78687.6,18416.6,5873.5,65.78,1.191
R10256,pine,-78860.7,19694.4,14939.1,13.05,1.159
R10257,pine,-77727.5,19909,13831.2,-106.98,1.126
R10258,pine,-77116.4,19726.4,13931.3,-240.33,1.197
R10259,pine,-76230.3,19665.1,13685.3,-224.93,1.151
R10260,pine,-75729.2,19452.8,13254.5,46.41,1.051
R10261,pine,-74474.9,19668.6,12547.1,59.86,1.2
R10262,pine,-74063.1,19387.3,12383.1,-186.05,1.139
R10263,pine,-73130.7,19731.1,12397,-18.62,0.934
R10264,pine,-72024.3,19357.8,13280.7,-242.99,1.029
R10265,pine,-71860.8,19371.9,12997.9,47.8,1.062
R10266,pine,-71154,19749.2,12356,-66.87,0.871
R10267,pine,-69753.5,19896,11820.4,-149.69,0.962
R10268,pine,-69084.7,19772.5,10231.1,-48.46,0.926
R10269,pine,-68716.6,19935.3,9683.7,-265.12,1.249
R10270,pine,-67566.1,19739.3,8618.8,21.42,0.861
R10271,pine,-66767.6,19504.9,8915,26.61,0.998
R10272,pine,-65054.3,19968.5,9157.7,12.35,1.111
R10273,pine,-64011.7,19972.4,8007.2,-2.54,0.917
R10274,pine,-63950.5,19203.1,8370,69.32,0.906
R10275,pine,-63071.2,19704.7,7154.3,-30.19,1.051
R10276,pine,76694.1,19555.3,4884.7,-133.43,1.104
R10277,pine,77586.6,19738.3,5328.5,-115.71,0.813
R10278,pine,78163.1,19308.2,6028.5,-38.12,0.985
R10279,pine,79133.6,19970.1,5976.4,49.24,0.968
R10280,pine,-78670.3,20483.4,13644.4,-241.87,1.165
R10281,pine,-78009,20087.1,13649.6,-266.62,0.9
R10282,pine,-77233,20459,13304.1,23.49,1.173
R10283,pine,-76663.2,20144.9,13563.2,-82.92,0.832
R10284,pine,-75333.3,20747.5,13311.5,59.12,1.179
R10285,pine,-74922.3,20131.3,13108.9,-13.62,1.178
R10286,pine,-73647,20659.2,12141.2,-22.42,1.214
R10287,pine,-72988.6,20709.6,12759.5,-240.01,0.859
R10288,pine,-72587.6,20317.6,13125.6,-55.75,1.059
R10289,pine,-71466.9,20593.8,12051,-26.58,0.975
R10290,pine,-70865.2,20358.7,11981.8,85.01,1.126
R10291,pine,-69728.5,20050.1,11582.7,69.84,1.009
R10292,pine,-69184.3,20600.9,10703.4,-228.34,0.929
R10293,pine,-68136.9,20586,9761.8,-82.97,1.116
R10294,pine,-67300.5,20411.4,9594.4,-31.13,1.067
R10295,pine,-65756.7,20639.1,9872.3,-61.96,0.944
R10296,pine,-65254.1,20482.9,9222.6,-24.77,1.217
R10297,pine,-63783.3,20786,7610.1,-255,1.216
R10298,pine,-62936.7,20221.6,6716.2,-58.26,1.144
R10299,pine,79323.3,20749.9,4697.6,-90.96,0.825
R10300,pine,-78501.7,21039.4,13462.7,9.02,1.105
R10301,pine,-77914.8,21126.6,13155,-79.85,0.8
R10302,pine,-77546.1,21389.1,13128.9,-262.61,0.942
R10303,pine,-76305.3,21288.5,13091.9,-207.08,1.22
R10304,pine,-75856.7,21442.8,13401.9,-173.12,0.889
R10305,pine,-75109.1,21047.7,12709,80.29,1.022
R10306,pine,-73732.3,21385.6,12004.2,-41.75,0.874
R10307,pine,-73106.3,21270.8,11913.5,71.44,0.968
R10308,pine,-72771.2,21138.4,11971.2,-263.44,0.955
R10309,pine,-71587.9,21312.7,11403.2,75.73,0.826
R10310,pine,-71081.8,21266.4,10913.7,43.39,1.018
R10311,pine,-69618.2,20875.5,10915.8,-6,1.127
R10312,pine,-69207.9,21495.1,10737.1,-37.21,1.059
R10313,pine,-68031.2,21156.9,10369.5,-79.13,1.233
R10314,pine,-67248.8,20916.9,10163.5,-51.95,1.217
R10315,pine,-66773.9,21313.3,10464.8,-136.33,1.034
R10316,pine,-65528.2,21434.5,8835.7,67.62,1.107
R10317,pine,-64642.1,21027,8024.2,-138.38,1.125
R10318,pine,-63208.5,20801.2,7018.2,-40.14,0.857
R10319,pine,-78729.8,21979.9,13053.3,-188.34,1.019
R10320,pine,-78066.8,21816.3,12799.1,-236.19,0.86
R10321,pine,-76907.9,22309.7,12601.5,-80.19,0.889
R10322,pine,-76607.3,21685.1,12947.4,-107.77,1.099
R10323,pine,-75368.6,22222.2,13580.5,8.73,0.818
R10324,pine,-74719.5,22051.1,12330.4,-187.74,1.073
R10325,pine,-74197.5,22001.3,12022.8,-117.56,0.899
R10326,pine,-72896.6,21655.3,11475.3,-241.81,0.93
R10327,pine,-72096.7,21654.6,11243,-104.12,0.935
R10328,pine,-71578.3,21907.6,10516.5,-169.07,1.249
R10329,pine,-70460.5,22335.8,10394.3,-244.55,0.802
R10330,pine,-69942.2,21873.5,10732.2,-33.53,0.998
R10331,pine,-69320.9,22080.7,10711.1,-29.44,0.922
R10332,pine,-68239.5,21718.1,10364.1,29.72,1.203
R10333,pine,-66622.1,21852.4,10111.1,-67.78,1.192
R10334,pine,-66112.2,22002.9,9351.2,80.89,0.911
R10335,pine,-65193.6,22133.4,8111.2,-227.06,0.911
R10336,poplar,-64644.1,22122.2,7681.8,2.95,1.006
R10337,pine,-79236.1,22735,12109.8,-132.74,1.186
R10338,pine,-78925.2,22411.5,12595.3,49.88,1.188
R10339,pine,-78014.1,23187.2,12044.5,-66.66,0.955
R10340,pine,-76992.7,22620.4,12687.6,9.11,1.206
R10341,pine,-76224.1,22690.8,12840.7,-54.37,0.954
R10342,pine,-75722.2,23081.1,12934,-29.76,0.843
R10343,pine,-75088.1,22927.2,12747.1,-57.87,1.117
R10344,pine,-74334.3,22985.1,11994.1,-64.55,1.162
R10345,pine,-73226,23090.6,10967.3,-6.2,0.937
R10346,pine,-72064.3,23110.5,10264.3,-110.82,1.009
R10347,pine,-71769.9,22669.6,10233.8,-157.55,1.138
R10348,pine,-70746.2,22743,10090.4,-41.38,1.171
R10349,pine,-69809.1,22980.7,10651.3,-215.61,0.958
R10350,pine,-69030.1,22994.8,10694.3,-218.61,0.903
R10351,pine,-68079.2,22751.1,10012,29.28,0.858
R10352,pine,-67772.1,22977.4,9456.2,-232.97,1.092
R10353,pine,-66961.1,23020.3,8467.9,-244.79,1.208
R10354,pine,-65432.4,22816.4,7929.8,-50.02,0.809
R10355,pine,-63338.7,23095.3,6607.9,-164.18,0.977
R10356,pine,-78638.7,23460.7,11637.9,-127.55,0.87
R10357,pine,-77828,23396.4,11971.4,-26.01,1.142
R10358,pine,-77032.6,23899.1,12253.2,-18.4,1.118
R10359,pine,-76416.8,23831.1,11939.9,-163.44,1.126
R10360,pine,-75280.8,23412.6,12355.7,-247.8,1.038
R10361,pine,-75007.3,23349.7,12049.4,-212.58,0.948
R10362,pine,-73734.2,23694.8,10777.6,-55.52,0.834
R10363,pine,-72955.2,23994.7,10449.1,-253.21,1.193
R10364,pine,-72652.7,23508.4,10845.5,82.41,0.816
R10365,pine,-71360.4,23514.9,10327,-18.74,1.208
R10366,pine,-70794.1,23259.2,10177.1,9.72,1.014
R10367,pine,-70157.1,23458.1,10668.2,-192.99,1.223
R10368,pine,-68863.9,23391,10441.9,-51.72,0.972
R10369,pine,-68722.5,23910.6,9804.4,4.27,0.941
R10370,pine,-67975.6,23362.1,9255.4,20.16,0.823
R10371,pine,-66703,23379.3,7981.4,-172.7,1.045
R10372,pine,-66208.2,23313.8,7911.5,-213.25,1.168
R10373,elm,-64955,23248.4,7155.9,-69.73,0.916
R10374,pine,-64091.2,23454.3,6460.4,7.36,1.181
R10375,pine,-79296.4,24092,10885.7,32.16,0.839
R10376,pine,-79192.7,24266.8,10897.5,-125.99,1.24
R10377,pine,-77995.4,24690.6,11203.6,-259.17,1.049
R10378,pine,-77114.5,24010.1,12176.8,-191.89,1.23
R10379,pine,-76124.2,24562.1,12347.4,-183.76,0.992
R10380,pine,-75896.1,24776.5,12136.3,-74.08,0.963
R10381,pine,-75199.9,24603.5,11449.1,-219.81,0.929
R10382,pine,-73620.8,24410.7,10108,0.65,1.026
R10383,pine,-73414.9,24315.3,10159.9,-90,0.916
R10384,pine,-72614,24359.2,10271.7,-137.76,0.811
R10385,pine,-71665.7,24649.4,10243.9,-235.88,0.802
R10386,pine,-71182.3,24709.1,10027.7,-233.4,1.14
R10387,pine,-69893.6,24101.3,9894.5,-209.68,0.891
R10388,pine,-69246.4,24686.9,9585.7,-161.06,1.003
R10389,pine,-68138.4,24015.2,8948.2,-199.76,0.853
R10390,pine,-67731.3,24393.9,8334.3,-259.83,0.82
R10391,pine,-67195.3,24775.5,7366.9,-193.37,0.902
R10392,pine,-66308.6,24527.7,6686.1,-139.54,1.184
R10393,pine,74448.5,24459.2,3738.2,4.62,1.207
R10394,pine,-79337.1,24983.4,10588.5,-203.48,0.903
R10395,pine,-79051.4,24984.6,10676.7,-268.26,1.026
R10396,pine,-77668.9,25052.9,10903,63.81,0.888
R10397,pine,-77258.3,24967.5,10926.6,-2.96,1.033
R10398,pine,-76201.8,24873.6,12279.3,-154.96,0.839
R10399,pine,-75600.2,25375.1,12053.4,-171.27,1.123
R10400,pine,-74652.3,24886.1,10683.9,-108.72,1.096
R10401,pine,-73883.3,25130.3,9892.8,-190.34,1.208
R10402,pine,-73139.2,24807.4,10184.4,-67.73,0.89
R10403,pine,-72167.7,25450.8,9964.2,-126,0.918
R10404,pine,-71358.9,25501.8,9578.9,-101.78,0.936
R10405,pine,-70422.4,24946.8,9665.6,-19.96,0.821
R10406,pine,-69067.1,24967.3,9170.9,-132.97,1.067
R10407,pine,-68168.7,25020.3,8930,68.77,1.185
R10408,pine,-67705.5,25576.5,8061.2,-90.9,1.12
R10409,pine,-66853.3,24884.2,7038.6,-165.29,0.811
R10410,pine,-65791.4,25408.4,6250.5,-25.46,0.841
R10411,pine,-65569.8,25556,6414,-263.76,1.229
R10412,elm,-64501.8,25454.2,6165.4,46.38,0.838
R10413,pine,75662.8,25191.8,4686.9,-252.9,1.105
R10414,pine,-79458.4,26164.7,10893,-113.31,1.02
R10415,pine,-79108.1,25925.7,10447.6,-5.75,0.818
R10416,pine,-78150.8,26131.2,10228.1,28.03,0.925
R10417,pine,-77289.2,25945.8,10508.3,-154.6,1.142
R10418,pine,-76563.3,26370.8,10874.1,-247.82,0.942
R10419,pine,-75542.3,25817.1,11285.4,-46.69,1.092
R10420,pine,-74748.6,26393.4,10237.9,-182.58,1.224
R10421,pine,-73678.5,26353.9,9697.6,30.95,1.029
R10422,pine,-73142.7,25869.2,9629.9,-99.42,1.057
R10423,pine,-72613,26037.6,9684.4,-264.25,1.198
R10424,pine,-71392.3,26193.5,9480.8,37.18,0.973
R10425,pine,-70955.9,26388.4,9749.8,-104.18,1.029
R10426,pine,-70330.4,26344,9539.9,-237.88,1.137
R10427,pine,-68041.6,26302,7767.1,-124.11,0.948
R10428,elm,-67501.5,25692.1,7781,-122.07,0.855
R10429,poplar,-66501.2,25621.9,6621,-123.98,1.034
R10430,pine,-65885.3,26278.7,6541.4,-132.9,0.811
R10431,elm,75835.5,25731.8,5767.8,-147.08,1.208
R10432,pine,-78487.1,26628.5,10466.8,-33.47,1.051
R10433,pine,-78078.4,26451.4,10346.3,78.56,1.019
R10434,pine,-76923.2,26892.4,10026.4,-192.38,1.086
R10435,pine,-76360.4,27196.6,9871.6,-199.47,0.933
R10436,pine,-75251.5,27066.3,10654.1,-18.74,0.899
R10437,pine,-74761.7,26584.2,10163.2,-43.48,1.026
R10438,pine,-73994,26632.5,9741.6,-241.51,0.851
R10439,pine,-73320.6,26741.8,9452.9,55.58,0.999
R10440,pine,-72436.2,26561,9360.8,-259.2,1.074
R10441,pine,-71220.5,26594.6,9651.1,-57.86,1.007
R10442,pine,-70896.4,26710.6,9575,-251.59,0.85
R10443,pine,-69950.9,26419,9476.9,-46.28,0.991
R10444,pine,-68940.3,26810.3,8259.1,14.45,0.95
R10445,poplar,-68122.5,26597.5,7584.1,-47.27,1.174
R10446,pine,-67332.3,27187.4,7729.1,-179.92,0.885
R10447,pine,-67030.1,26636.7,7261,65.54,0.989
R10448,poplar,-65960.2,26928.6,6934.8,49.93,1.159
R10449,pine,-65009.2,26759.4,7271,47.88,1.077
R10450,poplar,-64556.7,27029.4,7106.4,77.22,0.991
R10451,pine,-60204,27012.5,4531.8,-201.77,1.022
R10452,poplar,74527.3,26652.4,5443.4,-123.78,0.942
R10453,pine,75670.1,26612.2,5696.2,68.96,1.181
R10454,pine,77308.6,27128.3,6260.6,-161.17,0.918
R10455,pine,-79249.2,27364.2,10684.3,-126.5,1.136
R10456,pine,-78873.4,27957,10221.9,-44.88,1.029
R10457,pine,-78205.9,27331.4,10283.8,53.97,1.048
R10458,pine,-76845.8,27601.3,9590.1,-159.5,1.027
R10459,pine,-76685.3,27821.5,9439.6,-231.92,1.194
R10460,pine,-75230.8,27303.6,10676.6,-7.24,0.86
R10461,pine,-75039.7,27646.4,10727.9,7.81,1.001
R10462,pine,-74315.7,27720.1,10525,-104.02,1.006
R10463,pine,-73162.5,27218.1,9101.5,-147.91,0.832
R10464,pine,-72290,27818.3,9278,-147.61,0.861
R10465,pine,-71702.6,27760.9,9339.4,-116.72,0.801
R10466,pine,-71102.8,27226,9378.7,21.34,0.825
R10467,pine,-70294.9,27778.5,9042,38.26,0.931
R10468,pine,-69050.8,27435.9,8421.7,-88.87,0.9
R10469,elm,-68178.8,27569,7670.1,-11.91,0.814
R10470,pine,-67405.1,27957.7,8072.1,-141.11,0.959
R10471,elm,-65712.8,27447.4,7182,-217.84,0.903
R10472,elm,-65516.6,27885.3,7210.3,61.89,0.96
R10473,pine,-64318.8,27335.1,7080.1,-137.75,1.099
R10474,elm,-63617.1,27451.4,7023.3,-42.54,1.155
R10475,elm,-62234.1,27839.2,6423.4,36.6,1.08
R10476,elm,-60595.7,27856.1,5143.7,9.68,1.249
R10477,poplar,76736.6,27299.3,6017.7,-106.51,1.177
R10478,elm,77521.6,27278.3,6263.5,-165.98,0.916
R10479,pine,-79129.3,28674.1,10508.9,68.06,0.885
R10480,pine,-78359.8,28062.3,9911.2,13.71,0.968
R10481,pine,-76942.6,28404.4,9454.2,-80.64,0.939
R10482,pine,-76329.1,28184.4,9400.4,-265.85,1.102
R10483,pine,-75203.8,28216.3,10406.1,-117.99,0.883
R10484,pine,-74866.6,28005.6,10715.2,-265.71,0.961
R10485,pine,-73743.1,28217.1,10267.4,-219.87,0.984
R10486,pine,-73126.3,28047.6,9707.8,-170.5,0.809
R10487,pine,-72269.1,28331.5,9522.5,87.48,0.894
R10488,pine,-71751.2,28419.1,9390.2,-183.51,1.059
R10489,pine,-70819.2,28725.7,9035.4,45.75,0.897
R10490,pine,-70353.3,28733.8,8753.6,-236.82,0.898
R10491,pine,-68201.2,28401,8289.8,-102.76,1.189
R10492,pine,-67316.5,28453.2,8291.9,37.73,1.147
R10493,poplar,-66429.5,28034.7,7365.9,-113.12,0.95
R10494,poplar,-65847,28176.9,7155.4,48.31,1.192
R10495,pine,-65461.1,28189.6,7217.8,-224.03,0.961
R10496,elm,-64401.2,28361.7,7475.2,-240.44,1.219
R10497,elm,-63805.7,28084.3,7375.9,73.22,1.227
R10498,pine,-62589.2,28733.2,6296.3,14.02,0.942
R10499,elm,-62037.5,28677.8,6133.6,-189.68,1.029
R10500,poplar,74620.7,28668.1,4988.5,-137.03,1.03
R10501,pine,76331.9,28502.3,6107.8,-65.21,1.056
R10502,pine,-79218.5,29562.7,10097.4,31.99,1.191
R10503,pine,-78886.3,29213,9817.1,72.36,0.831
R10504,pine,-78240.6,29274.1,9270.3,64.54,1.076
R10505,pine,-77537.4,28901.2,9189.8,-172.48,0.805
R10506,pine,-76076.4,29422.4,9366.8,62.41,0.871
R10507,pine,-75956.3,29360.8,9256.2,89.69,1.187
R10508,pine,-74811.1,28979.6,9577,-124.64,1.083
R10509,pine,-73638.9,29197.1,10130.4,-216.55,0.809
R10510,pine,-73599.9,29509.4,10022.7,16.63,0.802
R10511,pine,-72652.8,29062.3,10003.1,-238.19,1.025
R10512,pine,-71381.7,29034.1,8763.7,54.93,1.011
R10513,pine,-70863.4,29066.7,8696.9,25.28,0.961
R10514,pine,-69828.7,29150.2,8455.4,23.84,0.852
R10515,pine,-69333,29443.1,8336.1,-134.96,0.896
R10516,pine,-68671.7,29469.9,8046,-105.81,1.081
R10517,pine,-67891.4,29158.6,8474.8,-163.76,1.066
R10518,pine,-66571.2,29414.8,8007,16.07,0.842
R10519,pine,-66245.8,28845.6,7598.6,-103.37,1.139
R10520,pine,-64910,29532.5,6839.7,-85.56,1.027
R10521,pine,-64156.2,29262.5,6786.9,-248.02,1.17
R10522,pine,-63497.5,29062.3,6813.1,-69.13,1.1
R10523,pine,-61798.7,29598.3,5464.2,-110.84,0.911
R10524,pine,-61097.2,28854.3,5300,-239.97,1.194
R10525,pine,-60517.6,29207.8,4309.4,-185.37,0.813
R10526,pine,66749.4,29534.4,4381.9,-215.72,0.965
R10527,elm,73813.1,28866,4908.8,17.99,0.854
R10528,pine,75680.6,29066.3,5490.2,-102.46,0.941
R10529,elm,76274.8,29139.6,5905,33.54,0.99
R10530,pine,77034.3,28925.4,6274.9,-64.12,0.92
R10531,pine,78829.2,29475.2,6766.4,-236.9,1.128
R10532,pine,-79302.9,30059.5,10470.2,-259.85,1.069
R10533,pine,-78470.3,30240.4,9831.3,-38.12,0.809
R10534,pine,-77904.9,29604.6,9143.5,-87.81,1.244
R10535,pine,-77434,29915.1,9519,-69.75,0.841
R10536,pine,-76572.5,29940.4,9006.7,-178.6,0.866
R10537,pine,-75059.7,29699.3,9199.8,-161.37,0.812
R10538,pine,-72261,29954.9,9165.2,76.64,1.017
R10539,pine,-71427.4,30109.8,8148.7,26.78,1.212
R10540,pine,-70747.8,29980.5,8127.5,-85.72,0.913
R10541,pine,-69744.9,30169.3,8053.9,-5.77,1.005
R10542,pine,-69185.8,30141.5,8094.1,-33.1,0.908
R10543,pine,-68025.6,30219.8,8131.4,-53.27,0.915
R10544,pine,-67690.4,30162.8,8250.5,2.92,1.162
R10545,pine,-67141,30378.8,8291.2,-95.57,1.149
R10546,elm,-65943.1,30163.3,7238.5,-237.46,1.047
R10547,pine,-65065.9,29726.3,6810.2,-110.37,0.955
R10548,elm,-64404.8,30128.6,6549,-38.46,0.804
R10549,elm,-63673.8,30077,6368.5,-154.93,1.086
R10550,pine,-62938.7,30235.1,6049.9,-115.06,1.094
R10551,pine,-62314.2,29776.1,5757,9.34,0.888
R10552,elm,-61240.6,30068.6,4598.6,-103.79,1.185
R10553,pine,74500.7,30008.9,5052.8,-39.44,0.97
R10554,pine,75907.6,29661,5560.5,-255.49,0.976
R10555,pine,78340.2,29821.6,6477.2,-183.96,0.873
R10556,elm,78623,29919.9,6546.5,-6.43,0.997
R10557,pine,-79159.6,30783.8,10322,-130.78,0.842
R10558,pine,-78147.9,30994.2,10030.4,-55.64,1.106
R10559,pine,-70353.1,30921.3,8119.2,-157.35,0.886
R10560,pine,-69438.8,30920.9,8075.7,-85.57,1.168
R10561,pine,-68183.6,30943.2,8054.8,-101.87,0.908
R10562,pine,-67938.2,31088.3,8018.5,-167.64,1.107
R10563,pine,-66809.5,30586.7,8301.8,-70.46,1.004
R10564,elm,-66126.8,30929.7,7425.3,-0.6,1.014
R10565,elm,-65285.3,30984.4,6777,71.62,1.241
R10566,pine,-64287.1,30953,6342.5,-109.09,1.08
R10567,poplar,-63781.8,30569.1,6392,-86.07,0.839
R10568,elm,-61845.3,30617.7,5019.2,54.94,1.07
R10569,pine,-61343.9,31138.8,4520.5,-43.41,1.044
R10570,elm,66557.9,30904.1,4194.1,-208.78,1.051
R10571,pine,-70683.7,31341.6,8164.1,-74.12,1.223
R10572,pine,-68931.9,31326.2,8222,68.39,0.946
R10573,pine,-68582.6,31525.3,8406.9,-244.59,0.96
R10574,pine,-67801.1,31786.5,8512.5,-18.43,1.192
R10575,pine,-66639.3,31879.9,7946.9,-132.36,1.031
R10576,pine,-65791.1,31982.5,7310.7,-0.49,0.869
R10577,pine,-64926.1,31700,6588.5,-269.82,0.97
R10578,pine,-64210.1,31259.5,6225.9,-225.05,0.942
R10579,elm,-63363.3,31537.8,6015.1,-232.62,1.209
R10580,pine,-62765,31833.4,5387.3,-139.06,0.95
R10581,pine,-60818.3,31296,4208.4,84.26,1.249
R10582,pine,78605.9,31211.1,6569.1,-161.05,0.968
R10583,pine,-78413.2,32101,10158.1,12.17,1.135
R10584,pine,-78309,32051.7,10090.6,-177.95,0.82
R10585,pine,-70839.2,32742.8,8446.3,-176.97,1.19
R10586,pine,-69892,32396.2,8007.7,-187.55,1.042
R10587,pine,-69066.1,32516.7,8064.8,-36.72,1.238
R10588,pine,-68308.3,32262.6,8353.8,-170.77,0.84
R10589,pine,-67393.5,32240.8,8255.2,-145.7,0.939
R10590,pine,-66861.5,32542.1,8041.1,-93.34,1.089
R10591,elm,-65445,32121.2,7111.1,-202.87,1.143
R10592,elm,-64312,32485.2,6184.3,-72.94,1.026
R10593,elm,-63304.5,32447.2,5616,-104.33,1.238
R10594,pine,-62942.2,32754,4976.2,15.75,1.239
R10595,elm,-61581.2,32039.5,4345,38.22,1.106
R10596,pine,-70701.6,33010.1,8351.1,-61.75,0.979
R10597,pine,-68887.2,33361.6,7856.4,-21.56,0.868
R10598,pine,-68164.4,33380.5,8000.4,-28.69,1.248
R10599,pine,-67469,33314.6,7997.7,-68.7,1.208
R10600,elm,-66624.2,32830.8,7742.1,-178.39,1.067
R10601,pine,-66328.6,32902.4,7568.3,-112.11,1.048
R10602,pine,-65323,33097.9,7231.8,-14.61,0.868
R10603,elm,-63288.3,32845.6,5349.4,-41.72,1.007
R10604,pine,-62581.6,33529.3,4308,58.33,1.045
R10605,pine,-78313.1,33775.1,11044.3,-125.34,1.167
R10606,pine,-76406.5,34127,8616.9,-49.54,1.209
R10607,pine,-69027.2,33608.2,7721.1,-213.81,1.049
R10608,pine,-68637.1,34341.5,8016.3,80.76,1.224
R10609,elm,-65655.9,33670.3,7657.5,-213.33,0.831
R10610,pine,-65388.2,33887.6,7427.4,-137.64,1.049
R10611,elm,-62817,34008.4,4427.3,-173.18,0.903
R10612,elm,70640.3,33763.7,5600,16.43,1.006
R10613,pine,-79303.5,34693.9,11176.9,-148.82,0.833
R10614,pine,-77562.2,34627.4,9656.9,-15.49,1.19
R10615,pine,-68163.4,34982,7884.1,54.27,0.849
R10616,pine,-67631.2,34430.4,7882.4,-63.21,1.236
R10617,pine,-67071.6,34744.8,8105.5,-199.03,1.229
R10618,elm,-64839.2,34683.9,6240.8,-68.43,0.82
R10619,pine,-64756.2,34928.8,5839.4,-151.71,1.017
R10620,elm,-63544.6,34782,4560,-16.66,1.062
R10621,pine,-62316.3,34856.9,3964.5,33.98,1.229
R10622,pine,70938.5,34591.7,5625,-117.95,1.005
R10623,pine,-78974.8,35686.8,10888.5,69.1,1.054
R10624,pine,-77439.7,35401.5,9626.3,-217.82,1.123
R10625,pine,-72368.2,35720,8114.4,2.26,1.045
R10626,pine,-71800.3,35402.2,8390.7,-67.52,1.091
R10627,pine,-69410.8,35625,7748.9,-96.22,0.88
R10628,pine,-68576,35667.6,7904.4,14.28,1.171
R10629,pine,-67334,35450.7,7977.5,-212.57,1.105
R10630,elm,-65554.8,35266.8,6779.9,-173.25,1.05
R10631,pine,-63924.7,35934.5,4410.8,-58.65,0.917
R10632,pine,71567.9,35441.2,5272.1,-72.49,1.077
R10633,poplar,72667.9,35584.5,5360.4,-203,0.801
R10634,poplar,73530.5,35817.4,5501.1,48.21,0.885
R10635,pine,-70646.1,36505.4,7900.1,-244.27,1.06
R10636,pine,-68823.8,36156.4,7918.2,-50.11,0.963
R10637,elm,-68785.3,36676.3,7659.1,-177.45,0.833
R10638,pine,-67585.8,36089.8,8065,-187.19,1.103
R10639,poplar,-64679.2,36278.9,5241.3,35.73,1.077
R10640,pine,-63263.3,36708,3952.9,-161.28,1.243
R10641,poplar,71362.4,36423.3,5150,25.59,1.231
R10642,elm,72367.6,36247.9,5225.5,-114.14,1.098
R10643,pine,73782.6,36491,5325.7,-239.26,1.226
R10644,pine,-71158.1,37307,8133.3,-186.1,1.181
R10645,elm,-69766.7,37185.9,7718.8,-168,1.068
R10646,poplar,-69083.2,37119.5,7605.8,22.04,1.129
R10647,pine,-68242.7,37316.2,7460.1,19.84,0.933
R10648,pine,-67559.1,36987.4,8012.4,-263.99,1.072
R10649,elm,-66471,37486.6,7350.7,-220.14,0.998
R10650,pine,-65239.1,37065.2,6087.6,11.68,1.203
R10651,pine,-62698.7,37392.2,3719.8,-51.65,1.24
R10652,pine,72700.5,37023.2,5157.4,-32.39,0.961
R10653,pine,73269.8,37263.2,5198.3,-67.99,0.825
R10654,elm,73609.7,37509.2,5416,-167.48,1.239
R10655,pine,74923,37469.6,6051.3,-257.33,0.872
R10656,pine,75820.1,36859.3,6114.3,-56.39,1.208
R10657,pine,-79365.1,38174,11517.5,-252.79,1.088
R10658,pine,-69246.9,38318,7092.1,34.47,0.971
R10659,elm,-68519.3,37929.6,7339.3,-40.28,0.961
R10660,pine,-67782.2,37716.9,7594.8,-40.98,0.861
R10661,pine,-66451.2,38249.3,7830.4,-173.58,1.09
R10662,elm,-63983.6,37802.7,4695.5,-20.41,0.935
R10663,elm,70939.7,38226.2,5369.3,-61.9,1.083
R10664,pine,71671.4,37845.6,5418,-152.91,0.851
R10665,pine,72761.3,37657.4,5256.8,-10.89,0.92
R10666,pine,72825,38157.9,5451.3,-153.68,0.996
R10667,pine,73933.1,38363,5691,-131.24,1.044
R10668,elm,74730.9,37919.4,5950.2,-46.26,1.042
R10669,poplar,75542.6,38124.6,6147.9,-230.69,0.867
R10670,pine,76046.5,37937.6,6412.2,-182.32,0.888
R10671,pine,-79099.9,39033.7,10945.9,-69.81,0.802
R10672,pine,-78061,38728.8,10964.3,-90.93,1.067
R10673,pine,-70387.3,38421.6,7817,-226.56,1.196
R10674,pine,-67838.3,39000,7818.3,-73.28,0.972
R10675,pine,-66625.9,38455.9,7985.5,-187.16,1.082
R10676,elm,-64330.6,39045.9,5698.2,-167.4,1.241
R10677,pine,-63106.3,38966.1,4292.6,47.54,0.869
R10678,elm,67515,38688.9,4410.5,-150.41,0.934
R10679,elm,71617.4,39140.8,5127.6,-182.11,1.147
R10680,pine,72322.3,38458.5,5480.6,-85.87,1.153
R10681,pine,72965.5,38451.9,5616.4,-31.48,1.215
R10682,pine,74277.8,39034.1,5608.5,-231.76,0.886
R10683,pine,75605.3,39047.5,6048.2,-16.79,1.234
R10684,pine,-79518.4,39742.9,10484.6,-115.33,1.222
R10685,pine,-77478.5,39757,11118.7,-12.97,1.025
R10686,pine,-69766,39885,7836.2,40.33,0.864
R10687,pine,-69037.1,39958.7,7989.9,69.52,1.15
R10688,pine,-67114.9,39579,8562.9,-108.36,1.06
R10689,pine,-65647.1,39475.6,7657.9,-259.2,0.877
R10690,elm,-65350.2,39347.7,7129.7,78.41,0.81
R10691,pine,-64421.1,39472.9,6018,-75.2,1.092
R10692,poplar,-63697.5,39257.3,5134.6,-208.9,1.086
R10693,poplar,-62908,39206.3,4303.4,72.51,1.186
R10694,pine,66931.8,39360.3,4095.7,-111.74,0.935
R10695,pine,68449.3,39245.4,4704.7,-165.17,1.044
R10696,pine,69700.3,39309.9,4930.1,-109.3,1.191
R10697,pine,71784.2,39586.2,5013.9,-64.76,0.896
R10698,poplar,72288.3,39758.5,5173.8,-238.83,1.16
R10699,pine,73498.4,39347.5,5538,-24.73,1.099
R10700,poplar,74786.9,39764.6,5690.2,25.62,1.109
R10701,elm,75541.3,39779.1,5937,-86.58,1.152
R10702,pine,78096,39736.6,6992.2,16.09,0.973
R10703,pine,-79561.2,40516.8,10535.4,65.48,1.034
R10704,pine,-78652.2,40045.1,10758.9,-212.3,0.839
R10705,pine,-77678.9,40558.5,10834.1,-23.32,0.997
R10706,pine,-76204.5,40702.5,9933.2,-173.26,1.149
R10707,pine,-75879.5,40639.5,9811.8,47.94,0.995
R10708,pine,-67492.8,40691.3,8772,-119.76,0.892
R10709,pine,-65959.2,40669.2,8730.5,-269.08,1.082
R10710,pine,-64858.1,40473.3,7367.7,-111.62,1.137
R10711,poplar,-64417.2,40189.7,6525.7,-94.11,1.083
R10712,elm,-63322.9,40761.1,5375.8,-39.17,1.018
R10713,elm,-62883,40240,4727.5,74.23,1.058
R10714,poplar,71952.2,40238.7,4781.6,-180.86,0.959
R10715,pine,72662.2,40550.3,4942.6,-89.22,1.053
R10716,pine,73418.7,40463.1,5326.1,-250.84,0.836
R10717,pine,73797.5,40008,5435.1,-9.78,1.014
R10718,pine,74850,40340.9,5815.9,-10.83,0.914
R10719,pine,75498.6,40006.5,5921.4,-197.07,1.189
R10720,poplar,76191.4,40517.5,6180.4,-94.43,1.127
R10721,pine,-78843.7,41516.9,10441.5,-204.1,1.031
R10722,pine,-77685.8,41502.2,10329.6,-26.22,1.031
R10723,pine,-77023.2,41302.6,10597.4,-97.15,1.053
R10724,pine,-76235.7,40890.1,9930.4,-160.2,1.16
R10725,elm,-72793.8,41475.9,7789.3,-44.87,0.987
R10726,pine,-65625.2,41248.8,8701.8,-242.96,0.917
R10727,pine,-65516.3,40827.8,8586.7,-265.2,1.172
R10728,pine,-64285.3,41402.8,6894,-180.9,0.981
R10729,elm,-62400.6,41366.3,4503.3,17.43,0.814
R10730,poplar,71965.9,40883,4475,86.93,1.188
R10731,elm,74376.1,40962.6,5307.3,4.83,1.156
R10732,elm,75759.7,41145.6,6060.7,-105.3,0.917
R10733,pine,77526.6,41345.5,6771.1,80.45,0.895
R10734,pine,78204.1,41182.9,7075.9,-167.06,1.119
R10735,pine,-78866.2,42238.8,10014.9,-34.4,0.95
R10736,pine,-77691,41994.6,9878.3,-227.92,1.222
R10737,pine,-77493.6,41624.3,10234,5.11,1.128
R10738,pine,-76635.9,42309.7,10126.6,-210.65,1.125
R10739,pine,-75477,41911.2,9913.9,-146.3,1.209
R10740,pine,-70906.1,41962.7,7885.5,48.12,0.841
R10741,pine,-68079.7,42396.5,9712.2,-112.09,0.868
R10742,pine,-67933.4,41609.8,8964.1,84.68,0.928
R10743,pine,-66632.9,42106.6,9484.8,41.79,0.863
R10744,pine,-66048.1,41660.8,9110,-43.13,0.829
R10745,elm,-64802.6,42027.3,7642,6.34,1.034
R10746,pine,-64584.3,42117.7,7331.7,-96.13,0.985
R10747,pine,-63277.6,42358.3,5808.7,-253.92,0.935
R10748,pine,-62384.5,42260.3,4732,-49.81,1.029
R10749,pine,73577.2,41927.4,4364.8,23.67,1.234
R10750,pine,75390.3,41650.5,5641.8,-240.09,1.083
R10751,pine,76720.2,41692.4,6563.1,-33.94,1.015
R10752,elm,76830.1,41908.3,6529,-203.11,1.089
R10753,pine,77827,42399.4,7123,-199.74,0.887
R10754,pine,-79265,42642.7,10085.2,64.1,0.862
R10755,pine,-79006.3,43121.8,10064.6,-114.59,1.2
R10756,pine,-77967.9,43087.6,9332.4,-205.52,0.848
R10757,pine,-77273.1,42645.5,9633.8,12.47,1.22
R10758,pine,-76138,43061.8,10657.4,-239.92,1.151
R10759,pine,-75450.2,42939.3,10743.2,-257.66,1.019
R10760,pine,-74102.7,42976.4,9906.8,-182.05,0.857
R10761,pine,-69193.9,43065,9363.7,-232.07,0.951
R10762,pine,-68496,42953.8,9894,-141.42,0.819
R10763,pine,-67255.8,43053.9,10317.2,-87.88,0.866
R10764,pine,-66248,42492.9,9279.9,61.83,0.858
R10765,pine,-64864.8,42423.4,7776.5,-217.17,1.033
R10766,pine,-64722.8,42460.3,7585.7,68.54,1.093
R10767,poplar,-63708.6,42999,6465.1,-217.43,1.003
R10768,pine,-62855.2,42729.1,5322.3,58.39,0.884
R10769,poplar,-62329.5,42470.2,4720,-227.89,0.955
R10770,poplar,-61221,42828.9,4348.9,-217.71,1.249
R10771,pine,-57852.2,43024.4,4388,8.45,1.187
R10772,elm,-54692.5,42529.8,3820.5,-244.93,1.088
R10773,elm,72512.8,42849.5,3600.4,-154.51,0.844
R10774,pine,74695.6,42552.1,4893.5,-192.66,0.914
R10775,elm,75568.5,42962.8,5394,-250.83,1.059
R10776,pine,76459.4,42494.9,5975.1,-13.94,1.149
R10777,pine,77570.1,42809.6,6697.8,-83.51,1.158
R10778,pine,78127.9,43120.1,6817.6,32.25,1.235
R10779,elm,78610.8,43104.7,6903.6,-245.66,1.157
R10780,pine,79381.5,42641,7100.1,-165.71,1.102
R10781,pine,-79481,43403.1,9988.7,-134.23,0.909
R10782,pine,-79045.4,43734.2,10118.5,-68.47,0.969
R10783,pine,-78051.7,43271.1,9394.3,-64.72,1.119
R10784,pine,-77190.9,43620.6,9691,77.92,1.187
R10785,pine,-76337.1,43640.1,10428.1,-91.01,0.836
R10786,pine,-75651.6,43637.2,10402.4,-212.65,0.919
R10787,pine,-75162.4,43873.8,10562.6,-72.3,1.004
R10788,pine,-68114.6,43598.3,9868.5,17.1,1.042
R10789,pine,-67849.1,43545.9,9963.8,-82.69,1.201
R10790,pine,-66508.5,43381.9,9529.9,-158.13,0.964
R10791,pine,-66221.4,43520.5,9185.2,-50.09,1.089
R10792,pine,-65516.6,43237.8,8517.7,-103.36,1.236
R10793,pine,-64481.4,43355.3,7379.3,-121.68,1.188
R10794,poplar,-61216.2,43764.2,4483.4,-254.87,0.867
R10795,elm,-59267.2,43810.4,4016.9,-10.94,0.839
R10796,pine,73753.1,43513.6,4136.5,-11.18,1.121
R10797,poplar,74409.8,43553.6,4682.6,5.48,0.987
R10798,poplar,75762,43588.4,5543.8,-45.36,0.838
R10799,pine,76044.2,43960.1,5596.4,-57.91,1.145
R10800,poplar,77300.2,43868.7,6005.9,-262.33,1
R10801,pine,77991.6,43419.8,6531.3,-224.95,1.092
R10802,pine,78678.5,43686.2,6749.4,66.35,0.821
R10803,pine,79465.3,43745.1,6614.4,-210.91,0.987
R10804,pine,-79253.1,44254.6,9848.8,-190.51,1.207
R10805,pine,-79073.4,44370.7,9841.5,-11.31,1.198
R10806,pine,-77822.4,44320.4,9609.6,-113.81,0.823
R10807,pine,-77498.8,44045.1,9514.4,-115.73,0.918
R10808,pine,-76020.9,44072.7,10121.2,-153.93,0.899
R10809,pine,-75308.8,44155.6,10484.8,76.18,0.853
R10810,pine,-65029.8,44398.7,8085.4,-131.13,0.89
R10811,elm,-63864.4,44575.2,6733.9,-112.03,1.118
R10812,pine,-63197.7,44747.8,5807.1,-11.35,1.2
R10813,pine,-62257.8,44093.4,5062.4,-217.97,0.903
R10814,elm,72497.3,44585.7,3894.5,23.1,0.929
R10815,elm,73077,44271,3971.2,-249.09,0.888
R10816,pine,74787.3,44774.6,5107.7,-29.92,0.985
R10817,elm,75478.1,44107.8,5314.5,-31.75,1.003
R10818,elm,76132.7,44713.3,5560.2,2.81,1.055
R10819,elm,76832.6,44091.8,5755,17.44,1
R10820,elm,77926.2,44705.8,6066.9,-35.57,1.02
R10821,elm,78704.5,44727.6,6344,-67.98,1.151
R10822,poplar,79448.9,44277.4,6539.3,-54.83,0.998
R10823,pine,-77771.7,45266.7,9964.4,-180.66,1.236
R10824,pine,-76836.9,44842,9882.2,-49.17,1.01
R10825,pine,-75275.3,44995.3,10116,72.23,0.974
R10826,pine,-68008.4,45148.4,9224,17.73,1.209
R10827,pine,-67446.3,45359.5,8990.1,-135.91,1.085
R10828,pine,-66676.2,45391.2,8543.5,-68.14,0.873
R10829,pine,-66155.4,45586.7,7840.4,-200.31,1.014
R10830,pine,-65231.1,45486.2,7693.1,-9.98,1.157
R10831,pine,-64250.3,45122.4,7034.6,-111.33,1.204
R10832,pine,-63429.3,45544.8,5880.2,31.52,1.198
R10833,pine,-63047.5,44980.4,5567.7,6.64,0.853
R10834,pine,-61144.4,45332.9,4181.6,-164.86,0.983
R10835,elm,72026.3,44980.4,3876.8,-10.64,0.86
R10836,poplar,74207.7,45442,4899.1,63.21,1.087
R10837,elm,74966.3,45579.8,5276.1,-81.62,0.912
R10838,pine,75659.5,45163.8,5573.9,-192.26,1.015
R10839,elm,76496.6,45366.1,5695.8,27.21,0.985
R10840,elm,77307.7,45421.8,5797.5,-258.96,1.191
R10841,pine,77910.8,45462.1,5807.6,-233.34,0.949
R10842,pine,78779.8,45386.6,6130,-55.62,1.18
R10843,pine,-75738,46027.2,9923.2,-63.27,0.904
R10844,pine,-74865.2,46016.6,9730,-172.5,0.942
R10845,pine,-74099.6,46326.8,9351.3,40.14,0.906
R10846,pine,-69307.3,46312.3,8766.3,-253.27,1.033
R10847,pine,-68384.9,45659.7,8968.9,-139.33,0.953
R10848,pine,-67421.6,46183.3,8500.7,-104.51,1.21
R10849,pine,-66845.1,45634.7,8376.9,-95.05,0.988
R10850,pine,-66392.8,46311.3,7551.5,-91.51,1.115
R10851,poplar,-64964.4,46325.6,7267,-193.97,1.215
R10852,pine,-64683.6,45624.1,7353.3,-44.13,1.181
R10853,elm,-63447.8,46352,6066.5,-192.41,1.009
R10854,elm,-62991.4,46136.5,5517.4,-248.33,1.189
R10855,poplar,-61671.8,46132.9,4568.8,-63.64,1.049
R10856,pine,-61462.8,45716.3,4359.1,-242.2,0.943
R10857,pine,71694.7,46136.8,4407.6,49.31,0.976
R10858,pine,72664.3,45838.8,4855.3,-216.33,0.842
R10859,pine,73409.6,45676.5,4858.5,-239.08,0.826
R10860,elm,74288.2,45901.7,5078.7,-21.04,0.916
R10861,pine,74752.7,45799.1,5203.1,-164.62,1.158
R10862,pine,75560.6,46271.1,5560.7,13.57,1.208
R10863,elm,76777.3,46325.9,5648.1,17.19,1.143
R10864,poplar,76808.8,45990.5,5660.6,-205.69,1.069
R10865,elm,78380.6,45738.2,5868.6,52.84,0.943
R10866,pine,78697.2,46107.2,5750.3,-207.44,1.196
R10867,pine,79488.3,45795.7,6062.4,-268.46,1.02
R10868,pine,-79204.4,46740.1,9618.1,-17.37,1.147
R10869,pine,-79193.1,47165.5,9946.8,-73.85,1.159
R10870,pine,-78037.1,46942.2,9620.1,50.63,1.039
R10871,pine,-77553.8,46833.4,9543.1,-184.27,0.884
R10872,pine,-76004,46944.6,9812.9,-146.94,0.872
R10873,pine,-75681.2,46436.1,9876.1,-260.32,0.863
R10874,pine,-74834.8,46577.3,9166.7,46.13,0.8
R10875,pine,-73979.9,47029.3,9339.2,-87.09,1.233
R10876,pine,-73409.3,46702.9,9502.7,-126.55,0.809
R10877,pine,-68287.3,46470.8,9081.1,88.49,1.134
R10878,pine,-67660.8,46727.3,8271.5,-87.8,0.821
R10879,elm,-66756.6,46611.8,7704.4,-269.74,1.073
R10880,elm,-66131.9,47093.5,7244.5,56.16,1.062
R10881,poplar,-65517.8,47010.5,7351.6,-17.89,1.212
R10882,pine,-64118.4,46516.6,6863.7,-127.96,0.98
R10883,elm,-63597.7,46857,6311.6,83.4,1.242
R10884,pine,-63067,46624.4,5688.9,30.44,1.188
R10885,pine,67157.7,46822.3,3836.5,-228.35,1.029
R10886,pine,69969.6,47085,4342.2,-136.98,0.865
R10887,pine,72323.2,46786.8,4626.1,-93.53,0.937
R10888,pine,72953,46770.9,4892.8,-60.4,0.958
R10889,poplar,74813.3,46413.1,5299.9,-250.34,1.08
R10890,poplar,75459.1,46475.8,5490.7,84.99,0.898
R10891,pine,76181,46681.2,5617.7,2.81,0.92
R10892,elm,77345.5,46892.4,5620.9,-71.18,1.102
R10893,elm,78045.2,46786.9,5557.3,-62.44,1.044
R10894,elm,78778.2,46560.6,5681.8,-245.51,0.906
R10895,pine,-79401,47386.8,9962.9,-259.05,0.876
R10896,pine,-79186.4,47529.3,10180.3,73.1,1.018
R10897,pine,-77737.6,47918,9599.1,-252.79,1.04
R10898,pine,-77337.6,47475.1,9412.7,-123.23,1.169
R10899,pine,-76156.1,47397.9,9547.8,-245.22,0.935
R10900,pine,-75095.5,47427.6,9279.7,-136.06,1.121
R10901,pine,-74112.1,47422.6,9313.5,45.28,1.223
R10902,pine,-71888.6,47460.7,8671.4,49.56,1.077
R10903,pine,-70679.9,47767.1,8379.9,-109.71,1.106
R10904,pine,-70239.6,47864.5,8278.3,-266.7,0.906
R10905,pine,-69408.4,47487.9,8459.2,-243.25,1.104
R10906,pine,-68695.9,47325.8,8782.3,-197.55,0.899
R10907,pine,-67885.4,47883.9,8077.1,75.64,0.946
R10908,poplar,-66472.4,47817.7,7366.9,-11.38,1.243
R10909,elm,-65875.9,47680.9,7313.5,-123.4,0.879
R10910,pine,-63659.5,47603.4,6392.4,-5,1.057
R10911,elm,-63045.3,47244.6,5852.1,-43.16,0.875
R10912,pine,-61838.2,47935.3,4444.9,-225.93,1.171
R10913,elm,68507.9,47606.8,4204.8,-125.3,1.011
R10914,elm,69488.1,47892,4608.7,-118.78,0.972
R10915,poplar,70785.9,47997.3,4783.3,-100.14,0.83
R10916,elm,71320.1,47999.4,4664.8,-57.8,1.099
R10917,pine,72160,47621.9,4777.6,-249.91,1.195
R10918,elm,73475.9,47506.8,5088.6,-95.62,0.977
R10919,pine,73600.8,47757.7,5104.7,-71.64,0.801
R10920,pine,75017.8,47901.9,5214,-200.67,0.91
R10921,elm,75763.8,47679.4,5208.9,-65.01,0.927
R10922,pine,76051,47704.5,5288.3,31.59,1.023
R10923,pine,77290.8,47619.3,5704.9,-182.08,1.237
R10924,pine,78068.6,47415.7,5702.4,-111.01,1.086
R10925,elm,78897.4,47489,5604,-227.14,1.082
R10926,pine,79479.7,47682.4,5723.7,0.08,1.02
R10927,pine,-78999.5,48386.6,10720.4,-210.94,1.044
R10928,pine,-78268.1,48679.8,10297.5,-235.71,1.153
R10929,pine,-76988.8,48469.7,9675.4,-188.29,1.101
R10930,pine,-76304.9,48622,9712.8,80.32,0.98
R10931,pine,-75468.3,48480.5,9502.9,-64.21,0.978
R10932,pine,-75073.4,48763.3,9627.5,-12.09,1.114
R10933,pine,-73974.4,48253.9,9631.7,-222.27,0.952
R10934,pine,-73054.8,48158.2,9012,-4.17,1.042
R10935,pine,-72224.7,48663.9,8430.9,-2,0.964
R10936,pine,-71450.3,48133.9,8417.3,-12.32,1.227
R10937,pine,-70911.6,48025.5,8414.4,-191.51,0.847
R10938,pine,-70174.7,48604.8,8242.2,-210.07,1.011
R10939,pine,-69187.2,48060.9,8174.1,-170.41,1.088
R10940,pine,-68359.9,48466.6,8272.7,28.52,1.124
R10941,pine,-67805,48185.2,8014,0.65,0.975
R10942,pine,-66969.4,48411.7,7710.8,-78.21,1.179
R10943,pine,-65788.9,48492.3,7061.7,-171.88,0.958
R10944,pine,-65173,48292.8,6996.4,-257.76,0.857
R10945,elm,67014.6,48615.2,3791.4,-61.6,0.831
R10946,pine,67317,48539.3,4006,-1.75,1.128
R10947,pine,68851.6,48460.1,4454.2,-101.13,1.082
R10948,pine,70218.3,48653,4945,39.75,1.114
R10949,pine,70970.1,48193.7,4781.3,-254.21,1.164
R10950,poplar,71797.3,48271.2,4821.9,-31.05,0.879
R10951,poplar,72714.8,48459.4,4963.7,-119.4,0.821
R10952,pine,72823,48398.7,4971.7,-238.06,0.89
R10953,elm,74342.9,48353.6,5100.7,-17.72,1.175
R10954,pine,75082.7,48178.1,5174.9,-81.07,0.882
R10955,poplar,75370.2,48195,5119.3,-213.81,1.143
R10956,pine,76524.2,48574.1,5404.2,-173.53,1.167
R10957,elm,77503.2,48102,5724,-19.16,1.175
R10958,pine,77971.5,48667.8,5545.3,-56.66,0.945
R10959,poplar,78861.3,48764.8,5670.9,-25,0.847
R10960,pine,-78510.5,49324.8,11189.6,-207.85,1.126
R10961,pine,-78114.7,49078,10679.5,13.97,1.016
R10962,pine,-76846.3,48954.3,9716.7,-110.23,0.908
R10963,pine,-76267.4,48881.3,9861.6,-186.03,1.167
R10964,pine,-75621.3,49189.5,9660.2,-225.89,1.147
R10965,pine,-75144.7,49335.2,9745.7,-199.99,1.228
R10966,pine,-74180.8,49516.1,9546.8,-145.89,1.152
R10967,pine,-73340.1,48823.1,9083.6,-212.08,0.802
R10968,pine,-72487.5,49482.3,8881.6,-65.18,1.227
R10969,pine,-71615.2,49212.3,8253.4,-91.09,1.181
R10970,pine,-70519.4,49013.6,8187.3,-58.02,1.126
R10971,pine,-70170.3,49111.4,7917.6,-261.55,0.815
R10972,pine,-69018.5,49100.8,7746.5,-158.38,0.812
R10973,pine,-68135.7,48924.3,8152,-116.44,0.953
R10974,pine,-67227.7,49481.7,8226.4,63.59,1.127
R10975,pine,-65994.9,49472.7,7429.8,-98.67,1.17
R10976,pine,68644.4,49447,4503.8,-210.42,0.877
R10977,elm,69295.1,49357.5,4711.8,-121.36,0.923
R10978,pine,70099.7,48884.2,4927.5,74.06,0.949
R10979,pine,70759.5,49527.2,5102.9,-250.5,0.843
R10980,pine,71581.6,49519.1,5120.2,45.94,0.976
R10981,pine,72009.1,49392.4,5045.2,25.87,1.025
R10982,pine,73427.8,49050.3,5216.7,-190.87,1.22
R10983,elm,73699.4,48918.3,5319.5,-161.26,1.085
R10984,elm,74424.6,49146.9,5598,0.32,1.24
R10985,elm,75902.1,49498.5,5458.5,-241.92,1.06
R10986,poplar,76441.6,48804.1,5400.2,-4.48,0.865
R10987,pine,77075.7,49515.3,5472.7,-95.93,1.221
R10988,poplar,78299.7,49487.3,5691.2,-157.98,1.166
R10989,elm,78784.8,49531.1,5735.3,-157,1.098
R10990,pine,-79238.2,49623.3,11130.8,41.83,1.201
R10991,pine,-78489.8,50114.5,11232,-163.65,0.881
R10992,pine,-77970.8,50114.3,10746.1,-261.26,0.955
R10993,pine,-76841,49961,10053.2,-226.85,0.893
R10994,pine,-76705.3,49928.8,9996.2,-8.49,1.24
R10995,pine,-75786.6,50346.6,10308.5,71.55,0.93
R10996,pine,-74528.5,50308.8,9890.5,-44.09,0.918
R10997,pine,-74251.8,49863.3,9590.4,-147.68,1.246
R10998,pine,-72827.5,50204.4,9246.4,80.45,0.832
R10999,pine,-72139.6,50330.2,9049.5,-162.06,0.832
R11000,pine,-71769.1,49753.4,8789.1,-240.65,1.125
R11001,pine,-70624.2,50300.6,8288,-11.83,1.248
R11002,pine,-70249.5,49968.7,8066.5,-76.95,0.994
R11003,pine,-68997.1,50036.2,7978.7,-121.68,0.962
R11004,pine,-68412.1,49945,7947.5,-180.08,0.86
R11005,pine,-67274.5,49957.1,8453,80.98,1.114
R11006,pine,-65904.4,50144.6,8139.3,-187.22,0.818
R11007,pine,-64904.9,49723.8,6861.7,-94.01,1.166
R11008,pine,-64538.2,49719.5,6504.7,-32.92,1.246
R11009,pine,67785.5,50143.5,4068.5,-147.84,0.809
R11010,elm,68431.8,50284.9,4290.4,-160.59,0.859
R11011,poplar,69891.4,50191.1,4960,40.28,1.145
R11012,elm,70634.4,49815.8,5040.1,61.3,0.864
R11013,elm,71481.7,49713.2,5111.7,-241.21,1.17
R11014,poplar,72461.2,49735.8,5126.2,-75.22,1.021
R11015,pine,73583.1,49682.7,5283.3,-55.35,1.149
R11016,elm,74159,49724.4,5416.2,39.38,1.218
R11017,pine,74963.8,49622.5,5468,15.13,1.037
R11018,elm,75678.7,49703.6,5469.3,28.09,1.157
R11019,elm,76554.3,49703.8,5508.4,-140.99,1.087
R11020,elm,77462.4,50015.9,5866.1,-151.63,1.09
R11021,elm,78269.7,49730.3,5744.6,-106.23,0.981
R11022,elm,78488.9,50315.9,5943.9,71.19,0.925
R11023,pine,79370.2,49967,5984.3,-258.84,1.06
R11024,pine,-79393.2,50777.9,11186.9,-58.39,1.062
R11025,pine,-78963.8,50555.9,11479.7,-167.51,1.104
R11026,pine,-77683.9,51044.7,10624,-193.49,0.97
R11027,pine,-76889.6,51013,10549.4,-240.98,0.862
R11028,pine,-76013.5,51133.8,10875.2,-226.84,0.858
R11029,pine,-75300.1,50875.2,10581.7,17.25,0.84
R11030,pine,-75002.1,50585.4,10471.4,-237.66,1.201
R11031,pine,-73980.7,51049.3,10304.9,-116.45,1.207
R11032,pine,-73405.7,50484.4,9576.9,-80.19,0.904
R11033,pine,-72156.8,50762.5,9061.4,-52.54,1.048
R11034,pine,-71414.1,50835.2,8674.2,-211.44,0.961
R11035,pine,-70447.9,50904,8572.6,89.57,1.124
R11036,pine,-69485.6,50712.6,8059.2,-15.16,0.826
R11037,pine,-68730.2,50556.6,7959,-257.62,1.064
R11038,pine,-67827.8,50785.7,7809.7,-257.42,0.877
R11039,pine,-66708.3,50742.7,9016.2,-73.89,1.115
R11040,pine,-66054.1,50537.3,8542.4,-140.9,0.836
R11041,pine,-64475.9,51059.7,6986.8,54.73,0.966
R11042,pine,69210.4,51131.1,4367.3,-28.31,0.894
R11043,pine,69724.9,51049.7,4532.4,-243.18,1.099
R11044,pine,71125.3,50700.8,4840.3,-22.99,0.844
R11045,elm,71334.8,51171,4794.2,-250.47,1.147
R11046,pine,72504,50568.6,5159.8,82.15,1.162
R11047,elm,73085.4,50530.1,5188.2,-174.91,1.193
R11048,pine,74093.9,50952.5,5339.4,-166.55,1.088
R11049,pine,74695.1,50496.1,5407.1,-238.05,0.881
R11050,elm,75814.5,50939.3,5716.6,-68.28,1.137
R11051,pine,76661.4,50995,5870.6,-84.8,1.121
R11052,pine,77261.2,50596.8,5880.9,13.92,1.178
R11053,pine,77848.6,50723.2,5813,48.27,0.931
R11054,pine,79153,50619.1,6298.7,-258.62,1.141
R11055,pine,79587.3,51038.6,6402.6,-86.88,1.128
R11056,pine,-78936.4,51354.5,11325.8,42.58,1.152
R11057,pine,-77767.5,51405.8,10553.3,-181.37,0.927
R11058,pine,-77339.1,51871.1,10509.3,-182.73,0.897
R11059,pine,-76539.8,51364.7,11022.3,-170.45,1.135
R11060,pine,-75297.4,51562.7,10600.5,84.88,0.957
R11061,pine,-75176.8,51585.4,10594.5,-140.81,0.93
R11062,pine,-74359.9,51766.6,11285.2,-168.08,1.15
R11063,pine,-73582.3,51774.3,10303.1,71.63,1.231
R11064,pine,-72555.3,51393.4,9308,-165.88,0.865
R11065,pine,-71992.2,51440.5,8729,-3.02,0.96
R11066,pine,-70927.6,51808.5,8336.8,-174.44,1.011
R11067,pine,-69744.7,51394.9,8302.4,-108.13,1.245
R11068,pine,-69559,51442.4,8287.4,-46.85,0.947
R11069,pine,-68186.9,51919.7,7560.7,-244.92,0.974
R11070,pine,-66479.8,51242.2,8678.9,32.69,1.192
R11071,elm,70102.7,51929.7,4370.9,76.3,0.807
R11072,pine,71533.6,51748.5,4876.2,-72.23,0.953
R11073,poplar,72441.4,51816.3,5350.4,-55.29,1.16
R11074,elm,73585.5,51637.9,5521.5,-151.5,0.89
R11075,pine,74246.1,51682.4,5598.2,-194.84,1.07
R11076,pine,74737.4,51475.9,5579.6,-151.2,0.92
R11077,pine,75255.2,51580.8,5782,53.76,0.808
R11078,poplar,76692.3,51865.5,6063.3,-43,1.044
R11079,pine,77519,51306.6,5914.6,-209.67,1.236
R11080,poplar,78315.3,51223.8,5970.1,-220.06,1.232
R11081,poplar,78501.6,51928.9,6199.8,-103.06,0.938
R11082,pine,-79347.6,52789.1,10902.7,-266.94,1.245
R11083,pine,-79107.7,52403.3,10940.9,-101.17,0.913
R11084,pine,-78394.6,52014.6,11180,-58.33,0.906
R11085,pine,-76837.8,52239.7,10711,-94.31,1.186
R11086,pine,-76216.8,52663.1,10779.5,-2.4,1.214
R11087,pine,-75609.9,52244.1,10671.3,30.1,0.821
R11088,pine,-74943,52582.3,10687.7,-194.98,0.804
R11089,pine,-74009.7,52180,10868.7,89.09,0.864
R11090,pine,-73353.9,52611,9644.7,-83.61,1.172
R11091,pine,-72557.2,52253.9,8945.7,-46.48,0.981
R11092,pine,-71469.8,52343.3,8330.1,-239.69,0.843
R11093,pine,-70603.3,52555,8430.3,-119.93,1.128
R11094,pine,-69841.2,52165.5,8185.6,-154.19,0.924
R11095,pine,-69465,52538.3,7828.5,-131.18,0.989
R11096,pine,-68360,52752.2,7869.9,-30.74,1.012
R11097,pine,-67917.4,52059.6,7708.9,-239.62,1.039
R11098,pine,70782.7,52360.3,4556.2,-149.75,1.063
R11099,pine,71762.6,52402.9,5145.3,78.8,0.85
R11100,poplar,72092.5,52135.3,5312.1,-32.91,0.829
R11101,pine,74080,52396.6,5897.7,85.14,0.936
R11102,poplar,74585.1,52072.9,5896,83.74,1.213
R11103,pine,75238.2,52370.6,6194.9,48.11,0.902
R11104,elm,76438.9,52063.3,6193.1,-9.32,1.222
R11105,elm,77131.7,52772.1,6277,-188.79,0.993
R11106,poplar,77650.7,52494.3,6202.5,28.49,1.089
R11107,pine,79197.2,52307.7,6569.3,-77.61,0.983
R11108,pine,79360.3,52530.5,6696.8,50.93,1.11
R11109,pine,-79436.8,52979.8,11003.8,26.16,1.25
R11110,pine,-78437.9,52835.2,10793.7,-119.49,1.175
R11111,pine,-78114.3,52827.8,10745.3,-134.34,1.118
R11112,pine,-76860.9,52961.3,10778.4,-22.3,0.831
R11113,pine,-76775.1,53488.6,11156.3,47.94,0.966
R11114,pine,-75882.1,52844.5,10671.2,-25.38,1.209
R11115,pine,-74919.9,53391,10310.5,10.27,0.905
R11116,pine,-73606.9,53051.5,9347.4,62.86,0.821
R11117,pine,-72838.4,53104,8911.8,-174.01,1.204
R11118,pine,-72154.8,53298.8,8561.4,-211.29,1.032
R11119,pine,-71671,53550.7,8410.8,-250.69,0.957
R11120,pine,-71187.9,53199.8,8463.1,-69.19,0.991
R11121,pine,-69623.5,53032.6,7824.2,-94.7,1.139
R11122,pine,-69159.9,53484.5,7635,-243.55,0.876
R11123,pine,-68620.5,53591.4,7883.7,-160.24,1.002
R11124,pine,-67575.6,53452.2,8548,-175.82,1.133
R11125,poplar,71898.5,53221.9,5236,4.85,1.02
R11126,poplar,72381.3,53571.1,5525.3,-11.52,0.916
R11127,pine,73460.7,53482.2,6102.4,-39.58,1.184
R11128,poplar,74283.7,53130.6,6112.4,-240.88,0.84
R11129,pine,74835.6,53282.1,6104,4.5,0.956
R11130,poplar,75215.2,53296,6089.2,-226.79,1.027
R11131,poplar,76404.9,53314.6,6432.9,-91.88,1.138
R11132,pine,77042,53099.8,6380.9,-156.88,0.949
R11133,elm,78379.1,53421.4,6558.7,11.74,0.966
R11134,elm,78556,53586.4,6558.8,-120.85,0.817
R11135,pine,-78676,54375.6,10460.8,-45.9,1.025
R11136,pine,-77794.1,54313.6,11155.8,-170.05,0.907
R11137,pine,-76835.8,54362.2,11136.5,60.22,0.968
R11138,pine,-76727,54332.4,11118.1,-169.08,1.053
R11139,pine,-75601.3,54320,10182,-241.7,0.856
R11140,pine,-75080.8,53778,10134.9,-244.27,1.093
R11141,pine,-74284.6,54036.8,9103.1,21.31,0.888
R11142,pine,-73061.1,53843.1,8613.4,76.83,1.208
R11143,pine,-72205.5,54342.6,8797.5,-19.5,0.806
R11144,pine,-71624.9,54101,8554.5,-122,1.002
R11145,pine,-70643.9,54142.5,7838.3,-116.37,1.014
R11146,elm,-70146.5,54155.1,7648.1,51.94,1.166
R11147,pine,-68825.8,54335.3,7389.7,-232.58,1.191
R11148,pine,-68022.9,53782.3,8079.5,2.65,1.108
R11149,pine,69782.3,53755.5,3955.5,-103.4,1.068
R11150,poplar,72098.3,54138.2,5156,-240.31,0.982
R11151,poplar,73055.7,53849.6,5994.9,-102.91,1.136
R11152,poplar,73630.5,53985.6,6157.4,-88.48,0.876
R11153,pine,74604.5,54052.1,6353.9,-246.43,0.924
R11154,pine,75947,54006.4,6325.4,-95.32,1.058
R11155,pine,76752.5,53664.4,6471.2,-169.1,1.099
R11156,elm,77398,54332.5,6577.4,84.41,0.862
R11157,pine,77649,53972.7,6456.5,26.32,1.058
R11158,pine,78988,53990,6817.5,4.08,1.064
R11159,elm,79502.3,53631.9,6670.7,-216.46,1.07
R11160,pine,-78596.6,54851.7,10228.8,-198.48,1.148
R11161,pine,-78204.2,54541.9,10810.4,-113.42,1.023
R11162,pine,-77011.9,54677.7,10888,-57.51,0.992
R11163,pine,-76207.8,54617.3,10576.3,49.79,1.154
R11164,pine,-75622.6,55087,9974.2,-142.61,0.97
R11165,pine,-75057.5,54501.8,9791.9,-92.8,0.804
R11166,pine,-74241.8,54611.2,9068.1,-255.38,1.138
R11167,pine,-73287.8,55177.8,9716.4,-19.82,1.061
R11168,pine,-72796.9,54488.8,9076,-30.65,1.182
R11169,pine,-71627.1,55008.8,8612.9,-267.19,1.067
R11170,pine,-70412.1,54955.5,7836.8,47.49,0.909
R11171,elm,-70083.4,54923.3,7654.1,-121.76,1.218
R11172,poplar,-69241.3,55114.8,7201.8,-200.66,1.193
R11173,pine,-66931.2,55000.3,7640,-96.84,0.846
R11174,pine,70966.1,54763.5,4502,-126.7,1.233
R11175,pine,71637.6,55145.5,4645.1,54.26,0.982
R11176,pine,73067.3,54850.6,5715.9,-166.24,0.866
R11177,pine,73692.1,55032.1,5857.2,-105.6,1.061
R11178,poplar,75038.6,55016.2,6409.2,-154.11,1.23
R11179,pine,75285.5,54651.3,6494.5,-176.03,1.081
R11180,pine,76539.1,55038.2,6595.8,7.79,1.066
R11181,pine,77139.5,54547.1,6652,-245.37,0.834
R11182,elm,78091.4,54421,6577.6,-238.01,1.02
R11183,poplar,78562.8,55134.7,6685.2,44.11,0.965
R11184,pine,-79263.6,55413.9,9614.6,-102.05,0.884
R11185,pine,-78813.4,55602.1,9698.1,54.58,0.878
R11186,pine,-77874.2,55900.6,9884.4,70.64,1.057
R11187,pine,-77364.4,55542.1,10228.6,-191.03,1.069
R11188,pine,-76464.6,55794.8,10004.4,-1.79,0.877
R11189,pine,-75428.3,55586.5,9941.5,-215.86,1.13
R11190,pine,-74747,55888.9,10050.7,-100.58,1.156
R11191,pine,-73690.7,55678.7,10020.7,-255.55,1.035
R11192,pine,-73120,55864.9,9753.5,-145.33,1.007
R11193,pine,-72707.7,55702.3,9713.3,-94.33,1.009
R11194,pine,-71902.1,55393,8960,-18.68,0.848
R11195,pine,-70672.3,55611.6,8924.7,-24.68,1.174
R11196,poplar,-69713.2,55398.6,7439.4,-11.16,1.158
R11197,pine,-68591.5,55969.7,7150,-196.12,1.067
R11198,pine,-67957.4,55611.4,7520.8,-128.21,0.949
R11199,elm,71124.9,55587.8,4362.1,-200.58,1.132
R11200,elm,71253.6,55477,4410.8,-174.16,0.856
R11201,elm,73306.9,55215.1,5690.8,-69.77,0.853
R11202,pine,74161.8,55818.8,5723.3,-211.89,0.827
R11203,pine,75018.7,55294.2,6263.6,-140.33,0.982
R11204,pine,75447.5,55867.2,6200.9,-172.33,0.884
R11205,pine,77382.1,55524.8,6557,-146.56,1.167
R11206,pine,78596.3,55749.8,6824.7,-96.55,0.901
R11207,pine,79453.5,55849.4,6783.6,37.28,1.036
R11208,pine,-79258.7,56763,9155,2.81,0.881
R11209,pine,-78846.9,56390.9,9400,-252.16,1.102
R11210,pine,-78056.8,56455.5,9547.1,-188.15,1.027
R11211,pine,-77035.3,56214.7,9778.2,-176.21,0.891
R11212,pine,-76110.8,56591.7,9841,6.24,1.024
R11213,pine,-75936.1,56385.3,9890.2,65.67,1.107
R11214,pine,-74436.8,56473.2,10574.1,-245.03,1.085
R11215,pine,-73711.8,56014,10047.2,-42.93,1.21
R11216,pine,-73281.7,56197.2,9830.9,15.12,1.167
R11217,pine,-72394.7,56321.3,9677.4,76.93,1.095
R11218,pine,-71704.8,56695.6,9642.9,30.58,1.12
R11219,pine,-70984.2,56773.9,9105.7,-74.04,1.067
R11220,pine,-69764.7,56292.5,8270.9,18.62,0.994
R11221,poplar,-61205.5,56201.3,4550.9,-123.03,1.246
R11222,pine,25655.6,56466.8,3683,-185.84,1.093
R11223,poplar,73592.6,56470.8,5222.2,-206.19,1.23
R11224,pine,73975.7,56567.6,5307.2,-216.42,0.951
R11225,pine,74430.7,56476.3,5669.4,-194.25,1.207
R11226,pine,75380.9,56680.3,5816.4,-179.72,1.169
R11227,pine,76233.4,56682.7,5860.6,70.31,1.184
R11228,elm,77229.7,56564.6,6274.8,-156.41,1.093
R11229,pine,78072.6,56567.8,6526.2,-164.15,0.988
R11230,pine,78557.6,56577,6478.9,-265.03,0.82
R11231,pine,-78739.2,57094.2,9269.8,26.39,1.1
R11232,pine,-78042.3,57530.3,9701.1,-233.84,0.9
R11233,pine,-77398.7,57411.6,9452.7,22.13,1.062
R11234,pine,-76082.3,57595.3,10591.1,-40.49,1.077
R11235,pine,-75880.3,57485.3,10680.6,-46.14,0.886
R11236,pine,-74775.1,57486.3,10213.5,-142.94,0.943
R11237,pine,-74196.2,56985.8,10204.8,-40.27,1.185
R11238,pine,-72812.6,56809.8,10065.5,-225.19,0.955
R11239,pine,-71420.3,57396,8610.9,-102.78,1.153
R11240,pine,-70511.2,57058.2,8449.9,-175.65,0.828
R11241,pine,-58617.7,57207.5,3885.4,-234.61,0.846
R11242,pine,25172.5,57297,3975.2,-209.1,0.962
R11243,elm,31152.5,57093.9,3840.5,-184.57,1.019
R11244,pine,73960,57035.8,5096.6,-150.24,1.111
R11245,pine,74828.6,57284.6,5533.1,-76.92,1.22
R11246,pine,75862.4,57429.9,5765.8,-55.33,0.956
R11247,pine,76454.1,57264.6,5900.1,-36.45,1.005
R11248,poplar,78176,57173.4,6412.1,29.11,0.987
R11249,poplar,78778.9,57156.8,6476.1,-30.79,0.853
R11250,pine,-79221.7,57903.2,9392.7,-2.92,1.062
R11251,pine,-78439,58017.5,9782,4.5,1.19
R11252,pine,-77921.2,57628.1,9740.5,-218.66,0.833
R11253,pine,-77517.9,58188,9998.3,27,0.875
R11254,pine,-76789.7,58084.9,10050.4,33.09,0.844
R11255,pine,-75041.4,58041.5,10399.8,-1.27,1.22
R11256,pine,-70524.3,57801.8,7957.8,67.41,0.988
R11257,poplar,-63055.9,58153.2,5928.6,-153.54,1.107
R11258,poplar,-61672.4,58220.6,4429.5,-122.32,0.956
R11259,pine,23854.2,57975.2,3930.8,72.16,1.104
R11260,pine,26472.4,57733.4,4201.1,-153.55,0.959
R11261,elm,29504,57621.6,4024.8,-106.59,1.075
R11262,pine,73291.7,57996.1,4601.3,-10.16,1.21
R11263,pine,-79321.5,59059.7,9766,-228.66,0.899
R11264,pine,-79186.8,58630.1,9665.5,-66.99,1.03
R11265,pine,-78361,58658.2,10263.5,-106.8,1.001
R11266,pine,-76974.7,58739,10480.1,-104.84,0.82
R11267,pine,-75604.5,58829.5,11288,-23.39,0.941
R11268,pine,-74867.8,58578.8,10671.9,59.5,1.122
R11269,pine,-73182.4,58944.4,9703.2,-3.01,1.135
R11270,pine,-72060.5,58481.3,9022,-43.83,1.153
R11271,elm,-61805.6,59062.4,4531.9,-56.73,0.915
R11272,pine,23960.2,58846.9,3882.6,32.76,0.901
R11273,pine,24213.7,58736.7,4001.8,43.07,1.064
R11274,elm,30226.1,58489.1,4155.2,-225.75,1.152
R11275,elm,73097.4,58779.3,4409.3,12.34,0.82
R11276,pine,74327.9,58577.3,5187.7,-213.33,0.828
R11277,pine,75391.2,58546.4,5235.1,-184.23,0.934
R11278,pine,79227.6,58528.5,6103.3,44.14,1.028
R11279,pine,-79430.8,59346.8,9558.8,-122.08,0.993
R11280,pine,-78908.8,59866.7,9715.6,-174.56,1.124
R11281,pine,-77776.4,59225.5,10422.2,-118.09,0.946
R11282,pine,-76566.9,59242.4,10879.4,-67.22,0.824
R11283,pine,-74538.8,59225,10990,-20.87,1.198
R11284,pine,22654.4,59231.1,3839.6,-126.71,0.876
R11285,pine,24240.7,59547.8,4230.6,16,0.853
R11286,poplar,26804.1,59513.9,3956.3,-263.35,1.245
R11287,pine,28214.6,59590.8,4185.4,-262.77,1.13
R11288,pine,29531.1,59591.9,4108.9,-225.75,1.086
R11289,pine,73479.7,59390.4,4568,21.95,1.096
R11290,pine,75296.7,59386.7,4762.8,-146.44,1.25
R11291,pine,-79024.8,60519.7,9908.5,30.42,1.209
R11292,pine,-77861.9,60425.5,10418.9,-234.85,1.071
R11293,pine,-77397.3,60102,10468.2,-126.91,1.24
R11294,pine,-76214.3,60378.6,11675.1,41.02,1.068
R11295,pine,-61556,60782.6,4805.9,78.7,0.939
R11296,elm,-56793.4,60182.3,3833.2,-52.16,0.841
R11297,elm,24798.4,60621.5,4651.5,-187.89,1.007
R11298,elm,25644.5,60158.2,4235.4,-224.64,1.228
R11299,poplar,27086.5,60533.3,4307.2,-5.61,1.097
R11300,elm,71951,60656.2,4380.8,-162.95,0.807
R11301,pine,-78700.1,61426.9,10367.7,-166.86,0.889
R11302,pine,-77825.4,61090,10869.5,-118.58,1.198
R11303,pine,-76811.7,60933.3,11582.8,-0.75,0.848
R11304,pine,-76301.9,61081.4,12072.3,41.44,0.994
R11305,pine,-75478,61446.6,11592.9,9.08,1.136
R11306,pine,-61408.7,61105.1,4879.6,-180.87,1.198
R11307,pine,-58728.4,60923.2,4042.6,-146.32,1.031
R11308,elm,22281.7,60975.4,4475,-124.84,1.147
R11309,elm,25514.3,61199.7,4960.9,45.75,1.029
R11310,pine,28533.8,61340.1,5058.9,-31.35,0.98
R11311,pine,30928.8,60946.1,3964,37.62,0.95
R11312,pine,-79480.5,61886.5,10283.5,-220.5,0.887
R11313,pine,-78754.1,62039,10565.9,-108.43,1.007
R11314,pine,-78051.6,61740.4,11149.1,79.65,0.808
R11315,pine,-77332,61835.6,11707.8,-159.65,0.903
R11316,pine,-76425,62193.5,12155,-207.13,0.813
R11317,elm,-62567.3,61864.7,4991.3,21.95,1.179
R11318,elm,-61802.7,62140.9,5390.3,-90.26,0.801
R11319,pine,-61114.5,62323.6,5096.1,-127.85,0.933
R11320,poplar,-60651.4,62236.4,4759.6,70.33,1.075
R11321,pine,-59628.8,62069.3,4094.2,-175.17,1.027
R11322,pine,-59010.3,61721.2,4116.4,8.7,1.025
R11323,elm,-56032.5,61944.4,4039.6,-207.41,1.189
R11324,pine,-55824.6,62285,3940,-158.15,0.843
R11325,poplar,21493.7,61743.8,4724.2,-180.28,0.84
R11326,elm,22281.6,62249.2,4947.9,-57.99,1.068
R11327,pine,22602.8,62286.2,5025.6,-171.48,1.163
R11328,pine,30729.5,61904.3,3972.1,-221.26,0.895
R11329,elm,72903.5,61790.7,5080.4,-109.66,1.023
R11330,elm,74585.8,61767.3,5504.3,-156.8,0.841
R11331,pine,-78861.5,62627.7,11144.9,40.12,0.882
R11332,pine,-77890.3,62887.2,12503.5,-227.56,1.127
R11333,pine,-62267.5,62567.2,5568.3,31.79,1.19
R11334,pine,-60525.5,62991.4,4317.3,-108.55,1.008
R11335,elm,19347.6,62452.9,3889.2,-186.32,1.082
R11336,elm,23438,62572.5,5153.8,-18.69,1.002
R11337,pine,27204.4,63135.8,5001.6,-131.85,0.929
R11338,pine,30858.6,62706.5,4188.1,-235.24,0.936
R11339,pine,-79339.2,63671.2,12132.4,-37.65,0.958
R11340,pine,-78014.3,63999.8,11495,-59.86,1.084
R11341,pine,-77449.2,63632.8,11563.9,55.06,0.832
R11342,pine,-73634.5,63261.3,9946.2,31.55,1.011
R11343,elm,-61889.3,63688.4,5434.1,-143.44,1.169
R11344,pine,-61047.4,63434.8,4713.2,52.03,1.071
R11345,poplar,-59927.7,63985.8,3946.8,-115.93,1.09
R11346,pine,18121.2,63658,3984.2,31.49,0.963
R11347,pine,21314.8,63526.1,4927.5,77.05,0.902
R11348,pine,21825.7,63862.8,5038.1,-81.88,0.926
R11349,poplar,26832.6,63904.9,4854.7,-54.65,0.993
R11350,pine,72280,63937.7,5541.6,6.18,0.987
R11351,pine,77003.7,63307.3,6797.3,79.29,0.849
R11352,pine,-78671.5,64569.7,11572.7,-14.69,1.014
R11353,pine,-77716.6,64664.5,10791.4,-45.15,1.102
R11354,pine,-75891.8,64781.7,10367.9,-186.99,1.14
R11355,elm,-63884,64477.5,6553.9,-193,0.989
R11356,elm,-62615.1,64227.2,5940.6,-201.3,0.965
R11357,pine,-61965.9,64709.7,5512.6,31.39,0.913
R11358,elm,-60080.2,64570.5,4002.1,-22.82,1.229
R11359,pine,-27737.4,64700.3,3863.7,52.68,1.049
R11360,pine,17367,64192.3,4063.9,-228.81,0.816
R11361,elm,18150.8,64201.9,4233.2,42.82,1.175
R11362,poplar,18753.8,64261.1,4236.9,-102.32,1.18
R11363,poplar,20492,64160.3,5094.9,52.96,1.197
R11364,pine,22095,64439.7,5209.8,-243.37,1.132
R11365,elm,78230.1,64120.7,6733.7,-148.14,1.01
R11366,pine,78927,64788,6629.4,-255.58,1.158
R11367,pine,-79278.1,64908.1,11780.4,-217.54,0.963
R11368,pine,-77882,65048,10688.8,-105.47,1.217
R11369,pine,-66188.2,65116.2,7333.2,-237.8,0.806
R11370,pine,-65155.5,65337.4,8074,-263.85,1.195
R11371,pine,-64303.1,65015.1,6980.2,-21.93,0.906
R11372,poplar,-63977.3,65089.2,6693.5,48.13,0.865
R11373,elm,-62849,65025.2,6203.7,1.42,1.198
R11374,pine,-62234.8,65206.2,5892,-262.98,0.912
R11375,pine,-60813.9,65092.5,4486.7,-151.81,1.168
R11376,elm,18702.6,65133.7,4250.8,63.95,1.23
R11377,elm,19871.2,65206.3,4587.5,-57.8,0.83
R11378,elm,21879.1,64946.2,5353.9,-162.38,0.833
R11379,elm,24760.9,64806.9,5461.6,0.6,0.839
R11380,pine,26304.1,65488.6,5066,-171.95,0.868
R11381,pine,26895.9,64817.7,4949.2,38.64,0.986
R11382,pine,75799.9,65444.3,6612.5,-111.76,1.027
R11383,pine,76345.9,65343,6884.7,-35.17,0.916
R11384,pine,-79055.7,65851.4,11015,-102.88,0.815
R11385,pine,-78329.7,66061.5,10594.2,68.71,1.229
R11386,pine,-67151.4,66164.4,7831.7,-160.82,0.948
R11387,pine,-65956,65812.6,8367.9,-70.97,1.081
R11388,pine,-65313.1,65995.8,8108,-191.78,0.86
R11389,pine,-64142.5,65988.5,7168.8,-82.72,1.184
R11390,pine,-63454.5,65957.8,6725.6,-188,1.063
R11391,elm,-63017.6,66305.3,6391,69.49,0.978
R11392,poplar,-62217.1,66078.9,6043,-24.59,1.197
R11393,pine,-60808.7,65673.4,4424.9,-43.32,1.129
R11394,pine,-21597.8,65927,4046.4,45.63,1.248
R11395,pine,-19539.5,66224.6,4061.7,32.73,1.06
R11396,elm,20448,65824.7,5008.7,26.06,1.106
R11397,elm,21338,66247.1,5436.2,-200.56,0.829
R11398,pine,26229.7,65727.5,5257.1,-115.95,1.2
R11399,elm,26792,65680.5,5095,-42.71,1.125
R11400,elm,72244.2,65980,5791.9,-178.76,1.123
R11401,pine,73472.6,66041.2,5862.9,55.82,1.011
R11402,elm,73997.9,65705.4,6097.4,-250.4,0.873
R11403,pine,75155.2,65678.3,6337.1,-66.6,0.857
R11404,pine,75670.5,66294.9,6862.4,-33.06,0.957
R11405,elm,76631.5,66275.6,7205.4,-53.67,1.061
R11406,pine,-79101,66441.5,11040.7,-232.58,1.23
R11407,pine,-74349.8,66763.3,10755.8,-76.37,1.207
R11408,pine,-73026.3,66804.1,10038.7,25.86,0.809
R11409,pine,-71775.2,67184.9,9738.2,-86.27,1.244
R11410,pine,-71119.3,66931.4,9577.7,80.66,0.815
R11411,pine,-70071.9,66718.1,9099.3,80.55,1.216
R11412,pine,-67115.7,66997.1,8609.8,-118.43,1.145
R11413,elm,-65720.9,67002.8,7546.7,-156.7,1.2
R11414,pine,-65564.5,66907.6,7626.4,35.94,1.114
R11415,poplar,-64394.7,66699.5,6911.9,-69.02,1.242
R11416,poplar,-63832.3,66878,6526.6,-203.79,1.17
R11417,poplar,-62809,66965.7,5974.2,-261.29,0.843
R11418,pine,-61609.6,66694.4,5172.8,63.15,0.835
R11419,poplar,-60864,66516.2,4490.3,-159.25,1.162
R11420,pine,-60664,66768.2,4339.1,-9.78,0.868
R11421,pine,-26098.9,66883,4012.1,9.37,1.24
R11422,pine,-20139.2,67080.9,4147.3,10.06,0.899
R11423,elm,14019.7,67154.9,3843.2,-23.34,1.102
R11424,poplar,18032.7,66715.2,4581.5,-50.05,1.105
R11425,pine,18698.5,66893.3,4693.2,62.59,0.881
R11426,pine,23269.6,66778.5,5360.5,-208.08,1.061
R11427,elm,27084.1,66885.4,5868.5,-170.84,1.193
R11428,elm,72667.6,66949.6,5918.7,-176.11,1.022
R11429,pine,75152.3,66928.4,6949.8,-131.64,0.971
R11430,elm,75913.5,67035.6,7298.5,76.57,1.155
R11431,pine,76569.2,66819.3,7439.4,-167.79,1.189
R11432,pine,77195.9,66708.6,7704.9,25.68,0.983
R11433,pine,77733.9,67006.3,7804,-30.56,1.213
R11434,pine,78534.5,66984.7,7836.3,-164.51,1.159
R11435,pine,-73454.4,67572.3,10356.7,-218.08,1.198
R11436,pine,-69681.9,67302.7,8698.1,-188.75,0.881
R11437,pine,-69115.6,67511.8,8490.9,87.88,1.177
R11438,pine,-68114.1,67943.4,8647.6,-104.08,0.822
R11439,pine,-67223.8,67783.3,8707.7,84.94,1.03
R11440,pine,-66723.2,67879.6,8064.1,-221.08,1.125
R11441,poplar,-65620.4,67251.4,7243.1,-239.78,0.889
R11442,elm,-65511,67652,6888.4,-64.64,1.235
R11443,pine,-64777.6,67431.9,6895.7,-176.05,0.904
R11444,elm,-63201.5,67735.9,5966.9,-104.67,1.202
R11445,pine,-62873.9,67805,5775,-252.65,0.96
R11446,poplar,-61687.8,67863.8,5312.2,-153.83,1.132
R11447,pine,-61499.1,67352.2,5138.3,-214.97,0.938
R11448,poplar,-51084.1,67814.1,3583.1,-247.15,0.9
R11449,elm,15140.2,67464.4,4388.7,-202.78,1.098
R11450,pine,16502.6,67542.4,4734,-137.01,0.95
R11451,elm,17378.9,67987.5,5033.2,72.39,0.88
R11452,pine,19550,67409.3,5362.8,-119.52,1.076
R11453,pine,20293.1,67694.8,5400.4,-188.64,0.918
R11454,pine,21344.6,67590.5,5545.1,-136.62,1.097
R11455,pine,21983.4,67307.2,5192.2,-45.22,1.035
R11456,pine,22873.7,67945.3,5551.7,-37.78,1.095
R11457,elm,23325.1,67644.6,5556.5,-186.07,0.861
R11458,pine,25487.6,67396.5,5781,-258,1.009
R11459,pine,26435,67266.9,5799.2,-152.32,1.189
R11460,pine,40247.2,67511.4,3697,-6.77,0.999
R11461,pine,54960.9,67860.7,3928.1,27.27,1.133
R11462,pine,55513,67990.1,4123.7,-194.95,0.987
R11463,pine,71011,67677,4701.3,-157.21,1.216
R11464,pine,72398.5,67807.3,5975.9,-35.5,1.141
R11465,elm,73035.6,67610.3,6312.4,-125.95,1.223
R11466,elm,74345.1,67565.3,6998.1,-56.42,1
R11467,pine,74571.8,67540.2,7058.3,-56.7,0.989
R11468,pine,75296,67610.1,7257.7,2.11,1.155
R11469,pine,76329,67787.9,7475.5,-266.22,0.969
R11470,pine,77252.4,67426.3,7617.4,49.81,1.217
R11471,poplar,78285.6,67732.3,7373.8,-52.17,1.168
R11472,pine,78909.8,67574.4,7526,62.7,1.2
R11473,elm,79367.3,67835.2,7294.9,-201.21,0.938
R11474,pine,-72346.5,68176.7,10183.1,-158.93,1.123
R11475,pine,-69531.1,68735.7,8756.9,-22,1.079
R11476,pine,-67567.7,68657.9,8320.1,-5.71,0.98
R11477,pine,-66767.2,68133.3,7838.2,19.83,0.954
R11478,pine,-66188,68047.4,7200.7,-92.05,0.812
R11479,poplar,-65088.7,68611.6,6274.4,-238.05,0.895
R11480,elm,-64218.7,68775.8,6226.9,88.79,0.836
R11481,pine,-63956.3,68307.1,6328.7,-161.49,0.886
R11482,pine,-62511.3,68574.5,5513.9,-163.52,1.228
R11483,elm,-62359.1,68122.2,5480.4,2.7,0.831
R11484,pine,-60899.9,68201.7,4770.3,77.52,1.005
R11485,elm,-50617.7,68731.6,3718.8,-231.83,0.838
R11486,elm,-24085.9,68534.9,4210.4,-143.8,0.81
R11487,elm,-22890.2,68656.1,4018.9,-144.2,0.884
R11488,pine,-21438.1,68774,4315.2,-243.66,0.859
R11489,pine,-20595.9,68184.4,4314.6,-188.64,1.216
R11490,pine,-19638.8,68270,4431.3,-95.87,0.855
R11491,elm,-18548.1,68540.4,4368,3.21,1.121
R11492,poplar,-18317.8,68333.1,4297.6,-8.8,1.148
R11493,poplar,18812.1,68183.7,5615.9,27.06,1.21
R11494,pine,21392.9,68713,5808.8,-50.14,1.19
R11495,elm,21744.9,68579,5577.4,-225.55,0.818
R11496,pine,23118,68142.3,5684.2,-11.91,0.974
R11497,pine,23942.3,68355.4,5601.7,-154.36,1.002
R11498,pine,24668.2,68211.4,5836.3,-157.45,0.809
R11499,poplar,26639.4,68231.1,6418.7,-137.33,0.95
R11500,pine,56554.3,68466.6,4397,-84.68,1.082
R11501,pine,72262.8,68504.9,5751.9,-262.09,0.866
R11502,elm,72864.8,68052.7,6426.9,-212.91,0.895
R11503,pine,73763.2,68441.3,6960.4,-251.05,1.011
R11504,pine,74835.7,68234.5,7301.2,-123.54,1.154
R11505,pine,75517.3,68073.6,7381.8,-173.87,0.929
R11506,elm,76541.1,68637.1,7420.3,-137.11,1.054
R11507,pine,77045.2,68594.3,7466.1,-110.66,1.026
R11508,elm,78362.2,68602.3,7174.4,-249.84,1.174
R11509,elm,78939.2,68315.9,7272.4,-50.18,0.939
R11510,poplar,79249.8,68320.3,7237.6,-203.25,1.164
R11511,pine,-69207.5,68805,8615.3,-199.23,1.081
R11512,elm,-67297.4,69194.5,7320.2,-242,0.931
R11513,pine,-66937,69228.2,6867.5,-186.56,1.208
R11514,pine,-66398.5,69233,6457.6,36.96,1.228
R11515,poplar,-65352,69144.9,6183.8,49.4,1.148
R11516,poplar,-64147.9,69010.5,6187.6,79.62,1
R11517,pine,-63780.3,68923.4,6035.5,-31.57,0.848
R11518,pine,-62418.4,69330.7,5672.4,-109.79,1.204
R11519,elm,-61635.2,69553.4,5171.4,66.25,0.814
R11520,elm,-61177.8,69462.7,4805.6,86.55,1.066
R11521,elm,-48469.6,69236.4,4281.1,-47.68,1.161
R11522,pine,-45998.5,69215.9,3835.8,-154.15,0.8
R11523,elm,-41256,68975,3829.7,-121.62,1.104
R11524,pine,-39931.1,69590.6,4177.9,-42.62,1.145
R11525,elm,-24277.3,69431.6,4410.7,-135.61,0.908
R11526,pine,-23219.8,69334,4068,27.3,0.894
R11527,elm,-20467.9,69211.1,4293.2,29.54,0.915
R11528,pine,-19383.6,68951,4480.5,-186.03,0.907
R11529,poplar,-19132.4,69335.8,4452.1,-227.28,0.993
R11530,poplar,1934.2,68988.7,3830.3,47.59,0.887
R11531,elm,3588.7,69128.7,3829.4,-104.7,1.19
R11532,elm,4273.1,69335.5,3913.8,-209.5,0.895
R11533,pine,9854.1,69273.4,4297,-61.75,1.243
R11534,elm,14475,68855.9,4330.2,-203.13,1
R11535,pine,18801.4,69504.4,6421.7,76.19,0.956
R11536,pine,20210.7,69045.6,5685.9,13.86,1.196
R11537,elm,21924.2,69307.3,5864.8,-80.24,0.99
R11538,pine,22510.2,68995.7,5811.2,-262.55,1.114
R11539,elm,23663.6,68833,5593.6,-217.93,0.977
R11540,poplar,24519.9,68935.8,6033.2,27.58,1.171
R11541,poplar,25135.6,69519.3,6016.6,-193.45,1.024
R11542,pine,25821.3,68954.8,6378.8,-167.57,1.244
R11543,pine,26949.5,69090.8,6053.9,-25.19,0.955
R11544,poplar,27698.7,69503.3,5866.7,-147.21,0.92
R11545,pine,28236,69397.5,5981.2,69.16,0.821
R11546,elm,28978.8,69421.8,6268.8,-226,1.107
R11547,elm,42855.9,69108.4,4408.2,20.52,1.208
R11548,pine,55580.5,69505.7,4574.9,-164.26,1.195
R11549,pine,72207.6,68951.3,5733.3,1.34,1.203
R11550,elm,74632.9,69521.3,7047,16.37,1.072
R11551,poplar,75562,68933.4,7458.5,-35.16,1.086
R11552,elm,76272.9,69369.2,7379.9,-129.64,0.92
R11553,elm,77066.5,68941.4,7361.7,-202.98,1.137
R11554,pine,77737.2,68982.4,7344.8,78.3,1.24
R11555,pine,78435.7,69119.1,7244.4,-14.59,1.146
R11556,pine,79446.1,68869.2,6848.6,-75.01,1.012
R11557,pine,-69292.5,69798.2,8627.4,47.1,0.98
R11558,pine,-68182.5,69859.6,7691.3,-89.24,0.863
R11559,elm,-67685.2,70328.2,6479.9,-262.41,1.14
R11560,poplar,-67076.1,70180.4,6140,78.71,0.805
R11561,poplar,-66128.8,69804.1,5890.4,-82.98,1.003
R11562,elm,-65320.8,69695.6,5766.4,-64.98,0.898
R11563,elm,-64549.5,70034.6,5591.3,-50.76,1.196
R11564,poplar,-63559.2,70277,5681.8,-120.71,1.075
R11565,pine,-63014.4,69852.4,5573.7,47.32,0.882
R11566,elm,-61877.2,69972,5131.3,-246.81,1.165
R11567,elm,-61466.5,69920.5,4901.7,87.18,1.027
R11568,poplar,-46629,70077.5,4453.2,-100.32,1.024
R11569,pine,-41203.4,70234.4,4683.7,-257.19,0.96
R11570,pine,-24207.6,69945.1,4454.4,-68.26,1.059
R11571,pine,-23208.7,70055.6,4133.2,65.62,1.179
R11572,pine,-22586,70077.8,4104.9,84.47,0.853
R11573,elm,-21429.2,69719.6,4272,42.14,0.828
R11574,pine,-19434.3,70107.2,4402.5,-268.75,1.169
R11575,pine,-2213.3,70198.6,4873.3,-15.37,0.822
R11576,elm,-1160.4,70314.8,4860.9,76.27,1.104
R11577,elm,-146.6,70150.8,4635.2,-245.29,0.893
R11578,pine,747.5,69799,4542.3,53.75,1.249
R11579,pine,849.7,70233.1,4685.6,-153.57,1.249
R11580,pine,2402.2,70141.1,4456.4,-130.18,0.907
R11581,pine,3224.7,70043.3,4279.1,-238.04,0.916
R11582,pine,6830.4,70383.4,4235.5,-70,1.043
R11583,elm,8928.1,69827,4200.5,-102.64,0.886
R11584,pine,14327.5,70190.7,4418.1,-228.97,0.9
R11585,elm,16849.6,70267.7,5607.2,-109.31,1.103
R11586,poplar,19070,70381.3,6745.3,-67.46,1.235
R11587,pine,19564.9,70282.8,6557.5,-14.38,0.915
R11588,pine,20346,69907,6212.2,79.54,0.868
R11589,pine,21220,69903.7,6303.5,89,1.112
R11590,pine,21863.2,70331,6026.9,-5.91,0.93
R11591,pine,23106.2,69731.9,5378.8,-229.55,0.965
R11592,pine,23848.2,69828.9,5565.9,-101.76,1.122
R11593,pine,24161.1,70366.7,6051.7,-53.04,0.852
R11594,elm,25338.1,69887.6,5772,-146.93,1.11
R11595,pine,26115.2,70136,5512.7,-60.71,0.957
R11596,pine,26468.2,69928.7,5591.1,-136.37,0.811
R11597,elm,27393.8,69679.6,5861.1,30.07,1.226
R11598,elm,29959.7,70373.4,5364.1,-69.37,0.905
R11599,pine,43958.6,69651.3,4706.9,-117.45,1.2
R11600,elm,53749,70084.8,3712.4,23.78,1.221
R11601,pine,66058.6,70395.7,4173.9,-46.87,0.891
R11602,poplar,75170.2,69689,7532.5,-83.42,1.136
R11603,poplar,75269.5,69663,7601,-252.16,1.122
R11604,pine,76311.3,69988.7,7142.9,-5.48,1.079
R11605,elm,77048.5,69621.5,7018.9,-70.2,1.035
R11606,pine,78074.9,69847.7,6731.6,-94.71,1.116
R11607,elm,79093.4,69717.9,6998.6,-261.25,0.888
R11608,poplar,79452.3,70013.4,6744.5,-200.02,1.017
R11609,pine,-68038.3,70480.4,6909.4,-99.6,1.106
R11610,poplar,-67908.4,70677.7,6549.6,27.34,0.85
R11611,poplar,-66916.3,71116.1,5640.4,2.88,0.944
R11612,elm,-65642.2,70629.5,5403.9,84.51,1.064
R11613,pine,-65581.5,70895.2,5344.6,-134.8,1.117
R11614,elm,-64015.9,71050.2,5427.9,-6.21,1.112
R11615,pine,-63852,71028.8,5446.7,-265.17,0.807
R11616,elm,-63042.2,70647.4,5518.1,-101.05,1.158
R11617,elm,-62197.2,71060.8,5002.5,-217.13,1.217
R11618,pine,-61235.9,70915.4,4600.4,-46.02,0.997
R11619,elm,-60678.1,70459,4270.9,-14.16,1.145
R11620,poplar,-46587.5,70742.5,4705,-264.38,1.11
R11621,elm,-45618.1,70627.3,4652.7,-182.09,1.213
R11622,elm,-44295.5,70786.6,4472.4,-223.61,1.045
R11623,poplar,-42933.7,70719.8,4307.9,-212.42,1.066
R11624,elm,-41424.4,71138.3,4868.3,-52.26,0.815
R11625,pine,-40302.1,70616.9,4793.8,-34.16,0.934
R11626,poplar,-26272.9,70401,4824.5,50.77,0.972
R11627,elm,-22508.7,70926.5,4218.6,30.43,0.904
R11628,elm,-22165.9,70899.1,4293,44.28,0.858
R11629,elm,-19657,70735,4530.8,-72.11,1.048
R11630,elm,-19068.1,70660.5,4622.2,28.08,0.913
R11631,pine,-3464,71054.5,4877.3,-250.49,1.174
R11632,poplar,-132.4,71093,4790.9,3.2,0.836
R11633,pine,693,70496.7,4740.7,-36.58,0.822
R11634,pine,1542.2,70719,4738.6,53.34,0.899
R11635,pine,1856.9,70959.5,4807.8,31.95,1.062
R11636,elm,3923.5,71117.9,4664.5,-53.56,1.006
R11637,pine,4087.2,70915.1,4528.8,-134.34,0.884
R11638,pine,5010.8,71195.6,4545,-261.32,1.056
R11639,elm,6830.1,70739.5,4408.8,-267.02,0.99
R11640,elm,7616.9,70869.8,4703.9,-231.51,0.953
R11641,elm,10096.7,70966.4,4516.2,-8.63,0.878
R11642,pine,12200.6,70798.2,4544.9,-28.87,0.928
R11643,poplar,13428.5,70844.7,4378.2,60.29,1.114
R11644,pine,14768.7,70831.8,4556.2,-67.35,1.219
R11645,poplar,15765.7,70887.9,4882.6,14.58,0.836
R11646,elm,18398.5,70650.5,6757.9,-198.53,0.989
R11647,pine,19630,70401.4,6576.7,-11.2,1.123
R11648,poplar,20237.5,70985.9,6709.4,-0.41,0.998
R11649,pine,21320.1,70410.2,6326.8,54.77,1.016
R11650,elm,22316.5,70885.7,5930.6,56.63,1.153
R11651,pine,23146.2,71029.4,5997.6,-117.14,0.856
R11652,pine,23913.8,70413.1,5888.3,-148.53,1.054
R11653,poplar,24121.9,71032.4,6049.5,-243.86,0.938
R11654,poplar,25137.8,70570.7,5546.2,-99.37,1.244
R11655,elm,26011.6,70840.6,5249.3,-145.34,0.958
R11656,pine,26709.8,70863.6,5463.3,-265.25,1.122
R11657,elm,27336.5,70779.5,5809.6,-169.97,0.898
R11658,elm,28017.4,71095.2,5540.7,19.72,0.924
R11659,pine,29186.4,71092,5186,-113.31,0.808
R11660,pine,31508.1,71098.3,5245.8,-261.81,1.14
R11661,pine,44052.1,70880.7,4744.9,-88.59,0.894
R11662,pine,54077.7,70877.1,4045,-208.42,0.849
R11663,pine,55975.2,70809.6,4742.5,-46.76,0.886
R11664,pine,57762.3,70952.1,4400.8,-26.96,1.112
R11665,pine,64156.4,70817.1,4200.3,-22.52,1.147
R11666,elm,65687.8,70568.8,4216.5,-65.1,1.001
R11667,elm,73955.9,70735.8,6335.3,-253.39,0.923
R11668,elm,74702.6,70600.7,6962.7,-265.6,0.943
R11669,pine,76264.7,71067.2,6658.1,-33.8,1.127
R11670,pine,77193.4,70717.5,6614.6,-249.39,0.878
R11671,elm,78230.2,70586.9,6504.7,22.82,0.956
R11672,pine,78453.6,70896.9,6548.3,-82.64,0.867
R11673,pine,-68263.6,71380.6,6550.1,19.18,0.909
R11674,poplar,-67935.6,71200,6230.7,-126.9,1.195
R11675,elm,-66821.4,71494.2,5424,-32.5,1.184
R11676,poplar,-65860.5,71206.7,5414.7,-161.77,0.885
R11677,poplar,-65160.2,71928.5,4988.1,-69.83,1.182
R11678,poplar,-64361.4,71254.6,5204.3,-106.43,0.826
R11679,pine,-63217.4,71454.5,5252.1,-43.18,0.871
R11680,pine,-62948.2,71764.6,5165.6,65.74,1.137
R11681,poplar,-61256.8,71555.1,4549.3,-208.29,0.974
R11682,pine,-57395.6,71570.2,4453.9,-161.94,1.001
R11683,pine,-55698.5,71248.7,4574.9,85.94,0.814
R11684,pine,-46560.7,71796.2,5083,-159.77,1.118
R11685,pine,-46271,71973.3,5161.5,-89.8,0.824
R11686,pine,-42605.8,71426.7,4819.6,-106.34,0.872
R11687,pine,-41674.5,71990.2,5027.2,-126.85,1.187
R11688,pine,-22437,71433.1,4209.4,-186.58,1.21
R11689,poplar,-21900.4,71521.4,4374.9,-148.07,0.89
R11690,pine,-21303.4,71633,4613.6,33.34,0.857
R11691,elm,-20124.6,71443.2,4614.9,-239.69,0.978
R11692,pine,-18676.5,71542.2,4533.7,87.1,0.917
R11693,pine,-2332.7,71876,4940.5,-148.11,1.022
R11694,pine,-1582.9,71717.4,5064.7,-203.35,0.929
R11695,pine,-305.8,71363.2,4818,65.93,0.862
R11696,pine,919,71523.5,4824.7,47.64,1.113
R11697,elm,2390.4,71719.4,5052.9,-96.05,0.878
R11698,elm,2919,71882.6,5042.4,-93.57,0.933
R11699,pine,3607.3,71714.2,4978.1,-237.36,0.933
R11700,pine,4700.9,71484.2,4761.7,-165.97,1.121
R11701,pine,5039.4,71862.6,4994.2,23.53,0.81
R11702,elm,6315.4,71460,4749.1,28.76,1.242
R11703,pine,7255.6,71760.3,4966.9,-103.92,1.089
R11704,elm,8565.3,71863.3,5211,0.81,0.997
R11705,poplar,9225.3,71880.9,5111,21.54,0.962
R11706,elm,18483,71490.8,6425,-182.32,1.221
R11707,poplar,19934.7,71230.6,6685.3,-234.74,1.09
R11708,poplar,20501.2,71709.3,6596.8,-189.14,0.999
R11709,poplar,21107.3,71261.1,6564.8,-183.64,0.953
R11710,pine,22045.6,71507.8,6392.3,-149.91,0.942
R11711,elm,22911.1,71777.7,6464.5,-234.39,0.867
R11712,pine,23355.2,71473.1,6164.7,-236.59,0.985
R11713,elm,24604.1,71885.5,6021.7,-190.21,0.941
R11714,elm,25214.2,71825.3,5863,-40.17,0.856
R11715,elm,26288.6,71761.5,5723,-60.06,1.128
R11716,poplar,26479.2,71444.2,5603.4,-101.89,0.834
R11717,pine,27612.2,71418.7,5630,-36.05,0.861
R11718,pine,28343.3,71436,5536.9,-64.01,1.032
R11719,elm,28995.1,71235.8,5260.8,-237.33,1.016
R11720,pine,39804.4,71942.7,4784.1,-44.84,0.848
R11721,pine,41857.7,71429.6,4330,-266.06,1.023
R11722,pine,56165.1,71359.8,4711.4,48.55,0.896
R11723,poplar,57678.1,71882.9,4166.1,15.15,0.83
R11724,pine,58742.5,71844.6,4295.1,-140.93,0.983
R11725,pine,63397,71569.1,4922.6,-61.62,0.855
R11726,elm,66064.8,71647.5,4641.2,16.55,0.931
R11727,poplar,74992.2,71895.7,6634.8,-127.9,1.229
R11728,pine,75653.6,71637.3,6694.6,-102.69,1.092
R11729,pine,76018.6,71764.8,6677,49.49,1.196
R11730,pine,77274.9,71874.7,6514.3,-31.77,0.954
R11731,pine,77815.2,71939.7,6233.5,-245,1.242
R11732,pine,78917.3,71923.7,6020.6,-248.22,1.138
R11733,pine,-68578,72337.7,6675.5,-98.94,1.035
R11734,pine,-67601.1,72616.3,6135.2,37.86,1.207
R11735,pine,-65608.5,72214.1,5217.3,-209.95,1.22
R11736,pine,-65499.3,72143.7,5168.3,-250.34,1.032
R11737,pine,-64177.2,72500.8,4616.9,-236.17,0.862
R11738,elm,-63582.1,72427.2,4761.8,-205.11,1.012
R11739,pine,-61764.7,72508.5,4825.6,29.17,1.129
R11740,pine,-61353.7,72746.7,4613.9,-167.45,1.063
R11741,pine,-60241.7,72431.4,4478.8,42.33,0.827
R11742,pine,-59333.9,72158,4333.7,-106.61,0.806
R11743,pine,-58408.2,72188.3,4594,-122.11,0.858
R11744,elm,-55816.2,72092.2,4856.3,25.36,1.069
R11745,elm,-44628.6,72602.9,5467,-52.93,0.961
R11746,elm,-43888.3,72598.2,5437.8,33.21,1.183
R11747,pine,-43148,72001.4,5126.5,-79.15,1.013
R11748,pine,-40721.9,72680.5,5128.7,50.92,0.814
R11749,pine,-39984.8,72600.5,5151.2,-259.49,1.065
R11750,poplar,-25406.6,72310.2,4801.8,-38.42,1.193
R11751,pine,-24740.6,72744,4447.2,-210.58,1.204
R11752,pine,-23260.5,72670.4,4155.4,-49.5,1.151
R11753,pine,-22635.3,72256.1,4366,-6.17,1.091
R11754,pine,-21282.3,72047.8,4710.9,-42.27,0.801
R11755,pine,-20546.3,72617,5020.5,59.46,0.979
R11756,elm,-19549.7,72489.7,4612.4,-77.07,1.205
R11757,poplar,-18743.5,72215.4,4560.8,14.22,1
R11758,elm,-1036.8,72648,4928.1,-149.92,1.187
R11759,pine,-422.3,72203.7,4994.1,-13.25,1.193
R11760,pine,729.3,72106.4,4934.1,-55.28,1.187
R11761,elm,1071.4,72241.6,4991.5,-111.89,0.837
R11762,elm,2279.7,72157.8,5054.8,-17.84,1.166
R11763,pine,2580.3,72130.2,5122.2,-210.23,0.978
R11764,pine,3375.5,72659.9,5394.8,-196.88,0.92
R11765,elm,4741.5,72110.9,5286.2,-49.77,1.065
R11766,pine,5587.9,72225.2,5193,-51.88,1.004
R11767,pine,5734.2,72618.7,5469.7,-138.87,1.147
R11768,pine,7076.9,72621.5,5369.9,-185.2,0.83
R11769,pine,7274.3,72532.6,5357.1,-158.87,1.043
R11770,pine,8687.7,72786.7,5239.2,-61.7,0.941
R11771,elm,9283,72181.9,5232.4,-189.85,0.886
R11772,pine,9753.9,72051.7,5033.5,-232.52,0.833
R11773,elm,12379.1,72288.1,4500.4,4.05,1.125
R11774,pine,13941.4,72067,4207,53.98,0.954
R11775,elm,14788.6,72664.2,4652.1,-136.47,0.804
R11776,pine,15362.6,72521.4,4908.8,-152.29,0.953
R11777,elm,17730.9,72582.4,5769.4,-224.76,0.844
R11778,pine,18576.8,72778.2,5956.9,-191.01,0.923
R11779,pine,19995.3,72281.4,6434.3,30.95,1.021
R11780,pine,20701.7,72736.3,6519.3,-46.47,1.25
R11781,elm,21324.6,72079.2,6666.1,-31.67,1.22
R11782,poplar,21772.1,72103.6,6912.2,8.22,1.059
R11783,pine,22777.8,72665.6,6558.4,-154.87,0.914
R11784,poplar,23452.8,72465.3,6080,-48.91,0.947
R11785,pine,24437.1,72452.3,6307.3,39.16,1.169
R11786,elm,24930.3,72640.8,6685.9,-146.56,0.968
R11787,pine,26147.7,72298.5,6047.7,-81.31,1.116
R11788,elm,26725.2,72052.6,5626.2,-8.38,1.138
R11789,elm,27328.8,72728.5,5879.3,-8.44,1.247
R11790,pine,28318.8,72787.7,5787,-99.96,0.852
R11791,pine,29446.3,72380.5,5307.9,40.67,1.146
R11792,pine,30400.7,72116,5441.4,-0.63,0.84
R11793,pine,42585.4,72322.7,4655.2,-37.38,0.805
R11794,pine,53646.7,72701.4,4383.1,-104.11,0.961
R11795,pine,58592.1,72576.5,4218.9,-15.37,0.869
R11796,pine,64259.3,72154.7,5099.6,84.19,1.079
R11797,pine,65250.3,72362.4,4877.7,-174.02,0.95
R11798,elm,76138.4,72625.3,6445.9,-92.92,0.834
R11799,elm,77572.5,72480.1,6067.6,-1.3,1.245
R11800,poplar,78194.1,72191.1,6076.4,49.58,1.156
R11801,pine,78482,72585.3,5998.4,-39.34,1.185
R11802,pine,-67560.4,72906,6309.7,-240.05,1.188
R11803,elm,-66234.5,73467.5,5617.7,-195.49,0.947
R11804,pine,-65373.1,72925.2,5215.4,-113.16,1.15
R11805,elm,-63610.5,72888.5,4522.3,-94.92,0.858
R11806,pine,-62615.7,72905.8,4786.8,39.64,0.946
R11807,pine,-61945.6,73540.6,4626,-224.68,0.918
R11808,pine,-60812.1,72808.8,4634.8,65.12,0.97
R11809,pine,-60449.8,73250.7,4970,-24.55,1.182
R11810,elm,-58763.2,73535.7,5901.5,-17.69,1.172
R11811,elm,-57887.1,72878.1,5409.3,-10.16,1.186
R11812,poplar,-42461.9,73035.7,5637.6,-69,1.121
R11813,pine,-42055.9,73550.2,5768.1,82.13,0.974
R11814,elm,-39534.2,73299.5,5422.6,61.05,1.099
R11815,pine,-27916.8,73544.8,4964.9,-155.48,1.192
R11816,pine,-27163.8,73226.7,4928.8,64.11,1.075
R11817,poplar,-26007.3,73540.3,5217.1,-188.56,1.133
R11818,elm,-21907.4,73009,4930.5,-148.89,1.105
R11819,elm,-21409.4,73022.2,5102.5,-250.59,0.848
R11820,pine,-20214,72854.7,4891.3,-115.49,1.104
R11821,elm,-19955.5,72982.4,4836.2,-110.15,1.213
R11822,elm,-18950.8,73037.1,4683.1,-37,1.027
R11823,pine,-17709.9,73412.9,4996.3,-34.44,1.216
R11824,pine,-17210.3,73456,5217.4,-260.12,0.924
R11825,pine,-16429.1,73210,5404.1,-178.03,1.134
R11826,poplar,-4220.7,72966.2,5089.3,36.77,1.029
R11827,elm,-3034.7,73327.7,5250.7,-199.97,1.186
R11828,pine,-1704.7,73159,4983.4,-254.61,0.951
R11829,elm,-1013.5,73214.7,4911.7,24.51,1.079
R11830,pine,-444.8,73022.2,4893.9,-105.72,1.193
R11831,elm,48.8,73229.9,5004,-26.68,0.98
R11832,elm,1223.4,73422,5041.6,-167.65,1.086
R11833,elm,1628,73161.3,4955.1,-59.62,1.227
R11834,pine,2739.3,73320.6,5122.2,-119.34,1.231
R11835,pine,3513.7,73066.3,5509.8,-4.35,0.855
R11836,elm,4349.6,72893.4,5478.6,-183.63,0.96
R11837,pine,5537.9,72860.2,5436.1,-91.91,0.984
R11838,elm,5871.6,73271,5490.6,-26.26,1.224
R11839,pine,6436.7,73274.9,5356.2,-196.09,1.061
R11840,pine,7525.5,73561.2,5039.1,-34.02,1.063
R11841,elm,8587.2,72813.5,5233.9,-210.91,1.108
R11842,pine,9014.6,72891.3,5218.5,-149.89,1.151
R11843,pine,10164.2,73474.2,4927.4,-62.77,1.116
R11844,elm,12461.4,73225.2,4610.7,-35.13,0.868
R11845,pine,15049.2,72866.3,4824.6,54.8,0.918
R11846,pine,15864.8,73179.4,5008.2,-199.8,0.991
R11847,pine,19405.2,72851,6356.7,5.5,1.059
R11848,pine,20534.1,73579.1,6415,-95.08,1.032
R11849,elm,21056,73003.5,6509.9,-76.88,0.853
R11850,pine,22327.5,73478,6626.6,-41.05,0.957
R11851,pine,22649.2,72848.9,6625.3,-249.08,0.926
R11852,pine,23212.8,73067.6,6525.9,19.17,1.112
R11853,pine,24281.2,73110.8,6466.2,-251.34,0.82
R11854,pine,25275.8,73001.3,6873.7,-172.9,0.913
R11855,pine,26394.1,72849.5,6098.4,-75.27,0.816
R11856,pine,26765.6,73330.4,6292.3,-195.18,1.017
R11857,elm,27341,72925.2,5961.9,-216.36,0.865
R11858,pine,28419.9,73169.2,5945.5,-210.46,0.877
R11859,elm,29418.8,73082.7,5508.8,-90.83,0.935
R11860,pine,30964.4,73332.6,5414.2,-203.33,0.884
R11861,poplar,56165.7,73457.5,4475.3,-98.72,0.998
R11862,pine,56934.4,72925.1,4231.7,-99.88,1.128
R11863,poplar,75422.4,73185.1,6487.7,-56.5,1.208
R11864,poplar,77056.9,73368.8,5904,34.17,1.129
R11865,pine,77622.2,73386.5,5925.6,-160.43,1.068
R11866,pine,78464.9,72896.8,6002.2,85.06,0.936
R11867,pine,79507.8,73520.8,5855.1,-66.66,0.896
R11868,elm,-68187.7,74390.1,7071.2,-203.91,0.962
R11869,pine,-67408.4,73992.6,6750.5,-14.67,1.203
R11870,elm,-66648,73963.8,6175.5,65.7,0.869
R11871,elm,-66122.8,74228,5940.8,55.36,0.894
R11872,elm,-65241.7,73774,5308.7,-168.79,0.954
R11873,poplar,-63532.7,74361.8,4332.1,-202.39,0.943
R11874,elm,-62476.7,73831.3,4504.8,25.73,0.992
R11875,poplar,-61039,73765.4,4928.8,-193.74,1.173
R11876,pine,-60707.5,74384.1,5511.4,-113.39,1.197
R11877,poplar,-59506,73745.8,5793.5,-37.03,0.985
R11878,pine,-58705.3,74034.1,5815.3,-251.56,1.009
R11879,elm,-57992.3,73948.5,5448.3,-14.21,0.99
R11880,poplar,-44031.2,74316.4,6059.9,-109.06,0.894
R11881,elm,-43258.5,74080.4,6098,-245.67,1.098
R11882,pine,-41660,73851.1,5767.8,-187.82,1.177
R11883,elm,-39200.5,74229.1,5565.9,-118.89,1.091
R11884,pine,-37223.7,73826,4457.4,-0.84,0.803
R11885,elm,-28657.5,74219.5,5071.9,-27.47,0.861
R11886,elm,-26765.6,73704.2,5091.6,39.61,1.182
R11887,elm,-25740.2,73771.1,5079.8,-29.12,1.03
R11888,elm,-25398.5,74057.1,4975.7,55.94,1.146
R11889,elm,-23017,74201.7,5046.5,-8.24,1.115
R11890,elm,-21676.9,74000.6,5247.9,-134.74,1.226
R11891,pine,-21002.4,73646.8,5269.6,85.37,0.98
R11892,poplar,-19331.1,74383.9,5081.9,-264.85,1.07
R11893,pine,-18534.7,74216.6,4973.3,-153.99,1.162
R11894,elm,-17260.7,73989.2,5142.3,-38.06,1.171
R11895,pine,-16271.5,73719.2,5306.7,-35.47,0.893
R11896,pine,-13818.5,74153.8,5321.8,-113.42,0.95
R11897,elm,-4136.9,74094.4,5027.9,25.78,0.896
R11898,pine,-3472.9,74003.9,5412.1,-147.3,1.077
R11899,elm,-835.6,74138.3,5274.4,-251.22,0.943
R11900,poplar,-692.5,73603,5027.5,85.66,0.966
R11901,pine,667.3,74036.8,5206.5,-101.56,0.971
R11902,elm,1075.5,74243,5267.7,-107.63,1.199
R11903,pine,1893.9,74298.2,5199.7,50.28,1.08
R11904,pine,2570,73825.4,5025.8,-183.99,0.917
R11905,elm,3809.5,74194.3,5316.7,54.93,1.079
R11906,poplar,4731.4,74338.9,5580.9,-6.64,0.926
R11907,pine,4822.3,73832.4,5536,-25.35,0.974
R11908,elm,5720.2,73800.9,5603.6,-226.11,1.068
R11909,pine,6887.1,74109.6,5134.3,0.59,1.037
R11910,pine,7375.3,74239.7,4989.8,-264.11,1.111
R11911,elm,8445.5,74209.4,4768.9,19.5,1.125
R11912,pine,9205.3,73801.3,4690.3,38.85,1.031
R11913,elm,10099.1,73967.3,4685.5,-102.41,0.825
R11914,elm,10780.3,74046.3,4595.8,-9.44,1.028
R11915,pine,14942.2,73851.7,4785.8,-54.2,1.227
R11916,pine,15912.1,74322.4,4985.5,19.7,0.924
R11917,pine,16299.4,74248.9,5026.9,-61.96,0.954
R11918,pine,16839.2,74210.5,5288.2,52.49,1.118
R11919,elm,17651.7,73823.7,5528,-68.05,1.101
R11920,elm,19150.1,74092.1,6002.5,-174.03,1.107
R11921,elm,19364.7,74163.4,6082.5,-28.97,1.073
R11922,pine,20166.2,73636.9,6304.8,-138.13,1.222
R11923,pine,21468.2,74046.5,6411.2,17.21,1.109
R11924,pine,22168.1,74012.2,6402.8,-126.11,0.864
R11925,pine,23695.1,73841.2,6474.9,3.25,0.851
R11926,pine,24307.6,74327,6502,-149.2,1.053
R11927,elm,24933.8,73812.8,6816,-244.22,0.84
R11928,elm,26060.4,73964.3,6946.7,-246.39,1.157
R11929,poplar,26966.6,73616.9,6510,36.43,1.158
R11930,pine,27708.1,73882.7,6585.4,-182.81,1.032
R11931,elm,28069.3,73912.3,6532.2,-267.26,1.087
R11932,elm,29001.3,74381.5,6487.1,8.64,1.12
R11933,pine,29810.7,73755.3,5769.2,-209.59,1.091
R11934,elm,44933.1,73686.1,5066.4,-267.77,1.138
R11935,elm,45990.5,73896.4,4612.5,-104.1,1.192
R11936,elm,58731.6,73718.2,4656,-24.8,1.043
R11937,elm,59616.1,73799.5,4853.4,-217.13,1.123
R11938,pine,60551.2,74090.8,5329.9,-10.5,1.211
R11939,pine,61172.7,74025.5,5666.7,-54.27,1.187
R11940,pine,64168.8,74220.5,5725.4,-83.96,0.968
R11941,elm,74264.1,74344.7,5642.5,-200.79,1.082
R11942,pine,74670.5,74198,5899.7,-50.83,0.884
R11943,pine,76559.6,74318.5,5740.7,-212.64,1.033
R11944,pine,77013.5,73778.2,5876.1,-215.04,1.053
R11945,pine,77928.3,74042.7,5907,-211.58,1.137
R11946,pine,79110.3,73713.8,5851.6,5.69,1.221
R11947,pine,-67734.8,74995.8,6634,5.48,0.869
R11948,poplar,-66505.2,75104.5,6395.3,82.31,1.197
R11949,elm,-66206.4,74643.3,6045.3,-149.6,1.138
R11950,pine,-65388.7,74603.3,5822.9,-98.84,1.138
R11951,elm,-64696.2,75031.8,5287.1,-155.43,0.989
R11952,elm,-63499.4,74890.9,4443.1,-190.96,0.988
R11953,elm,-62554.6,75100.8,4629.4,-144.06,1.138
R11954,poplar,-61790,75141.9,4931.4,25.44,0.829
R11955,elm,-60554.6,74887.6,5880.4,-167.3,0.903
R11956,pine,-59898.1,75015.7,6395.1,-217.55,1.178
R11957,poplar,-45183.7,75145.9,6122.3,15.92,0.862
R11958,poplar,-43322.8,74471.6,6030.6,-213.69,1.117
R11959,elm,-42581,74442.5,6030.8,-255.12,0.841
R11960,elm,-41641.1,74875.1,5889.4,-87.13,1.206
R11961,pine,-41555.4,74993.3,5870.8,-259,1.208
R11962,elm,-39429.5,74441.8,5555.1,77.42,0.981
R11963,poplar,-38800.6,74438,5347.2,53.79,1.173
R11964,pine,-28812.6,74805,5167.5,78.84,1.009
R11965,elm,-28063.7,74896.2,5211.7,-106.27,1.099
R11966,pine,-27753.3,74840.6,5220.5,-221.53,1.221
R11967,pine,-26780.3,74579.5,5133.8,-99.97,1.116
R11968,pine,-25918.6,74676.8,5109.1,-129.77,1.051
R11969,pine,-25091.7,74621.9,4946,-218.75,1.191
R11970,elm,-24559.4,74695.7,5011.7,-230.6,0.978
R11971,elm,-23395.8,75102.3,5590.6,-26.08,1.065
R11972,elm,-22434.7,74961,5347.1,-178.85,1.007
R11973,pine,-22009.1,74576.9,5203.2,-159.86,1.219
R11974,pine,-21489.6,75193.5,5207.6,-186.08,1.075
R11975,pine,-20686.7,75111.9,5237.7,-260.45,1.24
R11976,pine,-19810.2,74572.9,5302.9,-22.8,1.206
R11977,pine,-19139.6,74545.3,5127.3,-85.41,1.013
R11978,pine,-18029.5,75120,5365.6,-163.86,1.135
R11979,pine,-16802.2,74744.2,5208.5,13.54,0.963
R11980,elm,-16597.6,74546.6,5226.1,88.94,1.237
R11981,pine,-15005.3,74705,5397.3,24.74,0.946
R11982,pine,-13643.7,74722.6,5480.6,-36.22,1.201
R11983,pine,-817.6,74745.5,5327,-250.07,1.012
R11984,poplar,-620.6,74715.4,5250.2,-235.76,1.222
R11985,poplar,717,74646.7,5365.7,-232.95,0.871
R11986,elm,1089.8,75009.7,5377.8,-81.18,1.02
R11987,pine,2207.6,74673.1,5055.5,-37.77,1.048
R11988,elm,3098.8,75085.1,5051,20.46,1.123
R11989,pine,3231.9,75166,5092.9,-27.71,1.067
R11990,poplar,4518.5,74579.8,5470.6,-205.11,0.935
R11991,poplar,5016.2,74634.3,5655.6,-10.14,0.885
R11992,elm,6147.1,75135.3,5625.9,-108.33,1.194
R11993,elm,6851.1,74758.2,5207.6,-80.47,0.909
R11994,poplar,7486.1,74907.9,5063.5,-206.91,0.864
R11995,elm,8190.2,74879.2,4824.1,-183.3,1.224
R11996,pine,9048.2,74911.4,4480.3,-88.16,0.853
R11997,pine,9963,74857.9,4356.5,32.88,1.157
R11998,poplar,13339.8,74749.8,4845.2,-244.31,1.051
R11999,pine,14892.6,74453.1,5097.9,-166.24,0.803
R12000,pine,16088.3,74680.7,5090.1,-23.93,1.199
R12001,elm,18244,74462.7,5496.6,-19.97,1.058
R12002,pine,18721,75173.1,5633.1,-43.43,1.157
R12003,pine,19902,75176,6025.3,-164.41,1.085
R12004,poplar,20359.6,74435.6,6313,35.45,0.968
R12005,pine,20825.2,74818.1,6230.6,24.79,0.947
R12006,poplar,22319,74452.9,6432,76.12,0.878
R12007,pine,22697.4,74641.6,6488.6,-8.25,0.973
R12008,poplar,23559,74806,6497.6,12.27,1.188
R12009,elm,24600.5,74708,6420.1,-84.89,0.857
R12010,elm,26167.4,74620.7,6976.7,30.78,1.147
R12011,poplar,27076.5,74823.9,6884.2,-254.83,1.133
R12012,poplar,27994.2,74732.2,6942.7,82.69,0.984
R12013,pine,28718.5,74940.6,6907.8,-163.57,0.957
R12014,pine,42314.7,74410.4,5276.4,-143.33,1.146
R12015,pine,46269.9,74534.7,4524.7,-226.86,0.949
R12016,pine,46853.4,74630.2,4436.3,21.89,0.901
R12017,elm,58194,74625.3,4857.3,-136.2,1.014
R12018,pine,58831.2,74558.8,4939.1,59.66,0.838
R12019,elm,61555.4,74836.2,5795.8,-266.66,1.042
R12020,pine,61843.2,75018.3,5886.8,-24.21,1.09
R12021,pine,62981.4,74998.2,5909.7,-90.72,1.003
R12022,elm,64560.2,74790.8,5547.7,-193.95,1.078
R12023,pine,74594,74583.9,5558.5,-97.23,0.996
R12024,pine,75369.2,75178.5,5378.1,-140.88,0.865
R12025,pine,77135.4,75045.9,5633.4,-196.59,0.879
R12026,poplar,78036.8,75199.9,5765.2,-61.43,1.071
R12027,pine,78717.7,74469.2,5762.1,-68.39,1.088
R12028,elm,79269,74518.2,5716.8,-229.95,1.113
R12029,pine,-67295.9,75987.6,6260.5,-80.55,1.064
R12030,poplar,-66849.9,75511.2,6352.5,61.17,1.108
R12031,pine,-65882.4,75491.7,6271.8,-257.19,0.99
R12032,pine,-65106.3,75786.1,6079.7,-78.73,0.953
R12033,pine,-64749.9,75840.2,5691.8,-72.31,1.175
R12034,pine,-61859.2,75556.4,5121.6,-91.7,1.209
R12035,pine,-61323.4,75498.4,5438.3,58.75,1.174
R12036,pine,-60138.7,75310.8,6234.8,-152.39,0.936
R12037,elm,-58979.1,75709.1,5598.8,-88.59,0.994
R12038,poplar,-43666.7,75939.7,5776.2,-78.94,0.972
R12039,elm,-42459.5,75612.3,5762.1,37.21,1.194
R12040,poplar,-39338.6,75979.6,5404.9,-35.06,1.076
R12041,elm,-38911.4,75590.4,5315.5,-38.99,1.148
R12042,pine,-37887.8,75638.3,4880,-250.29,0.968
R12043,pine,-36716.9,75966.8,4565.9,37.24,0.95
R12044,pine,-26805.8,75789.3,5468.5,-116.87,1.127
R12045,elm,-26241.5,75505.4,5385.4,-93.71,1.135
R12046,pine,-25466.3,75257.3,5245.2,-6.2,1.12
R12047,elm,-24769.9,75560.2,5442.1,76.2,1.129
R12048,pine,-23566.2,75514.6,5662.2,28.08,0.865
R12049,pine,-22994,75719,5617.6,-22.31,0.856
R12050,pine,-22384,75506.5,5522.1,52.13,1.173
R12051,pine,-21314.1,75874.7,5215.8,-40.1,1.012
R12052,pine,-20246.6,75749,5408.5,-99.52,1.245
R12053,elm,-19202.6,75454,5611.4,-200.5,0.811
R12054,elm,-18485.8,75312.8,5368.3,52.38,1.115
R12055,elm,-18398.7,75976.8,5583.8,-152.59,1.029
R12056,pine,-16876.4,75448.8,5378.9,-229.03,1.114
R12057,pine,-16333,75509.5,5380.9,51.55,0.844
R12058,elm,-15777.9,75983.3,5517.3,-208.84,1.066
R12059,elm,-14801.5,75714,5525.5,-49.97,1.109
R12060,elm,-2440.5,75556.8,5288.4,-224.75,1.133
R12061,elm,-1039.9,75572.5,5689.2,10.44,1.083
R12062,elm,-34.7,75647.3,5323.2,-200.72,1.089
R12063,pine,46.1,75366.7,5279.4,56.24,0.949
R12064,poplar,1103.4,75835.4,5274.5,-258.99,1.153
R12065,pine,1800.6,75616.7,5310.6,-166.17,0.81
R12066,pine,2623.6,75767.9,5155.9,-258.35,1.017
R12067,pine,3607.2,75390.3,5284.9,-231.02,0.871
R12068,elm,4443.6,75744.3,5607.2,-51.83,1.108
R12069,poplar,5440,75666.4,5715,-236.82,0.922
R12070,pine,5711.4,75424.5,5801.9,-260.52,1.231
R12071,elm,6996.3,75606.1,5373.6,-150.44,1.188
R12072,pine,8614.6,75566.4,4671.3,-179.97,0.826
R12073,elm,9492.4,75602.8,4364.2,60.65,0.914
R12074,pine,10738.6,75450.5,4287.5,-100.98,1.043
R12075,elm,11214.7,75274.9,4513.6,-99.04,1.026
R12076,elm,12224.7,75959.9,4937,-228.25,0.822
R12077,pine,13259.5,75924.9,5364,-164.83,1.197
R12078,elm,14148.7,75871.1,5261.3,-266.19,0.818
R12079,elm,14701.5,75500.1,5250.3,4.99,1.141
R12080,elm,15560.6,75581.5,5262.1,-111.32,1.105
R12081,pine,16296.4,75477.5,5380,-109.61,1.231
R12082,pine,18718.4,75937.7,5989.2,-234.29,1.009
R12083,elm,19214.4,75691.4,5898.6,-154.72,0.943
R12084,poplar,20018.3,75358.1,6055.4,-135.67,0.861
R12085,elm,21012.5,75284.9,6026.5,-44.21,1.123
R12086,pine,22186.4,75492.4,6173.9,43.07,0.914
R12087,pine,22652.9,75865.7,6184.6,-255.56,1.065
R12088,elm,23487,75575.8,6473.2,-32.53,0.999
R12089,elm,25272.9,75632.4,6929.3,2.77,1.115
R12090,pine,25890.3,75393.9,7278.2,-232.75,1.149
R12091,poplar,27197,75252.1,6928.8,15.92,1.166
R12092,pine,27483.7,75224.6,6974.9,75.46,1.065
R12093,pine,28512.2,75671.9,7307.7,-36.89,1.194
R12094,pine,29070,75955.3,7037,-2.27,1.035
R12095,elm,30457.9,75295.6,6259.7,-231.96,1.028
R12096,elm,37939.9,75731.5,4545.4,-26.38,1.131
R12097,pine,42929.3,75408.2,5384.6,-46.24,1.118
R12098,pine,45962.6,75891.6,4768.9,-223.2,1.07
R12099,elm,51830.4,75460.3,4230.1,-6.97,1.183
R12100,pine,57657.6,75944.9,4969,-208.56,0.805
R12101,pine,59187.2,75489.2,5170.3,-260.94,0.835
R12102,elm,59372.6,75982.3,5260.5,0.24,1.166
R12103,pine,60519.4,75370.8,5444.1,-55.9,1.017
R12104,pine,61482.6,75229.7,5805.2,-28.53,0.874
R12105,elm,61651.9,75828.9,5694.9,62.94,1.237
R12106,elm,62592.7,75334.8,6099.5,59.23,1.037
R12107,pine,63633.8,75286.5,6063.3,-176.51,1.226
R12108,pine,74094.5,75763.4,4907.3,-243.26,0.845
R12109,pine,75185.8,75341.8,5361.9,-3.33,1.1
R12110,elm,75574.7,75227.8,5406.2,-251.23,1.228
R12111,poplar,76208.9,75960.7,5624.3,-26.94,0.983
R12112,pine,77580.4,75248.1,5805.8,-217.83,0.927
R12113,pine,78367.5,75364.5,5770.9,-11.4,0.98
R12114,poplar,78463.8,75832.6,5799.3,12.05,0.986
R12115,poplar,-67648.2,76528.3,6446.2,7.97,0.948
R12116,poplar,-66617.7,76157.6,6126,-266.42,0.927
R12117,elm,-65802.7,76008.5,6213,-257.64,0.846
R12118,poplar,-65204,76025.8,6150.4,-157.21,1.234
R12119,pine,-64314.2,76289.1,5358.5,63.83,1.147
R12120,pine,-63890,76030.4,4875.8,47.77,0.889
R12121,pine,-60792.8,76542.5,5503.8,70.45,0.96
R12122,elm,-45718.3,76006.8,6054,-44.11,1.002
R12123,pine,-44673.3,76074.6,5814.8,-179.38,1.142
R12124,pine,-43985.4,76030.7,5766.4,53.73,0.822
R12125,pine,-42628.6,76085.6,5787.7,-231.73,1.013
R12126,elm,-40879.3,76551.5,5751.5,-193.12,0.894
R12127,poplar,-40688.5,76503.8,5753.4,-27.28,1.089
R12128,elm,-38581.6,76328.1,5226.9,-263.7,0.939
R12129,pine,-38208.3,76167.7,4921,-87.48,0.957
R12130,poplar,-36960.6,76346.8,4629.3,35.54,1.161
R12131,pine,-36735.2,76538.4,4610.6,-21.08,1.222
R12132,poplar,-28018.8,76040.4,5219,-267.04,0.813
R12133,elm,-27489.4,76694.9,5405.3,85.53,1.099
R12134,pine,-26529.1,76527.7,5804.5,74.73,1.019
R12135,pine,-26382.2,76686.8,5922.6,-160.63,1.227
R12136,pine,-25359.2,76038.7,5642.4,57.06,1.124
R12137,elm,-24397.5,76172.4,5635.7,-203.84,0.947
R12138,pine,-23426.1,76247.6,5540.2,-167.47,0.962
R12139,poplar,-22786.5,76106.6,5619.1,-62.78,0.853
R12140,elm,-21766.9,76473.1,5437.7,-164.3,1.11
R12141,elm,-20987.5,76737.3,5525.9,-47.68,1.205
R12142,pine,-20782.1,76622.9,5487.1,-226.71,1.007
R12143,elm,-19812.4,76120.2,5482.4,-207.01,0.979
R12144,pine,-18925.4,76424.6,5780.3,-169.6,1.122
R12145,pine,-18235.6,76497.1,5660.9,-221.56,1.009
R12146,pine,-16970.3,76534.1,5670.6,33.87,0.806
R12147,pine,-16506.8,76057,5551.7,-251.93,1.219
R12148,pine,-15466,76476.4,5621,-244.72,1.241
R12149,elm,-15113.2,76734.9,5796.6,-1.47,0.819
R12150,pine,-13689,76307.9,5579.1,38.79,0.931
R12151,pine,-13528.6,76228.4,5516.8,-51.73,1.193
R12152,pine,-2381.7,76752.7,5298.6,-67.15,1.105
R12153,poplar,-1389.8,76790.4,5892.6,57.01,0.938
R12154,pine,-301.6,76477.1,5751.4,59.58,1.057
R12155,elm,407.2,76736.5,5502.8,49.97,0.942
R12156,pine,1005.2,76331,5315,-76.62,1.066
R12157,elm,2159.5,76642.4,5515.3,29.34,1.206
R12158,elm,2898.7,76213.5,5225.1,-215.81,0.943
R12159,pine,3416.7,76608.4,5392.9,44.33,1.076
R12160,pine,4140.2,76087.4,5606.5,2.75,1.146
R12161,pine,5000.1,76505.4,5574.5,-42.78,0.832
R12162,poplar,6268.8,76411,5649.8,-123.43,0.819
R12163,pine,7184.5,76361.8,5384.5,-193.08,0.864
R12164,pine,7438.4,76246.8,5141,-247.35,1.05
R12165,elm,8740.4,76343.1,4824.5,80.82,0.822
R12166,poplar,9181,76224.3,4719.9,76.91,0.974
R12167,pine,9772.3,76036.9,4500.5,-114.29,1.219
R12168,elm,13127.8,76162.1,5499.6,-63.99,0.9
R12169,pine,14064.1,76472.1,5304.8,-79.3,0.858
R12170,pine,14878.9,76182.2,5377.4,-31.94,0.999
R12171,pine,15252.8,76049.4,5361.1,-242.92,0.935
R12172,elm,16040.3,76364.8,5501,-10.99,0.868
R12173,pine,16878.9,76680.9,5653.4,-47.17,0.996
R12174,elm,17947,76038.3,5908.5,-18.05,0.983
R12175,pine,18967.9,76131.5,6101.5,-83.13,1.014
R12176,pine,19788.6,76417.7,6099.1,-156.24,0.838
R12177,pine,20595.9,76345.5,5964.2,-191.34,1.113
R12178,pine,21524.2,76298.8,5869.1,-174.86,1.022
R12179,elm,22379.3,76266.8,5968.2,35.79,1.135
R12180,pine,22689.8,76294.9,6023.1,-54.89,0.945
R12181,pine,23944.9,76198.5,6444.5,-99.85,1.151
R12182,pine,24330,76227.2,6636.4,24.06,1.057
R12183,pine,24974.7,76133.5,6914.2,-70.47,1.155
R12184,elm,26192.4,76386.2,7405.1,-157.67,1.003
R12185,pine,26920.8,76208.3,7181.9,-104.6,1.102
R12186,pine,27328.8,76151.9,7163.8,-130.53,0.844
R12187,pine,28550.9,76564.7,7282,-175.24,0.973
R12188,poplar,29371.9,76484.6,6784.4,-79.24,0.884
R12189,pine,38975,76273.4,4906.5,-10.44,1.035
R12190,elm,39393.5,76756.4,4930.2,-143.08,1.174
R12191,elm,57522.2,76046.9,4989.2,-134.35,0.854
R12192,pine,58276,76310.6,5604,69.44,1.073
R12193,elm,58871.8,76366.5,5507.4,-199.96,1.17
R12194,elm,59940.4,76221.3,5292.3,-23.81,0.944
R12195,elm,60757.7,76297.9,5407.9,23.52,1.008
R12196,pine,61004.1,76604.3,5378.5,25.28,1.034
R12197,elm,61798.3,76561.1,5523.8,-166.13,1.112
R12198,elm,62718.3,76198.3,6097.5,-12.04,1.199
R12199,pine,63746.6,76033.7,6389,-242.23,0.852
R12200,elm,64982.3,76093.8,5495.8,-205.56,1.091
R12201,pine,74303.8,76750.3,4988.5,5.15,1.198
R12202,elm,74906.7,76557.5,5269.6,77.27,0.988
R12203,poplar,75765.8,76730.4,5639.8,-18.58,1.018
R12204,pine,76040.3,76481.4,5777.6,-150.75,0.898
R12205,poplar,77143.2,76421.8,5910.2,-244.06,1.074
R12206,pine,77767,76741.5,5969.7,59.32,0.91
R12207,elm,79099.2,76164.8,5752.2,-105.93,0.834
R12208,pine,79245,76671.8,5730.5,44.26,0.942
R12209,pine,-79506.6,77252.4,13436.7,72.59,1.018
R12210,pine,-78976.2,76988.1,14313.4,-96.27,1.113
R12211,poplar,-68459.1,77122.4,6935.1,-151.85,1.239
R12212,pine,-66777.9,77399.6,6309.2,50.28,1.165
R12213,pine,-66032.5,77365.8,6187.2,-57.48,1.088
R12214,pine,-65255.6,77572.6,6082.6,-166.12,0.89
R12215,elm,-64786,77262.6,6115,74.72,1.013
R12216,elm,-63739.7,77450.5,5375.1,-133.22,0.826
R12217,pine,-62217.9,77080.6,5672.9,41.74,1.186
R12218,poplar,-61048.2,77076.3,5586.4,-189.31,1.152
R12219,pine,-42418,77186.7,5359,-217.88,0.995
R12220,pine,-39623.3,76984.4,5796.4,-209.52,1.156
R12221,pine,-38515.7,76947.6,5272.9,-216.64,0.977
R12222,pine,-38369.9,77423.2,5253.6,70.1,0.881
R12223,elm,-37100.1,77491.1,4784.7,-56.54,0.811
R12224,poplar,-35247.4,77138.7,4596.1,-52.5,1.078
R12225,pine,-29217.6,76939,5020.8,-183.05,1.081
R12226,elm,-28639.7,77487.1,4940,29.9,0.981
R12227,elm,-27687.1,77434.2,5252.1,-238.12,1.032
R12228,pine,-24904.3,77357.4,5647.6,66.35,0.976
R12229,pine,-24501,77240.4,5461.2,-184.42,1.004
R12230,elm,-23252.3,77477.3,5346.3,-102.59,1.228
R12231,pine,-23157.1,77223.4,5351.6,60.81,0.871
R12232,pine,-22365.8,77075.8,5630.9,-17.61,0.928
R12233,poplar,-21381.9,77218,5598.2,-39.42,1.097
R12234,pine,-20190.9,77290.3,5698.3,-51.39,0.879
R12235,pine,-19783,76812.5,5578.5,-74.91,0.858
R12236,elm,-18890.4,76980.5,5880.5,-253.44,0.834
R12237,pine,-17658.5,77363,5848.8,36.73,0.82
R12238,pine,-16803.9,76803.9,5731.9,-89.87,0.94
R12239,pine,-16588.4,76853.3,5665.7,5.9,1.073
R12240,elm,-15939,76803,5671.6,-139.27,0.911
R12241,elm,-14666.8,77373,5808.9,-45.27,0.829
R12242,elm,-14004.2,76805.2,5564.5,-208.71,0.801
R12243,poplar,-2483.1,77227.6,5410.9,-0.26,1.131
R12244,elm,-971.2,77519.8,5867.3,-106.61,0.984
R12245,pine,-673.2,77345.9,5804.2,-91.29,1.181
R12246,pine,154.3,76862.7,5662.6,-140.95,1.061
R12247,pine,1586.9,77082.2,5380.7,-110.46,1.032
R12248,pine,2002.6,77411.7,5552.1,-269.34,0.885
R12249,pine,2741.5,77479.4,5586.2,-242.18,0.905
R12250,pine,3276.6,76930.9,5401.7,74.05,1.171
R12251,elm,4127.1,77033.9,5523.2,-34.39,0.965
R12252,poplar,5154.3,77013.8,5549.5,-258.87,1.078
R12253,pine,5848.4,76934.4,5668.3,-105.73,1.198
R12254,pine,6675.9,76981.3,5515,-133.74,1.096
R12255,pine,7911.7,77543.2,5483.6,-39.69,1.174
R12256,poplar,8571.5,76867.4,5053,-263.75,1.076
R12257,pine,9529.5,77312.5,5203.2,85.99,1.044
R12258,pine,9746.7,77047.9,5009.3,-60.11,0.986
R12259,pine,10725.5,77482.6,5212.6,34.07,0.896
R12260,pine,12883.8,77479.5,5489.6,-51.22,0.956
R12261,elm,13937.7,77298.8,5345,-226.72,1.224
R12262,elm,15152.4,77111.6,5331.9,-12,1.038
R12263,elm,15652.4,77592.5,5471.1,-159.94,0.963
R12264,pine,16023.6,76898.8,5496.4,-232.55,1.208
R12265,pine,17018,77298.2,5660,67.64,1.003
R12266,pine,18029.4,76896,5882.8,-249.3,1.232
R12267,pine,18751.2,77024.2,5726.8,-155.6,0.861
R12268,elm,19793.9,76869.8,5871.4,48.32,1.031
R12269,elm,20588.9,76920.9,5897.8,-260.1,1.218
R12270,pine,21350.3,77528.4,5786.6,-159.61,0.979
R12271,elm,21711.7,77564.1,5794.4,7.29,0.858
R12272,elm,23170.5,77174.7,5975.2,-3.75,1.066
R12273,elm,23510.6,77231.5,6078.8,-3.23,0.987
R12274,poplar,24272.3,77505.6,6351.4,-42.83,0.955
R12275,poplar,24882.3,76954.1,6805.8,-188.95,0.893
R12276,pine,26036.9,77094.5,7599.9,-58.54,0.992
R12277,pine,26453.6,77134.6,7501.7,-266.22,0.854
R12278,elm,27651.1,77164.3,7097.5,29.72,1.227
R12279,pine,28690.7,77131.8,7082,-245.39,0.916
R12280,poplar,29175.7,77547.1,6942.1,-22.89,0.973
R12281,elm,36987.8,77289.8,4402.1,6.4,1.131
R12282,elm,38710.4,77340.2,4620.1,-208.99,1.153
R12283,pine,57764.6,77350.6,5934.2,-160.83,1.094
R12284,pine,59185.3,76949.3,5352.4,-112.12,1.138
R12285,pine,59571.6,77535.4,5223.2,76.92,1.118
R12286,pine,60736.8,76926.8,5318.4,-231.97,0.959
R12287,pine,61472.9,77305.1,5276.6,-160.04,1.177
R12288,pine,62263.1,77378,5576.1,-44.73,1.167
R12289,poplar,62541.1,77545.8,5655.3,-209.07,1.081
R12290,pine,63726,77217.2,6425.3,-221.76,0.867
R12291,pine,64210.6,76978.2,6331.3,43.17,0.905
R12292,pine,65371.8,76959.8,5472.6,82.47,1.177
R12293,elm,74143.9,77260.3,5086.2,-143.19,1.176
R12294,pine,74535.1,76822.7,5103.2,-229.35,0.961
R12295,pine,75389.8,77482.8,5581.1,-237.02,0.815
R12296,pine,76555.8,77231.4,5865,-229.22,0.93
R12297,pine,77168.3,77421.1,5846.3,58.16,1.022
R12298,pine,78199.5,76888.5,5879.9,-16.26,1.222
R12299,pine,78583.9,77122.9,5867.3,19.46,0.917
R12300,pine,-79301.8,78077.5,11957.3,-222.65,0.878
R12301,pine,-78575.9,78062.2,12585.5,86.4,1.126
R12302,pine,-78162.5,78177.5,12928.5,-162.19,1.121
R12303,pine,-77569,77732.2,12592.3,-93,0.9
R12304,pine,-76550.9,78203,11323.2,-156.05,1.241
R12305,pine,-69943.1,78372.5,7957.5,33.26,0.95
R12306,elm,-68117.6,78055.8,6674.2,38.52,0.838
R12307,elm,-66491.5,77607,6337.2,33.22,1.028
R12308,pine,-66160.2,78249.8,6308.8,-149.64,0.953
R12309,elm,-65570.3,77840,6090.5,78.17,1.186
R12310,elm,-64411.1,78365.7,6534.4,-196.76,1.053
R12311,elm,-61476.1,78387.6,5726.6,-173.16,1.089
R12312,pine,-47822.7,77899.7,6269.2,-238.85,0.911
R12313,pine,-46728.5,78210.9,5774.4,1.08,1.003
R12314,pine,-45264.6,78250.8,5504.2,-197.67,0.957
R12315,pine,-44625.6,77795.3,5361.3,-95.45,0.975
R12316,pine,-38622.4,77940.7,5475.1,-29.13,0.844
R12317,elm,-35168.9,78368.7,4971.8,-106.57,1
R12318,elm,-33926.2,77656.7,4686.1,-19.38,1.134
R12319,poplar,-32562.5,77845.3,5197.1,-261.5,0.832
R12320,pine,-31348.1,78180.3,5097.9,-62.7,1.03
R12321,pine,-29717.6,77727.5,4984,-43.46,1.218
R12322,pine,-29184.4,77844.1,4967.5,-53.21,1.111
R12323,pine,-28406.2,78373.5,5174.7,-37.43,1.006
R12324,elm,-27627.9,78246.5,5365.6,-176.73,1.129
R12325,pine,-26818.2,77882.5,5666,-261.1,1.113
R12326,pine,-25993.9,78099.3,5963.4,81.42,1.195
R12327,pine,-24955.9,77672.2,5655.4,-49.5,0.823
R12328,elm,-23011.6,78185.9,5483.3,-136.39,1.186
R12329,poplar,-21840.2,78331.6,5784.9,-88.8,0.8
R12330,pine,-20955.5,77705.7,5709.2,-47.35,0.934
R12331,poplar,-20236.2,78383.6,5949.1,1.71,0.801
R12332,elm,-19321.2,77638.8,6054.1,48.75,1.14
R12333,pine,-19154.3,77655.5,6137.2,24.12,0.9
R12334,pine,-17772.7,78160.5,5944.5,82.12,0.977
R12335,poplar,-17336.5,77771.6,5956.1,-13.96,1.247
R12336,poplar,-16254.9,78033.6,6126.9,-178.45,1.08
R12337,pine,-15993.4,77952.1,6117.2,-10.74,1.106
R12338,elm,-14684.9,77720.4,5737.3,-156.35,1.176
R12339,pine,-14081.8,77972.5,5813.3,-201.74,0.859
R12340,pine,-13369,78039.2,5933.4,-107.88,0.858
R12341,pine,-12756.4,78337.7,5898,7.76,1.061
R12342,pine,-10401.2,78178.3,5516.4,-37.29,0.959
R12343,elm,-2312.9,77884.1,5400.4,-205.97,1.208
R12344,poplar,-177.6,77741.5,5811.2,-140.99,0.823
R12345,elm,219.5,78226.9,5801.4,-243.81,0.803
R12346,elm,1390.5,77925.9,5543.9,-267.29,1.086
R12347,pine,1808.3,77901.4,5505,-107.38,0.831
R12348,pine,3024.4,77623,5514.8,-247.13,1.248
R12349,pine,3684.1,78262.6,5555.2,77.05,1.217
R12350,pine,4302.9,78302.2,5643.1,-201.11,1.114
R12351,poplar,5536.9,77716.6,5530.8,5.06,1.198
R12352,elm,5895.9,77696.5,5562.8,-86.77,1.004
R12353,elm,7124,77858.1,5506.2,-72.33,0.936
R12354,pine,7760.3,77906.8,5589.3,-41.15,0.874
R12355,pine,8694.3,78102.8,5803.4,-51.8,0.833
R12356,elm,8817.1,78130.5,5825.7,23.72,1.003
R12357,pine,9863.4,78223.1,5776.7,-171.58,1.202
R12358,poplar,10583.4,77839.2,5516.6,80.73,1.003
R12359,pine,12807.8,77950.9,5650.1,70.39,1.017
R12360,pine,14113.5,78049,5392.2,-173.66,1.222
R12361,elm,14906.5,77600.5,5301.3,20.33,1.213
R12362,poplar,16126.5,77747.4,5529.4,-255.38,1.182
R12363,pine,17358.9,77741.4,5757.2,49.89,1.071
R12364,elm,17742.3,78037.9,5821.1,-100.63,1.184
R12365,pine,18495.1,77738.2,5638.8,-120.45,1.075
R12366,elm,19357.9,78049.1,5692.7,50.78,0.926
R12367,pine,20016.4,77875.6,5592.1,66.6,1.06
R12368,pine,20938.8,78244.9,5737.5,78.75,1.139
R12369,poplar,21783.9,77866.6,5784,84.53,1.123
R12370,pine,23011.3,77602.5,5804.6,-231.7,1.196
R12371,pine,23276.3,77938.4,5960.4,71.67,0.846
R12372,pine,24639.9,77609.5,6573.5,-32.06,0.964
R12373,poplar,24989.4,78078.3,6715.6,-62.62,1.206
R12374,pine,25876.8,77784.9,7329.2,-66.42,0.924
R12375,pine,26854.4,77714,7265.3,47.96,1.039
R12376,pine,27759.2,78164.6,7061.2,-103.79,0.952
R12377,elm,28344.7,77895.4,7095.1,82.33,1.204
R12378,pine,29037.3,77784.7,6874.6,-231.69,0.914
R12379,pine,31147.8,77827.2,6378.6,-25.72,0.978
R12380,pine,31580.5,78337,6447.5,-21.97,1.036
R12381,elm,39366.5,77849.3,4829.8,69.55,1.089
R12382,pine,40179.2,77991.7,4832.3,30.9,0.877
R12383,pine,45127,78393.8,5162.6,-225.84,0.853
R12384,pine,57969.2,78114.2,5463.7,-53.17,0.823
R12385,elm,58937.1,78297.1,5206.3,-200.04,1.175
R12386,elm,59900.7,78077.7,5011.8,-166.88,1.147
R12387,pine,60036.8,77852.4,5035.7,-24.97,1.138
R12388,elm,61512.3,77603.5,5187.2,80.14,1.086
R12389,elm,61971.1,78078,5293.5,88.72,1.166
R12390,pine,62513.4,78318,5412.7,-125.96,0.942
R12391,pine,64119.2,77970,6426.9,-155.97,1.208
R12392,pine,64930.3,78051.2,5780.4,-26.27,0.98
R12393,pine,71331.2,77780,5252.5,-263.76,0.938
R12394,poplar,73518.2,77901.8,5157.6,-87.91,1.026
R12395,elm,74187.2,78007.8,5235.3,-268.33,1.131
R12396,elm,74424.6,77824,5297.8,-251.13,0.833
R12397,poplar,75654.7,78038.4,5787.4,-37.1,0.888
R12398,pine,76114.2,78286.6,5851.5,-128.65,1.186
R12399,pine,76903.7,78135.2,5706.5,-215.71,1.026
R12400,pine,77745.3,78353.8,5771,-124.5,1.142
R12401,pine,78915.6,78286.9,5682.5,-93.5,0.819
R12402,pine,79509.4,78375.4,5632.3,30.86,0.906
R12403,pine,-79501.2,79183.5,10956.3,-4.69,0.991
R12404,pine,-78947.3,78886.4,11321.6,-196.42,1.184
R12405,pine,-78022.7,78793.1,11691,-187.56,0.923
R12406,pine,-77199.1,79117.1,11915.4,53.6,0.808
R12407,pine,-76014.2,79105.4,10798.1,-212.58,0.907
R12408,pine,-75422.1,78920.9,10326.6,88.95,0.953
R12409,elm,-66921.2,78477.3,6765.4,-250.39,1.134
R12410,elm,-65796.8,78954.2,6833.6,-172.62,0.95
R12411,pine,-65071.5,78896.1,6891.8,58.73,0.88
R12412,pine,-64553.4,78419.7,6617.8,-201.93,1.079
R12413,elm,-63714.7,78979.4,6360.7,-120.13,0.9
R12414,pine,-61576.5,78990,5803.1,-231.1,0.922
R12415,elm,-50602.4,79199.8,5990.5,-134.31,1.166
R12416,pine,-46745.1,78664.3,5864.1,-202.92,1.069
R12417,elm,-45680.9,78638.1,5592.4,84.85,0.826
R12418,pine,-45116.3,78826.3,5489.3,70.82,1.019
R12419,pine,-43304.3,78846.9,5110,-47.44,0.983
R12420,pine,-42941.3,78564.6,5093.1,-62.7,1.018
R12421,poplar,-41399.6,78922.8,4995.7,-45.75,0.866
R12422,poplar,-40191.9,78525.9,5473,-254.11,1.163
R12423,pine,-39795.7,78953.6,5394.3,-183.56,0.987
R12424,pine,-38455.6,79004,5523.4,-228.12,0.811
R12425,pine,-37658.7,78408.2,5304.4,87.96,0.997
R12426,pine,-37079,78418.4,4988.6,-214.5,1.163
R12427,pine,-36473.5,78719.5,4847.7,47.82,0.878
R12428,pine,-35854.9,78969.1,4924.3,-161.8,0.946
R12429,pine,-34781.6,79021.8,5009.6,-8.68,1.058
R12430,pine,-30721.8,79048.6,5273.8,16.99,1.197
R12431,pine,-27536.5,79146.3,5688.4,-138.98,0.896
R12432,pine,-26911.7,78656.6,5740.2,-54.26,0.821
R12433,elm,-25728,78891.8,5781.3,-181.87,0.885
R12434,pine,-25206.3,78474.9,5976.5,-127.86,1.167
R12435,pine,-23813,78407.9,5646.8,-7.21,0.964
R12436,pine,-21862.8,78585.5,5798.9,-247.74,1.098
R12437,pine,-21490,78736.5,5877.1,-14.64,0.855
R12438,elm,-20175.7,78669.3,6017.3,-128,1.037
R12439,pine,-19223.6,78559.5,6163.4,19.32,1.191
R12440,poplar,-18829.1,78665.6,6129,-187.52,0.941
R12441,poplar,-17642.2,78824.4,5868.4,-154.26,1.13
R12442,pine,-17538.8,78574.7,5824.5,-185.97,1.09
R12443,elm,-16705.9,78999.5,5794.2,35.57,0.834
R12444,poplar,-15950.2,78517.5,5761.1,-3.05,0.81
R12445,poplar,-14730.1,78665.6,5549.2,-250.5,0.902
R12446,pine,-14292.5,78545.4,5625.6,-259.38,0.905
R12447,pine,-10484,78405,5533.8,-167,0.846
R12448,pine,-9848.2,79158.5,5409.5,68.54,1.151
R12449,poplar,-1788.4,78578.8,5687.9,-32.14,1.156
R12450,poplar,-730.3,79041.2,5779.6,81.61,1.136
R12451,poplar,438.2,78999.3,6044.2,-124.59,1.085
R12452,pine,1560.9,78493.4,5662.8,-122.01,1.106
R12453,poplar,1681.2,78409,5629.5,45.57,1.038
R12454,poplar,2598.6,78851.9,5731.6,-188.09,0.996
R12455,elm,3613.6,78472.8,5614.8,-216.61,1.216
R12456,elm,4018.1,78614.5,5639.6,-16.71,1.051
R12457,elm,5552,78954.9,5783.6,-41.27,1.105
R12458,pine,6331.7,78944.2,5625.7,60.9,1.226
R12459,elm,6895,78796.4,5665,-72.83,1.176
R12460,elm,7266.2,78592.4,5719.3,-131.19,0.969
R12461,elm,8334.3,78454.4,5842,-98.84,1.14
R12462,pine,9547.5,78841,6054.5,-163.75,0.981
R12463,poplar,10078.9,78835.7,5971.1,-182.42,1.023
R12464,pine,10737.5,79105.3,6133.7,-1.99,1.002
R12465,pine,13339.9,79067,5919.1,-109.4,1.158
R12466,elm,14286,78448.1,5520.4,-42.85,1.101
R12467,poplar,14557.5,78869.9,5764.2,-24.03,1.139
R12468,pine,17378.3,79088.9,5767.6,-39.21,0.811
R12469,elm,18873.6,78486.2,5697.8,-230.57,1.069
R12470,elm,19898.7,78432.3,5513.8,-89.22,0.903
R12471,elm,20575.3,78628.6,5561.9,-187.48,1.223
R12472,elm,20958.2,78426.7,5696.7,56.32,1.102
R12473,pine,22372.6,79118.9,5838.4,-23.03,1.023
R12474,elm,22916.7,79133.4,5877.1,48.46,0.907
R12475,pine,23416.8,78403.4,6092.7,-47.78,1.18
R12476,elm,24212.4,78635.6,6299.1,-74.51,1.249
R12477,pine,25116.7,78724.7,6544.9,-200.58,0.873
R12478,pine,25900.6,79008.2,6935.7,62.96,0.925
R12479,pine,26514.8,78715.4,7112.1,-251.63,1.225
R12480,elm,27705.1,78654.6,6912.7,-24.49,0.9
R12481,pine,28754,78687.8,6991.6,71.25,1.209
R12482,poplar,29592.6,78917.3,6800.4,-14.19,0.808
R12483,poplar,30166.1,78811.6,6710.6,-256.57,1.146
R12484,pine,31463.1,79147.2,6594.7,66.91,1.234
R12485,elm,32293.2,78624.2,6375.5,-4.63,1.014
R12486,elm,37928.7,78611.8,4531.4,59.78,1.118
R12487,pine,43851.2,79129.2,5237.2,2.95,0.879
R12488,poplar,45381.7,78981,5168.5,-176.81,1.16
R12489,elm,51798.4,79072.7,4685.7,-211.74,0.868
R12490,pine,53556.1,78847.6,5178.4,-166.09,1.07
R12491,pine,55263.5,78559.5,5137.3,87.92,1.093
R12492,pine,57014.7,78454.2,5638.7,-116.05,1.074
R12493,pine,58946.6,79083,5154.3,-23.45,1.036
R12494,elm,59812.5,78979.1,5064.5,19.83,1.102
R12495,pine,60087.8,78692,4978.9,-142.01,0.902
R12496,pine,61072.6,78683.7,5043.1,11.14,1.047
R12497,pine,62296.5,78802.3,5324.8,-151.62,0.983
R12498,pine,62786.2,79153,5447.3,-53,0.814
R12499,pine,63724,78730,6061.9,-170.16,1.017
R12500,pine,64446.4,78507,6012.1,-220.67,0.902
R12501,pine,65278.6,78508.5,5558.1,-84.77,0.925
R12502,pine,72366.5,78984.6,5297.7,-207.48,0.844
R12503,pine,74180,78622.1,5499.7,-91.99,0.846
R12504,pine,74677,78777.6,5810.5,40.71,1.037
R12505,elm,75287.5,79194.9,5913.2,-182.27,1.245
R12506,pine,76100,78555.7,5924,-33.35,1.01
R12507,elm,77397.3,78820.2,5692.1,-30.78,0.921
R12508,poplar,77783.3,78814.4,5649.7,34.66,1.125
R12509,elm,78881.4,79134.2,5513.9,89.42,1.027
R12510,pine,79223.9,78810.3,5539.1,62.54,0.856
R12511,pine,-78392.1,79428.7,10537.4,89.18,0.939
R12512,pine,-76815.5,79469.3,11790.9,36.51,0.866
R12513,pine,-76410.5,79539.8,11546.7,-156.66,0.959
R12514,pine,-74101.4,79422.5,9486.4,-245.38,1.142
R12515,pine,-70700.4,79254.7,8212.5,-74.33,0.98
R12516,pine,-65814.6,79335.1,7377.5,-3.48,1.134
R12517,pine,-63410,79567.3,6213.2,-159.54,0.905
R12518,poplar,-49508.8,79364.9,6407,-32.98,1.133
R12519,elm,-47314.8,79378.6,5693,1.71,1.011
R12520,pine,-46523.6,79331.2,5656.6,41.87,1.103
R12521,pine,-45668.1,79259.7,5516.6,4.35,0.878
R12522,poplar,-43481.1,79207,5106.7,-211.21,1.059
R12523,elm,-40131.2,79414.2,5119,-8.72,0.987
R12524,elm,-39578.9,79255.3,5307.7,-165.48,1.092
R12525,pine,-37508.2,79516.7,5449.1,-120.87,0.845
R12526,pine,-36308.8,79523.8,5102,-194.8,1.192
R12527,pine,-25054,79470.6,5834.4,85.75,1.148
R12528,pine,-24039.2,79447.6,6212.9,-211.59,0.834
R12529,poplar,-21261.5,79317,6081.2,-19.05,1.02
R12530,poplar,-19322,79582.5,5871.2,-144.22,1.101
R12531,pine,-18421.9,79371.8,6060.9,-171.73,1.238
R12532,poplar,-17871.7,79257,5877.7,-70.51,1.221
R12533,pine,-16981.8,79498.1,5708.7,-233.07,1.024
R12534,elm,-15202.7,79386.9,5425.2,-2.43,1.01
R12535,elm,-13285.1,79270.9,5525.2,-221.86,1.243
R12536,elm,-12187.5,79462.1,5717.1,-62.16,1.079
R12537,pine,-10312,79412.9,5617.4,-11,0.869
R12538,pine,-549.4,79435.4,5877.2,-57.65,1.156
R12539,pine,1296.5,79470.2,5974.3,-17.91,0.884
R12540,elm,1660.9,79493.3,5847.6,-123.24,1.124
R12541,elm,3732.2,79525.9,5591,5.77,1.057
R12542,pine,5477.6,79475.4,5800.9,54.81,1.015
R12543,poplar,6339.2,79282.1,5757.6,-230.57,1.18
R12544,elm,6613.4,79575.5,5794,54.49,0.946
R12545,pine,8752.7,79352.5,6035.2,-63.4,1.076
R12546,pine,14871.4,79366.4,6153.4,-1.93,0.861
R12547,pine,17815.6,79441.1,5892,47.18,1.245
R12548,pine,18935,79518,5952.5,56.78,0.81
R12549,elm,21972.9,79526.9,5732.2,-44.9,0.93
R12550,pine,22913.5,79351.2,5842.7,17.47,1.157
R12551,poplar,23627,79460.8,5917.8,77.19,1.205
R12552,pine,25007.7,79573.7,6322.9,-87.94,1.149
R12553,pine,26097.2,79304.4,7043,88.1,1.112
R12554,pine,29827.8,79328.2,6970.3,-74.55,1.097
R12555,elm,32265.2,79315.5,6366.5,-139.37,0.817
R12556,elm,45136.5,79306.9,5349.4,58.23,1.151
R12557,pine,52336.3,79200,4713.9,-266.18,1.111
R12558,poplar,53118.2,79292.1,4961.2,-208.52,0.847
R12559,elm,56821.1,79213.2,5383.7,85.58,1.046
R12560,pine,57740.3,79392.4,5138.6,-144.24,0.972
R12561,pine,59430.7,79399.4,5318.2,-263.22,1.236
R12562,pine,60338.4,79212.6,5082.1,-20.26,1.049
R12563,poplar,63574.4,79349.7,5718.9,-208.74,0.998
R12564,pine,65326.8,79251.9,5523.9,-223.74,1.047
R12565,pine,75158,79363,5875.8,-154.29,0.861
R12566,elm,78146.5,79482.9,5491.5,-230.47,1.186
R12567,pine,78664.8,79544.9,5394.9,67.88,1.094
R12568,pine,-78386.4,-78767.9,17076.8,18.91,1.115
R12569,pine,-74730,-78965.8,15740.7,50.07,0.812
R12570,pine,-63521.6,-79500.6,14801.7,-91.16,1.06
R12571,pine,-55511,-79246.3,15933.6,26.52,1.112
R12572,pine,-48465.7,-78460.7,13974.9,-49.4,0.917
R12573,pine,-39105.4,-79317.7,15825.5,-96.94,0.884
R12574,pine,20938.4,-78973,14336.4,-241.68,1.135
R12575,pine,64757,-78930.4,16555.7,-190.77,1.097
R12576,pine,79531.4,-79551.6,16504.3,-151.19,0.858
R12577,pine,-55387.8,-76604.6,13128.9,-29.35,0.841
R12578,pine,-17249.1,-75805.1,10946.8,-179.52,0.991
R12579,pine,11889.2,-75675.4,14879.7,-146.73,0.868
R12580,pine,52223.7,-76460.7,12209.3,-189.15,1.141
R12581,pine,71045.1,-76537.8,15500.8,-36.33,0.849
R12582,pine,-79072,-73184.8,13267.6,-237.88,0.957
R12583,pine,-76822.9,-74327.9,15534.6,-216.96,0.979
R12584,pine,-60475.4,-72893.7,11929.3,71.1,0.832
R12585,pine,-29010.8,-72798.9,12297,-30.38,1.126
R12586,pine,-9972.3,-73084.6,12307.8,49.96,1.114
R12587,pine,-5360.4,-72434.8,10299.2,-170.96,1.055
R12588,pine,-1355.8,-72628.3,10464.1,-239.1,0.854
R12589,pine,21337.9,-72680.9,14382.3,-42.3,1.144
R12590,pine,22717.2,-73237.7,13929.2,-185.43,0.911
R12591,pine,30858,-74236,17055.8,-221,0.823
R12592,pine,45396.8,-73707.7,13636.5,-150.02,1.011
R12593,pine,53564.6,-73527.5,11846.5,-34.45,0.815
R12594,pine,72152.1,-73360.4,14875.2,-162.92,0.918
R12595,pine,74948.7,-73117.6,13854.5,-217.82,1.084
R12596,pine,-74978.4,-72143.7,14342.5,-117.05,1.123
R12597,pine,-58540.1,-69883.2,11278.5,-130.36,0.858
R12598,pine,-48113.7,-70741.9,10315.7,45.61,0.854
R12599,pine,-28812.4,-70297.3,12707.5,42.55,1.023
R12600,pine,-1221.1,-70546.8,9328.8,56.69,0.909
R12601,pine,8281.7,-70768.3,11018.1,67.56,1.126
R12602,pine,13841.1,-71539.5,13683.7,50.09,1.125
R12603,pine,50733.6,-71684.4,11127.6,-78.86,0.874
R12604,pine,67774.5,-72172.6,12791.9,-3.42,0.855
R12605,pine,-68398.2,-69321,15211,4.45,1.023
R12606,pine,-39964.4,-69566.3,12404.5,-209.44,0.939
R12607,pine,-32590.1,-68197,12288.4,55.3,0.827
R12608,pine,-24452.6,-68915.4,10997.7,-30.12,0.872
R12609,pine,-21497.1,-68257.5,11007.5,-261.57,1.12
R12610,pine,-10038.8,-67510.5,11548.1,67.56,1.137
R12611,pine,-5661.8,-69537.1,10328.7,-242.16,0.865
R12612,pine,-380,-67414.9,9409.2,-0.18,0.943
R12613,pine,7244.4,-67771.3,9699.8,-112.21,0.943
R12614,pine,19139.4,-69241.6,11088.7,-161.55,1.087
R12615,pine,36069.6,-68921.7,11061.5,-132.13,1.01
R12616,pine,39739.7,-67532.9,9895.7,-244.96,0.97
R12617,pine,46960.2,-67759.8,12423.6,-78.37,0.829
R12618,pine,64952.8,-67732,8507.6,-266.13,0.871
R12619,pine,-75201.5,-66257.8,11539.3,-89.8,0.983
R12620,pine,-72083,-66810.8,10717.3,-225.03,0.801
R12621,pine,-67581,-66097.1,11374.6,-215.32,1.144
R12622,pine,-65184.8,-65706.8,10928.2,31.51,0.905
R12623,pine,-42778.1,-65407.7,8613.3,74.45,0.885
R12624,pine,-38514.1,-64508.4,9761.3,68.56,0.805
R12625,pine,-31365.2,-64725.1,8304.6,-265.23,0.856
R12626,pine,1989.7,-64444.7,8217.8,-14.14,1.085
R12627,pine,3624.8,-64627.2,9245.2,-110.97,1.098
R12628,pine,6827.1,-64529.7,7993.2,-15.69,0.849
R12629,pine,10624.7,-66894.4,7859.4,-40.24,0.862
R12630,pine,37515,-64941.7,10345.2,65.87,1.134
R12631,pine,47174.5,-64485.1,10889.1,-93.8,0.884
R12632,pine,61365.9,-65898.7,8965.1,-254.6,0.864
R12633,pine,78268.4,-64928.8,8033.3,75.46,1.104
R12634,pine,-70900.6,-63253.4,9956.4,-89.35,0.96
R12635,pine,-64889.5,-63495.7,11735,-209.06,0.893
R12636,pine,-28817.7,-62894.3,7225,-266.63,0.856
R12637,pine,-25314.3,-63065.2,8051.8,-117.84,0.874
R12638,pine,-18892.7,-61948.4,6311.8,39.94,0.888
R12639,pine,-6857.3,-63601.9,7661.9,-153.19,0.966
R12640,pine,7262.8,-62850,7264.4,-129.73,1.116
R12641,pine,22753.1,-63715.4,10037.4,23.56,0.967
R12642,pine,26041,-63767.1,8292.1,-127.21,1.053
R12643,pine,30687.9,-62321.3,7803.5,-61.19,0.885
R12644,pine,36433.2,-61927.5,9335.4,-220.09,1.122
R12645,pine,37704,-62118,9644.7,-166.57,0.949
R12646,jujube,71170.7,-63671,5811.7,-162.4,0.971
R12647,pine,-78785.2,-59606.5,10781.1,69.66,0.878
R12648,pine,-58433,-60113.4,10555.5,-5.15,0.948
R12649,pine,-53407,-61385.5,9166.6,74.26,1.026
R12650,elm,-35190.2,-59954,5237.9,-197.66,1.08
R12651,pine,-27175,-60220.4,6013.2,-131.25,0.935
R12652,pine,-15076.5,-59796.1,4524,59.82,0.848
R12653,pine,-2269.9,-60567.8,6734.9,-4.56,0.937
R12654,pine,16824.1,-61078.7,6805.8,-114.32,0.981
R12655,pine,34490.3,-59845.8,8212.1,-201.71,1.06
R12656,pine,44028.3,-60825.4,10445.8,41.3,0.808
R12657,pine,53472.1,-59203.7,6010.7,-250.16,1.143
R12658,pine,60586.4,-61348.9,9779,-84.93,0.81
R12659,pine,-56185,-58466.9,9507.2,12.41,0.939
R12660,pine,-42009,-56983.1,6812.6,-75.46,0.966
R12661,pine,-40730.8,-57635.1,6666.8,-147.79,0.948
R12662,pine,-37330.3,-58115.5,4809.1,10.84,1.061
R12663,elm,-21296.4,-57265.5,4322,-43.22,0.947
R12664,elm,-11089.3,-58069.2,4376.5,2.41,1.043
R12665,poplar,-1514.6,-58315.9,5581.6,-134.13,1.131
R12666,poplar,9675.8,-57260.9,3100.2,-185.53,1.045
R12667,poplar,11855.3,-59182.7,4321.7,-166.95,1.111
R12668,elm,18785.5,-56714.4,3893.1,-56.7,0.853
R12669,poplar,20681.7,-57205.9,3479.4,-125.23,0.928
R12670,poplar,30397.1,-58159.1,5655.8,76.98,1.036
R12671,pine,34981.4,-56697.8,8650.3,-98.06,0.978
R12672,pine,42916.7,-58329,8941.2,-127.7,0.922
R12673,elm,55965.5,-56675.7,5929.9,75.51,1.023
R12674,jujube,70833.2,-57351,4799.6,-237.59,1.061
R12675,pine,-72176.1,-54925.2,11632.1,32.42,0.963
R12676,pine,-51651.4,-56308.7,8287.8,-147.12,1.014
R12677,poplar,-39594.1,-55615.7,5436.7,-120.71,0.9
R12678,poplar,-31553.3,-55300.5,3724.2,-95.18,1.122
R12679,poplar,-28204.9,-54253.8,3095.2,-191.87,0.962
R12680,pine,-24966.8,-56580.5,4762.5,-189.57,0.984
R12681,jujube,-18994.5,-55673.9,3187.1,68.77,1.058
R12682,jujube,-13186.3,-55759.3,3105.7,-193.22,0.881
R12683,jujube,-1831.4,-54026.8,3710.7,-234.54,1.044
R12684,elm,2533.9,-55691,2866.5,-267.99,1.084
R12685,pine,10100.3,-54293,2156,-64.83,1.056
R12686,elm,11433.7,-55709,2307.8,-41.89,0.89
R12687,pine,19146.8,-56323.7,3513,48.2,1.028
R12688,elm,24459.1,-55844.7,3307.2,-123.48,0.921
R12689,pine,34179.6,-56358.9,8137.2,63.92,0.995
R12690,pine,37530.5,-55290.1,7628.4,-209.97,0.974
R12691,pine,61137.3,-56495.6,4116.8,-228.48,1.128
R12692,elm,76811.9,-54540.8,5599.8,-251.2,0.872
R12693,pine,-76355.3,-53412,12433.4,41.92,0.805
R12694,pine,-70136.6,-51793.8,13331.6,-3.65,1.145
R12695,pine,-56689.9,-53780.8,8579.8,-269,0.804
R12696,poplar,-41234,-53678.9,5144.9,-127.77,0.948
R12697,pine,-39833.3,-53426.3,4098.3,17.46,0.824
R12698,jujube,-34112.7,-52575.2,3401.1,72.73,1.048
R12699,jujube,-31117.7,-52576.6,3412.9,-215.37,0.838
R12700,pine,-28894.4,-51866.4,2671.4,44.18,0.859
R12701,pine,-22530,-51448.4,1657.3,15.75,0.965
R12702,pine,-6627.9,-52663.7,3264.4,41.93,0.936
R12703,pine,-2527,-51460.7,2665.3,-9.75,0.94
R12704,elm,-1513.8,-51988.1,2855.7,7.03,0.86
R12705,jujube,5387.6,-52566.8,2884.4,-83.94,1.019
R12706,poplar,27150.7,-52998.4,4316.4,-74.55,0.985
R12707,pine,37357.4,-52543.7,8387.5,80.89,0.85
R12708,pine,-78891.4,-50214.7,12361.5,-62.56,1.038
R12709,pine,-72445.8,-49440.7,12496.4,85.5,0.917
R12710,pine,-63537.8,-48952.6,9735.2,-208.81,1.008
R12711,pine,-51137.5,-50380,5632.2,-76.37,1.094
R12712,elm,-45710.5,-50762.5,4490.6,54.7,0.939
R12713,jujube,-42676.4,-50424,4370.1,-135.81,0.844
R12714,pine,-40400.8,-50324.4,3073.4,57.76,0.821
R12715,poplar,-22824.4,-49366.2,1591.3,-50.67,1.084
R12716,poplar,-18176.6,-49831.3,1333.7,55.95,1.07
R12717,poplar,-4854.7,-49420.8,2245.2,-251.6,0.884
R12718,pine,10604.4,-51208.3,1899.7,-77.2,0.975
R12719,poplar,24556.9,-49932.5,2597,-8.06,1.1
R12720,jujube,29534.8,-49163.6,4034.8,63.46,1.043
R12721,pine,38975,-49194,7827.4,36.18,0.848
R12722,elm,63483.3,-51344.2,2707.2,-259.82,1.059
R12723,elm,66767.6,-49456.4,2904.5,-106.1,0.944
R12724,pine,-72309.5,-46286.4,14641.7,-18.88,0.826
R12725,pine,-60095.9,-46742.5,6690.8,9.8,0.911
R12726,jujube,-51222.9,-48504.8,4225.7,-131.48,0.847
R12727,elm,-33492.2,-47055.7,2135,-194.25,0.955
R12728,poplar,8495.6,-47375.5,1952.1,-74.51,0.909
R12729,elm,62731.2,-46590.6,2836.7,-7.34,1.051
R12730,poplar,63545,-48489.7,2692.1,40.18,0.88
R12731,elm,74299.5,-47535,4755.3,-44.34,1.135
R12732,pine,-79405.9,-44361.9,12147.8,-83.21,0.86
R12733,pine,-66432.2,-44190.1,8600.6,-241.75,1.054
R12734,elm,-48617.6,-45896.2,3408.6,-21.82,1.018
R12735,pine,-40647.7,-44696.7,2607.1,57.71,0.931
R12736,elm,-33561.8,-45670,2210.6,37.97,1.015
R12737,elm,-22933.9,-45205.6,1842.5,-82.93,0.97
R12738,poplar,-14751.7,-43649.3,1756.3,-178.5,0.818
R12739,poplar,-7436.4,-43689.2,1989.6,12.74,0.869
R12740,poplar,-1559.3,-45626.5,2313.6,-238.85,1.094
R12741,pine,5643.5,-45010.2,1988.7,-141.63,0.933
R12742,poplar,7405.7,-44605.5,1943.9,-209.81,0.983
R12743,jujube,14100.7,-46062,1840.6,14.13,0.833
R12744,elm,19665.5,-45793.7,1776.3,-204.85,1.061
R12745,poplar,31431.3,-43694,4093.9,42.65,0.932
R12746,pine,49942,-45796.9,6396.5,68.68,0.827
R12747,jujube,60056.5,-44835.4,3363.3,-235.45,1.039
R12748,poplar,70659.8,-44054.9,3899.9,-266.62,0.934
R12749,elm,72664.9,-45214,4804.7,-220.81,1.104
R12750,pine,77634.4,-45799.2,6233.9,67.62,0.946
R12751,pine,-79298.7,-42548.6,12482.6,-124.46,0.906
R12752,pine,-71424.5,-41019.3,8622.6,64.68,0.952
R12753,pine,-63804.9,-41205.6,7182,68.62,1.144
R12754,elm,-58197.2,-41840.5,5856.6,-172.66,1.005
R12755,elm,-40544.2,-42753,2558,-82.74,1.131
R12756,elm,-32779.1,-41984.2,1943.4,-211.13,0.852
R12757,elm,-27990.3,-41708.1,1929.4,-112.86,0.824
R12758,pine,-23439.5,-41395.5,1998.7,61.71,0.87
R12759,elm,-20852.9,-42661.9,1714.9,-243.79,0.919
R12760,elm,-15131.9,-42095.2,1894.5,-79.21,0.819
R12761,elm,-5770.2,-43472.6,2041.2,-192.65,0.987
R12762,jujube,14764,-43107.2,1846.8,-140.18,1.071
R12763,elm,53628.5,-41751.7,5194.4,88.51,1.137
R12764,jujube,71022.4,-43018,4021.3,-107.42,0.829
R12765,pine,77508.5,-41544.7,6368.7,-66.08,1.08
R12766,pine,-72558.2,-39225.6,7993.7,-254.23,0.92
R12767,pine,-70189.5,-40916.7,8579.4,-77.43,1.122
R12768,elm,-56278.3,-39446.3,4089.5,-55.35,0.88
R12769,elm,-47827.5,-40701.6,2801.2,-216.78,0.814
R12770,poplar,-32771.8,-39967.6,1856.1,-6.55,0.86
R12771,pine,-1992.6,-38742.7,2121.3,11.72,1.077
R12772,elm,11196.9,-38694.6,1804,-235.63,0.96
R12773,elm,19953.6,-40492.3,1812.5,-70.04,0.911
R12774,elm,70816.1,-40327.8,4831.9,83.33,1.143
R12775,jujube,75529.2,-38906.6,5621.4,-49.5,0.821
R12776,pine,78931.6,-38469.1,6461.7,27.9,1.031
R12777,pine,-78537.9,-38160,10449.1,-244.86,0.978
R12778,pine,-66756.4,-38178,7660.7,-150.15,1.041
R12779,elm,-47047.2,-37426.6,2355.1,-111.75,0.976
R12780,elm,-28486.3,-37624.4,1661.1,-74.01,0.881
R12781,elm,-22392.5,-36081.5,1671.2,-50.08,1.052
R12782,pine,-3819.9,-36568.5,1900.3,-67.75,0.903
R12783,pine,4270.4,-37620.9,1853,-127.34,0.807
R12784,elm,5893.3,-35855.3,1766.7,-55.41,1.094
R12785,elm,9160,-36487.3,1845.9,-255.27,0.93
R12786,jujube,24433.3,-37331.7,1787.6,-39.23,0.938
R12787,poplar,35115.2,-37380.7,3400.7,-6.71,0.853
R12788,jujube,50197.3,-37539.7,5005.6,38.66,0.81
R12789,elm,58215.5,-36564.5,2519.1,-251.7,0.882
R12790,poplar,70483.2,-36027.2,4955.9,-179.27,0.954
R12791,pine,-77698.2,-34697.2,8034.5,-232.22,1.057
R12792,elm,-59599.1,-33453.1,4525.8,22.2,0.817
R12793,elm,-41721.4,-34746.1,2328.6,-205.78,1.033
R12794,poplar,-18967.6,-34064.8,1654.5,69.48,1.125
R12795,jujube,-153.8,-35695.4,2056.7,47.34,1.084
R12796,poplar,8265,-34777.7,1799.8,-106.01,0.941
R12797,elm,14426.9,-34992.2,1576.1,26.17,0.974
R12798,poplar,25767.3,-34558,1909.7,-190.25,1.046
R12799,poplar,32013,-34710.2,2750.8,-12,1.088
R12800,elm,-63380.2,-32241.7,5518,2.21,0.885
R12801,elm,-48444.1,-32537.2,2483.1,-208.55,0.802
R12802,elm,-42488.7,-31660.3,2027.1,11.79,0.818
R12803,poplar,-39524.1,-31871.9,1909.8,-95.9,0.816
R12804,poplar,-18841.5,-33042.1,1572,35.76,0.929
R12805,poplar,-3481.4,-31748.3,1692.1,50.34,0.888
R12806,poplar,49.7,-32017.3,1778.4,-228.58,1.055
R12807,poplar,5546.8,-32876.5,1740.6,-126.93,0.996
R12808,poplar,16127.3,-31239.1,1428.2,64.25,0.952
R12809,jujube,22974.4,-31416.4,1805.2,-175.15,0.84
R12810,poplar,24060.2,-31723.4,1811.8,-146.97,0.872
R12811,pine,52956.2,-31860.6,2901.1,-200.2,0.968
R12812,elm,66906.2,-31128,3951.8,-140.61,1.08
R12813,jujube,71076.6,-31764,5631.4,11.28,0.873
R12814,pine,75615.3,-30766.4,6642.2,-245.53,0.947
R12815,elm,-40794.4,-28400.2,1918,23.52,1.065
R12816,jujube,-18110.9,-29524.3,1630.6,-20.28,1.011
R12817,pine,-8154.1,-28919.7,1542.3,-192.37,1.114
R12818,poplar,-2290.9,-29041.9,1903.5,-98.2,1.129
R12819,poplar,352,-29050.3,1714.7,-121.17,0.876
R12820,poplar,1287.4,-29731,1682.7,-156.04,1.083
R12821,poplar,5290.2,-29558.5,1859.1,33.02,0.892
R12822,poplar,11511.8,-30069.3,1675.4,66.21,1.104
R12823,elm,21628.4,-29603.2,1701.4,-186.29,0.907
R12824,jujube,27954.2,-28679.4,1960.1,-266.85,1.136
R12825,jujube,51055.3,-28613.2,2336.4,43.04,0.929
R12826,pine,67852.6,-30324.1,4575.6,-3.42,1.076
R12827,pine,75881.6,-28314.9,6131.8,-258.57,0.91
R12828,pine,-69520.2,-26070.7,7995.3,-14.45,1.011
R12829,poplar,-62398.2,-27892.8,4906.3,-9.97,0.989
R12830,pine,-56811.2,-26267.3,3268.8,-143.12,0.993
R12831,pine,-17523.2,-26898.6,1644.6,-53.57,1.003
R12832,elm,-4672.4,-27957.8,1823.8,38.46,1.086
R12833,elm,2408,-26668.9,1953.1,-236.86,1.139
R12834,jujube,32288.6,-27529.1,2641,-10.78,0.96
R12835,poplar,50182.5,-27183.9,2119.4,-121.66,0.975
R12836,pine,61797.1,-25865.5,2538.4,25.41,0.865
R12837,pine,-69150.8,-23794.1,7869.9,-144.99,0.847
R12838,pine,-65949.8,-24601.9,7350.3,57.81,1.144
R12839,elm,-61408,-24838,4451.4,-233.66,0.849
R12840,poplar,-33800.2,-23584.9,1825.4,12.05,0.98
R12841,elm,-25994.8,-23637.2,1768.9,-207.97,1.032
R12842,pine,-25051.8,-23534.4,1843.2,85.1,0.837
R12843,poplar,-219,-24604.5,2045.4,64.18,0.907
R12844,jujube,9423,-24626.1,1632.8,-29.95,1.014
R12845,pine,20022.5,-24198.9,1514.9,-73.93,1.105
R12846,poplar,45396.2,-23533.2,2644.4,-83.63,0.971
R12847,pine,72496.5,-25184,6204,-96.48,1.102
R12848,pine,-71683.8,-22418.3,8487.3,7.72,0.814
R12849,pine,-57006.7,-20734.8,3596,-99.36,0.975
R12850,poplar,-36808.5,-21656.8,1959.6,-198.58,1.063
R12851,poplar,-7281.6,-21924.6,1801.7,-100.71,1.058
R12852,pine,7592.5,-20466.4,1835,-20.78,0.875
R12853,poplar,10653,-21236.7,1599,-4.08,1.04
R12854,poplar,12389.7,-20676.4,1463.4,-99.4,0.961
R12855,pine,21578.1,-22742.9,1528.8,-96.85,0.955
R12856,pine,33012.8,-22304.6,2333.8,-135.12,0.823
R12857,poplar,-56246.8,-19992.4,3183.9,-154.78,0.844
R12858,jujube,-52134.3,-19301.5,2232.2,-95.6,0.94
R12859,jujube,-28202.1,-18802,1807.5,-99.33,0.981
R12860,elm,-23157.7,-19694.6,1762.1,15.82,1.1
R12861,elm,-19938.1,-18236,1789.2,-167.25,1.009
R12862,elm,-13634.6,-19312.7,1927.9,16.51,0.855
R12863,poplar,-9730.2,-17997.4,1776.1,-187,0.911
R12864,elm,13024.2,-19987.7,1540.8,-38.62,1.083
R12865,poplar,18729.9,-20127.2,1709.3,-132.02,1.13
R12866,poplar,18901.8,-18870.2,1720.8,26.13,1.134
R12867,poplar,29414.5,-19437.3,2000.9,-160.46,0.844
R12868,jujube,36258.5,-18641.5,1809.5,-90.18,1.131
R12869,poplar,48880.6,-18392,1686.8,8.3,0.963
R12870,pine,69478,-17858.8,7268,70.73,1.144
R12871,pine,75580.4,-19324.5,8403.7,-156.2,0.847
R12872,pine,78582.2,-17957.4,7959,-95.68,0.862
R12873,pine,-41368.8,-16107.3,1872.8,38.97,1.128
R12874,poplar,-19779.2,-16686,1772.2,-55.94,1.14
R12875,elm,-15813.7,-16353.2,1870.2,80.08,1.117
R12876,elm,-14011.7,-16739.5,1946.1,17.67,1.066
R12877,jujube,-12381.2,-15544.7,2031.2,-175.14,0.882
R12878,poplar,-5866.4,-17504.2,1948.3,-95.11,1.013
R12879,elm,10739.5,-15848.5,1811.1,66,1.13
R12880,poplar,27952.6,-15077.1,1960.3,-265.13,1.091
R12881,pine,34259.1,-17165.5,1976.8,-141.52,0.965
R12882,elm,38945,-17016.7,2100.6,-113.24,0.805
R12883,elm,47439.1,-17295.6,1474.9,-233.32,0.977
R12884,poplar,56810.7,-15592.8,2012.8,64.32,1.122
R12885,pine,69012,-16419,7279.3,-176.51,0.943
R12886,pine,77641,-16333.7,8118.2,-82.95,0.859
R12887,elm,-45599,-14286.7,1841,37.5,0.876
R12888,jujube,-36122.6,-14573.5,1778.8,-268.64,0.814
R12889,pine,-26554.5,-14302.3,1773.9,-235,0.998
R12890,poplar,-24163.8,-14532.6,1802.7,-47.21,0.951
R12891,jujube,-22559.8,-14337.8,1843.4,-208.5,1.123
R12892,poplar,-19121.4,-13570.5,1771.4,2.15,0.901
R12893,elm,25875.6,-14981.3,1827.8,-196.31,1.145
R12894,jujube,30000.3,-14156.3,1976.4,-69.86,1.052
R12895,pine,68453.3,-13161.1,8353.2,-234.98,0.873
R12896,pine,78332.8,-13007.4,8186.3,-192.43,0.891
R12897,pine,-75489.1,-12075.2,10935.6,-170.05,0.891
R12898,pine,-67706.9,-10097.4,7592.9,-251.68,0.876
R12899,elm,-43422.5,-11809.2,1942.1,-54.84,0.849
R12900,poplar,-10280.2,-10102.3,1847.3,79.88,0.92
R12901,poplar,10309,-10803.8,1495.9,-258.66,1.019
R12902,elm,20711,-11587.4,1768.7,-14.15,0.825
R12903,pine,27357.4,-10240.5,1819.5,58.55,0.943
R12904,poplar,37867.4,-10869,2009,-155.24,1.08
R12905,pine,41362.2,-10817,1694.1,-44.55,0.977
R12906,elm,43209.8,-10003.6,1589.5,37.4,0.923
R12907,jujube,54625.2,-12354.7,1603.5,-115.3,0.837
R12908,elm,66379.3,-10210,5645.6,-31.09,0.96
R12909,pine,-76820.6,-8478.2,10701.5,-248.29,0.81
R12910,pine,-52925.5,-8772.1,2225.2,-43.06,0.856
R12911,elm,-50996,-7520.5,1934.5,-70.99,1.123
R12912,jujube,-37211.2,-8103.1,2050.6,-107.09,0.923
R12913,poplar,-15600,-8230.7,2113.7,-138.93,0.893
R12914,elm,-2397.9,-9320,2130.1,-158.36,1.019
R12915,jujube,11327.3,-7891.9,1855.8,-58.06,1.125
R12916,poplar,24988.4,-8373.5,1503.5,-9.34,1.083
R12917,poplar,31859.2,-8747.5,2103.3,-198.02,0.981
R12918,pine,45579.9,-8409.7,1599.2,-160.38,0.994
R12919,jujube,62533.7,-7456.7,2382.8,-236.66,1.067
R12920,poplar,65787.1,-8543.5,5198.2,-1.09,0.88
R12921,pine,73869,-9045.1,8521,33.5,1.064
R12922,pine,-79340.3,-6335.2,11401.2,-84.8,1.068
R12923,pine,-64310.4,-5269.4,7375,-196.8,0.906
R12924,jujube,-55672,-5920.2,2437.4,-139.91,1.085
R12925,elm,-53157,-6182.2,2119.4,-177.3,1.098
R12926,poplar,-34391,-5215.4,2296.2,-143.04,1.128
R12927,elm,-30370.6,-5806.2,2206.1,-84.42,0.982
R12928,poplar,-22034.5,-6116.8,1886.1,89.86,0.896
R12929,pine,-18687.9,-6995.2,1938.8,-197.87,0.822
R12930,jujube,-12095.1,-6023.1,2290.6,15.33,1.05
R12931,poplar,-6525.2,-4978.8,2020,88.4,0.845
R12932,elm,5120.6,-6786.1,1814.7,-71.62,0.884
R12933,pine,18077.9,-5391.1,1792.7,37.25,1.019
R12934,elm,30516.7,-6576,1578.1,-137.99,0.871
R12935,elm,55311.3,-5375.6,1721.7,-256.49,0.999
R12936,poplar,61103.6,-5071.7,2126.3,-58.93,0.917
R12937,poplar,-58624.5,-3973.9,2820.4,-259.89,1.023
R12938,elm,-54167.7,-2390.6,1991.4,-58.69,0.986
R12939,elm,-50167,-2634.4,2082.6,-36.26,0.872
R12940,poplar,-45508.9,-3574.6,2090.2,-159.34,1.056
R12941,poplar,-38585,-4335.5,2132.5,-63,0.925
R12942,elm,-33011,-2887.9,2228.7,73.93,1.01
R12943,poplar,-28207.7,-2532.6,2160.9,-222.18,0.912
R12944,jujube,8314.1,-4236.8,1638.4,-141.85,1.016
R12945,poplar,15128.7,-3348.1,1531.4,74.71,1.054
R12946,elm,26914,-3792.8,1734.1,11.78,0.948
R12947,jujube,46214.9,-3741.3,1649,32.17,0.82
R12948,jujube,50747,-3945.7,1417.6,-163.45,0.81
R12949,poplar,53926.8,-2813.4,1550.1,-104.78,1.004
R12950,poplar,59961.7,-2619,2355.2,-75.3,1.044
R12951,pine,79280.6,-2044.8,6610.8,-152.19,0.842
R12952,poplar,-14748.9,206.4,2143.1,-209.3,1.134
R12953,jujube,-6851.8,-1902.6,1930.1,-13.81,0.958
R12954,poplar,18656.3,-1461.5,1617.9,-39.75,0.873
R12955,pine,21038.3,-1610.2,1747.9,-238.35,0.928
R12956,elm,45099.6,-5.3,1464.7,-126.24,0.973
R12957,elm,69056.5,-412.5,3428.9,-233.89,1.014
R12958,pine,71105.9,-1474.4,4670.1,-58.19,0.975
R12959,jujube,-58759.3,1202.7,3248.1,-41.73,1.069
R12960,pine,-53057.6,1031.4,2170.3,12.66,0.911
R12961,poplar,-38949.7,2010.5,2041.4,-175.65,1.064
R12962,poplar,-36570.1,1629.3,2096.5,-232.96,0.853
R12963,poplar,-33249.7,600,2070.8,-250.73,1.096
R12964,poplar,21156.1,2713.5,1688.2,-27.12,0.928
R12965,pine,40412.5,1437.6,1482.4,-94.63,1.061
R12966,pine,-72475.8,4093.7,9913.7,-225.68,0.82
R12967,pine,-71439.6,4838.1,10073.9,-79.44,0.84
R12968,pine,-65569.3,3650.4,6287.2,-20.21,0.852
R12969,elm,-58464.3,3799.8,3726.4,-153.48,0.888
R12970,pine,-34759.1,3277.2,2155,59.5,0.884
R12971,pine,-18099.7,3760.7,2053.4,15.31,1.057
R12972,poplar,31866.9,4872.4,1667.4,17.38,1.088
R12973,elm,43674.3,5274,1533.7,-101.56,0.804
R12974,pine,66373.4,4979.7,3145.4,-89.73,0.802
R12975,pine,-75635.7,6748,10932.1,1.55,0.808
R12976,pine,-35450.5,5837.5,2090.7,-104.01,0.89
R12977,elm,-30100.6,6787,1925.6,29.13,1.116
R12978,jujube,57723.3,7497.6,1447.3,-267.41,1.012
R12979,elm,62354,8385.2,2106.1,-117.33,0.923
R12980,pine,73099.7,8106.4,6015.6,-37.24,1.118
R12981,pine,75604.6,7401.3,6700.5,-61.72,1.083
R12982,pine,-64407.1,9216.9,6284.9,-260.74,0.945
R12983,jujube,-61828.9,9371.1,5307.4,-78.65,0.987
R12984,poplar,-50556.8,10755.7,1992.7,-123.21,0.809
R12985,poplar,-47728,10777.9,2010.3,-115.07,0.886
R12986,poplar,-36442.3,9876.7,1824.8,-12.12,0.908
R12987,elm,-32944.1,9470.1,1822.8,87.7,0.96
R12988,pine,-25011.6,8475.4,1875.5,34.07,1.078
R12989,elm,26117.1,9144.7,1621.3,-5.7,1.071
R12990,pine,27437.7,10487.7,1708,75.44,1.041
R12991,elm,29377,8995.3,1540.4,80.67,0.85
R12992,pine,41789.4,9399.7,1837.1,-132.7,1.061
R12993,pine,49710.3,10340.4,1687.6,-207.99,0.839
R12994,pine,78311.4,10731.2,6968.6,-77.34,0.853
R12995,elm,-48074.5,12519.3,1900.1,-49.2,0.954
R12996,pine,-40897,13523.2,1576.5,-265.24,1.134
R12997,elm,-31904.7,12235.6,1667.3,-26.01,0.922
R12998,poplar,-28028.5,11038.6,1561.4,-160.22,1.06
R12999,poplar,-27486.8,12708.1,1571.9,-127.6,0.98
R13000,poplar,-19922.4,12397.3,1543.3,-75.03,1.09
R13001,poplar,48822.3,13437.4,1610.2,-6.16,0.915
R13002,poplar,50928.5,11979.9,1630.7,-0.57,0.94
R13003,elm,65726.5,12906.8,2566.4,-129.79,1.118
R13004,elm,72596.6,11203.1,5247.9,11.06,1.093
R13005,pine,-77122.2,15587.3,14032,-160.17,0.953
R13006,poplar,-44577.1,14560.5,1644.4,24.46,1.095
R13007,poplar,-37309.9,16048.5,1518.4,-46.97,0.806
R13008,pine,-33164.6,13600.5,1713.1,-269.91,0.914
R13009,elm,-28843.2,14011.7,1523.9,-91.59,0.924
R13010,jujube,-14188.7,15595.4,1501.9,70.5,1.033
R13011,poplar,35916.7,15227.5,1710.5,-214.08,0.934
R13012,poplar,45903.9,14847.6,1757.7,-69.52,0.99
R13013,elm,72902.3,15422.5,4505.6,-55.22,1.068
R13014,elm,73718.1,14418.3,4814.2,-4.11,1.03
R13015,pine,-79258.7,17249.1,13884.5,32.13,1.126
R13016,elm,-57328.2,18173.6,3654.9,74.46,0.837
R13017,poplar,-37442.9,17402.1,1578.3,-174.16,1.026
R13018,poplar,-20762.9,16283.3,1696.7,-244.92,0.959
R13019,elm,-1117.1,18160.6,1593.5,80.99,1.053
R13020,jujube,38801.9,16367.5,1707.6,-8.93,0.902
R13021,pine,51194.4,18272.5,1841.2,-73.85,0.975
R13022,poplar,57299,17106.6,1574.7,-229.52,0.937
R13023,elm,60976.1,18217.2,1435.6,-143.09,1.066
R13024,pine,-78510.7,20653.2,13400.5,-155.1,0.944
R13025,pine,-64686.4,19892.2,8880.8,-263.19,0.805
R13026,poplar,-59106.4,20410.7,4173,-199.25,0.803
R13027,poplar,-50488.1,20765.8,1741.4,-6.2,1.089
R13028,elm,-29405.6,19673.6,1567.6,-223.94,1.026
R13029,poplar,-21298.2,20555.4,1540.6,-12.3,1.129
R13030,elm,-111.1,19936.5,1693.7,49.93,1.1
R13031,jujube,3505.3,18849.6,1541.3,78.9,0.898
R13032,elm,19249.7,18881.6,1559.5,22.98,0.929
R13033,poplar,26097.5,19603.2,1617.9,-31.21,0.809
R13034,pine,27229.2,19280.2,1687.8,-6.88,0.893
R13035,poplar,34299.8,20859.4,1711,-68.06,1
R13036,jujube,48466,19260.3,1943,-167.31,0.98
R13037,elm,52134.8,20773.7,1997.5,-35.15,0.887
R13038,pine,-77696.4,22343.5,12581.5,-0.78,0.813
R13039,pine,-72928.2,22833.6,11101.9,58.33,1.041
R13040,elm,-16379.7,22055.7,1506.2,47.84,0.874
R13041,jujube,5100.8,21871.9,1707.7,59.96,1.017
R13042,jujube,14763,23883,1536.8,76.62,1.094
R13043,jujube,45564.4,23561.7,1787,-178.51,0.87
R13044,poplar,58926.1,22029.8,1892.3,-37.26,0.825
R13045,elm,63222.8,22729.3,3259.1,-195.32,0.969
R13046,elm,69044.5,23073,3834.8,-177.37,1.029
R13047,pine,-66332,26118.1,6620.8,59.21,1.022
R13048,elm,-41237.5,25978.4,1596.2,-24.52,1.052
R13049,elm,-20110.5,25665.3,1465.7,50.19,0.844
R13050,poplar,-13729.2,24602.1,1445.7,26.34,0.802
R13051,poplar,28188.9,24175.6,1699.6,49.29,0.941
R13052,elm,29241.3,24274.6,1696.4,39.63,1.031
R13053,jujube,42218.5,26206.5,1745.4,69.45,0.802
R13054,elm,51200.9,25648.6,1722.9,-65.27,0.85
R13055,elm,54496.2,25565.6,1709.8,-110.01,0.867
R13056,pine,-77728.3,28570.4,9356.7,-205.16,0.89
R13057,pine,-75781.3,26885.8,10598.4,54.48,0.903
R13058,elm,-59030.6,27176.9,3278.3,-248.04,0.83
R13059,poplar,-21071,28084.4,1447.8,41.63,0.945
R13060,jujube,-15989.4,28091.4,1431.7,-102.63,0.969
R13061,poplar,-11147.3,26978,1605.6,-28.05,0.905
R13062,jujube,14821.8,26734.3,1643.5,-189.1,1.091
R13063,poplar,24552.4,27989,1476.2,-13.87,1.119
R13064,poplar,33685.8,29175.8,1790.2,-29.49,1.11
R13065,elm,48465.4,27027.3,1705.2,-1.53,0.873
R13066,poplar,61943.8,27215.5,2429.7,56.55,0.892
R13067,poplar,63772.4,29062.2,3068.8,87.49,1.033
R13068,pine,79332,28378,6887.5,87.8,0.816
R13069,pine,-78802.2,30700.8,10077.8,-27.92,0.937
R13070,elm,-60283.6,31172.8,3889.9,-192.9,1.006
R13071,pine,-54932.7,31782.8,2287.6,-100.34,1.053
R13072,poplar,-50515,29432.1,1924.8,86.22,0.868
R13073,elm,27847.8,30497.7,1641.5,-266.58,1.006
R13074,poplar,33211.2,29612,1833.6,-113.89,0.856
R13075,pine,54396.1,30799.7,1751.3,-222.68,0.936
R13076,elm,65492.5,29334.1,3786,-71.62,0.822
R13077,pine,-75584.1,33418.2,8638.8,-79.72,0.864
R13078,pine,-64874.2,32653.8,6705.2,0.03,0.895
R13079,poplar,-31634.8,33000.7,1560.6,-57.2,1.044
R13080,elm,-20119.9,33072.7,1499.1,-37.99,0.866
R13081,elm,-4930.2,31990.9,1767.9,-68.19,0.915
R13082,pine,1582.3,32792.8,1746,-197.11,1.076
R13083,pine,11407.9,34124.1,1718.4,-118.87,0.82
R13084,jujube,23599.7,32425.7,1561.3,-164.02,0.853
R13085,pine,24683,32501.1,1655.2,44.7,1.028
R13086,elm,37401,33166.6,2215.8,-31.78,1.139
R13087,elm,41867.7,31874.6,2044.2,32.06,0.947
R13088,elm,48739.6,33468.2,1870.7,32.81,0.891
R13089,poplar,55628.4,31996.7,1866,-96.99,0.818
R13090,jujube,71335,33490.8,5576,33.47,0.866
R13091,pine,79185.5,33745.5,6119.5,80.9,1.035
R13092,jujube,-59945,35764.6,2977.9,-171.34,1.108
R13093,jujube,-37166.5,35003.4,1688.5,-190.38,0.896
R13094,elm,-33914.6,35754.2,1567.8,-255.27,1.068
R13095,poplar,-19276.1,35815.5,1593.9,-136.94,1.083
R13096,poplar,1562.4,34702.4,1949.2,53.9,1.14
R13097,pine,11779.1,36091.7,1607.3,-214.66,1.041
R13098,pine,17333.4,35145.9,1602.4,-52.25,0.888
R13099,elm,31032.3,35135,1983.5,-7.41,0.901
R13100,elm,43276.5,35828.8,2038.3,-68.35,0.859
R13101,jujube,51495,35292.5,1895.9,-57.33,1.017
R13102,elm,53862.6,35390.9,1853.9,-225.62,0.853
R13103,poplar,-60314.3,37254.7,2734.9,-268.53,1.062
R13104,pine,-33811.8,38625.7,1465.9,24.86,0.867
R13105,pine,-31069.4,39018.6,1343.6,63.38,0.916
R13106,poplar,-27717.9,39508.7,1508.1,78.56,0.803
R13107,poplar,-19379.6,39096.2,1512.1,-60.4,0.945
R13108,pine,15925.1,37241.5,1692,-74.34,0.811
R13109,jujube,34338.4,39395.7,2143.1,-206.45,0.808
R13110,jujube,43482,39086.5,2199.1,-204.74,0.901
R13111,poplar,46935.6,39583.6,1977.7,7.55,1.016
R13112,elm,75090.9,38317.4,5971.4,-117.44,1.084
R13113,pine,-78418.1,40074,10796.5,-66.93,1.141
R13114,pine,-73215.6,39887.9,7186.4,9.41,0.942
R13115,jujube,-55488.4,41086.5,3668.8,48.66,1.125
R13116,elm,-42142.7,41729.6,1645.1,-160.49,0.972
R13117,pine,-33605.4,42151.7,1562,-174.58,0.839
R13118,poplar,-31817,39722.1,1451.5,-123.64,0.87
R13119,elm,-29963.7,40996.2,1409.6,-199.11,1.057
R13120,jujube,-22082.5,42150.8,1504,-60.32,1.107
R13121,pine,15865.3,39947.2,1683.4,-118.99,0.803
R13122,poplar,20751.7,41685.2,1652,-115.13,0.804
R13123,jujube,28292.2,40036.1,2189.4,-57.82,0.927
R13124,poplar,32709.5,40221.6,2210.4,-6.03,0.935
R13125,jujube,34409.3,41520.2,2194.7,-28.96,0.989
R13126,poplar,59180.5,40773.8,2130.8,-268.4,0.849
R13127,poplar,61702.3,40718.3,2541.7,18.68,0.976
R13128,poplar,65763.2,39794.5,3555.4,-48.56,0.819
R13129,pine,77095,40366.8,6792.6,-15.03,0.822
R13130,poplar,-46570.1,42274.6,1763.8,-103.87,1.001
R13131,poplar,-38641.9,43443.4,1651.8,-53.2,0.893
R13132,elm,-35467.5,43618.2,1623.5,-166.5,1.026
R13133,jujube,-27840.4,42838.4,1355.5,-63.03,0.923
R13134,poplar,693.2,42556.7,2366.6,32.94,0.825
R13135,poplar,21759.2,43205.7,1753,-66.42,0.922
R13136,poplar,25654.8,43822.7,1880.7,-237.15,0.841
R13137,poplar,41354.2,44421,1876.2,-75.72,1.021
R13138,poplar,62835.4,44274,2306.6,-109.14,0.815
R13139,elm,65236.5,43541.5,2970.9,-195.8,1.071
R13140,pine,-71862.3,47201,8767.6,-164.9,1.019
R13141,pine,-68307,45169.2,9182.4,52.42,0.987
R13142,pine,-64649.7,46103.5,7255.3,-222.91,0.861
R13143,jujube,-41752.2,46048.6,1668.7,-190.82,1.082
R13144,jujube,-40023.6,45220.7,1755.8,10.92,0.881
R13145,elm,-37001.3,45442.2,1791.6,-199.98,1.121
R13146,pine,-22386.7,44834.8,1515.1,-98.37,1.086
R13147,jujube,-15343.4,45092,1634.9,-93.83,1.01
R13148,elm,-13139.5,46135.7,1742.9,26.8,0.913
R13149,elm,32421.6,46082.1,2280.2,-43.18,0.903
R13150,elm,50414.8,44941.5,1915.1,-39.77,0.981
R13151,poplar,63781,45962.7,2340.7,11.53,0.995
R13152,poplar,75109.9,45100.2,5241.8,-167.91,1.052
R13153,pine,76715.3,45475,5734.2,-2.4,1.143
R13154,pine,-73650.7,47794.5,9329.8,-20.88,0.839
R13155,elm,-52950.9,47931.1,2045.4,-26.34,1.029
R13156,poplar,-44020.8,48372.3,1608.8,72.32,0.858
R13157,elm,-36480.4,48210.6,1665,69.87,0.9
R13158,poplar,-22888.7,47817,1479.8,7.77,1.02
R13159,poplar,-17449.2,47426.8,1515,-28.62,0.892
R13160,pine,27457.1,48372.4,2252,34.78,1.027
R13161,elm,34319.8,47435.3,2271.6,-46.86,1.119
R13162,elm,38319.7,49570.4,2053.2,-1.73,0.837
R13163,poplar,48338.2,47488.7,1761.7,84.67,0.873
R13164,pine,55160.2,47809.6,1573.7,30.01,0.804
R13165,elm,55483.3,49199.5,1561,-30.03,0.818
R13166,elm,59747.6,48020.4,1578.3,21.87,0.942
R13167,poplar,69901.2,49071.8,4928.5,-20.14,0.995
R13168,pine,-71995.6,51140.6,8929.3,41.91,0.831
R13169,pine,-63958.5,52232.5,6320.5,-174.12,0.818
R13170,pine,-60341.3,50457.6,2965.1,-57.85,1.026
R13171,pine,-50038.5,50402.6,1808.3,-87.2,1.145
R13172,elm,-15326.3,52383,1918.8,-45.75,0.889
R13173,pine,250.2,50538.6,2349.1,-220.95,1.139
R13174,pine,32355.3,51788.4,2596.9,-159.46,1.146
R13175,poplar,44617.8,50586.3,1729.5,-237.96,1.085
R13176,poplar,50287.9,52211.7,1620.5,-161.9,0.847
R13177,poplar,52953.7,50944.9,1587,-262.13,0.969
R13178,jujube,68005.6,52490.1,3673.2,62.49,1.07
R13179,pine,-78345.2,53305.7,10795.4,-174.1,1.104
R13180,pine,-68311.6,54526.6,7576.2,-114.4,0.899
R13181,jujube,-55797.5,54997.9,2135.4,35.35,1.127
R13182,pine,-51193.5,53982.5,1813.9,32.27,1.04
R13183,jujube,-45924.5,53323.4,1585.8,82.82,1.101
R13184,pine,-26324.4,53777.8,1852.9,45.77,0.814
R13185,elm,-20589.5,53393.2,1822.8,77.23,0.856
R13186,pine,5339,53672.5,2075,-119.76,0.821
R13187,elm,25488.2,52862.8,2754.3,-85.58,1.074
R13188,elm,30783.1,54307.3,3457.8,-13.05,0.985
R13189,elm,59994.4,53167.1,1712.5,75.99,1.034
R13190,pine,-71264.7,56627,9304.5,-136.46,1.06
R13191,poplar,-50475.1,56809.4,1888.7,-94.49,0.828
R13192,elm,-28996.2,56521,1855.1,-64.06,1.12
R13193,poplar,-22679.1,56223.9,1950,-52.86,1.1
R13194,jujube,1014.9,57724.3,2140,-159.91,1.092
R13195,elm,7766.7,55946.7,2007.8,88.16,1.035
R13196,elm,14150.5,56663.6,2248.5,-219.09,0.999
R13197,jujube,36459.8,55584,2442.5,-251.03,1.139
R13198,poplar,37211.4,57508.8,2379.9,-231.5,1.004
R13199,pine,40934.7,57109.9,1928.6,81.44,0.889
R13200,pine,48201.3,55787.1,1827.3,-136.63,0.872
R13201,elm,55589.3,57127.9,1829.8,-226.88,1.129
R13202,elm,59862.1,56020.8,1655.2,49.31,0.927
R13203,poplar,-69594.2,60325.4,5887.8,-40.55,1.056
R13204,pine,-33606.4,59542.5,1750.9,82.82,1.043
R13205,elm,-30270.8,59776.2,1969,-23.65,0.97
R13206,jujube,-16283.1,59197.3,1929.2,43.46,0.901
R13207,poplar,-7901.4,58671.3,1940.9,-9.81,0.857
R13208,elm,13338.6,57869.9,2249.6,-21.08,1.055
R13209,pine,14676.2,58675.3,2301.8,-144.11,0.818
R13210,poplar,38444.2,60038.6,2577.1,-250.43,0.894
R13211,jujube,43766.5,57820.2,1791.9,-153.27,0.942
R13212,elm,45692.2,59882.3,1852.6,-202.2,0.953
R13213,poplar,56994.5,59419.9,1733.3,-26.04,0.849
R13214,elm,60984.3,59516.8,2432.4,-264.78,1.025
R13215,poplar,69489.6,60002.1,3732.1,-251.42,0.825
R13216,pine,70916,59246.1,3607.4,87.79,1.049
R13217,pine,-73279.2,62576.5,9710.5,-56.5,1.072
R13218,pine,-70104.7,61342.9,6894.8,-182.53,0.938
R13219,pine,-69351.3,61783.3,6443.3,58.67,0.885
R13220,poplar,-44642.2,62849.4,1977.4,-179.2,0.875
R13221,pine,-14295.5,62437.3,1962.7,-205.21,0.801
R13222,poplar,35130.7,62188.8,3214.1,-78.62,0.899
R13223,jujube,37305.9,61977.5,2610.7,-90.35,0.953
R13224,poplar,43438.1,62861.7,1893.6,-210.32,1.057
R13225,poplar,53562.7,61523.7,2061,-125.09,1.116
R13226,poplar,58960.3,62628.2,2247.6,-76.52,0.95
R13227,poplar,62233.8,62547.2,3069,-205.97,0.947
R13228,pine,63591.6,61253.7,3784.2,11.76,1.059
R13229,poplar,71042.9,62446.1,4380.8,-214.43,0.953
R13230,pine,-71249.1,63486.8,8401.7,-60.04,1.149
R13231,elm,-59805.3,64731.4,3887.7,-127,0.822
R13232,poplar,-56983.9,65298.2,3121.5,39.29,0.828
R13233,poplar,-28237.2,63329.9,3388.2,-87.27,1.02
R13234,jujube,-25442.9,65043,3445.7,-77.78,1.132
R13235,jujube,-3092.1,65425.7,2487,-219.13,0.946
R13236,jujube,17599.8,63309.7,3807.3,19.02,1.089
R13237,jujube,49726.5,64023.7,2448.3,-70.18,1.026
R13238,elm,52333.6,64202.1,2879,-105.71,1.138
R13239,poplar,54989.6,63185.9,2697.8,12.48,0.856
R13240,pine,74304.2,64965.1,5975.3,-64.25,1.128
R13241,pine,78644.5,63771.5,6266.4,-144.72,1.133
R13242,elm,-51899.5,66337.7,3785.2,-240.14,0.909
R13243,jujube,-47967.6,66037.9,2914.6,-136.69,0.97
R13244,poplar,-36892.8,67578.9,3570.2,-217.33,0.967
R13245,elm,-35292.1,67995.1,2585.9,-201.21,0.843
R13246,jujube,-5382.9,67395.4,2739.2,14.48,0.927
R13247,poplar,2181.4,66165.9,2786.2,84.08,0.998
R13248,pine,37399.7,67980.8,3901.4,-48.28,0.944
R13249,elm,43250.4,66061.4,2901.9,-32.27,1.054
R13250,jujube,57287.5,66696.4,3690.8,-88.47,1.06
R13251,pine,-74291.7,68587.6,11053.9,-36.92,0.833
R13252,pine,-65666.8,69153.6,6205.7,-268.41,1.055
R13253,elm,-55419.2,70333.5,3917.9,-182.74,0.952
R13254,jujube,-49175.2,68921.3,3972.5,-247.4,0.812
R13255,poplar,-37796.9,70191.3,4002.1,-139.13,1.058
R13256,elm,-31333.6,69204.1,2484.4,-19.18,1.138
R13257,jujube,-17392.9,70247.9,4423.1,-26.63,1.083
R13258,jujube,-8873.6,70693.5,2804.9,-84.27,0.811
R13259,elm,7695.1,68225.5,3725.7,-181.13,0.802
R13260,pine,8666,69845.1,4175.6,-239.09,1.058
R13261,pine,20140.1,70374.5,6486,12.55,0.917
R13262,pine,24368,69834,6007.2,-207.67,0.886
R13263,elm,42212.5,70207.6,4177.8,-263.9,0.851
R13264,poplar,51635.9,69322.4,3439.4,-199.22,0.914
R13265,jujube,68581.7,68611.3,3710.6,-173.06,1.14
R13266,jujube,-66618.8,71003.2,5677.6,-50.81,0.946
R13267,poplar,-58527.9,71758.7,4156.9,-12.43,0.811
R13268,elm,-51132.7,73030.9,4401.2,-200.79,0.981
R13269,pine,-41489.6,72614.2,5173.5,-139.58,0.883
R13270,poplar,-33799.8,72473.9,3541.1,57.53,1.105
R13271,elm,-25432.7,72818.9,4816.2,-41.42,0.965
R13272,pine,-6879.7,72759.4,4686,-201.24,1.139
R13273,poplar,16658.3,71612.5,5541.7,-25.61,0.95
R13274,elm,30055.7,71339.1,5220.1,-69.16,0.811
R13275,poplar,36664.8,72498.4,4209.1,2.04,0.848
R13276,elm,52417.8,72328.9,4006,12.17,0.882
R13277,pine,76703.5,73202.6,6056.8,-83.23,0.838
R13278,poplar,-58432.9,74488,5601.1,-57.78,0.805
R13279,pine,-49868.6,75781.3,5048.8,-214.91,0.899
R13280,poplar,-46743,74353.7,5304.7,-147.56,1.012
R13281,jujube,-44307.9,75611.5,5848.9,79.03,0.8
R13282,pine,-42199.1,74285.9,6063.9,27.1,1.005
R13283,poplar,-25415.1,74621.6,4986.8,-12.22,0.95
R13284,pine,-18407.9,73966.4,4937.9,74.12,1.04
R13285,poplar,-16941.5,75931.3,5559.2,-163.59,0.953
R13286,elm,-5448.6,75060.8,4594.8,-246.92,0.873
R13287,elm,-4105.4,75044,4884.3,-203.84,0.825
R13288,pine,16055.8,73890.4,4956.7,-127.42,0.842
R13289,pine,27589.5,75997.8,7142.8,-255.1,0.995
R13290,poplar,31614.6,73444.1,5019.8,-69.58,1.112
R13291,poplar,34077,75054.4,4619.8,-191.81,0.973
R13292,pine,41471.3,74006.9,5285.3,-102.96,0.808
R13293,elm,45288.5,75193.6,4987.6,67.88,0.962
R13294,pine,48957.7,74440.5,4002.1,70.18,1.097
R13295,pine,56587.7,74499.5,4270,-19.53,0.854
R13296,elm,59002,74044.3,4813.3,-69.43,0.927
R13297,poplar,67025,74111.4,4991.7,-48.25,0.899
R13298,pine,-74954.2,77072.8,9476.1,-173.14,1.007
R13299,pine,-73322.2,77184.8,9147.6,-232.75,1.078
R13300,jujube,-58295.4,76530,5354,-159.04,0.993
R13301,pine,-51834.5,76215.9,4905.2,-41.63,1.005
R13302,elm,-28605.1,78165.4,5004.9,54.57,1.095
R13303,pine,-6249.7,77231.8,4667.4,85.12,0.922
R13304,poplar,-3527.6,76405.4,4840.1,18.8,0.907
R13305,jujube,4479.9,78114,5678.1,-56.2,1.068
R13306,pine,27877.4,76920.5,7163.9,-256.55,1.148
R13307,pine,30219,76695.6,6456.4,-102.32,0.942
R13308,elm,40715.3,77069.7,4874,-231.32,0.894
R13309,elm,49833.8,77807.2,4570.4,-18.05,1.051
R13310,elm,54724.5,76382.2,4828.2,-55.44,1.114
R13311,elm,56590.2,76030.8,4804.5,-89.71,1.089
R13312,poplar,11283.7,78845.2,5848.3,-58.2,1.003
R13313,pine,25321.8,79333.6,6544.4,-211.2,0.912
R13314,pine,26734.1,79017.8,7011.3,-123.19,0.854
R13315,pine,29245.1,79339.8,6887.5,-39.75,1.149
R13316,elm,55864.6,78807.1,5487.6,-99.52,1.026
R13317,elm,74381,79088.4,5820.9,24.18,0.901
R13318,shrub,-28281.5,-79317.6,12855.2,-202.43,1.061
R13319,shrub,-1009.6,-79454.5,17135.4,44.05,1.221
R13320,shrub,29868.7,-79116.6,12965.8,-229,0.8
R13321,shrub,59231.1,-79515.2,13231.4,-33.64,1.168
R13322,shrub,-61281.7,-78672.9,14015.8,-125.83,1.042
R13323,shrub,55684.3,-78506.8,12542.4,-196.38,1.078
R13324,shrub,68658.7,-77961.9,15382.5,74.98,1.284
R13325,shrub,-74645.8,-77705.1,15344,31.5,0.835
R13326,shrub,-22961,-77296.8,12222.9,-91.44,1.375
R13327,shrub,2590.8,-77296.9,14196,-76.2,0.953
R13328,shrub,7592.1,-77506.4,12387.4,-19.62,1.074
R13329,shrub,13688.7,-76835,15303.2,17.36,0.777
R13330,shrub,39080.2,-77762.2,17004.3,-66.91,0.94
R13331,shrub,-74341.1,-75722,16709.7,-69.93,0.871
R13332,shrub,-62097.1,-75629.9,13463.9,14.81,1.092
R13333,shrub,-49886.8,-76324.9,15913.3,-2.59,1.084
R13334,shrub,-28470.9,-76641.5,11358.6,-5.9,1.387
R13335,shrub,-19654.4,-76370,11015.5,-188.7,1.316
R13336,shrub,-14311.4,-76546.1,13944.6,-261.14,0.878
R13337,shrub,20931.8,-75615.2,13317.5,53.7,0.934
R13338,shrub,23598.4,-76580.4,12702.8,-15.65,1.016
R13339,shrub,25392.4,-76310.2,12662.7,-2.05,1.145
R13340,shrub,68703.1,-76280.4,14785.3,-236.72,1.338
R13341,shrub,-60686,-74649.3,12133.4,-4.17,1.004
R13342,shrub,-33305.8,-74611.7,12952.1,62.39,0.734
R13343,shrub,10484.5,-75406.6,12838,-119.04,0.979
R13344,shrub,12096,-75309.1,14863.4,51.27,1.358
R13345,shrub,13888.8,-75268.9,14980.2,-199.04,0.97
R13346,shrub,18704.6,-74713,15126.1,-246.8,1.321
R13347,shrub,20744.1,-75283.2,13308,-30.5,0.821
R13348,shrub,22815.8,-75597.1,13154.2,-19.91,1.179
R13349,shrub,32065.8,-75460.5,16369.9,-100.61,1.253
R13350,shrub,34583.3,-74816.8,15292,-216.5,1.319
R13351,shrub,73525.2,-74677.6,14688,-200.84,0.741
R13352,shrub,74616.9,-75317.6,14652.9,-63.38,0.965
R13353,shrub,-70475.5,-73746.6,14228.7,88.1,0.769
R13354,shrub,-42026.1,-73425.4,13238.8,-209.12,1.281
R13355,shrub,-6597.1,-73595,10796.4,-36.94,1.258
R13356,shrub,17490.5,-74371.1,15978.7,34.68,1.066
R13357,shrub,26159.7,-73896.1,12536.8,-136.83,0.844
R13358,shrub,55907.5,-73506.7,13146.6,-200.2,0.86
R13359,shrub,-48133.7,-72491.9,11871.2,-237.55,1.106
R13360,shrub,-134.9,-73389.5,11097,-52.77,0.855
R13361,shrub,17163.2,-73230.3,15805.5,-179.05,1.094
R13362,shrub,42924.4,-72876.5,10618.1,-111.26,1.013
R13363,shrub,-26531.5,-71974.9,14050.8,-116.99,0.879
R13364,shrub,-16880.9,-72266,12442.8,22.79,1.178
R13365,shrub,-12040.1,-72042.2,12774.6,-243.04,0.977
R13366,shrub,42177.2,-71217.9,10565.6,45.3,0.726
R13367,shrub,54038.4,-71892.9,12407,-195.5,1.197
R13368,shrub,-60156.7,-70941.5,12527.1,53.45,1.29
R13369,shrub,-39336.5,-70247.4,12779.4,-14.09,1.283
R13370,shrub,-3421.9,-70370.7,9312.9,20.55,0.857
R13371,shrub,-2124.8,-70528,9473.7,-106.1,1.221
R13372,shrub,5984.2,-70892,11021.7,-152.39,1.137
R13373,shrub,52084.6,-70443,11472,-185.33,0.776
R13374,shrub,60134.7,-71098.5,12224.9,-156.34,1.104
R13375,shrub,-43543.9,-69536.7,10307.9,80.1,0.736
R13376,shrub,-29097.6,-69303.6,12763.2,-110.82,1.219
R13377,shrub,-22185.5,-69178.3,10928.8,19.26,0.707
R13378,shrub,-5310,-69137.3,10689.1,-122.56,0.882
R13379,shrub,-3486.7,-69228.3,9220.5,36.59,1.27
R13380,shrub,20256.2,-69224.8,11291,-204.27,1.259
R13381,shrub,27325.1,-69314.9,11934.6,-31.44,0.797
R13382,shrub,62241,-70016.7,10801.7,16.83,0.723
R13383,shrub,-22387.6,-68194.2,10276.7,9.5,1.324
R13384,shrub,35879,-68954.6,11036.6,-71.71,0.864
R13385,shrub,49982.9,-67955.2,13462,-90.55,1.17
R13386,shrub,60333.2,-68426.8,11317.5,47.66,0.937
R13387,shrub,63120.8,-68460.2,9390.8,72.67,0.902
R13388,shrub,-39119.9,-67244.4,11817.8,-17.21,0.792
R13389,shrub,2808.3,-66851.6,9233.3,-211.19,1.289
R13390,shrub,19412.2,-67503.7,9967.4,-12.77,0.88
R13391,shrub,31886.2,-67285.7,10626.3,-161.94,1.254
R13392,shrub,77953.2,-67074.9,9878.2,-51.15,0.762
R13393,shrub,-67659.4,-66544.4,11635.5,-177.41,0.727
R13394,shrub,-66360.8,-66537.8,11784.1,-120.17,1.034
R13395,shrub,-62677.3,-66327.3,11850.9,-236.37,0.801
R13396,shrub,-51772.7,-66454.3,12607.5,-222.74,0.828
R13397,shrub,-23255.2,-66479.5,10241.4,-160.48,1.394
R13398,shrub,1973.7,-66149,8972.9,37.8,1.236
R13399,shrub,35594.3,-66161.6,11552,-52.34,1.397
R13400,shrub,53571.1,-65871.9,11289.5,-149.74,0.848
R13401,shrub,62471.2,-66726,8939.4,-102.24,0.824
R13402,shrub,77557.2,-65984.2,8471.1,-64.76,1.151
R13403,shrub,-73019.4,-65320.4,10318.1,-67.91,0.88
R13404,shrub,-64143.3,-64886.8,11870,-74.25,0.742
R13405,shrub,-46018.4,-65677.6,8245.2,-132.7,1.387
R13406,shrub,-26197.6,-65117,10394.6,-75.9,0.773
R13407,shrub,-22703.6,-64612.1,8118.3,-19.44,1.285
R13408,shrub,8656,-65115.3,7669.2,-217.48,0.975
R13409,shrub,13628.5,-64748.6,6621.5,-114.24,0.918
R13410,shrub,20305.3,-65482.7,10317,26.41,0.905
R13411,shrub,29640.5,-65656.3,8773.2,-260.35,1.061
R13412,shrub,48595.7,-65582.3,10716.2,-29.47,1.241
R13413,shrub,60113.5,-64736.1,10343.1,-236.94,1.302
R13414,shrub,79193.7,-65016.3,8472.3,-160.19,0.997
R13415,shrub,-60411.6,-64492.3,12586.4,-130.83,1.032
R13416,shrub,-51714,-64076.3,11496.5,-60.3,1.105
R13417,shrub,-49588.4,-63968.8,10145.2,12.65,1.328
R13418,shrub,-32247.6,-63711.2,6810.4,72.05,1.307
R13419,shrub,-22444.7,-64102.8,7787.6,-222.97,0.888
R13420,shrub,-16165.7,-64256.6,7336.5,-111.96,0.84
R13421,shrub,-4120.7,-64262.1,8089.5,-148.97,1.125
R13422,shrub,7722.5,-64040.8,7406.9,-79,1.245
R13423,shrub,20445.8,-63890.9,10856.1,-74,1.34
R13424,shrub,49617.5,-63884.4,10371.1,-29.4,1.264
R13425,shrub,53329.5,-63847.9,9440.2,78.59,0.709
R13426,shrub,65300.9,-63553.3,8817.3,75.41,1.292
R13427,shrub,76034.8,-63793.5,7595.2,-133.7,1.18
R13428,shrub,78420.4,-64564.4,7717.8,60.86,1.277
R13429,shrub,-26368.7,-63431.6,8259.8,-1.9,0.97
R13430,shrub,-21881.8,-62938.1,7080.8,-37.81,1.177
R13431,shrub,-21510.1,-63140.3,7100,-169.97,0.857
R13432,shrub,-18739.8,-63454.2,6707.1,-114.08,0.944
R13433,shrub,18488.5,-62739.2,8400.3,72.93,1.154
R13434,shrub,21833.6,-63187.4,10612.5,8.91,0.794
R13435,shrub,22345.3,-63216.6,10126.5,-81.7,1.059
R13436,shrub,32134.4,-62707.3,8897.3,63.36,1.092
R13437,shrub,56179.2,-63081.9,7456.5,-186.93,0.926
R13438,shrub,-63431.4,-62131.1,13865.8,-233.88,1.13
R13439,shrub,-58653,-61599.1,10854.3,-111.2,1.004
R13440,shrub,-41053.6,-62044.7,8233.7,-250.37,0.738
R13441,shrub,-18802.3,-61587.4,6210,-108.12,0.777
R13442,shrub,34900.4,-61826.8,9306.9,-166.13,1.284
R13443,shrub,42686,-62285.4,9436.7,-173.57,0.908
R13444,shrub,43513.5,-62090.1,10226.9,-251.29,0.867
R13445,shrub,44322.3,-61524.9,10529.4,85.89,0.999
R13446,shrub,66468.5,-62281.8,7086.2,-10.86,1.192
R13447,shrub,-75525.9,-60526.8,9991.3,-165.57,0.881
R13448,shrub,-61644.7,-60387.5,11833,51.15,1.243
R13449,shrub,-59404.9,-60974,10725.5,-267.24,0.766
R13450,shrub,-57044.4,-61007.8,9906.6,-106.71,0.913
R13451,shrub,-55477.7,-60855.7,10954.2,-74.7,0.917
R13452,shrub,-18442.6,-60555.9,6429,37.77,0.911
R13453,shrub,-12478.1,-60201.5,5046.9,-203.35,1.126
R13454,shrub,16998.2,-60570.9,6805.1,39.98,1.373
R13455,shrub,22079.4,-60564.7,8084.8,51.45,1.095
R13456,shrub,23619,-61207.3,8252,-172.21,1.293
R13457,shrub,37031.3,-60590.8,9092.8,-55.57,0.785
R13458,shrub,49368,-61112.1,11307.1,24.13,0.796
R13459,shrub,58180.9,-60502.5,8307.4,-147.91,1.224
R13460,shrub,-77365.5,-60033,10867.8,-163.05,1.292
R13461,shrub,-64937.8,-60165.9,12580.2,-147.56,1.069
R13462,shrub,-56645.6,-60182,10857.2,-68.91,0.964
R13463,shrub,-28052.2,-59764.3,5323.5,-77.29,0.723
R13464,shrub,-24901.2,-59617.7,4925.9,-65.05,1.357
R13465,shrub,-21893.1,-59145.5,6028.3,-243.68,1.03
R13466,shrub,76942.6,-59251.3,6472,-142.76,0.769
R13467,shrub,79532.1,-59883.1,6079.1,31.63,0.935
R13468,shrub,-78878.8,-58966.3,11315.6,67.22,1.272
R13469,shrub,-71545.3,-58093.7,12870,-218.64,0.782
R13470,shrub,-53557.8,-58896.4,9830.4,-156.34,0.799
R13471,shrub,-38626.1,-58142,5796,-181.97,0.797
R13472,shrub,-25610.4,-58289.9,5420.2,-117.16,0.813
R13473,shrub,-22409.2,-58364.2,5130.3,16.23,0.748
R13474,shrub,-13482.6,-58445.5,4087.8,-102.81,1.199
R13475,shrub,-12881.4,-58466.9,4261.8,82.45,0.738
R13476,shrub,33936,-59000.2,8039.7,-223.96,1.202
R13477,shrub,36140.7,-58774.5,7957.4,-30.56,1.053
R13478,shrub,-74643.7,-57787.5,10332.8,70.35,0.746
R13479,shrub,-29491.6,-57523.5,4057.5,-105.71,1.118
R13480,shrub,-19883.2,-57638.1,3866.2,-174.73,1.109
R13481,shrub,-1504.9,-57416.9,5233.6,49.72,1.083
R13482,shrub,-294.6,-57788.1,4900.8,-220.17,0.91
R13483,shrub,23087.9,-56974,3171.2,-266.42,1.052
R13484,shrub,26265.5,-57231.6,3639.4,-225.78,0.901
R13485,shrub,37287.2,-57737.2,7150.1,66.81,1.391
R13486,shrub,37920.1,-57385.2,7072.6,-260.2,1.113
R13487,shrub,41251.4,-57017,8583.4,68.86,1.178
R13488,shrub,46382.2,-57953.5,8529.7,-261.26,1.011
R13489,shrub,47603.9,-57483.2,8443.2,-24.9,1.302
R13490,shrub,58651.6,-57857.1,6530.5,83.58,1.348
R13491,shrub,-38041.3,-56009.9,4927.9,15.25,1.128
R13492,shrub,-24727.1,-56190.2,4857.1,-103,1.027
R13493,shrub,-14240.8,-56223.7,3266.4,-245.57,0.988
R13494,shrub,-13149.1,-56288,3281.3,-42.83,0.716
R13495,shrub,-1363.7,-56048.5,4401.8,-107.29,1.132
R13496,shrub,31683.2,-55838.7,6591.6,-243.81,0.738
R13497,shrub,36848.6,-56066,7336.2,38.91,0.908
R13498,shrub,40539.8,-55850.2,8931.1,89.6,0.786
R13499,shrub,45778,-56886,8536.9,-68.21,1.25
R13500,shrub,47177.5,-56590.1,8321.3,-13.8,1.393
R13501,shrub,55185,-56287.2,5729,-222.92,1.124
R13502,shrub,55767.2,-56773.5,5771.6,76.44,1.227
R13503,shrub,-42726.1,-54720,5421.9,-80.62,1.06
R13504,shrub,-42361.9,-55103.1,5450.5,-208.37,0.79
R13505,shrub,-37364.8,-55485.5,4518.1,-244.95,1.243
R13506,shrub,-12835.6,-55223.6,3068.8,-175.63,1.037
R13507,shrub,10352.9,-55124.8,2284.7,67.97,0.994
R13508,shrub,17588.9,-55047.4,3217.6,26.61,1.002
R13509,shrub,29535.9,-55762.1,5167.3,73.37,1.088
R13510,shrub,31610,-54738.9,6213.8,3.94,1.005
R13511,shrub,33282.6,-55773.9,6906.3,-171.78,1.052
R13512,shrub,33729.7,-55415.6,7029.7,-68.49,1.092
R13513,shrub,45194.8,-54764.7,8819.9,-240.09,1.128
R13514,shrub,48464.9,-54752,8094.2,-245.61,1.354
R13515,shrub,60797.5,-54775.1,4076,50.54,1.024
R13516,shrub,64032.4,-55699.9,4044.7,-32.21,1.307
R13517,shrub,-61487.5,-54183.1,9059.7,-123,1.242
R13518,shrub,-51835.9,-53879.7,7100.8,-188.88,0.878
R13519,shrub,-36807.4,-53886.9,3342.8,-93.63,0.934
R13520,shrub,35067.2,-53714,6454.9,23.51,1.166
R13521,shrub,38298.1,-54594.8,7978.4,-257.12,1.202
R13522,shrub,42015.4,-54682.9,8377.6,15.94,0.884
R13523,shrub,53867,-53657.7,6268.7,4.05,0.762
R13524,shrub,61215.6,-53976.7,3838.2,-160.59,0.739
R13525,shrub,69642.7,-54633.6,3314.2,29.33,1.38
R13526,shrub,-66509.9,-53114.8,12064.2,-156.15,1.285
R13527,shrub,-54231.5,-52745,7568.1,41.65,1.023
R13528,shrub,-39664.9,-53258.1,3889.3,25.46,0.942
R13529,shrub,-12541.9,-52920,2847.1,-116.88,0.908
R13530,shrub,-5977,-53557.4,3722.9,-17.99,0.992
R13531,shrub,27435.1,-53444.4,4311.9,15.5,1.017
R13532,shrub,31321.6,-52926.9,6118.8,-60.98,0.791
R13533,shrub,34026,-52566.1,6409.7,-209.45,1.23
R13534,shrub,37190.9,-52830.5,8517.5,-29.63,1.228
R13535,shrub,46759.7,-52595.7,9762,-233.85,1.04
R13536,shrub,52382.9,-52761.2,7167.9,-41.72,1.398
R13537,shrub,54956.7,-53165.2,5955.9,-158.91,0.998
R13538,shrub,-65973.4,-52277.1,11802.5,37.41,1.396
R13539,shrub,-2684.1,-51783.9,2761.5,-31.07,1.095
R13540,shrub,29668.3,-52162.7,5392.2,69.59,0.817
R13541,shrub,32535.1,-51425.4,5304.9,55.89,0.955
R13542,shrub,44455.4,-52378,9522.8,-223.4,0.892
R13543,shrub,45943.3,-51831,8782,-263.41,1.042
R13544,shrub,49444.2,-52215.5,8828.5,-226.33,1.137
R13545,shrub,-67033.2,-50840.8,13194.3,69,1.143
R13546,shrub,-51450.8,-50300.5,5397.6,-4.81,0.9
R13547,shrub,-40516,-50439.1,3198.8,20.89,1.397
R13548,shrub,-35937.5,-51023.3,2417.1,15.72,1.358
R13549,shrub,8571.4,-50462.5,2041.4,-92.86,1.199
R13550,shrub,12927.8,-51191.7,2079.8,47.09,0.989
R13551,shrub,21297.5,-50524.8,2327.4,-247.89,1.164
R13552,shrub,29548.3,-51007.8,5280.2,-115.5,0.745
R13553,shrub,39684.6,-50782.7,9169.8,-109.54,1.206
R13554,shrub,44725,-51071.2,9956.8,1.34,0.889
R13555,shrub,46865.2,-51089.6,7757.1,-219.19,0.97
R13556,shrub,-73099.6,-49718.8,12076.2,-258.17,0.938
R13557,shrub,-71195.8,-49991.8,12140.6,-148.21,1.108
R13558,shrub,-61961.2,-49448.6,9321.5,60.88,0.73
R13559,shrub,-49630.4,-50116.7,5532.8,-268.05,1.04
R13560,shrub,-23852.5,-49631.2,1661.3,-207.92,0.952
R13561,shrub,13324.6,-49409,2089.6,-5.67,1.364
R13562,shrub,14769.4,-50096.3,2208.2,-178.01,1.258
R13563,shrub,33027.3,-49660.8,5516.2,19.12,0.899
R13564,shrub,38101.1,-49569.8,7851.5,-142.55,1.049
R13565,shrub,50376.2,-49758,7308,-124.1,1.029
R13566,shrub,51961.8,-50001.2,7085.8,-4.69,1.058
R13567,shrub,54018.6,-49666.1,5278,-156.67,0.784
R13568,shrub,63680,-49533.9,2608.1,-26.41,1.225
R13569,shrub,64535.9,-49665.4,2727.4,-60.43,1.239
R13570,shrub,74670.5,-49894.2,5028.8,16.51,1.206
R13571,shrub,-59142.2,-48678.5,7474.4,-103.94,0.957
R13572,shrub,-51799.7,-48330.7,4167.7,-173.48,0.946
R13573,shrub,-38168.2,-48864.6,2398.3,54.49,1.124
R13574,shrub,-22521.5,-48782,1578.7,-106.48,0.78
R13575,shrub,-17215.2,-48709,1341.8,-192.08,0.873
R13576,shrub,-14144.2,-49173.7,1741.6,-180.18,1.251
R13577,shrub,-1588.2,-49158,2164.6,-63.88,0.975
R13578,shrub,-660.4,-48532.2,2263.9,-11.43,1.352
R13579,shrub,10832.9,-48781.7,1849.5,68.11,0.797
R13580,shrub,25308.1,-48620,2780.5,-146.11,1.14
R13581,shrub,43992.6,-49031.4,8175.9,-22.44,1.197
R13582,shrub,47176.8,-49023.7,8114.3,-182.15,1.389
R13583,shrub,53850.8,-48630.8,5431.8,70.76,1.212
R13584,shrub,-50926.9,-47428.2,3883.4,-148.14,1.291
R13585,shrub,-39900.7,-47089.8,2503.4,4.01,1.141
R13586,shrub,-27288.3,-47495,1855.6,-205.28,1.154
R13587,shrub,-23253.7,-47006.6,1773.9,12.47,0.973
R13588,shrub,-21704,-47484.3,1645.3,-6.11,0.746
R13589,shrub,-20227.7,-48001.6,1600.3,-131.75,0.931
R13590,shrub,-14822.4,-47572.6,1641.7,-178.71,1.377
R13591,shrub,16566.2,-48072.1,2065.4,-248.57,0.938
R13592,shrub,27990.4,-47092.5,3597.1,44.52,1.066
R13593,shrub,37947,-47714.7,6512.4,-5.45,1.37
R13594,shrub,42228.7,-47923.6,8890.5,-257.22,1.39
R13595,shrub,55066.3,-47193.5,5515.5,-269.26,1.284
R13596,shrub,72047.8,-47974.9,4400.8,7.97,0.719
R13597,shrub,77249.7,-47398.2,5645.1,-54.95,1.224
R13598,shrub,-53817.1,-46671,4850.3,-210.4,1.376
R13599,shrub,-35580.9,-46967.7,2302.1,-266.31,0.78
R13600,shrub,-33624.7,-45972.6,2234.2,-65.87,1.184
R13601,shrub,-32535.2,-46133.9,2130,-259.52,0.876
R13602,shrub,-22436.4,-46384.4,1738.1,-98.52,0.946
R13603,shrub,-20872.9,-46420.8,1702,-230.12,0.833
R13604,shrub,9922.3,-46285.6,1701.5,13.65,1.104
R13605,shrub,30240.1,-46026.5,4036.3,-150.01,1.191
R13606,shrub,31756.7,-46083.8,4403.4,46.05,0.749
R13607,shrub,35363.4,-46148,6112.8,64.3,1.05
R13608,shrub,44010.1,-46522.2,9065.2,-181.43,1.329
R13609,shrub,49460.6,-46198.7,6889.9,-209.83,1.091
R13610,shrub,64775.7,-46409.3,3576.5,-52.48,1.224
R13611,shrub,66981.9,-46018.9,4055.5,-217.3,1.119
R13612,shrub,-63937.6,-45131.6,7414.7,-141.86,0.801
R13613,shrub,-56445.2,-45678.2,6335.4,32.77,1.014
R13614,shrub,-44921.5,-45681.9,3359.3,-84.25,1.367
R13615,shrub,-35392.5,-45784.8,2266.4,-246.59,1.016
R13616,shrub,-33854,-45342,2240.6,-122.75,1.27
R13617,shrub,-11200.2,-45458.1,1969.4,-7.07,1.278
R13618,shrub,-5705.4,-45132.1,2125.6,-213.95,0.72
R13619,shrub,5399.8,-45650.2,2060,-23.28,1.285
R13620,shrub,26083.6,-45744.7,2527,-254.58,0.778
R13621,shrub,27990,-45289.4,3228.7,-251.49,0.863
R13622,shrub,31089.9,-45336.4,4224.6,-147.57,0.929
R13623,shrub,31102.9,-45625.4,4163.3,-33.14,1.244
R13624,shrub,35019.3,-45731.2,5912,-154.72,1.297
R13625,shrub,44969.1,-45591.8,9638.5,-141.89,1.01
R13626,shrub,50240.3,-45114.4,6207.4,-119.38,0.926
R13627,shrub,52702.8,-45127.9,6781.5,-233.69,1.234
R13628,shrub,65651.4,-44814.6,4124.1,-72.28,0.993
R13629,shrub,71310.3,-44970.5,4535.7,21.3,0.878
R13630,shrub,-50286.8,-44101.4,3447.5,53.78,1.291
R13631,shrub,-23551.6,-44159,1916.3,-10.31,1.208
R13632,shrub,23740.7,-44172.4,2270.8,37.64,1.187
R13633,shrub,25669.1,-43919.8,2485.4,-50.24,1.269
R13634,shrub,28701.4,-44342.1,3756.9,-67.59,1.377
R13635,shrub,40649.1,-44141.8,7066.4,76.48,0.962
R13636,shrub,44780,-44327.4,9755.6,-195.41,1.091
R13637,shrub,51307.2,-44411.4,8060.8,-254.09,1.262
R13638,shrub,58470.4,-44021.2,4112.6,-264.91,0.928
R13639,shrub,65139.3,-44733.3,4179.6,-110.02,1.316
R13640,shrub,78898.4,-44537.1,6674.8,38.31,1.183
R13641,shrub,-71664.1,-43248.6,10585,73.75,0.946
R13642,shrub,-64273.9,-43680.4,7782.4,-152.83,0.919
R13643,shrub,-57675.7,-43557,5502.2,-65.78,0.916
R13644,shrub,-55018.2,-42927.7,5478.7,28.67,1.192
R13645,shrub,-46248.3,-42628.6,2779.9,-234,0.851
R13646,shrub,-42638.4,-43488.4,2718.6,-176.85,0.861
R13647,shrub,-41186,-42890.5,2573.5,78.33,0.978
R13648,shrub,-34289,-43015.7,2064.6,-162.2,1.327
R13649,shrub,-30273.1,-42611.2,1988.7,-172.89,0.927
R13650,shrub,-27370.8,-43614.4,2000.1,21.15,1.016
R13651,shrub,-25936.4,-43381.3,2029.6,-154.73,1.126
R13652,shrub,-23189,-43015.1,1961.8,-42.88,1.133
R13653,shrub,-18781.4,-43352.2,1672.9,-260.05,0.92
R13654,shrub,-16301.3,-42895.6,1774.7,-103.22,0.74
R13655,shrub,-15516,-42729.6,1795.2,-10.31,0.914
R13656,shrub,-12247.3,-43057.2,1869.2,-208.76,1.353
R13657,shrub,-5231.1,-43402.3,2044.6,-159.8,1.19
R13658,shrub,24569.3,-43426.9,2423,-249.67,1.25
R13659,shrub,26574.8,-42955.6,2654.5,-146.91,1.369
R13660,shrub,30329.4,-43467.4,3929.6,59.79,0.843
R13661,shrub,37702,-43316.5,6369.6,-128.35,0.85
R13662,shrub,41849.7,-42832.7,6240.6,-197.89,1.171
R13663,shrub,56069.8,-43114.9,4276.3,-207.39,1.368
R13664,shrub,57745.1,-42632.5,3477,-6.11,1.045
R13665,shrub,60650.9,-42917.2,3619,52.34,1.184
R13666,shrub,68444.8,-43617.1,4450,-248.45,1.125
R13667,shrub,69991.8,-43690.4,3942.7,35.55,1.127
R13668,shrub,-77188.4,-41740.9,12057.3,-128.19,1.378
R13669,shrub,-71611.7,-42412.6,9807.9,42.3,0.756
R13670,shrub,-61336.4,-41715.8,5507.7,79.55,0.819
R13671,shrub,-60746.2,-42443.9,6073.4,16.59,1.359
R13672,shrub,-57858.5,-41742.4,5956.2,-264.18,0.976
R13673,shrub,-54457.5,-41862.3,4792.1,-5.22,1.131
R13674,shrub,-53099.7,-42170.8,4125.1,-239.88,1.193
R13675,shrub,-47886.3,-41825.2,3012.8,-79.67,0.841
R13676,shrub,-43315.9,-41538.3,2480.8,-95.7,0.839
R13677,shrub,-37229.6,-41929.7,2302.4,-39,0.947
R13678,shrub,-33116.7,-41682.5,1923.6,-244.44,1.322
R13679,shrub,-27888.1,-42199,1946.7,-248.43,1.362
R13680,shrub,-24441.4,-41619.5,2033.2,-226.3,0.894
R13681,shrub,-22015.7,-41582.9,1753.7,-260.52,1.308
R13682,shrub,-15186.4,-41607.7,1946.4,25.32,1.37
R13683,shrub,-12033.7,-42057.9,1837.2,3.47,1.178
R13684,shrub,16859,-41733.3,1878,42.05,1.293
R13685,shrub,28038,-42345.3,3366.4,-187.63,1.048
R13686,shrub,29971.9,-42577.7,3890.3,-86.05,1.239
R13687,shrub,38739.8,-41513.3,6618.7,39.35,0.977
R13688,shrub,41275.6,-41895.2,5712.7,71.34,1.219
R13689,shrub,48109,-41755.2,8221.6,-261.17,1.247
R13690,shrub,49917.5,-41629.7,6106.8,-91.18,1.366
R13691,shrub,51884,-41622.5,5324.3,-268.29,0.984
R13692,shrub,56330.4,-42079.1,3930,67.72,0.962
R13693,shrub,57020.9,-42268.4,3792,76.12,1.092
R13694,shrub,60281.6,-41907.1,3886.3,-109.97,1.263
R13695,shrub,-61443,-40974,5401.1,-86.84,1.064
R13696,shrub,-56890.4,-41077.6,5321.7,-239.05,1.242
R13697,shrub,-55516.4,-40502.8,4436.2,-261.22,1.34
R13698,shrub,-54317.1,-40700.1,3810.2,-71.69,0.81
R13699,shrub,-52469.2,-41478.9,3678.8,16.09,1.304
R13700,shrub,-48930,-41415.3,3000.6,-124.92,0.863
R13701,shrub,-47490.6,-41216.6,2810.7,-156.26,1.006
R13702,shrub,-38777.5,-41157.8,2358.7,-143.88,1.382
R13703,shrub,-38131.9,-40490.4,2265.9,-211.28,0.936
R13704,shrub,-25376,-40784,1960.5,-139.31,0.897
R13705,shrub,-23639.3,-41492.3,2009.1,1.99,0.849
R13706,shrub,-20289.6,-41282.4,1674.9,-107.25,1.21
R13707,shrub,-14254.5,-40583.6,1914.7,-260.54,0.894
R13708,shrub,-11135.3,-40914.1,1963.2,-252.11,1.242
R13709,shrub,-1860,-41329.4,2053.5,82.8,0.889
R13710,shrub,11503.8,-40800.8,1832.3,54.19,1.37
R13711,shrub,25180,-41291.5,2394.9,50.25,1.378
R13712,shrub,27338.6,-40661.3,2675.4,-121.98,0.864
R13713,shrub,29335,-40432.9,3417.6,-143.05,0.97
R13714,shrub,34595,-40974.3,4864.4,-139.34,0.851
R13715,shrub,38691.3,-40582.7,7152.2,-267.21,0.793
R13716,shrub,45655.7,-40682.4,7178.8,-192.1,1.363
R13717,shrub,47054.6,-41111.3,7958.7,-128.3,1.334
R13718,shrub,50087.9,-41488,5929.8,27.02,1.193
R13719,shrub,51608.9,-40461.6,4784.8,-4.66,0.872
R13720,shrub,57490.7,-40680,3246.8,-169.93,0.729
R13721,shrub,59258.9,-41062.1,3552.9,-110.5,1.055
R13722,shrub,-69873.6,-39601.3,7427.4,-76.22,1.398
R13723,shrub,-68478,-40386.3,8381.4,-181.71,1.065
R13724,shrub,-66000.9,-39914.8,8527.6,-112.88,1.285
R13725,shrub,-56593.1,-40109.1,4314.3,70.41,0.998
R13726,shrub,-50767.8,-40101.1,3126.5,-150.73,0.701
R13727,shrub,-49475.9,-39948.3,2902.8,-192.41,1.375
R13728,shrub,-29188.4,-40283.5,1813.3,-99.79,1.035
R13729,shrub,-23902,-40282.4,1884.8,-139.5,0.967
R13730,shrub,-21740.9,-40367.3,1801.4,63.34,1.3
R13731,shrub,-17469,-39898.4,1783.8,-222.02,0.717
R13732,shrub,-16592.1,-40079.1,1852.5,-84.83,1.342
R13733,shrub,19136,-40294,1888.1,-73.7,1.298
R13734,shrub,32453.9,-39646.7,4519.9,-181.45,0.908
R13735,shrub,43234.7,-39330.3,5268.5,-214.57,0.835
R13736,shrub,49234.4,-39749,6282.1,-92.79,0.816
R13737,shrub,52035.4,-40346.3,4641.8,25.03,1.399
R13738,shrub,60747.2,-40359.5,3622.9,6.77,0.934
R13739,shrub,-71264.9,-38769,7423,-80.6,1.06
R13740,shrub,-64169.1,-38438,7470.3,-45.02,1.081
R13741,shrub,-62220.5,-38221.8,5491.4,1.21,1.075
R13742,shrub,-53802.9,-38686.9,3066.9,-79.08,1.157
R13743,shrub,-53199.2,-38998.4,3131.7,-4.03,1.015
R13744,shrub,-51561.6,-39162.6,3142.9,-195.99,0.811
R13745,shrub,-39152.6,-38547.2,2193.8,18.79,0.955
R13746,shrub,-26587.5,-38207.5,1776.4,-252.72,0.851
R13747,shrub,-18581.1,-38651.7,1653.1,-57.76,0.792
R13748,shrub,-12538.7,-38838.5,1977.4,-125.3,1.048
R13749,shrub,-7325,-38780.7,2049.5,2.37,0.805
R13750,shrub,-1944.1,-39131.1,2083.2,59.22,0.946
R13751,shrub,1541,-38311.4,1986.8,-192.04,0.811
R13752,shrub,17539.8,-39238.8,1803.5,-226.86,1.259
R13753,shrub,24076.1,-38841.9,1940.8,-216.4,0.964
R13754,shrub,30034.4,-38763.2,3400.7,33.04,0.83
R13755,shrub,31529.1,-38261.3,3682.7,-173.77,1.301
R13756,shrub,51998,-39152.4,4454.4,-222.13,0.987
R13757,shrub,55895.5,-39050,3731.3,-154.37,0.89
R13758,shrub,-74039.8,-37732.3,7613.8,62.23,1.123
R13759,shrub,-64129.3,-37618,7064.2,-200.51,1.134
R13760,shrub,-58511,-37998.9,4710.1,-1.16,1.023
R13761,shrub,-49344.5,-37613.4,2418.2,66.3,1.246
R13762,shrub,-38839.2,-37121.3,2223.7,-225.1,1.052
R13763,shrub,-23148.6,-37695.1,1776.2,43.49,1.38
R13764,shrub,-22451.6,-37649,1777.9,-137.38,0.84
R13765,shrub,-21507.8,-38127.4,1699.4,61.45,1.184
R13766,shrub,-19088.2,-37661,1670.5,-11.3,1.344
R13767,shrub,-14421,-37453.6,1798,-31.3,0.83
R13768,shrub,-12055.7,-37321.7,1880.4,-120.28,1.168
R13769,shrub,-7779.7,-37485.8,1954.5,-106.95,1.204
R13770,shrub,-6206.1,-37842.5,2016.2,-133.26,1.185
R13771,shrub,13391.4,-37240.1,1680.6,-198.75,0.747
R13772,shrub,25338.2,-37195,1919.8,32.94,1.02
R13773,shrub,29673.1,-38028.4,3153.5,-56.9,1.108
R13774,shrub,33000.9,-37557.1,3207.8,73.34,1.341
R13775,shrub,38181.3,-37458.1,3467.5,-107.02,0.916
R13776,shrub,52876.2,-37150.5,4266.3,-204.87,0.754
R13777,shrub,56644.9,-38143.7,2977.7,-134.69,0.934
R13778,shrub,75440.9,-37602,5778.1,-65.89,1.388
R13779,shrub,-59798.7,-36726.1,4673.3,-136.06,1.24
R13780,shrub,-58508.2,-36209.2,4144.6,-139.43,0.742
R13781,shrub,-51982.2,-36221,2491.2,-88.22,1.169
R13782,shrub,-44566.7,-36532.6,2405.1,-132.25,1.078
R13783,shrub,-42000.5,-36838.8,2333.5,-110.87,0.712
R13784,shrub,-35081.1,-36814.1,2004.9,77.07,0.796
R13785,shrub,-30345.2,-36938,1782.6,-167.67,1.371
R13786,shrub,-25510.2,-37039.3,1736.7,-51.07,1.365
R13787,shrub,-23187.5,-36467.8,1707.3,-177.91,1.017
R13788,shrub,-19125,-36042.2,1613.6,1.66,0.724
R13789,shrub,-4319.1,-36966.4,2022.7,-193.49,1.306
R13790,shrub,8168.3,-36695.2,1840.3,-160.24,0.891
R13791,shrub,18702.3,-36623.3,1684.5,-83.72,1.363
R13792,shrub,28496.7,-36130.7,2737.3,-88.62,1.181
R13793,shrub,31038.7,-36065.9,2852.3,-251.81,1.193
R13794,shrub,32327,-36371,2809.8,-42.65,1.103
R13795,shrub,39485.6,-36428.9,2955,-106.51,1.29
R13796,shrub,50580.9,-36175.2,4652.7,-101.44,1.354
R13797,shrub,54744.4,-36522.4,3485.8,52.7,0.897
R13798,shrub,55606.9,-36397.2,3111.6,-157.27,1.052
R13799,shrub,57609,-36733.3,2801.4,-166.94,0.793
R13800,shrub,65056.5,-36230.6,3541.9,7.09,1.165
R13801,shrub,76682.8,-37058.6,6479.8,-219.35,1.138
R13802,shrub,-71172.8,-34944.3,7229.2,-25.63,0.737
R13803,shrub,-63322.9,-35391.9,5378.3,-198.05,1.26
R13804,shrub,-59499.7,-35093.1,4479.5,-174.55,0.894
R13805,shrub,-58407.7,-35842.2,3985.7,-73.72,1.177
R13806,shrub,-57497.2,-35806.1,3353.2,8.35,1.23
R13807,shrub,-55197.1,-34973.8,2512.9,60.06,0.808
R13808,shrub,-48205.4,-35789,2459.8,-148.42,1.007
R13809,shrub,-47583.8,-35937.9,2415.7,-204.23,0.945
R13810,shrub,-43507.9,-35068.8,2408.7,50.58,0.707
R13811,shrub,-32704.8,-35944.9,1834.1,-108.31,0.835
R13812,shrub,-29874.3,-35470.8,1682.4,-70.62,0.907
R13813,shrub,-28602.9,-34987.6,1663.4,-237.07,0.772
R13814,shrub,-24060.3,-35688,1720.2,-195.77,1.085
R13815,shrub,-13622.7,-35621.4,1610.8,-165.13,1.125
R13816,shrub,14799.5,-35161,1579.6,-71.72,0.792
R13817,shrub,16965.6,-35523.3,1683.8,-163.02,0.945
R13818,shrub,20448.1,-35707,1592.5,24.46,0.866
R13819,shrub,24470.4,-35358,1649.6,-207.6,1.131
R13820,shrub,31056,-35493.2,2830.3,76.24,1.163
R13821,shrub,32542.6,-35588.8,2766.1,-40.71,1.384
R13822,shrub,43362.2,-35537,2782.4,-153.7,1.102
R13823,shrub,52398.2,-35770.6,4113.6,-248.16,1.269
R13824,shrub,53603.5,-35504,3405.3,-178.7,1.307
R13825,shrub,-71191.7,-34295.3,7445.1,-227.71,0.746
R13826,shrub,-66301.8,-34878.2,6521.8,-44.74,0.871
R13827,shrub,-61123.3,-34221.4,5151.2,-223.89,0.888
R13828,shrub,-59513.7,-34348.7,4465.2,12.93,1.383
R13829,shrub,-54817.5,-34081.9,2497.7,62.78,0.992
R13830,shrub,-48000.8,-34315.1,2458.1,-101.8,0.865
R13831,shrub,-21801.1,-34589.7,1579.2,-257.78,0.826
R13832,shrub,-20805.7,-34421.4,1541,-225.29,0.885
R13833,shrub,4813.1,-34365.2,1677.4,19.38,1.055
R13834,shrub,14329.9,-34692.7,1558,-161.14,0.932
R13835,shrub,20981.4,-34326,1664.9,89.61,1.067
R13836,shrub,47905.8,-34871.1,3107.9,-231.1,1.073
R13837,shrub,56785.1,-34105.1,2505,-180.27,0.857
R13838,shrub,70096.2,-33901.3,4743.4,80.5,1.361
R13839,shrub,78353.6,-34013,7092.7,40.74,0.946
R13840,shrub,-65962.4,-33035.2,5479.4,-22.26,1.049
R13841,shrub,-62590.7,-33677.2,5625.7,-165.62,1.258
R13842,shrub,-58843,-33266.2,4376.5,-31.97,0.921
R13843,shrub,-56553,-32786.1,2810.6,-166.81,1.17
R13844,shrub,-48413.2,-32793.6,2489.7,-22.44,0.924
R13845,shrub,-44370.5,-32946.2,2212,-68.24,1.274
R13846,shrub,-39763.9,-33541.5,2135.8,-229.42,0.714
R13847,shrub,-25611.8,-33536.3,1695.6,14.01,1.167
R13848,shrub,-24069.7,-33489.2,1638.8,-2.23,0.794
R13849,shrub,-22797.8,-32890.9,1539.6,-153.46,1.015
R13850,shrub,-20835.6,-33430.9,1501.9,42.03,1.005
R13851,shrub,-17587.8,-33507.4,1642.6,30.89,1.171
R13852,shrub,-5920.7,-32855.4,1648.1,-7.64,1.29
R13853,shrub,-3851.7,-33407.4,1704.5,-130.19,1.227
R13854,shrub,16925.6,-33017.5,1635.1,-35.67,0.97
R13855,shrub,22656.2,-33087.7,1651.3,-9.62,1.027
R13856,shrub,26604.6,-33036.6,1980.6,27.77,1.013
R13857,shrub,28971,-33482.7,2138.9,-62.3,1.252
R13858,shrub,30755.7,-33551.5,2579.4,-171.09,1.395
R13859,shrub,37699.5,-33506.4,2767.3,-32.06,1.164
R13860,shrub,39604.7,-33381.8,2755.6,-79.59,1.057
R13861,shrub,49841.9,-33296.9,3306.9,-53.81,0.845
R13862,shrub,54816.3,-33269.7,2696.9,-216.33,0.969
R13863,shrub,65368.7,-33043.7,3549.2,-194.41,0.882
R13864,shrub,-67110.3,-31737.3,5168.8,-165.94,0.812
R13865,shrub,-66484.4,-32327.8,4956.9,36.45,1.383
R13866,shrub,-49923.8,-32484.4,2480.6,-180.86,0.937
R13867,shrub,-47783.7,-31674.8,2457.4,-139.94,0.77
R13868,shrub,-32625,-32243,1812.7,48.68,1.238
R13869,shrub,-29978.3,-32426.1,1863,-14.68,1.131
R13870,shrub,-26109.5,-32071.1,1715.7,56.75,1.147
R13871,shrub,-19954.5,-32033.5,1451.6,42.95,0.933
R13872,shrub,-17248.4,-32639.3,1608,-60.88,1.292
R13873,shrub,122,-32131.9,1798.2,-150.37,0.945
R13874,shrub,23364.5,-32431.6,1752.4,-65.42,1.081
R13875,shrub,29293.9,-32517.7,2124.9,-106.99,1.114
R13876,shrub,33027.8,-32341.3,2747.5,-123,1.358
R13877,shrub,49283.2,-31807.3,2867.3,-6.29,1.119
R13878,shrub,52650.3,-32171.7,3090.1,-25.36,1.351
R13879,shrub,70810.3,-31994.3,5508.9,25.62,1.301
R13880,shrub,-69813.4,-31089.6,8208.4,58.94,0.857
R13881,shrub,-68955.2,-30952.8,7270.3,-184.37,1.161
R13882,shrub,-67287.2,-30677.7,5928.5,87.62,1.289
R13883,shrub,-66473,-31488.3,4980.1,-32.31,0.932
R13884,shrub,-64975.2,-31251.6,5096.1,-222.41,0.977
R13885,shrub,-62573.8,-30662.1,5217.7,-134.85,1.307
R13886,shrub,-48238.7,-31417.9,2482.5,85.01,1.19
R13887,shrub,-37322.1,-31202.9,1778.4,-252.61,1.21
R13888,shrub,-35211.1,-31286.8,1820.4,-115.55,1.053
R13889,shrub,-25973.1,-30575.6,1667.6,-45.41,0.864
R13890,shrub,-15263.6,-30839.7,1510.8,-193.54,1.139
R13891,shrub,-13770,-30902.5,1445.2,-9.65,0.854
R13892,shrub,-12875,-31266.7,1435.2,39.01,1.39
R13893,shrub,-9242.7,-30656.8,1521.5,-51.15,0.757
R13894,shrub,9745.4,-31196.7,1757.9,-54.66,0.73
R13895,shrub,11753.9,-30810.4,1690,45.59,0.841
R13896,shrub,13091.8,-31460.6,1669.1,80.64,1.199
R13897,shrub,32628.4,-31292.1,2730.3,-256.28,0.794
R13898,shrub,33871.2,-30513.6,2762.9,-158.88,1.367
R13899,shrub,37447,-31123.4,2774.5,-111.58,0.991
R13900,shrub,48066.9,-30861.8,2809.4,55.86,0.758
R13901,shrub,49491.5,-30664.1,2657.9,8.68,1.251
R13902,shrub,52120.7,-30807.2,2845.5,-244.44,0.77
R13903,shrub,53431.9,-31133,2602.2,70.64,1.332
R13904,shrub,-60571.3,-29519.3,4964.7,66.88,1.114
R13905,shrub,-56175.6,-29885.7,2672.4,29.1,1.126
R13906,shrub,-54171,-29427.3,2533.9,-153.43,1.392
R13907,shrub,-43768.9,-29636.8,1910.1,-25.64,0.952
R13908,shrub,-39945.3,-29593.9,1809.5,-194.37,0.93
R13909,shrub,-29762.3,-29408,1774.1,17.93,0.74
R13910,shrub,-28440.2,-30011.8,1706.9,53.34,0.918
R13911,shrub,-25577.3,-29474.9,1700.9,48,0.792
R13912,shrub,-21431.8,-29870.2,1590.1,-226.95,1.111
R13913,shrub,-19476.6,-29744.4,1663.1,-140.33,1.24
R13914,shrub,-17929.7,-29516.2,1630.4,-64.82,1.152
R13915,shrub,-16419,-29629,1595.2,-246.98,1.208
R13916,shrub,-15227.9,-29473,1495.5,12.43,1.034
R13917,shrub,-14549.9,-29511.5,1426.8,-242,1.104
R13918,shrub,-964.1,-30361.7,1721.6,-149.55,0.939
R13919,shrub,16685.2,-29626.7,1517.3,9.21,1.078
R13920,shrub,25626.1,-30065.9,1935.1,-75.61,0.879
R13921,shrub,33178.5,-29477.2,2752.7,-54.89,1.02
R13922,shrub,52061.2,-29709.8,2554.9,-5.44,1.248
R13923,shrub,54807.4,-29579.5,2371.3,-91.62,0.798
R13924,shrub,60278.5,-30378.3,2214.5,-105.47,1.117
R13925,shrub,-62494.1,-29305.5,5334.5,-175.29,1.031
R13926,shrub,-61418.7,-29268.8,5173.2,-211.16,1.228
R13927,shrub,-57022.5,-28553.5,3249.7,-243.91,1.168
R13928,shrub,-51920,-28722.3,2441.1,-263.78,0.934
R13929,shrub,-48991.5,-28315.2,2330.8,-13.17,0.769
R13930,shrub,-30976.4,-28924.8,1868.6,-186.27,1.218
R13931,shrub,-29826.5,-28483.2,1762.7,-76.74,0.72
R13932,shrub,-26242.5,-29112.6,1683,-123.67,0.731
R13933,shrub,-24581.9,-29120.4,1650.3,-77.29,0.885
R13934,shrub,-12904.6,-28309.1,1380.3,-126.17,0.87
R13935,shrub,-6780.4,-29072,1677.1,-127.26,0.821
R13936,shrub,1922.2,-29247.6,1659.9,67.27,0.711
R13937,shrub,28676.6,-28643.7,2032.7,-190.9,0.89
R13938,shrub,30607,-29161.6,2249.4,-241.88,1.152
R13939,shrub,47300.5,-28724.3,2722.7,-2.46,1.373
R13940,shrub,51704.4,-29229.5,2478.3,-218.77,0.717
R13941,shrub,55439.5,-29106.1,2258.7,-10.13,1.361
R13942,shrub,67026.1,-29381.6,4506.3,82.98,0.884
R13943,shrub,-74852.7,-28244,8251,-187.99,1.057
R13944,shrub,-62327.5,-27735.3,4855.2,-175.85,1.367
R13945,shrub,-57414.5,-27662.6,3593,-123.68,1.129
R13946,shrub,-56172.2,-27408.9,2943.2,-189.7,1.252
R13947,shrub,-52663.3,-27273.1,2311.8,-238.56,1.139
R13948,shrub,-52429.7,-27454.2,2317.1,61.27,0.797
R13949,shrub,-50715.8,-27711,2305.3,58.14,1.329
R13950,shrub,-44892.8,-27204.4,1909.1,86.5,1.372
R13951,shrub,-43743.2,-27648.2,1924.5,-130.2,0.766
R13952,shrub,-41983.1,-27331.8,1985.2,-28.7,0.94
R13953,shrub,-41351.9,-27599.5,1995.5,24.13,1.283
R13954,shrub,-35903.9,-27569.3,1731.4,-208.35,0.938
R13955,shrub,-29203.2,-27450.6,1701.8,-182.83,0.932
R13956,shrub,-20434.2,-27318.7,1725.8,-231.3,1.138
R13957,shrub,-16550.8,-28120,1589,-232.18,1.205
R13958,shrub,-6053,-27361.2,1758.5,-9.13,0.805
R13959,shrub,11833.8,-28201.9,1596.9,-119.33,1.02
R13960,shrub,31317.3,-28018.2,2413.7,78.43,0.773
R13961,shrub,32291.1,-28164,2659.6,-189.09,1.095
R13962,shrub,33645.3,-27817.4,2782.2,-185.46,1.01
R13963,shrub,36216.5,-27673.9,2777.4,-125.17,1.05
R13964,shrub,-69672.9,-26153.6,8030.5,51.38,0.708
R13965,shrub,-66247.1,-27021.3,6959,-263.01,1.386
R13966,shrub,-64786.7,-26360.8,5551.9,31.47,0.708
R13967,shrub,-63338.5,-27091.8,5039.1,17.96,1.256
R13968,shrub,-59098,-26520.8,4463.5,-177.89,1.346
R13969,shrub,-57994.6,-26196.4,3769.3,-34.89,1.318
R13970,shrub,-43975.7,-27088.2,1908.3,-243.66,0.778
R13971,shrub,-41706.8,-26278.2,1973.5,-27.03,0.937
R13972,shrub,-38373.4,-26518.5,1901.2,20.08,0.867
R13973,shrub,-37845.9,-26508,1848.9,74.99,0.838
R13974,shrub,-25206.8,-27078.8,1542,-231.21,0.875
R13975,shrub,-24115.6,-26139.1,1671.3,79.42,0.866
R13976,shrub,-19429.1,-27153.4,1718.9,-84.15,0.827
R13977,shrub,-17491,-26789,1641.2,-117.87,0.738
R13978,shrub,9734.1,-26337.4,1586.9,-237.17,1.158
R13979,shrub,10605.5,-27190.5,1615.3,76.32,0.961
R13980,shrub,14747.3,-26154,1446.6,10.72,1.134
R13981,shrub,16510.2,-27144.9,1481.1,87.27,1.342
R13982,shrub,30772.5,-26557.4,2186.1,-68.62,1.393
R13983,shrub,61346.5,-26533.1,2444.4,-65.29,0.911
R13984,shrub,-74658.2,-25308.5,7978.4,-111.14,0.904
R13985,shrub,-74011.8,-25355.8,8044.1,81.23,1.39
R13986,shrub,-67372.4,-25340.3,7741.8,-82.76,1.142
R13987,shrub,-63160.6,-25334.9,4729.4,-30.74,0.871
R13988,shrub,-59893,-25235.7,4431.3,81.81,0.944
R13989,shrub,-48921.1,-25292.9,2197.7,-7.96,1.339
R13990,shrub,-46364.3,-25002.1,2102.4,-24.31,0.855
R13991,shrub,-45334.3,-25443.3,1959.4,-267.24,0.959
R13992,shrub,-41381.8,-25873.9,1980.3,11.59,1.151
R13993,shrub,-37920.6,-25616.9,1913.2,-11.42,0.866
R13994,shrub,-35296.3,-26073.6,1778.9,-59.08,1.388
R13995,shrub,-21744.4,-25852.4,1624.5,-160.82,0.772
R13996,shrub,-17822.6,-25606.7,1694.9,84.65,1.285
R13997,shrub,4789.3,-25532.9,1850.3,-60.54,0.927
R13998,shrub,9292.9,-25746.4,1594.7,-257.24,1.376
R13999,shrub,11105.3,-26031.6,1526,-178.39,1.056
R14000,shrub,23962.7,-25494.9,1644.5,-37.84,1.166
R14001,shrub,64413.1,-25810.8,3446.3,-264.08,1.044
R14002,shrub,-78888.4,-24587.6,7807,-0.08,1.091
R14003,shrub,-68857,-24012.4,7752.7,-161.84,0.762
R14004,shrub,-63720.4,-24296.7,5958.9,-4.9,1.157
R14005,shrub,-56143,-24000.1,2872.2,-94.92,1.041
R14006,shrub,-55156.2,-24035.5,2519.2,36.71,1.285
R14007,shrub,-49746,-24153.3,2173.9,-78.33,0.799
R14008,shrub,-48267.1,-24058.4,2161.6,-59.04,1.027
R14009,shrub,-44152,-24259.6,1887,-119.22,1.234
R14010,shrub,505.5,-24920.1,1966.5,-222.76,0.802
R14011,shrub,45545.6,-24279.1,2761.4,-68.78,0.735
R14012,shrub,47470.4,-24689.7,2636.9,-196.66,1.337
R14013,shrub,49133.5,-23960.9,2059.7,-180.88,1.117
R14014,shrub,60455.5,-24044.7,2279.8,-235.69,0.852
R14015,shrub,64980.8,-24111.5,3706,-251.26,0.749
R14016,shrub,-65826.2,-23605.2,7825.9,-172.1,0.939
R14017,shrub,-64038.1,-22971.2,7524.9,32.14,0.801
R14018,shrub,-57703.5,-23474.7,3636.1,-33.16,1.139
R14019,shrub,-55978.7,-23852.2,2828.7,-256.77,0.842
R14020,shrub,-55490.7,-23568.1,2734.9,-269.14,1.138
R14021,shrub,-44504.4,-23865.3,1898,-13.91,0.724
R14022,shrub,-39389.5,-23603.8,2047.4,-138.71,0.822
R14023,shrub,-32254,-22917.1,1787.4,-153.67,1.026
R14024,shrub,-22815.8,-23153.6,1770.1,-65.43,1.182
R14025,shrub,-21166.9,-23338.6,1719.7,49.47,0.848
R14026,shrub,697.7,-23478.9,1987.7,-260.88,0.775
R14027,shrub,2839.9,-23862.5,1792.4,-237.72,1.226
R14028,shrub,6621.1,-23319.2,1758.5,-195.08,1.386
R14029,shrub,25591.9,-23028.5,1615.2,21.42,1.307
R14030,shrub,37901,-23242.2,2629.8,73.6,1.114
R14031,shrub,48992.1,-22890.7,1909.7,22.85,0.839
R14032,shrub,50700.8,-23721.1,1775.7,-193.58,1.368
R14033,shrub,60746,-23207.5,2504.8,-192.34,1.141
R14034,shrub,71290.8,-23735.8,5710,59,1.032
R14035,shrub,75543.7,-23858.5,6304.8,-119.51,1.375
R14036,shrub,-65365.6,-22566,7939.2,73.74,1.144
R14037,shrub,-60683,-22737.1,5392.2,-257.69,1.362
R14038,shrub,-56316.9,-21924.9,3472.3,-249.13,1.305
R14039,shrub,-50896.3,-22094,2132.6,87.99,1.231
R14040,shrub,-43695.1,-21960.2,1877.8,-258.54,1.143
R14041,shrub,-39883.8,-22313.9,1927,-154.56,0.901
R14042,shrub,-36815.8,-22176.6,1988.4,-232.89,1.345
R14043,shrub,-6532,-21731,1840.7,-105.03,0.995
R14044,shrub,-3104.7,-22679.9,1988,42.86,1.318
R14045,shrub,-436.5,-21770.9,2043.2,28.86,0.762
R14046,shrub,19669.1,-22686.2,1557.9,-16.15,1.038
R14047,shrub,27481.5,-22438.8,1753.2,-184.25,1.159
R14048,shrub,54693.2,-22486,1846.5,-89.75,0.962
R14049,shrub,74484,-21737.8,7392.6,-129.11,0.915
R14050,shrub,77415.8,-22511.8,7982.9,66.19,1.225
R14051,shrub,79315.3,-22442.7,8119.8,22.75,1.294
R14052,shrub,-61941,-21434.3,5154,56.69,1.152
R14053,shrub,-34233.2,-21337.7,1887.2,86.23,1.338
R14054,shrub,-31324.9,-20913.4,1613.1,-59.58,1.074
R14055,shrub,-24383.8,-20792.7,1811.2,49.75,1.16
R14056,shrub,17732.4,-20762.1,1627.6,-48.76,1.255
R14057,shrub,33443.9,-21314.8,2102.7,-12.38,1.102
R14058,shrub,44106.7,-21179.3,1954.3,35.98,1.031
R14059,shrub,60837.6,-20882.7,2655.8,-129.51,1.296
R14060,shrub,-57474.5,-20387.3,3436.2,-30.18,1.312
R14061,shrub,-50870.3,-20574.9,2227.7,-29.1,1.208
R14062,shrub,-43362.8,-19731.1,1957.5,-235.54,1.32
R14063,shrub,-41922.2,-20394.3,1832.2,-259.21,0.98
R14064,shrub,-39795,-19753.9,1814.5,-117.59,0.766
R14065,shrub,-33210.6,-20340.4,1744.5,-262.93,1.274
R14066,shrub,-4448.5,-19958.2,2164,-57.8,1.094
R14067,shrub,2240.8,-20376.6,1971.7,-11.84,1.175
R14068,shrub,26382.3,-20455.2,1867.9,-213.06,1.104
R14069,shrub,28820.4,-20036.5,1985.6,59.74,1.284
R14070,shrub,45848.5,-19715.9,1677.9,-267.65,1.176
R14071,shrub,63790.9,-20357.3,4066.5,-28.06,0.742
R14072,shrub,67263.8,-20014.1,5266.5,-34.59,0.775
R14073,shrub,-52807.2,-19129.5,2216.9,48.36,1.141
R14074,shrub,-51256,-19471.3,2269.1,-170.57,1.133
R14075,shrub,-16814.3,-18856.5,1747.4,-203.39,1.303
R14076,shrub,8345.4,-19290.8,1819.1,-67.06,0.819
R14077,shrub,16427.2,-18887.2,1573.8,-126.2,0.807
R14078,shrub,23194.7,-18649.4,1666.2,-132.48,0.755
R14079,shrub,36227.2,-18755.7,1801,-157.04,0.737
R14080,shrub,38997.3,-18873.3,1964.7,-179.52,0.95
R14081,shrub,42539.6,-18753.6,1901.3,-69.95,0.942
R14082,shrub,59752.1,-18411.6,2713.8,12.87,1.31
R14083,shrub,69413.5,-19427.4,6944.5,23.24,1.361
R14084,shrub,-42049.6,-17943.5,1936.7,46.4,0.857
R14085,shrub,-37517.8,-18306.4,1686.6,-122.53,0.902
R14086,shrub,-27497.8,-18262.8,1807.8,-116.69,1.029
R14087,shrub,-25142.1,-17998.2,1676.8,-97.18,1.264
R14088,shrub,14359.6,-17805.2,1617.2,-121.44,0.907
R14089,shrub,23892,-17892.1,1683.1,-183.81,1.085
R14090,shrub,42826.4,-17462.4,1744.5,-40,0.936
R14091,shrub,72560.4,-17624.2,8647.6,52.14,0.955
R14092,shrub,73953.5,-17866.8,8611.9,-110.56,0.931
R14093,shrub,-20772.1,-16869.8,1836.8,58.74,1.029
R14094,shrub,-12370.6,-17295.6,1961.1,-111.46,1.172
R14095,shrub,10011,-16280.2,1765.8,-256.89,1.013
R14096,shrub,16782.1,-16572.1,1758.6,-263.09,1.222
R14097,shrub,23940.9,-16332.9,1738.9,-88.08,0.891
R14098,shrub,44336.2,-16628,1540.5,72.86,0.813
R14099,shrub,53635,-16588.2,1594.9,-150.32,0.789
R14100,shrub,55332.1,-16858.4,1929.3,-265.47,1.001
R14101,shrub,56618.7,-16556.8,2011,0.01,0.87
R14102,shrub,62099.4,-16470.2,3857.6,-126.34,1.082
R14103,shrub,64157.1,-16896.8,4885.7,-150.9,1.058
R14104,shrub,67343.6,-16405.1,6737.8,-264.43,1.09
R14105,shrub,68122,-16976.6,6717.1,-264.26,1.207
R14106,shrub,-76859.4,-15234.5,11013,-211.9,0.908
R14107,shrub,-55015.1,-16058.5,2698.8,51.13,1.046
R14108,shrub,-50915.7,-15557.1,2218.9,-18.59,1.041
R14109,shrub,-33035.4,-16164.9,1781.2,10.49,1.343
R14110,shrub,61948.4,-15580.9,3989.9,-131.71,1.103
R14111,shrub,67537.1,-15204.8,7383.6,-93.23,0.779
R14112,shrub,-50192.9,-14241.9,2339.3,2.59,1.335
R14113,shrub,-32080.3,-14445.1,1900.9,-30.17,0.959
R14114,shrub,-28677.1,-14098.4,1786.7,-122.3,0.962
R14115,shrub,-11939.2,-14414.5,1905.5,-128.47,0.769
R14116,shrub,2567.9,-14750,1689.4,-161.64,0.956
R14117,shrub,7996.3,-14422.9,1571,55.64,0.778
R14118,shrub,14267.5,-14385.2,1710.4,68.91,1.373
R14119,shrub,37752.2,-15008.5,2149.4,-39.65,0.733
R14120,shrub,42630.4,-14600.3,1673.6,1.14,1.017
R14121,shrub,58107.3,-14310.3,2254.5,79.01,0.833
R14122,shrub,60433,-14576.3,3323.9,-80.43,1.136
R14123,shrub,66220.2,-14667.4,6351.2,-138.88,0.772
R14124,shrub,-59968,-13981.9,3726.6,-198.8,1.204
R14125,shrub,-58205.3,-13041.5,3658.8,49.24,0.718
R14126,shrub,-54609.8,-13406.3,3161.7,59.82,1.208
R14127,shrub,-52580.7,-13586.8,2432.1,-138.24,1.015
R14128,shrub,-43663,-13382,1879.9,-15.85,0.8
R14129,shrub,-19135.5,-13864.9,1766.4,-240.29,0.72
R14130,shrub,17633.9,-13223.2,1916.2,-129.19,0.9
R14131,shrub,20226.3,-13780.3,1866.5,-48.5,1.197
R14132,shrub,28351.2,-12930.1,1866.6,68.05,1.095
R14133,shrub,34629.9,-13099.8,2305.8,-188.04,0.94
R14134,shrub,65348,-13205.9,5971.7,-171.84,0.713
R14135,shrub,69071.1,-13208.5,8675,-91.65,0.985
R14136,shrub,72189.5,-13382.4,9440.7,-258.51,1.385
R14137,shrub,-58050.3,-12184.3,3683.8,-171.02,1.002
R14138,shrub,-48349.9,-12053.4,2160,-48.31,0.766
R14139,shrub,-22135.4,-12336.1,1797.9,-132.5,0.816
R14140,shrub,25319.5,-12781.1,1831.5,-204.31,1.325
R14141,shrub,49008.1,-12084.7,1315.4,-7.74,0.816
R14142,shrub,65734.4,-11805.2,6049.7,-139.51,1.052
R14143,shrub,68520.9,-12421.8,8468.5,46.6,1.045
R14144,shrub,-73927.2,-11369.4,9931.9,-243.33,0.925
R14145,shrub,-58264.4,-11590.2,3714.7,-98.49,1.356
R14146,shrub,-44220.5,-11579.4,1932.5,-77.72,1.289
R14147,shrub,-27005.2,-11338.1,1787.1,-11.76,1.126
R14148,shrub,33240,-11320.8,2220.9,-227,0.943
R14149,shrub,37641.2,-11207.8,2047.3,-208.54,1.078
R14150,shrub,57053.4,-10830.3,1985.8,-127.5,0.846
R14151,shrub,60771.7,-11762.5,3014.6,-148.84,0.803
R14152,shrub,61997.7,-11370.4,3368.2,-109.66,1.178
R14153,shrub,66764.1,-10702.2,5702.3,-130.81,0.82
R14154,shrub,73456.9,-11085.6,9660.1,-262.01,1.231
R14155,shrub,-40988.4,-10022.7,1904.5,-218.11,1.295
R14156,shrub,10151.3,-10343.5,1581.6,-68.79,0.954
R14157,shrub,22946.7,-10019.6,1627.5,-118.34,1.019
R14158,shrub,32190.7,-10153.3,2115.6,-111.29,1.356
R14159,shrub,61331,-9610.4,3048.6,-97.06,0.853
R14160,shrub,67080.2,-9719.6,5780.5,5.9,0.848
R14161,shrub,71086.3,-10575.8,8079.6,-149.09,1.162
R14162,shrub,-78923.7,-9181.1,12060.6,9.85,0.978
R14163,shrub,-74731.8,-8678.4,10449.3,-190.74,1.128
R14164,shrub,-63974.9,-9363.2,5876.3,-93.97,0.719
R14165,shrub,-60263.1,-8753.6,4073.7,-100.22,0.856
R14166,shrub,-58215.7,-9463.9,3483.9,-61.58,1.041
R14167,shrub,-50623,-9488.2,1991.8,62.27,1.117
R14168,shrub,-14299.5,-9230.4,1967.8,74.08,1.177
R14169,shrub,11416.3,-9130.4,1771.9,89.67,0.894
R14170,shrub,29480.4,-9582.6,1934.4,38.18,0.707
R14171,shrub,56104.6,-9397.3,1898.2,-32.34,0.96
R14172,shrub,58529.3,-9471.1,2149.6,-145.23,1.313
R14173,shrub,59466.7,-9031.1,2364.4,-257.29,1.019
R14174,shrub,67953.2,-9272.7,5802,-155.68,0.911
R14175,shrub,68941.4,-9462.5,6691.5,57.32,0.958
R14176,shrub,71481.5,-9323.5,7693.7,-226.92,0.763
R14177,shrub,-74935.1,-7719.7,9695.1,-209.03,1.058
R14178,shrub,-59806.2,-8132,3931.7,67.74,0.846
R14179,shrub,-57050.6,-7626.1,2929.1,-77.86,1.043
R14180,shrub,-49812.2,-7849,1922.8,-259.74,0.868
R14181,shrub,-23120.1,-7767,1804.2,-30.07,1.369
R14182,shrub,-15695.6,-8347.1,2096.1,-83.81,1.094
R14183,shrub,12821.4,-7733.6,1940.2,-175.78,0.988
R14184,shrub,26846.9,-8016.8,1535.1,-193.18,1.214
R14185,shrub,32261.4,-7777.4,2049.3,-196.63,1.189
R14186,shrub,34605.2,-8205.5,2107.7,-97.8,1.017
R14187,shrub,49478.1,-8109,1455.3,2.1,0.898
R14188,shrub,65738.4,-8184.5,4937.3,-165.95,0.764
R14189,shrub,68346.3,-7596.9,5742.4,-80.58,0.99
R14190,shrub,73719.5,-8061.1,8088.2,31.27,1.021
R14191,shrub,-77366.1,-6565.2,11443,-155.93,1.342
R14192,shrub,-75472.2,-6370.6,9117.8,-83.47,1.391
R14193,shrub,-73862.3,-6493.4,8526.7,-19.68,1.152
R14194,shrub,-61299,-7382,4356.2,-180.68,1.184
R14195,shrub,-59480.4,-6579.6,3409.6,85.15,1.152
R14196,shrub,-58331.5,-7225.5,3056.3,43.5,1.169
R14197,shrub,-56620.3,-6791.2,2784.2,-172.07,1.244
R14198,shrub,-27626.2,-7122.4,1871.7,79.77,1.29
R14199,shrub,-17109.7,-6442.3,2138.5,-169.71,0.746
R14200,shrub,-11262.7,-6368.3,2376.6,17.82,1.283
R14201,shrub,-7971,-7065.3,2223.3,-64.75,1.349
R14202,shrub,10568.9,-7075.7,1834.4,65.31,1.306
R14203,shrub,18003.7,-6414.1,1791,-187.56,0.999
R14204,shrub,29601.8,-7323.5,1675.8,-49.32,1.05
R14205,shrub,45653.3,-7122.6,1634.9,-0.34,1.172
R14206,shrub,70489.1,-7189.7,5407.4,56.18,0.931
R14207,shrub,-67794.1,-6241.8,10493.2,-38.87,1.305
R14208,shrub,-63786,-6221.9,6675.6,-59.55,1.023
R14209,shrub,-74.3,-5272.9,1954.9,-20.61,0.706
R14210,shrub,13783.1,-5546.5,1704.3,-215.84,0.726
R14211,shrub,52887.8,-5431,1460.9,33.69,1.158
R14212,shrub,58201.7,-5780.1,1870.2,-109.12,0.812
R14213,shrub,62093.7,-5499.4,2161.7,19.57,0.884
R14214,shrub,75501.3,-5945.2,7509.5,38.35,0.83
R14215,shrub,-69598.9,-4958.2,8251,-0.72,1.398
R14216,shrub,-66654.5,-4215.4,9791.6,-129.53,0.845
R14217,shrub,-63286.2,-4122.7,5679.4,-35.3,1.245
R14218,shrub,-58722.4,-5038.4,3082.1,-64.76,1.354
R14219,shrub,-43998.8,-4737.3,2046.8,-239.33,1.303
R14220,shrub,-40836,-4485.3,2046.8,-139.97,1.228
R14221,shrub,-33083.3,-4188.9,2307.7,-152.54,1.029
R14222,shrub,-30500.4,-4199,2265.3,-29.74,0.812
R14223,shrub,-27184.1,-5046.7,2148.4,-36.76,0.792
R14224,shrub,-14645.5,-4962.9,2229.4,-173.89,1.122
R14225,shrub,-1409.8,-4771.9,1860.4,-175.27,0.911
R14226,shrub,1622.2,-4760.7,1765.3,-202.98,0.81
R14227,shrub,51867.4,-4721.5,1456,-12.63,1.036
R14228,shrub,55592.8,-5159.3,1735.6,-238.57,1.298
R14229,shrub,69820.1,-4461.5,4297,-114.77,0.979
R14230,shrub,74132.7,-4561.2,6584.6,-220.84,1.054
R14231,shrub,-78241.8,-3249.4,11709.5,62.1,1.089
R14232,shrub,-72800.1,-3742.7,7486.2,-256.93,0.788
R14233,shrub,-70022.2,-3423.6,6942.6,-126.12,0.807
R14234,shrub,-62515.1,-3350.8,4530.3,67.6,1.233
R14235,shrub,-58081.9,-3321.4,2632.3,-152.45,0.836
R14236,shrub,-57299.7,-3973.5,2258.3,-182.12,0.772
R14237,shrub,-55028.2,-3738.5,1938.7,30.76,0.765
R14238,shrub,-37237.3,-4000.4,2250,-29.21,0.945
R14239,shrub,-28418.8,-3781,2217.8,-255.92,1.16
R14240,shrub,-25505.8,-3903.8,2209.5,21.58,0.995
R14241,shrub,7786.3,-3933.5,1574.6,21.63,0.778
R14242,shrub,23256.2,-3269.9,1680.8,-51.83,1.307
R14243,shrub,41514.2,-3083.2,1754.6,-124.76,0.841
R14244,shrub,52685.3,-3599.6,1464.9,-87.48,0.742
R14245,shrub,67207.1,-3368.4,3319.2,-176.31,0.864
R14246,shrub,74467.5,-4033.8,6654.4,-11.55,0.87
R14247,shrub,-78286.8,-2838.6,11997.8,-250.61,0.908
R14248,shrub,-73677,-2945.9,7718.9,19.42,1.371
R14249,shrub,-70259.6,-2753.8,7164.7,-91.8,0.876
R14250,shrub,-67169.6,-2562.9,7617.4,26.26,1.119
R14251,shrub,-64776.2,-2162.2,6750.2,-213.64,1.011
R14252,shrub,-57038.6,-2328.9,2429.2,-223.88,1.224
R14253,shrub,-55520.6,-2967.3,1980,-127.31,1.105
R14254,shrub,-53352.1,-2640.9,1946.7,74.75,1.135
R14255,shrub,-9443.2,-2842.6,2342.6,41.09,1.115
R14256,shrub,17116.7,-2338.6,1535.4,-152.37,0.847
R14257,shrub,67012.6,-2685.1,3400.6,-208.21,1.244
R14258,shrub,73068.7,-2198.9,5236.7,2.09,1.118
R14259,shrub,76698.2,-2895.8,7920.9,74.56,1.342
R14260,shrub,-74380.8,-1631.5,8874,-261.41,0.826
R14261,shrub,-70383.2,-1605.3,7208.3,-46.61,1.236
R14262,shrub,-68450.7,-995.6,7241.9,-24.31,1.177
R14263,shrub,-66054.9,-1537,7435,-114.52,1.139
R14264,shrub,-63076.4,-1715.2,4255.5,54.4,1.067
R14265,shrub,-56020.2,-1362.4,2172.3,-58.47,1.152
R14266,shrub,-47145.3,-1652.3,1984.8,-119.14,0.914
R14267,shrub,-38781.4,-1825.2,2200.6,-32.25,0.755
R14268,shrub,-31892.5,-1593.7,2065.1,3.26,0.922
R14269,shrub,-22973.8,-1141.2,2035.7,-145.18,0.701
R14270,shrub,-10946.4,-1508.3,2316.9,-91.71,0.777
R14271,shrub,-9785.9,-1708.6,2380.9,-45.68,0.841
R14272,shrub,25964.2,-1649.9,1824.7,18.22,1.201
R14273,shrub,49496.7,-845,1442.4,-34.66,1.325
R14274,shrub,62561,-1762.9,2704.9,64.25,1.237
R14275,shrub,63278.2,-923.4,2809,-74.47,1.317
R14276,shrub,66036,-836.3,3407.3,-130.01,0.936
R14277,shrub,67843.5,-981.8,3207.7,-218.3,1.182
R14278,shrub,-72229.1,276.2,7507.5,-3.42,1.216
R14279,shrub,-70201.6,-679.5,7380.4,-38.04,0.852
R14280,shrub,-66887,-793.6,7813.1,6.43,0.921
R14281,shrub,-65761.5,-440,7231.9,-186.66,0.995
R14282,shrub,-59350.6,-306.1,3789.9,-142.7,1.333
R14283,shrub,-58546.6,-608.3,3243.3,-36.57,1.007
R14284,shrub,-57920,-17.6,2982.7,78.85,0.819
R14285,shrub,-56467.7,-174.3,2308.8,-105.77,1.132
R14286,shrub,-43500.8,-129.5,2094,-179.31,1.23
R14287,shrub,-27167,-160,1996.9,-129.13,1.379
R14288,shrub,-19652.9,-585,2288.7,-11.17,0.755
R14289,shrub,-15553.4,-673.8,2208.8,-99.79,1.199
R14290,shrub,21313.2,-343.6,1752.8,-69.96,0.914
R14291,shrub,28790.9,215.8,1708.9,80.15,1.044
R14292,shrub,45595.6,-107.8,1503.4,-125.57,1.319
R14293,shrub,52350.9,-46.2,1420.2,4.21,1.179
R14294,shrub,58974.4,-463.2,2279.6,-246.53,0.919
R14295,shrub,64478.2,138,2672.5,66.96,1.142
R14296,shrub,67488.7,-451.2,3197.5,-119,0.792
R14297,shrub,69512.7,-237.4,3649.5,-169.84,0.812
R14298,shrub,72346.4,-287.8,5350,-95.16,0.913
R14299,shrub,73077.8,-666.4,5552.1,-132.03,1.198
R14300,shrub,-73138.6,1313.5,8193.1,-184.17,0.81
R14301,shrub,-69884.1,1081,7476.8,-162.86,0.788
R14302,shrub,-53664.3,809.1,2069,45.63,1.375
R14303,shrub,-13056.2,1039.5,2055.8,70.98,0.906
R14304,shrub,49363.7,349.3,1452.2,-166.56,1.053
R14305,shrub,60695,1373.4,1825.4,54.43,0.786
R14306,shrub,60874.5,499.7,1981,-25.91,0.781
R14307,shrub,65288.5,311.2,2658.4,34.03,0.702
R14308,shrub,70690.2,492.2,4362.9,-46.39,1.289
R14309,shrub,-76090.1,1935.5,12241.5,-226.87,1.17
R14310,shrub,-69228.8,2020,7938.6,19.89,1.207
R14311,shrub,-64839.1,2338.2,6023.3,-139.45,1.263
R14312,shrub,-64191,2114,5384.5,-2.94,1.273
R14313,shrub,-60504.5,1703,3636.7,16.51,0.959
R14314,shrub,-58173.7,1650.4,2939.1,89.07,1.082
R14315,shrub,-54624.1,1978.7,2249.7,-217.94,0.817
R14316,shrub,-26847.6,2383,1856.7,-117.27,1.302
R14317,shrub,-18794.5,1904.1,2203.5,-162.85,0.886
R14318,shrub,-6840.3,2417.8,1812.5,-59.56,1.025
R14319,shrub,33639.1,1464.9,1861.7,-141.94,1.231
R14320,shrub,40165.3,1711.5,1528.7,16.36,1.3
R14321,shrub,59146.1,2133.4,1646.4,-225.38,1.065
R14322,shrub,62100.9,2485.6,1899.5,-0.01,0.864
R14323,shrub,76312.7,2126.5,6972.7,-63.28,1.03
R14324,shrub,-74938,3539.2,10769.6,-118.78,1.267
R14325,shrub,-70184.2,2688,8038.9,-153.7,1.072
R14326,shrub,-63974.4,3263.2,4851.9,33.82,1.171
R14327,shrub,-60836.7,3004.7,3604.1,-211.07,1.028
R14328,shrub,-43469.7,3170.5,2210.2,51.04,1.062
R14329,shrub,-18927.9,2796.7,2119.3,-231.51,1.061
R14330,shrub,29721.7,2653.9,1924.9,7.34,1.007
R14331,shrub,34407.5,3520.6,1799.7,86,0.989
R14332,shrub,61338.4,3534.7,1697.9,-7.44,0.72
R14333,shrub,61942.5,3278.2,1757.5,11.28,0.838
R14334,shrub,65089.5,3452.3,2120.7,11.85,1.079
R14335,shrub,65418.9,3363.8,2299.4,-48.59,1.204
R14336,shrub,70144.6,3299.5,4281.6,-174.7,0.889
R14337,shrub,71495.1,2714.6,4629.4,-61.83,0.753
R14338,shrub,77824.2,2876.2,6948.8,-164.24,0.855
R14339,shrub,-69176,4510.6,9007.6,-15.13,0.828
R14340,shrub,-68121.2,4391.2,8670.1,10.13,1.226
R14341,shrub,-67523.6,3653.9,7955.4,85.39,1.131
R14342,shrub,-57563.8,3624.9,3535.7,89.96,0.997
R14343,shrub,-54603.1,4697.3,2766.1,-140.9,0.886
R14344,shrub,-45415.4,4087.3,2076.4,-192.6,1.131
R14345,shrub,-5754.7,4201.4,1619.6,-216.35,0.925
R14346,shrub,35784.4,4562.5,1641.8,-260.94,1.329
R14347,shrub,55671.2,4112.7,1307.5,-215.1,1.336
R14348,shrub,58895.3,3828.6,1596.4,-80.22,0.991
R14349,shrub,60697.8,4061.8,1641.4,10.85,1.339
R14350,shrub,68462,4350.1,3827.5,39.28,0.712
R14351,shrub,70028.2,3839.7,4215.7,-158.61,1.241
R14352,shrub,78410.1,3889.8,6763.3,-71.16,1.037
R14353,shrub,-74385.3,5350.9,10312,-48.64,0.76
R14354,shrub,-72611.3,5489.2,11331.1,-196.13,1.049
R14355,shrub,-38191.6,5600.6,1924,-97.15,0.751
R14356,shrub,-12998.8,5246.3,1937.3,-51.1,0.942
R14357,shrub,21904,5021.6,1697.9,-187.87,0.901
R14358,shrub,38167.7,4780,1637.1,64.22,1.01
R14359,shrub,41493.5,4944.6,1699.9,-220.63,0.989
R14360,shrub,54513,5290.7,1320.8,-241.61,0.792
R14361,shrub,55885,5379.5,1336.4,-155.86,1.171
R14362,shrub,57884.3,4804.4,1563,-214.59,0.986
R14363,shrub,60182.2,5233,1628.7,-48.49,1.219
R14364,shrub,65901,5496.4,2923.9,6.51,0.743
R14365,shrub,67788.6,5677.2,4136.4,-260.63,1.34
R14366,shrub,68993.2,5040.8,4348.2,-142.37,1.187
R14367,shrub,73489.4,5412.8,5471.6,-229.84,0.84
R14368,shrub,-76055.6,6430.7,10849.8,80.78,0.772
R14369,shrub,-71591.3,6726.7,10614.9,-235.18,1.011
R14370,shrub,-67206.5,5840.1,8366.4,-2.67,0.997
R14371,shrub,-65576,6133.5,6591.2,-48.07,0.76
R14372,shrub,-61854.9,6676.2,4710.2,-159.27,1.234
R14373,shrub,-59847.7,6602.3,4856,34.42,1.228
R14374,shrub,-51074.8,6240.2,2081,28.64,1.389
R14375,shrub,-34325.4,6068.5,2172.6,-144.56,1.372
R14376,shrub,-23192.6,6075,2036.2,-99.61,0.75
R14377,shrub,77239.3,6020.3,6769.9,73.57,1.052
R14378,shrub,-76377.1,7038.9,10680.7,47.65,0.785
R14379,shrub,-74096.4,6907.5,11335.4,-86.17,1.278
R14380,shrub,-69836.9,7678.3,10480.4,-57.59,0.701
R14381,shrub,-52343.2,7936.9,2038.2,-86.26,0.717
R14382,shrub,-42198.2,7378,2034.6,-85.55,0.944
R14383,shrub,-37344.7,7925.6,2046.4,-24.15,1.203
R14384,shrub,-26981.3,7966.1,1743.5,-214.04,1.116
R14385,shrub,-19409.5,7644,1772.3,-150.24,0.983
R14386,shrub,-14140.4,7204,1869.9,-41.72,1.351
R14387,shrub,-5830.9,7104.4,1513.9,-45.93,1.27
R14388,shrub,22283.8,7902.8,1604.6,57.5,1.011
R14389,shrub,25090.5,7983.6,1482.1,80.07,1.103
R14390,shrub,32393,7221.1,1513.3,-81.27,1.268
R14391,shrub,64927.6,7965.5,2584.1,-35.92,1.094
R14392,shrub,67977.2,7724.2,4340.2,-38.81,0.977
R14393,shrub,70100.5,7350.3,5417.7,-157.28,0.901
R14394,shrub,-77232.5,8524,12016.1,-227.38,1.108
R14395,shrub,-75228.9,8063.7,11527.4,-265.93,0.711
R14396,shrub,-73782.9,8766.8,11717,-44.96,0.843
R14397,shrub,-67852.5,8175.4,9584.5,-246.17,1.018
R14398,shrub,-62879.4,8047.8,5430,-64.47,1.011
R14399,shrub,-60912.2,8380.2,4597.3,-170,1.352
R14400,shrub,-59576.6,8924,4477.3,19.69,0.998
R14401,shrub,-38558.4,8061,1977.6,52.14,0.8
R14402,shrub,-24162.5,8496.7,1926.4,-144.9,1.351
R14403,shrub,17692.4,8266.9,1517.5,-222.33,0.935
R14404,shrub,46017.4,8453.5,1667.7,-44.21,1.332
R14405,shrub,64281.9,8300.3,2539.5,-76.21,0.782
R14406,shrub,-73753.2,9143.6,11645.2,-133.65,0.718
R14407,shrub,-67980.1,9607.6,9074.6,-62.46,0.733
R14408,shrub,-65989.9,9176.6,7304.4,-197.93,0.993
R14409,shrub,-64529.8,9443,6409.9,-182.01,1.113
R14410,shrub,-61397.4,10149.6,5325.2,5.98,0.914
R14411,shrub,-57870.2,10188.9,3586.1,51.28,1.161
R14412,shrub,-44895.7,9815.4,2006.4,-67.55,1.265
R14413,shrub,-40967.5,9742.8,1855.1,-164.32,0.777
R14414,shrub,-22991.7,9349.3,1798.2,-216.35,1.116
R14415,shrub,27256.5,9747.3,1673.5,-133.65,0.953
R14416,shrub,27905,9223.8,1620.9,-162.85,1.262
R14417,shrub,67570.4,10181.7,3414.8,-194.49,1.315
R14418,shrub,-67487.8,10865.4,8486.6,-238.25,0.905
R14419,shrub,-62866.5,10458.2,6570.5,-44.43,0.951
R14420,shrub,-61689.6,10958.5,5530.5,-9.34,1.077
R14421,shrub,-60842.9,10655.5,4858.9,-45.17,0.728
R14422,shrub,-31919,10246.2,1650.4,-75.15,1.345
R14423,shrub,28763.5,10562.4,1680.9,-253.19,0.721
R14424,shrub,50133.1,10258.3,1690.1,34.91,1.051
R14425,shrub,-73999.2,12020.4,13141.6,65.02,0.804
R14426,shrub,-64795.6,12054,6734.6,-132.08,1.201
R14427,shrub,-58782.2,11619.3,4340.8,-120.85,0.994
R14428,shrub,-57026,11518.5,3033.6,-117.86,1.208
R14429,shrub,-46855.5,12104.7,2006.8,-136.74,0.834
R14430,shrub,-12951.5,11997.6,1620.8,-141.21,0.701
R14431,shrub,48811.2,11527.2,1630.7,-125.15,0.873
R14432,shrub,54023.1,12059.8,1548.3,-226.16,1.322
R14433,shrub,55230.1,11470.9,1271.4,15.69,0.715
R14434,shrub,68545.8,12373.2,3965.8,26.67,1.141
R14435,shrub,69748.2,11915.1,4005.6,-80.04,0.856
R14436,shrub,72631.9,11787.4,4978.9,-39.28,1.388
R14437,shrub,-78170.7,12859.7,14260.4,-1.01,0.723
R14438,shrub,-71056.2,12696.8,11252,-236.29,0.914
R14439,shrub,-66248.9,12989.5,7998.6,-228.24,1.233
R14440,shrub,-62821.1,12748.3,5948.1,-120.51,1.165
R14441,shrub,-58135.2,13312.2,4128.2,3.16,0.843
R14442,shrub,-56899.1,13299.3,3156.3,-18.57,1.181
R14443,shrub,-38064.9,13385.9,1531.1,21.26,0.946
R14444,shrub,-28813.3,13327.3,1514.9,-58.19,0.966
R14445,shrub,-13747.7,12534.2,1568.7,-211.56,1.048
R14446,shrub,-7659.4,12556.8,1566.9,-148.05,0.881
R14447,shrub,17919.4,12699.4,1474.8,-45.96,0.932
R14448,shrub,23307.4,12453.1,1631.1,-173.72,1.241
R14449,shrub,44849.8,13444.1,1754.7,-139.39,1.066
R14450,shrub,65329.2,12652.3,2432.3,-62.55,1.013
R14451,shrub,77831.1,12467,6614.9,-38.3,1.088
R14452,shrub,-76023.9,14361.1,12945.8,-25.38,0.968
R14453,shrub,-68150,13645.5,9131.5,-251.69,1.106
R14454,shrub,-65583.4,13860.4,7280.5,-246.34,1.113
R14455,shrub,-64218.2,13638.3,6235.1,-144.01,0.748
R14456,shrub,-50606.5,14257.5,1769.6,44.57,1.111
R14457,shrub,-48338.6,14119.2,1724.5,-78.41,1.007
R14458,shrub,-23002.9,13850.5,1520.5,47.63,1.055
R14459,shrub,-21480.1,13544.4,1501.4,50.31,1.297
R14460,shrub,20074.2,13914.4,1428.7,-182.57,0.922
R14461,shrub,-70096.1,15551.3,9868.4,75.44,1.288
R14462,shrub,-65039.3,15088.1,6952.9,40.59,0.933
R14463,shrub,-46397.3,15116,1630.2,-161.57,1.292
R14464,shrub,-31611.3,15319.6,1625.3,-217.2,0.732
R14465,shrub,-27555,15647.9,1595.9,-221.28,1.157
R14466,shrub,66268.7,15620,1942.8,43.3,0.764
R14467,shrub,69060.9,15444.3,4080.3,-196.97,0.839
R14468,shrub,69646.5,15158.2,4328.9,-16.6,0.966
R14469,shrub,-77975.9,16127.7,14793.6,66.64,0.767
R14470,shrub,-77245.7,16262.5,14704.7,-184.03,0.918
R14471,shrub,-69649.6,15925.3,9449.4,-19.35,1.071
R14472,shrub,-29089,15968.7,1606.7,-210.85,1.171
R14473,shrub,-23722.6,16182.9,1464.8,-75.71,1.179
R14474,shrub,20662.8,16214.1,1557.9,-40.5,1.111
R14475,shrub,21789.2,15947.7,1522,-149.12,1.127
R14476,shrub,-79225.9,17073.3,13830.1,18.24,0.894
R14477,shrub,-69254.7,17397.7,9051.4,-80.66,0.905
R14478,shrub,-67511.5,17444.7,7968.5,-241.82,1
R14479,shrub,-66272.7,17707.6,7824.6,-169.56,1.097
R14480,shrub,-57638.7,17898.5,3928.4,-112.07,1.138
R14481,shrub,-55963.7,17618.3,2682.3,-65.93,1.049
R14482,shrub,-53390.6,16978.1,2042.3,-157.23,1.38
R14483,shrub,-23745.8,17797,1608.5,-258.49,1.263
R14484,shrub,-9013.8,17333.8,1491.3,12.82,0.738
R14485,shrub,9856.9,17702.9,1535.6,-59.57,0.806
R14486,shrub,13330.7,17133.8,1514.5,-241.81,0.736
R14487,shrub,20334.3,16995.6,1576.2,-217.78,1.352
R14488,shrub,62675.8,17734.3,1223.4,17.21,0.918
R14489,shrub,-73301.6,18887.9,12244.6,-41.73,1.197
R14490,shrub,-66844.6,17948.7,7744,-232.73,0.741
R14491,shrub,-62168.8,18758.4,6807.8,-79.45,1.293
R14492,shrub,-60332.5,18167.1,5115,-149.98,1.238
R14493,shrub,-57366.4,17979.5,3720.6,-46.74,0.882
R14494,shrub,-18956.9,18163.2,1702.5,-80.21,0.712
R14495,shrub,-14208.3,18895.4,1443,-4.29,1.311
R14496,shrub,2999,18616.3,1539.8,-120.68,0.805
R14497,shrub,16223.6,18227.6,1551.2,-198.92,1.285
R14498,shrub,37856.4,18867.9,1730.6,-142.25,0.852
R14499,shrub,-68130.5,19018.2,8469.2,-228.27,1.103
R14500,shrub,-66703.2,19421.5,8765.7,-134.54,0.861
R14501,shrub,-56449.5,19441.6,3089.7,-77.77,1.199
R14502,shrub,-52405.7,20054.1,1855.9,-177.22,1.29
R14503,shrub,-20101.5,19340.3,1588.8,38.26,1.012
R14504,shrub,-12303,20034.6,1305.7,23.36,1.394
R14505,shrub,4243.7,19808.8,1647.9,-155.79,0.759
R14506,shrub,18249.8,19162.3,1526.3,-259.41,0.804
R14507,shrub,53302,19121,1833.7,-97.88,0.756
R14508,shrub,60131.2,19163.5,1680.7,-100.55,1.376
R14509,shrub,72797.3,19548.3,1373.6,78.71,0.952
R14510,shrub,-67979.7,20333.1,9343.3,27.05,0.881
R14511,shrub,-33844.2,20623,1601.2,-133.4,0.96
R14512,shrub,-12958.6,20493.2,1343.5,-228.36,1.339
R14513,shrub,-11564.3,20335.9,1273,-230.71,1.131
R14514,shrub,615.1,20301.3,1685.1,-145.21,0.944
R14515,shrub,52418.7,20203.5,1961.8,28.77,1.239
R14516,shrub,75473.8,20587.5,1383.4,-269.26,1.324
R14517,shrub,-47027.2,22034.5,1597.3,11.09,1.01
R14518,shrub,-1368.3,21418.9,1651.8,69.12,1.022
R14519,shrub,45669.8,21203.4,1777.9,-236.52,0.786
R14520,shrub,51361.6,21706,1990.8,17.92,0.802
R14521,shrub,-45923.8,23101.9,1599.6,-268.81,1.153
R14522,shrub,-25558.2,23127.2,1571,38.23,1.193
R14523,shrub,-23762.5,22652.6,1535.3,-18.26,0.769
R14524,shrub,62167.6,22928.5,2852.8,-209.59,1.005
R14525,shrub,69620.3,23224.7,3888.9,-34.23,0.833
R14526,shrub,-78239.4,23669.7,11588.8,-83.67,1.042
R14527,shrub,-72255.3,23458.2,10573.8,-49.11,0.955
R14528,shrub,-63474,24195.8,6037.8,-139.02,1.263
R14529,shrub,-61875.2,24155.9,4742.4,-109.88,0.979
R14530,shrub,21597.2,23687.9,1492.7,81.4,0.998
R14531,shrub,37386.9,23657.3,1721.5,-33.95,0.702
R14532,shrub,47736.7,23738.5,1731.5,-246.08,0.717
R14533,shrub,49483.2,24300.6,1698,-189.07,0.718
R14534,shrub,69188,24048.3,4067.3,6.17,1.387
R14535,shrub,75075.5,23603.8,1274.6,-25.22,0.803
R14536,shrub,-1547.1,24981.8,1752.9,-119.9,1.341
R14537,shrub,22366.1,24968.9,1404.5,-51.53,0.746
R14538,shrub,54155.4,25090.3,1738.4,-222.39,1.122
R14539,shrub,56085.5,25027.8,1818.7,-146.47,1.144
R14540,shrub,72243.3,25484,4547.2,-43.12,1.209
R14541,shrub,-62192.5,26685.9,6409.8,-61.83,1.1
R14542,shrub,12939.9,25899.2,1704,45.3,0.917
R14543,shrub,14591.9,26635.9,1658.3,-269.38,1.057
R14544,shrub,22431.9,25889.2,1356.3,25.36,0.799
R14545,shrub,26240.4,26295.3,1557.2,-259.36,1.159
R14546,shrub,42322,26046.2,1754.1,-151.44,1.311
R14547,shrub,47817.2,25828.4,1711.3,-251.89,1.035
R14548,shrub,49482.9,26688.7,1663.4,-181.5,0.967
R14549,shrub,54064,26666,1656.6,-2.48,0.814
R14550,shrub,-52031,26863.6,1672.4,-220.52,1.203
R14551,shrub,-50625.4,27203.5,1660.4,50.3,0.888
R14552,shrub,-16001.2,27775.1,1403.9,-53.28,1.347
R14553,shrub,-12240.9,26723,1577.3,-142.9,1.019
R14554,shrub,35086.8,27036.3,1859.7,-37.58,1.343
R14555,shrub,74018.9,26935.3,5137.5,12.41,1.131
R14556,shrub,79170,27760.6,6892,31.8,1.289
R14557,shrub,-67349.1,28207.1,8134.9,-54.76,1.339
R14558,shrub,-66270.4,28076.5,7364.4,58.48,0.738
R14559,shrub,-63812.8,28588.3,7159.8,-229.7,0.74
R14560,shrub,-55525.7,28171.2,2463.9,-85.29,0.795
R14561,shrub,-49236.7,27860,1609.3,65.85,0.994
R14562,shrub,-41775.2,27921.7,1606.2,-130.09,0.752
R14563,shrub,-17330.9,28093.8,1355.6,88.11,1.176
R14564,shrub,-3689,27937.6,1769.3,-87.21,0.965
R14565,shrub,20849.8,28832,1523.7,-191.88,1.15
R14566,shrub,21260.4,28478.9,1483.8,55.63,1.271
R14567,shrub,28339.6,28668.7,1703,-159.27,0.841
R14568,shrub,49398,28553.2,1636.5,-194.92,1.049
R14569,shrub,51134.8,28750.2,1699.7,-19.95,1.275
R14570,shrub,55705,28292,1766.6,82.66,1.361
R14571,shrub,60997.2,28500.5,1911.7,28.22,1.193
R14572,shrub,67016.8,28074,4591.3,-10.13,1.044
R14573,shrub,70572,27957.2,3946.7,59.85,1.308
R14574,shrub,-65533.1,29064.9,7255.4,-68.17,1.29
R14575,shrub,-53890,28917.2,2357.4,-12.57,0.736
R14576,shrub,17830.1,29545.6,1504.4,-104.4,0.96
R14577,shrub,42206.6,29606.4,2034.7,38.57,1.203
R14578,shrub,44953.6,29967.1,1745.8,-134.89,0.821
R14579,shrub,62546.8,29745.2,2360.8,-30.49,1.281
R14580,shrub,77344.4,29370.3,6251.1,32.9,1.141
R14581,shrub,-54414,30995,2495.7,-74.12,1.17
R14582,shrub,-52032.3,30328.1,2207.7,-226.92,1.052
R14583,shrub,-9063,30216.6,1677.6,-194.74,0.795
R14584,shrub,18071.9,30539.8,1537.2,-154.42,0.928
R14585,shrub,22732.5,30844.9,1576.8,62.68,0.848
R14586,shrub,34455.1,30516.8,1945,-231.27,1.168
R14587,shrub,37656,30174.2,2000.7,-264.13,0.875
R14588,shrub,51061.9,30366,1799.3,-101.6,1.268
R14589,shrub,62603.6,30077.8,2331.4,-146.97,1.29
R14590,shrub,-54423.7,31358.5,2408.3,81.35,1.094
R14591,shrub,-12840.6,31100.6,1679.1,-136.55,0.806
R14592,shrub,-9678.1,31313.1,1678.5,-166.22,1.259
R14593,shrub,49500.3,32123.9,1893.6,-63.6,0.84
R14594,shrub,49844.1,32182.3,1890.9,-119.43,1.325
R14595,shrub,53117.8,31228,1840.4,-208.45,1.365
R14596,shrub,64473.3,31942.9,2998,-146.05,1.106
R14597,shrub,-74170.4,33087.4,8672.9,85.62,0.855
R14598,shrub,-51088.4,32560.3,1824,72.36,1.358
R14599,shrub,-12567.7,32930.4,1734.7,2.32,1.092
R14600,shrub,45543.6,32371.1,1786.6,-174.47,1.182
R14601,shrub,52490.4,32783,1935.4,35.22,1.236
R14602,shrub,62402,32388.5,2094.5,19.06,0.762
R14603,shrub,-69847.5,34041,7761.8,-149.47,1.101
R14604,shrub,-57492.7,33314.6,2120.4,-149.57,1.029
R14605,shrub,-38177.2,33355.1,1626.9,-72.83,1.055
R14606,shrub,-30626.3,33576.6,1515.8,-158.39,1.149
R14607,shrub,1963.3,33580.4,1849.7,-27.41,1.29
R14608,shrub,51896.3,34322.4,1898.3,-148.6,1.041
R14609,shrub,-53029.5,35284.1,1870.1,-78.76,1.385
R14610,shrub,-37541.2,34842.8,1700.7,-47.82,0.76
R14611,shrub,-33077.9,34699,1448.6,-250.1,1.252
R14612,shrub,-8597.1,35320.8,1847.8,63.26,1.111
R14613,shrub,397.7,35407.7,1942.2,52.75,1.281
R14614,shrub,3195,34753.2,2004.5,30.87,1.386
R14615,shrub,18479.4,35037.5,1600.6,22.71,1.31
R14616,shrub,25481.8,35042.1,1754.8,-82.12,0.778
R14617,shrub,38252.8,34829.7,2309.9,-10.44,1.065
R14618,shrub,56569.3,34486.1,1660.1,-112.44,1.309
R14619,shrub,76562.9,34837.3,5492.9,-189.17,1.046
R14620,shrub,-74091.2,35996.7,8086.1,-198.83,0.929
R14621,shrub,-67093.6,35771.5,7857.6,16.01,0.768
R14622,shrub,-58150.5,35772.2,2322.3,-249.16,1.042
R14623,shrub,-37104.2,36061.4,1765.2,64.01,0.977
R14624,shrub,-19764.4,35972.2,1578.9,-102.51,0.737
R14625,shrub,-4805.7,36040.9,1895,-196.46,1.122
R14626,shrub,9649.5,35951.4,1766.3,64.47,1.144
R14627,shrub,37103.4,35954.7,2301.9,-221.38,0.813
R14628,shrub,48059.5,36461.2,1870,-215.16,1.221
R14629,shrub,55423.4,35795.1,1767.6,-173.1,0.8
R14630,shrub,74306.7,35525.1,5470.4,23.44,1.008
R14631,shrub,76174,36349.8,5731.1,-263.82,1.042
R14632,shrub,-58151.6,37074.2,2451.3,-209.25,0.976
R14633,shrub,-38340.7,37472.6,1771.6,-14.31,0.894
R14634,shrub,-17651.2,36634.2,1615.6,-79.53,1.082
R14635,shrub,27212.9,37151.7,1934.2,61.3,0.81
R14636,shrub,42363.3,36734.7,2177.5,-109.35,0.926
R14637,shrub,59976.5,37106.5,1821.4,-223.3,1.384
R14638,shrub,75127.6,37246,6121.4,-9.92,1.36
R14639,shrub,-73427.7,38268.4,7333.4,-24.78,1.375
R14640,shrub,-53287.8,38521,2338.5,-61.42,1.144
R14641,shrub,-33900.1,37739.3,1508.4,-33.72,1.215
R14642,shrub,-20556.3,38134.9,1497.5,-68.22,1.326
R14643,shrub,11049.8,37976.1,1847.7,-264.15,1.035
R14644,shrub,16517.9,38309.5,1675.5,-20.11,1.329
R14645,shrub,26966.9,38290,1974.1,-57.62,1.244
R14646,shrub,41873.3,37930.8,2236.3,-137.8,1.397
R14647,shrub,45643.6,38726,2055,-48.9,1.214
R14648,shrub,58158.4,37991.9,1939.6,-73.76,1.036
R14649,shrub,-71024.2,38833.7,7917.1,66.03,1.018
R14650,shrub,-45003.9,39521.5,1717.2,-98.56,1.234
R14651,shrub,-42106.2,38910.3,1753.4,-19.43,1.233
R14652,shrub,-3466.8,38888.1,2046.8,-121.13,0.807
R14653,shrub,3341.3,39790.4,2281.5,-22.21,0.939
R14654,shrub,32254.8,39484.7,2137.2,-159.68,0.754
R14655,shrub,36039.6,39490.7,2122.3,-207.86,1.009
R14656,shrub,55210.2,39652.1,1758.9,0.43,0.918
R14657,shrub,58507.9,39356.4,2023.6,24.95,0.705
R14658,shrub,-75732.6,40150.5,9521.1,48,0.721
R14659,shrub,-50931.9,40112.9,1832.7,66.69,0.944
R14660,shrub,-43442.8,40793.9,1670.2,-199.66,1.005
R14661,shrub,-41916.3,40270.3,1720.2,86.96,1.315
R14662,shrub,-31728.2,40612.7,1499.8,-247.43,1.357
R14663,shrub,-26633.1,40729.7,1415.4,-201.79,0.892
R14664,shrub,-19046.8,40438.2,1553.5,47.91,0.995
R14665,shrub,-14034.8,40516.2,1634.4,-190.91,1.129
R14666,shrub,-11420.4,40532.5,1681.4,41.89,0.813
R14667,shrub,-7735.2,40320.9,1943.9,-241.43,0.889
R14668,shrub,-3239.9,40079.7,2148.6,-238.08,1.226
R14669,shrub,1113.7,40946.3,2218.6,-97.82,1.309
R14670,shrub,30388.4,40790,2060.5,56.27,0.956
R14671,shrub,31248.4,40104.5,2056.9,-121.43,1.195
R14672,shrub,52657,40053.6,1860.3,-38.55,0.946
R14673,shrub,-27983,41504,1423.3,-210.57,1.358
R14674,shrub,-23724.2,41315.6,1400.9,-209.13,1.022
R14675,shrub,-16757.1,41441.7,1574,-214.84,0.963
R14676,shrub,-3635.6,41843.4,2128.7,-202.6,0.88
R14677,shrub,-1370.6,41715.5,2235,-110.87,1.396
R14678,shrub,5286.9,41429.6,2183.3,68.84,1.098
R14679,shrub,8132.9,41644.3,2071.3,-16.6,1.248
R14680,shrub,15040.9,41809,1789.8,-105.74,0.953
R14681,shrub,17167.4,41078.9,1658.9,-15.28,1.351
R14682,shrub,38904.4,41050.4,2020.9,-212.51,1.118
R14683,shrub,59477.3,41091.2,2140.6,12.35,1.159
R14684,shrub,64324.6,41060.1,2906.5,-180.72,0.753
R14685,shrub,-71497.8,42107.4,7913.4,-203.07,0.842
R14686,shrub,-70144.4,43126.2,8949.6,32.12,0.937
R14687,shrub,-43944.9,43014.5,1730.7,-219.75,0.789
R14688,shrub,12384.8,42191.2,2001.7,-233.82,1.035
R14689,shrub,31588.3,42978.9,2104.4,-261.54,1.183
R14690,shrub,38080.8,42724.4,2059.4,-262.2,1.132
R14691,shrub,63767,42313.2,2622.4,-66.29,0.821
R14692,shrub,-77639.9,43690,9536.2,-7.02,0.988
R14693,shrub,-65930.8,43257.5,8887.5,-93.28,1.021
R14694,shrub,-24451.2,43201.1,1403.6,-262.54,1.364
R14695,shrub,-19436.5,43792.6,1591.4,-255.76,1.274
R14696,shrub,-7549.8,43547.9,2061.3,-166.49,0.766
R14697,shrub,30790.6,43369.3,2122,-222.9,0.918
R14698,shrub,31466.2,43709.9,2145.5,-153.62,1.267
R14699,shrub,36192.1,43756.6,2060.7,-170.33,0.772
R14700,shrub,37994.1,44173.4,1930.9,-127.35,1.322
R14701,shrub,43194.1,44124.2,1927.5,-145.26,1.248
R14702,shrub,70830.1,43351.7,3096.1,-25.42,0.885
R14703,shrub,-55613,44372.2,3127,-33.83,0.706
R14704,shrub,-41046.2,44704,1705.5,-41.76,0.917
R14705,shrub,-37304.6,45102.2,1765.7,-231.1,1.18
R14706,shrub,-31384.3,44848.8,1465.2,-182.96,0.766
R14707,shrub,-26592.3,45339.2,1355.3,-198.48,1.225
R14708,shrub,-18796.5,44718.1,1590.4,-62.54,0.779
R14709,shrub,21472.7,45346.8,1889.3,-202.21,1.371
R14710,shrub,23256,45007.5,1829.2,-44.05,0.717
R14711,shrub,29284.6,44802.7,1996.2,52.78,1.055
R14712,shrub,35046.2,45313.1,2128.8,52.53,0.954
R14713,shrub,37409.6,44566.7,2035,-250.28,1.167
R14714,shrub,50055.5,44972.2,1927.5,-19.22,1.309
R14715,shrub,52621.6,45355,1771,-63.71,1.155
R14716,shrub,74404.8,45181.4,4958.5,-67.99,0.998
R14717,shrub,-58677.2,46441.9,2882.2,-40.52,0.763
R14718,shrub,-49664.4,45631.8,1494.6,-208.36,1.173
R14719,shrub,-33591.5,46180.4,1515.4,-38.21,1.129
R14720,shrub,-32443.2,46203.8,1466,-247.95,0.761
R14721,shrub,-30958.5,45942.9,1469.4,3.86,0.789
R14722,shrub,-25731.7,45685.5,1395.5,-35.68,0.984
R14723,shrub,-22257.6,46491.4,1576.7,-109.86,0.874
R14724,shrub,-13513.8,46329.7,1749.7,-257.33,0.927
R14725,shrub,4007.9,46215.3,2102,45.33,0.929
R14726,shrub,28510.8,46484.5,2166.4,-268.59,1.036
R14727,shrub,34541.3,45933.1,2180.7,12.21,0.78
R14728,shrub,45746.9,46380.2,1783.2,82.49,1.313
R14729,shrub,54637.7,45443.9,1627.3,28.84,1.267
R14730,shrub,61883.1,45725.7,1839.6,-6.83,0.987
R14731,shrub,64566.3,45846.9,2484,-24.1,1.227
R14732,shrub,66399,46367.5,3120,75.7,1.371
R14733,shrub,73167.6,46077.4,4968.8,-166.92,1.22
R14734,shrub,74256.5,45767.5,5018.1,-161.32,0.835
R14735,shrub,-51921,47211.2,1775.4,-59.89,1.317
R14736,shrub,-46066.7,46607.6,1639.4,-203.58,1.067
R14737,shrub,-45455.9,46665.7,1612,88.42,1.124
R14738,shrub,-43831.4,46897.6,1575.4,-186.16,0.901
R14739,shrub,-36872,47231.8,1697.4,-213.9,1.331
R14740,shrub,-34189.1,47320.9,1563.6,-222.66,0.765
R14741,shrub,-27806.1,46970,1462.4,-11.93,1.33
R14742,shrub,-16892.5,46784.7,1496.1,-79.72,0.756
R14743,shrub,20270.2,47416.5,1915.8,-203.5,1.357
R14744,shrub,27590,46852.1,2113.3,-21.3,1.074
R14745,shrub,29246.7,47071.1,2227.8,-79.61,1.127
R14746,shrub,30189.9,47249.8,2261.7,-107,1.041
R14747,shrub,45192.7,46661.7,1814.8,-71.79,1.016
R14748,shrub,45703.1,47196,1695.9,-55.24,1.014
R14749,shrub,58461.9,47060.2,1466.6,-260.59,1.362
R14750,shrub,-61033.5,47851,3536,-123.96,1.005
R14751,shrub,-52223.9,48675,2017.4,-241.98,1.009
R14752,shrub,-37669.8,48640.2,1723.1,-208.9,1.319
R14753,shrub,-36838.2,48002.4,1684.2,-210.88,1.072
R14754,shrub,-28827.1,47718.6,1565.3,25.07,0.896
R14755,shrub,-1897.5,47644.5,2144.5,51.35,0.7
R14756,shrub,382.1,48401.4,2180.7,-187.78,1.059
R14757,shrub,7431.6,48628.4,1861.1,-182.78,0.941
R14758,shrub,20286,48382.9,2004,-49.69,1.345
R14759,shrub,21675.3,48654.9,2097.7,36.37,1.296
R14760,shrub,23076.6,47794.1,2073.4,-212.78,1.301
R14761,shrub,28338,48277.6,2230.7,80.72,0.83
R14762,shrub,34260.3,48430,2277.3,57.4,1.045
R14763,shrub,45462.5,48091,1656.7,-97.23,0.796
R14764,shrub,76828.7,47831.3,5586.8,-11.22,0.7
R14765,shrub,79351.6,48147.8,5737,-96.1,0.939
R14766,shrub,-69028.2,49438.7,7794.7,12.74,1.349
R14767,shrub,-64222.7,49487.5,6232.3,-71.03,1.358
R14768,shrub,-60213.2,49035.3,2829.3,57.29,1.329
R14769,shrub,-44139,49034.8,1648.3,-3,1.37
R14770,shrub,-42342.6,48855.6,1481,-41.29,0.703
R14771,shrub,-37020.8,48822.3,1709.9,-119.29,1.267
R14772,shrub,-35368,49654.8,1834.6,-66.2,1.334
R14773,shrub,14213.6,48905.6,1998.9,-228.67,0.891
R14774,shrub,14847.2,49289.7,2056.6,45.44,0.828
R14775,shrub,16539.1,49652.1,2085.4,-267.21,0.944
R14776,shrub,18653.7,49206.3,2104.5,76.38,1.301
R14777,shrub,23420.1,49218.7,2316.2,-13.96,1.103
R14778,shrub,25368.5,49001.5,2448.9,59.2,0.793
R14779,shrub,26232.8,48868.6,2345.2,-191.09,1.25
R14780,shrub,56773.9,48955.7,1489.3,-74.31,1.105
R14781,shrub,62280,49433.8,2146.3,-135.93,0.762
R14782,shrub,66185,49213,3234,20.89,1.176
R14783,shrub,-61681.4,49812.9,3673.2,-199.76,0.769
R14784,shrub,-47694,49861.1,1763.3,-20.29,0.855
R14785,shrub,-37231.6,49871.6,1750.8,-202.44,0.918
R14786,shrub,-30025.6,49891.5,1709.3,-7.41,1.173
R14787,shrub,-25098.6,50264.3,1566.9,-186.42,1.265
R14788,shrub,1138,50142.9,2231.4,28.92,1.344
R14789,shrub,12853,50814.8,2230.7,68.17,0.729
R14790,shrub,19067.5,50755.6,2216.5,-245.94,0.855
R14791,shrub,26378.2,50380.1,2739.3,42.65,0.806
R14792,shrub,28592.3,50525.9,2368.8,30.27,1.172
R14793,shrub,29478.6,50378.3,2301.2,-103.75,1.276
R14794,shrub,41993.5,50353.4,1801.1,-123.04,1.055
R14795,shrub,78366.6,50763.7,5951.5,40.3,1.094
R14796,shrub,-50539.9,51875.4,1797.2,31.71,1.341
R14797,shrub,-49778.7,51068.9,1762.2,-94.34,1.07
R14798,shrub,-49164.1,50917,1725,84.12,1.289
R14799,shrub,-39838.1,51761.7,1528.3,-118.37,1.211
R14800,shrub,-34137.8,50975.8,1880.4,-138.03,1.263
R14801,shrub,-29358.8,50916.3,1762,65.04,0.772
R14802,shrub,-18527.8,51357.2,1852.6,-117.05,1.167
R14803,shrub,-6684.5,51166.5,2054.3,-97.74,1.088
R14804,shrub,-5657.4,51740.3,2189,-115.02,1.189
R14805,shrub,623,51802.1,2190,-145.87,1.092
R14806,shrub,1995.9,51289.7,2158,-61.85,1.307
R14807,shrub,11807.6,51240.9,2231.2,-267.51,1.042
R14808,shrub,17693.3,50931.6,2215.7,-159.18,0.737
R14809,shrub,19249.6,51329.4,2220.2,-28.98,1.23
R14810,shrub,20503,51890.4,2344.1,-75.13,0.747
R14811,shrub,24825.2,51935.7,2745.6,-56.19,0.817
R14812,shrub,26086.7,51093.4,2749.8,-123.04,1.277
R14813,shrub,27191.3,51150.4,2875.4,14.09,0.918
R14814,shrub,29551.3,51975.1,2700.4,-146.68,0.996
R14815,shrub,31784.3,51834.8,2671.7,19.41,0.965
R14816,shrub,45217.1,51387.9,1696.2,69.04,0.767
R14817,shrub,52386.7,51252.2,1562,-226.74,1.216
R14818,shrub,72395,51032.6,5203.5,-56.66,0.885
R14819,shrub,-57118,52015.8,2345.5,67.06,1.175
R14820,shrub,-55153.9,52919,2070.4,-231.63,1.198
R14821,shrub,-46909.1,52177.4,1713.6,18.47,1.11
R14822,shrub,-42707,52423.7,1445,-154.59,0.745
R14823,shrub,-35821,52039.9,1810.8,-213.24,1.132
R14824,shrub,-32383.8,52597.5,1700.5,-208.44,1.335
R14825,shrub,-31123.8,52946.9,1637,-138.74,1.076
R14826,shrub,-30182.5,52767.6,1741,58.85,0.815
R14827,shrub,-24123,52464.1,1657.6,-124.17,0.819
R14828,shrub,-11051.5,52573.2,1938.8,-95.91,0.765
R14829,shrub,-2537.1,52010.2,2256.1,-215.86,0.887
R14830,shrub,3842.3,52029.6,2011.2,-269.18,1.021
R14831,shrub,18767.8,52391.8,2230,-241.85,0.838
R14832,shrub,26981.6,52654.7,2761,49.15,1.086
R14833,shrub,29285.3,52779.9,3036.2,81.88,0.737
R14834,shrub,30251.7,52807.5,2835.7,-201.09,0.723
R14835,shrub,34855.7,52328.8,2543,-235.79,1.092
R14836,shrub,57983.8,52113.7,1665.5,-5.55,1.331
R14837,shrub,71952.5,52947.8,5251.1,64.36,0.993
R14838,shrub,-65788.2,54002.2,8063.2,-203.94,1.008
R14839,shrub,-49373.8,53743.6,1847.2,59.53,0.781
R14840,shrub,-44943.7,53747.6,1613.5,-173.41,0.944
R14841,shrub,-43941.2,53624.4,1568.2,60.23,1.393
R14842,shrub,-40980.1,53768.1,1512,-197.16,1.136
R14843,shrub,-39547.7,53958,1568.5,-176.02,0.845
R14844,shrub,-35570.8,54078.8,1748.7,-240.84,1.384
R14845,shrub,-34791,53158.5,1820.7,-123.83,1.17
R14846,shrub,-29852.4,53284.7,1714.8,42.84,1.341
R14847,shrub,-26057.1,54100.3,1861.7,84.92,0.791
R14848,shrub,-23357,53341.9,1705.8,-220.45,0.856
R14849,shrub,20503.4,53485.2,2392.1,-236.41,0.929
R14850,shrub,22367.6,53968.4,2978.3,-224.61,0.841
R14851,shrub,24405.1,53776.9,3007.2,39.05,0.965
R14852,shrub,25150.8,53958.2,3179.2,-121.46,1.382
R14853,shrub,31845.3,54011.9,3056,3.77,1.006
R14854,shrub,43891.4,54148,1744.3,-12.64,0.882
R14855,shrub,70404.5,53948.8,4386.3,-33.77,1.305
R14856,shrub,-59763.7,55007.4,4134.7,-78.52,1.308
R14857,shrub,-42794.4,54912.8,1595.3,-159.94,1.392
R14858,shrub,-41368.5,54557.4,1565.5,-198.28,0.725
R14859,shrub,-38808.1,54820,1594.1,-223.84,1.118
R14860,shrub,-36652.3,55056.4,1642.6,81.39,0.996
R14861,shrub,-34580.1,54990.3,1593.7,-7.25,1.019
R14862,shrub,-30982.7,55162.6,1612.1,14.19,1.143
R14863,shrub,-26346.9,54823.4,1865.2,-82.54,1.001
R14864,shrub,-25837.8,54960.8,1922.4,-223.32,1.372
R14865,shrub,-20172.3,55114.2,1840.4,-145.43,0.975
R14866,shrub,3026.9,54776.7,2079.7,-228.26,0.705
R14867,shrub,7531.7,54719.1,2120.3,22.69,1.002
R14868,shrub,13419.2,54399.9,2219.2,-31.53,1.148
R14869,shrub,16927.5,54406.9,2251.6,-79.75,1.236
R14870,shrub,18846.8,54924.7,2289.3,-13.91,1.243
R14871,shrub,25763,54800.1,3247.5,-47.76,0.828
R14872,shrub,32155.8,54402,3104.8,-261.89,0.921
R14873,shrub,34226.3,54362.5,2736,-206.43,0.929
R14874,shrub,-63615.9,55919.1,7028.3,-83.15,1.336
R14875,shrub,-44990.8,56280.9,1683.4,-148.54,1.196
R14876,shrub,-40826.3,55394.4,1613.3,-73.16,0.792
R14877,shrub,-37477.5,56301.8,1559.3,-110.63,1.326
R14878,shrub,7309.1,56359.7,2028.8,-264.99,1.323
R14879,shrub,31136.3,55708.2,3658.8,-230.37,1.382
R14880,shrub,35819.4,55499.2,2516.1,-63.19,1.138
R14881,shrub,37031,55721.5,2405,-144.82,0.941
R14882,shrub,46219.8,56344.1,1804,-139.76,1.32
R14883,shrub,-78124,57110.3,9541.5,24.88,1.017
R14884,shrub,-70117.4,57214.2,8102.8,75.38,0.952
R14885,shrub,-64397.9,56584.5,6749,-135.1,0.813
R14886,shrub,-54771.3,56426.8,2271.3,49.46,0.993
R14887,shrub,-47409.5,56500.8,1786.3,-135.58,1.355
R14888,shrub,-37214.3,57132.7,1509.1,-14.2,1.242
R14889,shrub,-29637.9,56483,1866.6,-107.55,0.964
R14890,shrub,-27467.6,56826.1,1786.1,-55.94,1.257
R14891,shrub,-25727.2,57485.7,1858.1,-129.62,0.95
R14892,shrub,-17009,56699.8,1924,89.24,1.236
R14893,shrub,2250.7,57232.5,2174.7,-247.17,1.328
R14894,shrub,18657.2,56713.7,2271.1,-47.65,0.739
R14895,shrub,19678.3,56775.1,2452.9,-241.38,1.048
R14896,shrub,21606.5,56563.7,3433.9,8.18,1.374
R14897,shrub,23365.5,56738.4,3760.2,-209.02,1.063
R14898,shrub,28453.6,57030.1,3929.5,47.92,0.768
R14899,shrub,30185.8,56885.2,3805.2,-195.37,1.122
R14900,shrub,35475.2,56619.7,2436.9,-6.67,0.95
R14901,shrub,35555.4,56879.9,2423.3,-51.86,0.815
R14902,shrub,53784.9,56592.2,1876.3,-36.86,1.18
R14903,shrub,-60662.1,58417.3,3931.7,-119.71,0.838
R14904,shrub,-44436.4,58052.3,1767.5,-30.54,1.194
R14905,shrub,-42996.2,58210.7,1645,-209.62,0.791
R14906,shrub,-41244.5,57702.1,1653.4,-104.55,1.022
R14907,shrub,-33766.7,58275.3,1732.3,-91.8,1.162
R14908,shrub,-28993.4,57716.8,1922.7,-83.87,1.046
R14909,shrub,-28085.4,57547.5,1857,-68.75,1.325
R14910,shrub,-26658.1,57886.4,1851.5,-237.04,1.145
R14911,shrub,-20947.3,57942.2,1990.2,41.35,1.192
R14912,shrub,-10218.3,57955.3,1957.9,-7.01,0.747
R14913,shrub,-1339,58008.2,2272,-252.49,1.23
R14914,shrub,-274.1,58197.5,2231.5,-44.78,1.318
R14915,shrub,3829.1,57880.1,2294.3,48.89,0.801
R14916,shrub,6788.6,58563,1918.6,-188.72,1.135
R14917,shrub,16135,57740.1,2288.5,12.11,0.764
R14918,shrub,18520.5,57609.4,2281.6,-9.72,1.394
R14919,shrub,28891.7,58575,4104.4,-81.66,1.103
R14920,shrub,31676.3,58075.5,3660.5,-155,1.106
R14921,shrub,33279.5,57948.3,3156.5,-109.72,1.148
R14922,shrub,35723.6,57583.1,2485.3,-214.95,0.98
R14923,shrub,38012.2,57569.5,2329.2,-179.15,0.956
R14924,shrub,58159.6,58455.9,1725.2,-210.97,1.075
R14925,shrub,64896.2,58058,2937.5,-95.16,1.108
R14926,shrub,-76372.8,58809.1,10654.7,-23.37,0.885
R14927,shrub,-46277.4,58800.2,1809,-114.17,0.879
R14928,shrub,-43718.4,59032.2,1697.4,-261.05,1.321
R14929,shrub,-38613.5,59536.6,1499.4,-145.42,1.136
R14930,shrub,-34508.5,58752.2,1688.9,53.76,1.154
R14931,shrub,9386.7,58753,2025.6,-17.81,0.726
R14932,shrub,16267.9,59448.2,2732.9,30.51,0.858
R14933,shrub,24498.1,58607.4,4081.3,-191.88,0.829
R14934,shrub,25006.6,58739.9,4026.6,-50.04,1.3
R14935,shrub,33717.4,59404.8,3567.7,-164.99,0.941
R14936,shrub,59750,58627,1916.5,-202.14,0.805
R14937,shrub,67818.2,59607.6,3862,-73.17,1.117
R14938,shrub,76883.1,58864.4,5383.1,13.84,1.301
R14939,shrub,-52999.5,60245.2,2067.1,-145.46,1.057
R14940,shrub,-48888.8,59950.2,1902,-32.42,0.82
R14941,shrub,-39106,60100,1511,-119.74,1.307
R14942,shrub,-31403.4,60139,1916.5,80.36,1.276
R14943,shrub,-20883.1,60078.4,1974,-190.22,1.106
R14944,shrub,14871.8,59835.8,2521.8,-114.01,0.923
R14945,shrub,18205.2,60580.5,3477.2,89.97,1.25
R14946,shrub,19947.9,60490.4,4122.9,-218.48,0.869
R14947,shrub,24353.6,60487.9,4559.6,-238.56,0.918
R14948,shrub,29774.6,59767.7,4170.7,5.52,0.773
R14949,shrub,33391.1,59955.7,3392.8,-77.29,0.787
R14950,shrub,36604.3,60029.2,2670.6,-244.05,0.928
R14951,shrub,46253,59780.8,1889.2,-57.19,0.733
R14952,shrub,48005.9,60576.9,1917.4,-13.76,0.892
R14953,shrub,50229.9,60749.1,1851.5,68.78,0.789
R14954,shrub,67992.1,60094.3,3905.1,-53.92,0.73
R14955,shrub,-76610.9,61504.5,12251.7,44.88,0.969
R14956,shrub,-53653.1,61397.8,2237.8,-38.9,1.243
R14957,shrub,-47534.5,60803.5,1875.3,-233.16,0.872
R14958,shrub,-43766.9,61203.4,1859.4,34.85,0.984
R14959,shrub,-40839.9,61399.9,1686,-15.23,0.837
R14960,shrub,-37482.1,61713.5,1617.8,-66.85,0.763
R14961,shrub,-32289.5,61818.8,1956.5,-218.37,0.947
R14962,shrub,-30365.1,61654.8,2520.4,-208.93,1.283
R14963,shrub,-20967.3,61255.4,2168.2,-248.79,1.206
R14964,shrub,19687.6,61352.9,3950.8,-227.94,0.715
R14965,shrub,21598.3,61263.1,4748.4,-229.92,0.889
R14966,shrub,27912.2,61654.4,5262.2,-63.24,1.076
R14967,shrub,30828.3,61418.6,3971,-200.07,1.214
R14968,shrub,37252.8,61109.2,2621.1,-128.78,1.248
R14969,shrub,55856.2,61171,1931.6,-163.27,1.148
R14970,shrub,58186.6,61657.8,1925.3,-100.24,1.277
R14971,shrub,73029.4,60977.5,4861.4,-106.84,0.738
R14972,shrub,75056.5,61500.9,5157.8,17.78,1.102
R14973,shrub,-48422,62185.6,1862.8,-190.75,1.303
R14974,shrub,-44638.7,62436.1,1969.5,-134.57,1.256
R14975,shrub,-41755.2,62566.7,1750.8,13.21,0.796
R14976,shrub,-36170.2,62718.3,1936.2,-179.54,0.853
R14977,shrub,-33900.4,62167.8,1833.5,68.97,1.279
R14978,shrub,-17107.9,62818.4,2295.8,35.37,0.742
R14979,shrub,-11784.7,61950.6,1935.5,85.78,0.991
R14980,shrub,-8283.9,62900,1834.1,4.85,1.009
R14981,shrub,14685.3,62866.7,2817.3,-32.78,0.801
R14982,shrub,18982.9,62678,3738.9,24.09,0.826
R14983,shrub,21092.5,62936.6,4695.1,35.46,0.854
R14984,shrub,24922.1,62892.1,4958.7,-264.25,1.236
R14985,shrub,28381.8,62504.6,5335.4,16.81,0.936
R14986,shrub,33373.6,62217.8,3422.4,-148.21,1.327
R14987,shrub,36306.5,62789.5,2962.1,5.33,0.705
R14988,shrub,36856.7,62296.3,2748.9,-169.36,1.186
R14989,shrub,38018.1,62148.2,2482.3,4.06,1.114
R14990,shrub,39765.5,62647.4,2363.4,-72.42,0.73
R14991,shrub,54604.4,62028.2,2128.5,76.61,0.764
R14992,shrub,69045.7,62080,3563.5,-141.03,0.751
R14993,shrub,77697.2,62178,5895.1,-148.9,1.05
R14994,shrub,-51490.3,63934.9,2963.3,-148.05,1.37
R14995,shrub,-42207,63213.4,1883.9,-250.48,1.195
R14996,shrub,-35979.2,63290.7,1969.9,-96.35,1.202
R14997,shrub,-30896.3,63907.5,2669.7,-116.21,1.09
R14998,shrub,-23086.6,63934.7,3267.1,-253.9,0.955
R14999,shrub,-12171.6,63539.3,2163,-162.09,1.303
R15000,shrub,13825.5,63033,2656.7,9.13,0.905
R15001,shrub,20481.6,63328.9,4805.6,-69.89,0.762
R15002,shrub,31758.1,63526.5,3824.7,-53.59,1.114
R15003,shrub,33258.8,63741.4,3327.3,53.23,1.195
R15004,shrub,35079.5,63025.9,3435.6,-109.13,1.056
R15005,shrub,39505.9,63976.8,2642.7,-41.08,0.769
R15006,shrub,47148.3,63015.5,1964.9,79.78,1.204
R15007,shrub,50244.5,63894,2422.1,-102.2,0.898
R15008,shrub,50924.7,63197.8,2334.6,7.5,0.709
R15009,shrub,52857.5,63560.9,2744.1,-206.21,1.088
R15010,shrub,62074.1,63304.1,2950,-100.85,1.384
R15011,shrub,76034.1,63040.6,6818.3,-36.31,1.139
R15012,shrub,-44904.3,64280.5,1959.6,24.64,1.068
R15013,shrub,-42845.6,64328.6,2033.9,-186.58,0.895
R15014,shrub,-34849.3,65076,2416.7,18.43,1.13
R15015,shrub,-16903.8,64553.4,3318.3,-168.83,1.155
R15016,shrub,-6973.7,64398.9,1869,-233.83,1.349
R15017,shrub,8035.3,64611.5,2548.6,-161.49,1.363
R15018,shrub,12998,64367.6,3195.4,-174.38,0.888
R15019,shrub,15442.7,64989.4,3960.3,-62.98,1.353
R15020,shrub,30285.9,64741.4,5387,47.28,1.389
R15021,shrub,33792.3,64108.4,3314.9,45.03,1.129
R15022,shrub,35701.6,64533.6,3400.9,-22.55,1.138
R15023,shrub,42386.8,64634.2,2109.9,-18.83,1.091
R15024,shrub,-73697.4,65597.4,10293.2,-256.65,0.947
R15025,shrub,-47366.1,65333.8,2502.8,-189.19,1.236
R15026,shrub,-46722.8,65587.3,2433.8,-67.7,0.838
R15027,shrub,-42687.5,65663.7,2306.1,9.16,1.252
R15028,shrub,-41389.2,66263.4,2773.2,-151.99,0.882
R15029,shrub,-32694.3,65424.3,2143.1,85.33,1.223
R15030,shrub,3088.6,65357.9,2365.3,-222.2,1.293
R15031,shrub,4322.1,65311.5,2349,21.44,1.037
R15032,shrub,16338.6,65272.8,4166.7,-206.07,0.806
R15033,shrub,20247.1,65826.9,4877.5,-27.18,0.956
R15034,shrub,22056,65279.9,5490.8,-89.18,0.975
R15035,shrub,23282.7,65357.6,5180.6,33.83,1.297
R15036,shrub,29103.4,66094.4,5786.8,-218.48,1.108
R15037,shrub,36216,65551.6,3769.3,-121.37,1.344
R15038,shrub,64556.6,65978.4,2490.9,-250.51,1.325
R15039,shrub,68055,65471.9,3547.1,51.48,1.303
R15040,shrub,-38203.3,66846,3208.1,85.92,1.348
R15041,shrub,-37290.2,66709.2,3110.8,-221.92,1.202
R15042,shrub,-9073,66326.5,2540.2,-57.57,0.908
R15043,shrub,14888.6,66540.6,4066,-152.64,0.996
R15044,shrub,25145.5,66435.1,5387,-155.9,1.22
R15045,shrub,27035.2,66555,5596.3,38,0.75
R15046,shrub,36304.9,66828.7,4102.1,32.97,1.221
R15047,shrub,41094.6,67380.3,4170.4,36.07,0.76
R15048,shrub,56289.8,66861.2,3724.7,-242.35,1.076
R15049,shrub,57743.4,66318.5,3636.8,-259.93,1.006
R15050,shrub,75661.9,67308.6,7356.7,-231.37,1.27
R15051,shrub,-69135.8,68168.6,8453.6,31.28,0.924
R15052,shrub,-57357.2,67466.5,2513.5,-92.45,1.015
R15053,shrub,-42760.2,68489.8,3419.1,55.26,1.108
R15054,shrub,-41738.4,67987.2,3137.1,23.12,0.979
R15055,shrub,-37162.8,67794.4,3663.3,-73.27,1.157
R15056,shrub,-31877,68321.4,2268.2,65.45,1.212
R15057,shrub,-28568.9,67514.6,3392.8,-106.74,0.927
R15058,shrub,-24432.5,67904.7,4078.1,-251.3,0.769
R15059,shrub,-18787.1,68213.2,4294.3,89.18,1.228
R15060,shrub,-7288,68267.2,2895.7,-260.75,1.276
R15061,shrub,1618.9,68185.7,3660,-55.18,0.878
R15062,shrub,12048.7,68467.1,3930.3,-110.3,1.355
R15063,shrub,15643.3,68435.4,4897.6,-9.39,0.789
R15064,shrub,17869.9,67670.2,5000.9,-18.55,1.073
R15065,shrub,24359.9,68122.4,5631.4,26.45,0.843
R15066,shrub,25536.8,67918.2,5871.2,-99.12,1.07
R15067,shrub,30250.8,67955,6594.5,29.31,1.271
R15068,shrub,35103.4,68103.1,4749.1,59.43,1.225
R15069,shrub,36205.7,68088.3,4775.8,-261.84,0.709
R15070,shrub,49232.4,67439.5,3045.6,-80.68,0.84
R15071,shrub,50149.5,68258.7,3320.1,-166.57,1.131
R15072,shrub,63712.6,68396.3,2905.5,-8.02,1.107
R15073,shrub,66894.2,67999.2,3353.2,13.77,1.097
R15074,shrub,71019.7,68454.5,4621.7,5.14,0.882
R15075,shrub,-76781.9,68579.8,10548.8,-137.84,0.785
R15076,shrub,-75466.4,69498.8,10931.5,32.69,1.062
R15077,shrub,-61978.9,68843.1,5616.8,-229.72,1.314
R15078,shrub,-54205.7,68734.8,2877.6,-24.71,1.336
R15079,shrub,-49425.3,69118.7,3872.5,5.05,0.924
R15080,shrub,-43038.3,69519.4,3613,-99,1.003
R15081,shrub,23054.5,68931.8,5488,51.07,1.141
R15082,shrub,26435.1,69430.4,5853.9,37.05,1.152
R15083,shrub,27535.9,68806,6121,75.28,0.702
R15084,shrub,30573,69083,6461.9,-245.84,1.399
R15085,shrub,31762.7,68847.4,5935.7,73.63,1.225
R15086,shrub,68705.7,68540.4,3771.2,14.37,1.325
R15087,shrub,-58100.2,70371.6,3285.4,38.13,0.935
R15088,shrub,-48185.2,70216.3,4221.6,-6.95,0.748
R15089,shrub,-43990.4,70558.9,4217.2,-72.56,0.926
R15090,shrub,12121.9,70496.1,4525.2,-19.53,0.748
R15091,shrub,14844.5,69604.1,4548.5,-221.5,1.38
R15092,shrub,31393.5,70587,5535.3,-153.27,1.124
R15093,shrub,35036.4,70265.7,4618.5,71.49,1.105
R15094,shrub,72322.6,70236.5,5412.3,-63.13,1.075
R15095,shrub,-47152.9,70896.9,4482.8,-252.18,1.139
R15096,shrub,-17606.2,71448.5,4943.4,-28.75,1.148
R15097,shrub,-3518.4,71646.8,5028.2,78.81,1.32
R15098,shrub,27640.3,71599,5604.7,-233.51,0.919
R15099,shrub,33998.6,71641.8,4320.9,-51.74,1.365
R15100,shrub,40976.8,71160.3,4438.7,-124.87,0.897
R15101,shrub,44796.2,71670.8,4773,-164.72,1.206
R15102,shrub,45832.6,70761.7,4337.4,70.58,0.828
R15103,shrub,48673.3,71495.2,3673.2,-53.21,1.312
R15104,shrub,68734.2,71172.4,4134.7,-143.3,1.087
R15105,shrub,-44244.7,72564.6,5437,-14.02,1.267
R15106,shrub,-17504.4,72230.2,5159.7,74.55,0.997
R15107,shrub,-5650.3,71925.3,4462.9,39.9,0.925
R15108,shrub,22331.2,72628.5,6938.7,-127.32,1.108
R15109,shrub,27195.2,72585.2,5755.7,18.16,1.317
R15110,shrub,38683.3,71996,4555.7,-98.18,1.086
R15111,shrub,48200.8,72066,3840.9,-20.23,1.191
R15112,shrub,62789.2,72797.2,5527.4,70.58,0.75
R15113,shrub,74787.8,72500.4,6681.5,-58.52,1.393
R15114,shrub,78898.1,72620.1,5855,-140.1,1.328
R15115,shrub,-74977.5,73144.6,9366.9,45.1,1.083
R15116,shrub,-67607.9,73047.2,6461.6,-253.48,1.128
R15117,shrub,-39262.8,73713.1,5477,-129.46,1.353
R15118,shrub,-33794.8,73157.2,3914.4,-155.03,1.275
R15119,shrub,-30610.4,73614.6,4623.9,-106.99,1.377
R15120,shrub,25748.8,72922.7,6715,-82.76,1.059
R15121,shrub,44905,73376.2,5233.4,78.49,0.987
R15122,shrub,56272.2,73974.2,4311.5,33.04,1.304
R15123,shrub,62267,73663.7,5613.5,11.28,1.156
R15124,shrub,-76393.8,74322.2,9257.4,-213.83,1.306
R15125,shrub,-72846.3,74120.6,8603.7,-72.17,0.726
R15126,shrub,-37439.9,74523.3,4551.4,-196.29,1.397
R15127,shrub,-22638.7,74328.1,5244.5,-114.32,1.333
R15128,shrub,-5415.6,74141.4,4790.1,-145.59,0.961
R15129,shrub,-29.7,74206.7,5285.6,-104.98,0.774
R15130,shrub,17657.8,74587.2,5357.2,-205.42,1.359
R15131,shrub,29248.7,74850.1,6672.9,-176.32,0.992
R15132,shrub,44974.3,74199.8,4935.1,-174.93,1.299
R15133,shrub,60148.2,74280,5125.3,-118.87,1.173
R15134,shrub,75411.9,74343.7,5688,26.35,1.24
R15135,shrub,-79246.3,75348.7,12107.3,-40.73,1.331
R15136,shrub,-41148.2,75921.2,5868.7,-11.36,0.937
R15137,shrub,-5373.4,75554.4,4610.5,-154.53,0.846
R15138,shrub,19153,75842.1,5954.1,-17.62,1.365
R15139,shrub,35678.5,75366.6,4928.7,-57.62,0.779
R15140,shrub,77865.2,75673,5869.6,-47.4,0.887
R15141,shrub,-54791.9,76282,4849,-229.22,0.84
R15142,shrub,-38632.9,76861.3,5336.8,-23.07,0.921
R15143,shrub,-29453.3,76306.7,5032.1,58.7,0.892
R15144,shrub,-28533.1,76523.2,5072.9,-209.01,0.946
R15145,shrub,-26011.5,76331.7,5736.7,47.34,0.718
R15146,shrub,-23455.6,76728.9,5390.2,-156.95,1.024
R15147,shrub,8182.8,77262.4,5275,-27.59,1.183
R15148,shrub,25039.2,76492,6982.7,86.66,0.797
R15149,shrub,30485.3,76984.9,6385.6,-68.37,1.245
R15150,shrub,39440.8,77297.5,4969.2,-146.39,0.859
R15151,shrub,71590.2,76869.3,5074,27.22,1.217
R15152,shrub,72407.9,77029.4,5270.3,58.78,1.197
R15153,shrub,-70098.8,77830.5,7837.9,-118.88,1.343
R15154,shrub,-45041,77504.8,5564.6,-85.22,0.918
R15155,shrub,-40845.2,77908.5,5473.2,-159.73,0.798
R15156,shrub,-22885.1,77344.5,5382.8,59.71,0.997
R15157,shrub,-22289.1,78326.8,5612.5,-120.59,1.28
R15158,shrub,-20743.7,78160.7,5790.5,-129.99,0.898
R15159,shrub,-12963.5,77979.4,5908.2,39.9,1.326
R15160,shrub,7138.2,77311.6,5415.7,-182.77,1.008
R15161,shrub,54260.2,78354.1,4875.4,-252.77,0.704
R15162,shrub,-37703.6,78567.3,5338.5,-105.94,0.712
R15163,shrub,-35359.1,78626.1,4925.4,-207.67,0.959
R15164,shrub,-25108.7,78881.9,6057.5,-193.46,0.754
R15165,shrub,-8735.7,79123.8,5049.2,-196.45,1.381
R15166,shrub,1004.1,79194.1,6006.3,-196.11,0.981
R15167,shrub,7872,79272.4,5864.8,-122.3,1.102
R15168,shrub,16432.6,78691.8,5864,49.34,1.395
R15169,shrub,23305.4,78745.4,5978.6,55.46,1.278
R15170,shrub,30461.4,78488.2,6678.1,-111.43,1.254
R15171,shrub,42095.1,78507.1,5257,-67.89,0.98
R15172,shrub,47336.1,79049.2,5057.4,63.81,1.279
R15173,shrub,48857.4,78678.8,4881.5,-106.57,1.262
R15174,shrub,52079.4,79150.7,4698.3,-119.61,1.263
R15175,shrub,-57776,79505.9,4765.4,-263.67,0.913
R15176,shrub,56815.7,79542.8,5253.7,-106.46,1.216
R15177,elm,41066.5,-16919.1,1942.6,-78.47,0.977
R15178,shrub,40032.6,-16549.9,2003.6,-89.62,1.078
R15179,shrub,39743.6,-16966.2,2026.4,-130.31,1.189
R15180,elm,38855.3,-16169.7,2105,-139.58,1.196
R15181,shrub,40874.6,-16229.8,1933.7,51.56,1.115
R15182,elm,38113.2,-17616.1,2037.9,-187.29,0.982
R15183,elm,39717.2,-18306,1998.7,-96.96,0.869
R15184,elm,-7026.8,36817.6,1881.4,-154.57,1.171
R15185,shrub,-5753.7,37845.8,1916.2,-170.51,1.011
R15186,shrub,-7322,37068.6,1898.1,-220.39,1.164
R15187,elm,-8996.8,36738.4,1872.4,22.53,1.127
R15188,elm,-7378.4,36487.1,1857.2,-2.56,1.011
R15189,elm,-7720.7,36599.5,1869.3,-17.6,0.936
R15190,shrub,-6441,36731.7,1877.2,-238.77,0.95
R15191,elm,-7672.1,36038,1836,59.78,1.1
R15192,elm,-8155,36289.3,1861.5,-210.43,0.896
R15193,elm,-7728,37298.6,1892,-69.02,0.91
R15194,elm,41737.4,-68282,10722.2,-128.38,0.996
R15195,elm,40846.3,-68354.8,10517.9,3.19,1.114
R15196,shrub,41225.2,-66730.1,9417.1,-248.67,1.091
R15197,elm,41078.3,-66891.4,9503.8,-241.37,0.946
R15198,elm,41654.4,-67537.8,10339.9,-100.88,0.908
R15199,shrub,40720.6,-67681.1,10227.8,-260.31,1.074
R15200,poplar,49697.8,33335.5,1928.5,-149.84,0.957
R15201,shrub,49128.2,35805.2,1890.5,-193.93,0.94
R15202,poplar,48215.6,33905.3,1829.4,-5.45,1.092
R15203,poplar,46838.9,34265.8,1868.4,-108.48,1.098
R15204,poplar,48802.6,32708.9,1867.8,-191.39,1.14
R15205,poplar,46384.2,35001.3,1930.8,82.52,0.957
R15206,poplar,48647.8,34261.2,1831.6,-96.01,0.938
R15207,shrub,47039.7,33453.9,1785.9,-150.84,0.892
R15208,poplar,49456.9,34437.7,1931.3,-212.27,0.877
R15209,elm,-20723.7,7477.9,1761.5,42.01,0.965
R15210,elm,-21224.5,7588.4,1763.9,-51.59,0.982
R15211,elm,-20994.1,8804,1748.1,-53.23,1.011
R15212,elm,-21109.8,6605.3,1866.4,-260.22,1.045
R15213,elm,-23260,8725.5,1894,3.37,0.93
R15214,elm,-20463.1,8097.9,1740.6,-129.84,0.921
R15215,jujube,27833.9,-34482.3,2258.7,22.96,1.18
R15216,jujube,26949.8,-31530.8,1931.2,-137.74,0.939
R15217,shrub,27355.2,-33303.3,2029.8,-244.47,0.865
R15218,shrub,27590.1,-32502.8,1980.5,-208.43,0.851
R15219,jujube,27169.7,-32404.6,1970.3,-204.37,1.199
R15220,jujube,28618.1,-32884,2092.2,78.09,1.147
R15221,jujube,27736.6,-33088.4,2030.7,-6.64,0.878
R15222,jujube,26609.7,-32644,1998.9,-248.13,0.855
R15223,jujube,28039.3,-32037.9,2018.1,-100.5,1.126
R15224,jujube,29107.6,-31435.2,2119.9,79.29,0.933
R15225,shrub,1839.5,23316.1,1709.2,-172.96,0.998
R15226,mulberry,51269.6,19176.7,1918.5,-125.02,0.961
R15227,mulberry,52341.3,20182.9,1967.3,-174.95,0.993
R15228,mulberry,53691.9,18819.9,1804.3,-131.48,0.865
R15229,mulberry,50241.6,19368.5,1940.6,-158.33,1.04
R15230,shrub,51265.1,21188.1,2001.5,-16.42,0.885
R15231,mulberry,50037.2,19162.1,1928,28.81,1.054
R15232,mulberry,51084,18540.3,1860.5,-12.47,0.872
R15233,mulberry,52467.6,19560.5,1916,80.82,1.173
R15234,shrub,52948.5,17782.2,1741.6,73.79,1.139
R15235,mulberry,51630.2,18365.7,1850.9,-245.22,1.177
R15236,mulberry,50675.8,18895.2,1897.5,-142.04,1.141
R15237,shrub,51560.8,18938.1,1896.8,-77.95,1.145
R15238,mulberry,51507.3,19175.7,1911.2,-38.92,1.144
R15239,shrub,-12510.7,-31962.6,1437,16.25,1.114
R15240,elm,-10062.4,-32514.9,1673.2,-1.06,0.984
R15241,elm,-10686.8,-33234.5,1588.3,-70.19,1.056
R15242,elm,-9481.3,-31972.3,1679,-35.09,1.029
R15243,elm,-9109.1,-33919.5,1704.5,-235.15,0.933
R15244,elm,-9359.7,-33797.4,1674.1,41.23,0.888
R15245,elm,-12092.5,-31479.8,1454,-131.96,1.077
R15246,shrub,-10643.7,-32617.8,1595.6,-121.4,1.18
R15247,shrub,-10602.7,-32806.5,1588.8,55.26,0.929
R15248,elm,-11445.3,-32369.3,1465.6,-175.43,0.965
R15249,elm,-11133.7,-34023.2,1536.6,-173.64,1.091
R15250,elm,-10434.8,-33293.7,1632.7,58.27,0.898
R15251,mulberry,-30886.2,17834.6,1571.3,-110.64,0.954
R15252,mulberry,-32748.5,18798.3,1594.9,-0.19,1.144
R15253,mulberry,-34270.7,19174,1572,-39.19,1.063
R15254,mulberry,-34507.3,18741,1586.6,-230.37,0.863
R15255,shrub,-33252.9,20404.2,1599.6,-103.59,1.102
R15256,poplar,-21980.2,2533.7,2072.3,1.27,0.851
R15257,poplar,-21172.6,3330.7,2049.8,-46.51,1.122
R15258,poplar,-23491.1,1508.9,2004.8,-137.55,1.129
R15259,poplar,-23148.7,1560.3,2016.7,-213.85,0.896
R15260,poplar,-21160,3088.1,2049.6,-98.77,1.021
R15261,poplar,-20907.4,535.5,2174.4,8.94,1.105
R15262,poplar,-21142.8,2219.4,2040.5,-255.55,1.197
R15263,poplar,-26454.9,-4065.5,2151.4,-118.01,1.182
R15264,poplar,-26409.7,-3791.2,2154.2,-33.2,0.871
R15265,poplar,-26127.8,-4138.2,2190.6,78.13,0.922
R15266,poplar,-25918.3,-1322.7,2120.2,22.44,1.096
R15267,poplar,-26445.7,-3029,2193.8,-258.23,1.029
R15268,shrub,-26544.8,-1686.8,2071.8,-79.65,1.056
R15269,poplar,-26260.3,-1963.1,2117.4,-260.65,0.853
R15270,poplar,-26424,-2575.2,2140.8,7.75,1.03
R15271,poplar,-26184.6,-1204.7,2090.3,-175.4,1.077
R15272,shrub,-26339.7,-1649.9,2087.9,-173.47,1.019
R15273,poplar,-28131.6,-2104.3,2136,29.95,0.941
R15274,poplar,-25485.8,-2089.4,2174.8,-141.3,1.105
R15275,poplar,-25109.6,-2919.9,2214,-75.27,0.926
R15276,poplar,-25181.7,-4279.9,2192.9,-135.96,1.061
R15277,shrub,-25753.5,-2265.5,2183.1,-81.65,1
R15278,poplar,-25470.4,-3710.9,2224.1,-225.03,1.032
R15279,mulberry,39738.2,-42001.7,6610.9,-250.08,0.975
R15280,mulberry,39791.8,-44612.9,6972.4,-23.08,1.176
R15281,mulberry,39161.2,-42549.3,6367.5,-120.68,0.956
R15282,mulberry,40219.2,-42750.1,6426.2,-64.52,1.186
R15283,mulberry,38823.9,-42197.1,6026.5,-118.25,1.066
R15284,shrub,40399.5,-44609.7,7034.9,-215.33,1.17
R15285,mulberry,40342.4,-42297.6,6377.9,-96.06,1.179
R15286,mulberry,40784.7,-42132.1,6023,-159.16,1.085
R15287,shrub,40066.8,-43286.5,6571.4,-120.04,1.039
R15288,poplar,-17419.9,-12686.3,1664.6,57.65,1.031
R15289,poplar,-18005.9,-13956.1,1725.1,-254.06,0.996
R15290,poplar,-18329.2,-13682.4,1723.8,11.4,1.184
R15291,poplar,-18429.8,-13324.5,1745.1,-239.96,1.148
R15292,poplar,-19856,-12781,1751.9,-137.32,1.086
R15293,poplar,-18099.1,-12651,1674.5,-168.83,0.867
R15294,poplar,-20700.7,-12977.1,1834.9,-90.76,0.992
R15295,shrub,-18108.8,-13225.5,1731.3,-82.51,0.947
R15296,shrub,-20402,-12792.5,1772.6,-165.44,1.082
R15297,poplar,-18466.4,-14741.3,1708.2,-194.48,1.088
R15298,poplar,-19407.6,-12410.8,1690.6,-178.43,1.06
R15299,poplar,-17903.8,-14228.5,1737.1,8.53,1.06
R15300,poplar,-18919.9,-12990.6,1738.1,55.76,0.963
R15301,elm,-60342.8,64221.1,4123.7,82.28,1.064
R15302,elm,-63306.1,63708.9,6508.8,-262.45,1.042
R15303,shrub,-61443.7,63790.9,5056.9,-35.33,1.072
R15304,elm,-61131,63003.9,4879.5,54.35,1.142
R15305,shrub,-61796.3,64327.1,5410.4,-174.45,1.199
R15306,shrub,-38268.6,-51552.4,2652.2,-167.94,1.161
R15307,elm,-38635.6,-49797.9,2524,-259.89,1.195
R15308,shrub,-39656.4,-51720.8,3534.3,-191.39,1.139
R15309,elm,-39095.8,-50880,2919.8,-118.84,0.988
R15310,elm,-38596.7,-51172.3,2678.6,-189.51,1.02
R15311,shrub,-38436.7,-52308.3,2926.4,-115.84,0.935
R15312,elm,-38192.6,-53096.4,3166.5,69.42,0.932
R15313,elm,-39302.9,-50834,2965.1,-1.29,0.999
R15314,shrub,-38226.5,-51504.1,2622.1,-62.29,0.995
R15315,elm,-39225.2,-51803.1,3301.8,16.35,1.069
R15316,elm,-38978.2,-49188.7,2411.2,-99.21,1.19
R15317,elm,39880.5,-18364.5,2014.2,-60.04,1.196
R15318,elm,40672.7,-18896.2,1943.5,-7.05,0.996
R15319,elm,41525.9,-19372,1905.3,-60.43,0.897
R15320,shrub,39764.5,-17585.8,1997.2,19.72,1.032
R15321,elm,40102.6,-16453.8,1994.4,87.9,1.041
R15322,shrub,38824.6,-16695.6,2136.4,74.22,0.881
R15323,elm,41430.1,-16676.9,1893.1,-86.23,1.057
R15324,elm,39510.4,-18273.7,1980.8,-154.1,1.052
R15325,shrub,39837.5,-16788,2023.9,-43.92,0.974
R15326,elm,40374.7,-17741.8,1988.1,13.71,0.958
R15327,elm,39694,-17381.5,2007.5,-104.91,1.132
R15328,elm,40748.2,-17379.3,1972.1,86.9,1.152
R15329,elm,27941.6,22356.4,1715.3,-246.26,0.951
R15330,elm,28208.3,23380.5,1688.8,29.77,0.968
R15331,shrub,27249.6,23936.8,1652.1,55.66,0.851
R15332,elm,26282.5,24212.7,1596.7,30.01,1.142
R15333,elm,27736.7,23062.3,1681.8,-5.27,1.021
R15334,elm,28724.7,24821.8,1695.5,43.67,1.039
R15335,elm,27638.7,24534.5,1662.6,-139.27,0.932
R15336,elm,27753.7,24342.1,1674.8,-43.9,0.951
R15337,elm,26651.1,23546.1,1622.4,74.79,1.126
R15338,elm,27521.2,24091.2,1659.7,-138.83,1.088
R15339,elm,27985.2,24077.8,1688.8,-209.64,1.139
R15340,elm,54356.6,61559.5,1985.3,24.55,0.864
R15341,shrub,54600.6,61182.2,1915.9,-7.97,1.09
R15342,elm,54316.9,61966.6,2109.1,60.29,0.998
R15343,elm,54291,60300.3,1762.5,-96.32,0.98
R15344,shrub,54416,61320.4,1936.1,-32.41,0.935
R15345,elm,54813.5,61978.6,2133,-230.78,0.867
R15346,elm,54520.5,62495.3,2360.1,-196.11,1.156
R15347,poplar,-21711.6,-8541.9,1712,-4.46,1.189
R15348,poplar,-21515.7,-7118.4,1824.1,-169.49,1.185
R15349,poplar,-19342.1,-7565.3,1862.5,-145.47,0.914
R15350,poplar,-19250.5,-6218.4,1889.7,-88.31,0.89
R15351,poplar,-18478.7,-7699.1,1918.3,-124.51,0.85
R15352,poplar,-19094.4,-7802.1,1871.3,-177.04,1.025
R15353,poplar,-21370.2,-7825.7,1812.9,-142.85,1.017
R15354,shrub,-19642.8,-7236.1,1862.2,-105.38,0.91
R15355,poplar,-19872.3,-8188,1812.8,45.56,0.994
R15356,mulberry,54488.3,-42859.5,5676.7,-168.82,1.197
R15357,mulberry,54993.6,-42076.9,4826,-5.17,1.182
R15358,mulberry,53423.5,-41537,4959.4,-15.74,1.1
R15359,mulberry,54178.4,-43203.8,5612.7,43.53,0.934
R15360,mulberry,54731.2,-41626.8,4894.1,-123.65,1.066
R15361,shrub,54535,-40051,4359.9,-10.35,0.933
R15362,shrub,53647.1,-41970.1,5353.8,9.25,0.906
R15363,mulberry,56247.1,-40884.5,3510.3,-66.09,1.184
R15364,mulberry,55380.6,-43600.1,4908.6,-43.08,0.87
R15365,jujube,-25860.4,-40668.8,1913.8,-183.21,1.156
R15366,shrub,-24551,-39780.6,1888.1,-162.98,1.191
R15367,jujube,-24753.3,-37423.6,1787.7,-183.8,1.145
R15368,jujube,-23619.7,-39586.6,1911.7,46.62,0.979
R15369,jujube,-23794.1,-39411.6,1904.9,-64.91,1.195
R15370,jujube,-24137.6,-40062.9,1876.2,-237.64,1.154
R15371,jujube,-24387,-39364.3,1885,37.93,1.072
R15372,jujube,-23668,-39989.8,1876.8,13.91,1.121
R15373,jujube,-22948.2,-38953.8,1850.7,-144.75,1.124
R15374,jujube,-23414.5,-39925.6,1891.9,36.42,0.911
R15375,jujube,-26257.2,-39700.1,1882.2,-159.57,1.04
R15376,jujube,-23489.9,-39732.1,1905.7,-187.98,0.86
R15377,jujube,-24172.1,-40437.5,1917.9,64.51,1.068
R15378,shrub,-24638.8,-39343.5,1864.7,6.71,1.088
R15379,poplar,-1069.6,-14633.4,1676.9,-222.32,0.924
R15380,poplar,307.4,-14832.3,1735.6,-102.02,1.012
R15381,poplar,880.6,-14595.8,1661.6,-21.45,1.057
R15382,poplar,1448.2,-16441.4,2050.8,-250.25,0.919
R15383,poplar,-1027.6,-14998,1740.8,-132.31,1.083
R15384,elm,44849.8,55450.1,1772.8,-79.28,0.898
R15385,elm,44899.8,55679,1763.4,-205.64,1.093
R15386,elm,44693.2,56453.8,1755.6,-68.15,0.931
R15387,elm,43839.9,54999.9,1713.3,43.15,1.104
R15388,shrub,46092.2,54628.9,1728,-102.04,1.084
R15389,elm,45413.5,55296.9,1782.4,-214.52,1.058
R15390,elm,44818.1,54724.1,1745.5,67.25,0.902
R15391,elm,44033.4,54039,1758.4,87.94,1.047
R15392,shrub,42378.1,55722.3,1747.6,-97.72,1.085
R15393,elm,44202.7,55227.1,1763.1,-195.3,0.896
R15394,elm,43617,54705,1714.2,-174.51,0.901
R15395,willow,-77081.7,-14716.2,11159.2,-60.07,0.949
R15396,poplar,-74058.8,-15160.9,10883.5,49.84,0.95
R15397,willow,-71777.1,-19580.8,10337.5,-194.65,0.988
R15398,willow,-70166.5,-19939.9,10025.7,-202.52,1.143
R15399,willow,-67005.7,-20499,7378.3,-146.21,1.042
R15400,willow,-58127.1,-20524.5,3529,-142.16,0.985
R15401,willow,-55969.2,-16684.6,3001.7,-99.35,0.932
R15402,willow,-53333.2,-16154.3,2212.2,-126.79,1.168
R15403,willow,-51124.1,-19230.2,2270.2,69.21,1.134
R15404,willow,-49382,-14964.2,2226.9,-153.51,0.889
R15405,poplar,-46888.1,-13797.3,1957.5,-163.12,0.926
R15406,poplar,-42946.5,-16524.7,1886.3,-99.38,1.012
R15407,willow,-41458.7,-16248.7,1894.3,-215.72,1.194
R15408,poplar,-41940.4,-11737.9,1810.1,-150.16,1.049
R15409,willow,-39284,-10614.9,1778.4,0.73,1.01
R15410,willow,-36503.5,-13215.7,1683.4,-23.22,1.157
R15411,willow,-35109.5,-12970.6,1718.9,-155.55,1.097
R15412,poplar,-35124.6,-9216.2,1706.4,62.99,0.949
R15413,willow,-26803.9,-11526,1780.3,70.2,1.149
R15414,willow,-24285.5,-11387.1,1726.1,-144.6,0.905
R15415,willow,-22992.8,-11554.9,1712.6,-224.15,1.141
R15416,poplar,-21721.6,-12004.1,1730.5,23.71,0.884
R15417,poplar,-19531.1,-8818.5,1755.3,-183.87,1.066
R15418,willow,-19079.8,-13109.7,1750.3,-231.33,0.892
R15419,willow,-12706.1,-9990,1801.7,-214.59,0.969
R15420,poplar,-7706.9,-14079.4,1704.3,-214.73,0.87
R15421,willow,-4524.6,-11140.8,1736.5,-250.44,0.906
R15422,poplar,-1944.8,-14797.2,1709.2,-209.94,0.913
R15423,willow,8227.3,-14397,1552.9,-125.56,1.183
R15424,willow,10181,-10602,1531,-125.67,1.054
R15425,willow,11274.2,-9686.1,1650.9,-184.74,0.942
R15426,willow,12524.4,-9354.8,1664.9,52.61,1.069
R15427,willow,13944.8,-9482.4,1558,-197.77,1.188
R15428,willow,15072.5,-8657,1596.9,-99.47,1.032
R15429,willow,22950.7,-9443.2,1517.9,-11.91,1.019
R15430,willow,24414.5,-9080.2,1553.3,-248.16,0.858
R15431,willow,24488.7,-5188.1,1584,-60.92,1.04
R15432,willow,28327.7,-7788,1667.6,-10.88,0.855
R15433,poplar,28143.6,-3601.6,1636.6,-20.93,1.067
R15434,willow,30757.8,-2656.5,1618.8,-27.21,1.106
R15435,poplar,33430.1,-5435.1,1546.1,24.99,0.92
R15436,willow,38826.7,-3188.2,1558.3,-99.86,1.164
R15437,poplar,43719.7,2945.1,1448.7,-79.6,0.924
R15438,willow,46582.2,660.2,1487.8,-16.73,1.137
R15439,willow,52842.6,4597.4,1268.2,-94.68,1.057
R15440,willow,52244.2,9571.5,1387.8,-214.77,1.016
R15441,willow,55717.2,7894.6,1326.8,-61.14,1.11
R15442,willow,54383.5,11358.5,1385.4,-250.2,0.941
R15443,willow,57970.9,9591.6,1410,-30.79,0.892
R15444,willow,59086.4,10405.4,1446.8,49.06,0.876
R15445,poplar,63059,13809.8,1298,-37.31,1.074
R15446,willow,64083,14519.2,1358.3,20.61,0.915
R15447,willow,-18653.1,15781,1684.9,-2.27,0.86
R15448,willow,23057.9,10730.7,1595.6,63,0.962
R15449,willow,40668.6,6943.7,1759.8,-218.21,1.017
R15450,poplar,46108.7,-12088.9,1496.9,-118.98,0.858
R15451,elm,43864.8,-18387,1764.2,-236.04,0.886
R15452,elm,42197.4,-21722.3,2187.7,-61.1,1.028
R15453,poplar,40781.1,-24287.1,2755.8,-14.94,1.055
R15454,elm,6600,-6768,1889.3,-200.04,0.898
R15455,poplar,5425,-10040.7,1706.7,-78.86,0.962
R15456,willow,4441.1,-22310.4,1716,60.83,0.958
R15457,poplar,3776.4,-25154.7,1849.7,-166.76,0.876
R15458,poplar,3065.8,-28504.4,1758.3,-43.09,1.047
R15459,poplar,3346.1,-35543.5,1816.5,-99.07,0.865
R15460,poplar,3089.9,-38571.2,1926,68.66,0.969
R15461,poplar,2442.5,-48775.2,2262.6,-175.73,0.9
R15462,willow,605.4,-66599.4,9548,-226.63,1.07
R15463,willow,11034.3,49486.1,2061.5,18.29,0.964
R15464,elm,10147,56253,2168.2,6.28,0.915
R15465,willow,10284,59702.3,2100.8,51.71,1.068
R15466,willow,11076.4,74144.5,4540.7,-261.2,1.032
R15467,willow,-46673.3,36847.3,1705.6,-185.13,1.086
R15468,poplar,-56006.1,41445,3855.6,33.54,0.986
R15469,poplar,-69834.7,44170.3,9396.6,-60.01,1.055
R15470,poplar,-11657.2,54636.5,1929.9,11.31,1.034
R15471,elm,-30995,254.1,2019.7,-81.58,0.855
R15472,willow,-38321.7,-6964.4,2044.9,82.5,0.881
R15473,poplar,-51087.2,-30056.4,2492.8,-142.35,0.904